repo,commit_sha,committed_at,commit_message,commit_type,language,lines_added,lines_deleted,files_changed,test_files_changed,doc_files_changed,has_tests,cyclomatic_complexity,total_diff_hunks,commit_hour,day_of_week,is_weekend,is_night_commit,num_reviewers,review_comments,time_to_review_hours,test_coverage_pct,developer_experience,prior_bugs_author,churn_ratio,scatter_score,complexity_per_file,is_buggy
django/django,7dc826b975,2025-09-24T18:02:06Z,Fixed #33113 -- Documented usage and caveats of HTML5 date input in DateInput widget.,bugfix,Unknown,23,0,1,0,1,0,8,23,18,2,0,0,2,3,2.5,0.0,1.1,0,23.0,0.0417,4.0,1
django/django,cec10f992b,2025-10-31T08:00:41Z,"Fixed #20024 -- Fixed handling of __in lookups with None in exclude().  Thanks Simon Charette and Tim Graham for reviews, and Jason Hall for a prior iteration.",bugfix,Python,29,14,3,2,0,1,14,43,8,4,0,0,0,6,25.4,66.7,5.9,1,1.93,0.1,3.5,1
django/django,3fb37ef411,2025-11-12T14:06:58Z,Refs #20024 -- Tested __in lookups with None against composite pk fields.,test,Python,16,0,1,1,0,1,5,16,14,2,0,0,0,0,7.7,100.0,6.5,2,16.0,0.0588,2.5,0
django/django,edd8997868,2025-11-22T06:35:35Z,Fixed #29762 -- Doc'd how database routers fetch related objects.  Thanks James Bligh for the review.  Co-authored-by: Jacob Walls <jacobtylerwalls@gmail.com>,bugfix,Unknown,6,0,1,0,1,0,2,6,6,5,1,0,2,4,13.7,0.0,8.2,2,6.0,0.1429,1.0,1
django/django,1a8fd5cf75,2025-11-22T18:32:34Z,Fixed #36727 -- Deprecated Field.get_placeholder in favor of get_placeholder_sql.  The lack of ability of the get_placeholder call chain to return SQL and parameters separated so they can be mogrified,bugfix,Python,181,77,17,2,2,1,86,258,18,5,1,0,2,4,0.6,11.8,4.5,3,2.32,0.0934,4.78,1
django/django,3157285e27,2025-11-26T08:36:20Z,Fixed #27150 -- Made base File objects truthy by default.,bugfix,Python,18,5,5,1,1,1,7,23,8,2,0,0,0,0,0.7,20.0,1.0,4,3.0,0.2632,1.17,1
django/django,37284896f0,2026-01-06T23:32:34Z,Refs #470 -- Fixed further field_defaults test failures due to year-end boundary conditions.  Follow-up to 352d860b9107adbcde0f1fe5d0fce8e9090a51e4.  Overriding USE_TZ=True during a test creates drift,bugfix,Python,4,7,1,1,0,1,3,11,23,1,0,1,1,3,30.4,100.0,9.5,5,0.5,0.2,1.5,1
django/django,0ed8d4e7d1,2026-01-12T13:51:32Z,Fixed #36859 -- Made assertContains and assertNotContains idempotent for streaming responses.,bugfix,Python,19,2,3,2,1,1,7,21,13,0,0,0,2,5,12.1,66.7,2.6,6,6.33,0.15,1.75,1
django/django,09f27cc373,2026-01-13T14:51:50Z,"Refs #35440 -- Optimized parse_header_parameters() for the simplest case.  Added a fast-path to parse_header_parameters Benchmark results (50,000 iterations): - Simple headers: ~73% improvement  Thank",feature,Python,4,0,1,0,0,0,1,4,14,1,0,0,1,0,10.8,0.0,3.6,7,4.0,0.2,0.5,0
django/django,caf90a971f,2026-01-22T22:01:46Z,Fixed CVE-2026-3902 -- Ignored headers with underscores in ASGIRequest.  Thanks Tarek Nakkouch for the report and Jake Howard and Natalia Bidart for reviews.,bugfix,Python,78,1,6,2,3,1,27,79,22,3,0,1,0,7,10.0,33.3,5.2,7,39.0,0.0759,3.86,1
django/django,f05fac88c4,2026-02-01T21:53:54Z,Fixed #36795 -- Enforced quoting of all database object names.  This ensures all database identifiers are quoted independently of their orign and most importantly that user provided aliases through an,bugfix,Python,44,50,8,3,1,1,30,94,21,6,1,0,2,6,32.9,37.5,7.3,8,0.86,0.1778,3.33,1
django/django,5146449a38,2026-02-01T22:02:49Z,Refs #36795 -- Removed unnecessary prohibits_dollar_signs_in_column_aliases feature flag.  Now that user provided aliases are systematically quoted there is no need to disallow the usage of the dollar,feature,Python,3,19,4,1,1,1,6,22,22,6,1,1,1,7,3.5,25.0,5.0,9,0.15,1.0,1.2,0
django/django,8401071c52,2026-02-08T20:46:54Z,Fixed #36904 -- Clarified how to hide form field labels in docs.,bugfix,Unknown,3,2,1,0,1,0,1,5,20,6,1,0,2,6,5.4,0.0,4.7,9,1.0,0.25,0.5,1
django/django,f2169ef368,2026-02-10T01:57:37Z,Refs #36883 -- Split monolithic aggregation/lookup/queries tests.,test,Python,80,33,4,4,0,1,37,113,1,1,0,1,0,2,12.6,100.0,1.1,10,2.35,0.0494,7.4,0
django/django,2333d56696,2026-02-12T14:33:25Z,"Fixed #36894 -- Added TypeError for conflicting arguments in mail APIs.  A TypeError is now raised if fail_silently=True, auth_user, or auth_password are provided along a connection.  Updated AdminEma",bugfix,Python,177,9,7,1,2,1,64,186,14,3,0,0,2,6,27.3,14.3,7.6,10,17.7,0.0393,8.0,1
django/django,e779bc7d78,2026-02-13T22:52:07Z,Fixed #36927 -- Optimized Field.deconstruct().,bugfix,Python,64,59,1,0,0,0,40,123,22,4,0,1,2,6,0.2,0.0,8.4,11,1.07,0.0154,20.0,1
django/django,ba4751e0ca,2026-02-23T03:16:34Z,Fixed #36939 -- Avoided weakref.finalize in Signal.connect().  Replaced weak receiver registration in Signal.connect() to pass _flag_dead_receivers directly as the callback for weakref.ref() and weakr,bugfix,Python,1,4,1,0,0,0,1,5,3,0,0,1,1,7,4.2,0.0,3.6,12,0.2,0.5,0.5,1
django/django,2d7f899deb,2026-02-28T05:36:04Z,Fixed #36958 -- Reloaded logging config when logging settings are changed in tests.  Thanks JaeHyuck Sa and Jake Howard for the reviews.,bugfix,Python,50,0,2,2,0,1,17,50,5,5,1,1,2,4,0.5,100.0,4.8,13,50.0,0.0392,5.67,1
django/django,7e9885f99c,2026-03-05T17:41:44Z,Fixed CVE-2026-33033 -- Mitigated potential DoS in MultiPartParser.  When a multipart file part used `Content-Transfer-Encoding: base64` and the non-whitespace base64 bytes did not align to a multiple,bugfix,Python,100,6,5,1,3,1,36,106,17,3,0,0,0,6,17.9,20.0,8.6,14,14.29,0.0495,6.0,1
django/django,3abf898879,2026-03-09T13:50:44Z,Combined scripts confirm_release.sh and test_new_version.sh into verify_release.sh.  This reuses the same download for both artifacts and checks both GPG signature and minimal correctness in the same ,feature,Python,100,119,5,1,1,1,70,219,13,0,0,0,0,7,1.2,20.0,2.2,15,0.83,0.0495,11.67,0
django/django,d43bd466e9,2026-03-10T05:46:32Z,Refs #36727 -- Factored out _must_transform_value() in BaseSpatialOperations.,other,Python,6,6,1,0,0,0,3,12,5,1,0,1,1,7,17.3,0.0,10.0,15,0.86,0.1429,1.5,0
django/django,fcf916884d,2026-03-10T15:47:18Z,"Fixed #36973 -- Made fields.E348 check detect further clashes between managers and related_names.  Clashes were only detected for self-referential relationships, i.e. ForeignKey(""self"").  Refs #22977.",bugfix,Python,52,25,3,1,1,1,25,77,15,1,0,0,0,6,10.0,33.3,8.7,15,2.0,0.0566,6.25,1
django/django,21a16f6af0,2026-03-10T17:46:30Z,Refs #36735 -- Adjusted UUID7 assertions for timezone shifts.  Thanks Simon Charette and Jacob Walls for reviews.,other,Python,13,7,1,1,0,1,6,20,17,1,0,0,0,1,8.8,100.0,8.6,16,1.62,0.0714,3.0,0
django/django,e0fd41c24e,2026-03-10T18:21:25Z,Fixed #36885 -- Fixed long verbose names in admin filter sidebar breaking layout.,bugfix,Unknown,4,0,1,0,0,0,1,4,18,1,0,0,2,1,4.4,0.0,1.5,16,4.0,0.2,0.5,1
django/django,d9adcfbd5e,2026-03-11T11:35:26Z,Made it clear that unreviewed tickets shouldn't be claimed or started.,other,Unknown,12,5,3,0,2,0,5,17,11,2,0,0,1,1,13.6,0.0,6.0,17,2.0,0.2308,1.25,0
django/django,d7bf84324f,2026-03-11T13:06:40Z,Fixed #36906 -- Handled coalescing JSON-primitive strings and JSON values on Oracle.,bugfix,Python,20,4,3,2,0,1,8,24,13,2,0,0,1,5,17.1,66.7,8.6,17,4.0,0.1429,2.0,1
django/django,953c238058,2026-03-11T13:26:18Z,Fixed CVE-2026-33034 -- Enforced DATA_UPLOAD_MAX_MEMORY_SIZE on body size in ASGI requests.  The `body` property in `HttpRequest` checks DATA_UPLOAD_MAX_MEMORY_SIZE against the declared `Content-Lengt,bugfix,Python,219,9,5,1,3,1,79,228,13,2,0,0,1,3,6.5,20.0,2.8,18,21.9,0.0227,13.17,1
django/django,ef8b25dcc0,2026-03-12T15:00:05Z,"Fixed CVE-2026-4277 -- Checked add permissions in GenericInlineModelAdmin.  Edit permissions were still checked as part of ordinary form validation, but because GenericInlineModelAdmin overrides get_f",bugfix,Python,152,9,5,1,3,1,55,161,15,3,0,0,0,7,36.9,20.0,7.7,19,15.2,0.0327,9.17,1
django/django,6c95af5c9d,2026-03-13T17:46:49Z,Fixed #36966 -- Fixed ValueError when `query_params` and `follow` are used on test client.,bugfix,Python,8,0,2,2,0,1,2,8,17,4,0,0,2,4,15.1,100.0,7.5,20,8.0,0.2222,0.67,1
django/django,2e33abe57c,2026-03-13T21:06:34Z,Fixed #36987 -- Observed prepared argument in UUIDField.get_db_prep_value().  This avoids two isinstance() calls per UUID value.,bugfix,Python,5,1,2,1,0,1,2,6,21,4,0,0,1,0,2.9,50.0,9.3,21,2.5,0.3333,0.67,1
django/django,23f49c6b40,2026-03-14T15:11:13Z,Fixed #35786 -- Removed outdated note about database defaults in AddField/AlterField docs.,bugfix,Unknown,2,4,1,0,1,0,1,6,15,5,1,0,2,0,2.8,0.0,8.0,22,0.4,0.3333,0.5,1
django/django,6b90f8a8d6,2026-03-14T18:11:27Z,"Refs #12529, #22325 -- Fixed ExecutorTests.test_custom_user isolation.",bugfix,Python,13,6,1,1,0,1,6,19,18,5,1,0,1,1,0.9,100.0,2.0,23,1.86,0.0714,3.0,1
django/django,994fa7780d,2026-03-14T23:04:26Z,Fixed #36960 -- Enabled the use of psycopg 3's optimized timestamp loader.  Based on Daniele Varrazzo's comment in https://github.com/psycopg/psycopg/issues/1273#issuecomment-3986829769,bugfix,Python,11,5,1,0,0,0,5,16,23,5,1,1,2,1,4.3,0.0,8.1,24,1.83,0.0833,2.5,1
django/django,26f8929f16,2026-03-15T11:18:59Z,Fixed #36913 -- Optimized MultipleChoiceField.validate().,bugfix,Python,20,1,3,1,0,1,7,21,11,6,1,0,2,7,5.5,33.3,1.9,25,10.0,0.1429,1.75,1
django/django,ad5ea29274,2026-03-15T16:36:44Z,Fixed typo in docs/internals/contributing/accessibility.txt.,bugfix,Unknown,2,2,1,0,1,0,1,4,16,6,1,0,0,0,1.2,0.0,7.0,26,0.67,0.3333,0.5,1
django/django,60f07e81c5,2026-03-15T23:20:38Z,"Refs #36953 -- Removed unnecessary overrides from mail tests.  Django automatically substitutes the locmem EmailBackend during tests, and SimpleTestCase empties mail.outbox before each test.",refactor,Python,2,14,1,1,0,1,4,16,23,6,1,1,0,7,11.0,100.0,8.0,27,0.13,0.3333,2.0,0
django/django,1786cd881f,2026-03-16T03:31:18Z,"Refs #36795 -- Deprecated SQLCompiler.quote_name_unless_alias().  It has been superseded with .quote_name(), which ensures aliases are always quoted.",other,Python,37,2,4,1,2,1,13,39,3,0,0,1,2,2,10.2,25.0,4.8,27,12.33,0.1053,2.6,0
django/django,455e787b9c,2026-03-16T15:39:32Z,"Skipped check_commit_messages action on forks.  This was causing permission errors on private forks, e.g. the one maintained by the Security Team for staging security patches.  Follow-up to f8665b1a7f",bugfix,Unknown,4,1,1,0,0,0,1,5,15,0,0,0,2,6,13.8,0.0,2.3,27,2.0,0.2,0.5,1
django/django,142659133a,2026-03-16T17:23:25Z,"Removed reference to spatialreference.org being a Django website.  spatialreference.org has been redesigned, possibly in 2023 [1], and no longer uses Django, see repo [2].  [1] https://spatialreferenc",refactor,Unknown,1,2,1,0,1,0,1,3,17,0,0,0,1,7,12.3,0.0,4.2,28,0.33,0.5,0.5,0
django/django,4b2edb3418,2026-03-16T17:28:15Z,Corrected signature for EmailMessage.message() in email topics docs.  Fixed the EmailMessage.message() method signature in the docs to reinforce that the `policy` argument is keyword-only. (The text a,bugfix,Unknown,1,1,1,0,1,0,1,2,17,0,0,0,0,1,3.7,0.0,4.4,28,0.5,0.5,0.5,1
django/django,6afe7ce939,2026-03-16T22:05:22Z,"Fixed CVE-2026-4292 -- Disallowed instance creation via ModelAdmin.list_editable.  Thanks Natalia Bidart, Jake Howard, and Markus Holtermann for reviews.",bugfix,Python,59,1,6,2,3,1,20,60,22,0,0,1,1,4,2.4,33.3,2.0,29,29.5,0.1,2.86,1
django/django,4b2b4bf0ac,2026-03-18T07:40:04Z,"Fixed #36926 -- Made admin use boolean icons for related BooleanFields in list_display.  When using related field lookups like 'parent__is_active' in list_display, the admin now correctly detects if t",bugfix,Python,34,1,3,2,0,1,12,35,7,2,0,0,1,3,1.8,66.7,8.9,30,17.0,0.0857,3.0,1
django/django,6be668b0cc,2026-03-18T15:06:43Z,Fixed #36799 -- Added a how-to guide for testing pre-releases.  Thanks Sarah Boyce for the idea and Tim McCurrach for the review.  Co-authored-by: Timothy McCurrach <tim.mccurrach@gmail.com> Co-author,bugfix,Unknown,74,0,3,0,3,0,25,74,15,2,0,0,1,4,12.9,0.0,3.1,31,74.0,0.04,6.25,1
django/django,36ccdcc511,2026-03-18T20:13:24Z,Refs #36953 -- Split compound mail tests.  Broke apart independent cases in mail tests using subTest() or separate methods.,test,Python,170,162,1,1,0,1,100,332,20,2,0,0,1,1,7.9,100.0,7.9,32,1.04,0.0058,50.0,0
django/django,a8ef1a697b,2026-03-19T18:22:57Z,Refs #36953 -- Split apart catchall MailTests.  Replaced large MailTests class with smaller classes focused on specific django.core.mail APIs:  - EmailMessageTests: covering EmailMessage and EmailMult,feature,Python,398,366,1,1,0,1,100,764,18,3,0,0,2,5,33.4,100.0,3.2,32,1.08,0.0025,50.0,0
django/django,468d47fb90,2026-03-19T19:38:55Z,Refs #36620 -- Fixed coverage comment deletion.  Follow-up to 92d4aea5ffacc38c5f7903b9410d0abec83f14de.,bugfix,Unknown,1,1,1,0,0,0,1,2,19,3,0,0,2,6,14.9,0.0,4.7,32,0.5,0.5,0.5,1
django/django,9b2cc7a950,2026-03-19T19:40:15Z,Refs #36620 -- Reduced permissions on coverage comment workflow.,test,Unknown,0,1,1,0,0,0,1,1,19,3,0,0,2,1,4.2,0.0,8.3,33,0.0,1.0,0.5,0
django/django,3ef48ca6c1,2026-03-19T20:59:34Z,"Refs #36953 -- Moved non-backend-dependent BaseEmailBackendTests.  Relocated BaseEmailBackendTests that are _not_ dependent on the email backend.  - In general, moved test cases to EmailMessageTests o",feature,Python,296,300,1,1,0,1,100,596,20,3,0,0,1,0,5.3,100.0,6.8,33,0.98,0.0034,50.0,0
django/django,d61f33f03b,2026-03-19T21:10:42Z,Fixed #36953 -- Split EmailBackend tests to separate file.  Moved tests for specific email backends from tests/mail/tests.py to test_backends.py to reduce file size and discourage adding non-backend-s,bugfix,Python,757,744,2,2,0,1,100,1501,21,3,0,0,1,0,25.9,100.0,8.9,33,1.02,0.0026,33.33,1
django/django,b38cddf8f9,2026-03-22T15:50:18Z,Fixed #36985 -- Skipped CreateExtension backwards operation on non-PostgreSQL databases.,bugfix,Python,1,1,1,0,0,0,1,2,15,6,1,0,0,5,11.0,0.0,7.8,34,0.5,0.5,0.5,1
django/django,f3bdfd2065,2026-03-24T12:54:28Z,"Fixed #36999 -- Removed mention of Ruby on Rails from tutorial part 2.  This comparison wasn't fleshed out, so it was distracting.",bugfix,Unknown,3,4,1,0,1,0,2,7,12,1,0,0,1,0,9.4,0.0,3.7,35,0.6,0.25,1.0,1
django/django,72e8fdd603,2026-03-24T13:30:10Z,Fixed #36976 -- Made admin action counter a live region for screen readers.,bugfix,Python,11,1,2,1,0,1,4,12,13,1,0,0,0,3,2.0,50.0,8.3,36,5.5,0.1667,1.33,1
django/django,10ea59be19,2026-03-24T20:55:48Z,Refs #36485 -- Ignored removal of double spaces in git blame.,other,Unknown,1,0,1,0,0,0,1,1,20,1,0,0,0,7,22.6,0.0,2.6,37,1.0,0.5,0.5,0
django/django,386257b33e,2026-03-24T21:54:02Z,Refs #36494 -- Prevented crash in JSONField numeric lookups with expressions.,other,Python,31,2,2,1,0,1,11,33,21,1,0,0,2,5,24.7,50.0,2.7,37,10.33,0.0625,3.67,1
django/django,f6167b8bc8,2026-03-25T15:25:07Z,Fixed #36993 -- Clarified N/A usage in pull request template for typo fixes.  Signed-off-by: JaeHyuckSa <jaehyuck.sa.dev@gmail.com>,bugfix,Unknown,1,1,1,0,1,0,1,2,15,2,0,0,0,3,19.6,0.0,3.9,38,0.5,0.5,0.5,1
django/django,8b7ea2bcdd,2026-03-26T08:30:02Z,Refs #36913 -- Maintained error message determinism in MultipleChoiceField.validate().  Used Django's OrderedSet datastructure instead of set() in MultipleChoiceField.validate() to prevent submission ,other,Python,5,4,2,1,0,1,2,9,8,3,0,0,2,0,5.2,50.0,2.0,39,1.0,0.3333,0.67,1
django/django,a1188fc76a,2026-03-27T19:26:03Z,Corrected outdated links to gunicorn documentation.,docs,Unknown,2,2,1,0,1,0,1,4,19,4,0,0,1,1,10.8,0.0,7.8,40,0.67,0.3333,0.5,0
django/django,dff1980d61,2026-03-27T20:13:25Z,"Added stub release notes and release date for 6.0.4, 5.2.13, and 4.2.30.",feature,Unknown,21,2,4,0,4,0,7,23,20,4,0,0,0,7,9.1,0.0,5.7,40,7.0,0.1818,1.4,0
django/django,4593ae93ae,2026-03-28T01:41:10Z,Added automated quality checks for PRs as a GitHub Actions workflow.  This work adds automated PR quality checks as a GitHub Actions workflow to enforce contribution requirements consistently and redu,feature,Python,1745,0,8,3,0,1,100,1745,1,5,1,1,7,23,169.7,37.5,9.5,40,1745.0,0.0046,11.11,0
django/django,dadf5df6a0,2026-03-28T05:13:59Z,"Fixed #37009 -- Fixed alignment of ""Show/Hide counts"" icons in admin changelist.",bugfix,Unknown,3,3,2,0,0,0,1,6,5,5,1,1,0,2,22.2,0.0,2.3,40,0.75,0.5,0.33,1
django/django,4fd9e85b60,2026-03-28T13:24:05Z,Refs #36526 -- Fixed bulk_update() batching example in docs.,bugfix,Unknown,2,1,2,0,1,0,1,3,13,5,1,0,0,7,25.0,0.0,5.4,41,1.0,0.6667,0.33,1
django/django,6c9ef6282e,2026-03-30T13:19:20Z,Refs #36770 -- Guarded against an endless wait in LiveServerThread.terminate().  terminate() shouldn't assume the main server was started. (A deadlock from mishandling of in-memory SQLite databases ma,other,Python,6,5,1,1,0,1,3,11,13,0,0,0,0,0,9.6,100.0,1.3,42,1.0,0.1429,1.5,0
django/django,8f50bae618,2026-03-30T14:17:54Z,Refs #36926 -- Added release note for boolean icons for related fields in list_display.,feature,Unknown,3,0,1,0,1,0,1,3,14,0,0,0,2,1,15.5,0.0,9.7,42,3.0,0.25,0.5,0
django/django,9c9a43b45e,2026-03-30T16:09:10Z,Refs #36770 -- Preferred addCleanup() in live server tests.,feature,Python,55,66,1,1,0,1,39,121,16,0,0,0,2,2,3.9,100.0,3.6,42,0.82,0.0179,19.5,0
django/django,afa026cd80,2026-03-30T16:53:26Z,Refs #36770 -- Skipped test_in_memory_database_lock().  Skip pending some investigation.,test,Python,1,0,1,1,0,1,1,1,16,0,0,0,0,5,3.7,100.0,6.2,42,1.0,0.5,0.5,0
django/django,90cd510b3b,2026-03-30T19:59:30Z,Added section for respecting maintainer time to the security policy.  This follows a post from Seth Larson (Security Developer-in-Residence at the PSF): https://sethmlarson.dev/respecting-maintainer-t,feature,Unknown,33,0,1,0,1,0,11,33,19,0,0,0,2,0,14.9,0.0,6.7,42,33.0,0.0294,5.5,0
django/django,253f552c58,2026-03-30T22:16:32Z,Fixed #36949 -- Improved RelatedFieldWidgetWrapper <label>s.  Regression in 4187da258fe212d494cb578a0bc2b52c4979ab95.,bugfix,Python,68,2,4,2,1,1,24,70,22,0,0,1,2,6,18.9,50.0,8.4,42,22.67,0.058,4.8,1
django/django,2ee757ee50,2026-03-31T19:43:18Z,Fixed #36862 -- Doc'd the need for a proxy when deploying RemoteUserMiddleware under ASGI.  We have a flood of nuisance security reports describing ASGI deployments using RemoteUserMiddleware without ,bugfix,Unknown,25,12,3,0,3,0,12,37,19,1,0,0,2,0,31.0,0.0,2.6,43,1.92,0.1154,3.0,1
django/django,08aa1b5ac8,2026-03-31T23:31:57Z,Refs #37004 -- Added coverage for BaseModelFormSet.get_queryset() fallback ordering.,feature,Python,11,0,1,1,0,1,3,11,23,1,0,1,0,6,6.3,100.0,7.3,44,11.0,0.0833,1.5,0
django/django,856c915326,2026-03-31T23:34:56Z,Fixed #37004 -- Used QuerySet.totally_ordered in BaseModelFormSet.get_queryset() for stable ordering.,bugfix,Python,34,3,3,1,0,1,12,37,23,1,0,1,0,6,1.6,33.3,9.3,44,8.5,0.0857,3.0,1
django/django,a32c7075cf,2026-04-01T13:36:16Z,Fixed #37017 -- Fixed setting or clearing of request.user after alogin/alogout().  Regression in 31a43c571f4d036827d4fd7a5f615591637dc1be.,bugfix,Python,48,6,3,1,1,1,18,54,13,2,0,0,2,1,2.2,33.3,3.5,45,6.86,0.0612,4.5,1
django/django,1c584b0b1e,2026-04-01T14:47:30Z,Refs CVE-2026-33034 -- Improved security documentation on handling large request bodies.  Notably that the limit can be bypassed under ASGI.,docs,Unknown,25,9,2,0,2,0,11,34,14,2,0,0,2,0,11.0,0.0,5.6,46,2.5,0.0769,3.67,0
django/django,3b161e6096,2026-04-02T09:26:45Z,Fixed #37016 -- Avoided propagating invalid arguments from When() to Q().,bugfix,Python,12,4,4,1,0,1,5,16,9,3,0,0,0,6,4.1,25.0,2.0,46,2.4,0.3077,1.0,1
django/django,04bcc99133,2026-04-02T13:24:04Z,Refs #36862 -- Reiterated security note on both variants of RemoteUserMiddleware.,other,Unknown,2,1,1,0,1,0,1,3,13,3,0,0,1,4,0.4,0.0,1.7,47,1.0,0.3333,0.5,0
django/django,4d8cc40c73,2026-04-02T17:14:26Z,Refs #37020 -- Corrected example command to update translation catalogs.  Passing the --domain flag again just overwrites the prior value.,other,Unknown,3,1,1,0,1,0,1,4,17,3,0,0,0,5,17.5,0.0,6.8,47,1.5,0.25,0.5,0
django/django,9391beeb87,2026-04-02T18:20:42Z,Fixed #37020 -- Removed guidance to edit fetched .po files by hand.  Altering the .po files by hand was causing incorrect line numbers and plural forms. Since our fetching procedure does not recompile,bugfix,Unknown,1,14,1,0,1,0,4,15,18,3,0,0,2,0,16.5,0.0,8.3,47,0.07,0.5,2.0,1
django/django,123fa3a3f3,2026-04-03T13:13:11Z,Refs #36949 -- Removed hardcoded pks in modeladmin tests.,refactor,Python,6,4,1,1,0,1,3,10,13,4,0,0,1,2,1.3,100.0,3.5,48,1.2,0.1429,1.5,0
django/django,e2abe321a6,2026-04-03T18:44:02Z,Fixed #37021 -- Added Permission.user_perm_str property.  For use in checking user permissions via has_perm().  Co-authored-by: 사재혁 <jaehyuck.sa.dev@gmail.com>,bugfix,Python,31,0,5,1,3,1,10,31,18,4,0,0,0,7,6.5,20.0,1.8,48,31.0,0.1562,1.67,1
django/django,7142667340,2026-04-04T19:52:18Z,Replaced yaml serializer workaround to preserve dict order with PyYAML's sort_keys=False.  The sort_keys parameter was added in PyYAML 5.1 (released March 2019). The workaround was added in 24b82cd201,feature,Python,7,4,1,0,0,0,3,11,19,5,1,0,1,0,337.1,0.0,6.7,49,1.4,0.125,1.5,0
django/django,eb244b0117,2026-04-04T21:58:05Z,Refs #37023 -- Removed hardcoded indent levels from XML serializer.  This facilitates nested fields and objects.,refactor,Python,16,5,1,0,0,0,7,21,21,5,1,0,0,5,26.8,0.0,9.7,49,2.67,0.0588,3.5,0
django/django,33bfc66add,2026-04-04T22:02:17Z,Fixed #37023 -- Made XML serializer put each ManyToManyField object on its own line.,bugfix,Python,11,2,2,1,0,1,4,13,22,5,1,1,0,4,4.3,50.0,3.0,49,3.67,0.1667,1.33,1
django/django,3af5cb17b8,2026-04-04T23:16:41Z,Added support for nested fields to XML deserializer.  Needed by Django MongoDB Backend's EmbeddedModelField.,feature,Python,32,13,1,0,0,0,15,45,23,5,1,1,1,1,347.1,0.0,2.3,50,2.29,0.0303,7.5,0
django/django,d687d412a9,2026-04-05T16:40:05Z,"Clarified that reporters shouldn't set their own tickets as ""Accepted"".",other,Unknown,4,0,1,0,1,0,1,4,16,6,1,0,1,0,14.8,0.0,3.2,50,4.0,0.2,0.5,0
django/django,e27f23b268,2026-04-06T18:18:30Z,"Fixed #36816 -- Allowed **kwargs in @task decorator.  The decorator was updated to accept **kwargs and forward them to task_class, allowing additional parameters to be passed to custom Task subclasses",bugfix,Python,106,11,5,2,2,1,40,117,18,0,0,0,2,6,12.4,40.0,9.6,50,8.83,0.0467,6.67,1
django/django,746f5fd23e,2026-04-07T10:16:21Z,"Clarified ""Add another question"" as the plus sign button.",feature,Unknown,6,6,1,0,1,0,3,12,10,1,0,0,0,2,9.8,0.0,8.6,51,0.86,0.1429,1.5,0
django/django,8cf3114def,2026-04-07T10:42:51Z,Removed outdated note about uwsgi LTS from docs.  projects.unbit.it has an invalid certificate and provides old packages.,refactor,Unknown,0,3,1,0,1,0,1,3,10,1,0,0,0,3,12.2,0.0,3.1,51,0.0,1.0,0.5,0
django/django,74e73dc131,2026-04-07T11:03:37Z,Updated Apache links to the current docs.,docs,Unknown,3,3,1,0,1,0,1,6,11,1,0,0,0,1,36.4,0.0,2.6,51,0.75,0.25,0.5,0
django/django,2dbec93531,2026-04-07T12:27:58Z,Added stub release notes for 6.0.5.,feature,Unknown,13,0,2,0,2,0,4,13,12,1,0,0,0,5,1.6,0.0,8.3,51,13.0,0.1429,1.33,0
django/django,3330dc2dd9,2026-04-07T12:51:05Z,"Added CVE-2026-3902, CVE-2026-4277, CVE-2026-4292, CVE-2026-33033, and CVE-2026-33034 to security archive.",feature,Unknown,57,0,1,0,1,0,19,57,12,1,0,0,2,1,2.6,0.0,1.3,51,57.0,0.0172,9.5,0
django/django,78a3ffbb4c,2026-04-07T14:19:28Z,"Fixed two issues in release helper scripts/verify_release.sh.  The artifacts downloaded from media.djangoproject.com use a lowercase ""django-"" prefix but the script searched for capital D. Error was: ",bugfix,Unknown,6,6,1,0,0,0,3,12,14,1,0,0,1,7,14.8,0.0,3.2,51,0.86,0.1429,1.5,1
django/django,d6e58765f5,2026-04-07T19:22:01Z,"Refs #35514 -- Moved email docs examples to relevant section.  The top-level ""Examples"" section of docs/topics/email.txt seemed intended to illustrate the difference between send_mail() and send_mass_",refactor,Unknown,25,26,1,0,1,0,16,51,19,1,0,0,0,5,15.8,0.0,2.2,52,0.93,0.0385,8.0,0
django/django,89d2298fbb,2026-04-07T19:40:45Z,"Refs #35514 -- Grouped sending-related features in email docs.  Introduced a top-level ""Sending messages"" section to group together send_mail(), send_mass_mail(), mail_admins(), mail_managers(), the E",feature,Unknown,19,13,1,0,1,0,10,32,19,1,0,0,1,7,2.9,0.0,4.7,52,1.36,0.05,5.0,0
django/django,8f36420364,2026-04-07T19:47:03Z,"Refs #35514 -- Moved EmailMessage class up in email docs.  Moved the ""Preventing header injection"" discussion below sections on EmailMessage and related classes.",refactor,Unknown,48,48,1,0,1,0,31,96,19,1,0,0,1,6,3.0,0.0,5.6,52,0.98,0.0204,15.5,0
django/django,f86eb5f89b,2026-04-07T20:02:32Z,"Removed PY38 and PY39 version constants.  As the oldest supported version is Django 5.2, we only need constants for PY310+.",refactor,Python,0,2,1,0,0,0,1,2,20,1,0,0,0,0,8.4,0.0,1.5,52,0.0,1.0,0.5,0
django/django,86cea4145d,2026-04-07T20:05:40Z,"Refs #35514 -- Corrected email backends' outline levels in email docs.  Moved documentation section for each email backend to be a direct child of ""Email backends"" (rather than subsections of ""Obtaini",feature,Unknown,8,5,1,0,1,0,4,13,20,1,0,0,0,0,10.9,0.0,4.3,52,1.33,0.1111,2.0,0
django/django,5a79a092af,2026-04-07T20:27:52Z,"Refs #35514 -- Moved get_connection() after backends in email docs.  Moved ""Obtaining an instance of an email backend"" after documentation for individual backends (matching similar approach in Tasks d",refactor,Unknown,23,23,1,0,1,0,14,46,20,1,0,0,0,7,2.2,0.0,5.1,52,0.96,0.0417,7.0,0
django/django,8bb01b1b11,2026-04-07T21:18:09Z,"Refs #35514 -- Moved and renamed ""Sending multiple emails"" in email docs.  Moved ""Sending multiple emails"" from the ""Email backends"" section to the ""Sending messages"" section and renamed it to ""Sendin",refactor,Unknown,102,93,1,0,1,0,63,195,21,1,0,0,0,5,10.2,0.0,4.1,52,1.09,0.0097,31.5,0
django/django,5a0c099140,2026-04-07T22:11:17Z,"Refs #35514 -- Added ""Configuring email"" section to email docs.",feature,Unknown,26,1,1,0,1,0,9,27,22,1,0,1,1,6,8.0,0.0,1.7,52,13.0,0.037,4.5,0
django/django,378481165d,2026-04-07T22:24:53Z,"Refs #35514 -- Cleaned up email docs.  * Indented get_connection() details into its function block. * Updated introductory paragraph to better reflect current capabilities. * Changed link in ""Quick ex",refactor,Unknown,50,35,1,0,1,0,28,85,22,1,0,1,3,15,49.9,0.0,7.0,52,1.39,0.0196,14.0,0
django/django,280256499c,2026-04-08T13:30:10Z,"Refs CVE-2026-4292 -- Isolated new test in AdminViewListEditable.  As originally written, this test interfered with admin_views.tests.SeleniumTests.test_inline_uuid_pk_add_with_popup. To fix this, reg",bugfix,Python,4,3,2,2,0,1,2,7,13,2,0,0,0,3,2.6,100.0,3.5,52,1.0,0.4,0.67,1
django/django,6f030e8e5d,2026-04-09T20:39:29Z,Fixed typo in docs/howto/delete-app.txt.,bugfix,Unknown,1,1,1,0,1,0,1,2,20,3,0,0,0,4,13.6,0.0,6.1,53,0.5,0.5,0.5,1
django/django,339879620a,2026-04-09T23:18:25Z,Fixed broken link in email docs.,bugfix,Unknown,1,1,1,0,1,0,1,2,23,3,0,1,0,4,4.3,0.0,3.2,54,0.5,0.5,0.5,1
django/django,f0b75f46fd,2026-04-10T12:21:46Z,Removed unused code checkout step from labels.yml GitHub Action.,refactor,Unknown,2,4,2,0,0,0,1,6,12,4,0,0,2,2,4.1,0.0,9.2,55,0.4,0.6667,0.33,0
django/django,8ddc5b444c,2026-04-10T18:40:40Z,"Updated release procedure with new CVE workflows.  Now that the DSF is a CVE Numbering Authority (CNA), we manage our own CVE assignments.",feature,Unknown,57,12,2,0,1,0,23,69,18,4,0,0,4,9,206.8,0.0,9.8,55,4.38,0.0345,7.67,0
django/django,8d326336c5,2026-04-13T10:39:47Z,Fixed #37029 -- Corrected placement of </div> in change_list.html's pagination block.  Bug in 3f59711581bd22ebd0f13fb040b15b69c0eee21f.,bugfix,Unknown,8,5,2,0,1,0,4,13,10,0,0,0,0,6,32.4,0.0,2.9,55,1.33,0.2222,1.33,1
django/django,f8a9290f30,2026-04-14T19:15:02Z,Fixed incomplete comment in email docs.,bugfix,Unknown,1,1,1,0,1,0,1,2,19,1,0,0,0,1,4.9,0.0,6.6,56,0.5,0.5,0.5,1
django/django,820c7d3248,2026-04-16T06:16:13Z,Fixed #37036 -- Added missing flat=True arg in DeferredAttribute.fetch_many().,bugfix,Python,29,1,4,2,0,1,10,30,6,3,0,0,4,4,55.5,50.0,5.0,57,14.5,0.1333,2.0,1
django/django,82a2465f71,2026-04-16T09:28:19Z,Added DatabaseFeatures.disallowed_simple_test_case_connection_methods.,feature,Python,18,9,2,1,0,1,9,27,9,3,0,0,1,0,32.3,50.0,8.6,58,1.8,0.1053,3.0,0
django/django,ed79c5959a,2026-04-18T06:53:21Z,"Fixed #37028 -- Added BitAnd(), BitOr(), and BitXor() aggregates.",bugfix,Python,341,78,13,3,4,1,100,419,6,5,1,0,3,26,158.4,23.1,9.2,58,4.32,0.038,7.14,1
django/django,4a6f797e48,2026-04-18T11:12:44Z,Refs #35007 -- Added biome to lint and format CSS files.,feature,Unknown,66,5,5,0,0,0,24,71,11,5,1,0,2,4,16.2,0.0,2.5,59,11.0,0.0746,4.0,0
django/django,241b8e1aab,2026-04-18T11:13:27Z,Formatted CSS files.,other,Unknown,1209,462,17,0,0,0,100,1671,11,5,1,0,2,6,1.5,0.0,3.2,59,2.61,0.014,5.56,0
django/django,a284a49153,2026-04-18T11:54:55Z,"Fixed #37047 -- Fixed crash in Query.orderby_issubset_groupby for descending and random order_by strings.  Run this example:  ```python User.objects.values(""is_staff"").annotate(latest=Max(""date_joined",bugfix,Python,17,8,2,1,0,1,8,25,11,5,1,0,1,0,20.8,50.0,8.8,59,1.89,0.1111,2.67,1
django/django,1b0d46f715,2026-04-18T12:49:29Z,Refs #35007 -- Ignored CSS formatting changes in git blame.,other,Unknown,1,0,1,0,0,0,1,1,12,5,1,0,2,0,1.0,0.0,2.8,60,1.0,0.5,0.5,0
django/django,d33364c7ba,2026-04-18T22:54:08Z,"Removed OrderedDict representer from PyYAML serializer.  Added in 5bc3123479bd97dc9d8a36fa9a3421a71063d1da (refs #24558), it was obsoleted when OrderedDict usage was removed in 24b82cd201e21060fbc0211",feature,Python,0,7,1,0,0,0,2,7,22,5,1,1,1,0,8.0,0.0,3.1,60,0.0,1.0,1.0,0
django/django,aad47fe1bf,2026-04-19T05:49:19Z,Refs #36986 -- Replaced yaml's Serializer._value_from_field() time handling with a representer.,other,Python,10,13,1,0,0,0,7,23,5,6,1,1,1,0,347.4,0.0,9.5,60,0.71,0.0909,3.5,0
django/django,179aa21b6d,2026-04-19T06:04:22Z,Fixed #37024 -- Made SITE_ID system check validation use Site._meta.pk.,bugfix,Python,41,11,3,1,1,1,17,52,6,6,1,0,2,3,278.8,33.3,5.8,60,3.42,0.0714,4.25,1
django/django,250434861e,2026-04-19T08:48:53Z,"Fixed #37048, Refs #36728 -- Added release notes for changes to InclusionAdminNode and parse_bits().",bugfix,Unknown,6,0,1,0,1,0,2,6,8,6,1,0,1,0,0.7,0.0,1.6,61,6.0,0.1429,1.0,1
django/django,290fefe6f8,2026-04-19T08:54:02Z,Fixed #35007 -- Replaced ESLint with Biome for JavaScript linting and formatting.,bugfix,JavaScript,27,1378,8,0,1,0,100,1405,8,6,1,0,1,0,11.7,0.0,8.7,62,0.02,0.2857,11.11,1
django/django,fc0a0ebd4f,2026-04-19T08:54:17Z,Formatted JavaScript files.,other,JavaScript,3025,1655,31,11,0,1,100,4680,8,6,1,0,2,4,2.2,35.5,1.7,63,1.83,0.0102,3.12,0
django/django,47789e3a2b,2026-04-19T10:30:45Z,Refs #35007 -- Removed eslint disable in a test.,refactor,JavaScript,0,2,1,1,0,1,1,2,10,6,1,0,0,2,3.7,100.0,6.0,63,0.0,1.0,0.5,0
expressjs/express,55869f49a6,2025-01-18T20:37:48Z,feat: Added check to support Uint8Array in response sending (#6285)  Unified usage of ArrayBuffer.isView to comprehend Buffer and removed isView function check  Co-authored-by: Wes Todd <wes@wesleytod,bugfix,JavaScript,15,1,3,1,1,1,5,16,20,5,1,0,1,2,0.1,33.3,7.6,0,7.5,0.1875,1.25,1
expressjs/express,ae6a4621bc,2025-02-05T17:40:08Z,fix(ci): updated scorecard actions (#6322),bugfix,Unknown,4,4,1,0,0,0,2,8,17,2,0,0,2,3,9.4,0.0,3.8,1,0.8,0.2,1.0,1
expressjs/express,af7cd90893,2025-02-05T18:05:39Z,"feat(deps): use carat notation for dependency versions (#6317)  Signed-off-by: Dustin Popp <dustinpopp@ibm.com> Co-authored-by: Ulises Gascón <ulisesgascongonzalez@gmail.com>",feature,Unknown,16,16,1,0,0,0,10,32,18,2,0,0,0,4,6.6,0.0,9.6,2,0.94,0.0588,5.0,0
expressjs/express,85e48bb8c1,2025-02-10T19:41:39Z,fix(deps): update debug to ^4.4.0 (#6313),bugfix,Unknown,2,1,2,0,1,0,1,3,19,0,0,0,1,3,54.7,0.0,5.9,2,1.0,0.6667,0.33,1
expressjs/express,2d589b644a,2025-02-12T15:38:10Z,fix(docs): retroactively note 5.0.0-beta.1 api change in history file (#6333)  Signed-off-by: Dustin Popp <dustinpopp@ibm.com>,bugfix,Unknown,1,0,1,0,1,0,1,1,15,2,0,0,1,3,19.5,0.0,3.0,3,1.0,0.5,0.5,1
expressjs/express,99473c593a,2025-02-12T15:44:53Z,feat(deps): body-parser@^2.1.0 (#6332),feature,Unknown,2,1,2,0,1,0,1,3,15,2,0,0,0,1,16.5,0.0,6.4,4,1.0,0.6667,0.33,0
expressjs/express,c2f576cbe9,2025-02-12T16:09:50Z,feat(deps): router@^2.1.0 (#6331),feature,Unknown,2,1,2,0,1,0,1,3,16,2,0,0,2,5,2.3,0.0,3.7,4,1.0,0.6667,0.33,0
expressjs/express,a42413d4e3,2025-02-12T16:22:11Z,"fix(docs): Update repo captains (#6234)  * docs: update repo captains  * docs: update repo captain nomination policies  Ref: https://github.com/expressjs/express/pull/6234#issuecomment-2578555232",bugfix,Unknown,24,17,1,0,1,0,13,41,16,2,0,0,2,6,2.5,0.0,8.1,4,1.33,0.04,6.5,1
expressjs/express,2a53336e5d,2025-02-12T16:47:19Z,fix(deps): nyc@^17.1.0 (#6122),bugfix,Unknown,2,1,2,0,1,0,1,3,16,2,0,0,0,7,6.6,0.0,8.9,5,1.0,0.6667,0.33,1
expressjs/express,d2de128a32,2025-02-13T16:44:50Z,"fix (deps): update deps (#6337)  fix(deps): mocha@^10.7.3 (closes #6121)  fix(deps): marked@^15.0.3 (closes #6120)  fix(deps): express-session@^1.18.1 (closes #6119)  fix(deps): ejs@^3.1.10 (clo",bugfix,Unknown,14,7,2,0,1,0,7,21,16,3,0,0,2,5,6.4,0.0,9.0,6,1.75,0.1333,2.33,1
expressjs/express,327af123a1,2025-02-13T19:39:31Z,"feat: add support for ETag option in res.sendFile (#6073)  This patch introduces the ability to control the ETag generation through the `res.sendFile` function. Specifically, the ETag option is wire",bugfix,JavaScript,17,0,3,1,1,1,5,17,19,3,0,0,2,2,4.9,33.3,4.6,7,17.0,0.1667,1.25,1
expressjs/express,6ed3439584,2025-02-14T15:51:27Z,fix(docs): Update multiple links to use `https` instead of `http` (#6338),bugfix,Unknown,6,6,4,0,3,0,3,12,15,4,0,0,1,2,4.9,0.0,1.3,8,0.86,0.5714,0.6,1
expressjs/express,caa4f68ee8,2025-02-14T16:20:53Z,feat: Extend res.links() to allow adding multiple links with the same rel (closes #2729) (#4885),feature,JavaScript,34,4,3,1,1,1,13,38,16,4,0,0,1,6,30.8,33.3,6.4,9,6.8,0.0857,3.25,1
expressjs/express,59703c2321,2025-02-27T21:47:13Z,docs: update emeritus triagers (#6345),docs,Unknown,6,5,1,0,1,0,3,11,21,3,0,0,1,7,12.9,0.0,7.1,10,1.0,0.1429,1.5,0
expressjs/express,90e522ac90,2025-03-04T14:09:18Z,fix(docs): update guidance for triager nominations (#6349)  * docs: update guidance for triager nominations  * Update Contributing.md  Co-authored-by: Wes Todd <wes@wesleytodd.com>  * Update Contribut,bugfix,Unknown,2,1,1,0,1,0,1,3,14,1,0,0,1,7,13.2,0.0,4.0,10,1.0,0.3333,0.5,1
expressjs/express,35e15362ab,2025-03-05T15:11:29Z,fix(docs): clarify guidelines for becoming a committer (#6364)  * docs: clarify guidelines for becoming a committer  * Update Contributing.md  Co-authored-by: Chris de Almeida <ctcpip@users.noreply.gi,bugfix,Unknown,1,1,1,0,1,0,1,2,15,2,0,0,1,2,4.7,0.0,7.5,11,0.5,0.5,0.5,1
expressjs/express,9cbe2c2cbb,2025-03-11T21:49:08Z,docs: add @dpopp07 to the triage team (#6352),feature,Unknown,1,0,1,0,1,0,1,1,21,1,0,0,0,3,1.3,0.0,2.0,12,1.0,0.5,0.5,0
expressjs/express,1e359f57fc,2025-03-11T21:49:58Z,fix(deps): qs@^6.14.0 (#6374),bugfix,Unknown,2,1,2,0,1,0,1,3,21,1,0,0,1,2,6.1,0.0,3.3,12,1.0,0.6667,0.33,1
expressjs/express,0bb00e1906,2025-03-11T21:50:59Z,ci: add dependabot (#5435)  Co-authored-by: Shivam Sharma <meshivam81@gmail.com> Co-authored-by: Sebastian Beltran <bjohansebas@gmail.com>,feature,Unknown,17,0,1,0,0,0,5,17,21,1,0,0,0,1,5.4,0.0,6.0,13,17.0,0.0556,2.5,0
expressjs/express,4a2175dfc9,2025-03-16T22:44:57Z,fix dependabot config (#6392),bugfix,Unknown,0,0,1,0,0,0,1,0,22,6,1,1,2,0,2.0,0.0,5.9,13,0.0,1.0,0.5,1
expressjs/express,1d63162dbf,2025-03-18T16:11:59Z,build(deps): bump github/codeql-action from 3.24.7 to 3.28.11 (#6398)  Bumps [github/codeql-action](https://github.com/github/codeql-action) from 3.24.7 to 3.28.11. - [Release notes](https://github.co,docs,Unknown,3,3,2,0,0,0,1,6,16,1,0,0,2,3,0.7,0.0,8.0,14,0.75,0.5,0.33,0
expressjs/express,29d09803c1,2025-03-18T16:12:20Z,build(deps): bump ossf/scorecard-action from 2.4.0 to 2.4.1 (#6397)  Bumps [ossf/scorecard-action](https://github.com/ossf/scorecard-action) from 2.4.0 to 2.4.1. - [Release notes](https://github.com/o,bugfix,Unknown,1,1,1,0,0,0,1,2,16,1,0,0,0,1,7.9,0.0,5.1,14,0.5,0.5,0.5,1
expressjs/express,9e97144222,2025-03-19T00:12:45Z,feat(deps): finalhandler@2.1.0 (#6373)  * feat(deps): finalhandler@2.1.0  * Update History.md  Co-authored-by: Phillip Barta <barta.phillip@gmail.com>  ---------  Co-authored-by: Phillip Barta <barta.,feature,Unknown,2,1,2,0,1,0,1,3,0,2,0,1,2,5,17.7,0.0,6.5,15,1.0,0.6667,0.33,0
expressjs/express,1f311c59d4,2025-03-24T01:08:24Z,build(deps-dev): bump cookie-session from 2.0.0 to 2.1.0 (#6399)  Signed-off-by: dependabot[bot] <support@github.com> Co-authored-by: dependabot[bot] <49699333+dependabot[bot]@users.noreply.github.com,other,Unknown,1,1,1,0,0,0,1,2,1,0,0,1,1,7,21.8,0.0,9.4,15,0.5,0.5,0.5,0
expressjs/express,7b44e1d850,2025-03-26T14:43:11Z,ci: use full SHAs for github action versions  Ref: https://github.com/expressjs/security-wg/issues/2,other,Unknown,17,17,4,0,0,0,11,34,14,2,0,0,0,7,14.9,0.0,6.5,15,0.94,0.2222,2.2,1
expressjs/express,6b51e8ef97,2025-03-27T01:31:57Z,deps: body-parser@^2.2.0 (#6419),other,Unknown,2,2,2,0,1,0,1,4,1,3,0,1,0,0,43.4,0.0,3.9,16,0.67,0.6667,0.33,0
expressjs/express,f1a2dc884d,2025-03-27T01:32:28Z,deps: type-is@^2.0.1 (#6420),other,Unknown,2,1,2,0,1,0,1,3,1,3,0,1,1,2,3.1,0.0,9.8,16,1.0,0.6667,0.33,0
expressjs/express,eb6d12587a,2025-03-27T01:47:40Z,deps: router@^2.2.0 (#6417),other,Unknown,2,2,2,0,1,0,1,4,1,3,0,1,1,6,2.1,0.0,8.5,16,0.67,0.6667,0.33,0
expressjs/express,cb4c56e9a7,2025-03-27T23:43:18Z,fix(docs): remove @mertcanaltin from Triagers (#6408)  * doc: remove @mertcanaltin from Triagers  * move emeritus  ---------  Co-authored-by: Mert Can Altin <mert.altin@trendyol.com> Co-authored-by: W,bugfix,Unknown,2,2,1,0,1,0,1,4,23,3,0,1,1,1,6.6,0.0,4.0,16,0.67,0.3333,0.5,1
expressjs/express,4c4f3ea105,2025-03-28T00:46:06Z,fix(deps): serve-static@^2.2.0 (#6418)  * Update package.json  * Update History.md  ---------  Co-authored-by: Wes Todd <wes@wesleytodd.com>,bugfix,Unknown,3,2,2,0,1,0,1,5,0,4,0,1,1,5,25.8,0.0,9.7,17,1.0,0.5,0.33,1
expressjs/express,cd7d4397c3,2025-03-28T01:13:27Z,5.1.0,other,Unknown,19,26,2,0,1,0,14,45,1,4,0,1,0,2,29.4,0.0,4.0,18,0.7,0.1,4.67,0
expressjs/express,fa40ecfe76,2025-04-05T02:53:14Z,build(deps): bump github/codeql-action from 3.28.11 to 3.28.13 (#6429),other,Unknown,3,3,2,0,0,0,1,6,2,5,1,1,0,1,0.3,0.0,5.7,18,0.75,0.5,0.33,0
expressjs/express,3dc96995df,2025-04-11T01:49:23Z,"Refactor: simplify `acceptsLanguages` implementation using spread operator (#6137)  Refactored `req.acceptsLanguages` to use the spread operator for passing arguments directly to `accept.languages`, e",feature,JavaScript,2,3,1,0,0,0,1,5,1,4,0,1,2,7,10.3,0.0,3.2,18,0.5,0.3333,0.5,0
expressjs/express,5da5a11a49,2025-04-11T01:57:43Z,increased code coverage of utils.js file (#6386)  Co-authored-by: Sebastian Beltran <bjohansebas@gmail.com>,test,JavaScript,12,0,1,1,0,1,4,12,1,4,0,1,1,0,19.9,100.0,1.7,18,12.0,0.0769,2.0,0
expressjs/express,f9954dd317,2025-04-16T16:18:38Z,fix(test): remove duplicate word (#6456)  Signed-off-by: dufucun <dufuchun@sohu.com>,bugfix,JavaScript,2,2,2,2,0,1,1,4,16,2,0,0,0,3,9.0,100.0,9.1,18,0.67,0.6667,0.33,1
expressjs/express,a1161b4686,2025-05-05T21:01:58Z,build(deps): bump github/codeql-action from 3.28.13 to 3.28.16 (#6498)  Bumps [github/codeql-action](https://github.com/github/codeql-action) from 3.28.13 to 3.28.16. - [Release notes](https://github.,bugfix,Unknown,3,3,2,0,0,0,1,6,21,0,0,0,1,4,2.9,0.0,9.6,19,0.75,0.5,0.33,1
expressjs/express,73555815b9,2025-05-05T21:02:09Z,build(deps): bump actions/setup-node from 4.3.0 to 4.4.0 (#6497)  Bumps [actions/setup-node](https://github.com/actions/setup-node) from 4.3.0 to 4.4.0. - [Release notes](https://github.com/actions/se,other,Unknown,3,3,2,0,0,0,1,6,21,0,0,0,0,0,11.2,0.0,8.0,20,0.75,0.5,0.33,0
expressjs/express,1ca803dd55,2025-05-05T21:02:23Z,build(deps): bump actions/download-artifact from 4.2.1 to 4.3.0 (#6496)  Bumps [actions/download-artifact](https://github.com/actions/download-artifact) from 4.2.1 to 4.3.0. - [Release notes](https://,other,Unknown,2,2,2,0,0,0,1,4,21,0,0,0,1,5,3.8,0.0,9.6,20,0.67,0.6667,0.33,0
expressjs/express,ee1ef41bd3,2025-05-08T02:08:25Z,ci: add node.js 24 to test matrix (#6504),feature,Unknown,1,1,1,0,0,0,1,2,2,3,0,1,1,3,26.5,0.0,4.4,20,0.5,0.5,0.5,0
expressjs/express,9784321e89,2025-05-09T13:29:27Z,ci: update codeql config (#6488),other,Unknown,8,3,1,0,0,0,3,11,13,4,0,0,2,4,7.9,0.0,9.0,20,2.0,0.1111,1.5,0
expressjs/express,9f4dbe3a13,2025-05-15T16:40:26Z,chore: wider range for query test skip (#6512),test,JavaScript,3,3,1,1,0,1,1,6,16,3,0,0,1,6,17.5,100.0,3.3,20,0.75,0.25,0.5,0
expressjs/express,dfd1851245,2025-05-27T08:36:50Z,test: fix typos in test descriptions (#6535),bugfix,JavaScript,24,24,6,6,0,1,15,48,8,1,0,0,0,2,5.0,100.0,7.0,20,0.96,0.24,2.14,1
expressjs/express,99a0bd3354,2025-05-28T23:55:05Z,ci: disable credential persistence for checkout actions (#6522)  Signed-off-by: Mert Şişmanoğlu <mertssmnoglu@gmail.com>,other,Unknown,8,0,3,0,0,0,2,8,23,2,0,1,2,6,43.9,0.0,4.3,21,8.0,0.3333,0.5,0
expressjs/express,fedd60e642,2025-05-29T00:16:44Z,ci: allow manual triggering of workflow (#6515),other,Unknown,4,1,3,0,0,0,1,5,0,3,0,1,1,2,2.1,0.0,3.8,21,2.0,0.6,0.25,0
expressjs/express,b8ab46594d,2025-05-29T00:26:16Z,test: add coverage for app.listen() variants (#6476)  * test: add coverage for app.listen() variants  - verify alternate signatures (port+host+backlog) - verify server.address() shape  * fix linter is,bugfix,JavaScript,28,0,1,1,0,1,9,28,0,3,0,1,2,2,7.5,100.0,6.3,21,28.0,0.0345,4.5,1
expressjs/express,52872b84ca,2025-06-09T20:34:53Z,fix(docs): move documentation and charters to the discussions and .github … (#6427)  * docs: move documentation and charters to the discussions and .github repository  * Update Readme.md,bugfix,Unknown,24,944,9,0,9,0,100,968,20,0,0,0,1,5,6.8,0.0,9.8,22,0.03,0.36,10.0,1
expressjs/express,b8fc000f31,2025-06-13T09:29:27Z,docs: use global Security policy  We should inherit https://github.com/expressjs/.github/blob/master/SECURITY.md directly.,docs,Unknown,0,56,1,0,1,0,16,56,9,4,0,0,0,1,28.7,0.0,9.2,23,0.0,1.0,8.0,0
expressjs/express,ffc562c7d1,2025-06-18T21:36:20Z,build(deps): bump github/codeql-action from 3.28.16 to 3.28.18 (#6549)  Bumps [github/codeql-action](https://github.com/github/codeql-action) from 3.28.16 to 3.28.18. - [Release notes](https://github.,bugfix,Unknown,3,3,2,0,0,0,1,6,21,2,0,0,0,6,7.8,0.0,4.8,23,0.75,0.5,0.33,1
expressjs/express,a039e49175,2025-06-18T21:36:52Z,build(deps): bump ossf/scorecard-action from 2.4.1 to 2.4.2 (#6548)  Bumps [ossf/scorecard-action](https://github.com/ossf/scorecard-action) from 2.4.1 to 2.4.2. - [Release notes](https://github.com/o,bugfix,Unknown,1,1,1,0,0,0,1,2,21,2,0,0,0,1,10.6,0.0,3.8,24,0.5,0.5,0.5,1
expressjs/express,98c85eb0dd,2025-06-28T01:10:36Z,chore: enforce explicit Buffer import and add lint rule (#6525)  Signed-off-by: Shivam Sharma <meshivam81@gmail.com>,feature,JavaScript,19,1,14,11,0,1,6,20,1,5,1,1,0,0,21.9,78.6,9.0,25,9.5,0.7,0.4,0
expressjs/express,3910323d09,2025-07-03T02:33:10Z,chore: use node protocol for node builtin module (#6520)  Co-authored-by: Sebastian Beltran <bjohansebas@gmail.com>,other,JavaScript,2,1,1,0,0,0,1,3,2,3,0,1,0,2,11.3,0.0,3.7,25,1.0,0.3333,0.5,0
expressjs/express,b0ed15b452,2025-07-04T14:47:31Z,chore: fix typo (#6609)  Signed-off-by: mountdisk <mountdisk@icloud.com.>,bugfix,JavaScript,1,1,1,1,0,1,1,2,14,4,0,0,2,6,33.4,100.0,1.8,25,0.5,0.5,0.5,1
expressjs/express,7a9311216a,2025-07-09T08:27:41Z,build(deps): bump github/codeql-action from 3.28.18 to 3.29.2 (#6618)  Bumps [github/codeql-action](https://github.com/github/codeql-action) from 3.28.18 to 3.29.2. - [Release notes](https://github.co,docs,Unknown,3,3,2,0,0,0,1,6,8,2,0,0,2,5,4.8,0.0,1.2,26,0.75,0.5,0.33,0
expressjs/express,c5b8d55a6a,2025-07-15T03:18:10Z,feat: add deprecation warnings for redirect arguments undefined (#6405),feature,JavaScript,14,0,2,0,0,0,4,14,3,1,0,1,0,0,15.5,0.0,8.7,26,14.0,0.1333,1.33,0
expressjs/express,ef5f2e13ef,2025-07-16T02:27:50Z,ci: run CI when the markdown changes (#6632),other,Unknown,0,2,1,0,0,0,1,2,2,2,0,1,2,5,10.2,0.0,7.9,26,0.0,1.0,0.5,0
expressjs/express,9420cd3f9b,2025-07-21T23:14:33Z,doc: fix the Contributing.md link (#6653),bugfix,Unknown,1,1,1,0,1,0,1,2,23,0,0,1,0,2,31.9,0.0,3.0,26,0.5,0.5,0.5,1
expressjs/express,b52ff7ca60,2025-07-30T13:41:53Z,update contributing and COC links (#6601),other,Unknown,4,3,1,0,1,0,2,7,13,2,0,0,2,2,11.6,0.0,6.3,27,1.0,0.2,1.0,0
expressjs/express,ed64290e4a,2025-08-06T01:24:22Z,build(deps-dev): bump morgan from 1.10.0 to 1.10.1 (#6679)  Bumps [morgan](https://github.com/expressjs/morgan) from 1.10.0 to 1.10.1. - [Release notes](https://github.com/expressjs/morgan/releases) -,bugfix,Unknown,1,1,1,0,0,0,1,2,1,2,0,1,2,5,4.3,0.0,6.8,27,0.5,0.5,0.5,1
expressjs/express,6616e39d4d,2025-08-06T01:24:48Z,build(deps-dev): bump cookie-session from 2.1.0 to 2.1.1 (#6678)  Bumps [cookie-session](https://github.com/expressjs/cookie-session) from 2.1.0 to 2.1.1. - [Release notes](https://github.com/expressj,bugfix,Unknown,1,1,1,0,0,0,1,2,1,2,0,1,1,2,6.4,0.0,2.9,28,0.5,0.5,0.5,1
expressjs/express,8f21493cc5,2025-08-12T22:58:13Z,lint: add --fix flag to automatic fix linting issue (#6644)  * lint: add --fix flag to automatic fix linting issue  * add dedicated lint script,bugfix,Unknown,1,0,1,0,0,0,1,1,22,1,0,1,0,5,23.5,0.0,8.5,29,1.0,0.5,0.5,1
expressjs/express,d9a62f9833,2025-08-20T13:18:36Z,chore: update git rules to ignore `yarn.lock` file (#6588)  Co-authored-by: Ulises Gascón <ulisesgascongonzalez@gmail.com>,other,Unknown,4,0,1,0,0,0,1,4,13,2,0,0,2,0,9.3,0.0,5.9,30,4.0,0.2,0.5,0
expressjs/express,89f198c6a5,2025-08-21T15:05:29Z,lib: use req.socket over deprecated req.connection (#6705)  Signed-off-by: Sebastian Beltran <bjohansebas@gmail.com>,other,JavaScript,4,4,2,1,0,1,2,8,15,3,0,0,1,1,9.8,50.0,5.8,30,0.8,0.4,0.67,0
expressjs/express,aa907945cd,2025-08-22T07:12:09Z,doc: update express app example (#6718),docs,Unknown,3,1,1,0,1,0,1,4,7,4,0,0,1,7,15.9,0.0,5.3,30,1.5,0.25,0.5,0
expressjs/express,2eb42059f3,2025-09-14T14:39:32Z,build(deps): bump github/codeql-action from 3.29.2 to 3.29.5 (#6675)  Bumps [github/codeql-action](https://github.com/github/codeql-action) from 3.29.2 to 3.29.5. - [Release notes](https://github.com/,bugfix,Unknown,3,3,2,0,0,0,1,6,14,6,1,0,1,2,16.8,0.0,6.3,30,0.75,0.5,0.33,1
expressjs/express,9a7afb2886,2025-09-25T05:20:45Z,chore: remove history.md from being packaged on publish (#6780),refactor,Unknown,0,1,1,0,0,0,1,1,5,3,0,1,2,0,7.9,0.0,9.0,31,0.0,1.0,0.5,0
expressjs/express,b9b9f52b2f,2025-10-03T12:34:25Z,build(deps): bump actions/checkout from 4.2.2 to 5.0.0 (#6797)  Bumps [actions/checkout](https://github.com/actions/checkout) from 4.2.2 to 5.0.0. - [Release notes](https://github.com/actions/checkout,docs,Unknown,7,7,4,0,0,0,4,14,12,4,0,0,1,4,24.6,0.0,5.2,31,0.88,0.5,0.8,0
expressjs/express,ffa89f2ccf,2025-10-03T12:40:08Z,build(deps): bump github/codeql-action from 3.29.7 to 3.30.5 (#6796)  Bumps [github/codeql-action](https://github.com/github/codeql-action) from 3.29.7 to 3.30.5. - [Release notes](https://github.com/,docs,Unknown,3,3,2,0,0,0,1,6,12,4,0,0,0,4,14.6,0.0,7.1,31,0.75,0.5,0.33,0
expressjs/express,9e6760e186,2025-10-03T12:43:45Z,build(deps): bump ossf/scorecard-action from 2.4.2 to 2.4.3 (#6795)  Bumps [ossf/scorecard-action](https://github.com/ossf/scorecard-action) from 2.4.2 to 2.4.3. - [Release notes](https://github.com/o,bugfix,Unknown,1,1,1,0,0,0,1,2,12,4,0,0,0,1,5.1,0.0,5.6,31,0.5,0.5,0.5,1
expressjs/express,60d4c16cc9,2025-10-03T12:43:54Z,build(deps): bump actions/setup-node from 4.4.0 to 5.0.0 (#6794)  Bumps [actions/setup-node](https://github.com/actions/setup-node) from 4.4.0 to 5.0.0. - [Release notes](https://github.com/actions/se,other,Unknown,3,3,2,0,0,0,1,6,12,4,0,0,2,5,11.4,0.0,3.2,32,0.75,0.5,0.33,0
expressjs/express,e4fb370ad8,2025-10-03T12:44:02Z,build(deps): bump actions/download-artifact from 4.3.0 to 5.0.0 (#6793)  Bumps [actions/download-artifact](https://github.com/actions/download-artifact) from 4.3.0 to 5.0.0. - [Release notes](https://,other,Unknown,2,2,2,0,0,0,1,4,12,4,0,0,0,0,0.9,0.0,4.0,32,0.67,0.6667,0.33,0
expressjs/express,64e7373d69,2025-10-16T11:51:39Z,ci: add node.js 25 to test matrix (#6843),feature,Unknown,1,1,1,0,0,0,1,2,11,3,0,0,0,1,2.3,0.0,3.4,32,0.5,0.5,0.5,0
expressjs/express,1b196c8b82,2025-11-01T09:44:12Z,build(deps): bump actions/download-artifact from 5.0.0 to 6.0.0 (#6871)  Co-authored-by: dependabot[bot] <49699333+dependabot[bot]@users.noreply.github.com>,other,Unknown,2,2,2,0,0,0,1,4,9,5,1,0,1,7,3.7,0.0,7.2,32,0.67,0.6667,0.33,0
expressjs/express,374fc1a0f9,2025-11-01T09:45:07Z,build(deps): bump actions/setup-node from 5.0.0 to 6.0.0 (#6870)  Co-authored-by: dependabot[bot] <49699333+dependabot[bot]@users.noreply.github.com>,other,Unknown,3,3,2,0,0,0,1,6,9,5,1,0,0,4,2.7,0.0,5.0,32,0.75,0.5,0.33,0
expressjs/express,db507669ca,2025-11-01T09:45:51Z,build(deps): bump github/codeql-action from 3.30.5 to 4.31.2 (#6869)  Co-authored-by: dependabot[bot] <49699333+dependabot[bot]@users.noreply.github.com>,other,Unknown,3,3,2,0,0,0,1,6,9,5,1,0,1,4,0.6,0.0,9.7,32,0.75,0.5,0.33,0
expressjs/express,4453d83cca,2025-11-01T09:46:37Z,build(deps): bump actions/upload-artifact from 4.6.2 to 5.0.0 (#6868)  Co-authored-by: dependabot[bot] <49699333+dependabot[bot]@users.noreply.github.com>,other,Unknown,3,3,3,0,0,0,1,6,9,5,1,0,1,6,31.9,0.0,6.0,32,0.75,0.75,0.25,0
expressjs/express,2551a7d8af,2025-11-18T09:42:56Z,docs: switch badges from badgen.net to shields.io (#6900),docs,Unknown,4,4,1,0,1,0,2,8,9,1,0,0,2,1,7.2,0.0,3.8,32,0.8,0.2,1.0,0
expressjs/express,54af593b73,2025-11-23T23:52:16Z,refactor: use cached slice in app.listen (#6897)  Signed-off-by: Tacit1 <tacitim5@gmail.com>,refactor,JavaScript,1,1,1,0,0,0,1,2,23,6,1,1,2,6,7.8,0.0,2.3,32,0.5,0.5,0.5,0
expressjs/express,f33caf1f89,2025-11-25T03:32:28Z,Nominate to @efekrskl for triage team (#6888)  * Nominate to @efekrskl for triage team  * Update Readme.md,docs,Unknown,2,1,1,0,1,0,1,3,3,1,0,1,2,6,17.2,0.0,5.3,32,1.0,0.3333,0.5,0
expressjs/express,77bcd5274a,2025-11-25T10:32:32Z,docs: update emeritus triagers (#6890)  * docs: update emeritus triagers ---------  Co-authored-by: Ulises Gascón <ulisesgascongonzalez@gmail.com>,docs,Unknown,4,4,1,0,1,0,2,8,10,1,0,0,0,3,3.3,0.0,2.5,32,0.8,0.2,1.0,0
expressjs/express,758d4355d4,2025-11-26T14:19:57Z,deps: body-parser@^2.2.1 (#6922)  Includes the security patch for CVE-2025-13466,bugfix,Unknown,6,1,2,0,1,0,2,7,14,2,0,0,1,4,7.0,0.0,7.0,32,3.0,0.2857,0.67,1
expressjs/express,30bae81027,2025-12-01T12:12:08Z,build(deps): bump coverallsapp/github-action from 2.3.6 to 2.3.7 (#6930)  Bumps [coverallsapp/github-action](https://github.com/coverallsapp/github-action) from 2.3.6 to 2.3.7. - [Release notes](https,bugfix,Unknown,2,2,2,0,0,0,1,4,12,0,0,0,2,3,2.3,0.0,7.2,33,0.67,0.6667,0.33,1
expressjs/express,8eace4603c,2025-12-01T12:12:52Z,build(deps): bump github/codeql-action from 4.31.2 to 4.31.6 (#6929)  Bumps [github/codeql-action](https://github.com/github/codeql-action) from 4.31.2 to 4.31.6. - [Release notes](https://github.com/,bugfix,Unknown,3,3,2,0,0,0,1,6,12,0,0,0,2,0,24.4,0.0,3.3,34,0.75,0.5,0.33,1
expressjs/express,ed0ba3f1dc,2025-12-01T12:13:45Z,build(deps): bump actions/checkout from 5.0.0 to 6.0.0 (#6928)  Bumps [actions/checkout](https://github.com/actions/checkout) from 5.0.0 to 6.0.0. - [Release notes](https://github.com/actions/checkout,docs,Unknown,7,7,4,0,0,0,4,14,12,0,0,0,0,7,71.9,0.0,4.4,35,0.88,0.5,0.8,0
expressjs/express,2f64f68c37,2025-12-01T16:12:41Z,sec: security patch for CVE-2024-51999,bugfix,JavaScript,90,3,2,1,0,1,32,93,16,0,0,0,2,6,17.9,50.0,1.8,35,22.5,0.022,10.67,1
expressjs/express,4007ad103b,2025-12-01T16:17:31Z,Release: 5.2.0 (#6920),other,Unknown,5,3,2,0,1,0,2,8,16,0,0,0,1,2,7.6,0.0,8.7,36,1.25,0.3333,0.67,0
expressjs/express,697547cde6,2025-12-01T18:33:09Z,"Revert ""sec: security patch for CVE-2024-51999""  This reverts commit 2f64f68c37c64ae333e41ff38032d21860f22255.",bugfix,JavaScript,3,90,2,1,0,1,28,93,18,0,0,0,0,0,13.5,50.0,9.0,36,0.03,0.5,9.33,1
expressjs/express,dbac741a49,2025-12-01T18:35:03Z,5.2.1,other,Unknown,6,1,2,0,1,0,2,7,18,0,0,0,2,5,9.4,0.0,6.6,37,3.0,0.2857,0.67,0
expressjs/express,9eb700151b,2025-12-03T22:08:09Z,📝 add note to history,feature,Unknown,1,0,1,0,1,0,1,1,22,2,0,1,1,5,3.1,0.0,4.2,37,1.0,0.5,0.5,0
expressjs/express,c2fb76e99f,2025-12-19T09:44:49Z,docs: add @rxmarbles to triagers (#6953),feature,Unknown,1,0,1,0,1,0,1,1,9,4,0,0,0,6,4.1,0.0,5.4,37,1.0,0.5,0.5,0
expressjs/express,b5aae87594,2026-01-05T22:51:23Z,doc: fix security.md link to point to security tab,bugfix,Unknown,1,1,1,0,1,0,1,2,22,0,0,1,0,5,13.6,0.0,5.2,37,0.5,0.5,0.5,1
expressjs/express,3e81873b52,2026-01-07T14:38:53Z,build(deps): bump actions/download-artifact from 6.0.0 to 7.0.0 (#6961)  Bumps [actions/download-artifact](https://github.com/actions/download-artifact) from 6.0.0 to 7.0.0. - [Release notes](https://,other,Unknown,2,2,2,0,0,0,1,4,14,2,0,0,1,2,10.5,0.0,9.6,38,0.67,0.6667,0.33,0
expressjs/express,6cd404eb28,2026-01-07T14:41:34Z,fix: enhance req.acceptsCharsets method (#6088)  * fix: enhance req.acceptsCharsets method  * Update req.acceptsCharsets.js  ---------  Co-authored-by: Monaam Aouini <abdelmonaem.aouini@mispay.co> Co-,bugfix,JavaScript,37,7,2,1,0,1,15,44,14,2,0,0,1,5,6.9,50.0,8.5,38,4.62,0.0526,5.0,1
expressjs/express,4ae96bdf5e,2026-01-07T14:45:47Z,build(deps): bump actions/upload-artifact from 5.0.0 to 6.0.0 (#6965)  Bumps [actions/upload-artifact](https://github.com/actions/upload-artifact) from 5.0.0 to 6.0.0. - [Release notes](https://github,other,Unknown,3,3,3,0,0,0,1,6,14,2,0,0,0,2,3.9,0.0,8.7,39,0.75,0.75,0.25,0
expressjs/express,3c0ad4e8dc,2026-01-07T14:46:20Z,build(deps): bump github/codeql-action from 4.31.6 to 4.31.9 (#6964)  Bumps [github/codeql-action](https://github.com/github/codeql-action) from 4.31.6 to 4.31.9. - [Release notes](https://github.com/,bugfix,Unknown,3,3,2,0,0,0,1,6,14,2,0,0,2,3,8.9,0.0,8.8,39,0.75,0.5,0.33,1
expressjs/express,00bb633ca6,2026-01-07T14:46:37Z,deps: qs@^6.14.1,other,Unknown,1,1,1,0,0,0,1,2,14,2,0,0,2,4,33.1,0.0,9.6,40,0.5,0.5,0.5,0
expressjs/express,bc7d155f53,2026-01-07T14:47:41Z,build(deps): bump actions/checkout from 6.0.0 to 6.0.1 (#6963)  Bumps [actions/checkout](https://github.com/actions/checkout) from 6.0.0 to 6.0.1. - [Release notes](https://github.com/actions/checkout,bugfix,Unknown,7,7,4,0,0,0,4,14,14,2,0,0,0,1,5.5,0.0,3.2,40,0.88,0.5,0.8,1
expressjs/express,04d3a49976,2026-01-07T14:48:47Z,build(deps): bump actions/setup-node from 6.0.0 to 6.1.0 (#6962)  Bumps [actions/setup-node](https://github.com/actions/setup-node) from 6.0.0 to 6.1.0. - [Release notes](https://github.com/actions/se,other,Unknown,3,3,2,0,0,0,1,6,14,2,0,0,0,1,40.7,0.0,2.3,41,0.75,0.5,0.33,0
expressjs/express,2cd372e34c,2026-01-12T09:28:54Z,docs: add @krzysdz to the triage team (#6482),feature,Unknown,1,1,1,0,1,0,1,2,9,0,0,0,1,0,5.1,0.0,6.5,41,0.5,0.5,0.5,0
expressjs/express,9a3f7ff412,2026-01-16T15:29:01Z,Polish HTML structure of the response in the res.redirect() function (#5167)  * structure the DOM body  * structure the DOM body  * test: add html title to redirect test  * fix: update HTML structure ,bugfix,JavaScript,12,5,3,1,1,1,5,17,15,4,0,0,2,3,2.2,33.3,9.4,41,2.0,0.2308,1.25,1
expressjs/express,ae265a90c7,2026-01-16T21:19:39Z,docs: fix JSDoc for req.accepts() return value and parameter format (#6936)  * fixed request accept jsdoc  * reverted format  * reverted format  * updated jsdoc  * updated the rest of the documentatio,bugfix,JavaScript,4,8,1,0,0,0,3,12,21,4,0,0,2,4,24.6,0.0,9.2,42,0.44,0.2,1.5,1
expressjs/express,912893c07c,2026-01-17T02:27:22Z,test: added unit tests for utils.compileETag to cover valid and invalid inputs (#6534)  * Added unit tests for utils.compileETag to cover valid and invalid inputs  * test: enhance compileETag tests fo,feature,JavaScript,25,0,1,1,0,1,8,25,2,5,1,1,0,5,19.2,100.0,2.6,43,25.0,0.0385,4.0,0
expressjs/express,5a4568abfe,2026-01-17T22:36:22Z,chore: remove benchmarks directory (#6992),refactor,JavaScript,0,89,4,0,1,0,26,89,22,5,1,1,0,7,12.4,0.0,1.6,43,0.0,4.0,5.2,0
expressjs/express,a479419b16,2026-01-19T14:56:53Z,feat: do not modify the Content-Type twice when sending strings (#6991)  * fix: improve content-type handling in res.send method  * fix: ensure content-type is a string before setting charset in res.s,bugfix,JavaScript,11,14,2,0,1,0,8,25,14,0,0,0,0,7,12.6,0.0,4.7,43,0.73,0.1667,2.67,1
expressjs/express,c9ecf7b658,2026-02-01T02:51:17Z,feat: Allow passing null or undefined as the value for options in app.render (#6903)  * fix: allow null options in app.render  * fix: ensure options are initialized to an empty object in app.render  *,bugfix,JavaScript,25,1,3,1,1,1,9,26,2,6,1,1,0,7,30.0,33.3,6.4,44,12.5,0.1154,2.25,1
expressjs/express,6b7ccfcf12,2026-02-01T02:53:38Z,test: add test for normalizeType fallback when mime lookup fails (#6894)  Add test to verify that utils.normalizeType correctly defaults to 'application/octet-stream' when mime.lookup() returns null/u,feature,JavaScript,8,1,1,1,0,1,3,9,2,6,1,1,2,6,2.0,100.0,2.5,45,4.0,0.1111,1.5,1
expressjs/express,d12772393c,2026-02-01T03:12:23Z,fix: search example to support Redis v4+ and Express 4/5 (#6274)  * Fix Redis example to support Redis v4+ and Express 4/5  * update optional route syntax to /{:query} and refactor Redis initializatio,bugfix,JavaScript,41,19,1,0,0,0,20,60,3,6,1,1,1,4,11.4,0.0,6.5,46,2.05,0.0238,10.0,1
expressjs/express,66404b347a,2026-02-01T12:04:08Z,docs: Add @GroophyLifefor to the triage team (#6995),feature,Unknown,1,0,1,0,1,0,1,1,12,6,1,0,2,2,0.0,0.0,2.1,47,1.0,0.5,0.5,0
expressjs/express,2d4192ebb3,2026-02-09T23:04:00Z,build(deps): bump actions/checkout from 6.0.1 to 6.0.2 (#7011)  Bumps [actions/checkout](https://github.com/actions/checkout) from 6.0.1 to 6.0.2. - [Release notes](https://github.com/actions/checkout,bugfix,Unknown,7,7,4,0,0,0,4,14,23,0,0,1,1,4,1.0,0.0,6.0,47,0.88,0.5,0.8,1
expressjs/express,c76ed5ae05,2026-02-09T23:05:17Z,build(deps): bump actions/setup-node from 6.1.0 to 6.2.0 (#7012)  Bumps [actions/setup-node](https://github.com/actions/setup-node) from 6.1.0 to 6.2.0. - [Release notes](https://github.com/actions/se,other,Unknown,3,3,2,0,0,0,1,6,23,0,0,1,2,7,33.7,0.0,2.7,48,0.75,0.5,0.33,0
expressjs/express,1140301f6a,2026-02-09T23:10:13Z,build(deps): bump github/codeql-action from 4.31.9 to 4.32.0 (#7013)  * build(deps): bump github/codeql-action from 4.31.9 to 4.32.0  Bumps [github/codeql-action](https://github.com/github/codeql-acti,bugfix,Unknown,3,3,2,0,0,0,1,6,23,0,0,1,0,3,4.1,0.0,6.0,48,0.75,0.5,0.33,1
expressjs/express,9c85a25c02,2026-02-14T17:25:36Z,Remove duplicate tests in res.location and res.jsonp (#6996)  * test: remove duplicated tests  * test: fix typo in data URI encoding test description,bugfix,JavaScript,1,27,2,2,0,1,8,28,17,5,1,0,0,4,20.3,100.0,6.8,49,0.04,1.0,2.67,1
expressjs/express,925a1dff1e,2026-02-22T03:11:08Z,fix: bump qs minimum to ^6.14.2 for CVE-2026-2391 (#7057)  qs versions before 6.14.2 have an arrayLimit bypass in comma parsing that allows denial of service (GHSA-w7fw-mjwx-w883).  While the existing,bugfix,Unknown,1,1,1,0,0,0,1,2,3,6,1,1,0,2,7.3,0.0,4.2,50,0.5,0.5,0.5,1
expressjs/express,c4cc78bdf5,2026-02-22T03:15:11Z,docs: fix README security policy link (#7029),bugfix,Unknown,1,1,1,0,1,0,1,2,3,6,1,1,1,2,13.9,0.0,6.7,51,0.5,0.5,0.5,1
expressjs/express,b4ab7d65d7,2026-02-23T09:58:26Z,test: include edge case tests for `res.type()` (#7037),test,JavaScript,69,0,1,1,0,1,24,69,9,0,0,0,2,2,6.5,100.0,8.4,52,69.0,0.0143,12.0,0
expressjs/express,411061d94e,2026-03-01T10:21:45Z,build(deps): bump github/codeql-action from 4.32.0 to 4.32.4 (#7072)  Bumps [github/codeql-action](https://github.com/github/codeql-action) from 4.32.0 to 4.32.4. - [Release notes](https://github.com/,bugfix,Unknown,3,3,2,0,0,0,1,6,10,6,1,0,0,4,0.6,0.0,4.0,52,0.75,0.5,0.33,1
expressjs/express,e3b962c558,2026-03-01T10:23:27Z,build(deps): bump actions/download-artifact from 7.0.0 to 8.0.0 (#7073)  Bumps [actions/download-artifact](https://github.com/actions/download-artifact) from 7.0.0 to 8.0.0. - [Release notes](https://,other,Unknown,2,2,2,0,0,0,1,4,10,6,1,0,0,5,0.1,0.0,4.9,53,0.67,0.6667,0.33,0
expressjs/express,06e2367f91,2026-03-01T10:24:13Z,build(deps): bump actions/upload-artifact from 6.0.0 to 7.0.0 (#7074)  Bumps [actions/upload-artifact](https://github.com/actions/upload-artifact) from 6.0.0 to 7.0.0. - [Release notes](https://github,other,Unknown,3,3,3,0,0,0,1,6,10,6,1,0,1,0,1.5,0.0,3.7,53,0.75,0.75,0.25,0
expressjs/express,6c4249feec,2026-03-01T13:55:02Z,docs: replace dummy with placeholder in example comments (#7064)  * docs: replace 'dummy' with 'placeholder' in example comments  Use more inclusive language in code comments across example files. The,test,JavaScript,3,3,3,0,0,0,1,6,13,6,1,0,2,0,2.4,0.0,4.9,53,0.75,0.75,0.25,1
expressjs/express,e5099198b2,2026-03-31T04:39:23Z,docs: remove dead link from Readme (#7136)  * docs: remove dead link for import-brain  * Update Readme.md  Co-authored-by: krzysdz <12915102+krzysdz@users.noreply.github.com>  ---------  Co-authored-b,refactor,Unknown,1,1,1,0,1,0,1,2,4,1,0,1,2,1,13.3,0.0,8.9,54,0.5,0.5,0.5,0
expressjs/express,8e022edc91,2026-04-06T20:58:04Z,docs: update npm install docs URL in Readme.md (#7159)  The link for the npm install command pointed to the old/broken URL path (/getting-started/installing-npm-packages-locally). Updated to the curre,docs,Unknown,1,1,1,0,1,0,1,2,20,0,0,0,3,0,52.4,0.0,1.5,54,0.5,0.5,0.5,0
pallets/flask,410e5ab7ed,2024-11-18T18:55:14Z,Accept `AsyncIterable` for responses,other,Python,6,0,2,0,1,0,2,6,18,0,0,0,0,3,27.3,0.0,4.6,0,6.0,0.2857,0.67,0
pallets/flask,54c3f87af9,2024-11-23T00:23:09Z,fix type hint for `cli_runner.invoke`,bugfix,Python,4,1,2,1,1,1,1,5,0,5,1,1,0,6,8.6,50.0,8.3,0,2.0,0.4,0.33,1
pallets/flask,f2674c5bb4,2024-11-24T01:52:56Z,fix type hint for `cli_runner.invoke` (#5647),bugfix,Python,4,1,2,1,1,1,1,5,1,6,1,1,0,3,10.3,50.0,3.3,1,2.0,0.4,0.33,1
pallets/flask,75a8327cfd,2024-11-27T10:14:18Z,Update mongoengine.rst,other,Unknown,1,1,1,0,1,0,1,2,10,2,0,0,0,2,17.1,0.0,8.9,2,0.5,0.5,0.5,0
pallets/flask,5b525e9797,2025-01-05T17:01:49Z,markdown formatting  (cherry picked from commit 6b361ce06b08454329286214072139228e8c2f33),other,Unknown,4,6,1,0,1,0,3,10,17,6,1,0,0,5,8.0,0.0,7.6,2,0.57,0.2,1.5,0
pallets/flask,6b361ce06b,2025-01-05T17:01:49Z,markdown formatting,other,Unknown,4,6,1,0,1,0,3,10,17,6,1,0,1,4,29.1,0.0,4.4,2,0.57,0.2,1.5,0
pallets/flask,959052fb8d,2025-01-05T17:02:41Z,"use global contributing guide  Remove the per-project files so we don't have to keep them in sync. GitHub's UI links to everything except the contributing guide, so add a section about that to the rea",feature,Unknown,18,317,5,0,4,0,100,335,17,6,1,0,0,7,4.9,0.0,5.1,2,0.06,0.2632,16.67,0
pallets/flask,60a11a730e,2025-01-05T17:02:41Z,"use global contributing guide  Remove the per-project files so we don't have to keep them in sync. GitHub's UI links to everything except the contributing guide, so add a section about that to the rea",feature,Unknown,18,317,5,0,4,0,100,335,17,6,1,0,0,7,1.2,0.0,3.6,2,0.06,0.2632,16.67,0
pallets/flask,f51a23839a,2025-01-25T22:12:11Z,fix bash cli syntax error and app name,bugfix,Unknown,2,2,1,0,1,0,1,4,22,5,1,1,1,1,27.9,0.0,7.4,2,0.67,0.3333,0.5,1
pallets/flask,da60039486,2025-01-30T03:22:52Z,"Handle help arg by itself the same as no args  When the 'flask' command is used with only the '--help' parameter, this change will make sure to try and load the app before the help callback is run. Th",other,Python,5,1,2,0,1,0,2,6,3,3,0,1,2,7,8.3,0.0,8.5,3,2.5,0.3333,0.67,0
pallets/flask,fb54159861,2025-03-10T16:34:12Z,secret key rotation: fix key list ordering  The `itsdangerous` serializer interface[1] expects keys to be provided with the oldest key at index zero and the active signing key at the end of the list. ,bugfix,Python,15,5,3,1,1,1,6,20,16,0,0,0,2,6,9.6,33.3,5.5,3,2.5,0.1875,1.5,1
pallets/flask,2ae36c8dd5,2025-03-24T09:42:52Z,Remove HTTP Public Key Pinning from docs  The header is considered obsolete and no longer supported by any major browser. MDN link is dead.,refactor,Unknown,0,13,1,0,1,0,3,13,9,0,0,0,0,2,1.7,0.0,4.3,4,0.0,1.0,1.5,0
pallets/flask,235c52fa10,2025-03-29T21:37:13Z,fix rtd build,bugfix,Unknown,1,0,1,0,0,0,1,1,21,5,1,0,1,1,25.7,0.0,9.7,4,1.0,0.5,0.5,1
pallets/flask,165af0a090,2025-03-29T21:44:59Z,update dev dependencies,other,Python,64,58,10,3,4,1,39,122,21,5,1,0,2,1,4.4,30.0,8.7,5,1.08,0.1538,3.55,0
pallets/flask,04b070fa26,2025-03-29T21:49:06Z,Fix typo in the docs (#5650),bugfix,Unknown,1,1,1,0,1,0,1,2,21,5,1,0,1,7,14.7,0.0,5.9,5,0.5,0.5,0.5,1
pallets/flask,08c480b3b3,2025-03-29T22:10:55Z,Update app factory docs (#5671),docs,Unknown,2,2,1,0,1,0,1,4,22,5,1,1,2,0,2.9,0.0,5.9,6,0.67,0.3333,0.5,0
pallets/flask,5ea0ab8ea2,2025-03-29T22:15:04Z,Handle help arg by itself the same as no args (#5674),other,Python,5,1,2,0,1,0,2,6,22,5,1,1,0,1,1.4,0.0,1.5,6,2.5,0.3333,0.67,0
pallets/flask,c7c8dc38ea,2025-03-29T22:17:48Z,Remove HTTP Public Key Pinning from docs (#5695),refactor,Unknown,0,13,1,0,1,0,3,13,22,5,1,1,2,6,4.7,0.0,3.4,6,0.0,1.0,1.5,0
pallets/flask,7d5d187458,2025-03-29T22:23:34Z,better type checking during deprecation,other,Python,14,13,1,0,0,0,8,27,22,5,1,1,2,2,16.0,0.0,6.5,6,1.0,0.0667,4.0,0
pallets/flask,315ebc1176,2025-03-29T22:28:27Z,better type checking during deprecation (#5700),other,Python,14,13,1,0,0,0,8,27,22,5,1,1,0,6,10.5,0.0,6.3,6,1.0,0.0667,4.0,0
pallets/flask,c94d2a77db,2025-03-29T22:30:56Z,add endpoint name in favicon example,feature,Unknown,5,2,1,0,1,0,2,7,22,5,1,1,0,3,8.3,0.0,9.6,6,1.67,0.1667,1.0,0
pallets/flask,2732c4db66,2025-03-29T22:32:28Z,add endpoint name in favicon example (#5701),feature,Unknown,5,2,1,0,1,0,2,7,22,5,1,1,2,6,19.4,0.0,5.1,6,1.67,0.1667,1.0,0
pallets/flask,41ec5760a2,2025-03-29T22:42:58Z,remove tests about deprecated pkgutil.get_loader,refactor,Python,3,35,2,2,0,1,11,38,22,5,1,1,2,5,16.3,100.0,2.7,6,0.08,0.5,3.67,0
pallets/flask,73ce26c3e8,2025-03-29T22:45:11Z,remove tests about deprecated pkgutil.get_loader (#5702),refactor,Python,3,35,2,2,0,1,11,38,22,5,1,1,1,4,12.9,100.0,3.4,6,0.08,0.5,3.67,0
pallets/flask,bfffe87d4c,2025-03-29T22:57:16Z,add ghsa links,feature,Python,2,0,2,0,1,0,1,2,22,5,1,1,2,2,3.7,0.0,5.6,6,2.0,0.6667,0.33,0
pallets/flask,cbb6c36692,2025-03-29T23:18:43Z,update docs about fallback order,docs,Unknown,6,3,1,0,1,0,3,9,23,5,1,1,1,3,39.1,0.0,3.9,6,1.5,0.1429,1.5,0
pallets/flask,e785166507,2025-03-30T20:15:54Z,Async Iterable Response (#5659),other,Python,6,0,2,0,1,0,2,6,20,6,1,0,0,5,5.2,0.0,8.9,6,6.0,0.2857,0.67,0
pallets/flask,7bf3be8dfa,2025-05-01T15:40:57Z,Update server.rst  made changes to rename system preferences to system settings according to new mac os name change,feature,Unknown,1,1,1,0,1,0,1,2,15,3,0,0,0,4,5.4,0.0,3.8,6,0.5,0.5,0.5,0
pallets/flask,11c45eeba3,2025-05-11T12:58:48Z,update dev dependencies,other,Python,34,34,11,2,5,1,22,68,12,6,1,0,0,3,13.1,18.2,5.9,6,0.97,0.3143,1.83,0
pallets/flask,0109e496f6,2025-05-12T00:45:03Z,use uv,other,Python,1876,534,24,6,7,1,100,2410,0,0,0,1,1,2,1.4,25.0,6.9,6,3.51,0.0128,4.0,0
pallets/flask,941efd4a36,2025-05-12T01:04:35Z,use uv (#5727),other,Python,1876,534,24,6,7,1,100,2410,1,0,0,1,1,0,8.4,25.0,7.7,6,3.51,0.0128,4.0,0
pallets/flask,7fff56f517,2025-05-13T14:51:12Z,release version 3.1.1,other,Unknown,4,4,3,0,1,0,2,8,14,1,0,0,1,2,4.7,0.0,5.1,6,0.8,0.6,0.5,0
pallets/flask,57e7286948,2025-05-13T15:01:42Z,release version 3.1.1 (#5730),other,Unknown,4,4,3,0,1,0,2,8,15,1,0,0,0,3,2.6,0.0,9.9,6,0.8,0.6,0.5,0
pallets/flask,bbaf13333f,2025-05-13T15:09:39Z,fix syntax,bugfix,Unknown,2,2,1,0,1,0,1,4,15,1,0,0,0,6,9.9,0.0,4.8,6,0.67,0.3333,0.5,1
pallets/flask,52df9eed45,2025-05-13T15:31:54Z,drop end of life python versions,other,Python,78,284,11,2,3,1,100,362,15,1,0,0,2,5,1.0,18.2,9.8,7,0.27,0.1392,8.33,0
pallets/flask,a5f9742398,2025-05-13T15:35:41Z,drop end of life python versions (#5731),other,Python,78,284,11,2,3,1,100,362,15,1,0,0,1,7,7.5,18.2,1.6,7,0.27,0.1392,8.33,0
pallets/flask,daf1510a4b,2025-05-17T04:17:18Z,use template_filter without parens,other,Python,272,23,6,2,2,1,100,295,4,5,1,1,2,6,4.6,33.3,2.3,7,11.33,0.022,14.29,0
pallets/flask,184ec3c545,2025-05-18T15:11:00Z,Fix global CONTRIBUTING link,bugfix,Unknown,1,1,1,0,1,0,1,2,15,6,1,0,2,4,1.8,0.0,1.2,7,0.5,0.5,0.5,1
pallets/flask,a42c4d54a3,2025-05-20T16:30:04Z,Fix global CONTRIBUTING link (#5737),bugfix,Unknown,1,1,1,0,1,0,1,2,16,1,0,0,1,3,1.3,0.0,7.1,8,0.5,0.5,0.5,1
pallets/flask,0f83958247,2025-05-21T18:35:11Z,demonstrate escaping with query string  slash in value would be interpreted as a path separator in the URL,other,Unknown,6,8,1,0,1,0,4,14,18,2,0,0,2,4,36.3,0.0,5.2,9,0.67,0.1429,2.0,0
pallets/flask,adeea00707,2025-06-08T16:43:05Z,remove slsa provenance  PyPI trusted publishing has its own attestation support now.,refactor,Unknown,3,26,2,0,0,0,8,29,16,6,1,0,2,2,23.9,0.0,9.4,9,0.11,0.5,2.67,0
pallets/flask,f04c5e6964,2025-06-08T16:52:11Z,update dev dependencies,other,Python,239,229,11,2,0,1,100,468,16,6,1,0,0,6,11.6,18.2,4.6,9,1.04,0.0458,8.33,0
pallets/flask,a758915893,2025-06-09T21:31:31Z,svg logo,other,Python,9,3,9,0,2,0,4,12,21,0,0,0,0,1,23.2,0.0,6.8,9,2.25,0.9,0.4,0
pallets/flask,a7b67c99f9,2025-06-09T21:33:26Z,svg logo (#5757),other,Python,9,3,9,0,2,0,4,12,21,0,0,0,0,0,18.3,0.0,6.6,9,2.25,0.9,0.4,0
pallets/flask,2b42a803a2,2025-06-10T04:20:36Z,cleanup svg,refactor,Unknown,3,3,3,0,0,0,1,6,4,1,0,1,1,5,21.1,0.0,1.7,9,0.75,0.75,0.25,0
pallets/flask,f17d986948,2025-06-10T20:18:15Z,cleanup svg,refactor,Unknown,59,3,3,0,0,0,21,62,20,1,0,0,0,7,15.7,0.0,7.9,9,14.75,0.05,5.25,0
pallets/flask,85cc710464,2025-06-12T20:46:49Z,svg logo,other,Python,48,52,8,0,2,0,32,100,20,3,0,0,1,1,16.7,0.0,9.8,9,0.91,0.1633,3.56,0
pallets/flask,d44f1c6523,2025-07-16T09:21:50Z,relax type hint for bytes io,other,Python,2,1,2,0,1,0,1,3,9,2,0,0,0,0,1.0,0.0,8.9,9,1.0,0.6667,0.33,0
pallets/flask,4dd52ca9c7,2025-08-07T04:44:28Z,Update GitHub Actions workflow for artifact handling,other,Unknown,16,3,1,0,0,0,6,19,4,3,0,1,2,7,5.6,0.0,6.8,9,4.0,0.0588,3.0,0
pallets/flask,53b8f08218,2025-08-18T16:41:03Z,push preserved contexts in correct order,other,Python,15,23,3,2,1,1,12,38,16,0,0,0,1,6,2.2,66.7,8.9,9,0.62,0.1875,3.0,0
pallets/flask,5addaf833b,2025-08-18T16:42:21Z,start version 3.1.2,other,Unknown,9,3,3,0,1,0,4,12,16,0,0,0,0,6,26.7,0.0,3.7,9,2.25,0.3,1.0,0
pallets/flask,24824ff666,2025-08-18T16:56:39Z,push preserved contexts in correct order (#5797),other,Python,15,23,3,2,1,1,12,38,16,0,0,0,1,5,27.1,66.7,4.5,9,0.62,0.1875,3.0,0
pallets/flask,7fea7cf156,2025-08-18T17:08:07Z,Update macOS UI reference to “System Settings” (#5723),other,Unknown,1,1,1,0,1,0,1,2,17,0,0,0,2,7,3.6,0.0,9.2,9,0.5,0.5,0.5,0
pallets/flask,c56c5ec7c4,2025-08-18T17:20:06Z,Docs: Fix escaping in HTML escaping example (#5742),bugfix,Unknown,6,8,1,0,1,0,4,14,17,0,0,0,0,2,1.1,0.0,8.8,9,0.67,0.1429,2.0,1
pallets/flask,1dfd7cd555,2025-08-18T17:26:12Z,use IO[bytes] instead of BinaryIO for wider compatibility (#5777),other,Python,2,1,2,0,1,0,1,3,17,0,0,0,0,5,1.9,0.0,5.1,10,1.0,0.6667,0.33,0
pallets/flask,ff64079a51,2025-08-18T17:51:12Z,update flask-talisman link,other,Unknown,1,1,1,0,1,0,1,2,17,0,0,0,2,5,19.7,0.0,5.9,10,0.5,0.5,0.5,0
pallets/flask,b228ca3d87,2025-08-18T18:42:48Z,security docs for TRUSTED_HOSTS,docs,Unknown,21,0,1,0,1,0,7,21,18,0,0,0,0,3,18.5,0.0,2.9,10,21.0,0.0455,3.5,0
pallets/flask,49b7e7bc8f,2025-08-18T18:44:57Z,security docs for TRUSTED_HOSTS (#5798),docs,Unknown,21,0,1,0,1,0,7,21,18,0,0,0,1,6,5.1,0.0,6.8,10,21.0,0.0455,3.5,0
pallets/flask,9822a03515,2025-08-19T15:18:55Z,refactor stream_with_context for async views,refactor,Python,63,32,3,1,1,1,31,95,15,1,0,0,0,3,5.6,33.3,7.2,10,1.91,0.0469,7.75,0
pallets/flask,38b4c1e19b,2025-08-19T15:23:51Z,refactor stream_with_context for async views (#5799),refactor,Python,63,32,3,1,1,1,31,95,15,1,0,0,2,2,5.6,33.3,6.7,10,1.91,0.0469,7.75,0
pallets/flask,d8259eb119,2025-08-19T17:43:16Z,use Jinja name consistently,other,Python,31,31,9,0,7,0,20,62,17,1,0,0,2,3,8.3,0.0,4.0,10,0.97,0.2812,2.0,0
pallets/flask,edebd37044,2025-08-19T19:29:47Z,"rewrite docs, clean up typing for template decorators",refactor,Python,228,179,3,0,1,0,100,407,19,1,0,0,0,0,5.4,0.0,9.3,10,1.27,0.0131,25.0,0
pallets/flask,ed1c9e953e,2025-08-19T19:36:00Z,support call template_filter without parens (#5736),other,Python,410,112,6,2,2,1,100,522,19,1,0,0,1,1,18.1,33.3,1.3,10,3.63,0.0146,14.29,0
pallets/flask,55c6255657,2025-08-19T20:41:24Z,update dev dependencies,other,Unknown,444,398,5,1,0,1,100,842,20,1,0,0,2,4,0.7,20.0,4.1,10,1.11,0.0112,16.67,0
pallets/flask,2c1b30d050,2025-08-19T20:42:11Z,release version 3.1.2,other,Unknown,5,5,3,0,1,0,3,10,20,1,0,0,0,6,4.8,0.0,7.6,10,0.83,0.5,0.75,0
pallets/flask,1292419ddf,2025-08-19T20:56:49Z,Update GitHub Actions workflow for artifact handling (#5795),other,Unknown,16,3,1,0,0,0,6,19,20,1,0,0,2,3,34.4,0.0,6.1,10,4.0,0.0588,3.0,0
pallets/flask,85793d6c22,2025-08-19T21:03:43Z,release version 3.1.2 (#5800),other,Unknown,5,5,3,0,1,0,3,10,21,1,0,0,1,4,23.4,0.0,2.7,10,0.83,0.5,0.75,0
pallets/flask,dbd4c28825,2025-09-06T16:31:22Z,Changed the static annotated type of select_jinja_autoescape method in src/flask/sansio/app.py,other,Python,1,1,1,0,0,0,1,2,16,5,1,0,2,6,22.4,0.0,8.6,10,0.5,0.5,0.5,0
pallets/flask,c2705ffd9c,2025-09-12T21:52:03Z,merge app and request context,other,Python,779,1007,36,8,20,1,100,1786,21,4,0,0,1,4,1.8,22.2,8.5,10,0.77,0.0462,2.7,0
pallets/flask,adf363679d,2025-09-19T23:45:27Z,merge app and request context (#5812),other,Python,779,1007,36,8,20,1,100,1786,23,4,0,1,2,0,15.9,22.2,10.0,10,0.77,0.0462,2.7,0
pallets/flask,6a64969009,2025-09-19T23:58:48Z,pass context through dispatch methods,bugfix,Python,167,72,6,2,1,1,80,239,23,4,0,1,0,7,1.7,33.3,7.6,10,2.29,0.0357,11.43,1
pallets/flask,88a65bb374,2025-10-14T20:26:26Z,Docs typo/markup fixes (#5829),bugfix,Unknown,5,5,2,0,2,0,3,10,20,1,0,0,1,3,1.1,0.0,7.6,11,0.83,0.3333,1.0,1
pallets/flask,709f83f6a3,2025-11-05T17:13:26Z,pre-commit: Add codespell,feature,Unknown,9,0,2,0,0,0,3,9,17,2,0,0,1,3,34.2,0.0,2.1,12,9.0,0.2,1.0,0
pallets/flask,70d04b5a26,2025-11-17T16:49:53Z,pass context through dispatch methods (#5818),bugfix,Python,167,72,6,2,1,1,80,239,16,0,0,0,2,0,8.9,33.3,10.0,12,2.29,0.0357,11.43,1
pallets/flask,da6d075dfd,2025-11-17T17:43:40Z,update dev dependencies,other,Python,1040,643,6,1,0,1,100,1683,17,0,0,0,1,2,31.0,16.7,2.4,13,1.61,0.0058,14.29,0
pallets/flask,917000097f,2025-11-17T18:02:53Z,test py3.14,test,Unknown,8,6,2,1,0,1,4,14,18,0,0,0,0,3,0.4,50.0,1.9,13,1.14,0.2222,1.33,0
pallets/flask,607d1948b8,2025-11-17T18:05:39Z,split free threading envs,other,Unknown,4,2,1,1,0,1,1,6,18,0,0,0,2,0,1.5,100.0,3.1,13,1.33,0.2,0.5,0
pallets/flask,ad68a12645,2025-11-28T19:05:47Z,drop experimental 3.13t test env,test,Unknown,2,3,2,1,0,1,1,5,19,4,0,0,1,2,2.9,50.0,8.3,13,0.5,0.6667,0.33,0
pallets/flask,fe3b215d3a,2025-12-17T14:44:15Z,"Increase required flit_core version to 3.11  Needed since Flask 3.1.1 after having set the ""license"" keyword to an SPDX license expression. Avoids this possible build error:    flit_core.config.Config",bugfix,Unknown,1,1,1,0,0,0,1,2,14,2,0,0,1,0,43.0,0.0,9.7,13,0.5,0.5,0.5,1
pallets/flask,97bddc1f61,2026-01-05T16:49:46Z,update dev dependencies,other,Unknown,372,183,7,1,0,1,100,555,16,0,0,0,0,3,0.8,14.3,6.7,14,2.02,0.0188,12.5,0
pallets/flask,3d03098a97,2026-01-20T13:16:17Z,"Abort if the instance folder cannot be created  According to the comment, the instance folder should exist in any case. But a PermissionError was ignored silently.  Since Python 3.9 is the minimum req",feature,Python,2,8,2,0,1,0,3,10,13,1,0,0,2,3,11.9,0.0,4.3,14,0.22,0.6667,1.0,1
pallets/flask,eca5fd1dfd,2026-01-25T00:50:54Z,redirect defaults to 303,other,Python,14,3,4,0,2,0,5,17,0,6,1,1,2,5,21.5,0.0,8.7,15,3.5,0.2667,1.0,1
pallets/flask,64dd0809c2,2026-01-25T01:14:20Z,update dev dependencies,other,Unknown,398,276,5,1,0,1,100,674,1,6,1,1,0,4,0.1,20.0,1.4,16,1.44,0.0125,16.67,0
pallets/flask,809d5a8869,2026-01-25T01:18:35Z,redirect defaults to 303 (#5898),other,Python,14,3,4,0,2,0,5,17,1,6,1,1,1,4,6.0,0.0,9.5,16,3.5,0.2667,1.0,1
pallets/flask,25642fd1fd,2026-01-25T02:25:31Z,fix annotation for select_jinja_autoescape (#5808),bugfix,Python,1,1,1,0,0,0,1,2,2,6,1,1,1,1,4.4,0.0,3.6,17,0.5,0.5,0.5,1
pallets/flask,30da640ffe,2026-01-25T02:46:56Z,clarify 415 vs 400 errors for request.json (#5827),other,Unknown,5,3,1,0,1,0,2,8,2,6,1,1,0,6,2.5,0.0,4.8,18,1.25,0.1667,1.0,1
pallets/flask,3709c4a9a8,2026-01-25T02:58:45Z,update ruff hook and noqa  co-authored-by: Christian Clauss <cclauss@me.com>,other,Python,4,4,3,0,0,0,2,8,2,6,1,1,1,0,14.3,0.0,3.5,19,0.8,0.6,0.5,0
pallets/flask,5559ef42b5,2026-01-25T03:00:23Z,pre-commit: Add codespell (#5844),feature,Python,13,4,4,0,0,0,5,17,3,6,1,1,2,5,2.8,0.0,5.1,19,2.6,0.2857,1.0,0
pallets/flask,4f79d5b59a,2026-01-25T03:04:07Z,Increase required flit_core version to 3.11 (#5865),other,Unknown,1,1,1,0,0,0,1,2,3,6,1,1,2,0,4.0,0.0,9.7,19,0.5,0.5,0.5,0
pallets/flask,9b74a90dd3,2026-01-25T03:11:02Z,fix codespell findings,bugfix,Unknown,4,5,4,0,3,0,2,9,3,6,1,1,0,4,2.8,0.0,8.5,19,0.67,0.8,0.4,1
pallets/flask,c77a520343,2026-01-25T03:50:30Z,deprecate should_ignore_error,other,Python,27,9,3,0,1,0,12,36,3,6,1,1,0,1,5.5,0.0,5.6,20,2.7,0.1071,3.0,1
pallets/flask,0292047b22,2026-01-25T03:52:11Z,remove unused ruff check rule,refactor,Unknown,0,3,1,0,0,0,1,3,3,6,1,1,2,3,14.2,0.0,4.3,21,0.0,1.0,0.5,0
pallets/flask,4b8bde97d4,2026-01-25T03:53:11Z,deprecate `should_ignore_error` (#5899),other,Python,27,9,3,0,1,0,12,36,3,6,1,1,0,6,2.8,0.0,4.4,21,2.7,0.1071,3.0,1
pallets/flask,ac5664d228,2026-01-25T18:31:31Z,document using gevent for async,docs,Unknown,168,142,9,0,9,0,100,310,18,6,1,0,1,0,32.9,0.0,3.1,22,1.17,0.0533,10.0,0
pallets/flask,407eb76b27,2026-01-25T18:35:12Z,document using gevent for async (#5900),docs,Unknown,168,142,9,0,9,0,100,310,18,6,1,0,0,1,5.5,0.0,2.6,22,1.17,0.0533,10.0,0
pallets/flask,4e652d3f68,2026-01-28T15:43:00Z,Abort if the instance folder cannot be created (#5903),other,Python,2,8,2,0,1,0,3,10,15,2,0,0,1,7,3.6,0.0,4.3,22,0.22,0.6667,1.0,0
pallets/flask,5e621a2801,2026-02-03T18:19:45Z,update domain matching tests for Werkzeug 3.2,test,Python,69,28,3,1,0,1,32,97,18,1,0,0,0,0,3.4,33.3,1.5,22,2.38,0.0429,8.0,0
pallets/flask,976459f7cb,2026-02-03T18:20:49Z,fix editable werkzeug,bugfix,Unknown,6,42,2,0,0,0,14,48,18,1,0,0,0,3,25.1,0.0,6.9,22,0.14,0.2857,4.67,1
pallets/flask,663198d7b4,2026-02-03T18:22:19Z,update dev dependencies,other,Unknown,114,120,5,1,0,1,75,234,18,1,0,0,1,7,1.6,20.0,1.8,23,0.94,0.0435,12.5,0
pallets/flask,e82db2ca3a,2026-02-12T21:03:03Z,fix provide_automatic_options override,bugfix,Python,96,86,7,4,2,1,59,182,21,3,0,0,1,3,30.1,57.1,3.5,23,1.1,0.0722,7.38,1
pallets/flask,12e95c93b4,2026-02-12T21:07:50Z,fix provide_automatic_options override (#5917),bugfix,Python,96,86,7,4,2,1,59,182,21,3,0,0,0,7,3.0,57.1,4.7,24,1.1,0.0722,7.38,1
pallets/flask,d98eb69a35,2026-02-12T21:11:01Z,revert cli test change,test,Python,2,7,1,1,0,1,2,9,21,3,0,0,2,2,8.6,100.0,3.4,25,0.25,0.3333,1.0,0
pallets/flask,27be933840,2026-02-18T22:52:52Z,start version 3.1.3,other,Unknown,9,3,3,0,1,0,4,12,22,2,0,1,0,4,17.7,0.0,2.4,25,2.25,0.3,1.0,0
pallets/flask,c17f379390,2026-02-19T03:02:54Z,request context tracks session access,other,Python,74,53,6,1,1,1,41,127,3,3,0,1,0,6,16.4,16.7,3.9,25,1.37,0.08,5.86,0
pallets/flask,22d924701a,2026-02-19T03:41:55Z,release version 3.1.3,other,Unknown,3,3,3,0,1,0,1,6,3,3,0,1,2,3,3.7,0.0,5.9,25,0.75,0.75,0.25,0
pallets/flask,f00ad424ee,2026-02-19T05:01:53Z,release version 3.1.3 (#5924),other,Unknown,3,3,3,0,1,0,1,6,5,3,0,1,2,1,8.1,0.0,2.0,25,0.75,0.75,0.25,0
pallets/flask,a411a2434b,2026-02-19T16:35:48Z,add back opening session on context push,feature,Python,21,9,1,0,0,0,10,30,16,3,0,0,2,7,28.3,0.0,7.4,25,2.1,0.0455,5.0,0
pallets/flask,7b0088693e,2026-02-19T16:42:33Z,fix typing,bugfix,Python,2,2,1,0,0,0,1,4,16,3,0,0,2,2,28.5,0.0,6.3,25,0.67,0.3333,0.5,1
pallets/flask,fbb6f0bc4c,2026-02-20T03:41:50Z,all teardown callbacks are called despite errors,other,Python,194,80,10,5,2,1,91,274,3,4,0,1,2,0,7.9,50.0,4.5,26,2.4,0.0513,8.27,1
pallets/flask,c34d6e81fd,2026-02-20T04:00:34Z,all teardown callbacks are called despite errors (#5928),other,Python,194,80,10,5,2,1,91,274,4,4,0,1,2,1,5.9,50.0,2.1,27,2.4,0.0513,8.27,1
pallets/flask,a29f88ce6f,2026-03-04T15:36:09Z,document that headers must be set before streaming,docs,Python,55,8,4,0,2,0,21,63,15,2,0,0,1,4,5.3,0.0,6.7,28,6.11,0.0714,4.2,0
pallets/flask,560c119e3d,2026-03-08T23:05:00Z,add zizmor to scan workflows,feature,Unknown,51,9,5,1,0,1,20,60,23,6,1,1,2,5,12.7,20.0,5.2,28,5.1,0.0962,3.33,0
pallets/flask,4774385abd,2026-03-08T23:15:00Z,add zizmor to scan workflows (#5945),feature,Unknown,51,9,5,1,0,1,20,60,23,6,1,1,0,0,0.1,20.0,4.2,28,5.1,0.0962,3.33,0
pallets/flask,a197702e2c,2026-03-08T23:20:07Z,update dev dependencies,other,Unknown,617,495,6,1,0,1,100,1112,23,6,1,1,0,2,9.5,16.7,2.9,28,1.24,0.0097,14.29,0
pallets/flask,91c6b3fecf,2026-03-24T13:47:30Z,remove unicode host test,refactor,Python,0,21,1,1,0,1,6,21,13,1,0,0,0,3,21.5,100.0,5.8,28,0.0,1.0,3.0,0
pallets/flask,7ef2946fb5,2026-03-24T13:55:57Z,remove unicode host test (#5962),refactor,Python,0,21,1,1,0,1,6,21,13,1,0,0,0,0,0.0,100.0,2.6,28,0.0,1.0,3.0,0
pallets/flask,83dbcb222a,2026-04-03T22:59:16Z,update dev dependencies,other,Unknown,460,329,6,1,0,1,100,789,22,4,0,1,2,6,19.0,16.7,1.9,28,1.39,0.013,14.29,0
pallets/flask,b21425d6df,2026-04-05T18:13:13Z,reduce venv size,other,Unknown,3,3,2,1,0,1,1,6,18,6,1,0,1,5,16.0,50.0,1.5,28,0.75,0.5,0.33,0
pallets/flask,a31e6b7346,2026-04-05T19:31:01Z,remove werkzeug host tests,refactor,Python,0,48,1,1,0,1,14,48,19,6,1,0,1,3,21.1,100.0,5.5,28,0.0,1.0,7.0,0
pallets/flask,689362089e,2026-04-09T04:01:29Z,fix typo,bugfix,Unknown,1,1,1,0,1,0,1,2,4,3,0,1,0,4,9.5,0.0,7.9,28,0.5,0.5,0.5,1
psf/requests,774a0b837a,2023-10-18T12:59:43Z,"docs(socks): same block as other sections  strange formatting: https://docs.python-requests.org/en/latest/user/advanced/#socks",test,Unknown,1,3,1,0,1,0,1,4,12,2,0,0,0,3,2.9,0.0,9.4,0,0.25,0.5,0.5,0
psf/requests,60047ade64,2024-04-15T16:40:35Z,Bump github/codeql-action from 3.24.0 to 3.25.0  Bumps [github/codeql-action](https://github.com/github/codeql-action) from 3.24.0 to 3.25.0. - [Release notes](https://github.com/github/codeql-action/,docs,Unknown,3,3,1,0,0,0,1,6,16,0,0,0,1,2,38.5,0.0,5.3,0,0.75,0.25,0.5,0
psf/requests,2d5f54779a,2024-04-23T17:50:19Z,Pin 3.8 and 3.9 runners back to macos-13 (#6688),other,Unknown,9,0,1,1,0,1,3,9,17,1,0,0,2,0,0.2,100.0,6.9,0,9.0,0.1,1.5,0
psf/requests,bf24b7d8d1,2024-05-12T20:08:24Z,Use an invalid URI that will not cause httpbin to throw 500,other,Python,1,1,1,1,0,1,1,2,20,6,1,0,0,6,9.3,100.0,7.1,0,0.5,0.5,0.5,0
psf/requests,555b870eb1,2024-05-14T21:59:26Z,Allow character detection dependencies to be optional in post-packaging steps,other,Python,60,23,5,1,0,1,27,83,21,1,0,0,1,2,9.3,20.0,7.5,0,2.5,0.082,4.5,0
psf/requests,9a40d12778,2024-05-15T20:07:26Z,Avoid reloading root certificates to improve concurrent performance (#6667),other,Python,28,18,1,0,0,0,15,46,20,2,0,0,2,2,17.5,0.0,3.6,0,1.47,0.0345,7.5,0
psf/requests,d6ebc4a2f1,2024-05-20T15:46:49Z,v2.32.0,other,Python,48,2,2,0,1,0,17,50,15,0,0,0,2,1,16.8,0.0,4.3,0,16.0,0.0408,5.67,0
psf/requests,970e8cec98,2024-05-20T22:02:29Z,v2.32.1,other,Python,10,2,3,0,1,0,4,12,22,0,0,1,2,0,8.0,0.0,3.5,0,3.33,0.2727,1.0,0
psf/requests,aa1461b68a,2024-05-21T12:40:52Z,Move _get_connection to get_connection_with_tls_context,refactor,Python,21,6,1,0,0,0,9,27,12,1,0,0,1,2,3.9,0.0,7.5,0,3.0,0.0455,4.5,0
psf/requests,92075b330a,2024-05-21T16:28:30Z,Add deprecation warning,feature,Python,10,0,1,0,0,0,3,10,16,1,0,0,2,6,11.0,0.0,1.8,0,10.0,0.0909,1.5,0
psf/requests,88dce9d854,2024-05-21T18:49:22Z,v2.32.2,other,Python,16,2,2,0,1,0,6,18,18,1,0,0,2,4,7.0,0.0,5.8,0,5.33,0.1176,2.0,0
psf/requests,a62a2d35d9,2024-05-22T11:51:48Z,Allow for overriding of specific pool key params  This re-enables the use case of providing a custom SSLContext via a Transport Adapter as broken in #6655 and reported in #6715  Closes #6715,test,Python,76,9,2,0,1,0,29,85,11,2,0,0,2,3,2.9,0.0,7.4,0,7.6,0.026,9.67,1
psf/requests,6badbac6e0,2024-05-22T20:43:57Z,Update HISTORY.md,other,Unknown,2,2,1,0,1,0,1,4,20,2,0,0,1,4,10.1,0.0,6.5,1,0.67,0.3333,0.5,0
psf/requests,2e1452234d,2024-05-23T18:51:07Z,Start testing on 3.13 beta,test,Unknown,1,1,1,1,0,1,1,2,18,3,0,0,2,6,7.4,100.0,8.8,1,0.5,0.5,0.5,0
psf/requests,b1d73ddb50,2024-05-24T16:00:52Z,Don't use default SSLContext with custom poolmanager kwargs,other,Python,6,2,1,0,0,0,2,8,16,4,0,0,0,0,1.6,0.0,6.1,1,2.0,0.1429,1.0,1
psf/requests,e188799322,2024-05-29T15:23:39Z,Don't create default SSLContext if ssl module isn't present (#6724),other,Python,19,5,1,0,0,0,8,24,15,2,0,0,0,3,8.0,0.0,8.2,2,3.17,0.05,4.0,1
psf/requests,0e322af877,2024-05-29T15:36:10Z,v2.32.3,other,Python,6,4,2,0,1,0,3,10,15,2,0,0,0,3,56.2,0.0,7.5,3,1.2,0.2857,1.0,0
psf/requests,f8aa36b92d,2024-07-02T01:08:04Z,Test on urllib3 1.26.x,test,Unknown,20,0,1,1,0,1,7,20,1,1,0,1,1,7,4.2,100.0,3.6,3,20.0,0.0476,3.5,0
psf/requests,4e383642a9,2024-07-18T16:43:49Z,Add conditional string encoding based on urllib3 major version,feature,Python,40,18,3,1,0,1,19,58,16,3,0,0,1,1,1.7,33.3,6.6,3,2.11,0.0732,4.75,0
psf/requests,01353d3b4a,2024-07-23T11:28:03Z,Invert major version check,other,Python,7,7,3,1,0,1,4,14,11,1,0,0,0,3,4.3,33.3,8.8,3,0.88,0.375,1.0,0
psf/requests,8ff173b186,2024-07-28T12:44:06Z,Clarify error description in cloning instructions  This clarifies the error description in the 'Cloning the repository' section of the README. The current wording mentions 'an error about a bad commit,test,Unknown,1,1,1,0,1,0,1,2,12,6,1,0,0,5,36.7,0.0,2.9,3,0.5,0.5,0.5,1
psf/requests,15e1f17bb6,2024-07-29T03:49:48Z,remove setuptools test command,refactor,Python,0,26,1,0,0,0,7,26,3,0,0,1,1,0,7.4,0.0,2.7,4,0.0,1.0,3.5,0
psf/requests,877892e67e,2024-08-12T16:23:16Z,Bump github/codeql-action from 3.25.0 to 3.26.0  Bumps [github/codeql-action](https://github.com/github/codeql-action) from 3.25.0 to 3.26.0. - [Release notes](https://github.com/github/codeql-action/,docs,Unknown,3,3,1,0,0,0,1,6,16,0,0,0,2,1,12.2,0.0,2.0,4,0.75,0.25,0.5,0
psf/requests,173890a48e,2024-09-02T16:56:26Z,Bump actions/setup-python from 5.1.0 to 5.2.0  Bumps [actions/setup-python](https://github.com/actions/setup-python) from 5.1.0 to 5.2.0. - [Release notes](https://github.com/actions/setup-python/rele,other,Unknown,4,4,2,1,0,1,2,8,16,0,0,0,0,1,8.3,50.0,5.5,4,0.8,0.4,0.67,0
psf/requests,83e67c4485,2024-09-18T14:04:08Z,use allow-prereleases: true instead of 3.13-dev,other,Unknown,2,1,1,1,0,1,1,3,14,2,0,0,1,7,13.6,100.0,1.6,4,1.0,0.3333,0.5,0
psf/requests,92f10cec5b,2024-09-18T14:04:53Z,upgrade to pytest-httpbin 2.1.0rc1,test,Python,2,2,2,0,1,0,1,4,14,2,0,0,1,7,18.2,0.0,9.1,4,0.67,0.6667,0.33,0
psf/requests,314e7c9c70,2024-09-18T15:36:43Z,upgrade to pytest-httpbin 2.1.0 final,test,Python,2,2,2,0,1,0,1,4,15,2,0,0,2,4,25.4,0.0,5.3,4,0.67,0.6667,0.33,0
psf/requests,f519bbae33,2024-09-18T18:14:19Z,add trove classifier for 3.13,feature,Python,1,0,1,0,0,0,1,1,18,2,0,0,1,1,0.3,0.0,1.9,4,1.0,0.5,0.5,0
psf/requests,5984296b6a,2024-09-18T18:40:02Z,Update tox.ini,other,Unknown,1,1,1,0,0,0,1,2,18,2,0,0,2,5,9.2,0.0,8.1,4,0.5,0.5,0.5,0
psf/requests,96ba401c12,2024-09-25T15:03:20Z,Only use hostname to do netrc lookup instead of netloc,other,Python,1,7,1,0,0,0,2,8,15,2,0,0,2,6,0.9,0.0,9.9,4,0.12,0.5,1.0,0
psf/requests,0bff2d94e6,2024-09-30T16:34:20Z,Bump actions/checkout from 4.1.0 to 4.2.0  Bumps [actions/checkout](https://github.com/actions/checkout) from 4.1.0 to 4.2.0. - [Release notes](https://github.com/actions/checkout/releases) - [Changel,docs,Unknown,5,5,3,1,0,1,3,10,16,0,0,0,2,6,9.9,33.3,8.5,4,0.83,0.5,0.75,0
psf/requests,3f07f990ac,2024-10-04T13:18:45Z,Fix typo in documentation for verify,bugfix,Python,1,1,1,0,0,0,1,2,13,4,0,0,2,0,8.6,0.0,8.5,4,0.5,0.5,0.5,1
psf/requests,26664fa578,2024-10-28T16:05:11Z,Bump actions/setup-python from 5.2.0 to 5.3.0  Bumps [actions/setup-python](https://github.com/actions/setup-python) from 5.2.0 to 5.3.0. - [Release notes](https://github.com/actions/setup-python/rele,other,Unknown,4,4,2,1,0,1,2,8,16,0,0,0,0,2,27.3,50.0,4.9,5,0.8,0.4,0.67,0
psf/requests,9787d0c09c,2024-10-28T16:05:20Z,Bump github/codeql-action from 3.26.0 to 3.27.0  Bumps [github/codeql-action](https://github.com/github/codeql-action) from 3.26.0 to 3.27.0. - [Release notes](https://github.com/github/codeql-action/,docs,Unknown,3,3,1,0,0,0,1,6,16,0,0,0,1,0,16.5,0.0,2.1,5,0.75,0.25,0.5,0
psf/requests,a6cf27a77f,2024-11-02T20:13:02Z,"Update vulnerability disclosure process (#6820)  * Update contact point for Vulnerability disclosures  * Fix RedHat Contact  * Point vulnerabilities.rst to our .SECURITY file",bugfix,Unknown,6,120,2,0,2,0,38,126,20,5,1,0,0,4,4.3,0.0,5.1,5,0.05,0.2857,12.67,1
psf/requests,ad959acfcf,2024-11-10T05:50:30Z,Remove old macOS runners,refactor,Unknown,0,9,1,1,0,1,2,9,5,6,1,1,2,2,6.2,100.0,6.6,6,0.0,1.0,1.0,0
psf/requests,8c36da656d,2025-01-27T16:56:12Z,Bump github/codeql-action from 3.27.0 to 3.28.5  Bumps [github/codeql-action](https://github.com/github/codeql-action) from 3.27.0 to 3.28.5. - [Release notes](https://github.com/github/codeql-action/,docs,Unknown,3,3,1,0,0,0,1,6,16,0,0,0,0,3,1.3,0.0,6.5,6,0.75,0.25,0.5,0
psf/requests,e361622fae,2025-02-01T19:42:06Z,"docs(exceptions): Remove unused exception URLRequired from documentation  The documentation previously listed `requests.URLRequired` as a valid exception, suggesting it would be raised for invalid URL",refactor,Unknown,0,1,1,0,1,0,1,1,19,5,1,0,1,7,0.9,0.0,1.1,6,0.0,1.0,0.5,1
psf/requests,11f63a330b,2025-02-03T16:27:40Z,Bump actions/setup-python from 5.3.0 to 5.4.0  Bumps [actions/setup-python](https://github.com/actions/setup-python) from 5.3.0 to 5.4.0. - [Release notes](https://github.com/actions/setup-python/rele,other,Unknown,4,4,2,1,0,1,2,8,16,0,0,0,0,6,5.2,50.0,4.3,7,0.8,0.4,0.67,0
psf/requests,d96f9982a2,2025-02-11T15:55:29Z,Update src/requests/models.py  Co-authored-by: Ian Stapleton Cordasco <graffatcolmingov@gmail.com>,other,Python,3,1,1,0,0,0,1,4,15,1,0,0,2,7,5.3,0.0,7.4,7,1.5,0.25,0.5,0
psf/requests,a2fd25ff34,2025-02-11T15:58:59Z,Update models.py,other,Python,1,2,1,0,0,0,1,3,15,1,0,0,0,0,21.3,0.0,2.9,7,0.33,0.5,0.5,0
psf/requests,5d31ddbf7b,2025-02-12T12:28:07Z,Update src/requests/models.py  Co-authored-by: Ian Stapleton Cordasco <graffatcolmingov@gmail.com>,other,Python,1,0,1,0,0,0,1,1,12,2,0,0,1,3,56.5,0.0,1.0,7,1.0,0.5,0.5,0
psf/requests,5074096613,2025-02-17T00:39:07Z,Add CA constraint to test CA  Otherwise recent versions of OpenSSL reject it as an invalid CA certificate (at least once the test certificates are regenerated).  Fixes: #6896,bugfix,Unknown,4,0,1,1,0,1,1,4,0,0,0,1,2,4,12.3,100.0,2.4,7,4.0,0.2,0.5,1
psf/requests,9ebebdef98,2025-02-17T00:41:30Z,Regenerate test certificates  Created using the following command with OpenSSL 3.4.0:      for cert in expired mtls valid/server; do         make -C tests/certs/$cert clean all     done,refactor,Unknown,279,272,12,12,0,1,100,551,0,0,0,1,0,4,0.2,100.0,2.0,8,1.02,0.0429,7.69,0
psf/requests,e946665c59,2025-02-19T02:05:28Z,Update advanced.rst  Add quotes to prevent Zsh wildcard interpretation.,feature,Unknown,1,1,1,0,1,0,1,2,2,2,0,1,2,4,7.0,0.0,3.2,8,0.5,0.5,0.5,0
psf/requests,2019450b43,2025-03-29T13:53:45Z,Add key usage extension to test ca.crt,feature,Unknown,11,10,2,2,0,1,6,21,13,5,1,0,1,4,10.0,100.0,7.7,8,1.0,0.1667,2.0,0
psf/requests,a5cb4284e1,2025-03-31T16:31:10Z,Bump actions/setup-python from 5.4.0 to 5.5.0  Bumps [actions/setup-python](https://github.com/actions/setup-python) from 5.4.0 to 5.5.0. - [Release notes](https://github.com/actions/setup-python/rele,other,Unknown,4,4,2,1,0,1,2,8,16,0,0,0,1,5,14.7,50.0,7.1,8,0.8,0.4,0.67,0
psf/requests,579cd9f233,2025-03-31T17:43:23Z,Drop pypy 3.9 and add pypy 3.11 support,feature,Unknown,10,1,2,1,1,1,3,11,17,0,0,0,1,3,24.5,50.0,2.0,8,5.0,0.1818,1.0,0
psf/requests,4ce9520a1c,2025-04-23T12:44:05Z,Update lint workflow to ubuntu-24.04  Ubuntu 20.04 was the old default and is no longer supported by GitHub Actions,other,Unknown,1,1,1,0,0,0,1,2,12,2,0,0,2,6,27.4,0.0,7.7,8,0.5,0.5,0.5,1
psf/requests,991f05dcd9,2025-04-28T17:28:05Z,Bump actions/setup-python from 5.5.0 to 5.6.0  Bumps [actions/setup-python](https://github.com/actions/setup-python) from 5.5.0 to 5.6.0. - [Release notes](https://github.com/actions/setup-python/rele,other,Unknown,4,4,2,1,0,1,2,8,17,0,0,0,1,5,0.8,50.0,6.7,9,0.8,0.4,0.67,0
psf/requests,c65c780849,2025-05-03T16:39:14Z,Add two more tests exercising the adapter (#6936)  Closes #6935,feature,Python,26,0,1,1,0,1,9,26,16,5,1,0,1,1,6.5,100.0,5.7,9,26.0,0.037,4.5,1
psf/requests,c799b8167a,2025-05-21T16:08:05Z,docs: fix dead links to kenreitz.org,bugfix,Python,3,3,3,0,2,0,1,6,16,2,0,0,2,3,16.9,0.0,4.6,10,0.75,0.75,0.25,1
psf/requests,a7e1c745dc,2025-05-31T16:59:51Z,Update docs/conf.py  Co-authored-by: Nate Prewitt <nate.prewitt@gmail.com>,docs,Python,1,1,1,0,0,0,1,2,16,5,1,0,1,4,8.4,0.0,5.0,11,0.5,0.5,0.5,0
psf/requests,6716d7c9f2,2025-06-01T14:03:51Z,remove links,refactor,Unknown,12,17,2,0,2,0,9,29,14,6,1,0,0,5,6.6,0.0,5.8,11,0.67,0.1538,3.0,0
psf/requests,7bc45877a8,2025-06-05T11:21:46Z,Add new test to check netrc auth leak (#6962)  This patch adds a new test that reproduces the security issue reported here: https://seclists.org/oss-sec/2025/q2/204  Doing a request to a malicious url,bugfix,Python,31,0,1,1,0,1,10,31,11,3,0,0,2,6,0.5,100.0,4.3,11,31.0,0.0312,5.0,1
psf/requests,5b4b64c346,2025-06-05T14:55:33Z,Add more tests to prevent regression of CVE 2024 47081  Remove workaround not needed since py38 for os.path.expanduser.,feature,Python,20,8,2,1,0,1,9,28,14,3,0,0,1,4,8.9,50.0,1.3,12,2.22,0.0952,3.0,1
psf/requests,59f8aa2adf,2025-06-08T17:47:55Z,Add netrc file search information to authentication documentation (#6876),feature,Unknown,11,0,2,0,2,0,3,11,17,6,1,0,1,0,3.5,0.0,1.8,13,11.0,0.1667,1.0,0
psf/requests,821770e822,2025-06-09T15:21:47Z,Bump version and add release notes for v2.32.4,feature,Python,13,2,2,0,1,0,5,15,15,0,0,0,2,3,10.8,0.0,1.4,13,4.33,0.1429,1.67,0
psf/requests,021dc729f0,2025-06-09T16:26:42Z,Polish up release tooling for last manual release,other,Unknown,7,4,1,0,0,0,3,11,16,0,0,0,1,4,0.1,0.0,4.3,13,1.4,0.125,1.5,0
psf/requests,e57b5bf05c,2025-06-10T02:15:28Z,"Add Trusted Publishing Release Workflow  Rather than rely on manual releases from a developer laptop, let's use tag pushes to trigger a workflow to publish artifacts to PyPI. This will leverage truste",feature,Unknown,90,1,2,0,0,0,31,91,2,1,0,1,0,6,10.3,0.0,8.5,13,45.0,0.022,10.33,0
psf/requests,90fee0876a,2025-06-13T16:42:08Z,Revert caching a default SSLContext (#6767),other,Python,16,39,1,0,0,0,17,55,16,4,0,0,0,5,4.0,0.0,4.5,13,0.4,0.0588,8.5,1
psf/requests,91a3eabd3d,2025-06-16T17:38:11Z,Bump github/codeql-action from 3.28.5 to 3.29.0  Bumps [github/codeql-action](https://github.com/github/codeql-action) from 3.28.5 to 3.29.0. - [Release notes](https://github.com/github/codeql-action/,docs,Unknown,3,3,1,0,0,0,1,6,17,0,0,0,2,5,9.1,0.0,4.0,14,0.75,0.25,0.5,0
psf/requests,d58d8aa2f4,2025-07-18T02:09:19Z,docs: clarify timeout parameter uses seconds in Session.request (#6994),docs,Python,1,1,1,0,0,0,1,2,2,4,0,1,1,3,18.5,0.0,1.7,14,0.5,0.5,0.5,0
psf/requests,fec96cd597,2025-07-18T16:24:31Z,Update Makefile rules (#6996),other,Unknown,2,5,1,0,0,0,2,7,16,4,0,0,1,1,8.9,0.0,2.1,14,0.33,0.3333,1.0,0
psf/requests,2edca11103,2025-07-25T20:42:15Z,Add support for Python 3.14 and drop support for Python 3.8 (#6993)  * Add testing for Python 3.14 preview build  * Add trove classifier for Python 3.14  * Remove support for Python 3.8,feature,Python,19,14,7,1,4,1,10,33,20,4,0,0,1,6,25.4,14.3,8.7,14,1.27,0.35,1.25,0
psf/requests,7618dbef01,2025-07-28T19:01:25Z,Bump step-security/harden-runner from 2.12.0 to 2.13.0  Bumps [step-security/harden-runner](https://github.com/step-security/harden-runner) from 2.12.0 to 2.13.0. - [Release notes](https://github.com/,other,Unknown,2,2,1,0,0,0,1,4,19,0,0,0,0,1,5.4,0.0,6.2,14,0.67,0.3333,0.5,0
psf/requests,46e939b552,2025-08-06T05:44:36Z,Update publish workflow to use `artifact-id` instead of `name`  Added artifact-id output to publish workflow and updated download-artifact action version to `v5.0.0`. Also hardens the workflow a bit b,feature,Unknown,6,2,1,0,0,0,2,8,5,2,0,1,0,5,4.6,0.0,3.1,14,2.0,0.1429,1.0,0
psf/requests,b336cb2bc6,2025-08-11T22:15:22Z,Bump actions/checkout from 4.2.0 to 5.0.0  Bumps [actions/checkout](https://github.com/actions/checkout) from 4.2.0 to 5.0.0. - [Release notes](https://github.com/actions/checkout/releases) - [Changel,docs,Unknown,6,6,4,1,0,1,3,12,22,0,0,1,2,5,3.7,25.0,6.0,14,0.86,0.5714,0.6,0
psf/requests,b25c87d7cb,2025-08-18T20:23:20Z,v2.32.5,other,Python,12,2,2,0,1,0,4,14,20,0,0,0,0,3,24.2,0.0,3.5,14,4.0,0.1538,1.33,0
psf/requests,1c49660b84,2025-09-02T02:56:17Z,Bump github/codeql-action from 3.29.0 to 3.30.0  Bumps [github/codeql-action](https://github.com/github/codeql-action) from 3.29.0 to 3.30.0. - [Release notes](https://github.com/github/codeql-action/,docs,Unknown,3,3,1,0,0,0,1,6,2,1,0,1,1,1,10.1,0.0,3.4,14,0.75,0.25,0.5,0
psf/requests,7d8df1df57,2025-09-08T16:18:37Z,Bump pypa/gh-action-pypi-publish from 1.12.4 to 1.13.0  Bumps [pypa/gh-action-pypi-publish](https://github.com/pypa/gh-action-pypi-publish) from 1.12.4 to 1.13.0. - [Release notes](https://github.com/,other,Unknown,1,1,1,0,0,0,1,2,16,0,0,0,0,0,1.4,0.0,4.0,14,0.5,0.5,0.5,0
psf/requests,3c8decb92f,2025-09-09T00:09:47Z,Bump actions/setup-python from 5.6.0 to 6.0.0  Bumps [actions/setup-python](https://github.com/actions/setup-python) from 5.6.0 to 6.0.0. - [Release notes](https://github.com/actions/setup-python/rele,other,Unknown,5,5,3,1,0,1,3,10,0,1,0,1,0,1,38.1,33.3,1.6,14,0.83,0.5,0.75,0
psf/requests,6e4134b204,2025-10-13T16:16:05Z,Bump github/codeql-action from 3.30.0 to 4.30.8  Bumps [github/codeql-action](https://github.com/github/codeql-action) from 3.30.0 to 4.30.8. - [Release notes](https://github.com/github/codeql-action/,docs,Unknown,3,3,1,0,0,0,1,6,16,0,0,0,1,6,27.1,0.0,2.3,14,0.75,0.25,0.5,0
psf/requests,f8bec2f7ca,2026-01-30T21:10:27Z,Fix CI and build failures (#7190)  * Migrate linting from various tooling to Ruff  * Run ruff over codebase  * Drop support for pypy-3.10,bugfix,Python,73,72,19,4,0,1,47,145,21,4,0,0,2,3,8.4,21.1,8.5,14,1.0,0.2568,2.35,1
psf/requests,a389aaad45,2026-01-31T02:12:40Z,Update maintainers in the AUTHORS.rst (#7191)   ---------  Co-authored-by: Ian Stapleton Cordasco <graffatcolmingov@gmail.com>,other,Unknown,7,7,1,0,1,0,4,14,2,5,1,1,1,3,0.9,0.0,4.4,15,0.88,0.125,2.0,0
psf/requests,cb2c800518,2026-01-31T02:25:55Z,Migrate build system to PEP 517 (#7012),other,Python,79,111,3,0,0,0,60,190,2,5,1,1,2,1,12.7,0.0,2.9,15,0.71,0.0375,15.0,0
psf/requests,6c88b6b09f,2026-01-31T02:31:13Z,Bump actions/upload-artifact from 4.6.2 to 5.0.0  Bumps [actions/upload-artifact](https://github.com/actions/upload-artifact) from 4.6.2 to 5.0.0. - [Release notes](https://github.com/actions/upload-a,other,Unknown,1,1,1,0,0,0,1,2,2,5,1,1,2,5,21.7,0.0,2.8,15,0.5,0.5,0.5,0
psf/requests,ca78ca9611,2026-01-31T02:31:33Z,Bump actions/download-artifact from 5.0.0 to 6.0.0  Bumps [actions/download-artifact](https://github.com/actions/download-artifact) from 5.0.0 to 6.0.0. - [Release notes](https://github.com/actions/do,other,Unknown,1,1,1,0,0,0,1,2,2,5,1,1,2,2,2.6,0.0,9.0,15,0.5,0.5,0.5,0
psf/requests,8e398336f8,2026-01-31T02:31:46Z,Bump actions/checkout from 5.0.0 to 6.0.0  Bumps [actions/checkout](https://github.com/actions/checkout) from 5.0.0 to 6.0.0. - [Release notes](https://github.com/actions/checkout/releases) - [Changel,docs,Unknown,6,6,4,1,0,1,3,12,2,5,1,1,0,6,12.4,25.0,5.3,15,0.86,0.5714,0.6,0
psf/requests,42eaeb4da8,2026-01-31T02:31:55Z,Bump actions/setup-python from 6.0.0 to 6.1.0  Bumps [actions/setup-python](https://github.com/actions/setup-python) from 6.0.0 to 6.1.0. - [Release notes](https://github.com/actions/setup-python/rele,other,Unknown,5,5,3,1,0,1,3,10,2,5,1,1,0,7,12.4,33.3,3.3,15,0.83,0.5,0.75,0
psf/requests,968863678b,2026-01-31T02:32:11Z,Bump github/codeql-action from 4.30.8 to 4.31.6  Bumps [github/codeql-action](https://github.com/github/codeql-action) from 4.30.8 to 4.31.6. - [Release notes](https://github.com/github/codeql-action/,docs,Unknown,3,3,1,0,0,0,1,6,2,5,1,1,1,3,6.2,0.0,7.8,15,0.75,0.25,0.5,0
psf/requests,32e26af3af,2026-02-05T01:01:16Z,Start testing Python 3.15 Alpha (#7195)  * Add optional 3.15-dev runners to test matrix  * Set PYO3_USE_ABI3_FORWARD_COMPATIBILITY for 3.15 builds,feature,Unknown,4,1,1,1,0,1,1,5,1,3,0,1,1,3,25.8,100.0,1.3,15,2.0,0.2,0.5,0
psf/requests,0c2bbe7398,2026-02-06T15:02:46Z,Drop support for Python 3.9 (#7196),other,Python,11,13,5,1,1,1,7,24,15,4,0,0,0,3,18.4,20.0,2.2,15,0.79,0.4167,1.17,0
psf/requests,733b2018a3,2026-02-10T23:36:31Z,Update floors for certifi and urllib3 (#7189),other,Unknown,2,2,1,0,0,0,1,4,23,1,0,1,1,4,27.2,0.0,9.6,15,0.67,0.3333,0.5,0
psf/requests,7112775514,2026-02-10T23:59:55Z,Bump dessant/lock-threads from 5.0.0 to 6.0.0  Bumps [dessant/lock-threads](https://github.com/dessant/lock-threads) from 5.0.0 to 6.0.0. - [Release notes](https://github.com/dessant/lock-threads/rele,docs,Unknown,1,1,1,0,0,0,1,2,23,1,0,1,1,2,51.6,0.0,1.8,15,0.5,0.5,0.5,0
psf/requests,514b3f2345,2026-02-11T00:23:00Z,Bump step-security/harden-runner from 2.13.0 to 2.14.2  Bumps [step-security/harden-runner](https://github.com/step-security/harden-runner) from 2.13.0 to 2.14.2. - [Release notes](https://github.com/,other,Unknown,2,2,1,0,0,0,1,4,0,2,0,1,1,1,17.6,0.0,7.9,15,0.67,0.3333,0.5,0
psf/requests,47914226c2,2026-02-13T02:07:05Z,Fix empty netrc entry usage (#7205),bugfix,Python,11,1,2,1,0,1,4,12,2,4,0,1,2,7,0.5,50.0,2.6,15,5.5,0.1667,1.33,1
psf/requests,5f338446f9,2026-02-13T02:52:04Z,Update docstring for Session.verify to include string support (#6859) (#6865)   ---------  Co-authored-by: Nate Prewitt <nate.prewitt@gmail.com>,docs,Python,2,0,1,0,0,0,1,2,2,4,0,1,2,0,0.2,0.0,5.8,16,2.0,0.3333,0.5,0
psf/requests,00600b38f4,2026-02-13T19:28:59Z,Update publish workflow and add test pypi option,feature,Unknown,43,26,1,0,0,0,22,69,19,4,0,0,2,6,1.7,0.0,3.4,16,1.59,0.0227,11.0,0
psf/requests,5e7cb71cd7,2026-02-13T19:30:59Z,Bump version to dev for test publish,test,Python,2,2,1,0,0,0,1,4,19,4,0,0,1,6,3.9,0.0,2.8,16,0.67,0.3333,0.5,0
psf/requests,a2ce3d8ace,2026-02-13T22:48:20Z,Remove harden runner from publish workflow (#7207),refactor,Unknown,0,15,1,0,0,0,4,15,22,4,0,1,2,0,56.1,0.0,7.2,16,0.0,1.0,2.0,0
psf/requests,da9113c046,2026-02-14T00:06:57Z,Add CODEOWNERS file to repo (#7208),feature,Unknown,8,0,1,0,0,0,2,8,0,5,1,1,0,0,8.1,0.0,7.6,16,8.0,0.1111,1.0,0
psf/requests,4bd79e3973,2026-02-22T16:07:16Z,Increase chardet upper limit to 7,other,Python,2,2,2,0,0,0,1,4,16,6,1,0,2,5,31.7,0.0,7.7,16,0.67,0.6667,0.33,0
psf/requests,753fd08c5e,2026-02-27T09:30:09Z,docs: fix FAQ grammar in httplib2 example  Signed-off-by: rohan436 <rohan.santhoshkumar@googlemail.com>,bugfix,Unknown,1,1,1,0,1,0,1,2,9,4,0,0,0,7,10.2,0.0,4.2,16,0.5,0.5,0.5,1
psf/requests,27f8b40d5c,2026-03-02T18:43:39Z,Bump actions/upload-artifact from 6.0.0 to 7.0.0  Bumps [actions/upload-artifact](https://github.com/actions/upload-artifact) from 6.0.0 to 7.0.0. - [Release notes](https://github.com/actions/upload-a,other,Unknown,1,1,1,0,0,0,1,2,18,0,0,0,0,6,20.4,0.0,3.0,17,0.5,0.5,0.5,0
psf/requests,392b01f26e,2026-03-02T20:34:25Z,Bump actions/download-artifact from 7.0.0 to 8.0.0  Bumps [actions/download-artifact](https://github.com/actions/download-artifact) from 7.0.0 to 8.0.0. - [Release notes](https://github.com/actions/do,other,Unknown,2,2,1,0,0,0,1,4,20,0,0,0,0,4,25.8,0.0,5.4,17,0.67,0.3333,0.5,0
psf/requests,b2a1d33f57,2026-03-02T22:49:19Z,Increase chardet upper limit to 8  Co-Authored-By: Claude Opus 4.6 <noreply@anthropic.com>,other,Python,3,3,2,0,0,0,1,6,22,0,0,1,2,1,20.4,0.0,1.2,17,0.75,0.5,0.33,0
psf/requests,d568f47278,2026-03-03T19:59:47Z,docs: clarify Quickstart POST example (#6960)  (fixes #6949)  ---------  Co-authored-by: Nate Prewitt <nate.prewitt@gmail.com>,bugfix,Unknown,3,1,1,0,1,0,1,4,19,1,0,0,1,5,32.5,0.0,1.4,17,1.5,0.25,0.5,1
psf/requests,0e4ae38f0c,2026-03-05T20:14:29Z,docs: exclude Response.is_permanent_redirect from API docs (#7244)  Hide the internal Response.is_permanent_redirect attribute from public API documentation.,docs,Unknown,1,0,1,0,1,0,1,1,20,3,0,0,1,3,42.7,0.0,7.1,18,1.0,0.5,0.5,0
psf/requests,ebf7190679,2026-03-16T17:38:50Z,Bump github/codeql-action from 4.32.0 to 4.33.0  Bumps [github/codeql-action](https://github.com/github/codeql-action) from 4.32.0 to 4.33.0. - [Release notes](https://github.com/github/codeql-action/,docs,Unknown,3,3,1,0,0,0,1,6,17,0,0,0,2,5,38.6,0.0,9.4,18,0.75,0.25,0.5,0
psf/requests,9c72a41bec,2026-03-23T17:26:06Z,Bump github/codeql-action from 4.33.0 to 4.34.1  Bumps [github/codeql-action](https://github.com/github/codeql-action) from 4.33.0 to 4.34.1. - [Release notes](https://github.com/github/codeql-action/,docs,Unknown,3,3,1,0,0,0,1,6,17,0,0,0,1,4,25.8,0.0,7.7,18,0.75,0.25,0.5,0
psf/requests,e331a288f3,2026-03-25T05:15:21Z,Remove unused extraction call (#7292),refactor,Python,2,2,2,0,0,0,1,4,5,2,0,1,1,7,7.6,0.0,8.7,18,0.67,0.6667,0.33,0
psf/requests,8b9bc8fc0f,2026-03-25T05:18:38Z,Move badges to top of README (#7293),refactor,Unknown,5,4,1,0,1,0,2,9,5,2,0,1,0,6,2.6,0.0,4.6,18,1.0,0.1667,1.0,0
psf/requests,bc04dfd6da,2026-03-25T15:06:17Z,v2.33.0,other,Python,30,1,2,0,1,0,10,31,15,2,0,0,0,7,29.5,0.0,9.0,18,15.0,0.0645,3.33,0
psf/requests,7407309c8a,2026-03-30T04:07:31Z,Packaging: DRY out extras definition (#7277),other,Unknown,1,1,1,0,0,0,1,2,4,0,0,1,1,6,31.5,0.0,3.4,18,0.5,0.5,0.5,0
psf/requests,389eea58df,2026-03-30T15:21:38Z,Cleanup extracted file after extract_zipped_path test (#7305),refactor,Python,6,3,1,1,0,1,3,9,15,0,0,0,1,1,24.1,100.0,7.0,18,1.5,0.1429,1.5,0
psf/requests,4443b1a847,2026-03-30T15:23:00Z,Fix unintended test extra (#7306),bugfix,Unknown,5,1,1,0,0,0,2,6,15,0,0,0,2,6,3.9,0.0,2.6,18,2.5,0.1667,1.0,1
psf/requests,bc7dd0fc4d,2026-03-30T15:24:49Z,Fix cosmetic header validity parsing regex (#7308),bugfix,Python,9,4,2,1,0,1,4,13,15,0,0,0,1,7,3.4,50.0,2.8,19,1.8,0.2,1.33,1
psf/requests,f0198e6dfc,2026-03-30T15:27:35Z,Fix malformed value parsing for Content-Type (#7309),bugfix,Python,10,13,2,1,0,1,7,23,15,0,0,0,1,5,3.0,50.0,7.2,20,0.71,0.1818,2.33,1
psf/requests,111d2b7779,2026-03-30T16:07:00Z,v2.33.1,other,Python,12,3,2,0,1,0,5,15,16,0,0,0,1,3,16.0,0.0,6.5,21,3.0,0.1538,1.67,0
psf/requests,6360477c52,2026-03-30T18:25:42Z,Bump github/codeql-action from 4.34.1 to 4.35.1  Bumps [github/codeql-action](https://github.com/github/codeql-action) from 4.34.1 to 4.35.1. - [Release notes](https://github.com/github/codeql-action/,docs,Unknown,3,3,1,0,0,0,1,6,18,0,0,0,0,6,17.3,0.0,2.6,21,0.75,0.25,0.5,0
psf/requests,cbce031327,2026-03-31T22:21:33Z,Add Zizmor workflow and make initial updates,feature,Unknown,40,2,6,1,0,1,14,42,22,1,0,1,2,4,3.4,16.7,2.8,21,13.33,0.1463,2.0,0
psf/requests,ef439eb779,2026-04-05T15:31:02Z,Prevent Response self-reference in redirect history (#7328),other,Python,9,2,2,1,0,1,3,11,15,6,1,0,0,2,4.7,50.0,1.1,21,3.0,0.2,1.0,0
psf/requests,185f587a78,2026-04-11T19:39:24Z,Cleanup docs and add i18n wrappers (#7354),feature,Python,49,328,6,0,0,0,100,377,19,5,1,0,1,0,22.1,0.0,7.8,21,0.15,0.12,14.29,0
psf/requests,4b0b1a3e9f,2026-04-12T00:05:37Z,Update pre-commit versions (#7348)  * Update pre-commit versions  * Add dependabot entry for pre-commit  * Update pre-commit and ruff hooks,feature,Unknown,17,6,2,0,0,0,7,23,0,6,1,1,1,0,69.9,0.0,2.6,21,2.43,0.1111,2.33,0
psf/requests,fe2063be0c,2026-04-14T17:58:28Z,Don't hide navigation on mobile webpage (#7360),other,Unknown,0,1,1,0,0,0,1,1,17,1,0,0,0,0,0.5,0.0,2.9,21,0.0,1.0,0.5,0
psf/requests,16df2a0917,2026-04-15T03:04:46Z,Move pytest pin to support 9.x series (#7364),refactor,Unknown,1,1,1,0,1,0,1,2,3,2,0,1,0,0,0.2,0.0,5.6,21,0.5,0.5,0.5,0
psf/requests,a044b020de,2026-04-15T14:56:38Z,Move DigestAuth hash algorithms to use usedforsecurity=False (#7310),refactor,Python,5,5,1,0,0,0,3,10,14,2,0,0,2,4,383.2,0.0,9.4,21,0.83,0.1667,1.5,0
psf/requests,d2f6bdecc8,2026-04-15T15:06:46Z,"Clarify decode_unicode behaviour in iter_{content,lines} docstrings (#7365)",docs,Python,7,2,1,0,0,0,3,9,15,2,0,0,1,0,5.3,0.0,2.6,21,2.33,0.125,1.5,0
psf/requests,514c1623fe,2026-04-15T18:30:57Z,Update README and remove extraneous images (#7366),refactor,Unknown,2,5,6,0,1,0,2,7,18,2,0,0,0,0,0.1,0.0,9.2,21,0.33,2.0,0.29,0
spring-projects/spring-framework,b3f01a7f92,2026-03-13T08:21:15Z,Fix nullable value class handling in CoroutinesUtils  Closes gh-36449 Signed-off-by: T45K <tasktas9@gmail.com>,bugfix,Java,9,2,2,1,0,1,3,11,8,4,0,0,1,5,10.4,50.0,4.9,0,3.0,0.2,1.0,1
spring-projects/spring-framework,ebe3b45743,2026-03-20T10:54:22Z,Consistently log request details in ExchangeFunctions  Closes gh-36502,other,Java,4,2,1,0,0,0,1,6,10,4,0,0,2,3,16.4,0.0,8.1,1,1.33,0.2,0.5,0
spring-projects/spring-framework,f9523a785b,2026-03-22T17:29:02Z,"Support @⁠MockitoBean and @⁠MockitoSpyBean on test constructor parameters  Prior to this commit, @⁠MockitoBean and @⁠MockitoSpyBean could be declared on fields or at the type level (on test classes an",feature,Java,1730,112,31,31,0,1,100,1842,17,6,1,0,0,1,22.8,100.0,3.1,1,15.31,0.0179,3.12,0
spring-projects/spring-framework,00be6d3afd,2026-03-22T20:32:29Z,Add null check when setting API version to preserve default value  See gh-36514  Signed-off-by: Vishnutheep B <vishnutheep@gmail.com>,feature,Java,47,2,4,2,0,1,17,49,20,6,1,0,2,0,17.7,50.0,1.1,1,15.67,0.0833,3.4,1
spring-projects/spring-framework,2dcd56bbaf,2026-03-24T14:24:33Z,Polishing contribution  Closes gh-36514,other,Java,5,6,2,2,0,1,3,11,14,1,0,0,1,6,26.9,100.0,4.1,2,0.71,0.3333,1.0,0
spring-projects/spring-framework,abc3cfc7be,2026-03-26T14:08:58Z,"Move multipart support to dedicated converter  Prior to this commit, gh-36255 introduced the new `MultipartHttpMessageConverter`, focusing on multipart message conversion in a separate converter. The ",feature,Java,250,949,22,12,0,1,100,1199,14,3,0,0,1,3,13.9,54.5,9.3,2,0.26,0.0876,4.35,0
spring-projects/spring-framework,ab8de8ec4b,2026-03-26T14:09:44Z,"Support Map payloads in FormHttpMessageConverter  Prior to this commit, the `FormHttpMessageConverter` would only support `MultiValueMap` payloads for reading and writing. While this can be useful whe",other,Java,140,52,6,3,0,1,64,192,14,3,0,0,0,6,9.4,50.0,8.9,2,2.64,0.0426,9.14,0
spring-projects/spring-framework,aac521c116,2026-03-26T14:10:01Z,Add integration tests and docs for multipart support  This commit adds integration tests and reference documentation  for multipart support in `RestClient` and `RestTestClient`.  Closes gh-35569 Close,feature,Java,213,2,6,5,0,1,75,215,14,3,0,0,0,4,8.0,83.3,4.4,2,71.0,0.028,10.71,0
spring-projects/spring-framework,de0dfe5d93,2026-03-26T14:19:05Z,Fix Javadoc format error  See gh-33263,bugfix,Java,1,1,1,0,0,0,1,2,14,3,0,0,0,5,6.6,0.0,3.0,2,0.5,0.5,0.5,1
spring-projects/spring-framework,ccf0cae18c,2026-03-26T14:22:04Z,Polishing,other,Java,10,16,5,5,0,1,8,26,14,3,0,0,0,5,35.0,100.0,5.8,3,0.59,0.4545,1.33,0
spring-projects/spring-framework,5e975f51dd,2026-03-26T14:46:02Z,"Remove redundant Assert.notNull() checks in ResolvableType  Since equivalent Assert.notNull() checks are already performed by subsequent code (constructors and factory methods), there is no need to pe",refactor,Java,28,7,2,1,0,1,11,35,14,3,0,0,0,0,17.7,50.0,9.0,3,3.5,0.069,3.67,0
spring-projects/spring-framework,5708b73ea9,2026-03-26T14:54:25Z,"Introduce ResolvableType.forParameter() factory method  Prior to this commit, one could invoke ResolvableType.forMethodParameter(MethodParameter.forParameter(parameter)) to create a ResolvableType for",feature,Java,38,0,3,1,0,1,13,38,14,3,0,0,0,7,3.0,33.3,5.1,3,38.0,0.0769,3.25,0
spring-projects/spring-framework,d4d49fd546,2026-03-26T16:10:25Z,Make base classes for client requests public  AbstractBufferingClientHttpRequest and AbstractStreamingClientHttpRequest  Closes gh-36501,other,Java,7,7,4,0,0,0,4,14,16,3,0,0,2,1,4.0,0.0,5.8,3,0.88,0.5,0.8,0
spring-projects/spring-framework,f5a8c321c0,2026-03-26T22:44:12Z,Address nullness warning from future version of NullAway  Closes gh-36548 Signed-off-by: Manu Sridharan <msridhar@gmail.com>,feature,Java,1,1,1,0,0,0,1,2,22,3,0,1,0,5,8.9,0.0,9.5,3,0.5,0.5,0.5,0
spring-projects/spring-framework,ff30329861,2026-03-27T05:16:45Z,Fix incorrect method name in TypeDescriptor.array() Javadoc  Closes gh-36549  Signed-off-by: Junseo Bae <ferrater1013@gmail.com>,bugfix,Java,1,1,1,0,0,0,1,2,5,4,0,1,2,6,8.7,0.0,6.6,3,0.5,0.5,0.5,1
spring-projects/spring-framework,d37d7abb17,2026-03-27T05:29:37Z,"Reject unbalanced parentheses in profile expressions  ProfilesParser.parseTokens() silently accepts unbalanced parentheses in profile expressions such as ""dev)"" or ""(dev"", treating them as valid. This",bugfix,Java,13,6,2,1,0,1,6,19,5,4,0,1,0,0,272.1,50.0,8.3,4,1.86,0.1429,2.0,1
spring-projects/spring-framework,d46e96f1ca,2026-03-27T13:06:12Z,Correct ApiVersionConfigurer method signature  Closes gh-36551,other,Java,4,2,2,0,0,0,1,6,13,4,0,0,0,6,23.1,0.0,7.5,5,1.33,0.4,0.33,0
spring-projects/spring-framework,32970fe10d,2026-03-27T16:34:44Z,"Fix WebClient context propagation in Kotlin Coroutines  Prior to this commit, thread-local variables like Trace ID were not automatically propagated into the Reactor Context when making requests using",bugfix,Unknown,107,2,3,1,0,1,38,109,16,4,0,0,2,3,14.2,33.3,5.4,5,35.67,0.0278,9.5,1
spring-projects/spring-framework,730f824cad,2026-03-27T17:18:25Z,Fix Javadoc in HandlerMethodReturnValueHandlerComposite  Closes gh-36555  Signed-off-by: KimDaehyeon <daehyeon3351@gmail.com>,bugfix,Java,0,1,1,0,0,0,1,1,17,4,0,0,1,3,10.4,0.0,4.3,6,0.0,1.0,0.5,1
spring-projects/spring-framework,e964ced1ad,2026-03-28T10:11:46Z,Make ApplicationListenerMethodAdapter#getTargetMethod() public  Closes gh-36558,other,Java,38,39,1,0,0,0,24,77,10,5,1,0,2,5,32.6,0.0,8.1,7,0.95,0.0256,12.0,0
spring-projects/spring-framework,529a6fc932,2026-03-28T10:11:52Z,Add documentation notes on error handling with sync=true  See gh-36531,feature,Java,19,0,2,0,0,0,6,19,10,5,1,0,0,2,3.0,0.0,2.9,7,19.0,0.1,2.0,1
spring-projects/spring-framework,b81a63fb5c,2026-03-28T10:12:28Z,Polishing,other,Java,3,9,4,0,0,0,3,12,10,5,1,0,1,4,1.2,0.0,4.9,8,0.3,1.0,0.6,0
spring-projects/spring-framework,f0f447a73d,2026-03-28T10:13:04Z,Upgrade to Netty 4.2.12,other,Unknown,1,1,1,0,0,0,1,2,10,5,1,0,1,0,18.2,0.0,7.6,8,0.5,0.5,0.5,0
spring-projects/spring-framework,7502b92392,2026-03-28T19:27:23Z,Introduce DeferredBeanRegistrar and BeanRegistry#containsBean methods  Closes gh-21497,other,Java,420,21,14,7,0,1,100,441,19,5,1,0,2,1,14.7,50.0,8.0,8,19.09,0.0333,6.67,0
spring-projects/spring-framework,0abf97ff90,2026-03-28T19:38:03Z,Polishing,other,Java,22,14,9,5,0,1,11,36,19,5,1,0,2,4,2.9,55.6,5.0,8,1.47,0.3913,1.1,0
spring-projects/spring-framework,51a5489438,2026-03-29T15:34:32Z,Polishing,other,Java,8,7,1,1,0,1,4,15,15,6,1,0,1,0,22.4,100.0,9.5,8,1.0,0.1111,2.0,0
spring-projects/spring-framework,182e6b744a,2026-03-30T09:47:33Z,Polishing,other,Java,1,5,1,1,0,1,1,6,9,0,0,0,2,4,10.9,100.0,5.6,8,0.17,0.5,0.5,0
spring-projects/spring-framework,c68470d0fd,2026-03-30T11:21:24Z,Simplify Bean Override support in the SpringExtension  See gh-36096,other,Java,34,18,2,2,0,1,17,52,11,0,0,0,0,3,2.6,100.0,8.4,8,1.79,0.0571,5.67,0
spring-projects/spring-framework,a64b001f6a,2026-03-30T11:44:12Z,"Use AtomicBoolean as a ""plain"" holder in BeanOverrideUtils  Since the AtomicBoolean cannot be accessed by another thread, there is no need to use compareAndSet().",other,Java,4,2,1,1,0,1,1,6,11,0,0,0,1,7,0.1,100.0,7.9,8,1.33,0.2,0.5,0
spring-projects/spring-framework,27bc60e077,2026-03-30T14:59:24Z,Polishing,other,Java,9,7,1,0,0,0,5,16,14,0,0,0,0,5,18.6,0.0,5.6,8,1.12,0.1,2.5,0
spring-projects/spring-framework,b7a1157e66,2026-03-30T14:59:57Z,Correct Javadoc for MergedAnnotation.asAnnotationAttributes()  Closes gh-36567,docs,Java,2,1,1,0,0,0,1,3,14,0,0,0,1,3,1.0,0.0,9.9,8,1.0,0.3333,0.5,0
spring-projects/spring-framework,d10460d775,2026-03-30T15:17:07Z,Track class loading exceptions in MergedAnnotation.asMap()  Spring Framework 5.2 introduced a regression in our annotation processing support when the MergedAnnotations API was introduced. Consequentl,bugfix,Java,202,22,5,2,0,1,77,224,15,0,0,0,2,2,5.3,40.0,7.4,8,8.78,0.0246,12.83,1
spring-projects/spring-framework,f4cefb6ec5,2026-03-31T07:21:48Z,Upgrade to Jackson 3.1 and 2.21  This commit raises the Jackson baseline and upgrades related dependencies to Jackson 3.1 and 2.21 which are the new LTS.  Closes gh-36130,feature,Unknown,2,2,1,0,0,0,1,4,7,1,0,0,1,7,31.6,0.0,9.4,9,0.67,0.3333,0.5,0
spring-projects/spring-framework,a0d51c8f7d,2026-03-31T07:40:46Z,Upgrade to Dokka 2.2.0  Closes gh-36570,other,Unknown,1,1,1,0,0,0,1,2,7,1,0,0,2,7,0.6,0.0,9.6,9,0.5,0.5,0.5,0
spring-projects/spring-framework,c9c137ec51,2026-03-31T08:46:34Z,"Create and use RestClientXhrTransport  Prior to this commit, the `SockJsClient` would use the `RestTemplateXhrTransport`. `RestClient` is a modern replacement for RestTemplate and should be used inste",other,Java,473,5,4,1,0,1,100,478,8,1,0,0,1,4,14.8,25.0,9.0,9,78.83,0.0084,20.0,0
spring-projects/spring-framework,f850b051b5,2026-03-31T09:20:44Z,"Add MockRestServiceServer#createServer variant for RestClient  Prior to this commit, `MockRestServiceServer` would provide `createServer` shortcuts for `RestTemplate` and `RestGatewaySupport`.  Now th",feature,Java,16,5,1,1,0,1,7,21,9,1,0,0,1,1,6.8,100.0,2.5,9,2.67,0.0588,3.5,0
spring-projects/spring-framework,9c4b246c8c,2026-03-31T09:37:43Z,"Use RestClient in integration tests  Now that `RestClient` offers a better alternative, this commit revisits our integration tests to use `RestClient` instead of `RestTemplate`.  Closes gh-36573",test,Java,361,485,37,37,0,1,100,846,9,1,0,0,2,6,19.7,100.0,6.0,9,0.74,0.1022,2.63,0
spring-projects/spring-framework,83c2afb643,2026-03-31T10:26:11Z,"Deprecate RestTemplate and related types  As announced in ""the state of HTTP clients in Spring"" blog post (https://spring.io/blog/2025/09/30/the-state-of-http-clients-in-spring), the deprecation timel",docs,Java,91,10,35,15,0,1,34,101,10,1,0,0,2,4,32.8,42.9,9.2,9,8.27,0.3804,0.94,0
spring-projects/spring-framework,22adccd190,2026-03-31T15:49:21Z,"Deprecate methodIdentification() in CacheAspectSupport for removal  CacheAspectSupport currently contains a protected methodIdentification() method which is not used internally within the framework, a",test,Java,2,0,1,1,0,1,1,2,15,1,0,0,2,0,6.0,100.0,3.1,9,2.0,0.3333,0.5,0
spring-projects/spring-framework,b01fdb0140,2026-03-31T15:54:39Z,Fix ClassFileMethodMetadata return type names for primitives and arrays  Return correct names for primitive and array types Introduce resolveTypeName helper for ClassDesc handling Add ClassFileMethodM,bugfix,Java,106,1,3,2,0,1,37,107,15,1,0,0,0,3,7.0,66.7,2.3,9,53.0,0.028,9.25,1
spring-projects/spring-framework,8b62ea13a1,2026-03-31T15:56:47Z,"Remove deprecated methodIdentification() method in CacheAspectSupport  The Javadoc said it's used for logging, but it's not used anywhere.  Closes gh-36560  Signed-off-by: Yanming Zhou <zhouyanming@gm",refactor,Java,0,17,1,1,0,1,5,17,15,1,0,0,0,0,38.2,100.0,9.8,10,0.0,1.0,2.5,0
spring-projects/spring-framework,94e2f49e9f,2026-03-31T17:13:06Z,"Read multipart requests from RestTestClient  Prior to this commit, the `RestTestClient` MockMvc integration would support transforming client requests into MockMvc requests. `RestTestClient` can seria",feature,Java,110,13,2,2,0,1,42,123,17,1,0,0,1,7,34.7,100.0,2.3,10,7.86,0.018,14.0,0
spring-projects/spring-framework,2c973d3034,2026-03-31T20:03:36Z,"Mention when RestTemplate will be removed  `RestTemplate` is deprecated, this commit amends the JavaDoc to mention its scheduled removal for the next major version, Spring Framework 8.0.  See gh-36574",refactor,Java,1,1,1,0,0,0,1,2,20,1,0,0,2,1,0.6,0.0,2.3,10,0.5,0.5,0.5,0
spring-projects/spring-framework,7b8d8693dd,2026-04-01T08:08:53Z,"Fix AnnotationMetadata tests in Eclipse IDE  Since commit 89391fd94c, the getClassAttributeWhenUnknownClass() methods in SimpleAnnotationMetadataTests and DefaultAnnotationMetadataTests have failed in",bugfix,Java,62,15,2,2,0,1,26,77,8,2,0,0,1,6,12.0,100.0,4.1,10,3.88,0.0317,8.67,1
spring-projects/spring-framework,aebf7c97f7,2026-04-01T08:49:55Z,"Register overrides in HttpMessageConverters when defaults are off  Prior to this commit, all `with**Converter` methods in `HttpMessageConverters` builders would only apply if the `registerDefaults()` ",bugfix,Java,23,26,2,1,0,1,15,49,8,2,0,0,0,7,3.0,50.0,10.0,11,0.85,0.0833,5.0,1
spring-projects/spring-framework,3bf31e45dd,2026-04-01T18:59:45Z,Replace DeferredBeanRegistrar with implicit ordering semantics  GenericApplicationContext-registered BeanRegistrars are invoked after other programmatic bean definitions. Configuration-imported BeanRe,other,Java,47,163,10,6,0,1,65,210,18,2,0,0,2,4,29.9,60.0,9.2,12,0.29,0.2083,5.91,0
spring-projects/spring-framework,e78af58af3,2026-04-01T19:15:50Z,"Fix Writer lifecycle for writeInternal(Object, Type, Writer)  Closes gh-36565",bugfix,Java,1,1,2,0,0,0,1,2,19,2,0,0,1,3,1.2,0.0,9.5,12,0.5,1.0,0.33,1
spring-projects/spring-framework,3f01e3fe11,2026-04-01T19:15:58Z,Polishing,other,Java,1,4,1,0,0,0,1,5,19,2,0,0,0,5,56.2,0.0,6.7,13,0.2,0.5,0.5,0
spring-projects/spring-framework,40ef6f6872,2026-04-02T08:13:17Z,"Fix method and annotation metadata for ClassFile variant  Prior to this commit, the ClassFile variant for  annotation and method metadata would report incorrect metadata for: * the method return type ",bugfix,Java,97,116,6,3,0,1,68,213,8,3,0,0,0,0,40.2,50.0,8.7,13,0.83,0.0612,9.71,1
spring-projects/spring-framework,d5b6f4a7ee,2026-04-02T08:56:07Z,Polish BeanRegistrar Javadoc and add tests for non-invocation semantics  Revise the BeanRegistrar Javadoc to document the two distinct usage modes: @Configuration/@Import and programmatic GenericAppli,feature,Java,176,65,5,3,0,1,81,241,8,3,0,0,0,0,0.3,60.0,6.9,14,2.67,0.0282,13.5,0
spring-projects/spring-framework,c5b9c3d604,2026-04-02T09:05:59Z,"Add 2D array tests, use AssertJ assumptions, and polish  See gh-36577",feature,Java,70,26,1,1,0,1,32,96,9,3,0,0,1,0,11.9,100.0,5.4,14,2.59,0.0141,16.0,0
spring-projects/spring-framework,b6fc3a1b6f,2026-04-02T09:16:42Z,Enforce use of AssertJ assumptions via Checkstyle  Closes gh-36582,other,Java,56,44,11,10,0,1,32,100,9,3,0,0,2,6,13.3,90.9,9.8,14,1.24,0.193,2.67,0
spring-projects/spring-framework,d767806977,2026-04-02T09:40:48Z,Ignore .cursor directory,other,Unknown,1,0,1,0,0,0,1,1,9,3,0,0,1,6,2.6,0.0,8.0,14,1.0,0.5,0.5,0
spring-projects/spring-framework,24c7d31ba7,2026-04-02T10:11:38Z,Polishing,other,Java,7,7,2,2,0,1,4,14,10,3,0,0,2,4,17.6,100.0,1.7,14,0.88,0.25,1.33,0
spring-projects/spring-framework,7590c4c92e,2026-04-02T11:32:32Z,Fix Javadoc link  See gh-36581,bugfix,Java,1,1,1,0,0,0,1,2,11,3,0,0,1,2,28.5,0.0,4.9,14,0.5,0.5,0.5,1
spring-projects/spring-framework,e977bd7bf0,2026-04-02T12:30:51Z,Enforce strict implementation of Resource#isReadable() contract  Closes gh-36584,feature,Java,45,1,2,1,0,1,16,46,12,3,0,0,2,2,29.2,50.0,4.7,15,22.5,0.0435,5.33,0
spring-projects/spring-framework,2086508924,2026-04-02T12:41:26Z,Polish  See gh-36581,other,Java,3,3,1,0,0,0,1,6,12,3,0,0,0,3,6.5,0.0,4.8,15,0.75,0.25,0.5,0
spring-projects/spring-framework,d87ebbff78,2026-04-02T12:48:09Z,Polishing  See gh-36584,other,Java,1,1,1,1,0,1,1,2,12,3,0,0,2,7,71.5,100.0,8.7,15,0.5,0.5,0.5,0
spring-projects/spring-framework,00fbd91cca,2026-04-02T14:51:17Z,"Skip annotations that cannot be processed in AnnotationBeanNameGenerator  Prior to this commit, AnnotationBeanNameGenerator failed when searching for a convention-based bean name, if an annotation ref",feature,Java,65,1,2,1,0,1,23,66,14,3,0,0,1,0,9.1,50.0,7.7,15,32.5,0.0303,7.67,1
spring-projects/spring-framework,f2c0ad484e,2026-04-02T15:14:03Z,Fix typo in HttpRange error message  Closes gh-36590  Signed-off-by: xxxxxxjun <ryuu.public@gmail.com>,bugfix,Java,1,1,1,0,0,0,1,2,15,3,0,0,0,4,2.7,0.0,4.5,16,0.5,0.5,0.5,1
spring-projects/spring-framework,7b087d1a6c,2026-04-02T15:20:38Z,Disable flaky reactorNettyAttributes() test in WebClientIntegrationTests  See gh-36589,test,Java,2,0,1,1,0,1,1,2,15,3,0,0,2,0,1.1,100.0,9.1,17,2.0,0.3333,0.5,0
spring-projects/spring-framework,1ead8bf1ab,2026-04-02T16:39:37Z,Polishing,other,Java,6,5,2,2,0,1,3,11,16,3,0,0,1,3,3.7,100.0,3.6,17,1.0,0.2857,1.0,0
spring-projects/spring-framework,f993e9710d,2026-04-03T14:16:43Z,"Align with JDK by throwing TypeNotPresentException in MergedAnnotations  Prior to this commit, we used ClassUtils.resolveClassName() in TypeMappedAnnotation.adapt(...) which throws an IllegalStateExce",other,Java,59,26,6,3,0,1,28,85,14,4,0,0,1,0,0.3,50.0,1.6,17,2.19,0.1,4.0,1
spring-projects/spring-framework,546ae15a44,2026-04-04T11:16:43Z,Support JSON list deserialization in KotlinSerializationStringDecoder  See gh-36597 Signed-off-by: Dmitry Sulman <dmitry.sulman@gmail.com>,other,Java,60,9,4,3,0,1,23,69,11,5,1,0,1,7,3.1,75.0,5.2,18,6.0,0.0656,4.6,0
spring-projects/spring-framework,c04b502866,2026-04-04T14:37:19Z,Polishing,other,Java,13,12,5,0,0,0,8,25,14,5,1,0,0,2,2.4,0.0,8.4,18,1.0,0.3571,1.33,0
spring-projects/spring-framework,38464a15dc,2026-04-04T15:17:27Z,"Retain source declaration order in AnnotatedTypeMetadata on Java 24+  Prior to this commit, ClassFileAnnotationDelegate created MergedAnnotations from a HashSet, which resulted in a non-deterministic ",feature,Java,42,18,6,4,0,1,20,60,15,5,1,0,0,1,1.8,66.7,8.7,18,2.21,0.1395,2.86,0
spring-projects/spring-framework,2ee4c3a363,2026-04-05T16:43:47Z,Provide bean conditional registration capabilities in BeanRegistrarDsl  Closes gh-36601,other,Unknown,43,1,2,1,0,1,15,44,16,6,1,0,0,2,3.5,50.0,6.4,18,21.5,0.0455,5.0,0
spring-projects/spring-framework,bfbfe4a572,2026-04-06T14:48:50Z,Fix BridgeMethodResolverTests.findBridgedMethodInHierarchy() in Eclipse,bugfix,Java,8,1,1,1,0,1,3,9,14,0,0,0,2,1,0.0,100.0,7.6,18,4.0,0.1111,1.5,1
spring-projects/spring-framework,97e10a5948,2026-04-06T14:51:50Z,Fix flaky SpEL tests  This commit fixes SpEL related tests that failed if the test methods were executed in a different order than in the Gradle build.,bugfix,Java,19,1,3,3,0,1,6,20,14,0,0,0,2,4,4.0,100.0,6.6,19,9.5,0.15,1.5,1
spring-projects/spring-framework,9d365906b5,2026-04-06T14:53:12Z,Fix typo,bugfix,Java,1,1,1,1,0,1,1,2,14,0,0,0,1,7,16.2,100.0,6.8,20,0.5,0.5,0.5,1
spring-projects/spring-framework,6062363738,2026-04-06T15:32:05Z,"Use canonical names in error messages in annotation processing  Prior to this commit, we invoked `Class.getName()` when building error messages during annotation processing, resulting in exceptions li",feature,Java,143,113,21,8,0,1,83,256,15,0,0,0,0,5,0.5,38.1,6.4,21,1.25,0.1458,3.77,1
spring-projects/spring-framework,78c32aa7d2,2026-04-06T18:55:06Z,Fix typo in FormTag Javadoc and TLD  Closes gh-36610  Signed-off-by: xxxxxxjun <ryuu.public@gmail.com>,bugfix,Java,2,2,2,0,0,0,1,4,18,0,0,0,0,4,1.6,0.0,8.8,22,0.67,0.6667,0.33,1
spring-projects/spring-framework,14466eef4c,2026-04-07T09:52:47Z,Document valid SpEL separators for tokenizer,docs,Unknown,1,0,1,0,0,0,1,1,9,1,0,0,0,3,3.8,0.0,2.6,23,1.0,0.5,0.5,0
spring-projects/spring-framework,8d390f4e5a,2026-04-07T15:54:43Z,Polish SpEL documentation,docs,Unknown,9,2,2,0,0,0,3,11,15,1,0,0,1,5,23.6,0.0,6.8,23,3.0,0.2,1.0,0
spring-projects/spring-framework,f3b6c222f9,2026-04-07T16:16:09Z,"Use ClassLoader for method or field in MergedAnnotation  Prior to this commit, the `return` keyword was missing in TypeMappedAnnotation's getClassLoader() implementation, which prevented the ClassLoad",bugfix,Java,20,1,2,1,0,1,7,21,16,1,0,0,2,1,32.1,50.0,2.8,23,10.0,0.0952,2.33,1
spring-projects/spring-framework,c4c0aca69b,2026-04-08T08:11:23Z,Polishing,other,Java,5,3,1,1,0,1,2,8,8,2,0,0,0,4,2.5,100.0,7.8,24,1.25,0.1667,1.0,0
spring-projects/spring-framework,62c6d67615,2026-04-08T08:27:12Z,Align StandardMethodMetadata with ASM/ClassFile support for getReturnTypeName()  We currently have three implementations of MethodMetadata:  - StandardMethodMetadata (Java reflection) - SimpleMethodMe,feature,Java,23,35,3,1,0,1,18,58,8,2,0,0,1,2,3.3,33.3,5.9,24,0.64,0.125,4.5,0
spring-projects/spring-framework,d4cc273c31,2026-04-08T09:07:15Z,Avoid recursion in ClassFileAnnotationMetadata.resolveTypeName()  See gh-36577,other,Java,4,3,1,0,0,0,2,7,9,2,0,0,0,2,7.2,0.0,6.4,24,1.0,0.2,1.0,0
spring-projects/spring-framework,0f05a2e153,2026-04-08T09:37:05Z,Polish ClassFileMethodMetadata,other,Java,19,18,1,0,0,0,12,37,9,2,0,0,1,0,8.0,0.0,1.7,24,1.0,0.05,6.0,0
spring-projects/spring-framework,f602967dbc,2026-04-08T09:42:09Z,Consistently supply List to MergedAnnotations.of(),other,Java,4,2,2,0,0,0,1,6,9,2,0,0,0,1,0.9,0.0,2.2,24,1.33,0.4,0.33,0
spring-projects/spring-framework,f7d3556b8c,2026-04-08T09:58:36Z,Polish DisconnectedClientHelper  Use `CollectionUtils::newLinkedHashSet` instead of `LinkedHashSet::new` to avoid resizing.  Closes gh-36618  Signed-off-by: Yanming Zhou <zhouyanming@gmail.com>,feature,Java,2,2,1,0,0,0,1,4,9,2,0,0,0,0,2.1,0.0,7.8,24,0.67,0.3333,0.5,0
spring-projects/spring-framework,b560c7b85d,2026-04-08T10:35:24Z,Improve Javadoc for MergedAnnotations,docs,Java,14,14,1,0,0,0,9,28,10,2,0,0,0,1,14.6,0.0,8.5,24,0.93,0.0667,4.5,0
spring-projects/spring-framework,c17f25f939,2026-04-08T10:39:40Z,Fall back to type name in ClassUtils.getCanonicalName()  See gh-36607,other,Java,4,3,1,0,0,0,2,7,10,2,0,0,2,1,1.6,0.0,1.9,24,1.0,0.2,1.0,0
spring-projects/spring-framework,8566e7bf55,2026-04-08T11:27:52Z,Favor Class#getTypeName over ClassUtils#getQualifiedName where feasible,other,Java,9,17,7,0,0,0,8,26,11,2,0,0,2,7,1.4,0.0,4.5,24,0.5,0.7,1.0,0
spring-projects/spring-framework,0150c4ba06,2026-04-08T11:39:10Z,Avoid MessageFormat rendering for exception messages in binding errors  Closes gh-36609,other,Java,39,7,2,1,0,1,15,46,11,2,0,0,1,6,16.7,50.0,3.3,24,4.88,0.05,5.0,1
spring-projects/spring-framework,b8f1005897,2026-04-08T11:39:20Z,Improve SpringValidatorAdapter and MethodValidationAdapter performance  Closes gh-36621,other,Java,28,11,2,0,0,0,13,39,11,2,0,0,0,4,4.8,0.0,7.2,25,2.33,0.069,4.33,0
spring-projects/spring-framework,1687d90a8c,2026-04-08T11:41:32Z,Polishing,other,Java,50,31,5,0,0,0,26,81,11,2,0,0,0,4,1.4,0.0,3.0,25,1.56,0.098,4.33,0
spring-projects/spring-framework,d7ddfe8d2e,2026-04-08T11:41:57Z,"Upgrade to Log4J 2.25.4, Groovy 5.0.5, Hibernate ORM 7.2.10, Mockito 5.23, Checkstyle 13.4",other,Java,5,5,2,0,0,0,3,10,11,2,0,0,0,6,6.7,0.0,7.1,25,0.83,0.3333,1.0,0
spring-projects/spring-framework,18b8f871aa,2026-04-08T11:48:22Z,Prevent mockk from transitively pulling in JUnit 4,other,Unknown,3,1,1,0,0,0,1,4,11,2,0,0,2,1,1.8,0.0,9.7,25,1.5,0.25,0.5,0
spring-projects/spring-framework,3d211b71b1,2026-04-08T13:28:29Z,Revise target bean exception with consistent message formatting,other,Java,44,48,3,2,0,1,29,92,13,2,0,0,1,4,10.2,66.7,3.4,25,0.9,0.0667,7.25,1
spring-projects/spring-framework,f78264d158,2026-04-08T14:04:17Z,Polish contribution  See gh-36626,other,Java,17,63,2,1,0,1,24,80,14,2,0,0,0,5,6.1,50.0,6.3,26,0.27,0.1111,8.0,0
spring-projects/spring-framework,4b0101a9dc,2026-04-08T14:07:33Z,"Defensively copy sentDate in SimpleMailMessage  Use defensive Date copies for sentDate to avoid shared mutable state.  Apply consistent handling in setSentDate, getSentDate, the copy constructor, and ",feature,Java,118,5,2,1,0,1,42,123,14,2,0,0,0,0,1.7,50.0,7.4,26,19.67,0.0168,14.0,1
spring-projects/spring-framework,6251b2c0c9,2026-04-08T15:13:14Z,"Support @⁠Sql with DataSource wrapped in a TransactionAwareDataSourceProxy  Prior to this commit, SqlScriptsTestExecutionListener unwrapped data sources wrapped in an InfrastructureProxy or a scoped p",feature,Java,87,3,2,2,0,1,31,90,15,2,0,0,1,1,17.1,100.0,3.9,27,21.75,0.0227,10.33,0
spring-projects/spring-framework,e4d03f6625,2026-04-09T08:58:57Z,"Skip binding entirely when field is not allowed  Prior to this commit, fields that are not allowed for binding were always skipped and would not be bound. But the field and default marker support (wit",bugfix,Java,20,1,2,1,0,1,7,21,8,3,0,0,0,4,9.3,50.0,2.5,27,10.0,0.0952,2.33,1
spring-projects/spring-framework,644731c9f6,2026-04-09T10:15:33Z,Document that `spring.profiles.active` is ignored by @⁠ActiveProfiles  The Spring TestContext Framework does not honor the `spring.profiles.active` system property when determining active profiles for,feature,Java,95,0,4,4,0,1,33,95,10,3,0,0,2,10,90.4,100.0,1.3,28,95.0,0.0417,6.6,1
spring-projects/spring-framework,99b78adce3,2026-04-09T10:52:18Z,Revise documentation for @⁠ActiveProfiles and ActiveProfilesResolver  See gh-36269 See gh-36600,docs,Java,41,24,5,5,0,1,21,65,10,3,0,0,1,0,15.8,100.0,6.8,29,1.64,0.119,3.5,0
spring-projects/spring-framework,22bcac1eb5,2026-04-10T09:42:41Z,"Refine Kotlin serialization contribution  This commit moves the JSON specific code to KotlinSerializationJsonDecoder, uses switchOnFirst operator to keep the existing behavior and derives the list ser",refactor,Java,86,10,4,2,0,1,33,96,9,4,0,0,1,5,19.5,50.0,6.8,29,7.82,0.046,6.6,0
spring-projects/spring-framework,efb85d68ef,2026-04-10T10:59:17Z,Apply nullable value class fix to InvocableHandlerMethod  See gh-36449,bugfix,Java,21,6,5,3,0,1,9,27,10,4,0,0,0,1,13.4,60.0,8.6,29,3.0,0.2273,1.5,1
spring-projects/spring-framework,c2cf5e065d,2026-04-10T13:00:13Z,"Perform case-insensitive lookup in HttpMethod.valueOf()  Prior to this commit, the implementation of HttpMethod.valueOf() aligned with the semantics of Enum#valueOf() which requires an exact match for",feature,Java,15,3,2,1,0,1,6,18,13,4,0,0,2,7,21.9,50.0,6.4,30,3.75,0.125,2.0,0
spring-projects/spring-framework,9c8535f5e4,2026-04-10T14:17:38Z,"Compile SpEL expressions that use Optional with null-safe & Elvis operators  In Spring Framework 7.0, we introduced support for using `Optional` with the null-safe and Elvis operators in SpEL expressi",feature,Java,339,9,8,2,0,1,100,348,14,4,0,0,1,1,15.9,25.0,1.7,30,33.9,0.0235,11.11,0
spring-projects/spring-framework,59f9cf8645,2026-04-12T12:20:50Z,Polish SpEL internals,other,Java,60,44,5,0,0,0,34,104,12,6,1,0,2,0,39.5,0.0,6.0,30,1.33,0.082,5.67,0
spring-projects/spring-framework,21f3b964fe,2026-04-12T12:28:33Z,Improve SpEL tests for Elvis and Ternary operators,test,Java,47,57,2,2,0,1,33,104,12,6,1,0,2,3,21.5,100.0,8.4,30,0.81,0.0417,11.0,0
spring-projects/spring-framework,84221064c8,2026-04-12T14:33:38Z,Polish SpEl Ternary operator and compilation tests,test,Java,322,291,2,1,0,1,100,613,14,6,1,0,0,4,15.4,50.0,1.1,30,1.1,0.0062,33.33,0
spring-projects/spring-framework,a3705632c1,2026-04-12T15:09:28Z,Polish SpEL Ternary and Elvis operators,other,Java,19,18,2,0,0,0,12,37,15,6,1,0,1,0,2.0,0.0,2.5,30,1.0,0.1,4.0,0
spring-projects/spring-framework,28f78f435e,2026-04-12T15:11:07Z,Introduce missing tests for immediate SpEL compilation for Elvis operator,test,Java,22,1,2,1,0,1,8,23,15,6,1,0,2,4,0.3,50.0,4.2,30,11.0,0.087,2.67,0
spring-projects/spring-framework,d7450ce8e4,2026-04-13T10:58:36Z,Polish SpelCompilationCoverageTests,test,Java,6,6,1,1,0,1,3,12,10,0,0,0,2,6,5.5,100.0,7.7,30,0.86,0.1429,1.5,0
spring-projects/spring-framework,df828458fa,2026-04-14T14:15:43Z,"Clarify semantics of HttpMethod.valueOf()  HttpMethod.valueOf() performs a case-sensitive lookup of predefined HttpMethod constants. For example, valueOf(""GET"") resolves to HttpMethod.GET, whereas val",feature,Java,4,0,1,0,0,0,1,4,14,1,0,0,0,0,4.2,0.0,9.0,30,4.0,0.2,0.5,0
spring-projects/spring-framework,cb320468db,2026-04-14T14:17:20Z,Further clarify semantics of HttpMethod.valueOf()  See gh-36652,other,Java,6,2,1,0,0,0,2,8,14,1,0,0,0,3,19.8,0.0,8.4,30,2.0,0.1429,1.0,0
spring-projects/spring-framework,829add3aa9,2026-04-14T14:30:56Z,Update Javadoc for HttpMethod.valueOf() on main  See gh-36642 See gh-36652,docs,Java,9,0,1,0,0,0,3,9,14,1,0,0,2,1,5.5,0.0,8.5,30,9.0,0.1,1.5,0
spring-projects/spring-framework,d169eb547e,2026-04-15T12:30:03Z,Polishing,other,Java,6,6,4,0,0,0,3,12,12,2,0,0,1,2,1.3,0.0,5.3,30,0.86,0.5714,0.6,0
spring-projects/spring-framework,68c575ab14,2026-04-16T12:20:25Z,"Revise ""Skip binding entirely when field is not allowed""  This commit reverts the changes made to WebDataBinder's doBind() implementation in e4d03f6625 and instead implements the skipping logic direct",bugfix,Java,135,52,2,1,0,1,62,187,12,3,0,0,2,7,7.1,50.0,3.7,30,2.55,0.0147,20.67,1
spring-projects/spring-framework,c9b88b4ebd,2026-04-16T12:38:17Z,Extract ServletRequestParameterPropertyValuesTests,test,Java,87,54,2,2,0,1,46,141,12,3,0,0,2,4,2.7,100.0,6.0,31,1.58,0.0227,15.33,0
spring-projects/spring-framework,ab6637c670,2026-04-16T13:11:39Z,Completely extract ServletRequestParameterPropertyValuesTests  This aligns with changes to ServletRequestParameterPropertyValuesTests on 6.2.x.,test,Java,32,38,2,2,0,1,22,70,13,3,0,0,1,2,17.2,100.0,9.5,31,0.82,0.0606,7.33,0
spring-projects/spring-framework,61bd79017f,2026-04-16T14:31:57Z,Polish WebRequestDataBinderTests,test,Java,6,6,1,1,0,1,3,12,14,3,0,0,2,1,9.3,100.0,7.9,31,0.86,0.1429,1.5,0
spring-projects/spring-framework,63817ce202,2026-04-16T14:33:43Z,Add missing tests for WebRequestDataBinder  See gh-36625,feature,Java,39,3,1,1,0,1,14,42,14,3,0,0,1,6,4.4,100.0,5.0,31,9.75,0.025,7.0,0
spring-projects/spring-framework,9f92183710,2026-04-16T14:36:47Z,Upgrade to Kotlin Serialization 1.11.0  Closes gh-36657,other,Unknown,1,1,1,0,0,0,1,2,14,3,0,0,2,3,47.3,0.0,7.3,31,0.5,0.5,0.5,0
spring-projects/spring-framework,7052da4532,2026-04-16T20:14:26Z,Add doOnDiscard in MultipartHttpMessageReader  Closes gh-36563,feature,Java,4,0,1,0,0,0,1,4,20,3,0,0,0,4,16.3,0.0,1.4,31,4.0,0.2,0.5,0
spring-projects/spring-framework,802fa4d65e,2026-04-16T21:27:59Z,Refine RetryListener example  See gh-36452,other,Unknown,18,13,1,0,0,0,10,31,21,3,0,0,0,6,10.0,0.0,5.9,31,1.29,0.0526,5.0,0
spring-projects/spring-framework,91852546d9,2026-04-16T21:28:46Z,Upgrade to Reactor 2025.0.5 and Micrometer 1.16.5  Includes Hibernate ORM 7.2.11  Closes gh-36658 Closes gh-36659,other,Unknown,3,3,1,0,0,0,1,6,21,3,0,0,1,7,48.6,0.0,8.0,31,0.75,0.25,0.5,0
spring-projects/spring-framework,be70e1c5a7,2026-04-17T06:33:14Z,Next development version (v7.0.8-SNAPSHOT),other,Unknown,1,1,1,0,0,0,1,2,6,4,0,0,0,2,1.2,0.0,3.8,31,0.5,0.5,0.5,0
