commit_hour,day_of_week,is_weekend,is_night_commit,lines_added,lines_deleted,files_changed,test_files_changed,num_methods,avg_complexity,is_buggy,language_group,time_period,confidence,churn_ratio,test_ratio,complexity_per_file,prior_bugs_author
20,1,0,0,217,218,10,0,12,1.0,0,TypeScript,2018-2020,1.0,0.99,0.0,0.09,0
20,1,0,0,1,3,2,0,0,0.0,0,TypeScript,2018-2020,1.0,0.25,0.0,0.0,0
22,1,0,1,6,6,1,0,1,1.0,0,TypeScript,2018-2020,1.0,0.86,0.0,0.5,0
22,1,0,1,110,0,4,0,5,1.6,0,TypeScript,2018-2020,1.0,110.0,0.0,0.32,0
23,1,0,1,3,3,1,0,3,3.0,1,TypeScript,2018-2020,0.4,0.75,0.0,1.5,0
20,3,0,0,45,1,2,0,2,2.5,1,TypeScript,2018-2020,0.4,22.5,0.0,0.83,0
22,3,0,1,4,4,1,0,1,1.0,1,TypeScript,2018-2020,0.4,0.8,0.0,0.5,0
19,6,1,0,154,188,13,0,13,1.0,0,TypeScript,2018-2020,1.0,0.81,0.0,0.07,0
19,6,1,0,27,40,6,0,6,1.0,0,TypeScript,2018-2020,1.0,0.66,0.0,0.14,0
19,6,1,0,14,21,2,0,3,1.0,0,TypeScript,2018-2020,1.0,0.64,0.0,0.33,0
19,6,1,0,24,14,1,0,1,1.0,0,TypeScript,2018-2020,1.0,1.6,0.0,0.5,0
19,6,1,0,20,26,1,0,1,4.0,0,TypeScript,2018-2020,1.0,0.74,0.0,2.0,0
20,1,0,0,42,0,2,0,0,0.0,0,TypeScript,2018-2020,1.0,42.0,0.0,0.0,0
12,4,0,0,2,4,1,0,4,1.0,0,TypeScript,2018-2020,1.0,0.4,0.0,0.5,1
16,1,0,0,1,1,1,0,0,0.0,0,TypeScript,2018-2020,1.0,0.5,0.0,0.0,0
23,1,0,1,45,7,2,0,3,7.67,1,TypeScript,2018-2020,0.4,5.62,0.0,2.56,0
17,3,0,0,15,9,1,0,1,12.0,0,TypeScript,2018-2020,1.0,1.5,0.0,6.0,1
4,4,0,1,5,4,2,0,2,7.0,0,TypeScript,2018-2020,1.0,1.0,0.0,2.33,0
21,5,1,0,2,2,1,0,1,1.0,0,TypeScript,2018-2020,1.0,0.67,0.0,0.5,0
21,0,0,0,61,16,3,0,5,1.4,0,TypeScript,2018-2020,1.0,3.59,0.0,0.35,1
22,0,0,1,56,22,4,0,5,5.4,0,TypeScript,2018-2020,1.0,2.43,0.0,1.08,1
22,0,0,1,2,2,2,0,4,3.0,0,TypeScript,2018-2020,1.0,0.67,0.0,1.0,1
20,2,0,0,20,6,2,0,2,2.5,0,TypeScript,2018-2020,1.0,2.86,0.0,0.83,1
7,3,0,0,38,36,1,0,4,1.5,0,TypeScript,2018-2020,1.0,1.03,0.0,0.75,1
23,5,1,1,39,4,2,0,3,5.33,1,TypeScript,2018-2020,0.4,7.8,0.0,1.78,0
16,6,1,0,73,3,2,0,1,1.0,0,TypeScript,2018-2020,1.0,18.25,0.0,0.33,1
10,2,0,0,20,2,2,0,2,1.0,1,TypeScript,2018-2020,0.4,6.67,0.0,0.33,1
11,5,1,0,2,2,1,0,1,1.0,0,TypeScript,2018-2020,1.0,0.67,0.0,0.5,2
9,6,1,0,5,52,5,0,7,1.29,0,TypeScript,2018-2020,1.0,0.09,0.0,0.22,0
9,6,1,0,0,47,1,0,2,1.0,0,TypeScript,2018-2020,1.0,0.0,0.0,0.5,0
9,6,1,0,1,8,1,0,2,5.5,0,TypeScript,2018-2020,1.0,0.11,0.0,2.75,0
9,6,1,0,103,100,11,0,11,1.0,0,TypeScript,2018-2020,1.0,1.02,0.0,0.08,0
12,6,1,0,2,2,1,0,1,1.0,1,TypeScript,2018-2020,0.4,0.67,0.0,0.5,1
16,6,1,0,30,0,1,1,0,0.0,0,TypeScript,2018-2020,1.0,30.0,0.5,0.0,0
22,0,0,1,5,7,3,0,0,0.0,0,TypeScript,2018-2020,1.0,0.62,0.0,0.0,2
22,0,0,1,1,1,1,0,0,0.0,0,TypeScript,2018-2020,1.0,0.5,0.0,0.0,0
22,0,0,1,1,1,1,0,0,0.0,0,TypeScript,2018-2020,1.0,0.5,0.0,0.0,0
22,0,0,1,1,1,1,0,0,0.0,0,TypeScript,2018-2020,1.0,0.5,0.0,0.0,0
22,0,0,1,1,1,1,0,0,0.0,0,TypeScript,2018-2020,1.0,0.5,0.0,0.0,0
22,0,0,1,1,1,1,0,0,0.0,0,TypeScript,2018-2020,1.0,0.5,0.0,0.0,0
22,0,0,1,6,6,2,0,5,2.6,0,TypeScript,2018-2020,1.0,0.86,0.0,0.87,2
22,0,0,1,5,5,3,0,10,3.0,1,TypeScript,2018-2020,0.4,0.83,0.0,0.75,2
10,1,0,0,24,27,3,0,7,4.57,0,TypeScript,2018-2020,1.0,0.86,0.0,1.14,3
19,1,0,0,31,0,3,0,3,1.0,0,TypeScript,2018-2020,1.0,31.0,0.0,0.25,3
17,2,0,0,1,1,1,0,0,0.0,0,TypeScript,2018-2020,1.0,0.5,0.0,0.0,0
22,3,0,1,1,1,1,0,0,0.0,0,TypeScript,2018-2020,1.0,0.5,0.0,0.0,1
10,2,0,0,69,36,2,0,4,3.25,0,TypeScript,2018-2020,1.0,1.86,0.0,1.08,3
16,6,1,0,1,1,1,0,0,0.0,0,TypeScript,2018-2020,1.0,0.5,0.0,0.0,0
10,0,0,0,18,50,5,0,7,2.57,1,TypeScript,2018-2020,0.4,0.35,0.0,0.43,0
10,2,0,0,0,3,2,0,1,2.0,0,TypeScript,2018-2020,1.0,0.0,0.0,0.67,3
13,2,0,0,1,1,1,0,0,0.0,0,TypeScript,2018-2020,1.0,0.5,0.0,0.0,3
19,2,0,0,16,8,2,0,6,2.33,0,TypeScript,2018-2020,1.0,1.78,0.0,0.78,1
20,2,0,0,1,1,1,1,0,0.0,0,TypeScript,2018-2020,1.0,0.5,0.5,0.0,0
17,3,0,0,34,28,1,0,8,2.5,0,TypeScript,2018-2020,1.0,1.17,0.0,1.25,0
17,3,0,0,74,84,1,0,4,8.25,0,TypeScript,2018-2020,1.0,0.87,0.0,4.12,0
22,3,0,1,21,17,3,1,0,0.0,0,TypeScript,2018-2020,1.0,1.17,0.25,0.0,0
22,4,0,1,1,1,1,0,0,0.0,0,TypeScript,2018-2020,1.0,0.5,0.0,0.0,3
14,5,1,0,93,77,1,0,13,2.0,0,TypeScript,2018-2020,1.0,1.19,0.0,1.0,3
16,5,1,0,7,8,1,0,2,3.0,0,TypeScript,2018-2020,1.0,0.78,0.0,1.5,3
16,5,1,0,22,18,4,0,4,2.5,0,TypeScript,2018-2020,1.0,1.16,0.0,0.5,0
17,5,1,0,10,13,1,0,2,1.0,0,TypeScript,2018-2020,1.0,0.71,0.0,0.5,0
2,0,0,1,119,73,1,0,1,1.0,0,TypeScript,2018-2020,1.0,1.61,0.0,0.5,0
16,1,0,0,1,6,2,0,4,10.75,0,TypeScript,2018-2020,1.0,0.14,0.0,3.58,2
14,4,0,0,20,1,2,0,2,2.5,1,TypeScript,2018-2020,0.4,10.0,0.0,0.83,1
14,4,0,0,34,3,1,0,0,0.0,1,TypeScript,2018-2020,0.4,8.5,0.0,0.0,3
11,0,0,0,8,0,2,0,0,0.0,0,TypeScript,2018-2020,1.0,8.0,0.0,0.0,4
11,0,0,0,517,115,7,0,17,5.53,0,TypeScript,2018-2020,1.0,4.46,0.0,0.69,4
22,3,0,1,1,1,1,0,0,0.0,0,TypeScript,2018-2020,1.0,0.5,0.0,0.0,0
23,5,1,1,45,14,2,0,8,3.38,1,TypeScript,2018-2020,0.4,3.0,0.0,1.13,4
17,6,1,0,18,19,13,0,21,3.76,0,TypeScript,2018-2020,1.0,0.9,0.0,0.27,5
23,0,0,1,44,2,3,0,3,3.33,1,TypeScript,2018-2020,0.4,14.67,0.0,0.83,5
17,1,0,0,331,3,6,0,10,1.4,0,TypeScript,2018-2020,1.0,82.75,0.0,0.2,6
22,1,0,1,32,0,1,0,1,1.0,0,TypeScript,2018-2020,1.0,32.0,0.0,0.5,6
9,5,1,0,6,37,2,0,2,17.0,0,TypeScript,2018-2020,1.0,0.16,0.0,5.67,1
9,5,1,0,16,1,2,0,2,17.0,0,TypeScript,2018-2020,1.0,8.0,0.0,5.67,1
9,5,1,0,8,24,2,0,2,15.0,0,TypeScript,2018-2020,1.0,0.32,0.0,5.0,1
9,5,1,0,21,3,2,0,2,15.5,0,TypeScript,2018-2020,1.0,5.25,0.0,5.17,1
11,5,1,0,9,1,1,0,4,3.5,0,TypeScript,2018-2020,1.0,4.5,0.0,1.75,0
11,5,1,0,38,8,2,0,4,2.25,0,TypeScript,2018-2020,1.0,4.22,0.0,0.75,0
13,5,1,0,38,0,1,0,1,1.0,0,TypeScript,2018-2020,1.0,38.0,0.0,0.5,6
16,5,1,0,43,12,2,0,8,2.25,1,TypeScript,2018-2020,0.4,3.31,0.0,0.75,6
16,5,1,0,33,4,4,0,6,9.67,1,TypeScript,2018-2020,0.4,6.6,0.0,1.93,7
6,6,1,0,29,12,7,0,9,2.44,0,TypeScript,2018-2020,1.0,2.23,0.0,0.3,0
6,6,1,0,9,9,1,0,1,1.0,0,TypeScript,2018-2020,1.0,0.9,0.0,0.5,1
13,0,0,0,238,14,10,0,13,5.46,0,TypeScript,2018-2020,1.0,15.87,0.0,0.5,8
0,1,0,1,16,1,2,0,3,8.0,0,TypeScript,2018-2020,1.0,8.0,0.0,2.67,2
17,1,0,0,10,4,4,0,8,10.25,0,TypeScript,2018-2020,1.0,2.0,0.0,2.05,1
17,1,0,0,13,1,2,0,3,8.0,0,TypeScript,2018-2020,1.0,6.5,0.0,2.67,8
19,1,0,0,1,1,1,0,2,11.5,0,TypeScript,2018-2020,1.0,0.5,0.0,5.75,2
19,1,0,0,1,1,1,0,2,11.5,0,TypeScript,2018-2020,1.0,0.5,0.0,5.75,2
21,2,0,0,2,1,1,0,2,12.0,0,TypeScript,2018-2020,1.0,1.0,0.0,6.0,2
17,4,0,0,3,3,1,0,0,0.0,0,TypeScript,2018-2020,1.0,0.75,0.0,0.0,8
17,4,0,0,9,5,1,0,4,5.75,0,TypeScript,2018-2020,1.0,1.5,0.0,2.88,8
11,6,1,0,3,1,1,0,0,0.0,0,TypeScript,2018-2020,1.0,1.5,0.0,0.0,1
4,0,0,1,136,121,1,0,4,1.0,0,TypeScript,2018-2020,1.0,1.11,0.0,0.5,1
4,0,0,1,8,8,1,0,3,1.0,0,TypeScript,2018-2020,1.0,0.89,0.0,0.5,1
10,0,0,0,10,0,1,0,0,0.0,0,TypeScript,2018-2020,1.0,10.0,0.0,0.0,1
1,1,0,1,2,1,1,0,0,0.0,0,TypeScript,2018-2020,1.0,1.0,0.0,0.0,1
3,1,0,1,1,1,1,0,1,12.0,0,TypeScript,2018-2020,1.0,0.5,0.0,6.0,1
11,1,0,0,1,1,1,0,0,0.0,0,TypeScript,2018-2020,1.0,0.5,0.0,0.0,0
11,1,0,0,58,41,2,0,3,1.0,0,TypeScript,2018-2020,1.0,1.38,0.0,0.33,0
11,1,0,0,50,6,2,0,3,1.33,0,TypeScript,2018-2020,1.0,7.14,0.0,0.44,0
11,1,0,0,3,3,1,0,1,1.0,0,TypeScript,2018-2020,1.0,0.75,0.0,0.5,0
12,1,0,0,27,2,1,0,2,1.0,0,TypeScript,2018-2020,1.0,9.0,0.0,0.5,0
15,3,0,0,1,1,1,0,0,0.0,0,TypeScript,2018-2020,1.0,0.5,0.0,0.0,0
12,5,1,0,1,0,1,0,1,2.0,0,TypeScript,2018-2020,1.0,1.0,0.0,1.0,8
1,6,1,1,22,6,2,0,3,3.33,0,TypeScript,2018-2020,1.0,3.14,0.0,1.11,8
2,0,0,1,2,12,2,0,4,3.0,1,TypeScript,2018-2020,0.4,0.15,0.0,1.0,0
2,0,0,1,1,1,1,0,0,0.0,0,TypeScript,2018-2020,1.0,0.5,0.0,0.0,1
14,0,0,0,1,1,1,0,1,1.0,0,TypeScript,2018-2020,1.0,0.5,0.0,0.5,8
17,0,0,0,6,6,5,0,7,7.86,0,TypeScript,2018-2020,1.0,0.86,0.0,1.31,0
17,0,0,0,90,90,12,0,12,1.0,0,TypeScript,2018-2020,1.0,0.99,0.0,0.08,8
22,0,0,1,172,103,5,0,5,1.4,0,TypeScript,2018-2020,1.0,1.65,0.0,0.23,1
18,1,0,0,305,5,7,0,11,2.09,1,TypeScript,2018-2020,0.4,50.83,0.0,0.26,8
21,1,0,0,0,41,2,0,0,0.0,0,TypeScript,2018-2020,1.0,0.0,0.0,0.0,9
0,3,0,1,1,3,1,0,1,10.0,0,TypeScript,2018-2020,1.0,0.25,0.0,5.0,0
11,3,0,0,1,1,1,0,1,1.0,0,TypeScript,2018-2020,1.0,0.5,0.0,0.5,0
14,4,0,0,90,90,12,0,12,1.0,0,TypeScript,2018-2020,1.0,0.99,0.0,0.08,9
19,4,0,0,145,0,4,0,4,3.75,0,TypeScript,2018-2020,1.0,145.0,0.0,0.75,9
23,4,0,1,62,69,1,0,7,1.43,0,TypeScript,2018-2020,1.0,0.89,0.0,0.72,9
9,5,1,0,5,5,3,0,5,6.0,0,TypeScript,2018-2020,1.0,0.83,0.0,1.5,0
11,5,1,0,6,45,3,0,8,1.75,0,TypeScript,2018-2020,1.0,0.13,0.0,0.44,9
21,1,0,0,15,2,2,0,3,9.0,0,TypeScript,2018-2020,1.0,5.0,0.0,3.0,0
21,1,0,0,6,2,1,0,1,14.0,0,TypeScript,2018-2020,1.0,2.0,0.0,7.0,0
23,1,0,1,2,1,1,0,1,4.0,0,TypeScript,2018-2020,1.0,1.0,0.0,2.0,9
1,3,0,1,69,5,5,0,5,1.0,0,TypeScript,2018-2020,1.0,11.5,0.0,0.17,9
12,3,0,0,2,2,1,0,1,3.0,0,TypeScript,2018-2020,1.0,0.67,0.0,1.5,0
12,3,0,0,115,9,10,0,10,1.0,0,TypeScript,2018-2020,1.0,11.5,0.0,0.09,0
13,4,0,0,27,12,4,1,0,0.0,0,TypeScript,2018-2020,1.0,2.08,0.2,0.0,1
19,4,0,0,5257,0,28,2,32,1.78,0,TypeScript,2018-2020,1.0,5257.0,0.07,0.06,0
19,4,0,0,3,24,3,0,0,0.0,0,TypeScript,2018-2020,1.0,0.12,0.0,0.0,0
19,4,0,0,1,1,1,0,0,0.0,0,TypeScript,2018-2020,1.0,0.5,0.0,0.0,0
22,4,0,1,31,6,2,0,6,2.83,0,TypeScript,2018-2020,1.0,4.43,0.0,0.94,0
12,5,1,0,5,4,2,0,3,3.0,0,TypeScript,2018-2020,1.0,1.0,0.0,1.0,2
14,5,1,0,2,2,2,0,3,3.0,0,TypeScript,2018-2020,1.0,0.67,0.0,1.0,2
17,0,0,0,64,68,5,0,7,3.43,0,TypeScript,2018-2020,1.0,0.93,0.0,0.57,9
18,1,0,0,10,9,4,0,0,0.0,0,TypeScript,2018-2020,1.0,1.0,0.0,0.0,0
18,1,0,0,1,1,1,0,0,0.0,0,TypeScript,2018-2020,1.0,0.5,0.0,0.0,0
20,1,0,0,66,46,7,2,8,3.75,0,TypeScript,2018-2020,1.0,1.4,0.25,0.47,0
20,1,0,0,1,1,1,0,0,0.0,0,TypeScript,2018-2020,1.0,0.5,0.0,0.0,0
19,2,0,0,149,72,8,2,27,1.63,0,TypeScript,2018-2020,1.0,2.04,0.22,0.18,0
19,2,0,0,1,1,1,0,0,0.0,0,TypeScript,2018-2020,1.0,0.5,0.0,0.0,0
16,3,0,0,14,8,1,0,3,2.0,0,TypeScript,2018-2020,1.0,1.56,0.0,1.0,9
19,4,0,0,7,7,2,0,4,4.0,0,TypeScript,2018-2020,1.0,0.88,0.0,1.33,9
19,4,0,0,32,41,3,0,15,2.6,0,TypeScript,2018-2020,1.0,0.76,0.0,0.65,9
11,5,1,0,8,30,2,0,2,3.0,0,TypeScript,2018-2020,1.0,0.26,0.0,1.0,1
12,5,1,0,1,1,1,0,0,0.0,0,TypeScript,2018-2020,1.0,0.5,0.0,0.0,1
17,5,1,0,17,9,3,0,5,4.2,0,TypeScript,2018-2020,1.0,1.7,0.0,1.05,9
17,5,1,0,1,27,2,0,2,3.0,0,TypeScript,2018-2020,1.0,0.04,0.0,1.0,9
19,5,1,0,104,327,2,0,3,1.0,0,TypeScript,2018-2020,1.0,0.32,0.0,0.33,0
19,5,1,0,15,16,6,0,4,2.0,0,TypeScript,2018-2020,1.0,0.88,0.0,0.29,9
18,6,1,0,1,1,1,0,0,0.0,0,TypeScript,2018-2020,1.0,0.5,0.0,0.0,9
16,0,0,0,1,1,1,0,0,0.0,0,TypeScript,2018-2020,1.0,0.5,0.0,0.0,9
2,1,0,1,39,52,25,0,36,4.64,0,TypeScript,2018-2020,1.0,0.74,0.0,0.18,1
14,6,1,0,1,1,1,0,0,0.0,0,TypeScript,2018-2020,1.0,0.5,0.0,0.0,1
18,0,0,0,274,559,18,2,48,1.85,0,TypeScript,2018-2020,1.0,0.49,0.11,0.1,0
19,4,0,0,4073,27,7,1,7,1.86,0,TypeScript,2018-2020,1.0,145.46,0.12,0.23,0
20,4,0,0,42,38,1,0,0,0.0,0,TypeScript,2018-2020,1.0,1.08,0.0,0.0,0
23,4,0,1,480,18,4,0,3,12.33,0,TypeScript,2018-2020,1.0,25.26,0.0,2.47,0
23,4,0,1,1,1,1,0,0,0.0,0,TypeScript,2018-2020,1.0,0.5,0.0,0.0,0
23,4,0,1,4,4,1,0,1,1.0,0,TypeScript,2018-2020,1.0,0.8,0.0,0.5,0
23,4,0,1,1,1,1,0,0,0.0,0,TypeScript,2018-2020,1.0,0.5,0.0,0.0,0
23,4,0,1,3,2,2,0,1,4.0,0,TypeScript,2018-2020,1.0,1.0,0.0,1.33,0
23,4,0,1,2,2,1,0,0,0.0,0,TypeScript,2018-2020,1.0,0.67,0.0,0.0,0
14,5,1,0,62,28,2,0,3,2.33,0,TypeScript,2018-2020,1.0,2.14,0.0,0.78,9
20,5,1,0,2,2,2,0,0,0.0,0,TypeScript,2018-2020,1.0,0.67,0.0,0.0,9
22,5,1,1,83,8,5,0,10,1.7,0,TypeScript,2018-2020,1.0,9.22,0.0,0.28,0
22,5,1,1,1,1,1,0,0,0.0,0,TypeScript,2018-2020,1.0,0.5,0.0,0.0,0
22,5,1,1,2,2,1,0,0,0.0,0,TypeScript,2018-2020,1.0,0.67,0.0,0.0,0
22,5,1,1,1,1,1,0,0,0.0,0,TypeScript,2018-2020,1.0,0.5,0.0,0.0,0
23,5,1,1,2,4,1,0,1,4.0,0,TypeScript,2018-2020,1.0,0.4,0.0,2.0,0
23,5,1,1,1,1,1,0,0,0.0,0,TypeScript,2018-2020,1.0,0.5,0.0,0.0,0
23,5,1,1,4,1,1,0,1,1.0,0,TypeScript,2018-2020,1.0,2.0,0.0,0.5,0
23,5,1,1,1,1,1,0,0,0.0,0,TypeScript,2018-2020,1.0,0.5,0.0,0.0,0
23,5,1,1,5,1,1,0,1,4.0,0,TypeScript,2018-2020,1.0,2.5,0.0,2.0,0
23,5,1,1,1,1,1,0,0,0.0,0,TypeScript,2018-2020,1.0,0.5,0.0,0.0,0
23,5,1,1,6,5,1,0,1,4.0,0,TypeScript,2018-2020,1.0,1.0,0.0,2.0,0
23,5,1,1,1,1,1,0,0,0.0,0,TypeScript,2018-2020,1.0,0.5,0.0,0.0,0
0,6,1,1,14,13,5,0,11,2.91,0,TypeScript,2018-2020,1.0,1.0,0.0,0.49,0
0,6,1,1,1,1,1,0,0,0.0,0,TypeScript,2018-2020,1.0,0.5,0.0,0.0,0
1,6,1,1,1,1,1,0,0,0.0,0,TypeScript,2018-2020,1.0,0.5,0.0,0.0,0
1,6,1,1,80,56,6,0,16,2.31,0,TypeScript,2018-2020,1.0,1.4,0.0,0.33,0
1,6,1,1,5,2,1,0,1,5.0,0,TypeScript,2018-2020,1.0,1.67,0.0,2.5,0
1,6,1,1,1,1,1,0,0,0.0,0,TypeScript,2018-2020,1.0,0.5,0.0,0.0,0
1,6,1,1,1,1,1,0,0,0.0,0,TypeScript,2018-2020,1.0,0.5,0.0,0.0,0
1,6,1,1,60,119,4,1,3,2.33,0,TypeScript,2018-2020,1.0,0.5,0.2,0.47,0
1,0,0,1,1,1,1,0,0,0.0,0,TypeScript,2018-2020,1.0,0.5,0.0,0.0,1
2,0,0,1,129,88,2,0,7,5.14,0,TypeScript,2018-2020,1.0,1.45,0.0,1.71,0
2,0,0,1,11,53,4,0,11,1.73,0,TypeScript,2018-2020,1.0,0.2,0.0,0.35,0
2,0,0,1,2,2,1,0,0,0.0,0,TypeScript,2018-2020,1.0,0.67,0.0,0.0,0
2,0,0,1,6,0,1,0,0,0.0,0,TypeScript,2018-2020,1.0,6.0,0.0,0.0,0
2,0,0,1,14,102,6,0,8,1.62,0,TypeScript,2018-2020,1.0,0.14,0.0,0.23,0
2,0,0,1,1,1,1,0,0,0.0,0,TypeScript,2018-2020,1.0,0.5,0.0,0.0,0
2,0,0,1,0,1,1,0,0,0.0,0,TypeScript,2018-2020,1.0,0.0,0.0,0.0,0
2,0,0,1,2,0,1,0,0,0.0,0,TypeScript,2018-2020,1.0,2.0,0.0,0.0,0
2,0,0,1,12,0,1,0,0,0.0,0,TypeScript,2018-2020,1.0,12.0,0.0,0.0,0
6,0,0,0,0,10,1,0,0,0.0,0,TypeScript,2018-2020,1.0,0.0,0.0,0.0,1
7,0,0,0,1,1,1,0,0,0.0,0,TypeScript,2018-2020,1.0,0.5,0.0,0.0,1
13,0,0,0,11,10,1,0,0,0.0,0,TypeScript,2018-2020,1.0,1.0,0.0,0.0,0
15,3,0,0,1,27,2,0,2,1.0,0,TypeScript,2018-2020,1.0,0.04,0.0,0.33,2
14,4,0,0,31,4,3,0,5,2.6,1,TypeScript,2018-2020,0.4,6.2,0.0,0.65,9
18,5,1,0,52,44,3,0,16,2.88,0,TypeScript,2018-2020,1.0,1.16,0.0,0.72,10
13,0,0,0,14,14,2,0,0,0.0,0,TypeScript,2018-2020,1.0,0.93,0.0,0.0,0
13,0,0,0,1,1,1,0,0,0.0,0,TypeScript,2018-2020,1.0,0.5,0.0,0.0,0
16,0,0,0,17,15,4,0,8,1.25,0,TypeScript,2018-2020,1.0,1.06,0.0,0.25,0
16,0,0,0,7,0,1,0,0,0.0,0,TypeScript,2018-2020,1.0,7.0,0.0,0.0,0
13,2,0,0,4,4,2,0,2,2.0,0,TypeScript,2018-2020,1.0,0.8,0.0,0.67,0
17,2,0,0,77,72,9,0,11,3.64,0,TypeScript,2018-2020,1.0,1.05,0.0,0.36,0
21,2,0,0,42,0,1,0,5,1.6,0,TypeScript,2018-2020,1.0,42.0,0.0,0.8,0
21,2,0,0,10,447,9,0,30,2.3,0,TypeScript,2018-2020,1.0,0.02,0.0,0.23,0
21,2,0,0,441,0,5,0,30,2.3,0,TypeScript,2018-2020,1.0,441.0,0.0,0.38,0
21,2,0,0,1,1,1,0,0,0.0,0,TypeScript,2018-2020,1.0,0.5,0.0,0.0,0
21,2,0,0,16,11,2,0,0,0.0,0,TypeScript,2018-2020,1.0,1.33,0.0,0.0,0
21,2,0,0,1,1,1,0,0,0.0,0,TypeScript,2018-2020,1.0,0.5,0.0,0.0,0
17,3,0,0,43,15,2,0,5,2.0,0,TypeScript,2018-2020,1.0,2.69,0.0,0.67,0
17,3,0,0,1,1,1,0,0,0.0,0,TypeScript,2018-2020,1.0,0.5,0.0,0.0,0
17,3,0,0,1,1,1,0,1,2.0,0,TypeScript,2018-2020,1.0,0.5,0.0,1.0,0
17,3,0,0,1,1,1,0,0,0.0,0,TypeScript,2018-2020,1.0,0.5,0.0,0.0,0
17,3,0,0,3,2,1,0,0,0.0,0,TypeScript,2018-2020,1.0,1.0,0.0,0.0,0
17,3,0,0,1,1,1,0,0,0.0,0,TypeScript,2018-2020,1.0,0.5,0.0,0.0,0
18,3,0,0,1,1,1,0,2,3.5,0,TypeScript,2018-2020,1.0,0.5,0.0,1.75,0
18,3,0,0,1,1,1,0,0,0.0,0,TypeScript,2018-2020,1.0,0.5,0.0,0.0,0
4,4,0,1,4,1,3,0,4,11.0,0,TypeScript,2018-2020,1.0,2.0,0.0,2.75,1
4,4,0,1,1,1,1,0,0,0.0,0,TypeScript,2018-2020,1.0,0.5,0.0,0.0,1
4,4,0,1,47,4,3,0,3,1.0,0,TypeScript,2018-2020,1.0,9.4,0.0,0.25,1
4,4,0,1,792,811,3,0,5,1.0,0,TypeScript,2018-2020,1.0,0.98,0.0,0.25,1
11,4,0,0,1,1,1,0,0,0.0,0,TypeScript,2018-2020,1.0,0.5,0.0,0.0,1
16,4,0,0,16,19,1,0,4,2.25,0,TypeScript,2018-2020,1.0,0.8,0.0,1.12,0
16,4,0,0,1,1,1,0,0,0.0,0,TypeScript,2018-2020,1.0,0.5,0.0,0.0,0
6,6,1,0,1,1,1,0,0,0.0,0,TypeScript,2018-2020,1.0,0.5,0.0,0.0,1
13,6,1,0,33,33,2,0,2,4.0,1,TypeScript,2018-2020,0.4,0.97,0.0,1.33,1
18,0,0,0,2,2,2,0,0,0.0,1,TypeScript,2018-2020,0.4,0.67,0.0,0.0,2
21,0,0,0,0,4,1,0,2,11.5,0,TypeScript,2018-2020,1.0,0.0,0.0,5.75,0
21,0,0,0,1,1,1,0,0,0.0,0,TypeScript,2018-2020,1.0,0.5,0.0,0.0,0
22,1,0,1,21,3,2,0,3,2.67,0,TypeScript,2018-2020,1.0,5.25,0.0,0.89,10
4,4,0,1,12,2,1,0,2,6.5,0,TypeScript,2018-2020,1.0,4.0,0.0,3.25,3
4,4,0,1,22,0,1,0,2,1.0,0,TypeScript,2018-2020,1.0,22.0,0.0,0.5,3
9,4,0,0,60,198,2,0,2,1.5,0,TypeScript,2018-2020,1.0,0.3,0.0,0.5,0
9,4,0,0,173,9,5,0,13,1.62,0,TypeScript,2018-2020,1.0,17.3,0.0,0.27,0
10,4,0,0,16,2,2,0,4,2.0,0,TypeScript,2018-2020,1.0,5.33,0.0,0.67,0
10,4,0,0,51,51,2,0,1,2.0,0,TypeScript,2018-2020,1.0,0.98,0.0,0.67,0
10,4,0,0,30,23,2,0,5,1.6,0,TypeScript,2018-2020,1.0,1.25,0.0,0.53,0
21,4,0,0,85,148,4,0,10,4.0,0,TypeScript,2018-2020,1.0,0.57,0.0,0.8,0
21,4,0,0,2,2,1,0,0,0.0,0,TypeScript,2018-2020,1.0,0.67,0.0,0.0,0
21,4,0,0,115,51,2,0,6,5.67,0,TypeScript,2018-2020,1.0,2.21,0.0,1.89,0
21,4,0,0,1,1,1,0,0,0.0,0,TypeScript,2018-2020,1.0,0.5,0.0,0.0,0
22,4,0,1,5,1,1,0,1,7.0,0,TypeScript,2018-2020,1.0,2.5,0.0,3.5,0
22,4,0,1,1,1,1,0,0,0.0,0,TypeScript,2018-2020,1.0,0.5,0.0,0.0,0
7,5,1,0,371,398,2,0,1,1.0,0,TypeScript,2018-2020,1.0,0.93,0.0,0.33,3
8,5,1,0,26,8,2,0,1,1.0,0,TypeScript,2018-2020,1.0,2.89,0.0,0.33,3
8,5,1,0,50,57,1,0,1,1.0,0,TypeScript,2018-2020,1.0,0.86,0.0,0.5,3
8,5,1,0,6,6,1,0,1,1.0,0,TypeScript,2018-2020,1.0,0.86,0.0,0.5,3
8,5,1,0,65,59,1,0,2,1.0,0,TypeScript,2018-2020,1.0,1.08,0.0,0.5,3
8,5,1,0,32,27,1,0,1,1.0,0,TypeScript,2018-2020,1.0,1.14,0.0,0.5,3
8,5,1,0,12,12,1,0,1,1.0,0,TypeScript,2018-2020,1.0,0.92,0.0,0.5,3
8,5,1,0,25,21,1,0,1,1.0,0,TypeScript,2018-2020,1.0,1.14,0.0,0.5,3
8,5,1,0,12,12,1,0,1,1.0,0,TypeScript,2018-2020,1.0,0.92,0.0,0.5,3
10,5,1,0,6,23,1,0,1,1.0,0,TypeScript,2018-2020,1.0,0.25,0.0,0.5,3
13,0,0,0,113,26,5,0,7,2.0,0,TypeScript,2018-2020,1.0,4.19,0.0,0.33,0
13,0,0,0,17,16,3,0,3,2.67,0,TypeScript,2018-2020,1.0,1.0,0.0,0.67,0
13,0,0,0,8624,0,9,0,2,4.0,0,TypeScript,2018-2020,1.0,8624.0,0.0,0.4,0
23,1,0,1,12,12,5,0,4,1.0,0,TypeScript,2018-2020,1.0,0.92,0.0,0.17,0
23,1,0,1,13,0,1,0,0,0.0,0,TypeScript,2018-2020,1.0,13.0,0.0,0.0,10
13,2,0,0,6,2,1,0,2,2.0,0,TypeScript,2018-2020,1.0,2.0,0.0,1.0,0
17,2,0,0,702,29,3,0,0,0.0,0,TypeScript,2018-2020,1.0,23.4,0.0,0.0,0
17,2,0,0,24587,24510,57,0,6,2.67,0,TypeScript,2018-2020,1.0,1.0,0.0,0.05,0
17,2,0,0,8582,8588,8,0,3,3.0,0,TypeScript,2018-2020,1.0,1.0,0.0,0.33,0
17,2,0,0,52657,38556,156,64,27,1.22,0,TypeScript,2018-2020,1.0,1.37,0.41,0.01,0
23,2,0,1,1403,242,3,1,1,1.0,0,TypeScript,2018-2020,1.0,5.77,0.25,0.25,0
23,2,0,1,1,1,1,0,0,0.0,0,TypeScript,2018-2020,1.0,0.5,0.0,0.0,0
1,3,0,1,33,2,2,0,0,0.0,0,TypeScript,2018-2020,1.0,11.0,0.0,0.0,0
1,3,0,1,8,2,1,0,2,1.5,0,TypeScript,2018-2020,1.0,2.67,0.0,0.75,0
20,3,0,0,43,7,2,0,5,3.0,0,TypeScript,2018-2020,1.0,5.38,0.0,1.0,0
11,4,0,0,1285,1304,3,1,1,1.0,0,TypeScript,2018-2020,1.0,0.98,0.25,0.25,0
17,4,0,0,31,1,2,1,0,0.0,0,TypeScript,2018-2020,1.0,15.5,0.33,0.0,0
22,4,0,1,100,0,3,0,1,1.0,0,TypeScript,2018-2020,1.0,100.0,0.0,0.25,0
1,5,1,1,52,0,2,0,2,5.5,0,TypeScript,2018-2020,1.0,52.0,0.0,1.83,3
3,5,1,1,376,0,6,0,9,2.56,0,TypeScript,2018-2020,1.0,376.0,0.0,0.37,0
8,0,0,0,19,3,2,0,2,4.5,0,TypeScript,2018-2020,1.0,4.75,0.0,1.5,3
9,0,0,0,2,0,1,0,0,0.0,0,TypeScript,2018-2020,1.0,2.0,0.0,0.0,0
11,0,0,0,18,4,1,0,2,1.0,0,TypeScript,2018-2020,1.0,3.6,0.0,0.5,3
12,0,0,0,321,235,17,0,60,3.48,0,TypeScript,2018-2020,1.0,1.36,0.0,0.19,0
13,0,0,0,3,4,1,0,2,1.5,0,TypeScript,2018-2020,1.0,0.6,0.0,0.75,0
13,0,0,0,832,160,3,0,0,0.0,0,TypeScript,2018-2020,1.0,5.17,0.0,0.0,0
13,0,0,0,1814,1460,19,0,66,2.55,0,TypeScript,2018-2020,1.0,1.24,0.0,0.13,0
13,0,0,0,2,3,1,0,0,0.0,0,TypeScript,2018-2020,1.0,0.5,0.0,0.0,0
13,0,0,0,2,2,2,0,0,0.0,0,TypeScript,2018-2020,1.0,0.67,0.0,0.0,0
14,0,0,0,3,2,1,0,2,1.0,0,TypeScript,2018-2020,1.0,1.0,0.0,0.5,0
14,0,0,0,2,2,2,0,0,0.0,0,TypeScript,2018-2020,1.0,0.67,0.0,0.0,0
14,0,0,0,805,1151,2,0,0,0.0,0,TypeScript,2018-2020,1.0,0.7,0.0,0.0,0
14,0,0,0,18,33,5,0,2,3.0,0,TypeScript,2018-2020,1.0,0.53,0.0,0.5,0
14,0,0,0,24,26,2,0,15,1.4,0,TypeScript,2018-2020,1.0,0.89,0.0,0.47,0
15,0,0,0,306,250,15,0,37,2.65,0,TypeScript,2018-2020,1.0,1.22,0.0,0.17,0
15,0,0,0,834,162,3,0,0,0.0,0,TypeScript,2018-2020,1.0,5.12,0.0,0.0,0
15,0,0,0,2479,2105,17,0,54,2.13,0,TypeScript,2018-2020,1.0,1.18,0.0,0.12,0
15,0,0,0,30,26,4,0,0,0.0,0,TypeScript,2018-2020,1.0,1.11,0.0,0.0,0
15,0,0,0,2,2,2,0,0,0.0,0,TypeScript,2018-2020,1.0,0.67,0.0,0.0,0
16,0,0,0,0,97,1,0,0,0.0,0,TypeScript,2018-2020,1.0,0.0,0.0,0.0,0
16,0,0,0,21,24,2,0,12,1.58,0,TypeScript,2018-2020,1.0,0.84,0.0,0.53,0
16,0,0,0,0,35,2,0,2,4.0,0,TypeScript,2018-2020,1.0,0.0,0.0,1.33,0
16,0,0,0,668,1,3,0,0,0.0,0,TypeScript,2018-2020,1.0,334.0,0.0,0.0,0
16,0,0,0,2441,2045,19,0,53,2.47,0,TypeScript,2018-2020,1.0,1.19,0.0,0.12,0
16,0,0,0,370,250,15,0,40,4.0,0,TypeScript,2018-2020,1.0,1.47,0.0,0.25,0
17,0,0,0,22,22,4,0,2,1.0,0,TypeScript,2018-2020,1.0,0.96,0.0,0.2,0
17,0,0,0,178133,158345,9,0,648,1.23,0,TypeScript,2018-2020,1.0,1.12,0.0,0.12,0
18,0,0,0,14,1,3,0,0,0.0,0,TypeScript,2018-2020,1.0,7.0,0.0,0.0,0
18,0,0,0,3358,2786,20,0,119,2.06,0,TypeScript,2018-2020,1.0,1.2,0.0,0.1,0
21,0,0,0,843,392,22,0,82,2.35,0,TypeScript,2018-2020,1.0,2.15,0.0,0.1,0
22,0,0,1,3,1,2,0,0,0.0,0,TypeScript,2018-2020,1.0,1.5,0.0,0.0,0
22,0,0,1,48,29,4,0,3,12.0,0,TypeScript,2018-2020,1.0,1.6,0.0,2.4,0
22,0,0,1,2,2,2,0,0,0.0,0,TypeScript,2018-2020,1.0,0.67,0.0,0.0,0
22,0,0,1,45,26,4,0,3,18.0,0,TypeScript,2018-2020,1.0,1.67,0.0,3.6,0
22,0,0,1,2,2,2,0,0,0.0,0,TypeScript,2018-2020,1.0,0.67,0.0,0.0,0
22,0,0,1,2,2,2,0,0,0.0,0,TypeScript,2018-2020,1.0,0.67,0.0,0.0,0
22,0,0,1,5,1,1,0,0,0.0,0,TypeScript,2018-2020,1.0,2.5,0.0,0.0,0
22,0,0,1,680,313,2,0,0,0.0,0,TypeScript,2018-2020,1.0,2.17,0.0,0.0,0
22,0,0,1,6,1,1,0,2,3.0,0,TypeScript,2018-2020,1.0,3.0,0.0,1.5,0
23,0,0,1,20,1,1,0,2,5.0,0,TypeScript,2018-2020,1.0,10.0,0.0,2.5,0
23,0,0,1,14,20,1,0,4,3.5,0,TypeScript,2018-2020,1.0,0.67,0.0,1.75,0
11,1,0,0,3,0,1,0,1,5.0,0,TypeScript,2018-2020,1.0,3.0,0.0,2.5,0
12,1,0,0,1,321,197,64,0,0.0,0,TypeScript,2018-2020,1.0,0.0,0.32,0.0,0
13,1,0,0,346,386,80,1,12,1.42,0,TypeScript,2018-2020,1.0,0.89,0.01,0.02,0
14,1,0,0,8,3,1,0,2,3.0,0,TypeScript,2018-2020,1.0,2.0,0.0,1.5,0
14,1,0,0,2,2,2,0,0,0.0,0,TypeScript,2018-2020,1.0,0.67,0.0,0.0,0
14,1,0,0,2,0,1,0,0,0.0,0,TypeScript,2018-2020,1.0,2.0,0.0,0.0,0
14,1,0,0,2,0,1,0,0,0.0,0,TypeScript,2018-2020,1.0,2.0,0.0,0.0,0
14,1,0,0,2,0,1,0,0,0.0,0,TypeScript,2018-2020,1.0,2.0,0.0,0.0,0
14,1,0,0,2,0,1,0,0,0.0,0,TypeScript,2018-2020,1.0,2.0,0.0,0.0,0
14,1,0,0,2,2,2,0,0,0.0,0,TypeScript,2018-2020,1.0,0.67,0.0,0.0,0
14,1,0,0,327,319,5,0,6,1.33,0,TypeScript,2018-2020,1.0,1.02,0.0,0.22,0
20,1,0,0,46,42,2,0,3,1.0,0,TypeScript,2018-2020,1.0,1.07,0.0,0.33,0
20,1,0,0,28,18,2,0,0,0.0,0,TypeScript,2018-2020,1.0,1.47,0.0,0.0,0
10,2,0,0,5,0,1,0,2,1.5,0,TypeScript,2018-2020,1.0,5.0,0.0,0.75,0
17,2,0,0,2,23,1,0,2,2.0,0,TypeScript,2018-2020,1.0,0.08,0.0,1.0,0
1,3,0,1,86,3,2,0,5,3.4,0,TypeScript,2018-2020,1.0,21.5,0.0,1.13,3
15,3,0,0,52,51,5,0,2,2.5,0,TypeScript,2018-2020,1.0,1.0,0.0,0.42,10
11,4,0,0,7,2,1,0,1,2.0,0,TypeScript,2018-2020,1.0,2.33,0.0,1.0,0
12,4,0,0,1,1,1,0,0,0.0,0,TypeScript,2018-2020,1.0,0.5,0.0,0.0,0
12,4,0,0,1,1,1,0,0,0.0,0,TypeScript,2018-2020,1.0,0.5,0.0,0.0,0
12,4,0,0,1,1,1,0,0,0.0,0,TypeScript,2018-2020,1.0,0.5,0.0,0.0,0
12,4,0,0,2,2,2,0,0,0.0,0,TypeScript,2018-2020,1.0,0.67,0.0,0.0,0
12,4,0,0,2,2,2,0,0,0.0,0,TypeScript,2018-2020,1.0,0.67,0.0,0.0,0
13,4,0,0,5,5,3,0,0,0.0,0,TypeScript,2018-2020,1.0,0.83,0.0,0.0,0
13,4,0,0,100,0,4,0,5,1.6,0,TypeScript,2018-2020,1.0,100.0,0.0,0.32,0
14,4,0,0,1,1,1,0,0,0.0,0,TypeScript,2018-2020,1.0,0.5,0.0,0.0,0
5,6,1,1,1,1,1,0,1,5.0,0,TypeScript,2018-2020,1.0,0.5,0.0,2.5,0
6,1,0,0,9,22,2,0,0,0.0,0,TypeScript,2018-2020,1.0,0.39,0.0,0.0,3
6,1,0,0,1,1,1,0,0,0.0,0,TypeScript,2018-2020,1.0,0.5,0.0,0.0,3
7,1,0,0,2,2,1,0,0,0.0,0,TypeScript,2018-2020,1.0,0.67,0.0,0.0,3
10,1,0,0,20,0,1,0,0,0.0,0,TypeScript,2018-2020,1.0,20.0,0.0,0.0,3
10,2,0,0,1,1,1,0,0,0.0,0,TypeScript,2018-2020,1.0,0.5,0.0,0.0,0
22,2,0,1,2,2,2,0,0,0.0,0,TypeScript,2018-2020,1.0,0.67,0.0,0.0,0
0,3,0,1,1,1,1,0,0,0.0,0,TypeScript,2018-2020,1.0,0.5,0.0,0.0,3
9,3,0,0,1,2,1,0,0,0.0,0,TypeScript,2018-2020,1.0,0.33,0.0,0.0,3
20,3,0,0,3,3,1,0,0,0.0,0,TypeScript,2018-2020,1.0,0.75,0.0,0.0,0
21,3,0,0,416,242,3,0,0,0.0,0,TypeScript,2018-2020,1.0,1.71,0.0,0.0,0
21,3,0,0,759,1203,2,0,0,0.0,0,TypeScript,2018-2020,1.0,0.63,0.0,0.0,0
22,3,0,1,70,0,1,0,0,0.0,0,TypeScript,2018-2020,1.0,70.0,0.0,0.0,0
22,3,0,1,659,3,1,0,0,0.0,0,TypeScript,2018-2020,1.0,164.75,0.0,0.0,0
22,3,0,1,6,4,3,0,2,1.5,0,TypeScript,2018-2020,1.0,1.2,0.0,0.38,0
22,3,0,1,12,48,2,0,5,3.6,0,TypeScript,2018-2020,1.0,0.24,0.0,1.2,0
16,4,0,0,301,106,4,0,4,1.0,0,TypeScript,2018-2020,1.0,2.81,0.0,0.2,0
20,4,0,0,78,97,1,0,22,1.0,0,TypeScript,2018-2020,1.0,0.8,0.0,0.5,0
20,4,0,0,109,337,13,0,41,2.2,0,TypeScript,2018-2020,1.0,0.32,0.0,0.16,0
20,4,0,0,33,32,4,0,5,3.6,0,TypeScript,2018-2020,1.0,1.0,0.0,0.72,0
20,4,0,0,10,3,3,0,0,0.0,0,TypeScript,2018-2020,1.0,2.5,0.0,0.0,0
20,4,0,0,12,8,1,0,1,2.0,0,TypeScript,2018-2020,1.0,1.33,0.0,1.0,0
20,4,0,0,14,1,1,0,4,4.25,0,TypeScript,2018-2020,1.0,7.0,0.0,2.12,0
21,4,0,0,3,2,1,0,3,4.0,0,TypeScript,2018-2020,1.0,1.0,0.0,2.0,0
21,4,0,0,18,0,2,1,0,0.0,1,TypeScript,2018-2020,0.4,18.0,0.33,0.0,0
22,4,0,1,2,1,1,0,1,9.0,1,TypeScript,2018-2020,0.4,1.0,0.0,4.5,1
22,4,0,1,2,2,2,0,0,0.0,0,TypeScript,2018-2020,1.0,0.67,0.0,0.0,2
22,4,0,1,74,60,2,0,0,0.0,0,TypeScript,2018-2020,1.0,1.21,0.0,0.0,2
23,4,0,1,8,10,1,0,1,22.0,0,TypeScript,2018-2020,1.0,0.73,0.0,11.0,2
23,4,0,1,17,30,1,0,7,4.86,1,TypeScript,2018-2020,0.4,0.55,0.0,2.43,2
1,5,1,1,3,0,1,0,0,0.0,0,TypeScript,2018-2020,1.0,3.0,0.0,0.0,0
1,5,1,1,318,97,2,0,0,0.0,0,TypeScript,2018-2020,1.0,3.24,0.0,0.0,3
1,5,1,1,290,1156,81,27,11,1.55,0,TypeScript,2018-2020,1.0,0.25,0.33,0.02,3
1,5,1,1,2,2,2,0,0,0.0,0,TypeScript,2018-2020,1.0,0.67,0.0,0.0,3
1,5,1,1,45,43,6,0,6,2.83,0,TypeScript,2018-2020,1.0,1.02,0.0,0.4,3
1,5,1,1,2,2,2,0,0,0.0,0,TypeScript,2018-2020,1.0,0.67,0.0,0.0,3
1,5,1,1,24,24,2,0,0,0.0,0,TypeScript,2018-2020,1.0,0.96,0.0,0.0,3
1,5,1,1,885,1046,10,0,26,2.88,0,TypeScript,2018-2020,1.0,0.85,0.0,0.26,3
1,5,1,1,2,2,2,0,0,0.0,0,TypeScript,2018-2020,1.0,0.67,0.0,0.0,3
1,5,1,1,73,42,3,0,3,18.0,0,TypeScript,2018-2020,1.0,1.7,0.0,4.5,3
1,5,1,1,117,242,12,0,23,5.13,0,TypeScript,2018-2020,1.0,0.48,0.0,0.39,3
1,5,1,1,2,2,2,0,0,0.0,0,TypeScript,2018-2020,1.0,0.67,0.0,0.0,3
1,5,1,1,32,32,2,0,0,0.0,0,TypeScript,2018-2020,1.0,0.97,0.0,0.0,3
1,5,1,1,77,219,12,0,21,4.14,0,TypeScript,2018-2020,1.0,0.35,0.0,0.32,3
1,5,1,1,2,2,2,0,0,0.0,0,TypeScript,2018-2020,1.0,0.67,0.0,0.0,3
2,5,1,1,1190,456,5,0,6,1.0,0,TypeScript,2018-2020,1.0,2.6,0.0,0.17,3
2,5,1,1,1,1,1,0,3,2.33,0,TypeScript,2018-2020,1.0,0.5,0.0,1.16,3
9,0,0,0,5,0,1,0,0,0.0,0,TypeScript,2018-2020,1.0,5.0,0.0,0.0,0
10,0,0,0,80,19,1,0,8,5.25,1,TypeScript,2018-2020,0.4,4.0,0.0,2.62,0
10,0,0,0,60,41,1,0,11,4.91,0,TypeScript,2018-2020,1.0,1.43,0.0,2.46,3
11,0,0,0,2,2,2,0,0,0.0,0,TypeScript,2018-2020,1.0,0.67,0.0,0.0,3
11,0,0,0,12,8,3,0,0,0.0,0,TypeScript,2018-2020,1.0,1.33,0.0,0.0,3
11,0,0,0,2,2,2,0,0,0.0,0,TypeScript,2018-2020,1.0,0.67,0.0,0.0,3
11,0,0,0,58,2,2,0,4,4.25,1,TypeScript,2018-2020,0.4,19.33,0.0,1.42,0
11,0,0,0,146,116,6,0,2,4.5,0,TypeScript,2018-2020,1.0,1.25,0.0,0.64,3
11,0,0,0,2,2,2,0,0,0.0,0,TypeScript,2018-2020,1.0,0.67,0.0,0.0,3
12,0,0,0,5090,570,52,0,1,1.0,0,TypeScript,2018-2020,1.0,8.91,0.0,0.02,3
13,0,0,0,7399,26092,21,0,1,3.0,0,TypeScript,2018-2020,1.0,0.28,0.0,0.14,3
13,0,0,0,0,18,18,0,0,0.0,0,TypeScript,2018-2020,1.0,0.0,0.0,0.0,3
14,0,0,0,75,71,8,0,2,1.0,0,TypeScript,2018-2020,1.0,1.04,0.0,0.11,3
14,0,0,0,55,0,1,0,0,0.0,0,TypeScript,2018-2020,1.0,55.0,0.0,0.0,3
14,0,0,0,2,1,1,0,0,0.0,0,TypeScript,2018-2020,1.0,1.0,0.0,0.0,0
14,0,0,0,81,207,24,0,5,1.2,0,TypeScript,2018-2020,1.0,0.39,0.0,0.05,3
15,0,0,0,1,1,1,0,0,0.0,0,TypeScript,2018-2020,1.0,0.5,0.0,0.0,3
15,0,0,0,4,0,1,0,0,0.0,0,TypeScript,2018-2020,1.0,4.0,0.0,0.0,3
18,0,0,0,1021,430,1,0,0,0.0,0,TypeScript,2018-2020,1.0,2.37,0.0,0.0,0
18,0,0,0,900,900,1,0,0,0.0,0,TypeScript,2018-2020,1.0,1.0,0.0,0.0,0
18,0,0,0,2,5,1,0,1,1.0,1,TypeScript,2018-2020,0.4,0.33,0.0,0.5,1
16,1,0,0,18,2,2,1,0,0.0,0,TypeScript,2018-2020,1.0,6.0,0.33,0.0,0
17,3,0,0,4,2,2,0,2,1.0,1,TypeScript,2018-2020,0.4,1.33,0.0,0.33,3
20,3,0,0,1,1,1,0,0,0.0,0,TypeScript,2018-2020,1.0,0.5,0.0,0.0,4
20,3,0,0,2,2,2,0,0,0.0,0,TypeScript,2018-2020,1.0,0.67,0.0,0.0,4
20,3,0,0,2,2,2,0,0,0.0,0,TypeScript,2018-2020,1.0,0.67,0.0,0.0,4
20,3,0,0,2,2,2,0,0,0.0,0,TypeScript,2018-2020,1.0,0.67,0.0,0.0,4
20,3,0,0,2,2,2,0,0,0.0,0,TypeScript,2018-2020,1.0,0.67,0.0,0.0,4
20,3,0,0,47,71,5,0,0,0.0,0,TypeScript,2018-2020,1.0,0.65,0.0,0.0,4
20,3,0,0,1,1,1,0,0,0.0,0,TypeScript,2018-2020,1.0,0.5,0.0,0.0,4
20,3,0,0,2,2,2,0,0,0.0,0,TypeScript,2018-2020,1.0,0.67,0.0,0.0,4
22,3,0,1,1,6,1,0,0,0.0,0,TypeScript,2018-2020,1.0,0.14,0.0,0.0,4
14,4,0,0,3648,1213,65,0,304,3.6,1,TypeScript,2018-2020,0.4,3.0,0.0,0.05,4
12,6,1,0,2,2,2,0,0,0.0,0,TypeScript,2018-2020,1.0,0.67,0.0,0.0,0
13,6,1,0,1,1,1,0,0,0.0,1,TypeScript,2018-2020,0.4,0.5,0.0,0.0,5
13,6,1,0,2,2,2,0,0,0.0,0,TypeScript,2018-2020,1.0,0.67,0.0,0.0,6
14,6,1,0,8,4,3,0,0,0.0,0,TypeScript,2018-2020,1.0,1.6,0.0,0.0,6
14,6,1,0,2,2,2,0,0,0.0,0,TypeScript,2018-2020,1.0,0.67,0.0,0.0,6
15,3,0,0,14,1,1,0,0,0.0,0,TypeScript,2018-2020,1.0,7.0,0.0,0.0,0
19,2,0,0,60,38,1,0,0,0.0,0,TypeScript,2018-2020,1.0,1.54,0.0,0.0,0
19,2,0,0,2,2,1,0,0,0.0,0,TypeScript,2018-2020,1.0,0.67,0.0,0.0,0
17,4,0,0,30,1,2,1,0,0.0,0,TypeScript,2018-2020,1.0,15.0,0.33,0.0,0
14,5,1,0,3,0,1,0,0,0.0,0,TypeScript,2018-2020,1.0,3.0,0.0,0.0,0
13,0,0,0,30,8,5,0,1,2.0,0,TypeScript,2018-2020,1.0,3.33,0.0,0.33,1
15,2,0,0,80,27,7,0,12,1.67,0,TypeScript,2018-2020,1.0,2.86,0.0,0.21,0
15,2,0,0,1,1,1,0,0,0.0,0,TypeScript,2018-2020,1.0,0.5,0.0,0.0,0
22,3,0,1,1,1,1,0,2,2.0,0,TypeScript,2018-2020,1.0,0.5,0.0,1.0,0
11,0,0,0,4,0,1,0,0,0.0,0,TypeScript,2018-2020,1.0,4.0,0.0,0.0,0
17,1,0,0,67,9,3,0,0,0.0,0,TypeScript,2018-2020,1.0,6.7,0.0,0.0,0
17,1,0,0,1,1,1,0,0,0.0,0,TypeScript,2018-2020,1.0,0.5,0.0,0.0,0
17,1,0,0,17,2,1,0,0,0.0,0,TypeScript,2018-2020,1.0,5.67,0.0,0.0,0
17,1,0,0,1,1,1,0,0,0.0,0,TypeScript,2018-2020,1.0,0.5,0.0,0.0,0
17,1,0,0,53,5,1,0,0,0.0,0,TypeScript,2018-2020,1.0,8.83,0.0,0.0,0
17,1,0,0,1,1,1,0,0,0.0,0,TypeScript,2018-2020,1.0,0.5,0.0,0.0,0
17,1,0,0,3,3,2,0,0,0.0,0,TypeScript,2018-2020,1.0,0.75,0.0,0.0,0
17,1,0,0,1,1,1,0,0,0.0,0,TypeScript,2018-2020,1.0,0.5,0.0,0.0,0
0,2,0,1,359,0,4,1,1,1.0,0,TypeScript,2018-2020,1.0,359.0,0.2,0.2,0
11,3,0,0,509,0,4,1,1,1.0,0,TypeScript,2018-2020,1.0,509.0,0.2,0.2,0
1,2,0,1,18,1,2,0,1,1.0,1,TypeScript,2018-2020,0.4,9.0,0.0,0.33,2
2,1,0,1,31,2,2,0,3,8.67,1,TypeScript,2018-2020,0.4,10.33,0.0,2.89,1
9,2,0,0,3,3,2,0,2,6.5,0,TypeScript,2018-2020,1.0,0.75,0.0,2.17,0
10,2,0,0,1,1,1,0,0,0.0,0,TypeScript,2018-2020,1.0,0.5,0.0,0.0,0
10,2,0,0,9,4,5,0,0,0.0,0,TypeScript,2018-2020,1.0,1.8,0.0,0.0,0
23,2,0,1,2,2,1,0,0,0.0,0,TypeScript,2018-2020,1.0,0.67,0.0,0.0,0
12,3,0,0,71,30,7,2,10,7.4,0,TypeScript,2018-2020,1.0,2.29,0.25,0.92,0
15,3,0,0,7,7,6,0,0,0.0,0,TypeScript,2018-2020,1.0,0.88,0.0,0.0,0
19,3,0,0,2,2,1,0,0,0.0,0,TypeScript,2018-2020,1.0,0.67,0.0,0.0,0
1,4,0,1,2,2,1,0,0,0.0,0,TypeScript,2018-2020,1.0,0.67,0.0,0.0,0
10,4,0,0,1864,1777,16,0,50,2.06,0,TypeScript,2018-2020,1.0,1.05,0.0,0.12,0
11,4,0,0,311,357,8,3,14,6.14,0,TypeScript,2018-2020,1.0,0.87,0.33,0.68,0
12,4,0,0,31,0,2,0,0,0.0,0,TypeScript,2018-2020,1.0,31.0,0.0,0.0,0
12,4,0,0,2,2,1,0,0,0.0,0,TypeScript,2018-2020,1.0,0.67,0.0,0.0,0
12,4,0,0,1,0,1,0,0,0.0,0,TypeScript,2018-2020,1.0,1.0,0.0,0.0,0
12,4,0,0,0,1,1,0,0,0.0,0,TypeScript,2018-2020,1.0,0.0,0.0,0.0,0
15,4,0,0,1,0,1,0,0,0.0,0,TypeScript,2018-2020,1.0,1.0,0.0,0.0,0
18,4,0,0,2,2,1,0,0,0.0,0,TypeScript,2018-2020,1.0,0.67,0.0,0.0,0
12,0,0,0,50,12,3,1,3,8.67,0,TypeScript,2018-2020,1.0,3.85,0.25,2.17,0
15,0,0,0,312,400,14,5,2,1.0,0,TypeScript,2018-2020,1.0,0.78,0.33,0.07,0
15,0,0,0,2,2,1,0,0,0.0,0,TypeScript,2018-2020,1.0,0.67,0.0,0.0,0
16,0,0,0,596,596,3,1,3,1.0,0,TypeScript,2018-2020,1.0,1.0,0.25,0.25,0
17,0,0,0,7,7,6,0,0,0.0,0,TypeScript,2018-2020,1.0,0.88,0.0,0.0,0
10,1,0,0,324,321,22,2,4,1.0,0,TypeScript,2018-2020,1.0,1.01,0.09,0.04,0
11,1,0,0,7,7,6,0,0,0.0,0,TypeScript,2018-2020,1.0,0.88,0.0,0.0,0
13,1,0,0,2181,65,6,2,5,3.6,0,TypeScript,2018-2020,1.0,33.05,0.29,0.51,0
15,1,0,0,54,23,1,1,3,2.67,0,TypeScript,2018-2020,1.0,2.25,0.5,1.34,0
15,1,0,0,7,7,6,0,0,0.0,0,TypeScript,2018-2020,1.0,0.88,0.0,0.0,0
1,2,0,1,29,29,9,0,0,0.0,0,TypeScript,2018-2020,1.0,0.97,0.0,0.0,0
8,2,0,0,192,271,10,0,0,0.0,0,TypeScript,2018-2020,1.0,0.71,0.0,0.0,0
14,2,0,0,4607,412,97,16,58,3.6,0,TypeScript,2018-2020,1.0,11.15,0.16,0.04,0
15,2,0,0,3,3,1,0,0,0.0,0,TypeScript,2018-2020,1.0,0.75,0.0,0.0,0
16,2,0,0,71,306,6,0,3,14.33,0,TypeScript,2018-2020,1.0,0.23,0.0,2.05,0
16,2,0,0,306,71,6,0,3,14.33,0,TypeScript,2018-2020,1.0,4.25,0.0,2.05,0
16,2,0,0,71,306,6,0,3,14.33,0,TypeScript,2018-2020,1.0,0.23,0.0,2.05,0
17,2,0,0,24,77,5,4,3,2.0,0,TypeScript,2018-2020,1.0,0.31,0.67,0.33,0
19,2,0,0,121,101,4,2,2,9.5,0,TypeScript,2018-2020,1.0,1.19,0.4,1.9,0
10,3,0,0,387,24,8,2,9,1.44,0,TypeScript,2018-2020,1.0,15.48,0.22,0.16,0
11,3,0,0,118,78,7,2,7,9.0,0,TypeScript,2018-2020,1.0,1.49,0.25,1.12,0
11,3,0,0,65,11,5,0,4,1.5,0,TypeScript,2018-2020,1.0,5.42,0.0,0.25,0
11,3,0,0,525,525,1,1,0,0.0,0,TypeScript,2018-2020,1.0,1.0,0.5,0.0,0
11,3,0,0,11,9,1,1,1,6.0,0,TypeScript,2018-2020,1.0,1.1,0.5,3.0,0
14,3,0,0,44,3,5,0,4,7.25,0,TypeScript,2018-2020,1.0,11.0,0.0,1.21,0
14,3,0,0,105,19,5,1,2,1.0,0,TypeScript,2018-2020,1.0,5.25,0.17,0.17,0
14,3,0,0,24,47,3,1,2,9.0,0,TypeScript,2018-2020,1.0,0.5,0.25,2.25,0
15,3,0,0,126,10,10,2,2,6.5,0,TypeScript,2018-2020,1.0,11.45,0.18,0.59,0
16,3,0,0,13,9,5,0,0,0.0,0,TypeScript,2018-2020,1.0,1.3,0.0,0.0,0
18,3,0,0,2,2,1,0,0,0.0,0,TypeScript,2018-2020,1.0,0.67,0.0,0.0,0
10,4,0,0,1,1,1,0,0,0.0,0,TypeScript,2018-2020,1.0,0.5,0.0,0.0,0
10,4,0,0,1,1,1,0,0,0.0,0,TypeScript,2018-2020,1.0,0.5,0.0,0.0,0
10,4,0,0,0,2,1,0,0,0.0,0,TypeScript,2018-2020,1.0,0.0,0.0,0.0,0
11,4,0,0,95,104,14,4,2,8.5,0,TypeScript,2018-2020,1.0,0.9,0.27,0.57,0
12,4,0,0,22,5,1,0,0,0.0,0,TypeScript,2018-2020,1.0,3.67,0.0,0.0,0
15,4,0,0,0,6,1,0,0,0.0,0,TypeScript,2018-2020,1.0,0.0,0.0,0.0,0
16,4,0,0,558,23,9,3,4,7.0,0,TypeScript,2018-2020,1.0,23.25,0.3,0.7,0
3,5,1,1,24,2,4,0,3,1.0,0,TypeScript,2018-2020,1.0,8.0,0.0,0.2,0
22,6,1,1,6,6,1,0,5,1.0,0,TypeScript,2018-2020,1.0,0.86,0.0,0.5,3
1,0,0,1,13,13,9,0,0,0.0,0,TypeScript,2018-2020,1.0,0.93,0.0,0.0,0
9,0,0,0,278,34,2,0,0,0.0,0,TypeScript,2018-2020,1.0,7.94,0.0,0.0,0
11,0,0,0,43,17,6,5,3,8.67,0,TypeScript,2018-2020,1.0,2.39,0.71,1.24,0
11,0,0,0,31,21,5,3,4,8.0,0,TypeScript,2018-2020,1.0,1.41,0.5,1.33,0
15,0,0,0,7,6,2,1,2,5.5,0,TypeScript,2018-2020,1.0,1.0,0.33,1.83,0
15,0,0,0,7,2,1,0,0,0.0,0,TypeScript,2018-2020,1.0,2.33,0.0,0.0,0
15,0,0,0,45,11,11,2,3,8.67,0,TypeScript,2018-2020,1.0,3.75,0.17,0.72,0
15,0,0,0,11,11,3,0,0,0.0,0,TypeScript,2018-2020,1.0,0.92,0.0,0.0,0
17,0,0,0,44,18,4,2,3,3.67,0,TypeScript,2018-2020,1.0,2.32,0.4,0.73,0
17,0,0,0,4053,4026,144,46,185,3.96,0,TypeScript,2018-2020,1.0,1.01,0.32,0.03,0
17,0,0,0,5108,59,8,0,0,0.0,0,TypeScript,2018-2020,1.0,85.13,0.0,0.0,0
18,0,0,0,7,7,6,0,0,0.0,0,TypeScript,2018-2020,1.0,0.88,0.0,0.0,0
10,1,0,0,84,35,7,4,4,8.5,0,TypeScript,2018-2020,1.0,2.33,0.5,1.06,0
12,1,0,0,4,8,3,1,1,3.0,0,TypeScript,2018-2020,1.0,0.44,0.25,0.75,0
14,1,0,0,7,7,6,0,0,0.0,0,TypeScript,2018-2020,1.0,0.88,0.0,0.0,0
15,1,0,0,73,35,2,2,2,7.0,0,TypeScript,2018-2020,1.0,2.03,0.67,2.33,0
16,1,0,0,1,0,1,0,0,0.0,0,TypeScript,2018-2020,1.0,1.0,0.0,0.0,0
16,1,0,0,189,168,8,4,6,6.17,0,TypeScript,2018-2020,1.0,1.12,0.44,0.69,0
16,1,0,0,55,1,3,2,3,3.33,0,TypeScript,2018-2020,1.0,27.5,0.5,0.83,0
22,1,0,1,2,2,2,0,0,0.0,0,TypeScript,2018-2020,1.0,0.67,0.0,0.0,0
2,2,0,1,371,219,13,0,0,0.0,0,TypeScript,2018-2020,1.0,1.69,0.0,0.0,0
10,2,0,0,4722,4075,90,10,82,2.33,0,TypeScript,2018-2020,1.0,1.16,0.11,0.03,0
12,2,0,0,1,1,1,0,0,0.0,0,TypeScript,2018-2020,1.0,0.5,0.0,0.0,0
13,2,0,0,121,51,5,0,0,0.0,0,TypeScript,2018-2020,1.0,2.33,0.0,0.0,0
16,2,0,0,230,274,18,6,16,5.44,0,TypeScript,2018-2020,1.0,0.84,0.32,0.29,0
17,2,0,0,58,9,2,1,2,5.5,0,TypeScript,2018-2020,1.0,5.8,0.33,1.83,0
17,2,0,0,146,140,7,3,6,6.0,0,TypeScript,2018-2020,1.0,1.04,0.38,0.75,0
17,2,0,0,5477,5317,15,2,16,2.88,0,TypeScript,2018-2020,1.0,1.03,0.12,0.18,0
18,2,0,0,42,38,6,2,0,0.0,0,TypeScript,2018-2020,1.0,1.08,0.29,0.0,0
18,2,0,0,1,1,1,0,0,0.0,0,TypeScript,2018-2020,1.0,0.5,0.0,0.0,0
9,3,0,0,4,8,3,2,2,5.5,0,TypeScript,2018-2020,1.0,0.44,0.5,1.38,0
11,3,0,0,32,45,18,3,2,2.0,0,TypeScript,2018-2020,1.0,0.7,0.16,0.11,0
12,3,0,0,28,16,2,1,2,3.5,0,TypeScript,2018-2020,1.0,1.65,0.33,1.17,0
12,3,0,0,2,2,1,0,0,0.0,0,TypeScript,2018-2020,1.0,0.67,0.0,0.0,0
13,3,0,0,3241,2024,16,5,9,3.0,0,TypeScript,2018-2020,1.0,1.6,0.29,0.18,0
13,3,0,0,2,2,1,0,0,0.0,0,TypeScript,2018-2020,1.0,0.67,0.0,0.0,0
16,3,0,0,229,86,15,8,13,5.08,0,TypeScript,2018-2020,1.0,2.63,0.5,0.32,0
16,3,0,0,10,40,2,1,2,7.0,0,TypeScript,2018-2020,1.0,0.24,0.33,2.33,0
16,3,0,0,4,4,3,1,1,1.0,0,TypeScript,2018-2020,1.0,0.8,0.25,0.25,0
17,3,0,0,2,2,2,2,2,1.0,0,TypeScript,2018-2020,1.0,0.67,0.67,0.33,0
17,3,0,0,7,7,12,0,0,0.0,0,TypeScript,2018-2020,1.0,0.88,0.0,0.0,0
18,3,0,0,2,2,1,0,0,0.0,0,TypeScript,2018-2020,1.0,0.67,0.0,0.0,0
18,3,0,0,7,7,6,0,0,0.0,0,TypeScript,2018-2020,1.0,0.88,0.0,0.0,0
19,3,0,0,2,2,1,0,0,0.0,0,TypeScript,2018-2020,1.0,0.67,0.0,0.0,0
10,4,0,0,156,67,8,2,3,7.0,0,TypeScript,2018-2020,1.0,2.29,0.22,0.78,0
11,4,0,0,7,7,6,0,0,0.0,0,TypeScript,2018-2020,1.0,0.88,0.0,0.0,0
11,4,0,0,0,8,1,0,2,3.5,0,TypeScript,2018-2020,1.0,0.0,0.0,1.75,0
12,4,0,0,7,7,6,0,0,0.0,0,TypeScript,2018-2020,1.0,0.88,0.0,0.0,0
12,4,0,0,14,86,10,4,3,4.67,0,TypeScript,2018-2020,1.0,0.16,0.36,0.42,0
14,4,0,0,38,38,5,4,4,7.25,0,TypeScript,2018-2020,1.0,0.97,0.67,1.21,0
15,4,0,0,3,133,3,1,2,1.0,0,TypeScript,2018-2020,1.0,0.02,0.25,0.25,0
17,4,0,0,3,3,1,0,0,0.0,0,TypeScript,2018-2020,1.0,0.75,0.0,0.0,0
17,4,0,0,17,16,7,1,1,1.0,0,TypeScript,2018-2020,1.0,1.0,0.12,0.12,0
18,4,0,0,126,92,14,5,10,6.5,0,TypeScript,2018-2020,1.0,1.35,0.33,0.43,0
18,4,0,0,4766,1059,26,3,33,4.06,0,TypeScript,2018-2020,1.0,4.5,0.11,0.15,0
1,0,0,1,463,580,13,0,0,0.0,0,TypeScript,2018-2020,1.0,0.8,0.0,0.0,0
9,0,0,0,9,9,6,0,0,0.0,0,TypeScript,2018-2020,1.0,0.9,0.0,0.0,0
9,0,0,0,15,22,11,0,0,0.0,0,TypeScript,2018-2020,1.0,0.65,0.0,0.0,0
10,0,0,0,419,2319,2,1,0,0.0,0,TypeScript,2018-2020,1.0,0.18,0.33,0.0,0
10,0,0,0,5,1,1,0,0,0.0,0,TypeScript,2018-2020,1.0,2.5,0.0,0.0,0
10,0,0,0,7,7,6,0,0,0.0,0,TypeScript,2018-2020,1.0,0.88,0.0,0.0,0
11,0,0,0,4,2,2,1,0,0.0,0,TypeScript,2018-2020,1.0,1.33,0.33,0.0,0
11,0,0,0,164,66,8,2,7,1.43,0,TypeScript,2018-2020,1.0,2.45,0.22,0.16,0
11,0,0,0,3,2,2,0,0,0.0,0,TypeScript,2018-2020,1.0,1.0,0.0,0.0,0
11,0,0,0,152,66,2,1,3,6.33,0,TypeScript,2018-2020,1.0,2.27,0.33,2.11,0
12,0,0,0,24,25,5,0,0,0.0,0,TypeScript,2018-2020,1.0,0.92,0.0,0.0,0
13,0,0,0,23,4,1,1,1,13.0,0,TypeScript,2018-2020,1.0,4.6,0.5,6.5,0
13,0,0,0,1,1,1,0,0,0.0,0,TypeScript,2018-2020,1.0,0.5,0.0,0.0,0
14,0,0,0,222,111,10,2,2,1.0,0,TypeScript,2018-2020,1.0,1.98,0.18,0.09,0
15,0,0,0,1,1,1,0,0,0.0,0,TypeScript,2018-2020,1.0,0.5,0.0,0.0,0
15,0,0,0,70,277,8,1,1,1.0,0,TypeScript,2018-2020,1.0,0.25,0.11,0.11,0
15,0,0,0,131,140,22,3,13,2.08,0,TypeScript,2018-2020,1.0,0.93,0.13,0.09,0
15,0,0,0,94,94,7,0,0,0.0,0,TypeScript,2018-2020,1.0,0.99,0.0,0.0,0
15,0,0,0,18,8,5,0,0,0.0,0,TypeScript,2018-2020,1.0,2.0,0.0,0.0,0
15,0,0,0,246,48,7,1,1,1.0,0,TypeScript,2018-2020,1.0,5.02,0.12,0.12,0
15,0,0,0,7,7,6,0,0,0.0,0,TypeScript,2018-2020,1.0,0.88,0.0,0.0,0
16,0,0,0,327,199,17,8,16,5.38,0,TypeScript,2018-2020,1.0,1.64,0.44,0.3,0
17,0,0,0,3,1,1,0,0,0.0,0,TypeScript,2018-2020,1.0,1.5,0.0,0.0,0
18,0,0,0,7,7,6,0,0,0.0,0,TypeScript,2018-2020,1.0,0.88,0.0,0.0,0
9,1,0,0,2,2,1,0,0,0.0,0,TypeScript,2018-2020,1.0,0.67,0.0,0.0,0
10,1,0,0,23,41,2,1,1,1.0,0,TypeScript,2018-2020,1.0,0.55,0.33,0.33,0
11,1,0,0,19,7,8,2,1,1.0,0,TypeScript,2018-2020,1.0,2.38,0.22,0.11,0
11,1,0,0,2,2,1,0,0,0.0,0,TypeScript,2018-2020,1.0,0.67,0.0,0.0,0
11,1,0,0,41,23,2,1,1,1.0,0,TypeScript,2018-2020,1.0,1.71,0.33,0.33,0
14,1,0,0,7,7,6,0,0,0.0,0,TypeScript,2018-2020,1.0,0.88,0.0,0.0,0
15,1,0,0,642,107,5,1,2,3.0,0,TypeScript,2018-2020,1.0,5.94,0.17,0.5,0
15,1,0,0,67,22,4,2,2,5.0,0,TypeScript,2018-2020,1.0,2.91,0.4,1.0,0
18,1,0,0,2,2,1,0,0,0.0,0,TypeScript,2018-2020,1.0,0.67,0.0,0.0,0
1,2,0,1,69,69,11,0,0,0.0,0,TypeScript,2018-2020,1.0,0.99,0.0,0.0,0
10,2,0,0,1,1,1,0,0,0.0,0,TypeScript,2018-2020,1.0,0.5,0.0,0.0,0
10,2,0,0,2,2,2,0,0,0.0,0,TypeScript,2018-2020,1.0,0.67,0.0,0.0,0
12,2,0,0,121,111,10,0,0,0.0,0,TypeScript,2018-2020,1.0,1.08,0.0,0.0,0
14,2,0,0,237,165,7,0,0,0.0,0,TypeScript,2018-2020,1.0,1.43,0.0,0.0,0
16,2,0,0,7,7,6,0,0,0.0,0,TypeScript,2018-2020,1.0,0.88,0.0,0.0,0
12,3,0,0,7,7,6,0,0,0.0,0,TypeScript,2018-2020,1.0,0.88,0.0,0.0,0
12,3,0,0,30,4120,37,3,91,2.99,0,TypeScript,2018-2020,1.0,0.01,0.08,0.08,0
13,3,0,0,25,10837,42,1,62,1.6,0,TypeScript,2018-2020,1.0,0.0,0.02,0.04,0
13,3,0,0,1,1,1,0,0,0.0,0,TypeScript,2018-2020,1.0,0.5,0.0,0.0,0
13,3,0,0,2,2,1,0,0,0.0,0,TypeScript,2018-2020,1.0,0.67,0.0,0.0,0
13,3,0,0,7,7,6,0,0,0.0,0,TypeScript,2018-2020,1.0,0.88,0.0,0.0,0
19,3,0,0,3,3,1,0,0,0.0,0,TypeScript,2018-2020,1.0,0.75,0.0,0.0,0
9,4,0,0,7,7,6,0,0,0.0,0,TypeScript,2018-2020,1.0,0.88,0.0,0.0,0
10,4,0,0,0,1,1,0,0,0.0,0,TypeScript,2018-2020,1.0,0.0,0.0,0.0,0
10,4,0,0,7,7,6,0,0,0.0,0,TypeScript,2018-2020,1.0,0.88,0.0,0.0,0
11,4,0,0,7,7,6,0,0,0.0,0,TypeScript,2018-2020,1.0,0.88,0.0,0.0,0
13,4,0,0,1,1,1,1,1,1.0,0,TypeScript,2018-2020,1.0,0.5,0.5,0.5,0
18,4,0,0,1,1,1,0,0,0.0,1,TypeScript,2018-2020,0.4,0.5,0.0,0.0,0
3,5,1,1,3,3,1,0,0,0.0,0,TypeScript,2018-2020,1.0,0.75,0.0,0.0,0
4,5,1,1,3,3,1,0,0,0.0,0,TypeScript,2018-2020,1.0,0.75,0.0,0.0,0
11,5,1,0,3,13,1,0,2,2.5,1,TypeScript,2018-2020,0.4,0.21,0.0,1.25,3
5,6,1,1,3,3,1,0,0,0.0,0,TypeScript,2018-2020,1.0,0.75,0.0,0.0,0
11,0,0,0,7,7,6,0,0,0.0,0,TypeScript,2018-2020,1.0,0.88,0.0,0.0,0
13,0,0,0,17,21,9,3,1,1.0,0,TypeScript,2018-2020,1.0,0.77,0.3,0.1,0
15,0,0,0,1,432,5,1,13,2.15,0,TypeScript,2018-2020,1.0,0.0,0.17,0.36,0
15,0,0,0,199,27,13,9,10,1.0,0,TypeScript,2018-2020,1.0,7.11,0.64,0.07,0
16,0,0,0,121,48,11,3,1,1.0,0,TypeScript,2018-2020,1.0,2.47,0.25,0.08,0
16,0,0,0,7,7,6,0,0,0.0,0,TypeScript,2018-2020,1.0,0.88,0.0,0.0,0
17,0,0,0,3,3,2,2,1,1.0,0,TypeScript,2018-2020,1.0,0.75,0.67,0.33,0
11,1,0,0,7,7,6,0,0,0.0,0,TypeScript,2018-2020,1.0,0.88,0.0,0.0,0
11,1,0,0,109,40,6,1,5,10.8,0,TypeScript,2018-2020,1.0,2.66,0.14,1.54,0
11,1,0,0,17,30,1,0,0,0.0,0,TypeScript,2018-2020,1.0,0.55,0.0,0.0,0
14,1,0,0,5,1,2,0,4,29.5,0,TypeScript,2018-2020,1.0,2.5,0.0,9.83,0
9,2,0,0,139,930,13,0,0,0.0,0,TypeScript,2018-2020,1.0,0.15,0.0,0.0,0
10,2,0,0,4282,4841,18,5,27,3.41,0,TypeScript,2018-2020,1.0,0.88,0.26,0.18,0
11,2,0,0,1,1,1,0,0,0.0,0,TypeScript,2018-2020,1.0,0.5,0.0,0.0,0
11,2,0,0,12,0,1,0,0,0.0,0,TypeScript,2018-2020,1.0,12.0,0.0,0.0,0
11,2,0,0,7,7,6,0,0,0.0,0,TypeScript,2018-2020,1.0,0.88,0.0,0.0,0
22,2,0,1,7,7,6,0,0,0.0,0,TypeScript,2018-2020,1.0,0.88,0.0,0.0,0
11,3,0,0,1941,365,8,1,25,3.68,0,TypeScript,2018-2020,1.0,5.3,0.11,0.41,0
14,3,0,0,1,13,2,0,1,4.0,0,TypeScript,2018-2020,1.0,0.07,0.0,1.33,0
14,3,0,0,7,7,6,0,0,0.0,0,TypeScript,2018-2020,1.0,0.88,0.0,0.0,0
16,3,0,0,1,1,1,0,0,0.0,0,TypeScript,2018-2020,1.0,0.5,0.0,0.0,0
18,3,0,0,863,144,9,3,40,1.93,0,TypeScript,2018-2020,1.0,5.95,0.3,0.19,0
22,3,0,1,3,3,1,0,0,0.0,0,TypeScript,2018-2020,1.0,0.75,0.0,0.0,4
13,4,0,0,1,0,1,0,0,0.0,0,TypeScript,2018-2020,1.0,1.0,0.0,0.0,0
16,4,0,0,0,3,1,1,1,1.0,0,TypeScript,2018-2020,1.0,0.0,0.5,0.5,0
8,0,0,0,3209,3392,3,0,1,1.0,0,TypeScript,2018-2020,1.0,0.95,0.0,0.25,0
10,0,0,0,575,505,11,4,2,2.5,0,TypeScript,2018-2020,1.0,1.14,0.33,0.21,0
11,0,0,0,7,7,6,0,0,0.0,0,TypeScript,2018-2020,1.0,0.88,0.0,0.0,0
14,0,0,0,336,187,21,6,31,6.03,0,TypeScript,2018-2020,1.0,1.79,0.27,0.27,0
17,0,0,0,2,2,1,0,0,0.0,0,TypeScript,2018-2020,1.0,0.67,0.0,0.0,0
18,0,0,0,7,7,6,0,0,0.0,0,TypeScript,2018-2020,1.0,0.88,0.0,0.0,0
13,1,0,0,605,87,8,2,29,4.1,0,TypeScript,2018-2020,1.0,6.88,0.22,0.46,0
11,2,0,0,28,31,2,0,0,0.0,0,TypeScript,2018-2020,1.0,0.88,0.0,0.0,4
14,2,0,0,4,1,1,0,2,2.0,0,TypeScript,2018-2020,1.0,2.0,0.0,1.0,0
15,2,0,0,4,10,3,1,0,0.0,0,TypeScript,2018-2020,1.0,0.36,0.25,0.0,0
16,2,0,0,25,0,1,0,0,0.0,0,TypeScript,2018-2020,1.0,25.0,0.0,0.0,0
17,2,0,0,0,28,1,0,0,0.0,0,TypeScript,2018-2020,1.0,0.0,0.0,0.0,0
13,3,0,0,13,12,6,0,5,8.2,1,TypeScript,2018-2020,0.4,1.0,0.0,1.17,0
13,3,0,0,1,2,1,0,0,0.0,0,TypeScript,2018-2020,1.0,0.33,0.0,0.0,1
13,3,0,0,4,4,1,0,0,0.0,1,TypeScript,2018-2020,0.4,0.8,0.0,0.0,1
15,3,0,0,750,3209,5,0,10,2.8,1,TypeScript,2018-2020,0.4,0.23,0.0,0.47,2
21,3,0,0,2,2,2,0,0,0.0,0,TypeScript,2018-2020,1.0,0.67,0.0,0.0,3
2,0,0,1,313,101,12,0,0,0.0,0,TypeScript,2018-2020,1.0,3.07,0.0,0.0,0
10,0,0,0,631,1742,2,0,0,0.0,0,TypeScript,2018-2020,1.0,0.36,0.0,0.0,3
10,0,0,0,68,276,10,3,3,2.33,0,TypeScript,2018-2020,1.0,0.25,0.27,0.21,0
11,0,0,0,3576,3534,18,0,3,1.0,0,TypeScript,2018-2020,1.0,1.01,0.0,0.05,0
15,0,0,0,5939,3653,29,20,11,2.09,0,TypeScript,2018-2020,1.0,1.63,0.67,0.07,0
15,0,0,0,1,309,1,0,2,1.0,0,TypeScript,2018-2020,1.0,0.0,0.0,0.5,0
15,0,0,0,1,1,1,0,0,0.0,0,TypeScript,2018-2020,1.0,0.5,0.0,0.0,3
15,0,0,0,1,1,1,0,0,0.0,0,TypeScript,2018-2020,1.0,0.5,0.0,0.0,0
16,0,0,0,50,7,1,0,0,0.0,0,TypeScript,2018-2020,1.0,6.25,0.0,0.0,3
17,0,0,0,813,32,38,19,21,1.14,0,TypeScript,2018-2020,1.0,24.64,0.49,0.03,0
17,0,0,0,0,1,1,0,0,0.0,0,TypeScript,2018-2020,1.0,0.0,0.0,0.0,3
18,0,0,0,0,13,1,0,0,0.0,0,TypeScript,2018-2020,1.0,0.0,0.0,0.0,3
22,0,0,1,39,2533,8,1,4,1.0,0,TypeScript,2018-2020,1.0,0.02,0.11,0.11,3
9,1,0,0,7,0,2,0,0,0.0,0,TypeScript,2018-2020,1.0,7.0,0.0,0.0,3
9,1,0,0,85,73,3,2,1,1.0,0,TypeScript,2018-2020,1.0,1.15,0.5,0.25,0
11,1,0,0,5,0,1,0,0,0.0,0,TypeScript,2018-2020,1.0,5.0,0.0,0.0,0
11,1,0,0,264,314,8,2,1,2.0,0,TypeScript,2018-2020,1.0,0.84,0.22,0.22,0
17,1,0,0,46,30,5,5,4,1.0,0,TypeScript,2018-2020,1.0,1.48,0.83,0.17,0
0,2,0,1,65,0,3,0,3,1.0,0,TypeScript,2018-2020,1.0,65.0,0.0,0.25,3
1,2,0,1,6,16,4,1,0,0.0,0,TypeScript,2018-2020,1.0,0.35,0.2,0.0,4
9,2,0,0,7,7,5,0,0,0.0,0,TypeScript,2018-2020,1.0,0.88,0.0,0.0,3
9,2,0,0,538,1470,6,0,0,0.0,0,TypeScript,2018-2020,1.0,0.37,0.0,0.0,3
10,2,0,0,122,0,6,0,3,4.0,0,TypeScript,2018-2020,1.0,122.0,0.0,0.57,3
10,2,0,0,143,157,11,0,0,0.0,0,TypeScript,2018-2020,1.0,0.91,0.0,0.0,0
11,2,0,0,111,2,3,1,2,2.0,0,TypeScript,2018-2020,1.0,37.0,0.25,0.5,0
12,2,0,0,42,37,9,2,4,2.0,0,TypeScript,2018-2020,1.0,1.11,0.2,0.2,0
12,2,0,0,380,81,15,3,5,1.8,0,TypeScript,2018-2020,1.0,4.63,0.19,0.11,0
13,2,0,0,11,0,1,0,0,0.0,0,TypeScript,2018-2020,1.0,11.0,0.0,0.0,0
13,2,0,0,2,2,1,0,0,0.0,0,TypeScript,2018-2020,1.0,0.67,0.0,0.0,0
0,1,0,1,1,2,1,0,1,7.0,1,TypeScript,2021-2023,0.4,0.33,0.0,3.5,4
15,4,0,0,3,3,2,0,4,1.5,1,TypeScript,2021-2023,0.4,0.75,0.0,0.5,5
15,4,0,0,19,2,3,0,1,1.0,1,TypeScript,2021-2023,0.4,6.33,0.0,0.25,6
18,4,0,0,27,0,2,0,2,4.5,0,TypeScript,2021-2023,1.0,27.0,0.0,1.5,2
20,5,1,0,8,14,5,0,4,3.75,0,TypeScript,2021-2023,1.0,0.53,0.0,0.62,0
1,3,0,1,4,1,1,0,1,5.0,1,TypeScript,2021-2023,0.4,2.0,0.0,2.5,7
16,6,1,0,4,16,3,1,1,1.0,1,TypeScript,2021-2023,0.4,0.24,0.25,0.25,8
16,3,0,0,1,1,1,0,0,0.0,0,TypeScript,2021-2023,1.0,0.5,0.0,0.0,0
14,3,0,0,10,15,1,0,1,9.0,0,TypeScript,2021-2023,1.0,0.62,0.0,4.5,0
14,3,0,0,1,1,1,0,0,0.0,0,TypeScript,2021-2023,1.0,0.5,0.0,0.0,0
9,4,0,0,20,0,1,0,0,0.0,0,TypeScript,2021-2023,1.0,20.0,0.0,0.0,10
11,0,0,0,28,4,2,0,6,3.17,0,TypeScript,2021-2023,1.0,5.6,0.0,1.06,0
21,3,0,0,16,0,1,0,0,0.0,0,TypeScript,2021-2023,1.0,16.0,0.0,0.0,0
0,5,1,1,9,26,4,1,0,0.0,0,TypeScript,2021-2023,1.0,0.33,0.2,0.0,9
2,1,0,1,2,3,1,0,0,0.0,0,TypeScript,2021-2023,1.0,0.5,0.0,0.0,0
22,3,0,1,9,9,4,0,9,8.0,0,TypeScript,2021-2023,1.0,0.9,0.0,1.6,10
23,3,0,1,1,1,1,0,0,0.0,0,TypeScript,2021-2023,1.0,0.5,0.0,0.0,0
15,6,1,0,40,2,2,0,3,8.0,1,TypeScript,2021-2023,0.4,13.33,0.0,2.67,0
2,1,0,1,1,1,1,0,0,0.0,0,TypeScript,2021-2023,1.0,0.5,0.0,0.0,9
3,1,0,1,1,1,1,0,0,0.0,0,TypeScript,2021-2023,1.0,0.5,0.0,0.0,0
8,1,0,0,1,1,1,0,0,0.0,0,TypeScript,2021-2023,1.0,0.5,0.0,0.0,0
8,1,0,0,6,0,1,0,0,0.0,0,TypeScript,2021-2023,1.0,6.0,0.0,0.0,0
8,1,0,0,163,21,3,0,10,4.7,0,TypeScript,2021-2023,1.0,7.41,0.0,1.18,10
11,1,0,0,7,0,1,0,2,5.0,0,TypeScript,2021-2023,1.0,7.0,0.0,2.5,0
5,3,0,1,37,1,2,0,1,1.0,0,TypeScript,2021-2023,1.0,18.5,0.0,0.33,0
23,3,0,1,47,36,3,0,9,1.67,0,TypeScript,2021-2023,1.0,1.27,0.0,0.42,9
0,4,0,1,351,345,6,0,36,4.56,0,TypeScript,2021-2023,1.0,1.01,0.0,0.65,10
20,4,0,0,24,0,2,0,2,14.5,1,TypeScript,2021-2023,0.4,24.0,0.0,4.83,10
15,0,0,0,7,7,2,0,0,0.0,0,TypeScript,2021-2023,1.0,0.88,0.0,0.0,0
21,4,0,0,21,21,20,0,2,1.5,0,TypeScript,2021-2023,1.0,0.95,0.0,0.07,11
21,4,0,0,19,1,2,0,2,15.0,1,TypeScript,2021-2023,0.4,9.5,0.0,5.0,11
12,4,0,0,147,94,4,0,6,11.0,1,TypeScript,2021-2023,0.4,1.55,0.0,2.2,12
12,4,0,0,2,2,2,0,0,0.0,0,TypeScript,2021-2023,1.0,0.67,0.0,0.0,13
0,0,0,1,1,1,1,0,0,0.0,0,TypeScript,2021-2023,1.0,0.5,0.0,0.0,0
4,3,0,1,1,1,1,0,0,0.0,0,TypeScript,2021-2023,1.0,0.5,0.0,0.0,0
17,3,0,0,105,26,13,0,15,3.13,0,TypeScript,2021-2023,1.0,3.89,0.0,0.22,13
14,0,0,0,4,32,2,0,6,3.0,0,TypeScript,2021-2023,1.0,0.12,0.0,1.0,0
0,3,0,1,1,1,1,0,0,0.0,0,TypeScript,2021-2023,1.0,0.5,0.0,0.0,0
19,1,0,0,5,2,2,0,1,30.0,1,TypeScript,2021-2023,0.028,1.67,0.0,10.0,9
14,2,0,0,22,22,22,0,0,0.0,0,TypeScript,2021-2023,1.0,0.96,0.0,0.0,1
22,4,0,1,4,10,1,0,0,0.0,0,TypeScript,2021-2023,1.0,0.36,0.0,0.0,1
6,6,1,0,1,1,1,0,0,0.0,0,TypeScript,2021-2023,1.0,0.5,0.0,0.0,0
22,2,0,1,1,1,1,0,0,0.0,0,TypeScript,2021-2023,1.0,0.5,0.0,0.0,1
15,5,1,0,5,65,2,0,0,0.0,0,TypeScript,2021-2023,1.0,0.08,0.0,0.0,0
18,5,1,0,12,0,1,0,1,1.0,0,TypeScript,2021-2023,1.0,12.0,0.0,0.5,0
18,5,1,0,2,2,1,0,2,5.0,0,TypeScript,2021-2023,1.0,0.67,0.0,2.5,0
14,0,0,0,1,1,1,0,0,0.0,0,TypeScript,2021-2023,1.0,0.5,0.0,0.0,0
19,1,0,0,1,1,1,0,0,0.0,0,TypeScript,2021-2023,1.0,0.5,0.0,0.0,0
20,6,1,0,24,17,1,0,1,3.0,1,TypeScript,2021-2023,0.2,1.33,0.0,1.5,13
12,6,1,0,20,9,2,0,0,0.0,0,TypeScript,2021-2023,1.0,2.0,0.0,0.0,10
21,2,0,0,3,1,2,0,1,1.0,1,TypeScript,2021-2023,0.4,1.5,0.0,0.33,0
17,5,1,0,1,1,1,0,0,0.0,0,TypeScript,2021-2023,1.0,0.5,0.0,0.0,0
18,5,1,0,81,20,3,0,5,11.8,0,TypeScript,2021-2023,1.0,3.86,0.0,2.95,0
20,2,0,0,1,1,1,0,1,20.0,1,TypeScript,2021-2023,0.4,0.5,0.0,10.0,0
18,4,0,0,6,1,2,0,0,0.0,0,TypeScript,2021-2023,1.0,3.0,0.0,0.0,10
20,4,0,0,2,3,2,0,0,0.0,0,TypeScript,2021-2023,1.0,0.5,0.0,0.0,14
18,5,1,0,5,5,3,1,0,0.0,0,TypeScript,2021-2023,1.0,0.83,0.25,0.0,0
21,6,1,0,28,0,3,0,3,9.33,1,TypeScript,2021-2023,0.038,28.0,0.0,2.33,0
19,2,0,0,17,17,1,0,0,0.0,1,TypeScript,2021-2023,0.4,0.94,0.0,0.0,0
23,2,0,1,1,1,1,0,0,0.0,0,TypeScript,2021-2023,1.0,0.5,0.0,0.0,0
11,6,1,0,54,17,1,0,2,1.5,1,TypeScript,2021-2023,0.4,3.0,0.0,0.75,14
19,6,1,0,1,1,1,0,0,0.0,0,TypeScript,2021-2023,1.0,0.5,0.0,0.0,1
22,6,1,1,46,3,2,0,2,7.5,0,TypeScript,2021-2023,1.0,11.5,0.0,2.5,0
21,4,0,0,1,1,1,0,0,0.0,0,TypeScript,2021-2023,1.0,0.5,0.0,0.0,1
1,4,0,1,5,5,3,1,0,0.0,0,TypeScript,2021-2023,1.0,0.83,0.25,0.0,0
2,4,0,1,5,5,2,0,2,17.5,0,TypeScript,2021-2023,1.0,0.83,0.0,5.83,0
20,0,0,0,0,18,1,0,0,0.0,0,TypeScript,2021-2023,1.0,0.0,0.0,0.0,1
21,0,0,0,13,1,1,0,0,0.0,1,TypeScript,2021-2023,0.4,6.5,0.0,0.0,1
15,3,0,0,0,10,2,0,0,0.0,0,TypeScript,2021-2023,1.0,0.0,0.0,0.0,2
21,4,0,0,1,1,1,0,0,0.0,0,TypeScript,2021-2023,1.0,0.5,0.0,0.0,0
11,0,0,0,1,1,1,0,0,0.0,0,TypeScript,2021-2023,1.0,0.5,0.0,0.0,2
12,1,0,0,1,1,1,0,0,0.0,0,TypeScript,2021-2023,1.0,0.5,0.0,0.0,0
5,2,0,1,1,1,1,0,0,0.0,0,TypeScript,2021-2023,1.0,0.5,0.0,0.0,2
5,2,0,1,1,1,1,0,0,0.0,0,TypeScript,2021-2023,1.0,0.5,0.0,0.0,2
8,2,0,0,1,0,1,0,0,0.0,0,TypeScript,2021-2023,1.0,1.0,0.0,0.0,2
15,4,0,0,10,7,2,0,3,3.0,0,TypeScript,2021-2023,1.0,1.25,0.0,1.0,0
16,4,0,0,1,1,1,0,0,0.0,1,TypeScript,2021-2023,0.4,0.5,0.0,0.0,10
16,5,1,0,20,0,4,1,0,0.0,0,TypeScript,2021-2023,1.0,20.0,0.2,0.0,0
13,2,0,0,2,2,1,0,1,7.0,0,TypeScript,2021-2023,1.0,0.67,0.0,3.5,11
11,2,0,0,68,9,2,0,5,5.4,0,TypeScript,2021-2023,1.0,6.8,0.0,1.8,1
14,2,0,0,5,8,2,0,2,3.5,0,TypeScript,2021-2023,1.0,0.56,0.0,1.17,1
9,4,0,0,5,18,2,0,3,11.0,0,TypeScript,2021-2023,1.0,0.26,0.0,3.67,1
20,3,0,0,13,0,3,0,3,1.33,0,TypeScript,2021-2023,1.0,13.0,0.0,0.33,1
20,3,0,0,4,7,1,0,1,1.0,0,TypeScript,2021-2023,1.0,0.5,0.0,0.5,1
23,3,0,1,97,6,2,0,2,10.5,0,TypeScript,2021-2023,1.0,13.86,0.0,3.5,1
22,2,0,1,15,0,1,0,1,4.0,0,TypeScript,2021-2023,1.0,15.0,0.0,2.0,1
0,1,0,1,2,2,1,0,0,0.0,0,TypeScript,2021-2023,1.0,0.67,0.0,0.0,2
7,2,0,0,2,0,1,0,0,0.0,0,TypeScript,2021-2023,1.0,2.0,0.0,0.0,2
1,6,1,1,28,2,2,0,4,2.5,1,TypeScript,2021-2023,0.4,9.33,0.0,0.83,0
2,3,0,1,3,3,1,0,0,0.0,0,TypeScript,2021-2023,1.0,0.75,0.0,0.0,11
16,5,1,0,6,5,2,0,3,3.0,0,TypeScript,2021-2023,1.0,1.0,0.0,1.0,0
21,1,0,0,1,1,1,0,0,0.0,0,TypeScript,2021-2023,1.0,0.5,0.0,0.0,1
1,2,0,1,0,48,2,0,0,0.0,0,TypeScript,2021-2023,1.0,0.0,0.0,0.0,2
15,6,1,0,25,1,2,0,3,9.33,0,TypeScript,2021-2023,1.0,12.5,0.0,3.11,1
21,1,0,0,36,3,6,0,8,11.12,0,TypeScript,2021-2023,1.0,9.0,0.0,1.59,1
2,3,0,1,14,1,2,0,2,1.5,1,TypeScript,2021-2023,0.4,7.0,0.0,0.5,0
20,3,0,0,1,1,1,0,0,0.0,0,TypeScript,2021-2023,1.0,0.5,0.0,0.0,2
22,3,0,1,1,1,1,0,0,0.0,0,TypeScript,2021-2023,1.0,0.5,0.0,0.0,2
7,6,1,0,2,136,7,0,6,3.33,0,TypeScript,2021-2023,1.0,0.01,0.0,0.42,2
8,6,1,0,0,89,4,0,4,3.0,0,TypeScript,2021-2023,1.0,0.0,0.0,0.6,2
8,6,1,0,0,45,4,0,4,1.0,0,TypeScript,2021-2023,1.0,0.0,0.0,0.2,2
22,1,0,1,0,68,4,0,4,4.0,0,TypeScript,2021-2023,1.0,0.0,0.0,0.8,0
22,1,0,1,4,4,3,1,0,0.0,0,TypeScript,2021-2023,1.0,0.8,0.25,0.0,0
23,1,0,1,1,80,5,0,5,1.6,0,TypeScript,2021-2023,1.0,0.01,0.0,0.27,0
23,1,0,1,1,1,1,0,0,0.0,0,TypeScript,2021-2023,1.0,0.5,0.0,0.0,0
0,2,0,1,1,1,1,0,0,0.0,0,TypeScript,2021-2023,1.0,0.5,0.0,0.0,0
0,2,0,1,1,1,1,0,0,0.0,0,TypeScript,2021-2023,1.0,0.5,0.0,0.0,0
18,2,0,0,1,1,1,0,0,0.0,0,TypeScript,2021-2023,1.0,0.5,0.0,0.0,0
0,3,0,1,34,1,2,0,2,3.0,1,TypeScript,2021-2023,0.4,17.0,0.0,1.0,0
0,3,0,1,1,71,6,0,5,1.2,1,TypeScript,2021-2023,0.4,0.01,0.0,0.17,2
11,5,1,0,1,1,1,0,0,0.0,0,TypeScript,2021-2023,1.0,0.5,0.0,0.0,0
21,3,0,0,7,0,1,0,1,23.0,1,TypeScript,2021-2023,0.4,7.0,0.0,11.5,11
19,4,0,0,1,1,1,0,0,0.0,0,TypeScript,2021-2023,1.0,0.5,0.0,0.0,0
19,3,0,0,1,1,1,0,0,0.0,0,TypeScript,2021-2023,1.0,0.5,0.0,0.0,0
21,6,1,0,32,0,2,0,2,1.0,0,TypeScript,2021-2023,1.0,32.0,0.0,0.33,12
21,2,0,0,1,1,1,0,0,0.0,0,TypeScript,2021-2023,1.0,0.5,0.0,0.0,0
22,4,0,1,1,1,1,0,0,0.0,0,TypeScript,2021-2023,1.0,0.5,0.0,0.0,0
15,0,0,0,13,13,13,0,0,0.0,0,TypeScript,2021-2023,1.0,0.93,0.0,0.0,0
15,0,0,0,4,4,4,0,0,0.0,0,TypeScript,2021-2023,1.0,0.8,0.0,0.0,3
16,4,0,0,1,15,2,0,1,1.0,0,TypeScript,2021-2023,1.0,0.06,0.0,0.33,12
20,4,0,0,28,2,2,0,3,4.0,0,TypeScript,2021-2023,1.0,9.33,0.0,1.33,12
17,6,1,0,12,4,1,0,1,9.0,0,TypeScript,2021-2023,1.0,2.4,0.0,4.5,0
21,6,1,0,2,11,2,0,1,8.0,1,TypeScript,2021-2023,0.4,0.17,0.0,2.67,0
1,0,0,1,6,4,2,0,4,3.5,0,TypeScript,2021-2023,1.0,1.2,0.0,1.17,12
11,1,0,0,30,14,8,0,16,3.5,1,TypeScript,2021-2023,0.5,2.0,0.0,0.39,12
19,2,0,0,1,1,1,0,0,0.0,0,TypeScript,2021-2023,1.0,0.5,0.0,0.0,0
17,5,1,0,31,0,2,0,3,4.0,1,TypeScript,2021-2023,0.4,31.0,0.0,1.33,13
17,5,1,0,39,30,7,0,5,4.0,0,TypeScript,2021-2023,1.0,1.26,0.0,0.5,14
17,5,1,0,1,1,1,0,1,9.0,0,TypeScript,2021-2023,1.0,0.5,0.0,4.5,15
0,2,0,1,28,1,2,1,0,0.0,0,TypeScript,2021-2023,1.0,14.0,0.33,0.0,0
0,2,0,1,24,0,1,0,0,0.0,0,TypeScript,2021-2023,1.0,24.0,0.0,0.0,0
22,2,0,1,203,225,17,0,21,3.57,0,TypeScript,2021-2023,1.0,0.9,0.0,0.2,14
13,5,1,0,2,0,1,0,0,0.0,0,TypeScript,2021-2023,1.0,2.0,0.0,0.0,0
15,5,1,0,1,1,1,0,0,0.0,0,TypeScript,2021-2023,1.0,0.5,0.0,0.0,0
16,5,1,0,5,10,5,0,10,3.0,0,TypeScript,2021-2023,1.0,0.45,0.0,0.5,3
16,3,0,0,6,4,1,0,2,1.0,0,TypeScript,2021-2023,1.0,1.2,0.0,0.5,0
22,3,0,1,222,35,2,0,8,2.88,0,TypeScript,2021-2023,1.0,6.17,0.0,0.96,0
13,6,1,0,6,6,1,0,0,0.0,0,TypeScript,2021-2023,1.0,0.86,0.0,0.0,0
13,6,1,0,6,6,1,0,0,0.0,0,TypeScript,2021-2023,1.0,0.86,0.0,0.0,0
3,0,0,1,6,3,1,0,0,0.0,0,TypeScript,2021-2023,1.0,1.5,0.0,0.0,0
13,0,0,0,1,0,1,0,0,0.0,0,TypeScript,2021-2023,1.0,1.0,0.0,0.0,0
11,2,0,0,4,7,1,0,2,1.5,0,TypeScript,2021-2023,1.0,0.5,0.0,0.75,0
11,0,0,0,1,0,1,0,0,0.0,0,TypeScript,2021-2023,1.0,1.0,0.0,0.0,0
11,0,0,0,1,0,1,0,0,0.0,0,TypeScript,2021-2023,1.0,1.0,0.0,0.0,0
5,1,0,1,28,0,2,0,0,0.0,0,TypeScript,2021-2023,1.0,28.0,0.0,0.0,0
10,1,0,0,6,6,1,0,0,0.0,0,TypeScript,2021-2023,1.0,0.86,0.0,0.0,0
11,1,0,0,6,6,1,0,0,0.0,0,TypeScript,2021-2023,1.0,0.86,0.0,0.0,0
2,5,1,1,7,4,1,0,0,0.0,0,TypeScript,2021-2023,1.0,1.4,0.0,0.0,0
11,0,0,0,1,1,1,0,2,4.0,0,TypeScript,2021-2023,1.0,0.5,0.0,2.0,0
14,0,0,0,801,301,5,0,15,1.0,0,TypeScript,2021-2023,1.0,2.65,0.0,0.17,0
23,0,0,1,87,1,2,0,2,8.0,1,TypeScript,2021-2023,0.4,43.5,0.0,2.67,0
7,1,0,0,3,4,1,0,0,0.0,0,TypeScript,2021-2023,1.0,0.6,0.0,0.0,0
17,1,0,0,1,1,1,0,0,0.0,0,TypeScript,2021-2023,1.0,0.5,0.0,0.0,0
16,3,0,0,75,15,7,0,9,1.22,0,TypeScript,2021-2023,1.0,4.69,0.0,0.15,0
18,3,0,0,10,11,4,0,2,1.0,0,TypeScript,2021-2023,1.0,0.83,0.0,0.2,0
18,3,0,0,9,2,2,0,4,1.0,0,TypeScript,2021-2023,1.0,3.0,0.0,0.33,0
10,4,0,0,12595,29715,313,0,405,1.77,0,TypeScript,2021-2023,1.0,0.42,0.0,0.01,0
11,4,0,0,6,1,1,0,0,0.0,0,TypeScript,2021-2023,1.0,3.0,0.0,0.0,0
11,4,0,0,0,1,1,0,1,1.0,0,TypeScript,2021-2023,1.0,0.0,0.0,0.5,0
11,4,0,0,1,1,1,0,1,4.0,0,TypeScript,2021-2023,1.0,0.5,0.0,2.0,0
11,4,0,0,14,1,2,0,0,0.0,0,TypeScript,2021-2023,1.0,7.0,0.0,0.0,0
14,4,0,0,9,9,1,0,0,0.0,0,TypeScript,2021-2023,1.0,0.9,0.0,0.0,0
19,4,0,0,7,1,1,0,0,0.0,0,TypeScript,2021-2023,1.0,3.5,0.0,0.0,0
23,4,0,1,34,209,6,0,5,1.0,0,TypeScript,2021-2023,1.0,0.16,0.0,0.14,0
1,6,1,1,1,1,1,0,0,0.0,0,TypeScript,2021-2023,1.0,0.5,0.0,0.0,0
9,0,0,0,6,6,1,0,0,0.0,0,TypeScript,2021-2023,1.0,0.86,0.0,0.0,0
10,0,0,0,0,3,1,0,0,0.0,0,TypeScript,2021-2023,1.0,0.0,0.0,0.0,0
10,0,0,0,10,1,1,0,1,2.0,0,TypeScript,2021-2023,1.0,5.0,0.0,1.0,0
16,2,0,0,4,3,1,0,1,2.0,0,TypeScript,2021-2023,1.0,1.0,0.0,1.0,0
16,2,0,0,4,0,1,0,0,0.0,0,TypeScript,2021-2023,1.0,4.0,0.0,0.0,0
16,2,0,0,9,1,1,0,2,3.0,0,TypeScript,2021-2023,1.0,4.5,0.0,1.5,0
19,2,0,0,616,28,5,0,9,2.44,0,TypeScript,2021-2023,1.0,21.24,0.0,0.41,0
19,2,0,0,8,0,1,0,0,0.0,0,TypeScript,2021-2023,1.0,8.0,0.0,0.0,0
17,3,0,0,85,3,1,0,5,2.8,0,TypeScript,2021-2023,1.0,21.25,0.0,1.4,0
18,3,0,0,13,0,1,0,0,0.0,0,TypeScript,2021-2023,1.0,13.0,0.0,0.0,0
11,4,0,0,1,1,1,0,0,0.0,0,TypeScript,2021-2023,1.0,0.5,0.0,0.0,0
15,4,0,0,3,1,1,0,0,0.0,0,TypeScript,2021-2023,1.0,1.5,0.0,0.0,0
16,1,0,0,1,1,1,0,2,1.0,0,TypeScript,2021-2023,1.0,0.5,0.0,0.5,0
18,1,0,0,1,1,1,0,0,0.0,0,TypeScript,2021-2023,1.0,0.5,0.0,0.0,0
11,2,0,0,11,24,3,0,0,0.0,0,TypeScript,2021-2023,1.0,0.44,0.0,0.0,0
17,2,0,0,132,200,33,0,26,2.58,0,TypeScript,2021-2023,1.0,0.66,0.0,0.08,0
17,2,0,0,24,27,1,0,4,2.5,0,TypeScript,2021-2023,1.0,0.86,0.0,1.25,0
18,2,0,0,3,164127,3,0,3728,3.62,0,TypeScript,2021-2023,1.0,0.0,0.0,0.9,0
15,3,0,0,2,2,1,0,0,0.0,0,TypeScript,2021-2023,1.0,0.67,0.0,0.0,0
15,3,0,0,1,1,1,0,1,14.0,0,TypeScript,2021-2023,1.0,0.5,0.0,7.0,0
16,3,0,0,649,26,8,0,0,0.0,0,TypeScript,2021-2023,1.0,24.04,0.0,0.0,0
11,4,0,0,45,0,4,0,1,1.0,0,TypeScript,2021-2023,1.0,45.0,0.0,0.2,0
11,4,0,0,6,5,1,0,0,0.0,0,TypeScript,2021-2023,1.0,1.0,0.0,0.0,0
14,4,0,0,16,12,3,0,0,0.0,0,TypeScript,2021-2023,1.0,1.23,0.0,0.0,0
15,4,0,0,127,59,2,0,0,0.0,0,TypeScript,2021-2023,1.0,2.12,0.0,0.0,0
17,4,0,0,4,0,1,0,0,0.0,0,TypeScript,2021-2023,1.0,4.0,0.0,0.0,0
13,0,0,0,149,50,2,0,0,0.0,0,TypeScript,2021-2023,1.0,2.92,0.0,0.0,0
13,0,0,0,1,1,1,0,0,0.0,0,TypeScript,2021-2023,1.0,0.5,0.0,0.0,0
14,0,0,0,4,0,1,0,0,0.0,0,TypeScript,2021-2023,1.0,4.0,0.0,0.0,0
0,1,0,1,20,1,2,0,2,3.0,0,TypeScript,2021-2023,1.0,10.0,0.0,1.0,1
10,1,0,0,9,0,1,0,2,6.5,0,TypeScript,2021-2023,1.0,9.0,0.0,3.25,0
15,1,0,0,45,8,4,0,7,2.14,0,TypeScript,2021-2023,1.0,5.0,0.0,0.43,0
15,1,0,0,0,3,1,0,1,2.0,0,TypeScript,2021-2023,1.0,0.0,0.0,1.0,0
15,1,0,0,1,0,1,0,0,0.0,0,TypeScript,2021-2023,1.0,1.0,0.0,0.0,0
15,1,0,0,4,1,1,0,0,0.0,0,TypeScript,2021-2023,1.0,2.0,0.0,0.0,0
9,2,0,0,0,3,1,0,0,0.0,0,TypeScript,2021-2023,1.0,0.0,0.0,0.0,0
10,2,0,0,7,2,1,0,0,0.0,0,TypeScript,2021-2023,1.0,2.33,0.0,0.0,0
14,2,0,0,26,20,4,0,6,4.0,0,TypeScript,2021-2023,1.0,1.24,0.0,0.8,0
12,3,0,0,16,24,3,0,6,2.67,0,TypeScript,2021-2023,1.0,0.64,0.0,0.67,0
22,3,0,1,7,8,1,0,0,0.0,0,TypeScript,2021-2023,1.0,0.78,0.0,0.0,0
9,4,0,0,3,3,1,0,0,0.0,0,TypeScript,2021-2023,1.0,0.75,0.0,0.0,0
12,4,0,0,2,2,1,0,0,0.0,0,TypeScript,2021-2023,1.0,0.67,0.0,0.0,0
14,4,0,0,42,189,4,0,0,0.0,0,TypeScript,2021-2023,1.0,0.22,0.0,0.0,0
14,4,0,0,17,14,5,0,0,0.0,0,TypeScript,2021-2023,1.0,1.13,0.0,0.0,0
14,4,0,0,39395,28419,5,0,2145,4.76,0,TypeScript,2021-2023,1.0,1.39,0.0,0.79,0
14,4,0,0,2,2,1,0,1,5.0,0,TypeScript,2021-2023,1.0,0.67,0.0,2.5,0
14,4,0,0,7,7,1,0,0,0.0,0,TypeScript,2021-2023,1.0,0.88,0.0,0.0,0
14,4,0,0,1,1,1,0,0,0.0,0,TypeScript,2021-2023,1.0,0.5,0.0,0.0,0
14,4,0,0,31,28,4,0,0,0.0,0,TypeScript,2021-2023,1.0,1.07,0.0,0.0,0
21,5,1,0,150,49,11,0,7,1.14,0,TypeScript,2021-2023,1.0,3.0,0.0,0.09,0
19,0,0,0,2,2,1,0,1,1.0,0,TypeScript,2021-2023,1.0,0.67,0.0,0.5,0
21,1,0,0,51,27,1,0,1,5.0,0,TypeScript,2021-2023,1.0,1.82,0.0,2.5,0
6,4,0,0,3,6,3,0,0,0.0,0,TypeScript,2021-2023,1.0,0.43,0.0,0.0,0
14,4,0,0,1,1,1,0,1,1.0,0,TypeScript,2021-2023,1.0,0.5,0.0,0.5,0
16,4,0,0,17,9,1,0,5,2.2,1,TypeScript,2021-2023,0.4,1.7,0.0,1.1,14
15,6,1,0,30,36,3,0,0,0.0,0,TypeScript,2021-2023,1.0,0.81,0.0,0.0,0
13,1,0,0,3,28,2,0,0,0.0,0,TypeScript,2021-2023,1.0,0.1,0.0,0.0,0
4,2,0,1,8,5,2,0,0,0.0,0,TypeScript,2021-2023,1.0,1.33,0.0,0.0,0
7,2,0,0,5,5,2,0,0,0.0,0,TypeScript,2021-2023,1.0,0.83,0.0,0.0,0
9,2,0,0,46,46,1,0,0,0.0,0,TypeScript,2021-2023,1.0,0.98,0.0,0.0,0
10,2,0,0,10,10,2,0,0,0.0,0,TypeScript,2021-2023,1.0,0.91,0.0,0.0,0
10,2,0,0,46,46,1,0,0,0.0,0,TypeScript,2021-2023,1.0,0.98,0.0,0.0,0
20,2,0,0,1469,1237,280,0,355,2.8,1,TypeScript,2021-2023,0.4,1.19,0.0,0.01,15
12,3,0,0,170391,176100,15,0,4693,3.45,0,TypeScript,2021-2023,1.0,0.97,0.0,0.22,0
11,5,1,0,59,0,5,0,1,2.0,0,TypeScript,2021-2023,1.0,59.0,0.0,0.33,0
13,5,1,0,2,1,1,0,0,0.0,0,TypeScript,2021-2023,1.0,1.0,0.0,0.0,3
17,1,0,0,29,28,2,0,0,0.0,0,TypeScript,2021-2023,1.0,1.0,0.0,0.0,0
20,1,0,0,1,1,1,0,2,1.5,0,TypeScript,2021-2023,1.0,0.5,0.0,0.75,0
23,2,0,1,51,1,2,1,0,0.0,0,TypeScript,2021-2023,1.0,25.5,0.33,0.0,0
20,3,0,0,28,29,2,0,0,0.0,0,TypeScript,2021-2023,1.0,0.93,0.0,0.0,0
20,3,0,0,1,0,1,0,0,0.0,0,TypeScript,2021-2023,1.0,1.0,0.0,0.0,0
17,5,1,0,111,1,2,1,0,0.0,0,TypeScript,2021-2023,1.0,55.5,0.33,0.0,0
18,5,1,0,35,2,2,1,0,0.0,0,TypeScript,2021-2023,1.0,11.67,0.33,0.0,0
13,0,0,0,17,10,1,0,0,0.0,0,TypeScript,2021-2023,1.0,1.55,0.0,0.0,0
18,0,0,0,2,0,1,0,0,0.0,0,TypeScript,2021-2023,1.0,2.0,0.0,0.0,0
11,4,0,0,9,9,3,0,2,1.0,0,TypeScript,2021-2023,1.0,0.9,0.0,0.25,0
12,4,0,0,5,3,1,0,1,2.0,0,TypeScript,2021-2023,1.0,1.25,0.0,1.0,0
12,0,0,0,12,8,4,0,1,6.0,0,TypeScript,2021-2023,1.0,1.33,0.0,1.2,0
19,0,0,0,4475,0,5,1,3,2.0,0,TypeScript,2021-2023,1.0,4475.0,0.17,0.33,0
10,1,0,0,1,3,1,0,1,3.0,0,TypeScript,2021-2023,1.0,0.25,0.0,1.5,0
10,1,0,0,23,4,3,0,0,0.0,0,TypeScript,2021-2023,1.0,4.6,0.0,0.0,0
11,1,0,0,2,0,1,0,1,1.0,0,TypeScript,2021-2023,1.0,2.0,0.0,0.5,0
15,1,0,0,20,484,2,0,0,0.0,0,TypeScript,2021-2023,1.0,0.04,0.0,0.0,0
12,2,0,0,49,4,3,0,6,1.67,0,TypeScript,2021-2023,1.0,9.8,0.0,0.42,0
12,2,0,0,111,74,3,0,8,1.38,0,TypeScript,2021-2023,1.0,1.48,0.0,0.34,0
17,2,0,0,6,2,2,0,0,0.0,0,TypeScript,2021-2023,1.0,2.0,0.0,0.0,0
16,3,0,0,11,5,2,0,1,3.0,0,TypeScript,2021-2023,1.0,1.83,0.0,1.0,0
17,3,0,0,36,13,2,0,2,4.0,0,TypeScript,2021-2023,1.0,2.57,0.0,1.33,0
13,4,0,0,93,9,6,0,9,1.89,0,TypeScript,2021-2023,1.0,9.3,0.0,0.27,0
13,4,0,0,2,2,1,0,0,0.0,0,TypeScript,2021-2023,1.0,0.67,0.0,0.0,0
13,4,0,0,11,6,1,0,2,1.5,0,TypeScript,2021-2023,1.0,1.57,0.0,0.75,0
13,4,0,0,19,2,1,0,4,2.25,0,TypeScript,2021-2023,1.0,6.33,0.0,1.12,0
15,4,0,0,255,1,2,1,0,0.0,0,TypeScript,2021-2023,1.0,127.5,0.33,0.0,0
20,4,0,0,11,11,1,0,3,1.0,0,TypeScript,2021-2023,1.0,0.92,0.0,0.5,0
15,3,0,0,36,20,4,0,7,2.14,0,TypeScript,2021-2023,1.0,1.71,0.0,0.43,0
16,3,0,0,4,1,1,0,0,0.0,0,TypeScript,2021-2023,1.0,2.0,0.0,0.0,0
13,1,0,0,119,1,3,2,0,0.0,0,TypeScript,2021-2023,1.0,59.5,0.5,0.0,0
9,3,0,0,1,0,1,0,0,0.0,0,TypeScript,2021-2023,1.0,1.0,0.0,0.0,0
11,3,0,0,1,1,1,0,3,2.33,0,TypeScript,2021-2023,1.0,0.5,0.0,1.16,0
22,3,0,1,21,1,3,0,3,3.67,0,TypeScript,2021-2023,1.0,10.5,0.0,0.92,1
22,3,0,1,327,109,24,0,43,1.95,1,TypeScript,2021-2023,0.4,2.97,0.0,0.08,0
19,1,0,0,534,154,1,0,0,0.0,0,TypeScript,2021-2023,1.0,3.45,0.0,0.0,0
14,2,0,0,7,3,1,0,2,3.0,0,TypeScript,2021-2023,1.0,1.75,0.0,1.5,0
12,3,0,0,2,0,1,0,0,0.0,0,TypeScript,2021-2023,1.0,2.0,0.0,0.0,0
23,0,0,1,3,3,1,0,2,1.5,1,TypeScript,2021-2023,0.4,0.75,0.0,0.75,0
14,1,0,0,16,2,2,0,0,0.0,0,TypeScript,2021-2023,1.0,5.33,0.0,0.0,0
6,3,0,0,1,1,1,0,0,0.0,0,TypeScript,2021-2023,1.0,0.5,0.0,0.0,0
10,5,1,0,2,1,1,0,0,0.0,0,TypeScript,2021-2023,1.0,1.0,0.0,0.0,0
0,6,1,1,15,1,2,0,1,1.0,1,TypeScript,2021-2023,0.4,7.5,0.0,0.33,16
9,4,0,0,2,0,2,0,2,4.0,0,TypeScript,2021-2023,1.0,2.0,0.0,1.33,0
17,2,0,0,1,1,1,0,0,0.0,0,TypeScript,2021-2023,1.0,0.5,0.0,0.0,0
8,3,0,0,3,2,2,0,0,0.0,0,TypeScript,2021-2023,1.0,1.0,0.0,0.0,0
0,4,0,1,2,2,1,0,0,0.0,0,TypeScript,2021-2023,1.0,0.67,0.0,0.0,0
2,5,1,1,11,2,2,0,3,4.0,0,TypeScript,2021-2023,1.0,3.67,0.0,1.33,17
2,5,1,1,228,1,9,0,9,1.11,0,TypeScript,2021-2023,1.0,114.0,0.0,0.11,1
21,5,1,0,222,0,6,0,10,1.1,1,TypeScript,2021-2023,0.4,222.0,0.0,0.16,1
23,6,1,1,27,11,1,0,0,0.0,0,TypeScript,2021-2023,1.0,2.25,0.0,0.0,0
17,0,0,0,31,5,5,0,5,2.2,0,TypeScript,2021-2023,1.0,5.17,0.0,0.37,0
0,1,0,1,17,3,2,0,0,0.0,0,TypeScript,2021-2023,1.0,4.25,0.0,0.0,0
6,1,0,0,8,8,2,0,0,0.0,0,TypeScript,2021-2023,1.0,0.89,0.0,0.0,0
10,1,0,0,9,9,1,0,0,0.0,0,TypeScript,2021-2023,1.0,0.9,0.0,0.0,0
10,1,0,0,1,1,1,0,0,0.0,0,TypeScript,2021-2023,1.0,0.5,0.0,0.0,0
13,1,0,0,10,10,2,0,0,0.0,0,TypeScript,2021-2023,1.0,0.91,0.0,0.0,0
14,1,0,0,23,19,1,0,0,0.0,0,TypeScript,2021-2023,1.0,1.15,0.0,0.0,0
11,0,0,0,28,11,2,0,4,2.25,0,TypeScript,2021-2023,1.0,2.33,0.0,0.75,0
15,4,0,0,26,1,2,0,2,1.0,0,TypeScript,2021-2023,1.0,13.0,0.0,0.33,0
13,2,0,0,6,8,1,0,2,3.0,0,TypeScript,2021-2023,1.0,0.67,0.0,1.5,0
19,2,0,0,1,1,1,0,0,0.0,0,TypeScript,2021-2023,1.0,0.5,0.0,0.0,0
9,5,1,0,43,9,2,1,0,0.0,0,TypeScript,2021-2023,1.0,4.3,0.33,0.0,0
14,3,0,0,14,12,1,0,1,8.0,0,TypeScript,2021-2023,1.0,1.08,0.0,4.0,0
23,3,0,1,12,7,6,0,8,2.25,0,TypeScript,2021-2023,1.0,1.5,0.0,0.32,0
9,4,0,0,1,1,1,0,0,0.0,0,TypeScript,2021-2023,1.0,0.5,0.0,0.0,0
10,4,0,0,33,0,1,1,0,0.0,0,TypeScript,2021-2023,1.0,33.0,0.5,0.0,0
16,4,0,0,22,14,4,0,0,0.0,0,TypeScript,2021-2023,1.0,1.47,0.0,0.0,0
20,4,0,0,3,3,2,0,0,0.0,0,TypeScript,2021-2023,1.0,0.75,0.0,0.0,0
21,4,0,0,2,0,1,0,0,0.0,0,TypeScript,2021-2023,1.0,2.0,0.0,0.0,0
11,6,1,0,48,14,1,0,0,0.0,0,TypeScript,2021-2023,1.0,3.2,0.0,0.0,0
1,0,0,1,40,2,4,0,6,1.0,1,TypeScript,2021-2023,0.4,13.33,0.0,0.2,2
1,0,0,1,213,7,12,0,14,1.14,0,TypeScript,2021-2023,1.0,26.62,0.0,0.09,3
22,1,0,1,1,1,1,0,0,0.0,0,TypeScript,2021-2023,1.0,0.5,0.0,0.0,3
22,2,0,1,6,6,1,0,0,0.0,0,TypeScript,2021-2023,1.0,0.86,0.0,0.0,0
14,1,0,0,26,0,1,0,0,0.0,0,TypeScript,2021-2023,1.0,26.0,0.0,0.0,0
21,1,0,0,6,6,1,0,0,0.0,0,TypeScript,2021-2023,1.0,0.86,0.0,0.0,0
5,2,0,1,6,6,1,0,0,0.0,0,TypeScript,2021-2023,1.0,0.86,0.0,0.0,0
17,2,0,0,11,6,3,0,2,2.5,0,TypeScript,2021-2023,1.0,1.57,0.0,0.62,0
17,2,0,0,4,4,1,0,1,4.0,0,TypeScript,2021-2023,1.0,0.8,0.0,2.0,0
23,1,0,1,18,19,7,0,9,5.0,1,TypeScript,2021-2023,0.2,0.9,0.0,0.62,17
23,1,0,1,0,58,1,0,0,0.0,0,TypeScript,2021-2023,1.0,0.0,0.0,0.0,3
10,3,0,0,3,0,1,0,0,0.0,0,TypeScript,2021-2023,1.0,3.0,0.0,0.0,0
19,3,0,0,1,33,4,0,5,9.0,0,TypeScript,2021-2023,1.0,0.03,0.0,1.8,18
7,0,0,0,30,18,5,0,6,2.17,0,TypeScript,2021-2023,1.0,1.58,0.0,0.36,0
15,0,0,0,2,2,1,0,1,2.0,0,TypeScript,2021-2023,1.0,0.67,0.0,1.0,0
15,0,0,0,10,3,3,0,1,2.0,0,TypeScript,2021-2023,1.0,2.5,0.0,0.5,0
0,2,0,1,1,15,2,0,1,1.0,1,TypeScript,2021-2023,0.5,0.06,0.0,0.33,18
0,2,0,1,77,1,2,0,3,2.33,1,TypeScript,2021-2023,0.4,38.5,0.0,0.78,3
15,3,0,0,31,13,3,0,0,0.0,0,TypeScript,2021-2023,1.0,2.21,0.0,0.0,0
19,3,0,0,7,0,1,0,0,0.0,0,TypeScript,2021-2023,1.0,7.0,0.0,0.0,0
23,6,1,1,72,1,5,0,11,2.0,0,TypeScript,2021-2023,1.0,36.0,0.0,0.33,0
21,0,0,0,34,9,3,0,5,1.8,0,TypeScript,2021-2023,1.0,3.4,0.0,0.45,0
9,3,0,0,5,113,2,0,4,1.25,0,TypeScript,2021-2023,1.0,0.04,0.0,0.42,3
10,3,0,0,7,7,3,0,0,0.0,0,TypeScript,2021-2023,1.0,0.88,0.0,0.0,3
0,4,0,1,6,6,3,0,0,0.0,0,TypeScript,2021-2023,1.0,0.86,0.0,0.0,0
3,5,1,1,35,7,2,1,0,0.0,0,TypeScript,2021-2023,1.0,4.38,0.33,0.0,0
20,2,0,0,734,576,12,0,77,2.27,0,TypeScript,2021-2023,1.0,1.27,0.0,0.17,0
13,0,0,0,18,12,3,0,0,0.0,0,TypeScript,2021-2023,1.0,1.38,0.0,0.0,0
13,0,0,0,2,107,2,1,5,1.8,0,TypeScript,2021-2023,1.0,0.02,0.33,0.6,0
16,3,0,0,130,86,2,0,0,0.0,0,TypeScript,2021-2023,1.0,1.49,0.0,0.0,0
16,3,0,0,24,14,1,0,0,0.0,0,TypeScript,2021-2023,1.0,1.6,0.0,0.0,0
16,3,0,0,24,8,1,0,0,0.0,0,TypeScript,2021-2023,1.0,2.67,0.0,0.0,0
18,3,0,0,0,30,4,0,1,1.0,0,TypeScript,2021-2023,1.0,0.0,0.0,0.2,0
18,3,0,0,8,3,2,0,0,0.0,0,TypeScript,2021-2023,1.0,2.0,0.0,0.0,0
18,3,0,0,10,10,2,0,0,0.0,0,TypeScript,2021-2023,1.0,0.91,0.0,0.0,0
8,4,0,0,24,14,1,0,0,0.0,0,TypeScript,2021-2023,1.0,1.6,0.0,0.0,0
8,4,0,0,24,14,1,0,0,0.0,0,TypeScript,2021-2023,1.0,1.6,0.0,0.0,0
10,4,0,0,1813,8,2,0,0,0.0,0,TypeScript,2021-2023,1.0,201.44,0.0,0.0,0
14,4,0,0,12,1794,3,0,0,0.0,0,TypeScript,2021-2023,1.0,0.01,0.0,0.0,0
15,4,0,0,9,9,2,0,0,0.0,0,TypeScript,2021-2023,1.0,0.9,0.0,0.0,0
17,4,0,0,33,0,2,1,3,1.67,0,TypeScript,2021-2023,1.0,33.0,0.33,0.56,0
17,4,0,0,132,132,35,0,0,0.0,0,TypeScript,2021-2023,1.0,0.99,0.0,0.0,0
22,4,0,1,18,18,3,0,0,0.0,0,TypeScript,2021-2023,1.0,0.95,0.0,0.0,0
22,5,1,1,4,1,1,0,1,2.0,0,TypeScript,2021-2023,1.0,2.0,0.0,1.0,0
20,6,1,0,1,1,1,0,0,0.0,0,TypeScript,2021-2023,1.0,0.5,0.0,0.0,0
0,0,0,1,17,17,4,0,0,0.0,0,TypeScript,2021-2023,1.0,0.94,0.0,0.0,0
16,0,0,0,3,3,1,0,2,1.5,1,TypeScript,2021-2023,0.4,0.75,0.0,0.75,4
16,0,0,0,35,7,2,1,0,0.0,0,TypeScript,2021-2023,1.0,4.38,0.33,0.0,0
4,1,0,1,18,18,3,0,0,0.0,0,TypeScript,2021-2023,1.0,0.95,0.0,0.0,0
18,1,0,0,1,0,1,0,0,0.0,0,TypeScript,2021-2023,1.0,1.0,0.0,0.0,0
23,1,0,1,0,2,1,0,0,0.0,0,TypeScript,2021-2023,1.0,0.0,0.0,0.0,0
18,2,0,0,31,41,3,0,0,0.0,0,TypeScript,2021-2023,1.0,0.74,0.0,0.0,0
0,4,0,1,5,5,2,0,0,0.0,0,TypeScript,2021-2023,1.0,0.83,0.0,0.0,0
10,4,0,0,1,1,1,0,0,0.0,0,TypeScript,2021-2023,1.0,0.5,0.0,0.0,0
16,4,0,0,5,5,2,0,0,0.0,0,TypeScript,2021-2023,1.0,0.83,0.0,0.0,0
2,5,1,1,5,5,2,0,0,0.0,0,TypeScript,2021-2023,1.0,0.83,0.0,0.0,0
8,0,0,0,0,348,4,0,5,1.2,0,TypeScript,2021-2023,1.0,0.0,0.0,0.24,0
18,0,0,0,4,4,1,0,0,0.0,0,TypeScript,2021-2023,1.0,0.8,0.0,0.0,0
18,0,0,0,2,1,1,0,2,1.0,0,TypeScript,2021-2023,1.0,1.0,0.0,0.5,0
20,0,0,0,8,6,2,0,0,0.0,0,TypeScript,2021-2023,1.0,1.14,0.0,0.0,0
1,1,0,1,18,18,3,0,0,0.0,0,TypeScript,2021-2023,1.0,0.95,0.0,0.0,0
16,1,0,0,81,75,19,0,2,3.0,0,TypeScript,2021-2023,1.0,1.07,0.0,0.15,0
17,1,0,0,67,7,1,0,0,0.0,0,TypeScript,2021-2023,1.0,8.38,0.0,0.0,0
23,1,0,1,0,1,1,0,0,0.0,0,TypeScript,2021-2023,1.0,0.0,0.0,0.0,0
6,2,0,0,5,5,2,0,0,0.0,0,TypeScript,2021-2023,1.0,0.83,0.0,0.0,0
1,3,0,1,18,18,3,0,0,0.0,0,TypeScript,2021-2023,1.0,0.95,0.0,0.0,0
11,3,0,0,5,5,4,0,4,7.0,0,TypeScript,2021-2023,1.0,0.83,0.0,1.4,0
12,3,0,0,1,1,1,0,0,0.0,0,TypeScript,2021-2023,1.0,0.5,0.0,0.0,0
12,3,0,0,92,85,23,11,28,2.11,0,TypeScript,2021-2023,1.0,1.07,0.46,0.09,0
12,3,0,0,136,136,36,0,0,0.0,0,TypeScript,2021-2023,1.0,0.99,0.0,0.0,0
13,3,0,0,1,1,1,0,0,0.0,0,TypeScript,2021-2023,1.0,0.5,0.0,0.0,0
13,3,0,0,5,0,1,0,0,0.0,0,TypeScript,2021-2023,1.0,5.0,0.0,0.0,0
9,4,0,0,171,198,1,0,0,0.0,0,TypeScript,2021-2023,1.0,0.86,0.0,0.0,0
9,4,0,0,206,189,1,0,0,0.0,0,TypeScript,2021-2023,1.0,1.08,0.0,0.0,0
13,4,0,0,18,38,3,0,0,0.0,0,TypeScript,2021-2023,1.0,0.46,0.0,0.0,0
14,4,0,0,9,9,2,0,0,0.0,0,TypeScript,2021-2023,1.0,0.9,0.0,0.0,0
14,4,0,0,5,5,2,0,0,0.0,0,TypeScript,2021-2023,1.0,0.83,0.0,0.0,0
20,4,0,0,888,916,111,69,122,1.48,0,TypeScript,2021-2023,1.0,0.97,0.62,0.01,0
1,6,1,1,185,117,5,0,0,0.0,0,TypeScript,2021-2023,1.0,1.57,0.0,0.0,0
3,6,1,1,10,5,1,0,4,1.25,0,TypeScript,2021-2023,1.0,1.67,0.0,0.62,15
13,0,0,0,2,19,3,0,5,1.0,1,TypeScript,2021-2023,1.0,0.1,0.0,0.25,19
17,0,0,0,13,13,5,0,0,0.0,0,TypeScript,2021-2023,1.0,0.93,0.0,0.0,0
21,0,0,0,204,28,4,1,9,4.0,0,TypeScript,2021-2023,1.0,7.03,0.2,0.8,0
17,1,0,0,98,3,4,1,1,1.0,0,TypeScript,2021-2023,1.0,24.5,0.2,0.2,0
17,1,0,0,136,136,36,0,0,0.0,0,TypeScript,2021-2023,1.0,0.99,0.0,0.0,0
22,2,0,1,26,26,3,0,0,0.0,0,TypeScript,2021-2023,1.0,0.96,0.0,0.0,0
9,3,0,0,88,79,3,0,7,5.0,0,TypeScript,2021-2023,1.0,1.1,0.0,1.25,0
14,3,0,0,226,144,3,1,18,2.78,0,TypeScript,2021-2023,1.0,1.56,0.25,0.7,0
14,3,0,0,9,9,2,0,0,0.0,0,TypeScript,2021-2023,1.0,0.9,0.0,0.0,0
14,3,0,0,136,136,36,0,0,0.0,0,TypeScript,2021-2023,1.0,0.99,0.0,0.0,0
15,3,0,0,8,3,1,0,0,0.0,0,TypeScript,2021-2023,1.0,2.0,0.0,0.0,0
15,3,0,0,1,1,1,0,0,0.0,0,TypeScript,2021-2023,1.0,0.5,0.0,0.0,0
0,4,0,1,5,5,3,1,0,0.0,0,TypeScript,2021-2023,1.0,0.83,0.25,0.0,0
0,4,0,1,5,5,3,1,0,0.0,0,TypeScript,2021-2023,1.0,0.83,0.25,0.0,0
19,4,0,0,13,14,2,0,0,0.0,0,TypeScript,2021-2023,1.0,0.87,0.0,0.0,0
20,4,0,0,17,16,2,0,0,0.0,0,TypeScript,2021-2023,1.0,1.0,0.0,0.0,0
21,4,0,0,16,114,10,0,1,6.0,0,TypeScript,2021-2023,1.0,0.14,0.0,0.55,0
16,6,1,0,34,23,2,0,0,0.0,0,TypeScript,2021-2023,1.0,1.42,0.0,0.0,0
22,6,1,1,16,13,2,0,0,0.0,0,TypeScript,2021-2023,1.0,1.14,0.0,0.0,0
0,0,0,1,5,5,2,0,0,0.0,0,TypeScript,2021-2023,1.0,0.83,0.0,0.0,0
9,0,0,0,1,1,1,0,1,2.0,0,TypeScript,2021-2023,1.0,0.5,0.0,1.0,0
6,1,0,0,17,17,4,0,0,0.0,0,TypeScript,2021-2023,1.0,0.94,0.0,0.0,0
20,1,0,0,509,394,124,0,374,3.13,0,TypeScript,2021-2023,1.0,1.29,0.0,0.03,5
21,1,0,0,1,1,1,0,0,0.0,0,TypeScript,2021-2023,1.0,0.5,0.0,0.0,0
22,1,0,1,1,1,1,0,0,0.0,0,TypeScript,2021-2023,1.0,0.5,0.0,0.0,3
10,3,0,0,48,11,3,1,1,1.0,0,TypeScript,2021-2023,1.0,4.0,0.25,0.25,0
14,3,0,0,56,2,2,1,1,1.0,0,TypeScript,2021-2023,1.0,18.67,0.33,0.33,0
17,3,0,0,136,136,36,0,0,0.0,0,TypeScript,2021-2023,1.0,0.99,0.0,0.0,0
20,3,0,0,2,2,2,0,3,5.0,1,TypeScript,2021-2023,0.4,0.67,0.0,1.67,3
21,3,0,0,2170,2524,34,0,2,1.5,0,TypeScript,2021-2023,1.0,0.86,0.0,0.04,0
23,3,0,1,6,4,1,0,0,0.0,0,TypeScript,2021-2023,1.0,1.2,0.0,0.0,0
1,4,0,1,22,22,3,0,0,0.0,0,TypeScript,2021-2023,1.0,0.96,0.0,0.0,0
9,4,0,0,2,2,2,0,0,0.0,0,TypeScript,2021-2023,1.0,0.67,0.0,0.0,0
10,4,0,0,1,1,1,0,0,0.0,0,TypeScript,2021-2023,1.0,0.5,0.0,0.0,0
11,4,0,0,447,222,2,0,0,0.0,0,TypeScript,2021-2023,1.0,2.0,0.0,0.0,0
17,6,1,0,1,1,1,0,0,0.0,0,TypeScript,2021-2023,1.0,0.5,0.0,0.0,0
15,0,0,0,4,2,1,1,1,27.0,0,TypeScript,2021-2023,1.0,1.33,0.5,13.5,0
15,0,0,0,1,0,1,0,0,0.0,0,TypeScript,2021-2023,1.0,1.0,0.0,0.0,0
15,0,0,0,8,1,1,1,0,0.0,0,TypeScript,2021-2023,1.0,4.0,0.5,0.0,0
16,0,0,0,11,15,4,3,4,5.75,0,TypeScript,2021-2023,1.0,0.69,0.6,1.15,0
17,0,0,0,56,51,4,1,0,0.0,0,TypeScript,2021-2023,1.0,1.08,0.2,0.0,0
18,0,0,0,42,16,5,2,2,6.0,0,TypeScript,2021-2023,1.0,2.47,0.33,1.0,0
9,1,0,0,53,53,2,0,0,0.0,0,TypeScript,2021-2023,1.0,0.98,0.0,0.0,0
13,1,0,0,5,5,2,0,0,0.0,0,TypeScript,2021-2023,1.0,0.83,0.0,0.0,0
13,1,0,0,4,4,1,0,0,0.0,0,TypeScript,2021-2023,1.0,0.8,0.0,0.0,0
14,1,0,0,85,108,3,0,0,0.0,0,TypeScript,2021-2023,1.0,0.78,0.0,0.0,0
16,1,0,0,3,0,3,1,2,16.0,0,TypeScript,2021-2023,1.0,3.0,0.25,4.0,0
17,1,0,0,1,1,1,0,0,0.0,0,TypeScript,2021-2023,1.0,0.5,0.0,0.0,0
20,1,0,0,444,428,1,1,14,2.36,0,TypeScript,2021-2023,1.0,1.03,0.5,1.18,0
23,1,0,1,19,19,6,0,0,0.0,0,TypeScript,2021-2023,1.0,0.95,0.0,0.0,0
0,2,0,1,0,2,1,0,0,0.0,0,TypeScript,2021-2023,1.0,0.0,0.0,0.0,0
0,2,0,1,2,0,2,0,0,0.0,0,TypeScript,2021-2023,1.0,2.0,0.0,0.0,0
3,2,0,1,5,5,2,0,0,0.0,0,TypeScript,2021-2023,1.0,0.83,0.0,0.0,0
10,2,0,0,1,1,1,0,0,0.0,0,TypeScript,2021-2023,1.0,0.5,0.0,0.0,0
12,2,0,0,44,47,1,1,1,1.0,0,TypeScript,2021-2023,1.0,0.92,0.5,0.5,0
14,2,0,0,1,1,1,0,0,0.0,0,TypeScript,2021-2023,1.0,0.5,0.0,0.0,0
15,2,0,0,19,19,6,0,0,0.0,0,TypeScript,2021-2023,1.0,0.95,0.0,0.0,0
11,3,0,0,136,136,36,0,0,0.0,0,TypeScript,2021-2023,1.0,0.99,0.0,0.0,0
15,3,0,0,310,382,9,3,6,1.0,0,TypeScript,2021-2023,1.0,0.81,0.3,0.1,0
16,3,0,0,221,229,1,1,1,1.0,0,TypeScript,2021-2023,1.0,0.96,0.5,0.5,0
17,3,0,0,8,8,2,0,0,0.0,0,TypeScript,2021-2023,1.0,0.89,0.0,0.0,0
19,3,0,0,150,161,24,0,0,0.0,0,TypeScript,2021-2023,1.0,0.93,0.0,0.0,0
19,3,0,0,18,2,1,0,0,0.0,0,TypeScript,2021-2023,1.0,6.0,0.0,0.0,0
19,3,0,0,12,12,1,0,0,0.0,0,TypeScript,2021-2023,1.0,0.92,0.0,0.0,0
19,3,0,0,4,4,1,0,0,0.0,0,TypeScript,2021-2023,1.0,0.8,0.0,0.0,0
9,4,0,0,19,19,6,0,0,0.0,0,TypeScript,2021-2023,1.0,0.95,0.0,0.0,0
11,4,0,0,57,3,2,1,1,1.0,0,TypeScript,2021-2023,1.0,14.25,0.33,0.33,0
11,4,0,0,136,136,36,0,0,0.0,0,TypeScript,2021-2023,1.0,0.99,0.0,0.0,0
12,4,0,0,3,0,1,0,2,1.0,0,TypeScript,2021-2023,1.0,3.0,0.0,0.5,0
14,4,0,0,167,12,8,3,4,3.0,0,TypeScript,2021-2023,1.0,12.85,0.33,0.33,0
15,4,0,0,1,1,1,0,0,0.0,0,TypeScript,2021-2023,1.0,0.5,0.0,0.0,0
17,4,0,0,19,19,6,0,0,0.0,0,TypeScript,2021-2023,1.0,0.95,0.0,0.0,0
17,4,0,0,1,1,1,0,0,0.0,0,TypeScript,2021-2023,1.0,0.5,0.0,0.0,0
10,5,1,0,1,1,1,0,0,0.0,0,TypeScript,2021-2023,1.0,0.5,0.0,0.0,0
17,5,1,0,41,113,11,0,4,2.0,0,TypeScript,2021-2023,1.0,0.36,0.0,0.17,0
8,6,1,0,0,1,1,0,0,0.0,0,TypeScript,2021-2023,1.0,0.0,0.0,0.0,0
9,6,1,0,1,3,1,0,0,0.0,0,TypeScript,2021-2023,1.0,0.25,0.0,0.0,0
20,6,1,0,1,1,1,0,0,0.0,0,TypeScript,2021-2023,1.0,0.5,0.0,0.0,0
20,6,1,0,1,3,1,0,0,0.0,0,TypeScript,2021-2023,1.0,0.25,0.0,0.0,0
20,6,1,0,1,2,1,0,0,0.0,0,TypeScript,2021-2023,1.0,0.33,0.0,0.0,0
10,0,0,0,12,12,2,0,0,0.0,0,TypeScript,2021-2023,1.0,0.92,0.0,0.0,0
11,0,0,0,130,4,2,0,0,0.0,0,TypeScript,2021-2023,1.0,26.0,0.0,0.0,0
11,0,0,0,1,1,1,0,0,0.0,0,TypeScript,2021-2023,1.0,0.5,0.0,0.0,0
14,0,0,0,67,67,5,0,0,0.0,0,TypeScript,2021-2023,1.0,0.99,0.0,0.0,0
14,0,0,0,38,38,13,0,0,0.0,0,TypeScript,2021-2023,1.0,0.97,0.0,0.0,0
15,0,0,0,19,19,6,0,0,0.0,0,TypeScript,2021-2023,1.0,0.95,0.0,0.0,0
15,0,0,0,78,216,12,0,0,0.0,0,TypeScript,2021-2023,1.0,0.36,0.0,0.0,0
17,0,0,0,19,19,6,0,0,0.0,0,TypeScript,2021-2023,1.0,0.95,0.0,0.0,0
17,0,0,0,310,19,5,0,8,15.0,0,TypeScript,2021-2023,1.0,15.5,0.0,2.5,0
18,0,0,0,12,0,4,0,0,0.0,0,TypeScript,2021-2023,1.0,12.0,0.0,0.0,0
18,0,0,0,251,256,18,0,0,0.0,0,TypeScript,2021-2023,1.0,0.98,0.0,0.0,0
19,0,0,0,19,19,6,0,0,0.0,0,TypeScript,2021-2023,1.0,0.95,0.0,0.0,0
11,1,0,0,6,2,1,0,1,2.0,0,TypeScript,2021-2023,1.0,2.0,0.0,1.0,0
11,1,0,0,460,2,5,1,2,2.5,0,TypeScript,2021-2023,1.0,153.33,0.17,0.42,0
11,1,0,0,21,13,1,1,0,0.0,0,TypeScript,2021-2023,1.0,1.5,0.5,0.0,0
11,1,0,0,4,2,1,1,0,0.0,0,TypeScript,2021-2023,1.0,1.33,0.5,0.0,0
10,2,0,0,5,5,2,0,0,0.0,0,TypeScript,2021-2023,1.0,0.83,0.0,0.0,0
10,2,0,0,4,4,1,0,0,0.0,0,TypeScript,2021-2023,1.0,0.8,0.0,0.0,0
10,2,0,0,1,1,1,0,0,0.0,0,TypeScript,2021-2023,1.0,0.5,0.0,0.0,0
10,2,0,0,6,6,2,0,0,0.0,0,TypeScript,2021-2023,1.0,0.86,0.0,0.0,0
10,2,0,0,46,46,4,0,0,0.0,0,TypeScript,2021-2023,1.0,0.98,0.0,0.0,0
10,2,0,0,1,1,1,0,0,0.0,0,TypeScript,2021-2023,1.0,0.5,0.0,0.0,0
13,2,0,0,1,1,1,0,0,0.0,0,TypeScript,2021-2023,1.0,0.5,0.0,0.0,0
14,2,0,0,246,16,30,0,9,1.0,0,TypeScript,2021-2023,1.0,14.47,0.0,0.03,0
15,2,0,0,69,6,8,0,2,6.0,0,TypeScript,2021-2023,1.0,9.86,0.0,0.67,0
16,2,0,0,8,6,1,1,0,0.0,0,TypeScript,2021-2023,1.0,1.14,0.5,0.0,0
16,2,0,0,18,18,8,1,4,1.25,0,TypeScript,2021-2023,1.0,0.95,0.11,0.14,0
18,2,0,0,19,19,6,0,0,0.0,0,TypeScript,2021-2023,1.0,0.95,0.0,0.0,0
20,2,0,0,22,22,3,0,0,0.0,0,TypeScript,2021-2023,1.0,0.96,0.0,0.0,0
20,2,0,0,1,1,1,0,0,0.0,0,TypeScript,2021-2023,1.0,0.5,0.0,0.0,0
21,2,0,0,92,5,4,1,2,1.0,0,TypeScript,2021-2023,1.0,15.33,0.2,0.2,0
7,3,0,0,1,1,1,0,0,0.0,0,TypeScript,2021-2023,1.0,0.5,0.0,0.0,0
9,3,0,0,921,625,2,0,0,0.0,0,TypeScript,2021-2023,1.0,1.47,0.0,0.0,0
10,3,0,0,146,58,7,2,3,1.0,0,TypeScript,2021-2023,1.0,2.47,0.25,0.12,0
11,3,0,0,9,2,5,0,6,1.33,0,TypeScript,2021-2023,1.0,3.0,0.0,0.22,0
11,3,0,0,5,5,4,2,0,0.0,0,TypeScript,2021-2023,1.0,0.83,0.4,0.0,0
11,3,0,0,2,1,1,0,0,0.0,0,TypeScript,2021-2023,1.0,1.0,0.0,0.0,0
14,3,0,0,38,19,44,2,0,0.0,0,TypeScript,2021-2023,1.0,1.9,0.04,0.0,0
15,3,0,0,19,19,6,0,0,0.0,0,TypeScript,2021-2023,1.0,0.95,0.0,0.0,0
16,3,0,0,410,350,8,4,8,1.0,0,TypeScript,2021-2023,1.0,1.17,0.44,0.11,0
18,3,0,0,151,95,4,2,1,7.0,0,TypeScript,2021-2023,1.0,1.57,0.4,1.4,0
20,3,0,0,4,1,1,0,0,0.0,0,TypeScript,2021-2023,1.0,2.0,0.0,0.0,0
22,3,0,1,8,4,1,1,1,4.0,0,TypeScript,2021-2023,1.0,1.6,0.5,2.0,0
5,4,0,1,168,144,16,12,16,8.12,0,TypeScript,2021-2023,1.0,1.16,0.71,0.48,0
5,4,0,1,2,4,1,0,2,10.5,0,TypeScript,2021-2023,1.0,0.4,0.0,5.25,0
9,4,0,0,137,303,2,0,0,0.0,0,TypeScript,2021-2023,1.0,0.45,0.0,0.0,0
12,4,0,0,59,58,1,0,0,0.0,0,TypeScript,2021-2023,1.0,1.0,0.0,0.0,0
12,4,0,0,144,20,6,2,3,1.0,0,TypeScript,2021-2023,1.0,6.86,0.29,0.14,0
13,4,0,0,132,132,35,0,0,0.0,0,TypeScript,2021-2023,1.0,0.99,0.0,0.0,0
15,4,0,0,47,65,28,6,0,0.0,0,TypeScript,2021-2023,1.0,0.71,0.21,0.0,0
15,4,0,0,3,0,1,0,1,1.0,0,TypeScript,2021-2023,1.0,3.0,0.0,0.5,0
15,4,0,0,2,0,2,0,0,0.0,0,TypeScript,2021-2023,1.0,2.0,0.0,0.0,0
15,4,0,0,4,2,3,0,0,0.0,0,TypeScript,2021-2023,1.0,1.33,0.0,0.0,0
17,4,0,0,19,19,6,0,0,0.0,0,TypeScript,2021-2023,1.0,0.95,0.0,0.0,0
19,4,0,0,1,1,1,0,0,0.0,0,TypeScript,2021-2023,1.0,0.5,0.0,0.0,0
22,4,0,1,57,6,4,1,1,1.0,0,TypeScript,2021-2023,1.0,8.14,0.2,0.2,0
23,4,0,1,44,4,2,1,1,1.0,0,TypeScript,2021-2023,1.0,8.8,0.33,0.33,0
23,4,0,1,132,132,35,0,0,0.0,0,TypeScript,2021-2023,1.0,0.99,0.0,0.0,0
23,4,0,1,132,132,35,0,0,0.0,0,TypeScript,2021-2023,1.0,0.99,0.0,0.0,0
0,5,1,1,2,45,1,0,0,0.0,0,TypeScript,2021-2023,1.0,0.04,0.0,0.0,0
0,5,1,1,46,32,5,1,3,1.0,0,TypeScript,2021-2023,1.0,1.39,0.17,0.17,0
8,5,1,0,6,0,2,0,0,0.0,0,TypeScript,2021-2023,1.0,6.0,0.0,0.0,0
12,6,1,0,0,37,1,0,0,0.0,0,TypeScript,2021-2023,1.0,0.0,0.0,0.0,0
15,6,1,0,33,33,4,0,0,0.0,0,TypeScript,2021-2023,1.0,0.97,0.0,0.0,0
21,6,1,0,71,70,31,6,2,2.5,0,TypeScript,2021-2023,1.0,1.0,0.19,0.08,0
10,0,0,0,56,56,2,0,0,0.0,0,TypeScript,2021-2023,1.0,0.98,0.0,0.0,0
10,0,0,0,12,12,3,0,0,0.0,0,TypeScript,2021-2023,1.0,0.92,0.0,0.0,0
11,0,0,0,22,22,8,2,1,4.0,0,TypeScript,2021-2023,1.0,0.96,0.22,0.44,0
14,0,0,0,19,19,6,0,0,0.0,0,TypeScript,2021-2023,1.0,0.95,0.0,0.0,0
14,0,0,0,0,291,2,0,0,0.0,0,TypeScript,2021-2023,1.0,0.0,0.0,0.0,0
19,0,0,0,19,19,6,0,0,0.0,0,TypeScript,2021-2023,1.0,0.95,0.0,0.0,0
2,1,0,1,18,18,3,0,0,0.0,0,TypeScript,2021-2023,1.0,0.95,0.0,0.0,0
3,1,0,1,942,407,36,0,17,5.18,0,TypeScript,2021-2023,1.0,2.31,0.0,0.14,0
8,1,0,0,161,91,2,1,7,1.0,0,TypeScript,2021-2023,1.0,1.75,0.33,0.33,0
9,1,0,0,19,19,6,0,0,0.0,0,TypeScript,2021-2023,1.0,0.95,0.0,0.0,0
10,1,0,0,48,0,4,1,3,3.0,0,TypeScript,2021-2023,1.0,48.0,0.2,0.6,0
10,1,0,0,5,5,2,0,0,0.0,0,TypeScript,2021-2023,1.0,0.83,0.0,0.0,0
10,1,0,0,136,136,36,0,0,0.0,0,TypeScript,2021-2023,1.0,0.99,0.0,0.0,0
11,1,0,0,45,2,2,0,0,0.0,0,TypeScript,2021-2023,1.0,15.0,0.0,0.0,0
13,1,0,0,8,10,2,1,1,1.0,0,TypeScript,2021-2023,1.0,0.73,0.33,0.33,0
17,1,0,0,91,1,1,1,3,1.0,0,TypeScript,2021-2023,1.0,45.5,0.5,0.5,0
17,1,0,0,48,1,2,1,2,1.0,0,TypeScript,2021-2023,1.0,24.0,0.33,0.33,0
17,1,0,0,332,24,3,1,14,3.71,0,TypeScript,2021-2023,1.0,13.28,0.25,0.93,0
18,1,0,0,126,1,2,1,1,1.0,0,TypeScript,2021-2023,1.0,63.0,0.33,0.33,0
19,1,0,0,6,3,1,0,0,0.0,0,TypeScript,2021-2023,1.0,1.5,0.0,0.0,0
19,1,0,0,132,132,35,0,0,0.0,0,TypeScript,2021-2023,1.0,0.99,0.0,0.0,0
19,1,0,0,296,29,33,1,4,2.5,0,TypeScript,2021-2023,1.0,9.87,0.03,0.07,0
3,2,0,1,6,0,1,0,1,29.0,0,TypeScript,2021-2023,1.0,6.0,0.0,14.5,0
9,2,0,0,94,97,4,0,0,0.0,0,TypeScript,2021-2023,1.0,0.96,0.0,0.0,0
9,2,0,0,1,1,1,0,0,0.0,0,TypeScript,2021-2023,1.0,0.5,0.0,0.0,0
12,2,0,0,2,2,1,0,0,0.0,0,TypeScript,2021-2023,1.0,0.67,0.0,0.0,0
17,2,0,0,19,19,6,0,0,0.0,0,TypeScript,2021-2023,1.0,0.95,0.0,0.0,0
18,2,0,0,435,35,13,1,4,3.5,0,TypeScript,2021-2023,1.0,12.08,0.07,0.25,0
7,3,0,0,1,1,1,0,1,29.0,0,TypeScript,2021-2023,1.0,0.5,0.0,14.5,0
9,3,0,0,19,13,11,1,0,0.0,0,TypeScript,2021-2023,1.0,1.36,0.08,0.0,0
9,3,0,0,6,2,1,0,0,0.0,0,TypeScript,2021-2023,1.0,2.0,0.0,0.0,0
10,3,0,0,15,20,2,1,3,2.0,0,TypeScript,2021-2023,1.0,0.71,0.33,0.67,0
13,3,0,0,193,28,3,1,18,2.83,0,TypeScript,2021-2023,1.0,6.66,0.25,0.71,0
14,3,0,0,35,61,2,1,3,2.33,0,TypeScript,2021-2023,1.0,0.56,0.33,0.78,0
14,3,0,0,53,16,2,0,3,3.33,0,TypeScript,2021-2023,1.0,3.12,0.0,1.11,0
15,3,0,0,31,7,2,1,5,1.6,0,TypeScript,2021-2023,1.0,3.88,0.33,0.53,0
15,3,0,0,2,2,1,1,1,1.0,0,TypeScript,2021-2023,1.0,0.67,0.5,0.5,0
15,3,0,0,19,29,1,1,5,1.6,0,TypeScript,2021-2023,1.0,0.63,0.5,0.8,0
15,3,0,0,132,132,35,0,0,0.0,0,TypeScript,2021-2023,1.0,0.99,0.0,0.0,0
16,3,0,0,1,0,1,0,0,0.0,0,TypeScript,2021-2023,1.0,1.0,0.0,0.0,0
18,3,0,0,137,54,19,0,2,5.5,0,TypeScript,2021-2023,1.0,2.49,0.0,0.28,0
18,3,0,0,173,136,2,0,0,0.0,0,TypeScript,2021-2023,1.0,1.26,0.0,0.0,0
19,3,0,0,5,5,2,0,0,0.0,0,TypeScript,2021-2023,1.0,0.83,0.0,0.0,0
4,4,0,1,17,9,3,0,2,2.0,0,TypeScript,2021-2023,1.0,1.7,0.0,0.5,0
14,4,0,0,198,199,6,0,7,2.43,0,TypeScript,2021-2023,1.0,0.99,0.0,0.35,0
15,4,0,0,4,3,1,0,0,0.0,0,TypeScript,2021-2023,1.0,1.0,0.0,0.0,0
9,5,1,0,1,0,1,0,0,0.0,0,TypeScript,2021-2023,1.0,1.0,0.0,0.0,0
10,6,1,0,1,1,1,0,0,0.0,0,TypeScript,2021-2023,1.0,0.5,0.0,0.0,0
17,6,1,0,1,1,1,0,0,0.0,0,TypeScript,2021-2023,1.0,0.5,0.0,0.0,0
10,0,0,0,19,19,6,0,0,0.0,0,TypeScript,2021-2023,1.0,0.95,0.0,0.0,0
10,0,0,0,0,0,1,1,0,0.0,0,TypeScript,2021-2023,1.0,0.0,0.5,0.0,0
12,0,0,0,5,5,2,0,0,0.0,0,TypeScript,2021-2023,1.0,0.83,0.0,0.0,0
12,0,0,0,19,19,6,0,0,0.0,0,TypeScript,2021-2023,1.0,0.95,0.0,0.0,0
15,0,0,0,6,0,2,2,0,0.0,0,TypeScript,2021-2023,1.0,6.0,0.67,0.0,0
16,0,0,0,19,19,6,0,0,0.0,0,TypeScript,2021-2023,1.0,0.95,0.0,0.0,0
16,0,0,0,0,69,6,0,11,1.36,0,TypeScript,2021-2023,1.0,0.0,0.0,0.19,0
17,0,0,0,19,19,6,0,0,0.0,0,TypeScript,2021-2023,1.0,0.95,0.0,0.0,0
7,1,0,0,13,9,2,0,0,0.0,0,TypeScript,2021-2023,1.0,1.3,0.0,0.0,0
13,1,0,0,2,0,1,0,1,2.0,0,TypeScript,2021-2023,1.0,2.0,0.0,1.0,0
16,1,0,0,2,2,2,1,2,3.5,0,TypeScript,2021-2023,1.0,0.67,0.33,1.17,0
16,1,0,0,114,110,1,0,2,4.0,0,TypeScript,2021-2023,1.0,1.03,0.0,2.0,0
10,2,0,0,5,5,2,0,0,0.0,0,TypeScript,2021-2023,1.0,0.83,0.0,0.0,0
10,2,0,0,63,63,32,0,0,0.0,0,TypeScript,2021-2023,1.0,0.98,0.0,0.0,0
10,2,0,0,1,1,1,0,0,0.0,0,TypeScript,2021-2023,1.0,0.5,0.0,0.0,0
10,2,0,0,104,104,12,0,0,0.0,0,TypeScript,2021-2023,1.0,0.99,0.0,0.0,0
11,2,0,0,81,26,10,0,2,3.0,0,TypeScript,2021-2023,1.0,3.0,0.0,0.27,0
12,2,0,0,253,247,75,0,0,0.0,0,TypeScript,2021-2023,1.0,1.02,0.0,0.0,0
15,2,0,0,1401,1267,36,29,27,3.59,0,TypeScript,2021-2023,1.0,1.1,0.78,0.1,0
16,2,0,0,19,19,6,0,0,0.0,0,TypeScript,2021-2023,1.0,0.95,0.0,0.0,0
6,3,0,0,105,121,1,1,0,0.0,0,TypeScript,2021-2023,1.0,0.86,0.5,0.0,0
11,3,0,0,16,7,3,0,0,0.0,0,TypeScript,2021-2023,1.0,2.0,0.0,0.0,0
12,3,0,0,368,396,5,3,2,1.5,0,TypeScript,2021-2023,1.0,0.93,0.5,0.25,0
14,3,0,0,78,21,3,0,8,2.5,0,TypeScript,2021-2023,1.0,3.55,0.0,0.62,0
18,3,0,0,1,1,1,0,0,0.0,0,TypeScript,2021-2023,1.0,0.5,0.0,0.0,0
19,3,0,0,27,9,1,0,1,58.0,0,TypeScript,2021-2023,1.0,2.7,0.0,29.0,0
9,4,0,0,219,4,4,1,5,5.4,0,TypeScript,2021-2023,1.0,43.8,0.2,1.08,0
11,4,0,0,442,180,23,17,26,2.92,0,TypeScript,2021-2023,1.0,2.44,0.71,0.12,0
12,4,0,0,1,1,1,1,0,0.0,0,TypeScript,2021-2023,1.0,0.5,0.5,0.0,0
15,4,0,0,24,6,3,0,0,0.0,0,TypeScript,2021-2023,1.0,3.43,0.0,0.0,0
15,4,0,0,22,3,3,1,1,1.0,0,TypeScript,2021-2023,1.0,5.5,0.25,0.25,0
15,4,0,0,26,16,7,1,4,1.0,0,TypeScript,2021-2023,1.0,1.53,0.12,0.12,0
17,4,0,0,19,19,6,0,0,0.0,0,TypeScript,2021-2023,1.0,0.95,0.0,0.0,0
17,4,0,0,21,12,3,1,3,4.0,0,TypeScript,2021-2023,1.0,1.62,0.25,1.0,0
19,4,0,0,19,19,6,0,0,0.0,0,TypeScript,2021-2023,1.0,0.95,0.0,0.0,0
22,5,1,1,15,2,2,0,3,5.0,1,TypeScript,2021-2023,0.059,5.0,0.0,1.67,0
18,6,1,0,17,17,4,0,0,0.0,0,TypeScript,2021-2023,1.0,0.94,0.0,0.0,0
9,0,0,0,55,25,9,7,9,10.11,0,TypeScript,2021-2023,1.0,2.12,0.7,1.01,0
9,0,0,0,8,8,2,0,0,0.0,0,TypeScript,2021-2023,1.0,0.89,0.0,0.0,0
10,0,0,0,1,1,1,0,0,0.0,0,TypeScript,2021-2023,1.0,0.5,0.0,0.0,0
10,0,0,0,85,31,2,0,0,0.0,0,TypeScript,2021-2023,1.0,2.66,0.0,0.0,0
10,0,0,0,59,59,2,0,0,0.0,0,TypeScript,2021-2023,1.0,0.98,0.0,0.0,0
10,0,0,0,18,0,1,0,0,0.0,0,TypeScript,2021-2023,1.0,18.0,0.0,0.0,0
11,0,0,0,237,46,29,7,18,7.22,0,TypeScript,2021-2023,1.0,5.04,0.23,0.24,0
14,0,0,0,0,18,1,0,0,0.0,0,TypeScript,2021-2023,1.0,0.0,0.0,0.0,0
14,0,0,0,43,19,3,0,4,4.25,0,TypeScript,2021-2023,1.0,2.15,0.0,1.06,0
14,0,0,0,24,24,6,0,0,0.0,0,TypeScript,2021-2023,1.0,0.96,0.0,0.0,0
15,0,0,0,25,55,13,1,17,2.71,0,TypeScript,2021-2023,1.0,0.45,0.07,0.19,0
15,0,0,0,1,0,1,1,0,0.0,0,TypeScript,2021-2023,1.0,1.0,0.5,0.0,0
16,0,0,0,1,1,1,0,0,0.0,0,TypeScript,2021-2023,1.0,0.5,0.0,0.0,0
17,0,0,0,220,74,3,2,1,4.0,0,TypeScript,2021-2023,1.0,2.93,0.5,1.0,0
17,0,0,0,139,12,3,1,4,3.25,0,TypeScript,2021-2023,1.0,10.69,0.25,0.81,0
21,0,0,0,185,45,14,0,4,3.0,0,TypeScript,2021-2023,1.0,4.02,0.0,0.2,0
9,1,0,0,19,19,6,0,0,0.0,0,TypeScript,2021-2023,1.0,0.95,0.0,0.0,0
10,1,0,0,224,159,12,6,1,1.0,0,TypeScript,2021-2023,1.0,1.4,0.46,0.08,0
10,1,0,0,6,9,3,0,4,1.75,0,TypeScript,2021-2023,1.0,0.6,0.0,0.44,0
11,1,0,0,19,24,4,0,2,1.0,0,TypeScript,2021-2023,1.0,0.76,0.0,0.2,0
13,1,0,0,16,2,2,0,0,0.0,0,TypeScript,2021-2023,1.0,5.33,0.0,0.0,0
13,1,0,0,6,8,3,0,0,0.0,0,TypeScript,2021-2023,1.0,0.67,0.0,0.0,0
13,1,0,0,5,0,1,0,0,0.0,0,TypeScript,2021-2023,1.0,5.0,0.0,0.0,0
14,1,0,0,7,3,1,0,0,0.0,0,TypeScript,2021-2023,1.0,1.75,0.0,0.0,0
15,1,0,0,13,11,7,1,3,3.33,0,TypeScript,2021-2023,1.0,1.08,0.12,0.42,0
16,1,0,0,11,4,3,1,2,2.5,0,TypeScript,2021-2023,1.0,2.2,0.25,0.62,0
17,1,0,0,8,9,3,0,1,4.0,0,TypeScript,2021-2023,1.0,0.8,0.0,1.0,0
18,1,0,0,190,14,6,1,6,10.83,0,TypeScript,2021-2023,1.0,12.67,0.14,1.55,0
19,1,0,0,19,19,6,0,0,0.0,0,TypeScript,2021-2023,1.0,0.95,0.0,0.0,0
20,1,0,0,4,6,2,1,1,1.0,0,TypeScript,2021-2023,1.0,0.57,0.33,0.33,0
6,2,0,0,3,0,1,0,0,0.0,0,TypeScript,2021-2023,1.0,3.0,0.0,0.0,0
7,2,0,0,0,1737,10,0,5,1.0,0,TypeScript,2021-2023,1.0,0.0,0.0,0.09,0
9,2,0,0,2,2,2,1,1,1.0,0,TypeScript,2021-2023,1.0,0.67,0.33,0.33,0
11,2,0,0,27,20,2,0,0,0.0,0,TypeScript,2021-2023,1.0,1.29,0.0,0.0,0
14,2,0,0,1,1,1,0,0,0.0,0,TypeScript,2021-2023,1.0,0.5,0.0,0.0,0
4,3,0,1,8,2,2,1,1,8.0,0,TypeScript,2021-2023,1.0,2.67,0.33,2.67,0
9,3,0,0,1,1,1,0,0,0.0,0,TypeScript,2021-2023,1.0,0.5,0.0,0.0,0
15,3,0,0,26,12,3,0,0,0.0,0,TypeScript,2021-2023,1.0,2.0,0.0,0.0,0
10,4,0,0,21,18,2,0,4,3.5,0,TypeScript,2021-2023,1.0,1.11,0.0,1.17,0
11,4,0,0,4,4,2,0,0,0.0,0,TypeScript,2021-2023,1.0,0.8,0.0,0.0,0
11,4,0,0,5,0,1,0,0,0.0,0,TypeScript,2021-2023,1.0,5.0,0.0,0.0,0
12,4,0,0,19,19,6,0,0,0.0,0,TypeScript,2021-2023,1.0,0.95,0.0,0.0,0
14,4,0,0,19,19,6,0,0,0.0,0,TypeScript,2021-2023,1.0,0.95,0.0,0.0,0
17,4,0,0,82,6,5,1,4,27.0,0,TypeScript,2021-2023,1.0,11.71,0.17,4.5,0
20,4,0,0,18,0,1,0,0,0.0,0,TypeScript,2021-2023,1.0,18.0,0.0,0.0,0
8,0,0,0,2,2,2,0,0,0.0,0,TypeScript,2021-2023,1.0,0.67,0.0,0.0,0
12,0,0,0,213,98,13,2,22,3.55,0,TypeScript,2021-2023,1.0,2.15,0.14,0.25,0
19,0,0,0,24,24,6,0,0,0.0,0,TypeScript,2021-2023,1.0,0.96,0.0,0.0,0
9,1,0,0,1,1,1,0,0,0.0,0,TypeScript,2021-2023,1.0,0.5,0.0,0.0,0
10,1,0,0,24,24,6,0,0,0.0,0,TypeScript,2021-2023,1.0,0.96,0.0,0.0,0
14,1,0,0,63,3,5,0,9,1.11,0,TypeScript,2021-2023,1.0,15.75,0.0,0.19,0
3,2,0,1,18,18,9,0,0,0.0,0,TypeScript,2021-2023,1.0,0.95,0.0,0.0,0
9,2,0,0,1,1,1,0,0,0.0,0,TypeScript,2021-2023,1.0,0.5,0.0,0.0,0
9,2,0,0,47,47,22,0,0,0.0,0,TypeScript,2021-2023,1.0,0.98,0.0,0.0,0
9,2,0,0,104,104,12,0,0,0.0,0,TypeScript,2021-2023,1.0,0.99,0.0,0.0,0
10,2,0,0,32,25,8,2,1,7.0,0,TypeScript,2021-2023,1.0,1.23,0.22,0.78,0
12,2,0,0,24,24,6,0,0,0.0,0,TypeScript,2021-2023,1.0,0.96,0.0,0.0,0
14,2,0,0,24,24,6,0,0,0.0,0,TypeScript,2021-2023,1.0,0.96,0.0,0.0,0
16,2,0,0,24,24,6,0,0,0.0,0,TypeScript,2021-2023,1.0,0.96,0.0,0.0,0
18,2,0,0,319,335,53,17,67,5.54,0,TypeScript,2021-2023,1.0,0.95,0.31,0.1,0
15,3,0,0,55,27,8,1,0,0.0,0,TypeScript,2021-2023,1.0,1.96,0.11,0.0,0
17,3,0,0,6,6,1,0,1,1.0,0,TypeScript,2021-2023,1.0,0.86,0.0,0.5,0
2,4,0,1,38,18,1,1,2,1.0,0,TypeScript,2021-2023,1.0,2.0,0.5,0.5,0
2,4,0,1,48,0,2,1,4,2.25,0,TypeScript,2021-2023,1.0,48.0,0.33,0.75,0
2,4,0,1,2,2,1,1,1,1.0,0,TypeScript,2021-2023,1.0,0.67,0.5,0.5,0
2,4,0,1,4,4,2,1,6,3.5,0,TypeScript,2021-2023,1.0,0.8,0.33,1.17,0
2,4,0,1,28,19,1,0,4,3.0,0,TypeScript,2021-2023,1.0,1.4,0.0,1.5,0
2,4,0,1,2,2,1,0,0,0.0,0,TypeScript,2021-2023,1.0,0.67,0.0,0.0,0
2,4,0,1,30,32,2,0,1,3.0,0,TypeScript,2021-2023,1.0,0.91,0.0,1.0,0
9,4,0,0,24,24,6,0,0,0.0,0,TypeScript,2021-2023,1.0,0.96,0.0,0.0,0
10,4,0,0,17,17,2,0,0,0.0,0,TypeScript,2021-2023,1.0,0.94,0.0,0.0,0
10,4,0,0,4,2,3,0,1,22.0,0,TypeScript,2021-2023,1.0,1.33,0.0,5.5,0
11,4,0,0,33,33,4,0,0,0.0,0,TypeScript,2021-2023,1.0,0.97,0.0,0.0,0
11,4,0,0,92,4,2,1,7,3.29,0,TypeScript,2021-2023,1.0,18.4,0.33,1.1,0
11,4,0,0,3,3,1,0,0,0.0,0,TypeScript,2021-2023,1.0,0.75,0.0,0.0,0
12,4,0,0,41,42,1,0,0,0.0,0,TypeScript,2021-2023,1.0,0.95,0.0,0.0,0
12,4,0,0,1,1,1,0,0,0.0,0,TypeScript,2021-2023,1.0,0.5,0.0,0.0,0
12,4,0,0,1,1,1,0,0,0.0,0,TypeScript,2021-2023,1.0,0.5,0.0,0.0,0
13,4,0,0,8,8,3,0,0,0.0,0,TypeScript,2021-2023,1.0,0.89,0.0,0.0,0
13,4,0,0,8,8,3,0,0,0.0,0,TypeScript,2021-2023,1.0,0.89,0.0,0.0,0
13,4,0,0,140,135,33,0,0,0.0,0,TypeScript,2021-2023,1.0,1.03,0.0,0.0,0
14,4,0,0,91,23,5,0,0,0.0,0,TypeScript,2021-2023,1.0,3.79,0.0,0.0,0
14,4,0,0,61,0,1,0,0,0.0,0,TypeScript,2021-2023,1.0,61.0,0.0,0.0,0
14,4,0,0,0,2,1,0,0,0.0,0,TypeScript,2021-2023,1.0,0.0,0.0,0.0,0
15,4,0,0,15,16,4,0,0,0.0,0,TypeScript,2021-2023,1.0,0.88,0.0,0.0,0
15,4,0,0,10,6,1,0,0,0.0,0,TypeScript,2021-2023,1.0,1.43,0.0,0.0,0
15,4,0,0,1,1,1,0,0,0.0,0,TypeScript,2021-2023,1.0,0.5,0.0,0.0,0
15,4,0,0,7,7,1,0,0,0.0,0,TypeScript,2021-2023,1.0,0.88,0.0,0.0,0
15,4,0,0,4,10,6,0,0,0.0,0,TypeScript,2021-2023,1.0,0.36,0.0,0.0,0
15,4,0,0,24,24,6,0,0,0.0,0,TypeScript,2021-2023,1.0,0.96,0.0,0.0,0
15,4,0,0,1,1,1,0,0,0.0,0,TypeScript,2021-2023,1.0,0.5,0.0,0.0,0
16,4,0,0,1,2,1,0,0,0.0,0,TypeScript,2021-2023,1.0,0.33,0.0,0.0,0
17,4,0,0,10,259,3,0,0,0.0,0,TypeScript,2021-2023,1.0,0.04,0.0,0.0,0
17,4,0,0,15,0,1,0,0,0.0,0,TypeScript,2021-2023,1.0,15.0,0.0,0.0,0
0,5,1,1,161,161,14,4,0,0.0,0,TypeScript,2021-2023,1.0,0.99,0.27,0.0,0
1,5,1,1,24,24,6,0,0,0.0,0,TypeScript,2021-2023,1.0,0.96,0.0,0.0,0
11,5,1,0,3,1,1,0,1,57.0,0,TypeScript,2021-2023,1.0,1.5,0.0,28.5,0
18,6,1,0,41,24,1,0,4,2.75,0,TypeScript,2021-2023,1.0,1.64,0.0,1.38,0
20,6,1,0,100,0,15,0,3,1.33,0,TypeScript,2021-2023,1.0,100.0,0.0,0.08,0
10,0,0,0,54,48,20,8,24,4.79,0,TypeScript,2021-2023,1.0,1.1,0.38,0.23,0
18,0,0,0,142,161,7,1,1,3.0,0,TypeScript,2021-2023,1.0,0.88,0.12,0.38,0
19,0,0,0,24,24,6,0,0,0.0,0,TypeScript,2021-2023,1.0,0.96,0.0,0.0,0
0,1,0,1,176,153,43,1,5,1.8,0,TypeScript,2021-2023,1.0,1.14,0.02,0.04,0
0,1,0,1,64,108,5,0,0,0.0,0,TypeScript,2021-2023,1.0,0.59,0.0,0.0,0
10,1,0,0,76,81,3,1,19,1.63,0,TypeScript,2021-2023,1.0,0.93,0.25,0.41,0
12,1,0,0,40,24,2,0,7,5.43,0,TypeScript,2021-2023,1.0,1.6,0.0,1.81,0
13,1,0,0,82,28,2,0,4,6.5,0,TypeScript,2021-2023,1.0,2.83,0.0,2.17,0
16,1,0,0,8,4,3,0,0,0.0,0,TypeScript,2021-2023,1.0,1.6,0.0,0.0,0
17,1,0,0,24,24,6,0,0,0.0,0,TypeScript,2021-2023,1.0,0.96,0.0,0.0,0
10,2,0,0,0,189,1,0,0,0.0,0,TypeScript,2021-2023,1.0,0.0,0.0,0.0,0
10,2,0,0,404,17,1,0,0,0.0,0,TypeScript,2021-2023,1.0,22.44,0.0,0.0,0
10,2,0,0,23,5,1,0,2,1.0,0,TypeScript,2021-2023,1.0,3.83,0.0,0.5,0
10,2,0,0,36,5,3,0,8,1.5,0,TypeScript,2021-2023,1.0,6.0,0.0,0.38,0
11,2,0,0,1,77,1,0,0,0.0,0,TypeScript,2021-2023,1.0,0.01,0.0,0.0,0
12,2,0,0,24,24,6,0,0,0.0,0,TypeScript,2021-2023,1.0,0.96,0.0,0.0,0
16,2,0,0,24,24,6,0,0,0.0,0,TypeScript,2021-2023,1.0,0.96,0.0,0.0,0
4,3,0,1,108,61,2,0,0,0.0,0,TypeScript,2021-2023,1.0,1.74,0.0,0.0,0
8,3,0,0,5,5,2,0,0,0.0,0,TypeScript,2021-2023,1.0,0.83,0.0,0.0,0
22,4,0,1,605,191,10,2,41,1.32,0,TypeScript,2021-2023,1.0,3.15,0.18,0.12,0
23,4,0,1,1,1,1,0,0,0.0,0,TypeScript,2021-2023,1.0,0.5,0.0,0.0,0
23,4,0,1,50,0,1,0,0,0.0,0,TypeScript,2021-2023,1.0,50.0,0.0,0.0,0
0,5,1,1,48,99,7,1,9,5.11,0,TypeScript,2021-2023,1.0,0.48,0.12,0.64,0
0,5,1,1,1,1,1,0,0,0.0,0,TypeScript,2021-2023,1.0,0.5,0.0,0.0,0
0,5,1,1,4,18,4,0,3,12.33,0,TypeScript,2021-2023,1.0,0.21,0.0,2.47,0
1,5,1,1,4,4,1,0,0,0.0,0,TypeScript,2021-2023,1.0,0.8,0.0,0.0,0
1,5,1,1,1,1,1,0,0,0.0,0,TypeScript,2021-2023,1.0,0.5,0.0,0.0,0
1,5,1,1,1,1,1,0,0,0.0,0,TypeScript,2021-2023,1.0,0.5,0.0,0.0,0
1,5,1,1,1,1,1,0,0,0.0,0,TypeScript,2021-2023,1.0,0.5,0.0,0.0,0
1,5,1,1,1,3,1,0,0,0.0,0,TypeScript,2021-2023,1.0,0.25,0.0,0.0,0
2,5,1,1,1,1,1,0,0,0.0,0,TypeScript,2021-2023,1.0,0.5,0.0,0.0,0
10,5,1,0,5,18,4,0,3,12.33,0,TypeScript,2021-2023,1.0,0.26,0.0,2.47,0
23,5,1,1,55,5,2,1,8,5.38,0,TypeScript,2021-2023,1.0,9.17,0.33,1.79,0
0,0,0,1,43,53,3,0,0,0.0,0,TypeScript,2021-2023,1.0,0.8,0.0,0.0,0
15,0,0,0,23,1,1,0,0,0.0,0,TypeScript,2021-2023,1.0,11.5,0.0,0.0,0
15,0,0,0,77,26,7,0,0,0.0,0,TypeScript,2021-2023,1.0,2.85,0.0,0.0,0
15,0,0,0,2,1,1,0,0,0.0,0,TypeScript,2021-2023,1.0,1.0,0.0,0.0,0
15,0,0,0,226,23,2,1,1,1.0,0,TypeScript,2021-2023,1.0,9.42,0.33,0.33,0
18,0,0,0,435,529,13,3,24,2.83,0,TypeScript,2021-2023,1.0,0.82,0.21,0.2,0
12,1,0,0,24,24,6,0,0,0.0,0,TypeScript,2021-2023,1.0,0.96,0.0,0.0,0
14,1,0,0,76,10,2,0,0,0.0,1,TypeScript,2021-2023,0.4,6.91,0.0,0.0,0
23,1,0,1,416,6,8,1,9,1.78,0,TypeScript,2021-2023,1.0,59.43,0.11,0.2,0
23,1,0,1,4,0,1,0,0,0.0,0,TypeScript,2021-2023,1.0,4.0,0.0,0.0,0
23,1,0,1,3,1,1,0,0,0.0,0,TypeScript,2021-2023,1.0,1.5,0.0,0.0,0
23,1,0,1,4,4,2,0,0,0.0,0,TypeScript,2021-2023,1.0,0.8,0.0,0.0,0
0,2,0,1,325,87,19,2,8,3.5,0,TypeScript,2021-2023,1.0,3.69,0.1,0.18,0
0,2,0,1,132,133,35,0,0,0.0,0,TypeScript,2021-2023,1.0,0.99,0.0,0.0,0
1,2,0,1,9,7,1,0,0,0.0,0,TypeScript,2021-2023,1.0,1.12,0.0,0.0,0
1,2,0,1,1,1,1,0,0,0.0,0,TypeScript,2021-2023,1.0,0.5,0.0,0.0,0
1,2,0,1,1,1,1,0,0,0.0,0,TypeScript,2021-2023,1.0,0.5,0.0,0.0,0
1,2,0,1,1,1,1,0,0,0.0,0,TypeScript,2021-2023,1.0,0.5,0.0,0.0,0
4,2,0,1,17,17,4,0,0,0.0,0,TypeScript,2021-2023,1.0,0.94,0.0,0.0,0
12,2,0,0,1,1,1,0,0,0.0,0,TypeScript,2021-2023,1.0,0.5,0.0,0.0,0
12,2,0,0,1,1,1,0,0,0.0,0,TypeScript,2021-2023,1.0,0.5,0.0,0.0,0
14,2,0,0,6,25,1,0,0,0.0,0,TypeScript,2021-2023,1.0,0.23,0.0,0.0,0
15,2,0,0,1,0,1,0,0,0.0,0,TypeScript,2021-2023,1.0,1.0,0.0,0.0,0
18,2,0,0,40,82,15,0,2,2.0,0,TypeScript,2021-2023,1.0,0.48,0.0,0.12,0
18,2,0,0,1,1,1,0,0,0.0,0,TypeScript,2021-2023,1.0,0.5,0.0,0.0,0
19,2,0,0,5,10,1,0,0,0.0,0,TypeScript,2021-2023,1.0,0.45,0.0,0.0,0
21,2,0,0,73,1,1,1,3,1.33,0,TypeScript,2021-2023,1.0,36.5,0.5,0.66,0
0,3,0,1,71,26,10,0,2,2.5,0,TypeScript,2021-2023,1.0,2.63,0.0,0.23,0
9,3,0,0,1,1,1,0,0,0.0,0,TypeScript,2024-2026,1.0,0.5,0.0,0.0,0
21,1,0,0,82,0,1,0,0,0.0,0,TypeScript,2024-2026,1.0,82.0,0.0,0.0,0
15,4,0,0,1,1,1,0,0,0.0,0,TypeScript,2024-2026,1.0,0.5,0.0,0.0,0
15,4,0,0,1,1,1,0,0,0.0,0,TypeScript,2024-2026,1.0,0.5,0.0,0.0,0
15,4,0,0,59,2,2,0,2,11.0,1,TypeScript,2024-2026,0.4,19.67,0.0,3.67,5
12,3,0,0,463,214,57,0,127,3.6,0,TypeScript,2024-2026,1.0,2.15,0.0,0.06,6
13,3,0,0,32,1,2,0,1,1.0,1,TypeScript,2024-2026,0.4,16.0,0.0,0.33,1
23,4,0,1,1,1,1,0,0,0.0,0,TypeScript,2024-2026,1.0,0.5,0.0,0.0,2
23,4,0,1,1,1,1,0,0,0.0,0,TypeScript,2024-2026,1.0,0.5,0.0,0.0,4
13,0,0,0,19,1,2,0,1,1.0,1,TypeScript,2024-2026,0.4,9.5,0.0,0.33,2
20,0,0,0,1,1,1,0,0,0.0,0,TypeScript,2024-2026,1.0,0.5,0.0,0.0,3
13,1,0,0,299,84,28,0,85,4.85,0,TypeScript,2024-2026,1.0,3.52,0.0,0.17,6
13,0,0,0,1,1,1,0,0,0.0,0,TypeScript,2024-2026,1.0,0.5,0.0,0.0,3
22,1,0,1,1,1,1,0,0,0.0,1,TypeScript,2024-2026,0.4,0.5,0.0,0.0,3
15,1,0,0,1,1,1,0,0,0.0,0,TypeScript,2024-2026,1.0,0.5,0.0,0.0,0
0,3,0,1,11,11,9,0,9,1.0,1,TypeScript,2024-2026,0.4,0.92,0.0,0.1,0
0,3,0,1,12,1,2,0,3,5.33,1,TypeScript,2024-2026,0.235,6.0,0.0,1.78,0
16,6,1,0,1719,1692,174,0,213,1.63,0,TypeScript,2024-2026,1.0,1.02,0.0,0.01,6
19,5,1,0,46,62,11,0,9,1.0,0,TypeScript,2024-2026,1.0,0.73,0.0,0.08,6
10,5,1,0,9,5,4,0,2,10.5,0,TypeScript,2024-2026,1.0,1.5,0.0,2.1,4
16,1,0,0,21,24,9,0,15,2.73,1,TypeScript,2024-2026,0.4,0.84,0.0,0.27,20
20,1,0,0,46,41,8,0,12,2.92,0,TypeScript,2024-2026,1.0,1.1,0.0,0.32,21
11,6,1,0,8,2,1,0,1,1.0,1,TypeScript,2024-2026,0.4,2.67,0.0,0.5,4
22,1,0,1,19,19,12,0,15,4.2,0,TypeScript,2024-2026,1.0,0.95,0.0,0.32,6
23,1,0,1,33,30,2,0,3,3.33,1,TypeScript,2024-2026,0.4,1.06,0.0,1.11,21
23,1,0,1,15,6,2,0,0,0.0,0,TypeScript,2024-2026,1.0,2.14,0.0,0.0,5
0,2,0,1,80,1,2,0,2,1.0,0,TypeScript,2024-2026,1.0,40.0,0.0,0.33,6
19,2,0,0,1,1,1,0,0,0.0,0,TypeScript,2024-2026,1.0,0.5,0.0,0.0,5
23,4,0,1,2,2,1,0,0,0.0,1,TypeScript,2024-2026,0.4,0.67,0.0,0.0,5
20,1,0,0,24,11,1,0,3,4.67,1,TypeScript,2024-2026,1.0,2.0,0.0,2.34,4
13,3,0,0,15,3,2,0,2,3.0,0,TypeScript,2024-2026,1.0,3.75,0.0,1.0,0
15,0,0,0,0,79,2,0,2,1.0,0,TypeScript,2024-2026,1.0,0.0,0.0,0.33,6
16,3,0,0,92,92,2,0,0,0.0,0,TypeScript,2024-2026,1.0,0.99,0.0,0.0,0
11,4,0,0,2,2,1,0,0,0.0,0,TypeScript,2024-2026,1.0,0.67,0.0,0.0,0
11,4,0,0,91,27,17,0,6,1.67,0,TypeScript,2024-2026,1.0,3.25,0.0,0.09,0
11,4,0,0,13,2,2,0,0,0.0,0,TypeScript,2024-2026,1.0,4.33,0.0,0.0,0
11,4,0,0,76377,50735,15,0,2581,17.18,0,TypeScript,2024-2026,1.0,1.51,0.0,1.07,0
9,5,1,0,1,1,1,0,0,0.0,0,TypeScript,2024-2026,1.0,0.5,0.0,0.0,0
11,4,0,0,18,12,1,0,0,0.0,0,TypeScript,2024-2026,1.0,1.38,0.0,0.0,0
17,4,0,0,41,8,2,0,1,1.0,0,TypeScript,2024-2026,1.0,4.56,0.0,0.33,6
17,4,0,0,36,2,3,0,3,14.33,0,TypeScript,2024-2026,1.0,12.0,0.0,3.58,6
11,1,0,0,41,46,8,0,12,3.33,0,TypeScript,2024-2026,1.0,0.87,0.0,0.37,22
17,2,0,0,21,12,3,0,0,0.0,0,TypeScript,2024-2026,1.0,1.62,0.0,0.0,0
15,3,0,0,2,2,2,0,0,0.0,0,TypeScript,2024-2026,1.0,0.67,0.0,0.0,0
10,0,0,0,14,14,1,0,0,0.0,0,TypeScript,2024-2026,1.0,0.93,0.0,0.0,0
11,0,0,0,22,10,1,0,0,0.0,0,TypeScript,2024-2026,1.0,2.0,0.0,0.0,0
11,0,0,0,302,74,1,0,0,0.0,0,TypeScript,2024-2026,1.0,4.03,0.0,0.0,0
11,0,0,0,30,25,1,0,0,0.0,0,TypeScript,2024-2026,1.0,1.15,0.0,0.0,0
8,2,0,0,7,7,1,0,0,0.0,0,TypeScript,2024-2026,1.0,0.88,0.0,0.0,0
10,3,0,0,30,12,3,0,0,0.0,0,TypeScript,2024-2026,1.0,2.31,0.0,0.0,0
15,3,0,0,3,1,1,0,0,0.0,0,TypeScript,2024-2026,1.0,1.5,0.0,0.0,0
10,4,0,0,4,4,3,1,0,0.0,0,TypeScript,2024-2026,1.0,0.8,0.25,0.0,6
13,0,0,0,3,1,1,0,0,0.0,0,TypeScript,2024-2026,1.0,1.5,0.0,0.0,0
16,0,0,0,88,48,2,1,0,0.0,0,TypeScript,2024-2026,1.0,1.8,0.33,0.0,0
23,0,0,1,162,1,2,0,4,7.0,0,TypeScript,2024-2026,1.0,81.0,0.0,2.33,1
23,0,0,1,1,1,1,0,0,0.0,0,TypeScript,2024-2026,1.0,0.5,0.0,0.0,6
20,1,0,0,8,0,2,0,3,1.67,0,TypeScript,2024-2026,1.0,8.0,0.0,0.56,0
16,4,0,0,11,8,3,0,1,1.0,0,TypeScript,2024-2026,1.0,1.22,0.0,0.25,0
16,4,0,0,14,7,2,1,3,1.33,0,TypeScript,2024-2026,1.0,1.75,0.33,0.44,0
22,2,0,1,0,56,2,0,0,0.0,0,TypeScript,2024-2026,1.0,0.0,0.0,0.0,0
14,3,0,0,97,19,5,0,9,1.67,0,TypeScript,2024-2026,1.0,4.85,0.0,0.28,0
18,3,0,0,24,12,3,0,0,0.0,0,TypeScript,2024-2026,1.0,1.85,0.0,0.0,0
16,0,0,0,0,3,3,0,0,0.0,0,TypeScript,2024-2026,1.0,0.0,0.0,0.0,0
15,3,0,0,1,1,1,0,0,0.0,0,TypeScript,2024-2026,1.0,0.5,0.0,0.0,0
14,2,0,0,8,8,2,0,0,0.0,0,TypeScript,2024-2026,1.0,0.89,0.0,0.0,0
14,2,0,0,11,9,3,0,3,1.0,0,TypeScript,2024-2026,1.0,1.1,0.0,0.25,0
12,3,0,0,12,12,2,0,0,0.0,0,TypeScript,2024-2026,1.0,0.92,0.0,0.0,0
12,3,0,0,4,0,1,0,0,0.0,0,TypeScript,2024-2026,1.0,4.0,0.0,0.0,0
14,4,0,0,6,6,1,0,0,0.0,0,TypeScript,2024-2026,1.0,0.86,0.0,0.0,0
16,4,0,0,193,82,1,0,0,0.0,0,TypeScript,2024-2026,1.0,2.33,0.0,0.0,0
9,0,0,0,1,1,1,0,0,0.0,0,TypeScript,2024-2026,1.0,0.5,0.0,0.0,6
8,2,0,0,7,4,1,0,0,0.0,0,TypeScript,2024-2026,1.0,1.4,0.0,0.0,0
8,2,0,0,3,3,1,0,0,0.0,0,TypeScript,2024-2026,1.0,0.75,0.0,0.0,0
9,2,0,0,19,5,1,0,0,0.0,0,TypeScript,2024-2026,1.0,3.17,0.0,0.0,0
9,2,0,0,8,8,2,0,0,0.0,0,TypeScript,2024-2026,1.0,0.89,0.0,0.0,0
9,2,0,0,146,71,1,0,0,0.0,0,TypeScript,2024-2026,1.0,2.03,0.0,0.0,0
12,1,0,0,9,2,2,0,1,12.0,0,TypeScript,2024-2026,1.0,3.0,0.0,4.0,0
5,0,0,1,3,0,2,0,0,0.0,0,TypeScript,2024-2026,1.0,3.0,0.0,0.0,0
14,2,0,0,46,9,3,0,1,7.0,0,TypeScript,2024-2026,1.0,4.6,0.0,1.75,0
14,1,0,0,7,7,4,1,0,0.0,0,TypeScript,2024-2026,1.0,0.88,0.2,0.0,22
22,1,0,1,3,13,2,0,0,0.0,0,TypeScript,2024-2026,1.0,0.21,0.0,0.0,22
0,5,1,1,4,4,2,0,0,0.0,1,TypeScript,2024-2026,0.4,0.8,0.0,0.0,0
1,1,0,1,9,9,1,0,0,0.0,0,TypeScript,2024-2026,1.0,0.9,0.0,0.0,5
15,1,0,0,1,16,2,0,2,2.0,0,TypeScript,2024-2026,1.0,0.06,0.0,0.67,5
22,1,0,1,11,11,11,0,0,0.0,0,TypeScript,2024-2026,1.0,0.92,0.0,0.0,5
10,2,0,0,3,6,2,0,0,0.0,0,TypeScript,2024-2026,1.0,0.43,0.0,0.0,5
23,1,0,1,4,1,1,0,2,1.0,0,TypeScript,2024-2026,1.0,2.0,0.0,0.5,5
23,1,0,1,17,0,2,0,2,3.0,0,TypeScript,2024-2026,1.0,17.0,0.0,1.0,0
18,3,0,0,26,10,1,0,3,4.67,0,TypeScript,2024-2026,1.0,2.36,0.0,2.34,6
10,4,0,0,0,1,1,0,0,0.0,0,TypeScript,2024-2026,1.0,0.0,0.0,0.0,6
22,6,1,1,24,0,2,0,2,11.0,0,TypeScript,2024-2026,1.0,24.0,0.0,3.67,6
15,2,0,0,1067,649,105,0,164,2.52,0,TypeScript,2024-2026,1.0,1.64,0.0,0.02,6
1,1,0,1,28,28,4,0,0,0.0,0,TypeScript,2024-2026,1.0,0.97,0.0,0.0,0
10,1,0,0,18,18,2,0,0,0.0,0,TypeScript,2024-2026,1.0,0.95,0.0,0.0,0
17,3,0,0,167,16,10,0,26,1.73,1,TypeScript,2024-2026,0.4,9.82,0.0,0.16,6
21,2,0,0,237,83,2,0,1,1.0,1,TypeScript,2024-2026,0.4,2.82,0.0,0.33,7
22,2,0,1,117,0,2,0,2,1.5,1,TypeScript,2024-2026,0.4,117.0,0.0,0.5,8
9,3,0,0,7,4,2,0,3,7.33,0,TypeScript,2024-2026,1.0,1.4,0.0,2.44,9
11,3,0,0,75,1,2,0,1,1.0,1,TypeScript,2024-2026,0.4,37.5,0.0,0.33,9
16,2,0,0,464,36,6,0,12,8.58,1,TypeScript,2024-2026,0.038,12.54,0.0,1.23,10
17,2,0,0,132,13,8,0,9,1.89,1,TypeScript,2024-2026,0.4,9.43,0.0,0.21,11
23,4,0,1,27,11,1,0,3,1.0,1,TypeScript,2024-2026,0.4,2.25,0.0,0.5,12
22,0,0,1,38,37,14,0,28,2.61,1,TypeScript,2024-2026,0.4,1.0,0.0,0.17,0
22,1,0,1,22,54,8,0,12,6.5,0,TypeScript,2024-2026,1.0,0.4,0.0,0.72,1
16,4,0,0,8,6,1,0,3,6.0,0,TypeScript,2024-2026,1.0,1.14,0.0,3.0,13
11,5,1,0,7,5,3,0,6,2.33,0,TypeScript,2024-2026,1.0,1.17,0.0,0.58,1
12,1,0,0,15,1,2,0,2,1.5,1,TypeScript,2024-2026,0.4,7.5,0.0,0.5,1
16,3,0,0,8,2,2,0,1,1.0,0,TypeScript,2024-2026,1.0,2.67,0.0,0.33,0
17,2,0,0,42,58,14,0,10,1.1,0,TypeScript,2024-2026,1.0,0.71,0.0,0.07,5
12,3,0,0,1189,566,2,0,0,0.0,0,TypeScript,2024-2026,1.0,2.1,0.0,0.0,0
19,3,0,0,5,6,5,0,0,0.0,0,TypeScript,2024-2026,1.0,0.71,0.0,0.0,13
9,4,0,0,102,0,1,0,2,1.0,0,TypeScript,2024-2026,1.0,102.0,0.0,0.5,0
18,3,0,0,4,4,3,1,0,0.0,0,TypeScript,2024-2026,1.0,0.8,0.25,0.0,22
19,1,0,0,5,5,3,1,0,0.0,0,TypeScript,2024-2026,1.0,0.83,0.25,0.0,0
8,5,1,0,1,1,1,0,0,0.0,0,TypeScript,2024-2026,1.0,0.5,0.0,0.0,0
10,3,0,0,43,38,4,0,1,3.0,0,TypeScript,2024-2026,1.0,1.1,0.0,0.6,0
12,3,0,0,6,1,1,0,1,11.0,0,TypeScript,2024-2026,1.0,3.0,0.0,5.5,0
13,3,0,0,2299,853,43,0,72,2.62,0,TypeScript,2024-2026,1.0,2.69,0.0,0.06,0
16,3,0,0,47,41,2,0,0,0.0,0,TypeScript,2024-2026,1.0,1.12,0.0,0.0,0
16,3,0,0,47,41,2,0,0,0.0,0,TypeScript,2024-2026,1.0,1.12,0.0,0.0,0
16,3,0,0,1,1,1,0,0,0.0,0,TypeScript,2024-2026,1.0,0.5,0.0,0.0,0
16,3,0,0,7,0,1,0,0,0.0,0,TypeScript,2024-2026,1.0,7.0,0.0,0.0,0
17,3,0,0,6,0,2,0,0,0.0,0,TypeScript,2024-2026,1.0,6.0,0.0,0.0,0
8,4,0,0,3,3,1,0,1,2.0,0,TypeScript,2024-2026,1.0,0.75,0.0,1.0,0
18,4,0,0,95,6,4,0,7,5.14,0,TypeScript,2024-2026,1.0,13.57,0.0,1.03,0
10,4,0,0,5,5,3,1,0,0.0,0,TypeScript,2024-2026,1.0,0.83,0.25,0.0,0
11,4,0,0,14,2,1,0,0,0.0,0,TypeScript,2024-2026,1.0,4.67,0.0,0.0,0
14,4,0,0,114,32,5,0,5,3.6,0,TypeScript,2024-2026,1.0,3.45,0.0,0.6,0
20,4,0,0,296,3507,24,0,0,0.0,0,TypeScript,2024-2026,1.0,0.08,0.0,0.0,0
20,4,0,0,7,1,1,0,2,2.0,0,TypeScript,2024-2026,1.0,3.5,0.0,1.0,0
6,0,0,0,16,15,4,0,0,0.0,0,TypeScript,2024-2026,1.0,1.0,0.0,0.0,0
14,0,0,0,12,0,1,0,0,0.0,0,TypeScript,2024-2026,1.0,12.0,0.0,0.0,0
17,0,0,0,0,2,2,0,0,0.0,0,TypeScript,2024-2026,1.0,0.0,0.0,0.0,0
8,1,0,0,8,18,1,0,1,13.0,0,TypeScript,2024-2026,1.0,0.42,0.0,6.5,0
11,1,0,0,2,2,1,0,0,0.0,0,TypeScript,2024-2026,1.0,0.67,0.0,0.0,0
12,2,0,0,1,4,1,0,0,0.0,0,TypeScript,2024-2026,1.0,0.2,0.0,0.0,0
11,3,0,0,34,0,2,0,3,2.33,0,TypeScript,2024-2026,1.0,34.0,0.0,0.78,0
11,3,0,0,1,10,1,0,1,1.0,0,TypeScript,2024-2026,1.0,0.09,0.0,0.5,0
13,3,0,0,19,18,1,0,0,0.0,0,TypeScript,2024-2026,1.0,1.0,0.0,0.0,0
15,3,0,0,0,2,2,0,0,0.0,0,TypeScript,2024-2026,1.0,0.0,0.0,0.0,0
15,3,0,0,1099,892,5,0,1,3.0,0,TypeScript,2024-2026,1.0,1.23,0.0,0.5,0
15,3,0,0,2,2,2,0,2,2.0,0,TypeScript,2024-2026,1.0,0.67,0.0,0.67,0
14,5,1,0,23,3,2,0,2,4.0,0,TypeScript,2024-2026,1.0,5.75,0.0,1.33,0
14,5,1,0,20,4,2,0,2,11.5,0,TypeScript,2024-2026,1.0,4.0,0.0,3.83,0
23,0,0,1,1,1,1,0,0,0.0,0,TypeScript,2024-2026,1.0,0.5,0.0,0.0,22
10,1,0,0,8,9,2,0,0,0.0,0,TypeScript,2024-2026,1.0,0.8,0.0,0.0,0
10,4,0,0,6,6,1,0,0,0.0,0,TypeScript,2024-2026,1.0,0.86,0.0,0.0,0
14,4,0,0,53,14,2,0,0,0.0,0,TypeScript,2024-2026,1.0,3.53,0.0,0.0,0
1,2,0,1,11,6,2,0,4,3.0,1,TypeScript,2024-2026,0.4,1.57,0.0,1.0,13
1,2,0,1,12,7,2,0,2,10.5,1,TypeScript,2024-2026,0.4,1.5,0.0,3.5,14
14,4,0,0,1,1,1,0,1,7.0,0,TypeScript,2024-2026,1.0,0.5,0.0,3.5,15
21,6,1,0,2,2,2,0,0,0.0,0,TypeScript,2024-2026,1.0,0.67,0.0,0.0,15
11,0,0,0,17,12,3,0,0,0.0,0,TypeScript,2024-2026,1.0,1.31,0.0,0.0,0
21,2,0,0,1195,598,2,0,0,0.0,0,TypeScript,2024-2026,1.0,1.99,0.0,0.0,0
23,2,0,1,104,117,107,2,2,2.0,0,TypeScript,2024-2026,1.0,0.88,0.02,0.02,0
23,2,0,1,251,1376,7,2,18,1.06,0,TypeScript,2024-2026,1.0,0.18,0.25,0.13,0
23,2,0,1,1253,28,2,0,0,0.0,0,TypeScript,2024-2026,1.0,43.21,0.0,0.0,0
23,2,0,1,2,7,2,0,0,0.0,0,TypeScript,2024-2026,1.0,0.25,0.0,0.0,0
23,2,0,1,9,29,1,0,0,0.0,0,TypeScript,2024-2026,1.0,0.3,0.0,0.0,0
8,3,0,0,93,1079,89,1,175,1.03,0,TypeScript,2024-2026,1.0,0.09,0.01,0.01,0
9,3,0,0,2,1,1,0,0,0.0,0,TypeScript,2024-2026,1.0,1.0,0.0,0.0,0
10,3,0,0,6523,3629,6,0,1,2.0,0,TypeScript,2024-2026,1.0,1.8,0.0,0.29,0
10,3,0,0,9,74,1,0,0,0.0,0,TypeScript,2024-2026,1.0,0.12,0.0,0.0,0
16,3,0,0,1,8,2,0,2,7.5,0,TypeScript,2024-2026,1.0,0.11,0.0,2.5,0
17,3,0,0,222,344,2,0,0,0.0,0,TypeScript,2024-2026,1.0,0.64,0.0,0.0,0
17,3,0,0,7,7,1,0,0,0.0,0,TypeScript,2024-2026,1.0,0.88,0.0,0.0,0
17,3,0,0,12,9,2,0,4,4.0,0,TypeScript,2024-2026,1.0,1.2,0.0,1.33,0
21,3,0,0,1430,424,7,0,5,1.8,0,TypeScript,2024-2026,1.0,3.36,0.0,0.22,0
12,4,0,0,14026,4,42,0,191,2.38,0,TypeScript,2024-2026,1.0,2805.2,0.0,0.06,0
16,0,0,0,189974,180801,7,0,7374,7.89,0,TypeScript,2024-2026,1.0,1.05,0.0,0.99,0
16,0,0,0,9,0,1,0,0,0.0,0,TypeScript,2024-2026,1.0,9.0,0.0,0.0,0
18,0,0,0,1795,712,39,0,153,2.83,0,TypeScript,2024-2026,1.0,2.52,0.0,0.07,0
18,0,0,0,161,21,2,1,0,0.0,0,TypeScript,2024-2026,1.0,7.32,0.33,0.0,0
9,2,0,0,3,3,1,0,0,0.0,0,TypeScript,2024-2026,1.0,0.75,0.0,0.0,0
9,2,0,0,3,3,1,0,0,0.0,0,TypeScript,2024-2026,1.0,0.75,0.0,0.0,0
9,2,0,0,119,183,2,0,0,0.0,0,TypeScript,2024-2026,1.0,0.65,0.0,0.0,0
15,2,0,0,3,12,1,0,0,0.0,0,TypeScript,2024-2026,1.0,0.23,0.0,0.0,0
3,3,0,1,9,13,1,0,2,1.0,0,TypeScript,2024-2026,1.0,0.64,0.0,0.5,0
23,3,0,1,3,0,2,0,2,2.5,1,TypeScript,2024-2026,0.4,3.0,0.0,0.83,15
23,3,0,1,7,3,1,0,1,6.0,0,TypeScript,2024-2026,1.0,1.75,0.0,3.0,16
23,3,0,1,57,62,1,0,7,9.0,0,TypeScript,2024-2026,1.0,0.9,0.0,4.5,16
19,0,0,0,24,27,2,0,0,0.0,0,TypeScript,2024-2026,1.0,0.86,0.0,0.0,0
22,0,0,1,8,9,2,0,0,0.0,0,TypeScript,2024-2026,1.0,0.8,0.0,0.0,0
14,1,0,0,8,8,2,0,0,0.0,0,TypeScript,2024-2026,1.0,0.89,0.0,0.0,0
15,4,0,0,5,5,3,1,0,0.0,0,TypeScript,2024-2026,1.0,0.83,0.25,0.0,0
15,4,0,0,1,1,1,0,0,0.0,0,TypeScript,2024-2026,1.0,0.5,0.0,0.0,0
22,4,0,1,2,2,1,0,1,1.0,1,TypeScript,2024-2026,0.4,0.67,0.0,0.5,16
0,5,1,1,100,76,2,0,5,4.4,0,TypeScript,2024-2026,1.0,1.3,0.0,1.47,22
0,5,1,1,48,7,2,0,2,25.0,1,TypeScript,2024-2026,0.4,6.0,0.0,8.33,17
11,5,1,0,1,1,1,0,0,0.0,0,TypeScript,2024-2026,1.0,0.5,0.0,0.0,0
11,5,1,0,2,2,1,0,0,0.0,0,TypeScript,2024-2026,1.0,0.67,0.0,0.0,0
13,5,1,0,72,2,2,0,3,5.0,1,TypeScript,2024-2026,0.4,24.0,0.0,1.67,5
14,5,1,0,109,2,3,0,13,1.92,1,TypeScript,2024-2026,0.654,36.33,0.0,0.48,18
22,5,1,1,1,1,1,0,0,0.0,0,TypeScript,2024-2026,1.0,0.5,0.0,0.0,19
20,6,1,0,1,1,1,0,0,0.0,0,TypeScript,2024-2026,1.0,0.5,0.0,0.0,19
22,6,1,1,4,1,1,0,0,0.0,0,TypeScript,2024-2026,1.0,2.0,0.0,0.0,6
10,1,0,0,711,342,6,3,15,1.6,0,TypeScript,2024-2026,1.0,2.07,0.43,0.23,0
11,1,0,0,128,120,47,0,0,0.0,0,TypeScript,2024-2026,1.0,1.06,0.0,0.0,0
19,4,0,0,155,39,3,0,12,8.08,1,TypeScript,2024-2026,0.4,3.88,0.0,2.02,19
20,4,0,0,1,1,1,0,0,0.0,0,TypeScript,2024-2026,1.0,0.5,0.0,0.0,20
9,3,0,0,9,0,1,0,0,0.0,0,TypeScript,2024-2026,1.0,9.0,0.0,0.0,0
17,3,0,0,7,7,2,0,0,0.0,0,TypeScript,2024-2026,1.0,0.88,0.0,0.0,0
17,3,0,0,16,0,1,0,2,1.5,0,TypeScript,2024-2026,1.0,16.0,0.0,0.75,0
9,4,0,0,1637,862,2,0,0,0.0,0,TypeScript,2024-2026,1.0,1.9,0.0,0.0,0
10,4,0,0,8,0,1,0,0,0.0,0,TypeScript,2024-2026,1.0,8.0,0.0,0.0,0
10,4,0,0,21,3,2,0,4,5.25,0,TypeScript,2024-2026,1.0,5.25,0.0,1.75,0
10,4,0,0,1743,0,8,0,0,0.0,0,TypeScript,2024-2026,1.0,1743.0,0.0,0.0,0
10,4,0,0,8,9,2,0,0,0.0,0,TypeScript,2024-2026,1.0,0.8,0.0,0.0,0
13,4,0,0,0,4,1,0,1,1.0,0,TypeScript,2024-2026,1.0,0.0,0.0,0.5,0
13,4,0,0,0,2,1,0,0,0.0,0,TypeScript,2024-2026,1.0,0.0,0.0,0.0,0
13,4,0,0,199,171,8,0,19,2.11,0,TypeScript,2024-2026,1.0,1.16,0.0,0.23,0
16,4,0,0,27,17,6,0,0,0.0,0,TypeScript,2024-2026,1.0,1.5,0.0,0.0,0
17,4,0,0,26,24,7,0,4,2.25,0,TypeScript,2024-2026,1.0,1.04,0.0,0.28,0
18,4,0,0,89,373,3,0,0,0.0,0,TypeScript,2024-2026,1.0,0.24,0.0,0.0,0
15,4,0,0,1,0,1,0,0,0.0,0,TypeScript,2024-2026,1.0,1.0,0.0,0.0,0
15,4,0,0,591,1259,2,0,0,0.0,0,TypeScript,2024-2026,1.0,0.47,0.0,0.0,0
23,4,0,1,7,7,2,0,0,0.0,0,TypeScript,2024-2026,1.0,0.88,0.0,0.0,0
23,4,0,1,6,6,2,0,0,0.0,0,TypeScript,2024-2026,1.0,0.86,0.0,0.0,0
1,5,1,1,16,16,2,0,0,0.0,0,TypeScript,2024-2026,1.0,0.94,0.0,0.0,0
2,5,1,1,6,8,2,0,0,0.0,0,TypeScript,2024-2026,1.0,0.67,0.0,0.0,0
2,5,1,1,1,1,1,0,0,0.0,0,TypeScript,2024-2026,1.0,0.5,0.0,0.0,0
2,5,1,1,3,3,3,0,0,0.0,0,TypeScript,2024-2026,1.0,0.75,0.0,0.0,0
5,5,1,1,3,3,1,0,0,0.0,0,TypeScript,2024-2026,1.0,0.75,0.0,0.0,0
5,5,1,1,18,8,2,0,0,0.0,0,TypeScript,2024-2026,1.0,2.0,0.0,0.0,0
9,5,1,0,92,61,2,0,0,0.0,0,TypeScript,2024-2026,1.0,1.48,0.0,0.0,0
13,5,1,0,1450,1194,2,0,0,0.0,0,TypeScript,2024-2026,1.0,1.21,0.0,0.0,0
10,1,0,0,3,0,1,0,0,0.0,0,TypeScript,2024-2026,1.0,3.0,0.0,0.0,0
18,2,0,0,1,1,1,0,0,0.0,0,TypeScript,2024-2026,1.0,0.5,0.0,0.0,0
19,2,0,0,50,24,3,0,0,0.0,0,TypeScript,2024-2026,1.0,2.0,0.0,0.0,0
9,3,0,0,9,5,5,0,2,2.5,0,TypeScript,2024-2026,1.0,1.5,0.0,0.42,0
9,3,0,0,1,1,1,0,0,0.0,0,TypeScript,2024-2026,1.0,0.5,0.0,0.0,0
10,3,0,0,6,3,2,0,0,0.0,0,TypeScript,2024-2026,1.0,1.5,0.0,0.0,0
16,4,0,0,1,0,1,0,0,0.0,0,TypeScript,2024-2026,1.0,1.0,0.0,0.0,0
17,6,1,0,89,89,47,0,0,0.0,0,TypeScript,2024-2026,1.0,0.99,0.0,0.0,0
10,1,0,0,41,0,3,1,2,3.5,0,TypeScript,2024-2026,1.0,41.0,0.25,0.88,0
10,1,0,0,182,49,9,0,0,0.0,0,TypeScript,2024-2026,1.0,3.64,0.0,0.0,0
12,1,0,0,15,3,2,0,0,0.0,0,TypeScript,2024-2026,1.0,3.75,0.0,0.0,0
12,1,0,0,1,1,1,0,0,0.0,0,TypeScript,2024-2026,1.0,0.5,0.0,0.0,0
15,1,0,0,42,42,9,0,0,0.0,0,TypeScript,2024-2026,1.0,0.98,0.0,0.0,0
18,1,0,0,85,89,26,8,16,5.0,0,TypeScript,2024-2026,1.0,0.94,0.3,0.19,0
19,1,0,0,73,7,3,3,0,0.0,0,TypeScript,2024-2026,1.0,9.12,0.75,0.0,0
10,2,0,0,13,13,2,0,0,0.0,0,TypeScript,2024-2026,1.0,0.93,0.0,0.0,0
16,2,0,0,2,2,1,1,1,2.0,0,TypeScript,2024-2026,1.0,0.67,0.5,1.0,0
16,2,0,0,2,0,1,0,0,0.0,0,TypeScript,2024-2026,1.0,2.0,0.0,0.0,0
22,2,0,1,10,10,3,0,0,0.0,0,TypeScript,2024-2026,1.0,0.91,0.0,0.0,0
10,3,0,0,127,10,16,8,7,2.29,0,TypeScript,2024-2026,1.0,11.55,0.47,0.13,0
11,3,0,0,1125,0,12,1,4,1.0,0,TypeScript,2024-2026,1.0,1125.0,0.08,0.08,0
11,3,0,0,33,17,4,2,6,1.0,0,TypeScript,2024-2026,1.0,1.83,0.4,0.2,0
13,3,0,0,623,278,71,25,75,5.52,0,TypeScript,2024-2026,1.0,2.23,0.35,0.08,0
15,3,0,0,34,15,2,0,2,15.5,0,TypeScript,2024-2026,1.0,2.12,0.0,5.17,0
22,3,0,1,4020,71,9,0,9,2.67,0,TypeScript,2024-2026,1.0,55.83,0.0,0.27,0
10,4,0,0,22,10,4,0,7,7.86,0,TypeScript,2024-2026,1.0,2.0,0.0,1.57,0
11,4,0,0,10,10,2,0,0,0.0,0,TypeScript,2024-2026,1.0,0.91,0.0,0.0,0
12,4,0,0,2,2,1,0,1,49.0,0,TypeScript,2024-2026,1.0,0.67,0.0,24.5,0
19,0,0,0,3,3,1,0,0,0.0,0,TypeScript,2024-2026,1.0,0.75,0.0,0.0,0
21,0,0,0,571,254,1,0,0,0.0,0,TypeScript,2024-2026,1.0,2.24,0.0,0.0,0
9,1,0,0,4,4,1,0,1,3.0,0,TypeScript,2024-2026,1.0,0.8,0.0,1.5,0
9,1,0,0,100,79,6,4,6,3.67,0,TypeScript,2024-2026,1.0,1.25,0.57,0.52,0
15,1,0,0,241,1,3,1,3,7.67,0,TypeScript,2024-2026,1.0,120.5,0.25,1.92,0
16,1,0,0,2337,26,51,2,36,4.33,0,TypeScript,2024-2026,1.0,86.56,0.04,0.08,0
9,2,0,0,28,1,2,1,2,1.5,0,TypeScript,2024-2026,1.0,14.0,0.33,0.5,0
10,2,0,0,2039,7,19,2,5,1.4,0,TypeScript,2024-2026,1.0,254.88,0.1,0.07,0
12,2,0,0,42,42,9,0,0,0.0,0,TypeScript,2024-2026,1.0,0.98,0.0,0.0,0
12,2,0,0,4,0,1,0,0,0.0,0,TypeScript,2024-2026,1.0,4.0,0.0,0.0,0
12,2,0,0,0,11,1,0,0,0.0,0,TypeScript,2024-2026,1.0,0.0,0.0,0.0,0
12,2,0,0,1,1,1,0,0,0.0,0,TypeScript,2024-2026,1.0,0.5,0.0,0.0,0
12,2,0,0,2407,133,50,8,31,1.68,0,TypeScript,2024-2026,1.0,17.96,0.16,0.03,0
22,2,0,1,327,310,1,0,0,0.0,0,TypeScript,2024-2026,1.0,1.05,0.0,0.0,0
15,3,0,0,94,10,2,1,2,1.0,0,TypeScript,2024-2026,1.0,8.55,0.33,0.33,0
15,3,0,0,42,42,9,0,0,0.0,0,TypeScript,2024-2026,1.0,0.98,0.0,0.0,0
11,4,0,0,1,1,1,0,0,0.0,0,TypeScript,2024-2026,1.0,0.5,0.0,0.0,0
13,4,0,0,11,26,2,0,0,0.0,0,TypeScript,2024-2026,1.0,0.41,0.0,0.0,0
13,4,0,0,8642,48,46,18,50,1.64,0,TypeScript,2024-2026,1.0,176.37,0.38,0.03,0
14,4,0,0,82,1,4,1,3,1.0,0,TypeScript,2024-2026,1.0,41.0,0.2,0.2,0
15,4,0,0,150,1,10,2,7,26.86,0,TypeScript,2024-2026,1.0,75.0,0.18,2.44,0
12,0,0,0,42,42,9,0,0,0.0,0,TypeScript,2024-2026,1.0,0.98,0.0,0.0,0
13,1,0,0,226,15,6,3,5,9.2,0,TypeScript,2024-2026,1.0,14.12,0.43,1.31,0
15,1,0,0,1,0,1,0,0,0.0,0,TypeScript,2024-2026,1.0,1.0,0.0,0.0,0
14,2,0,0,14,0,2,0,1,40.0,0,TypeScript,2024-2026,1.0,14.0,0.0,13.33,0
17,2,0,0,203,1896,11,0,33,3.15,0,TypeScript,2024-2026,1.0,0.11,0.0,0.26,0
11,3,0,0,1,1,1,0,0,0.0,0,TypeScript,2024-2026,1.0,0.5,0.0,0.0,0
13,3,0,0,117,595,11,1,47,3.02,0,TypeScript,2024-2026,1.0,0.2,0.08,0.25,0
15,3,0,0,150,0,1,0,0,0.0,0,TypeScript,2024-2026,1.0,150.0,0.0,0.0,0
16,3,0,0,317,181,12,6,20,3.3,0,TypeScript,2024-2026,1.0,1.74,0.46,0.25,0
4,4,0,1,70,61,1,0,0,0.0,0,TypeScript,2024-2026,1.0,1.13,0.0,0.0,0
9,4,0,0,29,4,1,0,0,0.0,0,TypeScript,2024-2026,1.0,5.8,0.0,0.0,0
9,4,0,0,288,3,1,0,0,0.0,0,TypeScript,2024-2026,1.0,72.0,0.0,0.0,0
12,4,0,0,38,22,2,1,1,1.0,0,TypeScript,2024-2026,1.0,1.65,0.33,0.33,0
15,4,0,0,51,1,1,0,1,4.0,0,TypeScript,2024-2026,1.0,25.5,0.0,2.0,0
18,4,0,0,349,701,11,0,8,5.38,0,TypeScript,2024-2026,1.0,0.5,0.0,0.45,0
19,4,0,0,93,94,1,0,0,0.0,0,TypeScript,2024-2026,1.0,0.98,0.0,0.0,0
10,5,1,0,89,89,48,0,0,0.0,0,TypeScript,2024-2026,1.0,0.99,0.0,0.0,0
15,5,1,0,18,3,1,0,3,4.33,0,TypeScript,2024-2026,1.0,4.5,0.0,2.16,0
22,6,1,1,81,95,5,0,2,1.0,0,TypeScript,2024-2026,1.0,0.84,0.0,0.17,0
12,0,0,0,62,0,3,1,2,26.0,0,TypeScript,2024-2026,1.0,62.0,0.25,6.5,0
13,0,0,0,42,42,9,0,0,0.0,0,TypeScript,2024-2026,1.0,0.98,0.0,0.0,0
14,0,0,0,85,153,15,1,26,6.85,0,TypeScript,2024-2026,1.0,0.55,0.06,0.43,0
15,0,0,0,17,150,3,0,0,0.0,0,TypeScript,2024-2026,1.0,0.11,0.0,0.0,0
10,1,0,0,6,6,2,0,0,0.0,0,TypeScript,2024-2026,1.0,0.86,0.0,0.0,0
10,1,0,0,6,6,2,0,0,0.0,0,TypeScript,2024-2026,1.0,0.86,0.0,0.0,0
11,1,0,0,1293,32,27,12,22,1.64,0,TypeScript,2024-2026,1.0,39.18,0.43,0.06,0
15,1,0,0,2449,333,25,17,20,1.15,0,TypeScript,2024-2026,1.0,7.33,0.65,0.04,0
15,1,0,0,922,72,11,3,7,1.0,0,TypeScript,2024-2026,1.0,12.63,0.25,0.08,0
17,1,0,0,3,3,2,0,0,0.0,0,TypeScript,2024-2026,1.0,0.75,0.0,0.0,0
17,1,0,0,1,0,1,0,1,1.0,0,TypeScript,2024-2026,1.0,1.0,0.0,0.5,0
18,1,0,0,73,37,8,1,11,3.55,0,TypeScript,2024-2026,1.0,1.92,0.11,0.39,0
19,1,0,0,0,2,1,0,1,6.0,0,TypeScript,2024-2026,1.0,0.0,0.0,3.0,0
20,1,0,0,9,7,3,0,0,0.0,0,TypeScript,2024-2026,1.0,1.12,0.0,0.0,0
22,1,0,1,12,12,5,0,0,0.0,0,TypeScript,2024-2026,1.0,0.92,0.0,0.0,0
11,2,0,0,0,1,1,0,1,1.0,0,TypeScript,2024-2026,1.0,0.0,0.0,0.5,0
16,2,0,0,1,1,1,0,1,1.0,0,TypeScript,2024-2026,1.0,0.5,0.0,0.5,0
0,3,0,1,37,37,17,0,0,0.0,0,TypeScript,2024-2026,1.0,0.97,0.0,0.0,0
9,3,0,0,64,0,1,0,0,0.0,0,TypeScript,2024-2026,1.0,64.0,0.0,0.0,0
10,4,0,0,185,43,4,1,6,4.33,0,TypeScript,2024-2026,1.0,4.2,0.2,0.87,0
10,4,0,0,47,6,2,1,2,1.5,0,TypeScript,2024-2026,1.0,6.71,0.33,0.5,0
11,4,0,0,1,1,1,1,1,1.0,0,TypeScript,2024-2026,1.0,0.5,0.5,0.5,0
12,4,0,0,6,6,2,0,0,0.0,0,TypeScript,2024-2026,1.0,0.86,0.0,0.0,0
12,4,0,0,6,6,2,0,0,0.0,0,TypeScript,2024-2026,1.0,0.86,0.0,0.0,0
12,4,0,0,15,15,6,0,0,0.0,0,TypeScript,2024-2026,1.0,0.94,0.0,0.0,0
13,4,0,0,9,9,2,0,0,0.0,0,TypeScript,2024-2026,1.0,0.9,0.0,0.0,0
13,4,0,0,101,2,4,1,6,1.83,0,TypeScript,2024-2026,1.0,33.67,0.2,0.37,0
13,4,0,0,1,1,1,0,0,0.0,0,TypeScript,2024-2026,1.0,0.5,0.0,0.0,0
14,4,0,0,1,1,1,0,0,0.0,0,TypeScript,2024-2026,1.0,0.5,0.0,0.0,0
14,4,0,0,28,8,2,0,0,0.0,0,TypeScript,2024-2026,1.0,3.11,0.0,0.0,0
14,4,0,0,49,4,3,1,5,2.2,0,TypeScript,2024-2026,1.0,9.8,0.25,0.55,0
14,4,0,0,36,255,5,3,3,1.0,0,TypeScript,2024-2026,1.0,0.14,0.5,0.17,0
14,4,0,0,12,20,3,0,0,0.0,0,TypeScript,2024-2026,1.0,0.57,0.0,0.0,0
22,5,1,1,89,89,48,0,0,0.0,0,TypeScript,2024-2026,1.0,0.99,0.0,0.0,0
23,5,1,1,51,0,1,0,0,0.0,0,TypeScript,2024-2026,1.0,51.0,0.0,0.0,0
0,6,1,1,128,38,2,0,0,0.0,0,TypeScript,2024-2026,1.0,3.28,0.0,0.0,0
0,6,1,1,4,2,2,0,0,0.0,0,TypeScript,2024-2026,1.0,1.33,0.0,0.0,0
10,0,0,0,6,6,2,0,0,0.0,0,TypeScript,2024-2026,1.0,0.86,0.0,0.0,0
15,1,0,0,407,724,59,12,21,1.57,0,TypeScript,2024-2026,1.0,0.56,0.2,0.03,0
9,0,0,0,7,6,2,0,0,0.0,0,TypeScript,2024-2026,1.0,1.0,0.0,0.0,0
18,1,0,0,6,6,2,0,0,0.0,0,TypeScript,2024-2026,1.0,0.86,0.0,0.0,0
9,2,0,0,5471,17,26,0,64,1.97,0,TypeScript,2024-2026,1.0,303.94,0.0,0.07,0
12,2,0,0,747,162,46,7,43,2.74,0,TypeScript,2024-2026,1.0,4.58,0.15,0.06,0
5,3,0,1,6,6,2,0,0,0.0,0,TypeScript,2024-2026,1.0,0.86,0.0,0.0,0
11,3,0,0,5,4,1,0,3,1.67,0,TypeScript,2024-2026,1.0,1.0,0.0,0.84,0
12,3,0,0,42,42,9,0,0,0.0,0,TypeScript,2024-2026,1.0,0.98,0.0,0.0,0
13,4,0,0,5,5,3,1,0,0.0,0,TypeScript,2024-2026,1.0,0.83,0.25,0.0,0
13,4,0,0,1,1,1,0,0,0.0,0,TypeScript,2024-2026,1.0,0.5,0.0,0.0,0
13,4,0,0,2,2,1,0,0,0.0,0,TypeScript,2024-2026,1.0,0.67,0.0,0.0,0
15,4,0,0,3148,175,8,0,4,1.0,0,TypeScript,2024-2026,1.0,17.89,0.0,0.11,0
14,5,1,0,18,18,3,0,4,2.25,1,TypeScript,2024-2026,0.4,0.95,0.0,0.56,22
16,5,1,0,5,0,1,0,0,0.0,0,TypeScript,2024-2026,1.0,5.0,0.0,0.0,0
15,0,0,0,6,6,2,0,0,0.0,0,TypeScript,2024-2026,1.0,0.86,0.0,0.0,0
13,1,0,0,218,14,5,1,2,1.0,0,TypeScript,2024-2026,1.0,14.53,0.17,0.17,0
14,1,0,0,93,101,12,3,17,1.59,0,TypeScript,2024-2026,1.0,0.91,0.23,0.12,0
15,1,0,0,53,19,4,0,7,3.86,0,TypeScript,2024-2026,1.0,2.65,0.0,0.77,0
16,1,0,0,6,33,1,0,0,0.0,0,TypeScript,2024-2026,1.0,0.18,0.0,0.0,0
15,3,0,0,290,48,6,2,11,3.82,0,TypeScript,2024-2026,1.0,5.92,0.29,0.55,0
19,3,0,0,56,41,2,0,0,0.0,0,TypeScript,2024-2026,1.0,1.33,0.0,0.0,0
15,4,0,0,900,608,451,87,34,2.56,0,TypeScript,2024-2026,1.0,1.48,0.19,0.01,0
19,4,0,0,2,3,2,0,0,0.0,0,TypeScript,2024-2026,1.0,0.5,0.0,0.0,0
10,0,0,0,7,7,2,0,0,0.0,0,TypeScript,2024-2026,1.0,0.88,0.0,0.0,0
13,0,0,0,804,38,8,0,10,3.6,0,TypeScript,2024-2026,1.0,20.62,0.0,0.4,0
13,0,0,0,6,6,2,0,0,0.0,0,TypeScript,2024-2026,1.0,0.86,0.0,0.0,0
14,0,0,0,12,61,3,1,4,1.5,0,TypeScript,2024-2026,1.0,0.19,0.25,0.38,0
16,0,0,0,512,14,2,1,18,1.72,0,TypeScript,2024-2026,1.0,34.13,0.33,0.57,0
16,0,0,0,34,2,2,1,2,3.0,1,TypeScript,2024-2026,0.062,11.33,0.33,1.0,0
9,1,0,0,122,117,5,0,11,5.82,0,TypeScript,2024-2026,1.0,1.03,0.0,0.97,1
10,1,0,0,21,15,7,0,5,5.2,0,TypeScript,2024-2026,1.0,1.31,0.0,0.65,0
10,1,0,0,770,62,6,3,11,1.0,0,TypeScript,2024-2026,1.0,12.22,0.43,0.14,0
13,1,0,0,4,4,4,0,9,1.56,0,TypeScript,2024-2026,1.0,0.8,0.0,0.31,0
21,2,0,0,38,24,1,0,0,0.0,0,TypeScript,2024-2026,1.0,1.52,0.0,0.0,0
11,3,0,0,16,12,5,0,1,3.0,0,TypeScript,2024-2026,1.0,1.23,0.0,0.5,0
19,3,0,0,62,62,1,0,0,0.0,0,TypeScript,2024-2026,1.0,0.98,0.0,0.0,0
12,0,0,0,14,147,3,1,0,0.0,0,TypeScript,2024-2026,1.0,0.09,0.25,0.0,0
13,0,0,0,57,63,2,0,0,0.0,0,TypeScript,2024-2026,1.0,0.89,0.0,0.0,0
19,0,0,0,7,7,2,0,0,0.0,0,TypeScript,2024-2026,1.0,0.88,0.0,0.0,0
20,0,0,0,6,6,2,0,0,0.0,0,TypeScript,2024-2026,1.0,0.86,0.0,0.0,0
8,1,0,0,5,1,1,0,0,0.0,0,TypeScript,2024-2026,1.0,2.5,0.0,0.0,0
11,1,0,0,66,12,2,0,0,0.0,0,TypeScript,2024-2026,1.0,5.08,0.0,0.0,0
16,1,0,0,6,0,1,0,0,0.0,0,TypeScript,2024-2026,1.0,6.0,0.0,0.0,0
17,1,0,0,77,68,3,1,0,0.0,0,TypeScript,2024-2026,1.0,1.12,0.25,0.0,0
8,2,0,0,182,49,9,0,0,0.0,0,TypeScript,2024-2026,1.0,3.64,0.0,0.0,0
16,2,0,0,48,38,3,0,0,0.0,0,TypeScript,2024-2026,1.0,1.23,0.0,0.0,0
16,2,0,0,16,33,3,0,0,0.0,0,TypeScript,2024-2026,1.0,0.47,0.0,0.0,0
17,3,0,0,1,1,1,0,0,0.0,0,TypeScript,2024-2026,1.0,0.5,0.0,0.0,0
21,1,0,0,1687,562,28,1,42,2.02,0,TypeScript,2024-2026,1.0,3.0,0.03,0.07,0
21,1,0,0,90,90,49,0,0,0.0,0,TypeScript,2024-2026,1.0,0.99,0.0,0.0,0
22,1,0,1,717,713,1,0,0,0.0,0,TypeScript,2024-2026,1.0,1.0,0.0,0.0,0
22,1,0,1,7,7,2,0,0,0.0,0,TypeScript,2024-2026,1.0,0.88,0.0,0.0,0
23,1,0,1,6,6,2,0,0,0.0,0,TypeScript,2024-2026,1.0,0.86,0.0,0.0,0
23,1,0,1,111,47,2,0,0,0.0,0,TypeScript,2024-2026,1.0,2.31,0.0,0.0,0
11,2,0,0,0,2,2,0,0,0.0,0,TypeScript,2024-2026,1.0,0.0,0.0,0.0,0
16,2,0,0,42,42,9,0,0,0.0,0,TypeScript,2024-2026,1.0,0.98,0.0,0.0,0
18,2,0,0,11,11,2,0,0,0.0,0,TypeScript,2024-2026,1.0,0.92,0.0,0.0,0
18,2,0,0,12,13,4,0,0,0.0,0,TypeScript,2024-2026,1.0,0.86,0.0,0.0,0
19,2,0,0,2970,45,16,4,3,1.0,0,TypeScript,2024-2026,1.0,64.57,0.24,0.06,0
20,2,0,0,1,2,1,0,0,0.0,0,TypeScript,2024-2026,1.0,0.33,0.0,0.0,0
5,3,0,1,21,21,2,0,0,0.0,0,TypeScript,2024-2026,1.0,0.95,0.0,0.0,0
9,3,0,0,42,42,9,0,0,0.0,0,TypeScript,2024-2026,1.0,0.98,0.0,0.0,0
12,3,0,0,48,20,5,0,3,1.67,0,TypeScript,2024-2026,1.0,2.29,0.0,0.28,0
20,3,0,0,9,8,1,0,0,0.0,0,TypeScript,2024-2026,1.0,1.0,0.0,0.0,0
17,5,1,0,43,4,3,1,5,2.6,0,TypeScript,2024-2026,1.0,8.6,0.25,0.65,0
23,5,1,1,14,2,3,0,6,3.17,0,TypeScript,2024-2026,1.0,4.67,0.0,0.79,0
2,6,1,1,1,0,1,0,0,0.0,0,TypeScript,2024-2026,1.0,1.0,0.0,0.0,0
10,0,0,0,42,42,9,0,0,0.0,0,TypeScript,2024-2026,1.0,0.98,0.0,0.0,0
2,1,0,1,140,110,1,0,0,0.0,0,TypeScript,2024-2026,1.0,1.26,0.0,0.0,0
12,1,0,0,42,42,9,0,0,0.0,0,TypeScript,2024-2026,1.0,0.98,0.0,0.0,0
22,1,0,1,9,8,3,1,0,0.0,0,TypeScript,2024-2026,1.0,1.0,0.25,0.0,0
23,1,0,1,42,62,4,0,0,0.0,0,TypeScript,2024-2026,1.0,0.67,0.0,0.0,0
0,2,0,1,5,0,1,0,0,0.0,0,TypeScript,2024-2026,1.0,5.0,0.0,0.0,0
0,2,0,1,1,1,1,0,0,0.0,0,TypeScript,2024-2026,1.0,0.5,0.0,0.0,0
0,2,0,1,13,9,2,0,0,0.0,0,TypeScript,2024-2026,1.0,1.3,0.0,0.0,0
0,2,0,1,4,9,1,0,0,0.0,0,TypeScript,2024-2026,1.0,0.4,0.0,0.0,0
14,2,0,0,7,7,2,0,0,0.0,0,TypeScript,2024-2026,1.0,0.88,0.0,0.0,0
14,2,0,0,90,90,49,0,0,0.0,0,TypeScript,2024-2026,1.0,0.99,0.0,0.0,0
15,2,0,0,106,43,6,0,2,1.5,0,TypeScript,2024-2026,1.0,2.41,0.0,0.21,0
15,2,0,0,181,2,20,7,25,3.48,0,TypeScript,2024-2026,1.0,60.33,0.33,0.17,0
15,2,0,0,6,6,2,0,0,0.0,0,TypeScript,2024-2026,1.0,0.86,0.0,0.0,0
12,3,0,0,1,1,1,0,1,1.0,0,TypeScript,2024-2026,1.0,0.5,0.0,0.5,0
15,3,0,0,42,42,9,0,0,0.0,0,TypeScript,2024-2026,1.0,0.98,0.0,0.0,0
15,3,0,0,27,27,1,1,1,10.0,0,TypeScript,2024-2026,1.0,0.96,0.5,5.0,1
18,3,0,0,6,6,2,0,0,0.0,0,TypeScript,2024-2026,1.0,0.86,0.0,0.0,0
19,3,0,0,39,47,4,0,0,0.0,0,TypeScript,2024-2026,1.0,0.81,0.0,0.0,1
19,3,0,0,3,6,1,0,0,0.0,0,TypeScript,2024-2026,1.0,0.43,0.0,0.0,1
20,3,0,0,42,42,9,0,0,0.0,0,TypeScript,2024-2026,1.0,0.98,0.0,0.0,0
2,4,0,1,6,6,2,0,0,0.0,0,TypeScript,2024-2026,1.0,0.86,0.0,0.0,0
10,4,0,0,3,3,1,0,1,56.0,0,TypeScript,2024-2026,1.0,0.75,0.0,28.0,0
10,4,0,0,42,42,9,0,0,0.0,0,TypeScript,2024-2026,1.0,0.98,0.0,0.0,0
10,4,0,0,149,142,3,1,2,1.0,0,TypeScript,2024-2026,1.0,1.04,0.25,0.25,0
12,4,0,0,43,3,2,1,2,4.5,0,TypeScript,2024-2026,1.0,10.75,0.33,1.5,0
13,4,0,0,14,0,1,0,0,0.0,0,TypeScript,2024-2026,1.0,14.0,0.0,0.0,0
13,4,0,0,189,9,2,1,9,1.67,0,TypeScript,2024-2026,1.0,18.9,0.33,0.56,1
13,4,0,0,60,59,14,2,0,0.0,0,TypeScript,2024-2026,1.0,1.0,0.13,0.0,0
14,4,0,0,182,49,9,0,0,0.0,0,TypeScript,2024-2026,1.0,3.64,0.0,0.0,0
0,0,0,1,24,0,1,0,0,0.0,0,TypeScript,2024-2026,1.0,24.0,0.0,0.0,6
11,0,0,0,42,42,9,0,0,0.0,0,TypeScript,2024-2026,1.0,0.98,0.0,0.0,0
13,0,0,0,90,90,49,0,0,0.0,0,TypeScript,2024-2026,1.0,0.99,0.0,0.0,0
13,0,0,0,7,7,1,0,0,0.0,0,TypeScript,2024-2026,1.0,0.88,0.0,0.0,0
14,0,0,0,57,3,2,1,5,1.2,0,TypeScript,2024-2026,1.0,14.25,0.33,0.4,0
18,0,0,0,42,42,9,0,0,0.0,0,TypeScript,2024-2026,1.0,0.98,0.0,0.0,0
22,0,0,1,90,90,49,0,0,0.0,0,TypeScript,2024-2026,1.0,0.99,0.0,0.0,0
9,2,0,0,0,3,1,0,0,0.0,0,TypeScript,2024-2026,1.0,0.0,0.0,0.0,0
13,2,0,0,42,42,9,0,0,0.0,0,TypeScript,2024-2026,1.0,0.98,0.0,0.0,0
14,2,0,0,42,42,9,0,0,0.0,0,TypeScript,2024-2026,1.0,0.98,0.0,0.0,0
15,2,0,0,42,42,9,0,0,0.0,0,TypeScript,2024-2026,1.0,0.98,0.0,0.0,0
15,2,0,0,279,95,3,1,4,15.5,0,TypeScript,2024-2026,1.0,2.91,0.25,3.88,0
15,2,0,0,6772,76,65,21,138,3.3,0,TypeScript,2024-2026,1.0,87.95,0.32,0.05,0
16,2,0,0,55,35,7,0,2,1.0,0,TypeScript,2024-2026,1.0,1.53,0.0,0.12,0
16,2,0,0,6,6,2,0,0,0.0,0,TypeScript,2024-2026,1.0,0.86,0.0,0.0,0
17,2,0,0,6,6,2,0,0,0.0,0,TypeScript,2024-2026,1.0,0.86,0.0,0.0,0
17,2,0,0,42,68,2,0,0,0.0,0,TypeScript,2024-2026,1.0,0.61,0.0,0.0,0
0,4,0,1,10,10,2,0,0,0.0,0,TypeScript,2024-2026,1.0,0.91,0.0,0.0,0
13,4,0,0,111,2,5,1,3,5.67,0,TypeScript,2024-2026,1.0,37.0,0.17,0.94,1
16,4,0,0,42,42,9,0,0,0.0,0,TypeScript,2024-2026,1.0,0.98,0.0,0.0,0
16,4,0,0,0,6,1,0,1,9.0,0,TypeScript,2024-2026,1.0,0.0,0.0,4.5,0
16,4,0,0,159,2511,62,3,86,2.28,0,TypeScript,2024-2026,1.0,0.06,0.05,0.04,0
7,5,1,0,5,5,4,0,2,1.0,0,TypeScript,2024-2026,1.0,0.83,0.0,0.2,0
8,5,1,0,6,6,2,0,0,0.0,0,TypeScript,2024-2026,1.0,0.86,0.0,0.0,0
12,0,0,0,1,1,1,0,0,0.0,0,TypeScript,2024-2026,1.0,0.5,0.0,0.0,0
13,0,0,0,1,1,1,0,0,0.0,0,TypeScript,2024-2026,1.0,0.5,0.0,0.0,0
14,0,0,0,42,42,9,0,0,0.0,0,TypeScript,2024-2026,1.0,0.98,0.0,0.0,0
15,0,0,0,6,6,2,0,0,0.0,0,TypeScript,2024-2026,1.0,0.86,0.0,0.0,0
15,0,0,0,116,1,3,2,2,10.0,0,TypeScript,2024-2026,1.0,58.0,0.5,2.5,0
11,1,0,0,6,6,2,0,0,0.0,0,TypeScript,2024-2026,1.0,0.86,0.0,0.0,0
12,1,0,0,6,6,2,0,0,0.0,0,TypeScript,2024-2026,1.0,0.86,0.0,0.0,0
10,2,0,0,217,5,3,1,6,1.17,0,TypeScript,2024-2026,1.0,36.17,0.25,0.29,0
12,2,0,0,135,26,10,2,12,7.08,0,TypeScript,2024-2026,1.0,5.0,0.18,0.64,1
12,2,0,0,0,1367,31,15,49,1.29,0,TypeScript,2024-2026,1.0,0.0,0.47,0.04,1
12,2,0,0,0,824,2,0,5,1.0,0,TypeScript,2024-2026,1.0,0.0,0.0,0.33,1
12,2,0,0,2,2,2,0,1,2.0,0,TypeScript,2024-2026,1.0,0.67,0.0,0.67,1
15,2,0,0,561,2,5,1,10,3.3,0,TypeScript,2024-2026,1.0,187.0,0.17,0.55,0
15,2,0,0,189,11,3,2,9,1.78,0,TypeScript,2024-2026,1.0,15.75,0.5,0.44,0
18,2,0,0,6,6,2,0,0,0.0,0,TypeScript,2024-2026,1.0,0.86,0.0,0.0,0
23,2,0,1,6,6,2,0,0,0.0,0,TypeScript,2024-2026,1.0,0.86,0.0,0.0,0
10,3,0,0,42,42,9,0,0,0.0,0,TypeScript,2024-2026,1.0,0.98,0.0,0.0,0
16,3,0,0,1281,50,29,3,37,1.97,1,TypeScript,2024-2026,1.0,25.12,0.1,0.07,0
15,4,0,0,824,0,10,1,18,3.56,0,TypeScript,2024-2026,1.0,824.0,0.09,0.32,0
21,4,0,0,20,12,1,0,0,0.0,0,TypeScript,2024-2026,1.0,1.54,0.0,0.0,0
13,5,1,0,56,56,2,0,0,0.0,0,TypeScript,2024-2026,1.0,0.98,0.0,0.0,0
11,0,0,0,42,42,9,0,0,0.0,0,TypeScript,2024-2026,1.0,0.98,0.0,0.0,0
14,0,0,0,6,6,2,0,0,0.0,0,TypeScript,2024-2026,1.0,0.86,0.0,0.0,0
16,0,0,0,1,1,1,0,0,0.0,1,TypeScript,2024-2026,0.4,0.5,0.0,0.0,0
10,1,0,0,41,190,11,6,4,1.0,0,TypeScript,2024-2026,1.0,0.21,0.5,0.08,0
16,1,0,0,24,24,2,0,0,0.0,0,TypeScript,2024-2026,1.0,0.96,0.0,0.0,1
17,1,0,0,42,42,9,0,0,0.0,0,TypeScript,2024-2026,1.0,0.98,0.0,0.0,0
19,1,0,0,121,14,7,2,5,4.6,0,TypeScript,2024-2026,1.0,8.07,0.25,0.57,1
20,1,0,0,42,42,9,0,0,0.0,0,TypeScript,2024-2026,1.0,0.98,0.0,0.0,0
10,2,0,0,10,150,2,0,0,0.0,0,TypeScript,2024-2026,1.0,0.07,0.0,0.0,0
10,2,0,0,103,0,3,1,3,1.0,0,TypeScript,2024-2026,1.0,103.0,0.25,0.25,0
13,2,0,0,216,597,19,3,2,1.0,0,TypeScript,2024-2026,1.0,0.36,0.15,0.05,0
13,2,0,0,5,2,2,1,1,10.0,0,TypeScript,2024-2026,1.0,1.67,0.33,3.33,1
14,2,0,0,32,47,10,5,2,1.0,0,TypeScript,2024-2026,1.0,0.67,0.45,0.09,0
19,2,0,0,7,6,2,0,0,0.0,0,TypeScript,2024-2026,1.0,1.0,0.0,0.0,0
11,3,0,0,1,0,1,1,1,1.0,0,TypeScript,2024-2026,1.0,1.0,0.5,0.5,1
13,3,0,0,98,9,6,1,7,15.14,0,TypeScript,2024-2026,1.0,9.8,0.14,2.16,0
8,4,0,0,7,11,3,0,1,2.0,0,TypeScript,2024-2026,1.0,0.58,0.0,0.5,1
13,4,0,0,119,56,14,1,3,8.0,0,TypeScript,2024-2026,1.0,2.09,0.07,0.53,1
13,4,0,0,161,6,7,1,7,6.43,0,TypeScript,2024-2026,1.0,23.0,0.12,0.8,1
14,4,0,0,141,33,10,1,17,9.06,0,TypeScript,2024-2026,1.0,4.15,0.09,0.82,1
14,4,0,0,94,3,4,1,4,4.25,0,TypeScript,2024-2026,1.0,23.5,0.2,0.85,0
16,5,1,0,4,4,2,0,0,0.0,0,TypeScript,2024-2026,1.0,0.8,0.0,0.0,0
16,5,1,0,1,1,1,0,0,0.0,0,TypeScript,2024-2026,1.0,0.5,0.0,0.0,0
21,5,1,0,6,0,1,0,0,0.0,0,TypeScript,2024-2026,1.0,6.0,0.0,0.0,0
10,6,1,0,6,4,1,0,0,0.0,0,TypeScript,2024-2026,1.0,1.2,0.0,0.0,0
10,6,1,0,90,90,49,0,0,0.0,0,TypeScript,2024-2026,1.0,0.99,0.0,0.0,0
19,6,1,0,605,108,3,0,2,3.0,0,TypeScript,2024-2026,1.0,5.55,0.0,0.75,0
20,6,1,0,8,1,1,0,1,5.0,0,TypeScript,2024-2026,1.0,4.0,0.0,2.5,0
12,0,0,0,14,33,7,4,2,1.5,0,TypeScript,2024-2026,1.0,0.41,0.5,0.19,0
16,0,0,0,305,726,20,8,11,2.18,0,TypeScript,2024-2026,1.0,0.42,0.38,0.1,0
17,0,0,0,122,3,4,3,8,1.0,0,TypeScript,2024-2026,1.0,30.5,0.6,0.2,0
9,1,0,0,49,46,6,0,3,20.0,0,TypeScript,2024-2026,1.0,1.04,0.0,2.86,0
13,1,0,0,6,6,2,0,0,0.0,0,TypeScript,2024-2026,1.0,0.86,0.0,0.0,0
16,1,0,0,2,0,2,0,2,2.0,0,TypeScript,2024-2026,1.0,2.0,0.0,0.67,0
16,1,0,0,5,13,1,0,2,1.5,0,TypeScript,2024-2026,1.0,0.36,0.0,0.75,0
18,1,0,0,23,38,2,1,1,3.0,0,TypeScript,2024-2026,1.0,0.59,0.33,1.0,0
21,1,0,0,20,14,2,0,0,0.0,0,TypeScript,2024-2026,1.0,1.33,0.0,0.0,0
8,2,0,0,302,132,35,29,26,1.31,0,TypeScript,2024-2026,1.0,2.27,0.81,0.04,0
9,2,0,0,204,62,6,1,6,4.67,0,TypeScript,2024-2026,1.0,3.24,0.14,0.67,0
22,3,0,1,165,2,2,1,10,2.6,0,TypeScript,2024-2026,1.0,55.0,0.33,0.87,0
8,4,0,0,90,90,49,0,0,0.0,0,TypeScript,2024-2026,1.0,0.99,0.0,0.0,0
21,4,0,0,2,2,1,0,0,0.0,0,TypeScript,2024-2026,1.0,0.67,0.0,0.0,0
9,6,1,0,6521,2292,111,1,2,3.0,0,TypeScript,2024-2026,1.0,2.84,0.01,0.03,0
9,0,0,0,118,15,7,4,9,1.78,1,TypeScript,2024-2026,0.062,7.38,0.5,0.22,1
9,0,0,0,94,2,2,1,2,5.5,0,TypeScript,2024-2026,1.0,31.33,0.33,1.83,0
13,0,0,0,51,43,2,0,0,0.0,0,TypeScript,2024-2026,1.0,1.16,0.0,0.0,0
14,0,0,0,159,19,9,3,11,6.64,0,TypeScript,2024-2026,1.0,7.95,0.3,0.66,0
14,0,0,0,42,42,9,0,0,0.0,0,TypeScript,2024-2026,1.0,0.98,0.0,0.0,0
15,0,0,0,288,16,4,1,4,5.25,0,TypeScript,2024-2026,1.0,16.94,0.2,1.05,0
16,0,0,0,42,42,9,0,0,0.0,0,TypeScript,2024-2026,1.0,0.98,0.0,0.0,0
11,2,0,0,101,1,4,1,3,7.67,0,TypeScript,2024-2026,1.0,50.5,0.2,1.53,2
11,2,0,0,36,49,2,0,0,0.0,0,TypeScript,2024-2026,1.0,0.72,0.0,0.0,2
12,2,0,0,42,42,9,0,0,0.0,0,TypeScript,2024-2026,1.0,0.98,0.0,0.0,0
13,2,0,0,42,42,9,0,0,0.0,0,TypeScript,2024-2026,1.0,0.98,0.0,0.0,0
10,4,0,0,13,1,1,0,0,0.0,0,TypeScript,2024-2026,1.0,6.5,0.0,0.0,0
23,5,1,1,36942,291,185,8,709,4.16,0,TypeScript,2024-2026,1.0,126.51,0.04,0.02,0
23,5,1,1,96,95,51,0,0,0.0,0,TypeScript,2024-2026,1.0,1.0,0.0,0.0,0
0,6,1,1,322,15,11,1,4,2.0,0,TypeScript,2024-2026,1.0,20.12,0.08,0.17,0
0,6,1,1,95,95,51,0,0,0.0,0,TypeScript,2024-2026,1.0,0.99,0.0,0.0,0
0,6,1,1,146,95,1,0,0,0.0,0,TypeScript,2024-2026,1.0,1.52,0.0,0.0,1
7,6,1,0,287,222,2,0,0,0.0,0,TypeScript,2024-2026,1.0,1.29,0.0,0.0,0
8,6,1,0,10,7,4,0,0,0.0,0,TypeScript,2024-2026,1.0,1.25,0.0,0.0,0
9,6,1,0,1,1,1,0,0,0.0,0,TypeScript,2024-2026,1.0,0.5,0.0,0.0,0
9,6,1,0,1,0,1,0,0,0.0,0,TypeScript,2024-2026,1.0,1.0,0.0,0.0,0
10,6,1,0,196,21,7,2,11,2.27,0,TypeScript,2024-2026,1.0,8.91,0.25,0.28,0
10,6,1,0,95,95,51,0,0,0.0,0,TypeScript,2024-2026,1.0,0.99,0.0,0.0,0
10,6,1,0,27,10,3,0,0,0.0,0,TypeScript,2024-2026,1.0,2.45,0.0,0.0,0
10,6,1,0,95,95,51,0,0,0.0,0,TypeScript,2024-2026,1.0,0.99,0.0,0.0,0
10,6,1,0,4,0,1,0,0,0.0,0,TypeScript,2024-2026,1.0,4.0,0.0,0.0,0
11,6,1,0,38,0,1,0,0,0.0,0,TypeScript,2024-2026,1.0,38.0,0.0,0.0,0
11,6,1,0,95,95,51,0,0,0.0,0,TypeScript,2024-2026,1.0,0.99,0.0,0.0,0
11,6,1,0,12,12,1,0,0,0.0,0,TypeScript,2024-2026,1.0,0.92,0.0,0.0,1
11,6,1,0,1,1,1,0,0,0.0,0,TypeScript,2024-2026,1.0,0.5,0.0,0.0,0
13,6,1,0,95,95,51,0,0,0.0,0,TypeScript,2024-2026,1.0,0.99,0.0,0.0,0
16,6,1,0,51,105,3,0,0,0.0,0,TypeScript,2024-2026,1.0,0.48,0.0,0.0,0
22,6,1,1,1,0,1,0,0,0.0,0,TypeScript,2024-2026,1.0,1.0,0.0,0.0,0
23,6,1,1,6,6,2,0,0,0.0,0,TypeScript,2024-2026,1.0,0.86,0.0,0.0,0
1,0,0,1,6,6,2,0,0,0.0,0,TypeScript,2024-2026,1.0,0.86,0.0,0.0,0
14,0,0,0,3,3,1,0,2,2.5,0,TypeScript,2024-2026,1.0,0.75,0.0,1.25,0
20,0,0,0,4,1,1,0,1,2.0,0,TypeScript,2024-2026,1.0,2.0,0.0,1.0,0
21,0,0,0,14,6,3,0,0,0.0,0,TypeScript,2024-2026,1.0,2.0,0.0,0.0,0
9,1,0,0,12,12,4,0,0,0.0,0,TypeScript,2024-2026,1.0,0.92,0.0,0.0,0
11,1,0,0,48,0,1,0,4,2.0,0,TypeScript,2024-2026,1.0,48.0,0.0,1.0,0
11,1,0,0,44,36,1,0,7,2.86,0,TypeScript,2024-2026,1.0,1.19,0.0,1.43,0
11,1,0,0,25,5,2,1,1,2.0,0,TypeScript,2024-2026,1.0,4.17,0.33,0.67,0
12,1,0,0,15,1,2,1,2,2.0,0,TypeScript,2024-2026,1.0,7.5,0.33,0.67,0
13,1,0,0,2,2,2,0,0,0.0,0,TypeScript,2024-2026,1.0,0.67,0.0,0.0,0
14,1,0,0,1,1,1,0,1,5.0,0,TypeScript,2024-2026,1.0,0.5,0.0,2.5,0
16,1,0,0,22,10,9,1,7,2.71,0,TypeScript,2024-2026,1.0,2.0,0.1,0.27,0
16,1,0,0,18,5,2,1,3,29.0,0,TypeScript,2024-2026,1.0,3.0,0.33,9.67,0
23,1,0,1,199,168,4,1,6,2.5,0,TypeScript,2024-2026,1.0,1.18,0.2,0.5,0
16,2,0,0,6,37,2,0,0,0.0,0,TypeScript,2024-2026,1.0,0.16,0.0,0.0,1
2,3,0,1,12,12,4,0,0,0.0,0,TypeScript,2024-2026,1.0,0.92,0.0,0.0,0
1,4,0,1,9,9,3,0,0,0.0,0,TypeScript,2024-2026,1.0,0.9,0.0,0.0,0
1,4,0,1,39,29,3,0,0,0.0,0,TypeScript,2024-2026,1.0,1.3,0.0,0.0,0
13,4,0,0,16,16,1,0,0,0.0,0,TypeScript,2024-2026,1.0,0.94,0.0,0.0,1
13,4,0,0,6,6,1,0,0,0.0,0,TypeScript,2024-2026,1.0,0.86,0.0,0.0,1
20,4,0,0,95,4,2,1,10,1.4,0,TypeScript,2024-2026,1.0,19.0,0.33,0.47,0
21,4,0,0,95,95,51,0,0,0.0,0,TypeScript,2024-2026,1.0,0.99,0.0,0.0,0
23,4,0,1,9902,53,65,1,1,4.0,0,TypeScript,2024-2026,1.0,183.37,0.02,0.06,0
23,4,0,1,130,130,51,0,0,0.0,0,TypeScript,2024-2026,1.0,0.99,0.0,0.0,0
23,4,0,1,22,21,7,0,0,0.0,0,TypeScript,2024-2026,1.0,1.0,0.0,0.0,0
23,4,0,1,3,3,3,0,0,0.0,0,TypeScript,2024-2026,1.0,0.75,0.0,0.0,0
1,5,1,1,2,2,2,0,0,0.0,0,TypeScript,2024-2026,1.0,0.67,0.0,0.0,0
1,5,1,1,1,1,1,0,0,0.0,0,TypeScript,2024-2026,1.0,0.5,0.0,0.0,0
0,6,1,1,4,4,1,0,0,0.0,0,TypeScript,2024-2026,1.0,0.8,0.0,0.0,0
11,0,0,0,86,40,6,1,5,3.8,0,TypeScript,2024-2026,1.0,2.1,0.14,0.54,0
12,0,0,0,95,95,51,0,0,0.0,0,TypeScript,2024-2026,1.0,0.99,0.0,0.0,0
18,0,0,0,3,1,1,0,1,1.0,0,TypeScript,2024-2026,1.0,1.5,0.0,0.5,0
20,0,0,0,4,0,1,0,0,0.0,0,TypeScript,2024-2026,1.0,4.0,0.0,0.0,0
12,1,0,0,272,21,6,1,7,3.14,0,TypeScript,2024-2026,1.0,12.36,0.14,0.45,0
14,1,0,0,26,1,1,0,3,1.33,0,TypeScript,2024-2026,1.0,13.0,0.0,0.66,0
18,1,0,0,42,42,9,0,0,0.0,0,TypeScript,2024-2026,1.0,0.98,0.0,0.0,0
12,2,0,0,9,9,3,0,0,0.0,0,TypeScript,2024-2026,1.0,0.9,0.0,0.0,2
12,2,0,0,792,263,10,2,19,3.95,0,TypeScript,2024-2026,1.0,3.0,0.18,0.36,0
12,2,0,0,12,15,3,0,1,2.0,0,TypeScript,2024-2026,1.0,0.75,0.0,0.5,2
12,2,0,0,2,2,1,0,0,0.0,0,TypeScript,2024-2026,1.0,0.67,0.0,0.0,2
15,2,0,0,282,32,10,0,8,2.5,0,TypeScript,2024-2026,1.0,8.55,0.0,0.23,2
15,2,0,0,150,2,4,1,4,10.75,0,TypeScript,2024-2026,1.0,50.0,0.2,2.15,0
15,2,0,0,145,51,3,2,16,2.19,0,TypeScript,2024-2026,1.0,2.79,0.5,0.55,2
15,2,0,0,62,0,2,1,2,1.0,0,TypeScript,2024-2026,1.0,62.0,0.33,0.33,2
17,2,0,0,1357,0,12,4,25,2.56,0,TypeScript,2024-2026,1.0,1357.0,0.31,0.2,0
8,3,0,0,3,3,1,0,0,0.0,0,TypeScript,2024-2026,1.0,0.75,0.0,0.0,1
8,3,0,0,3,3,1,0,0,0.0,0,TypeScript,2024-2026,1.0,0.75,0.0,0.0,1
8,3,0,0,12,14,1,0,0,0.0,0,TypeScript,2024-2026,1.0,0.8,0.0,0.0,1
8,3,0,0,3,1,1,0,0,0.0,0,TypeScript,2024-2026,1.0,1.5,0.0,0.0,1
9,3,0,0,6,6,1,0,0,0.0,0,TypeScript,2024-2026,1.0,0.86,0.0,0.0,1
17,3,0,0,77,86,7,3,1,1.0,0,TypeScript,2024-2026,1.0,0.89,0.38,0.12,2
19,3,0,0,81,1,2,1,5,2.4,0,TypeScript,2024-2026,1.0,40.5,0.33,0.8,0
20,3,0,0,95,95,51,0,0,0.0,0,TypeScript,2024-2026,1.0,0.99,0.0,0.0,0
3,4,0,1,721,16,2,0,4,23.75,1,TypeScript,2024-2026,0.4,42.41,0.0,7.92,20
3,4,0,1,1,1,1,0,0,0.0,0,TypeScript,2024-2026,1.0,0.5,0.0,0.0,1
5,4,0,1,6,6,2,0,0,0.0,0,TypeScript,2024-2026,1.0,0.86,0.0,0.0,0
5,4,0,1,34,18,1,0,0,0.0,0,TypeScript,2024-2026,1.0,1.79,0.0,0.0,0
8,4,0,0,2,2,1,0,0,0.0,0,TypeScript,2024-2026,1.0,0.67,0.0,0.0,1
9,4,0,0,1,1,1,0,0,0.0,0,TypeScript,2024-2026,1.0,0.5,0.0,0.0,1
9,4,0,0,2,2,1,0,0,0.0,0,TypeScript,2024-2026,1.0,0.67,0.0,0.0,1
9,5,1,0,10654,615,65,7,208,4.32,0,TypeScript,2024-2026,1.0,17.3,0.11,0.07,0
10,5,1,0,131,25,24,0,0,0.0,0,TypeScript,2024-2026,1.0,5.04,0.0,0.0,0
10,5,1,0,140,132,51,0,0,0.0,0,TypeScript,2024-2026,1.0,1.05,0.0,0.0,0
10,5,1,0,96,96,51,0,0,0.0,0,TypeScript,2024-2026,1.0,0.99,0.0,0.0,0
10,5,1,0,466,455,1,0,0,0.0,0,TypeScript,2024-2026,1.0,1.02,0.0,0.0,1
11,5,1,0,24,24,24,0,0,0.0,0,TypeScript,2024-2026,1.0,0.96,0.0,0.0,0
11,5,1,0,58,3,3,2,4,1.5,0,TypeScript,2024-2026,1.0,14.5,0.5,0.38,0
12,5,1,0,173,43,31,9,6,6.67,0,TypeScript,2024-2026,1.0,3.93,0.28,0.21,0
16,5,1,0,183,181,31,0,21,8.0,0,TypeScript,2024-2026,1.0,1.01,0.0,0.25,0
17,5,1,0,39,7,2,0,0,0.0,0,TypeScript,2024-2026,1.0,4.88,0.0,0.0,0
13,6,1,0,163,4,5,1,2,1.0,0,TypeScript,2024-2026,1.0,32.6,0.17,0.17,0
8,0,0,0,12,12,1,0,0,0.0,0,TypeScript,2024-2026,1.0,0.92,0.0,0.0,1
8,0,0,0,3,3,1,0,0,0.0,0,TypeScript,2024-2026,1.0,0.75,0.0,0.0,1
8,0,0,0,3,3,1,0,0,0.0,0,TypeScript,2024-2026,1.0,0.75,0.0,0.0,1
8,0,0,0,3,3,1,0,0,0.0,0,TypeScript,2024-2026,1.0,0.75,0.0,0.0,1
8,0,0,0,23,23,1,0,0,0.0,0,TypeScript,2024-2026,1.0,0.96,0.0,0.0,1
8,0,0,0,44,44,2,0,0,0.0,0,TypeScript,2024-2026,1.0,0.98,0.0,0.0,1
9,0,0,0,6,6,1,0,0,0.0,0,TypeScript,2024-2026,1.0,0.86,0.0,0.0,1
9,0,0,0,358,61,1,0,0,0.0,0,TypeScript,2024-2026,1.0,5.77,0.0,0.0,1
9,0,0,0,12,12,1,0,0,0.0,0,TypeScript,2024-2026,1.0,0.92,0.0,0.0,1
9,0,0,0,32,16,1,0,0,0.0,0,TypeScript,2024-2026,1.0,1.88,0.0,0.0,1
9,0,0,0,81,55,2,0,0,0.0,0,TypeScript,2024-2026,1.0,1.45,0.0,0.0,1
9,0,0,0,8,8,1,0,0,0.0,0,TypeScript,2024-2026,1.0,0.89,0.0,0.0,1
9,0,0,0,139,91,1,0,0,0.0,0,TypeScript,2024-2026,1.0,1.51,0.0,0.0,1
9,0,0,0,6,6,1,0,0,0.0,0,TypeScript,2024-2026,1.0,0.86,0.0,0.0,1
9,0,0,0,6,6,1,0,0,0.0,0,TypeScript,2024-2026,1.0,0.86,0.0,0.0,1
9,0,0,0,22,16,2,0,0,0.0,0,TypeScript,2024-2026,1.0,1.29,0.0,0.0,1
9,0,0,0,7,6,1,0,0,0.0,0,TypeScript,2024-2026,1.0,1.0,0.0,0.0,1
9,0,0,0,788,421,1,0,0,0.0,0,TypeScript,2024-2026,1.0,1.87,0.0,0.0,1
9,0,0,0,19,4,1,0,0,0.0,0,TypeScript,2024-2026,1.0,3.8,0.0,0.0,1
9,0,0,0,32,16,1,0,0,0.0,0,TypeScript,2024-2026,1.0,1.88,0.0,0.0,1
9,0,0,0,3,1,1,0,0,0.0,0,TypeScript,2024-2026,1.0,1.5,0.0,0.0,1
9,0,0,0,3,3,1,0,0,0.0,0,TypeScript,2024-2026,1.0,0.75,0.0,0.0,1
10,0,0,0,71,242,2,0,0,0.0,0,TypeScript,2024-2026,1.0,0.29,0.0,0.0,1
13,0,0,0,2,0,2,0,5,1.6,0,TypeScript,2024-2026,1.0,2.0,0.0,0.53,0
15,0,0,0,278,144,1,0,0,0.0,0,TypeScript,2024-2026,1.0,1.92,0.0,0.0,1
16,0,0,0,8,8,2,0,0,0.0,0,TypeScript,2024-2026,1.0,0.89,0.0,0.0,0
16,0,0,0,731,277,2,0,0,0.0,0,TypeScript,2024-2026,1.0,2.63,0.0,0.0,1
16,0,0,0,61,6,1,0,0,0.0,0,TypeScript,2024-2026,1.0,8.71,0.0,0.0,1
16,0,0,0,248,182,1,0,0,0.0,0,TypeScript,2024-2026,1.0,1.36,0.0,0.0,1
16,0,0,0,498,317,1,0,0,0.0,0,TypeScript,2024-2026,1.0,1.57,0.0,0.0,1
8,1,0,0,3,6,4,0,4,6.5,0,TypeScript,2024-2026,1.0,0.43,0.0,1.3,0
14,1,0,0,683,378,3,0,1,4.0,0,TypeScript,2024-2026,1.0,1.8,0.0,1.0,1
17,1,0,0,1965,35,12,3,32,6.28,0,TypeScript,2024-2026,1.0,54.58,0.23,0.48,0
12,2,0,0,482,465,58,18,42,4.12,0,TypeScript,2024-2026,1.0,1.03,0.31,0.07,2
20,2,0,0,24,25,7,0,0,0.0,0,TypeScript,2024-2026,1.0,0.92,0.0,0.0,0
21,2,0,0,6,6,2,0,0,0.0,0,TypeScript,2024-2026,1.0,0.86,0.0,0.0,0
21,2,0,0,6,6,2,0,0,0.0,0,TypeScript,2024-2026,1.0,0.86,0.0,0.0,0
21,2,0,0,32,10,2,0,0,0.0,0,TypeScript,2024-2026,1.0,2.91,0.0,0.0,0
21,2,0,0,34,28,1,0,0,0.0,0,TypeScript,2024-2026,1.0,1.17,0.0,0.0,1
1,3,0,1,1,1,1,0,0,0.0,0,TypeScript,2024-2026,1.0,0.5,0.0,0.0,0
1,3,0,1,112,53,2,0,0,0.0,0,TypeScript,2024-2026,1.0,2.07,0.0,0.0,0
15,3,0,0,251,62,4,2,7,13.43,0,TypeScript,2024-2026,1.0,3.98,0.4,2.69,0
8,4,0,0,5,5,2,0,0,0.0,0,TypeScript,2024-2026,1.0,0.83,0.0,0.0,1
8,4,0,0,6,70,1,0,0,0.0,0,TypeScript,2024-2026,1.0,0.08,0.0,0.0,1
8,4,0,0,12,12,3,0,0,0.0,0,TypeScript,2024-2026,1.0,0.92,0.0,0.0,0
13,4,0,0,792,1167,3,1,0,0.0,0,TypeScript,2024-2026,1.0,0.68,0.25,0.0,1
15,4,0,0,6,6,1,0,0,0.0,0,TypeScript,2024-2026,1.0,0.86,0.0,0.0,1
16,4,0,0,5,5,2,0,0,0.0,0,TypeScript,2024-2026,1.0,0.83,0.0,0.0,1
22,6,1,1,1,1,1,0,1,1.0,1,TypeScript,2024-2026,0.4,0.5,0.0,0.5,1
9,1,0,0,8,9,2,0,0,0.0,0,TypeScript,2024-2026,1.0,0.8,0.0,0.0,1
11,1,0,0,3,3,1,0,0,0.0,0,TypeScript,2024-2026,1.0,0.75,0.0,0.0,1
11,1,0,0,3,3,1,0,0,0.0,0,TypeScript,2024-2026,1.0,0.75,0.0,0.0,1
16,1,0,0,1317,671,2,0,0,0.0,0,TypeScript,2024-2026,1.0,1.96,0.0,0.0,0
17,1,0,0,76,30,5,1,4,23.25,0,TypeScript,2024-2026,1.0,2.45,0.17,3.88,0
3,3,0,1,11,15,3,0,1,1.0,1,TypeScript,2024-2026,0.4,0.69,0.0,0.25,21
20,3,0,0,30,3,2,1,3,14.33,0,TypeScript,2024-2026,1.0,7.5,0.33,4.78,0
21,3,0,0,55,15,9,1,3,3.67,0,TypeScript,2024-2026,1.0,3.44,0.1,0.37,0
23,3,0,1,75,102,3,0,0,0.0,0,TypeScript,2024-2026,1.0,0.73,0.0,0.0,0
9,4,0,0,438,231,2,0,0,0.0,0,TypeScript,2024-2026,1.0,1.89,0.0,0.0,1
4,5,1,1,2,2,2,0,0,0.0,0,TypeScript,2024-2026,1.0,0.67,0.0,0.0,22
13,6,1,0,41,79,43,0,0,0.0,0,TypeScript,2024-2026,1.0,0.51,0.0,0.0,0
9,0,0,0,51,51,10,0,0,0.0,0,TypeScript,2024-2026,1.0,0.98,0.0,0.0,0
10,0,0,0,1,3,1,1,1,1.0,0,TypeScript,2024-2026,1.0,0.25,0.5,0.5,2
14,0,0,0,45,45,10,0,0,0.0,0,TypeScript,2024-2026,1.0,0.98,0.0,0.0,0
8,1,0,0,6,6,1,0,0,0.0,0,TypeScript,2024-2026,1.0,0.86,0.0,0.0,1
9,1,0,0,3,3,1,0,0,0.0,0,TypeScript,2024-2026,1.0,0.75,0.0,0.0,1
10,1,0,0,0,4,2,0,0,0.0,0,TypeScript,2024-2026,1.0,0.0,0.0,0.0,0
15,1,0,0,45,45,10,0,0,0.0,0,TypeScript,2024-2026,1.0,0.98,0.0,0.0,0
22,1,0,1,47,0,2,1,2,6.5,0,TypeScript,2024-2026,1.0,47.0,0.33,2.17,0
23,2,0,1,3,3,1,0,0,0.0,0,TypeScript,2024-2026,1.0,0.75,0.0,0.0,1
12,4,0,0,19,18,1,0,0,0.0,0,TypeScript,2024-2026,1.0,1.0,0.0,0.0,0
16,0,0,0,21,6,5,1,5,1.8,0,TypeScript,2024-2026,1.0,3.0,0.17,0.3,0
11,2,0,0,41,41,3,0,0,0.0,0,TypeScript,2024-2026,1.0,0.98,0.0,0.0,0
12,2,0,0,6,6,2,0,6,1.0,0,TypeScript,2024-2026,1.0,0.86,0.0,0.33,2
13,2,0,0,150,6,6,1,7,11.57,0,TypeScript,2024-2026,1.0,21.43,0.14,1.65,2
14,2,0,0,45,45,10,0,0,0.0,0,TypeScript,2024-2026,1.0,0.98,0.0,0.0,0
16,2,0,0,459,392,2,0,0,0.0,0,TypeScript,2024-2026,1.0,1.17,0.0,0.0,0
18,2,0,0,11,16,9,2,1,6.0,0,TypeScript,2024-2026,1.0,0.65,0.2,0.6,0
19,2,0,0,3,0,1,0,0,0.0,0,TypeScript,2024-2026,1.0,3.0,0.0,0.0,0
8,0,0,0,24,24,1,0,0,0.0,0,TypeScript,2024-2026,1.0,0.96,0.0,0.0,1
9,0,0,0,6,7,1,0,0,0.0,0,TypeScript,2024-2026,1.0,0.75,0.0,0.0,1
11,0,0,0,117,78,3,0,0,0.0,0,TypeScript,2024-2026,1.0,1.48,0.0,0.0,0
11,0,0,0,6,3,1,0,0,0.0,0,TypeScript,2024-2026,1.0,1.5,0.0,0.0,0
18,0,0,0,362,36,9,4,7,16.14,0,TypeScript,2024-2026,1.0,9.78,0.4,1.61,0
12,1,0,0,225,141,9,0,0,0.0,0,TypeScript,2024-2026,1.0,1.58,0.0,0.0,0
15,1,0,0,69,5003,43,13,36,1.19,0,TypeScript,2024-2026,1.0,0.01,0.3,0.03,2
9,0,0,0,14,10,1,0,0,0.0,0,TypeScript,2024-2026,1.0,1.27,0.0,0.0,1
0,1,0,1,8681,3,2,0,0,0.0,0,TypeScript,2024-2026,1.0,2170.25,0.0,0.0,6
0,1,0,1,34,0,1,0,0,0.0,0,TypeScript,2024-2026,1.0,34.0,0.0,0.0,6
15,2,0,0,3,22,1,0,4,1.0,0,TypeScript,2024-2026,1.0,0.13,0.0,0.5,0
22,2,0,1,1,1,1,0,0,0.0,0,TypeScript,2024-2026,1.0,0.5,0.0,0.0,6
3,4,0,1,18,6,2,0,0,0.0,0,TypeScript,2024-2026,1.0,2.57,0.0,0.0,1
