commit_hour,day_of_week,is_weekend,is_night_commit,lines_added,lines_deleted,files_changed,test_files_changed,num_methods,avg_complexity,is_buggy,language_group,time_period,confidence,churn_ratio,test_ratio,complexity_per_file,prior_bugs_author
23,2,0,1,34,1,2,0,2,2.0,0,TypeScript,2018-2020,1.0,17.0,0.0,0.67,0
23,5,1,1,11,1,3,0,0,0.0,0,TypeScript,2018-2020,1.0,5.5,0.0,0.0,0
12,6,1,0,2,0,1,0,0,0.0,0,TypeScript,2018-2020,1.0,2.0,0.0,0.0,0
19,0,0,0,2,0,1,0,0,0.0,0,TypeScript,2018-2020,1.0,2.0,0.0,0.0,0
0,4,0,1,1,1,1,0,0,0.0,0,TypeScript,2018-2020,1.0,0.5,0.0,0.0,0
1,4,0,1,3,7,1,0,0,0.0,0,TypeScript,2018-2020,1.0,0.38,0.0,0.0,0
0,1,0,1,1,1,1,0,0,0.0,0,TypeScript,2018-2020,1.0,0.5,0.0,0.0,0
0,1,0,1,1,1,1,0,0,0.0,0,TypeScript,2018-2020,1.0,0.5,0.0,0.0,0
0,1,0,1,34,2,2,0,11,1.0,0,TypeScript,2018-2020,1.0,11.33,0.0,0.33,0
0,1,0,1,29,0,1,0,0,0.0,0,TypeScript,2018-2020,1.0,29.0,0.0,0.0,0
1,1,0,1,1,1,1,0,0,0.0,0,TypeScript,2018-2020,1.0,0.5,0.0,0.0,0
1,1,0,1,20,1,2,0,2,2.5,0,TypeScript,2018-2020,1.0,10.0,0.0,0.83,0
3,1,0,1,40,4,3,0,4,2.5,0,TypeScript,2018-2020,1.0,8.0,0.0,0.62,0
3,1,0,1,4,3,1,0,1,18.0,0,TypeScript,2018-2020,1.0,1.0,0.0,9.0,0
14,3,0,0,46,27,1,0,0,0.0,0,TypeScript,2018-2020,1.0,1.64,0.0,0.0,0
14,3,0,0,1,1,1,0,0,0.0,0,TypeScript,2018-2020,1.0,0.5,0.0,0.0,0
14,3,0,0,2,2,2,0,0,0.0,0,TypeScript,2018-2020,1.0,0.67,0.0,0.0,0
4,4,0,1,118,9,3,0,3,1.0,0,TypeScript,2018-2020,1.0,11.8,0.0,0.25,0
4,4,0,1,111,96,39,0,79,1.71,0,TypeScript,2018-2020,1.0,1.14,0.0,0.04,0
23,4,0,1,1,1,1,0,0,0.0,0,TypeScript,2018-2020,1.0,0.5,0.0,0.0,0
23,4,0,1,1,0,1,0,0,0.0,0,TypeScript,2018-2020,1.0,1.0,0.0,0.0,0
0,5,1,1,146,8,5,0,5,4.8,0,TypeScript,2018-2020,1.0,16.22,0.0,0.8,0
0,5,1,1,32,2,2,0,2,3.5,0,TypeScript,2018-2020,1.0,10.67,0.0,1.17,0
2,5,1,1,1,1,1,0,2,1.0,0,TypeScript,2018-2020,1.0,0.5,0.0,0.5,0
2,5,1,1,691,44,58,0,57,3.39,0,TypeScript,2018-2020,1.0,15.36,0.0,0.06,0
5,1,0,1,246,246,2,0,10,3.0,0,TypeScript,2018-2020,1.0,1.0,0.0,1.0,0
5,1,0,1,101,58,5,0,7,3.57,0,TypeScript,2018-2020,1.0,1.71,0.0,0.6,0
12,4,0,0,6,1,1,0,0,0.0,0,TypeScript,2018-2020,1.0,3.0,0.0,0.0,0
14,4,0,0,3,3,1,0,0,0.0,0,TypeScript,2018-2020,1.0,0.75,0.0,0.0,0
14,4,0,0,1,1,1,0,0,0.0,0,TypeScript,2018-2020,1.0,0.5,0.0,0.0,0
19,4,0,0,2,2,1,0,0,0.0,0,TypeScript,2018-2020,1.0,0.67,0.0,0.0,0
19,4,0,0,1,1,1,0,0,0.0,0,TypeScript,2018-2020,1.0,0.5,0.0,0.0,0
19,4,0,0,1298,283,5,0,2,1.0,0,TypeScript,2018-2020,1.0,4.57,0.0,0.17,0
19,4,0,0,120,0,4,0,4,3.75,0,TypeScript,2018-2020,1.0,120.0,0.0,0.75,0
20,4,0,0,2,2,2,0,0,0.0,0,TypeScript,2018-2020,1.0,0.67,0.0,0.0,0
15,6,1,0,27,20,2,0,0,0.0,0,TypeScript,2018-2020,1.0,1.29,0.0,0.0,0
15,6,1,0,1,1,1,0,0,0.0,0,TypeScript,2018-2020,1.0,0.5,0.0,0.0,0
19,6,1,0,136,411,6,0,0,0.0,0,TypeScript,2018-2020,1.0,0.33,0.0,0.0,0
19,6,1,0,1,1,1,0,0,0.0,0,TypeScript,2018-2020,1.0,0.5,0.0,0.0,0
19,6,1,0,169,4,5,0,5,25.6,0,TypeScript,2018-2020,1.0,33.8,0.0,4.27,0
19,6,1,0,0,1,1,0,0,0.0,0,TypeScript,2018-2020,1.0,0.0,0.0,0.0,0
19,6,1,0,16,3,2,0,2,1.5,0,TypeScript,2018-2020,1.0,4.0,0.0,0.5,0
13,4,0,0,8,8,4,0,0,0.0,0,TypeScript,2018-2020,1.0,0.89,0.0,0.0,0
13,4,0,0,1,1,1,0,0,0.0,0,TypeScript,2018-2020,1.0,0.5,0.0,0.0,0
15,6,1,0,1,1,1,0,0,0.0,0,TypeScript,2018-2020,1.0,0.5,0.0,0.0,0
15,6,1,0,3,3,1,0,0,0.0,0,TypeScript,2018-2020,1.0,0.75,0.0,0.0,0
16,6,1,0,8,2,2,0,0,0.0,0,TypeScript,2018-2020,1.0,2.67,0.0,0.0,0
16,6,1,0,70,70,2,0,0,0.0,0,TypeScript,2018-2020,1.0,0.99,0.0,0.0,0
0,1,0,1,6,1,1,0,0,0.0,0,TypeScript,2018-2020,1.0,3.0,0.0,0.0,0
22,2,0,1,2,2,2,0,0,0.0,0,TypeScript,2018-2020,1.0,0.67,0.0,0.0,0
0,3,0,1,10,25,5,0,5,1.0,0,TypeScript,2018-2020,1.0,0.38,0.0,0.17,0
13,6,1,0,59,15,4,1,3,9.0,0,TypeScript,2018-2020,1.0,3.69,0.2,1.8,0
13,6,1,0,29,1,3,0,2,1.0,0,TypeScript,2018-2020,1.0,14.5,0.0,0.25,0
13,0,0,0,100,58,2,0,0,0.0,0,TypeScript,2018-2020,1.0,1.69,0.0,0.0,0
12,2,0,0,0,5,1,0,0,0.0,0,TypeScript,2018-2020,1.0,0.0,0.0,0.0,0
18,2,0,0,46,46,1,0,0,0.0,0,TypeScript,2018-2020,1.0,0.98,0.0,0.0,0
19,2,0,0,114,4,4,0,5,1.6,0,TypeScript,2018-2020,1.0,22.8,0.0,0.32,0
19,2,0,0,16,18,15,0,1,4.0,0,TypeScript,2018-2020,1.0,0.84,0.0,0.25,0
20,2,0,0,15,2,1,0,1,2.0,0,TypeScript,2018-2020,1.0,5.0,0.0,1.0,0
12,3,0,0,1,1,1,0,1,6.0,0,TypeScript,2018-2020,1.0,0.5,0.0,3.0,0
13,3,0,0,142,95,15,0,13,3.38,0,TypeScript,2018-2020,1.0,1.48,0.0,0.21,0
17,3,0,0,78,5,4,1,2,8.0,0,TypeScript,2018-2020,1.0,13.0,0.2,1.6,0
13,4,0,0,1,1,1,0,1,6.0,0,TypeScript,2018-2020,1.0,0.5,0.0,3.0,0
13,4,0,0,2,2,1,0,1,7.0,0,TypeScript,2018-2020,1.0,0.67,0.0,3.5,0
15,4,0,0,112,4,14,1,10,1.7,0,TypeScript,2018-2020,1.0,22.4,0.07,0.11,0
15,4,0,0,75,6,6,0,9,2.89,0,TypeScript,2018-2020,1.0,10.71,0.0,0.41,0
15,4,0,0,96,19,3,0,3,1.67,0,TypeScript,2018-2020,1.0,4.8,0.0,0.42,0
21,4,0,0,9,2,1,0,2,1.5,0,TypeScript,2018-2020,1.0,3.0,0.0,0.75,0
22,4,0,1,5,3,1,0,0,0.0,0,TypeScript,2018-2020,1.0,1.25,0.0,0.0,0
4,5,1,1,45,2,7,0,2,1.0,0,TypeScript,2018-2020,1.0,15.0,0.0,0.12,0
19,5,1,0,7,2,1,0,1,1.0,0,TypeScript,2018-2020,1.0,2.33,0.0,0.5,0
19,6,1,0,3,2,1,0,2,7.5,0,TypeScript,2018-2020,1.0,1.0,0.0,3.75,0
18,1,0,0,1,1,1,0,0,0.0,0,TypeScript,2018-2020,1.0,0.5,0.0,0.0,0
18,1,0,0,11,6,1,0,0,0.0,0,TypeScript,2018-2020,1.0,1.57,0.0,0.0,0
18,1,0,0,108,0,5,0,3,1.0,0,TypeScript,2018-2020,1.0,108.0,0.0,0.17,0
19,1,0,0,12,2,1,0,5,2.4,0,TypeScript,2018-2020,1.0,4.0,0.0,1.2,0
12,3,0,0,106,23,5,1,2,4.0,0,TypeScript,2018-2020,1.0,4.42,0.17,0.67,0
12,3,0,0,50,9,3,0,0,0.0,0,TypeScript,2018-2020,1.0,5.0,0.0,0.0,0
18,4,0,0,6,4,3,0,2,2.0,0,TypeScript,2018-2020,1.0,1.2,0.0,0.5,0
18,4,0,0,1,1,1,0,1,19.0,0,TypeScript,2018-2020,1.0,0.5,0.0,9.5,0
18,4,0,0,199,455,17,0,129,1.78,0,TypeScript,2018-2020,1.0,0.44,0.0,0.1,0
1,6,1,1,4618,3060,9,0,7,2.43,0,TypeScript,2018-2020,1.0,1.51,0.0,0.24,0
1,6,1,1,326,1,8,0,8,2.5,0,TypeScript,2018-2020,1.0,163.0,0.0,0.28,0
2,6,1,1,72,11,4,0,6,3.0,0,TypeScript,2018-2020,1.0,6.0,0.0,0.6,0
16,0,0,0,49,12,2,0,9,2.22,0,TypeScript,2018-2020,1.0,3.77,0.0,0.74,0
16,0,0,0,2,2,1,0,0,0.0,0,TypeScript,2018-2020,1.0,0.67,0.0,0.0,0
16,1,0,0,8,8,4,0,0,0.0,0,TypeScript,2018-2020,1.0,0.89,0.0,0.0,0
16,1,0,0,76,75,35,0,12,3.92,0,TypeScript,2018-2020,1.0,1.0,0.0,0.11,0
16,3,0,0,2,3,2,0,0,0.0,0,TypeScript,2018-2020,1.0,0.5,0.0,0.0,0
16,3,0,0,1,2,1,0,1,1.0,0,TypeScript,2018-2020,1.0,0.33,0.0,0.5,0
16,3,0,0,94,1,4,0,3,1.0,0,TypeScript,2018-2020,1.0,47.0,0.0,0.2,0
16,3,0,0,1,1,1,0,0,0.0,0,TypeScript,2018-2020,1.0,0.5,0.0,0.0,0
16,3,0,0,162,0,5,0,2,1.0,0,TypeScript,2018-2020,1.0,162.0,0.0,0.17,0
13,5,1,0,89,13,7,0,5,1.0,0,TypeScript,2018-2020,1.0,6.36,0.0,0.12,0
11,0,0,0,46,0,3,1,2,1.0,0,TypeScript,2018-2020,1.0,46.0,0.25,0.25,0
14,0,0,0,93,64,38,0,62,2.27,0,TypeScript,2018-2020,1.0,1.43,0.0,0.06,0
15,0,0,0,419,439,37,1,89,2.94,0,TypeScript,2018-2020,1.0,0.95,0.03,0.08,0
17,1,0,0,21,1,2,0,2,1.0,0,TypeScript,2018-2020,1.0,10.5,0.0,0.33,0
7,5,1,0,11,1,1,0,2,3.0,0,TypeScript,2018-2020,1.0,5.5,0.0,1.5,0
7,5,1,0,131,125,4,0,8,1.12,0,TypeScript,2018-2020,1.0,1.04,0.0,0.22,0
8,5,1,0,124,34,7,0,9,1.44,1,TypeScript,2018-2020,0.143,3.54,0.0,0.18,0
12,5,1,0,3,2,1,0,2,7.0,0,TypeScript,2018-2020,1.0,1.0,0.0,3.5,0
21,1,0,0,60,50,2,0,4,6.75,0,TypeScript,2018-2020,1.0,1.18,0.0,2.25,1
21,1,0,0,7,0,1,0,2,2.5,0,TypeScript,2018-2020,1.0,7.0,0.0,1.25,1
21,1,0,0,1,20,2,0,2,2.5,0,TypeScript,2018-2020,1.0,0.05,0.0,0.83,0
22,1,0,1,35,7,3,0,0,0.0,0,TypeScript,2018-2020,1.0,4.38,0.0,0.0,0
12,2,0,0,20,16,5,0,4,7.25,0,TypeScript,2018-2020,1.0,1.18,0.0,1.21,1
19,2,0,0,17,17,1,0,0,0.0,0,TypeScript,2018-2020,1.0,0.94,0.0,0.0,0
19,2,0,0,8,1,2,0,0,0.0,0,TypeScript,2018-2020,1.0,4.0,0.0,0.0,0
12,3,0,0,1,1,3,0,1,1.0,0,TypeScript,2018-2020,1.0,0.5,0.0,0.25,0
12,3,0,0,4,4,2,0,2,5.5,0,TypeScript,2018-2020,1.0,0.8,0.0,1.83,0
12,3,0,0,1,1,1,0,0,0.0,0,TypeScript,2018-2020,1.0,0.5,0.0,0.0,0
15,3,0,0,1,1,1,0,1,6.0,0,TypeScript,2018-2020,1.0,0.5,0.0,3.0,1
17,3,0,0,1,2,1,0,1,2.0,0,TypeScript,2018-2020,1.0,0.33,0.0,1.0,1
0,4,0,1,2,2,2,0,2,6.5,0,TypeScript,2018-2020,1.0,0.67,0.0,2.17,1
3,6,1,1,107,1,2,0,2,1.0,0,TypeScript,2018-2020,1.0,53.5,0.0,0.33,0
2,0,0,1,5,5,2,0,0,0.0,0,TypeScript,2018-2020,1.0,0.83,0.0,0.0,1
21,0,0,0,31,4,4,1,1,1.0,0,TypeScript,2018-2020,1.0,6.2,0.2,0.2,1
22,0,0,1,2,2,1,0,0,0.0,0,TypeScript,2018-2020,1.0,0.67,0.0,0.0,1
22,0,0,1,81,3,5,0,7,4.14,0,TypeScript,2018-2020,1.0,20.25,0.0,0.69,0
13,1,0,0,155,12,4,0,7,2.14,0,TypeScript,2018-2020,1.0,11.92,0.0,0.43,0
13,1,0,0,5,2,1,0,0,0.0,0,TypeScript,2018-2020,1.0,1.67,0.0,0.0,0
13,1,0,0,15,6,3,0,6,4.83,0,TypeScript,2018-2020,1.0,2.14,0.0,1.21,1
13,1,0,0,97,0,3,1,3,2.0,0,TypeScript,2018-2020,1.0,97.0,0.25,0.5,0
13,1,0,0,2,2,1,0,0,0.0,0,TypeScript,2018-2020,1.0,0.67,0.0,0.0,0
0,2,0,1,2,2,1,0,0,0.0,0,TypeScript,2018-2020,1.0,0.67,0.0,0.0,0
4,2,0,1,43,2,2,0,1,1.0,0,TypeScript,2018-2020,1.0,14.33,0.0,0.33,0
4,2,0,1,165,3,4,0,2,1.0,0,TypeScript,2018-2020,1.0,41.25,0.0,0.2,0
11,2,0,0,46,0,3,0,1,1.0,0,TypeScript,2018-2020,1.0,46.0,0.0,0.25,1
11,2,0,0,58,0,5,0,1,2.0,0,TypeScript,2018-2020,1.0,58.0,0.0,0.33,1
12,2,0,0,1,1,1,0,1,16.0,0,TypeScript,2018-2020,1.0,0.5,0.0,8.0,0
14,2,0,0,14,3,1,0,0,0.0,0,TypeScript,2018-2020,1.0,3.5,0.0,0.0,0
1,3,0,1,8,2,2,0,0,0.0,0,TypeScript,2018-2020,1.0,2.67,0.0,0.0,0
2,3,0,1,44,20,1,0,2,1.0,0,TypeScript,2018-2020,1.0,2.1,0.0,0.5,0
2,3,0,1,80,0,3,0,1,1.0,0,TypeScript,2018-2020,1.0,80.0,0.0,0.25,0
23,3,0,1,2,2,1,0,1,1.0,0,TypeScript,2018-2020,1.0,0.67,0.0,0.5,1
4,4,0,1,14,1,1,0,0,0.0,0,TypeScript,2018-2020,1.0,7.0,0.0,0.0,0
4,4,0,1,2,0,1,0,0,0.0,0,TypeScript,2018-2020,1.0,2.0,0.0,0.0,0
10,4,0,0,1,0,1,0,0,0.0,0,TypeScript,2018-2020,1.0,1.0,0.0,0.0,1
11,4,0,0,151,34,3,0,3,1.0,0,TypeScript,2018-2020,1.0,4.31,0.0,0.25,1
16,4,0,0,16,22,8,3,11,1.18,0,TypeScript,2018-2020,1.0,0.7,0.33,0.13,1
15,5,1,0,114,51,4,0,7,1.0,0,TypeScript,2018-2020,1.0,2.19,0.0,0.2,0
17,5,1,0,14,6,2,0,0,0.0,0,TypeScript,2018-2020,1.0,2.0,0.0,0.0,0
19,6,1,0,82,9,7,0,10,17.4,0,TypeScript,2018-2020,1.0,8.2,0.0,2.17,0
14,0,0,0,1,1,1,0,0,0.0,0,TypeScript,2018-2020,1.0,0.5,0.0,0.0,0
14,0,0,0,41,1,3,0,3,1.67,0,TypeScript,2018-2020,1.0,20.5,0.0,0.42,0
1,1,0,1,0,1,1,0,1,1.0,0,TypeScript,2018-2020,1.0,0.0,0.0,0.5,1
9,1,0,0,145,128,1,0,78,1.0,0,TypeScript,2018-2020,1.0,1.12,0.0,0.5,1
14,2,0,0,5,1,1,0,1,1.0,0,TypeScript,2018-2020,1.0,2.5,0.0,0.5,1
13,3,0,0,131,4,8,1,5,1.2,0,TypeScript,2018-2020,1.0,26.2,0.11,0.13,1
13,3,0,0,162,26,1,0,1,7.0,1,TypeScript,2018-2020,0.261,6.0,0.0,3.5,1
13,3,0,0,10,3,2,0,1,1.0,0,TypeScript,2018-2020,1.0,2.5,0.0,0.33,2
13,3,0,0,3,3,1,0,2,1.0,0,TypeScript,2018-2020,1.0,0.75,0.0,0.5,2
22,3,0,1,67,0,3,0,1,1.0,0,TypeScript,2018-2020,1.0,67.0,0.0,0.25,2
2,4,0,1,2,2,1,0,0,0.0,0,TypeScript,2018-2020,1.0,0.67,0.0,0.0,0
9,4,0,0,7,2,1,0,1,5.0,0,TypeScript,2018-2020,1.0,2.33,0.0,2.5,2
14,4,0,0,8,8,1,0,1,1.0,0,TypeScript,2018-2020,1.0,0.89,0.0,0.5,2
5,5,1,1,51,17,5,1,2,1.0,0,TypeScript,2018-2020,1.0,2.83,0.17,0.17,2
12,5,1,0,122,25,4,0,8,2.88,0,TypeScript,2018-2020,1.0,4.69,0.0,0.58,2
12,5,1,0,1,1,1,0,1,7.0,0,TypeScript,2018-2020,1.0,0.5,0.0,3.5,2
16,5,1,0,7,2,1,0,1,3.0,0,TypeScript,2018-2020,1.0,2.33,0.0,1.5,2
12,6,1,0,133,6,6,1,6,8.5,0,TypeScript,2018-2020,1.0,19.0,0.14,1.21,2
21,6,1,0,3,3,1,0,0,0.0,0,TypeScript,2018-2020,1.0,0.75,0.0,0.0,0
12,0,0,0,77,13,6,0,8,15.0,0,TypeScript,2018-2020,1.0,5.5,0.0,2.14,2
12,0,0,0,2,2,1,0,0,0.0,0,TypeScript,2018-2020,1.0,0.67,0.0,0.0,0
0,1,0,1,75,2,7,0,3,7.67,0,TypeScript,2018-2020,1.0,25.0,0.0,0.96,0
1,2,0,1,9,7,2,0,1,2.0,0,TypeScript,2018-2020,1.0,1.12,0.0,0.67,0
1,2,0,1,72,1,3,0,3,1.33,0,TypeScript,2018-2020,1.0,36.0,0.0,0.33,0
4,2,0,1,219,3,7,0,12,2.42,0,TypeScript,2018-2020,1.0,54.75,0.0,0.3,2
16,2,0,0,2,2,1,0,0,0.0,0,TypeScript,2018-2020,1.0,0.67,0.0,0.0,0
13,3,0,0,11,11,2,0,0,0.0,0,TypeScript,2018-2020,1.0,0.92,0.0,0.0,0
13,3,0,0,4,2,1,0,0,0.0,0,TypeScript,2018-2020,1.0,1.33,0.0,0.0,0
20,3,0,0,1,1,1,0,0,0.0,0,TypeScript,2018-2020,1.0,0.5,0.0,0.0,0
20,5,1,0,1,1,1,0,1,14.0,0,TypeScript,2018-2020,1.0,0.5,0.0,7.0,0
2,0,0,1,75,8,4,0,0,0.0,0,TypeScript,2018-2020,1.0,8.33,0.0,0.0,2
10,0,0,0,299,42,5,0,0,0.0,0,TypeScript,2018-2020,1.0,6.95,0.0,0.0,2
10,0,0,0,8,8,3,0,0,0.0,0,TypeScript,2018-2020,1.0,0.89,0.0,0.0,0
10,0,0,0,2,0,1,0,0,0.0,0,TypeScript,2018-2020,1.0,2.0,0.0,0.0,0
17,0,0,0,1,0,1,0,0,0.0,0,TypeScript,2018-2020,1.0,1.0,0.0,0.0,0
17,0,0,0,26,0,2,0,2,2.0,0,TypeScript,2018-2020,1.0,26.0,0.0,0.67,0
17,0,0,0,138,5,10,0,8,6.5,0,TypeScript,2018-2020,1.0,23.0,0.0,0.59,2
20,0,0,0,149,8,4,0,5,13.6,0,TypeScript,2018-2020,1.0,16.56,0.0,2.72,0
10,4,0,0,35,33,2,0,2,6.5,0,TypeScript,2018-2020,1.0,1.03,0.0,2.17,0
11,4,0,0,56,1,3,0,2,1.0,0,TypeScript,2018-2020,1.0,28.0,0.0,0.25,0
20,0,0,0,875,43,23,0,52,4.13,0,TypeScript,2018-2020,1.0,19.89,0.0,0.17,0
21,0,0,0,59,1,2,0,0,0.0,0,TypeScript,2018-2020,1.0,29.5,0.0,0.0,0
22,6,1,1,26,34,1,0,2,4.5,0,TypeScript,2018-2020,1.0,0.74,0.0,2.25,0
22,6,1,1,1,1,1,0,0,0.0,0,TypeScript,2018-2020,1.0,0.5,0.0,0.0,0
13,0,0,0,3,2,1,0,1,5.0,0,TypeScript,2018-2020,1.0,1.0,0.0,2.5,0
15,1,0,0,82,12,3,0,1,1.0,0,TypeScript,2018-2020,1.0,6.31,0.0,0.25,2
15,1,0,0,4,0,1,0,0,0.0,0,TypeScript,2018-2020,1.0,4.0,0.0,0.0,0
3,2,0,1,48,42,5,0,20,2.4,0,TypeScript,2018-2020,1.0,1.12,0.0,0.4,0
11,6,1,0,1,0,1,0,0,0.0,0,TypeScript,2018-2020,1.0,1.0,0.0,0.0,0
20,2,0,0,1,1,1,0,0,0.0,0,TypeScript,2018-2020,1.0,0.5,0.0,0.0,0
12,1,0,0,6,2,1,0,1,1.0,0,TypeScript,2018-2020,1.0,2.0,0.0,0.5,0
12,1,0,0,24,0,2,0,2,1.0,0,TypeScript,2018-2020,1.0,24.0,0.0,0.33,0
12,1,0,0,8,1,2,0,0,0.0,0,TypeScript,2018-2020,1.0,4.0,0.0,0.0,0
12,1,0,0,7,7,1,0,0,0.0,0,TypeScript,2018-2020,1.0,0.88,0.0,0.0,0
14,1,0,0,75,3,5,0,3,1.0,0,TypeScript,2018-2020,1.0,18.75,0.0,0.17,0
20,1,0,0,0,1,1,0,0,0.0,0,TypeScript,2018-2020,1.0,0.0,0.0,0.0,0
19,5,1,0,3,3,1,0,1,7.0,0,TypeScript,2021-2023,1.0,0.75,0.0,3.5,0
20,5,1,0,82,3,4,0,3,1.0,0,TypeScript,2021-2023,1.0,20.5,0.0,0.2,0
20,5,1,0,106,1,5,1,1,1.0,0,TypeScript,2021-2023,1.0,53.0,0.17,0.17,0
20,5,1,0,3,3,1,0,1,7.0,0,TypeScript,2021-2023,1.0,0.75,0.0,3.5,0
20,5,1,0,32,5,1,0,1,1.0,0,TypeScript,2021-2023,1.0,5.33,0.0,0.5,0
20,5,1,0,1,0,1,0,1,11.0,0,TypeScript,2021-2023,1.0,1.0,0.0,5.5,0
20,5,1,0,71,5,4,0,2,11.0,0,TypeScript,2021-2023,1.0,11.83,0.0,2.2,0
21,5,1,0,296,0,10,1,4,1.0,0,TypeScript,2021-2023,1.0,296.0,0.09,0.09,0
21,5,1,0,125,19,11,0,7,4.71,0,TypeScript,2021-2023,1.0,6.25,0.0,0.39,0
21,5,1,0,7,3,3,0,0,0.0,0,TypeScript,2021-2023,1.0,1.75,0.0,0.0,0
21,5,1,0,231,1,9,0,5,10.6,0,TypeScript,2021-2023,1.0,115.5,0.0,1.06,0
21,5,1,0,1,1,1,0,0,0.0,0,TypeScript,2021-2023,1.0,0.5,0.0,0.0,0
21,5,1,0,260,15,11,0,12,2.92,0,TypeScript,2021-2023,1.0,16.25,0.0,0.24,0
23,5,1,1,1,1,1,0,0,0.0,0,TypeScript,2021-2023,1.0,0.5,0.0,0.0,0
23,5,1,1,39,1,2,0,0,0.0,0,TypeScript,2021-2023,1.0,19.5,0.0,0.0,0
20,4,0,0,1,1,1,0,0,0.0,0,TypeScript,2021-2023,1.0,0.5,0.0,0.0,0
8,6,1,0,12,49,8,0,8,3.25,0,TypeScript,2021-2023,1.0,0.24,0.0,0.36,0
18,0,0,0,33,17,1,0,7,7.71,0,TypeScript,2021-2023,1.0,1.83,0.0,3.86,0
14,1,0,0,8,8,3,0,0,0.0,0,TypeScript,2021-2023,1.0,0.89,0.0,0.0,0
14,1,0,0,1,1,1,0,0,0.0,0,TypeScript,2021-2023,1.0,0.5,0.0,0.0,0
14,1,0,0,1,1,1,0,0,0.0,0,TypeScript,2021-2023,1.0,0.5,0.0,0.0,0
16,2,0,0,23,0,1,0,0,0.0,0,TypeScript,2021-2023,1.0,23.0,0.0,0.0,0
18,3,0,0,61,2,3,0,1,1.0,0,TypeScript,2021-2023,1.0,20.33,0.0,0.25,0
18,3,0,0,50,2,4,0,2,4.5,0,TypeScript,2021-2023,1.0,16.67,0.0,0.9,0
19,3,0,0,149,5,2,0,3,34.33,0,TypeScript,2021-2023,1.0,24.83,0.0,11.44,0
20,3,0,0,87,7,4,0,4,1.75,0,TypeScript,2021-2023,1.0,10.88,0.0,0.35,0
22,3,0,1,0,3,3,0,0,0.0,0,TypeScript,2021-2023,1.0,0.0,0.0,0.0,0
13,1,0,0,1,1,1,0,0,0.0,0,TypeScript,2021-2023,1.0,0.5,0.0,0.0,0
19,1,0,0,2555,297,53,2,31,10.42,1,TypeScript,2021-2023,0.034,8.57,0.04,0.19,0
14,2,0,0,1,1,1,0,1,7.0,0,TypeScript,2021-2023,1.0,0.5,0.0,3.5,0
16,5,1,0,5,5,4,0,0,0.0,0,TypeScript,2021-2023,1.0,0.83,0.0,0.0,0
16,5,1,0,1,1,1,0,0,0.0,0,TypeScript,2021-2023,1.0,0.5,0.0,0.0,0
16,5,1,0,72,0,2,0,1,1.0,0,TypeScript,2021-2023,1.0,72.0,0.0,0.33,0
16,5,1,0,174,0,5,0,7,1.0,0,TypeScript,2021-2023,1.0,174.0,0.0,0.17,0
19,5,1,0,7,5,1,0,0,0.0,0,TypeScript,2021-2023,1.0,1.17,0.0,0.0,0
21,5,1,0,8,8,1,0,0,0.0,0,TypeScript,2021-2023,1.0,0.89,0.0,0.0,0
13,6,1,0,6,6,1,0,0,0.0,0,TypeScript,2021-2023,1.0,0.86,0.0,0.0,0
13,6,1,0,1,1,1,0,1,13.0,0,TypeScript,2021-2023,1.0,0.5,0.0,6.5,0
2,0,0,1,1,1,1,0,0,0.0,0,TypeScript,2021-2023,1.0,0.5,0.0,0.0,0
15,0,0,0,2,2,2,0,0,0.0,0,TypeScript,2021-2023,1.0,0.67,0.0,0.0,0
15,0,0,0,2,2,1,0,0,0.0,0,TypeScript,2021-2023,1.0,0.67,0.0,0.0,0
18,0,0,0,63,1,4,0,4,3.75,0,TypeScript,2021-2023,1.0,31.5,0.0,0.75,0
18,0,0,0,94,0,4,0,5,6.4,0,TypeScript,2021-2023,1.0,94.0,0.0,1.28,0
21,0,0,0,68,12,3,1,1,1.0,0,TypeScript,2021-2023,1.0,5.23,0.25,0.25,0
22,0,0,1,39,2,3,0,1,1.0,0,TypeScript,2021-2023,1.0,13.0,0.0,0.25,0
11,1,0,0,197,0,6,0,7,1.57,0,TypeScript,2021-2023,1.0,197.0,0.0,0.22,0
12,1,0,0,110,0,7,0,1,1.0,0,TypeScript,2021-2023,1.0,110.0,0.0,0.12,0
12,1,0,0,22,103,6,0,0,0.0,0,TypeScript,2021-2023,1.0,0.21,0.0,0.0,0
12,1,0,0,43,1,3,0,2,3.0,0,TypeScript,2021-2023,1.0,21.5,0.0,0.75,0
12,1,0,0,18,27,2,0,2,1.0,0,TypeScript,2021-2023,1.0,0.64,0.0,0.33,0
12,1,0,0,47,1,3,0,1,1.0,0,TypeScript,2021-2023,1.0,23.5,0.0,0.25,0
12,1,0,0,1008,927,48,0,237,1.49,0,TypeScript,2021-2023,1.0,1.09,0.0,0.03,0
13,1,0,0,927,1008,48,0,237,1.48,0,TypeScript,2021-2023,1.0,0.92,0.0,0.03,0
15,1,0,0,95,2,6,0,5,2.0,0,TypeScript,2021-2023,1.0,31.67,0.0,0.29,0
17,1,0,0,17,17,10,0,0,0.0,0,TypeScript,2021-2023,1.0,0.94,0.0,0.0,0
17,1,0,0,698,502,10,0,43,4.79,0,TypeScript,2021-2023,1.0,1.39,0.0,0.44,0
18,1,0,0,6711,15078,7,0,4,1.0,0,TypeScript,2021-2023,1.0,0.45,0.0,0.12,0
19,1,0,0,280,0,7,0,5,1.0,0,TypeScript,2021-2023,1.0,280.0,0.0,0.12,0
19,1,0,0,343,394,3,0,0,0.0,0,TypeScript,2021-2023,1.0,0.87,0.0,0.0,0
21,1,0,0,873,14,2,0,13,2.23,0,TypeScript,2021-2023,1.0,58.2,0.0,0.74,0
21,3,0,0,5,2,1,0,0,0.0,0,TypeScript,2021-2023,1.0,1.67,0.0,0.0,0
15,2,0,0,19,0,1,0,0,0.0,0,TypeScript,2021-2023,1.0,19.0,0.0,0.0,0
15,2,0,0,2,2,1,0,0,0.0,0,TypeScript,2021-2023,1.0,0.67,0.0,0.0,0
15,2,0,0,6,1,1,0,0,0.0,0,TypeScript,2021-2023,1.0,3.0,0.0,0.0,0
15,2,0,0,41,0,1,0,0,0.0,0,TypeScript,2021-2023,1.0,41.0,0.0,0.0,0
16,2,0,0,11067,1688,3,0,1,4.0,0,TypeScript,2021-2023,1.0,6.55,0.0,1.0,0
16,2,0,0,1,1,1,0,0,0.0,0,TypeScript,2021-2023,1.0,0.5,0.0,0.0,0
21,2,0,0,158,9,6,0,6,25.33,0,TypeScript,2021-2023,1.0,15.8,0.0,3.62,0
21,2,0,0,51,1,3,0,2,1.5,0,TypeScript,2021-2023,1.0,25.5,0.0,0.38,0
10,3,0,0,65,1,3,0,5,1.0,0,TypeScript,2021-2023,1.0,32.5,0.0,0.25,0
10,3,0,0,12,10,1,0,1,1.0,0,TypeScript,2021-2023,1.0,1.09,0.0,0.5,0
11,3,0,0,30,6,2,0,15,4.4,0,TypeScript,2021-2023,1.0,4.29,0.0,1.47,0
11,3,0,0,3,1,1,0,1,1.0,0,TypeScript,2021-2023,1.0,1.5,0.0,0.5,0
11,3,0,0,49,1,3,0,4,1.5,0,TypeScript,2021-2023,1.0,24.5,0.0,0.38,0
11,3,0,0,3,9,2,0,1,1.0,0,TypeScript,2021-2023,1.0,0.3,0.0,0.33,0
11,3,0,0,51,1,3,0,2,1.0,0,TypeScript,2021-2023,1.0,25.5,0.0,0.25,0
11,3,0,0,1,1,1,0,0,0.0,0,TypeScript,2021-2023,1.0,0.5,0.0,0.0,0
12,3,0,0,324,6,16,0,6,2.17,0,TypeScript,2021-2023,1.0,46.29,0.0,0.13,0
12,3,0,0,3,3,1,0,1,4.0,0,TypeScript,2021-2023,1.0,0.75,0.0,2.0,0
12,3,0,0,15,0,3,0,1,1.0,0,TypeScript,2021-2023,1.0,15.0,0.0,0.25,0
13,3,0,0,150,3,6,0,7,4.57,0,TypeScript,2021-2023,1.0,37.5,0.0,0.65,0
13,3,0,0,202,5,5,0,12,1.33,0,TypeScript,2021-2023,1.0,33.67,0.0,0.22,0
13,3,0,0,78,0,3,0,1,1.0,0,TypeScript,2021-2023,1.0,78.0,0.0,0.25,0
13,3,0,0,250,34,7,0,9,2.89,0,TypeScript,2021-2023,1.0,7.14,0.0,0.36,0
14,3,0,0,48,9,2,0,4,2.25,0,TypeScript,2021-2023,1.0,4.8,0.0,0.75,0
14,3,0,0,356,142,20,0,33,3.73,0,TypeScript,2021-2023,1.0,2.49,0.0,0.18,0
14,3,0,0,27,1,2,0,0,0.0,0,TypeScript,2021-2023,1.0,13.5,0.0,0.0,0
15,3,0,0,2,2,1,0,1,1.0,0,TypeScript,2021-2023,1.0,0.67,0.0,0.5,0
11,6,1,0,1196,24266,14,0,9,2.89,0,TypeScript,2021-2023,1.0,0.05,0.0,0.19,0
11,6,1,0,11,1,2,0,0,0.0,0,TypeScript,2021-2023,1.0,5.5,0.0,0.0,0
10,0,0,0,20434,0,1,0,0,0.0,0,TypeScript,2021-2023,1.0,20434.0,0.0,0.0,0
5,3,0,1,21,2,1,0,0,0.0,0,TypeScript,2021-2023,1.0,7.0,0.0,0.0,0
5,3,0,1,20,10,3,0,1,1.0,0,TypeScript,2021-2023,1.0,1.82,0.0,0.25,0
13,5,1,0,13932,8589,97,1,595,1.24,0,TypeScript,2021-2023,1.0,1.62,0.01,0.01,0
14,5,1,0,7,3,1,0,1,1.0,0,TypeScript,2021-2023,1.0,1.75,0.0,0.5,0
14,5,1,0,1,1,1,0,1,8.0,0,TypeScript,2021-2023,1.0,0.5,0.0,4.0,0
14,5,1,0,10,8,1,0,0,0.0,0,TypeScript,2021-2023,1.0,1.11,0.0,0.0,0
14,5,1,0,1,1,1,0,0,0.0,0,TypeScript,2021-2023,1.0,0.5,0.0,0.0,0
14,5,1,0,4,4,3,0,0,0.0,0,TypeScript,2021-2023,1.0,0.8,0.0,0.0,0
14,5,1,0,26,29,2,0,3,4.0,0,TypeScript,2021-2023,1.0,0.87,0.0,1.33,0
15,5,1,0,1,0,1,0,1,1.0,0,TypeScript,2021-2023,1.0,1.0,0.0,0.5,0
18,5,1,0,14,2,2,0,0,0.0,0,TypeScript,2021-2023,1.0,4.67,0.0,0.0,0
18,5,1,0,8,0,1,0,0,0.0,0,TypeScript,2021-2023,1.0,8.0,0.0,0.0,0
21,0,0,0,10,0,4,0,0,0.0,0,TypeScript,2021-2023,1.0,10.0,0.0,0.0,0
12,1,0,0,1,1,1,0,0,0.0,0,TypeScript,2021-2023,1.0,0.5,0.0,0.0,0
14,1,0,0,88,1,4,0,7,6.29,1,TypeScript,2021-2023,0.062,44.0,0.0,1.26,0
22,1,0,1,55,3,3,0,3,3.33,0,TypeScript,2021-2023,1.0,13.75,0.0,0.83,0
22,1,0,1,3,3,2,0,2,3.5,0,TypeScript,2021-2023,1.0,0.75,0.0,1.17,0
11,1,0,0,376,6,14,0,8,7.25,0,TypeScript,2021-2023,1.0,53.71,0.0,0.48,0
13,1,0,0,2,0,1,0,0,0.0,0,TypeScript,2021-2023,1.0,2.0,0.0,0.0,1
13,1,0,0,597,11227,3,0,1,4.0,0,TypeScript,2021-2023,1.0,0.05,0.0,1.0,0
14,1,0,0,118,2,3,0,2,12.5,0,TypeScript,2021-2023,1.0,39.33,0.0,3.12,0
15,1,0,0,3,1,1,0,1,1.0,0,TypeScript,2021-2023,1.0,1.5,0.0,0.5,0
15,1,0,0,140,6,5,0,13,3.54,0,TypeScript,2021-2023,1.0,20.0,0.0,0.59,0
15,1,0,0,8,0,2,0,0,0.0,0,TypeScript,2021-2023,1.0,8.0,0.0,0.0,0
15,1,0,0,5,0,1,0,0,0.0,0,TypeScript,2021-2023,1.0,5.0,0.0,0.0,0
15,1,0,0,5,2,1,0,0,0.0,0,TypeScript,2021-2023,1.0,1.67,0.0,0.0,0
15,1,0,0,119,4,7,0,4,9.0,0,TypeScript,2021-2023,1.0,23.8,0.0,1.12,0
15,1,0,0,113,1,4,0,8,2.62,0,TypeScript,2021-2023,1.0,56.5,0.0,0.52,0
16,1,0,0,27,1,2,0,2,9.0,0,TypeScript,2021-2023,1.0,13.5,0.0,3.0,0
22,1,0,1,507,39,18,0,14,4.64,0,TypeScript,2021-2023,1.0,12.68,0.0,0.24,0
22,1,0,1,352,3,8,1,7,1.0,0,TypeScript,2021-2023,1.0,88.0,0.11,0.11,0
23,1,0,1,144,22,5,0,7,4.14,0,TypeScript,2021-2023,1.0,6.26,0.0,0.69,0
23,1,0,1,114,115,3,0,0,0.0,0,TypeScript,2021-2023,1.0,0.98,0.0,0.0,0
14,2,0,0,1,1,1,0,1,1.0,0,TypeScript,2021-2023,1.0,0.5,0.0,0.5,0
11,0,0,0,1,1,1,0,1,9.0,0,TypeScript,2021-2023,1.0,0.5,0.0,4.5,0
7,1,0,0,12,11,1,0,0,0.0,0,TypeScript,2021-2023,1.0,1.0,0.0,0.0,0
12,1,0,0,75,1,4,0,3,1.0,0,TypeScript,2021-2023,1.0,37.5,0.0,0.2,0
12,1,0,0,8,1,2,0,0,0.0,0,TypeScript,2021-2023,1.0,4.0,0.0,0.0,0
12,5,1,0,5,5,1,0,0,0.0,0,TypeScript,2021-2023,1.0,0.83,0.0,0.0,0
12,5,1,0,1,1,1,0,0,0.0,0,TypeScript,2021-2023,1.0,0.5,0.0,0.0,0
17,5,1,0,2,2,1,0,0,0.0,0,TypeScript,2021-2023,1.0,0.67,0.0,0.0,0
17,5,1,0,1,1,1,0,0,0.0,0,TypeScript,2021-2023,1.0,0.5,0.0,0.0,0
17,5,1,0,23,23,1,0,0,0.0,0,TypeScript,2021-2023,1.0,0.96,0.0,0.0,0
17,5,1,0,2,2,1,0,0,0.0,0,TypeScript,2021-2023,1.0,0.67,0.0,0.0,0
17,5,1,0,19,0,1,0,0,0.0,0,TypeScript,2021-2023,1.0,19.0,0.0,0.0,0
17,5,1,0,149,0,4,0,1,1.0,0,TypeScript,2021-2023,1.0,149.0,0.0,0.2,0
17,5,1,0,1,0,1,0,0,0.0,0,TypeScript,2021-2023,1.0,1.0,0.0,0.0,0
18,5,1,0,14,0,2,0,0,0.0,0,TypeScript,2021-2023,1.0,14.0,0.0,0.0,0
20,5,1,0,81,1,3,0,3,3.0,0,TypeScript,2021-2023,1.0,40.5,0.0,0.75,0
20,5,1,0,3,2,1,0,1,8.0,0,TypeScript,2021-2023,1.0,1.0,0.0,4.0,0
20,5,1,0,14,9,1,0,4,1.25,0,TypeScript,2021-2023,1.0,1.4,0.0,0.62,0
20,5,1,0,74,29,7,0,10,2.4,0,TypeScript,2021-2023,1.0,2.47,0.0,0.3,0
20,5,1,0,3,3,2,0,1,1.0,0,TypeScript,2021-2023,1.0,0.75,0.0,0.33,0
20,5,1,0,4,0,1,0,1,9.0,0,TypeScript,2021-2023,1.0,4.0,0.0,4.5,0
20,5,1,0,3,3,2,0,2,2.0,0,TypeScript,2021-2023,1.0,0.75,0.0,0.67,0
20,5,1,0,113,24,10,1,11,3.0,0,TypeScript,2021-2023,1.0,4.52,0.09,0.27,0
20,5,1,0,92,1,3,0,2,1.0,0,TypeScript,2021-2023,1.0,46.0,0.0,0.25,0
14,5,1,0,1,1,1,0,0,0.0,0,TypeScript,2021-2023,1.0,0.5,0.0,0.0,0
14,5,1,0,31,26,2,0,0,0.0,0,TypeScript,2021-2023,1.0,1.15,0.0,0.0,0
18,4,0,0,1,1,1,0,0,0.0,0,TypeScript,2021-2023,1.0,0.5,0.0,0.0,0
14,5,1,0,1,1,1,0,0,0.0,0,TypeScript,2021-2023,1.0,0.5,0.0,0.0,0
14,5,1,0,4,4,1,0,0,0.0,0,TypeScript,2021-2023,1.0,0.8,0.0,0.0,0
14,5,1,0,1,1,1,0,0,0.0,0,TypeScript,2021-2023,1.0,0.5,0.0,0.0,0
14,5,1,0,1,1,1,0,0,0.0,0,TypeScript,2021-2023,1.0,0.5,0.0,0.0,0
15,5,1,0,132,2,5,0,7,1.57,0,TypeScript,2021-2023,1.0,44.0,0.0,0.26,0
15,5,1,0,36,0,3,0,2,1.5,0,TypeScript,2021-2023,1.0,36.0,0.0,0.38,0
9,3,0,0,0,3,1,1,2,4.5,0,TypeScript,2021-2023,1.0,0.0,0.5,2.25,0
15,0,0,0,48,10,8,0,12,13.67,1,TypeScript,2021-2023,0.4,4.36,0.0,1.52,0
21,0,0,0,23,6,3,0,2,7.0,0,TypeScript,2021-2023,1.0,3.29,0.0,1.75,1
2,1,0,1,960,826,16,0,55,6.73,1,TypeScript,2021-2023,0.4,1.16,0.0,0.4,0
3,1,0,1,18,1,6,0,12,17.92,1,TypeScript,2021-2023,0.4,9.0,0.0,2.56,0
3,1,0,1,1,1,1,0,0,0.0,0,TypeScript,2021-2023,1.0,0.5,0.0,0.0,0
4,1,0,1,526,309,10,0,26,3.92,1,TypeScript,2021-2023,0.4,1.7,0.0,0.36,0
6,1,0,0,419,147,6,0,19,2.47,1,TypeScript,2021-2023,0.4,2.83,0.0,0.35,1
7,1,0,0,76,24,7,0,6,3.83,1,TypeScript,2021-2023,0.4,3.04,0.0,0.48,0
10,1,0,0,4,2,2,0,1,27.0,0,TypeScript,2021-2023,1.0,1.33,0.0,9.0,0
15,1,0,0,6,8,1,0,3,5.0,0,TypeScript,2021-2023,1.0,0.67,0.0,2.5,1
3,2,0,1,5,0,1,0,0,0.0,0,TypeScript,2021-2023,1.0,5.0,0.0,0.0,0
3,2,0,1,396,163,14,0,28,3.36,1,TypeScript,2021-2023,0.4,2.41,0.0,0.22,2
4,2,0,1,4,12,2,0,0,0.0,0,TypeScript,2021-2023,1.0,0.31,0.0,0.0,0
4,2,0,1,135,121,15,0,15,2.4,1,TypeScript,2021-2023,0.4,1.11,0.0,0.15,0
4,2,0,1,1,1,1,0,0,0.0,1,TypeScript,2021-2023,0.4,0.5,0.0,0.0,0
5,2,0,1,0,0,1,0,0,0.0,0,TypeScript,2021-2023,1.0,0.0,0.0,0.0,1
5,2,0,1,11,18,1,0,0,0.0,0,TypeScript,2021-2023,1.0,0.58,0.0,0.0,0
8,2,0,0,16,14,1,0,2,5.0,0,TypeScript,2021-2023,1.0,1.07,0.0,2.5,1
3,3,0,1,621,144,17,0,37,5.62,0,TypeScript,2021-2023,1.0,4.28,0.0,0.31,0
3,3,0,1,7,2,2,0,2,23.0,0,TypeScript,2021-2023,1.0,2.33,0.0,7.67,0
3,3,0,1,791,493,3,0,11,8.45,0,TypeScript,2021-2023,1.0,1.6,0.0,2.11,1
5,3,0,1,60,26,7,0,15,10.8,1,TypeScript,2021-2023,0.4,2.22,0.0,1.35,0
18,3,0,0,1,1,1,0,0,0.0,1,TypeScript,2021-2023,0.4,0.5,0.0,0.0,0
21,3,0,0,14,9,2,0,2,7.5,0,TypeScript,2021-2023,1.0,1.4,0.0,2.5,1
23,3,0,1,77,60,7,0,11,3.73,0,TypeScript,2021-2023,1.0,1.26,0.0,0.47,0
3,4,0,1,5,4,4,0,1,2.0,0,TypeScript,2021-2023,1.0,1.0,0.0,0.4,1
4,4,0,1,138,4,3,0,5,2.2,0,TypeScript,2021-2023,1.0,27.6,0.0,0.55,0
4,4,0,1,16,22,4,0,7,3.86,1,TypeScript,2021-2023,0.4,0.7,0.0,0.77,0
8,4,0,0,2,0,3,0,1,9.0,0,TypeScript,2021-2023,1.0,2.0,0.0,2.25,1
8,4,0,0,21,11,6,0,0,0.0,0,TypeScript,2021-2023,1.0,1.75,0.0,0.0,1
8,4,0,0,76,19,3,0,4,6.0,0,TypeScript,2021-2023,1.0,3.8,0.0,1.5,1
8,4,0,0,21,15,1,0,1,8.0,1,TypeScript,2021-2023,0.4,1.31,0.0,4.0,3
8,4,0,0,16,7,2,0,3,2.0,1,TypeScript,2021-2023,0.4,2.0,0.0,0.67,4
9,4,0,0,1,1,1,0,0,0.0,0,TypeScript,2021-2023,1.0,0.5,0.0,0.0,1
16,4,0,0,7,2,2,0,3,2.33,0,TypeScript,2021-2023,1.0,2.33,0.0,0.78,0
21,4,0,0,165,47,11,0,12,5.92,1,TypeScript,2021-2023,0.4,3.44,0.0,0.49,1
11,5,1,0,328,126,21,0,35,3.26,1,TypeScript,2021-2023,0.4,2.58,0.0,0.15,2
15,5,1,0,53,79,7,0,8,5.38,1,TypeScript,2021-2023,0.4,0.66,0.0,0.67,1
15,5,1,0,1,1,1,0,1,3.0,0,TypeScript,2021-2023,1.0,0.5,0.0,1.5,1
15,5,1,0,15,15,3,0,0,0.0,0,TypeScript,2021-2023,1.0,0.94,0.0,0.0,3
17,5,1,0,2,2,2,0,2,1.5,1,TypeScript,2021-2023,0.4,0.67,0.0,0.5,1
18,5,1,0,1,1,1,0,2,5.0,0,TypeScript,2021-2023,1.0,0.5,0.0,2.5,1
23,5,1,1,7,2,1,0,2,8.0,1,TypeScript,2021-2023,0.4,2.33,0.0,4.0,3
5,6,1,1,1,1,1,0,0,0.0,0,TypeScript,2021-2023,1.0,0.5,0.0,0.0,2
15,6,1,0,8,2,1,0,0,0.0,1,TypeScript,2021-2023,0.4,2.67,0.0,0.0,0
12,0,0,0,49,15,4,0,4,4.5,0,TypeScript,2021-2023,1.0,3.06,0.0,0.9,1
14,0,0,0,80,0,3,0,3,7.0,1,TypeScript,2021-2023,0.4,80.0,0.0,1.75,1
16,0,0,0,59,6,4,0,8,3.25,1,TypeScript,2021-2023,0.4,8.43,0.0,0.65,0
16,0,0,0,11,6,1,0,3,3.33,0,TypeScript,2021-2023,1.0,1.57,0.0,1.66,2
7,1,0,0,302,281,58,1,47,3.34,1,TypeScript,2021-2023,0.4,1.07,0.02,0.06,2
18,2,0,0,200,16,5,0,7,4.0,0,TypeScript,2021-2023,1.0,11.76,0.0,0.67,2
19,2,0,0,9,8,1,0,1,14.0,0,TypeScript,2021-2023,1.0,1.0,0.0,7.0,2
19,2,0,0,0,0,1,0,0,0.0,1,TypeScript,2021-2023,0.4,0.0,0.0,0.0,0
4,3,0,1,2417,1400,33,0,114,6.96,1,TypeScript,2021-2023,0.4,1.73,0.0,0.2,1
11,3,0,0,1,1,1,0,2,3.5,1,TypeScript,2021-2023,0.4,0.5,0.0,1.75,2
17,3,0,0,28,22,8,0,5,4.6,1,TypeScript,2021-2023,0.4,1.22,0.0,0.51,1
15,4,0,0,49,47,2,0,3,7.67,1,TypeScript,2021-2023,0.4,1.02,0.0,2.56,3
16,4,0,0,5,1,1,0,1,4.0,0,TypeScript,2021-2023,1.0,2.5,0.0,2.0,4
20,4,0,0,3,0,1,0,0,0.0,0,TypeScript,2021-2023,1.0,3.0,0.0,0.0,1
19,5,1,0,1,1,1,0,0,0.0,1,TypeScript,2021-2023,0.4,0.5,0.0,0.0,0
0,6,1,1,32,15,4,0,0,0.0,1,TypeScript,2021-2023,0.4,2.0,0.0,0.0,3
5,6,1,1,0,2,2,0,0,0.0,0,TypeScript,2021-2023,1.0,0.0,0.0,0.0,1
14,6,1,0,8,15,5,0,3,6.67,0,TypeScript,2021-2023,1.0,0.5,0.0,1.11,1
15,6,1,0,2,2,2,0,1,15.0,1,TypeScript,2021-2023,0.4,0.67,0.0,5.0,5
0,0,0,1,12,8,2,0,5,4.0,1,TypeScript,2021-2023,0.4,1.33,0.0,1.33,6
0,0,0,1,14,4,4,0,3,4.33,0,TypeScript,2021-2023,1.0,2.8,0.0,0.87,7
0,0,0,1,58,10,2,0,6,1.17,0,TypeScript,2021-2023,1.0,5.27,0.0,0.39,7
8,0,0,0,2589,1973,51,0,178,2.99,1,TypeScript,2021-2023,0.4,1.31,0.0,0.06,7
11,0,0,0,53,4,1,0,3,7.67,0,TypeScript,2021-2023,1.0,10.6,0.0,3.84,4
15,0,0,0,14,295,5,0,8,12.38,0,TypeScript,2021-2023,1.0,0.05,0.0,2.06,1
16,0,0,0,1,4,1,0,1,2.0,0,TypeScript,2021-2023,1.0,0.2,0.0,1.0,1
16,0,0,0,75,34,25,0,8,5.12,0,TypeScript,2021-2023,1.0,2.14,0.0,0.2,4
4,1,0,1,75,206,11,0,24,2.71,1,TypeScript,2021-2023,0.4,0.36,0.0,0.23,8
4,1,0,1,69,74,2,0,4,4.0,1,TypeScript,2021-2023,0.4,0.92,0.0,1.33,9
13,1,0,0,3,3,1,0,3,3.67,1,TypeScript,2021-2023,0.4,0.75,0.0,1.84,4
17,1,0,0,5,8,1,0,2,6.0,1,TypeScript,2021-2023,0.4,0.56,0.0,3.0,1
5,2,0,1,306,150,10,0,19,6.32,1,TypeScript,2021-2023,0.4,2.03,0.0,0.57,2
14,2,0,0,255,38,8,0,14,2.21,1,TypeScript,2021-2023,0.4,6.54,0.0,0.25,0
15,2,0,0,87,101,27,0,18,4.39,1,TypeScript,2021-2023,0.4,0.85,0.0,0.16,2
2,4,0,1,149,179,11,0,17,2.18,0,TypeScript,2021-2023,1.0,0.83,0.0,0.18,2
8,4,0,0,27,11,4,0,5,5.2,1,TypeScript,2021-2023,0.4,2.25,0.0,1.04,4
17,4,0,0,1131,344,28,0,56,7.14,1,TypeScript,2021-2023,0.4,3.28,0.0,0.25,2
3,5,1,1,33,33,11,0,0,0.0,0,TypeScript,2021-2023,1.0,0.97,0.0,0.0,3
4,5,1,1,0,19,9,0,0,0.0,0,TypeScript,2021-2023,1.0,0.0,0.0,0.0,1
9,5,1,0,13,10,3,0,3,8.33,0,TypeScript,2021-2023,1.0,1.18,0.0,2.08,10
10,5,1,0,72,67,18,0,4,6.25,0,TypeScript,2021-2023,1.0,1.06,0.0,0.33,10
16,5,1,0,2,4,1,0,1,3.0,0,TypeScript,2021-2023,1.0,0.4,0.0,1.5,1
20,6,1,0,113,130,2,0,8,5.12,0,TypeScript,2021-2023,1.0,0.86,0.0,1.71,5
20,6,1,0,32,10,5,0,4,7.0,1,TypeScript,2021-2023,0.4,2.91,0.0,1.17,2
21,6,1,0,16,11,8,0,4,5.0,0,TypeScript,2021-2023,1.0,1.33,0.0,0.56,3
4,0,0,1,1,1,1,0,2,1.5,1,TypeScript,2021-2023,0.4,0.5,0.0,0.75,3
10,0,0,0,449,222,17,0,31,9.48,1,TypeScript,2021-2023,0.4,2.01,0.0,0.53,5
11,0,0,0,36,4,4,0,3,3.0,0,TypeScript,2021-2023,1.0,7.2,0.0,0.6,5
12,0,0,0,1,2,2,0,1,2.0,1,TypeScript,2021-2023,0.4,0.33,0.0,0.67,6
15,0,0,0,0,3,3,0,3,1.33,0,TypeScript,2021-2023,1.0,0.0,0.0,0.33,3
8,1,0,0,1,1,1,0,3,7.0,0,TypeScript,2021-2023,1.0,0.5,0.0,3.5,3
8,1,0,0,9,2,1,0,0,0.0,0,TypeScript,2021-2023,1.0,3.0,0.0,0.0,3
8,1,0,0,3,0,1,0,3,1.33,0,TypeScript,2021-2023,1.0,3.0,0.0,0.66,3
19,1,0,0,10,23,2,0,3,73.67,1,TypeScript,2021-2023,0.4,0.42,0.0,24.56,3
19,2,0,0,150,55,2,0,3,3.33,0,TypeScript,2021-2023,1.0,2.68,0.0,1.11,7
7,3,0,0,0,0,1,0,0,0.0,1,TypeScript,2021-2023,0.4,0.0,0.0,0.0,4
13,3,0,0,332,155,10,0,19,7.53,1,TypeScript,2021-2023,0.4,2.13,0.0,0.68,3
18,3,0,0,2,0,2,0,3,1.33,0,TypeScript,2021-2023,1.0,2.0,0.0,0.44,5
9,4,0,0,20,14,1,0,2,16.5,1,TypeScript,2021-2023,0.4,1.33,0.0,8.25,7
10,4,0,0,123,88,6,0,16,3.44,0,TypeScript,2021-2023,1.0,1.38,0.0,0.49,4
20,4,0,0,1,1,2,0,0,0.0,0,TypeScript,2021-2023,1.0,0.5,0.0,0.0,4
22,4,0,1,70,49,2,0,8,27.62,0,TypeScript,2021-2023,1.0,1.4,0.0,9.21,4
12,6,1,0,35,4,1,0,1,25.0,1,TypeScript,2021-2023,0.4,7.0,0.0,12.5,8
22,6,1,1,50,50,3,0,1,5.0,1,TypeScript,2021-2023,0.4,0.98,0.0,1.25,4
6,0,0,0,570,236,27,0,47,6.09,0,TypeScript,2021-2023,1.0,2.41,0.0,0.22,10
7,0,0,0,174,34,8,0,11,6.0,1,TypeScript,2021-2023,0.4,4.97,0.0,0.67,10
17,0,0,0,16,1,1,0,1,10.0,0,TypeScript,2021-2023,1.0,8.0,0.0,5.0,0
17,0,0,0,0,0,1,0,0,0.0,0,TypeScript,2021-2023,1.0,0.0,0.0,0.0,5
9,1,0,0,149,69,7,0,11,3.73,0,TypeScript,2021-2023,1.0,2.13,0.0,0.47,3
17,1,0,0,1,2,1,0,0,0.0,1,TypeScript,2021-2023,0.4,0.33,0.0,0.0,5
20,1,0,0,14,11,1,0,0,0.0,0,TypeScript,2021-2023,1.0,1.17,0.0,0.0,5
20,1,0,0,5,3,2,0,2,7.0,1,TypeScript,2021-2023,0.4,1.25,0.0,2.33,0
19,2,0,0,158,8,10,0,7,1.71,0,TypeScript,2021-2023,1.0,17.56,0.0,0.16,5
12,3,0,0,2,0,1,0,2,7.0,0,TypeScript,2021-2023,1.0,2.0,0.0,3.5,4
13,3,0,0,357,106,12,0,15,19.6,1,TypeScript,2021-2023,0.4,3.34,0.0,1.51,9
15,3,0,0,691,291,36,0,75,5.6,1,TypeScript,2021-2023,0.4,2.37,0.0,0.15,3
6,4,0,0,3489,1765,98,2,187,3.15,1,TypeScript,2021-2023,0.4,1.98,0.02,0.03,1
10,4,0,0,2,1,1,0,2,3.0,1,TypeScript,2021-2023,0.4,1.0,0.0,1.5,4
11,4,0,0,26,38,7,0,10,5.5,0,TypeScript,2021-2023,1.0,0.67,0.0,0.69,5
15,4,0,0,1,1,1,0,1,2.0,0,TypeScript,2021-2023,1.0,0.5,0.0,1.0,4
16,4,0,0,2,0,1,0,2,3.5,0,TypeScript,2021-2023,1.0,2.0,0.0,1.75,5
16,4,0,0,3,2,1,0,3,3.33,0,TypeScript,2021-2023,1.0,1.0,0.0,1.66,5
18,4,0,0,139,122,2,0,7,1.71,1,TypeScript,2021-2023,0.4,1.13,0.0,0.57,4
18,4,0,0,22,12,1,0,1,215.0,1,TypeScript,2021-2023,0.4,1.69,0.0,107.5,5
19,4,0,0,547,3377,63,0,31,7.32,1,TypeScript,2021-2023,0.4,0.16,0.0,0.11,5
20,4,0,0,7,1,2,0,3,1.67,0,TypeScript,2021-2023,1.0,3.5,0.0,0.56,5
21,4,0,0,308,183,18,0,32,3.69,0,TypeScript,2021-2023,1.0,1.67,0.0,0.19,5
22,4,0,1,13,9,7,0,2,6.5,1,TypeScript,2021-2023,0.4,1.3,0.0,0.81,6
11,5,1,0,33,14,3,0,5,1.6,0,TypeScript,2021-2023,1.0,2.2,0.0,0.4,5
5,1,0,1,112,130,7,0,12,3.92,0,TypeScript,2021-2023,1.0,0.85,0.0,0.49,5
5,1,0,1,4,1,1,0,3,3.33,0,TypeScript,2021-2023,1.0,2.0,0.0,1.66,5
0,2,0,1,95,201,13,0,17,2.41,0,TypeScript,2021-2023,1.0,0.47,0.0,0.17,6
20,2,0,0,197,1,5,0,5,5.2,0,TypeScript,2021-2023,1.0,98.5,0.0,0.87,0
23,2,0,1,4,2,1,0,4,6.0,0,TypeScript,2021-2023,1.0,1.33,0.0,3.0,0
23,2,0,1,53,39,1,0,2,4.5,0,TypeScript,2021-2023,1.0,1.32,0.0,2.25,0
8,3,0,0,25959,385,120,0,3,1.0,0,TypeScript,2021-2023,1.0,67.25,0.0,0.01,0
8,3,0,0,53,53,5,0,0,0.0,0,TypeScript,2021-2023,1.0,0.98,0.0,0.0,0
10,3,0,0,16,54,11,0,13,4.23,0,TypeScript,2021-2023,1.0,0.29,0.0,0.35,0
10,3,0,0,14,16,9,0,2,1.0,0,TypeScript,2021-2023,1.0,0.82,0.0,0.1,0
11,3,0,0,1,1,1,0,1,1.0,0,TypeScript,2021-2023,1.0,0.5,0.0,0.5,0
11,3,0,0,1736,1285,35,0,106,6.13,0,TypeScript,2021-2023,1.0,1.35,0.0,0.17,4
11,3,0,0,17,1,1,0,0,0.0,0,TypeScript,2021-2023,1.0,8.5,0.0,0.0,0
11,3,0,0,435,506,2,0,11,2.55,0,TypeScript,2021-2023,1.0,0.86,0.0,0.85,10
13,3,0,0,10,6,6,0,0,0.0,0,TypeScript,2021-2023,1.0,1.43,0.0,0.0,0
15,3,0,0,159,160,3,0,22,1.45,0,TypeScript,2021-2023,1.0,0.99,0.0,0.36,0
18,3,0,0,9,5,1,0,1,2.0,1,TypeScript,2021-2023,0.4,1.5,0.0,1.0,4
18,3,0,0,34466,23192,19,0,0,0.0,0,TypeScript,2021-2023,1.0,1.49,0.0,0.0,0
18,3,0,0,40,40,3,0,0,0.0,0,TypeScript,2021-2023,1.0,0.98,0.0,0.0,0
18,3,0,0,0,2,2,0,0,0.0,0,TypeScript,2021-2023,1.0,0.0,0.0,0.0,0
19,3,0,0,19,19,2,0,0,0.0,0,TypeScript,2021-2023,1.0,0.95,0.0,0.0,0
19,3,0,0,8,17,1,0,0,0.0,0,TypeScript,2021-2023,1.0,0.44,0.0,0.0,0
19,3,0,0,193,128,3,0,0,0.0,0,TypeScript,2021-2023,1.0,1.5,0.0,0.0,0
19,3,0,0,21,24,2,0,1,5.0,1,TypeScript,2021-2023,0.4,0.84,0.0,1.67,7
20,3,0,0,209,165,23,0,30,3.17,1,TypeScript,2021-2023,0.4,1.26,0.0,0.13,10
21,3,0,0,21,21,3,0,0,0.0,0,TypeScript,2021-2023,1.0,0.95,0.0,0.0,5
22,3,0,1,104,42,7,0,10,4.8,0,TypeScript,2021-2023,1.0,2.42,0.0,0.6,0
22,3,0,1,1,1,1,0,1,1.0,0,TypeScript,2021-2023,1.0,0.5,0.0,0.5,0
4,4,0,1,6,2,2,0,3,2.0,1,TypeScript,2021-2023,0.4,2.0,0.0,0.67,5
10,4,0,0,3,3,1,0,3,3.33,0,TypeScript,2021-2023,1.0,0.75,0.0,1.66,11
11,4,0,0,19,4,3,0,8,10.62,0,TypeScript,2021-2023,1.0,3.8,0.0,2.66,0
11,4,0,0,27,27,6,0,4,5.25,0,TypeScript,2021-2023,1.0,0.96,0.0,0.75,0
14,4,0,0,47,29,12,0,18,4.33,0,TypeScript,2021-2023,1.0,1.57,0.0,0.33,0
14,4,0,0,17,15,3,0,4,7.25,0,TypeScript,2021-2023,1.0,1.06,0.0,1.81,11
16,4,0,0,2,1,1,0,0,0.0,0,TypeScript,2021-2023,1.0,1.0,0.0,0.0,0
16,4,0,0,5,2,1,0,1,19.0,0,TypeScript,2021-2023,1.0,1.67,0.0,9.5,5
17,4,0,0,2,2,2,0,0,0.0,0,TypeScript,2021-2023,1.0,0.67,0.0,0.0,0
17,4,0,0,1,1,1,0,0,0.0,0,TypeScript,2021-2023,1.0,0.5,0.0,0.0,0
17,4,0,0,1,1,1,0,0,0.0,0,TypeScript,2021-2023,1.0,0.5,0.0,0.0,0
18,4,0,0,11784,11704,1,0,0,0.0,0,TypeScript,2021-2023,1.0,1.01,0.0,0.0,0
19,4,0,0,8,1,4,0,0,0.0,1,TypeScript,2021-2023,0.4,4.0,0.0,0.0,6
22,4,0,1,96,32,8,0,11,4.45,1,TypeScript,2021-2023,0.4,2.91,0.0,0.49,6
0,5,1,1,1940,1967,57,0,150,2.91,1,TypeScript,2021-2023,0.4,0.99,0.0,0.05,5
1,5,1,1,2,2,3,0,0,0.0,0,TypeScript,2021-2023,1.0,0.67,0.0,0.0,7
1,5,1,1,19,15,2,0,1,3.0,1,TypeScript,2021-2023,0.4,1.19,0.0,1.0,8
1,5,1,1,13,8,5,0,4,3.25,0,TypeScript,2021-2023,1.0,1.44,0.0,0.54,7
5,5,1,1,20,9,1,0,1,1.0,1,TypeScript,2021-2023,0.4,2.0,0.0,0.5,9
16,5,1,0,388,0,3,0,10,4.9,0,TypeScript,2021-2023,1.0,388.0,0.0,1.23,0
22,5,1,1,20,7,1,0,2,1.0,1,TypeScript,2021-2023,0.4,2.5,0.0,0.5,11
22,5,1,1,8,4,2,0,3,4.33,1,TypeScript,2021-2023,0.4,1.6,0.0,1.44,12
22,5,1,1,8,28,2,0,3,1.0,0,TypeScript,2021-2023,1.0,0.28,0.0,0.33,13
22,5,1,1,1,16,1,0,1,18.0,0,TypeScript,2021-2023,1.0,0.06,0.0,9.0,7
8,6,1,0,91,44,3,0,3,3.67,1,TypeScript,2021-2023,0.4,2.02,0.0,0.92,13
17,6,1,0,163,154,5,0,9,4.22,0,TypeScript,2021-2023,1.0,1.05,0.0,0.7,14
6,0,0,0,397,0,2,0,12,1.75,0,TypeScript,2021-2023,1.0,397.0,0.0,0.58,0
8,0,0,0,7,10,2,0,2,2.0,0,TypeScript,2021-2023,1.0,0.64,0.0,0.67,14
9,0,0,0,15,10,2,0,3,1.33,0,TypeScript,2021-2023,1.0,1.36,0.0,0.44,6
9,0,0,0,1,1,1,0,2,4.0,1,TypeScript,2021-2023,0.4,0.5,0.0,2.0,6
11,0,0,0,25796,36881,15,0,0,0.0,0,TypeScript,2021-2023,1.0,0.7,0.0,0.0,0
12,0,0,0,41,34,11,0,2,11.0,0,TypeScript,2021-2023,1.0,1.17,0.0,0.92,0
15,0,0,0,292,285,21,0,13,5.23,0,TypeScript,2021-2023,1.0,1.02,0.0,0.24,0
22,0,0,1,144,43,4,0,11,2.64,0,TypeScript,2021-2023,1.0,3.27,0.0,0.53,0
16,1,0,0,29,11,1,0,2,16.5,0,TypeScript,2021-2023,1.0,2.42,0.0,8.25,0
16,1,0,0,72,41,2,0,5,3.6,0,TypeScript,2021-2023,1.0,1.71,0.0,1.2,14
16,1,0,0,29,15,2,0,2,1.5,0,TypeScript,2021-2023,1.0,1.81,0.0,0.5,14
16,1,0,0,11,2,2,0,1,1.0,0,TypeScript,2021-2023,1.0,3.67,0.0,0.33,0
16,1,0,0,3,166,4,0,9,2.22,0,TypeScript,2021-2023,1.0,0.02,0.0,0.44,0
17,1,0,0,0,60,2,0,2,2.0,0,TypeScript,2021-2023,1.0,0.0,0.0,0.67,0
17,1,0,0,181,139,40,0,48,5.21,1,TypeScript,2021-2023,0.4,1.29,0.0,0.13,7
19,1,0,0,1,1,1,0,0,0.0,1,TypeScript,2021-2023,0.4,0.5,0.0,0.0,14
19,1,0,0,37,7,3,0,8,3.75,0,TypeScript,2021-2023,1.0,4.62,0.0,0.94,0
20,1,0,0,1,1,1,0,2,2.5,0,TypeScript,2021-2023,1.0,0.5,0.0,1.25,0
20,1,0,0,3,1,1,0,2,3.0,0,TypeScript,2021-2023,1.0,1.5,0.0,1.5,0
0,2,0,1,15,15,5,0,2,1.0,0,TypeScript,2021-2023,1.0,0.94,0.0,0.17,0
0,2,0,1,4,4,2,0,0,0.0,0,TypeScript,2021-2023,1.0,0.8,0.0,0.0,0
13,2,0,0,1,1,1,0,0,0.0,0,TypeScript,2021-2023,1.0,0.5,0.0,0.0,0
15,2,0,0,42,29,4,0,4,3.25,0,TypeScript,2021-2023,1.0,1.4,0.0,0.65,0
16,2,0,0,25,17,3,0,7,7.14,0,TypeScript,2021-2023,1.0,1.39,0.0,1.78,0
16,2,0,0,1,1,1,0,1,3.0,0,TypeScript,2021-2023,1.0,0.5,0.0,1.5,0
20,2,0,0,111,41,2,0,6,1.83,0,TypeScript,2021-2023,1.0,2.64,0.0,0.61,0
7,3,0,0,413,17,17,0,16,2.38,0,TypeScript,2021-2023,1.0,22.94,0.0,0.13,6
16,3,0,0,261,97,12,0,26,7.58,0,TypeScript,2021-2023,1.0,2.66,0.0,0.58,0
16,3,0,0,13,1,1,0,1,1.0,0,TypeScript,2021-2023,1.0,6.5,0.0,0.5,0
0,4,0,1,1,1,1,0,1,1.0,1,TypeScript,2021-2023,0.4,0.5,0.0,0.5,10
10,4,0,0,13,1,1,0,2,4.5,0,TypeScript,2021-2023,1.0,6.5,0.0,2.25,0
15,4,0,0,41,2,1,0,4,8.5,0,TypeScript,2021-2023,1.0,13.67,0.0,4.25,0
20,4,0,0,1,1,1,0,2,4.5,0,TypeScript,2021-2023,1.0,0.5,0.0,2.25,0
21,4,0,0,2,2,2,0,2,7.0,0,TypeScript,2021-2023,1.0,0.67,0.0,2.33,0
11,5,1,0,298,123,2,0,2,4.0,0,TypeScript,2021-2023,1.0,2.4,0.0,1.33,0
11,5,1,0,2,2,2,0,0,0.0,0,TypeScript,2021-2023,1.0,0.67,0.0,0.0,0
14,6,1,0,1,1,1,0,0,0.0,0,TypeScript,2021-2023,1.0,0.5,0.0,0.0,0
16,0,0,0,17,18,1,0,3,9.67,1,TypeScript,2021-2023,0.4,0.89,0.0,4.84,7
20,0,0,0,4510,537,56,0,196,3.92,0,TypeScript,2021-2023,1.0,8.38,0.0,0.07,0
3,1,0,1,368,225,3,0,12,3.0,0,TypeScript,2021-2023,1.0,1.63,0.0,0.75,0
9,1,0,0,3,3,2,0,1,11.0,0,TypeScript,2021-2023,1.0,0.75,0.0,3.67,0
13,1,0,0,1842,644,88,0,174,4.4,1,TypeScript,2021-2023,0.4,2.86,0.0,0.05,11
17,1,0,0,25871,25719,5,0,0,0.0,0,TypeScript,2021-2023,1.0,1.01,0.0,0.0,0
18,1,0,0,8,4,4,0,0,0.0,0,TypeScript,2021-2023,1.0,1.6,0.0,0.0,0
19,1,0,0,51,75,3,0,9,3.0,0,TypeScript,2021-2023,1.0,0.67,0.0,0.75,0
21,1,0,0,91,91,2,0,7,1.57,0,TypeScript,2021-2023,1.0,0.99,0.0,0.52,6
21,1,0,0,3,15,1,0,1,213.0,0,TypeScript,2021-2023,1.0,0.19,0.0,106.5,15
0,2,0,1,24,23,1,0,0,0.0,0,TypeScript,2021-2023,1.0,1.0,0.0,0.0,0
1,2,0,1,1,1,1,0,3,4.0,0,TypeScript,2021-2023,1.0,0.5,0.0,2.0,0
3,2,0,1,2,2,2,0,4,2.75,1,TypeScript,2021-2023,0.4,0.67,0.0,0.92,6
6,2,0,0,11,3,2,0,2,8.5,1,TypeScript,2021-2023,0.4,2.75,0.0,2.83,1
7,2,0,0,0,1,1,0,1,11.0,0,TypeScript,2021-2023,1.0,0.0,0.0,5.5,0
9,2,0,0,10,0,1,0,1,216.0,0,TypeScript,2021-2023,1.0,10.0,0.0,108.0,15
12,2,0,0,447,22,15,0,28,4.07,0,TypeScript,2021-2023,1.0,19.43,0.0,0.25,0
12,2,0,0,2,3,2,0,6,5.17,0,TypeScript,2021-2023,1.0,0.5,0.0,1.72,0
15,2,0,0,5,2,1,0,0,0.0,0,TypeScript,2021-2023,1.0,1.67,0.0,0.0,0
16,2,0,0,1312,556,27,0,38,3.55,1,TypeScript,2021-2023,0.4,2.36,0.0,0.13,7
17,2,0,0,3,1,2,0,2,4.5,0,TypeScript,2021-2023,1.0,1.5,0.0,1.5,0
18,2,0,0,1,1,1,0,0,0.0,1,TypeScript,2021-2023,0.4,0.5,0.0,0.0,8
19,2,0,0,205,186,5,0,13,4.69,0,TypeScript,2021-2023,1.0,1.1,0.0,0.78,9
19,2,0,0,341,348,7,0,13,4.85,0,TypeScript,2021-2023,1.0,0.98,0.0,0.61,15
4,3,0,1,2,2,1,0,0,0.0,1,TypeScript,2021-2023,0.4,0.67,0.0,0.0,0
8,3,0,0,23,14,10,0,5,2.8,1,TypeScript,2021-2023,0.4,1.53,0.0,0.25,9
9,3,0,0,3,0,1,0,3,1.33,0,TypeScript,2021-2023,1.0,3.0,0.0,0.66,10
9,3,0,0,25,5,1,0,0,0.0,0,TypeScript,2021-2023,1.0,4.17,0.0,0.0,15
9,3,0,0,32,32,5,0,6,3.67,0,TypeScript,2021-2023,1.0,0.97,0.0,0.61,10
10,3,0,0,35,48,5,0,1,4.0,1,TypeScript,2021-2023,0.4,0.71,0.0,0.67,12
14,3,0,0,57,36,3,0,10,12.0,0,TypeScript,2021-2023,1.0,1.54,0.0,3.0,0
16,3,0,0,139,289,3,0,3,3.0,0,TypeScript,2021-2023,1.0,0.48,0.0,0.75,0
18,3,0,0,522,4,4,0,15,12.47,0,TypeScript,2021-2023,1.0,104.4,0.0,2.49,0
22,3,0,1,112,42,4,0,13,10.23,0,TypeScript,2021-2023,1.0,2.6,0.0,2.05,0
23,3,0,1,36,11,1,0,1,1.0,0,TypeScript,2021-2023,1.0,3.0,0.0,0.5,0
12,4,0,0,1,1,1,0,0,0.0,0,TypeScript,2021-2023,1.0,0.5,0.0,0.0,0
14,4,0,0,1,1,1,0,0,0.0,0,TypeScript,2021-2023,1.0,0.5,0.0,0.0,0
14,4,0,0,1,1,1,0,0,0.0,0,TypeScript,2021-2023,1.0,0.5,0.0,0.0,0
14,4,0,0,2,2,2,0,0,0.0,0,TypeScript,2021-2023,1.0,0.67,0.0,0.0,0
17,4,0,0,127,43,9,0,11,4.82,0,TypeScript,2021-2023,1.0,2.89,0.0,0.48,0
18,4,0,0,6,4,2,0,1,2.0,0,TypeScript,2021-2023,1.0,1.2,0.0,0.67,0
18,4,0,0,15,7,3,0,5,12.6,0,TypeScript,2021-2023,1.0,1.88,0.0,3.15,0
13,5,1,0,140,190,3,0,10,3.6,0,TypeScript,2021-2023,1.0,0.73,0.0,0.9,0
14,5,1,0,3,2,2,0,1,2.0,0,TypeScript,2021-2023,1.0,1.0,0.0,0.67,0
14,5,1,0,1,1,1,0,0,0.0,0,TypeScript,2021-2023,1.0,0.5,0.0,0.0,0
14,5,1,0,2,2,2,0,0,0.0,0,TypeScript,2021-2023,1.0,0.67,0.0,0.0,0
22,5,1,1,96,38,4,0,12,5.58,0,TypeScript,2021-2023,1.0,2.46,0.0,1.12,0
22,6,1,1,742,6,15,0,32,2.0,0,TypeScript,2021-2023,1.0,106.0,0.0,0.12,0
22,6,1,1,3,2,2,0,1,6.0,0,TypeScript,2021-2023,1.0,1.0,0.0,2.0,0
12,0,0,0,34,30,3,0,7,1.57,0,TypeScript,2021-2023,1.0,1.1,0.0,0.39,15
12,0,0,0,30,29,1,0,6,4.0,0,TypeScript,2021-2023,1.0,1.0,0.0,2.0,10
20,0,0,0,9,2,1,0,1,4.0,0,TypeScript,2021-2023,1.0,3.0,0.0,2.0,0
7,1,0,0,354,239,20,0,24,2.88,0,TypeScript,2021-2023,1.0,1.48,0.0,0.14,10
12,1,0,0,69,12,5,0,9,4.89,0,TypeScript,2021-2023,1.0,5.31,0.0,0.82,0
12,1,0,0,2,2,1,0,2,5.0,0,TypeScript,2021-2023,1.0,0.67,0.0,2.5,0
14,1,0,0,32,1,2,0,2,29.0,0,TypeScript,2021-2023,1.0,16.0,0.0,9.67,0
16,1,0,0,43,32,3,0,10,4.0,0,TypeScript,2021-2023,1.0,1.3,0.0,1.0,0
16,1,0,0,0,1,1,0,0,0.0,0,TypeScript,2021-2023,1.0,0.0,0.0,0.0,0
22,1,0,1,201,336,32,1,49,2.12,1,TypeScript,2021-2023,0.4,0.6,0.03,0.06,7
22,1,0,1,4,8,2,0,2,30.0,0,TypeScript,2021-2023,1.0,0.44,0.0,10.0,0
23,1,0,1,18,0,1,0,2,4.5,0,TypeScript,2021-2023,1.0,18.0,0.0,2.25,0
23,1,0,1,10,1,1,0,3,5.0,0,TypeScript,2021-2023,1.0,5.0,0.0,2.5,0
10,2,0,0,392,311,5,0,10,4.9,1,TypeScript,2021-2023,0.4,1.26,0.0,0.82,10
10,2,0,0,20,7,1,0,1,4.0,0,TypeScript,2021-2023,1.0,2.5,0.0,2.0,0
10,2,0,0,58,31,4,0,6,13.83,0,TypeScript,2021-2023,1.0,1.81,0.0,2.77,0
11,2,0,0,2767,1779,68,0,144,6.03,1,TypeScript,2021-2023,0.4,1.55,0.0,0.09,8
12,2,0,0,43,11,9,0,4,1.0,0,TypeScript,2021-2023,1.0,3.58,0.0,0.1,0
12,2,0,0,4,7,2,0,1,1.0,0,TypeScript,2021-2023,1.0,0.5,0.0,0.33,0
17,2,0,0,23,12,1,0,1,9.0,1,TypeScript,2021-2023,0.4,1.77,0.0,4.5,9
17,2,0,0,402,151,25,0,35,3.71,0,TypeScript,2021-2023,1.0,2.64,0.0,0.14,11
18,2,0,0,20,3,4,0,4,7.5,0,TypeScript,2021-2023,1.0,5.0,0.0,1.5,0
22,2,0,1,1232,16,3,0,48,2.31,0,TypeScript,2021-2023,1.0,72.47,0.0,0.58,0
10,3,0,0,3,3,3,0,3,9.67,0,TypeScript,2021-2023,1.0,0.75,0.0,2.42,0
19,3,0,0,165,90,7,0,17,4.65,0,TypeScript,2021-2023,1.0,1.81,0.0,0.58,11
13,4,0,0,118,631,3,0,50,1.92,0,TypeScript,2021-2023,1.0,0.19,0.0,0.48,0
16,4,0,0,0,1,1,0,0,0.0,0,TypeScript,2021-2023,1.0,0.0,0.0,0.0,0
17,4,0,0,543,710,22,0,27,4.74,1,TypeScript,2021-2023,0.062,0.76,0.0,0.21,0
17,4,0,0,39,11,3,0,6,4.67,0,TypeScript,2021-2023,1.0,3.25,0.0,1.17,1
18,4,0,0,276,3,9,0,8,4.38,0,TypeScript,2021-2023,1.0,69.0,0.0,0.44,1
20,4,0,0,239,0,6,0,5,3.6,0,TypeScript,2021-2023,1.0,239.0,0.0,0.51,0
22,4,0,1,5,5,2,0,3,3.0,0,TypeScript,2021-2023,1.0,0.83,0.0,1.0,0
23,4,0,1,1,1,1,0,0,0.0,0,TypeScript,2021-2023,1.0,0.5,0.0,0.0,0
23,4,0,1,1,1,1,0,1,10.0,0,TypeScript,2021-2023,1.0,0.5,0.0,5.0,0
18,6,1,0,1242,3,3,0,2,4.5,0,TypeScript,2021-2023,1.0,310.5,0.0,1.12,1
19,6,1,0,0,1,1,0,1,10.0,0,TypeScript,2021-2023,1.0,0.0,0.0,5.0,0
3,0,0,1,74,54,14,0,4,1.0,0,TypeScript,2021-2023,1.0,1.35,0.0,0.07,0
3,0,0,1,0,0,5,0,0,0.0,0,TypeScript,2021-2023,1.0,0.0,0.0,0.0,0
3,0,0,1,15,2,4,0,2,1.0,0,TypeScript,2021-2023,1.0,5.0,0.0,0.2,0
3,0,0,1,0,0,2,0,0,0.0,0,TypeScript,2021-2023,1.0,0.0,0.0,0.0,0
3,0,0,1,45,5,9,0,4,1.0,0,TypeScript,2021-2023,1.0,7.5,0.0,0.1,0
3,0,0,1,0,0,2,0,0,0.0,0,TypeScript,2021-2023,1.0,0.0,0.0,0.0,0
3,0,0,1,82,19,18,0,7,1.0,0,TypeScript,2021-2023,1.0,4.1,0.0,0.05,0
3,0,0,1,0,34,7,0,0,0.0,0,TypeScript,2021-2023,1.0,0.0,0.0,0.0,0
3,0,0,1,14,3,6,0,3,1.0,0,TypeScript,2021-2023,1.0,3.5,0.0,0.14,0
3,0,0,1,0,0,3,0,0,0.0,0,TypeScript,2021-2023,1.0,0.0,0.0,0.0,0
3,0,0,1,2,11,4,0,2,1.0,0,TypeScript,2021-2023,1.0,0.17,0.0,0.2,0
3,0,0,1,24,5,15,0,5,1.0,0,TypeScript,2021-2023,1.0,4.0,0.0,0.06,0
3,0,0,1,9,2,6,0,2,1.0,0,TypeScript,2021-2023,1.0,3.0,0.0,0.14,0
3,0,0,1,109,57,17,0,4,1.25,0,TypeScript,2021-2023,1.0,1.88,0.0,0.07,0
3,0,0,1,25,7,3,0,0,0.0,0,TypeScript,2021-2023,1.0,3.12,0.0,0.0,0
3,0,0,1,64,90,13,0,0,0.0,0,TypeScript,2021-2023,1.0,0.7,0.0,0.0,0
4,0,0,1,127,77,26,0,4,1.0,0,TypeScript,2021-2023,1.0,1.63,0.0,0.04,0
4,0,0,1,157,113,36,0,6,1.0,0,TypeScript,2021-2023,1.0,1.38,0.0,0.03,0
12,0,0,0,65,12,24,0,10,1.0,0,TypeScript,2021-2023,1.0,5.0,0.0,0.04,0
12,0,0,0,2,2,2,0,0,0.0,0,TypeScript,2021-2023,1.0,0.67,0.0,0.0,1
12,0,0,0,1,1,1,0,0,0.0,0,TypeScript,2021-2023,1.0,0.5,0.0,0.0,1
12,0,0,0,1,1,1,0,0,0.0,0,TypeScript,2021-2023,1.0,0.5,0.0,0.0,1
12,0,0,0,23,12,5,0,2,1.0,0,TypeScript,2021-2023,1.0,1.77,0.0,0.17,0
12,0,0,0,18,19,6,0,3,1.0,0,TypeScript,2021-2023,1.0,0.9,0.0,0.14,0
14,0,0,0,45,7,8,0,7,1.43,0,TypeScript,2021-2023,1.0,5.62,0.0,0.16,0
1,1,0,1,3,3,3,0,3,7.33,0,TypeScript,2021-2023,1.0,0.75,0.0,1.83,1
1,1,0,1,1,1,1,0,0,0.0,0,TypeScript,2021-2023,1.0,0.5,0.0,0.0,1
9,1,0,0,3547,1093,181,0,107,6.17,1,TypeScript,2021-2023,0.4,3.24,0.0,0.03,5
17,1,0,0,2085,143,11,0,20,11.1,0,TypeScript,2021-2023,1.0,14.48,0.0,0.92,1
17,1,0,0,16,4,3,0,0,0.0,0,TypeScript,2021-2023,1.0,3.2,0.0,0.0,0
17,1,0,0,54,14,8,0,0,0.0,0,TypeScript,2021-2023,1.0,3.6,0.0,0.0,0
17,1,0,0,4,4,2,0,0,0.0,0,TypeScript,2021-2023,1.0,0.8,0.0,0.0,0
23,1,0,1,120,29,4,0,8,23.62,0,TypeScript,2021-2023,1.0,4.0,0.0,4.72,1
1,2,0,1,2,0,1,0,1,24.0,0,TypeScript,2021-2023,1.0,2.0,0.0,12.0,0
2,2,0,1,9,0,1,0,0,0.0,0,TypeScript,2021-2023,1.0,9.0,0.0,0.0,6
9,2,0,0,2,2,2,0,0,0.0,1,TypeScript,2021-2023,0.4,0.67,0.0,0.0,11
16,2,0,0,2,2,2,0,0,0.0,0,TypeScript,2021-2023,1.0,0.67,0.0,0.0,1
16,2,0,0,1,1,1,0,0,0.0,0,TypeScript,2021-2023,1.0,0.5,0.0,0.0,1
18,2,0,0,1,1,1,0,0,0.0,0,TypeScript,2021-2023,1.0,0.5,0.0,0.0,1
21,2,0,0,2,11,2,0,2,8.0,0,TypeScript,2021-2023,1.0,0.17,0.0,2.67,1
23,2,0,1,464,51,5,0,21,6.29,0,TypeScript,2021-2023,1.0,8.92,0.0,1.05,1
0,3,0,1,579,78,9,0,56,3.21,0,TypeScript,2021-2023,1.0,7.33,0.0,0.32,1
1,3,0,1,11,10,1,0,4,1.75,0,TypeScript,2021-2023,1.0,1.0,0.0,0.88,1
1,3,0,1,1,1,1,0,3,14.33,0,TypeScript,2021-2023,1.0,0.5,0.0,7.16,1
5,3,0,1,279,842,19,0,49,2.9,0,TypeScript,2021-2023,1.0,0.33,0.0,0.14,11
11,3,0,0,116,248,71,0,22,1.0,0,TypeScript,2021-2023,1.0,0.47,0.0,0.01,0
12,3,0,0,116,248,71,0,22,1.0,0,TypeScript,2021-2023,1.0,0.47,0.0,0.01,0
12,3,0,0,1,1,1,0,1,1.0,0,TypeScript,2021-2023,1.0,0.5,0.0,0.5,0
12,3,0,0,1,1,1,0,0,0.0,0,TypeScript,2021-2023,1.0,0.5,0.0,0.0,0
17,3,0,0,223,42,10,0,8,5.38,0,TypeScript,2021-2023,1.0,5.19,0.0,0.49,1
20,3,0,0,15,13,2,0,3,6.67,0,TypeScript,2021-2023,1.0,1.07,0.0,2.22,1
1,4,0,1,68,9,1,0,2,1.0,0,TypeScript,2021-2023,1.0,6.8,0.0,0.5,1
9,4,0,0,59,4,1,0,2,9.0,0,TypeScript,2021-2023,1.0,11.8,0.0,4.5,0
9,4,0,0,1,1,1,0,0,0.0,0,TypeScript,2021-2023,1.0,0.5,0.0,0.0,0
12,4,0,0,98,109,5,0,14,4.07,0,TypeScript,2021-2023,1.0,0.89,0.0,0.68,0
12,4,0,0,135,0,3,0,5,1.8,0,TypeScript,2021-2023,1.0,135.0,0.0,0.45,0
12,4,0,0,104,0,2,0,2,3.0,0,TypeScript,2021-2023,1.0,104.0,0.0,1.0,0
12,4,0,0,67,0,2,0,2,1.5,0,TypeScript,2021-2023,1.0,67.0,0.0,0.5,0
12,4,0,0,3,4,2,0,2,4.0,0,TypeScript,2021-2023,1.0,0.6,0.0,1.33,0
12,4,0,0,1,1,1,0,0,0.0,0,TypeScript,2021-2023,1.0,0.5,0.0,0.0,0
14,4,0,0,19,6,1,0,3,7.33,0,TypeScript,2021-2023,1.0,2.71,0.0,3.66,0
16,4,0,0,14,7,1,0,2,7.0,0,TypeScript,2021-2023,1.0,1.75,0.0,3.5,1
11,5,1,0,0,2,2,0,0,0.0,0,TypeScript,2021-2023,1.0,0.0,0.0,0.0,0
17,5,1,0,1,1,1,0,1,1.0,0,TypeScript,2021-2023,1.0,0.5,0.0,0.5,0
23,6,1,1,1,0,1,0,1,10.0,0,TypeScript,2021-2023,1.0,1.0,0.0,5.0,0
15,1,0,0,13,37,6,0,6,3.5,0,TypeScript,2021-2023,1.0,0.34,0.0,0.5,1
16,1,0,0,7,3,3,0,3,5.33,0,TypeScript,2021-2023,1.0,1.75,0.0,1.33,1
16,1,0,0,18,2,4,0,3,1.0,0,TypeScript,2021-2023,1.0,6.0,0.0,0.2,1
19,2,0,0,6,0,5,0,1,25.0,0,TypeScript,2021-2023,1.0,6.0,0.0,4.17,0
1,3,0,1,32,9,2,0,6,2.5,0,TypeScript,2021-2023,1.0,3.2,0.0,0.83,1
1,3,0,1,67,18,2,0,4,10.25,0,TypeScript,2021-2023,1.0,3.53,0.0,3.42,1
2,3,0,1,1,0,1,0,1,6.0,0,TypeScript,2021-2023,1.0,1.0,0.0,3.0,1
1,4,0,1,4,1,1,0,3,17.67,0,TypeScript,2021-2023,1.0,2.0,0.0,8.84,1
13,4,0,0,2,0,1,0,0,0.0,0,TypeScript,2021-2023,1.0,2.0,0.0,0.0,0
13,4,0,0,61,53,1,0,55,1.0,0,TypeScript,2021-2023,1.0,1.13,0.0,0.5,0
13,4,0,0,1,0,1,0,0,0.0,0,TypeScript,2021-2023,1.0,1.0,0.0,0.0,0
13,4,0,0,1,1,1,0,3,17.67,0,TypeScript,2021-2023,1.0,0.5,0.0,8.84,1
13,4,0,0,13,8,1,0,3,18.0,0,TypeScript,2021-2023,1.0,1.44,0.0,9.0,1
14,4,0,0,211,0,14,0,6,2.5,0,TypeScript,2021-2023,1.0,211.0,0.0,0.17,0
14,4,0,0,155,0,7,0,6,1.83,0,TypeScript,2021-2023,1.0,155.0,0.0,0.23,0
14,4,0,0,1,1,1,0,0,0.0,0,TypeScript,2021-2023,1.0,0.5,0.0,0.0,0
14,4,0,0,30,4,4,0,3,32.0,0,TypeScript,2021-2023,1.0,6.0,0.0,6.4,0
15,4,0,0,132,126,8,0,6,16.83,0,TypeScript,2021-2023,1.0,1.04,0.0,1.87,0
15,4,0,0,292,49,9,0,2,7.5,0,TypeScript,2021-2023,1.0,5.84,0.0,0.75,0
15,4,0,0,8,4,1,0,0,0.0,0,TypeScript,2021-2023,1.0,1.6,0.0,0.0,0
15,4,0,0,5,0,1,0,2,6.5,0,TypeScript,2021-2023,1.0,5.0,0.0,3.25,0
15,4,0,0,112,1,8,0,9,2.22,0,TypeScript,2021-2023,1.0,56.0,0.0,0.25,0
15,4,0,0,1,1,1,0,1,1.0,0,TypeScript,2021-2023,1.0,0.5,0.0,0.5,0
15,4,0,0,2,1,1,0,0,0.0,0,TypeScript,2021-2023,1.0,1.0,0.0,0.0,0
15,4,0,0,89,12,4,0,3,1.0,0,TypeScript,2021-2023,1.0,6.85,0.0,0.2,0
15,4,0,0,64,60,6,0,12,1.25,0,TypeScript,2021-2023,1.0,1.05,0.0,0.18,0
15,4,0,0,121,2,3,0,2,6.5,0,TypeScript,2021-2023,1.0,40.33,0.0,1.62,0
15,4,0,0,0,1,1,0,0,0.0,0,TypeScript,2021-2023,1.0,0.0,0.0,0.0,0
15,4,0,0,82,0,3,0,3,10.33,0,TypeScript,2021-2023,1.0,82.0,0.0,2.58,0
15,4,0,0,1,1,1,0,1,29.0,0,TypeScript,2021-2023,1.0,0.5,0.0,14.5,0
15,4,0,0,8,11,2,0,0,0.0,0,TypeScript,2021-2023,1.0,0.67,0.0,0.0,0
15,4,0,0,2,2,2,0,0,0.0,0,TypeScript,2021-2023,1.0,0.67,0.0,0.0,0
15,4,0,0,63,5,8,0,2,17.0,0,TypeScript,2021-2023,1.0,10.5,0.0,1.89,0
15,4,0,0,1,1,1,0,0,0.0,0,TypeScript,2021-2023,1.0,0.5,0.0,0.0,0
16,4,0,0,3,0,1,0,2,4.5,0,TypeScript,2021-2023,1.0,3.0,0.0,2.25,0
16,4,0,0,14,14,1,0,0,0.0,0,TypeScript,2021-2023,1.0,0.93,0.0,0.0,0
16,4,0,0,6,1,1,0,1,1.0,0,TypeScript,2021-2023,1.0,3.0,0.0,0.5,0
16,4,0,0,146,6,9,0,8,5.25,0,TypeScript,2021-2023,1.0,20.86,0.0,0.52,0
16,4,0,0,11,16,3,0,1,4.0,0,TypeScript,2021-2023,1.0,0.65,0.0,1.0,0
16,4,0,0,102,17,7,0,5,1.2,0,TypeScript,2021-2023,1.0,5.67,0.0,0.15,0
16,4,0,0,1,1,1,0,0,0.0,0,TypeScript,2021-2023,1.0,0.5,0.0,0.0,0
19,4,0,0,321,35,11,0,5,43.0,0,TypeScript,2021-2023,1.0,8.92,0.0,3.58,0
19,4,0,0,99,7,3,0,1,1.0,0,TypeScript,2021-2023,1.0,12.38,0.0,0.25,0
19,4,0,0,153,13,3,0,2,10.0,0,TypeScript,2021-2023,1.0,10.93,0.0,2.5,0
19,4,0,0,120,11,3,0,3,17.67,1,TypeScript,2021-2023,0.069,10.0,0.0,4.42,0
19,4,0,0,472,221,4,0,1,1.0,0,TypeScript,2021-2023,1.0,2.13,0.0,0.2,0
20,4,0,0,74,1,3,0,6,1.83,0,TypeScript,2021-2023,1.0,37.0,0.0,0.46,0
20,4,0,0,35,2,4,0,0,0.0,0,TypeScript,2021-2023,1.0,11.67,0.0,0.0,0
20,4,0,0,13,13,1,0,5,2.8,0,TypeScript,2021-2023,1.0,0.93,0.0,1.4,0
20,4,0,0,186,0,3,0,6,1.83,0,TypeScript,2021-2023,1.0,186.0,0.0,0.46,0
20,4,0,0,23,4,2,0,5,2.2,0,TypeScript,2021-2023,1.0,4.6,0.0,0.73,0
21,4,0,0,100,0,5,0,5,45.0,0,TypeScript,2021-2023,1.0,100.0,0.0,7.5,0
21,4,0,0,21,9,2,0,2,2.0,0,TypeScript,2021-2023,1.0,2.1,0.0,0.67,0
21,4,0,0,17,8,1,0,2,6.0,0,TypeScript,2021-2023,1.0,1.89,0.0,3.0,0
21,4,0,0,57,30,4,0,9,2.78,0,TypeScript,2021-2023,1.0,1.84,0.0,0.56,0
8,5,1,0,19,3,2,0,5,2.2,0,TypeScript,2021-2023,1.0,4.75,0.0,0.73,0
8,5,1,0,0,1,1,0,1,3.0,0,TypeScript,2021-2023,1.0,0.0,0.0,1.5,0
9,5,1,0,18,3,1,0,6,2.5,0,TypeScript,2021-2023,1.0,4.5,0.0,1.25,0
12,5,1,0,13,14,7,0,5,12.4,0,TypeScript,2021-2023,1.0,0.87,0.0,1.55,1
14,5,1,0,24,2,1,0,6,2.33,0,TypeScript,2021-2023,1.0,8.0,0.0,1.16,0
15,5,1,0,11,11,1,0,6,2.33,0,TypeScript,2021-2023,1.0,0.92,0.0,1.16,0
16,5,1,0,0,2,1,0,1,12.0,0,TypeScript,2021-2023,1.0,0.0,0.0,6.0,0
16,5,1,0,4,0,1,0,1,7.0,0,TypeScript,2021-2023,1.0,4.0,0.0,3.5,0
18,5,1,0,7,6,2,0,3,8.0,0,TypeScript,2021-2023,1.0,1.0,0.0,2.67,0
23,5,1,1,2,2,2,0,0,0.0,0,TypeScript,2021-2023,1.0,0.67,0.0,0.0,1
23,5,1,1,1,1,1,0,0,0.0,0,TypeScript,2021-2023,1.0,0.5,0.0,0.0,1
23,5,1,1,1,1,1,0,0,0.0,0,TypeScript,2021-2023,1.0,0.5,0.0,0.0,1
9,4,0,0,5,0,1,0,1,7.0,0,TypeScript,2024-2026,1.0,5.0,0.0,3.5,0
11,5,1,0,24,29,3,0,4,9.0,0,TypeScript,2024-2026,1.0,0.8,0.0,2.25,2
11,5,1,0,312,28,13,1,29,8.9,0,TypeScript,2024-2026,1.0,10.76,0.07,0.64,2
12,5,1,0,139,32,4,0,5,2.6,0,TypeScript,2024-2026,1.0,4.21,0.0,0.52,2
12,5,1,0,55,58,1,0,1,33.0,0,TypeScript,2024-2026,1.0,0.93,0.0,16.5,2
13,5,1,0,234,121,4,0,4,17.25,0,TypeScript,2024-2026,1.0,1.92,0.0,3.45,2
13,5,1,0,1,1,1,0,0,0.0,0,TypeScript,2024-2026,1.0,0.5,0.0,0.0,2
13,5,1,0,11,1,1,0,0,0.0,0,TypeScript,2024-2026,1.0,5.5,0.0,0.0,2
14,5,1,0,13,15,3,1,0,0.0,0,TypeScript,2024-2026,1.0,0.81,0.25,0.0,2
14,5,1,0,6,2,1,0,0,0.0,0,TypeScript,2024-2026,1.0,2.0,0.0,0.0,2
15,5,1,0,81,105,13,0,27,10.81,0,TypeScript,2024-2026,1.0,0.76,0.0,0.77,2
15,5,1,0,9,1,2,0,0,0.0,0,TypeScript,2024-2026,1.0,4.5,0.0,0.0,2
15,5,1,0,12,2,1,0,0,0.0,0,TypeScript,2024-2026,1.0,4.0,0.0,0.0,2
16,5,1,0,14,6,1,0,1,22.0,0,TypeScript,2024-2026,1.0,2.0,0.0,11.0,2
16,5,1,0,874,604,73,16,123,11.84,0,TypeScript,2024-2026,1.0,1.44,0.22,0.16,2
16,5,1,0,4,0,1,0,0,0.0,0,TypeScript,2024-2026,1.0,4.0,0.0,0.0,2
16,5,1,0,10,0,1,0,0,0.0,0,TypeScript,2024-2026,1.0,10.0,0.0,0.0,2
16,5,1,0,6,1,2,0,0,0.0,0,TypeScript,2024-2026,1.0,3.0,0.0,0.0,2
16,5,1,0,1,1,1,0,0,0.0,0,TypeScript,2024-2026,1.0,0.5,0.0,0.0,2
17,5,1,0,9,3,1,0,0,0.0,0,TypeScript,2024-2026,1.0,2.25,0.0,0.0,2
17,5,1,0,3,1,1,0,0,0.0,0,TypeScript,2024-2026,1.0,1.5,0.0,0.0,2
18,5,1,0,12,0,1,0,0,0.0,0,TypeScript,2024-2026,1.0,12.0,0.0,0.0,2
19,5,1,0,19,6,2,0,0,0.0,0,TypeScript,2024-2026,1.0,2.71,0.0,0.0,2
20,5,1,0,39,2,2,0,2,21.0,0,TypeScript,2024-2026,1.0,13.0,0.0,7.0,2
20,5,1,0,18,12,3,0,1,34.0,0,TypeScript,2024-2026,1.0,1.38,0.0,8.5,2
21,5,1,0,7,0,1,0,0,0.0,0,TypeScript,2024-2026,1.0,7.0,0.0,0.0,2
21,5,1,0,13,6,1,0,0,0.0,0,TypeScript,2024-2026,1.0,1.86,0.0,0.0,2
21,5,1,0,228,236,20,0,116,6.54,0,TypeScript,2024-2026,1.0,0.96,0.0,0.31,0
17,6,1,0,2,1,1,0,1,11.0,0,TypeScript,2024-2026,1.0,1.0,0.0,5.5,0
18,6,1,0,3,3,1,0,1,20.0,0,TypeScript,2024-2026,1.0,0.75,0.0,10.0,0
18,6,1,0,17,4,1,0,1,84.0,0,TypeScript,2024-2026,1.0,3.4,0.0,42.0,0
18,6,1,0,76,24,2,0,4,14.25,0,TypeScript,2024-2026,1.0,3.04,0.0,4.75,0
16,2,0,0,898,62,17,0,24,4.0,0,TypeScript,2024-2026,1.0,14.25,0.0,0.22,2
17,2,0,0,9,9,1,0,0,0.0,0,TypeScript,2024-2026,1.0,0.9,0.0,0.0,2
17,2,0,0,6,6,1,0,0,0.0,0,TypeScript,2024-2026,1.0,0.86,0.0,0.0,2
18,2,0,0,8,6,3,0,3,36.67,0,TypeScript,2024-2026,1.0,1.14,0.0,9.17,2
19,2,0,0,21,1,1,0,1,70.0,0,TypeScript,2024-2026,1.0,10.5,0.0,35.0,1
20,2,0,0,20,31,1,0,1,84.0,0,TypeScript,2024-2026,1.0,0.62,0.0,42.0,0
21,2,0,0,18,1,1,0,1,6.0,0,TypeScript,2024-2026,1.0,9.0,0.0,3.0,0
0,3,0,1,50,29,10,0,3,21.33,0,TypeScript,2024-2026,1.0,1.67,0.0,1.94,0
1,3,0,1,8,8,4,1,0,0.0,0,TypeScript,2024-2026,1.0,0.89,0.2,0.0,0
19,5,1,0,198,153,7,0,24,9.5,0,TypeScript,2024-2026,1.0,1.29,0.0,1.19,0
18,3,0,0,6,6,1,0,0,0.0,0,TypeScript,2024-2026,1.0,0.86,0.0,0.0,2
19,3,0,0,11,45,1,0,0,0.0,0,TypeScript,2024-2026,1.0,0.24,0.0,0.0,2
19,3,0,0,5,2,1,0,0,0.0,0,TypeScript,2024-2026,1.0,1.67,0.0,0.0,2
20,3,0,0,2,1,1,0,0,0.0,0,TypeScript,2024-2026,1.0,1.0,0.0,0.0,2
20,3,0,0,4,48,1,0,0,0.0,0,TypeScript,2024-2026,1.0,0.08,0.0,0.0,2
21,3,0,0,4,4,1,0,0,0.0,0,TypeScript,2024-2026,1.0,0.8,0.0,0.0,2
21,3,0,0,1,1,1,0,1,20.0,0,TypeScript,2024-2026,1.0,0.5,0.0,10.0,2
21,3,0,0,5,1,2,0,0,0.0,0,TypeScript,2024-2026,1.0,2.5,0.0,0.0,2
22,3,0,1,3,87,1,0,0,0.0,0,TypeScript,2024-2026,1.0,0.03,0.0,0.0,2
22,3,0,1,234,8,12,0,6,8.33,0,TypeScript,2024-2026,1.0,26.0,0.0,0.64,2
22,3,0,1,0,2,1,0,1,7.0,0,TypeScript,2024-2026,1.0,0.0,0.0,3.5,2
23,3,0,1,0,4,1,0,0,0.0,0,TypeScript,2024-2026,1.0,0.0,0.0,0.0,2
23,3,0,1,164,14,10,0,0,0.0,0,TypeScript,2024-2026,1.0,10.93,0.0,0.0,2
23,3,0,1,1,1,2,0,0,0.0,0,TypeScript,2024-2026,1.0,0.5,0.0,0.0,2
23,3,0,1,252,6,4,0,0,0.0,0,TypeScript,2024-2026,1.0,36.0,0.0,0.0,2
0,4,0,1,4,0,1,0,0,0.0,0,TypeScript,2024-2026,1.0,4.0,0.0,0.0,2
0,4,0,1,3,0,1,0,0,0.0,0,TypeScript,2024-2026,1.0,3.0,0.0,0.0,2
1,4,0,1,45,40,9,0,4,9.75,0,TypeScript,2024-2026,1.0,1.1,0.0,0.98,0
1,4,0,1,1,1,1,0,0,0.0,0,TypeScript,2024-2026,1.0,0.5,0.0,0.0,2
1,4,0,1,1,0,1,0,1,12.0,0,TypeScript,2024-2026,1.0,1.0,0.0,6.0,0
1,4,0,1,641,2,6,0,7,4.71,0,TypeScript,2024-2026,1.0,213.67,0.0,0.67,2
1,4,0,1,2,0,1,0,0,0.0,0,TypeScript,2024-2026,1.0,2.0,0.0,0.0,2
2,4,0,1,75,7241,9,0,1,20.0,0,TypeScript,2024-2026,1.0,0.01,0.0,2.0,0
2,4,0,1,12,0,1,0,0,0.0,0,TypeScript,2024-2026,1.0,12.0,0.0,0.0,2
2,4,0,1,6,12,2,0,0,0.0,0,TypeScript,2024-2026,1.0,0.46,0.0,0.0,2
2,4,0,1,2,2,1,0,2,1.5,0,TypeScript,2024-2026,1.0,0.67,0.0,0.75,2
2,4,0,1,1,0,1,0,1,12.0,0,TypeScript,2024-2026,1.0,1.0,0.0,6.0,2
2,4,0,1,2,0,1,0,1,4.0,0,TypeScript,2024-2026,1.0,2.0,0.0,2.0,2
2,4,0,1,94,30,1,0,0,0.0,0,TypeScript,2024-2026,1.0,3.03,0.0,0.0,2
2,4,0,1,0,4,1,0,0,0.0,0,TypeScript,2024-2026,1.0,0.0,0.0,0.0,2
2,4,0,1,7,6,1,0,0,0.0,0,TypeScript,2024-2026,1.0,1.0,0.0,0.0,2
3,4,0,1,7,1,2,0,0,0.0,0,TypeScript,2024-2026,1.0,3.5,0.0,0.0,2
3,4,0,1,45,21,6,0,1,11.0,0,TypeScript,2024-2026,1.0,2.05,0.0,1.57,0
4,4,0,1,57,11,2,0,0,0.0,0,TypeScript,2024-2026,1.0,4.75,0.0,0.0,2
4,4,0,1,9,3,2,0,0,0.0,0,TypeScript,2024-2026,1.0,2.25,0.0,0.0,2
6,4,0,0,27,81,2,0,0,0.0,0,TypeScript,2024-2026,1.0,0.33,0.0,0.0,2
7,4,0,0,7,2,1,0,0,0.0,0,TypeScript,2024-2026,1.0,2.33,0.0,0.0,2
15,4,0,0,18,6,2,0,1,36.0,0,TypeScript,2024-2026,1.0,2.57,0.0,12.0,2
15,4,0,0,2,2,1,0,0,0.0,0,TypeScript,2024-2026,1.0,0.67,0.0,0.0,2
18,4,0,0,12,3,3,0,0,0.0,0,TypeScript,2024-2026,1.0,3.0,0.0,0.0,2
19,4,0,0,5,5,1,1,0,0.0,0,TypeScript,2024-2026,1.0,0.83,0.5,0.0,2
19,4,0,0,3,2,1,1,0,0.0,0,TypeScript,2024-2026,1.0,1.0,0.5,0.0,2
19,4,0,0,34,67,2,0,2,16.5,0,TypeScript,2024-2026,1.0,0.5,0.0,5.5,2
2,5,1,1,1248,7,8,0,0,0.0,0,TypeScript,2024-2026,1.0,156.0,0.0,0.0,2
16,6,1,0,9,7,2,0,0,0.0,0,TypeScript,2024-2026,1.0,1.12,0.0,0.0,0
17,6,1,0,2,4,2,0,0,0.0,0,TypeScript,2024-2026,1.0,0.4,0.0,0.0,0
10,3,0,0,152,0,1,0,0,0.0,0,TypeScript,2024-2026,1.0,152.0,0.0,0.0,0
10,4,0,0,1079,190,20,5,35,4.97,0,TypeScript,2024-2026,1.0,5.65,0.24,0.24,0
12,4,0,0,2,1,1,0,1,2.0,0,TypeScript,2024-2026,1.0,1.0,0.0,1.0,0
14,4,0,0,844,20,12,2,18,2.56,0,TypeScript,2024-2026,1.0,40.19,0.15,0.2,0
16,4,0,0,1,1,1,0,0,0.0,0,TypeScript,2024-2026,1.0,0.5,0.0,0.0,0
23,4,0,1,15,1,1,0,1,4.0,0,TypeScript,2024-2026,1.0,7.5,0.0,2.0,0
23,4,0,1,223,229,2,0,17,3.24,0,TypeScript,2024-2026,1.0,0.97,0.0,1.08,0
23,4,0,1,19,98,2,0,5,5.6,0,TypeScript,2024-2026,1.0,0.19,0.0,1.87,0
23,4,0,1,6,3,1,0,2,5.5,0,TypeScript,2024-2026,1.0,1.5,0.0,2.75,0
0,5,1,1,14,9,1,0,3,1.0,0,TypeScript,2024-2026,1.0,1.4,0.0,0.5,0
22,5,1,1,2,0,1,1,0,0.0,0,TypeScript,2024-2026,1.0,2.0,0.5,0.0,0
23,5,1,1,12,11,2,0,1,1.0,0,TypeScript,2024-2026,1.0,1.0,0.0,0.33,0
9,6,1,0,4,7,2,0,0,0.0,0,TypeScript,2024-2026,1.0,0.5,0.0,0.0,0
10,6,1,0,14,87,7,1,3,7.0,0,TypeScript,2024-2026,1.0,0.16,0.12,0.88,0
11,6,1,0,0,14,1,0,1,1.0,0,TypeScript,2024-2026,1.0,0.0,0.0,0.5,0
13,6,1,0,0,28,1,0,1,2.0,0,TypeScript,2024-2026,1.0,0.0,0.0,1.0,0
13,6,1,0,19,324,13,1,3,2.0,0,TypeScript,2024-2026,1.0,0.06,0.07,0.14,0
14,6,1,0,14,8,2,0,1,1.0,0,TypeScript,2024-2026,1.0,1.56,0.0,0.33,0
14,6,1,0,114,0,1,0,0,0.0,0,TypeScript,2024-2026,1.0,114.0,0.0,0.0,0
14,6,1,0,1,33,2,1,3,2.0,0,TypeScript,2024-2026,1.0,0.03,0.33,0.67,0
18,6,1,0,0,1,1,1,0,0.0,0,TypeScript,2024-2026,1.0,0.0,0.5,0.0,0
19,6,1,0,609,244,8,2,3,1.0,0,TypeScript,2024-2026,1.0,2.49,0.22,0.11,0
19,6,1,0,135,165,41,4,8,3.62,0,TypeScript,2024-2026,1.0,0.81,0.1,0.09,0
20,6,1,0,1,0,1,1,0,0.0,0,TypeScript,2024-2026,1.0,1.0,0.5,0.0,0
23,6,1,1,1,270,3,0,0,0.0,0,TypeScript,2024-2026,1.0,0.0,0.0,0.0,0
23,6,1,1,1,0,1,0,0,0.0,0,TypeScript,2024-2026,1.0,1.0,0.0,0.0,0
0,0,0,1,1156,388,23,11,238,4.39,0,TypeScript,2024-2026,1.0,2.97,0.46,0.18,0
8,0,0,0,18,0,2,0,0,0.0,0,TypeScript,2024-2026,1.0,18.0,0.0,0.0,0
8,0,0,0,51,5,5,0,0,0.0,0,TypeScript,2024-2026,1.0,8.5,0.0,0.0,0
10,0,0,0,10,123,16,1,10,1.9,0,TypeScript,2024-2026,1.0,0.08,0.06,0.11,0
10,0,0,0,77,426,9,3,5,1.2,0,TypeScript,2024-2026,1.0,0.18,0.3,0.12,0
10,0,0,0,32,20,3,0,1,4.0,0,TypeScript,2024-2026,1.0,1.52,0.0,1.0,0
11,0,0,0,2,2,2,0,0,0.0,0,TypeScript,2024-2026,1.0,0.67,0.0,0.0,0
11,0,0,0,12,5,3,0,3,8.0,0,TypeScript,2024-2026,1.0,2.0,0.0,2.0,0
12,0,0,0,124,233,43,25,38,3.37,0,TypeScript,2024-2026,1.0,0.53,0.57,0.08,0
13,0,0,0,0,24,1,1,1,1.0,0,TypeScript,2024-2026,1.0,0.0,0.5,0.5,0
14,0,0,0,1,0,1,1,0,0.0,0,TypeScript,2024-2026,1.0,1.0,0.5,0.0,0
14,0,0,0,12,3,1,0,1,14.0,0,TypeScript,2024-2026,1.0,3.0,0.0,7.0,0
15,0,0,0,30,30,5,1,1,1.0,0,TypeScript,2024-2026,1.0,0.97,0.17,0.17,0
15,0,0,0,473,339,15,2,13,4.23,0,TypeScript,2024-2026,1.0,1.39,0.12,0.26,0
17,0,0,0,10,0,2,1,0,0.0,0,TypeScript,2024-2026,1.0,10.0,0.33,0.0,0
19,0,0,0,421,293,10,3,5,3.0,0,TypeScript,2024-2026,1.0,1.43,0.27,0.27,0
23,0,0,1,6,6,5,1,0,0.0,0,TypeScript,2024-2026,1.0,0.86,0.17,0.0,0
23,0,0,1,12,12,3,0,0,0.0,0,TypeScript,2024-2026,1.0,0.92,0.0,0.0,0
13,1,0,0,18,4,3,0,3,10.67,0,TypeScript,2024-2026,1.0,3.6,0.0,2.67,0
17,1,0,0,371,4,13,5,18,1.06,0,TypeScript,2024-2026,1.0,74.2,0.36,0.08,0
21,1,0,0,35,35,5,1,3,1.0,0,TypeScript,2024-2026,1.0,0.97,0.17,0.17,0
22,1,0,1,76,61,10,0,20,8.35,0,TypeScript,2024-2026,1.0,1.23,0.0,0.76,0
22,1,0,1,27,107,5,0,3,1.33,0,TypeScript,2024-2026,1.0,0.25,0.0,0.22,0
23,1,0,1,32,60,5,0,3,5.33,0,TypeScript,2024-2026,1.0,0.52,0.0,0.89,0
0,2,0,1,91,135,6,0,0,0.0,0,TypeScript,2024-2026,1.0,0.67,0.0,0.0,0
0,2,0,1,43,43,5,1,5,1.0,0,TypeScript,2024-2026,1.0,0.98,0.17,0.17,0
6,2,0,0,0,72,2,1,1,1.0,0,TypeScript,2024-2026,1.0,0.0,0.33,0.33,0
6,2,0,0,36,38,4,1,3,1.0,0,TypeScript,2024-2026,1.0,0.92,0.2,0.2,0
8,2,0,0,878,195,7,2,7,3.29,0,TypeScript,2024-2026,1.0,4.48,0.25,0.41,0
9,2,0,0,17,11,2,0,0,0.0,0,TypeScript,2024-2026,1.0,1.42,0.0,0.0,0
9,2,0,0,18,3,3,1,3,11.0,0,TypeScript,2024-2026,1.0,4.5,0.25,2.75,0
9,2,0,0,0,66,4,1,1,1.0,0,TypeScript,2024-2026,1.0,0.0,0.2,0.2,0
11,2,0,0,1,1,1,0,0,0.0,0,TypeScript,2024-2026,1.0,0.5,0.0,0.0,0
11,2,0,0,20,20,4,1,3,1.0,0,TypeScript,2024-2026,1.0,0.95,0.2,0.2,0
12,2,0,0,0,130,5,1,4,1.0,0,TypeScript,2024-2026,1.0,0.0,0.17,0.17,0
13,2,0,0,41,25,3,1,1,1.0,0,TypeScript,2024-2026,1.0,1.58,0.25,0.25,0
13,2,0,0,0,108,3,1,1,1.0,0,TypeScript,2024-2026,1.0,0.0,0.25,0.25,0
14,2,0,0,32,27,1,0,0,0.0,0,TypeScript,2024-2026,1.0,1.14,0.0,0.0,0
15,2,0,0,42,25,1,0,2,88.0,0,TypeScript,2024-2026,1.0,1.62,0.0,44.0,0
16,2,0,0,59,58,4,0,9,5.78,0,TypeScript,2024-2026,1.0,1.0,0.0,1.16,0
19,2,0,0,21,3325,43,6,65,2.54,0,TypeScript,2024-2026,1.0,0.01,0.14,0.06,0
19,2,0,0,123,236,13,5,8,1.12,0,TypeScript,2024-2026,1.0,0.52,0.36,0.08,0
20,2,0,0,36,24,2,0,4,43.25,0,TypeScript,2024-2026,1.0,1.44,0.0,14.42,0
20,2,0,0,2,1,1,0,0,0.0,0,TypeScript,2024-2026,1.0,1.0,0.0,0.0,0
21,2,0,0,70,9,7,1,2,1.0,0,TypeScript,2024-2026,1.0,7.0,0.12,0.12,0
22,2,0,1,138,304,17,7,2,7.0,0,TypeScript,2024-2026,1.0,0.45,0.39,0.39,0
23,2,0,1,0,74,2,1,1,1.0,0,TypeScript,2024-2026,1.0,0.0,0.33,0.33,0
23,2,0,1,11,10,1,0,2,8.5,0,TypeScript,2024-2026,1.0,1.0,0.0,4.25,0
0,3,0,1,118,88,2,0,0,0.0,0,TypeScript,2024-2026,1.0,1.33,0.0,0.0,0
0,3,0,1,0,1,1,0,0,0.0,0,TypeScript,2024-2026,1.0,0.0,0.0,0.0,0
1,3,0,1,0,1,1,0,0,0.0,0,TypeScript,2024-2026,1.0,0.0,0.0,0.0,0
8,3,0,0,55,63,3,2,2,1.0,0,TypeScript,2024-2026,1.0,0.86,0.5,0.25,0
8,3,0,0,0,89,2,0,0,0.0,0,TypeScript,2024-2026,1.0,0.0,0.0,0.0,0
9,3,0,0,992,13,15,5,29,4.21,0,TypeScript,2024-2026,1.0,70.86,0.31,0.26,0
11,3,0,0,1328,51,22,8,53,2.45,0,TypeScript,2024-2026,1.0,25.54,0.35,0.11,0
16,3,0,0,100,9,4,1,5,1.4,0,TypeScript,2024-2026,1.0,10.0,0.2,0.28,0
19,3,0,0,4,1,1,0,0,0.0,0,TypeScript,2024-2026,1.0,2.0,0.0,0.0,0
20,3,0,0,4,5,2,0,0,0.0,0,TypeScript,2024-2026,1.0,0.67,0.0,0.0,0
0,4,0,1,17,19,6,4,0,0.0,0,TypeScript,2024-2026,1.0,0.85,0.57,0.0,0
7,4,0,0,64,11,3,0,0,0.0,0,TypeScript,2024-2026,1.0,5.33,0.0,0.0,0
9,4,0,0,254,61,17,5,28,1.57,0,TypeScript,2024-2026,1.0,4.1,0.28,0.09,0
15,4,0,0,1,0,1,0,0,0.0,0,TypeScript,2024-2026,1.0,1.0,0.0,0.0,0
15,4,0,0,1854,4,12,5,26,2.35,0,TypeScript,2024-2026,1.0,370.8,0.38,0.18,0
16,4,0,0,206,16,4,2,8,2.5,0,TypeScript,2024-2026,1.0,12.12,0.4,0.5,0
17,4,0,0,221,54,26,3,22,10.0,0,TypeScript,2024-2026,1.0,4.02,0.11,0.37,0
17,4,0,0,972,1,7,3,6,1.0,0,TypeScript,2024-2026,1.0,486.0,0.38,0.12,0
17,4,0,0,6,5,3,2,0,0.0,0,TypeScript,2024-2026,1.0,1.0,0.5,0.0,0
19,4,0,0,25,3,1,1,0,0.0,0,TypeScript,2024-2026,1.0,6.25,0.5,0.0,0
20,4,0,0,0,2,1,0,0,0.0,0,TypeScript,2024-2026,1.0,0.0,0.0,0.0,0
20,4,0,0,27,6,3,0,0,0.0,0,TypeScript,2024-2026,1.0,3.86,0.0,0.0,0
0,5,1,1,8,9,1,1,0,0.0,0,TypeScript,2024-2026,1.0,0.8,0.5,0.0,0
6,5,1,0,39,4,2,0,4,5.0,0,TypeScript,2024-2026,1.0,7.8,0.0,1.67,0
9,5,1,0,284,20,3,2,6,3.5,0,TypeScript,2024-2026,1.0,13.52,0.5,0.88,0
10,5,1,0,161,76,9,1,19,14.84,0,TypeScript,2024-2026,1.0,2.09,0.1,1.48,0
22,5,1,1,6404,3948,9,0,371,1.04,0,TypeScript,2024-2026,1.0,1.62,0.0,0.1,0
22,5,1,1,225,3,1,0,0,0.0,0,TypeScript,2024-2026,1.0,56.25,0.0,0.0,0
23,5,1,1,16,0,1,0,2,4.0,0,TypeScript,2024-2026,1.0,16.0,0.0,2.0,0
23,5,1,1,2,38,1,0,4,1.0,0,TypeScript,2024-2026,1.0,0.05,0.0,0.5,0
23,5,1,1,26,321,1,0,17,2.18,0,TypeScript,2024-2026,1.0,0.08,0.0,1.09,0
23,5,1,1,5,3,1,0,1,14.0,0,TypeScript,2024-2026,1.0,1.25,0.0,7.0,0
23,5,1,1,84,10,2,0,4,3.0,0,TypeScript,2024-2026,1.0,7.64,0.0,1.0,0
23,5,1,1,43,57,4,0,9,5.11,0,TypeScript,2024-2026,1.0,0.74,0.0,1.02,0
23,5,1,1,13,2,2,0,2,34.5,0,TypeScript,2024-2026,1.0,4.33,0.0,11.5,0
23,5,1,1,63,265,1,0,11,4.82,0,TypeScript,2024-2026,1.0,0.24,0.0,2.41,0
23,5,1,1,1,0,2,0,0,0.0,0,TypeScript,2024-2026,1.0,1.0,0.0,0.0,0
23,5,1,1,2,2,1,0,1,5.0,0,TypeScript,2024-2026,1.0,0.67,0.0,2.5,0
23,5,1,1,13,13,1,0,1,11.0,0,TypeScript,2024-2026,1.0,0.93,0.0,5.5,0
23,5,1,1,2,2,2,0,2,2.5,0,TypeScript,2024-2026,1.0,0.67,0.0,0.83,0
23,5,1,1,4,3,1,0,3,7.0,0,TypeScript,2024-2026,1.0,1.0,0.0,3.5,0
23,5,1,1,4,2,1,0,1,35.0,0,TypeScript,2024-2026,1.0,1.33,0.0,17.5,0
23,5,1,1,0,0,1,0,0,0.0,0,TypeScript,2024-2026,1.0,0.0,0.0,0.0,0
23,5,1,1,2,2,1,0,1,11.0,0,TypeScript,2024-2026,1.0,0.67,0.0,5.5,0
23,5,1,1,0,12,1,0,2,1.0,0,TypeScript,2024-2026,1.0,0.0,0.0,0.5,0
23,5,1,1,142,119,2,0,8,12.38,0,TypeScript,2024-2026,1.0,1.18,0.0,4.13,0
23,5,1,1,41,10,1,0,1,11.0,0,TypeScript,2024-2026,1.0,3.73,0.0,5.5,0
23,5,1,1,161,94,5,0,7,9.43,0,TypeScript,2024-2026,1.0,1.69,0.0,1.57,0
23,5,1,1,2,3,1,0,1,10.0,0,TypeScript,2024-2026,1.0,0.5,0.0,5.0,0
23,5,1,1,28,9,2,0,8,2.88,0,TypeScript,2024-2026,1.0,2.8,0.0,0.96,0
11,6,1,0,1,0,1,0,0,0.0,0,TypeScript,2024-2026,1.0,1.0,0.0,0.0,0
13,6,1,0,679,47,17,5,10,8.0,0,TypeScript,2024-2026,1.0,14.15,0.28,0.44,0
14,6,1,0,13,0,1,0,2,11.0,0,TypeScript,2024-2026,1.0,13.0,0.0,5.5,0
16,6,1,0,45,20,8,0,9,5.11,0,TypeScript,2024-2026,1.0,2.14,0.0,0.57,0
19,6,1,0,323,363,15,0,36,6.47,0,TypeScript,2024-2026,1.0,0.89,0.0,0.4,0
19,6,1,0,5,2,1,0,1,35.0,0,TypeScript,2024-2026,1.0,1.67,0.0,17.5,0
19,6,1,0,17,3,1,0,1,2.0,0,TypeScript,2024-2026,1.0,4.25,0.0,1.0,0
21,6,1,0,2,0,1,0,1,20.0,0,TypeScript,2024-2026,1.0,2.0,0.0,10.0,0
22,6,1,1,12,7,1,0,2,6.5,0,TypeScript,2024-2026,1.0,1.5,0.0,3.25,0
22,6,1,1,3,3,1,0,1,3.0,0,TypeScript,2024-2026,1.0,0.75,0.0,1.5,0
22,6,1,1,4,3,2,0,2,3.0,0,TypeScript,2024-2026,1.0,1.0,0.0,1.0,0
8,0,0,0,146,9,9,1,5,6.0,0,TypeScript,2024-2026,1.0,14.6,0.1,0.6,0
9,0,0,0,5,3,1,0,0,0.0,0,TypeScript,2024-2026,1.0,1.25,0.0,0.0,0
14,0,0,0,940,14,15,4,40,3.35,0,TypeScript,2024-2026,1.0,62.67,0.25,0.21,0
19,0,0,0,7622,6176,281,2,321,7.67,0,TypeScript,2024-2026,1.0,1.23,0.01,0.03,0
20,0,0,0,4,4,4,0,0,0.0,0,TypeScript,2024-2026,1.0,0.8,0.0,0.0,0
22,0,0,1,68,51,1,0,0,0.0,0,TypeScript,2024-2026,1.0,1.31,0.0,0.0,0
22,0,0,1,8,208,20,0,27,3.93,0,TypeScript,2024-2026,1.0,0.04,0.0,0.19,0
23,0,0,1,5,4,1,0,0,0.0,0,TypeScript,2024-2026,1.0,1.0,0.0,0.0,0
0,1,0,1,108,5,4,1,4,2.25,0,TypeScript,2024-2026,1.0,18.0,0.2,0.45,0
9,1,0,0,695,117,20,3,29,2.07,0,TypeScript,2024-2026,1.0,5.89,0.14,0.1,0
9,1,0,0,1,1,1,0,0,0.0,0,TypeScript,2024-2026,1.0,0.5,0.0,0.0,0
10,1,0,0,43,161,5,2,3,1.0,0,TypeScript,2024-2026,1.0,0.27,0.33,0.17,0
11,1,0,0,311,183,21,2,19,19.26,0,TypeScript,2024-2026,1.0,1.69,0.09,0.88,0
12,1,0,0,55,1,2,0,1,1.0,0,TypeScript,2024-2026,1.0,27.5,0.0,0.33,0
13,1,0,0,28,11,1,0,2,3.0,0,TypeScript,2024-2026,1.0,2.33,0.0,1.5,0
13,1,0,0,1,1,1,0,0,0.0,0,TypeScript,2024-2026,1.0,0.5,0.0,0.0,0
16,1,0,0,1,0,1,0,0,0.0,0,TypeScript,2024-2026,1.0,1.0,0.0,0.0,0
16,1,0,0,339,93,9,2,19,2.26,0,TypeScript,2024-2026,1.0,3.61,0.2,0.23,0
16,1,0,0,380,3,4,1,9,2.78,0,TypeScript,2024-2026,1.0,95.0,0.2,0.56,0
21,1,0,0,468,2422,10,1,22,1.0,0,TypeScript,2024-2026,1.0,0.19,0.09,0.09,0
22,1,0,1,424,163,2,0,0,0.0,0,TypeScript,2024-2026,1.0,2.59,0.0,0.0,0
0,2,0,1,207,114,4,0,5,9.8,0,TypeScript,2024-2026,1.0,1.8,0.0,1.96,0
9,2,0,0,71,1,5,1,2,1.0,0,TypeScript,2024-2026,1.0,35.5,0.17,0.17,0
10,2,0,0,85,1,4,2,9,2.44,0,TypeScript,2024-2026,1.0,42.5,0.4,0.49,0
14,2,0,0,63,2,4,1,4,3.75,0,TypeScript,2024-2026,1.0,21.0,0.2,0.75,0
23,2,0,1,242,378,26,15,30,1.87,0,TypeScript,2024-2026,1.0,0.64,0.56,0.07,0
1,3,0,1,103,48,7,1,5,2.8,0,TypeScript,2024-2026,1.0,2.1,0.12,0.35,0
4,3,0,1,60,44,2,0,0,0.0,0,TypeScript,2024-2026,1.0,1.33,0.0,0.0,0
9,3,0,0,40,18,12,8,1,1.0,0,TypeScript,2024-2026,1.0,2.11,0.62,0.08,0
9,3,0,0,922,157,20,7,35,3.4,0,TypeScript,2024-2026,1.0,5.84,0.33,0.16,0
11,3,0,0,1,1,1,0,0,0.0,0,TypeScript,2024-2026,1.0,0.5,0.0,0.0,0
11,3,0,0,8,0,1,0,0,0.0,0,TypeScript,2024-2026,1.0,8.0,0.0,0.0,0
13,3,0,0,56,35,9,3,6,2.67,0,TypeScript,2024-2026,1.0,1.56,0.3,0.27,0
14,3,0,0,1490,293,20,8,43,3.07,0,TypeScript,2024-2026,1.0,5.07,0.38,0.15,0
16,3,0,0,106,178,18,4,11,1.0,0,TypeScript,2024-2026,1.0,0.59,0.21,0.05,0
23,3,0,1,2,2,1,0,0,0.0,0,TypeScript,2024-2026,1.0,0.67,0.0,0.0,0
23,3,0,1,2,1,1,0,1,20.0,0,TypeScript,2024-2026,1.0,1.0,0.0,10.0,0
1,4,0,1,1015,8,13,1,12,3.58,0,TypeScript,2024-2026,1.0,112.78,0.07,0.26,0
15,4,0,0,524,16,10,5,12,3.83,0,TypeScript,2024-2026,1.0,30.82,0.45,0.35,0
18,4,0,0,645,64,6,0,16,7.81,0,TypeScript,2024-2026,1.0,9.92,0.0,1.12,0
22,5,1,1,12,0,1,0,0,0.0,0,TypeScript,2024-2026,1.0,12.0,0.0,0.0,0
23,6,1,1,81,4,4,0,6,6.0,0,TypeScript,2024-2026,1.0,16.2,0.0,1.2,0
23,6,1,1,60,130,4,0,8,8.0,0,TypeScript,2024-2026,1.0,0.46,0.0,1.6,0
23,6,1,1,89,2,3,0,3,8.67,0,TypeScript,2024-2026,1.0,29.67,0.0,2.17,0
23,6,1,1,47,7,1,0,1,8.0,0,TypeScript,2024-2026,1.0,5.88,0.0,4.0,0
23,6,1,1,62,0,1,0,2,6.5,0,TypeScript,2024-2026,1.0,62.0,0.0,3.25,0
23,6,1,1,17,6,1,0,1,8.0,0,TypeScript,2024-2026,1.0,2.43,0.0,4.0,0
1,0,0,1,12,5,2,0,3,28.33,0,TypeScript,2024-2026,1.0,2.0,0.0,9.44,0
9,0,0,0,901,148,15,3,32,3.09,0,TypeScript,2024-2026,1.0,6.05,0.19,0.19,0
10,0,0,0,366,349,19,1,73,3.01,0,TypeScript,2024-2026,1.0,1.05,0.05,0.15,0
10,0,0,0,127,4,2,1,4,7.25,0,TypeScript,2024-2026,1.0,25.4,0.33,2.42,0
10,0,0,0,868,864,56,1,241,5.8,0,TypeScript,2024-2026,1.0,1.0,0.02,0.1,0
11,0,0,0,95,200,17,1,26,2.88,0,TypeScript,2024-2026,1.0,0.47,0.06,0.16,0
13,0,0,0,63,97,13,3,21,7.95,0,TypeScript,2024-2026,1.0,0.64,0.21,0.57,0
18,0,0,0,4,4,4,0,0,0.0,0,TypeScript,2024-2026,1.0,0.8,0.0,0.0,0
18,0,0,0,44,2,4,0,0,0.0,0,TypeScript,2024-2026,1.0,14.67,0.0,0.0,0
21,0,0,0,22,6,3,0,6,6.33,0,TypeScript,2024-2026,1.0,3.14,0.0,1.58,0
8,1,0,0,12,7,2,0,5,5.0,0,TypeScript,2024-2026,1.0,1.5,0.0,1.67,0
11,1,0,0,16,8,1,0,6,2.83,0,TypeScript,2024-2026,1.0,1.78,0.0,1.42,0
11,1,0,0,428,442,66,22,28,1.0,0,TypeScript,2024-2026,1.0,0.97,0.33,0.01,0
12,1,0,0,2325,2284,27,14,14,1.0,0,TypeScript,2024-2026,1.0,1.02,0.5,0.04,0
12,1,0,0,273,21,9,4,6,2.67,0,TypeScript,2024-2026,1.0,12.41,0.4,0.27,0
13,1,0,0,11,9,1,0,4,3.75,0,TypeScript,2024-2026,1.0,1.1,0.0,1.88,0
13,1,0,0,1,1,1,0,1,17.0,0,TypeScript,2024-2026,1.0,0.5,0.0,8.5,0
14,1,0,0,14,3,2,0,5,4.2,0,TypeScript,2024-2026,1.0,3.5,0.0,1.4,0
14,1,0,0,799,642,23,0,8,6.88,0,TypeScript,2024-2026,1.0,1.24,0.0,0.29,0
14,1,0,0,128,669,6,0,1,1.0,0,TypeScript,2024-2026,1.0,0.19,0.0,0.14,0
16,1,0,0,991,1,4,0,0,0.0,0,TypeScript,2024-2026,1.0,495.5,0.0,0.0,0
16,1,0,0,9,5,6,0,6,4.5,0,TypeScript,2024-2026,1.0,1.5,0.0,0.64,0
17,1,0,0,744,65,15,4,18,2.56,0,TypeScript,2024-2026,1.0,11.27,0.25,0.16,0
17,1,0,0,59,0,2,0,2,15.5,0,TypeScript,2024-2026,1.0,59.0,0.0,5.17,0
18,1,0,0,554,147,6,2,10,6.6,1,TypeScript,2024-2026,0.4,3.74,0.29,0.94,0
22,1,0,1,29,6,2,0,2,15.5,0,TypeScript,2024-2026,1.0,4.14,0.0,5.17,0
22,1,0,1,6,5,1,0,1,15.0,0,TypeScript,2024-2026,1.0,1.0,0.0,7.5,0
22,1,0,1,1981,264,46,0,63,7.6,0,TypeScript,2024-2026,1.0,7.48,0.0,0.16,1
22,1,0,1,21,3,2,0,3,8.67,0,TypeScript,2024-2026,1.0,5.25,0.0,2.89,0
23,1,0,1,12,2,2,1,3,5.67,0,TypeScript,2024-2026,1.0,4.0,0.33,1.89,0
23,1,0,1,928,191,12,0,28,3.96,0,TypeScript,2024-2026,1.0,4.83,0.0,0.3,1
0,2,0,1,35,20,3,0,0,0.0,0,TypeScript,2024-2026,1.0,1.67,0.0,0.0,0
0,2,0,1,1153,609,14,0,46,3.17,0,TypeScript,2024-2026,1.0,1.89,0.0,0.21,1
0,2,0,1,82,40,3,0,8,3.5,0,TypeScript,2024-2026,1.0,2.0,0.0,0.88,1
1,2,0,1,734,62,9,0,37,5.19,0,TypeScript,2024-2026,1.0,11.65,0.0,0.52,1
1,2,0,1,84,78,1,0,2,8.5,0,TypeScript,2024-2026,1.0,1.06,0.0,4.25,1
14,2,0,0,45,48,5,0,5,9.2,0,TypeScript,2024-2026,1.0,0.92,0.0,1.53,0
15,2,0,0,2353,460,38,11,73,2.85,0,TypeScript,2024-2026,1.0,5.1,0.28,0.07,0
15,2,0,0,9,1,1,0,1,5.0,0,TypeScript,2024-2026,1.0,4.5,0.0,2.5,0
17,2,0,0,655,140,13,0,15,3.53,0,TypeScript,2024-2026,1.0,4.65,0.0,0.25,1
18,2,0,0,506,0,1,0,0,0.0,0,TypeScript,2024-2026,1.0,506.0,0.0,0.0,1
18,2,0,0,250,0,1,0,0,0.0,0,TypeScript,2024-2026,1.0,250.0,0.0,0.0,1
20,2,0,0,564,490,6,0,13,6.08,0,TypeScript,2024-2026,1.0,1.15,0.0,0.87,1
22,2,0,1,322,867,22,0,19,2.53,0,TypeScript,2024-2026,1.0,0.37,0.0,0.11,1
23,2,0,1,104,2,1,0,3,1.0,0,TypeScript,2024-2026,1.0,34.67,0.0,0.5,1
23,2,0,1,1,0,1,0,0,0.0,0,TypeScript,2024-2026,1.0,1.0,0.0,0.0,0
23,2,0,1,1,2,1,0,0,0.0,0,TypeScript,2024-2026,1.0,0.33,0.0,0.0,2
0,3,0,1,70,53,1,0,0,0.0,0,TypeScript,2024-2026,1.0,1.3,0.0,0.0,2
1,3,0,1,26,3,2,0,0,0.0,0,TypeScript,2024-2026,1.0,6.5,0.0,0.0,2
12,3,0,0,22,7,1,0,5,3.0,0,TypeScript,2024-2026,1.0,2.75,0.0,1.5,0
12,3,0,0,9374,477,72,0,201,5.32,0,TypeScript,2024-2026,1.0,19.61,0.0,0.07,2
17,3,0,0,124,212,18,0,5,1.2,0,TypeScript,2024-2026,1.0,0.58,0.0,0.06,1
19,3,0,0,825,620,50,2,31,3.19,0,TypeScript,2024-2026,1.0,1.33,0.04,0.06,1
19,3,0,0,39,34,8,0,4,7.75,0,TypeScript,2024-2026,1.0,1.11,0.0,0.86,1
21,3,0,0,182,264,31,1,33,4.42,0,TypeScript,2024-2026,1.0,0.69,0.03,0.14,1
21,3,0,0,0,3859,56,0,108,2.3,0,TypeScript,2024-2026,1.0,0.0,0.0,0.04,1
22,3,0,1,257,184,4,0,18,3.61,0,TypeScript,2024-2026,1.0,1.39,0.0,0.72,1
22,3,0,1,787,661,3,0,22,3.05,0,TypeScript,2024-2026,1.0,1.19,0.0,0.76,1
22,3,0,1,141,131,4,0,1,2.0,0,TypeScript,2024-2026,1.0,1.07,0.0,0.4,2
0,4,0,1,0,20,10,0,0,0.0,0,TypeScript,2024-2026,1.0,0.0,0.0,0.0,2
0,4,0,1,7613,174,155,15,175,2.7,0,TypeScript,2024-2026,1.0,43.5,0.1,0.02,0
15,4,0,0,11,3,2,0,3,7.33,0,TypeScript,2024-2026,1.0,2.75,0.0,2.44,0
16,4,0,0,19,9,2,0,2,13.5,0,TypeScript,2024-2026,1.0,1.9,0.0,4.5,0
17,4,0,0,100,197,9,4,0,0.0,0,TypeScript,2024-2026,1.0,0.51,0.4,0.0,0
0,5,1,1,1450,552,46,11,36,3.33,0,TypeScript,2024-2026,1.0,2.62,0.23,0.07,0
2,5,1,1,50,6,3,1,5,4.4,0,TypeScript,2024-2026,1.0,7.14,0.25,1.1,0
18,5,1,0,533,391,16,0,29,3.41,0,TypeScript,2024-2026,1.0,1.36,0.0,0.2,2
3,6,1,1,2737,218,43,0,74,5.24,0,TypeScript,2024-2026,1.0,12.5,0.0,0.12,1
7,0,0,0,62,3,1,1,1,1.0,0,TypeScript,2024-2026,1.0,15.5,0.5,0.5,0
11,0,0,0,1,1,1,0,0,0.0,0,TypeScript,2024-2026,1.0,0.5,0.0,0.0,0
11,0,0,0,259,273,1,0,0,0.0,0,TypeScript,2024-2026,1.0,0.95,0.0,0.0,0
15,0,0,0,256,2468,36,6,49,1.22,0,TypeScript,2024-2026,1.0,0.1,0.16,0.03,0
17,0,0,0,523,490,50,18,93,3.97,0,TypeScript,2024-2026,1.0,1.07,0.35,0.08,0
18,0,0,0,1,1,1,0,0,0.0,0,TypeScript,2024-2026,1.0,0.5,0.0,0.0,0
20,0,0,0,361,511,7,0,66,2.89,0,TypeScript,2024-2026,1.0,0.71,0.0,0.36,0
21,0,0,0,511,361,7,0,66,3.18,0,TypeScript,2024-2026,1.0,1.41,0.0,0.4,0
8,1,0,0,1951,101,206,0,56,12.61,0,TypeScript,2024-2026,1.0,19.13,0.0,0.06,0
11,1,0,0,563,566,79,20,46,1.13,0,TypeScript,2024-2026,1.0,0.99,0.25,0.01,0
14,1,0,0,1753,539,33,9,76,2.7,0,TypeScript,2024-2026,1.0,3.25,0.26,0.08,0
14,1,0,0,202,363,10,10,12,1.25,0,TypeScript,2024-2026,1.0,0.55,0.91,0.11,0
14,1,0,0,1,1,1,0,0,0.0,0,TypeScript,2024-2026,1.0,0.5,0.0,0.0,0
15,1,0,0,10,2,2,0,2,2.0,0,TypeScript,2024-2026,1.0,3.33,0.0,0.67,0
20,1,0,0,434,0,4,0,5,10.0,0,TypeScript,2024-2026,1.0,434.0,0.0,2.0,0
20,1,0,0,1,1,1,0,0,0.0,0,TypeScript,2024-2026,1.0,0.5,0.0,0.0,0
20,1,0,0,2,2,1,0,0,0.0,0,TypeScript,2024-2026,1.0,0.67,0.0,0.0,0
21,1,0,0,46,42,4,0,14,2.07,0,TypeScript,2024-2026,1.0,1.07,0.0,0.41,0
22,1,0,1,75,70,5,1,4,4.25,0,TypeScript,2024-2026,1.0,1.06,0.17,0.71,0
23,1,0,1,128,13,4,1,5,14.6,0,TypeScript,2024-2026,1.0,9.14,0.2,2.92,0
9,2,0,0,25,13,2,0,0,0.0,0,TypeScript,2024-2026,1.0,1.79,0.0,0.0,0
18,2,0,0,11,8,3,1,4,9.0,0,TypeScript,2024-2026,1.0,1.22,0.25,2.25,0
18,2,0,0,5,5,1,0,0,0.0,0,TypeScript,2024-2026,1.0,0.83,0.0,0.0,0
19,2,0,0,1,1,1,0,0,0.0,0,TypeScript,2024-2026,1.0,0.5,0.0,0.0,0
20,2,0,0,2712,31,18,1,28,6.96,0,TypeScript,2024-2026,1.0,84.75,0.05,0.37,0
22,2,0,1,21,16,4,0,3,9.0,0,TypeScript,2024-2026,1.0,1.24,0.0,1.8,0
22,2,0,1,8,1,1,0,0,0.0,0,TypeScript,2024-2026,1.0,4.0,0.0,0.0,0
0,3,0,1,6,4,1,0,2,4.0,0,TypeScript,2024-2026,1.0,1.2,0.0,2.0,0
1,3,0,1,32,2,1,0,1,39.0,0,TypeScript,2024-2026,1.0,10.67,0.0,19.5,0
5,3,0,1,1,1,1,0,1,4.0,0,TypeScript,2024-2026,1.0,0.5,0.0,2.0,0
6,3,0,0,12,0,1,0,2,12.0,0,TypeScript,2024-2026,1.0,12.0,0.0,6.0,0
6,3,0,0,45,15,1,0,2,19.0,0,TypeScript,2024-2026,1.0,2.81,0.0,9.5,0
6,3,0,0,5,7,1,0,1,48.0,0,TypeScript,2024-2026,1.0,0.62,0.0,24.0,0
7,3,0,0,1,0,1,0,0,0.0,0,TypeScript,2024-2026,1.0,1.0,0.0,0.0,0
9,3,0,0,568,81,9,1,16,7.38,0,TypeScript,2024-2026,1.0,6.93,0.1,0.74,0
9,3,0,0,1175,1188,3,0,1,1.0,0,TypeScript,2024-2026,1.0,0.99,0.0,0.25,0
9,3,0,0,14,3,2,0,5,4.2,0,TypeScript,2024-2026,1.0,3.5,0.0,1.4,0
9,3,0,0,11,9,1,0,4,3.75,0,TypeScript,2024-2026,1.0,1.1,0.0,1.88,0
9,3,0,0,49,19,10,0,1,3.0,0,TypeScript,2024-2026,1.0,2.45,0.0,0.27,0
10,3,0,0,7,7,1,0,4,5.25,0,TypeScript,2024-2026,1.0,0.88,0.0,2.62,0
10,3,0,0,75,75,1,1,1,1.0,0,TypeScript,2024-2026,1.0,0.99,0.5,0.5,0
12,3,0,0,868,117,29,7,45,3.58,0,TypeScript,2024-2026,1.0,7.36,0.23,0.12,0
12,3,0,0,182,177,7,0,8,1.0,0,TypeScript,2024-2026,1.0,1.02,0.0,0.12,0
13,3,0,0,356,529,7,0,65,2.92,0,TypeScript,2024-2026,1.0,0.67,0.0,0.36,0
15,3,0,0,713,141,16,6,47,2.47,0,TypeScript,2024-2026,1.0,5.02,0.35,0.15,0
19,3,0,0,3,231,13,0,7,8.14,0,TypeScript,2024-2026,1.0,0.01,0.0,0.58,0
22,3,0,1,2156,27,28,5,31,7.35,0,TypeScript,2024-2026,1.0,77.0,0.17,0.25,0
13,4,0,0,220,4,8,1,7,4.14,0,TypeScript,2024-2026,1.0,44.0,0.11,0.46,0
13,4,0,0,249,77,6,1,2,3.0,0,TypeScript,2024-2026,1.0,3.19,0.14,0.43,0
16,4,0,0,2,4,1,0,0,0.0,0,TypeScript,2024-2026,1.0,0.4,0.0,0.0,0
18,4,0,0,2,2,1,0,2,44.5,0,TypeScript,2024-2026,1.0,0.67,0.0,22.25,0
19,4,0,0,301,17,4,0,22,6.68,0,TypeScript,2024-2026,1.0,16.72,0.0,1.34,0
1,5,1,1,1267,317,13,0,48,4.15,0,TypeScript,2024-2026,1.0,3.98,0.0,0.3,1
1,5,1,1,18,14,1,0,0,0.0,0,TypeScript,2024-2026,1.0,1.2,0.0,0.0,0
3,5,1,1,0,408,6,0,13,2.31,0,TypeScript,2024-2026,1.0,0.0,0.0,0.33,1
21,5,1,0,141,141,64,2,1,2.0,0,TypeScript,2024-2026,1.0,0.99,0.03,0.03,2
8,0,0,0,698,529,5,2,11,5.18,0,TypeScript,2024-2026,1.0,1.32,0.33,0.86,0
9,0,0,0,254,21,8,2,23,2.3,0,TypeScript,2024-2026,1.0,11.55,0.22,0.26,0
10,0,0,0,155,30,4,0,0,0.0,0,TypeScript,2024-2026,1.0,5.0,0.0,0.0,0
11,0,0,0,896,186,11,4,41,2.29,0,TypeScript,2024-2026,1.0,4.79,0.33,0.19,0
14,0,0,0,2,2,1,0,0,0.0,0,TypeScript,2024-2026,1.0,0.67,0.0,0.0,0
17,0,0,0,7,8,2,0,1,6.0,0,TypeScript,2024-2026,1.0,0.78,0.0,2.0,0
20,0,0,0,2,2,2,0,2,13.5,0,TypeScript,2024-2026,1.0,0.67,0.0,4.5,0
21,0,0,0,8,6,2,0,2,6.0,0,TypeScript,2024-2026,1.0,1.14,0.0,2.0,0
0,1,0,1,1,0,1,0,2,44.5,0,TypeScript,2024-2026,1.0,1.0,0.0,22.25,0
0,1,0,1,7,7,7,0,0,0.0,0,TypeScript,2024-2026,1.0,0.88,0.0,0.0,0
8,1,0,0,639,188,3,0,0,0.0,0,TypeScript,2024-2026,1.0,3.38,0.0,0.0,0
14,1,0,0,49,3,2,0,4,13.5,0,TypeScript,2024-2026,1.0,12.25,0.0,4.5,0
20,1,0,0,23,28,2,0,8,9.88,0,TypeScript,2024-2026,1.0,0.79,0.0,3.29,0
7,2,0,0,271,248,20,0,0,0.0,0,TypeScript,2024-2026,1.0,1.09,0.0,0.0,0
8,2,0,0,67,75,15,0,27,3.33,0,TypeScript,2024-2026,1.0,0.88,0.0,0.21,0
10,2,0,0,243,0,8,1,5,4.6,0,TypeScript,2024-2026,1.0,243.0,0.11,0.51,0
12,2,0,0,27,18,1,1,1,2.0,0,TypeScript,2024-2026,1.0,1.42,0.5,1.0,0
13,2,0,0,1205,746,258,104,90,1.02,0,TypeScript,2024-2026,1.0,1.61,0.4,0.0,0
14,2,0,0,7,0,1,0,2,1.0,0,TypeScript,2024-2026,1.0,7.0,0.0,0.5,0
18,2,0,0,20,25,13,7,7,3.29,0,TypeScript,2024-2026,1.0,0.77,0.5,0.24,0
19,2,0,0,3215,3191,201,201,221,1.24,0,TypeScript,2024-2026,1.0,1.01,1.0,0.01,0
0,3,0,1,2,2,2,2,2,1.0,0,TypeScript,2024-2026,1.0,0.67,0.67,0.33,0
11,3,0,0,126,46,6,0,4,4.5,0,TypeScript,2024-2026,1.0,2.68,0.0,0.64,0
15,3,0,0,269,42,9,3,7,5.0,0,TypeScript,2024-2026,1.0,6.26,0.3,0.5,0
15,3,0,0,785,109,10,4,30,4.87,0,TypeScript,2024-2026,1.0,7.14,0.36,0.44,0
16,3,0,0,39,34,11,0,0,0.0,0,TypeScript,2024-2026,1.0,1.11,0.0,0.0,0
21,3,0,0,37,26,7,2,2,1.0,0,TypeScript,2024-2026,1.0,1.37,0.25,0.12,0
11,4,0,0,1,1,1,0,1,9.0,0,TypeScript,2024-2026,1.0,0.5,0.0,4.5,0
12,4,0,0,148,0,3,0,5,2.6,0,TypeScript,2024-2026,1.0,148.0,0.0,0.65,0
12,4,0,0,19,7,1,0,2,22.5,0,TypeScript,2024-2026,1.0,2.38,0.0,11.25,0
14,4,0,0,12,5,1,0,4,3.0,0,TypeScript,2024-2026,1.0,2.0,0.0,1.5,0
14,4,0,0,191,327,60,2,90,10.37,0,TypeScript,2024-2026,1.0,0.58,0.03,0.17,0
16,4,0,0,113,39,7,1,4,3.5,0,TypeScript,2024-2026,1.0,2.82,0.12,0.44,0
16,4,0,0,419,46,16,0,10,6.6,0,TypeScript,2024-2026,1.0,8.91,0.0,0.39,2
17,4,0,0,1,0,1,0,0,0.0,0,TypeScript,2024-2026,1.0,1.0,0.0,0.0,0
19,4,0,0,1284,1558,123,5,274,8.06,0,TypeScript,2024-2026,1.0,0.82,0.04,0.06,0
19,4,0,0,2,135,7,0,7,2.86,0,TypeScript,2024-2026,1.0,0.01,0.0,0.36,0
21,4,0,0,229,20,11,3,10,3.2,0,TypeScript,2024-2026,1.0,10.9,0.25,0.27,0
22,4,0,1,89,107,2,0,6,31.5,0,TypeScript,2024-2026,1.0,0.82,0.0,10.5,0
9,5,1,0,637,121,37,8,21,4.24,0,TypeScript,2024-2026,1.0,5.22,0.21,0.11,0
13,5,1,0,2,2,1,0,0,0.0,0,TypeScript,2024-2026,1.0,0.67,0.0,0.0,0
16,5,1,0,400,0,4,1,8,4.0,0,TypeScript,2024-2026,1.0,400.0,0.2,0.8,0
16,5,1,0,23,20,2,0,0,0.0,0,TypeScript,2024-2026,1.0,1.1,0.0,0.0,0
20,6,1,0,14,12,7,0,2,19.5,0,TypeScript,2024-2026,1.0,1.08,0.0,2.44,2
23,6,1,1,457,66,26,0,2,1.0,0,TypeScript,2024-2026,1.0,6.82,0.0,0.04,0
23,6,1,1,63,67,15,0,15,5.13,0,TypeScript,2024-2026,1.0,0.93,0.0,0.32,2
16,0,0,0,162,52,9,4,13,6.85,0,TypeScript,2024-2026,1.0,3.06,0.4,0.68,0
16,0,0,0,8,0,4,0,2,60.0,0,TypeScript,2024-2026,1.0,8.0,0.0,12.0,0
16,0,0,0,3,7,1,0,0,0.0,0,TypeScript,2024-2026,1.0,0.38,0.0,0.0,0
22,0,0,1,149,5,3,1,4,3.5,0,TypeScript,2024-2026,1.0,24.83,0.25,0.88,0
22,0,0,1,240,0,4,1,4,3.25,0,TypeScript,2024-2026,1.0,240.0,0.2,0.65,0
0,1,0,1,378,113,6,2,10,3.7,0,TypeScript,2024-2026,1.0,3.32,0.29,0.53,0
8,1,0,0,118,4,2,1,2,2.5,0,TypeScript,2024-2026,1.0,23.6,0.33,0.83,0
8,1,0,0,341,400,94,3,140,8.54,0,TypeScript,2024-2026,1.0,0.85,0.03,0.09,2
10,1,0,0,8,6,6,0,0,0.0,0,TypeScript,2024-2026,1.0,1.14,0.0,0.0,0
11,1,0,0,38,1,2,1,2,1.0,0,TypeScript,2024-2026,1.0,19.0,0.33,0.33,0
11,1,0,0,11,11,1,0,1,1.0,0,TypeScript,2024-2026,1.0,0.92,0.0,0.5,2
11,1,0,0,4,4,4,0,0,0.0,0,TypeScript,2024-2026,1.0,0.8,0.0,0.0,0
14,1,0,0,22,0,1,0,0,0.0,0,TypeScript,2024-2026,1.0,22.0,0.0,0.0,1
15,1,0,0,1,1,1,0,0,0.0,0,TypeScript,2024-2026,1.0,0.5,0.0,0.0,2
15,1,0,0,327,9,4,0,8,13.12,0,TypeScript,2024-2026,1.0,32.7,0.0,2.62,1
17,1,0,0,22,11,4,0,4,2.5,0,TypeScript,2024-2026,1.0,1.83,0.0,0.5,1
18,1,0,0,1,0,2,0,0,0.0,0,TypeScript,2024-2026,1.0,1.0,0.0,0.0,1
18,1,0,0,32,29,1,0,0,0.0,0,TypeScript,2024-2026,1.0,1.07,0.0,0.0,1
18,1,0,0,28,16,3,0,0,0.0,0,TypeScript,2024-2026,1.0,1.65,0.0,0.0,1
19,1,0,0,5,0,1,0,0,0.0,0,TypeScript,2024-2026,1.0,5.0,0.0,0.0,1
19,1,0,0,53,44,6,0,1,3.0,0,TypeScript,2024-2026,1.0,1.18,0.0,0.43,1
20,1,0,0,1,1,1,0,0,0.0,0,TypeScript,2024-2026,1.0,0.5,0.0,0.0,1
20,1,0,0,7,2,2,0,0,0.0,0,TypeScript,2024-2026,1.0,2.33,0.0,0.0,1
20,1,0,0,170,6,3,1,5,5.0,0,TypeScript,2024-2026,1.0,24.29,0.25,1.25,0
20,1,0,0,343,145,9,0,2,7.0,0,TypeScript,2024-2026,1.0,2.35,0.0,0.7,0
21,1,0,0,95,5,3,0,3,9.0,0,TypeScript,2024-2026,1.0,15.83,0.0,2.25,1
21,1,0,0,8,8,2,0,0,0.0,0,TypeScript,2024-2026,1.0,0.89,0.0,0.0,1
22,1,0,1,20,22,5,0,0,0.0,0,TypeScript,2024-2026,1.0,0.87,0.0,0.0,1
1,2,0,1,9,0,1,0,0,0.0,0,TypeScript,2024-2026,1.0,9.0,0.0,0.0,1
10,2,0,0,103,107,14,4,9,1.44,0,TypeScript,2024-2026,1.0,0.95,0.27,0.1,0
12,2,0,0,137,10,7,1,9,11.0,0,TypeScript,2024-2026,1.0,12.45,0.12,1.38,0
13,2,0,0,1,1,1,0,0,0.0,0,TypeScript,2024-2026,1.0,0.5,0.0,0.0,0
13,2,0,0,1,1,1,0,0,0.0,0,TypeScript,2024-2026,1.0,0.5,0.0,0.0,0
18,2,0,0,13,33,5,0,5,3.4,0,TypeScript,2024-2026,1.0,0.38,0.0,0.57,0
18,2,0,0,65,10,2,0,4,5.75,0,TypeScript,2024-2026,1.0,5.91,0.0,1.92,1
20,2,0,0,2819,49,39,5,107,6.03,0,TypeScript,2024-2026,1.0,56.38,0.12,0.15,0
20,2,0,0,69,65,28,1,19,2.89,0,TypeScript,2024-2026,1.0,1.05,0.03,0.1,0
22,2,0,1,10,7,1,0,0,0.0,0,TypeScript,2024-2026,1.0,1.25,0.0,0.0,1
23,2,0,1,222,118,23,0,30,3.7,0,TypeScript,2024-2026,1.0,1.87,0.0,0.15,0
0,3,0,1,40,12,1,0,0,0.0,0,TypeScript,2024-2026,1.0,3.08,0.0,0.0,1
1,3,0,1,284,10,4,1,16,3.31,0,TypeScript,2024-2026,1.0,25.82,0.2,0.66,0
1,3,0,1,192,4,3,0,9,6.11,0,TypeScript,2024-2026,1.0,38.4,0.0,1.53,1
8,3,0,0,399,71,242,240,239,1.26,0,TypeScript,2024-2026,1.0,5.54,0.99,0.01,0
8,3,0,0,38,0,2,1,1,1.0,0,TypeScript,2024-2026,1.0,38.0,0.33,0.33,0
9,3,0,0,54,31,14,0,14,4.79,0,TypeScript,2024-2026,1.0,1.69,0.0,0.32,0
12,3,0,0,3,2,2,0,2,7.0,0,TypeScript,2024-2026,1.0,1.0,0.0,2.33,0
14,3,0,0,34,4,2,0,4,8.25,0,TypeScript,2024-2026,1.0,6.8,0.0,2.75,1
14,3,0,0,826,350,16,0,25,6.28,0,TypeScript,2024-2026,1.0,2.35,0.0,0.37,0
16,3,0,0,21,8,4,0,4,13.75,0,TypeScript,2024-2026,1.0,2.33,0.0,2.75,0
17,3,0,0,16,1,1,0,0,0.0,0,TypeScript,2024-2026,1.0,8.0,0.0,0.0,0
21,3,0,0,149,71,4,1,1,1.0,0,TypeScript,2024-2026,1.0,2.07,0.2,0.2,0
9,4,0,0,248,77,10,3,0,0.0,0,TypeScript,2024-2026,1.0,3.18,0.27,0.0,0
10,4,0,0,1,1,1,0,0,0.0,0,TypeScript,2024-2026,1.0,0.5,0.0,0.0,0
10,4,0,0,2,0,2,0,0,0.0,0,TypeScript,2024-2026,1.0,2.0,0.0,0.0,0
10,4,0,0,12,15,2,0,2,1.0,0,TypeScript,2024-2026,1.0,0.75,0.0,0.33,0
14,4,0,0,354,31,3,1,5,9.4,0,TypeScript,2024-2026,1.0,11.06,0.25,2.35,0
16,4,0,0,21,7,1,0,0,0.0,0,TypeScript,2024-2026,1.0,2.62,0.0,0.0,0
17,4,0,0,18,6,2,2,3,2.33,0,TypeScript,2024-2026,1.0,2.57,0.67,0.78,0
21,4,0,0,59,1,2,1,4,5.75,0,TypeScript,2024-2026,1.0,29.5,0.33,1.92,0
22,4,0,1,337,130,18,0,22,5.0,0,TypeScript,2024-2026,1.0,2.57,0.0,0.26,0
22,4,0,1,22,0,3,0,5,1.6,0,TypeScript,2024-2026,1.0,22.0,0.0,0.4,0
23,4,0,1,251,125,6,0,17,4.18,0,TypeScript,2024-2026,1.0,1.99,0.0,0.6,0
23,4,0,1,53,0,4,0,0,0.0,0,TypeScript,2024-2026,1.0,53.0,0.0,0.0,0
23,4,0,1,44,9,6,0,6,3.33,0,TypeScript,2024-2026,1.0,4.4,0.0,0.48,0
0,5,1,1,146,5,3,0,3,5.0,0,TypeScript,2024-2026,1.0,24.33,0.0,1.25,0
0,5,1,1,485,73,54,2,35,4.06,0,TypeScript,2024-2026,1.0,6.55,0.04,0.07,0
1,5,1,1,509,94,17,2,33,4.27,0,TypeScript,2024-2026,1.0,5.36,0.11,0.24,0
7,5,1,0,457,11,13,1,6,6.0,0,TypeScript,2024-2026,1.0,38.08,0.07,0.43,0
10,5,1,0,4,27,2,0,1,1.0,0,TypeScript,2024-2026,1.0,0.14,0.0,0.33,0
10,5,1,0,155,26,16,0,5,6.4,0,TypeScript,2024-2026,1.0,5.74,0.0,0.38,0
18,5,1,0,3,1,1,0,1,5.0,1,TypeScript,2024-2026,0.4,1.5,0.0,2.5,0
18,5,1,0,260,157,28,18,105,10.56,1,TypeScript,2024-2026,0.4,1.65,0.62,0.36,1
18,5,1,0,522,124,12,0,18,10.89,1,TypeScript,2024-2026,0.4,4.18,0.0,0.84,2
18,5,1,0,2614,962,40,1,92,7.34,1,TypeScript,2024-2026,0.4,2.71,0.02,0.18,2
18,5,1,0,3142,171,52,0,88,6.62,1,TypeScript,2024-2026,0.4,18.27,0.0,0.12,3
1,6,1,1,158,13,5,0,9,2.22,0,TypeScript,2024-2026,1.0,11.29,0.0,0.37,0
17,6,1,0,196,1,5,0,7,3.57,0,TypeScript,2024-2026,1.0,98.0,0.0,0.6,0
1,0,0,1,863,278,37,0,62,4.66,0,TypeScript,2024-2026,1.0,3.09,0.0,0.12,0
7,0,0,0,1,1,1,0,0,0.0,0,TypeScript,2024-2026,1.0,0.5,0.0,0.0,0
9,0,0,0,577,61,21,0,23,4.83,0,TypeScript,2024-2026,1.0,9.31,0.0,0.22,0
11,0,0,0,812,85,21,7,44,3.52,0,TypeScript,2024-2026,1.0,9.44,0.32,0.16,0
11,0,0,0,1,1,1,0,0,0.0,0,TypeScript,2024-2026,1.0,0.5,0.0,0.0,0
11,0,0,0,531,49,11,1,25,2.72,0,TypeScript,2024-2026,1.0,10.62,0.08,0.23,0
12,0,0,0,113,40,5,0,9,19.78,0,TypeScript,2024-2026,1.0,2.76,0.0,3.3,0
16,0,0,0,26,5,2,0,1,1.0,0,TypeScript,2024-2026,1.0,4.33,0.0,0.33,0
19,0,0,0,4,4,2,0,0,0.0,0,TypeScript,2024-2026,1.0,0.8,0.0,0.0,0
19,0,0,0,26,3,6,0,0,0.0,0,TypeScript,2024-2026,1.0,6.5,0.0,0.0,0
14,1,0,0,52,57,6,0,9,6.78,0,TypeScript,2024-2026,1.0,0.9,0.0,0.97,0
14,1,0,0,3594,682,82,1,194,3.32,0,TypeScript,2024-2026,1.0,5.26,0.01,0.04,0
16,1,0,0,79,18,3,1,4,6.0,0,TypeScript,2024-2026,1.0,4.16,0.25,1.5,0
23,1,0,1,291,28,10,1,31,3.42,0,TypeScript,2024-2026,1.0,10.03,0.09,0.31,0
23,1,0,1,1,1,1,0,0,0.0,0,TypeScript,2024-2026,1.0,0.5,0.0,0.0,0
13,2,0,0,511,259,2,1,7,10.14,0,TypeScript,2024-2026,1.0,1.97,0.33,3.38,0
13,2,0,0,7170,275,54,5,71,3.01,0,TypeScript,2024-2026,1.0,25.98,0.09,0.05,0
21,2,0,0,1790,1849,18,2,25,6.52,0,TypeScript,2024-2026,1.0,0.97,0.11,0.34,0
8,3,0,0,194,39,32,1,50,7.04,0,TypeScript,2024-2026,1.0,4.85,0.03,0.21,0
10,3,0,0,33,33,3,0,0,0.0,0,TypeScript,2024-2026,1.0,0.97,0.0,0.0,0
11,3,0,0,3,3,2,0,0,0.0,0,TypeScript,2024-2026,1.0,0.75,0.0,0.0,0
11,3,0,0,1042,66,26,0,73,2.89,0,TypeScript,2024-2026,1.0,15.55,0.0,0.11,0
13,3,0,0,93,3,5,0,0,0.0,0,TypeScript,2024-2026,1.0,23.25,0.0,0.0,0
13,3,0,0,4,4752,146,0,144,1.27,0,TypeScript,2024-2026,1.0,0.0,0.0,0.01,0
16,3,0,0,743,1036,8,2,3,3.0,0,TypeScript,2024-2026,1.0,0.72,0.22,0.33,0
16,3,0,0,4346,135,42,4,114,4.51,0,TypeScript,2024-2026,1.0,31.96,0.09,0.1,0
17,3,0,0,1174,1170,4,0,0,0.0,0,TypeScript,2024-2026,1.0,1.0,0.0,0.0,0
19,3,0,0,3,2,2,0,0,0.0,0,TypeScript,2024-2026,1.0,1.0,0.0,0.0,0
13,4,0,0,1125,403,10,1,12,33.08,0,TypeScript,2024-2026,1.0,2.78,0.09,3.01,0
14,4,0,0,4,26,3,0,0,0.0,0,TypeScript,2024-2026,1.0,0.15,0.0,0.0,0
15,4,0,0,196,122,4,1,7,6.57,0,TypeScript,2024-2026,1.0,1.59,0.2,1.31,0
15,4,0,0,111,48,5,1,0,0.0,0,TypeScript,2024-2026,1.0,2.27,0.17,0.0,0
18,4,0,0,114,53,7,0,0,0.0,0,TypeScript,2024-2026,1.0,2.11,0.0,0.0,0
1,5,1,1,2433,52,93,5,93,1.91,0,TypeScript,2024-2026,1.0,45.91,0.05,0.02,0
9,0,0,0,320,54,20,3,23,6.04,0,TypeScript,2024-2026,1.0,5.82,0.14,0.29,0
11,0,0,0,1,1,1,0,0,0.0,0,TypeScript,2024-2026,1.0,0.5,0.0,0.0,0
11,0,0,0,24,0,1,0,0,0.0,0,TypeScript,2024-2026,1.0,24.0,0.0,0.0,0
14,0,0,0,50,8,2,0,2,15.5,0,TypeScript,2024-2026,1.0,5.56,0.0,5.17,0
16,0,0,0,12,23,4,0,3,4.33,0,TypeScript,2024-2026,1.0,0.5,0.0,0.87,0
20,0,0,0,11,10,9,0,0,0.0,0,TypeScript,2024-2026,1.0,1.0,0.0,0.0,0
12,1,0,0,9,9,7,0,8,6.38,0,TypeScript,2024-2026,1.0,0.9,0.0,0.8,0
12,1,0,0,469,177,11,0,13,3.46,0,TypeScript,2024-2026,1.0,2.63,0.0,0.29,0
12,1,0,0,74,13,4,0,5,10.6,0,TypeScript,2024-2026,1.0,5.29,0.0,2.12,0
17,1,0,0,2,4,1,0,2,5.5,0,TypeScript,2024-2026,1.0,0.4,0.0,2.75,0
17,1,0,0,528,20,6,2,16,9.94,0,TypeScript,2024-2026,1.0,25.14,0.29,1.42,0
17,1,0,0,836,108,23,1,71,6.21,0,TypeScript,2024-2026,1.0,7.67,0.04,0.26,0
21,1,0,0,465,27,11,1,7,4.57,0,TypeScript,2024-2026,1.0,16.61,0.08,0.38,0
16,2,0,0,34,11,1,0,5,2.6,0,TypeScript,2024-2026,1.0,2.83,0.0,1.3,0
8,3,0,0,913,81,20,6,43,2.98,0,TypeScript,2024-2026,1.0,11.13,0.29,0.14,0
11,3,0,0,4875,500,63,22,156,3.22,0,TypeScript,2024-2026,1.0,9.73,0.34,0.05,0
17,3,0,0,24,18,1,0,0,0.0,0,TypeScript,2024-2026,1.0,1.26,0.0,0.0,0
0,4,0,1,1,1,1,0,1,12.0,0,TypeScript,2024-2026,1.0,0.5,0.0,6.0,0
0,4,0,1,246,18,1,0,2,3.0,0,TypeScript,2024-2026,1.0,12.95,0.0,1.5,0
6,4,0,0,2,2,1,0,1,5.0,0,TypeScript,2024-2026,1.0,0.67,0.0,2.5,0
9,4,0,0,5,0,1,0,1,8.0,0,TypeScript,2024-2026,1.0,5.0,0.0,4.0,0
14,4,0,0,240,25,10,3,11,4.18,0,TypeScript,2024-2026,1.0,9.23,0.27,0.38,0
22,4,0,1,8817,314,66,8,182,5.34,0,TypeScript,2024-2026,1.0,27.99,0.12,0.08,0
9,0,0,0,1,1,1,0,0,0.0,0,TypeScript,2024-2026,1.0,0.5,0.0,0.0,0
10,0,0,0,2580,1062,32,8,58,4.36,0,TypeScript,2024-2026,1.0,2.43,0.24,0.13,0
12,0,0,0,319,18,3,2,5,1.2,0,TypeScript,2024-2026,1.0,16.79,0.5,0.3,0
14,0,0,0,137,4,3,1,11,5.18,0,TypeScript,2024-2026,1.0,27.4,0.25,1.3,0
17,0,0,0,58,0,2,2,2,1.0,0,TypeScript,2024-2026,1.0,58.0,0.67,0.33,0
8,1,0,0,2162,176,27,5,18,1.33,0,TypeScript,2024-2026,1.0,12.21,0.18,0.05,0
9,1,0,0,242,137,8,0,0,0.0,0,TypeScript,2024-2026,1.0,1.75,0.0,0.0,0
9,1,0,0,394,7,2,1,3,27.33,0,TypeScript,2024-2026,1.0,49.25,0.33,9.11,0
11,1,0,0,17,6,5,0,0,0.0,0,TypeScript,2024-2026,1.0,2.43,0.0,0.0,0
12,1,0,0,252,81,4,0,11,10.82,0,TypeScript,2024-2026,1.0,3.07,0.0,2.16,0
13,1,0,0,982,794,8,1,18,5.83,0,TypeScript,2024-2026,1.0,1.24,0.11,0.65,0
14,1,0,0,7,13,2,0,4,6.5,0,TypeScript,2024-2026,1.0,0.5,0.0,2.17,0
16,1,0,0,1,1,1,0,0,0.0,0,TypeScript,2024-2026,1.0,0.5,0.0,0.0,0
22,1,0,1,15,9,3,0,0,0.0,0,TypeScript,2024-2026,1.0,1.5,0.0,0.0,0
10,2,0,0,543,15,19,4,13,8.38,0,TypeScript,2024-2026,1.0,33.94,0.2,0.42,0
14,2,0,0,417,34,3,0,0,0.0,0,TypeScript,2024-2026,1.0,11.91,0.0,0.0,0
14,2,0,0,4705,384,57,7,134,6.16,0,TypeScript,2024-2026,1.0,12.22,0.12,0.11,0
15,2,0,0,4836,1905,15,3,36,5.75,0,TypeScript,2024-2026,1.0,2.54,0.19,0.36,0
1,3,0,1,309,125,1,0,0,0.0,0,TypeScript,2024-2026,1.0,2.45,0.0,0.0,0
12,3,0,0,4,5,3,0,5,50.0,0,TypeScript,2024-2026,1.0,0.67,0.0,12.5,0
15,3,0,0,7,321,3,0,0,0.0,0,TypeScript,2024-2026,1.0,0.02,0.0,0.0,0
15,3,0,0,190,69,4,1,3,1.67,0,TypeScript,2024-2026,1.0,2.71,0.2,0.33,0
10,4,0,0,1,2,1,0,0,0.0,0,TypeScript,2024-2026,1.0,0.33,0.0,0.0,0
15,4,0,0,327,50,20,0,34,6.53,0,TypeScript,2024-2026,1.0,6.41,0.0,0.31,0
15,4,0,0,14,1,2,0,7,3.86,0,TypeScript,2024-2026,1.0,7.0,0.0,1.29,0
15,4,0,0,1771,1800,4,0,0,0.0,0,TypeScript,2024-2026,1.0,0.98,0.0,0.0,0
1,0,0,1,119,38,7,0,5,8.4,0,TypeScript,2018-2020,1.0,3.05,0.0,1.05,0
20,0,0,0,20,7,4,0,1,25.0,0,TypeScript,2018-2020,1.0,2.5,0.0,5.0,0
1,1,0,1,8,3,4,0,1,26.0,0,TypeScript,2018-2020,1.0,2.0,0.0,5.2,0
22,2,0,1,2807,1688,108,5,189,2.95,0,TypeScript,2018-2020,1.0,1.66,0.05,0.03,0
22,2,0,1,1,1,1,0,0,0.0,0,TypeScript,2018-2020,1.0,0.5,0.0,0.0,0
1,3,0,1,3,3,1,0,0,0.0,0,TypeScript,2018-2020,1.0,0.75,0.0,0.0,0
11,3,0,0,37,4,5,1,3,1.0,0,TypeScript,2018-2020,1.0,7.4,0.17,0.17,0
23,3,0,1,154,59,4,0,1,33.0,0,TypeScript,2018-2020,1.0,2.57,0.0,6.6,0
15,4,0,0,192,108,7,1,8,3.12,0,TypeScript,2018-2020,1.0,1.76,0.12,0.39,0
15,4,0,0,1,1,1,0,0,0.0,0,TypeScript,2018-2020,1.0,0.5,0.0,0.0,0
18,4,0,0,48638,1,481,9,467,1.25,0,TypeScript,2018-2020,1.0,24319.0,0.02,0.0,0
21,4,0,0,149,57,15,0,8,7.62,0,TypeScript,2018-2020,1.0,2.57,0.0,0.48,0
1,5,1,1,44,46,14,0,10,7.0,0,TypeScript,2018-2020,1.0,0.94,0.0,0.47,0
1,5,1,1,3,0,1,0,0,0.0,0,TypeScript,2018-2020,1.0,3.0,0.0,0.0,0
17,5,1,0,864,441,31,2,49,5.49,0,TypeScript,2018-2020,1.0,1.95,0.06,0.17,0
18,5,1,0,21,3,2,0,2,2.0,0,TypeScript,2018-2020,1.0,5.25,0.0,0.67,0
15,0,0,0,765,164,53,0,27,5.41,0,TypeScript,2018-2020,1.0,4.64,0.0,0.1,0
21,0,0,0,0,87,14,5,13,6.54,0,TypeScript,2018-2020,1.0,0.0,0.33,0.44,0
1,2,0,1,1549,999,127,6,156,2.88,0,TypeScript,2018-2020,1.0,1.55,0.05,0.02,0
14,4,0,0,703,445,294,0,30,17.03,0,TypeScript,2018-2020,1.0,1.58,0.0,0.06,0
16,4,0,0,1828,1145,7,1,96,3.26,0,TypeScript,2018-2020,1.0,1.6,0.12,0.41,0
19,4,0,0,451,108,93,0,2,5.0,0,TypeScript,2018-2020,1.0,4.14,0.0,0.05,0
20,4,0,0,19,19,9,0,0,0.0,0,TypeScript,2018-2020,1.0,0.95,0.0,0.0,0
2,6,1,1,15,7,3,0,1,6.0,0,TypeScript,2018-2020,1.0,1.88,0.0,1.5,0
11,6,1,0,6,4,2,0,0,0.0,0,TypeScript,2018-2020,1.0,1.2,0.0,0.0,0
12,6,1,0,4,0,2,0,0,0.0,0,TypeScript,2018-2020,1.0,4.0,0.0,0.0,0
17,6,1,0,841,672,19,0,51,5.63,0,TypeScript,2018-2020,1.0,1.25,0.0,0.28,0
10,0,0,0,261,308,8,0,77,3.73,0,TypeScript,2018-2020,1.0,0.84,0.0,0.41,0
11,0,0,0,1,1,1,0,0,0.0,0,TypeScript,2018-2020,1.0,0.5,0.0,0.0,0
18,0,0,0,150,35,5,1,18,3.39,0,TypeScript,2018-2020,1.0,4.17,0.17,0.57,0
22,0,0,1,1,1,1,0,0,0.0,0,TypeScript,2018-2020,1.0,0.5,0.0,0.0,0
16,1,0,0,65,70,14,0,3,17.33,0,TypeScript,2018-2020,1.0,0.92,0.0,1.16,0
20,2,0,0,2195,794,33,0,189,2.84,0,TypeScript,2018-2020,1.0,2.76,0.0,0.08,0
20,2,0,0,1,1,1,0,0,0.0,0,TypeScript,2018-2020,1.0,0.5,0.0,0.0,0
20,3,0,0,42,7,4,0,8,3.38,0,TypeScript,2018-2020,1.0,5.25,0.0,0.68,0
21,3,0,0,303,157,9,0,11,5.82,0,TypeScript,2018-2020,1.0,1.92,0.0,0.58,0
20,5,1,0,2,2,2,0,0,0.0,0,TypeScript,2018-2020,1.0,0.67,0.0,0.0,0
20,5,1,0,371,0,3,0,11,2.0,0,TypeScript,2018-2020,1.0,371.0,0.0,0.5,0
13,6,1,0,96,60,3,0,1,1.0,0,TypeScript,2018-2020,1.0,1.57,0.0,0.25,0
15,6,1,0,1332,1516,68,2,145,3.58,0,TypeScript,2018-2020,1.0,0.88,0.03,0.05,0
16,6,1,0,5,5,1,0,0,0.0,0,TypeScript,2018-2020,1.0,0.83,0.0,0.0,0
18,6,1,0,4,4,1,0,0,0.0,0,TypeScript,2018-2020,1.0,0.8,0.0,0.0,0
20,6,1,0,104,29,11,2,9,4.11,0,TypeScript,2018-2020,1.0,3.47,0.17,0.34,0
10,3,0,0,52,38,15,0,5,13.4,0,TypeScript,2018-2020,1.0,1.33,0.0,0.84,0
22,3,0,1,2301,932,147,3,124,4.01,0,TypeScript,2018-2020,1.0,2.47,0.02,0.03,0
22,3,0,1,2,0,1,0,0,0.0,0,TypeScript,2018-2020,1.0,2.0,0.0,0.0,0
22,3,0,1,14,14,1,0,0,0.0,0,TypeScript,2018-2020,1.0,0.93,0.0,0.0,0
23,3,0,1,23,11,3,0,4,2.75,0,TypeScript,2018-2020,1.0,1.92,0.0,0.69,0
0,4,0,1,19,29,3,0,2,26.0,0,TypeScript,2018-2020,1.0,0.63,0.0,6.5,0
9,4,0,0,6,467,5,0,43,2.91,0,TypeScript,2018-2020,1.0,0.01,0.0,0.49,0
16,4,0,0,335,8,7,0,10,2.9,0,TypeScript,2018-2020,1.0,37.22,0.0,0.36,0
16,4,0,0,368,26,2,0,13,3.77,0,TypeScript,2018-2020,1.0,13.63,0.0,1.26,0
17,4,0,0,4,2,2,0,1,2.0,0,TypeScript,2018-2020,1.0,1.33,0.0,0.67,0
22,4,0,1,404,209,56,1,14,9.64,0,TypeScript,2018-2020,1.0,1.92,0.02,0.17,0
17,5,1,0,146,176,16,0,2,1.0,0,TypeScript,2018-2020,1.0,0.82,0.0,0.06,0
15,6,1,0,4007,5515,27,3,236,3.11,0,TypeScript,2018-2020,1.0,0.73,0.11,0.11,0
19,6,1,0,306,241,8,0,14,7.0,0,TypeScript,2018-2020,1.0,1.26,0.0,0.78,0
12,0,0,0,8,0,1,0,0,0.0,0,TypeScript,2018-2020,1.0,8.0,0.0,0.0,0
19,0,0,0,0,7,1,0,1,5.0,0,TypeScript,2018-2020,1.0,0.0,0.0,2.5,0
20,0,0,0,395,39,32,1,19,6.0,0,TypeScript,2018-2020,1.0,9.88,0.03,0.18,0
21,0,0,0,1,1,1,0,0,0.0,0,TypeScript,2018-2020,1.0,0.5,0.0,0.0,0
1,1,0,1,6,3,1,0,0,0.0,0,TypeScript,2018-2020,1.0,1.5,0.0,0.0,0
2,1,0,1,2,1,2,0,0,0.0,0,TypeScript,2018-2020,1.0,1.0,0.0,0.0,0
15,1,0,0,1,1,1,0,0,0.0,0,TypeScript,2018-2020,1.0,0.5,0.0,0.0,0
20,1,0,0,24,8,5,1,3,5.33,0,TypeScript,2018-2020,1.0,2.67,0.17,0.89,0
12,2,0,0,15,1,2,0,1,3.0,0,TypeScript,2018-2020,1.0,7.5,0.0,1.0,0
15,2,0,0,70,45,7,0,19,2.0,0,TypeScript,2018-2020,1.0,1.52,0.0,0.25,0
10,3,0,0,14,4,2,0,1,1.0,0,TypeScript,2018-2020,1.0,2.8,0.0,0.33,0
22,3,0,1,10,1,2,0,2,1.0,0,TypeScript,2018-2020,1.0,5.0,0.0,0.33,0
10,4,0,0,121,74,3,0,1,45.0,0,TypeScript,2018-2020,1.0,1.61,0.0,11.25,0
12,4,0,0,5145,1912,214,2,6,14.17,0,TypeScript,2018-2020,1.0,2.69,0.01,0.07,0
15,4,0,0,74,147,51,1,23,2.7,0,TypeScript,2018-2020,1.0,0.5,0.02,0.05,0
15,4,0,0,1,1,1,0,0,0.0,0,TypeScript,2018-2020,1.0,0.5,0.0,0.0,0
16,4,0,0,3,2,2,0,0,0.0,0,TypeScript,2018-2020,1.0,1.0,0.0,0.0,0
23,4,0,1,293,45,6,1,31,3.48,0,TypeScript,2018-2020,1.0,6.37,0.14,0.5,0
18,5,1,0,115,4,7,1,2,19.0,0,TypeScript,2018-2020,1.0,23.0,0.12,2.38,0
19,5,1,0,78,2,3,1,1,2.0,0,TypeScript,2018-2020,1.0,26.0,0.25,0.5,0
21,5,1,0,64,4,4,0,1,45.0,0,TypeScript,2018-2020,1.0,12.8,0.0,9.0,0
22,5,1,1,4,4,1,0,0,0.0,0,TypeScript,2018-2020,1.0,0.8,0.0,0.0,0
23,5,1,1,28,3,4,1,2,1.5,0,TypeScript,2018-2020,1.0,7.0,0.2,0.3,0
18,6,1,0,80,4,3,0,0,0.0,0,TypeScript,2018-2020,1.0,16.0,0.0,0.0,0
20,6,1,0,7,1,1,0,0,0.0,0,TypeScript,2018-2020,1.0,3.5,0.0,0.0,0
20,6,1,0,4,4,1,0,0,0.0,0,TypeScript,2018-2020,1.0,0.8,0.0,0.0,0
21,6,1,0,1,1,1,0,0,0.0,0,TypeScript,2018-2020,1.0,0.5,0.0,0.0,0
21,6,1,0,3,3,1,0,0,0.0,0,TypeScript,2018-2020,1.0,0.75,0.0,0.0,0
0,0,0,1,13,7,2,0,0,0.0,0,TypeScript,2018-2020,1.0,1.62,0.0,0.0,0
14,1,0,0,94,11,5,0,5,4.0,0,TypeScript,2018-2020,1.0,7.83,0.0,0.67,0
14,1,0,0,1,1,1,0,0,0.0,0,TypeScript,2018-2020,1.0,0.5,0.0,0.0,0
18,2,0,0,687,366,30,2,69,6.36,0,TypeScript,2018-2020,1.0,1.87,0.06,0.21,0
21,3,0,0,5456,157,67,1,289,3.67,0,TypeScript,2018-2020,1.0,34.53,0.01,0.05,0
14,4,0,0,32,0,1,0,0,0.0,0,TypeScript,2018-2020,1.0,32.0,0.0,0.0,0
14,4,0,0,257,23,8,0,9,4.56,0,TypeScript,2018-2020,1.0,10.71,0.0,0.51,0
16,4,0,0,2,2,1,0,0,0.0,0,TypeScript,2018-2020,1.0,0.67,0.0,0.0,0
18,4,0,0,321,11,11,0,23,4.48,0,TypeScript,2018-2020,1.0,26.75,0.0,0.37,0
2,5,1,1,83,39,6,0,3,1.33,0,TypeScript,2018-2020,1.0,2.08,0.0,0.19,0
11,0,0,0,23,1,1,0,0,0.0,0,TypeScript,2018-2020,1.0,11.5,0.0,0.0,0
12,0,0,0,32,0,2,1,1,2.0,0,TypeScript,2018-2020,1.0,32.0,0.33,0.67,0
22,0,0,1,196,208,34,0,0,0.0,0,TypeScript,2018-2020,1.0,0.94,0.0,0.0,0
16,1,0,0,367,37,14,0,9,3.33,0,TypeScript,2018-2020,1.0,9.66,0.0,0.22,0
16,1,0,0,1,1,1,0,0,0.0,0,TypeScript,2018-2020,1.0,0.5,0.0,0.0,0
19,1,0,0,22,4,5,1,3,2.0,0,TypeScript,2018-2020,1.0,4.4,0.17,0.33,0
14,2,0,0,619,62,43,0,15,9.8,0,TypeScript,2018-2020,1.0,9.83,0.0,0.22,0
21,2,0,0,22,1,2,0,0,0.0,0,TypeScript,2018-2020,1.0,11.0,0.0,0.0,0
22,2,0,1,76,65,4,0,5,4.6,0,TypeScript,2018-2020,1.0,1.15,0.0,0.92,0
15,3,0,0,34,4,11,0,1,5.0,0,TypeScript,2018-2020,1.0,6.8,0.0,0.42,0
19,3,0,0,30,3,4,0,2,6.5,0,TypeScript,2018-2020,1.0,7.5,0.0,1.3,0
11,4,0,0,701,61,95,2,41,4.66,0,TypeScript,2018-2020,1.0,11.31,0.02,0.05,0
17,4,0,0,1,3,2,1,2,1.5,0,TypeScript,2018-2020,1.0,0.25,0.33,0.5,0
17,5,1,0,31,8,4,0,4,4.25,0,TypeScript,2018-2020,1.0,3.44,0.0,0.85,0
0,6,1,1,164,203,4,0,60,3.77,0,TypeScript,2018-2020,1.0,0.8,0.0,0.75,0
16,6,1,0,4,4,2,0,1,8.0,0,TypeScript,2018-2020,1.0,0.8,0.0,2.67,0
21,6,1,0,240,15,7,1,6,8.17,0,TypeScript,2018-2020,1.0,15.0,0.12,1.02,0
13,1,0,0,100,3,21,0,11,6.55,0,TypeScript,2018-2020,1.0,25.0,0.0,0.3,0
20,1,0,0,172,240,17,0,27,4.44,0,TypeScript,2018-2020,1.0,0.71,0.0,0.25,0
23,1,0,1,124,18,9,1,4,5.25,0,TypeScript,2018-2020,1.0,6.53,0.1,0.52,0
14,2,0,0,67,36,14,0,7,3.14,0,TypeScript,2018-2020,1.0,1.81,0.0,0.21,0
19,4,0,0,602,7,13,0,28,5.0,0,TypeScript,2018-2020,1.0,75.25,0.0,0.36,0
18,5,1,0,206,33,23,0,28,6.11,0,TypeScript,2018-2020,1.0,6.06,0.0,0.25,0
0,0,0,1,488,14,16,1,20,1.95,0,TypeScript,2018-2020,1.0,32.53,0.06,0.11,0
16,1,0,0,115,3,8,0,1,11.0,0,TypeScript,2018-2020,1.0,28.75,0.0,1.22,0
14,2,0,0,41,41,10,0,0,0.0,0,TypeScript,2018-2020,1.0,0.98,0.0,0.0,0
23,2,0,1,824,449,23,3,53,5.57,0,TypeScript,2018-2020,1.0,1.83,0.12,0.23,0
14,3,0,0,328,3,19,0,7,3.14,0,TypeScript,2018-2020,1.0,82.0,0.0,0.16,0
18,4,0,0,52,92,12,0,17,8.24,0,TypeScript,2018-2020,1.0,0.56,0.0,0.63,0
22,4,0,1,62,14,8,1,5,3.0,0,TypeScript,2018-2020,1.0,4.13,0.11,0.33,0
11,0,0,0,0,1,1,0,0,0.0,0,TypeScript,2018-2020,1.0,0.0,0.0,0.0,0
0,1,0,1,105,44,12,1,17,2.71,0,TypeScript,2018-2020,1.0,2.33,0.08,0.21,0
9,1,0,0,170,32,3,0,17,6.24,0,TypeScript,2018-2020,1.0,5.15,0.0,1.56,0
22,1,0,1,3,3,2,0,0,0.0,0,TypeScript,2018-2020,1.0,0.75,0.0,0.0,0
22,1,0,1,1,1,1,0,0,0.0,0,TypeScript,2018-2020,1.0,0.5,0.0,0.0,0
22,1,0,1,3,3,2,0,0,0.0,0,TypeScript,2018-2020,1.0,0.75,0.0,0.0,0
23,5,1,1,3,3,1,0,1,4.0,0,TypeScript,2018-2020,1.0,0.75,0.0,2.0,0
17,6,1,0,12,4,4,0,2,2.5,0,TypeScript,2018-2020,1.0,2.4,0.0,0.5,0
15,1,0,0,48,17,4,0,7,3.29,0,TypeScript,2018-2020,1.0,2.67,0.0,0.66,0
21,2,0,0,838,389,269,3,49,10.24,0,TypeScript,2018-2020,1.0,2.15,0.01,0.04,0
14,3,0,0,76,63,42,1,11,4.18,0,TypeScript,2018-2020,1.0,1.19,0.02,0.1,0
15,3,0,0,41,41,10,0,0,0.0,0,TypeScript,2018-2020,1.0,0.98,0.0,0.0,0
17,3,0,0,337,35,11,0,6,10.67,0,TypeScript,2018-2020,1.0,9.36,0.0,0.89,0
18,3,0,0,65,3,9,0,3,14.67,0,TypeScript,2018-2020,1.0,16.25,0.0,1.47,0
14,4,0,0,292,59,14,0,18,5.33,0,TypeScript,2018-2020,1.0,4.87,0.0,0.36,0
11,0,0,0,21,1,2,0,2,3.0,0,TypeScript,2018-2020,1.0,10.5,0.0,1.0,0
14,0,0,0,114,20,16,1,11,8.73,0,TypeScript,2018-2020,1.0,5.43,0.06,0.51,0
15,0,0,0,215,111,12,1,14,1.57,0,TypeScript,2018-2020,1.0,1.92,0.08,0.12,0
1,1,0,1,100,4,4,1,1,1.0,0,TypeScript,2018-2020,1.0,20.0,0.2,0.2,0
18,2,0,0,57,35,2,0,3,5.67,0,TypeScript,2018-2020,1.0,1.58,0.0,1.89,0
9,3,0,0,220,65,24,1,27,6.11,0,TypeScript,2018-2020,1.0,3.33,0.04,0.24,0
18,4,0,0,126,51,10,0,13,11.54,0,TypeScript,2018-2020,1.0,2.42,0.0,1.05,0
10,6,1,0,31,2,3,0,4,3.75,0,TypeScript,2018-2020,1.0,10.33,0.0,0.94,0
12,6,1,0,1,1,1,0,0,0.0,0,TypeScript,2018-2020,1.0,0.5,0.0,0.0,0
1,6,1,1,106,44,23,0,16,5.25,0,TypeScript,2018-2020,1.0,2.36,0.0,0.22,0
20,3,0,0,1,1,1,0,0,0.0,0,TypeScript,2018-2020,1.0,0.5,0.0,0.0,0
20,3,0,0,4693,2893,257,3,343,3.61,0,TypeScript,2018-2020,1.0,1.62,0.01,0.01,0
2,5,1,1,372,96,62,1,17,3.88,0,TypeScript,2018-2020,1.0,3.84,0.02,0.06,0
13,5,1,0,1,1,1,0,0,0.0,0,TypeScript,2018-2020,1.0,0.5,0.0,0.0,0
14,5,1,0,2,2,2,0,0,0.0,0,TypeScript,2018-2020,1.0,0.67,0.0,0.0,0
20,5,1,0,0,95,11,2,2,1.0,0,TypeScript,2018-2020,1.0,0.0,0.17,0.08,0
21,5,1,0,2,2,1,0,0,0.0,0,TypeScript,2018-2020,1.0,0.67,0.0,0.0,0
15,6,1,0,1,1,1,0,0,0.0,0,TypeScript,2018-2020,1.0,0.5,0.0,0.0,0
18,6,1,0,292,4,16,1,9,3.67,0,TypeScript,2018-2020,1.0,58.4,0.06,0.22,0
18,6,1,0,3,3,2,0,0,0.0,0,TypeScript,2018-2020,1.0,0.75,0.0,0.0,0
20,0,0,0,20,6,2,0,2,4.5,0,TypeScript,2018-2020,1.0,2.86,0.0,1.5,0
20,0,0,0,2,2,1,0,1,20.0,0,TypeScript,2018-2020,1.0,0.67,0.0,10.0,0
20,0,0,0,31,6,2,0,2,22.0,0,TypeScript,2018-2020,1.0,4.43,0.0,7.33,0
21,0,0,0,9,9,2,0,2,3.0,0,TypeScript,2018-2020,1.0,0.9,0.0,1.0,0
22,0,0,1,22,8,9,0,13,1.0,0,TypeScript,2018-2020,1.0,2.44,0.0,0.1,0
2,1,0,1,407,14,15,0,34,3.38,0,TypeScript,2018-2020,1.0,27.13,0.0,0.21,0
10,1,0,0,3,3,2,0,2,3.0,0,TypeScript,2018-2020,1.0,0.75,0.0,1.0,0
12,1,0,0,119,125,21,0,22,5.18,0,TypeScript,2018-2020,1.0,0.94,0.0,0.24,0
14,1,0,0,5,5,2,0,0,0.0,0,TypeScript,2018-2020,1.0,0.83,0.0,0.0,0
14,1,0,0,1,1,1,0,0,0.0,0,TypeScript,2018-2020,1.0,0.5,0.0,0.0,0
14,1,0,0,1,1,1,0,0,0.0,0,TypeScript,2018-2020,1.0,0.5,0.0,0.0,0
17,1,0,0,230,221,48,0,19,6.53,0,TypeScript,2018-2020,1.0,1.04,0.0,0.13,0
18,1,0,0,14,12,2,0,0,0.0,0,TypeScript,2018-2020,1.0,1.08,0.0,0.0,0
18,1,0,0,2,2,1,0,2,2.5,0,TypeScript,2018-2020,1.0,0.67,0.0,1.25,0
18,1,0,0,1,1,1,0,0,0.0,0,TypeScript,2018-2020,1.0,0.5,0.0,0.0,0
18,1,0,0,1,2,1,0,0,0.0,0,TypeScript,2018-2020,1.0,0.33,0.0,0.0,0
18,1,0,0,1,1,1,0,0,0.0,0,TypeScript,2018-2020,1.0,0.5,0.0,0.0,0
19,1,0,0,50,9,3,0,2,8.5,0,TypeScript,2018-2020,1.0,5.0,0.0,2.12,0
19,1,0,0,1,1,1,0,0,0.0,0,TypeScript,2018-2020,1.0,0.5,0.0,0.0,0
19,1,0,0,1,1,1,0,0,0.0,0,TypeScript,2018-2020,1.0,0.5,0.0,0.0,0
20,1,0,0,137,63,18,0,81,1.79,0,TypeScript,2018-2020,1.0,2.14,0.0,0.09,0
20,1,0,0,1,1,1,0,0,0.0,0,TypeScript,2018-2020,1.0,0.5,0.0,0.0,0
21,1,0,0,16,9,4,0,1,4.0,0,TypeScript,2018-2020,1.0,1.6,0.0,0.8,0
6,2,0,0,1,1,1,0,0,0.0,0,TypeScript,2018-2020,1.0,0.5,0.0,0.0,0
8,2,0,0,43,13,8,0,14,1.64,0,TypeScript,2018-2020,1.0,3.07,0.0,0.18,0
10,2,0,0,36,63,10,0,9,2.11,0,TypeScript,2018-2020,1.0,0.56,0.0,0.19,0
11,2,0,0,37,40,10,0,6,2.0,0,TypeScript,2018-2020,1.0,0.9,0.0,0.18,0
11,2,0,0,41,55,3,0,1,6.0,0,TypeScript,2018-2020,1.0,0.73,0.0,1.5,0
13,2,0,0,14,25,7,0,3,3.33,0,TypeScript,2018-2020,1.0,0.54,0.0,0.42,0
13,2,0,0,1,1,1,0,0,0.0,0,TypeScript,2018-2020,1.0,0.5,0.0,0.0,0
15,2,0,0,138,43,11,0,12,3.17,0,TypeScript,2018-2020,1.0,3.14,0.0,0.26,0
15,2,0,0,1,1,1,0,0,0.0,0,TypeScript,2018-2020,1.0,0.5,0.0,0.0,0
15,2,0,0,2,2,2,0,0,0.0,0,TypeScript,2018-2020,1.0,0.67,0.0,0.0,0
15,2,0,0,1,1,1,0,0,0.0,0,TypeScript,2018-2020,1.0,0.5,0.0,0.0,0
17,2,0,0,136,141,20,0,35,2.14,0,TypeScript,2018-2020,1.0,0.96,0.0,0.1,0
18,2,0,0,71,31,7,0,5,3.0,0,TypeScript,2018-2020,1.0,2.22,0.0,0.38,0
11,3,0,0,25,28,4,0,23,1.48,0,TypeScript,2018-2020,1.0,0.86,0.0,0.3,0
15,3,0,0,126,225,10,0,3,7.67,0,TypeScript,2018-2020,1.0,0.56,0.0,0.7,0
13,4,0,0,713,152,12,0,5,3.4,0,TypeScript,2018-2020,1.0,4.66,0.0,0.26,0
19,4,0,0,173,59,9,0,15,14.6,0,TypeScript,2018-2020,1.0,2.88,0.0,1.46,0
16,5,1,0,784,1526,70,1,21,1.33,0,TypeScript,2018-2020,1.0,0.51,0.01,0.02,0
17,5,1,0,594,446,24,0,7,2.0,0,TypeScript,2018-2020,1.0,1.33,0.0,0.08,0
0,6,1,1,1,1,1,0,1,12.0,0,TypeScript,2018-2020,1.0,0.5,0.0,6.0,0
1,6,1,1,24,52,6,0,3,5.0,0,TypeScript,2018-2020,1.0,0.45,0.0,0.71,0
11,6,1,0,0,1,1,0,0,0.0,0,TypeScript,2018-2020,1.0,0.0,0.0,0.0,0
11,6,1,0,1,1,1,0,2,20.0,0,TypeScript,2018-2020,1.0,0.5,0.0,10.0,0
11,6,1,0,2,2,1,0,0,0.0,0,TypeScript,2018-2020,1.0,0.67,0.0,0.0,0
11,6,1,0,5,21,1,0,2,1.5,0,TypeScript,2018-2020,1.0,0.23,0.0,0.75,0
11,6,1,0,3,2,2,0,0,0.0,0,TypeScript,2018-2020,1.0,1.0,0.0,0.0,0
12,6,1,0,8,12,5,0,3,1.67,0,TypeScript,2018-2020,1.0,0.62,0.0,0.28,0
14,6,1,0,263,187,12,0,8,9.5,0,TypeScript,2018-2020,1.0,1.4,0.0,0.73,0
14,6,1,0,38,18,6,0,4,5.5,0,TypeScript,2018-2020,1.0,2.0,0.0,0.79,0
15,6,1,0,9,7,4,0,4,1.25,0,TypeScript,2018-2020,1.0,1.12,0.0,0.25,0
17,6,1,0,21,7,4,0,4,1.0,0,TypeScript,2018-2020,1.0,2.62,0.0,0.2,0
17,6,1,0,4,6,3,0,2,2.0,0,TypeScript,2018-2020,1.0,0.57,0.0,0.5,0
20,6,1,0,124,62,12,0,8,9.12,0,TypeScript,2018-2020,1.0,1.97,0.0,0.7,0
20,6,1,0,189,195,7,0,4,5.25,0,TypeScript,2018-2020,1.0,0.96,0.0,0.66,0
20,6,1,0,1,0,1,0,0,0.0,0,TypeScript,2018-2020,1.0,1.0,0.0,0.0,0
8,0,0,0,20,21,7,0,3,1.0,0,TypeScript,2018-2020,1.0,0.91,0.0,0.12,0
8,0,0,0,7,17,6,0,2,5.0,0,TypeScript,2018-2020,1.0,0.39,0.0,0.71,0
10,0,0,0,42,5,5,0,8,2.25,0,TypeScript,2018-2020,1.0,7.0,0.0,0.38,0
10,0,0,0,2,2,1,0,0,0.0,0,TypeScript,2018-2020,1.0,0.67,0.0,0.0,0
10,0,0,0,10,6,1,0,0,0.0,0,TypeScript,2018-2020,1.0,1.43,0.0,0.0,0
10,0,0,0,234,130,21,1,61,1.93,0,TypeScript,2018-2020,1.0,1.79,0.05,0.09,0
14,0,0,0,197,93,30,0,3,5.67,0,TypeScript,2018-2020,1.0,2.1,0.0,0.18,0
14,0,0,0,35,51,7,0,10,7.4,0,TypeScript,2018-2020,1.0,0.67,0.0,0.92,0
14,0,0,0,5,5,10,9,2,1.0,0,TypeScript,2018-2020,1.0,0.83,0.82,0.09,0
14,0,0,0,12,6,5,0,1,7.0,0,TypeScript,2018-2020,1.0,1.71,0.0,1.17,0
15,0,0,0,14,5,3,0,6,2.83,0,TypeScript,2018-2020,1.0,2.33,0.0,0.71,0
17,0,0,0,98,118,13,1,7,8.57,0,TypeScript,2018-2020,1.0,0.82,0.07,0.61,0
18,0,0,0,121,46,16,1,12,9.92,0,TypeScript,2018-2020,1.0,2.57,0.06,0.58,0
19,0,0,0,395,53,22,0,27,3.37,0,TypeScript,2018-2020,1.0,7.31,0.0,0.15,0
20,0,0,0,155,307,19,0,12,4.42,0,TypeScript,2018-2020,1.0,0.5,0.0,0.22,0
8,1,0,0,53,0,2,0,3,3.67,0,TypeScript,2018-2020,1.0,53.0,0.0,1.22,0
8,1,0,0,52,79,18,0,17,5.06,0,TypeScript,2018-2020,1.0,0.65,0.0,0.27,0
9,1,0,0,16,16,5,0,9,4.56,0,TypeScript,2018-2020,1.0,0.94,0.0,0.76,0
10,1,0,0,79,43,18,0,11,4.91,0,TypeScript,2018-2020,1.0,1.8,0.0,0.26,0
11,1,0,0,17,9,4,1,2,5.0,0,TypeScript,2018-2020,1.0,1.7,0.2,1.0,0
16,1,0,0,2,0,1,0,0,0.0,0,TypeScript,2018-2020,1.0,2.0,0.0,0.0,0
16,1,0,0,1,1,1,0,0,0.0,0,TypeScript,2018-2020,1.0,0.5,0.0,0.0,0
16,1,0,0,17,8,9,0,0,0.0,0,TypeScript,2018-2020,1.0,1.89,0.0,0.0,0
17,1,0,0,8,8,3,0,3,4.0,0,TypeScript,2018-2020,1.0,0.89,0.0,1.0,0
17,1,0,0,1,1,1,0,0,0.0,0,TypeScript,2018-2020,1.0,0.5,0.0,0.0,0
23,1,0,1,6,0,1,0,0,0.0,0,TypeScript,2018-2020,1.0,6.0,0.0,0.0,0
23,1,0,1,4,0,1,0,0,0.0,0,TypeScript,2018-2020,1.0,4.0,0.0,0.0,0
10,2,0,0,7,0,3,0,2,2.5,0,TypeScript,2018-2020,1.0,7.0,0.0,0.62,0
10,2,0,0,1,1,1,0,0,0.0,0,TypeScript,2018-2020,1.0,0.5,0.0,0.0,0
14,2,0,0,132,6,7,0,6,5.33,0,TypeScript,2018-2020,1.0,18.86,0.0,0.67,0
15,2,0,0,3,0,2,0,1,1.0,0,TypeScript,2018-2020,1.0,3.0,0.0,0.33,0
15,2,0,0,1,1,1,0,0,0.0,0,TypeScript,2018-2020,1.0,0.5,0.0,0.0,0
15,2,0,0,1,1,1,0,0,0.0,0,TypeScript,2018-2020,1.0,0.5,0.0,0.0,0
16,2,0,0,4,2,1,0,0,0.0,0,TypeScript,2018-2020,1.0,1.33,0.0,0.0,0
16,2,0,0,1,1,1,0,0,0.0,0,TypeScript,2018-2020,1.0,0.5,0.0,0.0,0
17,2,0,0,4,4,2,0,2,2.0,0,TypeScript,2018-2020,1.0,0.8,0.0,0.67,0
21,2,0,0,9,9,6,0,7,9.43,0,TypeScript,2018-2020,1.0,0.9,0.0,1.35,0
21,2,0,0,1,1,1,0,1,6.0,0,TypeScript,2018-2020,1.0,0.5,0.0,3.0,0
22,2,0,1,1397,399,19,0,52,4.19,0,TypeScript,2018-2020,1.0,3.49,0.0,0.21,0
11,3,0,0,6,5,3,0,2,7.5,0,TypeScript,2018-2020,1.0,1.0,0.0,1.88,0
11,3,0,0,1,0,1,0,0,0.0,0,TypeScript,2018-2020,1.0,1.0,0.0,0.0,0
12,3,0,0,32,1,1,0,0,0.0,0,TypeScript,2018-2020,1.0,16.0,0.0,0.0,0
15,3,0,0,18,6,2,0,8,1.5,0,TypeScript,2018-2020,1.0,2.57,0.0,0.5,0
5,4,0,1,426,25,20,0,46,3.63,0,TypeScript,2018-2020,1.0,16.38,0.0,0.17,0
11,1,0,0,21,11,5,0,8,6.75,0,TypeScript,2018-2020,1.0,1.75,0.0,1.12,0
11,1,0,0,3,0,1,1,0,0.0,0,TypeScript,2018-2020,1.0,3.0,0.5,0.0,0
11,1,0,0,1,0,1,1,0,0.0,0,TypeScript,2018-2020,1.0,1.0,0.5,0.0,0
13,1,0,0,1,0,1,1,0,0.0,0,TypeScript,2018-2020,1.0,1.0,0.5,0.0,0
15,1,0,0,316,338,3,0,16,5.94,0,TypeScript,2018-2020,1.0,0.93,0.0,1.48,0
9,2,0,0,8,8,2,0,4,1.5,0,TypeScript,2018-2020,1.0,0.89,0.0,0.5,0
10,2,0,0,19,3,2,0,1,1.0,0,TypeScript,2018-2020,1.0,4.75,0.0,0.33,0
11,2,0,0,55,28,3,0,43,1.23,0,TypeScript,2018-2020,1.0,1.9,0.0,0.31,0
11,2,0,0,63,23,3,0,9,2.11,0,TypeScript,2018-2020,1.0,2.62,0.0,0.53,0
14,2,0,0,761,87,24,3,19,4.47,0,TypeScript,2018-2020,1.0,8.65,0.12,0.18,0
12,5,1,0,19,20,1,0,0,0.0,0,TypeScript,2018-2020,1.0,0.9,0.0,0.0,0
12,5,1,0,9,2,2,0,1,1.0,0,TypeScript,2018-2020,1.0,3.0,0.0,0.33,0
17,5,1,0,13,1,2,0,1,12.0,0,TypeScript,2018-2020,1.0,6.5,0.0,4.0,0
22,5,1,1,6,1,2,0,3,2.0,0,TypeScript,2018-2020,1.0,3.0,0.0,0.67,0
16,0,0,0,89,4,11,1,5,1.0,0,TypeScript,2018-2020,1.0,17.8,0.08,0.08,0
23,5,1,1,440,4,13,0,1,13.0,0,TypeScript,2018-2020,1.0,88.0,0.0,0.93,0
9,6,1,0,719,710,26,0,46,5.15,0,TypeScript,2018-2020,1.0,1.01,0.0,0.19,0
11,6,1,0,187,305,40,0,22,2.55,0,TypeScript,2018-2020,1.0,0.61,0.0,0.06,0
11,6,1,0,69,112,9,0,7,2.71,0,TypeScript,2018-2020,1.0,0.61,0.0,0.27,0
11,6,1,0,24,22,2,0,35,1.54,0,TypeScript,2018-2020,1.0,1.04,0.0,0.51,0
15,6,1,0,78,26,9,0,15,2.73,0,TypeScript,2018-2020,1.0,2.89,0.0,0.27,0
15,6,1,0,486,577,24,0,31,4.06,0,TypeScript,2018-2020,1.0,0.84,0.0,0.16,0
17,6,1,0,121,197,8,0,14,4.07,0,TypeScript,2018-2020,1.0,0.61,0.0,0.45,0
21,6,1,0,145,208,9,0,7,12.14,0,TypeScript,2018-2020,1.0,0.69,0.0,1.21,0
22,6,1,1,24,1,2,1,3,1.67,0,TypeScript,2018-2020,1.0,12.0,0.33,0.56,0
22,6,1,1,52,0,1,0,0,0.0,0,TypeScript,2018-2020,1.0,52.0,0.0,0.0,0
17,0,0,0,22,11,7,1,2,10.0,0,TypeScript,2018-2020,1.0,1.83,0.12,1.25,0
4,1,0,1,1977,379,160,6,81,7.22,0,TypeScript,2018-2020,1.0,5.2,0.04,0.04,0
14,1,0,0,372,1,4,0,15,4.0,0,TypeScript,2018-2020,1.0,186.0,0.0,0.8,0
15,1,0,0,1,1,1,0,0,0.0,0,TypeScript,2018-2020,1.0,0.5,0.0,0.0,0
12,2,0,0,3,3,3,0,0,0.0,0,TypeScript,2018-2020,1.0,0.75,0.0,0.0,0
9,3,0,0,70,75,6,0,7,11.43,0,TypeScript,2018-2020,1.0,0.92,0.0,1.63,0
10,3,0,0,24,33,12,0,1,2.0,0,TypeScript,2018-2020,1.0,0.71,0.0,0.15,0
10,3,0,0,4,3,2,0,0,0.0,0,TypeScript,2018-2020,1.0,1.0,0.0,0.0,0
12,3,0,0,57,62,7,0,10,3.0,0,TypeScript,2018-2020,1.0,0.9,0.0,0.38,0
12,3,0,0,1,0,1,0,1,4.0,0,TypeScript,2018-2020,1.0,1.0,0.0,2.0,0
12,5,1,0,76,169,17,0,11,4.0,0,TypeScript,2018-2020,1.0,0.45,0.0,0.22,0
13,5,1,0,84,74,28,0,37,3.97,0,TypeScript,2018-2020,1.0,1.12,0.0,0.14,0
14,5,1,0,229,455,56,1,42,3.81,0,TypeScript,2018-2020,1.0,0.5,0.02,0.07,0
16,5,1,0,201,209,50,1,28,2.5,0,TypeScript,2018-2020,1.0,0.96,0.02,0.05,0
20,5,1,0,4,0,1,0,0,0.0,0,TypeScript,2018-2020,1.0,4.0,0.0,0.0,0
20,5,1,0,495,196,38,0,73,2.37,0,TypeScript,2018-2020,1.0,2.51,0.0,0.06,0
21,5,1,0,106,25,7,0,17,6.88,0,TypeScript,2018-2020,1.0,4.08,0.0,0.86,0
21,5,1,0,2,2,2,0,2,7.5,0,TypeScript,2018-2020,1.0,0.67,0.0,2.5,0
11,6,1,0,112,80,10,0,2,12.5,0,TypeScript,2018-2020,1.0,1.38,0.0,1.14,0
11,6,1,0,168,475,29,0,18,1.39,0,TypeScript,2018-2020,1.0,0.35,0.0,0.05,0
12,6,1,0,227,273,9,0,5,2.4,0,TypeScript,2018-2020,1.0,0.83,0.0,0.24,0
12,6,1,0,0,8,2,0,0,0.0,0,TypeScript,2018-2020,1.0,0.0,0.0,0.0,0
12,6,1,0,638,856,2,0,0,0.0,0,TypeScript,2018-2020,1.0,0.74,0.0,0.0,0
12,6,1,0,4,1,1,0,0,0.0,0,TypeScript,2018-2020,1.0,2.0,0.0,0.0,0
13,6,1,0,1,1,1,0,0,0.0,0,TypeScript,2018-2020,1.0,0.5,0.0,0.0,0
13,6,1,0,10,275,3,1,3,1.67,0,TypeScript,2018-2020,1.0,0.04,0.25,0.42,0
13,6,1,0,2,2,1,0,2,2.5,0,TypeScript,2018-2020,1.0,0.67,0.0,1.25,0
13,6,1,0,724,218,21,0,10,2.6,0,TypeScript,2018-2020,1.0,3.31,0.0,0.12,0
13,6,1,0,65,50,6,0,4,3.0,0,TypeScript,2018-2020,1.0,1.27,0.0,0.43,0
13,6,1,0,5,1,1,0,0,0.0,0,TypeScript,2018-2020,1.0,2.5,0.0,0.0,0
13,6,1,0,1,1,1,0,0,0.0,0,TypeScript,2018-2020,1.0,0.5,0.0,0.0,0
13,6,1,0,1,8,1,0,1,1.0,0,TypeScript,2018-2020,1.0,0.11,0.0,0.5,0
13,6,1,0,2,2,1,0,0,0.0,0,TypeScript,2018-2020,1.0,0.67,0.0,0.0,0
13,6,1,0,4,4,3,0,0,0.0,0,TypeScript,2018-2020,1.0,0.8,0.0,0.0,0
13,6,1,0,1,1,1,0,0,0.0,0,TypeScript,2018-2020,1.0,0.5,0.0,0.0,0
14,6,1,0,3,0,1,0,0,0.0,0,TypeScript,2018-2020,1.0,3.0,0.0,0.0,0
14,6,1,0,1,1,1,0,0,0.0,0,TypeScript,2018-2020,1.0,0.5,0.0,0.0,0
14,6,1,0,13,11,4,0,2,12.0,0,TypeScript,2018-2020,1.0,1.08,0.0,2.4,0
14,6,1,0,21,4,2,0,0,0.0,0,TypeScript,2018-2020,1.0,4.2,0.0,0.0,0
14,6,1,0,1,1,1,0,0,0.0,0,TypeScript,2018-2020,1.0,0.5,0.0,0.0,0
15,6,1,0,1,0,1,0,0,0.0,0,TypeScript,2018-2020,1.0,1.0,0.0,0.0,0
15,6,1,0,15,2,2,0,0,0.0,0,TypeScript,2018-2020,1.0,5.0,0.0,0.0,0
15,6,1,0,0,2,1,0,0,0.0,0,TypeScript,2018-2020,1.0,0.0,0.0,0.0,0
15,6,1,0,9,2,2,0,0,0.0,0,TypeScript,2018-2020,1.0,3.0,0.0,0.0,0
15,6,1,0,1,1,1,0,0,0.0,0,TypeScript,2018-2020,1.0,0.5,0.0,0.0,0
15,6,1,0,1,1,1,0,0,0.0,0,TypeScript,2018-2020,1.0,0.5,0.0,0.0,0
18,6,1,0,113,44,13,1,13,12.46,0,TypeScript,2018-2020,1.0,2.51,0.07,0.89,0
19,6,1,0,3081,2138,106,3,203,4.38,0,TypeScript,2018-2020,1.0,1.44,0.03,0.04,0
21,6,1,0,11,4,1,0,0,0.0,0,TypeScript,2018-2020,1.0,2.2,0.0,0.0,0
21,6,1,0,26,6,4,0,2,2.5,0,TypeScript,2018-2020,1.0,3.71,0.0,0.5,0
21,6,1,0,747,0,12,0,18,1.56,0,TypeScript,2018-2020,1.0,747.0,0.0,0.12,0
21,6,1,0,15,2,1,0,1,2.0,0,TypeScript,2018-2020,1.0,5.0,0.0,1.0,0
21,6,1,0,2,2,2,0,3,2.33,0,TypeScript,2018-2020,1.0,0.67,0.0,0.78,0
21,6,1,0,1,1,1,0,0,0.0,0,TypeScript,2018-2020,1.0,0.5,0.0,0.0,0
21,6,1,0,44,6,3,0,1,4.0,0,TypeScript,2018-2020,1.0,6.29,0.0,1.0,0
21,6,1,0,0,1,1,0,1,4.0,0,TypeScript,2018-2020,1.0,0.0,0.0,2.0,0
21,6,1,0,1,0,1,0,0,0.0,0,TypeScript,2018-2020,1.0,1.0,0.0,0.0,0
21,6,1,0,42,33,9,0,3,1.0,0,TypeScript,2018-2020,1.0,1.24,0.0,0.1,0
21,6,1,0,2,5,3,0,3,2.0,0,TypeScript,2018-2020,1.0,0.33,0.0,0.5,0
21,6,1,0,1,1,1,0,0,0.0,0,TypeScript,2018-2020,1.0,0.5,0.0,0.0,0
23,6,1,1,111,21,8,0,9,2.22,0,TypeScript,2018-2020,1.0,5.05,0.0,0.25,0
23,6,1,1,21,10,4,0,4,1.0,0,TypeScript,2018-2020,1.0,1.91,0.0,0.2,0
2,0,0,1,118,8,8,0,10,2.0,0,TypeScript,2018-2020,1.0,13.11,0.0,0.22,0
13,0,0,0,1,0,1,0,0,0.0,0,TypeScript,2018-2020,1.0,1.0,0.0,0.0,0
13,0,0,0,3,1,2,0,0,0.0,0,TypeScript,2018-2020,1.0,1.5,0.0,0.0,0
13,0,0,0,11,16,5,0,1,3.0,0,TypeScript,2018-2020,1.0,0.65,0.0,0.5,0
13,0,0,0,210,22,14,0,0,0.0,0,TypeScript,2018-2020,1.0,9.13,0.0,0.0,0
16,0,0,0,167,24,5,0,0,0.0,0,TypeScript,2018-2020,1.0,6.68,0.0,0.0,0
16,0,0,0,16,9,4,0,6,3.0,0,TypeScript,2018-2020,1.0,1.6,0.0,0.6,0
16,0,0,0,0,6,3,0,0,0.0,0,TypeScript,2018-2020,1.0,0.0,0.0,0.0,0
16,0,0,0,42,106,4,0,4,2.0,0,TypeScript,2018-2020,1.0,0.39,0.0,0.4,0
17,0,0,0,4,6,2,0,0,0.0,1,TypeScript,2018-2020,0.4,0.57,0.0,0.0,0
17,0,0,0,15,28,7,0,5,6.8,0,TypeScript,2018-2020,1.0,0.52,0.0,0.85,0
17,0,0,0,17,0,1,0,0,0.0,0,TypeScript,2018-2020,1.0,17.0,0.0,0.0,0
17,0,0,0,5,5,5,0,6,5.83,0,TypeScript,2018-2020,1.0,0.83,0.0,0.97,0
17,0,0,0,32,4,3,0,0,0.0,0,TypeScript,2018-2020,1.0,6.4,0.0,0.0,0
17,0,0,0,4,1,1,0,0,0.0,0,TypeScript,2018-2020,1.0,2.0,0.0,0.0,0
19,0,0,0,357,65,34,0,30,4.03,0,TypeScript,2018-2020,1.0,5.41,0.0,0.12,0
20,0,0,0,97,1,6,0,6,1.5,0,TypeScript,2018-2020,1.0,48.5,0.0,0.21,0
20,0,0,0,18,2,4,0,0,0.0,0,TypeScript,2018-2020,1.0,6.0,0.0,0.0,0
21,0,0,0,5,1,1,0,1,3.0,0,TypeScript,2018-2020,1.0,2.5,0.0,1.5,0
0,1,0,1,23,11,6,0,2,18.5,0,TypeScript,2018-2020,1.0,1.92,0.0,2.64,0
8,1,0,0,131,34,8,0,0,0.0,0,TypeScript,2018-2020,1.0,3.74,0.0,0.0,0
9,1,0,0,100,2,2,0,0,0.0,0,TypeScript,2018-2020,1.0,33.33,0.0,0.0,0
11,1,0,0,13,13,8,0,1,4.0,0,TypeScript,2018-2020,1.0,0.93,0.0,0.44,0
11,1,0,0,151,31,6,0,0,0.0,0,TypeScript,2018-2020,1.0,4.72,0.0,0.0,0
11,1,0,0,197,162,10,1,57,2.56,0,TypeScript,2018-2020,1.0,1.21,0.09,0.23,0
12,1,0,0,105,37,7,0,2,5.5,0,TypeScript,2018-2020,1.0,2.76,0.0,0.69,1
12,1,0,0,0,1,1,0,0,0.0,0,TypeScript,2018-2020,1.0,0.0,0.0,0.0,1
13,1,0,0,1,1,1,0,0,0.0,0,TypeScript,2018-2020,1.0,0.5,0.0,0.0,0
13,1,0,0,162,9,4,0,0,0.0,0,TypeScript,2018-2020,1.0,16.2,0.0,0.0,0
13,1,0,0,29,10,7,0,1,1.0,0,TypeScript,2018-2020,1.0,2.64,0.0,0.12,0
10,2,0,0,13,10,2,0,0,0.0,0,TypeScript,2018-2020,1.0,1.18,0.0,0.0,0
10,2,0,0,2,2,2,0,0,0.0,0,TypeScript,2018-2020,1.0,0.67,0.0,0.0,1
12,2,0,0,5,5,2,0,0,0.0,0,TypeScript,2018-2020,1.0,0.83,0.0,0.0,0
12,2,0,0,70,285,18,0,0,0.0,0,TypeScript,2018-2020,1.0,0.24,0.0,0.0,0
12,2,0,0,1,1,1,0,0,0.0,0,TypeScript,2018-2020,1.0,0.5,0.0,0.0,0
12,2,0,0,33,16,1,0,0,0.0,0,TypeScript,2018-2020,1.0,1.94,0.0,0.0,1
12,2,0,0,1,1,1,0,1,1.0,0,TypeScript,2018-2020,1.0,0.5,0.0,0.5,0
12,2,0,0,1,1,1,0,0,0.0,0,TypeScript,2018-2020,1.0,0.5,0.0,0.0,0
13,2,0,0,77,292,21,0,1,1.0,0,TypeScript,2018-2020,1.0,0.26,0.0,0.05,1
13,2,0,0,77,0,11,0,0,0.0,0,TypeScript,2018-2020,1.0,77.0,0.0,0.0,1
14,2,0,0,552,208,33,0,22,4.68,0,TypeScript,2018-2020,1.0,2.64,0.0,0.14,0
14,2,0,0,3,3,2,0,0,0.0,0,TypeScript,2018-2020,1.0,0.75,0.0,0.0,0
14,2,0,0,2,0,1,0,0,0.0,0,TypeScript,2018-2020,1.0,2.0,0.0,0.0,1
15,2,0,0,8,8,1,0,0,0.0,0,TypeScript,2018-2020,1.0,0.89,0.0,0.0,1
15,2,0,0,5,5,2,0,0,0.0,0,TypeScript,2018-2020,1.0,0.83,0.0,0.0,0
15,2,0,0,1,1,1,0,0,0.0,0,TypeScript,2018-2020,1.0,0.5,0.0,0.0,0
17,2,0,0,0,4,2,0,0,0.0,0,TypeScript,2018-2020,1.0,0.0,0.0,0.0,1
17,2,0,0,0,4,2,0,0,0.0,0,TypeScript,2018-2020,1.0,0.0,0.0,0.0,1
23,2,0,1,40,0,1,1,4,1.0,0,TypeScript,2018-2020,1.0,40.0,0.5,0.5,0
8,3,0,0,1,1,1,0,0,0.0,0,TypeScript,2018-2020,1.0,0.5,0.0,0.0,0
7,6,1,0,0,2,1,0,0,0.0,0,TypeScript,2021-2023,1.0,0.0,0.0,0.0,0
22,0,0,1,6,6,2,0,0,0.0,0,TypeScript,2021-2023,1.0,0.86,0.0,0.0,0
22,0,0,1,325,79,23,3,16,3.12,0,TypeScript,2021-2023,1.0,4.06,0.12,0.13,0
22,0,0,1,6,6,2,0,0,0.0,0,TypeScript,2021-2023,1.0,0.86,0.0,0.0,0
6,1,0,0,1,2,1,0,1,4.0,0,TypeScript,2021-2023,1.0,0.33,0.0,2.0,0
6,1,0,0,1,1,1,0,1,2.0,0,TypeScript,2021-2023,1.0,0.5,0.0,1.0,0
23,1,0,1,133,133,3,0,124,2.98,0,TypeScript,2021-2023,1.0,0.99,0.0,0.74,0
8,2,0,0,36,78,37,23,14,9.5,0,TypeScript,2021-2023,1.0,0.46,0.61,0.25,0
2,3,0,1,81,81,2,0,0,0.0,0,TypeScript,2021-2023,1.0,0.99,0.0,0.0,0
17,3,0,0,6,6,2,0,0,0.0,0,TypeScript,2021-2023,1.0,0.86,0.0,0.0,0
0,5,1,1,6,6,2,0,0,0.0,0,TypeScript,2021-2023,1.0,0.86,0.0,0.0,0
0,5,1,1,6,6,2,0,0,0.0,0,TypeScript,2021-2023,1.0,0.86,0.0,0.0,0
1,5,1,1,6,6,2,0,0,0.0,0,TypeScript,2021-2023,1.0,0.86,0.0,0.0,0
2,6,1,1,6,6,2,0,0,0.0,0,TypeScript,2021-2023,1.0,0.86,0.0,0.0,0
11,6,1,0,61,7,2,0,0,0.0,0,TypeScript,2021-2023,1.0,7.62,0.0,0.0,0
18,0,0,0,6,6,2,0,0,0.0,0,TypeScript,2021-2023,1.0,0.86,0.0,0.0,0
18,0,0,0,2,0,1,0,0,0.0,0,TypeScript,2021-2023,1.0,2.0,0.0,0.0,0
18,0,0,0,15,6,2,0,0,0.0,0,TypeScript,2021-2023,1.0,2.14,0.0,0.0,0
5,1,0,1,12,5,3,0,0,0.0,0,TypeScript,2021-2023,1.0,2.0,0.0,0.0,0
8,1,0,0,57,59,4,1,4,3.5,0,TypeScript,2021-2023,1.0,0.95,0.2,0.7,0
21,1,0,0,6,6,2,0,0,0.0,0,TypeScript,2021-2023,1.0,0.86,0.0,0.0,0
22,1,0,1,17,17,2,0,0,0.0,0,TypeScript,2021-2023,1.0,0.94,0.0,0.0,0
13,3,0,0,8,8,3,0,0,0.0,0,TypeScript,2021-2023,1.0,0.89,0.0,0.0,0
8,4,0,0,6,6,2,0,0,0.0,0,TypeScript,2021-2023,1.0,0.86,0.0,0.0,0
15,4,0,0,3,3,1,0,0,0.0,0,TypeScript,2021-2023,1.0,0.75,0.0,0.0,0
1,5,1,1,6,6,2,0,0,0.0,0,TypeScript,2021-2023,1.0,0.86,0.0,0.0,0
19,5,1,0,46,37,2,0,0,0.0,0,TypeScript,2021-2023,1.0,1.21,0.0,0.0,0
16,6,1,0,6,6,2,0,0,0.0,0,TypeScript,2021-2023,1.0,0.86,0.0,0.0,0
21,6,1,0,6,6,2,0,0,0.0,0,TypeScript,2021-2023,1.0,0.86,0.0,0.0,0
18,0,0,0,757,1023,1,0,0,0.0,0,TypeScript,2021-2023,1.0,0.74,0.0,0.0,0
23,0,0,1,6,6,2,0,0,0.0,0,TypeScript,2021-2023,1.0,0.86,0.0,0.0,0
18,1,0,0,11,11,2,0,0,0.0,0,TypeScript,2021-2023,1.0,0.92,0.0,0.0,0
0,2,0,1,8,8,3,0,0,0.0,0,TypeScript,2021-2023,1.0,0.89,0.0,0.0,0
2,2,0,1,3,3,1,0,0,0.0,0,TypeScript,2021-2023,1.0,0.75,0.0,0.0,0
7,2,0,0,12,5,3,0,0,0.0,0,TypeScript,2021-2023,1.0,2.0,0.0,0.0,0
7,2,0,0,6,6,2,0,0,0.0,0,TypeScript,2021-2023,1.0,0.86,0.0,0.0,0
7,2,0,0,17,17,2,0,0,0.0,0,TypeScript,2021-2023,1.0,0.94,0.0,0.0,0
8,2,0,0,6,6,2,0,0,0.0,0,TypeScript,2021-2023,1.0,0.86,0.0,0.0,0
9,2,0,0,17,17,2,0,0,0.0,0,TypeScript,2021-2023,1.0,0.94,0.0,0.0,0
9,2,0,0,6,6,2,0,0,0.0,0,TypeScript,2021-2023,1.0,0.86,0.0,0.0,0
11,2,0,0,12,3,2,0,0,0.0,0,TypeScript,2021-2023,1.0,3.0,0.0,0.0,0
12,2,0,0,6,6,2,0,0,0.0,0,TypeScript,2021-2023,1.0,0.86,0.0,0.0,0
13,2,0,0,6,6,2,0,0,0.0,0,TypeScript,2021-2023,1.0,0.86,0.0,0.0,0
13,2,0,0,6,6,2,0,0,0.0,0,TypeScript,2021-2023,1.0,0.86,0.0,0.0,0
16,2,0,0,12,3,2,0,0,0.0,0,TypeScript,2021-2023,1.0,3.0,0.0,0.0,0
17,2,0,0,6,6,2,0,0,0.0,0,TypeScript,2021-2023,1.0,0.86,0.0,0.0,0
17,2,0,0,6,6,2,0,0,0.0,0,TypeScript,2021-2023,1.0,0.86,0.0,0.0,0
19,2,0,0,3,3,1,0,0,0.0,0,TypeScript,2021-2023,1.0,0.75,0.0,0.0,0
19,2,0,0,6,6,2,0,0,0.0,0,TypeScript,2021-2023,1.0,0.86,0.0,0.0,0
20,2,0,0,6,6,2,0,0,0.0,0,TypeScript,2021-2023,1.0,0.86,0.0,0.0,0
20,2,0,0,6,6,2,0,0,0.0,0,TypeScript,2021-2023,1.0,0.86,0.0,0.0,0
20,2,0,0,6,6,2,0,0,0.0,0,TypeScript,2021-2023,1.0,0.86,0.0,0.0,0
22,2,0,1,6,6,2,0,0,0.0,0,TypeScript,2021-2023,1.0,0.86,0.0,0.0,0
4,3,0,1,6,6,2,0,0,0.0,0,TypeScript,2021-2023,1.0,0.86,0.0,0.0,0
5,3,0,1,10,3,2,0,0,0.0,0,TypeScript,2021-2023,1.0,2.5,0.0,0.0,0
5,3,0,1,0,0,0,0,0,0.0,0,TypeScript,2021-2023,1.0,0.0,0.0,0.0,0
6,3,0,0,3,3,1,0,0,0.0,0,TypeScript,2021-2023,1.0,0.75,0.0,0.0,0
10,3,0,0,1,1,1,0,0,0.0,0,TypeScript,2021-2023,1.0,0.5,0.0,0.0,0
11,3,0,0,6,6,2,0,0,0.0,0,TypeScript,2021-2023,1.0,0.86,0.0,0.0,0
11,3,0,0,16,16,2,0,0,0.0,0,TypeScript,2021-2023,1.0,0.94,0.0,0.0,0
4,4,0,1,380,399,1,0,0,0.0,0,TypeScript,2021-2023,1.0,0.95,0.0,0.0,0
7,6,1,0,22,13,2,0,0,0.0,0,TypeScript,2021-2023,1.0,1.57,0.0,0.0,0
7,6,1,0,88,9,3,0,0,0.0,0,TypeScript,2021-2023,1.0,8.8,0.0,0.0,0
2,0,0,1,397,460,1,0,0,0.0,0,TypeScript,2021-2023,1.0,0.86,0.0,0.0,0
4,0,0,1,0,0,0,0,0,0.0,0,TypeScript,2021-2023,1.0,0.0,0.0,0.0,0
15,0,0,0,10,10,1,0,0,0.0,0,TypeScript,2021-2023,1.0,0.91,0.0,0.0,0
5,1,0,1,12,3,2,0,0,0.0,0,TypeScript,2021-2023,1.0,3.0,0.0,0.0,0
7,1,0,0,5158,5182,7,0,374,4.24,0,TypeScript,2021-2023,1.0,1.0,0.0,0.53,0
7,1,0,0,10,10,1,0,0,0.0,0,TypeScript,2021-2023,1.0,0.91,0.0,0.0,0
20,2,0,0,14,7,2,0,0,0.0,0,TypeScript,2021-2023,1.0,1.75,0.0,0.0,0
20,4,0,0,131,7,2,0,0,0.0,0,TypeScript,2021-2023,1.0,16.38,0.0,0.0,0
15,5,1,0,325,325,3,0,184,6.46,0,TypeScript,2021-2023,1.0,1.0,0.0,1.62,0
16,5,1,0,1,1,1,0,0,0.0,0,TypeScript,2021-2023,1.0,0.5,0.0,0.0,0
5,6,1,1,145,121,2,0,0,0.0,0,TypeScript,2021-2023,1.0,1.19,0.0,0.0,0
13,6,1,0,6,6,2,0,0,0.0,0,TypeScript,2021-2023,1.0,0.86,0.0,0.0,0
2,0,0,1,273,157,1,0,0,0.0,0,TypeScript,2021-2023,1.0,1.73,0.0,0.0,0
11,1,0,0,22,22,2,0,0,0.0,0,TypeScript,2021-2023,1.0,0.96,0.0,0.0,0
11,1,0,0,12,3,2,0,0,0.0,0,TypeScript,2021-2023,1.0,3.0,0.0,0.0,0
12,2,0,0,544,402,226,0,0,0.0,0,TypeScript,2021-2023,1.0,1.35,0.0,0.0,0
13,2,0,0,0,159,13,0,0,0.0,0,TypeScript,2021-2023,1.0,0.0,0.0,0.0,0
14,2,0,0,0,11,1,0,1,10.0,0,TypeScript,2021-2023,1.0,0.0,0.0,5.0,0
16,2,0,0,522,402,213,0,0,0.0,0,TypeScript,2021-2023,1.0,1.3,0.0,0.0,0
16,2,0,0,1121,1292,320,0,2,3.5,0,TypeScript,2021-2023,1.0,0.87,0.0,0.01,0
13,3,0,0,2331,28,40,0,43,4.33,0,TypeScript,2021-2023,1.0,80.38,0.0,0.11,0
13,3,0,0,17,151,3,0,6,1.17,0,TypeScript,2021-2023,1.0,0.11,0.0,0.29,0
15,3,0,0,6,6,2,0,0,0.0,0,TypeScript,2021-2023,1.0,0.86,0.0,0.0,0
15,3,0,0,1,6,1,0,1,1.0,0,TypeScript,2021-2023,1.0,0.14,0.0,0.5,0
18,3,0,0,488,457,225,0,0,0.0,0,TypeScript,2021-2023,1.0,1.07,0.0,0.0,0
19,3,0,0,26,6,2,0,0,0.0,0,TypeScript,2021-2023,1.0,3.71,0.0,0.0,0
5,4,0,1,6,6,2,0,0,0.0,0,TypeScript,2021-2023,1.0,0.86,0.0,0.0,0
11,4,0,0,1,1,1,0,0,0.0,0,TypeScript,2021-2023,1.0,0.5,0.0,0.0,0
2,5,1,1,80,8,2,0,0,0.0,0,TypeScript,2021-2023,1.0,8.89,0.0,0.0,0
15,5,1,0,213,4,3,0,2,5.0,0,TypeScript,2021-2023,1.0,42.6,0.0,1.25,0
13,6,1,0,264,0,1,0,0,0.0,0,TypeScript,2021-2023,1.0,264.0,0.0,0.0,0
2,0,0,1,112,211,1,0,0,0.0,0,TypeScript,2021-2023,1.0,0.53,0.0,0.0,0
14,0,0,0,16,3,2,0,0,0.0,0,TypeScript,2021-2023,1.0,4.0,0.0,0.0,0
14,0,0,0,4,4,1,0,1,1.0,0,TypeScript,2021-2023,1.0,0.8,0.0,0.5,0
15,0,0,0,1,75,4,0,5,2.2,0,TypeScript,2021-2023,1.0,0.01,0.0,0.44,0
15,0,0,0,711,0,23,0,14,1.79,0,TypeScript,2021-2023,1.0,711.0,0.0,0.07,0
16,0,0,0,26,208,16,2,0,0.0,0,TypeScript,2021-2023,1.0,0.12,0.12,0.0,0
18,0,0,0,6,6,2,0,0,0.0,0,TypeScript,2021-2023,1.0,0.86,0.0,0.0,0
21,0,0,0,2,1,1,0,0,0.0,0,TypeScript,2021-2023,1.0,1.0,0.0,0.0,0
0,1,0,1,7,20,2,0,0,0.0,0,TypeScript,2021-2023,1.0,0.33,0.0,0.0,0
1,1,0,1,8,8,3,0,0,0.0,0,TypeScript,2021-2023,1.0,0.89,0.0,0.0,0
2,1,0,1,3,3,1,0,0,0.0,0,TypeScript,2021-2023,1.0,0.75,0.0,0.0,0
7,1,0,0,3,12,2,0,0,0.0,0,TypeScript,2021-2023,1.0,0.23,0.0,0.0,0
7,1,0,0,170,3,2,0,0,0.0,0,TypeScript,2021-2023,1.0,42.5,0.0,0.0,0
8,1,0,0,6,6,2,0,0,0.0,0,TypeScript,2021-2023,1.0,0.86,0.0,0.0,0
12,1,0,0,6,6,2,0,0,0.0,0,TypeScript,2021-2023,1.0,0.86,0.0,0.0,0
13,1,0,0,706,0,1,0,0,0.0,0,TypeScript,2021-2023,1.0,706.0,0.0,0.0,0
20,1,0,0,8,8,3,0,0,0.0,0,TypeScript,2021-2023,1.0,0.89,0.0,0.0,0
20,1,0,0,6,6,2,0,0,0.0,0,TypeScript,2021-2023,1.0,0.86,0.0,0.0,0
21,1,0,0,6,6,2,0,0,0.0,0,TypeScript,2021-2023,1.0,0.86,0.0,0.0,0
21,1,0,0,6,6,2,0,0,0.0,0,TypeScript,2021-2023,1.0,0.86,0.0,0.0,0
22,1,0,1,6,6,2,0,0,0.0,0,TypeScript,2021-2023,1.0,0.86,0.0,0.0,0
23,1,0,1,6,6,2,0,0,0.0,0,TypeScript,2021-2023,1.0,0.86,0.0,0.0,0
23,1,0,1,6,6,2,0,0,0.0,0,TypeScript,2021-2023,1.0,0.86,0.0,0.0,0
1,2,0,1,6,6,2,0,0,0.0,0,TypeScript,2021-2023,1.0,0.86,0.0,0.0,0
1,2,0,1,6,6,2,0,0,0.0,0,TypeScript,2021-2023,1.0,0.86,0.0,0.0,0
1,2,0,1,3,3,1,0,0,0.0,0,TypeScript,2021-2023,1.0,0.75,0.0,0.0,0
2,2,0,1,6,6,2,0,0,0.0,0,TypeScript,2021-2023,1.0,0.86,0.0,0.0,0
10,2,0,0,3,3,3,0,0,0.0,0,TypeScript,2021-2023,1.0,0.75,0.0,0.0,0
3,3,0,1,3,3,1,0,0,0.0,0,TypeScript,2021-2023,1.0,0.75,0.0,0.0,0
14,3,0,0,368,0,2,0,0,0.0,0,TypeScript,2021-2023,1.0,368.0,0.0,0.0,0
14,3,0,0,9731,1674,134,0,185,1.95,0,TypeScript,2021-2023,1.0,5.81,0.0,0.01,0
15,3,0,0,12,13,5,0,3,1.33,0,TypeScript,2021-2023,1.0,0.86,0.0,0.22,0
15,3,0,0,28,12,6,0,4,4.75,0,TypeScript,2021-2023,1.0,2.15,0.0,0.68,0
16,3,0,0,44,5,4,0,2,7.5,0,TypeScript,2021-2023,1.0,7.33,0.0,1.5,0
18,3,0,0,52,52,2,0,0,0.0,0,TypeScript,2021-2023,1.0,0.98,0.0,0.0,0
4,4,0,1,17,17,2,0,0,0.0,0,TypeScript,2021-2023,1.0,0.94,0.0,0.0,0
13,4,0,0,71,21,3,0,1,1.0,0,TypeScript,2021-2023,1.0,3.23,0.0,0.25,0
13,4,0,0,0,10,1,0,0,0.0,0,TypeScript,2021-2023,1.0,0.0,0.0,0.0,0
14,4,0,0,296,1,3,1,4,1.75,0,TypeScript,2021-2023,1.0,148.0,0.25,0.44,0
14,4,0,0,419,79,8,0,8,1.0,0,TypeScript,2021-2023,1.0,5.24,0.0,0.11,0
14,4,0,0,41,19,3,0,2,2.5,0,TypeScript,2021-2023,1.0,2.05,0.0,0.62,0
14,4,0,0,6,7,1,0,1,14.0,0,TypeScript,2021-2023,1.0,0.75,0.0,7.0,0
14,4,0,0,5,10,1,0,0,0.0,0,TypeScript,2021-2023,1.0,0.45,0.0,0.0,0
15,4,0,0,74,11,4,1,6,1.83,0,TypeScript,2021-2023,1.0,6.17,0.2,0.37,0
15,4,0,0,87,87,46,0,0,0.0,0,TypeScript,2021-2023,1.0,0.99,0.0,0.0,0
15,4,0,0,2,2,1,1,0,0.0,0,TypeScript,2021-2023,1.0,0.67,0.5,0.0,0
16,4,0,0,3,3,1,1,1,5.0,0,TypeScript,2021-2023,1.0,0.75,0.5,2.5,0
16,4,0,0,4,3,1,0,0,0.0,0,TypeScript,2021-2023,1.0,1.0,0.0,0.0,0
16,4,0,0,1,1,1,1,0,0.0,0,TypeScript,2021-2023,1.0,0.5,0.5,0.0,0
16,4,0,0,1,1,1,0,1,1.0,0,TypeScript,2021-2023,1.0,0.5,0.0,0.5,0
16,5,1,0,670,0,1,0,0,0.0,0,TypeScript,2021-2023,1.0,670.0,0.0,0.0,0
20,5,1,0,11,11,2,0,0,0.0,0,TypeScript,2021-2023,1.0,0.92,0.0,0.0,0
0,0,0,1,376,373,1,0,0,0.0,0,TypeScript,2021-2023,1.0,1.01,0.0,0.0,0
9,0,0,0,1,0,1,0,0,0.0,0,TypeScript,2021-2023,1.0,1.0,0.0,0.0,0
10,0,0,0,0,1,1,0,0,0.0,0,TypeScript,2021-2023,1.0,0.0,0.0,0.0,0
13,0,0,0,7,154,3,0,3,2.33,0,TypeScript,2021-2023,1.0,0.05,0.0,0.58,0
15,0,0,0,36,2,5,0,3,4.0,0,TypeScript,2021-2023,1.0,12.0,0.0,0.67,0
15,0,0,0,258,235,219,0,0,0.0,0,TypeScript,2021-2023,1.0,1.09,0.0,0.0,0
18,0,0,0,170,10,2,0,1,1.0,0,TypeScript,2021-2023,1.0,15.45,0.0,0.33,0
19,0,0,0,52,52,2,0,0,0.0,0,TypeScript,2021-2023,1.0,0.98,0.0,0.0,0
21,0,0,0,1,1,1,0,0,0.0,0,TypeScript,2021-2023,1.0,0.5,0.0,0.0,0
12,1,0,0,14,0,1,0,2,6.5,0,TypeScript,2021-2023,1.0,14.0,0.0,3.25,0
12,1,0,0,13,3,4,0,1,1.0,0,TypeScript,2021-2023,1.0,3.25,0.0,0.2,0
12,1,0,0,337,337,3,0,160,5.43,0,TypeScript,2021-2023,1.0,1.0,0.0,1.36,0
13,1,0,0,33,765,151,1,4,3.25,0,TypeScript,2021-2023,1.0,0.04,0.01,0.02,0
13,1,0,0,20,8,2,0,1,1.0,0,TypeScript,2021-2023,1.0,2.22,0.0,0.33,0
13,1,0,0,350,95,11,1,15,2.0,0,TypeScript,2021-2023,1.0,3.65,0.08,0.17,0
14,1,0,0,432,418,224,0,0,0.0,0,TypeScript,2021-2023,1.0,1.03,0.0,0.0,0
15,1,0,0,825,1003,84,0,67,1.78,0,TypeScript,2021-2023,1.0,0.82,0.0,0.02,0
15,1,0,0,0,8,4,0,0,0.0,0,TypeScript,2021-2023,1.0,0.0,0.0,0.0,0
16,1,0,0,238,244,41,0,0,0.0,0,TypeScript,2021-2023,1.0,0.97,0.0,0.0,0
16,1,0,0,87,81,19,0,58,443.0,0,TypeScript,2021-2023,1.0,1.06,0.0,22.15,0
16,1,0,0,48,45,15,0,0,0.0,0,TypeScript,2021-2023,1.0,1.04,0.0,0.0,0
19,1,0,0,115,24,5,0,7,17.57,0,TypeScript,2021-2023,1.0,4.6,0.0,2.93,0
20,1,0,0,47,50,15,0,0,0.0,0,TypeScript,2021-2023,1.0,0.92,0.0,0.0,0
21,1,0,0,151,3,4,0,6,3.5,0,TypeScript,2021-2023,1.0,37.75,0.0,0.7,0
21,1,0,0,209,214,38,0,0,0.0,0,TypeScript,2021-2023,1.0,0.97,0.0,0.0,0
0,2,0,1,82,82,8,0,0,0.0,0,TypeScript,2021-2023,1.0,0.99,0.0,0.0,0
1,2,0,1,67,0,5,0,12,3.83,0,TypeScript,2021-2023,1.0,67.0,0.0,0.64,0
1,2,0,1,47,44,15,0,0,0.0,0,TypeScript,2021-2023,1.0,1.04,0.0,0.0,0
9,2,0,0,4,1,2,0,1,3.0,0,TypeScript,2021-2023,1.0,2.0,0.0,1.0,0
9,2,0,0,195,3,13,0,23,1.7,0,TypeScript,2021-2023,1.0,48.75,0.0,0.12,0
9,2,0,0,32,1,1,0,0,0.0,0,TypeScript,2021-2023,1.0,16.0,0.0,0.0,0
11,2,0,0,1,1,1,0,1,12.0,0,TypeScript,2021-2023,1.0,0.5,0.0,6.0,0
11,2,0,0,1,1,1,0,0,0.0,0,TypeScript,2021-2023,1.0,0.5,0.0,0.0,0
12,2,0,0,17,10,1,0,1,12.0,0,TypeScript,2021-2023,1.0,1.55,0.0,6.0,0
15,2,0,0,61,0,3,0,4,1.0,0,TypeScript,2021-2023,1.0,61.0,0.0,0.25,0
15,2,0,0,3,2,1,1,1,5.0,0,TypeScript,2021-2023,1.0,1.0,0.5,2.5,0
17,2,0,0,305,0,1,0,0,0.0,0,TypeScript,2021-2023,1.0,305.0,0.0,0.0,0
17,2,0,0,0,902,6,0,18,3.5,0,TypeScript,2021-2023,1.0,0.0,0.0,0.5,0
17,2,0,0,5,2,3,0,0,0.0,0,TypeScript,2021-2023,1.0,1.67,0.0,0.0,0
17,2,0,0,2,10,1,0,0,0.0,0,TypeScript,2021-2023,1.0,0.18,0.0,0.0,0
20,2,0,0,30,35,2,0,0,0.0,0,TypeScript,2021-2023,1.0,0.83,0.0,0.0,0
20,2,0,0,1,1,1,0,0,0.0,0,TypeScript,2021-2023,1.0,0.5,0.0,0.0,0
22,2,0,1,23,41,1,0,1,7.0,0,TypeScript,2021-2023,1.0,0.55,0.0,3.5,0
22,2,0,1,47,47,15,0,0,0.0,0,TypeScript,2021-2023,1.0,0.98,0.0,0.0,0
22,2,0,1,2,19,4,0,2,1.0,0,TypeScript,2021-2023,1.0,0.1,0.0,0.2,0
22,2,0,1,697,697,81,0,0,0.0,0,TypeScript,2021-2023,1.0,1.0,0.0,0.0,0
23,2,0,1,8,33,3,0,0,0.0,0,TypeScript,2021-2023,1.0,0.24,0.0,0.0,0
23,2,0,1,136,136,38,0,0,0.0,0,TypeScript,2021-2023,1.0,0.99,0.0,0.0,0
0,3,0,1,12,12,7,0,0,0.0,0,TypeScript,2021-2023,1.0,0.92,0.0,0.0,0
0,3,0,1,201,218,37,0,0,0.0,0,TypeScript,2021-2023,1.0,0.92,0.0,0.0,0
2,3,0,1,7,5,4,0,2,2.5,0,TypeScript,2021-2023,1.0,1.17,0.0,0.5,0
2,3,0,1,209,209,38,0,0,0.0,0,TypeScript,2021-2023,1.0,1.0,0.0,0.0,0
8,3,0,0,41,27,6,0,3,2.33,0,TypeScript,2021-2023,1.0,1.46,0.0,0.33,0
8,3,0,0,209,212,38,0,0,0.0,0,TypeScript,2021-2023,1.0,0.98,0.0,0.0,0
9,3,0,0,447,198,16,0,67,64.97,0,TypeScript,2021-2023,1.0,2.25,0.0,3.82,0
10,3,0,0,42,42,1,0,0,0.0,0,TypeScript,2021-2023,1.0,0.98,0.0,0.0,0
23,3,0,1,6,6,2,0,0,0.0,0,TypeScript,2021-2023,1.0,0.86,0.0,0.0,0
0,4,0,1,8,8,2,0,0,0.0,0,TypeScript,2021-2023,1.0,0.89,0.0,0.0,0
0,4,0,1,112,138,8,0,0,0.0,0,TypeScript,2021-2023,1.0,0.81,0.0,0.0,0
0,4,0,1,1,1,1,0,0,0.0,0,TypeScript,2021-2023,1.0,0.5,0.0,0.0,0
9,4,0,0,1,0,1,0,0,0.0,0,TypeScript,2021-2023,1.0,1.0,0.0,0.0,0
13,4,0,0,522,0,1,0,0,0.0,0,TypeScript,2021-2023,1.0,522.0,0.0,0.0,0
16,4,0,0,0,2,1,0,1,1.0,0,TypeScript,2021-2023,1.0,0.0,0.0,0.5,0
0,5,1,1,47,52,15,0,0,0.0,0,TypeScript,2021-2023,1.0,0.89,0.0,0.0,0
0,5,1,1,30,30,8,0,0,0.0,0,TypeScript,2021-2023,1.0,0.97,0.0,0.0,0
1,5,1,1,1,1,1,0,0,0.0,0,TypeScript,2021-2023,1.0,0.5,0.0,0.0,0
1,5,1,1,11,11,2,0,0,0.0,0,TypeScript,2021-2023,1.0,0.92,0.0,0.0,0
9,5,1,0,78,30,4,0,11,8.73,0,TypeScript,2021-2023,1.0,2.52,0.0,1.75,0
22,5,1,1,6,6,2,0,0,0.0,0,TypeScript,2021-2023,1.0,0.86,0.0,0.0,0
0,6,1,1,8,8,6,0,0,0.0,0,TypeScript,2021-2023,1.0,0.89,0.0,0.0,0
6,6,1,0,123,109,20,0,0,0.0,0,TypeScript,2021-2023,1.0,1.12,0.0,0.0,0
12,6,1,0,237,0,1,0,0,0.0,0,TypeScript,2021-2023,1.0,237.0,0.0,0.0,0
15,6,1,0,53,52,15,0,0,0.0,0,TypeScript,2021-2023,1.0,1.0,0.0,0.0,0
15,6,1,0,155,28,16,0,13,1.15,0,TypeScript,2021-2023,1.0,5.34,0.0,0.07,0
19,6,1,0,144,136,4,0,33,161.21,0,TypeScript,2021-2023,1.0,1.05,0.0,32.24,0
21,6,1,0,23,12,3,2,2,1.0,0,TypeScript,2021-2023,1.0,1.77,0.5,0.25,0
0,0,0,1,40,40,8,0,0,0.0,0,TypeScript,2021-2023,1.0,0.98,0.0,0.0,0
0,0,0,1,236,270,9,0,45,413.62,0,TypeScript,2021-2023,1.0,0.87,0.0,41.36,0
1,0,0,1,593,588,1,0,0,0.0,0,TypeScript,2021-2023,1.0,1.01,0.0,0.0,0
4,0,0,1,19,2,3,0,1,2.0,0,TypeScript,2021-2023,1.0,6.33,0.0,0.5,0
4,0,0,1,0,0,0,0,0,0.0,0,TypeScript,2021-2023,1.0,0.0,0.0,0.0,0
4,0,0,1,191,194,37,0,0,0.0,0,TypeScript,2021-2023,1.0,0.98,0.0,0.0,0
6,0,0,0,191,35,8,0,4,38.25,0,TypeScript,2021-2023,1.0,5.31,0.0,4.25,0
6,0,0,0,306,306,47,0,0,0.0,0,TypeScript,2021-2023,1.0,1.0,0.0,0.0,0
9,0,0,0,0,237,1,0,0,0.0,0,TypeScript,2021-2023,1.0,0.0,0.0,0.0,0
9,0,0,0,237,0,1,0,0,0.0,0,TypeScript,2021-2023,1.0,237.0,0.0,0.0,0
9,0,0,0,0,237,1,0,0,0.0,0,TypeScript,2021-2023,1.0,0.0,0.0,0.0,0
10,0,0,0,6,0,2,0,0,0.0,0,TypeScript,2021-2023,1.0,6.0,0.0,0.0,0
10,0,0,0,228,220,211,0,0,0.0,0,TypeScript,2021-2023,1.0,1.03,0.0,0.0,0
11,0,0,0,237,0,1,0,0,0.0,0,TypeScript,2021-2023,1.0,237.0,0.0,0.0,0
15,0,0,0,1609,2300,219,0,0,0.0,0,TypeScript,2021-2023,1.0,0.7,0.0,0.0,0
17,0,0,0,14,0,5,0,0,0.0,0,TypeScript,2021-2023,1.0,14.0,0.0,0.0,0
19,0,0,0,406,769,273,0,0,0.0,0,TypeScript,2021-2023,1.0,0.53,0.0,0.0,0
19,0,0,0,2,5,3,0,0,0.0,0,TypeScript,2021-2023,1.0,0.33,0.0,0.0,0
20,0,0,0,10,0,2,0,0,0.0,0,TypeScript,2021-2023,1.0,10.0,0.0,0.0,0
21,0,0,0,230,222,211,0,0,0.0,0,TypeScript,2021-2023,1.0,1.03,0.0,0.0,0
21,0,0,0,89,14,6,0,2,54.5,0,TypeScript,2021-2023,1.0,5.93,0.0,7.79,0
21,0,0,0,306,306,47,0,0,0.0,0,TypeScript,2021-2023,1.0,1.0,0.0,0.0,0
22,0,0,1,80,80,21,0,0,0.0,0,TypeScript,2021-2023,1.0,0.99,0.0,0.0,0
22,0,0,1,67,1,4,0,3,28.0,0,TypeScript,2021-2023,1.0,33.5,0.0,5.6,0
22,0,0,1,295,295,47,0,0,0.0,0,TypeScript,2021-2023,1.0,1.0,0.0,0.0,0
23,0,0,1,3,3,1,0,0,0.0,0,TypeScript,2021-2023,1.0,0.75,0.0,0.0,0
23,0,0,1,52,52,2,0,0,0.0,0,TypeScript,2021-2023,1.0,0.98,0.0,0.0,0
0,1,0,1,11,11,7,0,0,0.0,0,TypeScript,2021-2023,1.0,0.92,0.0,0.0,0
1,1,0,1,6,6,2,0,0,0.0,0,TypeScript,2021-2023,1.0,0.86,0.0,0.0,0
1,1,0,1,6,4,2,0,0,0.0,0,TypeScript,2021-2023,1.0,1.2,0.0,0.0,0
1,1,0,1,228,220,211,0,0,0.0,0,TypeScript,2021-2023,1.0,1.03,0.0,0.0,0
2,1,0,1,6,6,2,0,0,0.0,0,TypeScript,2021-2023,1.0,0.86,0.0,0.0,0
2,1,0,1,4,4,4,0,0,0.0,0,TypeScript,2021-2023,1.0,0.8,0.0,0.0,0
2,1,0,1,8,8,3,0,0,0.0,0,TypeScript,2021-2023,1.0,0.89,0.0,0.0,0
3,1,0,1,6,6,2,0,0,0.0,0,TypeScript,2021-2023,1.0,0.86,0.0,0.0,0
4,1,0,1,6,6,2,0,0,0.0,0,TypeScript,2021-2023,1.0,0.86,0.0,0.0,0
4,1,0,1,6,6,2,0,0,0.0,0,TypeScript,2021-2023,1.0,0.86,0.0,0.0,0
7,1,0,0,353,7,16,0,14,3.0,0,TypeScript,2021-2023,1.0,44.12,0.0,0.18,0
8,1,0,0,6,6,2,0,0,0.0,0,TypeScript,2021-2023,1.0,0.86,0.0,0.0,0
9,1,0,0,78,2,4,0,4,2.75,0,TypeScript,2021-2023,1.0,26.0,0.0,0.55,0
9,1,0,0,78,76,19,0,0,0.0,0,TypeScript,2021-2023,1.0,1.01,0.0,0.0,0
10,1,0,0,79,78,27,0,0,0.0,0,TypeScript,2021-2023,1.0,1.0,0.0,0.0,0
10,1,0,0,79,85,5,0,0,0.0,0,TypeScript,2021-2023,1.0,0.92,0.0,0.0,0
11,1,0,0,23,208,15,1,0,0.0,0,TypeScript,2021-2023,1.0,0.11,0.06,0.0,0
11,1,0,0,398,398,24,0,0,0.0,0,TypeScript,2021-2023,1.0,1.0,0.0,0.0,0
12,1,0,0,271,101,3,0,4,1.0,0,TypeScript,2021-2023,1.0,2.66,0.0,0.25,0
12,1,0,0,12921,12429,124,0,81,3.64,0,TypeScript,2021-2023,1.0,1.04,0.0,0.03,0
12,1,0,0,393,2,3,0,0,0.0,0,TypeScript,2021-2023,1.0,131.0,0.0,0.0,0
15,1,0,0,216,215,210,0,0,0.0,0,TypeScript,2021-2023,1.0,1.0,0.0,0.0,0
18,1,0,0,61132,67758,453,1,0,0.0,0,TypeScript,2021-2023,1.0,0.9,0.0,0.0,0
18,1,0,0,55,78,3,0,0,0.0,0,TypeScript,2021-2023,1.0,0.7,0.0,0.0,0
22,1,0,1,32,15,1,0,0,0.0,0,TypeScript,2021-2023,1.0,2.0,0.0,0.0,0
0,2,0,1,38,38,8,0,0,0.0,0,TypeScript,2021-2023,1.0,0.97,0.0,0.0,0
2,2,0,1,6,6,2,0,0,0.0,0,TypeScript,2021-2023,1.0,0.86,0.0,0.0,0
2,2,0,1,6,6,2,0,0,0.0,0,TypeScript,2021-2023,1.0,0.86,0.0,0.0,0
6,2,0,0,173,41,4,0,20,1.5,0,TypeScript,2021-2023,1.0,4.12,0.0,0.3,0
6,2,0,0,80,80,20,0,0,0.0,0,TypeScript,2021-2023,1.0,0.99,0.0,0.0,0
6,2,0,0,6,6,2,0,0,0.0,0,TypeScript,2021-2023,1.0,0.86,0.0,0.0,0
7,2,0,0,6,6,2,0,0,0.0,0,TypeScript,2021-2023,1.0,0.86,0.0,0.0,0
11,2,0,0,1114,893,16,0,0,0.0,0,TypeScript,2021-2023,1.0,1.25,0.0,0.0,0
14,2,0,0,269,1,3,0,0,0.0,0,TypeScript,2021-2023,1.0,134.5,0.0,0.0,0
16,2,0,0,41,41,1,0,0,0.0,0,TypeScript,2021-2023,1.0,0.98,0.0,0.0,0
16,2,0,0,7,8,2,0,0,0.0,0,TypeScript,2021-2023,1.0,0.78,0.0,0.0,0
23,2,0,1,685,1197,47,0,0,0.0,0,TypeScript,2021-2023,1.0,0.57,0.0,0.0,0
0,3,0,1,80,80,8,0,0,0.0,0,TypeScript,2021-2023,1.0,0.99,0.0,0.0,0
0,3,0,1,185,1,8,0,15,2.2,0,TypeScript,2021-2023,1.0,92.5,0.0,0.24,0
0,3,0,1,31,31,14,0,0,0.0,0,TypeScript,2021-2023,1.0,0.97,0.0,0.0,0
1,3,0,1,7,4,3,0,1,17.0,0,TypeScript,2021-2023,1.0,1.4,0.0,4.25,0
1,3,0,1,191,191,37,0,0,0.0,0,TypeScript,2021-2023,1.0,0.99,0.0,0.0,0
8,3,0,0,439,408,8,0,6,20.5,0,TypeScript,2021-2023,1.0,1.07,0.0,2.28,0
11,3,0,0,12,69,3,0,1,1.0,0,TypeScript,2021-2023,1.0,0.17,0.0,0.25,0
11,3,0,0,8,5,4,0,0,0.0,0,TypeScript,2021-2023,1.0,1.33,0.0,0.0,0
11,3,0,0,1,1,1,0,0,0.0,0,TypeScript,2021-2023,1.0,0.5,0.0,0.0,0
13,3,0,0,1124,941,12,0,0,0.0,0,TypeScript,2021-2023,1.0,1.19,0.0,0.0,0
16,3,0,0,61,0,1,0,0,0.0,0,TypeScript,2021-2023,1.0,61.0,0.0,0.0,0
22,3,0,1,48,267,2,0,0,0.0,0,TypeScript,2021-2023,1.0,0.18,0.0,0.0,0
23,3,0,1,6,6,2,0,0,0.0,0,TypeScript,2021-2023,1.0,0.86,0.0,0.0,0
0,4,0,1,85,149,8,0,0,0.0,0,TypeScript,2021-2023,1.0,0.57,0.0,0.0,0
11,4,0,0,6,6,2,0,0,0.0,0,TypeScript,2021-2023,1.0,0.86,0.0,0.0,0
13,4,0,0,552,489,7,1,0,0.0,0,TypeScript,2021-2023,1.0,1.13,0.12,0.0,0
14,4,0,0,10,10,4,0,4,3.5,0,TypeScript,2021-2023,1.0,0.91,0.0,0.7,0
14,4,0,0,1,1,1,0,1,2.0,0,TypeScript,2021-2023,1.0,0.5,0.0,1.0,0
15,4,0,0,2194,0,14,0,12,1.0,0,TypeScript,2021-2023,1.0,2194.0,0.0,0.07,0
0,5,1,1,8,8,6,0,0,0.0,0,TypeScript,2021-2023,1.0,0.89,0.0,0.0,0
0,5,1,1,6,6,2,0,0,0.0,0,TypeScript,2021-2023,1.0,0.86,0.0,0.0,0
2,5,1,1,58,33,5,0,6,9.17,0,TypeScript,2021-2023,1.0,1.71,0.0,1.53,0
2,5,1,1,47,47,15,0,0,0.0,0,TypeScript,2021-2023,1.0,0.98,0.0,0.0,0
20,5,1,0,26,34,5,0,0,0.0,0,TypeScript,2021-2023,1.0,0.74,0.0,0.0,0
0,6,1,1,30,30,8,0,0,0.0,0,TypeScript,2021-2023,1.0,0.97,0.0,0.0,0
0,6,1,1,34,7,4,0,2,27.0,0,TypeScript,2021-2023,1.0,4.25,0.0,5.4,0
0,6,1,1,80,80,20,0,0,0.0,0,TypeScript,2021-2023,1.0,0.99,0.0,0.0,0
10,6,1,0,10,1,2,1,4,14.75,0,TypeScript,2021-2023,1.0,5.0,0.33,4.92,0
11,6,1,0,33,17,2,0,12,1.92,0,TypeScript,2021-2023,1.0,1.83,0.0,0.64,0
11,6,1,0,306,306,47,0,0,0.0,0,TypeScript,2021-2023,1.0,1.0,0.0,0.0,0
0,0,0,1,86,86,8,0,0,0.0,0,TypeScript,2021-2023,1.0,0.99,0.0,0.0,0
1,0,0,1,8,2,3,0,0,0.0,0,TypeScript,2021-2023,1.0,2.67,0.0,0.0,0
1,0,0,1,205,208,38,0,0,0.0,0,TypeScript,2021-2023,1.0,0.98,0.0,0.0,0
2,0,0,1,305,285,1,0,0,0.0,0,TypeScript,2021-2023,1.0,1.07,0.0,0.0,0
8,0,0,0,56,0,2,0,0,0.0,0,TypeScript,2021-2023,1.0,56.0,0.0,0.0,0
10,0,0,0,373,0,2,0,0,0.0,0,TypeScript,2021-2023,1.0,373.0,0.0,0.0,0
10,0,0,0,2,2,2,0,0,0.0,1,TypeScript,2021-2023,0.4,0.67,0.0,0.0,0
10,0,0,0,25,9,4,0,0,0.0,0,TypeScript,2021-2023,1.0,2.5,0.0,0.0,0
10,0,0,0,37,13,2,0,0,0.0,0,TypeScript,2021-2023,1.0,2.64,0.0,0.0,0
10,0,0,0,10,4,2,0,6,2.83,1,TypeScript,2021-2023,0.4,2.0,0.0,0.94,0
10,0,0,0,1744,720,25,0,3,1.0,0,TypeScript,2021-2023,1.0,2.42,0.0,0.04,0
11,0,0,0,10,10,2,0,0,0.0,0,TypeScript,2021-2023,1.0,0.91,0.0,0.0,0
12,0,0,0,1071,1011,128,0,0,0.0,0,TypeScript,2021-2023,1.0,1.06,0.0,0.0,0
12,0,0,0,14,4,3,1,2,4.0,1,TypeScript,2021-2023,0.4,2.8,0.25,1.0,0
13,0,0,0,282,0,1,0,0,0.0,0,TypeScript,2021-2023,1.0,282.0,0.0,0.0,0
15,0,0,0,1,1,1,0,0,0.0,0,TypeScript,2021-2023,1.0,0.5,0.0,0.0,0
15,0,0,0,1,1,1,0,0,0.0,0,TypeScript,2021-2023,1.0,0.5,0.0,0.0,0
15,0,0,0,22,22,1,0,2,5.5,0,TypeScript,2021-2023,1.0,0.96,0.0,2.75,0
16,0,0,0,17,1,2,0,0,0.0,0,TypeScript,2021-2023,1.0,8.5,0.0,0.0,0
16,0,0,0,31,40,2,0,0,0.0,0,TypeScript,2021-2023,1.0,0.76,0.0,0.0,0
16,0,0,0,93,7,6,0,7,5.14,0,TypeScript,2021-2023,1.0,11.62,0.0,0.73,0
0,1,0,1,74,74,8,0,0,0.0,0,TypeScript,2021-2023,1.0,0.99,0.0,0.0,0
9,1,0,0,5,1,2,0,0,0.0,0,TypeScript,2021-2023,1.0,2.5,0.0,0.0,0
9,1,0,0,748,0,3,0,0,0.0,0,TypeScript,2021-2023,1.0,748.0,0.0,0.0,0
10,1,0,0,1135,1109,13,0,0,0.0,0,TypeScript,2021-2023,1.0,1.02,0.0,0.0,0
11,1,0,0,3,17,4,0,0,0.0,0,TypeScript,2021-2023,1.0,0.17,0.0,0.0,0
11,1,0,0,9,3,1,0,2,2.0,0,TypeScript,2021-2023,1.0,2.25,0.0,1.0,0
11,1,0,0,42,2,1,0,3,2.33,0,TypeScript,2021-2023,1.0,14.0,0.0,1.16,0
11,1,0,0,41,1,1,0,3,2.67,0,TypeScript,2021-2023,1.0,20.5,0.0,1.34,0
11,1,0,0,6,0,1,0,0,0.0,0,TypeScript,2021-2023,1.0,6.0,0.0,0.0,0
14,1,0,0,82,5928,18,0,17,2.12,1,TypeScript,2021-2023,0.4,0.01,0.0,0.11,0
14,1,0,0,16445,76,50,0,42,3.31,0,TypeScript,2021-2023,1.0,213.57,0.0,0.06,0
16,1,0,0,26,18,2,0,1,8.0,0,TypeScript,2021-2023,1.0,1.37,0.0,2.67,0
19,1,0,0,284,223,18,2,26,9.19,1,TypeScript,2021-2023,0.4,1.27,0.11,0.48,0
19,1,0,0,10,0,1,0,1,15.0,1,TypeScript,2021-2023,0.4,10.0,0.0,7.5,1
0,2,0,1,8,8,6,0,0,0.0,0,TypeScript,2021-2023,1.0,0.89,0.0,0.0,0
2,2,0,1,5,8,3,0,0,0.0,0,TypeScript,2021-2023,1.0,0.56,0.0,0.0,0
10,2,0,0,72,35,3,1,2,4.5,1,TypeScript,2021-2023,0.4,2.0,0.25,1.12,0
10,2,0,0,212,87,4,1,5,10.2,1,TypeScript,2021-2023,0.4,2.41,0.2,2.04,0
10,2,0,0,0,3,1,0,0,0.0,0,TypeScript,2021-2023,1.0,0.0,0.0,0.0,1
10,2,0,0,0,1,1,0,0,0.0,0,TypeScript,2021-2023,1.0,0.0,0.0,0.0,1
11,2,0,0,20,9,1,0,0,0.0,0,TypeScript,2021-2023,1.0,2.0,0.0,0.0,0
11,2,0,0,96,9,4,1,3,9.0,1,TypeScript,2021-2023,0.4,9.6,0.2,1.8,1
11,2,0,0,155,0,1,0,0,0.0,0,TypeScript,2021-2023,1.0,155.0,0.0,0.0,0
12,2,0,0,22,0,11,0,0,0.0,1,TypeScript,2021-2023,0.4,22.0,0.0,0.0,2
12,2,0,0,93,46,2,1,3,3.0,1,TypeScript,2021-2023,0.4,1.98,0.33,1.0,1
12,2,0,0,2,1,2,0,0,0.0,1,TypeScript,2021-2023,0.4,1.0,0.0,0.0,2
13,2,0,0,18,1,4,0,3,1.33,0,TypeScript,2021-2023,1.0,9.0,0.0,0.27,0
13,2,0,0,191,191,37,0,0,0.0,0,TypeScript,2021-2023,1.0,0.99,0.0,0.0,0
14,2,0,0,107,139,6,1,11,5.64,0,TypeScript,2021-2023,1.0,0.76,0.14,0.81,3
14,2,0,0,23,1,2,0,1,1.0,0,TypeScript,2021-2023,1.0,11.5,0.0,0.33,0
14,2,0,0,209,206,38,0,0,0.0,0,TypeScript,2021-2023,1.0,1.01,0.0,0.0,0
14,2,0,0,1392,1046,20,0,6,1.0,0,TypeScript,2021-2023,1.0,1.33,0.0,0.05,0
15,2,0,0,928,1536,21,0,1,1.0,0,TypeScript,2021-2023,1.0,0.6,0.0,0.05,0
15,2,0,0,235,39,5,0,0,0.0,0,TypeScript,2021-2023,1.0,5.88,0.0,0.0,0
16,2,0,0,997,919,2,0,1,1.0,0,TypeScript,2021-2023,1.0,1.08,0.0,0.33,3
16,2,0,0,176,27,15,2,6,4.17,1,TypeScript,2021-2023,0.4,6.29,0.12,0.26,1
18,2,0,0,1113,728,19,0,40,5.8,0,TypeScript,2021-2023,1.0,1.53,0.0,0.29,0
21,2,0,0,6,6,2,0,0,0.0,0,TypeScript,2021-2023,1.0,0.86,0.0,0.0,0
22,2,0,1,126,29,11,1,16,2.56,1,TypeScript,2021-2023,0.4,4.2,0.08,0.21,2
0,3,0,1,74,74,8,0,0,0.0,0,TypeScript,2021-2023,1.0,0.99,0.0,0.0,0
9,3,0,0,2,2,1,0,1,3.0,1,TypeScript,2021-2023,0.4,0.67,0.0,1.5,1
9,3,0,0,78,24,4,1,4,5.5,1,TypeScript,2021-2023,0.4,3.12,0.2,1.1,2
9,3,0,0,148,25,7,1,11,7.55,1,TypeScript,2021-2023,0.4,5.69,0.12,0.94,3
9,3,0,0,47,6,4,1,3,4.67,1,TypeScript,2021-2023,0.4,6.71,0.2,0.93,4
10,3,0,0,10,10,5,1,7,2.43,1,TypeScript,2021-2023,0.4,0.91,0.17,0.4,5
10,3,0,0,13,1,1,0,1,2.0,0,TypeScript,2021-2023,1.0,6.5,0.0,1.0,0
10,3,0,0,2,2,2,0,0,0.0,0,TypeScript,2021-2023,1.0,0.67,0.0,0.0,0
11,3,0,0,49,1,2,0,0,0.0,0,TypeScript,2021-2023,1.0,24.5,0.0,0.0,0
11,3,0,0,1,1,1,0,0,0.0,0,TypeScript,2021-2023,1.0,0.5,0.0,0.0,0
11,3,0,0,1,1,1,0,0,0.0,0,TypeScript,2021-2023,1.0,0.5,0.0,0.0,0
11,3,0,0,1,1,1,0,0,0.0,0,TypeScript,2021-2023,1.0,0.5,0.0,0.0,0
11,3,0,0,1,1,1,0,0,0.0,0,TypeScript,2021-2023,1.0,0.5,0.0,0.0,0
11,3,0,0,1,1,1,0,0,0.0,0,TypeScript,2021-2023,1.0,0.5,0.0,0.0,0
11,3,0,0,1,1,1,0,0,0.0,0,TypeScript,2021-2023,1.0,0.5,0.0,0.0,0
11,3,0,0,4,4,2,0,0,0.0,0,TypeScript,2021-2023,1.0,0.8,0.0,0.0,3
12,3,0,0,71,26,1,0,0,0.0,0,TypeScript,2021-2023,1.0,2.63,0.0,0.0,3
13,3,0,0,527,705,5,0,0,0.0,0,TypeScript,2021-2023,1.0,0.75,0.0,0.0,0
14,3,0,0,398,398,24,0,0,0.0,0,TypeScript,2021-2023,1.0,1.0,0.0,0.0,0
14,3,0,0,871,387,5,0,0,0.0,0,TypeScript,2021-2023,1.0,2.24,0.0,0.0,0
16,3,0,0,6,4,6,0,6,4.83,0,TypeScript,2021-2023,1.0,1.2,0.0,0.69,0
16,3,0,0,22,34,5,0,10,1.8,0,TypeScript,2021-2023,1.0,0.63,0.0,0.3,3
16,3,0,0,18,11,7,0,8,5.0,0,TypeScript,2021-2023,1.0,1.5,0.0,0.62,0
17,3,0,0,19,9,6,0,7,5.0,0,TypeScript,2021-2023,1.0,1.9,0.0,0.71,0
17,3,0,0,2,4,2,0,0,0.0,0,TypeScript,2021-2023,1.0,0.4,0.0,0.0,0
18,3,0,0,0,2,2,0,0,0.0,0,TypeScript,2021-2023,1.0,0.0,0.0,0.0,0
0,4,0,1,17,17,8,0,0,0.0,0,TypeScript,2021-2023,1.0,0.94,0.0,0.0,0
9,4,0,0,92,85,3,2,0,0.0,0,TypeScript,2021-2023,1.0,1.07,0.5,0.0,0
9,4,0,0,1,1,1,0,0,0.0,0,TypeScript,2021-2023,1.0,0.5,0.0,0.0,3
9,4,0,0,64,0,2,1,1,1.0,1,TypeScript,2021-2023,0.4,64.0,0.33,0.33,3
10,4,0,0,1,1,1,0,0,0.0,0,TypeScript,2021-2023,1.0,0.5,0.0,0.0,4
10,4,0,0,1,1,1,0,0,0.0,1,TypeScript,2021-2023,0.4,0.5,0.0,0.0,4
16,4,0,0,67,11,3,1,3,9.33,1,TypeScript,2021-2023,0.4,5.58,0.25,2.33,3
16,4,0,0,11,1,2,0,0,0.0,0,TypeScript,2021-2023,1.0,5.5,0.0,0.0,0
16,4,0,0,1,1,1,0,0,0.0,0,TypeScript,2021-2023,1.0,0.5,0.0,0.0,0
16,4,0,0,1,1,1,0,0,0.0,0,TypeScript,2021-2023,1.0,0.5,0.0,0.0,0
16,4,0,0,189,27,19,1,16,2.19,0,TypeScript,2021-2023,1.0,6.75,0.05,0.11,6
16,4,0,0,2,2,1,0,0,0.0,1,TypeScript,2021-2023,0.4,0.67,0.0,0.0,0
16,4,0,0,1,1,1,0,0,0.0,0,TypeScript,2021-2023,1.0,0.5,0.0,0.0,1
16,4,0,0,64,14,7,0,10,5.7,1,TypeScript,2021-2023,0.4,4.27,0.0,0.71,1
17,4,0,0,1,1,1,0,0,0.0,0,TypeScript,2021-2023,1.0,0.5,0.0,0.0,0
17,4,0,0,48,42,5,1,8,4.75,1,TypeScript,2021-2023,0.4,1.12,0.17,0.79,6
20,4,0,0,1136,1626,82,0,0,0.0,0,TypeScript,2021-2023,1.0,0.7,0.0,0.0,0
21,4,0,0,6,6,2,0,0,0.0,0,TypeScript,2021-2023,1.0,0.86,0.0,0.0,0
22,4,0,1,16,16,2,0,0,0.0,0,TypeScript,2021-2023,1.0,0.94,0.0,0.0,0
22,4,0,1,48,4,53,0,3,1.33,0,TypeScript,2021-2023,1.0,9.6,0.0,0.02,7
22,4,0,1,181,201,71,0,32,2.5,0,TypeScript,2021-2023,1.0,0.9,0.0,0.03,7
22,4,0,1,259,209,30,0,19,2.37,0,TypeScript,2021-2023,1.0,1.23,0.0,0.08,7
22,4,0,1,169,153,17,0,17,2.76,0,TypeScript,2021-2023,1.0,1.1,0.0,0.15,7
0,5,1,1,109,109,8,0,0,0.0,0,TypeScript,2021-2023,1.0,0.99,0.0,0.0,0
3,5,1,1,445,444,261,1,3,3.0,0,TypeScript,2021-2023,1.0,1.0,0.0,0.01,7
5,5,1,1,2,0,1,0,1,1.0,0,TypeScript,2021-2023,1.0,2.0,0.0,0.5,0
11,5,1,0,53,37,12,0,5,12.0,0,TypeScript,2021-2023,1.0,1.39,0.0,0.92,0
11,5,1,0,209,209,38,0,0,0.0,0,TypeScript,2021-2023,1.0,1.0,0.0,0.0,0
20,5,1,0,53,72,4,0,5,3.0,0,TypeScript,2021-2023,1.0,0.73,0.0,0.6,0
23,5,1,1,41,1,4,0,5,1.4,0,TypeScript,2021-2023,1.0,20.5,0.0,0.28,0
23,5,1,1,110,110,25,0,0,0.0,0,TypeScript,2021-2023,1.0,0.99,0.0,0.0,0
0,6,1,1,78,84,8,0,0,0.0,0,TypeScript,2021-2023,1.0,0.92,0.0,0.0,0
0,6,1,1,23,135,7,0,5,1.8,0,TypeScript,2021-2023,1.0,0.17,0.0,0.22,0
0,6,1,1,26,26,9,0,0,0.0,0,TypeScript,2021-2023,1.0,0.96,0.0,0.0,0
1,6,1,1,31,30,15,0,0,0.0,0,TypeScript,2021-2023,1.0,1.0,0.0,0.0,0
1,6,1,1,412,412,52,0,0,0.0,0,TypeScript,2021-2023,1.0,1.0,0.0,0.0,0
18,6,1,0,96,48,2,0,0,0.0,0,TypeScript,2021-2023,1.0,1.96,0.0,0.0,0
19,6,1,0,6,6,2,0,0,0.0,0,TypeScript,2021-2023,1.0,0.86,0.0,0.0,0
0,0,0,1,11,11,7,0,0,0.0,0,TypeScript,2021-2023,1.0,0.92,0.0,0.0,0
2,0,0,1,327,314,1,0,0,0.0,0,TypeScript,2021-2023,1.0,1.04,0.0,0.0,0
9,0,0,0,120,123,27,0,0,0.0,0,TypeScript,2021-2023,1.0,0.97,0.0,0.0,0
9,0,0,0,7,2,3,0,3,5.67,0,TypeScript,2021-2023,1.0,2.33,0.0,1.42,0
9,0,0,0,92,6,4,2,4,1.5,0,TypeScript,2021-2023,1.0,13.14,0.4,0.3,0
9,0,0,0,73,21,6,0,8,1.88,0,TypeScript,2021-2023,1.0,3.32,0.0,0.27,0
9,0,0,0,5,1,2,0,0,0.0,0,TypeScript,2021-2023,1.0,2.5,0.0,0.0,0
9,0,0,0,38,30,11,0,2,2.0,0,TypeScript,2021-2023,1.0,1.23,0.0,0.17,0
9,0,0,0,15,0,2,0,0,0.0,0,TypeScript,2021-2023,1.0,15.0,0.0,0.0,0
9,0,0,0,675,367,66,1,65,1.83,0,TypeScript,2021-2023,1.0,1.83,0.01,0.03,0
9,0,0,0,280,174,22,0,22,6.68,0,TypeScript,2021-2023,1.0,1.6,0.0,0.29,0
10,0,0,0,258,105,5,2,11,2.18,0,TypeScript,2021-2023,1.0,2.43,0.33,0.36,0
10,0,0,0,976,7556,232,40,178,1.69,0,TypeScript,2021-2023,1.0,0.13,0.17,0.01,0
10,0,0,0,13,2,6,0,1,21.0,0,TypeScript,2021-2023,1.0,4.33,0.0,3.0,0
10,0,0,0,6,2,1,0,3,1.0,0,TypeScript,2021-2023,1.0,2.0,0.0,0.5,0
11,0,0,0,54858,56901,849,1,3,1.33,0,TypeScript,2021-2023,1.0,0.96,0.0,0.0,0
11,0,0,0,130,124,2,0,4,4.25,0,TypeScript,2021-2023,1.0,1.04,0.0,1.42,0
11,0,0,0,1209,1064,271,0,0,0.0,0,TypeScript,2021-2023,1.0,1.14,0.0,0.0,0
12,0,0,0,24,8,2,1,0,0.0,1,TypeScript,2021-2023,0.4,2.67,0.33,0.0,2
13,0,0,0,82,50,1,0,2,2.0,0,TypeScript,2021-2023,1.0,1.61,0.0,1.0,0
13,0,0,0,340,0,1,0,0,0.0,0,TypeScript,2021-2023,1.0,340.0,0.0,0.0,0
13,0,0,0,130,46,27,1,17,6.18,1,TypeScript,2021-2023,0.4,2.77,0.04,0.22,0
14,0,0,0,1,4,1,0,2,2.0,0,TypeScript,2021-2023,1.0,0.2,0.0,1.0,0
14,0,0,0,4,0,1,0,0,0.0,0,TypeScript,2021-2023,1.0,4.0,0.0,0.0,0
14,0,0,0,3,1,1,0,0,0.0,0,TypeScript,2021-2023,1.0,1.5,0.0,0.0,2
15,0,0,0,77,28,3,1,3,25.67,1,TypeScript,2021-2023,0.4,2.66,0.25,6.42,3
15,0,0,0,1,1,1,0,0,0.0,1,TypeScript,2021-2023,0.4,0.5,0.0,0.0,0
15,0,0,0,378,2,3,0,0,0.0,0,TypeScript,2021-2023,1.0,126.0,0.0,0.0,0
17,0,0,0,149,18,5,0,0,0.0,0,TypeScript,2021-2023,1.0,7.84,0.0,0.0,0
17,0,0,0,0,0,0,0,0,0.0,0,TypeScript,2021-2023,1.0,0.0,0.0,0.0,0
18,0,0,0,10,18,6,0,0,0.0,0,TypeScript,2021-2023,1.0,0.53,0.0,0.0,0
18,0,0,0,6,6,2,0,0,0.0,0,TypeScript,2021-2023,1.0,0.86,0.0,0.0,0
18,0,0,0,119,159,5,0,4,15.0,0,TypeScript,2021-2023,1.0,0.74,0.0,2.5,0
18,0,0,0,74,74,19,0,0,0.0,0,TypeScript,2021-2023,1.0,0.99,0.0,0.0,0
19,0,0,0,21,24,2,0,2,19.0,0,TypeScript,2021-2023,1.0,0.84,0.0,6.33,0
19,0,0,0,14,14,6,0,0,0.0,0,TypeScript,2021-2023,1.0,0.93,0.0,0.0,0
20,0,0,0,16,20,1,0,1,7.0,0,TypeScript,2021-2023,1.0,0.76,0.0,3.5,0
20,0,0,0,8,8,4,0,0,0.0,0,TypeScript,2021-2023,1.0,0.89,0.0,0.0,0
20,0,0,0,39,40,1,0,1,25.0,0,TypeScript,2021-2023,1.0,0.95,0.0,12.5,0
20,0,0,0,42,39,12,0,0,0.0,0,TypeScript,2021-2023,1.0,1.05,0.0,0.0,0
0,1,0,1,149,126,8,0,0,0.0,0,TypeScript,2021-2023,1.0,1.17,0.0,0.0,0
0,1,0,1,0,0,0,0,0,0.0,1,TypeScript,2021-2023,0.4,0.0,0.0,0.0,0
0,1,0,1,668,68,11,1,12,12.92,1,TypeScript,2021-2023,0.4,9.68,0.08,1.08,7
0,1,0,1,1,1,1,0,0,0.0,0,TypeScript,2021-2023,1.0,0.5,0.0,0.0,0
7,1,0,0,0,13,2,0,2,16.0,0,TypeScript,2021-2023,1.0,0.0,0.0,5.33,0
9,1,0,0,7,7,6,0,0,0.0,0,TypeScript,2021-2023,1.0,0.88,0.0,0.0,0
11,1,0,0,23,10,3,0,0,0.0,1,TypeScript,2021-2023,0.4,2.09,0.0,0.0,8
16,1,0,0,102,74,66,0,13,5.77,0,TypeScript,2021-2023,1.0,1.36,0.0,0.09,9
19,1,0,0,1,0,1,0,0,0.0,0,TypeScript,2021-2023,1.0,1.0,0.0,0.0,0
0,2,0,1,8,8,6,0,0,0.0,0,TypeScript,2021-2023,1.0,0.89,0.0,0.0,0
8,2,0,0,13,36,1,0,2,12.5,1,TypeScript,2021-2023,0.4,0.35,0.0,6.25,2
8,2,0,0,106,2,1,1,1,1.0,0,TypeScript,2021-2023,1.0,35.33,0.5,0.5,0
9,2,0,0,1,1,1,0,2,4.0,1,TypeScript,2021-2023,0.4,0.5,0.0,2.0,1
9,2,0,0,42,27,3,1,13,4.46,1,TypeScript,2021-2023,0.4,1.5,0.25,1.12,4
9,2,0,0,1,1,1,0,0,0.0,1,TypeScript,2021-2023,0.4,0.5,0.0,0.0,1
10,2,0,0,13,7,3,0,0,0.0,0,TypeScript,2021-2023,1.0,1.62,0.0,0.0,0
11,2,0,0,268,276,18,0,23,1.52,0,TypeScript,2021-2023,1.0,0.97,0.0,0.08,0
12,2,0,0,16,10,4,0,4,1.0,0,TypeScript,2021-2023,1.0,1.45,0.0,0.2,9
12,2,0,0,13,0,2,0,2,1.5,0,TypeScript,2021-2023,1.0,13.0,0.0,0.5,9
13,2,0,0,77,1,2,0,0,0.0,0,TypeScript,2021-2023,1.0,38.5,0.0,0.0,0
13,2,0,0,1,1,1,0,0,0.0,0,TypeScript,2021-2023,1.0,0.5,0.0,0.0,0
13,2,0,0,1,1,1,0,0,0.0,0,TypeScript,2021-2023,1.0,0.5,0.0,0.0,0
13,2,0,0,1,1,1,0,0,0.0,0,TypeScript,2021-2023,1.0,0.5,0.0,0.0,0
13,2,0,0,1,1,1,0,0,0.0,0,TypeScript,2021-2023,1.0,0.5,0.0,0.0,0
13,2,0,0,1,1,1,0,0,0.0,0,TypeScript,2021-2023,1.0,0.5,0.0,0.0,0
14,2,0,0,846,410,88,0,122,1.83,0,TypeScript,2021-2023,1.0,2.06,0.0,0.02,5
14,2,0,0,120,94,15,0,14,9.57,0,TypeScript,2021-2023,1.0,1.26,0.0,0.6,9
16,2,0,0,70,42,14,0,10,1.1,0,TypeScript,2021-2023,1.0,1.63,0.0,0.07,9
17,2,0,0,191,85,9,0,19,2.0,1,TypeScript,2021-2023,0.4,2.22,0.0,0.2,5
19,2,0,0,31,9,1,0,0,0.0,0,TypeScript,2021-2023,1.0,3.1,0.0,0.0,6
19,2,0,0,1,1,1,0,0,0.0,0,TypeScript,2021-2023,1.0,0.5,0.0,0.0,6
0,3,0,1,8,8,6,0,0,0.0,0,TypeScript,2021-2023,1.0,0.89,0.0,0.0,0
0,3,0,1,698,928,13,0,25,16.92,0,TypeScript,2021-2023,1.0,0.75,0.0,1.21,0
0,3,0,1,20,23,8,0,0,0.0,0,TypeScript,2021-2023,1.0,0.83,0.0,0.0,0
9,3,0,0,123,70,4,1,1,3.0,1,TypeScript,2021-2023,0.4,1.73,0.2,0.6,5
9,3,0,0,726,258,16,0,3,8.0,0,TypeScript,2021-2023,1.0,2.8,0.0,0.47,0
10,3,0,0,1,1,1,0,0,0.0,0,TypeScript,2021-2023,1.0,0.5,0.0,0.0,0
11,3,0,0,1,1,1,0,0,0.0,0,TypeScript,2021-2023,1.0,0.5,0.0,0.0,0
11,3,0,0,10,0,1,0,0,0.0,0,TypeScript,2021-2023,1.0,10.0,0.0,0.0,0
11,3,0,0,6,6,2,0,0,0.0,0,TypeScript,2021-2023,1.0,0.86,0.0,0.0,0
11,3,0,0,11,11,2,0,0,0.0,0,TypeScript,2021-2023,1.0,0.92,0.0,0.0,0
13,3,0,0,3,3,1,0,0,0.0,0,TypeScript,2021-2023,1.0,0.75,0.0,0.0,0
14,3,0,0,4,1,1,0,0,0.0,0,TypeScript,2021-2023,1.0,2.0,0.0,0.0,6
14,3,0,0,21,1,1,0,1,19.0,0,TypeScript,2021-2023,1.0,10.5,0.0,9.5,6
15,3,0,0,181,181,7,0,11,3.27,0,TypeScript,2021-2023,1.0,0.99,0.0,0.41,6
15,3,0,0,3,9,3,0,2,1.0,1,TypeScript,2021-2023,0.4,0.3,0.0,0.25,6
16,3,0,0,90,19,11,0,8,2.38,0,TypeScript,2021-2023,1.0,4.5,0.0,0.2,9
16,3,0,0,155,56,11,0,13,1.46,0,TypeScript,2021-2023,1.0,2.72,0.0,0.12,9
16,3,0,0,8,8,5,0,2,1.0,0,TypeScript,2021-2023,1.0,0.89,0.0,0.17,0
16,3,0,0,212,215,39,0,0,0.0,0,TypeScript,2021-2023,1.0,0.98,0.0,0.0,0
16,3,0,0,92,91,7,0,9,9.44,0,TypeScript,2021-2023,1.0,1.0,0.0,1.18,0
16,3,0,0,19,19,7,0,0,0.0,0,TypeScript,2021-2023,1.0,0.95,0.0,0.0,0
17,3,0,0,91,89,2,0,3,101.0,0,TypeScript,2021-2023,1.0,1.01,0.0,33.67,0
19,3,0,0,5,8,3,0,0,0.0,0,TypeScript,2021-2023,1.0,0.56,0.0,0.0,0
20,3,0,0,26,26,9,0,0,0.0,0,TypeScript,2021-2023,1.0,0.96,0.0,0.0,0
22,3,0,1,6,6,2,0,0,0.0,0,TypeScript,2021-2023,1.0,0.86,0.0,0.0,0
0,4,0,1,74,74,8,0,0,0.0,0,TypeScript,2021-2023,1.0,0.99,0.0,0.0,0
1,4,0,1,694,691,81,0,0,0.0,0,TypeScript,2021-2023,1.0,1.0,0.0,0.0,0
4,4,0,1,3,2,2,0,0,0.0,0,TypeScript,2021-2023,1.0,1.0,0.0,0.0,0
4,4,0,1,1,2,1,0,0,0.0,0,TypeScript,2021-2023,1.0,0.33,0.0,0.0,0
4,4,0,1,6,0,1,0,0,0.0,0,TypeScript,2021-2023,1.0,6.0,0.0,0.0,0
5,4,0,1,51,59,4,0,3,7.67,0,TypeScript,2021-2023,1.0,0.85,0.0,1.53,0
5,4,0,1,78,26,4,0,9,2.22,0,TypeScript,2021-2023,1.0,2.89,0.0,0.44,0
6,4,0,0,110,110,25,0,0,0.0,0,TypeScript,2021-2023,1.0,0.99,0.0,0.0,0
7,4,0,0,780,780,97,0,0,0.0,0,TypeScript,2021-2023,1.0,1.0,0.0,0.0,0
8,4,0,0,1195,502,159,1,48,4.29,0,TypeScript,2021-2023,1.0,2.38,0.01,0.03,4
9,4,0,0,776,14,3,0,0,0.0,0,TypeScript,2021-2023,1.0,51.73,0.0,0.0,0
9,4,0,0,2,14,1,0,2,2.0,0,TypeScript,2021-2023,1.0,0.13,0.0,1.0,4
10,4,0,0,5,16,4,0,6,1.83,0,TypeScript,2021-2023,1.0,0.29,0.0,0.37,4
10,4,0,0,6,6,2,0,0,0.0,0,TypeScript,2021-2023,1.0,0.86,0.0,0.0,0
10,4,0,0,3,2,1,0,0,0.0,0,TypeScript,2021-2023,1.0,1.0,0.0,0.0,0
14,4,0,0,49,25,5,0,5,3.4,0,TypeScript,2021-2023,1.0,1.88,0.0,0.57,0
14,4,0,0,191,191,37,0,0,0.0,0,TypeScript,2021-2023,1.0,0.99,0.0,0.0,0
14,4,0,0,6,6,2,0,0,0.0,0,TypeScript,2021-2023,1.0,0.86,0.0,0.0,0
15,4,0,0,998,733,6,0,2,2.0,0,TypeScript,2021-2023,1.0,1.36,0.0,0.29,4
16,4,0,0,838,1132,43,0,104,3.3,0,TypeScript,2021-2023,1.0,0.74,0.0,0.08,0
19,4,0,0,53,61,2,0,0,0.0,0,TypeScript,2021-2023,1.0,0.85,0.0,0.0,0
20,4,0,0,50,4,1,0,3,5.33,0,TypeScript,2021-2023,1.0,10.0,0.0,2.66,7
0,5,1,1,132,140,8,0,0,0.0,0,TypeScript,2021-2023,1.0,0.94,0.0,0.0,0
7,5,1,0,22,36,2,0,0,0.0,0,TypeScript,2021-2023,1.0,0.59,0.0,0.0,0
15,5,1,0,1,1,1,0,0,0.0,0,TypeScript,2021-2023,1.0,0.5,0.0,0.0,7
15,5,1,0,97,132,2,0,0,0.0,0,TypeScript,2021-2023,1.0,0.73,0.0,0.0,7
0,6,1,1,8,8,6,0,0,0.0,0,TypeScript,2021-2023,1.0,0.89,0.0,0.0,0
1,6,1,1,6,6,2,0,0,0.0,0,TypeScript,2021-2023,1.0,0.86,0.0,0.0,0
23,6,1,1,5,5,1,0,1,19.0,1,TypeScript,2021-2023,0.4,0.83,0.0,9.5,7
0,0,0,1,8,8,6,0,0,0.0,0,TypeScript,2021-2023,1.0,0.89,0.0,0.0,0
0,0,0,1,65,6,3,0,6,4.0,1,TypeScript,2021-2023,0.4,9.29,0.0,1.0,8
0,0,0,1,607,607,1,0,0,0.0,0,TypeScript,2021-2023,1.0,1.0,0.0,0.0,0
0,0,0,1,12,1,2,0,3,3.33,1,TypeScript,2021-2023,0.4,6.0,0.0,1.11,9
3,0,0,1,171,146,21,2,21,8.38,0,TypeScript,2021-2023,1.0,1.16,0.09,0.38,0
3,0,0,1,191,197,37,0,0,0.0,0,TypeScript,2021-2023,1.0,0.96,0.0,0.0,0
4,0,0,1,5155,7066,33,9,48,2.23,0,TypeScript,2021-2023,1.0,0.73,0.26,0.07,0
4,0,0,1,2,2,2,0,0,0.0,0,TypeScript,2021-2023,1.0,0.67,0.0,0.0,0
9,0,0,0,4,4,1,0,0,0.0,0,TypeScript,2021-2023,1.0,0.8,0.0,0.0,9
11,0,0,0,7,7,4,0,0,0.0,0,TypeScript,2021-2023,1.0,0.88,0.0,0.0,0
14,0,0,0,15,4,3,0,3,5.33,0,TypeScript,2021-2023,1.0,3.0,0.0,1.33,10
16,0,0,0,146,32,2,0,0,0.0,0,TypeScript,2021-2023,1.0,4.42,0.0,0.0,0
16,0,0,0,15,13,1,0,1,4.0,0,TypeScript,2021-2023,1.0,1.07,0.0,2.0,10
16,0,0,0,1,83,11,0,0,0.0,0,TypeScript,2021-2023,1.0,0.01,0.0,0.0,10
16,0,0,0,755,276,14,3,6,1.33,1,TypeScript,2021-2023,0.4,2.73,0.2,0.09,4
16,0,0,0,103,4,1,0,0,0.0,0,TypeScript,2021-2023,1.0,20.6,0.0,0.0,3
16,0,0,0,5,1,1,0,2,4.5,1,TypeScript,2021-2023,0.4,2.5,0.0,2.25,5
17,0,0,0,16372,0,93,0,61,3.16,0,TypeScript,2021-2023,1.0,16372.0,0.0,0.03,9
17,0,0,0,32,9,9,0,0,0.0,1,TypeScript,2021-2023,0.4,3.2,0.0,0.0,10
18,0,0,0,1,0,1,0,0,0.0,0,TypeScript,2021-2023,1.0,1.0,0.0,0.0,0
18,0,0,0,3159,2769,12,0,10,6.0,1,TypeScript,2021-2023,0.4,1.14,0.0,0.46,9
20,0,0,0,67,23,12,1,0,0.0,0,TypeScript,2021-2023,1.0,2.79,0.08,0.0,11
20,0,0,0,5,5,1,0,4,5.0,1,TypeScript,2021-2023,0.4,0.83,0.0,2.5,11
0,1,0,1,72,72,8,0,0,0.0,0,TypeScript,2021-2023,1.0,0.99,0.0,0.0,0
1,1,0,1,53,53,2,0,0,0.0,0,TypeScript,2021-2023,1.0,0.98,0.0,0.0,0
4,1,0,1,404,404,50,0,0,0.0,0,TypeScript,2021-2023,1.0,1.0,0.0,0.0,0
5,1,0,1,79,43,4,0,5,7.4,0,TypeScript,2021-2023,1.0,1.8,0.0,1.48,0
5,1,0,1,200,200,37,0,0,0.0,0,TypeScript,2021-2023,1.0,1.0,0.0,0.0,0
6,1,0,0,238,238,41,0,0,0.0,0,TypeScript,2021-2023,1.0,1.0,0.0,0.0,0
8,1,0,0,2,1,1,0,1,8.0,1,TypeScript,2021-2023,0.4,1.0,0.0,4.0,6
9,1,0,0,209,33,16,3,15,4.87,0,TypeScript,2021-2023,1.0,6.15,0.18,0.29,0
9,1,0,0,16,26,1,0,0,0.0,0,TypeScript,2021-2023,1.0,0.59,0.0,0.0,0
9,1,0,0,267,90,1,0,0,0.0,0,TypeScript,2021-2023,1.0,2.93,0.0,0.0,0
9,1,0,0,7,3,1,0,1,1.0,1,TypeScript,2021-2023,0.4,1.75,0.0,0.5,3
10,1,0,0,88,54,14,12,21,1.71,0,TypeScript,2021-2023,1.0,1.6,0.8,0.11,0
10,1,0,0,25,25,10,8,9,1.11,0,TypeScript,2021-2023,1.0,0.96,0.73,0.1,0
10,1,0,0,5,0,1,1,1,1.0,0,TypeScript,2021-2023,1.0,5.0,0.5,0.5,0
10,1,0,0,23,28,3,0,2,2.5,1,TypeScript,2021-2023,0.4,0.79,0.0,0.62,10
11,1,0,0,7,0,1,0,0,0.0,0,TypeScript,2021-2023,1.0,7.0,0.0,0.0,3
11,1,0,0,237,200,17,2,29,5.1,0,TypeScript,2021-2023,1.0,1.18,0.11,0.28,0
12,1,0,0,112,44,4,0,14,4.07,1,TypeScript,2021-2023,0.4,2.49,0.0,0.81,7
13,1,0,0,84,1,1,0,3,3.0,0,TypeScript,2021-2023,1.0,42.0,0.0,1.5,0
14,1,0,0,53,23,5,1,8,11.5,1,TypeScript,2021-2023,0.4,2.21,0.17,1.92,4
15,1,0,0,184,160,29,0,71,6.55,0,TypeScript,2021-2023,1.0,1.14,0.0,0.22,0
15,1,0,0,10,10,4,0,0,0.0,1,TypeScript,2021-2023,0.4,0.91,0.0,0.0,11
16,1,0,0,242,0,1,0,0,0.0,0,TypeScript,2021-2023,1.0,242.0,0.0,0.0,0
18,1,0,0,52,52,2,0,0,0.0,0,TypeScript,2021-2023,1.0,0.98,0.0,0.0,0
0,2,0,1,92,92,8,0,0,0.0,0,TypeScript,2021-2023,1.0,0.99,0.0,0.0,0
1,2,0,1,52,52,2,0,0,0.0,0,TypeScript,2021-2023,1.0,0.98,0.0,0.0,0
8,2,0,0,35,0,1,1,1,1.0,0,TypeScript,2021-2023,1.0,35.0,0.5,0.5,12
10,2,0,0,10,3,4,0,5,14.4,1,TypeScript,2021-2023,0.4,2.5,0.0,2.88,3
10,2,0,0,22,22,7,0,0,0.0,0,TypeScript,2021-2023,1.0,0.96,0.0,0.0,0
10,2,0,0,2,8,3,0,0,0.0,0,TypeScript,2021-2023,1.0,0.22,0.0,0.0,0
11,2,0,0,30,16,2,0,0,0.0,1,TypeScript,2021-2023,0.4,1.76,0.0,0.0,0
13,2,0,0,1377,1399,407,2,19,1.58,0,TypeScript,2021-2023,1.0,0.98,0.0,0.0,0
13,2,0,0,34,28,5,0,7,2.57,0,TypeScript,2021-2023,1.0,1.17,0.0,0.43,0
13,2,0,0,84,2,6,0,3,3.0,0,TypeScript,2021-2023,1.0,28.0,0.0,0.43,12
15,2,0,0,484,371,14,1,9,1.22,0,TypeScript,2021-2023,1.0,1.3,0.07,0.08,12
16,2,0,0,5,0,1,0,0,0.0,0,TypeScript,2021-2023,1.0,5.0,0.0,0.0,12
16,2,0,0,498,47,17,0,15,4.2,1,TypeScript,2021-2023,0.4,10.38,0.0,0.23,12
16,2,0,0,3196,48,45,0,61,2.13,0,TypeScript,2021-2023,1.0,65.22,0.0,0.05,0
16,2,0,0,3270,8002,404,0,6,7.83,0,TypeScript,2021-2023,1.0,0.41,0.0,0.02,0
17,2,0,0,491,0,1,0,0,0.0,0,TypeScript,2021-2023,1.0,491.0,0.0,0.0,0
19,2,0,0,1,1,1,0,0,0.0,0,TypeScript,2021-2023,1.0,0.5,0.0,0.0,0
19,2,0,0,2,1,1,0,0,0.0,0,TypeScript,2021-2023,1.0,1.0,0.0,0.0,0
22,2,0,1,49,29,9,1,13,5.08,0,TypeScript,2021-2023,1.0,1.63,0.1,0.51,13
23,2,0,1,18,8,2,0,0,0.0,0,TypeScript,2021-2023,1.0,2.0,0.0,0.0,0
0,3,0,1,8,8,6,0,0,0.0,0,TypeScript,2021-2023,1.0,0.89,0.0,0.0,0
9,3,0,0,63,31,5,0,3,8.0,1,TypeScript,2021-2023,0.4,1.97,0.0,1.33,8
9,3,0,0,4,0,1,0,0,0.0,1,TypeScript,2021-2023,0.4,4.0,0.0,0.0,9
11,3,0,0,131,145,22,1,9,2.89,0,TypeScript,2021-2023,1.0,0.9,0.04,0.13,12
12,3,0,0,44,33,9,0,8,2.88,0,TypeScript,2021-2023,1.0,1.29,0.0,0.29,0
13,3,0,0,511,7158,19,1,10,3.5,0,TypeScript,2021-2023,1.0,0.07,0.05,0.18,12
13,3,0,0,343,185,4,0,0,0.0,0,TypeScript,2021-2023,1.0,1.84,0.0,0.0,0
13,3,0,0,1,1,1,0,0,0.0,0,TypeScript,2021-2023,1.0,0.5,0.0,0.0,12
16,3,0,0,452,100,11,0,18,4.22,0,TypeScript,2021-2023,1.0,4.48,0.0,0.35,10
16,3,0,0,60,285,12,1,19,6.53,0,TypeScript,2021-2023,1.0,0.21,0.08,0.5,10
16,3,0,0,3,16,2,0,2,2.0,0,TypeScript,2021-2023,1.0,0.18,0.0,0.67,10
20,3,0,0,52,52,2,0,0,0.0,0,TypeScript,2021-2023,1.0,0.98,0.0,0.0,0
21,3,0,0,9,9,1,0,0,0.0,0,TypeScript,2021-2023,1.0,0.9,0.0,0.0,0
0,4,0,1,8,8,6,0,0,0.0,0,TypeScript,2021-2023,1.0,0.89,0.0,0.0,0
3,4,0,1,6,6,2,0,0,0.0,0,TypeScript,2021-2023,1.0,0.86,0.0,0.0,0
4,4,0,1,52,52,2,0,0,0.0,0,TypeScript,2021-2023,1.0,0.98,0.0,0.0,0
9,4,0,0,150,119,2,0,0,0.0,0,TypeScript,2021-2023,1.0,1.25,0.0,0.0,12
10,4,0,0,406,336,5,0,0,0.0,0,TypeScript,2021-2023,1.0,1.2,0.0,0.0,12
10,4,0,0,18,4,2,0,5,2.0,1,TypeScript,2021-2023,0.4,3.6,0.0,0.67,4
10,4,0,0,5,0,1,0,0,0.0,0,TypeScript,2021-2023,1.0,5.0,0.0,0.0,5
10,4,0,0,27,19,1,0,3,3.0,1,TypeScript,2021-2023,0.4,1.35,0.0,1.5,5
10,4,0,0,391,0,1,0,0,0.0,0,TypeScript,2021-2023,1.0,391.0,0.0,0.0,0
11,4,0,0,3,0,1,0,1,76.0,1,TypeScript,2021-2023,0.4,3.0,0.0,38.0,10
12,4,0,0,326,149,15,1,26,4.96,1,TypeScript,2021-2023,0.4,2.17,0.06,0.31,6
14,4,0,0,209,238,2,0,0,0.0,0,TypeScript,2021-2023,1.0,0.87,0.0,0.0,12
15,4,0,0,201,217,2,0,0,0.0,0,TypeScript,2021-2023,1.0,0.92,0.0,0.0,0
18,4,0,0,11,11,5,0,4,1.0,0,TypeScript,2021-2023,1.0,0.92,0.0,0.17,13
0,5,1,1,8,8,6,0,0,0.0,0,TypeScript,2021-2023,1.0,0.89,0.0,0.0,0
7,5,1,0,11,11,2,0,0,0.0,0,TypeScript,2021-2023,1.0,0.92,0.0,0.0,0
13,5,1,0,296,286,3,0,0,0.0,0,TypeScript,2021-2023,1.0,1.03,0.0,0.0,12
0,6,1,1,8,8,6,0,0,0.0,0,TypeScript,2021-2023,1.0,0.89,0.0,0.0,0
2,6,1,1,2,8,3,0,0,0.0,0,TypeScript,2021-2023,1.0,0.22,0.0,0.0,0
4,6,1,1,6,6,2,0,0,0.0,0,TypeScript,2021-2023,1.0,0.86,0.0,0.0,0
6,6,1,0,37,9,9,0,4,6.0,0,TypeScript,2021-2023,1.0,3.7,0.0,0.6,0
6,6,1,0,209,209,38,0,0,0.0,0,TypeScript,2021-2023,1.0,1.0,0.0,0.0,0
8,6,1,0,53,6,6,0,6,2.17,0,TypeScript,2021-2023,1.0,7.57,0.0,0.31,0
8,6,1,0,126,126,29,0,0,0.0,0,TypeScript,2021-2023,1.0,0.99,0.0,0.0,0
11,6,1,0,279,221,9,0,0,0.0,0,TypeScript,2021-2023,1.0,1.26,0.0,0.0,0
22,6,1,1,6,6,2,0,0,0.0,0,TypeScript,2021-2023,1.0,0.86,0.0,0.0,0
23,6,1,1,79,3,4,0,0,0.0,0,TypeScript,2021-2023,1.0,19.75,0.0,0.0,12
23,6,1,1,543,13388,36,2,24,2.17,0,TypeScript,2021-2023,1.0,0.04,0.05,0.06,12
0,0,0,1,76,76,8,0,0,0.0,0,TypeScript,2021-2023,1.0,0.99,0.0,0.0,0
11,0,0,0,85,87,2,2,0,0.0,0,TypeScript,2021-2023,1.0,0.97,0.67,0.0,0
11,0,0,0,244,181,14,0,26,3.5,0,TypeScript,2021-2023,1.0,1.34,0.0,0.23,12
12,0,0,0,120,18,15,0,15,2.0,0,TypeScript,2021-2023,1.0,6.32,0.0,0.12,0
12,0,0,0,194,214,6,0,0,0.0,0,TypeScript,2021-2023,1.0,0.9,0.0,0.0,12
13,0,0,0,14,14,12,0,0,0.0,0,TypeScript,2021-2023,1.0,0.93,0.0,0.0,0
13,0,0,0,821,377,3,0,0,0.0,0,TypeScript,2021-2023,1.0,2.17,0.0,0.0,0
14,0,0,0,9,27,1,0,0,0.0,1,TypeScript,2021-2023,0.4,0.32,0.0,0.0,11
14,0,0,0,135,13105,15,0,2,3.5,0,TypeScript,2021-2023,1.0,0.01,0.0,0.22,12
14,0,0,0,625,584,12,0,2,25.5,0,TypeScript,2021-2023,1.0,1.07,0.0,1.96,0
14,0,0,0,10,0,1,0,0,0.0,0,TypeScript,2021-2023,1.0,10.0,0.0,0.0,0
14,0,0,0,237,224,17,1,8,1.25,0,TypeScript,2021-2023,1.0,1.05,0.06,0.07,12
16,0,0,0,5,5,2,0,0,0.0,1,TypeScript,2021-2023,0.4,0.83,0.0,0.0,13
16,0,0,0,55,34,8,0,11,6.73,0,TypeScript,2021-2023,1.0,1.57,0.0,0.75,12
17,0,0,0,14,33,2,0,2,1.0,0,TypeScript,2021-2023,1.0,0.41,0.0,0.33,0
17,0,0,0,1692,2039,16,0,2,1.0,0,TypeScript,2021-2023,1.0,0.83,0.0,0.06,0
0,1,0,1,8,8,6,0,0,0.0,0,TypeScript,2021-2023,1.0,0.89,0.0,0.0,0
8,1,0,0,8,8,1,0,0,0.0,0,TypeScript,2021-2023,1.0,0.89,0.0,0.0,0
8,1,0,0,52,52,2,0,0,0.0,0,TypeScript,2021-2023,1.0,0.98,0.0,0.0,0
9,1,0,0,4,0,1,0,2,4.0,1,TypeScript,2021-2023,0.4,4.0,0.0,2.0,5
9,1,0,0,848,88,42,3,42,5.48,0,TypeScript,2021-2023,1.0,9.53,0.07,0.13,6
9,1,0,0,3,3,1,0,0,0.0,1,TypeScript,2021-2023,0.4,0.75,0.0,0.0,0
9,1,0,0,3,0,1,0,0,0.0,0,TypeScript,2021-2023,1.0,3.0,0.0,0.0,12
10,1,0,0,10,10,1,0,0,0.0,0,TypeScript,2021-2023,1.0,0.91,0.0,0.0,0
10,1,0,0,224,320,34,0,11,2.55,0,TypeScript,2021-2023,1.0,0.7,0.0,0.07,12
11,1,0,0,136,87,14,0,16,5.0,0,TypeScript,2021-2023,1.0,1.55,0.0,0.33,12
12,1,0,0,18643,2,5,0,0,0.0,0,TypeScript,2021-2023,1.0,6214.33,0.0,0.0,12
15,1,0,0,61,62,16,0,17,3.94,0,TypeScript,2021-2023,1.0,0.97,0.0,0.23,12
15,1,0,0,4,6,4,0,2,1.0,0,TypeScript,2021-2023,1.0,0.57,0.0,0.2,12
17,1,0,0,7,10,2,0,0,0.0,0,TypeScript,2021-2023,1.0,0.64,0.0,0.0,0
17,1,0,0,165,156,1,0,0,0.0,0,TypeScript,2021-2023,1.0,1.05,0.0,0.0,0
23,1,0,1,1,1,1,0,0,0.0,0,TypeScript,2021-2023,1.0,0.5,0.0,0.0,0
0,2,0,1,8,8,6,0,0,0.0,0,TypeScript,2021-2023,1.0,0.89,0.0,0.0,0
1,2,0,1,82,0,8,0,7,1.0,0,TypeScript,2021-2023,1.0,82.0,0.0,0.11,12
9,2,0,0,95,61,2,0,6,3.33,0,TypeScript,2021-2023,1.0,1.53,0.0,1.11,0
10,2,0,0,202,148,16,0,16,5.0,0,TypeScript,2021-2023,1.0,1.36,0.0,0.29,12
10,2,0,0,31,31,1,0,0,0.0,0,TypeScript,2021-2023,1.0,0.97,0.0,0.0,0
14,2,0,0,6,6,2,0,0,0.0,0,TypeScript,2021-2023,1.0,0.86,0.0,0.0,0
14,2,0,0,3385,135,38,0,103,1.48,0,TypeScript,2021-2023,1.0,24.89,0.0,0.04,0
15,2,0,0,1114,1851,67,0,2,2.0,0,TypeScript,2021-2023,1.0,0.6,0.0,0.03,0
15,2,0,0,731,4,4,0,0,0.0,0,TypeScript,2021-2023,1.0,146.2,0.0,0.0,0
19,2,0,0,79,5,1,0,0,0.0,0,TypeScript,2021-2023,1.0,13.17,0.0,0.0,0
0,3,0,1,8,8,6,0,0,0.0,0,TypeScript,2021-2023,1.0,0.89,0.0,0.0,0
4,3,0,1,370,826,1,0,0,0.0,0,TypeScript,2021-2023,1.0,0.45,0.0,0.0,0
9,3,0,0,110,110,25,0,0,0.0,0,TypeScript,2021-2023,1.0,0.99,0.0,0.0,0
10,3,0,0,2,2,2,0,0,0.0,0,TypeScript,2021-2023,1.0,0.67,0.0,0.0,0
10,3,0,0,6,6,4,4,0,0.0,0,TypeScript,2021-2023,1.0,0.86,0.8,0.0,0
13,3,0,0,5,5,2,0,0,0.0,0,TypeScript,2021-2023,1.0,0.83,0.0,0.0,0
14,3,0,0,3900,4367,4,0,1,4.0,0,TypeScript,2021-2023,1.0,0.89,0.0,0.8,0
16,3,0,0,61,68,5,0,6,2.83,0,TypeScript,2021-2023,1.0,0.88,0.0,0.47,12
16,3,0,0,1672,1947,167,0,175,3.03,0,TypeScript,2021-2023,1.0,0.86,0.0,0.02,12
16,3,0,0,0,41,2,0,3,1.0,0,TypeScript,2021-2023,1.0,0.0,0.0,0.33,12
18,3,0,0,41,3,6,0,5,1.2,0,TypeScript,2021-2023,1.0,10.25,0.0,0.17,0
18,3,0,0,4,2041,33,0,41,1.85,0,TypeScript,2021-2023,1.0,0.0,0.0,0.05,0
23,3,0,1,694,856,165,1,57,4.32,0,TypeScript,2021-2023,1.0,0.81,0.01,0.03,12
0,4,0,1,50,50,8,0,0,0.0,0,TypeScript,2021-2023,1.0,0.98,0.0,0.0,0
3,4,0,1,209,209,38,0,0,0.0,0,TypeScript,2021-2023,1.0,1.0,0.0,0.0,0
8,4,0,0,0,59,5,0,5,1.0,0,TypeScript,2021-2023,1.0,0.0,0.0,0.17,12
8,4,0,0,6,55,23,0,16,1.31,0,TypeScript,2021-2023,1.0,0.11,0.0,0.05,12
10,4,0,0,2,4,1,0,2,7.0,0,TypeScript,2021-2023,1.0,0.4,0.0,3.5,0
12,4,0,0,38,2,10,0,3,8.33,0,TypeScript,2021-2023,1.0,12.67,0.0,0.76,0
13,4,0,0,227,162,14,0,19,6.84,0,TypeScript,2021-2023,1.0,1.39,0.0,0.46,12
14,4,0,0,1,1,1,0,0,0.0,0,TypeScript,2021-2023,1.0,0.5,0.0,0.0,0
14,4,0,0,4,0,1,0,0,0.0,0,TypeScript,2021-2023,1.0,4.0,0.0,0.0,0
16,4,0,0,1859,1508,296,0,8,19.38,0,TypeScript,2021-2023,1.0,1.23,0.0,0.07,0
16,4,0,0,21,19,2,0,0,0.0,0,TypeScript,2021-2023,1.0,1.05,0.0,0.0,0
16,4,0,0,80,73,10,0,11,1.73,0,TypeScript,2021-2023,1.0,1.08,0.0,0.16,0
16,4,0,0,4,3,1,0,1,1.0,0,TypeScript,2021-2023,1.0,1.0,0.0,0.5,0
22,4,0,1,53,53,2,0,0,0.0,0,TypeScript,2021-2023,1.0,0.98,0.0,0.0,0
0,5,1,1,74,74,8,0,0,0.0,0,TypeScript,2021-2023,1.0,0.99,0.0,0.0,0
3,5,1,1,74,74,19,0,0,0.0,0,TypeScript,2021-2023,1.0,0.99,0.0,0.0,0
6,5,1,0,64,0,2,1,4,5.75,0,TypeScript,2021-2023,1.0,64.0,0.33,1.92,0
6,5,1,0,22,19,8,0,0,0.0,0,TypeScript,2021-2023,1.0,1.1,0.0,0.0,0
12,5,1,0,415,2,8,0,1,327.0,0,TypeScript,2021-2023,1.0,138.33,0.0,36.33,0
0,6,1,1,25,25,8,0,0,0.0,0,TypeScript,2021-2023,1.0,0.96,0.0,0.0,0
1,6,1,1,209,212,38,0,0,0.0,0,TypeScript,2021-2023,1.0,0.98,0.0,0.0,0
1,6,1,1,6,6,2,0,0,0.0,0,TypeScript,2021-2023,1.0,0.86,0.0,0.0,0
10,6,1,0,176,13,12,0,8,5.88,0,TypeScript,2021-2023,1.0,12.57,0.0,0.45,0
0,0,0,1,74,74,8,0,0,0.0,0,TypeScript,2021-2023,1.0,0.99,0.0,0.0,0
15,0,0,0,19119,6822,311,17,303,2.49,0,TypeScript,2021-2023,1.0,2.8,0.05,0.01,0
17,0,0,0,91,58,31,0,0,0.0,0,TypeScript,2021-2023,1.0,1.54,0.0,0.0,0
0,1,0,1,8,8,6,0,0,0.0,0,TypeScript,2021-2023,1.0,0.89,0.0,0.0,0
9,1,0,0,58,91,31,0,0,0.0,0,TypeScript,2021-2023,1.0,0.63,0.0,0.0,0
10,1,0,0,64,470,1,0,0,0.0,0,TypeScript,2021-2023,1.0,0.14,0.0,0.0,0
11,1,0,0,315,316,212,0,0,0.0,0,TypeScript,2021-2023,1.0,0.99,0.0,0.0,0
12,1,0,0,288,0,2,0,0,0.0,0,TypeScript,2021-2023,1.0,288.0,0.0,0.0,0
13,1,0,0,90,57,31,0,0,0.0,0,TypeScript,2021-2023,1.0,1.55,0.0,0.0,0
14,1,0,0,1231,1070,264,0,0,0.0,0,TypeScript,2021-2023,1.0,1.15,0.0,0.0,0
16,1,0,0,139,64,3,0,10,2.7,0,TypeScript,2021-2023,1.0,2.14,0.0,0.68,0
16,1,0,0,618,1,7,0,4,1.0,0,TypeScript,2021-2023,1.0,309.0,0.0,0.12,0
16,1,0,0,730,0,5,0,4,1.0,0,TypeScript,2021-2023,1.0,730.0,0.0,0.17,0
21,1,0,0,6,6,2,0,0,0.0,0,TypeScript,2021-2023,1.0,0.86,0.0,0.0,0
0,2,0,1,8,8,6,0,0,0.0,0,TypeScript,2021-2023,1.0,0.89,0.0,0.0,0
8,2,0,0,1571,1513,152,1,97,5.72,0,TypeScript,2021-2023,1.0,1.04,0.01,0.04,12
12,2,0,0,4,4,1,0,1,2.0,0,TypeScript,2021-2023,1.0,0.8,0.0,1.0,0
12,2,0,0,6,6,2,0,0,0.0,0,TypeScript,2021-2023,1.0,0.86,0.0,0.0,0
12,2,0,0,170,0,1,0,0,0.0,0,TypeScript,2021-2023,1.0,170.0,0.0,0.0,0
13,2,0,0,141,137,1,0,0,0.0,0,TypeScript,2021-2023,1.0,1.02,0.0,0.0,0
13,2,0,0,646,1414,15,0,6,17.67,0,TypeScript,2021-2023,1.0,0.46,0.0,1.1,0
13,2,0,0,38,34,45,0,0,0.0,0,TypeScript,2021-2023,1.0,1.09,0.0,0.0,0
13,2,0,0,84,0,2,0,6,1.67,0,TypeScript,2021-2023,1.0,84.0,0.0,0.56,0
22,2,0,1,275,185,19,0,18,4.67,0,TypeScript,2021-2023,1.0,1.48,0.0,0.23,12
22,2,0,1,221,240,14,0,12,5.67,0,TypeScript,2021-2023,1.0,0.92,0.0,0.38,12
0,3,0,1,8,8,6,0,0,0.0,0,TypeScript,2021-2023,1.0,0.89,0.0,0.0,0
10,3,0,0,379,2,9,0,1,1.0,0,TypeScript,2021-2023,1.0,126.33,0.0,0.1,0
10,3,0,0,0,491,3,0,0,0.0,0,TypeScript,2021-2023,1.0,0.0,0.0,0.0,0
16,3,0,0,1476,1476,144,0,0,0.0,0,TypeScript,2021-2023,1.0,1.0,0.0,0.0,0
16,3,0,0,8,2,2,0,3,4.33,0,TypeScript,2021-2023,1.0,2.67,0.0,1.44,0
16,3,0,0,186,0,1,0,0,0.0,0,TypeScript,2021-2023,1.0,186.0,0.0,0.0,0
16,3,0,0,897,795,9,0,1,1.0,0,TypeScript,2021-2023,1.0,1.13,0.0,0.1,0
16,3,0,0,316,198,7,0,2,1.0,0,TypeScript,2021-2023,1.0,1.59,0.0,0.12,0
17,3,0,0,53,53,2,0,0,0.0,0,TypeScript,2021-2023,1.0,0.98,0.0,0.0,0
18,3,0,0,103,37,4,0,1,1.0,0,TypeScript,2021-2023,1.0,2.71,0.0,0.2,0
23,3,0,1,82,38,14,0,50,1.16,0,TypeScript,2021-2023,1.0,2.1,0.0,0.08,0
23,3,0,1,191,197,37,0,0,0.0,0,TypeScript,2021-2023,1.0,0.96,0.0,0.0,0
0,4,0,1,72,72,8,0,0,0.0,0,TypeScript,2021-2023,1.0,0.99,0.0,0.0,0
8,4,0,0,52,3,6,0,9,5.11,0,TypeScript,2021-2023,1.0,13.0,0.0,0.73,0
8,4,0,0,306,306,47,0,0,0.0,0,TypeScript,2021-2023,1.0,1.0,0.0,0.0,0
9,4,0,0,669,471,45,0,61,3.18,0,TypeScript,2021-2023,1.0,1.42,0.0,0.07,12
10,4,0,0,2,2,1,0,2,1.0,0,TypeScript,2021-2023,1.0,0.67,0.0,0.5,0
12,4,0,0,1,0,1,0,1,2.0,0,TypeScript,2021-2023,1.0,1.0,0.0,1.0,0
12,4,0,0,45,45,16,0,0,0.0,0,TypeScript,2021-2023,1.0,0.98,0.0,0.0,0
15,4,0,0,349,0,1,0,0,0.0,0,TypeScript,2021-2023,1.0,349.0,0.0,0.0,0
0,5,1,1,86,86,8,0,0,0.0,0,TypeScript,2021-2023,1.0,0.99,0.0,0.0,0
2,5,1,1,6,6,2,0,0,0.0,0,TypeScript,2021-2023,1.0,0.86,0.0,0.0,0
10,5,1,0,582,520,43,0,42,6.6,0,TypeScript,2021-2023,1.0,1.12,0.0,0.15,12
18,5,1,0,7,7,2,0,0,0.0,0,TypeScript,2021-2023,1.0,0.88,0.0,0.0,0
18,0,0,0,3,3,1,0,0,0.0,0,TypeScript,2024-2026,1.0,0.75,0.0,0.0,0
23,0,0,1,6,6,2,0,0,0.0,0,TypeScript,2024-2026,1.0,0.86,0.0,0.0,0
15,1,0,0,6,6,2,0,0,0.0,0,TypeScript,2024-2026,1.0,0.86,0.0,0.0,0
17,1,0,0,14,6,2,0,0,0.0,0,TypeScript,2024-2026,1.0,2.0,0.0,0.0,0
23,1,0,1,46,46,2,0,0,0.0,0,TypeScript,2024-2026,1.0,0.98,0.0,0.0,0
1,2,0,1,753,1044,2,0,0,0.0,0,TypeScript,2024-2026,1.0,0.72,0.0,0.0,0
7,2,0,0,3,3,2,0,0,0.0,0,TypeScript,2024-2026,1.0,0.75,0.0,0.0,0
10,2,0,0,9,9,2,0,0,0.0,0,TypeScript,2024-2026,1.0,0.9,0.0,0.0,0
20,5,1,0,6,6,2,0,0,0.0,0,TypeScript,2024-2026,1.0,0.86,0.0,0.0,0
20,5,1,0,6,6,2,0,0,0.0,0,TypeScript,2024-2026,1.0,0.86,0.0,0.0,0
2,6,1,1,16,16,7,0,0,0.0,0,TypeScript,2024-2026,1.0,0.94,0.0,0.0,0
5,6,1,1,111,111,2,0,0,0.0,0,TypeScript,2024-2026,1.0,0.99,0.0,0.0,0
8,6,1,0,46,46,2,0,0,0.0,0,TypeScript,2024-2026,1.0,0.98,0.0,0.0,0
12,6,1,0,632,259,2,0,0,0.0,0,TypeScript,2024-2026,1.0,2.43,0.0,0.0,0
17,6,1,0,1,1,1,0,0,0.0,0,TypeScript,2024-2026,1.0,0.5,0.0,0.0,0
1,0,0,1,6,22,2,0,0,0.0,0,TypeScript,2024-2026,1.0,0.26,0.0,0.0,0
17,0,0,0,6,6,2,0,0,0.0,0,TypeScript,2024-2026,1.0,0.86,0.0,0.0,0
19,2,0,0,22,22,10,0,0,0.0,0,TypeScript,2024-2026,1.0,0.96,0.0,0.0,0
20,2,0,0,1,1,1,0,0,0.0,0,TypeScript,2024-2026,1.0,0.5,0.0,0.0,0
7,3,0,0,10,10,1,0,0,0.0,0,TypeScript,2024-2026,1.0,0.91,0.0,0.0,0
22,4,0,1,302,302,3,0,137,7.98,0,TypeScript,2024-2026,1.0,1.0,0.0,2.0,0
21,5,1,0,40,40,2,0,0,0.0,0,TypeScript,2024-2026,1.0,0.98,0.0,0.0,0
1,6,1,1,8,8,2,0,0,0.0,0,TypeScript,2024-2026,1.0,0.89,0.0,0.0,0
5,6,1,1,11,11,2,0,0,0.0,0,TypeScript,2024-2026,1.0,0.92,0.0,0.0,0
14,6,1,0,306,678,2,0,0,0.0,0,TypeScript,2024-2026,1.0,0.45,0.0,0.0,0
16,6,1,0,6,6,2,0,0,0.0,0,TypeScript,2024-2026,1.0,0.86,0.0,0.0,0
22,6,1,1,8,8,2,0,0,0.0,0,TypeScript,2024-2026,1.0,0.89,0.0,0.0,0
1,0,0,1,111,111,2,0,0,0.0,0,TypeScript,2024-2026,1.0,0.99,0.0,0.0,0
10,0,0,0,13,13,2,0,0,0.0,0,TypeScript,2024-2026,1.0,0.93,0.0,0.0,0
1,1,0,1,6,6,2,0,0,0.0,0,TypeScript,2024-2026,1.0,0.86,0.0,0.0,0
20,1,0,0,11,11,2,0,0,0.0,0,TypeScript,2024-2026,1.0,0.92,0.0,0.0,0
21,1,0,0,454,115,6,1,3,1.33,0,TypeScript,2024-2026,1.0,3.91,0.14,0.19,0
1,2,0,1,6,6,2,0,0,0.0,0,TypeScript,2024-2026,1.0,0.86,0.0,0.0,0
22,2,0,1,6,6,2,0,0,0.0,0,TypeScript,2024-2026,1.0,0.86,0.0,0.0,0
3,3,0,1,16,16,2,0,0,0.0,0,TypeScript,2024-2026,1.0,0.94,0.0,0.0,0
8,3,0,0,7,7,2,0,0,0.0,0,TypeScript,2024-2026,1.0,0.88,0.0,0.0,0
13,4,0,0,7,7,2,0,0,0.0,0,TypeScript,2024-2026,1.0,0.88,0.0,0.0,0
18,4,0,0,8,8,2,0,0,0.0,0,TypeScript,2024-2026,1.0,0.89,0.0,0.0,0
0,5,1,1,6,6,2,0,0,0.0,0,TypeScript,2024-2026,1.0,0.86,0.0,0.0,0
1,5,1,1,6,6,2,0,0,0.0,0,TypeScript,2024-2026,1.0,0.86,0.0,0.0,0
6,5,1,0,6,6,2,0,0,0.0,0,TypeScript,2024-2026,1.0,0.86,0.0,0.0,0
13,5,1,0,6,6,2,0,0,0.0,0,TypeScript,2024-2026,1.0,0.86,0.0,0.0,0
17,5,1,0,6,6,2,0,0,0.0,0,TypeScript,2024-2026,1.0,0.86,0.0,0.0,0
12,6,1,0,746,375,2,0,0,0.0,0,TypeScript,2024-2026,1.0,1.98,0.0,0.0,0
9,0,0,0,8,8,2,0,0,0.0,0,TypeScript,2024-2026,1.0,0.89,0.0,0.0,0
2,1,0,1,1,1,1,0,0,0.0,0,TypeScript,2024-2026,1.0,0.5,0.0,0.0,0
9,1,0,0,12,12,2,0,0,0.0,0,TypeScript,2024-2026,1.0,0.92,0.0,0.0,0
0,2,0,1,6,6,2,0,0,0.0,0,TypeScript,2024-2026,1.0,0.86,0.0,0.0,0
2,2,0,1,46,46,2,0,0,0.0,0,TypeScript,2024-2026,1.0,0.98,0.0,0.0,0
5,2,0,1,82,103,2,0,0,0.0,0,TypeScript,2024-2026,1.0,0.79,0.0,0.0,0
21,2,0,0,8,8,2,0,0,0.0,0,TypeScript,2024-2026,1.0,0.89,0.0,0.0,0
2,3,0,1,6,6,2,0,0,0.0,0,TypeScript,2024-2026,1.0,0.86,0.0,0.0,0
19,3,0,0,13,13,3,0,0,0.0,0,TypeScript,2024-2026,1.0,0.93,0.0,0.0,0
21,3,0,0,6,6,2,0,0,0.0,0,TypeScript,2024-2026,1.0,0.86,0.0,0.0,0
6,4,0,0,32,29,3,0,1,5.0,0,TypeScript,2024-2026,1.0,1.07,0.0,1.25,0
7,4,0,0,8,7,3,0,0,0.0,0,TypeScript,2024-2026,1.0,1.0,0.0,0.0,0
11,4,0,0,10,10,4,0,0,0.0,0,TypeScript,2024-2026,1.0,0.91,0.0,0.0,0
11,4,0,0,6,6,2,0,0,0.0,0,TypeScript,2024-2026,1.0,0.86,0.0,0.0,0
13,4,0,0,4,4,1,0,0,0.0,0,TypeScript,2024-2026,1.0,0.8,0.0,0.0,0
18,4,0,0,46,46,2,0,0,0.0,0,TypeScript,2024-2026,1.0,0.98,0.0,0.0,0
8,6,1,0,425,782,2,0,0,0.0,0,TypeScript,2024-2026,1.0,0.54,0.0,0.0,0
10,6,1,0,8,8,2,0,0,0.0,0,TypeScript,2024-2026,1.0,0.89,0.0,0.0,0
13,6,1,0,6,6,2,0,0,0.0,0,TypeScript,2024-2026,1.0,0.86,0.0,0.0,0
22,2,0,1,1,1,1,0,0,0.0,0,TypeScript,2024-2026,1.0,0.5,0.0,0.0,0
3,3,0,1,12,12,2,0,0,0.0,0,TypeScript,2024-2026,1.0,0.92,0.0,0.0,0
5,3,0,1,3,3,1,0,0,0.0,0,TypeScript,2024-2026,1.0,0.75,0.0,0.0,0
10,3,0,0,111,111,2,0,0,0.0,0,TypeScript,2024-2026,1.0,0.99,0.0,0.0,0
13,3,0,0,11,11,1,0,0,0.0,0,TypeScript,2024-2026,1.0,0.92,0.0,0.0,0
3,4,0,1,193,193,3,0,113,5.67,0,TypeScript,2024-2026,1.0,0.99,0.0,1.42,0
18,5,1,0,6,6,2,0,0,0.0,0,TypeScript,2024-2026,1.0,0.86,0.0,0.0,0
9,6,1,0,192,192,2,0,0,0.0,0,TypeScript,2024-2026,1.0,0.99,0.0,0.0,0
10,1,0,0,6,6,2,0,0,0.0,0,TypeScript,2024-2026,1.0,0.86,0.0,0.0,0
21,2,0,0,22,21,2,0,0,0.0,0,TypeScript,2024-2026,1.0,1.0,0.0,0.0,0
21,2,0,0,6,6,2,0,0,0.0,0,TypeScript,2024-2026,1.0,0.86,0.0,0.0,0
2,3,0,1,111,111,2,0,0,0.0,0,TypeScript,2024-2026,1.0,0.99,0.0,0.0,0
5,3,0,1,680,680,2,0,0,0.0,0,TypeScript,2024-2026,1.0,1.0,0.0,0.0,0
16,3,0,0,6,6,2,0,0,0.0,0,TypeScript,2024-2026,1.0,0.86,0.0,0.0,0
2,4,0,1,6,6,2,0,0,0.0,0,TypeScript,2024-2026,1.0,0.86,0.0,0.0,0
10,4,0,0,6,6,2,0,0,0.0,0,TypeScript,2024-2026,1.0,0.86,0.0,0.0,0
14,0,0,0,669,669,2,0,0,0.0,0,TypeScript,2024-2026,1.0,1.0,0.0,0.0,0
15,0,0,0,10,10,1,0,0,0.0,0,TypeScript,2024-2026,1.0,0.91,0.0,0.0,0
9,6,1,0,256,245,2,0,0,0.0,0,TypeScript,2024-2026,1.0,1.04,0.0,0.0,0
8,2,0,0,6,6,2,0,0,0.0,0,TypeScript,2024-2026,1.0,0.86,0.0,0.0,0
7,3,0,0,6,6,2,0,0,0.0,0,TypeScript,2024-2026,1.0,0.86,0.0,0.0,0
20,0,0,0,119,0,1,0,6,1.5,0,TypeScript,2024-2026,1.0,119.0,0.0,0.75,0
20,0,0,0,2,50,3,0,2,2.0,0,TypeScript,2024-2026,1.0,0.04,0.0,0.5,0
12,1,0,0,1633,1632,316,0,5,2.2,0,TypeScript,2024-2026,1.0,1.0,0.0,0.01,0
13,1,0,0,380,370,177,0,0,0.0,0,TypeScript,2024-2026,1.0,1.02,0.0,0.0,0
16,1,0,0,4,4,1,0,0,0.0,0,TypeScript,2024-2026,1.0,0.8,0.0,0.0,0
17,2,0,0,13,13,15,0,5,3.4,0,TypeScript,2024-2026,1.0,0.93,0.0,0.21,0
22,3,0,1,250,250,2,0,0,0.0,0,TypeScript,2024-2026,1.0,1.0,0.0,0.0,0
2,4,0,1,6,6,2,0,0,0.0,0,TypeScript,2024-2026,1.0,0.86,0.0,0.0,0
11,4,0,0,89,62,6,1,11,2.36,0,TypeScript,2024-2026,1.0,1.41,0.14,0.34,0
12,4,0,0,13,12,6,0,0,0.0,0,TypeScript,2024-2026,1.0,1.0,0.0,0.0,0
15,4,0,0,0,9,1,0,1,1.0,0,TypeScript,2024-2026,1.0,0.0,0.0,0.5,0
19,4,0,0,3,3,1,0,0,0.0,0,TypeScript,2024-2026,1.0,0.75,0.0,0.0,0
19,4,0,0,29,29,1,0,0,0.0,0,TypeScript,2024-2026,1.0,0.97,0.0,0.0,0
19,0,0,0,255,0,1,0,0,0.0,0,TypeScript,2024-2026,1.0,255.0,0.0,0.0,0
1,1,0,1,10,10,4,0,0,0.0,0,TypeScript,2024-2026,1.0,0.91,0.0,0.0,0
5,1,0,1,6,6,2,0,0,0.0,0,TypeScript,2024-2026,1.0,0.86,0.0,0.0,0
9,1,0,0,205,205,2,0,0,0.0,0,TypeScript,2024-2026,1.0,1.0,0.0,0.0,0
10,1,0,0,1,1,1,0,0,0.0,0,TypeScript,2024-2026,1.0,0.5,0.0,0.0,0
14,1,0,0,51,4,4,0,3,1.33,0,TypeScript,2024-2026,1.0,10.2,0.0,0.27,0
15,1,0,0,60,0,1,0,0,0.0,0,TypeScript,2024-2026,1.0,60.0,0.0,0.0,0
15,1,0,0,1,1,2,0,0,0.0,0,TypeScript,2024-2026,1.0,0.5,0.0,0.0,0
17,1,0,0,11,10,6,0,0,0.0,0,TypeScript,2024-2026,1.0,1.0,0.0,0.0,0
18,1,0,0,221,21,3,1,7,3.86,0,TypeScript,2024-2026,1.0,10.05,0.25,0.96,0
18,1,0,0,0,119,1,0,0,0.0,0,TypeScript,2024-2026,1.0,0.0,0.0,0.0,0
18,1,0,0,126,125,63,0,0,0.0,0,TypeScript,2024-2026,1.0,1.0,0.0,0.0,0
11,2,0,0,5918,301,146,100,177,2.75,0,TypeScript,2024-2026,1.0,19.6,0.68,0.02,0
14,2,0,0,6,6,2,0,0,0.0,0,TypeScript,2024-2026,1.0,0.86,0.0,0.0,0
15,2,0,0,4,4,1,0,0,0.0,0,TypeScript,2024-2026,1.0,0.8,0.0,0.0,0
8,3,0,0,57,340,8,0,12,3.42,0,TypeScript,2024-2026,1.0,0.17,0.0,0.38,0
10,3,0,0,3,3,1,0,0,0.0,0,TypeScript,2024-2026,1.0,0.75,0.0,0.0,0
12,3,0,0,1,1,1,0,0,0.0,0,TypeScript,2024-2026,1.0,0.5,0.0,0.0,0
12,3,0,0,63,168,10,0,1,2.0,0,TypeScript,2024-2026,1.0,0.37,0.0,0.18,0
16,3,0,0,119,94,1,0,0,0.0,0,TypeScript,2024-2026,1.0,1.25,0.0,0.0,0
18,3,0,0,36,36,1,0,0,0.0,0,TypeScript,2024-2026,1.0,0.97,0.0,0.0,0
20,3,0,0,6,6,2,0,0,0.0,0,TypeScript,2024-2026,1.0,0.86,0.0,0.0,0
6,4,0,0,11,11,1,0,0,0.0,0,TypeScript,2024-2026,1.0,0.92,0.0,0.0,0
6,4,0,0,16,23,2,0,0,0.0,0,TypeScript,2024-2026,1.0,0.67,0.0,0.0,0
11,4,0,0,304,269,55,0,0,0.0,0,TypeScript,2024-2026,1.0,1.13,0.0,0.0,0
13,4,0,0,9,1,2,0,0,0.0,0,TypeScript,2024-2026,1.0,4.5,0.0,0.0,0
11,5,1,0,2,2,2,1,2,16.0,0,TypeScript,2024-2026,1.0,0.67,0.33,5.33,0
13,6,1,0,680,680,2,0,0,0.0,0,TypeScript,2024-2026,1.0,1.0,0.0,0.0,0
5,0,0,1,6,6,2,0,0,0.0,0,TypeScript,2024-2026,1.0,0.86,0.0,0.0,0
11,0,0,0,4,4,2,0,1,13.0,0,TypeScript,2024-2026,1.0,0.8,0.0,4.33,0
11,0,0,0,1,1,1,0,2,3.5,0,TypeScript,2024-2026,1.0,0.5,0.0,1.75,0
12,0,0,0,17,51,6,0,0,0.0,0,TypeScript,2024-2026,1.0,0.33,0.0,0.0,0
16,0,0,0,2,2,2,0,0,0.0,0,TypeScript,2024-2026,1.0,0.67,0.0,0.0,0
16,0,0,0,52,8,2,0,5,1.8,0,TypeScript,2024-2026,1.0,5.78,0.0,0.6,0
16,0,0,0,421,161,44,2,13,1.0,0,TypeScript,2024-2026,1.0,2.6,0.04,0.02,0
19,0,0,0,185,144,49,0,0,0.0,0,TypeScript,2024-2026,1.0,1.28,0.0,0.0,0
8,1,0,0,6,6,2,0,0,0.0,0,TypeScript,2024-2026,1.0,0.86,0.0,0.0,0
16,1,0,0,143,87,16,0,8,2.88,0,TypeScript,2024-2026,1.0,1.62,0.0,0.17,0
20,1,0,0,1597,844,788,2,1,5.0,0,TypeScript,2024-2026,1.0,1.89,0.0,0.01,0
9,2,0,0,9,4,4,0,4,3.25,0,TypeScript,2024-2026,1.0,1.8,0.0,0.65,0
10,2,0,0,107,7,2,0,0,0.0,0,TypeScript,2024-2026,1.0,13.38,0.0,0.0,0
11,2,0,0,1519,12,787,2,3,4.33,0,TypeScript,2024-2026,1.0,116.85,0.0,0.01,0
12,2,0,0,3,3,3,0,3,1.67,0,TypeScript,2024-2026,1.0,0.75,0.0,0.42,0
1,3,0,1,6,6,2,0,0,0.0,0,TypeScript,2024-2026,1.0,0.86,0.0,0.0,0
12,3,0,0,195,186,72,0,1,7.0,0,TypeScript,2024-2026,1.0,1.04,0.0,0.1,0
12,3,0,0,34,34,29,0,0,0.0,0,TypeScript,2024-2026,1.0,0.97,0.0,0.0,0
15,3,0,0,1,1,1,0,0,0.0,0,TypeScript,2024-2026,1.0,0.5,0.0,0.0,0
15,4,0,0,4,0,1,0,0,0.0,0,TypeScript,2024-2026,1.0,4.0,0.0,0.0,0
18,4,0,0,2318,1036,7,2,98,3.98,0,TypeScript,2024-2026,1.0,2.24,0.25,0.5,0
8,5,1,0,12,12,2,0,0,0.0,0,TypeScript,2024-2026,1.0,0.92,0.0,0.0,0
8,5,1,0,6,6,2,0,0,0.0,0,TypeScript,2024-2026,1.0,0.86,0.0,0.0,0
12,5,1,0,6,6,2,0,0,0.0,0,TypeScript,2024-2026,1.0,0.86,0.0,0.0,0
17,5,1,0,25,25,13,0,0,0.0,0,TypeScript,2024-2026,1.0,0.96,0.0,0.0,0
20,5,1,0,7,7,2,0,0,0.0,0,TypeScript,2024-2026,1.0,0.88,0.0,0.0,0
9,0,0,0,1469,310,20,0,49,2.8,0,TypeScript,2024-2026,1.0,4.72,0.0,0.13,0
11,0,0,0,1,1,1,0,0,0.0,0,TypeScript,2024-2026,1.0,0.5,0.0,0.0,0
19,0,0,0,21,18,10,0,4,3.25,0,TypeScript,2024-2026,1.0,1.11,0.0,0.3,0
11,1,0,0,6,6,2,0,0,0.0,0,TypeScript,2024-2026,1.0,0.86,0.0,0.0,0
11,1,0,0,19,19,2,0,0,0.0,0,TypeScript,2024-2026,1.0,0.95,0.0,0.0,0
13,1,0,0,10,0,1,0,0,0.0,0,TypeScript,2024-2026,1.0,10.0,0.0,0.0,0
14,1,0,0,12,11,4,0,1,1.0,0,TypeScript,2024-2026,1.0,1.0,0.0,0.2,0
15,1,0,0,130,0,1,0,0,0.0,0,TypeScript,2024-2026,1.0,130.0,0.0,0.0,0
15,1,0,0,24,0,12,0,0,0.0,0,TypeScript,2024-2026,1.0,24.0,0.0,0.0,0
15,1,0,0,1,0,1,0,0,0.0,0,TypeScript,2024-2026,1.0,1.0,0.0,0.0,0
15,1,0,0,594,131,2,0,0,0.0,0,TypeScript,2024-2026,1.0,4.5,0.0,0.0,0
16,1,0,0,1,12,1,0,0,0.0,0,TypeScript,2024-2026,1.0,0.08,0.0,0.0,0
17,1,0,0,1,2,2,0,1,1.0,0,TypeScript,2024-2026,1.0,0.33,0.0,0.33,0
18,1,0,0,6,6,2,0,0,0.0,0,TypeScript,2024-2026,1.0,0.86,0.0,0.0,0
20,1,0,0,1,1,1,0,0,0.0,0,TypeScript,2024-2026,1.0,0.5,0.0,0.0,0
11,2,0,0,2,1,1,0,0,0.0,0,TypeScript,2024-2026,1.0,1.0,0.0,0.0,0
18,0,0,0,21,31,3,0,0,0.0,0,TypeScript,2024-2026,1.0,0.66,0.0,0.0,0
8,1,0,0,10,20,5,0,0,0.0,0,TypeScript,2024-2026,1.0,0.48,0.0,0.0,0
15,1,0,0,24,71,5,0,7,2.71,0,TypeScript,2024-2026,1.0,0.33,0.0,0.45,0
15,1,0,0,3,0,1,0,0,0.0,0,TypeScript,2024-2026,1.0,3.0,0.0,0.0,0
13,2,0,0,126,14,28,0,0,0.0,0,TypeScript,2024-2026,1.0,8.4,0.0,0.0,0
17,2,0,0,1,1,1,0,0,0.0,0,TypeScript,2024-2026,1.0,0.5,0.0,0.0,0
21,2,0,0,6,6,2,0,0,0.0,0,TypeScript,2024-2026,1.0,0.86,0.0,0.0,0
1,3,0,1,6,6,2,0,0,0.0,0,TypeScript,2024-2026,1.0,0.86,0.0,0.0,0
4,3,0,1,300,750,2,0,0,0.0,0,TypeScript,2024-2026,1.0,0.4,0.0,0.0,0
11,3,0,0,19,19,15,0,2,2.0,0,TypeScript,2024-2026,1.0,0.95,0.0,0.12,0
11,3,0,0,2,2,2,0,0,0.0,0,TypeScript,2024-2026,1.0,0.67,0.0,0.0,0
12,3,0,0,35,35,17,0,0,0.0,0,TypeScript,2024-2026,1.0,0.97,0.0,0.0,0
12,3,0,0,15,15,2,0,1,7.0,0,TypeScript,2024-2026,1.0,0.94,0.0,2.33,0
13,3,0,0,26,2068,32,0,60,2.75,0,TypeScript,2024-2026,1.0,0.01,0.0,0.08,0
16,3,0,0,792,737,185,0,0,0.0,0,TypeScript,2024-2026,1.0,1.07,0.0,0.0,0
10,4,0,0,13,7,6,0,0,0.0,0,TypeScript,2024-2026,1.0,1.62,0.0,0.0,0
10,4,0,0,8,8,4,0,0,0.0,0,TypeScript,2024-2026,1.0,0.89,0.0,0.0,0
11,0,0,0,348,497,4,0,0,0.0,0,TypeScript,2024-2026,1.0,0.7,0.0,0.0,0
11,0,0,0,2,1,2,0,2,1.0,0,TypeScript,2024-2026,1.0,1.0,0.0,0.33,0
17,0,0,0,357,0,2,0,0,0.0,0,TypeScript,2024-2026,1.0,357.0,0.0,0.0,0
13,1,0,0,111,111,2,0,0,0.0,0,TypeScript,2024-2026,1.0,0.99,0.0,0.0,0
14,1,0,0,6,6,2,0,0,0.0,0,TypeScript,2024-2026,1.0,0.86,0.0,0.0,0
14,1,0,0,0,0,1,0,0,0.0,0,TypeScript,2024-2026,1.0,0.0,0.0,0.0,0
16,1,0,0,1099,1057,160,0,0,0.0,0,TypeScript,2024-2026,1.0,1.04,0.0,0.0,0
17,1,0,0,1,1,1,0,0,0.0,0,TypeScript,2024-2026,1.0,0.5,0.0,0.0,0
17,1,0,0,6,6,2,0,0,0.0,0,TypeScript,2024-2026,1.0,0.86,0.0,0.0,0
18,1,0,0,3,1,1,0,0,0.0,0,TypeScript,2024-2026,1.0,1.5,0.0,0.0,0
18,1,0,0,157,1151,3,0,0,0.0,0,TypeScript,2024-2026,1.0,0.14,0.0,0.0,0
18,1,0,0,1,1,1,0,0,0.0,0,TypeScript,2024-2026,1.0,0.5,0.0,0.0,0
12,2,0,0,2,2,2,0,0,0.0,0,TypeScript,2024-2026,1.0,0.67,0.0,0.0,0
16,2,0,0,4,0,1,0,0,0.0,0,TypeScript,2024-2026,1.0,4.0,0.0,0.0,0
17,3,0,0,287,0,1,0,0,0.0,0,TypeScript,2024-2026,1.0,287.0,0.0,0.0,0
17,3,0,0,1,1,1,0,0,0.0,0,TypeScript,2024-2026,1.0,0.5,0.0,0.0,0
12,4,0,0,287,0,1,0,0,0.0,0,TypeScript,2024-2026,1.0,287.0,0.0,0.0,0
14,4,0,0,31,31,19,0,0,0.0,0,TypeScript,2024-2026,1.0,0.97,0.0,0.0,0
9,6,1,0,230,243,2,0,0,0.0,0,TypeScript,2024-2026,1.0,0.94,0.0,0.0,0
9,6,1,0,8,8,5,0,0,0.0,0,TypeScript,2024-2026,1.0,0.89,0.0,0.0,0
14,6,1,0,1,1,1,0,0,0.0,0,TypeScript,2024-2026,1.0,0.5,0.0,0.0,0
16,6,1,0,14,14,2,0,0,0.0,0,TypeScript,2024-2026,1.0,0.93,0.0,0.0,0
14,0,0,0,74,1,4,0,1,17.0,0,TypeScript,2024-2026,1.0,37.0,0.0,3.4,0
15,0,0,0,299,1,2,0,0,0.0,0,TypeScript,2024-2026,1.0,149.5,0.0,0.0,0
15,0,0,0,3,3,3,0,0,0.0,0,TypeScript,2024-2026,1.0,0.75,0.0,0.0,0
17,0,0,0,3,1,2,0,0,0.0,0,TypeScript,2024-2026,1.0,1.5,0.0,0.0,0
17,0,0,0,1,1,1,0,0,0.0,0,TypeScript,2024-2026,1.0,0.5,0.0,0.0,0
13,1,0,0,280,223,76,0,0,0.0,0,TypeScript,2024-2026,1.0,1.25,0.0,0.0,0
13,1,0,0,11,0,1,0,0,0.0,0,TypeScript,2024-2026,1.0,11.0,0.0,0.0,0
17,1,0,0,18,18,8,0,0,0.0,0,TypeScript,2024-2026,1.0,0.95,0.0,0.0,0
19,1,0,0,0,18,1,0,0,0.0,0,TypeScript,2024-2026,1.0,0.0,0.0,0.0,0
16,2,0,0,3,625,4,0,0,0.0,0,TypeScript,2024-2026,1.0,0.0,0.0,0.0,0
17,2,0,0,4,0,1,0,0,0.0,0,TypeScript,2024-2026,1.0,4.0,0.0,0.0,0
18,2,0,0,4849,4919,9,0,0,0.0,0,TypeScript,2024-2026,1.0,0.99,0.0,0.0,0
18,2,0,0,203,1,2,0,0,0.0,0,TypeScript,2024-2026,1.0,101.5,0.0,0.0,0
12,3,0,0,2,2,1,0,0,0.0,0,TypeScript,2024-2026,1.0,0.67,0.0,0.0,0
18,3,0,0,16,16,15,0,0,0.0,0,TypeScript,2024-2026,1.0,0.94,0.0,0.0,0
18,3,0,0,1,1,1,0,0,0.0,0,TypeScript,2024-2026,1.0,0.5,0.0,0.0,0
19,3,0,0,5,5,5,0,0,0.0,0,TypeScript,2024-2026,1.0,0.83,0.0,0.0,0
12,4,0,0,6282,1859,341,1,168,3.21,0,TypeScript,2024-2026,1.0,3.38,0.0,0.01,0
13,4,0,0,46,46,38,0,0,0.0,0,TypeScript,2024-2026,1.0,0.98,0.0,0.0,0
13,4,0,0,126,4,3,1,5,2.4,0,TypeScript,2024-2026,1.0,25.2,0.25,0.6,0
14,4,0,0,16,24,2,0,0,0.0,0,TypeScript,2024-2026,1.0,0.64,0.0,0.0,0
15,4,0,0,236,0,1,0,0,0.0,0,TypeScript,2024-2026,1.0,236.0,0.0,0.0,0
16,4,0,0,0,2,1,0,0,0.0,0,TypeScript,2024-2026,1.0,0.0,0.0,0.0,0
16,4,0,0,1,1,1,0,0,0.0,0,TypeScript,2024-2026,1.0,0.5,0.0,0.0,0
21,4,0,0,1,0,1,0,0,0.0,0,TypeScript,2024-2026,1.0,1.0,0.0,0.0,0
12,0,0,0,3,1,1,0,1,1.0,0,TypeScript,2024-2026,1.0,1.5,0.0,0.5,0
15,0,0,0,150,189,12,0,20,3.55,0,TypeScript,2024-2026,1.0,0.79,0.0,0.27,0
17,0,0,0,6,6,6,0,0,0.0,0,TypeScript,2024-2026,1.0,0.86,0.0,0.0,0
10,1,0,0,1,1,1,0,0,0.0,0,TypeScript,2024-2026,1.0,0.5,0.0,0.0,0
12,1,0,0,0,1374,114,0,0,0.0,0,TypeScript,2024-2026,1.0,0.0,0.0,0.0,0
13,1,0,0,27,9,5,0,8,4.0,0,TypeScript,2024-2026,1.0,2.7,0.0,0.67,0
13,1,0,0,126,22,4,0,14,2.71,0,TypeScript,2024-2026,1.0,5.48,0.0,0.54,0
14,1,0,0,160,97,3,0,0,0.0,0,TypeScript,2024-2026,1.0,1.63,0.0,0.0,0
14,1,0,0,3,3,1,0,1,3.0,0,TypeScript,2024-2026,1.0,0.75,0.0,1.5,0
10,2,0,0,6,2,2,0,0,0.0,0,TypeScript,2024-2026,1.0,2.0,0.0,0.0,0
12,3,0,0,187,7,4,0,7,2.86,0,TypeScript,2024-2026,1.0,23.38,0.0,0.57,0
19,3,0,0,179,0,1,0,0,0.0,0,TypeScript,2024-2026,1.0,179.0,0.0,0.0,0
4,4,0,1,5965,10,38,0,206,3.36,0,TypeScript,2024-2026,1.0,542.27,0.0,0.09,0
9,4,0,0,68,408,3,1,1,13.0,0,TypeScript,2024-2026,1.0,0.17,0.25,3.25,0
12,4,0,0,3,3,1,0,0,0.0,0,TypeScript,2024-2026,1.0,0.75,0.0,0.0,0
14,4,0,0,75,2,2,0,6,2.0,0,TypeScript,2024-2026,1.0,25.0,0.0,0.67,0
14,4,0,0,15,26,1,0,2,1.5,0,TypeScript,2024-2026,1.0,0.56,0.0,0.75,0
15,4,0,0,21,20,8,0,0,0.0,0,TypeScript,2024-2026,1.0,1.0,0.0,0.0,0
16,4,0,0,133,0,1,0,0,0.0,0,TypeScript,2024-2026,1.0,133.0,0.0,0.0,0
20,4,0,0,5,37,1,0,0,0.0,0,TypeScript,2024-2026,1.0,0.13,0.0,0.0,0
15,5,1,0,1,0,1,0,0,0.0,0,TypeScript,2024-2026,1.0,1.0,0.0,0.0,0
16,5,1,0,1,1,1,0,0,0.0,0,TypeScript,2024-2026,1.0,0.5,0.0,0.0,0
21,5,1,0,7,5,1,0,0,0.0,0,TypeScript,2024-2026,1.0,1.17,0.0,0.0,0
21,5,1,0,39,4,8,0,6,5.83,0,TypeScript,2024-2026,1.0,7.8,0.0,0.65,0
0,6,1,1,56,56,51,0,0,0.0,0,TypeScript,2024-2026,1.0,0.98,0.0,0.0,0
0,6,1,1,64,40,2,0,0,0.0,0,TypeScript,2024-2026,1.0,1.56,0.0,0.0,0
2,6,1,1,56,56,51,0,0,0.0,0,TypeScript,2024-2026,1.0,0.98,0.0,0.0,0
2,6,1,1,1,12,2,0,0,0.0,0,TypeScript,2024-2026,1.0,0.08,0.0,0.0,0
7,6,1,0,489,0,24,0,2,62.0,0,TypeScript,2024-2026,1.0,489.0,0.0,2.48,0
18,6,1,0,1,1,1,0,0,0.0,0,TypeScript,2024-2026,1.0,0.5,0.0,0.0,0
21,6,1,0,19,22,3,0,0,0.0,0,TypeScript,2024-2026,1.0,0.83,0.0,0.0,0
5,0,0,1,64,64,59,0,0,0.0,0,TypeScript,2024-2026,1.0,0.98,0.0,0.0,0
5,0,0,1,12,32,2,0,0,0.0,0,TypeScript,2024-2026,1.0,0.36,0.0,0.0,0
11,0,0,0,1,1,1,0,0,0.0,0,TypeScript,2024-2026,1.0,0.5,0.0,0.0,0
11,0,0,0,1,1,1,0,0,0.0,0,TypeScript,2024-2026,1.0,0.5,0.0,0.0,0
11,0,0,0,64,64,59,0,0,0.0,0,TypeScript,2024-2026,1.0,0.98,0.0,0.0,0
11,0,0,0,1,22,2,0,0,0.0,0,TypeScript,2024-2026,1.0,0.04,0.0,0.0,0
11,0,0,0,47,46,10,0,0,0.0,0,TypeScript,2024-2026,1.0,1.0,0.0,0.0,0
11,0,0,0,1,2,1,0,0,0.0,0,TypeScript,2024-2026,1.0,0.33,0.0,0.0,0
11,0,0,0,3,3,3,0,0,0.0,0,TypeScript,2024-2026,1.0,0.75,0.0,0.0,0
11,0,0,0,1,1,1,0,0,0.0,0,TypeScript,2024-2026,1.0,0.5,0.0,0.0,0
14,0,0,0,33,40,23,0,0,0.0,0,TypeScript,2024-2026,1.0,0.8,0.0,0.0,0
15,0,0,0,99,13,4,0,17,2.41,0,TypeScript,2024-2026,1.0,7.07,0.0,0.48,0
16,0,0,0,0,24,1,0,1,2.0,0,TypeScript,2024-2026,1.0,0.0,0.0,1.0,0
17,0,0,0,194,0,1,0,0,0.0,0,TypeScript,2024-2026,1.0,194.0,0.0,0.0,0
17,0,0,0,2912,491,14,0,92,8.2,0,TypeScript,2024-2026,1.0,5.92,0.0,0.55,0
23,0,0,1,538,521,15,0,58,200.03,0,TypeScript,2024-2026,1.0,1.03,0.0,12.5,0
4,1,0,1,129,2,8,0,11,2.82,0,TypeScript,2024-2026,1.0,43.0,0.0,0.31,0
4,1,0,1,32,7,2,0,0,0.0,0,TypeScript,2024-2026,1.0,4.0,0.0,0.0,0
7,1,0,0,248,13,5,1,7,5.43,0,TypeScript,2024-2026,1.0,17.71,0.17,0.9,0
7,1,0,0,10,10,4,0,0,0.0,0,TypeScript,2024-2026,1.0,0.91,0.0,0.0,0
8,1,0,0,98,68,5,0,9,4.0,0,TypeScript,2024-2026,1.0,1.42,0.0,0.67,0
8,1,0,0,65,6,2,0,2,3.0,0,TypeScript,2024-2026,1.0,9.29,0.0,1.0,0
9,1,0,0,1057,206,14,0,68,7.72,0,TypeScript,2024-2026,1.0,5.11,0.0,0.51,0
10,1,0,0,6,6,2,0,0,0.0,0,TypeScript,2024-2026,1.0,0.86,0.0,0.0,0
11,1,0,0,15,15,1,0,0,0.0,0,TypeScript,2024-2026,1.0,0.94,0.0,0.0,0
11,1,0,0,1,1,1,0,0,0.0,0,TypeScript,2024-2026,1.0,0.5,0.0,0.0,0
11,1,0,0,1,0,1,0,0,0.0,0,TypeScript,2024-2026,1.0,1.0,0.0,0.0,0
13,1,0,0,20,3,2,0,0,0.0,0,TypeScript,2024-2026,1.0,5.0,0.0,0.0,0
13,1,0,0,1783,211,14,0,50,12.48,0,TypeScript,2024-2026,1.0,8.41,0.0,0.83,0
15,1,0,0,801,290,6,0,29,9.14,0,TypeScript,2024-2026,1.0,2.75,0.0,1.31,0
15,1,0,0,1,2,1,0,1,11.0,0,TypeScript,2024-2026,1.0,0.33,0.0,5.5,0
17,1,0,0,1163,443,14,0,23,3.78,0,TypeScript,2024-2026,1.0,2.62,0.0,0.25,0
17,1,0,0,752,798,2,0,0,0.0,0,TypeScript,2024-2026,1.0,0.94,0.0,0.0,0
21,1,0,0,6,6,2,0,0,0.0,0,TypeScript,2024-2026,1.0,0.86,0.0,0.0,0
21,1,0,0,6,0,1,0,0,0.0,0,TypeScript,2024-2026,1.0,6.0,0.0,0.0,0
2,2,0,1,24,34,2,0,0,0.0,0,TypeScript,2024-2026,1.0,0.69,0.0,0.0,0
5,2,0,1,11,11,1,0,0,0.0,0,TypeScript,2024-2026,1.0,0.92,0.0,0.0,0
10,2,0,0,4,1,2,0,0,0.0,0,TypeScript,2024-2026,1.0,2.0,0.0,0.0,0
14,2,0,0,0,102,1,0,0,0.0,0,TypeScript,2024-2026,1.0,0.0,0.0,0.0,0
15,2,0,0,119,10,10,1,13,3.23,0,TypeScript,2024-2026,1.0,10.82,0.09,0.29,0
15,2,0,0,65266,0,968,0,76,2.36,0,TypeScript,2024-2026,1.0,65266.0,0.0,0.0,0
16,2,0,0,359,364,17,6,28,2.71,0,TypeScript,2024-2026,1.0,0.98,0.33,0.15,0
18,2,0,0,20,45,2,0,0,0.0,0,TypeScript,2024-2026,1.0,0.43,0.0,0.0,0
21,2,0,0,37,11,2,0,0,0.0,0,TypeScript,2024-2026,1.0,3.08,0.0,0.0,0
1,3,0,1,8,6,2,0,0,0.0,0,TypeScript,2024-2026,1.0,1.14,0.0,0.0,0
10,3,0,0,20,5,5,0,1,2.0,0,TypeScript,2024-2026,1.0,3.33,0.0,0.33,0
11,3,0,0,63,0,1,0,0,0.0,0,TypeScript,2024-2026,1.0,63.0,0.0,0.0,0
11,3,0,0,0,4,1,0,0,0.0,0,TypeScript,2024-2026,1.0,0.0,0.0,0.0,0
12,3,0,0,134,0,1,0,0,0.0,0,TypeScript,2024-2026,1.0,134.0,0.0,0.0,0
12,3,0,0,0,2,1,0,0,0.0,0,TypeScript,2024-2026,1.0,0.0,0.0,0.0,0
12,3,0,0,1,1,1,0,0,0.0,0,TypeScript,2024-2026,1.0,0.5,0.0,0.0,0
13,3,0,0,4,4,4,0,0,0.0,0,TypeScript,2024-2026,1.0,0.8,0.0,0.0,0
14,3,0,0,4,4,3,0,0,0.0,0,TypeScript,2024-2026,1.0,0.8,0.0,0.0,0
14,3,0,0,43,3,4,1,1,1.0,0,TypeScript,2024-2026,1.0,10.75,0.2,0.2,0
15,3,0,0,787,761,182,0,0,0.0,0,TypeScript,2024-2026,1.0,1.03,0.0,0.0,0
15,3,0,0,1,0,1,0,0,0.0,0,TypeScript,2024-2026,1.0,1.0,0.0,0.0,0
15,3,0,0,382,400,2,0,0,0.0,0,TypeScript,2024-2026,1.0,0.95,0.0,0.0,0
16,3,0,0,1490,1489,278,1,0,0.0,0,TypeScript,2024-2026,1.0,1.0,0.0,0.0,0
18,3,0,0,8,8,1,0,0,0.0,0,TypeScript,2024-2026,1.0,0.89,0.0,0.0,0
19,3,0,0,1,1,1,0,0,0.0,0,TypeScript,2024-2026,1.0,0.5,0.0,0.0,0
1,4,0,1,427,350,17,1,23,10.7,0,TypeScript,2024-2026,1.0,1.22,0.06,0.59,0
3,5,1,1,2417,0,20,0,98,5.36,0,TypeScript,2024-2026,1.0,2417.0,0.0,0.26,0
9,5,1,0,22,1,5,0,1,2.0,0,TypeScript,2024-2026,1.0,11.0,0.0,0.33,0
10,5,1,0,19,0,1,0,0,0.0,0,TypeScript,2024-2026,1.0,19.0,0.0,0.0,0
11,5,1,0,7169,0,66,0,133,2.9,0,TypeScript,2024-2026,1.0,7169.0,0.0,0.04,0
18,5,1,0,6,6,2,0,0,0.0,0,TypeScript,2024-2026,1.0,0.86,0.0,0.0,0
21,5,1,0,4,4,1,0,0,0.0,0,TypeScript,2024-2026,1.0,0.8,0.0,0.0,0
1,6,1,1,2,0,1,0,0,0.0,0,TypeScript,2024-2026,1.0,2.0,0.0,0.0,0
6,6,1,0,4512,0,40,0,144,4.33,0,TypeScript,2024-2026,1.0,4512.0,0.0,0.11,0
18,6,1,0,67,14,4,2,2,1.0,0,TypeScript,2024-2026,1.0,4.47,0.4,0.2,0
19,6,1,0,16,0,2,0,0,0.0,0,TypeScript,2024-2026,1.0,16.0,0.0,0.0,0
22,6,1,1,7473,4614,584,6,96,7.99,0,TypeScript,2024-2026,1.0,1.62,0.01,0.01,0
12,0,0,0,3,178,5,0,5,1.0,0,TypeScript,2024-2026,1.0,0.02,0.0,0.17,0
12,0,0,0,3,178,5,0,5,1.0,0,TypeScript,2024-2026,1.0,0.02,0.0,0.17,0
16,0,0,0,248,656,4,1,32,7.16,0,TypeScript,2024-2026,1.0,0.38,0.2,1.43,0
18,0,0,0,4,6,1,0,0,0.0,0,TypeScript,2024-2026,1.0,0.57,0.0,0.0,0
6,1,0,0,29,3,2,0,0,0.0,0,TypeScript,2024-2026,1.0,7.25,0.0,0.0,0
10,1,0,0,11,11,2,0,0,0.0,0,TypeScript,2024-2026,1.0,0.92,0.0,0.0,0
10,1,0,0,452,79,18,0,22,3.09,0,TypeScript,2024-2026,1.0,5.65,0.0,0.16,0
11,1,0,0,1,2,1,0,0,0.0,0,TypeScript,2024-2026,1.0,0.33,0.0,0.0,0
14,1,0,0,6,6,2,0,0,0.0,0,TypeScript,2024-2026,1.0,0.86,0.0,0.0,0
17,1,0,0,118,0,1,0,0,0.0,0,TypeScript,2024-2026,1.0,118.0,0.0,0.0,0
17,1,0,0,525,524,2,0,0,0.0,0,TypeScript,2024-2026,1.0,1.0,0.0,0.0,0
17,1,0,0,1,1,1,0,0,0.0,0,TypeScript,2024-2026,1.0,0.5,0.0,0.0,0
22,1,0,1,12,0,3,0,2,29.0,0,TypeScript,2024-2026,1.0,12.0,0.0,7.25,0
23,1,0,1,50236,9327,977,13,62,10.53,0,TypeScript,2024-2026,1.0,5.39,0.01,0.01,0
0,2,0,1,6,6,2,0,0,0.0,0,TypeScript,2024-2026,1.0,0.86,0.0,0.0,0
11,2,0,0,32,29,1,0,1,6.0,0,TypeScript,2024-2026,1.0,1.07,0.0,3.0,0
12,2,0,0,9,2,2,0,2,6.5,0,TypeScript,2024-2026,1.0,3.0,0.0,2.17,0
14,2,0,0,1,1,1,0,0,0.0,0,TypeScript,2024-2026,1.0,0.5,0.0,0.0,0
18,2,0,0,379,243,3,0,32,10.94,0,TypeScript,2024-2026,1.0,1.55,0.0,2.74,0
18,2,0,0,58,18,2,0,2,16.5,0,TypeScript,2024-2026,1.0,3.05,0.0,5.5,0
18,2,0,0,450,17,15,0,23,3.43,1,TypeScript,2024-2026,1.0,25.0,0.0,0.21,0
18,2,0,0,61,22,3,0,1,11.0,0,TypeScript,2024-2026,1.0,2.65,0.0,2.75,1
18,2,0,0,146,9,8,0,28,2.96,0,TypeScript,2024-2026,1.0,14.6,0.0,0.33,1
18,2,0,0,268,148,3,0,17,4.0,0,TypeScript,2024-2026,1.0,1.8,0.0,1.0,1
15,3,0,0,7,0,1,0,1,1.0,0,TypeScript,2024-2026,1.0,7.0,0.0,0.5,0
17,3,0,0,177,0,177,1,0,0.0,0,TypeScript,2024-2026,1.0,177.0,0.01,0.0,0
17,3,0,0,116,0,1,0,0,0.0,0,TypeScript,2024-2026,1.0,116.0,0.0,0.0,0
9,4,0,0,12226,1,5,0,2,1.0,0,TypeScript,2024-2026,1.0,6113.0,0.0,0.17,1
0,5,1,1,64,0,3,0,0,0.0,0,TypeScript,2024-2026,1.0,64.0,0.0,0.0,1
16,6,1,0,4,0,1,0,0,0.0,0,TypeScript,2024-2026,1.0,4.0,0.0,0.0,0
0,0,0,1,3211,0,28,0,137,2.9,0,TypeScript,2024-2026,1.0,3211.0,0.0,0.1,1
1,0,0,1,1449,20,37,0,46,14.07,1,TypeScript,2024-2026,1.0,69.0,0.0,0.37,1
3,0,0,1,815,1,12,0,10,21.1,0,TypeScript,2024-2026,1.0,407.5,0.0,1.62,2
4,0,0,1,366,49,6,0,9,7.33,0,TypeScript,2024-2026,1.0,7.32,0.0,1.05,2
5,0,0,1,130,32,2,1,6,2.83,0,TypeScript,2024-2026,1.0,3.94,0.33,0.94,2
6,0,0,0,89,0,4,0,1,32.0,0,TypeScript,2024-2026,1.0,89.0,0.0,6.4,2
7,0,0,0,77,1,3,1,2,5.0,0,TypeScript,2024-2026,1.0,38.5,0.25,1.25,0
8,0,0,0,119,0,1,0,2,5.0,0,TypeScript,2024-2026,1.0,119.0,0.0,2.5,2
8,0,0,0,54,0,3,0,1,7.0,0,TypeScript,2024-2026,1.0,54.0,0.0,1.75,2
8,0,0,0,24526,986,579,0,2220,1.26,1,TypeScript,2024-2026,1.0,24.85,0.0,0.0,2
9,0,0,0,3,3,1,0,1,1.0,0,TypeScript,2024-2026,1.0,0.75,0.0,0.5,0
10,0,0,0,1213,74,8,0,38,4.45,0,TypeScript,2024-2026,1.0,16.17,0.0,0.49,3
10,0,0,0,42,0,3,1,3,2.67,0,TypeScript,2024-2026,1.0,42.0,0.25,0.67,0
11,0,0,0,727,717,178,0,0,0.0,0,TypeScript,2024-2026,1.0,1.01,0.0,0.0,0
15,0,0,0,1299,0,20,0,4,1.0,0,TypeScript,2024-2026,1.0,1299.0,0.0,0.05,3
16,0,0,0,3,0,2,0,0,0.0,0,TypeScript,2024-2026,1.0,3.0,0.0,0.0,3
21,0,0,0,1,0,1,0,0,0.0,0,TypeScript,2024-2026,1.0,1.0,0.0,0.0,3
0,1,0,1,433,59,21,0,38,4.18,0,TypeScript,2024-2026,1.0,7.22,0.0,0.19,3
1,1,0,1,92929,460,3445,0,5312,2.19,0,TypeScript,2024-2026,1.0,201.58,0.0,0.0,3
16,1,0,0,10838,714,103,2,345,1.97,0,TypeScript,2024-2026,1.0,15.16,0.02,0.02,0
17,1,0,0,174272,228,3205,9,596,3.96,0,TypeScript,2024-2026,1.0,761.01,0.0,0.0,3
17,1,0,0,10,4,1,0,0,0.0,0,TypeScript,2024-2026,1.0,2.0,0.0,0.0,3
20,1,0,0,1653,112,11,0,47,13.87,0,TypeScript,2024-2026,1.0,14.63,0.0,1.16,3
23,1,0,1,134,3,7,0,17,5.41,0,TypeScript,2024-2026,1.0,33.5,0.0,0.68,3
7,2,0,0,6,6,2,0,0,0.0,0,TypeScript,2024-2026,1.0,0.86,0.0,0.0,0
8,2,0,0,10,10,1,0,0,0.0,0,TypeScript,2024-2026,1.0,0.91,0.0,0.0,0
13,2,0,0,1693,1468,39,1,34,4.53,0,TypeScript,2024-2026,1.0,1.15,0.02,0.11,0
13,2,0,0,6,6,2,0,0,0.0,0,TypeScript,2024-2026,1.0,0.86,0.0,0.0,0
17,2,0,0,18,18,8,0,0,0.0,0,TypeScript,2024-2026,1.0,0.95,0.0,0.0,0
20,2,0,0,454,2,5,0,17,3.35,0,TypeScript,2024-2026,1.0,151.33,0.0,0.56,3
20,2,0,0,111,111,2,0,0,0.0,0,TypeScript,2024-2026,1.0,0.99,0.0,0.0,0
0,3,0,1,52,0,2,0,1,6.0,0,TypeScript,2024-2026,1.0,52.0,0.0,2.0,3
1,3,0,1,677,691,2,0,0,0.0,0,TypeScript,2024-2026,1.0,0.98,0.0,0.0,0
5,3,0,1,3,3,2,0,0,0.0,0,TypeScript,2024-2026,1.0,0.75,0.0,0.0,0
10,3,0,0,6,6,2,0,0,0.0,0,TypeScript,2024-2026,1.0,0.86,0.0,0.0,0
11,3,0,0,813,78,21,10,30,5.3,0,TypeScript,2024-2026,1.0,10.29,0.45,0.24,0
12,3,0,0,12,12,2,0,0,0.0,0,TypeScript,2024-2026,1.0,0.92,0.0,0.0,0
17,3,0,0,8224,1225,7,0,278,6.0,0,TypeScript,2024-2026,1.0,6.71,0.0,0.75,3
17,3,0,0,29,3,2,0,0,0.0,0,TypeScript,2024-2026,1.0,7.25,0.0,0.0,0
18,3,0,0,32,1,5,0,1,12.0,0,TypeScript,2024-2026,1.0,16.0,0.0,2.0,3
21,3,0,0,2658,227,39,0,185,4.95,0,TypeScript,2024-2026,1.0,11.66,0.0,0.12,3
21,3,0,0,6,6,2,0,0,0.0,0,TypeScript,2024-2026,1.0,0.86,0.0,0.0,0
12,4,0,0,6,6,2,0,0,0.0,0,TypeScript,2024-2026,1.0,0.86,0.0,0.0,0
13,4,0,0,942,944,4,0,250,5.39,0,TypeScript,2024-2026,1.0,1.0,0.0,1.08,0
16,4,0,0,35,6,2,0,3,15.0,0,TypeScript,2024-2026,1.0,5.0,0.0,5.0,3
20,4,0,0,6,6,2,0,0,0.0,0,TypeScript,2024-2026,1.0,0.86,0.0,0.0,0
21,4,0,0,2,2,2,0,0,0.0,0,TypeScript,2024-2026,1.0,0.67,0.0,0.0,0
1,5,1,1,10073,3523,6,0,324,6.02,0,TypeScript,2024-2026,1.0,2.86,0.0,0.86,3
5,5,1,1,6,6,2,0,0,0.0,0,TypeScript,2024-2026,1.0,0.86,0.0,0.0,0
8,5,1,0,6,6,2,0,0,0.0,0,TypeScript,2024-2026,1.0,0.86,0.0,0.0,0
14,5,1,0,6,6,2,0,0,0.0,0,TypeScript,2024-2026,1.0,0.86,0.0,0.0,0
19,5,1,0,2153,39,13,0,121,4.36,0,TypeScript,2024-2026,1.0,53.82,0.0,0.31,3
20,5,1,0,2,2,2,0,0,0.0,0,TypeScript,2024-2026,1.0,0.67,0.0,0.0,3
20,5,1,0,179,34,11,0,9,2.89,0,TypeScript,2024-2026,1.0,5.11,0.0,0.24,3
0,6,1,1,2,1,1,0,0,0.0,0,TypeScript,2024-2026,1.0,1.0,0.0,0.0,3
5,6,1,1,6,6,2,0,0,0.0,0,TypeScript,2024-2026,1.0,0.86,0.0,0.0,0
6,6,1,0,64,64,59,0,0,0.0,0,TypeScript,2024-2026,1.0,0.98,0.0,0.0,0
6,6,1,0,1,9,2,0,0,0.0,0,TypeScript,2024-2026,1.0,0.1,0.0,0.0,0
7,6,1,0,64,64,59,0,0,0.0,0,TypeScript,2024-2026,1.0,0.98,0.0,0.0,0
7,6,1,0,11,20,2,0,0,0.0,0,TypeScript,2024-2026,1.0,0.52,0.0,0.0,0
10,6,1,0,653,622,64,0,0,0.0,0,TypeScript,2024-2026,1.0,1.05,0.0,0.0,0
10,6,1,0,64,64,59,0,0,0.0,0,TypeScript,2024-2026,1.0,0.98,0.0,0.0,0
10,6,1,0,0,15,2,0,0,0.0,0,TypeScript,2024-2026,1.0,0.0,0.0,0.0,0
12,6,1,0,32,27,5,0,0,0.0,0,TypeScript,2024-2026,1.0,1.14,0.0,0.0,0
12,6,1,0,64,64,59,0,0,0.0,0,TypeScript,2024-2026,1.0,0.98,0.0,0.0,0
12,6,1,0,1,27,2,0,0,0.0,0,TypeScript,2024-2026,1.0,0.04,0.0,0.0,0
17,6,1,0,204,204,2,0,0,0.0,0,TypeScript,2024-2026,1.0,1.0,0.0,0.0,0
10,0,0,0,69,68,32,0,0,0.0,0,TypeScript,2024-2026,1.0,1.0,0.0,0.0,0
10,0,0,0,38,28,1,0,0,0.0,0,TypeScript,2024-2026,1.0,1.31,0.0,0.0,0
11,0,0,0,166,0,1,0,0,0.0,0,TypeScript,2024-2026,1.0,166.0,0.0,0.0,0
12,0,0,0,1,1,1,0,0,0.0,0,TypeScript,2024-2026,1.0,0.5,0.0,0.0,0
12,0,0,0,2,0,1,0,0,0.0,0,TypeScript,2024-2026,1.0,2.0,0.0,0.0,0
20,0,0,0,2086,380,8,0,104,8.94,0,TypeScript,2024-2026,1.0,5.48,0.0,0.99,3
0,1,0,1,14,14,1,0,0,0.0,0,TypeScript,2024-2026,1.0,0.93,0.0,0.0,3
12,1,0,0,2,2,1,0,0,0.0,0,TypeScript,2024-2026,1.0,0.67,0.0,0.0,0
16,1,0,0,458,145,1,0,0,0.0,0,TypeScript,2024-2026,1.0,3.14,0.0,0.0,0
16,1,0,0,11,7,2,0,0,0.0,0,TypeScript,2024-2026,1.0,1.38,0.0,0.0,0
21,1,0,0,340,46,4,0,24,25.75,0,TypeScript,2024-2026,1.0,7.23,0.0,5.15,3
22,1,0,1,657,45,5,0,50,3.48,0,TypeScript,2024-2026,1.0,14.28,0.0,0.58,3
4,2,0,1,1097,2,10,0,7,30.29,0,TypeScript,2024-2026,1.0,365.67,0.0,2.75,3
10,2,0,0,1,1,1,0,0,0.0,0,TypeScript,2024-2026,1.0,0.5,0.0,0.0,0
11,2,0,0,1,1,1,0,0,0.0,0,TypeScript,2024-2026,1.0,0.5,0.0,0.0,0
12,2,0,0,108,2377,1,0,0,0.0,0,TypeScript,2024-2026,1.0,0.05,0.0,0.0,0
18,2,0,0,217,0,1,0,0,0.0,0,TypeScript,2024-2026,1.0,217.0,0.0,0.0,0
19,3,0,0,2554,14,7,0,11,11.09,0,TypeScript,2024-2026,1.0,170.27,0.0,1.39,3
23,3,0,1,48,138,4,0,19,5.11,0,TypeScript,2024-2026,1.0,0.35,0.0,1.02,0
11,4,0,0,849,90,7,0,24,3.25,0,TypeScript,2024-2026,1.0,9.33,0.0,0.41,0
15,4,0,0,1,1,1,0,0,0.0,0,TypeScript,2024-2026,1.0,0.5,0.0,0.0,0
21,4,0,0,978,15,5,0,40,5.12,0,TypeScript,2024-2026,1.0,61.12,0.0,0.85,3
10,5,1,0,992,617,48,1,84,188.0,0,TypeScript,2024-2026,1.0,1.61,0.02,3.84,0
9,6,1,0,3172,56,9,0,144,7.41,0,TypeScript,2024-2026,1.0,55.65,0.0,0.74,3
10,6,1,0,476,36,8,0,37,4.65,0,TypeScript,2024-2026,1.0,12.86,0.0,0.52,3
12,0,0,0,318,20,11,0,27,3.93,0,TypeScript,2024-2026,1.0,15.14,0.0,0.33,3
21,0,0,0,123,98,24,0,0,0.0,0,TypeScript,2024-2026,1.0,1.24,0.0,0.0,0
8,1,0,0,16,0,7,0,1,129.0,0,TypeScript,2024-2026,1.0,16.0,0.0,16.12,3
8,1,0,0,1610,0,6,0,4,403.5,0,TypeScript,2024-2026,1.0,1610.0,0.0,57.64,3
8,1,0,0,149,22,13,0,11,2.91,0,TypeScript,2024-2026,1.0,6.48,0.0,0.21,3
10,1,0,0,61,25,1,0,0,0.0,0,TypeScript,2024-2026,1.0,2.35,0.0,0.0,0
15,1,0,0,601,364,33,0,0,0.0,0,TypeScript,2024-2026,1.0,1.65,0.0,0.0,3
16,1,0,0,83,55,7,0,14,5.57,0,TypeScript,2024-2026,1.0,1.48,0.0,0.7,3
17,1,0,0,122,77,5,0,1,26.0,0,TypeScript,2024-2026,1.0,1.56,0.0,4.33,0
17,1,0,0,39,6,1,0,0,0.0,0,TypeScript,2024-2026,1.0,5.57,0.0,0.0,0
18,1,0,0,0,1,1,0,0,0.0,0,TypeScript,2024-2026,1.0,0.0,0.0,0.0,0
14,2,0,0,44,0,5,2,3,1.33,0,TypeScript,2024-2026,1.0,44.0,0.33,0.22,0
15,3,0,0,1,1,1,0,0,0.0,0,TypeScript,2024-2026,1.0,0.5,0.0,0.0,0
15,3,0,0,0,2,1,0,0,0.0,0,TypeScript,2024-2026,1.0,0.0,0.0,0.0,0
17,3,0,0,2,2,1,1,1,1.0,0,TypeScript,2024-2026,1.0,0.67,0.5,0.5,0
18,3,0,0,15,0,2,0,0,0.0,0,TypeScript,2024-2026,1.0,15.0,0.0,0.0,0
18,3,0,0,139,140,3,0,0,0.0,0,TypeScript,2024-2026,1.0,0.99,0.0,0.0,0
19,3,0,0,1,1,1,0,0,0.0,0,TypeScript,2024-2026,1.0,0.5,0.0,0.0,0
19,3,0,0,30,2,1,0,0,0.0,0,TypeScript,2024-2026,1.0,10.0,0.0,0.0,0
19,3,0,0,1,1,1,0,1,5.0,0,TypeScript,2024-2026,1.0,0.5,0.0,2.5,0
19,3,0,0,11,8,9,0,0,0.0,0,TypeScript,2024-2026,1.0,1.22,0.0,0.0,0
19,3,0,0,347,346,173,0,0,0.0,0,TypeScript,2024-2026,1.0,1.0,0.0,0.0,0
19,3,0,0,18,22,1,0,2,10.0,0,TypeScript,2024-2026,1.0,0.78,0.0,5.0,0
20,3,0,0,1,1,1,0,0,0.0,0,TypeScript,2024-2026,1.0,0.5,0.0,0.0,0
20,3,0,0,31,3,3,1,2,18.5,0,TypeScript,2024-2026,1.0,7.75,0.25,4.62,0
20,3,0,0,43,5,5,0,7,2.43,0,TypeScript,2024-2026,1.0,7.17,0.0,0.4,0
20,3,0,0,794,834,107,0,0,0.0,0,TypeScript,2024-2026,1.0,0.95,0.0,0.0,0
22,3,0,1,63,0,1,0,0,0.0,0,TypeScript,2024-2026,1.0,63.0,0.0,0.0,3
22,3,0,1,70,0,1,0,0,0.0,0,TypeScript,2024-2026,1.0,70.0,0.0,0.0,3
22,3,0,1,1,1,1,0,0,0.0,0,TypeScript,2024-2026,1.0,0.5,0.0,0.0,0
4,4,0,1,132,87,56,0,0,0.0,0,TypeScript,2024-2026,1.0,1.5,0.0,0.0,0
4,4,0,1,112,112,59,0,0,0.0,0,TypeScript,2024-2026,1.0,0.99,0.0,0.0,0
4,4,0,1,1,10,2,0,0,0.0,0,TypeScript,2024-2026,1.0,0.09,0.0,0.0,0
5,4,0,1,7,2,3,0,0,0.0,0,TypeScript,2024-2026,1.0,2.33,0.0,0.0,3
8,4,0,0,6,6,2,0,0,0.0,0,TypeScript,2024-2026,1.0,0.86,0.0,0.0,0
10,4,0,0,5,0,1,0,0,0.0,0,TypeScript,2024-2026,1.0,5.0,0.0,0.0,3
10,4,0,0,798,817,103,0,0,0.0,0,TypeScript,2024-2026,1.0,0.98,0.0,0.0,0
14,4,0,0,6,6,2,0,0,0.0,0,TypeScript,2024-2026,1.0,0.86,0.0,0.0,0
18,4,0,0,6,6,2,0,0,0.0,0,TypeScript,2024-2026,1.0,0.86,0.0,0.0,0
21,4,0,0,6,6,2,0,0,0.0,0,TypeScript,2024-2026,1.0,0.86,0.0,0.0,0
2,5,1,1,25,25,13,0,0,0.0,0,TypeScript,2024-2026,1.0,0.96,0.0,0.0,0
4,5,1,1,64,64,59,0,0,0.0,0,TypeScript,2024-2026,1.0,0.98,0.0,0.0,0
5,5,1,1,4,4,1,0,0,0.0,0,TypeScript,2024-2026,1.0,0.8,0.0,0.0,0
6,5,1,0,64,64,59,0,0,0.0,0,TypeScript,2024-2026,1.0,0.98,0.0,0.0,0
6,5,1,0,1,7,2,0,0,0.0,0,TypeScript,2024-2026,1.0,0.12,0.0,0.0,0
9,5,1,0,6,6,2,0,0,0.0,0,TypeScript,2024-2026,1.0,0.86,0.0,0.0,0
18,5,1,0,32,77,8,0,5,1.0,0,TypeScript,2024-2026,1.0,0.41,0.0,0.11,0
20,5,1,0,2,0,1,0,0,0.0,0,TypeScript,2024-2026,1.0,2.0,0.0,0.0,0
22,5,1,1,55,53,10,2,5,1.2,0,TypeScript,2024-2026,1.0,1.02,0.18,0.11,0
23,5,1,1,16,16,2,0,0,0.0,0,TypeScript,2024-2026,1.0,0.94,0.0,0.0,0
4,6,1,1,6,6,2,0,0,0.0,0,TypeScript,2024-2026,1.0,0.86,0.0,0.0,0
6,6,1,0,111,111,2,0,0,0.0,0,TypeScript,2024-2026,1.0,0.99,0.0,0.0,0
11,6,1,0,6,6,2,0,0,0.0,0,TypeScript,2024-2026,1.0,0.86,0.0,0.0,0
12,6,1,0,1,0,1,0,0,0.0,0,TypeScript,2024-2026,1.0,1.0,0.0,0.0,0
13,6,1,0,52,52,6,0,0,0.0,0,TypeScript,2024-2026,1.0,0.98,0.0,0.0,0
14,6,1,0,6,6,2,0,0,0.0,0,TypeScript,2024-2026,1.0,0.86,0.0,0.0,0
14,6,1,0,94,24,11,4,15,1.6,0,TypeScript,2024-2026,1.0,3.76,0.33,0.13,0
15,6,1,0,10,4,1,0,0,0.0,0,TypeScript,2024-2026,1.0,2.0,0.0,0.0,0
16,6,1,0,8,0,1,0,0,0.0,0,TypeScript,2024-2026,1.0,8.0,0.0,0.0,0
10,0,0,0,196,0,1,0,0,0.0,0,TypeScript,2024-2026,1.0,196.0,0.0,0.0,0
20,0,0,0,508,293,32,13,24,1.42,0,TypeScript,2024-2026,1.0,1.73,0.39,0.04,0
7,1,0,0,7,7,1,0,0,0.0,0,TypeScript,2024-2026,1.0,0.88,0.0,0.0,0
11,1,0,0,1878,1657,3,0,2,13.0,0,TypeScript,2024-2026,1.0,1.13,0.0,3.25,12
13,1,0,0,269,97,22,2,22,12.14,0,TypeScript,2024-2026,1.0,2.74,0.09,0.53,0
13,1,0,0,159,9,8,2,4,24.25,0,TypeScript,2024-2026,1.0,15.9,0.22,2.69,6
14,1,0,0,3,0,1,0,0,0.0,0,TypeScript,2024-2026,1.0,3.0,0.0,0.0,0
15,1,0,0,7,7,5,0,0,0.0,0,TypeScript,2024-2026,1.0,0.88,0.0,0.0,0
16,1,0,0,188,3,3,2,4,1.25,0,TypeScript,2024-2026,1.0,47.0,0.5,0.31,12
17,1,0,0,534,41,24,8,27,6.19,0,TypeScript,2024-2026,1.0,12.71,0.32,0.25,0
19,1,0,0,65,2,5,0,5,8.4,0,TypeScript,2024-2026,1.0,21.67,0.0,1.4,0
19,1,0,0,1,1,1,0,0,0.0,0,TypeScript,2024-2026,1.0,0.5,0.0,0.0,0
20,1,0,0,23,26,3,2,4,4.5,0,TypeScript,2024-2026,1.0,0.85,0.5,1.12,0
20,1,0,0,1804,1968,4,1,0,0.0,0,TypeScript,2024-2026,1.0,0.92,0.2,0.0,0
5,2,0,1,134,146,78,0,0,0.0,0,TypeScript,2024-2026,1.0,0.91,0.0,0.0,0
5,2,0,1,114,106,43,0,0,0.0,0,TypeScript,2024-2026,1.0,1.07,0.0,0.0,0
7,2,0,0,103,11,4,0,7,1.14,0,TypeScript,2024-2026,1.0,8.58,0.0,0.23,0
7,2,0,0,573,88,51,0,48,1.79,0,TypeScript,2024-2026,1.0,6.44,0.0,0.03,0
7,2,0,0,282,57,23,0,27,2.26,0,TypeScript,2024-2026,1.0,4.86,0.0,0.09,0
8,2,0,0,105,1,3,1,2,31.5,0,TypeScript,2024-2026,1.0,52.5,0.25,7.88,0
11,2,0,0,2087,2059,18,0,2,11.0,0,TypeScript,2024-2026,1.0,1.01,0.0,0.58,14
12,2,0,0,43,43,43,0,0,0.0,0,TypeScript,2024-2026,1.0,0.98,0.0,0.0,7
12,2,0,0,85,89,24,0,4,10.0,0,TypeScript,2024-2026,1.0,0.94,0.0,0.4,14
13,2,0,0,23,36,11,0,23,1.35,0,TypeScript,2024-2026,1.0,0.62,0.0,0.11,0
14,2,0,0,5,5,4,0,0,0.0,0,TypeScript,2024-2026,1.0,0.83,0.0,0.0,0
15,2,0,0,2,0,2,0,1,43.0,0,TypeScript,2024-2026,1.0,2.0,0.0,14.33,0
15,2,0,0,132,0,1,0,0,0.0,0,TypeScript,2024-2026,1.0,132.0,0.0,0.0,0
15,2,0,0,6,6,3,0,3,1.0,0,TypeScript,2024-2026,1.0,0.86,0.0,0.25,0
16,2,0,0,1,1,1,0,1,13.0,0,TypeScript,2024-2026,1.0,0.5,0.0,6.5,14
18,2,0,0,50,18,2,1,2,16.5,0,TypeScript,2024-2026,1.0,2.63,0.33,5.5,0
4,3,0,1,385,8,11,0,3,4.33,0,TypeScript,2024-2026,1.0,42.78,0.0,0.36,3
9,3,0,0,202,2,2,1,2,4.5,0,TypeScript,2024-2026,1.0,67.33,0.33,1.5,0
9,3,0,0,43,43,43,0,0,0.0,0,TypeScript,2024-2026,1.0,0.98,0.0,0.0,7
10,3,0,0,92,1,2,1,3,49.67,0,TypeScript,2024-2026,1.0,46.0,0.33,16.56,0
11,3,0,0,1,1,1,0,0,0.0,0,TypeScript,2024-2026,1.0,0.5,0.0,0.0,0
11,3,0,0,183,192,93,0,0,0.0,0,TypeScript,2024-2026,1.0,0.95,0.0,0.0,0
12,3,0,0,22,1,2,1,2,8.5,0,TypeScript,2024-2026,1.0,11.0,0.33,2.83,0
12,3,0,0,348,35,2,1,3,18.33,0,TypeScript,2024-2026,1.0,9.67,0.33,6.11,0
13,3,0,0,16,1,3,0,2,3.0,0,TypeScript,2024-2026,1.0,8.0,0.0,0.75,0
13,3,0,0,2,2,1,0,0,0.0,0,TypeScript,2024-2026,1.0,0.67,0.0,0.0,0
14,3,0,0,115,5,2,1,5,4.6,0,TypeScript,2024-2026,1.0,19.17,0.33,1.53,0
14,3,0,0,1,1,1,0,0,0.0,0,TypeScript,2024-2026,1.0,0.5,0.0,0.0,0
14,3,0,0,1,0,1,0,1,7.0,0,TypeScript,2024-2026,1.0,1.0,0.0,3.5,0
14,3,0,0,198,87,9,1,3,9.0,0,TypeScript,2024-2026,1.0,2.25,0.1,0.9,0
14,3,0,0,652,461,44,4,15,15.33,0,TypeScript,2024-2026,1.0,1.41,0.09,0.34,0
15,3,0,0,24,15,12,0,0,0.0,0,TypeScript,2024-2026,1.0,1.5,0.0,0.0,0
18,3,0,0,6,3,3,0,0,0.0,0,TypeScript,2024-2026,1.0,1.5,0.0,0.0,0
18,3,0,0,61,1,2,1,2,3.0,0,TypeScript,2024-2026,1.0,30.5,0.33,1.0,0
18,3,0,0,691,704,26,0,0,0.0,0,TypeScript,2024-2026,1.0,0.98,0.0,0.0,14
0,4,0,1,421,109,4,1,3,5.33,0,TypeScript,2024-2026,1.0,3.83,0.2,1.07,0
2,4,0,1,23,37,8,0,7,8.57,0,TypeScript,2024-2026,1.0,0.61,0.0,0.95,14
9,4,0,0,21186,28,4,0,9,1.22,0,TypeScript,2024-2026,1.0,730.55,0.0,0.24,3
10,4,0,0,5,5,5,0,0,0.0,0,TypeScript,2024-2026,1.0,0.83,0.0,0.0,0
10,4,0,0,1858,1579,52,0,128,4.22,0,TypeScript,2024-2026,1.0,1.18,0.0,0.08,12
12,4,0,0,156,0,1,0,0,0.0,0,TypeScript,2024-2026,1.0,156.0,0.0,0.0,0
12,4,0,0,2,2,1,0,0,0.0,0,TypeScript,2024-2026,1.0,0.67,0.0,0.0,0
13,4,0,0,1,1,1,0,0,0.0,0,TypeScript,2024-2026,1.0,0.5,0.0,0.0,0
13,4,0,0,1,1,1,0,0,0.0,0,TypeScript,2024-2026,1.0,0.5,0.0,0.0,0
13,4,0,0,47,0,2,0,0,0.0,0,TypeScript,2024-2026,1.0,47.0,0.0,0.0,0
14,4,0,0,189,9,12,1,4,7.25,0,TypeScript,2024-2026,1.0,18.9,0.08,0.56,0
15,4,0,0,1,0,1,0,2,10.0,0,TypeScript,2024-2026,1.0,1.0,0.0,5.0,0
15,4,0,0,1,1,1,0,0,0.0,0,TypeScript,2024-2026,1.0,0.5,0.0,0.0,0
15,4,0,0,1706,748,54,3,109,4.36,0,TypeScript,2024-2026,1.0,2.28,0.05,0.08,12
17,4,0,0,1,149,1,0,0,0.0,0,TypeScript,2024-2026,1.0,0.01,0.0,0.0,14
19,4,0,0,45,45,1,0,0,0.0,0,TypeScript,2024-2026,1.0,0.98,0.0,0.0,0
19,4,0,0,214,8,6,0,31,2.35,0,TypeScript,2024-2026,1.0,23.78,0.0,0.34,3
20,4,0,0,79,9,6,1,4,1.75,0,TypeScript,2024-2026,1.0,7.9,0.14,0.25,0
20,4,0,0,94,5,4,1,7,2.0,0,TypeScript,2024-2026,1.0,15.67,0.2,0.4,14
21,4,0,0,263,22,6,0,28,1.36,0,TypeScript,2024-2026,1.0,11.43,0.0,0.19,3
1,5,1,1,116,17,2,1,6,7.83,0,TypeScript,2024-2026,1.0,6.44,0.33,2.61,0
2,5,1,1,189,54,13,1,14,4.43,0,TypeScript,2024-2026,1.0,3.44,0.07,0.32,0
2,5,1,1,158,3,3,1,7,4.43,0,TypeScript,2024-2026,1.0,39.5,0.25,1.11,0
16,5,1,0,1123,1377,140,1,168,13.28,0,TypeScript,2024-2026,1.0,0.81,0.01,0.09,3
16,6,1,0,1261,60,34,6,55,2.0,0,TypeScript,2024-2026,1.0,20.67,0.17,0.06,0
16,6,1,0,1563,517,13,0,1,4.0,0,TypeScript,2024-2026,1.0,3.02,0.0,0.29,0
17,6,1,0,2,0,1,0,0,0.0,0,TypeScript,2024-2026,1.0,2.0,0.0,0.0,0
17,6,1,0,188,260,20,4,49,2.67,0,TypeScript,2024-2026,1.0,0.72,0.19,0.13,0
20,6,1,0,48,0,3,0,0,0.0,0,TypeScript,2024-2026,1.0,48.0,0.0,0.0,0
1,0,0,1,1,1,1,0,0,0.0,0,TypeScript,2024-2026,1.0,0.5,0.0,0.0,0
1,0,0,1,1,1,1,0,0,0.0,0,TypeScript,2024-2026,1.0,0.5,0.0,0.0,0
2,0,0,1,73,22,3,0,6,3.33,0,TypeScript,2024-2026,1.0,3.17,0.0,0.83,0
2,0,0,1,109,0,2,1,5,3.4,0,TypeScript,2024-2026,1.0,109.0,0.33,1.13,0
8,0,0,0,22,0,1,0,0,0.0,0,TypeScript,2024-2026,1.0,22.0,0.0,0.0,0
9,0,0,0,139,10,3,2,0,0.0,0,TypeScript,2024-2026,1.0,12.64,0.5,0.0,0
11,0,0,0,20,12,5,0,7,1.86,0,TypeScript,2024-2026,1.0,1.54,0.0,0.31,0
12,0,0,0,98,42,7,2,8,5.38,0,TypeScript,2024-2026,1.0,2.28,0.25,0.67,0
12,0,0,0,11,11,4,0,0,0.0,0,TypeScript,2024-2026,1.0,0.92,0.0,0.0,0
13,0,0,0,100,27,5,1,5,4.4,0,TypeScript,2024-2026,1.0,3.57,0.17,0.73,0
14,0,0,0,2,2,2,0,3,3.0,0,TypeScript,2024-2026,1.0,0.67,0.0,1.0,0
15,0,0,0,137,0,2,1,7,1.29,0,TypeScript,2024-2026,1.0,137.0,0.33,0.43,12
15,0,0,0,1,1,1,1,0,0.0,0,TypeScript,2024-2026,1.0,0.5,0.5,0.0,0
16,0,0,0,99,24,4,1,4,3.5,0,TypeScript,2024-2026,1.0,3.96,0.2,0.7,0
21,0,0,0,49,4,46,0,0,0.0,0,TypeScript,2024-2026,1.0,9.8,0.0,0.0,0
22,0,0,1,56,0,3,1,1,1.0,0,TypeScript,2024-2026,1.0,56.0,0.25,0.25,6
8,1,0,0,96,89,43,0,0,0.0,0,TypeScript,2024-2026,1.0,1.07,0.0,0.0,0
9,1,0,0,4638,351,69,5,77,4.31,0,TypeScript,2024-2026,1.0,13.18,0.07,0.06,14
9,1,0,0,404,0,4,0,3,9.0,0,TypeScript,2024-2026,1.0,404.0,0.0,1.8,3
9,1,0,0,4,1,2,0,3,7.67,0,TypeScript,2024-2026,1.0,2.0,0.0,2.56,0
9,1,0,0,383,35,7,1,13,1.92,0,TypeScript,2024-2026,1.0,10.64,0.12,0.24,0
9,1,0,0,112,112,59,0,0,0.0,0,TypeScript,2024-2026,1.0,0.99,0.0,0.0,0
9,1,0,0,1,7,2,0,0,0.0,0,TypeScript,2024-2026,1.0,0.12,0.0,0.0,0
10,1,0,0,25,25,7,0,0,0.0,0,TypeScript,2024-2026,1.0,0.96,0.0,0.0,0
13,1,0,0,62,89,2,0,0,0.0,0,TypeScript,2024-2026,1.0,0.69,0.0,0.0,0
13,1,0,0,35,17,3,0,0,0.0,0,TypeScript,2024-2026,1.0,1.94,0.0,0.0,0
13,1,0,0,194,13,4,1,2,19.5,0,TypeScript,2024-2026,1.0,13.86,0.2,3.9,0
14,1,0,0,97,361,2,0,0,0.0,0,TypeScript,2024-2026,1.0,0.27,0.0,0.0,6
15,1,0,0,2,0,1,0,0,0.0,0,TypeScript,2024-2026,1.0,2.0,0.0,0.0,0
16,1,0,0,64,64,59,0,0,0.0,0,TypeScript,2024-2026,1.0,0.98,0.0,0.0,0
16,1,0,0,0,12,2,0,0,0.0,0,TypeScript,2024-2026,1.0,0.0,0.0,0.0,0
16,1,0,0,12248,4263,6,1,6,3.33,0,TypeScript,2024-2026,1.0,2.87,0.14,0.48,14
16,1,0,0,51,3,2,1,2,2.5,0,TypeScript,2024-2026,1.0,12.75,0.33,0.83,14
17,1,0,0,113,36,13,1,26,4.5,0,TypeScript,2024-2026,1.0,3.05,0.07,0.32,14
17,1,0,0,15,7,4,0,1,4.0,0,TypeScript,2024-2026,1.0,1.88,0.0,0.8,0
20,1,0,0,64,64,59,0,0,0.0,0,TypeScript,2024-2026,1.0,0.98,0.0,0.0,0
20,1,0,0,1,18,2,0,0,0.0,0,TypeScript,2024-2026,1.0,0.05,0.0,0.0,0
22,1,0,1,15,15,11,0,0,0.0,0,TypeScript,2024-2026,1.0,0.94,0.0,0.0,0
10,2,0,0,74,2,4,1,3,41.33,0,TypeScript,2024-2026,1.0,24.67,0.2,8.27,0
11,2,0,0,92,2,3,1,1,8.0,0,TypeScript,2024-2026,1.0,30.67,0.25,2.0,0
13,2,0,0,167,2,5,0,3,82.33,0,TypeScript,2024-2026,1.0,55.67,0.0,13.72,0
13,2,0,0,1,0,1,0,0,0.0,0,TypeScript,2024-2026,1.0,1.0,0.0,0.0,3
14,2,0,0,2,2,2,0,0,0.0,0,TypeScript,2024-2026,1.0,0.67,0.0,0.0,3
14,2,0,0,234,43346,134,0,12,4.75,0,TypeScript,2024-2026,1.0,0.01,0.0,0.04,0
14,2,0,0,43,43,43,0,0,0.0,0,TypeScript,2024-2026,1.0,0.98,0.0,0.0,0
14,2,0,0,544,18,5,0,3,19.33,0,TypeScript,2024-2026,1.0,28.63,0.0,3.22,3
15,2,0,0,1,1,1,0,1,3.0,0,TypeScript,2024-2026,1.0,0.5,0.0,1.5,0
16,2,0,0,5,2,1,0,1,2.0,0,TypeScript,2024-2026,1.0,1.67,0.0,1.0,0
16,2,0,0,793,0,1,0,0,0.0,0,TypeScript,2024-2026,1.0,793.0,0.0,0.0,0
19,2,0,0,846,26,20,5,13,8.85,0,TypeScript,2024-2026,1.0,31.33,0.24,0.42,0
12,3,0,0,0,134,2,0,0,0.0,0,TypeScript,2024-2026,1.0,0.0,0.0,0.0,0
13,3,0,0,21,6,9,0,0,0.0,0,TypeScript,2024-2026,1.0,3.0,0.0,0.0,0
13,3,0,0,46,0,2,0,0,0.0,0,TypeScript,2024-2026,1.0,46.0,0.0,0.0,0
14,3,0,0,5,0,1,0,0,0.0,0,TypeScript,2024-2026,1.0,5.0,0.0,0.0,0
18,3,0,0,498,144,41,2,53,4.92,0,TypeScript,2024-2026,1.0,3.43,0.05,0.12,12
18,3,0,0,5,0,2,0,0,0.0,0,TypeScript,2024-2026,1.0,5.0,0.0,0.0,0
19,3,0,0,100,10,6,2,9,6.33,0,TypeScript,2024-2026,1.0,9.09,0.29,0.9,12
23,3,0,1,161,1,2,1,6,3.33,0,TypeScript,2024-2026,1.0,80.5,0.33,1.11,0
6,4,0,0,231,25,3,1,10,4.1,0,TypeScript,2024-2026,1.0,8.88,0.25,1.02,6
9,4,0,0,394,48,37,2,13,9.54,0,TypeScript,2024-2026,1.0,8.04,0.05,0.25,3
9,4,0,0,6,0,1,0,0,0.0,0,TypeScript,2024-2026,1.0,6.0,0.0,0.0,0
10,4,0,0,52,52,9,0,10,4.7,0,TypeScript,2024-2026,1.0,0.98,0.0,0.47,0
13,4,0,0,52,11,2,0,3,12.33,0,TypeScript,2024-2026,1.0,4.33,0.0,4.11,0
15,4,0,0,38,34,23,4,15,2.4,0,TypeScript,2024-2026,1.0,1.09,0.17,0.1,0
18,4,0,0,3386,34,22,2,23,6.26,0,TypeScript,2024-2026,1.0,96.74,0.09,0.27,0
19,4,0,0,142,13,4,1,8,1.62,0,TypeScript,2024-2026,1.0,10.14,0.2,0.32,0
19,4,0,0,32,19,1,0,0,0.0,0,TypeScript,2024-2026,1.0,1.6,0.0,0.0,0
19,4,0,0,68,0,6,1,3,21.33,0,TypeScript,2024-2026,1.0,68.0,0.14,3.05,0
21,4,0,0,104,20,4,2,10,1.7,0,TypeScript,2024-2026,1.0,4.95,0.4,0.34,3
21,4,0,0,271,70,16,1,7,1.14,0,TypeScript,2024-2026,1.0,3.82,0.06,0.07,3
22,4,0,1,383,426,107,0,0,0.0,0,TypeScript,2024-2026,1.0,0.9,0.0,0.0,0
23,4,0,1,104,19,5,0,8,4.38,0,TypeScript,2024-2026,1.0,5.2,0.0,0.73,3
9,5,1,0,112,112,59,0,0,0.0,0,TypeScript,2024-2026,1.0,0.99,0.0,0.0,0
9,5,1,0,1,15,2,0,0,0.0,0,TypeScript,2024-2026,1.0,0.06,0.0,0.0,0
15,5,1,0,64,64,59,0,0,0.0,0,TypeScript,2024-2026,1.0,0.98,0.0,0.0,0
17,5,1,0,64,64,59,0,0,0.0,0,TypeScript,2024-2026,1.0,0.98,0.0,0.0,0
17,5,1,0,11,12,2,0,0,0.0,0,TypeScript,2024-2026,1.0,0.85,0.0,0.0,0
17,5,1,0,64,64,59,0,0,0.0,0,TypeScript,2024-2026,1.0,0.98,0.0,0.0,0
17,5,1,0,6,14,2,0,0,0.0,0,TypeScript,2024-2026,1.0,0.4,0.0,0.0,0
18,5,1,0,2,1,1,0,0,0.0,0,TypeScript,2024-2026,1.0,1.0,0.0,0.0,3
18,5,1,0,1,0,1,0,0,0.0,0,TypeScript,2024-2026,1.0,1.0,0.0,0.0,3
8,6,1,0,64,64,59,0,0,0.0,0,TypeScript,2024-2026,1.0,0.98,0.0,0.0,0
8,6,1,0,1,1,1,0,0,0.0,0,TypeScript,2024-2026,1.0,0.5,0.0,0.0,0
19,6,1,0,1,1,1,0,0,0.0,0,TypeScript,2024-2026,1.0,0.5,0.0,0.0,0
11,0,0,0,15,16,6,0,150,3.64,0,TypeScript,2024-2026,1.0,0.88,0.0,0.52,0
15,0,0,0,216,48,6,1,7,4.57,0,TypeScript,2024-2026,1.0,4.41,0.14,0.65,0
16,0,0,0,0,20,1,0,0,0.0,0,TypeScript,2024-2026,1.0,0.0,0.0,0.0,0
16,0,0,0,185,13,5,0,12,7.83,0,TypeScript,2024-2026,1.0,13.21,0.0,1.3,0
17,0,0,0,147,0,3,1,0,0.0,0,TypeScript,2024-2026,1.0,147.0,0.25,0.0,0
15,1,0,0,1,1,1,0,0,0.0,0,TypeScript,2024-2026,1.0,0.5,0.0,0.0,0
16,1,0,0,182,11,7,2,6,4.67,0,TypeScript,2024-2026,1.0,15.17,0.25,0.58,0
9,2,0,0,130,74,4,2,0,0.0,0,TypeScript,2024-2026,1.0,1.73,0.4,0.0,6
9,2,0,0,146,2,4,1,3,7.33,0,TypeScript,2024-2026,1.0,48.67,0.2,1.47,6
9,2,0,0,98,0,1,1,0,0.0,0,TypeScript,2024-2026,1.0,98.0,0.5,0.0,0
13,2,0,0,43,43,43,0,0,0.0,0,TypeScript,2024-2026,1.0,0.98,0.0,0.0,0
13,2,0,0,0,3,1,0,0,0.0,0,TypeScript,2024-2026,1.0,0.0,0.0,0.0,0
13,2,0,0,43,43,43,0,0,0.0,0,TypeScript,2024-2026,1.0,0.98,0.0,0.0,0
13,2,0,0,33,2,2,1,2,30.5,0,TypeScript,2024-2026,1.0,11.0,0.33,10.17,0
12,3,0,0,15,5,3,0,0,0.0,0,TypeScript,2024-2026,1.0,2.5,0.0,0.0,0
13,3,0,0,79,14,3,0,0,0.0,0,TypeScript,2024-2026,1.0,5.27,0.0,0.0,0
13,3,0,0,1,1,1,0,0,0.0,0,TypeScript,2024-2026,1.0,0.5,0.0,0.0,7
14,3,0,0,4855,24377,274,9,274,3.26,0,TypeScript,2024-2026,1.0,0.2,0.03,0.01,14
14,3,0,0,3,1,1,0,0,0.0,0,TypeScript,2024-2026,1.0,1.5,0.0,0.0,0
15,4,0,0,460,74,6,1,25,8.72,0,TypeScript,2024-2026,1.0,6.13,0.14,1.25,3
16,4,0,0,1,0,1,0,0,0.0,0,TypeScript,2024-2026,1.0,1.0,0.0,0.0,0
10,5,1,0,610,4,6,0,9,7.78,0,TypeScript,2024-2026,1.0,122.0,0.0,1.11,3
10,5,1,0,9,21,1,0,4,2.0,0,TypeScript,2024-2026,1.0,0.41,0.0,1.0,0
2,0,0,1,168,192,95,0,0,0.0,0,TypeScript,2024-2026,1.0,0.87,0.0,0.0,0
2,0,0,1,112,112,59,0,0,0.0,0,TypeScript,2024-2026,1.0,0.99,0.0,0.0,0
2,0,0,1,1,7,2,0,0,0.0,0,TypeScript,2024-2026,1.0,0.12,0.0,0.0,0
4,0,0,1,64,64,59,0,0,0.0,0,TypeScript,2024-2026,1.0,0.98,0.0,0.0,0
4,0,0,1,0,12,2,0,0,0.0,0,TypeScript,2024-2026,1.0,0.0,0.0,0.0,0
8,0,0,0,64,64,59,0,0,0.0,0,TypeScript,2024-2026,1.0,0.98,0.0,0.0,0
8,0,0,0,1,25,2,0,0,0.0,0,TypeScript,2024-2026,1.0,0.04,0.0,0.0,0
11,0,0,0,112,7,4,0,7,10.57,0,TypeScript,2024-2026,1.0,14.0,0.0,2.11,3
12,0,0,0,553,0,23,5,11,1.64,0,TypeScript,2024-2026,1.0,553.0,0.21,0.07,0
13,0,0,0,82,82,61,0,0,0.0,0,TypeScript,2024-2026,1.0,0.99,0.0,0.0,0
22,0,0,1,28,3,6,0,2,4.5,0,TypeScript,2024-2026,1.0,7.0,0.0,0.64,0
22,0,0,1,10,10,1,0,0,0.0,0,TypeScript,2024-2026,1.0,0.91,0.0,0.0,3
11,1,0,0,11,0,1,0,0,0.0,0,TypeScript,2024-2026,1.0,11.0,0.0,0.0,0
13,1,0,0,140,2,2,0,0,0.0,0,TypeScript,2024-2026,1.0,46.67,0.0,0.0,0
21,1,0,0,2,377,1,1,0,0.0,0,TypeScript,2024-2026,1.0,0.01,0.5,0.0,14
22,1,0,1,607,132,26,3,17,2.47,0,TypeScript,2024-2026,1.0,4.56,0.11,0.09,14
23,1,0,1,22,127,7,1,8,11.88,0,TypeScript,2024-2026,1.0,0.17,0.12,1.48,14
13,2,0,0,8322,3868,276,4,59,7.39,0,TypeScript,2024-2026,1.0,2.15,0.01,0.03,0
15,2,0,0,352,580,32,10,44,2.0,1,TypeScript,2024-2026,0.4,0.61,0.3,0.06,0
15,2,0,0,171,2,7,1,4,1.5,0,TypeScript,2024-2026,1.0,57.0,0.12,0.19,0
16,2,0,0,279,0,11,0,17,2.18,0,TypeScript,2024-2026,1.0,279.0,0.0,0.18,3
11,3,0,0,12,129,5,1,1,1.0,1,TypeScript,2024-2026,0.4,0.09,0.17,0.17,1
11,3,0,0,2,0,1,0,0,0.0,0,TypeScript,2024-2026,1.0,2.0,0.0,0.0,2
11,3,0,0,654,454,84,1,15,3.6,1,TypeScript,2024-2026,0.4,1.44,0.01,0.04,6
14,3,0,0,430,82,56,0,7,3.29,0,TypeScript,2024-2026,1.0,5.18,0.0,0.06,7
14,3,0,0,16,0,1,0,0,0.0,1,TypeScript,2024-2026,0.4,16.0,0.0,0.0,12
14,3,0,0,1049,1317,10,1,4,4.0,0,TypeScript,2024-2026,1.0,0.8,0.09,0.36,0
14,3,0,0,176,11,4,0,0,0.0,1,TypeScript,2024-2026,0.4,14.67,0.0,0.0,13
15,3,0,0,149,48,4,0,0,0.0,1,TypeScript,2024-2026,0.4,3.04,0.0,0.0,14
15,3,0,0,100,61,5,0,0,0.0,0,TypeScript,2024-2026,1.0,1.61,0.0,0.0,0
16,3,0,0,110,19,6,0,3,8.0,1,TypeScript,2024-2026,0.4,5.5,0.0,1.14,15
16,3,0,0,107,5,3,0,0,0.0,1,TypeScript,2024-2026,0.4,17.83,0.0,0.0,16
19,3,0,0,36,8,2,0,0,0.0,1,TypeScript,2024-2026,0.4,4.0,0.0,0.0,17
20,3,0,0,54,16,3,0,1,24.0,0,TypeScript,2024-2026,1.0,3.18,0.0,6.0,18
11,4,0,0,32,188,9,1,8,4.12,0,TypeScript,2024-2026,1.0,0.17,0.1,0.41,14
11,4,0,0,24,33,1,0,1,3.0,1,TypeScript,2024-2026,0.4,0.71,0.0,1.5,14
11,4,0,0,94,2,5,1,2,4.0,1,TypeScript,2024-2026,0.4,31.33,0.17,0.67,15
13,4,0,0,247,182,8,0,1,5.0,1,TypeScript,2024-2026,0.4,1.35,0.0,0.56,18
13,4,0,0,212,17,7,1,7,4.43,1,TypeScript,2024-2026,0.4,11.78,0.12,0.55,16
14,4,0,0,1,4,1,0,0,0.0,1,TypeScript,2024-2026,0.4,0.2,0.0,0.0,19
5,5,1,1,81,70,44,0,0,0.0,0,TypeScript,2024-2026,1.0,1.14,0.0,0.0,0
10,5,1,0,247,23,4,0,3,9.33,0,TypeScript,2024-2026,1.0,10.29,0.0,1.87,3
12,5,1,0,112,112,59,0,0,0.0,0,TypeScript,2024-2026,1.0,0.99,0.0,0.0,0
12,5,1,0,1,13,2,0,0,0.0,0,TypeScript,2024-2026,1.0,0.07,0.0,0.0,0
14,5,1,0,64,64,59,0,0,0.0,0,TypeScript,2024-2026,1.0,0.98,0.0,0.0,0
14,5,1,0,1,13,2,0,0,0.0,0,TypeScript,2024-2026,1.0,0.07,0.0,0.0,0
1,6,1,1,176,11,7,1,13,4.08,0,TypeScript,2024-2026,1.0,14.67,0.12,0.51,0
2,0,0,1,113,115,66,0,0,0.0,0,TypeScript,2024-2026,1.0,0.97,0.0,0.0,0
8,0,0,0,9,3,3,0,0,0.0,0,TypeScript,2024-2026,1.0,2.25,0.0,0.0,17
8,0,0,0,62,1,4,1,4,2.25,1,TypeScript,2024-2026,0.4,31.0,0.2,0.45,17
10,0,0,0,3,1,2,0,0,0.0,0,TypeScript,2024-2026,1.0,1.5,0.0,0.0,3
10,0,0,0,0,19,5,0,2,1.5,0,TypeScript,2024-2026,1.0,0.0,0.0,0.25,3
11,0,0,0,41,1,3,0,7,3.29,0,TypeScript,2024-2026,1.0,20.5,0.0,0.82,3
11,0,0,0,6,0,1,0,0,0.0,0,TypeScript,2024-2026,1.0,6.0,0.0,0.0,0
11,0,0,0,1253,726,104,1,73,1.74,0,TypeScript,2024-2026,1.0,1.72,0.01,0.02,7
12,0,0,0,595,91,14,1,8,2.75,1,TypeScript,2024-2026,0.4,6.47,0.07,0.18,7
12,0,0,0,587,306,30,5,17,5.53,0,TypeScript,2024-2026,1.0,1.91,0.16,0.18,0
17,0,0,0,1204,1167,3,0,0,0.0,0,TypeScript,2024-2026,1.0,1.03,0.0,0.0,0
17,0,0,0,1977,297,8,0,73,5.25,0,TypeScript,2024-2026,1.0,6.63,0.0,0.58,3
9,1,0,0,14,0,1,0,0,0.0,0,TypeScript,2024-2026,1.0,14.0,0.0,0.0,8
11,1,0,0,600,17,8,0,13,8.69,1,TypeScript,2024-2026,0.4,33.33,0.0,0.97,2
12,1,0,0,452,2,4,0,7,1.43,0,TypeScript,2024-2026,1.0,150.67,0.0,0.29,0
12,1,0,0,23178,13062,452,15,445,6.77,0,TypeScript,2024-2026,1.0,1.77,0.03,0.01,20
15,1,0,0,294,111,7,1,4,4.75,1,TypeScript,2024-2026,0.4,2.62,0.12,0.59,18
16,1,0,0,1,0,1,0,0,0.0,0,TypeScript,2024-2026,1.0,1.0,0.0,0.0,19
18,1,0,0,60,10,3,0,0,0.0,0,TypeScript,2024-2026,1.0,5.45,0.0,0.0,0
18,1,0,0,0,430,2,0,6,3.33,0,TypeScript,2024-2026,1.0,0.0,0.0,1.11,0
18,1,0,0,347,58,20,3,14,8.5,0,TypeScript,2024-2026,1.0,5.88,0.14,0.4,0
18,1,0,0,2,2,2,0,0,0.0,0,TypeScript,2024-2026,1.0,0.67,0.0,0.0,0
0,2,0,1,20,10,3,0,4,4.0,0,TypeScript,2024-2026,1.0,1.82,0.0,1.0,0
1,2,0,1,562,249,24,2,13,15.46,0,TypeScript,2024-2026,1.0,2.25,0.08,0.62,0
10,2,0,0,338,233,27,2,10,6.6,0,TypeScript,2024-2026,1.0,1.44,0.07,0.24,0
10,2,0,0,1164,121,53,0,22,6.5,1,TypeScript,2024-2026,0.4,9.54,0.0,0.12,3
11,2,0,0,54,809,1,0,0,0.0,0,TypeScript,2024-2026,1.0,0.07,0.0,0.0,0
12,2,0,0,113,1097,39,9,39,4.92,1,TypeScript,2024-2026,0.4,0.1,0.22,0.12,4
12,2,0,0,214,34,14,1,15,3.87,1,TypeScript,2024-2026,0.4,6.11,0.07,0.26,19
18,2,0,0,452,285,29,0,30,112.4,0,TypeScript,2024-2026,1.0,1.58,0.0,3.75,0
21,2,0,0,752,44,10,3,3,5.0,1,TypeScript,2024-2026,0.4,16.71,0.27,0.45,20
8,3,0,0,156,2,6,1,0,0.0,1,TypeScript,2024-2026,0.4,52.0,0.14,0.0,21
9,3,0,0,330,45,17,0,12,7.83,0,TypeScript,2024-2026,1.0,7.17,0.0,0.44,0
11,3,0,0,24,16,2,0,3,8.33,1,TypeScript,2024-2026,0.4,1.41,0.0,2.78,0
11,3,0,0,39,33,2,0,5,1.0,1,TypeScript,2024-2026,0.4,1.15,0.0,0.33,8
14,3,0,0,734,420,47,0,75,1.4,0,TypeScript,2024-2026,1.0,1.74,0.0,0.03,0
15,3,0,0,682,265,50,0,7,5.43,1,TypeScript,2024-2026,0.4,2.56,0.0,0.11,9
16,3,0,0,971,469,35,2,32,8.06,0,TypeScript,2024-2026,1.0,2.07,0.06,0.22,0
16,3,0,0,2056,28,37,0,54,1.63,0,TypeScript,2024-2026,1.0,70.9,0.0,0.04,20
17,3,0,0,714,244,55,5,38,14.29,0,TypeScript,2024-2026,1.0,2.91,0.09,0.26,0
18,3,0,0,70,0,3,0,0,0.0,0,TypeScript,2024-2026,1.0,70.0,0.0,0.0,0
23,3,0,1,2830,2965,43,0,5,8.0,0,TypeScript,2024-2026,1.0,0.95,0.0,0.18,22
4,4,0,1,48,48,13,0,0,0.0,1,TypeScript,2024-2026,0.4,0.98,0.0,0.0,22
5,4,0,1,1,8,3,0,3,5.33,1,TypeScript,2024-2026,0.4,0.11,0.0,1.33,23
5,4,0,1,2,54,2,0,1,150.0,0,TypeScript,2024-2026,1.0,0.04,0.0,50.0,24
8,4,0,0,1,1,1,0,0,0.0,1,TypeScript,2024-2026,0.4,0.5,0.0,0.0,10
8,4,0,0,254,55,27,2,9,6.78,1,TypeScript,2024-2026,0.4,4.54,0.07,0.24,0
11,4,0,0,50,2,7,0,0,0.0,0,TypeScript,2024-2026,1.0,16.67,0.0,0.0,0
12,4,0,0,192,438,43,0,9,4.22,0,TypeScript,2024-2026,1.0,0.44,0.0,0.1,24
12,4,0,0,6508,827,42,11,106,6.73,1,TypeScript,2024-2026,0.4,7.86,0.26,0.16,1
14,4,0,0,393,66,15,1,23,2.61,0,TypeScript,2024-2026,1.0,5.87,0.06,0.16,1
14,4,0,0,137,278,19,0,27,2.41,1,TypeScript,2024-2026,0.4,0.49,0.0,0.12,20
17,4,0,0,234,52,53,1,13,3.92,1,TypeScript,2024-2026,0.4,4.42,0.02,0.07,2
15,2,0,0,16,1,2,0,0,0.0,0,TypeScript,2018-2020,1.0,8.0,0.0,0.0,0
23,2,0,1,1,1,1,0,0,0.0,0,TypeScript,2018-2020,1.0,0.5,0.0,0.0,0
19,4,0,0,15,0,3,1,0,0.0,0,TypeScript,2018-2020,1.0,15.0,0.25,0.0,0
22,6,1,1,298,284,4,0,0,0.0,0,TypeScript,2018-2020,1.0,1.05,0.0,0.0,0
10,0,0,0,296,267,9,1,24,2.5,0,TypeScript,2018-2020,1.0,1.1,0.1,0.25,0
16,0,0,0,1,1,1,0,0,0.0,0,TypeScript,2018-2020,1.0,0.5,0.0,0.0,0
18,0,0,0,4,4,1,0,3,1.33,0,TypeScript,2018-2020,1.0,0.8,0.0,0.66,0
22,6,1,1,1386,797,4,0,0,0.0,0,TypeScript,2018-2020,1.0,1.74,0.0,0.0,0
11,1,0,0,35,0,5,1,3,6.67,0,TypeScript,2018-2020,1.0,35.0,0.17,1.11,0
18,1,0,0,1,1,1,0,0,0.0,0,TypeScript,2018-2020,1.0,0.5,0.0,0.0,0
18,5,1,0,67,70,3,0,0,0.0,0,TypeScript,2018-2020,1.0,0.94,0.0,0.0,0
11,0,0,0,553,407,4,0,0,0.0,0,TypeScript,2018-2020,1.0,1.36,0.0,0.0,0
15,1,0,0,58,1,5,0,3,1.67,0,TypeScript,2018-2020,1.0,29.0,0.0,0.28,0
21,2,0,0,5,5,2,0,0,0.0,0,TypeScript,2018-2020,1.0,0.83,0.0,0.0,0
9,4,0,0,12,3,3,0,0,0.0,0,TypeScript,2018-2020,1.0,3.0,0.0,0.0,0
11,0,0,0,336,501,4,0,0,0.0,0,TypeScript,2018-2020,1.0,0.67,0.0,0.0,0
10,1,0,0,10,0,2,0,0,0.0,0,TypeScript,2018-2020,1.0,10.0,0.0,0.0,0
10,1,0,0,202,10,6,1,12,2.25,0,TypeScript,2018-2020,1.0,18.36,0.14,0.32,0
19,1,0,0,296,4,12,4,7,3.0,0,TypeScript,2018-2020,1.0,59.2,0.31,0.23,0
8,2,0,0,7,4,4,0,4,4.25,0,TypeScript,2018-2020,1.0,1.4,0.0,0.85,0
21,3,0,0,150,1,8,8,9,1.0,0,TypeScript,2018-2020,1.0,75.0,0.89,0.11,0
12,0,0,0,431,20,14,0,1,17.0,0,TypeScript,2018-2020,1.0,20.52,0.0,1.13,0
12,0,0,0,24,6,4,0,1,10.0,0,TypeScript,2018-2020,1.0,3.43,0.0,2.0,0
12,0,0,0,408,417,4,0,0,0.0,0,TypeScript,2018-2020,1.0,0.98,0.0,0.0,0
20,4,0,0,5,5,2,0,0,0.0,0,TypeScript,2018-2020,1.0,0.83,0.0,0.0,0
1,1,0,1,108,63,3,0,5,1.4,0,TypeScript,2018-2020,1.0,1.69,0.0,0.35,0
10,1,0,0,208,196,24,0,10,1.1,0,TypeScript,2018-2020,1.0,1.06,0.0,0.04,0
22,2,0,1,33,33,2,0,6,1.33,0,TypeScript,2018-2020,1.0,0.97,0.0,0.44,0
1,3,0,1,126,2,1,1,1,1.0,0,TypeScript,2018-2020,1.0,42.0,0.5,0.5,0
11,4,0,0,2,1,1,0,1,1.0,0,TypeScript,2018-2020,1.0,1.0,0.0,0.5,0
1,6,1,1,11,13,1,0,3,1.67,0,TypeScript,2018-2020,1.0,0.79,0.0,0.84,0
1,6,1,1,85,82,4,2,14,1.43,0,TypeScript,2018-2020,1.0,1.02,0.4,0.29,0
19,6,1,0,1,1,1,0,1,2.0,0,TypeScript,2018-2020,1.0,0.5,0.0,1.0,0
9,0,0,0,6,2,1,1,1,1.0,0,TypeScript,2018-2020,1.0,2.0,0.5,0.5,0
11,0,0,0,2823,1271,4,0,0,0.0,0,TypeScript,2018-2020,1.0,2.22,0.0,0.0,0
21,2,0,0,150,124,2,0,0,0.0,0,TypeScript,2018-2020,1.0,1.2,0.0,0.0,0
9,0,0,0,155,155,4,0,0,0.0,0,TypeScript,2018-2020,1.0,0.99,0.0,0.0,0
9,0,0,0,20,2,2,1,2,5.0,0,TypeScript,2018-2020,1.0,6.67,0.33,1.67,0
9,0,0,0,40,16,5,2,3,6.33,0,TypeScript,2018-2020,1.0,2.35,0.33,1.06,0
9,0,0,0,10,1,2,1,2,1.0,0,TypeScript,2018-2020,1.0,5.0,0.33,0.33,0
12,1,0,0,28,6,4,0,3,9.0,0,TypeScript,2018-2020,1.0,4.0,0.0,1.8,0
15,1,0,0,30,10,1,0,1,2.0,0,TypeScript,2018-2020,1.0,2.73,0.0,1.0,0
15,1,0,0,20,5,6,0,0,0.0,0,TypeScript,2018-2020,1.0,3.33,0.0,0.0,0
11,2,0,0,3,2,1,0,1,2.0,0,TypeScript,2018-2020,1.0,1.0,0.0,1.0,0
14,2,0,0,14,5,6,0,0,0.0,0,TypeScript,2018-2020,1.0,2.33,0.0,0.0,0
20,2,0,0,143,43,11,0,13,2.69,0,TypeScript,2018-2020,1.0,3.25,0.0,0.22,0
8,3,0,0,1,0,1,0,0,0.0,0,TypeScript,2018-2020,1.0,1.0,0.0,0.0,0
15,4,0,0,10,7,3,0,3,1.0,0,TypeScript,2018-2020,1.0,1.25,0.0,0.25,0
8,5,1,0,15,5,6,0,0,0.0,0,TypeScript,2018-2020,1.0,2.5,0.0,0.0,0
22,6,1,1,147,62,2,1,2,2.0,0,TypeScript,2018-2020,1.0,2.33,0.33,0.67,0
11,0,0,0,324,1111,4,0,0,0.0,0,TypeScript,2018-2020,1.0,0.29,0.0,0.0,0
22,1,0,1,61,33,1,0,6,2.0,0,TypeScript,2018-2020,1.0,1.79,0.0,1.0,0
16,2,0,0,2,2,1,0,0,0.0,0,TypeScript,2018-2020,1.0,0.67,0.0,0.0,0
11,0,0,0,797,728,4,0,0,0.0,0,TypeScript,2018-2020,1.0,1.09,0.0,0.0,0
22,0,0,1,86,0,6,1,5,2.0,0,TypeScript,2018-2020,1.0,86.0,0.14,0.29,0
22,0,0,1,4,2,1,0,1,2.0,0,TypeScript,2018-2020,1.0,1.33,0.0,1.0,0
22,0,0,1,78,9,4,0,2,1.0,0,TypeScript,2018-2020,1.0,7.8,0.0,0.2,0
9,4,0,0,5,1,1,1,1,1.0,0,TypeScript,2018-2020,1.0,2.5,0.5,0.5,0
9,0,0,0,411,1071,4,0,0,0.0,0,TypeScript,2018-2020,1.0,0.38,0.0,0.0,0
9,0,0,0,71,57,1,0,7,4.86,0,TypeScript,2018-2020,1.0,1.22,0.0,2.43,0
14,0,0,0,223,87,2,0,8,4.38,0,TypeScript,2018-2020,1.0,2.53,0.0,1.46,0
15,0,0,0,3447,3659,241,2,142,2.65,0,TypeScript,2018-2020,1.0,0.94,0.01,0.01,0
15,0,0,0,24,1,2,0,0,0.0,0,TypeScript,2018-2020,1.0,12.0,0.0,0.0,0
18,0,0,0,175,15,3,0,14,4.21,0,TypeScript,2018-2020,1.0,10.94,0.0,1.05,0
19,0,0,0,35,2,5,0,5,2.8,0,TypeScript,2018-2020,1.0,11.67,0.0,0.47,0
12,1,0,0,185,81,2,0,2,2.0,0,TypeScript,2018-2020,1.0,2.26,0.0,0.67,0
12,1,0,0,6,6,2,0,0,0.0,0,TypeScript,2018-2020,1.0,0.86,0.0,0.0,0
12,1,0,0,13,1,2,0,0,0.0,0,TypeScript,2018-2020,1.0,6.5,0.0,0.0,0
15,1,0,0,3,1,1,0,0,0.0,0,TypeScript,2018-2020,1.0,1.5,0.0,0.0,0
15,1,0,0,6,9,2,0,1,1.0,0,TypeScript,2018-2020,1.0,0.6,0.0,0.33,0
16,1,0,0,33,13,6,0,0,0.0,0,TypeScript,2018-2020,1.0,2.36,0.0,0.0,0
9,2,0,0,8,8,3,0,0,0.0,0,TypeScript,2018-2020,1.0,0.89,0.0,0.0,0
9,2,0,0,20,14,4,0,1,1.0,0,TypeScript,2018-2020,1.0,1.33,0.0,0.2,0
9,2,0,0,1,1,1,0,0,0.0,0,TypeScript,2018-2020,1.0,0.5,0.0,0.0,0
12,3,0,0,86,32,3,1,6,2.67,0,TypeScript,2018-2020,1.0,2.61,0.25,0.67,0
13,3,0,0,86,32,3,1,6,2.67,0,TypeScript,2018-2020,1.0,2.61,0.25,0.67,0
13,3,0,0,12,4,2,0,1,5.0,0,TypeScript,2018-2020,1.0,2.4,0.0,1.67,0
20,3,0,0,1,1,1,0,1,5.0,0,TypeScript,2018-2020,1.0,0.5,0.0,2.5,0
8,4,0,0,23,1,2,0,0,0.0,0,TypeScript,2018-2020,1.0,11.5,0.0,0.0,0
13,4,0,0,0,7,1,0,0,0.0,0,TypeScript,2018-2020,1.0,0.0,0.0,0.0,0
13,4,0,0,707,95,15,1,2,1.0,0,TypeScript,2018-2020,1.0,7.36,0.06,0.06,0
15,4,0,0,62,27,7,0,10,4.3,0,TypeScript,2018-2020,1.0,2.21,0.0,0.54,0
15,4,0,0,12,1,2,0,0,0.0,0,TypeScript,2018-2020,1.0,6.0,0.0,0.0,0
7,5,1,0,33,20,4,0,5,1.4,0,TypeScript,2018-2020,1.0,1.57,0.0,0.28,0
8,5,1,0,20,8,7,0,0,0.0,0,TypeScript,2018-2020,1.0,2.22,0.0,0.0,0
13,6,1,0,1,0,1,0,0,0.0,0,TypeScript,2018-2020,1.0,1.0,0.0,0.0,0
13,6,1,0,17,14,3,0,2,1.0,0,TypeScript,2018-2020,1.0,1.13,0.0,0.25,0
14,6,1,0,14,1,2,0,0,0.0,0,TypeScript,2018-2020,1.0,7.0,0.0,0.0,0
9,0,0,0,222,277,4,0,0,0.0,0,TypeScript,2018-2020,1.0,0.8,0.0,0.0,0
10,1,0,0,28,2,2,1,1,1.0,0,TypeScript,2018-2020,1.0,9.33,0.33,0.33,0
10,1,0,0,1,1,1,0,1,2.0,0,TypeScript,2018-2020,1.0,0.5,0.0,1.0,0
10,1,0,0,9,3,1,0,1,17.0,0,TypeScript,2018-2020,1.0,2.25,0.0,8.5,0
22,1,0,1,2,0,2,1,1,1.0,0,TypeScript,2018-2020,1.0,2.0,0.33,0.33,0
1,2,0,1,54,39,10,0,1,1.0,0,TypeScript,2018-2020,1.0,1.35,0.0,0.09,0
10,3,0,0,7,7,4,0,0,0.0,0,TypeScript,2018-2020,1.0,0.88,0.0,0.0,0
9,0,0,0,4,1,1,0,2,5.0,0,TypeScript,2018-2020,1.0,2.0,0.0,2.5,0
9,0,0,0,1,1,1,0,1,1.0,0,TypeScript,2018-2020,1.0,0.5,0.0,0.5,0
11,0,0,0,413,436,4,0,0,0.0,0,TypeScript,2018-2020,1.0,0.95,0.0,0.0,0
14,0,0,0,13,4,5,0,0,0.0,0,TypeScript,2018-2020,1.0,2.6,0.0,0.0,0
9,1,0,0,31,0,6,2,3,1.0,0,TypeScript,2018-2020,1.0,31.0,0.29,0.14,0
13,1,0,0,6,0,1,0,1,10.0,0,TypeScript,2018-2020,1.0,6.0,0.0,5.0,0
14,1,0,0,15,6,5,0,0,0.0,0,TypeScript,2018-2020,1.0,2.14,0.0,0.0,0
15,1,0,0,14,25,2,0,2,1.5,0,TypeScript,2018-2020,1.0,0.54,0.0,0.5,0
13,2,0,0,72,13,7,0,6,1.5,0,TypeScript,2018-2020,1.0,5.14,0.0,0.19,0
13,2,0,0,15,0,1,0,2,11.5,0,TypeScript,2018-2020,1.0,15.0,0.0,5.75,0
13,2,0,0,41,10,3,0,6,1.83,0,TypeScript,2018-2020,1.0,3.73,0.0,0.46,0
13,3,0,0,107,100,11,0,10,2.0,0,TypeScript,2018-2020,1.0,1.06,0.0,0.17,0
13,3,0,0,18,1,2,0,0,0.0,0,TypeScript,2018-2020,1.0,9.0,0.0,0.0,0
10,4,0,0,11,6,4,0,0,0.0,0,TypeScript,2018-2020,1.0,1.57,0.0,0.0,0
11,4,0,0,1,389,12,2,4,1.0,0,TypeScript,2018-2020,1.0,0.0,0.15,0.08,0
14,4,0,0,3,157,10,2,3,1.0,0,TypeScript,2018-2020,1.0,0.02,0.18,0.09,0
2,0,0,1,204,173,4,0,0,0.0,0,TypeScript,2018-2020,1.0,1.17,0.0,0.0,0
20,0,0,0,41,0,2,0,2,3.5,0,TypeScript,2018-2020,1.0,41.0,0.0,1.17,0
0,1,0,1,17,8,2,0,1,5.0,0,TypeScript,2018-2020,1.0,1.89,0.0,1.67,0
9,1,0,0,94,3,6,2,6,1.33,0,TypeScript,2018-2020,1.0,23.5,0.29,0.19,0
9,1,0,0,21,55,6,1,2,1.0,0,TypeScript,2018-2020,1.0,0.38,0.14,0.14,0
11,1,0,0,2,2,1,0,1,5.0,0,TypeScript,2018-2020,1.0,0.67,0.0,2.5,0
12,1,0,0,37,40,3,0,3,3.67,0,TypeScript,2018-2020,1.0,0.9,0.0,0.92,0
17,1,0,0,4,2,1,0,1,4.0,0,TypeScript,2018-2020,1.0,1.33,0.0,2.0,0
9,2,0,0,34,168,9,2,10,4.4,0,TypeScript,2018-2020,1.0,0.2,0.2,0.44,0
11,2,0,0,195,190,20,3,6,3.5,0,TypeScript,2018-2020,1.0,1.02,0.14,0.17,0
14,2,0,0,101,88,9,3,6,4.17,0,TypeScript,2018-2020,1.0,1.13,0.3,0.42,0
18,2,0,0,23,118,1,0,0,0.0,0,TypeScript,2018-2020,1.0,0.19,0.0,0.0,0
20,3,0,0,2,0,1,0,0,0.0,0,TypeScript,2018-2020,1.0,2.0,0.0,0.0,0
22,3,0,1,7,7,1,0,0,0.0,0,TypeScript,2018-2020,1.0,0.88,0.0,0.0,0
11,4,0,0,12,18,3,0,2,1.0,0,TypeScript,2018-2020,1.0,0.63,0.0,0.25,0
11,4,0,0,8,164,12,2,6,3.5,0,TypeScript,2018-2020,1.0,0.05,0.15,0.27,0
11,4,0,0,39,71,14,1,5,4.0,0,TypeScript,2018-2020,1.0,0.54,0.07,0.27,0
11,4,0,0,151,302,18,3,11,3.27,0,TypeScript,2018-2020,1.0,0.5,0.16,0.17,0
12,4,0,0,23,0,6,2,4,3.75,0,TypeScript,2018-2020,1.0,23.0,0.29,0.54,0
18,4,0,0,5,11,2,1,1,1.0,0,TypeScript,2018-2020,1.0,0.42,0.33,0.33,0
13,6,1,0,1,1,1,0,0,0.0,0,TypeScript,2018-2020,1.0,0.5,0.0,0.0,0
18,6,1,0,10,5,2,0,1,1.0,0,TypeScript,2018-2020,1.0,1.67,0.0,0.33,0
23,6,1,1,280,208,4,0,0,0.0,0,TypeScript,2018-2020,1.0,1.34,0.0,0.0,0
9,0,0,0,103,131,12,2,5,1.6,0,TypeScript,2018-2020,1.0,0.78,0.15,0.12,0
11,1,0,0,2,3,1,0,0,0.0,0,TypeScript,2018-2020,1.0,0.5,0.0,0.0,0
12,1,0,0,12,33,10,0,3,1.0,0,TypeScript,2018-2020,1.0,0.35,0.0,0.09,0
17,1,0,0,13,6,2,1,1,1.0,0,TypeScript,2018-2020,1.0,1.86,0.33,0.33,0
9,2,0,0,52,260,20,2,7,1.14,0,TypeScript,2018-2020,1.0,0.2,0.1,0.05,0
15,2,0,0,6,1,1,0,2,6.5,0,TypeScript,2018-2020,1.0,3.0,0.0,3.25,0
16,2,0,0,38,12,5,2,3,4.0,0,TypeScript,2018-2020,1.0,2.92,0.33,0.67,0
23,2,0,1,23,1,3,1,5,2.2,0,TypeScript,2018-2020,1.0,11.5,0.25,0.55,0
19,3,0,0,87,2,4,1,3,6.0,0,TypeScript,2018-2020,1.0,29.0,0.2,1.2,0
19,3,0,0,55,2,2,0,1,1.0,0,TypeScript,2018-2020,1.0,18.33,0.0,0.33,0
19,3,0,0,11,11,2,1,3,4.67,0,TypeScript,2018-2020,1.0,0.92,0.33,1.56,0
19,3,0,0,16,14,2,1,3,5.0,0,TypeScript,2018-2020,1.0,1.07,0.33,1.67,0
20,3,0,0,11,11,2,0,0,0.0,0,TypeScript,2018-2020,1.0,0.92,0.0,0.0,0
8,4,0,0,6,7,5,0,1,15.0,0,TypeScript,2018-2020,1.0,0.75,0.0,2.5,0
8,4,0,0,15,0,1,0,0,0.0,0,TypeScript,2018-2020,1.0,15.0,0.0,0.0,0
10,4,0,0,6,22,6,2,4,1.75,0,TypeScript,2018-2020,1.0,0.26,0.29,0.25,0
10,4,0,0,144,76,5,1,4,1.25,0,TypeScript,2018-2020,1.0,1.87,0.17,0.21,0
14,4,0,0,1,1,1,0,2,9.0,0,TypeScript,2018-2020,1.0,0.5,0.0,4.5,0
14,4,0,0,8,23,1,1,1,1.0,0,TypeScript,2018-2020,1.0,0.33,0.5,0.5,0
16,4,0,0,2,2,2,0,1,4.0,0,TypeScript,2018-2020,1.0,0.67,0.0,1.33,0
10,0,0,0,122,15,3,2,2,1.0,0,TypeScript,2018-2020,1.0,7.62,0.5,0.25,0
13,1,0,0,1213,547,4,0,0,0.0,0,TypeScript,2018-2020,1.0,2.21,0.0,0.0,0
22,1,0,1,24,12,5,0,4,4.25,0,TypeScript,2018-2020,1.0,1.85,0.0,0.71,0
22,1,0,1,9,0,1,0,0,0.0,0,TypeScript,2018-2020,1.0,9.0,0.0,0.0,0
9,2,0,0,118,4,3,2,2,1.0,0,TypeScript,2018-2020,1.0,23.6,0.5,0.25,0
10,2,0,0,6,1,2,0,0,0.0,0,TypeScript,2018-2020,1.0,3.0,0.0,0.0,0
23,3,0,1,5,3,2,1,1,1.0,0,TypeScript,2018-2020,1.0,1.25,0.33,0.33,0
9,0,0,0,119,114,4,0,0,0.0,0,TypeScript,2018-2020,1.0,1.03,0.0,0.0,0
7,1,0,0,1,1,1,0,0,0.0,0,TypeScript,2018-2020,1.0,0.5,0.0,0.0,0
14,2,0,0,1,1,1,0,0,0.0,0,TypeScript,2018-2020,1.0,0.5,0.0,0.0,0
15,3,0,0,1,4,1,0,0,0.0,0,TypeScript,2018-2020,1.0,0.2,0.0,0.0,0
17,3,0,0,1,1,1,0,0,0.0,0,TypeScript,2018-2020,1.0,0.5,0.0,0.0,0
9,0,0,0,166,208,4,0,0,0.0,0,TypeScript,2018-2020,1.0,0.79,0.0,0.0,0
16,0,0,0,9,4,2,1,1,1.0,0,TypeScript,2018-2020,1.0,1.8,0.33,0.33,0
20,1,0,0,2,2,1,0,0,0.0,0,TypeScript,2018-2020,1.0,0.67,0.0,0.0,0
20,1,0,0,11,2,1,0,0,0.0,0,TypeScript,2018-2020,1.0,3.67,0.0,0.0,0
20,1,0,0,18,14,1,0,0,0.0,0,TypeScript,2018-2020,1.0,1.2,0.0,0.0,0
10,2,0,0,4,2,2,0,2,3.0,0,TypeScript,2018-2020,1.0,1.33,0.0,1.0,0
14,3,0,0,8,5,1,0,0,0.0,0,TypeScript,2018-2020,1.0,1.33,0.0,0.0,0
14,3,0,0,10,9,1,0,0,0.0,0,TypeScript,2018-2020,1.0,1.0,0.0,0.0,0
19,3,0,0,14,2,6,0,5,18.6,0,TypeScript,2018-2020,1.0,4.67,0.0,2.66,0
23,3,0,1,7,5,3,0,3,15.33,0,TypeScript,2018-2020,1.0,1.17,0.0,3.83,0
0,4,0,1,16,7,5,0,1,21.0,0,TypeScript,2018-2020,1.0,2.0,0.0,3.5,0
10,4,0,0,43,30,6,1,1,1.0,0,TypeScript,2018-2020,1.0,1.39,0.14,0.14,0
20,5,1,0,58,58,1,0,0,0.0,0,TypeScript,2018-2020,1.0,0.98,0.0,0.0,0
12,6,1,0,54,3,1,0,0,0.0,0,TypeScript,2018-2020,1.0,13.5,0.0,0.0,0
21,6,1,0,186,9,8,2,3,4.67,0,TypeScript,2018-2020,1.0,18.6,0.22,0.52,0
9,1,0,0,1,1,1,0,1,1.0,0,TypeScript,2018-2020,1.0,0.5,0.0,0.5,0
15,1,0,0,332,316,1093,220,16,3.31,0,TypeScript,2018-2020,1.0,1.05,0.2,0.0,0
16,1,0,0,62,34,1,1,1,1.0,0,TypeScript,2018-2020,1.0,1.77,0.5,0.5,0
17,2,0,0,22,3,2,0,0,0.0,0,TypeScript,2018-2020,1.0,5.5,0.0,0.0,0
14,3,0,0,1,1,1,0,2,2.0,0,TypeScript,2018-2020,1.0,0.5,0.0,1.0,0
14,3,0,0,1,1,1,0,0,0.0,0,TypeScript,2018-2020,1.0,0.5,0.0,0.0,0
8,6,1,0,1,1,1,0,0,0.0,0,TypeScript,2018-2020,1.0,0.5,0.0,0.0,0
14,6,1,0,4,4,1,0,0,0.0,0,TypeScript,2018-2020,1.0,0.8,0.0,0.0,0
8,0,0,0,59,83,2,0,2,2.5,0,TypeScript,2018-2020,1.0,0.7,0.0,0.83,0
10,1,0,0,43,12,2,1,4,3.0,0,TypeScript,2018-2020,1.0,3.31,0.33,1.0,0
10,1,0,0,62,35,13,1,5,4.2,0,TypeScript,2018-2020,1.0,1.72,0.07,0.3,0
23,1,0,1,16,1,2,0,3,2.0,0,TypeScript,2018-2020,1.0,8.0,0.0,0.67,0
9,2,0,0,26,27,4,0,0,0.0,0,TypeScript,2018-2020,1.0,0.93,0.0,0.0,0
11,2,0,0,1,1,1,0,0,0.0,0,TypeScript,2018-2020,1.0,0.5,0.0,0.0,0
11,2,0,0,20,2,3,0,0,0.0,0,TypeScript,2018-2020,1.0,6.67,0.0,0.0,0
8,3,0,0,1,1,1,0,0,0.0,0,TypeScript,2018-2020,1.0,0.5,0.0,0.0,0
8,3,0,0,20,7,4,0,0,0.0,0,TypeScript,2018-2020,1.0,2.5,0.0,0.0,0
8,3,0,0,1,1,1,0,0,0.0,0,TypeScript,2018-2020,1.0,0.5,0.0,0.0,0
8,3,0,0,41,23,1,0,5,3.8,0,TypeScript,2018-2020,1.0,1.71,0.0,1.9,0
8,3,0,0,3,0,1,0,0,0.0,0,TypeScript,2018-2020,1.0,3.0,0.0,0.0,0
8,3,0,0,14,3,4,0,0,0.0,0,TypeScript,2018-2020,1.0,3.5,0.0,0.0,0
18,4,0,0,51,18,2,0,0,0.0,0,TypeScript,2018-2020,1.0,2.68,0.0,0.0,0
18,5,1,0,2,1,1,0,0,0.0,0,TypeScript,2018-2020,1.0,1.0,0.0,0.0,0
18,5,1,0,29,16,2,0,0,0.0,0,TypeScript,2018-2020,1.0,1.71,0.0,0.0,0
18,5,1,0,17,8,6,0,0,0.0,0,TypeScript,2018-2020,1.0,1.89,0.0,0.0,0
10,0,0,0,1,1,1,0,0,0.0,0,TypeScript,2018-2020,1.0,0.5,0.0,0.0,0
10,1,0,0,35,25,1,0,1,1.0,0,TypeScript,2018-2020,1.0,1.35,0.0,0.5,0
8,2,0,0,0,1,1,0,1,38.0,0,TypeScript,2018-2020,1.0,0.0,0.0,19.0,0
9,6,1,0,1,1,1,0,1,1.0,0,TypeScript,2018-2020,1.0,0.5,0.0,0.5,0
19,6,1,0,48,14,4,1,4,7.25,0,TypeScript,2018-2020,1.0,3.2,0.2,1.45,0
8,2,0,0,28,8,3,0,6,2.33,0,TypeScript,2018-2020,1.0,3.11,0.0,0.58,0
11,2,0,0,23,7,6,0,0,0.0,0,TypeScript,2018-2020,1.0,2.88,0.0,0.0,0
14,2,0,0,9,21,7,1,1,10.0,0,TypeScript,2018-2020,1.0,0.41,0.12,1.25,0
14,2,0,0,11,2,3,0,0,0.0,0,TypeScript,2018-2020,1.0,3.67,0.0,0.0,0
16,2,0,0,20,0,1,0,0,0.0,0,TypeScript,2018-2020,1.0,20.0,0.0,0.0,0
16,2,0,0,3,2,1,0,2,1.0,0,TypeScript,2018-2020,1.0,1.0,0.0,0.5,0
23,3,0,1,1,1,1,0,0,0.0,0,TypeScript,2018-2020,1.0,0.5,0.0,0.0,0
9,4,0,0,1,1,1,0,0,0.0,0,TypeScript,2018-2020,1.0,0.5,0.0,0.0,0
10,4,0,0,2,1,2,0,0,0.0,0,TypeScript,2018-2020,1.0,1.0,0.0,0.0,0
10,4,0,0,11,1,2,0,0,0.0,0,TypeScript,2018-2020,1.0,5.5,0.0,0.0,0
15,4,0,0,68,75,17,1,9,3.0,0,TypeScript,2018-2020,1.0,0.89,0.06,0.17,0
16,4,0,0,1,1,1,0,0,0.0,0,TypeScript,2018-2020,1.0,0.5,0.0,0.0,0
22,4,0,1,45,8,6,0,4,1.5,0,TypeScript,2018-2020,1.0,5.0,0.0,0.21,0
23,4,0,1,11,2,3,0,0,0.0,0,TypeScript,2018-2020,1.0,3.67,0.0,0.0,0
9,6,1,0,1,1,1,0,0,0.0,0,TypeScript,2018-2020,1.0,0.5,0.0,0.0,0
8,1,0,0,33,27,3,0,9,1.78,0,TypeScript,2018-2020,1.0,1.18,0.0,0.44,0
8,1,0,0,1,1,1,0,0,0.0,0,TypeScript,2018-2020,1.0,0.5,0.0,0.0,0
8,1,0,0,13,2,3,0,0,0.0,0,TypeScript,2018-2020,1.0,4.33,0.0,0.0,0
7,2,0,0,1,1,1,0,1,1.0,0,TypeScript,2018-2020,1.0,0.5,0.0,0.5,0
16,2,0,0,1,1,1,0,0,0.0,0,TypeScript,2018-2020,1.0,0.5,0.0,0.0,0
16,2,0,0,2,0,1,0,0,0.0,0,TypeScript,2018-2020,1.0,2.0,0.0,0.0,0
19,2,0,0,16,1,2,0,0,0.0,0,TypeScript,2018-2020,1.0,8.0,0.0,0.0,0
20,2,0,0,5,5,2,0,0,0.0,0,TypeScript,2018-2020,1.0,0.83,0.0,0.0,0
20,2,0,0,1,1,1,1,1,1.0,0,TypeScript,2018-2020,1.0,0.5,0.5,0.5,0
8,3,0,0,1,1,1,0,0,0.0,0,TypeScript,2018-2020,1.0,0.5,0.0,0.0,0
9,3,0,0,19,1,2,1,1,1.0,0,TypeScript,2018-2020,1.0,9.5,0.33,0.33,0
10,3,0,0,18,0,1,1,2,1.0,0,TypeScript,2018-2020,1.0,18.0,0.5,0.5,0
10,3,0,0,1,1,1,0,0,0.0,0,TypeScript,2018-2020,1.0,0.5,0.0,0.0,0
13,3,0,0,0,1,1,0,0,0.0,0,TypeScript,2018-2020,1.0,0.0,0.0,0.0,0
14,5,1,0,3,1,1,0,0,0.0,0,TypeScript,2018-2020,1.0,1.5,0.0,0.0,0
14,5,1,0,11,2,3,0,0,0.0,0,TypeScript,2018-2020,1.0,3.67,0.0,0.0,0
8,1,0,0,134,3,3,1,7,8.14,0,TypeScript,2018-2020,1.0,33.5,0.25,2.04,0
8,1,0,0,1586,1331,4,0,0,0.0,0,TypeScript,2018-2020,1.0,1.19,0.0,0.0,0
8,1,0,0,1,1,1,0,0,0.0,0,TypeScript,2018-2020,1.0,0.5,0.0,0.0,0
11,1,0,0,5,5,2,0,0,0.0,0,TypeScript,2018-2020,1.0,0.83,0.0,0.0,0
15,1,0,0,33,15,2,0,0,0.0,0,TypeScript,2018-2020,1.0,2.06,0.0,0.0,0
16,1,0,0,14,11,2,0,1,26.0,0,TypeScript,2018-2020,1.0,1.17,0.0,8.67,0
14,3,0,0,2,0,1,0,0,0.0,0,TypeScript,2018-2020,1.0,2.0,0.0,0.0,0
8,4,0,0,4,0,1,0,0,0.0,0,TypeScript,2018-2020,1.0,4.0,0.0,0.0,0
8,4,0,0,3,0,1,0,0,0.0,0,TypeScript,2018-2020,1.0,3.0,0.0,0.0,0
14,4,0,0,300,130,2,0,0,0.0,0,TypeScript,2018-2020,1.0,2.29,0.0,0.0,0
21,4,0,0,2,2,1,0,0,0.0,0,TypeScript,2018-2020,1.0,0.67,0.0,0.0,0
9,5,1,0,1,1,1,0,1,1.0,0,TypeScript,2018-2020,1.0,0.5,0.0,0.5,0
9,5,1,0,16,1,2,0,0,0.0,0,TypeScript,2018-2020,1.0,8.0,0.0,0.0,0
12,5,1,0,15,1,1,0,0,0.0,0,TypeScript,2018-2020,1.0,7.5,0.0,0.0,0
12,5,1,0,6,2,1,0,0,0.0,0,TypeScript,2018-2020,1.0,2.0,0.0,0.0,0
19,0,0,0,2,2,1,0,0,0.0,0,TypeScript,2018-2020,1.0,0.67,0.0,0.0,0
11,1,0,0,46,19,2,1,4,4.25,1,TypeScript,2018-2020,0.4,2.3,0.33,1.42,0
11,1,0,0,11,9,1,0,1,1.0,0,TypeScript,2018-2020,1.0,1.1,0.0,0.5,1
13,1,0,0,1,0,1,0,0,0.0,0,TypeScript,2018-2020,1.0,1.0,0.0,0.0,1
9,2,0,0,5,0,1,0,0,0.0,0,TypeScript,2018-2020,1.0,5.0,0.0,0.0,1
12,2,0,0,5,5,2,0,0,0.0,0,TypeScript,2018-2020,1.0,0.83,0.0,0.0,0
22,2,0,1,19,24,4,1,10,4.3,0,TypeScript,2018-2020,1.0,0.76,0.2,0.86,1
8,3,0,0,22,13,1,0,1,1.0,0,TypeScript,2018-2020,1.0,1.57,0.0,0.5,1
9,4,0,0,1,0,1,0,0,0.0,0,TypeScript,2018-2020,1.0,1.0,0.0,0.0,0
11,5,1,0,31,30,5,1,18,3.17,0,TypeScript,2018-2020,1.0,1.0,0.17,0.53,1
16,5,1,0,1,0,1,0,0,0.0,0,TypeScript,2018-2020,1.0,1.0,0.0,0.0,0
16,5,1,0,387,7,4,1,11,4.27,0,TypeScript,2018-2020,1.0,48.38,0.2,0.85,0
16,5,1,0,117,3,3,1,8,4.12,0,TypeScript,2018-2020,1.0,29.25,0.25,1.03,0
20,5,1,0,45,0,2,1,4,4.5,1,TypeScript,2018-2020,0.4,45.0,0.33,1.5,1
20,5,1,0,5,0,1,0,0,0.0,0,TypeScript,2018-2020,1.0,5.0,0.0,0.0,2
11,6,1,0,1,1,1,0,0,0.0,0,TypeScript,2018-2020,1.0,0.5,0.0,0.0,2
11,6,1,0,5,0,1,0,0,0.0,0,TypeScript,2018-2020,1.0,5.0,0.0,0.0,2
12,6,1,0,5,5,1,1,1,1.0,0,TypeScript,2018-2020,1.0,0.83,0.5,0.5,2
13,6,1,0,1,1,1,0,0,0.0,0,TypeScript,2018-2020,1.0,0.5,0.0,0.0,2
14,6,1,0,7,4,1,1,2,1.0,0,TypeScript,2018-2020,1.0,1.4,0.5,0.5,2
15,6,1,0,7,4,1,0,0,0.0,0,TypeScript,2018-2020,1.0,1.4,0.0,0.0,0
17,6,1,0,13,9,1,0,1,1.0,0,TypeScript,2018-2020,1.0,1.3,0.0,0.5,2
21,6,1,0,1,1,1,0,0,0.0,0,TypeScript,2018-2020,1.0,0.5,0.0,0.0,0
23,6,1,1,1,1,1,0,0,0.0,0,TypeScript,2018-2020,1.0,0.5,0.0,0.0,2
23,6,1,1,1,1,1,0,0,0.0,0,TypeScript,2018-2020,1.0,0.5,0.0,0.0,2
23,6,1,1,1,1,1,0,0,0.0,0,TypeScript,2018-2020,1.0,0.5,0.0,0.0,0
9,0,0,0,677,1014,266,3,2,3.0,0,TypeScript,2018-2020,1.0,0.67,0.01,0.01,0
9,0,0,0,799,593,4,0,0,0.0,0,TypeScript,2018-2020,1.0,1.35,0.0,0.0,0
9,0,0,0,1,0,1,0,0,0.0,0,TypeScript,2018-2020,1.0,1.0,0.0,0.0,2
10,0,0,0,6,1,1,1,2,1.0,0,TypeScript,2018-2020,1.0,3.0,0.5,0.5,2
13,0,0,0,220,0,10,0,0,0.0,0,TypeScript,2018-2020,1.0,220.0,0.0,0.0,0
17,1,0,0,2,1,1,1,1,1.0,0,TypeScript,2018-2020,1.0,1.0,0.5,0.5,2
18,1,0,0,0,1,1,1,0,0.0,0,TypeScript,2018-2020,1.0,0.0,0.5,0.0,2
20,1,0,0,1,1,1,0,0,0.0,0,TypeScript,2018-2020,1.0,0.5,0.0,0.0,0
22,1,0,1,125,11,6,2,4,4.0,1,TypeScript,2018-2020,0.4,10.42,0.29,0.57,2
22,1,0,1,10,2,2,0,1,10.0,0,TypeScript,2018-2020,1.0,3.33,0.0,3.33,3
8,2,0,0,35,1,2,0,0,0.0,0,TypeScript,2018-2020,1.0,17.5,0.0,0.0,0
8,2,0,0,20,4,4,0,0,0.0,0,TypeScript,2018-2020,1.0,4.0,0.0,0.0,0
13,2,0,0,1,1,1,0,0,0.0,0,TypeScript,2018-2020,1.0,0.5,0.0,0.0,0
9,3,0,0,5,5,4,0,1,1.0,0,TypeScript,2018-2020,1.0,0.83,0.0,0.2,0
9,3,0,0,6,1,1,0,0,0.0,0,TypeScript,2018-2020,1.0,3.0,0.0,0.0,0
17,3,0,0,78,6,3,0,0,0.0,0,TypeScript,2018-2020,1.0,11.14,0.0,0.0,3
23,3,0,1,111,106,8,3,9,3.0,0,TypeScript,2018-2020,1.0,1.04,0.33,0.33,3
23,3,0,1,15,29,3,0,2,5.5,0,TypeScript,2018-2020,1.0,0.5,0.0,1.38,3
23,3,0,1,1,3,2,0,0,0.0,0,TypeScript,2018-2020,1.0,0.25,0.0,0.0,3
12,4,0,0,0,3,1,1,1,2.0,0,TypeScript,2018-2020,1.0,0.0,0.5,1.0,3
14,4,0,0,18,10,2,0,0,0.0,0,TypeScript,2018-2020,1.0,1.64,0.0,0.0,0
14,4,0,0,63,88,3,0,3,2.33,0,TypeScript,2018-2020,1.0,0.71,0.0,0.58,3
9,5,1,0,2,1,1,0,0,0.0,0,TypeScript,2018-2020,1.0,1.0,0.0,0.0,3
9,5,1,0,467,0,5,0,23,1.43,0,TypeScript,2018-2020,1.0,467.0,0.0,0.24,3
9,5,1,0,1,0,1,0,0,0.0,0,TypeScript,2018-2020,1.0,1.0,0.0,0.0,3
18,5,1,0,1,1,1,0,0,0.0,0,TypeScript,2018-2020,1.0,0.5,0.0,0.0,0
10,6,1,0,2,2,1,0,0,0.0,0,TypeScript,2018-2020,1.0,0.67,0.0,0.0,0
18,6,1,0,2,2,1,0,2,1.0,0,TypeScript,2018-2020,1.0,0.67,0.0,0.5,0
18,6,1,0,1,1,1,0,0,0.0,0,TypeScript,2018-2020,1.0,0.5,0.0,0.0,0
23,6,1,1,81,8,4,1,6,1.0,0,TypeScript,2018-2020,1.0,9.0,0.2,0.2,3
23,6,1,1,17,0,1,0,0,0.0,0,TypeScript,2018-2020,1.0,17.0,0.0,0.0,3
8,0,0,0,183,183,4,0,0,0.0,0,TypeScript,2018-2020,1.0,0.99,0.0,0.0,0
10,0,0,0,146,3,12,4,6,2.83,0,TypeScript,2018-2020,1.0,36.5,0.31,0.22,0
20,0,0,0,343,21,12,1,23,1.48,0,TypeScript,2018-2020,1.0,15.59,0.08,0.11,0
23,0,0,1,20,9,3,2,2,1.5,0,TypeScript,2018-2020,1.0,2.0,0.5,0.38,3
9,1,0,0,23,7,1,0,0,0.0,0,TypeScript,2018-2020,1.0,2.88,0.0,0.0,3
12,1,0,0,9,4,2,0,0,0.0,0,TypeScript,2018-2020,1.0,1.8,0.0,0.0,0
16,1,0,0,6,1,2,0,2,1.0,1,TypeScript,2018-2020,0.4,3.0,0.0,0.33,0
22,1,0,1,1,1,1,0,0,0.0,0,TypeScript,2018-2020,1.0,0.5,0.0,0.0,0
11,2,0,0,7,2,1,0,2,1.5,0,TypeScript,2018-2020,1.0,2.33,0.0,0.75,0
11,2,0,0,17,2,3,0,0,0.0,0,TypeScript,2018-2020,1.0,5.67,0.0,0.0,0
0,3,0,1,55,8,5,0,2,1.0,0,TypeScript,2018-2020,1.0,6.11,0.0,0.17,1
9,3,0,0,5,0,1,0,0,0.0,0,TypeScript,2018-2020,1.0,5.0,0.0,0.0,3
9,3,0,0,1,1,1,0,0,0.0,0,TypeScript,2018-2020,1.0,0.5,0.0,0.0,3
10,3,0,0,111,1,5,0,3,3.67,0,TypeScript,2018-2020,1.0,55.5,0.0,0.61,0
10,3,0,0,1,0,1,0,0,0.0,0,TypeScript,2018-2020,1.0,1.0,0.0,0.0,3
12,3,0,0,1,0,1,0,0,0.0,0,TypeScript,2018-2020,1.0,1.0,0.0,0.0,3
12,3,0,0,3,0,1,0,0,0.0,0,TypeScript,2018-2020,1.0,3.0,0.0,0.0,3
9,4,0,0,97,1,2,1,0,0.0,0,TypeScript,2018-2020,1.0,48.5,0.33,0.0,3
11,4,0,0,1,1,1,0,0,0.0,0,TypeScript,2018-2020,1.0,0.5,0.0,0.0,0
22,4,0,1,1,0,1,0,0,0.0,0,TypeScript,2018-2020,1.0,1.0,0.0,0.0,3
0,5,1,1,79,38,6,1,2,9.0,0,TypeScript,2018-2020,1.0,2.03,0.14,1.29,3
10,5,1,0,4,0,1,0,0,0.0,0,TypeScript,2018-2020,1.0,4.0,0.0,0.0,3
10,5,1,0,2,1,2,0,0,0.0,0,TypeScript,2018-2020,1.0,1.0,0.0,0.0,3
10,5,1,0,6,22,3,0,5,2.4,0,TypeScript,2018-2020,1.0,0.26,0.0,0.6,3
11,5,1,0,1,4,1,0,0,0.0,0,TypeScript,2018-2020,1.0,0.2,0.0,0.0,3
11,5,1,0,36,30,3,0,0,0.0,0,TypeScript,2018-2020,1.0,1.16,0.0,0.0,3
11,5,1,0,6,4,2,0,2,1.5,0,TypeScript,2018-2020,1.0,1.2,0.0,0.5,3
16,6,1,0,8,8,1,0,0,0.0,0,TypeScript,2018-2020,1.0,0.89,0.0,0.0,3
7,0,0,0,2,17,1,0,1,1.0,0,TypeScript,2018-2020,1.0,0.11,0.0,0.5,3
10,0,0,0,32,8,2,0,0,0.0,0,TypeScript,2018-2020,1.0,3.56,0.0,0.0,3
10,0,0,0,1,1,1,0,0,0.0,0,TypeScript,2018-2020,1.0,0.5,0.0,0.0,3
10,0,0,0,1,1,1,0,0,0.0,1,TypeScript,2018-2020,0.4,0.5,0.0,0.0,0
12,0,0,0,253,1102,4,0,0,0.0,0,TypeScript,2018-2020,1.0,0.23,0.0,0.0,0
14,0,0,0,3,1,1,0,0,0.0,0,TypeScript,2018-2020,1.0,1.5,0.0,0.0,3
11,1,0,0,1,6,1,0,0,0.0,0,TypeScript,2018-2020,1.0,0.14,0.0,0.0,0
12,1,0,0,1,1,1,0,0,0.0,0,TypeScript,2018-2020,1.0,0.5,0.0,0.0,0
13,1,0,0,59,73,18,0,0,0.0,0,TypeScript,2018-2020,1.0,0.8,0.0,0.0,0
10,3,0,0,25,22,1,0,0,0.0,0,TypeScript,2018-2020,1.0,1.09,0.0,0.0,0
13,4,0,0,3,0,1,0,0,0.0,0,TypeScript,2018-2020,1.0,3.0,0.0,0.0,3
14,4,0,0,28,0,2,0,0,0.0,0,TypeScript,2018-2020,1.0,28.0,0.0,0.0,3
15,4,0,0,17,23,2,1,1,1.0,0,TypeScript,2018-2020,1.0,0.71,0.33,0.33,3
15,4,0,0,5,3,1,0,0,0.0,0,TypeScript,2018-2020,1.0,1.25,0.0,0.0,3
11,5,1,0,202,194,1,1,4,8.5,0,TypeScript,2018-2020,1.0,1.04,0.5,4.25,0
21,5,1,0,20,3,1,0,0,0.0,0,TypeScript,2018-2020,1.0,5.0,0.0,0.0,0
21,5,1,0,5,1,1,0,0,0.0,0,TypeScript,2018-2020,1.0,2.5,0.0,0.0,0
9,0,0,0,369,382,4,0,0,0.0,0,TypeScript,2018-2020,1.0,0.96,0.0,0.0,0
10,0,0,0,2,2,1,1,3,2.33,0,TypeScript,2018-2020,1.0,0.67,0.5,1.16,3
13,0,0,0,11,0,1,0,0,0.0,0,TypeScript,2018-2020,1.0,11.0,0.0,0.0,3
17,0,0,0,196,341,3,0,10,9.6,0,TypeScript,2018-2020,1.0,0.57,0.0,2.4,0
9,1,0,0,105,64,8,2,18,1.11,0,TypeScript,2018-2020,1.0,1.62,0.22,0.12,3
15,1,0,0,1,0,1,0,0,0.0,0,TypeScript,2018-2020,1.0,1.0,0.0,0.0,3
23,1,0,1,22,7,1,0,2,1.0,0,TypeScript,2018-2020,1.0,2.75,0.0,0.5,0
23,1,0,1,12,6,2,2,2,3.0,0,TypeScript,2018-2020,1.0,1.71,0.67,1.0,0
8,2,0,0,1607,1550,171,4,463,4.82,0,TypeScript,2018-2020,1.0,1.04,0.02,0.03,0
14,2,0,0,22,22,6,3,4,3.5,0,TypeScript,2018-2020,1.0,0.96,0.43,0.5,3
17,2,0,0,2,1,1,0,0,0.0,0,TypeScript,2018-2020,1.0,1.0,0.0,0.0,3
17,2,0,0,37,37,3,0,3,1.0,0,TypeScript,2018-2020,1.0,0.97,0.0,0.25,3
17,2,0,0,8,14,5,1,4,1.0,0,TypeScript,2018-2020,1.0,0.53,0.17,0.17,3
17,2,0,0,0,26,1,0,0,0.0,0,TypeScript,2018-2020,1.0,0.0,0.0,0.0,3
17,2,0,0,10,8,2,0,4,5.25,0,TypeScript,2018-2020,1.0,1.11,0.0,1.75,3
19,2,0,0,89,15,6,0,10,2.3,0,TypeScript,2018-2020,1.0,5.56,0.0,0.33,0
19,2,0,0,101,19,2,1,16,2.5,0,TypeScript,2018-2020,1.0,5.05,0.33,0.83,0
14,3,0,0,2,2,2,0,0,0.0,0,TypeScript,2018-2020,1.0,0.67,0.0,0.0,0
15,3,0,0,23,19,6,0,9,1.56,0,TypeScript,2018-2020,1.0,1.15,0.0,0.22,0
19,3,0,0,1,1,1,0,0,0.0,0,TypeScript,2018-2020,1.0,0.5,0.0,0.0,0
19,3,0,0,24,29,1,0,5,4.8,0,TypeScript,2018-2020,1.0,0.8,0.0,2.4,0
20,3,0,0,30,1,2,0,3,2.0,0,TypeScript,2018-2020,1.0,15.0,0.0,0.67,0
10,4,0,0,4,3,1,0,1,8.0,0,TypeScript,2018-2020,1.0,1.0,0.0,4.0,0
10,4,0,0,2,2,1,0,0,0.0,0,TypeScript,2018-2020,1.0,0.67,0.0,0.0,0
11,4,0,0,1,1,1,0,0,0.0,0,TypeScript,2018-2020,1.0,0.5,0.0,0.0,0
11,4,0,0,5,3,1,0,0,0.0,0,TypeScript,2018-2020,1.0,1.25,0.0,0.0,0
12,4,0,0,4,2,1,0,0,0.0,0,TypeScript,2018-2020,1.0,1.33,0.0,0.0,0
17,4,0,0,39,19,3,1,6,1.0,0,TypeScript,2018-2020,1.0,1.95,0.25,0.25,3
19,4,0,0,3,3,1,0,0,0.0,0,TypeScript,2018-2020,1.0,0.75,0.0,0.0,0
11,5,1,0,1,1,1,0,0,0.0,0,TypeScript,2018-2020,1.0,0.5,0.0,0.0,1
12,5,1,0,143,3,19,0,7,1.0,0,TypeScript,2018-2020,1.0,35.75,0.0,0.05,0
14,5,1,0,62,23,5,1,2,1.0,0,TypeScript,2018-2020,1.0,2.58,0.17,0.17,0
14,5,1,0,54,4,5,2,4,1.0,0,TypeScript,2018-2020,1.0,10.8,0.33,0.17,0
15,5,1,0,88,9,4,0,7,2.29,0,TypeScript,2018-2020,1.0,8.8,0.0,0.46,0
15,5,1,0,102,41,10,1,21,1.0,0,TypeScript,2018-2020,1.0,2.43,0.09,0.09,0
16,5,1,0,243,72,6,2,22,1.27,1,TypeScript,2018-2020,0.045,3.33,0.29,0.18,0
13,6,1,0,9,8,4,0,0,0.0,0,TypeScript,2018-2020,1.0,1.0,0.0,0.0,0
13,6,1,0,6,1,2,0,0,0.0,0,TypeScript,2018-2020,1.0,3.0,0.0,0.0,1
13,6,1,0,33,11,2,0,0,0.0,0,TypeScript,2018-2020,1.0,2.75,0.0,0.0,1
21,6,1,0,19,5,2,0,0,0.0,0,TypeScript,2018-2020,1.0,3.17,0.0,0.0,0
10,0,0,0,142,164,4,0,0,0.0,0,TypeScript,2018-2020,1.0,0.86,0.0,0.0,0
14,0,0,0,1,1,1,1,2,1.5,0,TypeScript,2018-2020,1.0,0.5,0.5,0.75,3
15,0,0,0,71,0,1,1,5,1.4,0,TypeScript,2018-2020,1.0,71.0,0.5,0.7,3
14,1,0,0,322,36,7,2,11,1.55,0,TypeScript,2018-2020,1.0,8.7,0.25,0.19,1
15,1,0,0,14,3,5,1,0,0.0,0,TypeScript,2018-2020,1.0,3.5,0.17,0.0,1
17,1,0,0,324,0,3,2,3,2.33,0,TypeScript,2018-2020,1.0,324.0,0.5,0.58,1
17,1,0,0,73,32,5,2,5,1.6,0,TypeScript,2018-2020,1.0,2.21,0.33,0.27,1
17,1,0,0,3,3,2,1,1,2.0,0,TypeScript,2018-2020,1.0,0.75,0.33,0.67,1
18,1,0,0,310,24,3,2,4,1.5,0,TypeScript,2018-2020,1.0,12.4,0.5,0.38,1
10,2,0,0,0,1,1,0,2,4.0,0,TypeScript,2018-2020,1.0,0.0,0.0,2.0,0
14,2,0,0,204,141,18,5,36,1.67,0,TypeScript,2018-2020,1.0,1.44,0.26,0.09,1
14,2,0,0,1,1,1,0,2,1.0,0,TypeScript,2018-2020,1.0,0.5,0.0,0.5,1
20,2,0,0,37,2,3,0,5,1.4,0,TypeScript,2018-2020,1.0,12.33,0.0,0.35,1
13,3,0,0,40,2,2,1,6,1.83,0,TypeScript,2018-2020,1.0,13.33,0.33,0.61,0
17,3,0,0,13,4,5,0,2,6.0,0,TypeScript,2018-2020,1.0,2.6,0.0,1.0,0
18,3,0,0,47,40,5,1,7,4.29,0,TypeScript,2018-2020,1.0,1.15,0.17,0.72,3
21,3,0,0,492,173,18,5,27,1.74,0,TypeScript,2018-2020,1.0,2.83,0.26,0.09,1
21,3,0,0,46,7,2,0,1,1.0,0,TypeScript,2018-2020,1.0,5.75,0.0,0.33,1
21,3,0,0,1,0,1,0,0,0.0,0,TypeScript,2018-2020,1.0,1.0,0.0,0.0,1
22,3,0,1,24,16,4,1,4,2.0,0,TypeScript,2018-2020,1.0,1.41,0.2,0.4,1
23,3,0,1,17,17,14,0,0,0.0,0,TypeScript,2018-2020,1.0,0.94,0.0,0.0,3
23,3,0,1,16,0,1,0,0,0.0,0,TypeScript,2018-2020,1.0,16.0,0.0,0.0,3
13,4,0,0,7,8,3,2,0,0.0,0,TypeScript,2018-2020,1.0,0.78,0.5,0.0,1
16,4,0,0,5,36,3,0,4,7.25,0,TypeScript,2018-2020,1.0,0.14,0.0,1.81,3
18,4,0,0,9,6,3,3,6,1.0,0,TypeScript,2018-2020,1.0,1.29,0.75,0.25,3
19,4,0,0,61,44,8,3,14,3.57,0,TypeScript,2018-2020,1.0,1.36,0.33,0.4,3
19,4,0,0,31,46,5,2,5,1.0,0,TypeScript,2018-2020,1.0,0.66,0.33,0.17,3
19,4,0,0,226,46,8,2,12,2.17,0,TypeScript,2018-2020,1.0,4.81,0.22,0.24,1
21,4,0,0,20,15,2,0,4,1.0,0,TypeScript,2018-2020,1.0,1.25,0.0,0.33,3
22,4,0,1,58,29,4,0,5,2.0,0,TypeScript,2018-2020,1.0,1.93,0.0,0.4,1
8,5,1,0,0,16,1,0,0,0.0,0,TypeScript,2018-2020,1.0,0.0,0.0,0.0,3
10,5,1,0,1,1,1,1,3,1.33,0,TypeScript,2018-2020,1.0,0.5,0.5,0.66,3
13,5,1,0,360,109,15,2,25,2.2,0,TypeScript,2018-2020,1.0,3.27,0.12,0.14,1
21,5,1,0,65,54,6,1,7,3.14,0,TypeScript,2018-2020,1.0,1.18,0.14,0.45,3
0,6,1,1,10,2,1,1,2,1.0,0,TypeScript,2018-2020,1.0,3.33,0.5,0.5,3
8,6,1,0,15,10,2,0,3,5.33,0,TypeScript,2018-2020,1.0,1.36,0.0,1.78,3
8,6,1,0,1,1,1,0,1,12.0,0,TypeScript,2018-2020,1.0,0.5,0.0,6.0,3
8,6,1,0,2,1,2,0,1,1.0,0,TypeScript,2018-2020,1.0,1.0,0.0,0.33,3
9,6,1,0,1,1,1,0,0,0.0,0,TypeScript,2018-2020,1.0,0.5,0.0,0.0,3
13,6,1,0,1,1,1,0,0,0.0,0,TypeScript,2018-2020,1.0,0.5,0.0,0.0,1
13,6,1,0,18,8,3,1,2,1.0,0,TypeScript,2018-2020,1.0,2.0,0.25,0.25,1
13,6,1,0,3,1,1,0,1,1.0,0,TypeScript,2018-2020,1.0,1.5,0.0,0.5,1
13,6,1,0,0,1,1,0,1,5.0,0,TypeScript,2018-2020,1.0,0.0,0.0,2.5,1
13,6,1,0,44,22,3,0,8,2.62,0,TypeScript,2018-2020,1.0,1.91,0.0,0.66,1
13,6,1,0,23,5,1,0,3,3.0,0,TypeScript,2018-2020,1.0,3.83,0.0,1.5,1
14,6,1,0,79,16,6,2,3,1.33,0,TypeScript,2018-2020,1.0,4.65,0.29,0.19,1
14,6,1,0,21,15,3,0,4,1.25,0,TypeScript,2018-2020,1.0,1.31,0.0,0.31,1
15,6,1,0,107,60,6,2,5,1.6,0,TypeScript,2018-2020,1.0,1.75,0.29,0.23,1
16,6,1,0,21,4,2,0,1,5.0,0,TypeScript,2018-2020,1.0,4.2,0.0,1.67,1
16,6,1,0,84,75,7,3,7,3.0,0,TypeScript,2018-2020,1.0,1.11,0.38,0.38,1
17,6,1,0,2,3,1,0,3,1.33,0,TypeScript,2018-2020,1.0,0.5,0.0,0.66,1
23,6,1,1,80,2,2,0,5,1.6,0,TypeScript,2018-2020,1.0,26.67,0.0,0.53,1
9,0,0,0,893,838,4,0,0,0.0,0,TypeScript,2018-2020,1.0,1.06,0.0,0.0,0
13,0,0,0,8,6,3,0,2,2.0,0,TypeScript,2018-2020,1.0,1.14,0.0,0.5,1
15,0,0,0,234,32,4,2,1,1.0,0,TypeScript,2018-2020,1.0,7.09,0.4,0.2,1
15,0,0,0,24,23,6,0,1,1.0,0,TypeScript,2018-2020,1.0,1.0,0.0,0.14,1
16,0,0,0,45,1,3,0,3,1.33,0,TypeScript,2018-2020,1.0,22.5,0.0,0.33,1
18,0,0,0,556,3,4,2,4,2.0,0,TypeScript,2018-2020,1.0,139.0,0.4,0.4,0
19,0,0,0,45,54,4,1,6,1.5,0,TypeScript,2018-2020,1.0,0.82,0.2,0.3,1
20,0,0,0,0,5,4,2,4,1.75,0,TypeScript,2018-2020,1.0,0.0,0.4,0.35,3
20,0,0,0,76,11,2,0,0,0.0,0,TypeScript,2018-2020,1.0,6.33,0.0,0.0,3
20,0,0,0,2,1,1,0,0,0.0,0,TypeScript,2018-2020,1.0,1.0,0.0,0.0,3
21,0,0,0,1,1,1,0,2,1.0,0,TypeScript,2018-2020,1.0,0.5,0.0,0.5,3
21,0,0,0,8,0,1,0,0,0.0,0,TypeScript,2018-2020,1.0,8.0,0.0,0.0,3
14,1,0,0,6,0,1,0,3,1.67,0,TypeScript,2018-2020,1.0,6.0,0.0,0.84,1
12,2,0,0,116,2,7,3,5,1.0,0,TypeScript,2018-2020,1.0,38.67,0.38,0.12,1
16,2,0,0,11,10,4,0,0,0.0,0,TypeScript,2018-2020,1.0,1.0,0.0,0.0,0
16,2,0,0,37,7,3,1,4,4.5,0,TypeScript,2018-2020,1.0,4.62,0.25,1.12,1
17,2,0,0,651,48,17,8,10,1.4,0,TypeScript,2018-2020,1.0,13.29,0.44,0.08,1
18,2,0,0,55,15,2,1,5,1.6,0,TypeScript,2018-2020,1.0,3.44,0.33,0.53,1
8,3,0,0,33,1,2,1,1,1.0,0,TypeScript,2018-2020,1.0,16.5,0.33,0.33,3
15,3,0,0,97,30,3,1,4,5.5,0,TypeScript,2018-2020,1.0,3.13,0.25,1.38,1
16,3,0,0,7,6,3,0,0,0.0,0,TypeScript,2018-2020,1.0,1.0,0.0,0.0,0
16,3,0,0,79,29,3,1,5,1.6,0,TypeScript,2018-2020,1.0,2.63,0.25,0.4,3
16,3,0,0,47,1,2,0,0,0.0,0,TypeScript,2018-2020,1.0,23.5,0.0,0.0,3
13,4,0,0,3,1,1,0,1,12.0,0,TypeScript,2018-2020,1.0,1.5,0.0,6.0,0
20,4,0,0,19,16,2,0,2,1.0,0,TypeScript,2018-2020,1.0,1.12,0.0,0.33,3
20,4,0,0,9,1,1,0,3,1.33,0,TypeScript,2018-2020,1.0,4.5,0.0,0.66,3
17,5,1,0,49,48,3,0,0,0.0,0,TypeScript,2018-2020,1.0,1.0,0.0,0.0,0
20,5,1,0,29,0,3,2,3,6.33,0,TypeScript,2018-2020,1.0,29.0,0.5,1.58,3
20,5,1,0,30,0,1,0,0,0.0,0,TypeScript,2018-2020,1.0,30.0,0.0,0.0,3
21,5,1,0,699,9,7,1,16,3.0,0,TypeScript,2018-2020,1.0,69.9,0.12,0.38,1
21,5,1,0,1,1,1,0,3,6.33,0,TypeScript,2018-2020,1.0,0.5,0.0,3.16,1
0,6,1,1,20,10,2,1,3,1.0,0,TypeScript,2018-2020,1.0,1.82,0.33,0.33,1
17,6,1,0,528,35,10,6,3,1.33,0,TypeScript,2018-2020,1.0,14.67,0.55,0.12,1
10,0,0,0,93,85,4,0,0,0.0,0,TypeScript,2018-2020,1.0,1.08,0.0,0.0,0
19,0,0,0,182,1,3,0,4,1.25,0,TypeScript,2018-2020,1.0,91.0,0.0,0.31,1
15,1,0,0,38,0,1,0,0,0.0,0,TypeScript,2018-2020,1.0,38.0,0.0,0.0,3
15,1,0,0,41,0,1,0,0,0.0,0,TypeScript,2018-2020,1.0,41.0,0.0,0.0,3
19,1,0,0,339,140,22,8,31,1.45,0,TypeScript,2018-2020,1.0,2.4,0.35,0.06,1
19,1,0,0,18,8,5,1,1,1.0,0,TypeScript,2018-2020,1.0,2.0,0.17,0.17,1
20,1,0,0,60,24,5,0,6,1.0,0,TypeScript,2018-2020,1.0,2.4,0.0,0.17,1
11,2,0,0,1235,1404,2,0,0,0.0,0,TypeScript,2018-2020,1.0,0.88,0.0,0.0,0
10,3,0,0,21,1,2,1,1,1.0,0,TypeScript,2018-2020,1.0,10.5,0.33,0.33,0
10,3,0,0,30,1,3,0,2,3.5,0,TypeScript,2018-2020,1.0,15.0,0.0,0.88,1
19,4,0,0,0,1,1,0,0,0.0,0,TypeScript,2018-2020,1.0,0.0,0.0,0.0,3
9,5,1,0,2,3,1,1,1,1.0,0,TypeScript,2018-2020,1.0,0.5,0.5,0.5,3
9,5,1,0,62,0,3,0,0,0.0,0,TypeScript,2018-2020,1.0,62.0,0.0,0.0,3
10,6,1,0,57,4,4,2,1,1.0,0,TypeScript,2018-2020,1.0,11.4,0.4,0.2,1
14,6,1,0,89,88,9,0,0,0.0,0,TypeScript,2018-2020,1.0,1.0,0.0,0.0,0
17,6,1,0,172,94,5,1,19,1.37,1,TypeScript,2018-2020,0.4,1.81,0.17,0.23,3
17,6,1,0,1,1,1,0,0,0.0,0,TypeScript,2018-2020,1.0,0.5,0.0,0.0,4
18,6,1,0,2,6,1,0,1,2.0,0,TypeScript,2018-2020,1.0,0.29,0.0,1.0,4
13,0,0,0,7,2,2,0,3,1.0,1,TypeScript,2018-2020,0.4,2.33,0.0,0.33,0
13,0,0,0,376,43,15,5,16,1.62,0,TypeScript,2018-2020,1.0,8.55,0.31,0.1,1
14,0,0,0,1,1,1,0,2,1.0,0,TypeScript,2018-2020,1.0,0.5,0.0,0.5,1
14,0,0,0,1,1,1,0,2,1.0,0,TypeScript,2018-2020,1.0,0.5,0.0,0.5,1
14,0,0,0,1,1,1,0,0,0.0,0,TypeScript,2018-2020,1.0,0.5,0.0,0.0,1
15,0,0,0,132,112,15,0,18,1.89,0,TypeScript,2018-2020,1.0,1.17,0.0,0.12,1
21,0,0,0,8,7,4,0,0,0.0,0,TypeScript,2018-2020,1.0,1.0,0.0,0.0,0
8,1,0,0,1,1,1,1,1,1.0,0,TypeScript,2018-2020,1.0,0.5,0.5,0.5,4
8,1,0,0,1,1,1,0,1,1.0,0,TypeScript,2018-2020,1.0,0.5,0.0,0.5,4
10,1,0,0,7,16,4,1,1,1.0,0,TypeScript,2018-2020,1.0,0.41,0.2,0.2,0
10,1,0,0,311,329,4,0,0,0.0,0,TypeScript,2018-2020,1.0,0.94,0.0,0.0,0
12,1,0,0,131,0,10,0,5,3.0,0,TypeScript,2018-2020,1.0,131.0,0.0,0.27,1
16,1,0,0,3,1,1,0,0,0.0,0,TypeScript,2018-2020,1.0,1.5,0.0,0.0,4
9,2,0,0,18,0,2,1,1,1.0,1,TypeScript,2018-2020,0.4,18.0,0.33,0.33,4
9,2,0,0,5,0,1,0,0,0.0,0,TypeScript,2018-2020,1.0,5.0,0.0,0.0,5
10,2,0,0,30,5,2,0,0,0.0,0,TypeScript,2018-2020,1.0,5.0,0.0,0.0,0
10,2,0,0,61,0,4,1,3,8.0,0,TypeScript,2018-2020,1.0,61.0,0.2,1.6,0
10,2,0,0,198,111,18,5,9,1.11,0,TypeScript,2018-2020,1.0,1.77,0.26,0.06,0
10,2,0,0,68,589,15,2,11,2.27,0,TypeScript,2018-2020,1.0,0.12,0.12,0.14,0
11,2,0,0,1,0,1,0,0,0.0,0,TypeScript,2018-2020,1.0,1.0,0.0,0.0,5
13,2,0,0,3,1,1,0,0,0.0,0,TypeScript,2018-2020,1.0,1.5,0.0,0.0,5
13,2,0,0,1,1,1,0,0,0.0,0,TypeScript,2018-2020,1.0,0.5,0.0,0.0,5
11,4,0,0,612,296,23,4,14,1.64,0,TypeScript,2018-2020,1.0,2.06,0.17,0.07,0
11,4,0,0,5,5,2,0,0,0.0,0,TypeScript,2018-2020,1.0,0.83,0.0,0.0,0
14,5,1,0,109,45,5,3,14,1.36,0,TypeScript,2018-2020,1.0,2.37,0.5,0.23,5
16,6,1,0,60,51,12,3,7,3.29,0,TypeScript,2018-2020,1.0,1.15,0.23,0.25,0
22,6,1,1,17,5,4,1,5,3.0,0,TypeScript,2018-2020,1.0,2.83,0.2,0.6,5
23,6,1,1,11,9,3,0,4,3.75,0,TypeScript,2018-2020,1.0,1.1,0.0,0.94,5
0,0,0,1,5,5,2,1,3,4.33,0,TypeScript,2018-2020,1.0,0.83,0.33,1.44,0
7,0,0,0,46,1,1,1,2,1.0,0,TypeScript,2018-2020,1.0,23.0,0.5,0.5,5
7,0,0,0,5,0,1,0,0,0.0,0,TypeScript,2018-2020,1.0,5.0,0.0,0.0,5
7,0,0,0,0,6,1,1,1,1.0,0,TypeScript,2018-2020,1.0,0.0,0.5,0.5,5
9,0,0,0,1,1,1,1,0,0.0,0,TypeScript,2018-2020,1.0,0.5,0.5,0.0,0
10,0,0,0,25,3,2,1,2,3.5,0,TypeScript,2018-2020,1.0,6.25,0.33,1.17,0
10,0,0,0,10,8,3,2,2,1.0,0,TypeScript,2018-2020,1.0,1.11,0.5,0.25,0
10,0,0,0,1,1,1,0,0,0.0,0,TypeScript,2018-2020,1.0,0.5,0.0,0.0,0
10,0,0,0,36,36,19,0,7,1.86,0,TypeScript,2018-2020,1.0,0.97,0.0,0.09,0
10,0,0,0,98,91,4,0,0,0.0,0,TypeScript,2018-2020,1.0,1.07,0.0,0.0,0
12,0,0,0,7,6,3,0,0,0.0,0,TypeScript,2018-2020,1.0,1.0,0.0,0.0,0
13,0,0,0,1,1,1,0,0,0.0,0,TypeScript,2018-2020,1.0,0.5,0.0,0.0,1
14,0,0,0,1,0,1,0,0,0.0,0,TypeScript,2018-2020,1.0,1.0,0.0,0.0,5
16,0,0,0,30,45,3,1,6,1.17,0,TypeScript,2018-2020,1.0,0.65,0.25,0.29,5
16,0,0,0,1,0,1,1,1,1.0,0,TypeScript,2018-2020,1.0,1.0,0.5,0.5,5
17,1,0,0,10,9,1,0,0,0.0,0,TypeScript,2018-2020,1.0,1.0,0.0,0.0,5
10,2,0,0,3,3,1,0,0,0.0,0,TypeScript,2018-2020,1.0,0.75,0.0,0.0,1
9,5,1,0,8,7,4,0,0,0.0,0,TypeScript,2018-2020,1.0,1.0,0.0,0.0,0
10,5,1,0,1,1,1,0,0,0.0,0,TypeScript,2018-2020,1.0,0.5,0.0,0.0,0
10,5,1,0,67,1,4,0,2,1.0,1,TypeScript,2018-2020,0.4,33.5,0.0,0.2,0
19,5,1,0,1,0,1,0,0,0.0,0,TypeScript,2018-2020,1.0,1.0,0.0,0.0,1
20,5,1,0,2,3,1,0,0,0.0,0,TypeScript,2018-2020,1.0,0.5,0.0,0.0,1
15,6,1,0,1,0,1,0,0,0.0,0,TypeScript,2018-2020,1.0,1.0,0.0,0.0,5
0,0,0,1,14,1,3,0,1,1.0,1,TypeScript,2018-2020,0.4,7.0,0.0,0.25,1
1,0,0,1,8,7,4,0,0,0.0,0,TypeScript,2018-2020,1.0,1.0,0.0,0.0,0
8,0,0,0,18,17,1,0,0,0.0,0,TypeScript,2018-2020,1.0,1.0,0.0,0.0,5
8,0,0,0,0,5,1,0,0,0.0,0,TypeScript,2018-2020,1.0,0.0,0.0,0.0,5
8,0,0,0,5,2,1,1,2,1.0,0,TypeScript,2018-2020,1.0,1.67,0.5,0.5,5
10,0,0,0,5,1,2,0,0,0.0,0,TypeScript,2018-2020,1.0,2.5,0.0,0.0,0
10,0,0,0,148,161,4,0,0,0.0,0,TypeScript,2018-2020,1.0,0.91,0.0,0.0,0
15,0,0,0,4,0,1,0,0,0.0,0,TypeScript,2018-2020,1.0,4.0,0.0,0.0,0
23,0,0,1,272,144,7,1,33,1.36,0,TypeScript,2018-2020,1.0,1.88,0.12,0.17,5
11,1,0,0,65,63,4,0,9,1.33,0,TypeScript,2018-2020,1.0,1.02,0.0,0.27,5
0,2,0,1,43,4,3,1,3,1.33,0,TypeScript,2018-2020,1.0,8.6,0.25,0.33,1
5,2,0,1,8,7,4,0,0,0.0,0,TypeScript,2018-2020,1.0,1.0,0.0,0.0,0
9,2,0,0,6,6,2,1,3,1.0,0,TypeScript,2018-2020,1.0,0.86,0.33,0.33,5
10,2,0,0,459,222,7,1,44,1.77,0,TypeScript,2018-2020,1.0,2.06,0.12,0.22,5
11,2,0,0,2,1,1,0,0,0.0,0,TypeScript,2018-2020,1.0,1.0,0.0,0.0,5
20,2,0,0,21,10,3,0,5,1.2,0,TypeScript,2018-2020,1.0,1.91,0.0,0.3,0
7,3,0,0,0,1,1,0,1,5.0,0,TypeScript,2018-2020,1.0,0.0,0.0,2.5,5
7,3,0,0,1,1,1,0,0,0.0,0,TypeScript,2018-2020,1.0,0.5,0.0,0.0,5
11,3,0,0,31,25,5,0,1,1.0,0,TypeScript,2018-2020,1.0,1.19,0.0,0.17,0
11,3,0,0,1,1,1,0,0,0.0,0,TypeScript,2018-2020,1.0,0.5,0.0,0.0,0
11,3,0,0,3,0,1,0,0,0.0,0,TypeScript,2018-2020,1.0,3.0,0.0,0.0,0
16,3,0,0,24,7,2,0,3,3.67,0,TypeScript,2018-2020,1.0,3.0,0.0,1.22,5
16,3,0,0,1,10,1,0,0,0.0,0,TypeScript,2018-2020,1.0,0.09,0.0,0.0,5
16,3,0,0,4,0,1,0,1,6.0,0,TypeScript,2018-2020,1.0,4.0,0.0,3.0,5
13,4,0,0,151,0,3,0,0,0.0,0,TypeScript,2018-2020,1.0,151.0,0.0,0.0,5
11,6,1,0,138,29,8,0,3,1.33,1,TypeScript,2018-2020,0.4,4.6,0.0,0.15,1
12,6,1,0,8,7,4,0,0,0.0,0,TypeScript,2018-2020,1.0,1.0,0.0,0.0,0
10,0,0,0,2,2,1,0,0,0.0,0,TypeScript,2018-2020,1.0,0.67,0.0,0.0,0
13,0,0,0,44,8,4,0,2,7.5,0,TypeScript,2018-2020,1.0,4.89,0.0,1.5,1
13,0,0,0,20,5,3,0,2,9.0,0,TypeScript,2018-2020,1.0,3.33,0.0,2.25,0
13,0,0,0,26,0,3,0,0,0.0,0,TypeScript,2018-2020,1.0,26.0,0.0,0.0,0
13,0,0,0,32,3,3,0,3,3.33,0,TypeScript,2018-2020,1.0,8.0,0.0,0.83,0
13,0,0,0,11,4,2,0,1,3.0,0,TypeScript,2018-2020,1.0,2.2,0.0,1.0,0
13,0,0,0,42,39,8,0,9,4.33,0,TypeScript,2018-2020,1.0,1.05,0.0,0.48,0
13,0,0,0,33,38,6,0,1,25.0,0,TypeScript,2018-2020,1.0,0.85,0.0,3.57,0
14,0,0,0,1,1,1,0,0,0.0,0,TypeScript,2018-2020,1.0,0.5,0.0,0.0,1
14,0,0,0,86,0,3,0,0,0.0,0,TypeScript,2018-2020,1.0,86.0,0.0,0.0,1
14,0,0,0,19,16,1,0,0,0.0,0,TypeScript,2018-2020,1.0,1.12,0.0,0.0,1
9,1,0,0,1,0,1,0,0,0.0,0,TypeScript,2018-2020,1.0,1.0,0.0,0.0,5
11,1,0,0,101,0,3,0,0,0.0,0,TypeScript,2018-2020,1.0,101.0,0.0,0.0,5
15,1,0,0,7,6,3,0,0,0.0,0,TypeScript,2018-2020,1.0,1.0,0.0,0.0,0
16,1,0,0,608,2082,16,3,19,1.16,1,TypeScript,2018-2020,0.4,0.29,0.18,0.07,0
18,1,0,0,72,70,7,0,0,0.0,0,TypeScript,2018-2020,1.0,1.01,0.0,0.0,0
19,1,0,0,71,71,2,0,0,0.0,0,TypeScript,2018-2020,1.0,0.99,0.0,0.0,0
7,2,0,0,15928,1335,111,0,193,1.0,0,TypeScript,2018-2020,1.0,11.92,0.0,0.01,0
7,2,0,0,2,2,1,0,1,3.0,0,TypeScript,2018-2020,1.0,0.67,0.0,1.5,0
10,2,0,0,32,3,2,0,0,0.0,0,TypeScript,2018-2020,1.0,8.0,0.0,0.0,0
13,4,0,0,13,1,2,0,0,0.0,0,TypeScript,2021-2023,1.0,6.5,0.0,0.0,0
11,0,0,0,2,2,1,0,1,3.0,0,TypeScript,2021-2023,1.0,0.67,0.0,1.5,0
13,2,0,0,7,4,4,0,1,1.0,0,TypeScript,2021-2023,1.0,1.4,0.0,0.2,0
22,5,1,1,17,0,2,1,3,2.67,0,TypeScript,2021-2023,1.0,17.0,0.33,0.89,0
11,1,0,0,62,8,6,0,9,2.22,0,TypeScript,2021-2023,1.0,6.89,0.0,0.32,0
22,1,0,1,1,5,1,0,0,0.0,0,TypeScript,2021-2023,1.0,0.17,0.0,0.0,0
9,4,0,0,18,2,2,1,3,2.33,0,TypeScript,2021-2023,1.0,6.0,0.33,0.78,0
10,4,0,0,5,6,2,0,0,0.0,0,TypeScript,2021-2023,1.0,0.71,0.0,0.0,0
10,4,0,0,15,1,2,0,0,0.0,0,TypeScript,2021-2023,1.0,7.5,0.0,0.0,0
12,4,0,0,3,3,1,0,0,0.0,0,TypeScript,2021-2023,1.0,0.75,0.0,0.0,0
21,6,1,0,1,1,1,0,0,0.0,0,TypeScript,2021-2023,1.0,0.5,0.0,0.0,0
9,0,0,0,9,2,2,0,0,0.0,0,TypeScript,2021-2023,1.0,3.0,0.0,0.0,0
22,0,0,1,12,1,2,0,0,0.0,0,TypeScript,2021-2023,1.0,6.0,0.0,0.0,0
9,0,0,0,17,5,2,1,3,1.67,0,TypeScript,2021-2023,1.0,2.83,0.33,0.56,0
9,1,0,0,10,5,2,0,0,0.0,0,TypeScript,2021-2023,1.0,1.67,0.0,0.0,0
9,1,0,0,17,1,2,0,0,0.0,0,TypeScript,2021-2023,1.0,8.5,0.0,0.0,0
9,2,0,0,20,1,2,1,2,2.0,0,TypeScript,2021-2023,1.0,10.0,0.33,0.67,0
18,0,0,0,103,91,6,0,6,1.5,0,TypeScript,2021-2023,1.0,1.12,0.0,0.21,0
12,2,0,0,133,42,5,1,4,2.25,0,TypeScript,2021-2023,1.0,3.09,0.17,0.38,0
12,2,0,0,1,1,1,0,0,0.0,0,TypeScript,2021-2023,1.0,0.5,0.0,0.0,0
12,2,0,0,3,3,1,0,0,0.0,0,TypeScript,2021-2023,1.0,0.75,0.0,0.0,0
16,2,0,0,232,249,5,0,0,0.0,0,TypeScript,2021-2023,1.0,0.93,0.0,0.0,0
17,2,0,0,13,1,2,0,0,0.0,0,TypeScript,2021-2023,1.0,6.5,0.0,0.0,0
15,0,0,0,2,5,1,0,0,0.0,0,TypeScript,2021-2023,1.0,0.33,0.0,0.0,0
13,1,0,0,82,39,2,1,2,1.0,0,TypeScript,2021-2023,1.0,2.05,0.33,0.33,0
9,2,0,0,1,1,1,0,0,0.0,0,TypeScript,2021-2023,1.0,0.5,0.0,0.0,0
11,4,0,0,12,1,2,0,0,0.0,0,TypeScript,2021-2023,1.0,6.0,0.0,0.0,0
13,4,0,0,3,0,1,0,0,0.0,0,TypeScript,2021-2023,1.0,3.0,0.0,0.0,0
13,4,0,0,1,1,1,0,0,0.0,0,TypeScript,2021-2023,1.0,0.5,0.0,0.0,0
14,4,0,0,115,111,2,0,0,0.0,0,TypeScript,2021-2023,1.0,1.03,0.0,0.0,0
14,4,0,0,10,10,2,0,0,0.0,0,TypeScript,2021-2023,1.0,0.91,0.0,0.0,0
14,4,0,0,112,100,2,0,0,0.0,0,TypeScript,2021-2023,1.0,1.11,0.0,0.0,0
21,6,1,0,5,5,2,0,0,0.0,0,TypeScript,2021-2023,1.0,0.83,0.0,0.0,0
17,2,0,0,95,9,5,1,2,5.0,0,TypeScript,2021-2023,1.0,9.5,0.17,0.83,0
23,3,0,1,1,1,1,0,2,3.5,0,TypeScript,2021-2023,1.0,0.5,0.0,1.75,0
23,3,0,1,50,2,4,1,4,1.25,0,TypeScript,2021-2023,1.0,16.67,0.2,0.25,0
21,1,0,0,32,12,4,0,1,3.0,0,TypeScript,2021-2023,1.0,2.46,0.0,0.6,0
21,1,0,0,1,1,1,0,0,0.0,0,TypeScript,2021-2023,1.0,0.5,0.0,0.0,0
21,1,0,0,51,0,4,1,3,3.33,0,TypeScript,2021-2023,1.0,51.0,0.2,0.67,0
23,6,1,1,42,37,1,0,1,3.0,0,TypeScript,2021-2023,1.0,1.11,0.0,1.5,0
18,3,0,0,1,1,1,0,0,0.0,0,TypeScript,2021-2023,1.0,0.5,0.0,0.0,0
19,1,0,0,83,60,1,0,0,0.0,0,TypeScript,2021-2023,1.0,1.36,0.0,0.0,0
20,1,0,0,68,8,8,2,13,2.08,0,TypeScript,2021-2023,1.0,7.56,0.22,0.23,0
12,3,0,0,5776,3653,254,0,254,1.02,0,TypeScript,2021-2023,1.0,1.58,0.0,0.0,0
17,3,0,0,71,62,4,0,1,1.0,0,TypeScript,2021-2023,1.0,1.13,0.0,0.2,0
10,4,0,0,121,127,5,1,11,1.73,0,TypeScript,2021-2023,1.0,0.95,0.17,0.29,0
12,4,0,0,1,1,1,0,0,0.0,0,TypeScript,2021-2023,1.0,0.5,0.0,0.0,0
12,4,0,0,22,0,1,0,0,0.0,0,TypeScript,2021-2023,1.0,22.0,0.0,0.0,0
9,1,0,0,357,350,54,0,4,1.25,0,TypeScript,2021-2023,1.0,1.02,0.0,0.02,0
12,2,0,0,3,2,1,0,0,0.0,0,TypeScript,2021-2023,1.0,1.0,0.0,0.0,0
9,4,0,0,23,3,1,0,4,3.0,0,TypeScript,2021-2023,1.0,5.75,0.0,1.5,0
17,2,0,0,33,19,2,0,0,0.0,0,TypeScript,2021-2023,1.0,1.65,0.0,0.0,0
9,4,0,0,0,8,1,0,0,0.0,0,TypeScript,2021-2023,1.0,0.0,0.0,0.0,0
9,4,0,0,10,0,1,0,0,0.0,0,TypeScript,2021-2023,1.0,10.0,0.0,0.0,0
9,4,0,0,10,0,1,0,0,0.0,0,TypeScript,2021-2023,1.0,10.0,0.0,0.0,0
13,4,0,0,10,13,2,0,0,0.0,0,TypeScript,2021-2023,1.0,0.71,0.0,0.0,0
23,6,1,1,1174,767,2,0,0,0.0,0,TypeScript,2021-2023,1.0,1.53,0.0,0.0,0
9,2,0,0,117,3,5,1,3,1.0,0,TypeScript,2021-2023,1.0,29.25,0.17,0.17,0
13,2,0,0,71,213,2,0,0,0.0,0,TypeScript,2021-2023,1.0,0.33,0.0,0.0,0
17,2,0,0,6,2,1,0,1,1.0,0,TypeScript,2021-2023,1.0,2.0,0.0,0.5,0
12,4,0,0,3,3,1,0,0,0.0,0,TypeScript,2021-2023,1.0,0.75,0.0,0.0,0
13,4,0,0,2,0,1,0,0,0.0,0,TypeScript,2021-2023,1.0,2.0,0.0,0.0,0
13,4,0,0,21,1,2,0,0,0.0,0,TypeScript,2021-2023,1.0,10.5,0.0,0.0,0
10,4,0,0,54,0,2,0,1,1.0,0,TypeScript,2021-2023,1.0,54.0,0.0,0.33,0
10,4,0,0,6,6,6,0,0,0.0,0,TypeScript,2021-2023,1.0,0.86,0.0,0.0,0
9,3,0,0,53,27,1,0,0,0.0,0,TypeScript,2021-2023,1.0,1.89,0.0,0.0,0
10,4,0,0,9,9,1,0,0,0.0,0,TypeScript,2021-2023,1.0,0.9,0.0,0.0,0
12,4,0,0,7,11,3,0,1,1.0,0,TypeScript,2021-2023,1.0,0.58,0.0,0.25,0
22,2,0,1,19,21,1,0,0,0.0,0,TypeScript,2021-2023,1.0,0.86,0.0,0.0,0
14,4,0,0,192,843,7,0,3,1.67,0,TypeScript,2021-2023,1.0,0.23,0.0,0.21,0
22,6,1,1,54,3,3,1,4,2.25,0,TypeScript,2021-2023,1.0,13.5,0.25,0.56,0
9,1,0,0,14,0,2,0,0,0.0,0,TypeScript,2021-2023,1.0,14.0,0.0,0.0,0
22,3,0,1,14,1,2,0,0,0.0,0,TypeScript,2021-2023,1.0,7.0,0.0,0.0,0
22,6,1,1,1,1,1,0,0,0.0,0,TypeScript,2021-2023,1.0,0.5,0.0,0.0,0
10,4,0,0,1,1,1,0,0,0.0,0,TypeScript,2021-2023,1.0,0.5,0.0,0.0,0
11,4,0,0,15,0,2,0,0,0.0,0,TypeScript,2021-2023,1.0,15.0,0.0,0.0,0
16,2,0,0,1,1,1,0,0,0.0,0,TypeScript,2021-2023,1.0,0.5,0.0,0.0,0
19,0,0,0,1,0,1,0,2,3.0,0,TypeScript,2021-2023,1.0,1.0,0.0,1.5,0
21,5,1,0,4,4,2,0,1,1.0,0,TypeScript,2021-2023,1.0,0.8,0.0,0.33,0
21,6,1,0,6,3,2,0,0,0.0,0,TypeScript,2021-2023,1.0,1.5,0.0,0.0,0
9,1,0,0,1,2,2,1,2,3.0,0,TypeScript,2021-2023,1.0,0.33,0.33,1.0,0
9,1,0,0,23,22,3,0,1,2.0,0,TypeScript,2021-2023,1.0,1.0,0.0,0.5,0
21,2,0,0,3,0,1,0,0,0.0,0,TypeScript,2021-2023,1.0,3.0,0.0,0.0,0
9,3,0,0,632,649,6,0,0,0.0,0,TypeScript,2021-2023,1.0,0.97,0.0,0.0,0
8,1,0,0,17,24,14,4,4,1.25,0,TypeScript,2021-2023,1.0,0.68,0.27,0.08,0
10,1,0,0,5,3,1,0,0,0.0,0,TypeScript,2021-2023,1.0,1.25,0.0,0.0,0
19,1,0,0,3,5,3,0,7,2.14,0,TypeScript,2021-2023,1.0,0.5,0.0,0.54,0
21,1,0,0,32,0,2,1,1,1.0,0,TypeScript,2021-2023,1.0,32.0,0.33,0.33,0
9,3,0,0,2,3,1,0,0,0.0,0,TypeScript,2021-2023,1.0,0.5,0.0,0.0,0
23,5,1,1,5,5,2,0,0,0.0,0,TypeScript,2021-2023,1.0,0.83,0.0,0.0,0
13,6,1,0,5,5,2,0,0,0.0,0,TypeScript,2021-2023,1.0,0.83,0.0,0.0,0
13,6,1,0,22,1,2,0,0,0.0,0,TypeScript,2021-2023,1.0,11.0,0.0,0.0,0
14,0,0,0,209,196,5,0,0,0.0,0,TypeScript,2021-2023,1.0,1.06,0.0,0.0,0
9,3,0,0,96,37,6,2,5,4.8,0,TypeScript,2021-2023,1.0,2.53,0.29,0.69,0
9,3,0,0,18,5,1,0,1,1.0,0,TypeScript,2021-2023,1.0,3.0,0.0,0.5,0
9,0,0,0,3,0,1,0,0,0.0,0,TypeScript,2021-2023,1.0,3.0,0.0,0.0,0
10,0,0,0,3,3,1,0,0,0.0,0,TypeScript,2021-2023,1.0,0.75,0.0,0.0,0
9,4,0,0,17,12,1,0,1,1.0,0,TypeScript,2021-2023,1.0,1.31,0.0,0.5,0
9,4,0,0,34,29,1,0,0,0.0,0,TypeScript,2021-2023,1.0,1.13,0.0,0.0,0
9,4,0,0,6,6,1,0,0,0.0,0,TypeScript,2021-2023,1.0,0.86,0.0,0.0,0
9,4,0,0,9,9,1,0,0,0.0,0,TypeScript,2021-2023,1.0,0.9,0.0,0.0,0
9,2,0,0,12,7,2,1,1,1.0,0,TypeScript,2021-2023,1.0,1.5,0.33,0.33,0
8,3,0,0,3,3,2,1,2,2.0,0,TypeScript,2021-2023,1.0,0.75,0.33,0.67,0
8,3,0,0,9,4,1,0,0,0.0,0,TypeScript,2021-2023,1.0,1.8,0.0,0.0,0
10,3,0,0,74,1,2,1,2,1.0,0,TypeScript,2021-2023,1.0,37.0,0.33,0.33,0
10,3,0,0,2,1,1,0,1,1.0,0,TypeScript,2021-2023,1.0,1.0,0.0,0.5,0
10,5,1,0,3,3,1,0,0,0.0,0,TypeScript,2021-2023,1.0,0.75,0.0,0.0,0
10,5,1,0,3,3,1,0,0,0.0,0,TypeScript,2021-2023,1.0,0.75,0.0,0.0,0
9,0,0,0,137,142,4,0,0,0.0,0,TypeScript,2021-2023,1.0,0.96,0.0,0.0,0
17,1,0,0,42,7,2,1,5,2.4,0,TypeScript,2021-2023,1.0,5.25,0.33,0.8,0
9,2,0,0,20,1,2,0,0,0.0,0,TypeScript,2021-2023,1.0,10.0,0.0,0.0,0
10,4,0,0,3,3,1,0,0,0.0,0,TypeScript,2021-2023,1.0,0.75,0.0,0.0,0
10,4,0,0,214,136,1,0,0,0.0,0,TypeScript,2021-2023,1.0,1.56,0.0,0.0,0
9,2,0,0,95,62,4,2,11,1.0,0,TypeScript,2021-2023,1.0,1.51,0.4,0.2,0
21,2,0,0,16,1,2,0,0,0.0,0,TypeScript,2021-2023,1.0,8.0,0.0,0.0,0
22,2,0,1,1,1,1,0,0,0.0,0,TypeScript,2021-2023,1.0,0.5,0.0,0.0,0
8,1,0,0,5,2,1,0,1,1.0,0,TypeScript,2021-2023,1.0,1.67,0.0,0.5,0
15,1,0,0,6,3,1,0,3,9.0,0,TypeScript,2021-2023,1.0,1.5,0.0,4.5,0
17,1,0,0,50,4,9,0,4,3.75,0,TypeScript,2021-2023,1.0,10.0,0.0,0.38,0
18,1,0,0,9,2,2,0,3,3.67,0,TypeScript,2021-2023,1.0,3.0,0.0,1.22,0
18,1,0,0,2,2,2,0,0,0.0,0,TypeScript,2021-2023,1.0,0.67,0.0,0.0,0
18,1,0,0,13,1,2,0,0,0.0,0,TypeScript,2021-2023,1.0,6.5,0.0,0.0,0
18,1,0,0,1,1,1,0,0,0.0,0,TypeScript,2021-2023,1.0,0.5,0.0,0.0,0
9,2,0,0,3,0,1,0,1,14.0,0,TypeScript,2021-2023,1.0,3.0,0.0,7.0,0
11,2,0,0,22,27,2,0,0,0.0,0,TypeScript,2021-2023,1.0,0.79,0.0,0.0,0
20,4,0,0,2,11,1,0,1,4.0,0,TypeScript,2021-2023,1.0,0.17,0.0,2.0,0
9,0,0,0,18,0,3,0,2,12.5,0,TypeScript,2021-2023,1.0,18.0,0.0,3.12,0
9,0,0,0,97,71,18,0,21,6.9,0,TypeScript,2021-2023,1.0,1.35,0.0,0.36,0
10,0,0,0,16,1,2,0,0,0.0,0,TypeScript,2021-2023,1.0,8.0,0.0,0.0,0
10,0,0,0,2,2,2,0,0,0.0,0,TypeScript,2021-2023,1.0,0.67,0.0,0.0,0
17,4,0,0,6,6,1,0,0,0.0,0,TypeScript,2021-2023,1.0,0.86,0.0,0.0,0
17,4,0,0,3,3,1,0,0,0.0,0,TypeScript,2021-2023,1.0,0.75,0.0,0.0,0
17,4,0,0,6,3,1,0,0,0.0,0,TypeScript,2021-2023,1.0,1.5,0.0,0.0,0
18,4,0,0,2,2,1,0,1,3.0,0,TypeScript,2021-2023,1.0,0.67,0.0,1.5,0
19,6,1,0,122,167,12,0,52,1.96,0,TypeScript,2021-2023,1.0,0.73,0.0,0.15,0
11,0,0,0,57,28,17,0,17,2.41,0,TypeScript,2021-2023,1.0,1.97,0.0,0.13,0
15,0,0,0,12,1,2,0,0,0.0,0,TypeScript,2021-2023,1.0,6.0,0.0,0.0,0
15,0,0,0,1,1,1,0,0,0.0,0,TypeScript,2021-2023,1.0,0.5,0.0,0.0,0
12,3,0,0,106,74,6,0,26,1.81,1,TypeScript,2021-2023,0.2,1.41,0.0,0.26,0
14,3,0,0,10,1,2,0,0,0.0,0,TypeScript,2021-2023,1.0,5.0,0.0,0.0,1
14,3,0,0,1,1,1,0,0,0.0,0,TypeScript,2021-2023,1.0,0.5,0.0,0.0,1
9,4,0,0,17,1,2,1,1,1.0,0,TypeScript,2021-2023,1.0,8.5,0.33,0.33,0
13,4,0,0,1,1,1,0,1,2.0,0,TypeScript,2021-2023,1.0,0.5,0.0,1.0,0
13,4,0,0,1,1,1,0,0,0.0,0,TypeScript,2021-2023,1.0,0.5,0.0,0.0,1
20,4,0,0,2,2,1,0,2,12.5,0,TypeScript,2021-2023,1.0,0.67,0.0,6.25,0
11,0,0,0,0,798,1,0,3,1.0,0,TypeScript,2021-2023,1.0,0.0,0.0,0.5,1
12,0,0,0,8,6,1,0,0,0.0,0,TypeScript,2021-2023,1.0,1.14,0.0,0.0,1
14,0,0,0,6,6,1,0,0,0.0,0,TypeScript,2021-2023,1.0,0.86,0.0,0.0,0
14,0,0,0,12,1,2,0,0,0.0,0,TypeScript,2021-2023,1.0,6.0,0.0,0.0,1
14,0,0,0,1,1,1,0,0,0.0,0,TypeScript,2021-2023,1.0,0.5,0.0,0.0,1
9,4,0,0,5,3,1,0,1,2.0,0,TypeScript,2021-2023,1.0,1.25,0.0,1.0,0
9,4,0,0,3,3,1,0,0,0.0,0,TypeScript,2021-2023,1.0,0.75,0.0,0.0,0
19,0,0,0,59,77,11,0,10,9.5,0,TypeScript,2021-2023,1.0,0.76,0.0,0.79,1
22,0,0,1,4,0,1,0,1,7.0,0,TypeScript,2021-2023,1.0,4.0,0.0,3.5,1
6,1,0,0,8,2,1,0,0,0.0,0,TypeScript,2021-2023,1.0,2.67,0.0,0.0,0
7,1,0,0,380,435,39,0,88,1.75,0,TypeScript,2021-2023,1.0,0.87,0.0,0.04,0
21,3,0,0,10,3,2,0,1,4.0,0,TypeScript,2021-2023,1.0,2.5,0.0,1.33,0
9,6,1,0,5,4,1,0,0,0.0,0,TypeScript,2021-2023,1.0,1.0,0.0,0.0,0
9,4,0,0,110,11,8,1,5,3.4,0,TypeScript,2021-2023,1.0,9.17,0.11,0.38,0
10,4,0,0,447,396,5,0,0,0.0,0,TypeScript,2021-2023,1.0,1.13,0.0,0.0,0
11,4,0,0,215,59,2,0,0,0.0,0,TypeScript,2021-2023,1.0,3.58,0.0,0.0,0
11,4,0,0,14,1,2,0,0,0.0,0,TypeScript,2021-2023,1.0,7.0,0.0,0.0,0
16,0,0,0,4,4,2,0,0,0.0,0,TypeScript,2021-2023,1.0,0.8,0.0,0.0,0
17,0,0,0,1,1,1,0,0,0.0,0,TypeScript,2021-2023,1.0,0.5,0.0,0.0,0
17,0,0,0,12,1,2,0,0,0.0,0,TypeScript,2021-2023,1.0,6.0,0.0,0.0,0
23,0,0,1,1,2,1,0,1,5.0,0,TypeScript,2021-2023,1.0,0.33,0.0,2.5,0
16,1,0,0,26,23,3,0,0,0.0,0,TypeScript,2021-2023,1.0,1.08,0.0,0.0,1
16,1,0,0,1,1,1,0,1,5.0,0,TypeScript,2021-2023,1.0,0.5,0.0,2.5,1
19,1,0,0,2,2,1,0,0,0.0,0,TypeScript,2021-2023,1.0,0.67,0.0,0.0,1
19,1,0,0,5,3,2,0,0,0.0,0,TypeScript,2021-2023,1.0,1.25,0.0,0.0,1
20,1,0,0,3,1,1,0,0,0.0,0,TypeScript,2021-2023,1.0,1.5,0.0,0.0,1
21,2,0,0,1,0,1,0,1,11.0,0,TypeScript,2021-2023,1.0,1.0,0.0,5.5,1
6,4,0,0,91,75,6,0,20,2.2,0,TypeScript,2021-2023,1.0,1.2,0.0,0.31,0
12,5,1,0,8,2,3,0,0,0.0,0,TypeScript,2021-2023,1.0,2.67,0.0,0.0,1
20,5,1,0,1,0,1,0,1,4.0,0,TypeScript,2021-2023,1.0,1.0,0.0,2.0,0
16,6,1,0,1,3,1,0,0,0.0,0,TypeScript,2021-2023,1.0,0.25,0.0,0.0,0
21,0,0,0,15,21,1,0,4,4.25,0,TypeScript,2021-2023,1.0,0.68,0.0,2.12,1
21,0,0,0,185,40,3,0,7,11.14,0,TypeScript,2021-2023,1.0,4.51,0.0,2.78,0
15,1,0,0,1,1,1,0,0,0.0,0,TypeScript,2021-2023,1.0,0.5,0.0,0.0,0
13,2,0,0,66,64,6,5,47,1.3,0,TypeScript,2021-2023,1.0,1.02,0.71,0.19,1
8,3,0,0,21,8,3,0,4,4.5,0,TypeScript,2021-2023,1.0,2.33,0.0,1.12,0
20,3,0,0,31,31,4,0,0,0.0,0,TypeScript,2021-2023,1.0,0.97,0.0,0.0,1
20,3,0,0,5,1,2,0,0,0.0,0,TypeScript,2021-2023,1.0,2.5,0.0,0.0,0
21,3,0,0,8,8,1,0,0,0.0,0,TypeScript,2021-2023,1.0,0.89,0.0,0.0,0
19,1,0,0,1,83,2,0,8,1.0,0,TypeScript,2021-2023,1.0,0.01,0.0,0.33,1
20,3,0,0,83,70,1,0,6,2.17,0,TypeScript,2021-2023,1.0,1.17,0.0,1.08,0
10,6,1,0,1,1,1,0,0,0.0,0,TypeScript,2021-2023,1.0,0.5,0.0,0.0,0
9,0,0,0,11,1,2,0,1,1.0,0,TypeScript,2021-2023,1.0,5.5,0.0,0.33,1
12,3,0,0,3,3,2,0,1,3.0,0,TypeScript,2021-2023,1.0,0.75,0.0,1.0,0
19,3,0,0,456,17,7,0,36,1.67,0,TypeScript,2021-2023,1.0,25.33,0.0,0.21,0
8,4,0,0,4,0,1,0,0,0.0,0,TypeScript,2021-2023,1.0,4.0,0.0,0.0,1
10,4,0,0,111,27,4,1,10,2.0,0,TypeScript,2021-2023,1.0,3.96,0.2,0.4,0
12,4,0,0,106,103,3,1,0,0.0,0,TypeScript,2021-2023,1.0,1.02,0.25,0.0,0
16,4,0,0,23,3,2,0,3,4.67,0,TypeScript,2021-2023,1.0,5.75,0.0,1.56,0
8,2,0,0,17,11,4,0,4,2.75,0,TypeScript,2021-2023,1.0,1.42,0.0,0.55,0
8,2,0,0,11,6,1,1,0,0.0,0,TypeScript,2021-2023,1.0,1.57,0.5,0.0,0
14,2,0,0,924,123,6,4,41,1.39,0,TypeScript,2021-2023,1.0,7.45,0.57,0.2,1
15,2,0,0,50,33,6,1,6,4.17,1,TypeScript,2021-2023,0.045,1.47,0.14,0.6,0
18,2,0,0,69,16,7,0,14,4.36,0,TypeScript,2021-2023,1.0,4.06,0.0,0.55,1
10,3,0,0,123,124,16,5,35,2.09,0,TypeScript,2021-2023,1.0,0.98,0.29,0.12,0
14,6,1,0,11,5,3,0,3,1.0,0,TypeScript,2021-2023,1.0,1.83,0.0,0.25,0
15,0,0,0,16,17,2,2,2,1.5,0,TypeScript,2021-2023,1.0,0.89,0.67,0.5,1
0,1,0,1,12,1,1,0,0,0.0,0,TypeScript,2021-2023,1.0,6.0,0.0,0.0,1
10,1,0,0,227,16,14,0,6,1.0,0,TypeScript,2021-2023,1.0,13.35,0.0,0.07,1
10,1,0,0,103,106,3,1,0,0.0,0,TypeScript,2021-2023,1.0,0.96,0.25,0.0,1
10,1,0,0,27,111,4,1,10,2.0,0,TypeScript,2021-2023,1.0,0.24,0.2,0.4,1
11,1,0,0,155,2,3,0,0,0.0,0,TypeScript,2021-2023,1.0,51.67,0.0,0.0,1
15,1,0,0,1,2,1,0,2,4.0,0,TypeScript,2021-2023,1.0,0.33,0.0,2.0,1
16,1,0,0,154,52,4,1,6,3.33,0,TypeScript,2021-2023,1.0,2.91,0.2,0.67,1
18,1,0,0,1,1,1,0,0,0.0,0,TypeScript,2021-2023,1.0,0.5,0.0,0.0,1
20,1,0,0,2980,918,59,2,206,2.14,0,TypeScript,2021-2023,1.0,3.24,0.03,0.04,1
17,2,0,0,635,751,40,0,18,1.78,0,TypeScript,2021-2023,1.0,0.84,0.0,0.04,0
17,2,0,0,1,1,1,0,0,0.0,0,TypeScript,2021-2023,1.0,0.5,0.0,0.0,0
17,2,0,0,2,2,1,0,0,0.0,0,TypeScript,2021-2023,1.0,0.67,0.0,0.0,0
21,1,0,0,3,1,1,0,0,0.0,0,TypeScript,2021-2023,1.0,1.5,0.0,0.0,1
16,2,0,0,195,33,11,3,13,3.08,1,TypeScript,2021-2023,0.545,5.74,0.25,0.26,1
11,3,0,0,127,89,2,0,8,1.62,0,TypeScript,2021-2023,1.0,1.41,0.0,0.54,2
21,3,0,0,19,66,2,1,2,1.0,0,TypeScript,2021-2023,1.0,0.28,0.33,0.33,0
22,0,0,1,8,6,4,0,3,7.67,0,TypeScript,2021-2023,1.0,1.14,0.0,1.53,0
21,1,0,0,13,1,2,0,0,0.0,0,TypeScript,2021-2023,1.0,6.5,0.0,0.0,0
8,2,0,0,126,27,6,0,10,3.4,0,TypeScript,2021-2023,1.0,4.5,0.0,0.49,1
22,2,0,1,10645,18092,455,0,205,1.77,0,TypeScript,2021-2023,1.0,0.59,0.0,0.0,0
22,2,0,1,206,378,5,0,0,0.0,0,TypeScript,2021-2023,1.0,0.54,0.0,0.0,0
16,3,0,0,10,2,1,0,0,0.0,0,TypeScript,2021-2023,1.0,3.33,0.0,0.0,0
11,4,0,0,83,83,5,1,2,1.0,0,TypeScript,2021-2023,1.0,0.99,0.17,0.17,0
11,4,0,0,1,1,1,0,0,0.0,0,TypeScript,2021-2023,1.0,0.5,0.0,0.0,0
18,4,0,0,22,14,2,0,0,0.0,0,TypeScript,2021-2023,1.0,1.47,0.0,0.0,0
18,4,0,0,13,1,2,0,0,0.0,0,TypeScript,2021-2023,1.0,6.5,0.0,0.0,0
15,6,1,0,3,3,1,0,0,0.0,0,TypeScript,2021-2023,1.0,0.75,0.0,0.0,0
15,6,1,0,48,17,1,0,0,0.0,0,TypeScript,2021-2023,1.0,2.67,0.0,0.0,0
15,6,1,0,3,3,1,0,0,0.0,0,TypeScript,2021-2023,1.0,0.75,0.0,0.0,0
15,6,1,0,3,3,1,0,0,0.0,0,TypeScript,2021-2023,1.0,0.75,0.0,0.0,0
8,0,0,0,4,4,1,0,0,0.0,0,TypeScript,2021-2023,1.0,0.8,0.0,0.0,0
8,0,0,0,739,370,38,1,47,4.38,0,TypeScript,2021-2023,1.0,1.99,0.03,0.11,1
9,0,0,0,4,4,1,0,0,0.0,0,TypeScript,2021-2023,1.0,0.8,0.0,0.0,1
10,0,0,0,21,2,3,0,0,0.0,0,TypeScript,2021-2023,1.0,7.0,0.0,0.0,1
22,0,0,1,529,446,2,0,0,0.0,0,TypeScript,2021-2023,1.0,1.18,0.0,0.0,0
20,4,0,0,308,1,9,0,23,1.61,0,TypeScript,2021-2023,1.0,154.0,0.0,0.16,0
13,0,0,0,19,11,3,0,3,2.0,0,TypeScript,2021-2023,1.0,1.58,0.0,0.5,1
0,1,0,1,103,33,7,1,15,4.73,0,TypeScript,2021-2023,1.0,3.03,0.12,0.59,0
11,1,0,0,17,2,3,0,0,0.0,0,TypeScript,2021-2023,1.0,5.67,0.0,0.0,1
17,1,0,0,129,8,3,0,4,2.25,0,TypeScript,2021-2023,1.0,14.33,0.0,0.56,0
17,1,0,0,3,2,1,0,0,0.0,0,TypeScript,2021-2023,1.0,1.0,0.0,0.0,0
11,2,0,0,3,0,1,0,1,3.0,0,TypeScript,2021-2023,1.0,3.0,0.0,1.5,1
12,0,0,0,142,46,8,3,19,1.63,0,TypeScript,2021-2023,1.0,3.02,0.33,0.18,2
14,0,0,0,25,22,3,0,4,2.0,0,TypeScript,2021-2023,1.0,1.09,0.0,0.5,0
17,1,0,0,3,3,1,0,0,0.0,0,TypeScript,2021-2023,1.0,0.75,0.0,0.0,0
18,2,0,0,17,2,3,0,0,0.0,0,TypeScript,2021-2023,1.0,5.67,0.0,0.0,1
20,3,0,0,2069,644,36,1,111,2.75,0,TypeScript,2021-2023,1.0,3.21,0.03,0.07,0
11,6,1,0,5,0,1,0,0,0.0,0,TypeScript,2021-2023,1.0,5.0,0.0,0.0,0
19,2,0,0,3,2,1,0,1,5.0,0,TypeScript,2021-2023,1.0,1.0,0.0,2.5,0
20,0,0,0,3,3,1,0,1,10.0,0,TypeScript,2021-2023,1.0,0.75,0.0,5.0,0
7,3,0,0,3503,3645,67,11,474,2.12,0,TypeScript,2021-2023,1.0,0.96,0.16,0.03,1
21,1,0,0,2,1,1,0,0,0.0,0,TypeScript,2021-2023,1.0,1.0,0.0,0.0,0
21,2,0,0,5,5,2,0,0,0.0,0,TypeScript,2021-2023,1.0,0.83,0.0,0.0,0
22,5,1,1,25,12,3,1,4,2.25,0,TypeScript,2021-2023,1.0,1.92,0.25,0.56,0
16,1,0,0,31,2,2,1,1,15.0,0,TypeScript,2021-2023,1.0,10.33,0.33,5.0,0
16,1,0,0,1,1,1,0,0,0.0,0,TypeScript,2021-2023,1.0,0.5,0.0,0.0,1
20,2,0,0,44,4,4,0,1,1.0,0,TypeScript,2021-2023,1.0,8.8,0.0,0.2,0
21,2,0,0,37,52,5,0,2,1.0,0,TypeScript,2021-2023,1.0,0.7,0.0,0.17,0
10,5,1,0,561,656,5,0,3,1.0,0,TypeScript,2021-2023,1.0,0.85,0.0,0.17,0
21,5,1,0,9,26,2,0,0,0.0,0,TypeScript,2021-2023,1.0,0.33,0.0,0.0,0
19,0,0,0,13,18,2,0,4,5.75,0,TypeScript,2021-2023,1.0,0.68,0.0,1.92,1
20,0,0,0,4,1,1,0,2,2.0,0,TypeScript,2021-2023,1.0,2.0,0.0,1.0,1
9,1,0,0,55,55,4,2,10,2.0,0,TypeScript,2021-2023,1.0,0.98,0.4,0.4,1
10,1,0,0,28,25,1,0,3,3.33,0,TypeScript,2021-2023,1.0,1.08,0.0,1.66,1
11,1,0,0,5,1,2,0,0,0.0,0,TypeScript,2021-2023,1.0,2.5,0.0,0.0,1
13,1,0,0,5,1,1,0,0,0.0,0,TypeScript,2021-2023,1.0,2.5,0.0,0.0,0
13,2,0,0,0,1,1,0,0,0.0,0,TypeScript,2021-2023,1.0,0.0,0.0,0.0,1
13,2,0,0,10,8,3,0,3,1.67,0,TypeScript,2021-2023,1.0,1.11,0.0,0.42,1
22,2,0,1,1,1,1,0,0,0.0,0,TypeScript,2021-2023,1.0,0.5,0.0,0.0,0
22,2,0,1,74,74,2,0,0,0.0,0,TypeScript,2021-2023,1.0,0.99,0.0,0.0,0
10,3,0,0,6,0,2,0,1,1.0,0,TypeScript,2021-2023,1.0,6.0,0.0,0.33,1
22,3,0,1,340,94,40,0,24,1.12,0,TypeScript,2021-2023,1.0,3.58,0.0,0.03,0
10,5,1,0,767,741,3,0,58,2.88,0,TypeScript,2021-2023,1.0,1.03,0.0,0.72,0
10,5,1,0,15,1,2,0,0,0.0,0,TypeScript,2021-2023,1.0,7.5,0.0,0.0,1
13,0,0,0,3,2,1,0,2,7.5,0,TypeScript,2021-2023,1.0,1.0,0.0,3.75,1
13,0,0,0,1,1,1,0,0,0.0,0,TypeScript,2021-2023,1.0,0.5,0.0,0.0,1
14,0,0,0,11,1,2,0,0,0.0,0,TypeScript,2021-2023,1.0,5.5,0.0,0.0,1
14,0,0,0,1,1,1,0,0,0.0,0,TypeScript,2021-2023,1.0,0.5,0.0,0.0,1
21,0,0,0,6,4,1,0,1,6.0,0,TypeScript,2021-2023,1.0,1.2,0.0,3.0,1
16,2,0,0,46,8,5,1,2,8.0,1,TypeScript,2021-2023,0.091,5.11,0.17,1.33,0
16,2,0,0,1,1,1,0,0,0.0,0,TypeScript,2021-2023,1.0,0.5,0.0,0.0,1
17,2,0,0,1,1,1,0,0,0.0,0,TypeScript,2021-2023,1.0,0.5,0.0,0.0,0
11,3,0,0,7,2,1,0,3,1.67,0,TypeScript,2021-2023,1.0,2.33,0.0,0.84,1
12,3,0,0,13,5,2,0,2,5.0,0,TypeScript,2021-2023,1.0,2.17,0.0,1.67,0
12,3,0,0,18,8,2,0,0,0.0,0,TypeScript,2021-2023,1.0,2.0,0.0,0.0,1
12,3,0,0,1,1,1,0,0,0.0,0,TypeScript,2021-2023,1.0,0.5,0.0,0.0,1
17,3,0,0,33,1,2,1,2,3.0,0,TypeScript,2021-2023,1.0,16.5,0.33,1.0,0
17,3,0,0,18,1,2,0,0,0.0,0,TypeScript,2021-2023,1.0,9.0,0.0,0.0,0
9,4,0,0,1,1,1,0,1,7.0,0,TypeScript,2021-2023,1.0,0.5,0.0,3.5,1
9,4,0,0,3,4,2,0,2,5.0,0,TypeScript,2021-2023,1.0,0.6,0.0,1.67,1
9,4,0,0,3,0,1,0,1,6.0,0,TypeScript,2021-2023,1.0,3.0,0.0,3.0,1
11,4,0,0,12,1,2,0,0,0.0,0,TypeScript,2021-2023,1.0,6.0,0.0,0.0,1
11,4,0,0,1,1,1,0,0,0.0,0,TypeScript,2021-2023,1.0,0.5,0.0,0.0,1
22,1,0,1,202,130,4,0,1,1.0,0,TypeScript,2021-2023,1.0,1.54,0.0,0.2,0
22,0,0,1,9,1,1,0,1,8.0,0,TypeScript,2021-2023,1.0,4.5,0.0,4.0,0
20,1,0,0,1,1,1,0,0,0.0,0,TypeScript,2021-2023,1.0,0.5,0.0,0.0,0
20,1,0,0,11,0,1,0,0,0.0,0,TypeScript,2021-2023,1.0,11.0,0.0,0.0,0
9,0,0,0,216,178,1,0,21,1.9,0,TypeScript,2021-2023,1.0,1.21,0.0,0.95,1
9,0,0,0,22,0,1,0,0,0.0,0,TypeScript,2021-2023,1.0,22.0,0.0,0.0,1
15,4,0,0,2,1,1,0,0,0.0,0,TypeScript,2021-2023,1.0,1.0,0.0,0.0,0
11,6,1,0,3,2,1,0,1,4.0,0,TypeScript,2021-2023,1.0,1.0,0.0,2.0,0
11,6,1,0,39,41,1,0,1,1.0,0,TypeScript,2021-2023,1.0,0.93,0.0,0.5,0
22,6,1,1,95,87,2,0,0,0.0,0,TypeScript,2021-2023,1.0,1.08,0.0,0.0,0
22,6,1,1,70,83,8,0,6,1.0,0,TypeScript,2021-2023,1.0,0.83,0.0,0.11,0
22,6,1,1,5,5,2,0,0,0.0,0,TypeScript,2021-2023,1.0,0.83,0.0,0.0,0
22,6,1,1,243,307,5,0,0,0.0,0,TypeScript,2021-2023,1.0,0.79,0.0,0.0,0
12,0,0,0,40,23,4,0,5,2.4,0,TypeScript,2021-2023,1.0,1.67,0.0,0.48,1
17,1,0,0,5,5,3,0,5,7.6,0,TypeScript,2021-2023,1.0,0.83,0.0,1.9,0
19,6,1,0,4,4,1,0,0,0.0,0,TypeScript,2021-2023,1.0,0.8,0.0,0.0,0
22,6,1,1,1,1,1,0,0,0.0,0,TypeScript,2021-2023,1.0,0.5,0.0,0.0,0
22,6,1,1,46,0,2,0,1,1.0,0,TypeScript,2021-2023,1.0,46.0,0.0,0.33,0
22,6,1,1,9,9,1,0,0,0.0,0,TypeScript,2021-2023,1.0,0.9,0.0,0.0,0
22,6,1,1,6,6,1,0,0,0.0,0,TypeScript,2021-2023,1.0,0.86,0.0,0.0,0
9,0,0,0,15,2,3,0,0,0.0,0,TypeScript,2021-2023,1.0,5.0,0.0,0.0,1
9,0,0,0,1,1,1,0,0,0.0,0,TypeScript,2021-2023,1.0,0.5,0.0,0.0,1
23,0,0,1,14,13,2,1,2,2.0,0,TypeScript,2021-2023,1.0,1.0,0.33,0.67,0
18,2,0,0,24,2,2,0,3,11.67,0,TypeScript,2021-2023,1.0,8.0,0.0,3.89,1
20,1,0,0,4,1,1,0,1,2.0,0,TypeScript,2021-2023,1.0,2.0,0.0,1.0,0
22,3,0,1,2,0,1,0,2,3.5,0,TypeScript,2021-2023,1.0,2.0,0.0,1.75,1
22,3,0,1,25,2,3,2,1,2.0,1,TypeScript,2021-2023,0.045,8.33,0.5,0.5,1
22,3,0,1,1,1,1,0,0,0.0,0,TypeScript,2021-2023,1.0,0.5,0.0,0.0,2
21,6,1,0,898,102,35,0,2,1.0,0,TypeScript,2021-2023,1.0,8.72,0.0,0.03,0
21,6,1,0,16,1,2,0,0,0.0,0,TypeScript,2021-2023,1.0,8.0,0.0,0.0,0
22,6,1,1,90,5,2,1,4,1.0,0,TypeScript,2021-2023,1.0,15.0,0.33,0.33,0
23,1,0,1,1,4,1,0,0,0.0,0,TypeScript,2021-2023,1.0,0.2,0.0,0.0,0
22,3,0,1,1,0,1,0,0,0.0,0,TypeScript,2021-2023,1.0,1.0,0.0,0.0,0
7,4,0,0,731,473,61,3,17,1.35,0,TypeScript,2021-2023,1.0,1.54,0.05,0.02,1
15,4,0,0,9,9,1,0,0,0.0,0,TypeScript,2021-2023,1.0,0.9,0.0,0.0,0
15,4,0,0,33,35,3,0,7,2.0,1,TypeScript,2021-2023,0.7,0.92,0.0,0.5,2
15,6,1,0,120,12,9,0,8,3.12,0,TypeScript,2021-2023,1.0,9.23,0.0,0.31,1
20,0,0,0,600,412,5,0,0,0.0,0,TypeScript,2021-2023,1.0,1.45,0.0,0.0,0
20,4,0,0,54,0,3,0,4,9.5,0,TypeScript,2021-2023,1.0,54.0,0.0,2.38,2
8,2,0,0,1404,829,32,0,73,4.29,0,TypeScript,2021-2023,1.0,1.69,0.0,0.13,3
17,2,0,0,1,1,1,0,1,1.0,0,TypeScript,2021-2023,1.0,0.5,0.0,0.5,0
6,3,0,0,25,5,2,0,3,6.33,0,TypeScript,2021-2023,1.0,4.17,0.0,2.11,3
8,5,1,0,612,793,28,7,17,1.65,0,TypeScript,2021-2023,1.0,0.77,0.24,0.06,1
16,3,0,0,67,16,8,7,0,0.0,0,TypeScript,2021-2023,1.0,3.94,0.78,0.0,2
9,5,1,0,2,2,1,0,0,0.0,0,TypeScript,2021-2023,1.0,0.67,0.0,0.0,0
17,1,0,0,12,1,2,0,0,0.0,0,TypeScript,2021-2023,1.0,6.0,0.0,0.0,0
17,2,0,0,18,3,1,0,0,0.0,0,TypeScript,2021-2023,1.0,4.5,0.0,0.0,0
18,2,0,0,12,3,1,0,0,0.0,0,TypeScript,2021-2023,1.0,3.0,0.0,0.0,0
19,2,0,0,9,5,2,0,2,5.0,0,TypeScript,2021-2023,1.0,1.5,0.0,1.67,0
19,2,0,0,6,2,2,0,3,1.67,0,TypeScript,2021-2023,1.0,2.0,0.0,0.56,0
19,2,0,0,19,14,1,0,1,4.0,0,TypeScript,2021-2023,1.0,1.27,0.0,2.0,0
17,3,0,0,13273,8198,98,7,209,1.55,0,TypeScript,2021-2023,1.0,1.62,0.07,0.02,1
18,3,0,0,4,3,2,0,2,4.0,0,TypeScript,2021-2023,1.0,1.0,0.0,1.33,1
19,6,1,0,33,37,2,0,0,0.0,0,TypeScript,2021-2023,1.0,0.87,0.0,0.0,1
15,1,0,0,1,1,1,0,0,0.0,0,TypeScript,2021-2023,1.0,0.5,0.0,0.0,1
8,2,0,0,40,82,16,7,4,9.25,0,TypeScript,2021-2023,1.0,0.48,0.41,0.54,0
12,2,0,0,63,19,12,0,0,0.0,0,TypeScript,2021-2023,1.0,3.15,0.0,0.0,0
0,5,1,1,39,39,28,7,7,1.0,0,TypeScript,2021-2023,1.0,0.98,0.24,0.03,0
12,0,0,0,230,76,18,1,21,2.57,0,TypeScript,2021-2023,1.0,2.99,0.05,0.14,1
12,0,0,0,22,22,21,1,0,0.0,0,TypeScript,2021-2023,1.0,0.96,0.05,0.0,0
13,0,0,0,42,29,21,1,0,0.0,0,TypeScript,2021-2023,1.0,1.4,0.05,0.0,5
14,0,0,0,22,2,3,1,0,0.0,0,TypeScript,2021-2023,1.0,7.33,0.25,0.0,5
17,0,0,0,6,6,4,0,0,0.0,0,TypeScript,2021-2023,1.0,0.86,0.0,0.0,1
22,0,0,1,1,1,1,0,0,0.0,0,TypeScript,2021-2023,1.0,0.5,0.0,0.0,0
22,0,0,1,3,1,1,0,0,0.0,0,TypeScript,2021-2023,1.0,1.5,0.0,0.0,2
22,0,0,1,1,1,1,0,0,0.0,0,TypeScript,2021-2023,1.0,0.5,0.0,0.0,2
11,1,0,0,39,1,2,0,0,0.0,0,TypeScript,2021-2023,1.0,19.5,0.0,0.0,1
18,4,0,0,7,4,1,0,1,2.0,0,TypeScript,2021-2023,1.0,1.4,0.0,1.0,3
20,4,0,0,281,107,10,4,24,3.58,0,TypeScript,2021-2023,1.0,2.6,0.36,0.33,2
23,4,0,1,38,19,12,0,0,0.0,0,TypeScript,2021-2023,1.0,1.9,0.0,0.0,0
14,5,1,0,80,62,6,2,10,2.6,0,TypeScript,2021-2023,1.0,1.27,0.29,0.37,1
14,5,1,0,15,12,1,0,3,4.0,0,TypeScript,2021-2023,1.0,1.15,0.0,2.0,3
7,0,0,0,150,3,6,1,7,4.86,0,TypeScript,2021-2023,1.0,37.5,0.14,0.69,5
14,0,0,0,73,109,6,3,10,1.3,0,TypeScript,2021-2023,1.0,0.66,0.43,0.19,2
15,0,0,0,6,18,2,0,2,7.0,0,TypeScript,2021-2023,1.0,0.32,0.0,2.33,3
20,0,0,0,55,5,3,1,3,6.0,1,TypeScript,2021-2023,0.4,9.17,0.25,1.5,2
20,0,0,0,60,11,4,1,8,3.38,1,TypeScript,2021-2023,0.4,5.0,0.2,0.68,3
14,1,0,0,274,16,4,1,6,4.5,0,TypeScript,2021-2023,1.0,16.12,0.2,0.9,4
14,1,0,0,159,65,3,1,6,4.5,1,TypeScript,2021-2023,0.4,2.41,0.25,1.12,4
15,1,0,0,39,41,2,0,3,12.67,0,TypeScript,2021-2023,1.0,0.93,0.0,4.22,5
16,1,0,0,71,202,9,3,11,1.82,0,TypeScript,2021-2023,1.0,0.35,0.3,0.18,5
19,1,0,0,2,2,2,0,0,0.0,0,TypeScript,2021-2023,1.0,0.67,0.0,0.0,5
16,2,0,0,221,15,2,1,6,4.83,0,TypeScript,2021-2023,1.0,13.81,0.33,1.61,5
16,2,0,0,59,1,2,1,2,7.5,0,TypeScript,2021-2023,1.0,29.5,0.33,2.5,5
11,3,0,0,82,19,12,0,0,0.0,0,TypeScript,2021-2023,1.0,4.1,0.0,0.0,0
18,3,0,0,97,78,10,2,20,5.05,0,TypeScript,2021-2023,1.0,1.23,0.18,0.46,5
13,4,0,0,39,19,12,0,0,0.0,0,TypeScript,2021-2023,1.0,1.95,0.0,0.0,0
15,4,0,0,42,54,1,0,4,7.25,0,TypeScript,2021-2023,1.0,0.76,0.0,3.62,5
15,4,0,0,36,20,3,1,7,2.43,1,TypeScript,2021-2023,0.4,1.71,0.25,0.61,5
15,4,0,0,233,269,5,3,10,1.8,0,TypeScript,2021-2023,1.0,0.86,0.5,0.3,6
17,4,0,0,21,11,1,0,1,2.0,0,TypeScript,2021-2023,1.0,1.75,0.0,1.0,0
17,4,0,0,3,2,1,0,0,0.0,0,TypeScript,2021-2023,1.0,1.0,0.0,0.0,0
17,4,0,0,13,1,2,0,0,0.0,0,TypeScript,2021-2023,1.0,6.5,0.0,0.0,0
17,4,0,0,179,2,3,1,2,6.0,0,TypeScript,2021-2023,1.0,59.67,0.25,1.5,6
19,6,1,0,12,18,4,0,7,2.29,0,TypeScript,2021-2023,1.0,0.63,0.0,0.46,3
15,0,0,0,18,17,13,0,0,0.0,0,TypeScript,2021-2023,1.0,1.0,0.0,0.0,0
15,0,0,0,71,8,3,1,2,8.0,1,TypeScript,2021-2023,0.4,7.89,0.25,2.0,6
16,0,0,0,40,21,2,1,2,7.5,1,TypeScript,2021-2023,0.4,1.82,0.33,2.5,7
17,0,0,0,27,18,2,0,5,3.0,0,TypeScript,2021-2023,1.0,1.42,0.0,1.0,0
17,0,0,0,10,1,1,0,2,3.5,0,TypeScript,2021-2023,1.0,5.0,0.0,1.75,0
17,0,0,0,1,1,1,0,0,0.0,0,TypeScript,2021-2023,1.0,0.5,0.0,0.0,1
19,0,0,0,42,1,3,1,3,1.67,0,TypeScript,2021-2023,1.0,21.0,0.25,0.42,8
21,0,0,0,40,51,9,3,12,3.08,0,TypeScript,2021-2023,1.0,0.77,0.3,0.31,8
21,0,0,0,71,6,4,2,4,1.25,1,TypeScript,2021-2023,0.4,10.14,0.4,0.25,8
22,0,0,1,478,50,7,5,16,5.0,1,TypeScript,2021-2023,0.4,9.37,0.62,0.62,9
19,1,0,0,86,0,1,1,1,1.0,0,TypeScript,2021-2023,1.0,86.0,0.5,0.5,10
8,2,0,0,3,1,2,0,0,0.0,0,TypeScript,2021-2023,1.0,1.5,0.0,0.0,0
10,2,0,0,34,19,12,0,0,0.0,0,TypeScript,2021-2023,1.0,1.7,0.0,0.0,0
13,2,0,0,8,1,2,0,2,2.5,0,TypeScript,2021-2023,1.0,4.0,0.0,0.83,10
13,2,0,0,1,21,1,0,0,0.0,0,TypeScript,2021-2023,1.0,0.05,0.0,0.0,10
5,3,0,1,11,8,1,0,0,0.0,0,TypeScript,2021-2023,1.0,1.22,0.0,0.0,0
15,3,0,0,18,1,3,1,2,6.0,0,TypeScript,2021-2023,1.0,9.0,0.25,1.5,10
16,3,0,0,87,278,25,11,39,1.1,0,TypeScript,2021-2023,1.0,0.31,0.42,0.04,10
23,3,0,1,56,0,3,1,2,2.0,1,TypeScript,2021-2023,0.4,56.0,0.25,0.5,10
5,4,0,1,505,48,7,2,16,3.62,1,TypeScript,2021-2023,0.4,10.31,0.25,0.45,5
6,4,0,0,6,8,2,0,0,0.0,1,TypeScript,2021-2023,0.4,0.67,0.0,0.0,0
7,4,0,0,109,19,12,0,0,0.0,0,TypeScript,2021-2023,1.0,5.45,0.0,0.0,0
12,4,0,0,66,3,4,1,3,1.0,1,TypeScript,2021-2023,0.4,16.5,0.2,0.2,11
14,4,0,0,218,217,27,6,88,3.01,0,TypeScript,2021-2023,1.0,1.0,0.21,0.11,6
16,4,0,0,481,514,20,4,91,1.97,1,TypeScript,2021-2023,0.4,0.93,0.19,0.09,12
0,6,1,1,36,0,2,1,2,4.5,0,TypeScript,2021-2023,1.0,36.0,0.33,1.5,0
18,0,0,0,74,0,1,0,0,0.0,0,TypeScript,2021-2023,1.0,74.0,0.0,0.0,1
12,1,0,0,48,0,1,0,0,0.0,0,TypeScript,2021-2023,1.0,48.0,0.0,0.0,1
13,3,0,0,195,29,4,2,10,5.8,1,TypeScript,2021-2023,0.4,6.5,0.4,1.16,13
13,3,0,0,30,1,1,1,1,1.0,0,TypeScript,2021-2023,1.0,15.0,0.5,0.5,14
13,3,0,0,48,6,4,1,5,2.8,1,TypeScript,2021-2023,0.4,6.86,0.2,0.56,14
13,3,0,0,19,13,2,0,4,4.0,0,TypeScript,2021-2023,1.0,1.36,0.0,1.33,3
13,3,0,0,38,5,3,1,3,3.33,0,TypeScript,2021-2023,1.0,6.33,0.25,0.83,1
13,3,0,0,22,1,2,0,0,0.0,0,TypeScript,2021-2023,1.0,11.0,0.0,0.0,1
13,3,0,0,1,1,1,0,0,0.0,0,TypeScript,2021-2023,1.0,0.5,0.0,0.0,1
16,3,0,0,28,2,1,0,0,0.0,0,TypeScript,2021-2023,1.0,9.33,0.0,0.0,1
16,3,0,0,34,19,12,0,0,0.0,0,TypeScript,2021-2023,1.0,1.7,0.0,0.0,0
12,4,0,0,1,1,1,0,0,0.0,0,TypeScript,2021-2023,1.0,0.5,0.0,0.0,1
14,4,0,0,4,0,1,0,0,0.0,0,TypeScript,2021-2023,1.0,4.0,0.0,0.0,6
17,4,0,0,33,6,4,1,2,3.5,0,TypeScript,2021-2023,1.0,4.71,0.2,0.7,6
17,4,0,0,32,0,3,1,2,1.0,1,TypeScript,2021-2023,0.4,32.0,0.25,0.25,15
13,5,1,0,49,19,12,0,0,0.0,0,TypeScript,2021-2023,1.0,2.45,0.0,0.0,0
6,6,1,0,863,0,5,0,3,1.0,0,TypeScript,2021-2023,1.0,863.0,0.0,0.17,6
14,0,0,0,80,67,14,3,13,1.54,1,TypeScript,2021-2023,0.4,1.18,0.2,0.1,16
10,1,0,0,6,1,2,0,0,0.0,0,TypeScript,2021-2023,1.0,3.0,0.0,0.0,6
13,1,0,0,4,252,2,1,8,1.38,0,TypeScript,2021-2023,1.0,0.02,0.33,0.46,17
18,1,0,0,50,0,1,1,2,1.0,0,TypeScript,2021-2023,1.0,50.0,0.5,0.5,17
20,1,0,0,0,18,2,1,2,1.0,0,TypeScript,2021-2023,1.0,0.0,0.33,0.33,17
8,2,0,0,39,20,13,0,0,0.0,0,TypeScript,2021-2023,1.0,1.86,0.0,0.0,0
10,2,0,0,531,254,14,3,37,2.41,0,TypeScript,2021-2023,1.0,2.08,0.2,0.16,17
11,3,0,0,121,2,2,0,0,0.0,0,TypeScript,2021-2023,1.0,40.33,0.0,0.0,1
16,3,0,0,1,1,1,1,1,1.0,0,TypeScript,2021-2023,1.0,0.5,0.5,0.5,17
7,4,0,0,37,19,12,0,0,0.0,0,TypeScript,2021-2023,1.0,1.85,0.0,0.0,0
12,4,0,0,5,172,6,3,9,1.67,0,TypeScript,2021-2023,1.0,0.03,0.43,0.24,17
12,4,0,0,128,266,15,9,17,2.41,0,TypeScript,2021-2023,1.0,0.48,0.56,0.15,17
12,4,0,0,1,27,2,0,3,3.33,0,TypeScript,2021-2023,1.0,0.04,0.0,1.11,17
12,4,0,0,354,279,25,9,37,2.92,0,TypeScript,2021-2023,1.0,1.26,0.35,0.11,17
13,4,0,0,5,87,4,1,2,3.0,0,TypeScript,2021-2023,1.0,0.06,0.2,0.6,17
13,4,0,0,53,0,1,0,0,0.0,0,TypeScript,2021-2023,1.0,53.0,0.0,0.0,1
13,4,0,0,4639,3869,101,0,5,1.2,1,TypeScript,2021-2023,0.4,1.2,0.0,0.01,6
12,6,1,0,381,441,27,6,56,1.14,1,TypeScript,2021-2023,0.4,0.86,0.21,0.04,7
20,6,1,0,39,1,1,0,0,0.0,0,TypeScript,2021-2023,1.0,19.5,0.0,0.0,1
12,0,0,0,23,1,3,0,0,0.0,0,TypeScript,2021-2023,1.0,11.5,0.0,0.0,0
16,1,0,0,42,1,1,1,2,1.0,0,TypeScript,2021-2023,1.0,21.0,0.5,0.5,8
19,1,0,0,126,125,4,0,21,1.9,0,TypeScript,2021-2023,1.0,1.0,0.0,0.38,17
19,1,0,0,64,0,1,1,2,1.0,0,TypeScript,2021-2023,1.0,64.0,0.5,0.5,17
19,1,0,0,116,474,9,3,14,2.0,1,TypeScript,2021-2023,0.4,0.24,0.3,0.2,17
1,2,0,1,46,19,12,0,0,0.0,0,TypeScript,2021-2023,1.0,2.3,0.0,0.0,0
14,2,0,0,167,60,5,1,1,1.0,0,TypeScript,2021-2023,1.0,2.74,0.17,0.17,18
14,2,0,0,154,144,31,6,85,3.14,1,TypeScript,2021-2023,0.4,1.06,0.19,0.1,18
16,2,0,0,36,2,3,1,2,6.5,1,TypeScript,2021-2023,0.4,12.0,0.25,1.62,19
16,2,0,0,34,19,12,0,0,0.0,0,TypeScript,2021-2023,1.0,1.7,0.0,0.0,0
15,3,0,0,53,4,1,0,0,0.0,0,TypeScript,2021-2023,1.0,10.6,0.0,0.0,1
15,6,1,0,20,33,7,2,5,3.2,0,TypeScript,2021-2023,1.0,0.59,0.25,0.4,1
15,0,0,0,39,0,1,0,0,0.0,0,TypeScript,2021-2023,1.0,39.0,0.0,0.0,1
7,1,0,0,88,19,12,0,0,0.0,0,TypeScript,2021-2023,1.0,4.4,0.0,0.0,0
12,1,0,0,41,4,1,0,0,0.0,0,TypeScript,2021-2023,1.0,8.2,0.0,0.0,1
13,1,0,0,119,50,9,2,13,2.77,1,TypeScript,2021-2023,0.4,2.33,0.2,0.28,20
13,1,0,0,1302,185,19,6,31,1.35,1,TypeScript,2021-2023,0.4,7.0,0.3,0.07,8
13,1,0,0,175,142,23,10,43,4.09,0,TypeScript,2021-2023,1.0,1.22,0.42,0.17,21
15,1,0,0,7,23,3,0,0,0.0,0,TypeScript,2021-2023,1.0,0.29,0.0,0.0,21
8,2,0,0,74,44,14,0,22,2.27,0,TypeScript,2021-2023,1.0,1.64,0.0,0.15,3
9,2,0,0,1,1,1,1,2,1.0,0,TypeScript,2021-2023,1.0,0.5,0.5,0.5,0
10,2,0,0,17,11,1,0,0,0.0,0,TypeScript,2021-2023,1.0,1.42,0.0,0.0,3
11,2,0,0,520,175,14,4,9,1.78,1,TypeScript,2021-2023,0.4,2.95,0.27,0.12,21
11,2,0,0,242,217,22,3,17,2.94,0,TypeScript,2021-2023,1.0,1.11,0.13,0.13,22
11,2,0,0,861,1061,3,0,0,0.0,0,TypeScript,2021-2023,1.0,0.81,0.0,0.0,22
13,2,0,0,6,4,1,0,1,1.0,0,TypeScript,2021-2023,1.0,1.2,0.0,0.5,22
17,3,0,0,456,446,4,0,0,0.0,0,TypeScript,2021-2023,1.0,1.02,0.0,0.0,22
17,3,0,0,5174,4,3,0,0,0.0,1,TypeScript,2021-2023,0.4,1034.8,0.0,0.0,22
22,3,0,1,77,4,3,1,3,1.67,1,TypeScript,2021-2023,0.4,15.4,0.25,0.42,23
9,4,0,0,22,19,11,0,0,0.0,0,TypeScript,2021-2023,1.0,1.1,0.0,0.0,0
10,4,0,0,10,3,2,0,3,5.33,0,TypeScript,2021-2023,1.0,2.5,0.0,1.78,3
10,4,0,0,34,178,10,3,12,1.67,0,TypeScript,2021-2023,1.0,0.19,0.27,0.15,24
12,4,0,0,236,215,19,10,19,2.21,0,TypeScript,2021-2023,1.0,1.09,0.5,0.11,9
13,4,0,0,49,19,12,0,0,0.0,0,TypeScript,2021-2023,1.0,2.45,0.0,0.0,0
20,4,0,0,2,172,1,1,4,1.0,0,TypeScript,2021-2023,1.0,0.01,0.5,0.5,24
22,4,0,1,106,39,7,0,13,3.31,0,TypeScript,2021-2023,1.0,2.65,0.0,0.41,3
8,5,1,0,33,7,1,0,0,0.0,0,TypeScript,2021-2023,1.0,4.12,0.0,0.0,1
8,5,1,0,71,100,2,0,7,12.43,0,TypeScript,2021-2023,1.0,0.7,0.0,4.14,3
8,5,1,0,1,1,1,0,0,0.0,0,TypeScript,2021-2023,1.0,0.5,0.0,0.0,1
8,5,1,0,31,16,4,0,2,7.0,0,TypeScript,2021-2023,1.0,1.82,0.0,1.4,3
8,5,1,0,52,52,21,0,15,5.67,0,TypeScript,2021-2023,1.0,0.98,0.0,0.26,0
9,5,1,0,3,3,1,0,0,0.0,1,TypeScript,2021-2023,0.4,0.75,0.0,0.0,0
10,5,1,0,68,54,11,0,2,2.5,0,TypeScript,2021-2023,1.0,1.24,0.0,0.21,1
11,5,1,0,10,1,2,0,1,1.0,0,TypeScript,2021-2023,1.0,5.0,0.0,0.33,0
13,5,1,0,1,0,1,0,0,0.0,0,TypeScript,2021-2023,1.0,1.0,0.0,0.0,0
10,6,1,0,3,2,1,0,0,0.0,0,TypeScript,2021-2023,1.0,1.0,0.0,0.0,0
6,0,0,0,26,19,12,0,0,0.0,0,TypeScript,2021-2023,1.0,1.3,0.0,0.0,0
12,0,0,0,22,3,3,1,1,1.0,1,TypeScript,2021-2023,0.4,5.5,0.25,0.25,9
12,0,0,0,31,0,1,0,0,0.0,0,TypeScript,2021-2023,1.0,31.0,0.0,0.0,24
12,0,0,0,48,7,3,1,4,3.75,0,TypeScript,2021-2023,1.0,6.0,0.25,0.94,24
13,0,0,0,7,48,3,1,4,3.75,0,TypeScript,2021-2023,1.0,0.14,0.25,0.94,24
22,0,0,1,157,936,23,6,42,1.1,0,TypeScript,2021-2023,1.0,0.17,0.25,0.05,24
13,1,0,0,72,23,3,1,1,1.0,0,TypeScript,2021-2023,1.0,3.0,0.25,0.25,24
9,2,0,0,622,64,10,2,5,5.2,1,TypeScript,2021-2023,0.4,9.57,0.18,0.47,10
9,2,0,0,129,77,6,2,25,2.04,1,TypeScript,2021-2023,0.4,1.65,0.29,0.29,11
10,2,0,0,9,0,1,0,0,0.0,0,TypeScript,2021-2023,1.0,9.0,0.0,0.0,24
10,2,0,0,34,19,12,0,0,0.0,0,TypeScript,2021-2023,1.0,1.7,0.0,0.0,0
13,2,0,0,855,4452,22,0,6,1.0,0,TypeScript,2021-2023,1.0,0.19,0.0,0.04,12
15,2,0,0,34,54,7,1,10,2.4,0,TypeScript,2021-2023,1.0,0.62,0.12,0.3,24
15,2,0,0,112,11,5,3,7,1.0,0,TypeScript,2021-2023,1.0,9.33,0.5,0.17,24
15,2,0,0,18,4,3,0,0,0.0,0,TypeScript,2021-2023,1.0,3.6,0.0,0.0,24
19,2,0,0,479,155,16,7,29,1.93,0,TypeScript,2021-2023,1.0,3.07,0.41,0.11,24
7,3,0,0,69,19,8,1,2,1.0,1,TypeScript,2021-2023,0.4,3.45,0.11,0.11,24
9,3,0,0,62,19,12,0,0,0.0,0,TypeScript,2021-2023,1.0,3.1,0.0,0.0,0
10,3,0,0,31,19,12,0,0,0.0,0,TypeScript,2021-2023,1.0,1.55,0.0,0.0,0
10,3,0,0,31,26,9,5,8,1.38,0,TypeScript,2021-2023,1.0,1.15,0.5,0.14,12
10,3,0,0,7,5,2,0,0,0.0,1,TypeScript,2021-2023,0.4,1.17,0.0,0.0,25
11,3,0,0,0,328,13,1,9,1.44,0,TypeScript,2021-2023,1.0,0.0,0.07,0.1,12
12,3,0,0,64,17,11,0,0,0.0,0,TypeScript,2021-2023,1.0,3.56,0.0,0.0,0
12,3,0,0,400,334,44,14,107,2.77,0,TypeScript,2021-2023,1.0,1.19,0.31,0.06,26
13,3,0,0,137,119,19,1,14,1.36,1,TypeScript,2021-2023,0.4,1.14,0.05,0.07,26
14,3,0,0,38,17,11,0,0,0.0,0,TypeScript,2021-2023,1.0,2.11,0.0,0.0,0
14,3,0,0,3,16,1,0,4,2.0,0,TypeScript,2021-2023,1.0,0.18,0.0,1.0,27
14,3,0,0,16,158,2,1,6,2.0,0,TypeScript,2021-2023,1.0,0.1,0.33,0.67,27
14,3,0,0,6,130,4,1,5,1.2,0,TypeScript,2021-2023,1.0,0.05,0.2,0.24,27
15,3,0,0,914,103,8,3,19,1.11,1,TypeScript,2021-2023,0.4,8.79,0.33,0.12,12
17,3,0,0,71,1246,8,2,22,1.73,0,TypeScript,2021-2023,1.0,0.06,0.22,0.19,27
17,3,0,0,36,31,12,4,10,2.0,1,TypeScript,2021-2023,0.4,1.12,0.31,0.15,27
1,4,0,1,29,10,6,2,8,2.75,0,TypeScript,2021-2023,1.0,2.64,0.29,0.39,13
9,4,0,0,35,34,22,10,30,1.67,0,TypeScript,2021-2023,1.0,1.0,0.43,0.07,13
10,4,0,0,1667,2391,177,0,0,0.0,1,TypeScript,2021-2023,0.4,0.7,0.0,0.0,28
11,4,0,0,40,17,11,0,0,0.0,0,TypeScript,2021-2023,1.0,2.22,0.0,0.0,0
11,4,0,0,220,154,5,0,0,0.0,0,TypeScript,2021-2023,1.0,1.42,0.0,0.0,13
12,4,0,0,199,674,223,0,0,0.0,0,TypeScript,2021-2023,1.0,0.29,0.0,0.0,29
14,4,0,0,1,1,1,0,0,0.0,0,TypeScript,2021-2023,1.0,0.5,0.0,0.0,29
17,4,0,0,0,64,5,0,0,0.0,0,TypeScript,2021-2023,1.0,0.0,0.0,0.0,29
11,5,1,0,16,11,2,0,0,0.0,0,TypeScript,2021-2023,1.0,1.33,0.0,0.0,0
11,5,1,0,1,1,1,0,1,2.0,0,TypeScript,2021-2023,1.0,0.5,0.0,1.0,0
12,5,1,0,778,478,57,0,1,1.0,1,TypeScript,2021-2023,0.4,1.62,0.0,0.02,13
15,5,1,0,9,5,1,0,0,0.0,0,TypeScript,2021-2023,1.0,1.5,0.0,0.0,14
16,5,1,0,3,6,1,0,0,0.0,0,TypeScript,2021-2023,1.0,0.43,0.0,0.0,14
13,0,0,0,869,361,64,1,0,0.0,0,TypeScript,2021-2023,1.0,2.4,0.02,0.0,0
14,0,0,0,23,22,11,0,0,0.0,0,TypeScript,2021-2023,1.0,1.0,0.0,0.0,0
21,0,0,0,253,43,6,2,3,1.0,1,TypeScript,2021-2023,0.4,5.75,0.29,0.14,29
21,0,0,0,23,22,11,0,0,0.0,0,TypeScript,2021-2023,1.0,1.0,0.0,0.0,0
23,0,0,1,1476,339,19,0,2,1.0,0,TypeScript,2021-2023,1.0,4.34,0.0,0.05,14
11,1,0,0,17,0,1,1,2,1.0,0,TypeScript,2021-2023,1.0,17.0,0.5,0.5,30
9,2,0,0,56,1,3,1,3,5.0,1,TypeScript,2021-2023,0.4,28.0,0.25,1.25,14
9,2,0,0,484,230,22,4,25,1.8,1,TypeScript,2021-2023,0.4,2.1,0.17,0.08,15
9,2,0,0,110,25,7,0,0,0.0,1,TypeScript,2021-2023,0.4,4.23,0.0,0.0,16
9,2,0,0,34,33,14,0,0,0.0,0,TypeScript,2021-2023,1.0,1.0,0.0,0.0,0
9,2,0,0,0,0,0,0,0,0.0,0,TypeScript,2021-2023,1.0,0.0,0.0,0.0,0
14,2,0,0,126,0,1,1,4,1.0,0,TypeScript,2021-2023,1.0,126.0,0.5,0.5,30
8,3,0,0,54,9,5,1,4,4.75,1,TypeScript,2021-2023,0.4,5.4,0.17,0.79,0
13,3,0,0,216,15,5,1,5,1.0,1,TypeScript,2021-2023,0.4,13.5,0.17,0.17,17
13,3,0,0,50,53,13,0,0,0.0,0,TypeScript,2021-2023,1.0,0.93,0.0,0.0,0
14,3,0,0,1,5,2,0,0,0.0,0,TypeScript,2021-2023,1.0,0.17,0.0,0.0,30
16,3,0,0,61,1,3,1,3,1.0,1,TypeScript,2021-2023,0.4,30.5,0.25,0.25,30
17,3,0,0,79,4,3,1,3,1.0,0,TypeScript,2021-2023,1.0,15.8,0.25,0.25,31
10,5,1,0,335,123,2,0,0,0.0,0,TypeScript,2021-2023,1.0,2.7,0.0,0.0,18
10,5,1,0,23,22,11,0,0,0.0,0,TypeScript,2021-2023,1.0,1.0,0.0,0.0,0
20,5,1,0,3,0,1,0,0,0.0,0,TypeScript,2021-2023,1.0,3.0,0.0,0.0,0
20,5,1,0,525,484,4,0,0,0.0,0,TypeScript,2021-2023,1.0,1.08,0.0,0.0,0
13,6,1,0,32,14,4,0,2,1.5,1,TypeScript,2021-2023,0.4,2.13,0.0,0.3,0
11,2,0,0,176,22,7,4,10,1.1,1,TypeScript,2021-2023,0.4,7.65,0.5,0.14,18
12,2,0,0,45,45,12,0,0,0.0,0,TypeScript,2021-2023,1.0,0.98,0.0,0.0,0
17,2,0,0,100,2,3,1,1,1.0,1,TypeScript,2021-2023,0.4,33.33,0.25,0.25,31
9,4,0,0,2354,450,28,0,2,1.0,0,TypeScript,2021-2023,1.0,5.22,0.0,0.03,19
10,4,0,0,14,12,6,0,0,0.0,0,TypeScript,2021-2023,1.0,1.08,0.0,0.0,0
0,5,1,1,341,288,3,0,0,0.0,0,TypeScript,2021-2023,1.0,1.18,0.0,0.0,19
0,5,1,1,2,2,1,0,0,0.0,0,TypeScript,2021-2023,1.0,0.67,0.0,0.0,19
1,6,1,1,6,3,1,0,0,0.0,0,TypeScript,2021-2023,1.0,1.5,0.0,0.0,19
1,6,1,1,1,1,1,0,0,0.0,0,TypeScript,2021-2023,1.0,0.5,0.0,0.0,19
9,6,1,0,93,51,3,1,6,1.0,0,TypeScript,2021-2023,1.0,1.79,0.25,0.25,19
15,6,1,0,28,2,4,1,3,2.0,0,TypeScript,2021-2023,1.0,9.33,0.2,0.4,1
15,6,1,0,8,8,1,0,0,0.0,0,TypeScript,2021-2023,1.0,0.89,0.0,0.0,1
19,6,1,0,6,2,2,0,0,0.0,1,TypeScript,2021-2023,0.4,2.0,0.0,0.0,0
19,6,1,0,37,35,13,0,0,0.0,0,TypeScript,2021-2023,1.0,1.03,0.0,0.0,0
13,0,0,0,3,3,1,0,0,0.0,0,TypeScript,2021-2023,1.0,0.75,0.0,0.0,19
10,1,0,0,10,4,3,0,1,4.0,0,TypeScript,2021-2023,1.0,2.0,0.0,1.0,0
15,1,0,0,2,2,1,0,0,0.0,0,TypeScript,2021-2023,1.0,0.67,0.0,0.0,0
12,2,0,0,1,1,1,0,1,18.0,0,TypeScript,2021-2023,1.0,0.5,0.0,9.0,0
12,2,0,0,23,2,3,0,2,4.0,0,TypeScript,2021-2023,1.0,7.67,0.0,1.0,0
20,2,0,0,658,0,7,0,10,3.0,0,TypeScript,2021-2023,1.0,658.0,0.0,0.38,0
8,3,0,0,32,18,3,0,1,1.0,0,TypeScript,2021-2023,1.0,1.68,0.0,0.25,0
12,4,0,0,14,1,2,0,0,0.0,0,TypeScript,2021-2023,1.0,7.0,0.0,0.0,0
12,4,0,0,1,1,1,0,0,0.0,0,TypeScript,2021-2023,1.0,0.5,0.0,0.0,0
14,4,0,0,35,34,11,0,0,0.0,0,TypeScript,2021-2023,1.0,1.0,0.0,0.0,0
14,4,0,0,24,0,1,0,0,0.0,0,TypeScript,2021-2023,1.0,24.0,0.0,0.0,1
14,4,0,0,1,1,1,0,0,0.0,0,TypeScript,2021-2023,1.0,0.5,0.0,0.0,1
14,4,0,0,86,8,6,2,6,1.0,0,TypeScript,2021-2023,1.0,9.56,0.29,0.14,32
20,5,1,0,164,994,24,5,23,1.0,0,TypeScript,2021-2023,1.0,0.16,0.2,0.04,19
23,5,1,1,44,28,14,0,0,0.0,0,TypeScript,2021-2023,1.0,1.52,0.0,0.0,0
15,2,0,0,3,0,1,0,2,2.5,0,TypeScript,2021-2023,1.0,3.0,0.0,1.25,0
16,2,0,0,6,0,1,0,0,0.0,0,TypeScript,2021-2023,1.0,6.0,0.0,0.0,0
10,3,0,0,6219,9702,98,0,0,0.0,0,TypeScript,2021-2023,1.0,0.64,0.0,0.0,32
22,3,0,1,337,116,3,0,0,0.0,0,TypeScript,2021-2023,1.0,2.88,0.0,0.0,19
23,4,0,1,6,0,1,0,0,0.0,0,TypeScript,2021-2023,1.0,6.0,0.0,0.0,0
23,1,0,1,14,1,2,1,2,1.0,0,TypeScript,2024-2026,1.0,7.0,0.33,0.33,0
23,1,0,1,17,1,2,0,0,0.0,0,TypeScript,2024-2026,1.0,8.5,0.0,0.0,0
21,6,1,0,2,0,1,0,0,0.0,0,TypeScript,2024-2026,1.0,2.0,0.0,0.0,0
21,6,1,0,4049,2107,7,0,4,3.0,0,TypeScript,2024-2026,1.0,1.92,0.0,0.38,0
9,0,0,0,326,146,4,0,4,3.0,0,TypeScript,2024-2026,1.0,2.22,0.0,0.6,0
15,4,0,0,1,1,1,0,0,0.0,0,TypeScript,2024-2026,1.0,0.5,0.0,0.0,0
16,4,0,0,12,1,2,0,0,0.0,0,TypeScript,2024-2026,1.0,6.0,0.0,0.0,0
13,6,1,0,73,56,2,0,0,0.0,0,TypeScript,2024-2026,1.0,1.28,0.0,0.0,0
13,6,1,0,7,1,1,0,2,1.5,0,TypeScript,2024-2026,1.0,3.5,0.0,0.75,0
10,0,0,0,14,4,2,0,0,0.0,0,TypeScript,2024-2026,1.0,2.8,0.0,0.0,0
22,5,1,1,122,352,5,1,4,1.25,0,TypeScript,2024-2026,1.0,0.35,0.17,0.21,0
18,6,1,0,5,5,2,0,0,0.0,0,TypeScript,2024-2026,1.0,0.83,0.0,0.0,0
18,6,1,0,13,1,2,0,0,0.0,0,TypeScript,2024-2026,1.0,6.5,0.0,0.0,0
8,3,0,0,1,1,1,0,0,0.0,0,TypeScript,2024-2026,1.0,0.5,0.0,0.0,0
19,0,0,0,2944,3120,12,7,17,1.06,0,TypeScript,2024-2026,1.0,0.94,0.54,0.08,0
19,0,0,0,114,94,3,0,0,0.0,0,TypeScript,2024-2026,1.0,1.2,0.0,0.0,0
23,0,0,1,125,107,2,0,0,0.0,0,TypeScript,2024-2026,1.0,1.16,0.0,0.0,0
14,6,1,0,45,30,6,2,5,4.2,0,TypeScript,2024-2026,1.0,1.45,0.29,0.6,0
23,2,0,1,2,8,1,0,0,0.0,0,TypeScript,2024-2026,1.0,0.22,0.0,0.0,0
14,2,0,0,8,1,2,0,0,0.0,0,TypeScript,2024-2026,1.0,4.0,0.0,0.0,0
22,4,0,1,14,7,2,0,0,0.0,0,TypeScript,2024-2026,1.0,1.75,0.0,0.0,0
23,4,0,1,455,336,2,0,0,0.0,0,TypeScript,2024-2026,1.0,1.35,0.0,0.0,0
15,2,0,0,12,1,2,0,0,0.0,0,TypeScript,2024-2026,1.0,6.0,0.0,0.0,0
21,5,1,0,84,84,83,0,20,2.05,0,TypeScript,2024-2026,1.0,0.99,0.0,0.02,0
21,5,1,0,12,1,2,0,0,0.0,0,TypeScript,2024-2026,1.0,6.0,0.0,0.0,0
23,0,0,1,10,16,2,0,4,1.75,0,TypeScript,2024-2026,1.0,0.59,0.0,0.58,0
23,0,0,1,2,2,1,0,1,1.0,0,TypeScript,2024-2026,1.0,0.67,0.0,0.5,0
23,0,0,1,5,1,1,0,0,0.0,0,TypeScript,2024-2026,1.0,2.5,0.0,0.0,0
21,5,1,0,4019,4041,94,87,107,1.04,0,TypeScript,2024-2026,1.0,0.99,0.92,0.01,0
23,2,0,1,13,1,2,0,0,0.0,0,TypeScript,2024-2026,1.0,6.5,0.0,0.0,0
21,1,0,0,569,420,4,1,0,0.0,0,TypeScript,2024-2026,1.0,1.35,0.2,0.0,0
22,5,1,1,1564,1480,4,0,0,0.0,0,TypeScript,2024-2026,1.0,1.06,0.0,0.0,0
23,5,1,1,122,232,19,0,23,1.0,0,TypeScript,2024-2026,1.0,0.52,0.0,0.05,0
21,3,0,0,1,1,1,0,0,0.0,0,TypeScript,2024-2026,1.0,0.5,0.0,0.0,0
10,0,0,0,0,1,1,0,0,0.0,0,TypeScript,2024-2026,1.0,0.0,0.0,0.0,0
10,0,0,0,8,1,1,0,2,1.5,0,TypeScript,2024-2026,1.0,4.0,0.0,0.75,0
10,0,0,0,3,1,1,0,3,1.67,0,TypeScript,2024-2026,1.0,1.5,0.0,0.84,0
0,4,0,1,17,1,2,1,1,1.0,0,TypeScript,2024-2026,1.0,8.5,0.33,0.33,0
21,6,1,0,13,13,6,0,1,2.0,0,TypeScript,2024-2026,1.0,0.93,0.0,0.29,0
21,6,1,0,14,1,2,0,0,0.0,0,TypeScript,2024-2026,1.0,7.0,0.0,0.0,0
22,5,1,1,1,1,1,0,0,0.0,0,TypeScript,2024-2026,1.0,0.5,0.0,0.0,0
22,5,1,1,4,1,1,0,0,0.0,0,TypeScript,2024-2026,1.0,2.0,0.0,0.0,0
22,5,1,1,35,18,5,0,2,1.0,0,TypeScript,2024-2026,1.0,1.84,0.0,0.17,0
22,5,1,1,12,1,2,0,0,0.0,0,TypeScript,2024-2026,1.0,6.0,0.0,0.0,0
22,6,1,1,2389,1533,16,0,28,1.43,0,TypeScript,2024-2026,1.0,1.56,0.0,0.08,0
13,6,1,0,9,4,2,0,0,0.0,0,TypeScript,2024-2026,1.0,1.8,0.0,0.0,32
19,6,1,0,47,11,13,0,0,0.0,0,TypeScript,2024-2026,1.0,3.92,0.0,0.0,0
21,5,1,0,1,1,1,0,0,0.0,0,TypeScript,2024-2026,1.0,0.5,0.0,0.0,0
17,0,0,0,175,520,8,0,11,3.18,0,TypeScript,2024-2026,1.0,0.34,0.0,0.35,0
17,0,0,0,5,5,2,0,0,0.0,0,TypeScript,2024-2026,1.0,0.83,0.0,0.0,0
17,0,0,0,13,1,2,0,0,0.0,0,TypeScript,2024-2026,1.0,6.5,0.0,0.0,0
14,6,1,0,11201,843,52,0,0,0.0,0,TypeScript,2024-2026,1.0,13.27,0.0,0.0,19
15,6,1,0,452,9473,1,0,0,0.0,0,TypeScript,2024-2026,1.0,0.05,0.0,0.0,19
15,6,1,0,9229,208,1,0,0,0.0,0,TypeScript,2024-2026,1.0,44.16,0.0,0.0,19
6,0,0,0,2,2,1,0,0,0.0,0,TypeScript,2024-2026,1.0,0.67,0.0,0.0,0
17,2,0,0,23,36,3,0,0,0.0,0,TypeScript,2024-2026,1.0,0.62,0.0,0.0,0
17,2,0,0,13,1,2,0,0,0.0,0,TypeScript,2024-2026,1.0,6.5,0.0,0.0,0
18,3,0,0,652,11010,1,0,0,0.0,0,TypeScript,2024-2026,1.0,0.06,0.0,0.0,19
18,3,0,0,2373,2172,2,0,0,0.0,0,TypeScript,2024-2026,1.0,1.09,0.0,0.0,19
22,4,0,1,4,2,1,0,0,0.0,0,TypeScript,2024-2026,1.0,1.33,0.0,0.0,32
16,3,0,0,2016,2331,45,9,24,2.42,0,TypeScript,2024-2026,1.0,0.86,0.2,0.05,0
21,5,1,0,763,589,18,5,59,1.17,0,TypeScript,2024-2026,1.0,1.29,0.26,0.06,19
22,5,1,1,0,1,1,0,0,0.0,0,TypeScript,2024-2026,1.0,0.0,0.0,0.0,19
9,0,0,0,155,168,9,0,0,0.0,0,TypeScript,2024-2026,1.0,0.92,0.0,0.0,0
6,4,0,0,56,2,3,1,6,1.83,0,TypeScript,2024-2026,1.0,18.67,0.25,0.46,19
7,4,0,0,7,6,3,0,0,0.0,0,TypeScript,2024-2026,1.0,1.0,0.0,0.0,0
11,4,0,0,370,24,9,2,9,1.0,0,TypeScript,2024-2026,1.0,14.8,0.2,0.1,19
14,4,0,0,69,72,5,0,0,0.0,0,TypeScript,2024-2026,1.0,0.95,0.0,0.0,0
5,0,0,1,336,19,5,1,10,1.0,1,TypeScript,2024-2026,0.5,16.8,0.17,0.17,19
9,0,0,0,42,41,3,0,0,0.0,0,TypeScript,2024-2026,1.0,1.0,0.0,0.0,0
14,2,0,0,78,14,1,0,0,0.0,0,TypeScript,2024-2026,1.0,5.2,0.0,0.0,20
10,6,1,0,2807,303,18,0,8,1.0,0,TypeScript,2024-2026,1.0,9.23,0.0,0.05,20
14,6,1,0,300,353,6,2,4,1.25,0,TypeScript,2024-2026,1.0,0.85,0.29,0.18,20
19,0,0,0,6,0,1,0,0,0.0,0,TypeScript,2024-2026,1.0,6.0,0.0,0.0,20
19,0,0,0,14,8,5,0,0,0.0,0,TypeScript,2024-2026,1.0,1.56,0.0,0.0,0
19,0,0,0,3,3,1,0,0,0.0,0,TypeScript,2024-2026,1.0,0.75,0.0,0.0,20
11,4,0,0,128,0,4,1,5,1.0,0,TypeScript,2024-2026,1.0,128.0,0.2,0.2,20
11,4,0,0,16,15,3,0,0,0.0,0,TypeScript,2024-2026,1.0,1.0,0.0,0.0,0
10,2,0,0,867,230,8,2,29,1.21,1,TypeScript,2024-2026,1.0,3.75,0.22,0.13,20
11,2,0,0,51,50,3,0,0,0.0,0,TypeScript,2024-2026,1.0,1.0,0.0,0.0,0
12,3,0,0,19,0,1,1,2,1.0,0,TypeScript,2024-2026,1.0,19.0,0.5,0.5,21
22,4,0,1,95,4,4,1,4,2.25,0,TypeScript,2024-2026,1.0,19.0,0.2,0.45,21
22,4,0,1,7,6,3,0,0,0.0,0,TypeScript,2024-2026,1.0,1.0,0.0,0.0,0
8,1,0,0,68,4,3,1,4,1.0,0,TypeScript,2024-2026,1.0,13.6,0.25,0.25,21
8,1,0,0,7,6,3,0,0,0.0,0,TypeScript,2024-2026,1.0,1.0,0.0,0.0,0
18,0,0,0,99,5,3,1,11,1.0,0,TypeScript,2024-2026,1.0,16.5,0.25,0.25,21
12,1,0,0,23,22,3,0,0,0.0,0,TypeScript,2024-2026,1.0,1.0,0.0,0.0,0
11,5,1,0,0,10,1,0,0,0.0,0,TypeScript,2024-2026,1.0,0.0,0.0,0.0,32
20,5,1,0,3,3,2,0,0,0.0,0,TypeScript,2024-2026,1.0,0.75,0.0,0.0,32
7,0,0,0,4119,7356,106,3,16,1.44,0,TypeScript,2024-2026,1.0,0.56,0.03,0.01,0
17,5,1,0,1317,112,7,1,24,1.38,0,TypeScript,2024-2026,1.0,11.65,0.12,0.17,21
17,5,1,0,20,18,3,0,0,0.0,0,TypeScript,2024-2026,1.0,1.05,0.0,0.0,0
21,5,1,0,145,187,22,4,25,2.32,0,TypeScript,2024-2026,1.0,0.77,0.17,0.1,0
22,5,1,1,450,635,6,0,0,0.0,0,TypeScript,2024-2026,1.0,0.71,0.0,0.0,0
22,5,1,1,1072,1136,4,0,0,0.0,0,TypeScript,2024-2026,1.0,0.94,0.0,0.0,0
12,6,1,0,98,89,3,0,12,6.83,0,TypeScript,2024-2026,1.0,1.09,0.0,1.71,21
12,6,1,0,7,6,3,0,0,0.0,0,TypeScript,2024-2026,1.0,1.0,0.0,0.0,0
22,2,0,1,117,110,10,0,8,4.12,0,TypeScript,2024-2026,1.0,1.05,0.0,0.37,0
21,1,0,0,2,2,1,0,0,0.0,0,TypeScript,2024-2026,1.0,0.67,0.0,0.0,0
13,2,0,0,4,2,1,0,0,0.0,0,TypeScript,2024-2026,1.0,1.33,0.0,0.0,32
10,0,0,0,193,3,5,1,5,3.4,0,TypeScript,2024-2026,1.0,48.25,0.17,0.57,0
11,0,0,0,47,11,13,0,0,0.0,0,TypeScript,2024-2026,1.0,3.92,0.0,0.0,0
17,0,0,0,31,39,3,1,5,4.0,0,TypeScript,2024-2026,1.0,0.78,0.25,1.0,32
18,0,0,0,195,38,4,1,5,1.0,1,TypeScript,2024-2026,1.0,5.0,0.2,0.2,21
7,1,0,0,21,20,3,0,0,0.0,0,TypeScript,2024-2026,1.0,1.0,0.0,0.0,0
19,1,0,0,741,215,5,0,0,0.0,0,TypeScript,2024-2026,1.0,3.43,0.0,0.0,32
20,2,0,0,6,1,2,0,0,0.0,0,TypeScript,2024-2026,1.0,3.0,0.0,0.0,0
20,2,0,0,7,6,3,0,0,0.0,0,TypeScript,2024-2026,1.0,1.0,0.0,0.0,0
22,3,0,1,3198,4111,139,2,61,2.89,0,TypeScript,2024-2026,1.0,0.78,0.01,0.02,0
10,4,0,0,7,6,3,0,0,0.0,0,TypeScript,2024-2026,1.0,1.0,0.0,0.0,0
15,4,0,0,293,613,4,0,24,4.62,0,TypeScript,2024-2026,1.0,0.48,0.0,0.92,0
17,0,0,0,138,140,5,0,3,2.33,0,TypeScript,2024-2026,1.0,0.98,0.0,0.39,0
20,4,0,0,221,365,106,0,35,2.83,0,TypeScript,2024-2026,1.0,0.6,0.0,0.03,0
21,4,0,0,25,1,2,0,0,0.0,0,TypeScript,2024-2026,1.0,12.5,0.0,0.0,0
21,4,0,0,5,1,1,0,1,8.0,0,TypeScript,2024-2026,1.0,2.5,0.0,4.0,0
21,4,0,0,12,1,2,0,0,0.0,0,TypeScript,2024-2026,1.0,6.0,0.0,0.0,0
18,4,0,0,8,4,2,0,0,0.0,0,TypeScript,2024-2026,1.0,1.6,0.0,0.0,0
12,5,1,0,20,21,14,3,5,1.2,0,TypeScript,2024-2026,1.0,0.91,0.2,0.08,0
13,5,1,0,47,11,13,0,0,0.0,0,TypeScript,2024-2026,1.0,3.92,0.0,0.0,0
21,6,1,0,1,1,1,0,0,0.0,0,TypeScript,2024-2026,1.0,0.5,0.0,0.0,0
7,0,0,0,11740,1442,53,0,0,0.0,0,TypeScript,2024-2026,1.0,8.14,0.0,0.0,22
22,2,0,1,13,24,6,1,9,2.56,0,TypeScript,2024-2026,1.0,0.52,0.14,0.37,0
11,5,1,0,324,9609,1,0,0,0.0,0,TypeScript,2024-2026,1.0,0.03,0.0,0.0,22
7,6,1,0,1040,1643,39,15,3,3.33,0,TypeScript,2024-2026,1.0,0.63,0.38,0.08,22
22,6,1,1,4333,11660,96,64,104,1.14,0,TypeScript,2024-2026,1.0,0.37,0.66,0.01,22
9,3,0,0,53,24,11,0,0,0.0,0,TypeScript,2024-2026,1.0,2.12,0.0,0.0,0
10,4,0,0,26,31,2,0,0,0.0,0,TypeScript,2024-2026,1.0,0.81,0.0,0.0,32
11,4,0,0,235,2,4,2,5,1.0,0,TypeScript,2024-2026,1.0,78.33,0.4,0.2,22
12,5,1,0,568,0,16,0,10,2.4,0,TypeScript,2024-2026,1.0,568.0,0.0,0.14,22
15,5,1,0,34,33,3,0,0,0.0,0,TypeScript,2024-2026,1.0,1.0,0.0,0.0,0
15,5,1,0,30,52,18,12,0,0.0,0,TypeScript,2024-2026,1.0,0.57,0.63,0.0,0
13,3,0,0,28,4,3,1,2,1.0,0,TypeScript,2024-2026,1.0,5.6,0.25,0.25,22
15,3,0,0,7,7,3,0,0,0.0,0,TypeScript,2024-2026,1.0,0.88,0.0,0.0,0
21,3,0,0,23,2,2,1,1,1.0,0,TypeScript,2024-2026,1.0,7.67,0.33,0.33,0
6,6,1,0,659,105,6,2,18,1.78,0,TypeScript,2024-2026,1.0,6.22,0.29,0.25,22
6,6,1,0,40,40,3,0,0,0.0,0,TypeScript,2024-2026,1.0,0.98,0.0,0.0,0
17,1,0,0,6,0,2,0,0,0.0,0,TypeScript,2024-2026,1.0,6.0,0.0,0.0,0
6,3,0,0,2,1,2,1,0,0.0,0,TypeScript,2024-2026,1.0,1.0,0.33,0.0,0
13,6,1,0,7,6,3,0,0,0.0,0,TypeScript,2024-2026,1.0,1.0,0.0,0.0,0
18,3,0,0,3298,3253,5,0,0,0.0,0,TypeScript,2024-2026,1.0,1.01,0.0,0.0,22
22,3,0,1,25,28,3,0,0,0.0,0,TypeScript,2024-2026,1.0,0.86,0.0,0.0,0
7,4,0,0,83,2,3,1,3,1.67,0,TypeScript,2024-2026,1.0,27.67,0.25,0.42,22
8,4,0,0,7,6,3,0,0,0.0,0,TypeScript,2024-2026,1.0,1.0,0.0,0.0,0
23,2,0,1,2,2,2,1,1,1.0,0,TypeScript,2024-2026,1.0,0.67,0.33,0.33,0
23,2,0,1,1,1,1,0,0,0.0,0,TypeScript,2024-2026,1.0,0.5,0.0,0.0,0
13,6,1,0,121,8,4,1,2,1.0,0,TypeScript,2024-2026,1.0,13.44,0.2,0.2,22
14,6,1,0,43,40,3,0,0,0.0,0,TypeScript,2024-2026,1.0,1.05,0.0,0.0,0
23,6,1,1,600,593,129,0,4,4.5,0,TypeScript,2024-2026,1.0,1.01,0.0,0.03,0
0,0,0,1,1,1,1,0,0,0.0,0,TypeScript,2024-2026,1.0,0.5,0.0,0.0,0
0,0,0,1,13,1,2,0,0,0.0,0,TypeScript,2024-2026,1.0,6.5,0.0,0.0,0
8,1,0,0,9,1,2,0,0,0.0,0,TypeScript,2024-2026,1.0,4.5,0.0,0.0,0
14,3,0,0,7,6,3,0,0,0.0,0,TypeScript,2024-2026,1.0,1.0,0.0,0.0,0
7,0,0,0,12,3,3,0,0,0.0,0,TypeScript,2024-2026,1.0,3.0,0.0,0.0,22
7,0,0,0,47,8,4,2,4,1.0,0,TypeScript,2024-2026,1.0,5.22,0.4,0.2,22
11,0,0,0,9,8,3,0,0,0.0,0,TypeScript,2024-2026,1.0,1.0,0.0,0.0,0
13,1,0,0,73,9,4,2,5,5.4,0,TypeScript,2024-2026,1.0,7.3,0.4,1.08,22
7,2,0,0,14,42,3,0,0,0.0,0,TypeScript,2024-2026,1.0,0.33,0.0,0.0,0
12,0,0,0,33,0,1,1,3,1.0,0,TypeScript,2024-2026,1.0,33.0,0.5,0.5,22
8,1,0,0,553,3,3,1,26,1.12,0,TypeScript,2024-2026,1.0,138.25,0.25,0.28,22
9,1,0,0,26,25,3,0,0,0.0,0,TypeScript,2024-2026,1.0,1.0,0.0,0.0,0
16,2,0,0,13,15,3,1,1,1.0,0,TypeScript,2024-2026,1.0,0.81,0.25,0.25,22
16,2,0,0,7,6,3,0,0,0.0,0,TypeScript,2024-2026,1.0,1.0,0.0,0.0,0
19,3,0,0,82,86,2,0,0,0.0,0,TypeScript,2024-2026,1.0,0.94,0.0,0.0,0
20,3,0,0,9,8,3,0,0,0.0,0,TypeScript,2024-2026,1.0,1.0,0.0,0.0,0
22,3,0,1,37,2,2,1,2,1.5,0,TypeScript,2024-2026,1.0,12.33,0.33,0.5,0
22,3,0,1,870,715,6,0,0,0.0,0,TypeScript,2024-2026,1.0,1.22,0.0,0.0,0
23,6,1,1,12,4,2,1,1,1.0,0,TypeScript,2024-2026,1.0,2.4,0.33,0.33,0
20,3,0,0,329,0,3,1,4,1.0,0,TypeScript,2024-2026,1.0,329.0,0.25,0.25,22
10,5,1,0,34,33,3,0,0,0.0,0,TypeScript,2024-2026,1.0,1.0,0.0,0.0,0
18,1,0,0,23,13,1,0,0,0.0,0,TypeScript,2024-2026,1.0,1.64,0.0,0.0,22
18,2,0,0,95,95,4,0,0,0.0,0,TypeScript,2024-2026,1.0,0.99,0.0,0.0,0
18,2,0,0,5,5,2,0,0,0.0,0,TypeScript,2024-2026,1.0,0.83,0.0,0.0,0
18,2,0,0,18,1,2,0,0,0.0,0,TypeScript,2024-2026,1.0,9.0,0.0,0.0,0
12,6,1,0,0,21,1,0,0,0.0,0,TypeScript,2024-2026,1.0,0.0,0.0,0.0,22
14,3,0,0,412,11,4,1,7,1.0,0,TypeScript,2024-2026,1.0,34.33,0.2,0.2,22
16,3,0,0,45,45,3,0,0,0.0,0,TypeScript,2024-2026,1.0,0.98,0.0,0.0,0
22,3,0,1,4,2,2,1,1,1.0,0,TypeScript,2024-2026,1.0,1.33,0.33,0.33,0
22,3,0,1,4,0,1,0,0,0.0,0,TypeScript,2024-2026,1.0,4.0,0.0,0.0,0
22,6,1,1,12,1,2,0,0,0.0,0,TypeScript,2024-2026,1.0,6.0,0.0,0.0,0
10,5,1,0,0,1,1,1,0,0.0,0,TypeScript,2024-2026,1.0,0.0,0.5,0.0,0
8,3,0,0,6,1,2,0,0,0.0,0,TypeScript,2024-2026,1.0,3.0,0.0,0.0,0
11,3,0,0,22,6,5,2,3,6.33,0,TypeScript,2024-2026,1.0,3.14,0.33,1.06,22
13,3,0,0,14,16,4,0,0,0.0,0,TypeScript,2024-2026,1.0,0.82,0.0,0.0,0
18,4,0,0,32,2,3,1,3,1.0,0,TypeScript,2024-2026,1.0,10.67,0.25,0.25,22
18,4,0,0,7,6,3,0,0,0.0,0,TypeScript,2024-2026,1.0,1.0,0.0,0.0,0
13,2,0,0,63,1,3,1,2,1.0,0,TypeScript,2024-2026,1.0,31.5,0.25,0.25,0
8,3,0,0,125,57,4,1,9,1.67,0,TypeScript,2024-2026,1.0,2.16,0.2,0.33,22
21,4,0,0,55,53,6,0,0,0.0,0,TypeScript,2024-2026,1.0,1.02,0.0,0.0,0
11,3,0,0,11074,575,54,0,0,0.0,0,TypeScript,2024-2026,1.0,19.23,0.0,0.0,22
15,3,0,0,8368,17760,1,0,0,0.0,0,TypeScript,2024-2026,1.0,0.47,0.0,0.0,22
16,3,0,0,9787,395,1,0,0,0.0,0,TypeScript,2024-2026,1.0,24.71,0.0,0.0,22
16,3,0,0,8368,17760,1,0,0,0.0,0,TypeScript,2024-2026,1.0,0.47,0.0,0.0,22
8,4,0,0,226,1333,1,0,0,0.0,0,TypeScript,2024-2026,1.0,0.17,0.0,0.0,22
10,4,0,0,351,16,4,1,14,1.93,0,TypeScript,2024-2026,1.0,20.65,0.2,0.39,22
11,4,0,0,134,2,3,1,6,1.0,0,TypeScript,2024-2026,1.0,44.67,0.25,0.25,22
11,4,0,0,47,52,5,0,0,0.0,0,TypeScript,2024-2026,1.0,0.89,0.0,0.0,0
15,4,0,0,50,5,3,1,3,5.33,0,TypeScript,2024-2026,1.0,8.33,0.25,1.33,22
16,4,0,0,7,6,3,0,0,0.0,0,TypeScript,2024-2026,1.0,1.0,0.0,0.0,0
15,5,1,0,0,14,1,0,0,0.0,0,TypeScript,2024-2026,1.0,0.0,0.0,0.0,0
11,3,0,0,4,2,1,0,0,0.0,0,TypeScript,2024-2026,1.0,1.33,0.0,0.0,22
9,5,1,0,40,2,3,1,3,1.0,0,TypeScript,2024-2026,1.0,13.33,0.25,0.25,22
20,6,1,0,1,1,1,0,1,6.0,0,TypeScript,2024-2026,1.0,0.5,0.0,3.0,0
20,6,1,0,272,270,6,0,0,0.0,0,TypeScript,2024-2026,1.0,1.0,0.0,0.0,0
20,6,1,0,8,8,1,0,0,0.0,0,TypeScript,2024-2026,1.0,0.89,0.0,0.0,0
9,0,0,0,7,6,3,0,0,0.0,0,TypeScript,2024-2026,1.0,1.0,0.0,0.0,0
8,6,1,0,19,6,2,0,0,0.0,0,TypeScript,2024-2026,1.0,2.71,0.0,0.0,0
8,6,1,0,10,10,2,0,0,0.0,0,TypeScript,2024-2026,1.0,0.91,0.0,0.0,0
13,0,0,0,473,68,3,1,7,1.0,0,TypeScript,2024-2026,1.0,6.86,0.25,0.25,22
13,0,0,0,40,39,3,0,0,0.0,0,TypeScript,2024-2026,1.0,1.0,0.0,0.0,0
17,0,0,0,1622,70,13,1,50,4.28,0,TypeScript,2024-2026,1.0,22.85,0.07,0.31,1
17,0,0,0,5,0,1,0,1,1.0,0,TypeScript,2024-2026,1.0,5.0,0.0,0.5,0
22,0,0,1,226,45,3,1,18,5.11,0,TypeScript,2024-2026,1.0,4.91,0.25,1.28,1
9,1,0,0,137,135,8,0,34,4.74,0,TypeScript,2024-2026,1.0,1.01,0.0,0.53,1
9,1,0,0,2,0,1,0,1,1.0,0,TypeScript,2024-2026,1.0,2.0,0.0,0.5,0
19,1,0,0,1736,255,51,2,70,3.07,0,TypeScript,2024-2026,1.0,6.78,0.04,0.06,0
9,2,0,0,42,3,3,1,1,1.0,0,TypeScript,2024-2026,1.0,10.5,0.25,0.25,1
10,2,0,0,143,2,3,0,6,5.0,1,TypeScript,2024-2026,1.0,47.67,0.0,1.25,0
11,2,0,0,291,245,16,0,31,6.58,0,TypeScript,2024-2026,1.0,1.18,0.0,0.39,3
14,2,0,0,519,55,15,0,29,2.14,0,TypeScript,2024-2026,1.0,9.27,0.0,0.13,1
14,2,0,0,22,4,1,0,2,10.0,0,TypeScript,2024-2026,1.0,4.4,0.0,5.0,1
14,2,0,0,3385,186,14,1,52,4.48,0,TypeScript,2024-2026,1.0,18.1,0.07,0.3,1
15,2,0,0,175,22,10,0,21,3.05,0,TypeScript,2024-2026,1.0,7.61,0.0,0.28,1
8,3,0,0,676,173,48,6,59,10.73,0,TypeScript,2024-2026,1.0,3.89,0.12,0.22,3
16,3,0,0,70,30,3,0,18,4.39,0,TypeScript,2024-2026,1.0,2.26,0.0,1.1,3
19,3,0,0,842,54,21,0,56,1.98,0,TypeScript,2024-2026,1.0,15.31,0.0,0.09,1
13,4,0,0,69,21,3,0,4,5.5,0,TypeScript,2024-2026,1.0,3.14,0.0,1.38,1
14,5,1,0,275,10,6,0,19,3.21,0,TypeScript,2024-2026,1.0,25.0,0.0,0.46,1
16,1,0,0,66,26,3,0,5,1.4,0,TypeScript,2024-2026,1.0,2.44,0.0,0.35,3
18,1,0,0,27084,6604,126,19,493,6.18,0,TypeScript,2024-2026,1.0,4.1,0.15,0.05,1
22,1,0,1,12,7,1,0,2,4.5,0,TypeScript,2024-2026,1.0,1.5,0.0,2.25,1
22,1,0,1,12,1,1,0,0,0.0,0,TypeScript,2024-2026,1.0,6.0,0.0,0.0,1
22,1,0,1,1,1,1,0,0,0.0,0,TypeScript,2024-2026,1.0,0.5,0.0,0.0,1
2,2,0,1,0,0,1,0,0,0.0,0,TypeScript,2024-2026,1.0,0.0,0.0,0.0,0
11,2,0,0,187,0,2,0,0,0.0,0,TypeScript,2024-2026,1.0,187.0,0.0,0.0,1
22,2,0,1,3,1,1,0,1,6.0,0,TypeScript,2024-2026,1.0,1.5,0.0,3.0,1
13,5,1,0,58,35,6,0,7,14.43,0,TypeScript,2024-2026,1.0,1.61,0.0,2.06,0
8,0,0,0,18,1,2,0,0,0.0,0,TypeScript,2024-2026,1.0,9.0,0.0,0.0,1
14,0,0,0,9,10,1,0,0,0.0,0,TypeScript,2024-2026,1.0,0.82,0.0,0.0,1
14,0,0,0,74,1,2,0,0,0.0,0,TypeScript,2024-2026,1.0,37.0,0.0,0.0,1
14,0,0,0,7094,1653,79,0,166,1.0,0,TypeScript,2024-2026,1.0,4.29,0.0,0.01,1
15,0,0,0,1,1,1,0,1,6.0,0,TypeScript,2024-2026,1.0,0.5,0.0,3.0,1
15,0,0,0,8,8,3,0,2,6.5,0,TypeScript,2024-2026,1.0,0.89,0.0,1.62,1
15,0,0,0,1616,382,31,2,130,7.04,0,TypeScript,2024-2026,1.0,4.22,0.06,0.22,1
15,0,0,0,1,1,1,0,0,0.0,0,TypeScript,2024-2026,1.0,0.5,0.0,0.0,1
15,3,0,0,8,23,5,0,5,1.2,0,TypeScript,2024-2026,1.0,0.33,0.0,0.2,1
17,3,0,0,12,1,2,0,0,0.0,0,TypeScript,2024-2026,1.0,6.0,0.0,0.0,1
18,6,1,0,45,39,4,0,0,0.0,0,TypeScript,2024-2026,1.0,1.12,0.0,0.0,22
9,0,0,0,0,44644,387,3,87,1.54,0,TypeScript,2024-2026,1.0,0.0,0.01,0.0,22
10,0,0,0,32,4,3,1,4,1.5,0,TypeScript,2024-2026,1.0,6.4,0.25,0.38,22
10,0,0,0,14,16,4,0,0,0.0,0,TypeScript,2024-2026,1.0,0.82,0.0,0.0,0
11,3,0,0,10,12,5,0,0,0.0,0,TypeScript,2024-2026,1.0,0.77,0.0,0.0,3
12,3,0,0,10,1,1,0,2,10.0,0,TypeScript,2024-2026,1.0,5.0,0.0,5.0,3
5,4,0,1,16,2,1,0,3,2.0,0,TypeScript,2024-2026,1.0,5.33,0.0,1.0,1
5,4,0,1,22,1,2,0,0,0.0,0,TypeScript,2024-2026,1.0,11.0,0.0,0.0,1
9,4,0,0,20,4,3,0,0,0.0,0,TypeScript,2024-2026,1.0,4.0,0.0,0.0,1
9,4,0,0,2,0,1,0,0,0.0,0,TypeScript,2024-2026,1.0,2.0,0.0,0.0,1
9,4,0,0,12,1,2,0,0,0.0,0,TypeScript,2024-2026,1.0,6.0,0.0,0.0,1
15,0,0,0,9,0,1,0,2,28.0,0,TypeScript,2024-2026,1.0,9.0,0.0,14.0,1
17,0,0,0,251,241,38,0,1,1.0,0,TypeScript,2024-2026,1.0,1.04,0.0,0.03,0
17,0,0,0,49,82,2,0,0,0.0,0,TypeScript,2024-2026,1.0,0.59,0.0,0.0,0
17,0,0,0,13,7,2,0,0,0.0,0,TypeScript,2024-2026,1.0,1.62,0.0,0.0,0
17,0,0,0,2,2,1,0,0,0.0,0,TypeScript,2024-2026,1.0,0.67,0.0,0.0,0
17,0,0,0,2,2,1,0,0,0.0,0,TypeScript,2024-2026,1.0,0.67,0.0,0.0,0
8,1,0,0,17,31,1,0,0,0.0,0,TypeScript,2024-2026,1.0,0.53,0.0,0.0,32
12,1,0,0,1,1,1,0,0,0.0,0,TypeScript,2024-2026,1.0,0.5,0.0,0.0,0
12,1,0,0,1,1,1,0,0,0.0,0,TypeScript,2024-2026,1.0,0.5,0.0,0.0,0
12,1,0,0,1,1,1,0,0,0.0,0,TypeScript,2024-2026,1.0,0.5,0.0,0.0,0
12,1,0,0,8,8,8,0,0,0.0,0,TypeScript,2024-2026,1.0,0.89,0.0,0.0,0
13,1,0,0,890,93,3,1,11,2.09,0,TypeScript,2024-2026,1.0,9.47,0.25,0.52,22
8,2,0,0,15,14,3,0,0,0.0,0,TypeScript,2024-2026,1.0,1.0,0.0,0.0,0
14,2,0,0,6,3,2,0,3,3.0,0,TypeScript,2024-2026,1.0,1.5,0.0,1.0,3
15,2,0,0,16,14,1,0,1,9.0,0,TypeScript,2024-2026,1.0,1.07,0.0,4.5,3
16,2,0,0,21,3,4,0,0,0.0,0,TypeScript,2024-2026,1.0,5.25,0.0,0.0,1
18,2,0,0,7,1,2,0,0,0.0,0,TypeScript,2024-2026,1.0,3.5,0.0,0.0,0
15,3,0,0,16,2,2,0,2,1.0,0,TypeScript,2024-2026,1.0,5.33,0.0,0.33,1
16,3,0,0,11,1,2,0,0,0.0,0,TypeScript,2024-2026,1.0,5.5,0.0,0.0,1
19,3,0,0,11,6,1,0,1,11.0,0,TypeScript,2024-2026,1.0,1.57,0.0,5.5,3
15,5,1,0,29,8,2,0,8,1.5,0,TypeScript,2024-2026,1.0,3.22,0.0,0.5,1
19,5,1,0,13,1,2,0,0,0.0,0,TypeScript,2024-2026,1.0,6.5,0.0,0.0,1
7,0,0,0,1,1,1,0,0,0.0,0,TypeScript,2024-2026,1.0,0.5,0.0,0.0,22
8,0,0,0,175,59,6,2,6,1.17,0,TypeScript,2024-2026,1.0,2.92,0.29,0.17,22
19,1,0,0,46,33,4,0,2,2.5,0,TypeScript,2024-2026,1.0,1.35,0.0,0.5,32
19,1,0,0,16,16,4,0,0,0.0,0,TypeScript,2024-2026,1.0,0.94,0.0,0.0,0
21,1,0,0,0,0,0,0,0,0.0,0,TypeScript,2024-2026,1.0,0.0,0.0,0.0,0
8,2,0,0,13,9,1,0,2,5.0,0,TypeScript,2024-2026,1.0,1.3,0.0,2.5,3
8,2,0,0,20,27,1,0,1,13.0,0,TypeScript,2024-2026,1.0,0.71,0.0,6.5,3
14,2,0,0,12,1,2,0,0,0.0,0,TypeScript,2024-2026,1.0,6.0,0.0,0.0,1
15,2,0,0,7,2,2,0,0,0.0,0,TypeScript,2024-2026,1.0,2.33,0.0,0.0,22
10,4,0,0,126,32,4,0,6,6.67,0,TypeScript,2024-2026,1.0,3.82,0.0,1.33,1
10,4,0,0,11,1,2,0,0,0.0,0,TypeScript,2024-2026,1.0,5.5,0.0,0.0,1
9,0,0,0,664,880,6,1,24,1.67,1,TypeScript,2024-2026,0.5,0.75,0.14,0.24,22
10,0,0,0,26,25,3,0,0,0.0,0,TypeScript,2024-2026,1.0,1.0,0.0,0.0,0
19,1,0,0,232,53,1,0,0,0.0,0,TypeScript,2024-2026,1.0,4.3,0.0,0.0,1
20,3,0,0,81,23,6,0,6,1.67,0,TypeScript,2024-2026,1.0,3.38,0.0,0.24,1
10,4,0,0,1,1,1,0,0,0.0,0,TypeScript,2024-2026,1.0,0.5,0.0,0.0,0
15,4,0,0,11,1,2,0,0,0.0,0,TypeScript,2024-2026,1.0,5.5,0.0,0.0,1
18,4,0,0,1,1,1,0,0,0.0,0,TypeScript,2024-2026,1.0,0.5,0.0,0.0,0
23,4,0,1,1,1,1,0,0,0.0,0,TypeScript,2024-2026,1.0,0.5,0.0,0.0,0
18,5,1,0,188,14,2,0,20,2.5,0,TypeScript,2024-2026,1.0,12.53,0.0,0.83,1
9,6,1,0,108,13,5,0,7,4.0,0,TypeScript,2024-2026,1.0,7.71,0.0,0.67,1
12,6,1,0,13,1,2,0,0,0.0,0,TypeScript,2024-2026,1.0,6.5,0.0,0.0,1
13,4,0,0,1,0,1,0,1,3.0,0,TypeScript,2024-2026,1.0,1.0,0.0,1.5,0
9,5,1,0,57,105,6,0,0,0.0,0,TypeScript,2024-2026,1.0,0.54,0.0,0.0,1
17,5,1,0,5,5,4,0,0,0.0,0,TypeScript,2024-2026,1.0,0.83,0.0,0.0,0
10,5,1,0,537,192,6,0,40,3.5,0,TypeScript,2024-2026,1.0,2.78,0.0,0.5,23
11,5,1,0,4,4,4,0,0,0.0,0,TypeScript,2024-2026,1.0,0.8,0.0,0.0,0
11,5,1,0,1,1,1,0,0,0.0,0,TypeScript,2024-2026,1.0,0.5,0.0,0.0,0
11,5,1,0,1,1,1,0,0,0.0,0,TypeScript,2024-2026,1.0,0.5,0.0,0.0,0
11,5,1,0,1,1,1,0,0,0.0,0,TypeScript,2024-2026,1.0,0.5,0.0,0.0,0
11,5,1,0,1,1,1,0,0,0.0,0,TypeScript,2024-2026,1.0,0.5,0.0,0.0,0
12,5,1,0,7,6,3,0,0,0.0,0,TypeScript,2024-2026,1.0,1.0,0.0,0.0,0
11,6,1,0,25,0,1,0,0,0.0,0,TypeScript,2024-2026,1.0,25.0,0.0,0.0,1
11,6,1,0,41,5,1,0,0,0.0,0,TypeScript,2024-2026,1.0,6.83,0.0,0.0,1
14,6,1,0,20,1,2,0,0,0.0,0,TypeScript,2024-2026,1.0,10.0,0.0,0.0,1
14,6,1,0,27,0,2,0,0,0.0,0,TypeScript,2024-2026,1.0,27.0,0.0,0.0,1
19,6,1,0,5,5,4,0,0,0.0,0,TypeScript,2024-2026,1.0,0.83,0.0,0.0,0
22,6,1,1,5,5,4,0,0,0.0,0,TypeScript,2024-2026,1.0,0.83,0.0,0.0,0
7,0,0,0,7,21,1,0,4,17.25,0,TypeScript,2024-2026,1.0,0.32,0.0,8.62,1
15,0,0,0,6,0,3,0,2,4.0,0,TypeScript,2024-2026,1.0,6.0,0.0,1.0,0
17,0,0,0,25,8,5,0,0,0.0,0,TypeScript,2024-2026,1.0,2.78,0.0,0.0,0
17,0,0,0,11,1,2,0,0,0.0,0,TypeScript,2024-2026,1.0,5.5,0.0,0.0,1
19,0,0,0,213,45,5,0,0,0.0,0,TypeScript,2024-2026,1.0,4.63,0.0,0.0,1
19,0,0,0,13,1,2,0,0,0.0,0,TypeScript,2024-2026,1.0,6.5,0.0,0.0,1
20,0,0,0,375,48,9,1,11,2.27,0,TypeScript,2024-2026,1.0,7.65,0.1,0.23,0
1,1,0,1,5,5,4,0,0,0.0,0,TypeScript,2024-2026,1.0,0.83,0.0,0.0,0
1,1,0,1,1,1,1,0,0,0.0,0,TypeScript,2024-2026,1.0,0.5,0.0,0.0,0
3,1,0,1,3,3,2,0,0,0.0,0,TypeScript,2024-2026,1.0,0.75,0.0,0.0,0
3,1,0,1,1,1,1,0,0,0.0,0,TypeScript,2024-2026,1.0,0.5,0.0,0.0,0
4,1,0,1,5,5,4,0,0,0.0,0,TypeScript,2024-2026,1.0,0.83,0.0,0.0,0
13,2,0,0,63,1,3,1,4,4.25,0,TypeScript,2024-2026,1.0,31.5,0.25,1.06,23
10,3,0,0,7,6,3,0,0,0.0,0,TypeScript,2024-2026,1.0,1.0,0.0,0.0,0
12,3,0,0,2,2,1,0,1,1.0,0,TypeScript,2024-2026,1.0,0.67,0.0,0.5,0
12,3,0,0,3,2,1,0,0,0.0,0,TypeScript,2024-2026,1.0,1.0,0.0,0.0,0
14,3,0,0,4654,7796,48,16,54,1.04,0,TypeScript,2024-2026,1.0,0.6,0.33,0.02,23
15,3,0,0,97,55,21,0,0,0.0,0,TypeScript,2024-2026,1.0,1.73,0.0,0.0,0
20,3,0,0,1,1,1,0,0,0.0,0,TypeScript,2024-2026,1.0,0.5,0.0,0.0,0
20,3,0,0,1,1,1,0,0,0.0,0,TypeScript,2024-2026,1.0,0.5,0.0,0.0,0
14,6,1,0,541,0,7,0,0,0.0,0,TypeScript,2024-2026,1.0,541.0,0.0,0.0,23
14,6,1,0,42,16,13,0,0,0.0,0,TypeScript,2024-2026,1.0,2.47,0.0,0.0,0
8,0,0,0,142,41,10,3,17,1.0,0,TypeScript,2024-2026,1.0,3.38,0.27,0.09,23
8,0,0,0,21,10,7,0,0,0.0,0,TypeScript,2024-2026,1.0,1.91,0.0,0.0,0
14,1,0,0,6,1,1,0,0,0.0,0,TypeScript,2024-2026,1.0,3.0,0.0,0.0,0
22,1,0,1,5,5,4,0,0,0.0,0,TypeScript,2024-2026,1.0,0.83,0.0,0.0,0
19,4,0,0,584,685,7,0,32,2.25,0,TypeScript,2024-2026,1.0,0.85,0.0,0.28,1
19,4,0,0,5,1,1,0,0,0.0,0,TypeScript,2024-2026,1.0,2.5,0.0,0.0,1
19,4,0,0,18,0,3,0,2,1.5,0,TypeScript,2024-2026,1.0,18.0,0.0,0.38,0
3,5,1,1,5,5,4,0,0,0.0,0,TypeScript,2024-2026,1.0,0.83,0.0,0.0,0
3,5,1,1,5,5,4,0,0,0.0,0,TypeScript,2024-2026,1.0,0.83,0.0,0.0,0
3,5,1,1,5,5,4,0,0,0.0,0,TypeScript,2024-2026,1.0,0.83,0.0,0.0,0
12,0,0,0,476,6,5,1,5,2.8,0,TypeScript,2024-2026,1.0,68.0,0.17,0.47,23
16,0,0,0,20,19,3,0,0,0.0,0,TypeScript,2024-2026,1.0,1.0,0.0,0.0,0
9,2,0,0,9,14,1,0,0,0.0,0,TypeScript,2024-2026,1.0,0.6,0.0,0.0,1
17,2,0,0,5,5,4,0,0,0.0,0,TypeScript,2024-2026,1.0,0.83,0.0,0.0,0
19,2,0,0,2,1,2,0,1,3.0,0,TypeScript,2024-2026,1.0,1.0,0.0,1.0,1
20,2,0,0,21,1,2,0,0,0.0,0,TypeScript,2024-2026,1.0,10.5,0.0,0.0,1
4,3,0,1,5,5,4,0,0,0.0,0,TypeScript,2024-2026,1.0,0.83,0.0,0.0,0
4,3,0,1,5,5,4,0,0,0.0,0,TypeScript,2024-2026,1.0,0.83,0.0,0.0,0
12,5,1,0,4,0,1,0,1,6.0,0,TypeScript,2024-2026,1.0,4.0,0.0,3.0,0
14,5,1,0,687,245,16,0,42,3.05,0,TypeScript,2024-2026,1.0,2.79,0.0,0.18,1
14,5,1,0,2,2,1,0,2,1.0,0,TypeScript,2024-2026,1.0,0.67,0.0,0.5,0
14,5,1,0,14,7,1,0,10,14.9,0,TypeScript,2024-2026,1.0,1.75,0.0,7.45,1
14,5,1,0,19,1,2,0,0,0.0,0,TypeScript,2024-2026,1.0,9.5,0.0,0.0,1
20,5,1,0,5,5,4,0,0,0.0,0,TypeScript,2024-2026,1.0,0.83,0.0,0.0,0
22,5,1,1,5,5,4,0,0,0.0,0,TypeScript,2024-2026,1.0,0.83,0.0,0.0,0
22,5,1,1,5,5,4,0,0,0.0,0,TypeScript,2024-2026,1.0,0.83,0.0,0.0,0
22,5,1,1,5,5,4,0,0,0.0,0,TypeScript,2024-2026,1.0,0.83,0.0,0.0,0
15,6,1,0,123,15,3,0,28,2.54,0,TypeScript,2024-2026,1.0,7.69,0.0,0.64,1
23,6,1,1,5,5,4,0,0,0.0,0,TypeScript,2024-2026,1.0,0.83,0.0,0.0,0
14,1,0,0,0,0,0,0,0,0.0,0,TypeScript,2024-2026,1.0,0.0,0.0,0.0,1
9,4,0,0,13504,477,54,0,0,0.0,0,TypeScript,2024-2026,1.0,28.25,0.0,0.0,23
9,4,0,0,543,12678,1,0,0,0.0,0,TypeScript,2024-2026,1.0,0.04,0.0,0.0,23
10,4,0,0,188,152,2,0,0,0.0,0,TypeScript,2024-2026,1.0,1.23,0.0,0.0,23
14,4,0,0,33,21,4,2,2,1.0,0,TypeScript,2024-2026,1.0,1.5,0.4,0.2,23
18,4,0,0,6,13,3,0,0,0.0,0,TypeScript,2024-2026,1.0,0.43,0.0,0.0,23
15,0,0,0,0,8,1,0,0,0.0,0,TypeScript,2024-2026,1.0,0.0,0.0,0.0,23
14,2,0,0,425,103,8,2,11,2.64,0,TypeScript,2024-2026,1.0,4.09,0.22,0.29,23
16,2,0,0,51,52,3,0,0,0.0,0,TypeScript,2024-2026,1.0,0.96,0.0,0.0,0
13,3,0,0,14,4,5,0,0,0.0,0,TypeScript,2024-2026,1.0,2.8,0.0,0.0,23
14,3,0,0,618,1,7,2,9,3.11,0,TypeScript,2024-2026,1.0,309.0,0.25,0.39,23
14,3,0,0,44,44,4,0,0,0.0,0,TypeScript,2024-2026,1.0,0.98,0.0,0.0,0
20,3,0,0,2,33,1,0,0,0.0,0,TypeScript,2024-2026,1.0,0.06,0.0,0.0,0
20,3,0,0,1,1,1,0,1,2.0,0,TypeScript,2024-2026,1.0,0.5,0.0,1.0,0
20,3,0,0,4,1,1,0,0,0.0,0,TypeScript,2024-2026,1.0,2.0,0.0,0.0,0
22,3,0,1,593,57,17,15,19,1.58,0,TypeScript,2024-2026,1.0,10.22,0.83,0.09,0
23,3,0,1,3,3,1,0,0,0.0,0,TypeScript,2024-2026,1.0,0.75,0.0,0.0,0
23,3,0,1,4,4,1,0,0,0.0,0,TypeScript,2024-2026,1.0,0.8,0.0,0.0,0
7,4,0,0,89,0,2,0,2,2.5,0,TypeScript,2024-2026,1.0,89.0,0.0,0.83,0
7,4,0,0,3,3,1,0,0,0.0,0,TypeScript,2024-2026,1.0,0.75,0.0,0.0,0
21,4,0,0,29,15,3,1,3,5.33,0,TypeScript,2024-2026,1.0,1.81,0.25,1.33,0
0,5,1,1,4,4,1,0,0,0.0,0,TypeScript,2024-2026,1.0,0.8,0.0,0.0,0
12,6,1,0,98,2,4,2,2,1.0,0,TypeScript,2024-2026,1.0,32.67,0.4,0.2,0
13,6,1,0,317,30,31,5,16,2.94,0,TypeScript,2024-2026,1.0,10.23,0.16,0.09,0
16,6,1,0,311,133,37,19,34,2.62,0,TypeScript,2024-2026,1.0,2.32,0.5,0.07,0
17,6,1,0,129,1,4,3,4,18.5,0,TypeScript,2024-2026,1.0,64.5,0.6,3.7,0
20,6,1,0,167,1230,4,0,0,0.0,0,TypeScript,2024-2026,1.0,0.14,0.0,0.0,23
9,0,0,0,138,6,5,2,11,1.36,0,TypeScript,2024-2026,1.0,19.71,0.33,0.23,23
18,0,0,0,142,1,3,0,4,2.25,0,TypeScript,2024-2026,1.0,71.0,0.0,0.56,0
20,0,0,0,355,81,6,5,15,2.4,0,TypeScript,2024-2026,1.0,4.33,0.71,0.34,0
0,1,0,1,68,16,1,0,0,0.0,0,TypeScript,2024-2026,1.0,4.0,0.0,0.0,0
8,1,0,0,259,131,3,0,3,13.33,0,TypeScript,2024-2026,1.0,1.96,0.0,3.33,1
10,1,0,0,72,72,1,0,0,0.0,0,TypeScript,2024-2026,1.0,0.99,0.0,0.0,0
10,1,0,0,335,47,3,2,5,15.0,0,TypeScript,2024-2026,1.0,6.98,0.5,3.75,0
16,1,0,0,5,5,4,0,0,0.0,0,TypeScript,2024-2026,1.0,0.83,0.0,0.0,0
18,1,0,0,232,132,21,4,16,9.19,0,TypeScript,2024-2026,1.0,1.74,0.18,0.42,0
12,2,0,0,15,1,2,0,0,0.0,0,TypeScript,2024-2026,1.0,7.5,0.0,0.0,1
17,2,0,0,7,7,1,0,0,0.0,0,TypeScript,2024-2026,1.0,0.88,0.0,0.0,0
17,2,0,0,3,3,1,0,0,0.0,0,TypeScript,2024-2026,1.0,0.75,0.0,0.0,0
17,2,0,0,46,46,1,0,0,0.0,0,TypeScript,2024-2026,1.0,0.98,0.0,0.0,0
20,2,0,0,5,5,4,0,0,0.0,0,TypeScript,2024-2026,1.0,0.83,0.0,0.0,0
10,3,0,0,7,40,3,0,2,5.5,0,TypeScript,2024-2026,1.0,0.17,0.0,1.38,1
10,3,0,0,11,1,2,0,0,0.0,0,TypeScript,2024-2026,1.0,5.5,0.0,0.0,1
18,3,0,0,5,5,4,0,0,0.0,0,TypeScript,2024-2026,1.0,0.83,0.0,0.0,0
18,3,0,0,5,5,4,0,0,0.0,0,TypeScript,2024-2026,1.0,0.83,0.0,0.0,0
8,4,0,0,104,69,5,2,9,4.0,0,TypeScript,2024-2026,1.0,1.49,0.33,0.67,0
8,4,0,0,56,8,4,1,2,2.5,0,TypeScript,2024-2026,1.0,6.22,0.2,0.5,0
23,4,0,1,4,4,1,0,0,0.0,0,TypeScript,2024-2026,1.0,0.8,0.0,0.0,0
0,5,1,1,97,1,2,0,1,1.0,0,TypeScript,2024-2026,1.0,48.5,0.0,0.33,0
12,5,1,0,316,8,27,17,27,3.37,0,TypeScript,2024-2026,1.0,35.11,0.61,0.12,0
22,5,1,1,1448,87,41,1,9,3.22,0,TypeScript,2024-2026,1.0,16.45,0.02,0.08,0
6,6,1,0,36,20,36,0,10,2.0,0,TypeScript,2024-2026,1.0,1.71,0.0,0.05,0
8,6,1,0,324,45,5,3,5,16.0,0,TypeScript,2024-2026,1.0,7.04,0.5,2.67,0
11,6,1,0,468,125,6,0,3,1.33,0,TypeScript,2024-2026,1.0,3.71,0.0,0.19,0
21,0,0,0,4456,1082,89,1,23,4.87,0,TypeScript,2024-2026,1.0,4.11,0.01,0.05,0
0,1,0,1,94,60,1,0,0,0.0,0,TypeScript,2024-2026,1.0,1.54,0.0,0.0,0
0,1,0,1,164,103,1,0,0,0.0,0,TypeScript,2024-2026,1.0,1.58,0.0,0.0,0
7,1,0,0,16,14,1,0,0,0.0,0,TypeScript,2024-2026,1.0,1.07,0.0,0.0,0
9,1,0,0,4,4,1,0,0,0.0,0,TypeScript,2024-2026,1.0,0.8,0.0,0.0,0
15,1,0,0,5,5,4,0,0,0.0,0,TypeScript,2024-2026,1.0,0.83,0.0,0.0,0
15,1,0,0,88,75,1,0,0,0.0,0,TypeScript,2024-2026,1.0,1.16,0.0,0.0,0
16,1,0,0,607,150,88,7,34,2.29,0,TypeScript,2024-2026,1.0,4.02,0.08,0.03,0
16,1,0,0,6,28,1,0,0,0.0,0,TypeScript,2024-2026,1.0,0.21,0.0,0.0,0
4,2,0,1,29,28,3,0,0,0.0,0,TypeScript,2024-2026,1.0,1.0,0.0,0.0,0
8,2,0,0,4,1,1,0,0,0.0,0,TypeScript,2024-2026,1.0,2.0,0.0,0.0,1
8,2,0,0,11,1,2,0,0,0.0,0,TypeScript,2024-2026,1.0,5.5,0.0,0.0,1
16,2,0,0,5,5,4,0,0,0.0,0,TypeScript,2024-2026,1.0,0.83,0.0,0.0,0
6,3,0,0,10,0,1,0,0,0.0,0,TypeScript,2024-2026,1.0,10.0,0.0,0.0,1
10,3,0,0,169,3,5,2,11,1.55,0,TypeScript,2024-2026,1.0,42.25,0.33,0.26,23
12,3,0,0,50,50,3,0,0,0.0,0,TypeScript,2024-2026,1.0,0.98,0.0,0.0,0
14,3,0,0,5,5,4,0,0,0.0,0,TypeScript,2024-2026,1.0,0.83,0.0,0.0,0
7,4,0,0,0,0,3,0,0,0.0,0,TypeScript,2024-2026,1.0,0.0,0.0,0.0,0
7,4,0,0,15,18,1,0,0,0.0,0,TypeScript,2024-2026,1.0,0.79,0.0,0.0,0
8,4,0,0,12,12,1,0,0,0.0,0,TypeScript,2024-2026,1.0,0.92,0.0,0.0,0
8,4,0,0,4,4,1,0,0,0.0,0,TypeScript,2024-2026,1.0,0.8,0.0,0.0,0
8,4,0,0,3,3,1,0,0,0.0,0,TypeScript,2024-2026,1.0,0.75,0.0,0.0,0
21,4,0,0,1590,467,48,24,77,2.75,0,TypeScript,2024-2026,1.0,3.4,0.49,0.06,0
21,4,0,0,103,109,1,0,0,0.0,0,TypeScript,2024-2026,1.0,0.94,0.0,0.0,0
21,4,0,0,187,26,4,1,6,2.0,0,TypeScript,2024-2026,1.0,6.93,0.2,0.4,0
21,5,1,0,51,3,2,1,2,25.5,0,TypeScript,2024-2026,1.0,12.75,0.33,8.5,0
21,5,1,0,19,15,2,1,5,4.8,0,TypeScript,2024-2026,1.0,1.19,0.33,1.6,0
11,6,1,0,1,1,1,0,0,0.0,0,TypeScript,2024-2026,1.0,0.5,0.0,0.0,0
20,0,0,0,894,199,79,22,68,3.28,0,TypeScript,2024-2026,1.0,4.47,0.28,0.04,0
20,0,0,0,52,4,2,0,1,1.0,0,TypeScript,2024-2026,1.0,10.4,0.0,0.33,0
20,0,0,0,136,141,14,1,4,1.25,0,TypeScript,2024-2026,1.0,0.96,0.07,0.08,0
0,1,0,1,90,56,1,0,0,0.0,0,TypeScript,2024-2026,1.0,1.58,0.0,0.0,0
0,1,0,1,4,4,1,0,0,0.0,0,TypeScript,2024-2026,1.0,0.8,0.0,0.0,0
0,1,0,1,3,3,1,0,0,0.0,0,TypeScript,2024-2026,1.0,0.75,0.0,0.0,0
6,1,0,0,4,4,1,0,0,0.0,0,TypeScript,2024-2026,1.0,0.8,0.0,0.0,0
6,1,0,0,5,5,1,0,0,0.0,0,TypeScript,2024-2026,1.0,0.83,0.0,0.0,0
6,1,0,0,4,4,1,0,0,0.0,0,TypeScript,2024-2026,1.0,0.8,0.0,0.0,0
6,1,0,0,194,340,1,0,0,0.0,0,TypeScript,2024-2026,1.0,0.57,0.0,0.0,0
8,1,0,0,1190,23,22,2,23,2.04,0,TypeScript,2024-2026,1.0,49.58,0.09,0.09,0
15,1,0,0,4,4,4,0,0,0.0,0,TypeScript,2024-2026,1.0,0.8,0.0,0.0,0
15,1,0,0,1,1,1,0,0,0.0,0,TypeScript,2024-2026,1.0,0.5,0.0,0.0,0
15,1,0,0,1,1,1,0,0,0.0,0,TypeScript,2024-2026,1.0,0.5,0.0,0.0,0
15,1,0,0,1,1,1,0,0,0.0,0,TypeScript,2024-2026,1.0,0.5,0.0,0.0,0
20,1,0,0,57,105,7,1,6,4.33,0,TypeScript,2024-2026,1.0,0.54,0.12,0.54,0
22,1,0,1,94,2,10,8,9,10.56,0,TypeScript,2024-2026,1.0,31.33,0.73,0.96,0
23,1,0,1,6,6,1,0,0,0.0,0,TypeScript,2024-2026,1.0,0.86,0.0,0.0,0
14,2,0,0,49,13,2,0,5,5.4,0,TypeScript,2024-2026,1.0,3.5,0.0,1.8,1
14,2,0,0,13,1,2,0,0,0.0,0,TypeScript,2024-2026,1.0,6.5,0.0,0.0,1
22,2,0,1,5,5,4,0,0,0.0,0,TypeScript,2024-2026,1.0,0.83,0.0,0.0,0
22,2,0,1,5,5,4,0,0,0.0,0,TypeScript,2024-2026,1.0,0.83,0.0,0.0,0
0,3,0,1,12,51,1,0,0,0.0,0,TypeScript,2024-2026,1.0,0.23,0.0,0.0,0
0,3,0,1,0,0,0,0,0,0.0,0,TypeScript,2024-2026,1.0,0.0,0.0,0.0,0
0,3,0,1,3,3,1,0,0,0.0,0,TypeScript,2024-2026,1.0,0.75,0.0,0.0,0
8,3,0,0,111,108,6,1,13,1.38,0,TypeScript,2024-2026,1.0,1.02,0.14,0.2,0
9,3,0,0,13655,447,55,0,0,0.0,0,TypeScript,2024-2026,1.0,30.48,0.0,0.0,23
9,3,0,0,214,13325,1,0,0,0.0,0,TypeScript,2024-2026,1.0,0.02,0.0,0.0,23
10,3,0,0,1370,2,5,1,33,1.64,0,TypeScript,2024-2026,1.0,456.67,0.17,0.27,23
13,3,0,0,301,2,5,1,8,1.25,0,TypeScript,2024-2026,1.0,100.33,0.17,0.21,23
23,3,0,1,3,3,1,0,0,0.0,0,TypeScript,2024-2026,1.0,0.75,0.0,0.0,0
10,4,0,0,28,18,1,0,1,20.0,0,TypeScript,2024-2026,1.0,1.47,0.0,10.0,1
10,4,0,0,46,46,1,0,0,0.0,0,TypeScript,2024-2026,1.0,0.98,0.0,0.0,0
13,4,0,0,3,3,2,0,0,0.0,0,TypeScript,2024-2026,1.0,0.75,0.0,0.0,0
18,4,0,0,5,5,4,0,0,0.0,0,TypeScript,2024-2026,1.0,0.83,0.0,0.0,0
23,4,0,1,3,1,2,0,2,6.5,0,TypeScript,2024-2026,1.0,1.5,0.0,2.17,0
23,4,0,1,7,7,1,0,0,0.0,0,TypeScript,2024-2026,1.0,0.88,0.0,0.0,0
23,4,0,1,3,3,1,0,0,0.0,0,TypeScript,2024-2026,1.0,0.75,0.0,0.0,0
18,5,1,0,134,19,2,1,4,2.5,0,TypeScript,2024-2026,1.0,6.7,0.33,0.83,0
19,5,1,0,233,14,3,1,8,3.88,0,TypeScript,2024-2026,1.0,15.53,0.25,0.97,0
20,5,1,0,27,5,1,0,1,1.0,0,TypeScript,2024-2026,1.0,4.5,0.0,0.5,0
20,5,1,0,46,3,4,2,1,1.0,0,TypeScript,2024-2026,1.0,11.5,0.4,0.2,0
23,5,1,1,127,7,2,1,6,7.0,0,TypeScript,2024-2026,1.0,15.88,0.33,2.33,0
8,6,1,0,33,1,3,1,4,8.75,0,TypeScript,2024-2026,1.0,16.5,0.25,2.19,0
10,6,1,0,49,2,2,1,3,3.0,0,TypeScript,2024-2026,1.0,16.33,0.33,1.0,0
10,6,1,0,14,1,2,1,0,0.0,0,TypeScript,2024-2026,1.0,7.0,0.33,0.0,0
14,6,1,0,1,1,1,0,0,0.0,0,TypeScript,2024-2026,1.0,0.5,0.0,0.0,0
16,6,1,0,4,3,3,1,2,4.0,0,TypeScript,2024-2026,1.0,1.0,0.25,1.0,0
21,6,1,0,5,5,4,0,0,0.0,0,TypeScript,2024-2026,1.0,0.83,0.0,0.0,0
10,0,0,0,10,10,2,0,0,0.0,0,TypeScript,2024-2026,1.0,0.91,0.0,0.0,0
10,0,0,0,16,3,1,0,0,0.0,0,TypeScript,2024-2026,1.0,4.0,0.0,0.0,0
10,0,0,0,29,27,1,0,0,0.0,0,TypeScript,2024-2026,1.0,1.04,0.0,0.0,0
16,0,0,0,67,1,6,2,2,1.0,0,TypeScript,2024-2026,1.0,33.5,0.29,0.14,0
10,1,0,0,67,80,1,0,0,0.0,0,TypeScript,2024-2026,1.0,0.83,0.0,0.0,0
10,1,0,0,4,4,1,0,0,0.0,0,TypeScript,2024-2026,1.0,0.8,0.0,0.0,0
10,1,0,0,5,5,2,0,0,0.0,0,TypeScript,2024-2026,1.0,0.83,0.0,0.0,0
10,1,0,0,65,2,4,0,1,1.0,0,TypeScript,2024-2026,1.0,21.67,0.0,0.2,0
22,3,0,1,5,31,1,0,0,0.0,0,TypeScript,2024-2026,1.0,0.16,0.0,0.0,0
16,4,0,0,0,1,1,0,0,0.0,0,TypeScript,2024-2026,1.0,0.0,0.0,0.0,0
9,5,1,0,751,57,3,1,16,2.12,0,TypeScript,2024-2026,1.0,12.95,0.25,0.53,23
10,5,1,0,81,87,5,0,0,0.0,0,TypeScript,2024-2026,1.0,0.92,0.0,0.0,0
14,5,1,0,4,4,1,0,0,0.0,0,TypeScript,2024-2026,1.0,0.8,0.0,0.0,0
15,5,1,0,6,6,1,0,0,0.0,0,TypeScript,2024-2026,1.0,0.86,0.0,0.0,0
16,5,1,0,964,715,11,3,7,1.29,0,TypeScript,2024-2026,1.0,1.35,0.25,0.11,0
17,5,1,0,6,6,1,0,0,0.0,0,TypeScript,2024-2026,1.0,0.86,0.0,0.0,0
9,6,1,0,363,132,3,0,0,0.0,0,TypeScript,2024-2026,1.0,2.73,0.0,0.0,0
6,0,0,0,220,2,2,1,4,14.5,0,TypeScript,2024-2026,1.0,73.33,0.33,4.83,1
6,0,0,0,0,1,1,0,0,0.0,0,TypeScript,2024-2026,1.0,0.0,0.0,0.0,1
6,0,0,0,4,4,1,0,0,0.0,0,TypeScript,2024-2026,1.0,0.8,0.0,0.0,0
13,0,0,0,1,1,1,0,0,0.0,0,TypeScript,2024-2026,1.0,0.5,0.0,0.0,0
12,1,0,0,374,33,14,4,17,2.53,0,TypeScript,2024-2026,1.0,11.0,0.27,0.17,0
23,1,0,1,4,4,1,0,0,0.0,0,TypeScript,2024-2026,1.0,0.8,0.0,0.0,0
23,1,0,1,61,61,1,0,0,0.0,0,TypeScript,2024-2026,1.0,0.98,0.0,0.0,0
23,1,0,1,6,6,1,0,0,0.0,0,TypeScript,2024-2026,1.0,0.86,0.0,0.0,0
8,2,0,0,5,8,1,0,2,4.5,0,TypeScript,2024-2026,1.0,0.56,0.0,2.25,0
10,2,0,0,11,1,2,0,0,0.0,0,TypeScript,2024-2026,1.0,5.5,0.0,0.0,1
13,2,0,0,690,584,16,1,80,2.41,0,TypeScript,2024-2026,1.0,1.18,0.06,0.14,3
15,2,0,0,5,5,4,0,0,0.0,0,TypeScript,2024-2026,1.0,0.83,0.0,0.0,0
15,2,0,0,1,1,1,0,0,0.0,0,TypeScript,2024-2026,1.0,0.5,0.0,0.0,0
18,2,0,0,5,5,4,0,0,0.0,0,TypeScript,2024-2026,1.0,0.83,0.0,0.0,0
12,3,0,0,23,23,2,2,2,2.0,0,TypeScript,2024-2026,1.0,0.96,0.67,0.67,3
12,6,1,0,61,6,2,1,1,1.0,0,TypeScript,2024-2026,1.0,8.71,0.33,0.33,0
13,6,1,0,9,9,1,0,1,1.0,0,TypeScript,2024-2026,1.0,0.9,0.0,0.5,0
14,6,1,0,45,3,2,1,2,6.5,0,TypeScript,2024-2026,1.0,11.25,0.33,2.17,0
14,6,1,0,4,4,1,0,0,0.0,0,TypeScript,2024-2026,1.0,0.8,0.0,0.0,0
15,6,1,0,131,24,4,1,5,9.4,0,TypeScript,2024-2026,1.0,5.24,0.2,1.88,0
7,0,0,0,35,1,3,1,3,1.0,0,TypeScript,2024-2026,1.0,17.5,0.25,0.25,23
7,0,0,0,7,6,3,0,0,0.0,0,TypeScript,2024-2026,1.0,1.0,0.0,0.0,0
8,0,0,0,324,0,4,1,10,1.0,0,TypeScript,2024-2026,1.0,324.0,0.2,0.2,0
18,0,0,0,1,1,1,0,1,21.0,0,TypeScript,2024-2026,1.0,0.5,0.0,10.5,1
22,0,0,1,34,1,2,1,4,6.0,0,TypeScript,2024-2026,1.0,17.0,0.33,2.0,0
22,0,0,1,54,0,2,1,4,2.5,0,TypeScript,2024-2026,1.0,54.0,0.33,0.83,0
23,0,0,1,4,30,1,0,0,0.0,0,TypeScript,2024-2026,1.0,0.13,0.0,0.0,0
23,0,0,1,103,103,1,0,0,0.0,0,TypeScript,2024-2026,1.0,0.99,0.0,0.0,0
1,1,0,1,5,5,4,0,0,0.0,0,TypeScript,2024-2026,1.0,0.83,0.0,0.0,0
14,1,0,0,61,61,1,0,0,0.0,0,TypeScript,2024-2026,1.0,0.98,0.0,0.0,0
14,1,0,0,8,8,1,0,0,0.0,0,TypeScript,2024-2026,1.0,0.89,0.0,0.0,0
14,1,0,0,20,19,3,0,0,0.0,0,TypeScript,2024-2026,1.0,1.0,0.0,0.0,0
16,1,0,0,4,4,1,0,0,0.0,0,TypeScript,2024-2026,1.0,0.8,0.0,0.0,0
5,2,0,1,316,347,5,2,2,1.0,0,TypeScript,2024-2026,1.0,0.91,0.33,0.17,23
20,2,0,0,30,62,3,0,0,0.0,0,TypeScript,2024-2026,1.0,0.48,0.0,0.0,0
22,2,0,1,5,31,1,0,0,0.0,0,TypeScript,2024-2026,1.0,0.16,0.0,0.0,0
23,2,0,1,490,17,15,4,14,4.79,0,TypeScript,2024-2026,1.0,27.22,0.25,0.3,0
23,2,0,1,81,0,2,1,5,2.0,0,TypeScript,2024-2026,1.0,81.0,0.33,0.67,0
10,3,0,0,20,19,1,0,0,0.0,0,TypeScript,2024-2026,1.0,1.0,0.0,0.0,0
11,3,0,0,3,3,1,0,0,0.0,0,TypeScript,2024-2026,1.0,0.75,0.0,0.0,0
8,4,0,0,16,1,2,1,1,1.0,0,TypeScript,2024-2026,1.0,8.0,0.33,0.33,0
18,4,0,0,32,1,2,1,2,2.0,0,TypeScript,2024-2026,1.0,16.0,0.33,0.67,0
20,4,0,0,2,2,1,0,0,0.0,0,TypeScript,2024-2026,1.0,0.67,0.0,0.0,1
3,5,1,1,5,5,4,0,0,0.0,0,TypeScript,2024-2026,1.0,0.83,0.0,0.0,0
18,5,1,0,116,1,6,2,8,1.0,0,TypeScript,2024-2026,1.0,58.0,0.29,0.14,23
18,5,1,0,22,21,3,0,0,0.0,0,TypeScript,2024-2026,1.0,1.0,0.0,0.0,0
14,6,1,0,22,22,1,0,0,0.0,0,TypeScript,2024-2026,1.0,0.96,0.0,0.0,0
14,6,1,0,643,65,27,1,12,13.33,0,TypeScript,2024-2026,1.0,9.74,0.04,0.48,0
14,6,1,0,10,3,2,1,2,1.0,0,TypeScript,2024-2026,1.0,2.5,0.33,0.33,0
9,0,0,0,8,3,1,0,2,60.5,0,TypeScript,2024-2026,1.0,2.0,0.0,30.25,1
11,0,0,0,18,5,1,0,0,0.0,0,TypeScript,2024-2026,1.0,3.0,0.0,0.0,1
11,0,0,0,4,0,1,0,0,0.0,0,TypeScript,2024-2026,1.0,4.0,0.0,0.0,0
11,0,0,0,174,17,6,1,9,1.89,0,TypeScript,2024-2026,1.0,9.67,0.14,0.27,0
12,0,0,0,9,0,1,0,0,0.0,0,TypeScript,2024-2026,1.0,9.0,0.0,0.0,0
12,0,0,0,27,1,2,0,0,0.0,0,TypeScript,2024-2026,1.0,13.5,0.0,0.0,1
12,0,0,0,11,1,2,0,0,0.0,0,TypeScript,2024-2026,1.0,5.5,0.0,0.0,1
13,0,0,0,33,29,1,1,1,1.0,0,TypeScript,2024-2026,1.0,1.1,0.5,0.5,1
14,0,0,0,7,1,1,0,0,0.0,0,TypeScript,2024-2026,1.0,3.5,0.0,0.0,0
14,0,0,0,93,0,3,0,0,0.0,0,TypeScript,2024-2026,1.0,93.0,0.0,0.0,0
14,0,0,0,2008,0,51,0,13,2.85,0,TypeScript,2024-2026,1.0,2008.0,0.0,0.05,0
16,0,0,0,5,5,4,0,0,0.0,0,TypeScript,2024-2026,1.0,0.83,0.0,0.0,0
18,0,0,0,5,5,4,0,0,0.0,0,TypeScript,2024-2026,1.0,0.83,0.0,0.0,0
18,0,0,0,5,5,4,0,0,0.0,0,TypeScript,2024-2026,1.0,0.83,0.0,0.0,0
19,0,0,0,1,1,1,0,0,0.0,0,TypeScript,2024-2026,1.0,0.5,0.0,0.0,0
19,0,0,0,5,5,4,0,0,0.0,0,TypeScript,2024-2026,1.0,0.83,0.0,0.0,0
19,0,0,0,1,1,1,0,0,0.0,0,TypeScript,2024-2026,1.0,0.5,0.0,0.0,0
1,1,0,1,103,103,1,0,0,0.0,0,TypeScript,2024-2026,1.0,0.99,0.0,0.0,0
5,1,0,1,3,0,1,0,0,0.0,0,TypeScript,2024-2026,1.0,3.0,0.0,0.0,0
5,1,0,1,3,3,1,0,0,0.0,0,TypeScript,2024-2026,1.0,0.75,0.0,0.0,0
7,1,0,0,8,225,2,0,6,5.17,0,TypeScript,2024-2026,1.0,0.04,0.0,1.72,0
8,1,0,0,106,11,5,1,5,10.2,0,TypeScript,2024-2026,1.0,8.83,0.17,1.7,0
8,1,0,0,21,1,2,0,4,11.0,0,TypeScript,2024-2026,1.0,10.5,0.0,3.67,0
11,1,0,0,290,103,7,1,18,3.28,1,TypeScript,2024-2026,0.667,2.79,0.12,0.41,0
13,1,0,0,2617,2,7,0,1,16.0,0,TypeScript,2024-2026,1.0,872.33,0.0,2.0,1
13,1,0,0,25,25,15,0,0,0.0,0,TypeScript,2024-2026,1.0,0.96,0.0,0.0,0
14,1,0,0,380,98,17,1,8,12.12,0,TypeScript,2024-2026,1.0,3.84,0.06,0.67,1
14,1,0,0,4,1,1,0,0,0.0,0,TypeScript,2024-2026,1.0,2.0,0.0,0.0,0
15,1,0,0,25,25,15,0,0,0.0,0,TypeScript,2024-2026,1.0,0.96,0.0,0.0,0
15,1,0,0,61,0,2,0,0,0.0,0,TypeScript,2024-2026,1.0,61.0,0.0,0.0,1
17,1,0,0,110,1,1,0,3,8.0,0,TypeScript,2024-2026,1.0,55.0,0.0,4.0,1
17,1,0,0,25,25,15,0,0,0.0,0,TypeScript,2024-2026,1.0,0.96,0.0,0.0,0
18,1,0,0,25,25,15,0,0,0.0,0,TypeScript,2024-2026,1.0,0.96,0.0,0.0,0
18,1,0,0,1,1,1,0,0,0.0,0,TypeScript,2024-2026,1.0,0.5,0.0,0.0,0
19,1,0,0,25395,1,9,0,4,6.25,0,TypeScript,2024-2026,1.0,12697.5,0.0,0.62,1
20,1,0,0,25,25,15,0,0,0.0,0,TypeScript,2024-2026,1.0,0.96,0.0,0.0,0
20,1,0,0,25,25,15,0,0,0.0,0,TypeScript,2024-2026,1.0,0.96,0.0,0.0,0
23,1,0,1,79,79,1,0,0,0.0,0,TypeScript,2024-2026,1.0,0.99,0.0,0.0,0
23,1,0,1,24,21,1,0,0,0.0,0,TypeScript,2024-2026,1.0,1.09,0.0,0.0,0
23,1,0,1,25,25,15,0,0,0.0,0,TypeScript,2024-2026,1.0,0.96,0.0,0.0,0
10,2,0,0,2,2,2,0,0,0.0,0,TypeScript,2024-2026,1.0,0.67,0.0,0.0,0
10,2,0,0,1,1,1,0,0,0.0,0,TypeScript,2024-2026,1.0,0.5,0.0,0.0,0
10,2,0,0,101,2,4,1,2,1.0,0,TypeScript,2024-2026,1.0,33.67,0.2,0.2,1
10,2,0,0,1,1,1,0,0,0.0,0,TypeScript,2024-2026,1.0,0.5,0.0,0.0,0
10,2,0,0,4,4,4,0,0,0.0,0,TypeScript,2024-2026,1.0,0.8,0.0,0.0,0
10,2,0,0,1,1,1,0,0,0.0,0,TypeScript,2024-2026,1.0,0.5,0.0,0.0,0
16,2,0,0,1289,10,20,0,58,3.52,0,TypeScript,2024-2026,1.0,117.18,0.0,0.17,1
16,2,0,0,25,25,15,0,0,0.0,0,TypeScript,2024-2026,1.0,0.96,0.0,0.0,0
21,2,0,0,364,74,30,10,29,5.07,0,TypeScript,2024-2026,1.0,4.85,0.32,0.16,1
22,2,0,1,25,25,15,0,0,0.0,0,TypeScript,2024-2026,1.0,0.96,0.0,0.0,0
3,3,0,1,2,1,1,0,1,6.0,0,TypeScript,2024-2026,1.0,1.0,0.0,3.0,0
7,3,0,0,6,6,2,0,0,0.0,0,TypeScript,2024-2026,1.0,0.86,0.0,0.0,0
7,3,0,0,83,4,2,0,3,3.33,0,TypeScript,2024-2026,1.0,16.6,0.0,1.11,1
9,3,0,0,25,175,4,0,4,3.25,0,TypeScript,2024-2026,1.0,0.14,0.0,0.65,0
10,3,0,0,3,3,1,0,0,0.0,0,TypeScript,2024-2026,1.0,0.75,0.0,0.0,0
11,3,0,0,17,4,1,0,0,0.0,0,TypeScript,2024-2026,1.0,3.4,0.0,0.0,0
14,3,0,0,25,25,15,0,0,0.0,0,TypeScript,2024-2026,1.0,0.96,0.0,0.0,0
21,3,0,0,57,9,1,0,2,3.0,0,TypeScript,2024-2026,1.0,5.7,0.0,1.5,1
22,3,0,1,25,25,15,0,0,0.0,0,TypeScript,2024-2026,1.0,0.96,0.0,0.0,0
22,3,0,1,14,0,4,2,2,32.5,0,TypeScript,2024-2026,1.0,14.0,0.4,6.5,0
22,3,0,1,3,3,1,0,0,0.0,0,TypeScript,2024-2026,1.0,0.75,0.0,0.0,0
23,3,0,1,3,3,1,0,0,0.0,0,TypeScript,2024-2026,1.0,0.75,0.0,0.0,0
8,4,0,0,714,46,8,1,21,4.67,0,TypeScript,2024-2026,1.0,15.19,0.11,0.52,1
8,4,0,0,471,23,4,0,21,4.24,0,TypeScript,2024-2026,1.0,19.62,0.0,0.85,0
11,4,0,0,83,6,4,2,4,2.0,0,TypeScript,2024-2026,1.0,11.86,0.4,0.4,0
11,4,0,0,56,4,2,1,5,5.4,0,TypeScript,2024-2026,1.0,11.2,0.33,1.8,0
12,4,0,0,373,0,1,0,10,2.2,0,TypeScript,2024-2026,1.0,373.0,0.0,1.1,1
12,4,0,0,13,11,1,0,2,35.0,0,TypeScript,2024-2026,1.0,1.08,0.0,17.5,1
13,4,0,0,25,25,15,0,0,0.0,0,TypeScript,2024-2026,1.0,0.96,0.0,0.0,0
14,4,0,0,148,25,10,1,5,5.2,0,TypeScript,2024-2026,1.0,5.69,0.09,0.47,1
14,4,0,0,25,25,15,0,0,0.0,0,TypeScript,2024-2026,1.0,0.96,0.0,0.0,0
18,4,0,0,25,25,15,0,0,0.0,0,TypeScript,2024-2026,1.0,0.96,0.0,0.0,0
23,4,0,1,9,9,2,0,0,0.0,0,TypeScript,2024-2026,1.0,0.9,0.0,0.0,0
23,4,0,1,3,3,1,0,0,0.0,0,TypeScript,2024-2026,1.0,0.75,0.0,0.0,0
12,5,1,0,38,3,2,1,2,7.5,0,TypeScript,2024-2026,1.0,9.5,0.33,2.5,0
13,5,1,0,33,3,2,1,2,1.5,0,TypeScript,2024-2026,1.0,8.25,0.33,0.5,0
16,6,1,0,83,22,2,1,3,12.33,0,TypeScript,2024-2026,1.0,3.61,0.33,4.11,1
21,6,1,0,23,23,89,9,0,0.0,0,TypeScript,2024-2026,1.0,0.96,0.1,0.0,0
21,6,1,0,3,28,1,0,3,2.67,0,TypeScript,2024-2026,1.0,0.1,0.0,1.34,0
21,6,1,0,590,42,10,0,8,20.75,0,TypeScript,2024-2026,1.0,13.72,0.0,1.89,0
22,6,1,1,25,25,15,0,0,0.0,0,TypeScript,2024-2026,1.0,0.96,0.0,0.0,0
22,6,1,1,25,25,15,0,0,0.0,0,TypeScript,2024-2026,1.0,0.96,0.0,0.0,0
6,0,0,0,319,1,3,1,3,2.33,0,TypeScript,2024-2026,1.0,159.5,0.25,0.58,0
11,0,0,0,1007,200,8,0,70,3.24,0,TypeScript,2024-2026,1.0,5.01,0.0,0.36,1
12,0,0,0,25,25,15,0,0,0.0,0,TypeScript,2024-2026,1.0,0.96,0.0,0.0,0
13,0,0,0,0,185,6,0,2,3.0,0,TypeScript,2024-2026,1.0,0.0,0.0,0.43,1
14,0,0,0,25,25,15,0,0,0.0,0,TypeScript,2024-2026,1.0,0.96,0.0,0.0,0
16,0,0,0,574,8,14,0,17,2.82,0,TypeScript,2024-2026,1.0,63.78,0.0,0.19,1
17,0,0,0,33,17,1,0,2,3.0,0,TypeScript,2024-2026,1.0,1.83,0.0,1.5,1
17,0,0,0,25,25,15,0,0,0.0,0,TypeScript,2024-2026,1.0,0.96,0.0,0.0,0
18,0,0,0,25,25,15,0,0,0.0,0,TypeScript,2024-2026,1.0,0.96,0.0,0.0,0
19,0,0,0,1867,178,13,1,70,4.46,1,TypeScript,2024-2026,0.5,10.43,0.07,0.32,1
20,0,0,0,25,25,15,0,0,0.0,0,TypeScript,2024-2026,1.0,0.96,0.0,0.0,0
23,0,0,1,108,2,2,0,0,0.0,0,TypeScript,2024-2026,1.0,36.0,0.0,0.0,0
23,0,0,1,3,3,1,0,0,0.0,0,TypeScript,2024-2026,1.0,0.75,0.0,0.0,0
10,1,0,0,7,2,2,0,2,5.5,0,TypeScript,2024-2026,1.0,2.33,0.0,1.83,2
10,1,0,0,19,2,2,0,2,59.0,0,TypeScript,2024-2026,1.0,6.33,0.0,19.67,1
14,1,0,0,5,2,1,0,0,0.0,0,TypeScript,2024-2026,1.0,1.67,0.0,0.0,2
14,1,0,0,5,5,2,0,0,0.0,0,TypeScript,2024-2026,1.0,0.83,0.0,0.0,0
17,1,0,0,25,25,15,0,0,0.0,0,TypeScript,2024-2026,1.0,0.96,0.0,0.0,0
17,1,0,0,5,5,4,0,0,0.0,0,TypeScript,2024-2026,1.0,0.83,0.0,0.0,0
10,2,0,0,10,5,5,4,0,0.0,0,TypeScript,2024-2026,1.0,1.67,0.67,0.0,2
18,2,0,0,25,25,15,0,0,0.0,0,TypeScript,2024-2026,1.0,0.96,0.0,0.0,0
21,2,0,0,32,0,3,0,3,6.33,0,TypeScript,2024-2026,1.0,32.0,0.0,1.58,2
22,2,0,1,61,61,1,0,0,0.0,0,TypeScript,2024-2026,1.0,0.98,0.0,0.0,0
4,3,0,1,8,0,3,0,0,0.0,0,TypeScript,2024-2026,1.0,8.0,0.0,0.0,2
4,3,0,1,1665,984,17,1,1,1.0,0,TypeScript,2024-2026,1.0,1.69,0.06,0.06,2
5,3,0,1,0,3061,34,1,85,3.08,0,TypeScript,2024-2026,1.0,0.0,0.03,0.09,2
5,3,0,1,25,25,15,0,0,0.0,0,TypeScript,2024-2026,1.0,0.96,0.0,0.0,0
19,3,0,0,113,0,3,0,4,7.0,0,TypeScript,2024-2026,1.0,113.0,0.0,1.75,2
19,3,0,0,7,30,4,0,1,4.0,0,TypeScript,2024-2026,1.0,0.23,0.0,0.8,2
19,3,0,0,25,25,15,0,0,0.0,0,TypeScript,2024-2026,1.0,0.96,0.0,0.0,0
7,4,0,0,30,29,3,0,5,3.4,0,TypeScript,2024-2026,1.0,1.0,0.0,0.85,0
11,4,0,0,70,42,3,0,5,7.0,0,TypeScript,2024-2026,1.0,1.63,0.0,1.75,0
13,4,0,0,25,25,15,0,0,0.0,0,TypeScript,2024-2026,1.0,0.96,0.0,0.0,0
15,4,0,0,3,3,1,0,0,0.0,0,TypeScript,2024-2026,1.0,0.75,0.0,0.0,0
17,4,0,0,51,1,2,1,2,12.0,0,TypeScript,2024-2026,1.0,25.5,0.33,4.0,2
17,4,0,0,2731,2226,54,0,0,0.0,0,TypeScript,2024-2026,1.0,1.23,0.0,0.0,0
18,4,0,0,25,25,15,0,0,0.0,0,TypeScript,2024-2026,1.0,0.96,0.0,0.0,0
22,4,0,1,3,3,1,0,0,0.0,0,TypeScript,2024-2026,1.0,0.75,0.0,0.0,0
22,4,0,1,3,3,1,0,0,0.0,0,TypeScript,2024-2026,1.0,0.75,0.0,0.0,0
5,5,1,1,25,25,15,0,0,0.0,0,TypeScript,2024-2026,1.0,0.96,0.0,0.0,0
8,5,1,0,89,3,2,1,10,2.8,0,TypeScript,2024-2026,1.0,22.25,0.33,0.93,1
15,5,1,0,1,1,1,0,0,0.0,0,TypeScript,2024-2026,1.0,0.5,0.0,0.0,0
21,6,1,0,434,442,6,0,0,0.0,0,TypeScript,2024-2026,1.0,0.98,0.0,0.0,0
5,0,0,1,11,14,4,0,0,0.0,0,TypeScript,2024-2026,1.0,0.73,0.0,0.0,32
9,0,0,0,29,35,4,1,7,2.71,0,TypeScript,2024-2026,1.0,0.81,0.2,0.54,0
12,0,0,0,231,0,6,1,9,1.44,0,TypeScript,2024-2026,1.0,231.0,0.14,0.21,2
13,0,0,0,1333,456,17,0,4,1.25,0,TypeScript,2024-2026,1.0,2.92,0.0,0.07,2
13,0,0,0,5,75,2,0,0,0.0,0,TypeScript,2024-2026,1.0,0.07,0.0,0.0,2
15,0,0,0,25,25,15,0,0,0.0,0,TypeScript,2024-2026,1.0,0.96,0.0,0.0,0
16,0,0,0,2277,150,14,1,129,3.65,0,TypeScript,2024-2026,1.0,15.08,0.07,0.24,2
17,0,0,0,25,25,15,0,0,0.0,0,TypeScript,2024-2026,1.0,0.96,0.0,0.0,0
18,0,0,0,25,25,15,0,0,0.0,0,TypeScript,2024-2026,1.0,0.96,0.0,0.0,0
21,0,0,0,14,0,3,0,1,5.0,0,TypeScript,2024-2026,1.0,14.0,0.0,1.25,2
22,0,0,1,101,1,2,1,6,1.17,0,TypeScript,2024-2026,1.0,50.5,0.33,0.39,0
22,0,0,1,25,25,15,0,0,0.0,0,TypeScript,2024-2026,1.0,0.96,0.0,0.0,0
7,1,0,0,558,8,19,1,10,4.4,0,TypeScript,2024-2026,1.0,62.0,0.05,0.22,2
8,1,0,0,18,1,1,0,0,0.0,0,TypeScript,2024-2026,1.0,9.0,0.0,0.0,23
9,1,0,0,6,0,1,0,0,0.0,0,TypeScript,2024-2026,1.0,6.0,0.0,0.0,23
9,1,0,0,15,35,4,0,0,0.0,0,TypeScript,2024-2026,1.0,0.42,0.0,0.0,23
11,1,0,0,3,7,2,0,0,0.0,0,TypeScript,2024-2026,1.0,0.38,0.0,0.0,23
13,1,0,0,25,25,15,0,0,0.0,0,TypeScript,2024-2026,1.0,0.96,0.0,0.0,0
19,1,0,0,158,144,1,0,0,0.0,0,TypeScript,2024-2026,1.0,1.09,0.0,0.0,0
19,1,0,0,68,0,1,0,0,0.0,0,TypeScript,2024-2026,1.0,68.0,0.0,0.0,0
19,1,0,0,68,6,2,1,3,4.33,0,TypeScript,2024-2026,1.0,9.71,0.33,1.44,0
20,1,0,0,3,3,1,0,0,0.0,0,TypeScript,2024-2026,1.0,0.75,0.0,0.0,0
13,2,0,0,2806,990,27,3,156,3.81,0,TypeScript,2024-2026,1.0,2.83,0.11,0.14,0
15,2,0,0,2471,0,56,0,8,1.25,0,TypeScript,2024-2026,1.0,2471.0,0.0,0.02,0
15,2,0,0,42,3,2,1,2,14.0,0,TypeScript,2024-2026,1.0,10.5,0.33,4.67,2
16,2,0,0,25,25,15,0,0,0.0,0,TypeScript,2024-2026,1.0,0.96,0.0,0.0,0
17,2,0,0,190,6,2,1,5,1.2,0,TypeScript,2024-2026,1.0,27.14,0.33,0.4,2
17,2,0,0,25,25,15,0,0,0.0,0,TypeScript,2024-2026,1.0,0.96,0.0,0.0,0
19,2,0,0,283,17,3,0,17,3.35,0,TypeScript,2024-2026,1.0,15.72,0.0,0.84,2
19,2,0,0,25,25,15,0,0,0.0,0,TypeScript,2024-2026,1.0,0.96,0.0,0.0,0
20,2,0,0,25,25,15,0,0,0.0,0,TypeScript,2024-2026,1.0,0.96,0.0,0.0,0
23,2,0,1,3,3,1,0,0,0.0,0,TypeScript,2024-2026,1.0,0.75,0.0,0.0,0
23,2,0,1,14,5,1,0,0,0.0,0,TypeScript,2024-2026,1.0,2.33,0.0,0.0,0
23,2,0,1,61,61,1,0,0,0.0,0,TypeScript,2024-2026,1.0,0.98,0.0,0.0,0
23,2,0,1,9,9,2,0,0,0.0,0,TypeScript,2024-2026,1.0,0.9,0.0,0.0,0
12,3,0,0,438,75,6,0,30,4.23,0,TypeScript,2024-2026,1.0,5.76,0.0,0.6,2
13,3,0,0,25,25,15,0,0,0.0,0,TypeScript,2024-2026,1.0,0.96,0.0,0.0,0
14,3,0,0,1,1,1,0,0,0.0,0,TypeScript,2024-2026,1.0,0.5,0.0,0.0,0
16,3,0,0,805,184,5,0,38,5.21,0,TypeScript,2024-2026,1.0,4.35,0.0,0.87,2
16,3,0,0,25,25,15,0,0,0.0,0,TypeScript,2024-2026,1.0,0.96,0.0,0.0,0
12,4,0,0,57,3,1,0,0,0.0,0,TypeScript,2024-2026,1.0,14.25,0.0,0.0,23
12,4,0,0,0,8,1,0,0,0.0,0,TypeScript,2024-2026,1.0,0.0,0.0,0.0,23
12,5,1,0,1000,0,2,2,15,1.0,0,TypeScript,2024-2026,1.0,1000.0,0.67,0.33,0
21,5,1,0,5,10,2,0,1,1.0,0,TypeScript,2024-2026,1.0,0.45,0.0,0.33,0
8,6,1,0,2,2,1,0,0,0.0,0,TypeScript,2024-2026,1.0,0.67,0.0,0.0,2
22,6,1,1,34,1,4,1,4,1.75,0,TypeScript,2024-2026,1.0,17.0,0.2,0.35,0
8,0,0,0,176,4,5,0,4,1.0,0,TypeScript,2024-2026,1.0,35.2,0.0,0.17,0
8,0,0,0,1298,4,8,0,412,1.0,0,TypeScript,2024-2026,1.0,259.6,0.0,0.11,0
8,0,0,0,545,0,4,0,104,1.0,0,TypeScript,2024-2026,1.0,545.0,0.0,0.2,0
8,0,0,0,76,75,1,0,38,1.0,0,TypeScript,2024-2026,1.0,1.0,0.0,0.5,0
8,0,0,0,1,0,1,0,0,0.0,0,TypeScript,2024-2026,1.0,1.0,0.0,0.0,0
10,0,0,0,136,0,5,1,3,5.0,0,TypeScript,2024-2026,1.0,136.0,0.17,0.83,23
12,0,0,0,0,2,2,0,2,1.0,0,TypeScript,2024-2026,1.0,0.0,0.0,0.33,0
12,0,0,0,0,2,2,0,2,1.0,0,TypeScript,2024-2026,1.0,0.0,0.0,0.33,0
12,0,0,0,0,1,1,0,1,1.0,0,TypeScript,2024-2026,1.0,0.0,0.0,0.5,0
12,0,0,0,208,209,1,0,68,1.0,0,TypeScript,2024-2026,1.0,0.99,0.0,0.5,0
12,0,0,0,0,1,1,0,1,1.0,1,TypeScript,2024-2026,0.4,0.0,0.0,0.5,0
13,0,0,0,18,2,2,0,2,5.0,0,TypeScript,2024-2026,1.0,6.0,0.0,1.67,0
13,0,0,0,13,1,1,0,1,5.0,0,TypeScript,2024-2026,1.0,6.5,0.0,2.5,0
13,0,0,0,22,2,2,0,2,6.0,0,TypeScript,2024-2026,1.0,7.33,0.0,2.0,0
13,0,0,0,101,91,1,0,45,1.16,0,TypeScript,2024-2026,1.0,1.1,0.0,0.58,0
13,0,0,0,335,3,1,0,13,4.23,0,TypeScript,2024-2026,1.0,83.75,0.0,2.12,0
13,0,0,0,374,1,1,0,13,4.85,0,TypeScript,2024-2026,1.0,187.0,0.0,2.42,0
13,0,0,0,603,53,2,0,34,2.21,0,TypeScript,2024-2026,1.0,11.17,0.0,0.74,0
13,0,0,0,11,1,1,0,0,0.0,1,TypeScript,2024-2026,0.4,5.5,0.0,0.0,0
14,0,0,0,368,3,1,0,2,1.0,0,TypeScript,2024-2026,1.0,92.0,0.0,0.5,0
14,0,0,0,26,0,1,0,0,0.0,0,TypeScript,2024-2026,1.0,26.0,0.0,0.0,0
11,1,0,0,47,53,3,1,7,10.71,0,TypeScript,2024-2026,1.0,0.87,0.25,2.68,0
11,1,0,0,54,58,2,0,6,13.67,0,TypeScript,2024-2026,1.0,0.92,0.0,4.56,0
11,1,0,0,28,34,1,0,3,13.33,0,TypeScript,2024-2026,1.0,0.8,0.0,6.66,0
12,1,0,0,399,80,5,0,0,0.0,1,TypeScript,2024-2026,0.4,4.93,0.0,0.0,0
17,1,0,0,4,0,2,0,2,1.0,0,TypeScript,2024-2026,1.0,4.0,0.0,0.33,0
17,1,0,0,4,0,2,0,2,1.0,0,TypeScript,2024-2026,1.0,4.0,0.0,0.33,0
17,1,0,0,2,0,1,0,1,1.0,0,TypeScript,2024-2026,1.0,2.0,0.0,0.5,0
18,1,0,0,114,112,1,0,50,1.02,0,TypeScript,2024-2026,1.0,1.01,0.0,0.51,0
20,1,0,0,2,0,1,0,1,1.0,1,TypeScript,2024-2026,0.4,2.0,0.0,0.5,0
23,1,0,1,61,61,1,0,0,0.0,0,TypeScript,2024-2026,1.0,0.98,0.0,0.0,0
23,1,0,1,4,4,1,0,0,0.0,0,TypeScript,2024-2026,1.0,0.8,0.0,0.0,0
9,2,0,0,45,51,2,0,0,0.0,0,TypeScript,2024-2026,1.0,0.87,0.0,0.0,0
23,2,0,1,9,9,2,0,0,0.0,0,TypeScript,2024-2026,1.0,0.9,0.0,0.0,0
23,2,0,1,3,3,1,0,0,0.0,0,TypeScript,2024-2026,1.0,0.75,0.0,0.0,0
13,3,0,0,41,21,3,0,7,7.14,0,TypeScript,2024-2026,1.0,1.86,0.0,1.78,0
13,3,0,0,43,21,3,0,7,9.57,0,TypeScript,2024-2026,1.0,1.95,0.0,2.39,0
13,3,0,0,223,212,2,0,79,1.37,0,TypeScript,2024-2026,1.0,1.05,0.0,0.46,0
14,3,0,0,23,41,1,0,21,3.33,0,TypeScript,2024-2026,1.0,0.55,0.0,1.66,0
14,3,0,0,23,42,1,0,21,3.9,0,TypeScript,2024-2026,1.0,0.53,0.0,1.95,0
14,3,0,0,23,12,3,0,4,7.0,1,TypeScript,2024-2026,0.4,1.77,0.0,1.75,0
14,3,0,0,111,130,1,0,39,1.62,0,TypeScript,2024-2026,1.0,0.85,0.0,0.81,0
15,3,0,0,23,42,1,0,20,6.6,1,TypeScript,2024-2026,0.4,0.53,0.0,3.3,0
22,3,0,1,3,3,1,0,0,0.0,0,TypeScript,2024-2026,1.0,0.75,0.0,0.0,0
7,4,0,0,1599,320,7,0,85,6.58,0,TypeScript,2024-2026,1.0,4.98,0.0,0.82,0
7,4,0,0,1842,342,9,0,125,5.38,0,TypeScript,2024-2026,1.0,5.37,0.0,0.54,0
7,4,0,0,2347,723,7,0,173,1.73,0,TypeScript,2024-2026,1.0,3.24,0.0,0.22,0
8,4,0,0,1579,321,5,0,24,5.33,1,TypeScript,2024-2026,0.4,4.9,0.0,0.89,0
8,4,0,0,6,3,4,0,2,1.0,0,TypeScript,2024-2026,1.0,1.5,0.0,0.2,1
12,4,0,0,6,9,5,2,5,2.2,0,TypeScript,2024-2026,1.0,0.6,0.33,0.37,0
12,4,0,0,6,9,5,2,5,2.2,0,TypeScript,2024-2026,1.0,0.6,0.33,0.37,0
12,4,0,0,124,126,3,1,33,1.03,0,TypeScript,2024-2026,1.0,0.98,0.25,0.26,0
13,4,0,0,3,1,1,1,0,0.0,1,TypeScript,2024-2026,0.4,1.5,0.5,0.0,1
13,4,0,0,2,2,2,0,0,0.0,0,TypeScript,2024-2026,1.0,0.67,0.0,0.0,1
23,4,0,1,309,59,47,2,14,10.5,0,TypeScript,2024-2026,1.0,5.15,0.04,0.22,0
23,4,0,1,60,2,1,0,0,0.0,0,TypeScript,2024-2026,1.0,20.0,0.0,0.0,0
23,4,0,1,3,3,1,0,0,0.0,0,TypeScript,2024-2026,1.0,0.75,0.0,0.0,0
23,4,0,1,50,9,2,1,2,38.0,0,TypeScript,2024-2026,1.0,5.0,0.33,12.67,0
23,4,0,1,5,5,2,0,0,0.0,0,TypeScript,2024-2026,1.0,0.83,0.0,0.0,0
7,5,1,0,14,4,2,0,6,2.67,0,TypeScript,2024-2026,1.0,2.8,0.0,0.89,0
7,5,1,0,16,4,2,0,6,3.0,0,TypeScript,2024-2026,1.0,3.2,0.0,1.0,0
8,5,1,0,103,89,1,0,32,1.0,0,TypeScript,2024-2026,1.0,1.14,0.0,0.5,0
8,5,1,0,69,63,7,0,41,1.95,0,TypeScript,2024-2026,1.0,1.08,0.0,0.24,1
10,5,1,0,103,103,1,0,0,0.0,0,TypeScript,2024-2026,1.0,0.99,0.0,0.0,0
11,5,1,0,3,3,1,0,0,0.0,0,TypeScript,2024-2026,1.0,0.75,0.0,0.0,0
11,5,1,0,3,3,1,0,0,0.0,0,TypeScript,2024-2026,1.0,0.75,0.0,0.0,0
11,5,1,0,124,90,2,0,0,0.0,0,TypeScript,2024-2026,1.0,1.36,0.0,0.0,0
12,5,1,0,3,3,1,0,0,0.0,0,TypeScript,2024-2026,1.0,0.75,0.0,0.0,0
12,5,1,0,8,7,1,0,0,0.0,0,TypeScript,2024-2026,1.0,1.0,0.0,0.0,0
13,5,1,0,477,769,4,2,0,0.0,0,TypeScript,2024-2026,1.0,0.62,0.4,0.0,0
12,6,1,0,5,5,3,0,7,7.71,0,TypeScript,2024-2026,1.0,0.83,0.0,1.93,0
12,6,1,0,5,5,3,0,7,10.43,0,TypeScript,2024-2026,1.0,0.83,0.0,2.61,0
12,6,1,0,3,3,2,0,4,7.75,0,TypeScript,2024-2026,1.0,0.75,0.0,2.58,0
13,6,1,0,3,3,2,0,4,7.5,1,TypeScript,2024-2026,0.4,0.75,0.0,2.5,1
15,6,1,0,2168,1683,15,0,12,3.33,0,TypeScript,2024-2026,1.0,1.29,0.0,0.21,0
5,0,0,1,665,16,9,1,6,1.67,0,TypeScript,2024-2026,1.0,39.12,0.1,0.17,23
7,0,0,0,1878,305,14,1,109,5.01,0,TypeScript,2024-2026,1.0,6.14,0.07,0.33,0
8,0,0,0,1,1,1,0,0,0.0,1,TypeScript,2024-2026,0.4,0.5,0.0,0.0,2
8,0,0,0,71,30,1,0,0,0.0,0,TypeScript,2024-2026,1.0,2.29,0.0,0.0,0
8,0,0,0,69,6,1,0,5,6.4,0,TypeScript,2024-2026,1.0,9.86,0.0,3.2,0
8,0,0,0,76,6,1,0,5,6.6,0,TypeScript,2024-2026,1.0,10.86,0.0,3.3,0
8,0,0,0,85,6,1,0,5,6.6,0,TypeScript,2024-2026,1.0,12.14,0.0,3.3,0
8,0,0,0,8,6,2,0,2,7.0,0,TypeScript,2024-2026,1.0,1.14,0.0,2.33,0
8,0,0,0,175,106,1,0,36,1.53,0,TypeScript,2024-2026,1.0,1.64,0.0,0.76,0
8,0,0,0,10,6,2,0,2,8.0,0,TypeScript,2024-2026,1.0,1.43,0.0,2.67,0
8,0,0,0,6,3,1,0,1,8.0,0,TypeScript,2024-2026,1.0,1.5,0.0,4.0,0
8,0,0,0,177,175,1,0,60,1.1,0,TypeScript,2024-2026,1.0,1.01,0.0,0.55,0
9,0,0,0,76,6,1,0,5,6.0,1,TypeScript,2024-2026,0.4,10.86,0.0,3.0,3
9,0,0,0,17,3,2,0,0,0.0,1,TypeScript,2024-2026,0.4,4.25,0.0,0.0,0
9,0,0,0,40,44,4,0,0,0.0,0,TypeScript,2024-2026,1.0,0.89,0.0,0.0,0
11,0,0,0,1,1,1,0,0,0.0,1,TypeScript,2024-2026,0.4,0.5,0.0,0.0,4
12,0,0,0,30,29,3,0,6,11.0,0,TypeScript,2024-2026,1.0,1.0,0.0,2.75,0
12,0,0,0,32,31,3,0,6,12.83,0,TypeScript,2024-2026,1.0,1.0,0.0,3.21,0
12,0,0,0,19,20,2,0,5,8.6,0,TypeScript,2024-2026,1.0,0.9,0.0,2.87,0
12,0,0,0,77,77,2,0,18,2.33,0,TypeScript,2024-2026,1.0,0.99,0.0,0.78,0
13,0,0,0,18,18,2,0,5,7.8,1,TypeScript,2024-2026,0.333,0.95,0.0,2.6,5
14,0,0,0,28,0,1,0,0,0.0,0,TypeScript,2024-2026,1.0,28.0,0.0,0.0,6
17,0,0,0,7,4,2,1,5,2.6,0,TypeScript,2024-2026,1.0,1.4,0.33,0.87,0
17,0,0,0,14,6,2,0,8,4.0,0,TypeScript,2024-2026,1.0,2.0,0.0,1.33,0
17,0,0,0,8,3,1,0,4,3.75,0,TypeScript,2024-2026,1.0,2.0,0.0,1.88,0
18,0,0,0,8,4,1,0,3,24.0,0,TypeScript,2024-2026,1.0,1.6,0.0,12.0,2
21,0,0,0,77,23,8,0,12,3.17,0,TypeScript,2024-2026,1.0,3.21,0.0,0.35,0
5,1,0,1,105,88,4,4,12,9.08,0,TypeScript,2024-2026,1.0,1.18,0.8,1.82,0
5,1,0,1,109,90,4,4,12,9.25,0,TypeScript,2024-2026,1.0,1.2,0.8,1.85,0
5,1,0,1,61,45,3,3,7,9.29,0,TypeScript,2024-2026,1.0,1.33,0.75,2.32,0
5,1,0,1,246,232,3,3,48,1.27,0,TypeScript,2024-2026,1.0,1.06,0.75,0.32,0
6,1,0,0,59,45,3,3,7,9.0,1,TypeScript,2024-2026,0.4,1.28,0.75,2.25,2
16,1,0,0,0,0,1,0,0,0.0,0,TypeScript,2024-2026,1.0,0.0,0.0,0.0,0
0,2,0,1,602,0,1,1,0,0.0,0,TypeScript,2024-2026,1.0,602.0,0.5,0.0,0
0,2,0,1,61,87,1,0,0,0.0,0,TypeScript,2024-2026,1.0,0.69,0.0,0.0,0
7,2,0,0,53,13,1,0,0,0.0,0,TypeScript,2024-2026,1.0,3.79,0.0,0.0,1
7,2,0,0,12,2,3,0,2,27.0,0,TypeScript,2024-2026,1.0,4.0,0.0,6.75,0
7,2,0,0,8,2,2,0,2,28.0,0,TypeScript,2024-2026,1.0,2.67,0.0,9.33,0
7,2,0,0,5,1,1,0,1,28.0,0,TypeScript,2024-2026,1.0,2.5,0.0,14.0,0
7,2,0,0,52,49,1,0,13,2.69,0,TypeScript,2024-2026,1.0,1.04,0.0,1.34,0
7,2,0,0,0,5,1,0,0,0.0,0,TypeScript,2024-2026,1.0,0.0,0.0,0.0,1
7,2,0,0,6,3,1,0,0,0.0,0,TypeScript,2024-2026,1.0,1.5,0.0,0.0,1
8,2,0,0,142,2,4,0,1,27.0,1,TypeScript,2024-2026,0.4,47.33,0.0,5.4,6
8,2,0,0,6,5,1,0,0,0.0,0,TypeScript,2024-2026,1.0,1.0,0.0,0.0,3
12,2,0,0,8,217,3,1,15,2.8,0,TypeScript,2024-2026,1.0,0.04,0.25,0.7,1
14,2,0,0,11,1,2,0,0,0.0,0,TypeScript,2024-2026,1.0,5.5,0.0,0.0,0
15,2,0,0,90,91,2,1,0,0.0,0,TypeScript,2024-2026,1.0,0.98,0.33,0.0,2
15,2,0,0,53,0,2,1,2,9.0,0,TypeScript,2024-2026,1.0,53.0,0.33,3.0,2
16,2,0,0,5,3,4,0,0,0.0,0,TypeScript,2024-2026,1.0,1.25,0.0,0.0,0
20,2,0,0,11,1,2,0,0,0.0,0,TypeScript,2024-2026,1.0,5.5,0.0,0.0,0
22,2,0,1,867,95,7,1,28,2.93,0,TypeScript,2024-2026,1.0,9.03,0.12,0.37,2
22,2,0,1,57,3,2,1,4,2.75,0,TypeScript,2024-2026,1.0,14.25,0.33,0.92,2
22,2,0,1,3,3,1,0,0,0.0,0,TypeScript,2024-2026,1.0,0.75,0.0,0.0,0
5,3,0,1,25,25,15,0,0,0.0,0,TypeScript,2024-2026,1.0,0.96,0.0,0.0,0
7,3,0,0,12,2,2,0,2,10.0,0,TypeScript,2024-2026,1.0,4.0,0.0,3.33,0
7,3,0,0,14,2,2,0,2,12.0,0,TypeScript,2024-2026,1.0,4.67,0.0,4.0,0
7,3,0,0,8,1,1,0,1,11.0,0,TypeScript,2024-2026,1.0,4.0,0.0,5.5,0
7,3,0,0,85,79,1,0,34,1.24,0,TypeScript,2024-2026,1.0,1.06,0.0,0.62,0
8,3,0,0,7,1,1,0,1,10.0,0,TypeScript,2024-2026,1.0,3.5,0.0,5.0,1
14,3,0,0,1447,0,6,0,18,2.5,0,TypeScript,2024-2026,1.0,1447.0,0.0,0.36,2
14,3,0,0,10,1,1,0,2,6.0,0,TypeScript,2024-2026,1.0,5.0,0.0,3.0,2
14,3,0,0,5,1,2,0,0,0.0,0,TypeScript,2024-2026,1.0,2.5,0.0,0.0,2
14,3,0,0,1,1,1,0,0,0.0,0,TypeScript,2024-2026,1.0,0.5,0.0,0.0,2
14,3,0,0,53,9,2,0,2,6.0,0,TypeScript,2024-2026,1.0,5.3,0.0,2.0,2
14,3,0,0,19,29,2,1,4,2.0,1,TypeScript,2024-2026,0.4,0.63,0.33,0.67,3
14,3,0,0,5,4,2,0,1,1.0,0,TypeScript,2024-2026,1.0,1.0,0.0,0.33,2
14,3,0,0,30,16,2,0,2,6.0,0,TypeScript,2024-2026,1.0,1.76,0.0,2.0,2
15,3,0,0,5,5,2,0,0,0.0,0,TypeScript,2024-2026,1.0,0.83,0.0,0.0,2
17,3,0,0,241,15,11,0,11,6.82,0,TypeScript,2024-2026,1.0,15.06,0.0,0.57,2
17,3,0,0,1,1,1,0,0,0.0,0,TypeScript,2024-2026,1.0,0.5,0.0,0.0,0
18,3,0,0,121,5,3,0,6,2.17,0,TypeScript,2024-2026,1.0,20.17,0.0,0.54,2
21,3,0,0,80,0,1,0,1,1.0,0,TypeScript,2024-2026,1.0,80.0,0.0,0.5,2
21,3,0,0,9,9,3,0,0,0.0,0,TypeScript,2024-2026,1.0,0.9,0.0,0.0,2
21,3,0,0,92,10,2,0,3,2.67,0,TypeScript,2024-2026,1.0,8.36,0.0,0.89,2
21,3,0,0,1,1,1,0,0,0.0,0,TypeScript,2024-2026,1.0,0.5,0.0,0.0,0
21,3,0,0,236,5,3,1,3,3.0,0,TypeScript,2024-2026,1.0,39.33,0.25,0.75,2
22,3,0,1,6189,3,30,0,3,14.0,1,TypeScript,2024-2026,0.414,1547.25,0.0,0.45,2
22,3,0,1,147,3,2,1,8,11.12,0,TypeScript,2024-2026,1.0,36.75,0.33,3.71,3
23,3,0,1,67,94,46,0,16,9.44,0,TypeScript,2024-2026,1.0,0.71,0.0,0.2,0
23,3,0,1,25,25,15,0,0,0.0,0,TypeScript,2024-2026,1.0,0.96,0.0,0.0,0
0,4,0,1,154,48,2,0,6,3.33,0,TypeScript,2024-2026,1.0,3.14,0.0,1.11,3
2,4,0,1,25,25,15,0,0,0.0,0,TypeScript,2024-2026,1.0,0.96,0.0,0.0,0
3,4,0,1,25,25,15,0,0,0.0,0,TypeScript,2024-2026,1.0,0.96,0.0,0.0,0
4,4,0,1,25,25,15,0,0,0.0,0,TypeScript,2024-2026,1.0,0.96,0.0,0.0,0
4,4,0,1,25,25,15,0,0,0.0,0,TypeScript,2024-2026,1.0,0.96,0.0,0.0,0
4,4,0,1,49,1,3,1,2,1.5,0,TypeScript,2024-2026,1.0,24.5,0.25,0.38,23
4,4,0,1,7,6,3,0,0,0.0,0,TypeScript,2024-2026,1.0,1.0,0.0,0.0,0
5,4,0,1,25,25,15,0,0,0.0,0,TypeScript,2024-2026,1.0,0.96,0.0,0.0,0
8,4,0,0,5,0,1,0,2,3.0,1,TypeScript,2024-2026,0.4,5.0,0.0,1.5,4
16,4,0,0,160,37,3,0,12,4.58,0,TypeScript,2024-2026,1.0,4.21,0.0,1.14,3
21,4,0,0,202,3,1,1,5,1.0,0,TypeScript,2024-2026,1.0,50.5,0.5,0.5,0
22,4,0,1,12,158,1,0,9,4.22,0,TypeScript,2024-2026,1.0,0.08,0.0,2.11,3
22,4,0,1,25,25,15,0,0,0.0,0,TypeScript,2024-2026,1.0,0.96,0.0,0.0,0
4,5,1,1,25,25,15,0,0,0.0,0,TypeScript,2024-2026,1.0,0.96,0.0,0.0,0
8,5,1,0,25,7,1,0,0,0.0,0,TypeScript,2024-2026,1.0,3.12,0.0,0.0,0
17,5,1,0,59,0,3,1,4,1.5,0,TypeScript,2024-2026,1.0,59.0,0.25,0.38,0
17,5,1,0,7,6,3,0,0,0.0,0,TypeScript,2024-2026,1.0,1.0,0.0,0.0,0
21,5,1,0,71,8,22,2,9,2.22,0,TypeScript,2024-2026,1.0,7.89,0.09,0.1,0
2,6,1,1,25,25,15,0,0,0.0,0,TypeScript,2024-2026,1.0,0.96,0.0,0.0,0
7,6,1,0,2,4,2,0,2,10.0,0,TypeScript,2024-2026,1.0,0.4,0.0,3.33,0
7,6,1,0,2,4,2,0,2,12.0,0,TypeScript,2024-2026,1.0,0.4,0.0,4.0,0
7,6,1,0,1,2,1,0,1,11.0,0,TypeScript,2024-2026,1.0,0.33,0.0,5.5,0
7,6,1,0,79,80,1,0,34,1.24,0,TypeScript,2024-2026,1.0,0.98,0.0,0.62,0
7,6,1,0,9,1,3,0,3,1.0,0,TypeScript,2024-2026,1.0,4.5,0.0,0.25,0
7,6,1,0,20,4,3,0,3,1.0,0,TypeScript,2024-2026,1.0,4.0,0.0,0.25,0
7,6,1,0,7,1,3,0,3,1.0,0,TypeScript,2024-2026,1.0,3.5,0.0,0.25,0
7,6,1,0,20,2,3,0,3,1.0,0,TypeScript,2024-2026,1.0,6.67,0.0,0.25,0
8,6,1,0,6,1,2,0,2,1.0,0,TypeScript,2024-2026,1.0,3.0,0.0,0.33,0
8,6,1,0,7,2,2,0,2,1.0,0,TypeScript,2024-2026,1.0,2.33,0.0,0.33,0
8,6,1,0,12,7,2,0,5,1.0,0,TypeScript,2024-2026,1.0,1.5,0.0,0.33,0
8,6,1,0,7,2,2,0,2,1.0,0,TypeScript,2024-2026,1.0,2.33,0.0,0.33,0
8,6,1,0,96,93,1,0,25,1.08,0,TypeScript,2024-2026,1.0,1.02,0.0,0.54,0
8,6,1,0,1,2,1,0,1,9.0,1,TypeScript,2024-2026,0.4,0.33,0.0,4.5,1
8,6,1,0,7,1,2,0,2,1.0,1,TypeScript,2024-2026,0.4,3.5,0.0,0.33,5
8,6,1,0,7,3,2,0,2,1.0,1,TypeScript,2024-2026,0.4,1.75,0.0,0.33,6
8,6,1,0,18,6,2,0,1,3.0,0,TypeScript,2024-2026,1.0,2.57,0.0,1.0,7
8,6,1,0,3,3,1,1,1,8.0,0,TypeScript,2024-2026,1.0,0.75,0.5,4.0,7
7,0,0,0,271,26,6,3,10,3.1,0,TypeScript,2024-2026,1.0,10.04,0.43,0.44,0
7,0,0,0,286,35,7,3,11,3.36,0,TypeScript,2024-2026,1.0,7.94,0.38,0.42,0
7,0,0,0,265,25,5,3,9,3.67,0,TypeScript,2024-2026,1.0,10.19,0.5,0.61,0
7,0,0,0,348,240,4,3,81,1.19,0,TypeScript,2024-2026,1.0,1.44,0.6,0.24,0
7,0,0,0,125,446,5,1,32,3.06,0,TypeScript,2024-2026,1.0,0.28,0.17,0.51,3
8,0,0,0,356,139,9,3,12,5.42,1,TypeScript,2024-2026,0.4,2.54,0.3,0.54,7
8,0,0,0,82,12,2,0,6,11.33,0,TypeScript,2024-2026,1.0,6.31,0.0,3.78,3
9,0,0,0,2,2,1,0,0,0.0,0,TypeScript,2024-2026,1.0,0.67,0.0,0.0,0
9,0,0,0,50,7,2,0,5,2.4,0,TypeScript,2024-2026,1.0,6.25,0.0,0.8,3
10,0,0,0,6,3,2,0,0,0.0,0,TypeScript,2024-2026,1.0,1.5,0.0,0.0,3
10,0,0,0,149,98,3,0,0,0.0,0,TypeScript,2024-2026,1.0,1.51,0.0,0.0,3
10,0,0,0,25,25,15,0,0,0.0,0,TypeScript,2024-2026,1.0,0.96,0.0,0.0,0
11,0,0,0,700,101,8,0,23,4.65,0,TypeScript,2024-2026,1.0,6.86,0.0,0.52,3
11,0,0,0,178,16,5,2,6,2.5,0,TypeScript,2024-2026,1.0,10.47,0.33,0.42,3
12,0,0,0,14,2,1,0,1,7.0,0,TypeScript,2024-2026,1.0,4.67,0.0,3.5,1
13,0,0,0,53,1,2,1,2,4.0,0,TypeScript,2024-2026,1.0,26.5,0.33,1.33,3
13,0,0,0,4,13,1,0,0,0.0,0,TypeScript,2024-2026,1.0,0.29,0.0,0.0,3
13,0,0,0,1,1,1,0,1,2.0,0,TypeScript,2024-2026,1.0,0.5,0.0,1.0,0
13,0,0,0,2,2,2,0,2,2.0,0,TypeScript,2024-2026,1.0,0.67,0.0,0.67,0
13,0,0,0,1,1,1,0,1,2.0,0,TypeScript,2024-2026,1.0,0.5,0.0,1.0,0
13,0,0,0,1,1,1,0,1,2.0,0,TypeScript,2024-2026,1.0,0.5,0.0,1.0,0
13,0,0,0,94,81,13,11,15,6.53,0,TypeScript,2024-2026,1.0,1.15,0.79,0.47,0
13,0,0,0,97,85,13,11,15,7.27,0,TypeScript,2024-2026,1.0,1.13,0.79,0.52,0
13,0,0,0,68,57,12,11,13,6.38,0,TypeScript,2024-2026,1.0,1.17,0.85,0.49,0
13,0,0,0,25,25,15,0,0,0.0,0,TypeScript,2024-2026,1.0,0.96,0.0,0.0,0
14,0,0,0,1,1,1,0,1,2.0,1,TypeScript,2024-2026,0.4,0.5,0.0,1.0,8
14,0,0,0,5,4,2,1,2,1.0,0,TypeScript,2024-2026,1.0,1.0,0.33,0.33,9
14,0,0,0,13,2,3,0,0,0.0,0,TypeScript,2024-2026,1.0,4.33,0.0,0.0,9
14,0,0,0,22,1,2,2,1,10.0,0,TypeScript,2024-2026,1.0,11.0,0.67,3.33,9
14,0,0,0,30,27,12,11,11,1.27,1,TypeScript,2024-2026,0.4,1.07,0.85,0.1,9
14,0,0,0,4335,527,4,0,2,8.0,1,TypeScript,2024-2026,0.4,8.21,0.0,1.6,10
14,0,0,0,25,25,15,0,0,0.0,0,TypeScript,2024-2026,1.0,0.96,0.0,0.0,0
14,0,0,0,25,25,15,0,0,0.0,0,TypeScript,2024-2026,1.0,0.96,0.0,0.0,0
15,0,0,0,180,87,12,2,0,0.0,0,TypeScript,2024-2026,1.0,2.05,0.15,0.0,3
15,0,0,0,25,25,15,0,0,0.0,0,TypeScript,2024-2026,1.0,0.96,0.0,0.0,0
17,0,0,0,2,0,1,0,1,3.0,0,TypeScript,2024-2026,1.0,2.0,0.0,1.5,0
17,0,0,0,3,0,1,0,1,4.0,0,TypeScript,2024-2026,1.0,3.0,0.0,2.0,0
17,0,0,0,4,0,1,0,1,4.0,0,TypeScript,2024-2026,1.0,4.0,0.0,2.0,0
18,0,0,0,3,0,1,0,1,3.0,0,TypeScript,2024-2026,1.0,3.0,0.0,1.5,1
18,0,0,0,91,24,6,1,5,3.2,0,TypeScript,2024-2026,1.0,3.64,0.14,0.46,3
19,0,0,0,5,5,4,0,0,0.0,0,TypeScript,2024-2026,1.0,0.83,0.0,0.0,0
20,0,0,0,70,0,1,1,2,1.5,0,TypeScript,2024-2026,1.0,70.0,0.5,0.75,0
6,1,0,0,2,2,1,1,1,4.0,0,TypeScript,2024-2026,1.0,0.67,0.5,2.0,0
6,1,0,0,2,3,1,1,1,4.0,0,TypeScript,2024-2026,1.0,0.5,0.5,2.0,0
6,1,0,0,2,2,1,1,1,5.0,0,TypeScript,2024-2026,1.0,0.67,0.5,2.5,0
6,1,0,0,2,2,1,1,1,4.0,0,TypeScript,2024-2026,1.0,0.67,0.5,2.0,0
6,1,0,0,423,320,14,12,116,1.71,0,TypeScript,2024-2026,1.0,1.32,0.8,0.11,0
6,1,0,0,3,3,1,0,2,4.0,0,TypeScript,2024-2026,1.0,0.75,0.0,2.0,0
6,1,0,0,3,3,1,0,2,5.5,0,TypeScript,2024-2026,1.0,0.75,0.0,2.75,0
6,1,0,0,3,3,1,0,2,5.0,0,TypeScript,2024-2026,1.0,0.75,0.0,2.5,0
6,1,0,0,3,3,1,0,3,1.67,0,TypeScript,2024-2026,1.0,0.75,0.0,0.84,0
6,1,0,0,18,6,1,0,7,1.29,0,TypeScript,2024-2026,1.0,2.57,0.0,0.64,0
7,1,0,0,2,3,1,1,1,4.0,1,TypeScript,2024-2026,0.4,0.5,0.5,2.0,11
7,1,0,0,3,3,1,0,2,4.0,1,TypeScript,2024-2026,0.4,0.75,0.0,2.0,12
7,1,0,0,6,6,1,0,6,3.0,1,TypeScript,2024-2026,0.4,0.86,0.0,1.5,0
7,1,0,0,3294,2355,6,0,177,3.64,0,TypeScript,2024-2026,1.0,1.4,0.0,0.52,0
7,1,0,0,4196,2844,7,0,837,1.79,0,TypeScript,2024-2026,1.0,1.47,0.0,0.22,0
7,1,0,0,2079,1182,6,0,130,3.19,0,TypeScript,2024-2026,1.0,1.76,0.0,0.46,0
8,1,0,0,2353,1385,5,0,156,1.69,0,TypeScript,2024-2026,1.0,1.7,0.0,0.28,0
8,1,0,0,172,18,5,1,13,3.85,0,TypeScript,2024-2026,1.0,9.05,0.17,0.64,3
8,1,0,0,2942,7092,6,0,67,4.67,1,TypeScript,2024-2026,0.4,0.41,0.0,0.67,13
9,1,0,0,36,0,1,0,0,0.0,0,TypeScript,2024-2026,1.0,36.0,0.0,0.0,7
10,1,0,0,103,103,1,0,0,0.0,0,TypeScript,2024-2026,1.0,0.99,0.0,0.0,0
13,1,0,0,3317,3319,42,0,964,4.05,1,TypeScript,2024-2026,0.4,1.0,0.0,0.09,14
14,1,0,0,1854,13,7,0,0,0.0,0,TypeScript,2024-2026,1.0,132.43,0.0,0.0,3
15,1,0,0,246,5,3,0,23,2.0,0,TypeScript,2024-2026,1.0,41.0,0.0,0.5,3
18,1,0,0,111,2,2,1,4,2.25,0,TypeScript,2024-2026,1.0,37.0,0.33,0.75,3
20,1,0,0,228,15,5,0,14,1.5,0,TypeScript,2024-2026,1.0,14.25,0.0,0.25,0
21,1,0,0,92,2,2,1,5,1.6,0,TypeScript,2024-2026,1.0,30.67,0.33,0.53,3
21,1,0,0,64,20,3,0,17,4.88,0,TypeScript,2024-2026,1.0,3.05,0.0,1.22,3
21,1,0,0,67,11,1,0,5,3.2,0,TypeScript,2024-2026,1.0,5.58,0.0,1.6,3
21,1,0,0,265,21,5,1,20,2.9,0,TypeScript,2024-2026,1.0,12.05,0.17,0.48,3
21,1,0,0,40,15,1,0,3,5.0,0,TypeScript,2024-2026,1.0,2.5,0.0,2.5,3
21,1,0,0,18,2,1,0,2,1.0,0,TypeScript,2024-2026,1.0,6.0,0.0,0.5,3
22,1,0,1,60,5,2,0,5,3.4,0,TypeScript,2024-2026,1.0,10.0,0.0,1.13,3
0,2,0,1,5,5,2,0,0,0.0,0,TypeScript,2024-2026,1.0,0.83,0.0,0.0,0
0,2,0,1,61,61,1,0,0,0.0,0,TypeScript,2024-2026,1.0,0.98,0.0,0.0,0
0,2,0,1,1,2,1,0,0,0.0,0,TypeScript,2024-2026,1.0,0.33,0.0,0.0,0
12,2,0,0,57,43,4,0,0,0.0,0,TypeScript,2024-2026,1.0,1.3,0.0,0.0,32
14,2,0,0,173,3,3,1,5,6.2,0,TypeScript,2024-2026,1.0,43.25,0.25,1.55,0
14,2,0,0,397,215,61,59,123,4.96,0,TypeScript,2024-2026,1.0,1.84,0.95,0.08,0
14,2,0,0,145,1,2,0,3,6.33,0,TypeScript,2024-2026,1.0,72.5,0.0,2.11,0
14,2,0,0,184,26,2,0,13,2.46,0,TypeScript,2024-2026,1.0,6.81,0.0,0.82,0
14,2,0,0,185,1,3,0,0,0.0,1,TypeScript,2024-2026,0.4,92.5,0.0,0.0,15
17,2,0,0,183,14,4,0,6,3.67,0,TypeScript,2024-2026,1.0,12.2,0.0,0.73,0
17,2,0,0,0,2,1,1,1,7.0,0,TypeScript,2024-2026,1.0,0.0,0.5,3.5,0
17,2,0,0,194,14,4,0,10,3.2,0,TypeScript,2024-2026,1.0,12.93,0.0,0.64,0
17,2,0,0,0,3,1,1,1,8.0,0,TypeScript,2024-2026,1.0,0.0,0.5,4.0,0
17,2,0,0,138,11,4,1,6,3.83,0,TypeScript,2024-2026,1.0,11.5,0.2,0.77,0
17,2,0,0,238,94,3,0,41,1.37,0,TypeScript,2024-2026,1.0,2.51,0.0,0.34,0
17,2,0,0,0,3,1,1,2,3.0,0,TypeScript,2024-2026,1.0,0.0,0.5,1.5,0
17,2,0,0,325,228,3,0,1,1.0,1,TypeScript,2024-2026,0.4,1.42,0.0,0.25,16
17,2,0,0,4,3,1,1,1,6.0,0,TypeScript,2024-2026,1.0,1.0,0.5,3.0,17
21,2,0,0,25,25,15,0,0,0.0,0,TypeScript,2024-2026,1.0,0.96,0.0,0.0,0
21,2,0,0,44,6,3,0,5,2.6,0,TypeScript,2024-2026,1.0,6.29,0.0,0.65,3
23,2,0,1,9,9,2,0,0,0.0,0,TypeScript,2024-2026,1.0,0.9,0.0,0.0,0
23,2,0,1,5,5,2,0,0,0.0,0,TypeScript,2024-2026,1.0,0.83,0.0,0.0,0
23,2,0,1,7,7,1,0,0,0.0,0,TypeScript,2024-2026,1.0,0.88,0.0,0.0,0
3,3,0,1,6,5,1,0,0,0.0,0,TypeScript,2024-2026,1.0,1.0,0.0,0.0,3
3,3,0,1,207,32,5,0,26,3.73,0,TypeScript,2024-2026,1.0,6.27,0.0,0.62,3
3,3,0,1,24,4,1,0,2,4.5,0,TypeScript,2024-2026,1.0,4.8,0.0,2.25,3
7,3,0,0,19,7,3,1,2,1.5,0,TypeScript,2024-2026,1.0,2.38,0.25,0.38,0
7,3,0,0,7,6,3,0,0,0.0,0,TypeScript,2024-2026,1.0,1.0,0.0,0.0,0
11,3,0,0,25,25,15,0,0,0.0,0,TypeScript,2024-2026,1.0,0.96,0.0,0.0,0
14,3,0,0,11,11,4,0,0,0.0,0,TypeScript,2024-2026,1.0,0.92,0.0,0.0,3
14,3,0,0,184,63,5,0,23,5.04,0,TypeScript,2024-2026,1.0,2.88,0.0,0.84,3
14,3,0,0,191,16,3,2,6,8.33,0,TypeScript,2024-2026,1.0,11.24,0.5,2.08,3
15,3,0,0,8,0,2,0,0,0.0,0,TypeScript,2024-2026,1.0,8.0,0.0,0.0,23
15,3,0,0,7,6,3,0,0,0.0,0,TypeScript,2024-2026,1.0,1.0,0.0,0.0,0
16,3,0,0,556,4,5,0,29,2.9,0,TypeScript,2024-2026,1.0,111.2,0.0,0.48,3
16,3,0,0,549,9,9,0,30,4.53,0,TypeScript,2024-2026,1.0,54.9,0.0,0.45,3
17,3,0,0,4,3,1,1,1,6.0,0,TypeScript,2024-2026,1.0,1.0,0.5,3.0,0
17,3,0,0,4,3,1,1,1,6.0,0,TypeScript,2024-2026,1.0,1.0,0.5,3.0,0
18,3,0,0,25,25,15,0,0,0.0,0,TypeScript,2024-2026,1.0,0.96,0.0,0.0,0
18,3,0,0,1,1,1,1,0,0.0,0,TypeScript,2024-2026,1.0,0.5,0.5,0.0,17
18,3,0,0,1,1,1,1,0,0.0,0,TypeScript,2024-2026,1.0,0.5,0.5,0.0,17
21,3,0,0,121,41,5,1,12,2.25,0,TypeScript,2024-2026,1.0,2.88,0.17,0.38,3
21,3,0,0,119,19,3,0,16,2.31,0,TypeScript,2024-2026,1.0,5.95,0.0,0.58,3
22,3,0,1,3,3,1,0,0,0.0,0,TypeScript,2024-2026,1.0,0.75,0.0,0.0,0
1,4,0,1,18,6,1,0,6,1.33,0,TypeScript,2024-2026,1.0,2.57,0.0,0.66,3
3,4,0,1,6,1,2,0,1,15.0,0,TypeScript,2024-2026,1.0,3.0,0.0,5.0,3
4,4,0,1,9029,38,27,0,5,26.8,0,TypeScript,2024-2026,1.0,231.51,0.0,0.96,3
6,4,0,0,248,88,8,0,19,3.95,0,TypeScript,2024-2026,1.0,2.79,0.0,0.44,3
6,4,0,0,25,25,15,0,0,0.0,0,TypeScript,2024-2026,1.0,0.96,0.0,0.0,0
7,4,0,0,5,0,5,0,2,1.0,0,TypeScript,2024-2026,1.0,5.0,0.0,0.17,0
7,4,0,0,2,6,2,0,2,3.0,0,TypeScript,2024-2026,1.0,0.29,0.0,1.0,0
7,4,0,0,38,0,8,0,14,1.0,0,TypeScript,2024-2026,1.0,38.0,0.0,0.11,0
7,4,0,0,2,6,2,0,2,4.0,0,TypeScript,2024-2026,1.0,0.29,0.0,1.33,0
7,4,0,0,16,0,4,0,4,1.0,0,TypeScript,2024-2026,1.0,16.0,0.0,0.2,0
7,4,0,0,1,3,1,0,1,3.0,0,TypeScript,2024-2026,1.0,0.25,0.0,1.5,0
7,4,0,0,20,13,2,0,0,0.0,0,TypeScript,2024-2026,1.0,1.43,0.0,0.0,3
7,4,0,0,288,277,5,0,113,1.06,0,TypeScript,2024-2026,1.0,1.04,0.0,0.18,0
8,4,0,0,1,1,1,0,2,2.0,0,TypeScript,2024-2026,1.0,0.5,0.0,1.0,0
8,4,0,0,2,194,6,1,12,2.67,0,TypeScript,2024-2026,1.0,0.01,0.14,0.38,3
8,4,0,0,305,283,27,1,224,3.29,0,TypeScript,2024-2026,1.0,1.07,0.04,0.12,0
8,4,0,0,327,292,28,1,227,4.48,0,TypeScript,2024-2026,1.0,1.12,0.03,0.15,0
8,4,0,0,19,8,1,0,2,2.5,0,TypeScript,2024-2026,1.0,2.11,0.0,1.25,0
8,4,0,0,1,0,1,0,1,1.0,0,TypeScript,2024-2026,1.0,1.0,0.0,0.5,0
8,4,0,0,1,3,1,0,1,3.0,1,TypeScript,2024-2026,0.4,0.25,0.0,1.5,17
8,4,0,0,3,2,2,1,1,3.0,1,TypeScript,2024-2026,0.4,1.0,0.33,1.0,18
8,4,0,0,25,25,15,0,0,0.0,0,TypeScript,2024-2026,1.0,0.96,0.0,0.0,0
8,4,0,0,131,131,19,0,2,10.0,1,TypeScript,2024-2026,0.4,0.99,0.0,0.5,19
8,4,0,0,22,8,1,0,2,3.5,0,TypeScript,2024-2026,1.0,2.44,0.0,1.75,0
8,4,0,0,28,16,1,0,2,3.5,1,TypeScript,2024-2026,0.4,1.65,0.0,1.75,20
8,4,0,0,309,282,29,1,30,5.2,0,TypeScript,2024-2026,1.0,1.09,0.03,0.17,0
8,4,0,0,5,1,1,0,1,6.0,1,TypeScript,2024-2026,0.4,2.5,0.0,3.0,21
8,4,0,0,3,2,3,1,3,4.33,1,TypeScript,2024-2026,0.4,1.0,0.25,1.08,22
8,4,0,0,25,8,1,0,2,3.0,0,TypeScript,2024-2026,1.0,2.78,0.0,1.5,0
8,4,0,0,651,633,32,1,126,1.47,0,TypeScript,2024-2026,1.0,1.03,0.03,0.04,0
8,4,0,0,23,10,1,0,3,2.0,0,TypeScript,2024-2026,1.0,2.09,0.0,1.0,0
9,4,0,0,25,25,15,0,0,0.0,0,TypeScript,2024-2026,1.0,0.96,0.0,0.0,3
9,4,0,0,4,13,2,0,0,0.0,0,TypeScript,2024-2026,1.0,0.29,0.0,0.0,3
9,4,0,0,45,44,1,0,4,3.75,1,TypeScript,2024-2026,0.4,1.0,0.0,1.88,23
9,4,0,0,22,8,1,0,2,2.5,1,TypeScript,2024-2026,0.4,2.44,0.0,1.25,24
10,4,0,0,25,25,15,0,0,0.0,0,TypeScript,2024-2026,1.0,0.96,0.0,0.0,0
10,4,0,0,8,7,1,0,0,0.0,0,TypeScript,2024-2026,1.0,1.0,0.0,0.0,3
14,4,0,0,54,26,2,0,5,6.6,0,TypeScript,2024-2026,1.0,2.0,0.0,2.2,3
14,4,0,0,6,2,2,0,2,8.5,0,TypeScript,2024-2026,1.0,2.0,0.0,2.83,3
14,4,0,0,143,16,2,0,13,3.15,0,TypeScript,2024-2026,1.0,8.41,0.0,1.05,3
14,4,0,0,25,25,15,0,0,0.0,0,TypeScript,2024-2026,1.0,0.96,0.0,0.0,0
15,4,0,0,25,25,15,0,0,0.0,0,TypeScript,2024-2026,1.0,0.96,0.0,0.0,0
16,4,0,0,79,18,3,1,7,2.14,0,TypeScript,2024-2026,1.0,4.16,0.25,0.54,23
19,4,0,0,1258,851,112,9,14,1.71,0,TypeScript,2024-2026,1.0,1.48,0.08,0.02,0
20,4,0,0,25,25,15,0,0,0.0,0,TypeScript,2024-2026,1.0,0.96,0.0,0.0,0
22,4,0,1,40,0,1,0,5,4.8,0,TypeScript,2024-2026,1.0,40.0,0.0,2.4,3
3,5,1,1,112,5,1,0,7,5.0,0,TypeScript,2024-2026,1.0,18.67,0.0,2.5,3
13,5,1,0,3,3,1,0,0,0.0,0,TypeScript,2024-2026,1.0,0.75,0.0,0.0,0
13,5,1,0,5,5,2,0,0,0.0,0,TypeScript,2024-2026,1.0,0.83,0.0,0.0,0
13,5,1,0,15,4,1,0,0,0.0,0,TypeScript,2024-2026,1.0,3.0,0.0,0.0,0
20,1,0,0,217,218,10,0,12,1.0,0,TypeScript,2018-2020,1.0,0.99,0.0,0.09,0
20,1,0,0,1,3,2,0,0,0.0,0,TypeScript,2018-2020,1.0,0.25,0.0,0.0,0
22,1,0,1,6,6,1,0,1,1.0,0,TypeScript,2018-2020,1.0,0.86,0.0,0.5,0
22,1,0,1,110,0,4,0,5,1.6,0,TypeScript,2018-2020,1.0,110.0,0.0,0.32,0
23,1,0,1,3,3,1,0,3,3.0,1,TypeScript,2018-2020,0.4,0.75,0.0,1.5,0
20,3,0,0,45,1,2,0,2,2.5,1,TypeScript,2018-2020,0.4,22.5,0.0,0.83,0
22,3,0,1,4,4,1,0,1,1.0,1,TypeScript,2018-2020,0.4,0.8,0.0,0.5,0
19,6,1,0,154,188,13,0,13,1.0,0,TypeScript,2018-2020,1.0,0.81,0.0,0.07,0
19,6,1,0,27,40,6,0,6,1.0,0,TypeScript,2018-2020,1.0,0.66,0.0,0.14,0
19,6,1,0,14,21,2,0,3,1.0,0,TypeScript,2018-2020,1.0,0.64,0.0,0.33,0
19,6,1,0,24,14,1,0,1,1.0,0,TypeScript,2018-2020,1.0,1.6,0.0,0.5,0
19,6,1,0,20,26,1,0,1,4.0,0,TypeScript,2018-2020,1.0,0.74,0.0,2.0,0
20,1,0,0,42,0,2,0,0,0.0,0,TypeScript,2018-2020,1.0,42.0,0.0,0.0,0
12,4,0,0,2,4,1,0,4,1.0,0,TypeScript,2018-2020,1.0,0.4,0.0,0.5,1
16,1,0,0,1,1,1,0,0,0.0,0,TypeScript,2018-2020,1.0,0.5,0.0,0.0,0
23,1,0,1,45,7,2,0,3,7.67,1,TypeScript,2018-2020,0.4,5.62,0.0,2.56,0
17,3,0,0,15,9,1,0,1,12.0,0,TypeScript,2018-2020,1.0,1.5,0.0,6.0,1
4,4,0,1,5,4,2,0,2,7.0,0,TypeScript,2018-2020,1.0,1.0,0.0,2.33,0
21,5,1,0,2,2,1,0,1,1.0,0,TypeScript,2018-2020,1.0,0.67,0.0,0.5,0
21,0,0,0,61,16,3,0,5,1.4,0,TypeScript,2018-2020,1.0,3.59,0.0,0.35,1
22,0,0,1,56,22,4,0,5,5.4,0,TypeScript,2018-2020,1.0,2.43,0.0,1.08,1
22,0,0,1,2,2,2,0,4,3.0,0,TypeScript,2018-2020,1.0,0.67,0.0,1.0,1
20,2,0,0,20,6,2,0,2,2.5,0,TypeScript,2018-2020,1.0,2.86,0.0,0.83,1
7,3,0,0,38,36,1,0,4,1.5,0,TypeScript,2018-2020,1.0,1.03,0.0,0.75,1
23,5,1,1,39,4,2,0,3,5.33,1,TypeScript,2018-2020,0.4,7.8,0.0,1.78,0
16,6,1,0,73,3,2,0,1,1.0,0,TypeScript,2018-2020,1.0,18.25,0.0,0.33,1
10,2,0,0,20,2,2,0,2,1.0,1,TypeScript,2018-2020,0.4,6.67,0.0,0.33,1
11,5,1,0,2,2,1,0,1,1.0,0,TypeScript,2018-2020,1.0,0.67,0.0,0.5,2
9,6,1,0,5,52,5,0,7,1.29,0,TypeScript,2018-2020,1.0,0.09,0.0,0.22,0
9,6,1,0,0,47,1,0,2,1.0,0,TypeScript,2018-2020,1.0,0.0,0.0,0.5,0
9,6,1,0,1,8,1,0,2,5.5,0,TypeScript,2018-2020,1.0,0.11,0.0,2.75,0
9,6,1,0,103,100,11,0,11,1.0,0,TypeScript,2018-2020,1.0,1.02,0.0,0.08,0
12,6,1,0,2,2,1,0,1,1.0,1,TypeScript,2018-2020,0.4,0.67,0.0,0.5,1
16,6,1,0,30,0,1,1,0,0.0,0,TypeScript,2018-2020,1.0,30.0,0.5,0.0,0
22,0,0,1,5,7,3,0,0,0.0,0,TypeScript,2018-2020,1.0,0.62,0.0,0.0,2
22,0,0,1,1,1,1,0,0,0.0,0,TypeScript,2018-2020,1.0,0.5,0.0,0.0,0
22,0,0,1,1,1,1,0,0,0.0,0,TypeScript,2018-2020,1.0,0.5,0.0,0.0,0
22,0,0,1,1,1,1,0,0,0.0,0,TypeScript,2018-2020,1.0,0.5,0.0,0.0,0
22,0,0,1,1,1,1,0,0,0.0,0,TypeScript,2018-2020,1.0,0.5,0.0,0.0,0
22,0,0,1,1,1,1,0,0,0.0,0,TypeScript,2018-2020,1.0,0.5,0.0,0.0,0
22,0,0,1,6,6,2,0,5,2.6,0,TypeScript,2018-2020,1.0,0.86,0.0,0.87,2
22,0,0,1,5,5,3,0,10,3.0,1,TypeScript,2018-2020,0.4,0.83,0.0,0.75,2
10,1,0,0,24,27,3,0,7,4.57,0,TypeScript,2018-2020,1.0,0.86,0.0,1.14,3
19,1,0,0,31,0,3,0,3,1.0,0,TypeScript,2018-2020,1.0,31.0,0.0,0.25,3
17,2,0,0,1,1,1,0,0,0.0,0,TypeScript,2018-2020,1.0,0.5,0.0,0.0,0
22,3,0,1,1,1,1,0,0,0.0,0,TypeScript,2018-2020,1.0,0.5,0.0,0.0,1
10,2,0,0,69,36,2,0,4,3.25,0,TypeScript,2018-2020,1.0,1.86,0.0,1.08,3
16,6,1,0,1,1,1,0,0,0.0,0,TypeScript,2018-2020,1.0,0.5,0.0,0.0,0
10,0,0,0,18,50,5,0,7,2.57,1,TypeScript,2018-2020,0.4,0.35,0.0,0.43,0
10,2,0,0,0,3,2,0,1,2.0,0,TypeScript,2018-2020,1.0,0.0,0.0,0.67,3
13,2,0,0,1,1,1,0,0,0.0,0,TypeScript,2018-2020,1.0,0.5,0.0,0.0,3
19,2,0,0,16,8,2,0,6,2.33,0,TypeScript,2018-2020,1.0,1.78,0.0,0.78,1
20,2,0,0,1,1,1,1,0,0.0,0,TypeScript,2018-2020,1.0,0.5,0.5,0.0,0
17,3,0,0,34,28,1,0,8,2.5,0,TypeScript,2018-2020,1.0,1.17,0.0,1.25,0
17,3,0,0,74,84,1,0,4,8.25,0,TypeScript,2018-2020,1.0,0.87,0.0,4.12,0
22,3,0,1,21,17,3,1,0,0.0,0,TypeScript,2018-2020,1.0,1.17,0.25,0.0,0
22,4,0,1,1,1,1,0,0,0.0,0,TypeScript,2018-2020,1.0,0.5,0.0,0.0,3
14,5,1,0,93,77,1,0,13,2.0,0,TypeScript,2018-2020,1.0,1.19,0.0,1.0,3
16,5,1,0,7,8,1,0,2,3.0,0,TypeScript,2018-2020,1.0,0.78,0.0,1.5,3
16,5,1,0,22,18,4,0,4,2.5,0,TypeScript,2018-2020,1.0,1.16,0.0,0.5,0
17,5,1,0,10,13,1,0,2,1.0,0,TypeScript,2018-2020,1.0,0.71,0.0,0.5,0
2,0,0,1,119,73,1,0,1,1.0,0,TypeScript,2018-2020,1.0,1.61,0.0,0.5,0
16,1,0,0,1,6,2,0,4,10.75,0,TypeScript,2018-2020,1.0,0.14,0.0,3.58,2
14,4,0,0,20,1,2,0,2,2.5,1,TypeScript,2018-2020,0.4,10.0,0.0,0.83,1
14,4,0,0,34,3,1,0,0,0.0,1,TypeScript,2018-2020,0.4,8.5,0.0,0.0,3
11,0,0,0,8,0,2,0,0,0.0,0,TypeScript,2018-2020,1.0,8.0,0.0,0.0,4
11,0,0,0,517,115,7,0,17,5.53,0,TypeScript,2018-2020,1.0,4.46,0.0,0.69,4
22,3,0,1,1,1,1,0,0,0.0,0,TypeScript,2018-2020,1.0,0.5,0.0,0.0,0
23,5,1,1,45,14,2,0,8,3.38,1,TypeScript,2018-2020,0.4,3.0,0.0,1.13,4
17,6,1,0,18,19,13,0,21,3.76,0,TypeScript,2018-2020,1.0,0.9,0.0,0.27,5
23,0,0,1,44,2,3,0,3,3.33,1,TypeScript,2018-2020,0.4,14.67,0.0,0.83,5
17,1,0,0,331,3,6,0,10,1.4,0,TypeScript,2018-2020,1.0,82.75,0.0,0.2,6
22,1,0,1,32,0,1,0,1,1.0,0,TypeScript,2018-2020,1.0,32.0,0.0,0.5,6
9,5,1,0,6,37,2,0,2,17.0,0,TypeScript,2018-2020,1.0,0.16,0.0,5.67,1
9,5,1,0,16,1,2,0,2,17.0,0,TypeScript,2018-2020,1.0,8.0,0.0,5.67,1
9,5,1,0,8,24,2,0,2,15.0,0,TypeScript,2018-2020,1.0,0.32,0.0,5.0,1
9,5,1,0,21,3,2,0,2,15.5,0,TypeScript,2018-2020,1.0,5.25,0.0,5.17,1
11,5,1,0,9,1,1,0,4,3.5,0,TypeScript,2018-2020,1.0,4.5,0.0,1.75,0
11,5,1,0,38,8,2,0,4,2.25,0,TypeScript,2018-2020,1.0,4.22,0.0,0.75,0
13,5,1,0,38,0,1,0,1,1.0,0,TypeScript,2018-2020,1.0,38.0,0.0,0.5,6
16,5,1,0,43,12,2,0,8,2.25,1,TypeScript,2018-2020,0.4,3.31,0.0,0.75,6
16,5,1,0,33,4,4,0,6,9.67,1,TypeScript,2018-2020,0.4,6.6,0.0,1.93,7
6,6,1,0,29,12,7,0,9,2.44,0,TypeScript,2018-2020,1.0,2.23,0.0,0.3,0
6,6,1,0,9,9,1,0,1,1.0,0,TypeScript,2018-2020,1.0,0.9,0.0,0.5,1
13,0,0,0,238,14,10,0,13,5.46,0,TypeScript,2018-2020,1.0,15.87,0.0,0.5,8
0,1,0,1,16,1,2,0,3,8.0,0,TypeScript,2018-2020,1.0,8.0,0.0,2.67,2
17,1,0,0,10,4,4,0,8,10.25,0,TypeScript,2018-2020,1.0,2.0,0.0,2.05,1
17,1,0,0,13,1,2,0,3,8.0,0,TypeScript,2018-2020,1.0,6.5,0.0,2.67,8
19,1,0,0,1,1,1,0,2,11.5,0,TypeScript,2018-2020,1.0,0.5,0.0,5.75,2
19,1,0,0,1,1,1,0,2,11.5,0,TypeScript,2018-2020,1.0,0.5,0.0,5.75,2
21,2,0,0,2,1,1,0,2,12.0,0,TypeScript,2018-2020,1.0,1.0,0.0,6.0,2
17,4,0,0,3,3,1,0,0,0.0,0,TypeScript,2018-2020,1.0,0.75,0.0,0.0,8
17,4,0,0,9,5,1,0,4,5.75,0,TypeScript,2018-2020,1.0,1.5,0.0,2.88,8
11,6,1,0,3,1,1,0,0,0.0,0,TypeScript,2018-2020,1.0,1.5,0.0,0.0,1
4,0,0,1,136,121,1,0,4,1.0,0,TypeScript,2018-2020,1.0,1.11,0.0,0.5,1
4,0,0,1,8,8,1,0,3,1.0,0,TypeScript,2018-2020,1.0,0.89,0.0,0.5,1
10,0,0,0,10,0,1,0,0,0.0,0,TypeScript,2018-2020,1.0,10.0,0.0,0.0,1
1,1,0,1,2,1,1,0,0,0.0,0,TypeScript,2018-2020,1.0,1.0,0.0,0.0,1
3,1,0,1,1,1,1,0,1,12.0,0,TypeScript,2018-2020,1.0,0.5,0.0,6.0,1
11,1,0,0,1,1,1,0,0,0.0,0,TypeScript,2018-2020,1.0,0.5,0.0,0.0,0
11,1,0,0,58,41,2,0,3,1.0,0,TypeScript,2018-2020,1.0,1.38,0.0,0.33,0
11,1,0,0,50,6,2,0,3,1.33,0,TypeScript,2018-2020,1.0,7.14,0.0,0.44,0
11,1,0,0,3,3,1,0,1,1.0,0,TypeScript,2018-2020,1.0,0.75,0.0,0.5,0
12,1,0,0,27,2,1,0,2,1.0,0,TypeScript,2018-2020,1.0,9.0,0.0,0.5,0
15,3,0,0,1,1,1,0,0,0.0,0,TypeScript,2018-2020,1.0,0.5,0.0,0.0,0
12,5,1,0,1,0,1,0,1,2.0,0,TypeScript,2018-2020,1.0,1.0,0.0,1.0,8
1,6,1,1,22,6,2,0,3,3.33,0,TypeScript,2018-2020,1.0,3.14,0.0,1.11,8
2,0,0,1,2,12,2,0,4,3.0,1,TypeScript,2018-2020,0.4,0.15,0.0,1.0,0
2,0,0,1,1,1,1,0,0,0.0,0,TypeScript,2018-2020,1.0,0.5,0.0,0.0,1
14,0,0,0,1,1,1,0,1,1.0,0,TypeScript,2018-2020,1.0,0.5,0.0,0.5,8
17,0,0,0,6,6,5,0,7,7.86,0,TypeScript,2018-2020,1.0,0.86,0.0,1.31,0
17,0,0,0,90,90,12,0,12,1.0,0,TypeScript,2018-2020,1.0,0.99,0.0,0.08,8
22,0,0,1,172,103,5,0,5,1.4,0,TypeScript,2018-2020,1.0,1.65,0.0,0.23,1
18,1,0,0,305,5,7,0,11,2.09,1,TypeScript,2018-2020,0.4,50.83,0.0,0.26,8
21,1,0,0,0,41,2,0,0,0.0,0,TypeScript,2018-2020,1.0,0.0,0.0,0.0,9
0,3,0,1,1,3,1,0,1,10.0,0,TypeScript,2018-2020,1.0,0.25,0.0,5.0,0
11,3,0,0,1,1,1,0,1,1.0,0,TypeScript,2018-2020,1.0,0.5,0.0,0.5,0
14,4,0,0,90,90,12,0,12,1.0,0,TypeScript,2018-2020,1.0,0.99,0.0,0.08,9
19,4,0,0,145,0,4,0,4,3.75,0,TypeScript,2018-2020,1.0,145.0,0.0,0.75,9
23,4,0,1,62,69,1,0,7,1.43,0,TypeScript,2018-2020,1.0,0.89,0.0,0.72,9
9,5,1,0,5,5,3,0,5,6.0,0,TypeScript,2018-2020,1.0,0.83,0.0,1.5,0
11,5,1,0,6,45,3,0,8,1.75,0,TypeScript,2018-2020,1.0,0.13,0.0,0.44,9
21,1,0,0,15,2,2,0,3,9.0,0,TypeScript,2018-2020,1.0,5.0,0.0,3.0,0
21,1,0,0,6,2,1,0,1,14.0,0,TypeScript,2018-2020,1.0,2.0,0.0,7.0,0
23,1,0,1,2,1,1,0,1,4.0,0,TypeScript,2018-2020,1.0,1.0,0.0,2.0,9
1,3,0,1,69,5,5,0,5,1.0,0,TypeScript,2018-2020,1.0,11.5,0.0,0.17,9
12,3,0,0,2,2,1,0,1,3.0,0,TypeScript,2018-2020,1.0,0.67,0.0,1.5,0
12,3,0,0,115,9,10,0,10,1.0,0,TypeScript,2018-2020,1.0,11.5,0.0,0.09,0
13,4,0,0,27,12,4,1,0,0.0,0,TypeScript,2018-2020,1.0,2.08,0.2,0.0,1
19,4,0,0,5257,0,28,2,32,1.78,0,TypeScript,2018-2020,1.0,5257.0,0.07,0.06,0
19,4,0,0,3,24,3,0,0,0.0,0,TypeScript,2018-2020,1.0,0.12,0.0,0.0,0
19,4,0,0,1,1,1,0,0,0.0,0,TypeScript,2018-2020,1.0,0.5,0.0,0.0,0
22,4,0,1,31,6,2,0,6,2.83,0,TypeScript,2018-2020,1.0,4.43,0.0,0.94,0
12,5,1,0,5,4,2,0,3,3.0,0,TypeScript,2018-2020,1.0,1.0,0.0,1.0,2
14,5,1,0,2,2,2,0,3,3.0,0,TypeScript,2018-2020,1.0,0.67,0.0,1.0,2
17,0,0,0,64,68,5,0,7,3.43,0,TypeScript,2018-2020,1.0,0.93,0.0,0.57,9
18,1,0,0,10,9,4,0,0,0.0,0,TypeScript,2018-2020,1.0,1.0,0.0,0.0,0
18,1,0,0,1,1,1,0,0,0.0,0,TypeScript,2018-2020,1.0,0.5,0.0,0.0,0
20,1,0,0,66,46,7,2,8,3.75,0,TypeScript,2018-2020,1.0,1.4,0.25,0.47,0
20,1,0,0,1,1,1,0,0,0.0,0,TypeScript,2018-2020,1.0,0.5,0.0,0.0,0
19,2,0,0,149,72,8,2,27,1.63,0,TypeScript,2018-2020,1.0,2.04,0.22,0.18,0
19,2,0,0,1,1,1,0,0,0.0,0,TypeScript,2018-2020,1.0,0.5,0.0,0.0,0
16,3,0,0,14,8,1,0,3,2.0,0,TypeScript,2018-2020,1.0,1.56,0.0,1.0,9
19,4,0,0,7,7,2,0,4,4.0,0,TypeScript,2018-2020,1.0,0.88,0.0,1.33,9
19,4,0,0,32,41,3,0,15,2.6,0,TypeScript,2018-2020,1.0,0.76,0.0,0.65,9
11,5,1,0,8,30,2,0,2,3.0,0,TypeScript,2018-2020,1.0,0.26,0.0,1.0,1
12,5,1,0,1,1,1,0,0,0.0,0,TypeScript,2018-2020,1.0,0.5,0.0,0.0,1
17,5,1,0,17,9,3,0,5,4.2,0,TypeScript,2018-2020,1.0,1.7,0.0,1.05,9
17,5,1,0,1,27,2,0,2,3.0,0,TypeScript,2018-2020,1.0,0.04,0.0,1.0,9
19,5,1,0,104,327,2,0,3,1.0,0,TypeScript,2018-2020,1.0,0.32,0.0,0.33,0
19,5,1,0,15,16,6,0,4,2.0,0,TypeScript,2018-2020,1.0,0.88,0.0,0.29,9
18,6,1,0,1,1,1,0,0,0.0,0,TypeScript,2018-2020,1.0,0.5,0.0,0.0,9
16,0,0,0,1,1,1,0,0,0.0,0,TypeScript,2018-2020,1.0,0.5,0.0,0.0,9
2,1,0,1,39,52,25,0,36,4.64,0,TypeScript,2018-2020,1.0,0.74,0.0,0.18,1
14,6,1,0,1,1,1,0,0,0.0,0,TypeScript,2018-2020,1.0,0.5,0.0,0.0,1
18,0,0,0,274,559,18,2,48,1.85,0,TypeScript,2018-2020,1.0,0.49,0.11,0.1,0
19,4,0,0,4073,27,7,1,7,1.86,0,TypeScript,2018-2020,1.0,145.46,0.12,0.23,0
20,4,0,0,42,38,1,0,0,0.0,0,TypeScript,2018-2020,1.0,1.08,0.0,0.0,0
23,4,0,1,480,18,4,0,3,12.33,0,TypeScript,2018-2020,1.0,25.26,0.0,2.47,0
23,4,0,1,1,1,1,0,0,0.0,0,TypeScript,2018-2020,1.0,0.5,0.0,0.0,0
23,4,0,1,4,4,1,0,1,1.0,0,TypeScript,2018-2020,1.0,0.8,0.0,0.5,0
23,4,0,1,1,1,1,0,0,0.0,0,TypeScript,2018-2020,1.0,0.5,0.0,0.0,0
23,4,0,1,3,2,2,0,1,4.0,0,TypeScript,2018-2020,1.0,1.0,0.0,1.33,0
23,4,0,1,2,2,1,0,0,0.0,0,TypeScript,2018-2020,1.0,0.67,0.0,0.0,0
14,5,1,0,62,28,2,0,3,2.33,0,TypeScript,2018-2020,1.0,2.14,0.0,0.78,9
20,5,1,0,2,2,2,0,0,0.0,0,TypeScript,2018-2020,1.0,0.67,0.0,0.0,9
22,5,1,1,83,8,5,0,10,1.7,0,TypeScript,2018-2020,1.0,9.22,0.0,0.28,0
22,5,1,1,1,1,1,0,0,0.0,0,TypeScript,2018-2020,1.0,0.5,0.0,0.0,0
22,5,1,1,2,2,1,0,0,0.0,0,TypeScript,2018-2020,1.0,0.67,0.0,0.0,0
22,5,1,1,1,1,1,0,0,0.0,0,TypeScript,2018-2020,1.0,0.5,0.0,0.0,0
23,5,1,1,2,4,1,0,1,4.0,0,TypeScript,2018-2020,1.0,0.4,0.0,2.0,0
23,5,1,1,1,1,1,0,0,0.0,0,TypeScript,2018-2020,1.0,0.5,0.0,0.0,0
23,5,1,1,4,1,1,0,1,1.0,0,TypeScript,2018-2020,1.0,2.0,0.0,0.5,0
23,5,1,1,1,1,1,0,0,0.0,0,TypeScript,2018-2020,1.0,0.5,0.0,0.0,0
23,5,1,1,5,1,1,0,1,4.0,0,TypeScript,2018-2020,1.0,2.5,0.0,2.0,0
23,5,1,1,1,1,1,0,0,0.0,0,TypeScript,2018-2020,1.0,0.5,0.0,0.0,0
23,5,1,1,6,5,1,0,1,4.0,0,TypeScript,2018-2020,1.0,1.0,0.0,2.0,0
23,5,1,1,1,1,1,0,0,0.0,0,TypeScript,2018-2020,1.0,0.5,0.0,0.0,0
0,6,1,1,14,13,5,0,11,2.91,0,TypeScript,2018-2020,1.0,1.0,0.0,0.49,0
0,6,1,1,1,1,1,0,0,0.0,0,TypeScript,2018-2020,1.0,0.5,0.0,0.0,0
1,6,1,1,1,1,1,0,0,0.0,0,TypeScript,2018-2020,1.0,0.5,0.0,0.0,0
1,6,1,1,80,56,6,0,16,2.31,0,TypeScript,2018-2020,1.0,1.4,0.0,0.33,0
1,6,1,1,5,2,1,0,1,5.0,0,TypeScript,2018-2020,1.0,1.67,0.0,2.5,0
1,6,1,1,1,1,1,0,0,0.0,0,TypeScript,2018-2020,1.0,0.5,0.0,0.0,0
1,6,1,1,1,1,1,0,0,0.0,0,TypeScript,2018-2020,1.0,0.5,0.0,0.0,0
1,6,1,1,60,119,4,1,3,2.33,0,TypeScript,2018-2020,1.0,0.5,0.2,0.47,0
1,0,0,1,1,1,1,0,0,0.0,0,TypeScript,2018-2020,1.0,0.5,0.0,0.0,1
2,0,0,1,129,88,2,0,7,5.14,0,TypeScript,2018-2020,1.0,1.45,0.0,1.71,0
2,0,0,1,11,53,4,0,11,1.73,0,TypeScript,2018-2020,1.0,0.2,0.0,0.35,0
2,0,0,1,2,2,1,0,0,0.0,0,TypeScript,2018-2020,1.0,0.67,0.0,0.0,0
2,0,0,1,6,0,1,0,0,0.0,0,TypeScript,2018-2020,1.0,6.0,0.0,0.0,0
2,0,0,1,14,102,6,0,8,1.62,0,TypeScript,2018-2020,1.0,0.14,0.0,0.23,0
2,0,0,1,1,1,1,0,0,0.0,0,TypeScript,2018-2020,1.0,0.5,0.0,0.0,0
2,0,0,1,0,1,1,0,0,0.0,0,TypeScript,2018-2020,1.0,0.0,0.0,0.0,0
2,0,0,1,2,0,1,0,0,0.0,0,TypeScript,2018-2020,1.0,2.0,0.0,0.0,0
2,0,0,1,12,0,1,0,0,0.0,0,TypeScript,2018-2020,1.0,12.0,0.0,0.0,0
6,0,0,0,0,10,1,0,0,0.0,0,TypeScript,2018-2020,1.0,0.0,0.0,0.0,1
7,0,0,0,1,1,1,0,0,0.0,0,TypeScript,2018-2020,1.0,0.5,0.0,0.0,1
13,0,0,0,11,10,1,0,0,0.0,0,TypeScript,2018-2020,1.0,1.0,0.0,0.0,0
15,3,0,0,1,27,2,0,2,1.0,0,TypeScript,2018-2020,1.0,0.04,0.0,0.33,2
14,4,0,0,31,4,3,0,5,2.6,1,TypeScript,2018-2020,0.4,6.2,0.0,0.65,9
18,5,1,0,52,44,3,0,16,2.88,0,TypeScript,2018-2020,1.0,1.16,0.0,0.72,10
13,0,0,0,14,14,2,0,0,0.0,0,TypeScript,2018-2020,1.0,0.93,0.0,0.0,0
13,0,0,0,1,1,1,0,0,0.0,0,TypeScript,2018-2020,1.0,0.5,0.0,0.0,0
16,0,0,0,17,15,4,0,8,1.25,0,TypeScript,2018-2020,1.0,1.06,0.0,0.25,0
16,0,0,0,7,0,1,0,0,0.0,0,TypeScript,2018-2020,1.0,7.0,0.0,0.0,0
13,2,0,0,4,4,2,0,2,2.0,0,TypeScript,2018-2020,1.0,0.8,0.0,0.67,0
17,2,0,0,77,72,9,0,11,3.64,0,TypeScript,2018-2020,1.0,1.05,0.0,0.36,0
21,2,0,0,42,0,1,0,5,1.6,0,TypeScript,2018-2020,1.0,42.0,0.0,0.8,0
21,2,0,0,10,447,9,0,30,2.3,0,TypeScript,2018-2020,1.0,0.02,0.0,0.23,0
21,2,0,0,441,0,5,0,30,2.3,0,TypeScript,2018-2020,1.0,441.0,0.0,0.38,0
21,2,0,0,1,1,1,0,0,0.0,0,TypeScript,2018-2020,1.0,0.5,0.0,0.0,0
21,2,0,0,16,11,2,0,0,0.0,0,TypeScript,2018-2020,1.0,1.33,0.0,0.0,0
21,2,0,0,1,1,1,0,0,0.0,0,TypeScript,2018-2020,1.0,0.5,0.0,0.0,0
17,3,0,0,43,15,2,0,5,2.0,0,TypeScript,2018-2020,1.0,2.69,0.0,0.67,0
17,3,0,0,1,1,1,0,0,0.0,0,TypeScript,2018-2020,1.0,0.5,0.0,0.0,0
17,3,0,0,1,1,1,0,1,2.0,0,TypeScript,2018-2020,1.0,0.5,0.0,1.0,0
17,3,0,0,1,1,1,0,0,0.0,0,TypeScript,2018-2020,1.0,0.5,0.0,0.0,0
17,3,0,0,3,2,1,0,0,0.0,0,TypeScript,2018-2020,1.0,1.0,0.0,0.0,0
17,3,0,0,1,1,1,0,0,0.0,0,TypeScript,2018-2020,1.0,0.5,0.0,0.0,0
18,3,0,0,1,1,1,0,2,3.5,0,TypeScript,2018-2020,1.0,0.5,0.0,1.75,0
18,3,0,0,1,1,1,0,0,0.0,0,TypeScript,2018-2020,1.0,0.5,0.0,0.0,0
4,4,0,1,4,1,3,0,4,11.0,0,TypeScript,2018-2020,1.0,2.0,0.0,2.75,1
4,4,0,1,1,1,1,0,0,0.0,0,TypeScript,2018-2020,1.0,0.5,0.0,0.0,1
4,4,0,1,47,4,3,0,3,1.0,0,TypeScript,2018-2020,1.0,9.4,0.0,0.25,1
4,4,0,1,792,811,3,0,5,1.0,0,TypeScript,2018-2020,1.0,0.98,0.0,0.25,1
11,4,0,0,1,1,1,0,0,0.0,0,TypeScript,2018-2020,1.0,0.5,0.0,0.0,1
16,4,0,0,16,19,1,0,4,2.25,0,TypeScript,2018-2020,1.0,0.8,0.0,1.12,0
16,4,0,0,1,1,1,0,0,0.0,0,TypeScript,2018-2020,1.0,0.5,0.0,0.0,0
6,6,1,0,1,1,1,0,0,0.0,0,TypeScript,2018-2020,1.0,0.5,0.0,0.0,1
13,6,1,0,33,33,2,0,2,4.0,1,TypeScript,2018-2020,0.4,0.97,0.0,1.33,1
18,0,0,0,2,2,2,0,0,0.0,1,TypeScript,2018-2020,0.4,0.67,0.0,0.0,2
21,0,0,0,0,4,1,0,2,11.5,0,TypeScript,2018-2020,1.0,0.0,0.0,5.75,0
21,0,0,0,1,1,1,0,0,0.0,0,TypeScript,2018-2020,1.0,0.5,0.0,0.0,0
22,1,0,1,21,3,2,0,3,2.67,0,TypeScript,2018-2020,1.0,5.25,0.0,0.89,10
4,4,0,1,12,2,1,0,2,6.5,0,TypeScript,2018-2020,1.0,4.0,0.0,3.25,3
4,4,0,1,22,0,1,0,2,1.0,0,TypeScript,2018-2020,1.0,22.0,0.0,0.5,3
9,4,0,0,60,198,2,0,2,1.5,0,TypeScript,2018-2020,1.0,0.3,0.0,0.5,0
9,4,0,0,173,9,5,0,13,1.62,0,TypeScript,2018-2020,1.0,17.3,0.0,0.27,0
10,4,0,0,16,2,2,0,4,2.0,0,TypeScript,2018-2020,1.0,5.33,0.0,0.67,0
10,4,0,0,51,51,2,0,1,2.0,0,TypeScript,2018-2020,1.0,0.98,0.0,0.67,0
10,4,0,0,30,23,2,0,5,1.6,0,TypeScript,2018-2020,1.0,1.25,0.0,0.53,0
21,4,0,0,85,148,4,0,10,4.0,0,TypeScript,2018-2020,1.0,0.57,0.0,0.8,0
21,4,0,0,2,2,1,0,0,0.0,0,TypeScript,2018-2020,1.0,0.67,0.0,0.0,0
21,4,0,0,115,51,2,0,6,5.67,0,TypeScript,2018-2020,1.0,2.21,0.0,1.89,0
21,4,0,0,1,1,1,0,0,0.0,0,TypeScript,2018-2020,1.0,0.5,0.0,0.0,0
22,4,0,1,5,1,1,0,1,7.0,0,TypeScript,2018-2020,1.0,2.5,0.0,3.5,0
22,4,0,1,1,1,1,0,0,0.0,0,TypeScript,2018-2020,1.0,0.5,0.0,0.0,0
7,5,1,0,371,398,2,0,1,1.0,0,TypeScript,2018-2020,1.0,0.93,0.0,0.33,3
8,5,1,0,26,8,2,0,1,1.0,0,TypeScript,2018-2020,1.0,2.89,0.0,0.33,3
8,5,1,0,50,57,1,0,1,1.0,0,TypeScript,2018-2020,1.0,0.86,0.0,0.5,3
8,5,1,0,6,6,1,0,1,1.0,0,TypeScript,2018-2020,1.0,0.86,0.0,0.5,3
8,5,1,0,65,59,1,0,2,1.0,0,TypeScript,2018-2020,1.0,1.08,0.0,0.5,3
8,5,1,0,32,27,1,0,1,1.0,0,TypeScript,2018-2020,1.0,1.14,0.0,0.5,3
8,5,1,0,12,12,1,0,1,1.0,0,TypeScript,2018-2020,1.0,0.92,0.0,0.5,3
8,5,1,0,25,21,1,0,1,1.0,0,TypeScript,2018-2020,1.0,1.14,0.0,0.5,3
8,5,1,0,12,12,1,0,1,1.0,0,TypeScript,2018-2020,1.0,0.92,0.0,0.5,3
10,5,1,0,6,23,1,0,1,1.0,0,TypeScript,2018-2020,1.0,0.25,0.0,0.5,3
13,0,0,0,113,26,5,0,7,2.0,0,TypeScript,2018-2020,1.0,4.19,0.0,0.33,0
13,0,0,0,17,16,3,0,3,2.67,0,TypeScript,2018-2020,1.0,1.0,0.0,0.67,0
13,0,0,0,8624,0,9,0,2,4.0,0,TypeScript,2018-2020,1.0,8624.0,0.0,0.4,0
23,1,0,1,12,12,5,0,4,1.0,0,TypeScript,2018-2020,1.0,0.92,0.0,0.17,0
23,1,0,1,13,0,1,0,0,0.0,0,TypeScript,2018-2020,1.0,13.0,0.0,0.0,10
13,2,0,0,6,2,1,0,2,2.0,0,TypeScript,2018-2020,1.0,2.0,0.0,1.0,0
17,2,0,0,702,29,3,0,0,0.0,0,TypeScript,2018-2020,1.0,23.4,0.0,0.0,0
17,2,0,0,24587,24510,57,0,6,2.67,0,TypeScript,2018-2020,1.0,1.0,0.0,0.05,0
17,2,0,0,8582,8588,8,0,3,3.0,0,TypeScript,2018-2020,1.0,1.0,0.0,0.33,0
17,2,0,0,52657,38556,156,64,27,1.22,0,TypeScript,2018-2020,1.0,1.37,0.41,0.01,0
23,2,0,1,1403,242,3,1,1,1.0,0,TypeScript,2018-2020,1.0,5.77,0.25,0.25,0
23,2,0,1,1,1,1,0,0,0.0,0,TypeScript,2018-2020,1.0,0.5,0.0,0.0,0
1,3,0,1,33,2,2,0,0,0.0,0,TypeScript,2018-2020,1.0,11.0,0.0,0.0,0
1,3,0,1,8,2,1,0,2,1.5,0,TypeScript,2018-2020,1.0,2.67,0.0,0.75,0
20,3,0,0,43,7,2,0,5,3.0,0,TypeScript,2018-2020,1.0,5.38,0.0,1.0,0
11,4,0,0,1285,1304,3,1,1,1.0,0,TypeScript,2018-2020,1.0,0.98,0.25,0.25,0
17,4,0,0,31,1,2,1,0,0.0,0,TypeScript,2018-2020,1.0,15.5,0.33,0.0,0
22,4,0,1,100,0,3,0,1,1.0,0,TypeScript,2018-2020,1.0,100.0,0.0,0.25,0
1,5,1,1,52,0,2,0,2,5.5,0,TypeScript,2018-2020,1.0,52.0,0.0,1.83,3
3,5,1,1,376,0,6,0,9,2.56,0,TypeScript,2018-2020,1.0,376.0,0.0,0.37,0
8,0,0,0,19,3,2,0,2,4.5,0,TypeScript,2018-2020,1.0,4.75,0.0,1.5,3
9,0,0,0,2,0,1,0,0,0.0,0,TypeScript,2018-2020,1.0,2.0,0.0,0.0,0
11,0,0,0,18,4,1,0,2,1.0,0,TypeScript,2018-2020,1.0,3.6,0.0,0.5,3
12,0,0,0,321,235,17,0,60,3.48,0,TypeScript,2018-2020,1.0,1.36,0.0,0.19,0
13,0,0,0,3,4,1,0,2,1.5,0,TypeScript,2018-2020,1.0,0.6,0.0,0.75,0
13,0,0,0,832,160,3,0,0,0.0,0,TypeScript,2018-2020,1.0,5.17,0.0,0.0,0
13,0,0,0,1814,1460,19,0,66,2.55,0,TypeScript,2018-2020,1.0,1.24,0.0,0.13,0
13,0,0,0,2,3,1,0,0,0.0,0,TypeScript,2018-2020,1.0,0.5,0.0,0.0,0
13,0,0,0,2,2,2,0,0,0.0,0,TypeScript,2018-2020,1.0,0.67,0.0,0.0,0
14,0,0,0,3,2,1,0,2,1.0,0,TypeScript,2018-2020,1.0,1.0,0.0,0.5,0
14,0,0,0,2,2,2,0,0,0.0,0,TypeScript,2018-2020,1.0,0.67,0.0,0.0,0
14,0,0,0,805,1151,2,0,0,0.0,0,TypeScript,2018-2020,1.0,0.7,0.0,0.0,0
14,0,0,0,18,33,5,0,2,3.0,0,TypeScript,2018-2020,1.0,0.53,0.0,0.5,0
14,0,0,0,24,26,2,0,15,1.4,0,TypeScript,2018-2020,1.0,0.89,0.0,0.47,0
15,0,0,0,306,250,15,0,37,2.65,0,TypeScript,2018-2020,1.0,1.22,0.0,0.17,0
15,0,0,0,834,162,3,0,0,0.0,0,TypeScript,2018-2020,1.0,5.12,0.0,0.0,0
15,0,0,0,2479,2105,17,0,54,2.13,0,TypeScript,2018-2020,1.0,1.18,0.0,0.12,0
15,0,0,0,30,26,4,0,0,0.0,0,TypeScript,2018-2020,1.0,1.11,0.0,0.0,0
15,0,0,0,2,2,2,0,0,0.0,0,TypeScript,2018-2020,1.0,0.67,0.0,0.0,0
16,0,0,0,0,97,1,0,0,0.0,0,TypeScript,2018-2020,1.0,0.0,0.0,0.0,0
16,0,0,0,21,24,2,0,12,1.58,0,TypeScript,2018-2020,1.0,0.84,0.0,0.53,0
16,0,0,0,0,35,2,0,2,4.0,0,TypeScript,2018-2020,1.0,0.0,0.0,1.33,0
16,0,0,0,668,1,3,0,0,0.0,0,TypeScript,2018-2020,1.0,334.0,0.0,0.0,0
16,0,0,0,2441,2045,19,0,53,2.47,0,TypeScript,2018-2020,1.0,1.19,0.0,0.12,0
16,0,0,0,370,250,15,0,40,4.0,0,TypeScript,2018-2020,1.0,1.47,0.0,0.25,0
17,0,0,0,22,22,4,0,2,1.0,0,TypeScript,2018-2020,1.0,0.96,0.0,0.2,0
17,0,0,0,178133,158345,9,0,648,1.23,0,TypeScript,2018-2020,1.0,1.12,0.0,0.12,0
18,0,0,0,14,1,3,0,0,0.0,0,TypeScript,2018-2020,1.0,7.0,0.0,0.0,0
18,0,0,0,3358,2786,20,0,119,2.06,0,TypeScript,2018-2020,1.0,1.2,0.0,0.1,0
21,0,0,0,843,392,22,0,82,2.35,0,TypeScript,2018-2020,1.0,2.15,0.0,0.1,0
22,0,0,1,3,1,2,0,0,0.0,0,TypeScript,2018-2020,1.0,1.5,0.0,0.0,0
22,0,0,1,48,29,4,0,3,12.0,0,TypeScript,2018-2020,1.0,1.6,0.0,2.4,0
22,0,0,1,2,2,2,0,0,0.0,0,TypeScript,2018-2020,1.0,0.67,0.0,0.0,0
22,0,0,1,45,26,4,0,3,18.0,0,TypeScript,2018-2020,1.0,1.67,0.0,3.6,0
22,0,0,1,2,2,2,0,0,0.0,0,TypeScript,2018-2020,1.0,0.67,0.0,0.0,0
22,0,0,1,2,2,2,0,0,0.0,0,TypeScript,2018-2020,1.0,0.67,0.0,0.0,0
22,0,0,1,5,1,1,0,0,0.0,0,TypeScript,2018-2020,1.0,2.5,0.0,0.0,0
22,0,0,1,680,313,2,0,0,0.0,0,TypeScript,2018-2020,1.0,2.17,0.0,0.0,0
22,0,0,1,6,1,1,0,2,3.0,0,TypeScript,2018-2020,1.0,3.0,0.0,1.5,0
23,0,0,1,20,1,1,0,2,5.0,0,TypeScript,2018-2020,1.0,10.0,0.0,2.5,0
23,0,0,1,14,20,1,0,4,3.5,0,TypeScript,2018-2020,1.0,0.67,0.0,1.75,0
11,1,0,0,3,0,1,0,1,5.0,0,TypeScript,2018-2020,1.0,3.0,0.0,2.5,0
12,1,0,0,1,321,197,64,0,0.0,0,TypeScript,2018-2020,1.0,0.0,0.32,0.0,0
13,1,0,0,346,386,80,1,12,1.42,0,TypeScript,2018-2020,1.0,0.89,0.01,0.02,0
14,1,0,0,8,3,1,0,2,3.0,0,TypeScript,2018-2020,1.0,2.0,0.0,1.5,0
14,1,0,0,2,2,2,0,0,0.0,0,TypeScript,2018-2020,1.0,0.67,0.0,0.0,0
14,1,0,0,2,0,1,0,0,0.0,0,TypeScript,2018-2020,1.0,2.0,0.0,0.0,0
14,1,0,0,2,0,1,0,0,0.0,0,TypeScript,2018-2020,1.0,2.0,0.0,0.0,0
14,1,0,0,2,0,1,0,0,0.0,0,TypeScript,2018-2020,1.0,2.0,0.0,0.0,0
14,1,0,0,2,0,1,0,0,0.0,0,TypeScript,2018-2020,1.0,2.0,0.0,0.0,0
14,1,0,0,2,2,2,0,0,0.0,0,TypeScript,2018-2020,1.0,0.67,0.0,0.0,0
14,1,0,0,327,319,5,0,6,1.33,0,TypeScript,2018-2020,1.0,1.02,0.0,0.22,0
20,1,0,0,46,42,2,0,3,1.0,0,TypeScript,2018-2020,1.0,1.07,0.0,0.33,0
20,1,0,0,28,18,2,0,0,0.0,0,TypeScript,2018-2020,1.0,1.47,0.0,0.0,0
10,2,0,0,5,0,1,0,2,1.5,0,TypeScript,2018-2020,1.0,5.0,0.0,0.75,0
17,2,0,0,2,23,1,0,2,2.0,0,TypeScript,2018-2020,1.0,0.08,0.0,1.0,0
1,3,0,1,86,3,2,0,5,3.4,0,TypeScript,2018-2020,1.0,21.5,0.0,1.13,3
15,3,0,0,52,51,5,0,2,2.5,0,TypeScript,2018-2020,1.0,1.0,0.0,0.42,10
11,4,0,0,7,2,1,0,1,2.0,0,TypeScript,2018-2020,1.0,2.33,0.0,1.0,0
12,4,0,0,1,1,1,0,0,0.0,0,TypeScript,2018-2020,1.0,0.5,0.0,0.0,0
12,4,0,0,1,1,1,0,0,0.0,0,TypeScript,2018-2020,1.0,0.5,0.0,0.0,0
12,4,0,0,1,1,1,0,0,0.0,0,TypeScript,2018-2020,1.0,0.5,0.0,0.0,0
12,4,0,0,2,2,2,0,0,0.0,0,TypeScript,2018-2020,1.0,0.67,0.0,0.0,0
12,4,0,0,2,2,2,0,0,0.0,0,TypeScript,2018-2020,1.0,0.67,0.0,0.0,0
13,4,0,0,5,5,3,0,0,0.0,0,TypeScript,2018-2020,1.0,0.83,0.0,0.0,0
13,4,0,0,100,0,4,0,5,1.6,0,TypeScript,2018-2020,1.0,100.0,0.0,0.32,0
14,4,0,0,1,1,1,0,0,0.0,0,TypeScript,2018-2020,1.0,0.5,0.0,0.0,0
5,6,1,1,1,1,1,0,1,5.0,0,TypeScript,2018-2020,1.0,0.5,0.0,2.5,0
6,1,0,0,9,22,2,0,0,0.0,0,TypeScript,2018-2020,1.0,0.39,0.0,0.0,3
6,1,0,0,1,1,1,0,0,0.0,0,TypeScript,2018-2020,1.0,0.5,0.0,0.0,3
7,1,0,0,2,2,1,0,0,0.0,0,TypeScript,2018-2020,1.0,0.67,0.0,0.0,3
10,1,0,0,20,0,1,0,0,0.0,0,TypeScript,2018-2020,1.0,20.0,0.0,0.0,3
10,2,0,0,1,1,1,0,0,0.0,0,TypeScript,2018-2020,1.0,0.5,0.0,0.0,0
22,2,0,1,2,2,2,0,0,0.0,0,TypeScript,2018-2020,1.0,0.67,0.0,0.0,0
0,3,0,1,1,1,1,0,0,0.0,0,TypeScript,2018-2020,1.0,0.5,0.0,0.0,3
9,3,0,0,1,2,1,0,0,0.0,0,TypeScript,2018-2020,1.0,0.33,0.0,0.0,3
20,3,0,0,3,3,1,0,0,0.0,0,TypeScript,2018-2020,1.0,0.75,0.0,0.0,0
21,3,0,0,416,242,3,0,0,0.0,0,TypeScript,2018-2020,1.0,1.71,0.0,0.0,0
21,3,0,0,759,1203,2,0,0,0.0,0,TypeScript,2018-2020,1.0,0.63,0.0,0.0,0
22,3,0,1,70,0,1,0,0,0.0,0,TypeScript,2018-2020,1.0,70.0,0.0,0.0,0
22,3,0,1,659,3,1,0,0,0.0,0,TypeScript,2018-2020,1.0,164.75,0.0,0.0,0
22,3,0,1,6,4,3,0,2,1.5,0,TypeScript,2018-2020,1.0,1.2,0.0,0.38,0
22,3,0,1,12,48,2,0,5,3.6,0,TypeScript,2018-2020,1.0,0.24,0.0,1.2,0
16,4,0,0,301,106,4,0,4,1.0,0,TypeScript,2018-2020,1.0,2.81,0.0,0.2,0
20,4,0,0,78,97,1,0,22,1.0,0,TypeScript,2018-2020,1.0,0.8,0.0,0.5,0
20,4,0,0,109,337,13,0,41,2.2,0,TypeScript,2018-2020,1.0,0.32,0.0,0.16,0
20,4,0,0,33,32,4,0,5,3.6,0,TypeScript,2018-2020,1.0,1.0,0.0,0.72,0
20,4,0,0,10,3,3,0,0,0.0,0,TypeScript,2018-2020,1.0,2.5,0.0,0.0,0
20,4,0,0,12,8,1,0,1,2.0,0,TypeScript,2018-2020,1.0,1.33,0.0,1.0,0
20,4,0,0,14,1,1,0,4,4.25,0,TypeScript,2018-2020,1.0,7.0,0.0,2.12,0
21,4,0,0,3,2,1,0,3,4.0,0,TypeScript,2018-2020,1.0,1.0,0.0,2.0,0
21,4,0,0,18,0,2,1,0,0.0,1,TypeScript,2018-2020,0.4,18.0,0.33,0.0,0
22,4,0,1,2,1,1,0,1,9.0,1,TypeScript,2018-2020,0.4,1.0,0.0,4.5,1
22,4,0,1,2,2,2,0,0,0.0,0,TypeScript,2018-2020,1.0,0.67,0.0,0.0,2
22,4,0,1,74,60,2,0,0,0.0,0,TypeScript,2018-2020,1.0,1.21,0.0,0.0,2
23,4,0,1,8,10,1,0,1,22.0,0,TypeScript,2018-2020,1.0,0.73,0.0,11.0,2
23,4,0,1,17,30,1,0,7,4.86,1,TypeScript,2018-2020,0.4,0.55,0.0,2.43,2
1,5,1,1,3,0,1,0,0,0.0,0,TypeScript,2018-2020,1.0,3.0,0.0,0.0,0
1,5,1,1,318,97,2,0,0,0.0,0,TypeScript,2018-2020,1.0,3.24,0.0,0.0,3
1,5,1,1,290,1156,81,27,11,1.55,0,TypeScript,2018-2020,1.0,0.25,0.33,0.02,3
1,5,1,1,2,2,2,0,0,0.0,0,TypeScript,2018-2020,1.0,0.67,0.0,0.0,3
1,5,1,1,45,43,6,0,6,2.83,0,TypeScript,2018-2020,1.0,1.02,0.0,0.4,3
1,5,1,1,2,2,2,0,0,0.0,0,TypeScript,2018-2020,1.0,0.67,0.0,0.0,3
1,5,1,1,24,24,2,0,0,0.0,0,TypeScript,2018-2020,1.0,0.96,0.0,0.0,3
1,5,1,1,885,1046,10,0,26,2.88,0,TypeScript,2018-2020,1.0,0.85,0.0,0.26,3
1,5,1,1,2,2,2,0,0,0.0,0,TypeScript,2018-2020,1.0,0.67,0.0,0.0,3
1,5,1,1,73,42,3,0,3,18.0,0,TypeScript,2018-2020,1.0,1.7,0.0,4.5,3
1,5,1,1,117,242,12,0,23,5.13,0,TypeScript,2018-2020,1.0,0.48,0.0,0.39,3
1,5,1,1,2,2,2,0,0,0.0,0,TypeScript,2018-2020,1.0,0.67,0.0,0.0,3
1,5,1,1,32,32,2,0,0,0.0,0,TypeScript,2018-2020,1.0,0.97,0.0,0.0,3
1,5,1,1,77,219,12,0,21,4.14,0,TypeScript,2018-2020,1.0,0.35,0.0,0.32,3
1,5,1,1,2,2,2,0,0,0.0,0,TypeScript,2018-2020,1.0,0.67,0.0,0.0,3
2,5,1,1,1190,456,5,0,6,1.0,0,TypeScript,2018-2020,1.0,2.6,0.0,0.17,3
2,5,1,1,1,1,1,0,3,2.33,0,TypeScript,2018-2020,1.0,0.5,0.0,1.16,3
9,0,0,0,5,0,1,0,0,0.0,0,TypeScript,2018-2020,1.0,5.0,0.0,0.0,0
10,0,0,0,80,19,1,0,8,5.25,1,TypeScript,2018-2020,0.4,4.0,0.0,2.62,0
10,0,0,0,60,41,1,0,11,4.91,0,TypeScript,2018-2020,1.0,1.43,0.0,2.46,3
11,0,0,0,2,2,2,0,0,0.0,0,TypeScript,2018-2020,1.0,0.67,0.0,0.0,3
11,0,0,0,12,8,3,0,0,0.0,0,TypeScript,2018-2020,1.0,1.33,0.0,0.0,3
11,0,0,0,2,2,2,0,0,0.0,0,TypeScript,2018-2020,1.0,0.67,0.0,0.0,3
11,0,0,0,58,2,2,0,4,4.25,1,TypeScript,2018-2020,0.4,19.33,0.0,1.42,0
11,0,0,0,146,116,6,0,2,4.5,0,TypeScript,2018-2020,1.0,1.25,0.0,0.64,3
11,0,0,0,2,2,2,0,0,0.0,0,TypeScript,2018-2020,1.0,0.67,0.0,0.0,3
12,0,0,0,5090,570,52,0,1,1.0,0,TypeScript,2018-2020,1.0,8.91,0.0,0.02,3
13,0,0,0,7399,26092,21,0,1,3.0,0,TypeScript,2018-2020,1.0,0.28,0.0,0.14,3
13,0,0,0,0,18,18,0,0,0.0,0,TypeScript,2018-2020,1.0,0.0,0.0,0.0,3
14,0,0,0,75,71,8,0,2,1.0,0,TypeScript,2018-2020,1.0,1.04,0.0,0.11,3
14,0,0,0,55,0,1,0,0,0.0,0,TypeScript,2018-2020,1.0,55.0,0.0,0.0,3
14,0,0,0,2,1,1,0,0,0.0,0,TypeScript,2018-2020,1.0,1.0,0.0,0.0,0
14,0,0,0,81,207,24,0,5,1.2,0,TypeScript,2018-2020,1.0,0.39,0.0,0.05,3
15,0,0,0,1,1,1,0,0,0.0,0,TypeScript,2018-2020,1.0,0.5,0.0,0.0,3
15,0,0,0,4,0,1,0,0,0.0,0,TypeScript,2018-2020,1.0,4.0,0.0,0.0,3
18,0,0,0,1021,430,1,0,0,0.0,0,TypeScript,2018-2020,1.0,2.37,0.0,0.0,0
18,0,0,0,900,900,1,0,0,0.0,0,TypeScript,2018-2020,1.0,1.0,0.0,0.0,0
18,0,0,0,2,5,1,0,1,1.0,1,TypeScript,2018-2020,0.4,0.33,0.0,0.5,1
16,1,0,0,18,2,2,1,0,0.0,0,TypeScript,2018-2020,1.0,6.0,0.33,0.0,0
17,3,0,0,4,2,2,0,2,1.0,1,TypeScript,2018-2020,0.4,1.33,0.0,0.33,3
20,3,0,0,1,1,1,0,0,0.0,0,TypeScript,2018-2020,1.0,0.5,0.0,0.0,4
20,3,0,0,2,2,2,0,0,0.0,0,TypeScript,2018-2020,1.0,0.67,0.0,0.0,4
20,3,0,0,2,2,2,0,0,0.0,0,TypeScript,2018-2020,1.0,0.67,0.0,0.0,4
20,3,0,0,2,2,2,0,0,0.0,0,TypeScript,2018-2020,1.0,0.67,0.0,0.0,4
20,3,0,0,2,2,2,0,0,0.0,0,TypeScript,2018-2020,1.0,0.67,0.0,0.0,4
20,3,0,0,47,71,5,0,0,0.0,0,TypeScript,2018-2020,1.0,0.65,0.0,0.0,4
20,3,0,0,1,1,1,0,0,0.0,0,TypeScript,2018-2020,1.0,0.5,0.0,0.0,4
20,3,0,0,2,2,2,0,0,0.0,0,TypeScript,2018-2020,1.0,0.67,0.0,0.0,4
22,3,0,1,1,6,1,0,0,0.0,0,TypeScript,2018-2020,1.0,0.14,0.0,0.0,4
14,4,0,0,3648,1213,65,0,304,3.6,1,TypeScript,2018-2020,0.4,3.0,0.0,0.05,4
12,6,1,0,2,2,2,0,0,0.0,0,TypeScript,2018-2020,1.0,0.67,0.0,0.0,0
13,6,1,0,1,1,1,0,0,0.0,1,TypeScript,2018-2020,0.4,0.5,0.0,0.0,5
13,6,1,0,2,2,2,0,0,0.0,0,TypeScript,2018-2020,1.0,0.67,0.0,0.0,6
14,6,1,0,8,4,3,0,0,0.0,0,TypeScript,2018-2020,1.0,1.6,0.0,0.0,6
14,6,1,0,2,2,2,0,0,0.0,0,TypeScript,2018-2020,1.0,0.67,0.0,0.0,6
15,3,0,0,14,1,1,0,0,0.0,0,TypeScript,2018-2020,1.0,7.0,0.0,0.0,0
19,2,0,0,60,38,1,0,0,0.0,0,TypeScript,2018-2020,1.0,1.54,0.0,0.0,0
19,2,0,0,2,2,1,0,0,0.0,0,TypeScript,2018-2020,1.0,0.67,0.0,0.0,0
17,4,0,0,30,1,2,1,0,0.0,0,TypeScript,2018-2020,1.0,15.0,0.33,0.0,0
14,5,1,0,3,0,1,0,0,0.0,0,TypeScript,2018-2020,1.0,3.0,0.0,0.0,0
13,0,0,0,30,8,5,0,1,2.0,0,TypeScript,2018-2020,1.0,3.33,0.0,0.33,1
15,2,0,0,80,27,7,0,12,1.67,0,TypeScript,2018-2020,1.0,2.86,0.0,0.21,0
15,2,0,0,1,1,1,0,0,0.0,0,TypeScript,2018-2020,1.0,0.5,0.0,0.0,0
22,3,0,1,1,1,1,0,2,2.0,0,TypeScript,2018-2020,1.0,0.5,0.0,1.0,0
11,0,0,0,4,0,1,0,0,0.0,0,TypeScript,2018-2020,1.0,4.0,0.0,0.0,0
17,1,0,0,67,9,3,0,0,0.0,0,TypeScript,2018-2020,1.0,6.7,0.0,0.0,0
17,1,0,0,1,1,1,0,0,0.0,0,TypeScript,2018-2020,1.0,0.5,0.0,0.0,0
17,1,0,0,17,2,1,0,0,0.0,0,TypeScript,2018-2020,1.0,5.67,0.0,0.0,0
17,1,0,0,1,1,1,0,0,0.0,0,TypeScript,2018-2020,1.0,0.5,0.0,0.0,0
17,1,0,0,53,5,1,0,0,0.0,0,TypeScript,2018-2020,1.0,8.83,0.0,0.0,0
17,1,0,0,1,1,1,0,0,0.0,0,TypeScript,2018-2020,1.0,0.5,0.0,0.0,0
17,1,0,0,3,3,2,0,0,0.0,0,TypeScript,2018-2020,1.0,0.75,0.0,0.0,0
17,1,0,0,1,1,1,0,0,0.0,0,TypeScript,2018-2020,1.0,0.5,0.0,0.0,0
0,2,0,1,359,0,4,1,1,1.0,0,TypeScript,2018-2020,1.0,359.0,0.2,0.2,0
11,3,0,0,509,0,4,1,1,1.0,0,TypeScript,2018-2020,1.0,509.0,0.2,0.2,0
1,2,0,1,18,1,2,0,1,1.0,1,TypeScript,2018-2020,0.4,9.0,0.0,0.33,2
2,1,0,1,31,2,2,0,3,8.67,1,TypeScript,2018-2020,0.4,10.33,0.0,2.89,1
9,2,0,0,3,3,2,0,2,6.5,0,TypeScript,2018-2020,1.0,0.75,0.0,2.17,0
10,2,0,0,1,1,1,0,0,0.0,0,TypeScript,2018-2020,1.0,0.5,0.0,0.0,0
10,2,0,0,9,4,5,0,0,0.0,0,TypeScript,2018-2020,1.0,1.8,0.0,0.0,0
23,2,0,1,2,2,1,0,0,0.0,0,TypeScript,2018-2020,1.0,0.67,0.0,0.0,0
12,3,0,0,71,30,7,2,10,7.4,0,TypeScript,2018-2020,1.0,2.29,0.25,0.92,0
15,3,0,0,7,7,6,0,0,0.0,0,TypeScript,2018-2020,1.0,0.88,0.0,0.0,0
19,3,0,0,2,2,1,0,0,0.0,0,TypeScript,2018-2020,1.0,0.67,0.0,0.0,0
1,4,0,1,2,2,1,0,0,0.0,0,TypeScript,2018-2020,1.0,0.67,0.0,0.0,0
10,4,0,0,1864,1777,16,0,50,2.06,0,TypeScript,2018-2020,1.0,1.05,0.0,0.12,0
11,4,0,0,311,357,8,3,14,6.14,0,TypeScript,2018-2020,1.0,0.87,0.33,0.68,0
12,4,0,0,31,0,2,0,0,0.0,0,TypeScript,2018-2020,1.0,31.0,0.0,0.0,0
12,4,0,0,2,2,1,0,0,0.0,0,TypeScript,2018-2020,1.0,0.67,0.0,0.0,0
12,4,0,0,1,0,1,0,0,0.0,0,TypeScript,2018-2020,1.0,1.0,0.0,0.0,0
12,4,0,0,0,1,1,0,0,0.0,0,TypeScript,2018-2020,1.0,0.0,0.0,0.0,0
15,4,0,0,1,0,1,0,0,0.0,0,TypeScript,2018-2020,1.0,1.0,0.0,0.0,0
18,4,0,0,2,2,1,0,0,0.0,0,TypeScript,2018-2020,1.0,0.67,0.0,0.0,0
12,0,0,0,50,12,3,1,3,8.67,0,TypeScript,2018-2020,1.0,3.85,0.25,2.17,0
15,0,0,0,312,400,14,5,2,1.0,0,TypeScript,2018-2020,1.0,0.78,0.33,0.07,0
15,0,0,0,2,2,1,0,0,0.0,0,TypeScript,2018-2020,1.0,0.67,0.0,0.0,0
16,0,0,0,596,596,3,1,3,1.0,0,TypeScript,2018-2020,1.0,1.0,0.25,0.25,0
17,0,0,0,7,7,6,0,0,0.0,0,TypeScript,2018-2020,1.0,0.88,0.0,0.0,0
10,1,0,0,324,321,22,2,4,1.0,0,TypeScript,2018-2020,1.0,1.01,0.09,0.04,0
11,1,0,0,7,7,6,0,0,0.0,0,TypeScript,2018-2020,1.0,0.88,0.0,0.0,0
13,1,0,0,2181,65,6,2,5,3.6,0,TypeScript,2018-2020,1.0,33.05,0.29,0.51,0
15,1,0,0,54,23,1,1,3,2.67,0,TypeScript,2018-2020,1.0,2.25,0.5,1.34,0
15,1,0,0,7,7,6,0,0,0.0,0,TypeScript,2018-2020,1.0,0.88,0.0,0.0,0
1,2,0,1,29,29,9,0,0,0.0,0,TypeScript,2018-2020,1.0,0.97,0.0,0.0,0
8,2,0,0,192,271,10,0,0,0.0,0,TypeScript,2018-2020,1.0,0.71,0.0,0.0,0
14,2,0,0,4607,412,97,16,58,3.6,0,TypeScript,2018-2020,1.0,11.15,0.16,0.04,0
15,2,0,0,3,3,1,0,0,0.0,0,TypeScript,2018-2020,1.0,0.75,0.0,0.0,0
16,2,0,0,71,306,6,0,3,14.33,0,TypeScript,2018-2020,1.0,0.23,0.0,2.05,0
16,2,0,0,306,71,6,0,3,14.33,0,TypeScript,2018-2020,1.0,4.25,0.0,2.05,0
16,2,0,0,71,306,6,0,3,14.33,0,TypeScript,2018-2020,1.0,0.23,0.0,2.05,0
17,2,0,0,24,77,5,4,3,2.0,0,TypeScript,2018-2020,1.0,0.31,0.67,0.33,0
19,2,0,0,121,101,4,2,2,9.5,0,TypeScript,2018-2020,1.0,1.19,0.4,1.9,0
10,3,0,0,387,24,8,2,9,1.44,0,TypeScript,2018-2020,1.0,15.48,0.22,0.16,0
11,3,0,0,118,78,7,2,7,9.0,0,TypeScript,2018-2020,1.0,1.49,0.25,1.12,0
11,3,0,0,65,11,5,0,4,1.5,0,TypeScript,2018-2020,1.0,5.42,0.0,0.25,0
11,3,0,0,525,525,1,1,0,0.0,0,TypeScript,2018-2020,1.0,1.0,0.5,0.0,0
11,3,0,0,11,9,1,1,1,6.0,0,TypeScript,2018-2020,1.0,1.1,0.5,3.0,0
14,3,0,0,44,3,5,0,4,7.25,0,TypeScript,2018-2020,1.0,11.0,0.0,1.21,0
14,3,0,0,105,19,5,1,2,1.0,0,TypeScript,2018-2020,1.0,5.25,0.17,0.17,0
14,3,0,0,24,47,3,1,2,9.0,0,TypeScript,2018-2020,1.0,0.5,0.25,2.25,0
15,3,0,0,126,10,10,2,2,6.5,0,TypeScript,2018-2020,1.0,11.45,0.18,0.59,0
16,3,0,0,13,9,5,0,0,0.0,0,TypeScript,2018-2020,1.0,1.3,0.0,0.0,0
18,3,0,0,2,2,1,0,0,0.0,0,TypeScript,2018-2020,1.0,0.67,0.0,0.0,0
10,4,0,0,1,1,1,0,0,0.0,0,TypeScript,2018-2020,1.0,0.5,0.0,0.0,0
10,4,0,0,1,1,1,0,0,0.0,0,TypeScript,2018-2020,1.0,0.5,0.0,0.0,0
10,4,0,0,0,2,1,0,0,0.0,0,TypeScript,2018-2020,1.0,0.0,0.0,0.0,0
11,4,0,0,95,104,14,4,2,8.5,0,TypeScript,2018-2020,1.0,0.9,0.27,0.57,0
12,4,0,0,22,5,1,0,0,0.0,0,TypeScript,2018-2020,1.0,3.67,0.0,0.0,0
15,4,0,0,0,6,1,0,0,0.0,0,TypeScript,2018-2020,1.0,0.0,0.0,0.0,0
16,4,0,0,558,23,9,3,4,7.0,0,TypeScript,2018-2020,1.0,23.25,0.3,0.7,0
3,5,1,1,24,2,4,0,3,1.0,0,TypeScript,2018-2020,1.0,8.0,0.0,0.2,0
22,6,1,1,6,6,1,0,5,1.0,0,TypeScript,2018-2020,1.0,0.86,0.0,0.5,3
1,0,0,1,13,13,9,0,0,0.0,0,TypeScript,2018-2020,1.0,0.93,0.0,0.0,0
9,0,0,0,278,34,2,0,0,0.0,0,TypeScript,2018-2020,1.0,7.94,0.0,0.0,0
11,0,0,0,43,17,6,5,3,8.67,0,TypeScript,2018-2020,1.0,2.39,0.71,1.24,0
11,0,0,0,31,21,5,3,4,8.0,0,TypeScript,2018-2020,1.0,1.41,0.5,1.33,0
15,0,0,0,7,6,2,1,2,5.5,0,TypeScript,2018-2020,1.0,1.0,0.33,1.83,0
15,0,0,0,7,2,1,0,0,0.0,0,TypeScript,2018-2020,1.0,2.33,0.0,0.0,0
15,0,0,0,45,11,11,2,3,8.67,0,TypeScript,2018-2020,1.0,3.75,0.17,0.72,0
15,0,0,0,11,11,3,0,0,0.0,0,TypeScript,2018-2020,1.0,0.92,0.0,0.0,0
17,0,0,0,44,18,4,2,3,3.67,0,TypeScript,2018-2020,1.0,2.32,0.4,0.73,0
17,0,0,0,4053,4026,144,46,185,3.96,0,TypeScript,2018-2020,1.0,1.01,0.32,0.03,0
17,0,0,0,5108,59,8,0,0,0.0,0,TypeScript,2018-2020,1.0,85.13,0.0,0.0,0
18,0,0,0,7,7,6,0,0,0.0,0,TypeScript,2018-2020,1.0,0.88,0.0,0.0,0
10,1,0,0,84,35,7,4,4,8.5,0,TypeScript,2018-2020,1.0,2.33,0.5,1.06,0
12,1,0,0,4,8,3,1,1,3.0,0,TypeScript,2018-2020,1.0,0.44,0.25,0.75,0
14,1,0,0,7,7,6,0,0,0.0,0,TypeScript,2018-2020,1.0,0.88,0.0,0.0,0
15,1,0,0,73,35,2,2,2,7.0,0,TypeScript,2018-2020,1.0,2.03,0.67,2.33,0
16,1,0,0,1,0,1,0,0,0.0,0,TypeScript,2018-2020,1.0,1.0,0.0,0.0,0
16,1,0,0,189,168,8,4,6,6.17,0,TypeScript,2018-2020,1.0,1.12,0.44,0.69,0
16,1,0,0,55,1,3,2,3,3.33,0,TypeScript,2018-2020,1.0,27.5,0.5,0.83,0
22,1,0,1,2,2,2,0,0,0.0,0,TypeScript,2018-2020,1.0,0.67,0.0,0.0,0
2,2,0,1,371,219,13,0,0,0.0,0,TypeScript,2018-2020,1.0,1.69,0.0,0.0,0
10,2,0,0,4722,4075,90,10,82,2.33,0,TypeScript,2018-2020,1.0,1.16,0.11,0.03,0
12,2,0,0,1,1,1,0,0,0.0,0,TypeScript,2018-2020,1.0,0.5,0.0,0.0,0
13,2,0,0,121,51,5,0,0,0.0,0,TypeScript,2018-2020,1.0,2.33,0.0,0.0,0
16,2,0,0,230,274,18,6,16,5.44,0,TypeScript,2018-2020,1.0,0.84,0.32,0.29,0
17,2,0,0,58,9,2,1,2,5.5,0,TypeScript,2018-2020,1.0,5.8,0.33,1.83,0
17,2,0,0,146,140,7,3,6,6.0,0,TypeScript,2018-2020,1.0,1.04,0.38,0.75,0
17,2,0,0,5477,5317,15,2,16,2.88,0,TypeScript,2018-2020,1.0,1.03,0.12,0.18,0
18,2,0,0,42,38,6,2,0,0.0,0,TypeScript,2018-2020,1.0,1.08,0.29,0.0,0
18,2,0,0,1,1,1,0,0,0.0,0,TypeScript,2018-2020,1.0,0.5,0.0,0.0,0
9,3,0,0,4,8,3,2,2,5.5,0,TypeScript,2018-2020,1.0,0.44,0.5,1.38,0
11,3,0,0,32,45,18,3,2,2.0,0,TypeScript,2018-2020,1.0,0.7,0.16,0.11,0
12,3,0,0,28,16,2,1,2,3.5,0,TypeScript,2018-2020,1.0,1.65,0.33,1.17,0
12,3,0,0,2,2,1,0,0,0.0,0,TypeScript,2018-2020,1.0,0.67,0.0,0.0,0
13,3,0,0,3241,2024,16,5,9,3.0,0,TypeScript,2018-2020,1.0,1.6,0.29,0.18,0
13,3,0,0,2,2,1,0,0,0.0,0,TypeScript,2018-2020,1.0,0.67,0.0,0.0,0
16,3,0,0,229,86,15,8,13,5.08,0,TypeScript,2018-2020,1.0,2.63,0.5,0.32,0
16,3,0,0,10,40,2,1,2,7.0,0,TypeScript,2018-2020,1.0,0.24,0.33,2.33,0
16,3,0,0,4,4,3,1,1,1.0,0,TypeScript,2018-2020,1.0,0.8,0.25,0.25,0
17,3,0,0,2,2,2,2,2,1.0,0,TypeScript,2018-2020,1.0,0.67,0.67,0.33,0
17,3,0,0,7,7,12,0,0,0.0,0,TypeScript,2018-2020,1.0,0.88,0.0,0.0,0
18,3,0,0,2,2,1,0,0,0.0,0,TypeScript,2018-2020,1.0,0.67,0.0,0.0,0
18,3,0,0,7,7,6,0,0,0.0,0,TypeScript,2018-2020,1.0,0.88,0.0,0.0,0
19,3,0,0,2,2,1,0,0,0.0,0,TypeScript,2018-2020,1.0,0.67,0.0,0.0,0
10,4,0,0,156,67,8,2,3,7.0,0,TypeScript,2018-2020,1.0,2.29,0.22,0.78,0
11,4,0,0,7,7,6,0,0,0.0,0,TypeScript,2018-2020,1.0,0.88,0.0,0.0,0
11,4,0,0,0,8,1,0,2,3.5,0,TypeScript,2018-2020,1.0,0.0,0.0,1.75,0
12,4,0,0,7,7,6,0,0,0.0,0,TypeScript,2018-2020,1.0,0.88,0.0,0.0,0
12,4,0,0,14,86,10,4,3,4.67,0,TypeScript,2018-2020,1.0,0.16,0.36,0.42,0
14,4,0,0,38,38,5,4,4,7.25,0,TypeScript,2018-2020,1.0,0.97,0.67,1.21,0
15,4,0,0,3,133,3,1,2,1.0,0,TypeScript,2018-2020,1.0,0.02,0.25,0.25,0
17,4,0,0,3,3,1,0,0,0.0,0,TypeScript,2018-2020,1.0,0.75,0.0,0.0,0
17,4,0,0,17,16,7,1,1,1.0,0,TypeScript,2018-2020,1.0,1.0,0.12,0.12,0
18,4,0,0,126,92,14,5,10,6.5,0,TypeScript,2018-2020,1.0,1.35,0.33,0.43,0
18,4,0,0,4766,1059,26,3,33,4.06,0,TypeScript,2018-2020,1.0,4.5,0.11,0.15,0
1,0,0,1,463,580,13,0,0,0.0,0,TypeScript,2018-2020,1.0,0.8,0.0,0.0,0
9,0,0,0,9,9,6,0,0,0.0,0,TypeScript,2018-2020,1.0,0.9,0.0,0.0,0
9,0,0,0,15,22,11,0,0,0.0,0,TypeScript,2018-2020,1.0,0.65,0.0,0.0,0
10,0,0,0,419,2319,2,1,0,0.0,0,TypeScript,2018-2020,1.0,0.18,0.33,0.0,0
10,0,0,0,5,1,1,0,0,0.0,0,TypeScript,2018-2020,1.0,2.5,0.0,0.0,0
10,0,0,0,7,7,6,0,0,0.0,0,TypeScript,2018-2020,1.0,0.88,0.0,0.0,0
11,0,0,0,4,2,2,1,0,0.0,0,TypeScript,2018-2020,1.0,1.33,0.33,0.0,0
11,0,0,0,164,66,8,2,7,1.43,0,TypeScript,2018-2020,1.0,2.45,0.22,0.16,0
11,0,0,0,3,2,2,0,0,0.0,0,TypeScript,2018-2020,1.0,1.0,0.0,0.0,0
11,0,0,0,152,66,2,1,3,6.33,0,TypeScript,2018-2020,1.0,2.27,0.33,2.11,0
12,0,0,0,24,25,5,0,0,0.0,0,TypeScript,2018-2020,1.0,0.92,0.0,0.0,0
13,0,0,0,23,4,1,1,1,13.0,0,TypeScript,2018-2020,1.0,4.6,0.5,6.5,0
13,0,0,0,1,1,1,0,0,0.0,0,TypeScript,2018-2020,1.0,0.5,0.0,0.0,0
14,0,0,0,222,111,10,2,2,1.0,0,TypeScript,2018-2020,1.0,1.98,0.18,0.09,0
15,0,0,0,1,1,1,0,0,0.0,0,TypeScript,2018-2020,1.0,0.5,0.0,0.0,0
15,0,0,0,70,277,8,1,1,1.0,0,TypeScript,2018-2020,1.0,0.25,0.11,0.11,0
15,0,0,0,131,140,22,3,13,2.08,0,TypeScript,2018-2020,1.0,0.93,0.13,0.09,0
15,0,0,0,94,94,7,0,0,0.0,0,TypeScript,2018-2020,1.0,0.99,0.0,0.0,0
15,0,0,0,18,8,5,0,0,0.0,0,TypeScript,2018-2020,1.0,2.0,0.0,0.0,0
15,0,0,0,246,48,7,1,1,1.0,0,TypeScript,2018-2020,1.0,5.02,0.12,0.12,0
15,0,0,0,7,7,6,0,0,0.0,0,TypeScript,2018-2020,1.0,0.88,0.0,0.0,0
16,0,0,0,327,199,17,8,16,5.38,0,TypeScript,2018-2020,1.0,1.64,0.44,0.3,0
17,0,0,0,3,1,1,0,0,0.0,0,TypeScript,2018-2020,1.0,1.5,0.0,0.0,0
18,0,0,0,7,7,6,0,0,0.0,0,TypeScript,2018-2020,1.0,0.88,0.0,0.0,0
9,1,0,0,2,2,1,0,0,0.0,0,TypeScript,2018-2020,1.0,0.67,0.0,0.0,0
10,1,0,0,23,41,2,1,1,1.0,0,TypeScript,2018-2020,1.0,0.55,0.33,0.33,0
11,1,0,0,19,7,8,2,1,1.0,0,TypeScript,2018-2020,1.0,2.38,0.22,0.11,0
11,1,0,0,2,2,1,0,0,0.0,0,TypeScript,2018-2020,1.0,0.67,0.0,0.0,0
11,1,0,0,41,23,2,1,1,1.0,0,TypeScript,2018-2020,1.0,1.71,0.33,0.33,0
14,1,0,0,7,7,6,0,0,0.0,0,TypeScript,2018-2020,1.0,0.88,0.0,0.0,0
15,1,0,0,642,107,5,1,2,3.0,0,TypeScript,2018-2020,1.0,5.94,0.17,0.5,0
15,1,0,0,67,22,4,2,2,5.0,0,TypeScript,2018-2020,1.0,2.91,0.4,1.0,0
18,1,0,0,2,2,1,0,0,0.0,0,TypeScript,2018-2020,1.0,0.67,0.0,0.0,0
1,2,0,1,69,69,11,0,0,0.0,0,TypeScript,2018-2020,1.0,0.99,0.0,0.0,0
10,2,0,0,1,1,1,0,0,0.0,0,TypeScript,2018-2020,1.0,0.5,0.0,0.0,0
10,2,0,0,2,2,2,0,0,0.0,0,TypeScript,2018-2020,1.0,0.67,0.0,0.0,0
12,2,0,0,121,111,10,0,0,0.0,0,TypeScript,2018-2020,1.0,1.08,0.0,0.0,0
14,2,0,0,237,165,7,0,0,0.0,0,TypeScript,2018-2020,1.0,1.43,0.0,0.0,0
16,2,0,0,7,7,6,0,0,0.0,0,TypeScript,2018-2020,1.0,0.88,0.0,0.0,0
12,3,0,0,7,7,6,0,0,0.0,0,TypeScript,2018-2020,1.0,0.88,0.0,0.0,0
12,3,0,0,30,4120,37,3,91,2.99,0,TypeScript,2018-2020,1.0,0.01,0.08,0.08,0
13,3,0,0,25,10837,42,1,62,1.6,0,TypeScript,2018-2020,1.0,0.0,0.02,0.04,0
13,3,0,0,1,1,1,0,0,0.0,0,TypeScript,2018-2020,1.0,0.5,0.0,0.0,0
13,3,0,0,2,2,1,0,0,0.0,0,TypeScript,2018-2020,1.0,0.67,0.0,0.0,0
13,3,0,0,7,7,6,0,0,0.0,0,TypeScript,2018-2020,1.0,0.88,0.0,0.0,0
19,3,0,0,3,3,1,0,0,0.0,0,TypeScript,2018-2020,1.0,0.75,0.0,0.0,0
9,4,0,0,7,7,6,0,0,0.0,0,TypeScript,2018-2020,1.0,0.88,0.0,0.0,0
10,4,0,0,0,1,1,0,0,0.0,0,TypeScript,2018-2020,1.0,0.0,0.0,0.0,0
10,4,0,0,7,7,6,0,0,0.0,0,TypeScript,2018-2020,1.0,0.88,0.0,0.0,0
11,4,0,0,7,7,6,0,0,0.0,0,TypeScript,2018-2020,1.0,0.88,0.0,0.0,0
13,4,0,0,1,1,1,1,1,1.0,0,TypeScript,2018-2020,1.0,0.5,0.5,0.5,0
18,4,0,0,1,1,1,0,0,0.0,1,TypeScript,2018-2020,0.4,0.5,0.0,0.0,0
3,5,1,1,3,3,1,0,0,0.0,0,TypeScript,2018-2020,1.0,0.75,0.0,0.0,0
4,5,1,1,3,3,1,0,0,0.0,0,TypeScript,2018-2020,1.0,0.75,0.0,0.0,0
11,5,1,0,3,13,1,0,2,2.5,1,TypeScript,2018-2020,0.4,0.21,0.0,1.25,3
5,6,1,1,3,3,1,0,0,0.0,0,TypeScript,2018-2020,1.0,0.75,0.0,0.0,0
11,0,0,0,7,7,6,0,0,0.0,0,TypeScript,2018-2020,1.0,0.88,0.0,0.0,0
13,0,0,0,17,21,9,3,1,1.0,0,TypeScript,2018-2020,1.0,0.77,0.3,0.1,0
15,0,0,0,1,432,5,1,13,2.15,0,TypeScript,2018-2020,1.0,0.0,0.17,0.36,0
15,0,0,0,199,27,13,9,10,1.0,0,TypeScript,2018-2020,1.0,7.11,0.64,0.07,0
16,0,0,0,121,48,11,3,1,1.0,0,TypeScript,2018-2020,1.0,2.47,0.25,0.08,0
16,0,0,0,7,7,6,0,0,0.0,0,TypeScript,2018-2020,1.0,0.88,0.0,0.0,0
17,0,0,0,3,3,2,2,1,1.0,0,TypeScript,2018-2020,1.0,0.75,0.67,0.33,0
11,1,0,0,7,7,6,0,0,0.0,0,TypeScript,2018-2020,1.0,0.88,0.0,0.0,0
11,1,0,0,109,40,6,1,5,10.8,0,TypeScript,2018-2020,1.0,2.66,0.14,1.54,0
11,1,0,0,17,30,1,0,0,0.0,0,TypeScript,2018-2020,1.0,0.55,0.0,0.0,0
14,1,0,0,5,1,2,0,4,29.5,0,TypeScript,2018-2020,1.0,2.5,0.0,9.83,0
9,2,0,0,139,930,13,0,0,0.0,0,TypeScript,2018-2020,1.0,0.15,0.0,0.0,0
10,2,0,0,4282,4841,18,5,27,3.41,0,TypeScript,2018-2020,1.0,0.88,0.26,0.18,0
11,2,0,0,1,1,1,0,0,0.0,0,TypeScript,2018-2020,1.0,0.5,0.0,0.0,0
11,2,0,0,12,0,1,0,0,0.0,0,TypeScript,2018-2020,1.0,12.0,0.0,0.0,0
11,2,0,0,7,7,6,0,0,0.0,0,TypeScript,2018-2020,1.0,0.88,0.0,0.0,0
22,2,0,1,7,7,6,0,0,0.0,0,TypeScript,2018-2020,1.0,0.88,0.0,0.0,0
11,3,0,0,1941,365,8,1,25,3.68,0,TypeScript,2018-2020,1.0,5.3,0.11,0.41,0
14,3,0,0,1,13,2,0,1,4.0,0,TypeScript,2018-2020,1.0,0.07,0.0,1.33,0
14,3,0,0,7,7,6,0,0,0.0,0,TypeScript,2018-2020,1.0,0.88,0.0,0.0,0
16,3,0,0,1,1,1,0,0,0.0,0,TypeScript,2018-2020,1.0,0.5,0.0,0.0,0
18,3,0,0,863,144,9,3,40,1.93,0,TypeScript,2018-2020,1.0,5.95,0.3,0.19,0
22,3,0,1,3,3,1,0,0,0.0,0,TypeScript,2018-2020,1.0,0.75,0.0,0.0,4
13,4,0,0,1,0,1,0,0,0.0,0,TypeScript,2018-2020,1.0,1.0,0.0,0.0,0
16,4,0,0,0,3,1,1,1,1.0,0,TypeScript,2018-2020,1.0,0.0,0.5,0.5,0
8,0,0,0,3209,3392,3,0,1,1.0,0,TypeScript,2018-2020,1.0,0.95,0.0,0.25,0
10,0,0,0,575,505,11,4,2,2.5,0,TypeScript,2018-2020,1.0,1.14,0.33,0.21,0
11,0,0,0,7,7,6,0,0,0.0,0,TypeScript,2018-2020,1.0,0.88,0.0,0.0,0
14,0,0,0,336,187,21,6,31,6.03,0,TypeScript,2018-2020,1.0,1.79,0.27,0.27,0
17,0,0,0,2,2,1,0,0,0.0,0,TypeScript,2018-2020,1.0,0.67,0.0,0.0,0
18,0,0,0,7,7,6,0,0,0.0,0,TypeScript,2018-2020,1.0,0.88,0.0,0.0,0
13,1,0,0,605,87,8,2,29,4.1,0,TypeScript,2018-2020,1.0,6.88,0.22,0.46,0
11,2,0,0,28,31,2,0,0,0.0,0,TypeScript,2018-2020,1.0,0.88,0.0,0.0,4
14,2,0,0,4,1,1,0,2,2.0,0,TypeScript,2018-2020,1.0,2.0,0.0,1.0,0
15,2,0,0,4,10,3,1,0,0.0,0,TypeScript,2018-2020,1.0,0.36,0.25,0.0,0
16,2,0,0,25,0,1,0,0,0.0,0,TypeScript,2018-2020,1.0,25.0,0.0,0.0,0
17,2,0,0,0,28,1,0,0,0.0,0,TypeScript,2018-2020,1.0,0.0,0.0,0.0,0
13,3,0,0,13,12,6,0,5,8.2,1,TypeScript,2018-2020,0.4,1.0,0.0,1.17,0
13,3,0,0,1,2,1,0,0,0.0,0,TypeScript,2018-2020,1.0,0.33,0.0,0.0,1
13,3,0,0,4,4,1,0,0,0.0,1,TypeScript,2018-2020,0.4,0.8,0.0,0.0,1
15,3,0,0,750,3209,5,0,10,2.8,1,TypeScript,2018-2020,0.4,0.23,0.0,0.47,2
21,3,0,0,2,2,2,0,0,0.0,0,TypeScript,2018-2020,1.0,0.67,0.0,0.0,3
2,0,0,1,313,101,12,0,0,0.0,0,TypeScript,2018-2020,1.0,3.07,0.0,0.0,0
10,0,0,0,631,1742,2,0,0,0.0,0,TypeScript,2018-2020,1.0,0.36,0.0,0.0,3
10,0,0,0,68,276,10,3,3,2.33,0,TypeScript,2018-2020,1.0,0.25,0.27,0.21,0
11,0,0,0,3576,3534,18,0,3,1.0,0,TypeScript,2018-2020,1.0,1.01,0.0,0.05,0
15,0,0,0,5939,3653,29,20,11,2.09,0,TypeScript,2018-2020,1.0,1.63,0.67,0.07,0
15,0,0,0,1,309,1,0,2,1.0,0,TypeScript,2018-2020,1.0,0.0,0.0,0.5,0
15,0,0,0,1,1,1,0,0,0.0,0,TypeScript,2018-2020,1.0,0.5,0.0,0.0,3
15,0,0,0,1,1,1,0,0,0.0,0,TypeScript,2018-2020,1.0,0.5,0.0,0.0,0
16,0,0,0,50,7,1,0,0,0.0,0,TypeScript,2018-2020,1.0,6.25,0.0,0.0,3
17,0,0,0,813,32,38,19,21,1.14,0,TypeScript,2018-2020,1.0,24.64,0.49,0.03,0
17,0,0,0,0,1,1,0,0,0.0,0,TypeScript,2018-2020,1.0,0.0,0.0,0.0,3
18,0,0,0,0,13,1,0,0,0.0,0,TypeScript,2018-2020,1.0,0.0,0.0,0.0,3
22,0,0,1,39,2533,8,1,4,1.0,0,TypeScript,2018-2020,1.0,0.02,0.11,0.11,3
9,1,0,0,7,0,2,0,0,0.0,0,TypeScript,2018-2020,1.0,7.0,0.0,0.0,3
9,1,0,0,85,73,3,2,1,1.0,0,TypeScript,2018-2020,1.0,1.15,0.5,0.25,0
11,1,0,0,5,0,1,0,0,0.0,0,TypeScript,2018-2020,1.0,5.0,0.0,0.0,0
11,1,0,0,264,314,8,2,1,2.0,0,TypeScript,2018-2020,1.0,0.84,0.22,0.22,0
17,1,0,0,46,30,5,5,4,1.0,0,TypeScript,2018-2020,1.0,1.48,0.83,0.17,0
0,2,0,1,65,0,3,0,3,1.0,0,TypeScript,2018-2020,1.0,65.0,0.0,0.25,3
1,2,0,1,6,16,4,1,0,0.0,0,TypeScript,2018-2020,1.0,0.35,0.2,0.0,4
9,2,0,0,7,7,5,0,0,0.0,0,TypeScript,2018-2020,1.0,0.88,0.0,0.0,3
9,2,0,0,538,1470,6,0,0,0.0,0,TypeScript,2018-2020,1.0,0.37,0.0,0.0,3
10,2,0,0,122,0,6,0,3,4.0,0,TypeScript,2018-2020,1.0,122.0,0.0,0.57,3
10,2,0,0,143,157,11,0,0,0.0,0,TypeScript,2018-2020,1.0,0.91,0.0,0.0,0
11,2,0,0,111,2,3,1,2,2.0,0,TypeScript,2018-2020,1.0,37.0,0.25,0.5,0
12,2,0,0,42,37,9,2,4,2.0,0,TypeScript,2018-2020,1.0,1.11,0.2,0.2,0
12,2,0,0,380,81,15,3,5,1.8,0,TypeScript,2018-2020,1.0,4.63,0.19,0.11,0
13,2,0,0,11,0,1,0,0,0.0,0,TypeScript,2018-2020,1.0,11.0,0.0,0.0,0
13,2,0,0,2,2,1,0,0,0.0,0,TypeScript,2018-2020,1.0,0.67,0.0,0.0,0
0,1,0,1,1,2,1,0,1,7.0,1,TypeScript,2021-2023,0.4,0.33,0.0,3.5,4
15,4,0,0,3,3,2,0,4,1.5,1,TypeScript,2021-2023,0.4,0.75,0.0,0.5,5
15,4,0,0,19,2,3,0,1,1.0,1,TypeScript,2021-2023,0.4,6.33,0.0,0.25,6
18,4,0,0,27,0,2,0,2,4.5,0,TypeScript,2021-2023,1.0,27.0,0.0,1.5,2
20,5,1,0,8,14,5,0,4,3.75,0,TypeScript,2021-2023,1.0,0.53,0.0,0.62,0
1,3,0,1,4,1,1,0,1,5.0,1,TypeScript,2021-2023,0.4,2.0,0.0,2.5,7
16,6,1,0,4,16,3,1,1,1.0,1,TypeScript,2021-2023,0.4,0.24,0.25,0.25,8
16,3,0,0,1,1,1,0,0,0.0,0,TypeScript,2021-2023,1.0,0.5,0.0,0.0,0
14,3,0,0,10,15,1,0,1,9.0,0,TypeScript,2021-2023,1.0,0.62,0.0,4.5,0
14,3,0,0,1,1,1,0,0,0.0,0,TypeScript,2021-2023,1.0,0.5,0.0,0.0,0
9,4,0,0,20,0,1,0,0,0.0,0,TypeScript,2021-2023,1.0,20.0,0.0,0.0,10
11,0,0,0,28,4,2,0,6,3.17,0,TypeScript,2021-2023,1.0,5.6,0.0,1.06,0
21,3,0,0,16,0,1,0,0,0.0,0,TypeScript,2021-2023,1.0,16.0,0.0,0.0,0
0,5,1,1,9,26,4,1,0,0.0,0,TypeScript,2021-2023,1.0,0.33,0.2,0.0,9
2,1,0,1,2,3,1,0,0,0.0,0,TypeScript,2021-2023,1.0,0.5,0.0,0.0,0
22,3,0,1,9,9,4,0,9,8.0,0,TypeScript,2021-2023,1.0,0.9,0.0,1.6,10
23,3,0,1,1,1,1,0,0,0.0,0,TypeScript,2021-2023,1.0,0.5,0.0,0.0,0
15,6,1,0,40,2,2,0,3,8.0,1,TypeScript,2021-2023,0.4,13.33,0.0,2.67,0
2,1,0,1,1,1,1,0,0,0.0,0,TypeScript,2021-2023,1.0,0.5,0.0,0.0,9
3,1,0,1,1,1,1,0,0,0.0,0,TypeScript,2021-2023,1.0,0.5,0.0,0.0,0
8,1,0,0,1,1,1,0,0,0.0,0,TypeScript,2021-2023,1.0,0.5,0.0,0.0,0
8,1,0,0,6,0,1,0,0,0.0,0,TypeScript,2021-2023,1.0,6.0,0.0,0.0,0
8,1,0,0,163,21,3,0,10,4.7,0,TypeScript,2021-2023,1.0,7.41,0.0,1.18,10
11,1,0,0,7,0,1,0,2,5.0,0,TypeScript,2021-2023,1.0,7.0,0.0,2.5,0
5,3,0,1,37,1,2,0,1,1.0,0,TypeScript,2021-2023,1.0,18.5,0.0,0.33,0
23,3,0,1,47,36,3,0,9,1.67,0,TypeScript,2021-2023,1.0,1.27,0.0,0.42,9
0,4,0,1,351,345,6,0,36,4.56,0,TypeScript,2021-2023,1.0,1.01,0.0,0.65,10
20,4,0,0,24,0,2,0,2,14.5,1,TypeScript,2021-2023,0.4,24.0,0.0,4.83,10
15,0,0,0,7,7,2,0,0,0.0,0,TypeScript,2021-2023,1.0,0.88,0.0,0.0,0
21,4,0,0,21,21,20,0,2,1.5,0,TypeScript,2021-2023,1.0,0.95,0.0,0.07,11
21,4,0,0,19,1,2,0,2,15.0,1,TypeScript,2021-2023,0.4,9.5,0.0,5.0,11
12,4,0,0,147,94,4,0,6,11.0,1,TypeScript,2021-2023,0.4,1.55,0.0,2.2,12
12,4,0,0,2,2,2,0,0,0.0,0,TypeScript,2021-2023,1.0,0.67,0.0,0.0,13
0,0,0,1,1,1,1,0,0,0.0,0,TypeScript,2021-2023,1.0,0.5,0.0,0.0,0
4,3,0,1,1,1,1,0,0,0.0,0,TypeScript,2021-2023,1.0,0.5,0.0,0.0,0
17,3,0,0,105,26,13,0,15,3.13,0,TypeScript,2021-2023,1.0,3.89,0.0,0.22,13
14,0,0,0,4,32,2,0,6,3.0,0,TypeScript,2021-2023,1.0,0.12,0.0,1.0,0
0,3,0,1,1,1,1,0,0,0.0,0,TypeScript,2021-2023,1.0,0.5,0.0,0.0,0
19,1,0,0,5,2,2,0,1,30.0,1,TypeScript,2021-2023,0.028,1.67,0.0,10.0,9
14,2,0,0,22,22,22,0,0,0.0,0,TypeScript,2021-2023,1.0,0.96,0.0,0.0,1
22,4,0,1,4,10,1,0,0,0.0,0,TypeScript,2021-2023,1.0,0.36,0.0,0.0,1
6,6,1,0,1,1,1,0,0,0.0,0,TypeScript,2021-2023,1.0,0.5,0.0,0.0,0
22,2,0,1,1,1,1,0,0,0.0,0,TypeScript,2021-2023,1.0,0.5,0.0,0.0,1
15,5,1,0,5,65,2,0,0,0.0,0,TypeScript,2021-2023,1.0,0.08,0.0,0.0,0
18,5,1,0,12,0,1,0,1,1.0,0,TypeScript,2021-2023,1.0,12.0,0.0,0.5,0
18,5,1,0,2,2,1,0,2,5.0,0,TypeScript,2021-2023,1.0,0.67,0.0,2.5,0
14,0,0,0,1,1,1,0,0,0.0,0,TypeScript,2021-2023,1.0,0.5,0.0,0.0,0
19,1,0,0,1,1,1,0,0,0.0,0,TypeScript,2021-2023,1.0,0.5,0.0,0.0,0
20,6,1,0,24,17,1,0,1,3.0,1,TypeScript,2021-2023,0.2,1.33,0.0,1.5,13
12,6,1,0,20,9,2,0,0,0.0,0,TypeScript,2021-2023,1.0,2.0,0.0,0.0,10
21,2,0,0,3,1,2,0,1,1.0,1,TypeScript,2021-2023,0.4,1.5,0.0,0.33,0
17,5,1,0,1,1,1,0,0,0.0,0,TypeScript,2021-2023,1.0,0.5,0.0,0.0,0
18,5,1,0,81,20,3,0,5,11.8,0,TypeScript,2021-2023,1.0,3.86,0.0,2.95,0
20,2,0,0,1,1,1,0,1,20.0,1,TypeScript,2021-2023,0.4,0.5,0.0,10.0,0
18,4,0,0,6,1,2,0,0,0.0,0,TypeScript,2021-2023,1.0,3.0,0.0,0.0,10
20,4,0,0,2,3,2,0,0,0.0,0,TypeScript,2021-2023,1.0,0.5,0.0,0.0,14
18,5,1,0,5,5,3,1,0,0.0,0,TypeScript,2021-2023,1.0,0.83,0.25,0.0,0
21,6,1,0,28,0,3,0,3,9.33,1,TypeScript,2021-2023,0.038,28.0,0.0,2.33,0
19,2,0,0,17,17,1,0,0,0.0,1,TypeScript,2021-2023,0.4,0.94,0.0,0.0,0
23,2,0,1,1,1,1,0,0,0.0,0,TypeScript,2021-2023,1.0,0.5,0.0,0.0,0
11,6,1,0,54,17,1,0,2,1.5,1,TypeScript,2021-2023,0.4,3.0,0.0,0.75,14
19,6,1,0,1,1,1,0,0,0.0,0,TypeScript,2021-2023,1.0,0.5,0.0,0.0,1
22,6,1,1,46,3,2,0,2,7.5,0,TypeScript,2021-2023,1.0,11.5,0.0,2.5,0
21,4,0,0,1,1,1,0,0,0.0,0,TypeScript,2021-2023,1.0,0.5,0.0,0.0,1
1,4,0,1,5,5,3,1,0,0.0,0,TypeScript,2021-2023,1.0,0.83,0.25,0.0,0
2,4,0,1,5,5,2,0,2,17.5,0,TypeScript,2021-2023,1.0,0.83,0.0,5.83,0
20,0,0,0,0,18,1,0,0,0.0,0,TypeScript,2021-2023,1.0,0.0,0.0,0.0,1
21,0,0,0,13,1,1,0,0,0.0,1,TypeScript,2021-2023,0.4,6.5,0.0,0.0,1
15,3,0,0,0,10,2,0,0,0.0,0,TypeScript,2021-2023,1.0,0.0,0.0,0.0,2
21,4,0,0,1,1,1,0,0,0.0,0,TypeScript,2021-2023,1.0,0.5,0.0,0.0,0
11,0,0,0,1,1,1,0,0,0.0,0,TypeScript,2021-2023,1.0,0.5,0.0,0.0,2
12,1,0,0,1,1,1,0,0,0.0,0,TypeScript,2021-2023,1.0,0.5,0.0,0.0,0
5,2,0,1,1,1,1,0,0,0.0,0,TypeScript,2021-2023,1.0,0.5,0.0,0.0,2
5,2,0,1,1,1,1,0,0,0.0,0,TypeScript,2021-2023,1.0,0.5,0.0,0.0,2
8,2,0,0,1,0,1,0,0,0.0,0,TypeScript,2021-2023,1.0,1.0,0.0,0.0,2
15,4,0,0,10,7,2,0,3,3.0,0,TypeScript,2021-2023,1.0,1.25,0.0,1.0,0
16,4,0,0,1,1,1,0,0,0.0,1,TypeScript,2021-2023,0.4,0.5,0.0,0.0,10
16,5,1,0,20,0,4,1,0,0.0,0,TypeScript,2021-2023,1.0,20.0,0.2,0.0,0
13,2,0,0,2,2,1,0,1,7.0,0,TypeScript,2021-2023,1.0,0.67,0.0,3.5,11
11,2,0,0,68,9,2,0,5,5.4,0,TypeScript,2021-2023,1.0,6.8,0.0,1.8,1
14,2,0,0,5,8,2,0,2,3.5,0,TypeScript,2021-2023,1.0,0.56,0.0,1.17,1
9,4,0,0,5,18,2,0,3,11.0,0,TypeScript,2021-2023,1.0,0.26,0.0,3.67,1
20,3,0,0,13,0,3,0,3,1.33,0,TypeScript,2021-2023,1.0,13.0,0.0,0.33,1
20,3,0,0,4,7,1,0,1,1.0,0,TypeScript,2021-2023,1.0,0.5,0.0,0.5,1
23,3,0,1,97,6,2,0,2,10.5,0,TypeScript,2021-2023,1.0,13.86,0.0,3.5,1
22,2,0,1,15,0,1,0,1,4.0,0,TypeScript,2021-2023,1.0,15.0,0.0,2.0,1
0,1,0,1,2,2,1,0,0,0.0,0,TypeScript,2021-2023,1.0,0.67,0.0,0.0,2
7,2,0,0,2,0,1,0,0,0.0,0,TypeScript,2021-2023,1.0,2.0,0.0,0.0,2
1,6,1,1,28,2,2,0,4,2.5,1,TypeScript,2021-2023,0.4,9.33,0.0,0.83,0
2,3,0,1,3,3,1,0,0,0.0,0,TypeScript,2021-2023,1.0,0.75,0.0,0.0,11
16,5,1,0,6,5,2,0,3,3.0,0,TypeScript,2021-2023,1.0,1.0,0.0,1.0,0
21,1,0,0,1,1,1,0,0,0.0,0,TypeScript,2021-2023,1.0,0.5,0.0,0.0,1
1,2,0,1,0,48,2,0,0,0.0,0,TypeScript,2021-2023,1.0,0.0,0.0,0.0,2
15,6,1,0,25,1,2,0,3,9.33,0,TypeScript,2021-2023,1.0,12.5,0.0,3.11,1
21,1,0,0,36,3,6,0,8,11.12,0,TypeScript,2021-2023,1.0,9.0,0.0,1.59,1
2,3,0,1,14,1,2,0,2,1.5,1,TypeScript,2021-2023,0.4,7.0,0.0,0.5,0
20,3,0,0,1,1,1,0,0,0.0,0,TypeScript,2021-2023,1.0,0.5,0.0,0.0,2
22,3,0,1,1,1,1,0,0,0.0,0,TypeScript,2021-2023,1.0,0.5,0.0,0.0,2
7,6,1,0,2,136,7,0,6,3.33,0,TypeScript,2021-2023,1.0,0.01,0.0,0.42,2
8,6,1,0,0,89,4,0,4,3.0,0,TypeScript,2021-2023,1.0,0.0,0.0,0.6,2
8,6,1,0,0,45,4,0,4,1.0,0,TypeScript,2021-2023,1.0,0.0,0.0,0.2,2
22,1,0,1,0,68,4,0,4,4.0,0,TypeScript,2021-2023,1.0,0.0,0.0,0.8,0
22,1,0,1,4,4,3,1,0,0.0,0,TypeScript,2021-2023,1.0,0.8,0.25,0.0,0
23,1,0,1,1,80,5,0,5,1.6,0,TypeScript,2021-2023,1.0,0.01,0.0,0.27,0
23,1,0,1,1,1,1,0,0,0.0,0,TypeScript,2021-2023,1.0,0.5,0.0,0.0,0
0,2,0,1,1,1,1,0,0,0.0,0,TypeScript,2021-2023,1.0,0.5,0.0,0.0,0
0,2,0,1,1,1,1,0,0,0.0,0,TypeScript,2021-2023,1.0,0.5,0.0,0.0,0
18,2,0,0,1,1,1,0,0,0.0,0,TypeScript,2021-2023,1.0,0.5,0.0,0.0,0
0,3,0,1,34,1,2,0,2,3.0,1,TypeScript,2021-2023,0.4,17.0,0.0,1.0,0
0,3,0,1,1,71,6,0,5,1.2,1,TypeScript,2021-2023,0.4,0.01,0.0,0.17,2
11,5,1,0,1,1,1,0,0,0.0,0,TypeScript,2021-2023,1.0,0.5,0.0,0.0,0
21,3,0,0,7,0,1,0,1,23.0,1,TypeScript,2021-2023,0.4,7.0,0.0,11.5,11
19,4,0,0,1,1,1,0,0,0.0,0,TypeScript,2021-2023,1.0,0.5,0.0,0.0,0
19,3,0,0,1,1,1,0,0,0.0,0,TypeScript,2021-2023,1.0,0.5,0.0,0.0,0
21,6,1,0,32,0,2,0,2,1.0,0,TypeScript,2021-2023,1.0,32.0,0.0,0.33,12
21,2,0,0,1,1,1,0,0,0.0,0,TypeScript,2021-2023,1.0,0.5,0.0,0.0,0
22,4,0,1,1,1,1,0,0,0.0,0,TypeScript,2021-2023,1.0,0.5,0.0,0.0,0
15,0,0,0,13,13,13,0,0,0.0,0,TypeScript,2021-2023,1.0,0.93,0.0,0.0,0
15,0,0,0,4,4,4,0,0,0.0,0,TypeScript,2021-2023,1.0,0.8,0.0,0.0,3
16,4,0,0,1,15,2,0,1,1.0,0,TypeScript,2021-2023,1.0,0.06,0.0,0.33,12
20,4,0,0,28,2,2,0,3,4.0,0,TypeScript,2021-2023,1.0,9.33,0.0,1.33,12
17,6,1,0,12,4,1,0,1,9.0,0,TypeScript,2021-2023,1.0,2.4,0.0,4.5,0
21,6,1,0,2,11,2,0,1,8.0,1,TypeScript,2021-2023,0.4,0.17,0.0,2.67,0
1,0,0,1,6,4,2,0,4,3.5,0,TypeScript,2021-2023,1.0,1.2,0.0,1.17,12
11,1,0,0,30,14,8,0,16,3.5,1,TypeScript,2021-2023,0.5,2.0,0.0,0.39,12
19,2,0,0,1,1,1,0,0,0.0,0,TypeScript,2021-2023,1.0,0.5,0.0,0.0,0
17,5,1,0,31,0,2,0,3,4.0,1,TypeScript,2021-2023,0.4,31.0,0.0,1.33,13
17,5,1,0,39,30,7,0,5,4.0,0,TypeScript,2021-2023,1.0,1.26,0.0,0.5,14
17,5,1,0,1,1,1,0,1,9.0,0,TypeScript,2021-2023,1.0,0.5,0.0,4.5,15
0,2,0,1,28,1,2,1,0,0.0,0,TypeScript,2021-2023,1.0,14.0,0.33,0.0,0
0,2,0,1,24,0,1,0,0,0.0,0,TypeScript,2021-2023,1.0,24.0,0.0,0.0,0
22,2,0,1,203,225,17,0,21,3.57,0,TypeScript,2021-2023,1.0,0.9,0.0,0.2,14
13,5,1,0,2,0,1,0,0,0.0,0,TypeScript,2021-2023,1.0,2.0,0.0,0.0,0
15,5,1,0,1,1,1,0,0,0.0,0,TypeScript,2021-2023,1.0,0.5,0.0,0.0,0
16,5,1,0,5,10,5,0,10,3.0,0,TypeScript,2021-2023,1.0,0.45,0.0,0.5,3
16,3,0,0,6,4,1,0,2,1.0,0,TypeScript,2021-2023,1.0,1.2,0.0,0.5,0
22,3,0,1,222,35,2,0,8,2.88,0,TypeScript,2021-2023,1.0,6.17,0.0,0.96,0
13,6,1,0,6,6,1,0,0,0.0,0,TypeScript,2021-2023,1.0,0.86,0.0,0.0,0
13,6,1,0,6,6,1,0,0,0.0,0,TypeScript,2021-2023,1.0,0.86,0.0,0.0,0
3,0,0,1,6,3,1,0,0,0.0,0,TypeScript,2021-2023,1.0,1.5,0.0,0.0,0
13,0,0,0,1,0,1,0,0,0.0,0,TypeScript,2021-2023,1.0,1.0,0.0,0.0,0
11,2,0,0,4,7,1,0,2,1.5,0,TypeScript,2021-2023,1.0,0.5,0.0,0.75,0
11,0,0,0,1,0,1,0,0,0.0,0,TypeScript,2021-2023,1.0,1.0,0.0,0.0,0
11,0,0,0,1,0,1,0,0,0.0,0,TypeScript,2021-2023,1.0,1.0,0.0,0.0,0
5,1,0,1,28,0,2,0,0,0.0,0,TypeScript,2021-2023,1.0,28.0,0.0,0.0,0
10,1,0,0,6,6,1,0,0,0.0,0,TypeScript,2021-2023,1.0,0.86,0.0,0.0,0
11,1,0,0,6,6,1,0,0,0.0,0,TypeScript,2021-2023,1.0,0.86,0.0,0.0,0
2,5,1,1,7,4,1,0,0,0.0,0,TypeScript,2021-2023,1.0,1.4,0.0,0.0,0
11,0,0,0,1,1,1,0,2,4.0,0,TypeScript,2021-2023,1.0,0.5,0.0,2.0,0
14,0,0,0,801,301,5,0,15,1.0,0,TypeScript,2021-2023,1.0,2.65,0.0,0.17,0
23,0,0,1,87,1,2,0,2,8.0,1,TypeScript,2021-2023,0.4,43.5,0.0,2.67,0
7,1,0,0,3,4,1,0,0,0.0,0,TypeScript,2021-2023,1.0,0.6,0.0,0.0,0
17,1,0,0,1,1,1,0,0,0.0,0,TypeScript,2021-2023,1.0,0.5,0.0,0.0,0
16,3,0,0,75,15,7,0,9,1.22,0,TypeScript,2021-2023,1.0,4.69,0.0,0.15,0
18,3,0,0,10,11,4,0,2,1.0,0,TypeScript,2021-2023,1.0,0.83,0.0,0.2,0
18,3,0,0,9,2,2,0,4,1.0,0,TypeScript,2021-2023,1.0,3.0,0.0,0.33,0
10,4,0,0,12595,29715,313,0,405,1.77,0,TypeScript,2021-2023,1.0,0.42,0.0,0.01,0
11,4,0,0,6,1,1,0,0,0.0,0,TypeScript,2021-2023,1.0,3.0,0.0,0.0,0
11,4,0,0,0,1,1,0,1,1.0,0,TypeScript,2021-2023,1.0,0.0,0.0,0.5,0
11,4,0,0,1,1,1,0,1,4.0,0,TypeScript,2021-2023,1.0,0.5,0.0,2.0,0
11,4,0,0,14,1,2,0,0,0.0,0,TypeScript,2021-2023,1.0,7.0,0.0,0.0,0
14,4,0,0,9,9,1,0,0,0.0,0,TypeScript,2021-2023,1.0,0.9,0.0,0.0,0
19,4,0,0,7,1,1,0,0,0.0,0,TypeScript,2021-2023,1.0,3.5,0.0,0.0,0
23,4,0,1,34,209,6,0,5,1.0,0,TypeScript,2021-2023,1.0,0.16,0.0,0.14,0
1,6,1,1,1,1,1,0,0,0.0,0,TypeScript,2021-2023,1.0,0.5,0.0,0.0,0
9,0,0,0,6,6,1,0,0,0.0,0,TypeScript,2021-2023,1.0,0.86,0.0,0.0,0
10,0,0,0,0,3,1,0,0,0.0,0,TypeScript,2021-2023,1.0,0.0,0.0,0.0,0
10,0,0,0,10,1,1,0,1,2.0,0,TypeScript,2021-2023,1.0,5.0,0.0,1.0,0
16,2,0,0,4,3,1,0,1,2.0,0,TypeScript,2021-2023,1.0,1.0,0.0,1.0,0
16,2,0,0,4,0,1,0,0,0.0,0,TypeScript,2021-2023,1.0,4.0,0.0,0.0,0
16,2,0,0,9,1,1,0,2,3.0,0,TypeScript,2021-2023,1.0,4.5,0.0,1.5,0
19,2,0,0,616,28,5,0,9,2.44,0,TypeScript,2021-2023,1.0,21.24,0.0,0.41,0
19,2,0,0,8,0,1,0,0,0.0,0,TypeScript,2021-2023,1.0,8.0,0.0,0.0,0
17,3,0,0,85,3,1,0,5,2.8,0,TypeScript,2021-2023,1.0,21.25,0.0,1.4,0
18,3,0,0,13,0,1,0,0,0.0,0,TypeScript,2021-2023,1.0,13.0,0.0,0.0,0
11,4,0,0,1,1,1,0,0,0.0,0,TypeScript,2021-2023,1.0,0.5,0.0,0.0,0
15,4,0,0,3,1,1,0,0,0.0,0,TypeScript,2021-2023,1.0,1.5,0.0,0.0,0
16,1,0,0,1,1,1,0,2,1.0,0,TypeScript,2021-2023,1.0,0.5,0.0,0.5,0
18,1,0,0,1,1,1,0,0,0.0,0,TypeScript,2021-2023,1.0,0.5,0.0,0.0,0
11,2,0,0,11,24,3,0,0,0.0,0,TypeScript,2021-2023,1.0,0.44,0.0,0.0,0
17,2,0,0,132,200,33,0,26,2.58,0,TypeScript,2021-2023,1.0,0.66,0.0,0.08,0
17,2,0,0,24,27,1,0,4,2.5,0,TypeScript,2021-2023,1.0,0.86,0.0,1.25,0
18,2,0,0,3,164127,3,0,3728,3.62,0,TypeScript,2021-2023,1.0,0.0,0.0,0.9,0
15,3,0,0,2,2,1,0,0,0.0,0,TypeScript,2021-2023,1.0,0.67,0.0,0.0,0
15,3,0,0,1,1,1,0,1,14.0,0,TypeScript,2021-2023,1.0,0.5,0.0,7.0,0
16,3,0,0,649,26,8,0,0,0.0,0,TypeScript,2021-2023,1.0,24.04,0.0,0.0,0
11,4,0,0,45,0,4,0,1,1.0,0,TypeScript,2021-2023,1.0,45.0,0.0,0.2,0
11,4,0,0,6,5,1,0,0,0.0,0,TypeScript,2021-2023,1.0,1.0,0.0,0.0,0
14,4,0,0,16,12,3,0,0,0.0,0,TypeScript,2021-2023,1.0,1.23,0.0,0.0,0
15,4,0,0,127,59,2,0,0,0.0,0,TypeScript,2021-2023,1.0,2.12,0.0,0.0,0
17,4,0,0,4,0,1,0,0,0.0,0,TypeScript,2021-2023,1.0,4.0,0.0,0.0,0
13,0,0,0,149,50,2,0,0,0.0,0,TypeScript,2021-2023,1.0,2.92,0.0,0.0,0
13,0,0,0,1,1,1,0,0,0.0,0,TypeScript,2021-2023,1.0,0.5,0.0,0.0,0
14,0,0,0,4,0,1,0,0,0.0,0,TypeScript,2021-2023,1.0,4.0,0.0,0.0,0
0,1,0,1,20,1,2,0,2,3.0,0,TypeScript,2021-2023,1.0,10.0,0.0,1.0,1
10,1,0,0,9,0,1,0,2,6.5,0,TypeScript,2021-2023,1.0,9.0,0.0,3.25,0
15,1,0,0,45,8,4,0,7,2.14,0,TypeScript,2021-2023,1.0,5.0,0.0,0.43,0
15,1,0,0,0,3,1,0,1,2.0,0,TypeScript,2021-2023,1.0,0.0,0.0,1.0,0
15,1,0,0,1,0,1,0,0,0.0,0,TypeScript,2021-2023,1.0,1.0,0.0,0.0,0
15,1,0,0,4,1,1,0,0,0.0,0,TypeScript,2021-2023,1.0,2.0,0.0,0.0,0
9,2,0,0,0,3,1,0,0,0.0,0,TypeScript,2021-2023,1.0,0.0,0.0,0.0,0
10,2,0,0,7,2,1,0,0,0.0,0,TypeScript,2021-2023,1.0,2.33,0.0,0.0,0
14,2,0,0,26,20,4,0,6,4.0,0,TypeScript,2021-2023,1.0,1.24,0.0,0.8,0
12,3,0,0,16,24,3,0,6,2.67,0,TypeScript,2021-2023,1.0,0.64,0.0,0.67,0
22,3,0,1,7,8,1,0,0,0.0,0,TypeScript,2021-2023,1.0,0.78,0.0,0.0,0
9,4,0,0,3,3,1,0,0,0.0,0,TypeScript,2021-2023,1.0,0.75,0.0,0.0,0
12,4,0,0,2,2,1,0,0,0.0,0,TypeScript,2021-2023,1.0,0.67,0.0,0.0,0
14,4,0,0,42,189,4,0,0,0.0,0,TypeScript,2021-2023,1.0,0.22,0.0,0.0,0
14,4,0,0,17,14,5,0,0,0.0,0,TypeScript,2021-2023,1.0,1.13,0.0,0.0,0
14,4,0,0,39395,28419,5,0,2145,4.76,0,TypeScript,2021-2023,1.0,1.39,0.0,0.79,0
14,4,0,0,2,2,1,0,1,5.0,0,TypeScript,2021-2023,1.0,0.67,0.0,2.5,0
14,4,0,0,7,7,1,0,0,0.0,0,TypeScript,2021-2023,1.0,0.88,0.0,0.0,0
14,4,0,0,1,1,1,0,0,0.0,0,TypeScript,2021-2023,1.0,0.5,0.0,0.0,0
14,4,0,0,31,28,4,0,0,0.0,0,TypeScript,2021-2023,1.0,1.07,0.0,0.0,0
21,5,1,0,150,49,11,0,7,1.14,0,TypeScript,2021-2023,1.0,3.0,0.0,0.09,0
19,0,0,0,2,2,1,0,1,1.0,0,TypeScript,2021-2023,1.0,0.67,0.0,0.5,0
21,1,0,0,51,27,1,0,1,5.0,0,TypeScript,2021-2023,1.0,1.82,0.0,2.5,0
6,4,0,0,3,6,3,0,0,0.0,0,TypeScript,2021-2023,1.0,0.43,0.0,0.0,0
14,4,0,0,1,1,1,0,1,1.0,0,TypeScript,2021-2023,1.0,0.5,0.0,0.5,0
16,4,0,0,17,9,1,0,5,2.2,1,TypeScript,2021-2023,0.4,1.7,0.0,1.1,14
15,6,1,0,30,36,3,0,0,0.0,0,TypeScript,2021-2023,1.0,0.81,0.0,0.0,0
13,1,0,0,3,28,2,0,0,0.0,0,TypeScript,2021-2023,1.0,0.1,0.0,0.0,0
4,2,0,1,8,5,2,0,0,0.0,0,TypeScript,2021-2023,1.0,1.33,0.0,0.0,0
7,2,0,0,5,5,2,0,0,0.0,0,TypeScript,2021-2023,1.0,0.83,0.0,0.0,0
9,2,0,0,46,46,1,0,0,0.0,0,TypeScript,2021-2023,1.0,0.98,0.0,0.0,0
10,2,0,0,10,10,2,0,0,0.0,0,TypeScript,2021-2023,1.0,0.91,0.0,0.0,0
10,2,0,0,46,46,1,0,0,0.0,0,TypeScript,2021-2023,1.0,0.98,0.0,0.0,0
20,2,0,0,1469,1237,280,0,355,2.8,1,TypeScript,2021-2023,0.4,1.19,0.0,0.01,15
12,3,0,0,170391,176100,15,0,4693,3.45,0,TypeScript,2021-2023,1.0,0.97,0.0,0.22,0
11,5,1,0,59,0,5,0,1,2.0,0,TypeScript,2021-2023,1.0,59.0,0.0,0.33,0
13,5,1,0,2,1,1,0,0,0.0,0,TypeScript,2021-2023,1.0,1.0,0.0,0.0,3
17,1,0,0,29,28,2,0,0,0.0,0,TypeScript,2021-2023,1.0,1.0,0.0,0.0,0
20,1,0,0,1,1,1,0,2,1.5,0,TypeScript,2021-2023,1.0,0.5,0.0,0.75,0
23,2,0,1,51,1,2,1,0,0.0,0,TypeScript,2021-2023,1.0,25.5,0.33,0.0,0
20,3,0,0,28,29,2,0,0,0.0,0,TypeScript,2021-2023,1.0,0.93,0.0,0.0,0
20,3,0,0,1,0,1,0,0,0.0,0,TypeScript,2021-2023,1.0,1.0,0.0,0.0,0
17,5,1,0,111,1,2,1,0,0.0,0,TypeScript,2021-2023,1.0,55.5,0.33,0.0,0
18,5,1,0,35,2,2,1,0,0.0,0,TypeScript,2021-2023,1.0,11.67,0.33,0.0,0
13,0,0,0,17,10,1,0,0,0.0,0,TypeScript,2021-2023,1.0,1.55,0.0,0.0,0
18,0,0,0,2,0,1,0,0,0.0,0,TypeScript,2021-2023,1.0,2.0,0.0,0.0,0
11,4,0,0,9,9,3,0,2,1.0,0,TypeScript,2021-2023,1.0,0.9,0.0,0.25,0
12,4,0,0,5,3,1,0,1,2.0,0,TypeScript,2021-2023,1.0,1.25,0.0,1.0,0
12,0,0,0,12,8,4,0,1,6.0,0,TypeScript,2021-2023,1.0,1.33,0.0,1.2,0
19,0,0,0,4475,0,5,1,3,2.0,0,TypeScript,2021-2023,1.0,4475.0,0.17,0.33,0
10,1,0,0,1,3,1,0,1,3.0,0,TypeScript,2021-2023,1.0,0.25,0.0,1.5,0
10,1,0,0,23,4,3,0,0,0.0,0,TypeScript,2021-2023,1.0,4.6,0.0,0.0,0
11,1,0,0,2,0,1,0,1,1.0,0,TypeScript,2021-2023,1.0,2.0,0.0,0.5,0
15,1,0,0,20,484,2,0,0,0.0,0,TypeScript,2021-2023,1.0,0.04,0.0,0.0,0
12,2,0,0,49,4,3,0,6,1.67,0,TypeScript,2021-2023,1.0,9.8,0.0,0.42,0
12,2,0,0,111,74,3,0,8,1.38,0,TypeScript,2021-2023,1.0,1.48,0.0,0.34,0
17,2,0,0,6,2,2,0,0,0.0,0,TypeScript,2021-2023,1.0,2.0,0.0,0.0,0
16,3,0,0,11,5,2,0,1,3.0,0,TypeScript,2021-2023,1.0,1.83,0.0,1.0,0
17,3,0,0,36,13,2,0,2,4.0,0,TypeScript,2021-2023,1.0,2.57,0.0,1.33,0
13,4,0,0,93,9,6,0,9,1.89,0,TypeScript,2021-2023,1.0,9.3,0.0,0.27,0
13,4,0,0,2,2,1,0,0,0.0,0,TypeScript,2021-2023,1.0,0.67,0.0,0.0,0
13,4,0,0,11,6,1,0,2,1.5,0,TypeScript,2021-2023,1.0,1.57,0.0,0.75,0
13,4,0,0,19,2,1,0,4,2.25,0,TypeScript,2021-2023,1.0,6.33,0.0,1.12,0
15,4,0,0,255,1,2,1,0,0.0,0,TypeScript,2021-2023,1.0,127.5,0.33,0.0,0
20,4,0,0,11,11,1,0,3,1.0,0,TypeScript,2021-2023,1.0,0.92,0.0,0.5,0
15,3,0,0,36,20,4,0,7,2.14,0,TypeScript,2021-2023,1.0,1.71,0.0,0.43,0
16,3,0,0,4,1,1,0,0,0.0,0,TypeScript,2021-2023,1.0,2.0,0.0,0.0,0
13,1,0,0,119,1,3,2,0,0.0,0,TypeScript,2021-2023,1.0,59.5,0.5,0.0,0
9,3,0,0,1,0,1,0,0,0.0,0,TypeScript,2021-2023,1.0,1.0,0.0,0.0,0
11,3,0,0,1,1,1,0,3,2.33,0,TypeScript,2021-2023,1.0,0.5,0.0,1.16,0
22,3,0,1,21,1,3,0,3,3.67,0,TypeScript,2021-2023,1.0,10.5,0.0,0.92,1
22,3,0,1,327,109,24,0,43,1.95,1,TypeScript,2021-2023,0.4,2.97,0.0,0.08,0
19,1,0,0,534,154,1,0,0,0.0,0,TypeScript,2021-2023,1.0,3.45,0.0,0.0,0
14,2,0,0,7,3,1,0,2,3.0,0,TypeScript,2021-2023,1.0,1.75,0.0,1.5,0
12,3,0,0,2,0,1,0,0,0.0,0,TypeScript,2021-2023,1.0,2.0,0.0,0.0,0
23,0,0,1,3,3,1,0,2,1.5,1,TypeScript,2021-2023,0.4,0.75,0.0,0.75,0
14,1,0,0,16,2,2,0,0,0.0,0,TypeScript,2021-2023,1.0,5.33,0.0,0.0,0
6,3,0,0,1,1,1,0,0,0.0,0,TypeScript,2021-2023,1.0,0.5,0.0,0.0,0
10,5,1,0,2,1,1,0,0,0.0,0,TypeScript,2021-2023,1.0,1.0,0.0,0.0,0
0,6,1,1,15,1,2,0,1,1.0,1,TypeScript,2021-2023,0.4,7.5,0.0,0.33,16
9,4,0,0,2,0,2,0,2,4.0,0,TypeScript,2021-2023,1.0,2.0,0.0,1.33,0
17,2,0,0,1,1,1,0,0,0.0,0,TypeScript,2021-2023,1.0,0.5,0.0,0.0,0
8,3,0,0,3,2,2,0,0,0.0,0,TypeScript,2021-2023,1.0,1.0,0.0,0.0,0
0,4,0,1,2,2,1,0,0,0.0,0,TypeScript,2021-2023,1.0,0.67,0.0,0.0,0
2,5,1,1,11,2,2,0,3,4.0,0,TypeScript,2021-2023,1.0,3.67,0.0,1.33,17
2,5,1,1,228,1,9,0,9,1.11,0,TypeScript,2021-2023,1.0,114.0,0.0,0.11,1
21,5,1,0,222,0,6,0,10,1.1,1,TypeScript,2021-2023,0.4,222.0,0.0,0.16,1
23,6,1,1,27,11,1,0,0,0.0,0,TypeScript,2021-2023,1.0,2.25,0.0,0.0,0
17,0,0,0,31,5,5,0,5,2.2,0,TypeScript,2021-2023,1.0,5.17,0.0,0.37,0
0,1,0,1,17,3,2,0,0,0.0,0,TypeScript,2021-2023,1.0,4.25,0.0,0.0,0
6,1,0,0,8,8,2,0,0,0.0,0,TypeScript,2021-2023,1.0,0.89,0.0,0.0,0
10,1,0,0,9,9,1,0,0,0.0,0,TypeScript,2021-2023,1.0,0.9,0.0,0.0,0
10,1,0,0,1,1,1,0,0,0.0,0,TypeScript,2021-2023,1.0,0.5,0.0,0.0,0
13,1,0,0,10,10,2,0,0,0.0,0,TypeScript,2021-2023,1.0,0.91,0.0,0.0,0
14,1,0,0,23,19,1,0,0,0.0,0,TypeScript,2021-2023,1.0,1.15,0.0,0.0,0
11,0,0,0,28,11,2,0,4,2.25,0,TypeScript,2021-2023,1.0,2.33,0.0,0.75,0
15,4,0,0,26,1,2,0,2,1.0,0,TypeScript,2021-2023,1.0,13.0,0.0,0.33,0
13,2,0,0,6,8,1,0,2,3.0,0,TypeScript,2021-2023,1.0,0.67,0.0,1.5,0
19,2,0,0,1,1,1,0,0,0.0,0,TypeScript,2021-2023,1.0,0.5,0.0,0.0,0
9,5,1,0,43,9,2,1,0,0.0,0,TypeScript,2021-2023,1.0,4.3,0.33,0.0,0
14,3,0,0,14,12,1,0,1,8.0,0,TypeScript,2021-2023,1.0,1.08,0.0,4.0,0
23,3,0,1,12,7,6,0,8,2.25,0,TypeScript,2021-2023,1.0,1.5,0.0,0.32,0
9,4,0,0,1,1,1,0,0,0.0,0,TypeScript,2021-2023,1.0,0.5,0.0,0.0,0
10,4,0,0,33,0,1,1,0,0.0,0,TypeScript,2021-2023,1.0,33.0,0.5,0.0,0
16,4,0,0,22,14,4,0,0,0.0,0,TypeScript,2021-2023,1.0,1.47,0.0,0.0,0
20,4,0,0,3,3,2,0,0,0.0,0,TypeScript,2021-2023,1.0,0.75,0.0,0.0,0
21,4,0,0,2,0,1,0,0,0.0,0,TypeScript,2021-2023,1.0,2.0,0.0,0.0,0
11,6,1,0,48,14,1,0,0,0.0,0,TypeScript,2021-2023,1.0,3.2,0.0,0.0,0
1,0,0,1,40,2,4,0,6,1.0,1,TypeScript,2021-2023,0.4,13.33,0.0,0.2,2
1,0,0,1,213,7,12,0,14,1.14,0,TypeScript,2021-2023,1.0,26.62,0.0,0.09,3
22,1,0,1,1,1,1,0,0,0.0,0,TypeScript,2021-2023,1.0,0.5,0.0,0.0,3
22,2,0,1,6,6,1,0,0,0.0,0,TypeScript,2021-2023,1.0,0.86,0.0,0.0,0
14,1,0,0,26,0,1,0,0,0.0,0,TypeScript,2021-2023,1.0,26.0,0.0,0.0,0
21,1,0,0,6,6,1,0,0,0.0,0,TypeScript,2021-2023,1.0,0.86,0.0,0.0,0
5,2,0,1,6,6,1,0,0,0.0,0,TypeScript,2021-2023,1.0,0.86,0.0,0.0,0
17,2,0,0,11,6,3,0,2,2.5,0,TypeScript,2021-2023,1.0,1.57,0.0,0.62,0
17,2,0,0,4,4,1,0,1,4.0,0,TypeScript,2021-2023,1.0,0.8,0.0,2.0,0
23,1,0,1,18,19,7,0,9,5.0,1,TypeScript,2021-2023,0.2,0.9,0.0,0.62,17
23,1,0,1,0,58,1,0,0,0.0,0,TypeScript,2021-2023,1.0,0.0,0.0,0.0,3
10,3,0,0,3,0,1,0,0,0.0,0,TypeScript,2021-2023,1.0,3.0,0.0,0.0,0
19,3,0,0,1,33,4,0,5,9.0,0,TypeScript,2021-2023,1.0,0.03,0.0,1.8,18
7,0,0,0,30,18,5,0,6,2.17,0,TypeScript,2021-2023,1.0,1.58,0.0,0.36,0
15,0,0,0,2,2,1,0,1,2.0,0,TypeScript,2021-2023,1.0,0.67,0.0,1.0,0
15,0,0,0,10,3,3,0,1,2.0,0,TypeScript,2021-2023,1.0,2.5,0.0,0.5,0
0,2,0,1,1,15,2,0,1,1.0,1,TypeScript,2021-2023,0.5,0.06,0.0,0.33,18
0,2,0,1,77,1,2,0,3,2.33,1,TypeScript,2021-2023,0.4,38.5,0.0,0.78,3
15,3,0,0,31,13,3,0,0,0.0,0,TypeScript,2021-2023,1.0,2.21,0.0,0.0,0
19,3,0,0,7,0,1,0,0,0.0,0,TypeScript,2021-2023,1.0,7.0,0.0,0.0,0
23,6,1,1,72,1,5,0,11,2.0,0,TypeScript,2021-2023,1.0,36.0,0.0,0.33,0
21,0,0,0,34,9,3,0,5,1.8,0,TypeScript,2021-2023,1.0,3.4,0.0,0.45,0
9,3,0,0,5,113,2,0,4,1.25,0,TypeScript,2021-2023,1.0,0.04,0.0,0.42,3
10,3,0,0,7,7,3,0,0,0.0,0,TypeScript,2021-2023,1.0,0.88,0.0,0.0,3
0,4,0,1,6,6,3,0,0,0.0,0,TypeScript,2021-2023,1.0,0.86,0.0,0.0,0
3,5,1,1,35,7,2,1,0,0.0,0,TypeScript,2021-2023,1.0,4.38,0.33,0.0,0
20,2,0,0,734,576,12,0,77,2.27,0,TypeScript,2021-2023,1.0,1.27,0.0,0.17,0
13,0,0,0,18,12,3,0,0,0.0,0,TypeScript,2021-2023,1.0,1.38,0.0,0.0,0
13,0,0,0,2,107,2,1,5,1.8,0,TypeScript,2021-2023,1.0,0.02,0.33,0.6,0
16,3,0,0,130,86,2,0,0,0.0,0,TypeScript,2021-2023,1.0,1.49,0.0,0.0,0
16,3,0,0,24,14,1,0,0,0.0,0,TypeScript,2021-2023,1.0,1.6,0.0,0.0,0
16,3,0,0,24,8,1,0,0,0.0,0,TypeScript,2021-2023,1.0,2.67,0.0,0.0,0
18,3,0,0,0,30,4,0,1,1.0,0,TypeScript,2021-2023,1.0,0.0,0.0,0.2,0
18,3,0,0,8,3,2,0,0,0.0,0,TypeScript,2021-2023,1.0,2.0,0.0,0.0,0
18,3,0,0,10,10,2,0,0,0.0,0,TypeScript,2021-2023,1.0,0.91,0.0,0.0,0
8,4,0,0,24,14,1,0,0,0.0,0,TypeScript,2021-2023,1.0,1.6,0.0,0.0,0
8,4,0,0,24,14,1,0,0,0.0,0,TypeScript,2021-2023,1.0,1.6,0.0,0.0,0
10,4,0,0,1813,8,2,0,0,0.0,0,TypeScript,2021-2023,1.0,201.44,0.0,0.0,0
14,4,0,0,12,1794,3,0,0,0.0,0,TypeScript,2021-2023,1.0,0.01,0.0,0.0,0
15,4,0,0,9,9,2,0,0,0.0,0,TypeScript,2021-2023,1.0,0.9,0.0,0.0,0
17,4,0,0,33,0,2,1,3,1.67,0,TypeScript,2021-2023,1.0,33.0,0.33,0.56,0
17,4,0,0,132,132,35,0,0,0.0,0,TypeScript,2021-2023,1.0,0.99,0.0,0.0,0
22,4,0,1,18,18,3,0,0,0.0,0,TypeScript,2021-2023,1.0,0.95,0.0,0.0,0
22,5,1,1,4,1,1,0,1,2.0,0,TypeScript,2021-2023,1.0,2.0,0.0,1.0,0
20,6,1,0,1,1,1,0,0,0.0,0,TypeScript,2021-2023,1.0,0.5,0.0,0.0,0
0,0,0,1,17,17,4,0,0,0.0,0,TypeScript,2021-2023,1.0,0.94,0.0,0.0,0
16,0,0,0,3,3,1,0,2,1.5,1,TypeScript,2021-2023,0.4,0.75,0.0,0.75,4
16,0,0,0,35,7,2,1,0,0.0,0,TypeScript,2021-2023,1.0,4.38,0.33,0.0,0
4,1,0,1,18,18,3,0,0,0.0,0,TypeScript,2021-2023,1.0,0.95,0.0,0.0,0
18,1,0,0,1,0,1,0,0,0.0,0,TypeScript,2021-2023,1.0,1.0,0.0,0.0,0
23,1,0,1,0,2,1,0,0,0.0,0,TypeScript,2021-2023,1.0,0.0,0.0,0.0,0
18,2,0,0,31,41,3,0,0,0.0,0,TypeScript,2021-2023,1.0,0.74,0.0,0.0,0
0,4,0,1,5,5,2,0,0,0.0,0,TypeScript,2021-2023,1.0,0.83,0.0,0.0,0
10,4,0,0,1,1,1,0,0,0.0,0,TypeScript,2021-2023,1.0,0.5,0.0,0.0,0
16,4,0,0,5,5,2,0,0,0.0,0,TypeScript,2021-2023,1.0,0.83,0.0,0.0,0
2,5,1,1,5,5,2,0,0,0.0,0,TypeScript,2021-2023,1.0,0.83,0.0,0.0,0
8,0,0,0,0,348,4,0,5,1.2,0,TypeScript,2021-2023,1.0,0.0,0.0,0.24,0
18,0,0,0,4,4,1,0,0,0.0,0,TypeScript,2021-2023,1.0,0.8,0.0,0.0,0
18,0,0,0,2,1,1,0,2,1.0,0,TypeScript,2021-2023,1.0,1.0,0.0,0.5,0
20,0,0,0,8,6,2,0,0,0.0,0,TypeScript,2021-2023,1.0,1.14,0.0,0.0,0
1,1,0,1,18,18,3,0,0,0.0,0,TypeScript,2021-2023,1.0,0.95,0.0,0.0,0
16,1,0,0,81,75,19,0,2,3.0,0,TypeScript,2021-2023,1.0,1.07,0.0,0.15,0
17,1,0,0,67,7,1,0,0,0.0,0,TypeScript,2021-2023,1.0,8.38,0.0,0.0,0
23,1,0,1,0,1,1,0,0,0.0,0,TypeScript,2021-2023,1.0,0.0,0.0,0.0,0
6,2,0,0,5,5,2,0,0,0.0,0,TypeScript,2021-2023,1.0,0.83,0.0,0.0,0
1,3,0,1,18,18,3,0,0,0.0,0,TypeScript,2021-2023,1.0,0.95,0.0,0.0,0
11,3,0,0,5,5,4,0,4,7.0,0,TypeScript,2021-2023,1.0,0.83,0.0,1.4,0
12,3,0,0,1,1,1,0,0,0.0,0,TypeScript,2021-2023,1.0,0.5,0.0,0.0,0
12,3,0,0,92,85,23,11,28,2.11,0,TypeScript,2021-2023,1.0,1.07,0.46,0.09,0
12,3,0,0,136,136,36,0,0,0.0,0,TypeScript,2021-2023,1.0,0.99,0.0,0.0,0
13,3,0,0,1,1,1,0,0,0.0,0,TypeScript,2021-2023,1.0,0.5,0.0,0.0,0
13,3,0,0,5,0,1,0,0,0.0,0,TypeScript,2021-2023,1.0,5.0,0.0,0.0,0
9,4,0,0,171,198,1,0,0,0.0,0,TypeScript,2021-2023,1.0,0.86,0.0,0.0,0
9,4,0,0,206,189,1,0,0,0.0,0,TypeScript,2021-2023,1.0,1.08,0.0,0.0,0
13,4,0,0,18,38,3,0,0,0.0,0,TypeScript,2021-2023,1.0,0.46,0.0,0.0,0
14,4,0,0,9,9,2,0,0,0.0,0,TypeScript,2021-2023,1.0,0.9,0.0,0.0,0
14,4,0,0,5,5,2,0,0,0.0,0,TypeScript,2021-2023,1.0,0.83,0.0,0.0,0
20,4,0,0,888,916,111,69,122,1.48,0,TypeScript,2021-2023,1.0,0.97,0.62,0.01,0
1,6,1,1,185,117,5,0,0,0.0,0,TypeScript,2021-2023,1.0,1.57,0.0,0.0,0
3,6,1,1,10,5,1,0,4,1.25,0,TypeScript,2021-2023,1.0,1.67,0.0,0.62,15
13,0,0,0,2,19,3,0,5,1.0,1,TypeScript,2021-2023,1.0,0.1,0.0,0.25,19
17,0,0,0,13,13,5,0,0,0.0,0,TypeScript,2021-2023,1.0,0.93,0.0,0.0,0
21,0,0,0,204,28,4,1,9,4.0,0,TypeScript,2021-2023,1.0,7.03,0.2,0.8,0
17,1,0,0,98,3,4,1,1,1.0,0,TypeScript,2021-2023,1.0,24.5,0.2,0.2,0
17,1,0,0,136,136,36,0,0,0.0,0,TypeScript,2021-2023,1.0,0.99,0.0,0.0,0
22,2,0,1,26,26,3,0,0,0.0,0,TypeScript,2021-2023,1.0,0.96,0.0,0.0,0
9,3,0,0,88,79,3,0,7,5.0,0,TypeScript,2021-2023,1.0,1.1,0.0,1.25,0
14,3,0,0,226,144,3,1,18,2.78,0,TypeScript,2021-2023,1.0,1.56,0.25,0.7,0
14,3,0,0,9,9,2,0,0,0.0,0,TypeScript,2021-2023,1.0,0.9,0.0,0.0,0
14,3,0,0,136,136,36,0,0,0.0,0,TypeScript,2021-2023,1.0,0.99,0.0,0.0,0
15,3,0,0,8,3,1,0,0,0.0,0,TypeScript,2021-2023,1.0,2.0,0.0,0.0,0
15,3,0,0,1,1,1,0,0,0.0,0,TypeScript,2021-2023,1.0,0.5,0.0,0.0,0
0,4,0,1,5,5,3,1,0,0.0,0,TypeScript,2021-2023,1.0,0.83,0.25,0.0,0
0,4,0,1,5,5,3,1,0,0.0,0,TypeScript,2021-2023,1.0,0.83,0.25,0.0,0
19,4,0,0,13,14,2,0,0,0.0,0,TypeScript,2021-2023,1.0,0.87,0.0,0.0,0
20,4,0,0,17,16,2,0,0,0.0,0,TypeScript,2021-2023,1.0,1.0,0.0,0.0,0
21,4,0,0,16,114,10,0,1,6.0,0,TypeScript,2021-2023,1.0,0.14,0.0,0.55,0
16,6,1,0,34,23,2,0,0,0.0,0,TypeScript,2021-2023,1.0,1.42,0.0,0.0,0
22,6,1,1,16,13,2,0,0,0.0,0,TypeScript,2021-2023,1.0,1.14,0.0,0.0,0
0,0,0,1,5,5,2,0,0,0.0,0,TypeScript,2021-2023,1.0,0.83,0.0,0.0,0
9,0,0,0,1,1,1,0,1,2.0,0,TypeScript,2021-2023,1.0,0.5,0.0,1.0,0
6,1,0,0,17,17,4,0,0,0.0,0,TypeScript,2021-2023,1.0,0.94,0.0,0.0,0
20,1,0,0,509,394,124,0,374,3.13,0,TypeScript,2021-2023,1.0,1.29,0.0,0.03,5
21,1,0,0,1,1,1,0,0,0.0,0,TypeScript,2021-2023,1.0,0.5,0.0,0.0,0
22,1,0,1,1,1,1,0,0,0.0,0,TypeScript,2021-2023,1.0,0.5,0.0,0.0,3
10,3,0,0,48,11,3,1,1,1.0,0,TypeScript,2021-2023,1.0,4.0,0.25,0.25,0
14,3,0,0,56,2,2,1,1,1.0,0,TypeScript,2021-2023,1.0,18.67,0.33,0.33,0
17,3,0,0,136,136,36,0,0,0.0,0,TypeScript,2021-2023,1.0,0.99,0.0,0.0,0
20,3,0,0,2,2,2,0,3,5.0,1,TypeScript,2021-2023,0.4,0.67,0.0,1.67,3
21,3,0,0,2170,2524,34,0,2,1.5,0,TypeScript,2021-2023,1.0,0.86,0.0,0.04,0
23,3,0,1,6,4,1,0,0,0.0,0,TypeScript,2021-2023,1.0,1.2,0.0,0.0,0
1,4,0,1,22,22,3,0,0,0.0,0,TypeScript,2021-2023,1.0,0.96,0.0,0.0,0
9,4,0,0,2,2,2,0,0,0.0,0,TypeScript,2021-2023,1.0,0.67,0.0,0.0,0
10,4,0,0,1,1,1,0,0,0.0,0,TypeScript,2021-2023,1.0,0.5,0.0,0.0,0
11,4,0,0,447,222,2,0,0,0.0,0,TypeScript,2021-2023,1.0,2.0,0.0,0.0,0
17,6,1,0,1,1,1,0,0,0.0,0,TypeScript,2021-2023,1.0,0.5,0.0,0.0,0
15,0,0,0,4,2,1,1,1,27.0,0,TypeScript,2021-2023,1.0,1.33,0.5,13.5,0
15,0,0,0,1,0,1,0,0,0.0,0,TypeScript,2021-2023,1.0,1.0,0.0,0.0,0
15,0,0,0,8,1,1,1,0,0.0,0,TypeScript,2021-2023,1.0,4.0,0.5,0.0,0
16,0,0,0,11,15,4,3,4,5.75,0,TypeScript,2021-2023,1.0,0.69,0.6,1.15,0
17,0,0,0,56,51,4,1,0,0.0,0,TypeScript,2021-2023,1.0,1.08,0.2,0.0,0
18,0,0,0,42,16,5,2,2,6.0,0,TypeScript,2021-2023,1.0,2.47,0.33,1.0,0
9,1,0,0,53,53,2,0,0,0.0,0,TypeScript,2021-2023,1.0,0.98,0.0,0.0,0
13,1,0,0,5,5,2,0,0,0.0,0,TypeScript,2021-2023,1.0,0.83,0.0,0.0,0
13,1,0,0,4,4,1,0,0,0.0,0,TypeScript,2021-2023,1.0,0.8,0.0,0.0,0
14,1,0,0,85,108,3,0,0,0.0,0,TypeScript,2021-2023,1.0,0.78,0.0,0.0,0
16,1,0,0,3,0,3,1,2,16.0,0,TypeScript,2021-2023,1.0,3.0,0.25,4.0,0
17,1,0,0,1,1,1,0,0,0.0,0,TypeScript,2021-2023,1.0,0.5,0.0,0.0,0
20,1,0,0,444,428,1,1,14,2.36,0,TypeScript,2021-2023,1.0,1.03,0.5,1.18,0
23,1,0,1,19,19,6,0,0,0.0,0,TypeScript,2021-2023,1.0,0.95,0.0,0.0,0
0,2,0,1,0,2,1,0,0,0.0,0,TypeScript,2021-2023,1.0,0.0,0.0,0.0,0
0,2,0,1,2,0,2,0,0,0.0,0,TypeScript,2021-2023,1.0,2.0,0.0,0.0,0
3,2,0,1,5,5,2,0,0,0.0,0,TypeScript,2021-2023,1.0,0.83,0.0,0.0,0
10,2,0,0,1,1,1,0,0,0.0,0,TypeScript,2021-2023,1.0,0.5,0.0,0.0,0
12,2,0,0,44,47,1,1,1,1.0,0,TypeScript,2021-2023,1.0,0.92,0.5,0.5,0
14,2,0,0,1,1,1,0,0,0.0,0,TypeScript,2021-2023,1.0,0.5,0.0,0.0,0
15,2,0,0,19,19,6,0,0,0.0,0,TypeScript,2021-2023,1.0,0.95,0.0,0.0,0
11,3,0,0,136,136,36,0,0,0.0,0,TypeScript,2021-2023,1.0,0.99,0.0,0.0,0
15,3,0,0,310,382,9,3,6,1.0,0,TypeScript,2021-2023,1.0,0.81,0.3,0.1,0
16,3,0,0,221,229,1,1,1,1.0,0,TypeScript,2021-2023,1.0,0.96,0.5,0.5,0
17,3,0,0,8,8,2,0,0,0.0,0,TypeScript,2021-2023,1.0,0.89,0.0,0.0,0
19,3,0,0,150,161,24,0,0,0.0,0,TypeScript,2021-2023,1.0,0.93,0.0,0.0,0
19,3,0,0,18,2,1,0,0,0.0,0,TypeScript,2021-2023,1.0,6.0,0.0,0.0,0
19,3,0,0,12,12,1,0,0,0.0,0,TypeScript,2021-2023,1.0,0.92,0.0,0.0,0
19,3,0,0,4,4,1,0,0,0.0,0,TypeScript,2021-2023,1.0,0.8,0.0,0.0,0
9,4,0,0,19,19,6,0,0,0.0,0,TypeScript,2021-2023,1.0,0.95,0.0,0.0,0
11,4,0,0,57,3,2,1,1,1.0,0,TypeScript,2021-2023,1.0,14.25,0.33,0.33,0
11,4,0,0,136,136,36,0,0,0.0,0,TypeScript,2021-2023,1.0,0.99,0.0,0.0,0
12,4,0,0,3,0,1,0,2,1.0,0,TypeScript,2021-2023,1.0,3.0,0.0,0.5,0
14,4,0,0,167,12,8,3,4,3.0,0,TypeScript,2021-2023,1.0,12.85,0.33,0.33,0
15,4,0,0,1,1,1,0,0,0.0,0,TypeScript,2021-2023,1.0,0.5,0.0,0.0,0
17,4,0,0,19,19,6,0,0,0.0,0,TypeScript,2021-2023,1.0,0.95,0.0,0.0,0
17,4,0,0,1,1,1,0,0,0.0,0,TypeScript,2021-2023,1.0,0.5,0.0,0.0,0
10,5,1,0,1,1,1,0,0,0.0,0,TypeScript,2021-2023,1.0,0.5,0.0,0.0,0
17,5,1,0,41,113,11,0,4,2.0,0,TypeScript,2021-2023,1.0,0.36,0.0,0.17,0
8,6,1,0,0,1,1,0,0,0.0,0,TypeScript,2021-2023,1.0,0.0,0.0,0.0,0
9,6,1,0,1,3,1,0,0,0.0,0,TypeScript,2021-2023,1.0,0.25,0.0,0.0,0
20,6,1,0,1,1,1,0,0,0.0,0,TypeScript,2021-2023,1.0,0.5,0.0,0.0,0
20,6,1,0,1,3,1,0,0,0.0,0,TypeScript,2021-2023,1.0,0.25,0.0,0.0,0
20,6,1,0,1,2,1,0,0,0.0,0,TypeScript,2021-2023,1.0,0.33,0.0,0.0,0
10,0,0,0,12,12,2,0,0,0.0,0,TypeScript,2021-2023,1.0,0.92,0.0,0.0,0
11,0,0,0,130,4,2,0,0,0.0,0,TypeScript,2021-2023,1.0,26.0,0.0,0.0,0
11,0,0,0,1,1,1,0,0,0.0,0,TypeScript,2021-2023,1.0,0.5,0.0,0.0,0
14,0,0,0,67,67,5,0,0,0.0,0,TypeScript,2021-2023,1.0,0.99,0.0,0.0,0
14,0,0,0,38,38,13,0,0,0.0,0,TypeScript,2021-2023,1.0,0.97,0.0,0.0,0
15,0,0,0,19,19,6,0,0,0.0,0,TypeScript,2021-2023,1.0,0.95,0.0,0.0,0
15,0,0,0,78,216,12,0,0,0.0,0,TypeScript,2021-2023,1.0,0.36,0.0,0.0,0
17,0,0,0,19,19,6,0,0,0.0,0,TypeScript,2021-2023,1.0,0.95,0.0,0.0,0
17,0,0,0,310,19,5,0,8,15.0,0,TypeScript,2021-2023,1.0,15.5,0.0,2.5,0
18,0,0,0,12,0,4,0,0,0.0,0,TypeScript,2021-2023,1.0,12.0,0.0,0.0,0
18,0,0,0,251,256,18,0,0,0.0,0,TypeScript,2021-2023,1.0,0.98,0.0,0.0,0
19,0,0,0,19,19,6,0,0,0.0,0,TypeScript,2021-2023,1.0,0.95,0.0,0.0,0
11,1,0,0,6,2,1,0,1,2.0,0,TypeScript,2021-2023,1.0,2.0,0.0,1.0,0
11,1,0,0,460,2,5,1,2,2.5,0,TypeScript,2021-2023,1.0,153.33,0.17,0.42,0
11,1,0,0,21,13,1,1,0,0.0,0,TypeScript,2021-2023,1.0,1.5,0.5,0.0,0
11,1,0,0,4,2,1,1,0,0.0,0,TypeScript,2021-2023,1.0,1.33,0.5,0.0,0
10,2,0,0,5,5,2,0,0,0.0,0,TypeScript,2021-2023,1.0,0.83,0.0,0.0,0
10,2,0,0,4,4,1,0,0,0.0,0,TypeScript,2021-2023,1.0,0.8,0.0,0.0,0
10,2,0,0,1,1,1,0,0,0.0,0,TypeScript,2021-2023,1.0,0.5,0.0,0.0,0
10,2,0,0,6,6,2,0,0,0.0,0,TypeScript,2021-2023,1.0,0.86,0.0,0.0,0
10,2,0,0,46,46,4,0,0,0.0,0,TypeScript,2021-2023,1.0,0.98,0.0,0.0,0
10,2,0,0,1,1,1,0,0,0.0,0,TypeScript,2021-2023,1.0,0.5,0.0,0.0,0
13,2,0,0,1,1,1,0,0,0.0,0,TypeScript,2021-2023,1.0,0.5,0.0,0.0,0
14,2,0,0,246,16,30,0,9,1.0,0,TypeScript,2021-2023,1.0,14.47,0.0,0.03,0
15,2,0,0,69,6,8,0,2,6.0,0,TypeScript,2021-2023,1.0,9.86,0.0,0.67,0
16,2,0,0,8,6,1,1,0,0.0,0,TypeScript,2021-2023,1.0,1.14,0.5,0.0,0
16,2,0,0,18,18,8,1,4,1.25,0,TypeScript,2021-2023,1.0,0.95,0.11,0.14,0
18,2,0,0,19,19,6,0,0,0.0,0,TypeScript,2021-2023,1.0,0.95,0.0,0.0,0
20,2,0,0,22,22,3,0,0,0.0,0,TypeScript,2021-2023,1.0,0.96,0.0,0.0,0
20,2,0,0,1,1,1,0,0,0.0,0,TypeScript,2021-2023,1.0,0.5,0.0,0.0,0
21,2,0,0,92,5,4,1,2,1.0,0,TypeScript,2021-2023,1.0,15.33,0.2,0.2,0
7,3,0,0,1,1,1,0,0,0.0,0,TypeScript,2021-2023,1.0,0.5,0.0,0.0,0
9,3,0,0,921,625,2,0,0,0.0,0,TypeScript,2021-2023,1.0,1.47,0.0,0.0,0
10,3,0,0,146,58,7,2,3,1.0,0,TypeScript,2021-2023,1.0,2.47,0.25,0.12,0
11,3,0,0,9,2,5,0,6,1.33,0,TypeScript,2021-2023,1.0,3.0,0.0,0.22,0
11,3,0,0,5,5,4,2,0,0.0,0,TypeScript,2021-2023,1.0,0.83,0.4,0.0,0
11,3,0,0,2,1,1,0,0,0.0,0,TypeScript,2021-2023,1.0,1.0,0.0,0.0,0
14,3,0,0,38,19,44,2,0,0.0,0,TypeScript,2021-2023,1.0,1.9,0.04,0.0,0
15,3,0,0,19,19,6,0,0,0.0,0,TypeScript,2021-2023,1.0,0.95,0.0,0.0,0
16,3,0,0,410,350,8,4,8,1.0,0,TypeScript,2021-2023,1.0,1.17,0.44,0.11,0
18,3,0,0,151,95,4,2,1,7.0,0,TypeScript,2021-2023,1.0,1.57,0.4,1.4,0
20,3,0,0,4,1,1,0,0,0.0,0,TypeScript,2021-2023,1.0,2.0,0.0,0.0,0
22,3,0,1,8,4,1,1,1,4.0,0,TypeScript,2021-2023,1.0,1.6,0.5,2.0,0
5,4,0,1,168,144,16,12,16,8.12,0,TypeScript,2021-2023,1.0,1.16,0.71,0.48,0
5,4,0,1,2,4,1,0,2,10.5,0,TypeScript,2021-2023,1.0,0.4,0.0,5.25,0
9,4,0,0,137,303,2,0,0,0.0,0,TypeScript,2021-2023,1.0,0.45,0.0,0.0,0
12,4,0,0,59,58,1,0,0,0.0,0,TypeScript,2021-2023,1.0,1.0,0.0,0.0,0
12,4,0,0,144,20,6,2,3,1.0,0,TypeScript,2021-2023,1.0,6.86,0.29,0.14,0
13,4,0,0,132,132,35,0,0,0.0,0,TypeScript,2021-2023,1.0,0.99,0.0,0.0,0
15,4,0,0,47,65,28,6,0,0.0,0,TypeScript,2021-2023,1.0,0.71,0.21,0.0,0
15,4,0,0,3,0,1,0,1,1.0,0,TypeScript,2021-2023,1.0,3.0,0.0,0.5,0
15,4,0,0,2,0,2,0,0,0.0,0,TypeScript,2021-2023,1.0,2.0,0.0,0.0,0
15,4,0,0,4,2,3,0,0,0.0,0,TypeScript,2021-2023,1.0,1.33,0.0,0.0,0
17,4,0,0,19,19,6,0,0,0.0,0,TypeScript,2021-2023,1.0,0.95,0.0,0.0,0
19,4,0,0,1,1,1,0,0,0.0,0,TypeScript,2021-2023,1.0,0.5,0.0,0.0,0
22,4,0,1,57,6,4,1,1,1.0,0,TypeScript,2021-2023,1.0,8.14,0.2,0.2,0
23,4,0,1,44,4,2,1,1,1.0,0,TypeScript,2021-2023,1.0,8.8,0.33,0.33,0
23,4,0,1,132,132,35,0,0,0.0,0,TypeScript,2021-2023,1.0,0.99,0.0,0.0,0
23,4,0,1,132,132,35,0,0,0.0,0,TypeScript,2021-2023,1.0,0.99,0.0,0.0,0
0,5,1,1,2,45,1,0,0,0.0,0,TypeScript,2021-2023,1.0,0.04,0.0,0.0,0
0,5,1,1,46,32,5,1,3,1.0,0,TypeScript,2021-2023,1.0,1.39,0.17,0.17,0
8,5,1,0,6,0,2,0,0,0.0,0,TypeScript,2021-2023,1.0,6.0,0.0,0.0,0
12,6,1,0,0,37,1,0,0,0.0,0,TypeScript,2021-2023,1.0,0.0,0.0,0.0,0
15,6,1,0,33,33,4,0,0,0.0,0,TypeScript,2021-2023,1.0,0.97,0.0,0.0,0
21,6,1,0,71,70,31,6,2,2.5,0,TypeScript,2021-2023,1.0,1.0,0.19,0.08,0
10,0,0,0,56,56,2,0,0,0.0,0,TypeScript,2021-2023,1.0,0.98,0.0,0.0,0
10,0,0,0,12,12,3,0,0,0.0,0,TypeScript,2021-2023,1.0,0.92,0.0,0.0,0
11,0,0,0,22,22,8,2,1,4.0,0,TypeScript,2021-2023,1.0,0.96,0.22,0.44,0
14,0,0,0,19,19,6,0,0,0.0,0,TypeScript,2021-2023,1.0,0.95,0.0,0.0,0
14,0,0,0,0,291,2,0,0,0.0,0,TypeScript,2021-2023,1.0,0.0,0.0,0.0,0
19,0,0,0,19,19,6,0,0,0.0,0,TypeScript,2021-2023,1.0,0.95,0.0,0.0,0
2,1,0,1,18,18,3,0,0,0.0,0,TypeScript,2021-2023,1.0,0.95,0.0,0.0,0
3,1,0,1,942,407,36,0,17,5.18,0,TypeScript,2021-2023,1.0,2.31,0.0,0.14,0
8,1,0,0,161,91,2,1,7,1.0,0,TypeScript,2021-2023,1.0,1.75,0.33,0.33,0
9,1,0,0,19,19,6,0,0,0.0,0,TypeScript,2021-2023,1.0,0.95,0.0,0.0,0
10,1,0,0,48,0,4,1,3,3.0,0,TypeScript,2021-2023,1.0,48.0,0.2,0.6,0
10,1,0,0,5,5,2,0,0,0.0,0,TypeScript,2021-2023,1.0,0.83,0.0,0.0,0
10,1,0,0,136,136,36,0,0,0.0,0,TypeScript,2021-2023,1.0,0.99,0.0,0.0,0
11,1,0,0,45,2,2,0,0,0.0,0,TypeScript,2021-2023,1.0,15.0,0.0,0.0,0
13,1,0,0,8,10,2,1,1,1.0,0,TypeScript,2021-2023,1.0,0.73,0.33,0.33,0
17,1,0,0,91,1,1,1,3,1.0,0,TypeScript,2021-2023,1.0,45.5,0.5,0.5,0
17,1,0,0,48,1,2,1,2,1.0,0,TypeScript,2021-2023,1.0,24.0,0.33,0.33,0
17,1,0,0,332,24,3,1,14,3.71,0,TypeScript,2021-2023,1.0,13.28,0.25,0.93,0
18,1,0,0,126,1,2,1,1,1.0,0,TypeScript,2021-2023,1.0,63.0,0.33,0.33,0
19,1,0,0,6,3,1,0,0,0.0,0,TypeScript,2021-2023,1.0,1.5,0.0,0.0,0
19,1,0,0,132,132,35,0,0,0.0,0,TypeScript,2021-2023,1.0,0.99,0.0,0.0,0
19,1,0,0,296,29,33,1,4,2.5,0,TypeScript,2021-2023,1.0,9.87,0.03,0.07,0
3,2,0,1,6,0,1,0,1,29.0,0,TypeScript,2021-2023,1.0,6.0,0.0,14.5,0
9,2,0,0,94,97,4,0,0,0.0,0,TypeScript,2021-2023,1.0,0.96,0.0,0.0,0
9,2,0,0,1,1,1,0,0,0.0,0,TypeScript,2021-2023,1.0,0.5,0.0,0.0,0
12,2,0,0,2,2,1,0,0,0.0,0,TypeScript,2021-2023,1.0,0.67,0.0,0.0,0
17,2,0,0,19,19,6,0,0,0.0,0,TypeScript,2021-2023,1.0,0.95,0.0,0.0,0
18,2,0,0,435,35,13,1,4,3.5,0,TypeScript,2021-2023,1.0,12.08,0.07,0.25,0
7,3,0,0,1,1,1,0,1,29.0,0,TypeScript,2021-2023,1.0,0.5,0.0,14.5,0
9,3,0,0,19,13,11,1,0,0.0,0,TypeScript,2021-2023,1.0,1.36,0.08,0.0,0
9,3,0,0,6,2,1,0,0,0.0,0,TypeScript,2021-2023,1.0,2.0,0.0,0.0,0
10,3,0,0,15,20,2,1,3,2.0,0,TypeScript,2021-2023,1.0,0.71,0.33,0.67,0
13,3,0,0,193,28,3,1,18,2.83,0,TypeScript,2021-2023,1.0,6.66,0.25,0.71,0
14,3,0,0,35,61,2,1,3,2.33,0,TypeScript,2021-2023,1.0,0.56,0.33,0.78,0
14,3,0,0,53,16,2,0,3,3.33,0,TypeScript,2021-2023,1.0,3.12,0.0,1.11,0
15,3,0,0,31,7,2,1,5,1.6,0,TypeScript,2021-2023,1.0,3.88,0.33,0.53,0
15,3,0,0,2,2,1,1,1,1.0,0,TypeScript,2021-2023,1.0,0.67,0.5,0.5,0
15,3,0,0,19,29,1,1,5,1.6,0,TypeScript,2021-2023,1.0,0.63,0.5,0.8,0
15,3,0,0,132,132,35,0,0,0.0,0,TypeScript,2021-2023,1.0,0.99,0.0,0.0,0
16,3,0,0,1,0,1,0,0,0.0,0,TypeScript,2021-2023,1.0,1.0,0.0,0.0,0
18,3,0,0,137,54,19,0,2,5.5,0,TypeScript,2021-2023,1.0,2.49,0.0,0.28,0
18,3,0,0,173,136,2,0,0,0.0,0,TypeScript,2021-2023,1.0,1.26,0.0,0.0,0
19,3,0,0,5,5,2,0,0,0.0,0,TypeScript,2021-2023,1.0,0.83,0.0,0.0,0
4,4,0,1,17,9,3,0,2,2.0,0,TypeScript,2021-2023,1.0,1.7,0.0,0.5,0
14,4,0,0,198,199,6,0,7,2.43,0,TypeScript,2021-2023,1.0,0.99,0.0,0.35,0
15,4,0,0,4,3,1,0,0,0.0,0,TypeScript,2021-2023,1.0,1.0,0.0,0.0,0
9,5,1,0,1,0,1,0,0,0.0,0,TypeScript,2021-2023,1.0,1.0,0.0,0.0,0
10,6,1,0,1,1,1,0,0,0.0,0,TypeScript,2021-2023,1.0,0.5,0.0,0.0,0
17,6,1,0,1,1,1,0,0,0.0,0,TypeScript,2021-2023,1.0,0.5,0.0,0.0,0
10,0,0,0,19,19,6,0,0,0.0,0,TypeScript,2021-2023,1.0,0.95,0.0,0.0,0
10,0,0,0,0,0,1,1,0,0.0,0,TypeScript,2021-2023,1.0,0.0,0.5,0.0,0
12,0,0,0,5,5,2,0,0,0.0,0,TypeScript,2021-2023,1.0,0.83,0.0,0.0,0
12,0,0,0,19,19,6,0,0,0.0,0,TypeScript,2021-2023,1.0,0.95,0.0,0.0,0
15,0,0,0,6,0,2,2,0,0.0,0,TypeScript,2021-2023,1.0,6.0,0.67,0.0,0
16,0,0,0,19,19,6,0,0,0.0,0,TypeScript,2021-2023,1.0,0.95,0.0,0.0,0
16,0,0,0,0,69,6,0,11,1.36,0,TypeScript,2021-2023,1.0,0.0,0.0,0.19,0
17,0,0,0,19,19,6,0,0,0.0,0,TypeScript,2021-2023,1.0,0.95,0.0,0.0,0
7,1,0,0,13,9,2,0,0,0.0,0,TypeScript,2021-2023,1.0,1.3,0.0,0.0,0
13,1,0,0,2,0,1,0,1,2.0,0,TypeScript,2021-2023,1.0,2.0,0.0,1.0,0
16,1,0,0,2,2,2,1,2,3.5,0,TypeScript,2021-2023,1.0,0.67,0.33,1.17,0
16,1,0,0,114,110,1,0,2,4.0,0,TypeScript,2021-2023,1.0,1.03,0.0,2.0,0
10,2,0,0,5,5,2,0,0,0.0,0,TypeScript,2021-2023,1.0,0.83,0.0,0.0,0
10,2,0,0,63,63,32,0,0,0.0,0,TypeScript,2021-2023,1.0,0.98,0.0,0.0,0
10,2,0,0,1,1,1,0,0,0.0,0,TypeScript,2021-2023,1.0,0.5,0.0,0.0,0
10,2,0,0,104,104,12,0,0,0.0,0,TypeScript,2021-2023,1.0,0.99,0.0,0.0,0
11,2,0,0,81,26,10,0,2,3.0,0,TypeScript,2021-2023,1.0,3.0,0.0,0.27,0
12,2,0,0,253,247,75,0,0,0.0,0,TypeScript,2021-2023,1.0,1.02,0.0,0.0,0
15,2,0,0,1401,1267,36,29,27,3.59,0,TypeScript,2021-2023,1.0,1.1,0.78,0.1,0
16,2,0,0,19,19,6,0,0,0.0,0,TypeScript,2021-2023,1.0,0.95,0.0,0.0,0
6,3,0,0,105,121,1,1,0,0.0,0,TypeScript,2021-2023,1.0,0.86,0.5,0.0,0
11,3,0,0,16,7,3,0,0,0.0,0,TypeScript,2021-2023,1.0,2.0,0.0,0.0,0
12,3,0,0,368,396,5,3,2,1.5,0,TypeScript,2021-2023,1.0,0.93,0.5,0.25,0
14,3,0,0,78,21,3,0,8,2.5,0,TypeScript,2021-2023,1.0,3.55,0.0,0.62,0
18,3,0,0,1,1,1,0,0,0.0,0,TypeScript,2021-2023,1.0,0.5,0.0,0.0,0
19,3,0,0,27,9,1,0,1,58.0,0,TypeScript,2021-2023,1.0,2.7,0.0,29.0,0
9,4,0,0,219,4,4,1,5,5.4,0,TypeScript,2021-2023,1.0,43.8,0.2,1.08,0
11,4,0,0,442,180,23,17,26,2.92,0,TypeScript,2021-2023,1.0,2.44,0.71,0.12,0
12,4,0,0,1,1,1,1,0,0.0,0,TypeScript,2021-2023,1.0,0.5,0.5,0.0,0
15,4,0,0,24,6,3,0,0,0.0,0,TypeScript,2021-2023,1.0,3.43,0.0,0.0,0
15,4,0,0,22,3,3,1,1,1.0,0,TypeScript,2021-2023,1.0,5.5,0.25,0.25,0
15,4,0,0,26,16,7,1,4,1.0,0,TypeScript,2021-2023,1.0,1.53,0.12,0.12,0
17,4,0,0,19,19,6,0,0,0.0,0,TypeScript,2021-2023,1.0,0.95,0.0,0.0,0
17,4,0,0,21,12,3,1,3,4.0,0,TypeScript,2021-2023,1.0,1.62,0.25,1.0,0
19,4,0,0,19,19,6,0,0,0.0,0,TypeScript,2021-2023,1.0,0.95,0.0,0.0,0
22,5,1,1,15,2,2,0,3,5.0,1,TypeScript,2021-2023,0.059,5.0,0.0,1.67,0
18,6,1,0,17,17,4,0,0,0.0,0,TypeScript,2021-2023,1.0,0.94,0.0,0.0,0
9,0,0,0,55,25,9,7,9,10.11,0,TypeScript,2021-2023,1.0,2.12,0.7,1.01,0
9,0,0,0,8,8,2,0,0,0.0,0,TypeScript,2021-2023,1.0,0.89,0.0,0.0,0
10,0,0,0,1,1,1,0,0,0.0,0,TypeScript,2021-2023,1.0,0.5,0.0,0.0,0
10,0,0,0,85,31,2,0,0,0.0,0,TypeScript,2021-2023,1.0,2.66,0.0,0.0,0
10,0,0,0,59,59,2,0,0,0.0,0,TypeScript,2021-2023,1.0,0.98,0.0,0.0,0
10,0,0,0,18,0,1,0,0,0.0,0,TypeScript,2021-2023,1.0,18.0,0.0,0.0,0
11,0,0,0,237,46,29,7,18,7.22,0,TypeScript,2021-2023,1.0,5.04,0.23,0.24,0
14,0,0,0,0,18,1,0,0,0.0,0,TypeScript,2021-2023,1.0,0.0,0.0,0.0,0
14,0,0,0,43,19,3,0,4,4.25,0,TypeScript,2021-2023,1.0,2.15,0.0,1.06,0
14,0,0,0,24,24,6,0,0,0.0,0,TypeScript,2021-2023,1.0,0.96,0.0,0.0,0
15,0,0,0,25,55,13,1,17,2.71,0,TypeScript,2021-2023,1.0,0.45,0.07,0.19,0
15,0,0,0,1,0,1,1,0,0.0,0,TypeScript,2021-2023,1.0,1.0,0.5,0.0,0
16,0,0,0,1,1,1,0,0,0.0,0,TypeScript,2021-2023,1.0,0.5,0.0,0.0,0
17,0,0,0,220,74,3,2,1,4.0,0,TypeScript,2021-2023,1.0,2.93,0.5,1.0,0
17,0,0,0,139,12,3,1,4,3.25,0,TypeScript,2021-2023,1.0,10.69,0.25,0.81,0
21,0,0,0,185,45,14,0,4,3.0,0,TypeScript,2021-2023,1.0,4.02,0.0,0.2,0
9,1,0,0,19,19,6,0,0,0.0,0,TypeScript,2021-2023,1.0,0.95,0.0,0.0,0
10,1,0,0,224,159,12,6,1,1.0,0,TypeScript,2021-2023,1.0,1.4,0.46,0.08,0
10,1,0,0,6,9,3,0,4,1.75,0,TypeScript,2021-2023,1.0,0.6,0.0,0.44,0
11,1,0,0,19,24,4,0,2,1.0,0,TypeScript,2021-2023,1.0,0.76,0.0,0.2,0
13,1,0,0,16,2,2,0,0,0.0,0,TypeScript,2021-2023,1.0,5.33,0.0,0.0,0
13,1,0,0,6,8,3,0,0,0.0,0,TypeScript,2021-2023,1.0,0.67,0.0,0.0,0
13,1,0,0,5,0,1,0,0,0.0,0,TypeScript,2021-2023,1.0,5.0,0.0,0.0,0
14,1,0,0,7,3,1,0,0,0.0,0,TypeScript,2021-2023,1.0,1.75,0.0,0.0,0
15,1,0,0,13,11,7,1,3,3.33,0,TypeScript,2021-2023,1.0,1.08,0.12,0.42,0
16,1,0,0,11,4,3,1,2,2.5,0,TypeScript,2021-2023,1.0,2.2,0.25,0.62,0
17,1,0,0,8,9,3,0,1,4.0,0,TypeScript,2021-2023,1.0,0.8,0.0,1.0,0
18,1,0,0,190,14,6,1,6,10.83,0,TypeScript,2021-2023,1.0,12.67,0.14,1.55,0
19,1,0,0,19,19,6,0,0,0.0,0,TypeScript,2021-2023,1.0,0.95,0.0,0.0,0
20,1,0,0,4,6,2,1,1,1.0,0,TypeScript,2021-2023,1.0,0.57,0.33,0.33,0
6,2,0,0,3,0,1,0,0,0.0,0,TypeScript,2021-2023,1.0,3.0,0.0,0.0,0
7,2,0,0,0,1737,10,0,5,1.0,0,TypeScript,2021-2023,1.0,0.0,0.0,0.09,0
9,2,0,0,2,2,2,1,1,1.0,0,TypeScript,2021-2023,1.0,0.67,0.33,0.33,0
11,2,0,0,27,20,2,0,0,0.0,0,TypeScript,2021-2023,1.0,1.29,0.0,0.0,0
14,2,0,0,1,1,1,0,0,0.0,0,TypeScript,2021-2023,1.0,0.5,0.0,0.0,0
4,3,0,1,8,2,2,1,1,8.0,0,TypeScript,2021-2023,1.0,2.67,0.33,2.67,0
9,3,0,0,1,1,1,0,0,0.0,0,TypeScript,2021-2023,1.0,0.5,0.0,0.0,0
15,3,0,0,26,12,3,0,0,0.0,0,TypeScript,2021-2023,1.0,2.0,0.0,0.0,0
10,4,0,0,21,18,2,0,4,3.5,0,TypeScript,2021-2023,1.0,1.11,0.0,1.17,0
11,4,0,0,4,4,2,0,0,0.0,0,TypeScript,2021-2023,1.0,0.8,0.0,0.0,0
11,4,0,0,5,0,1,0,0,0.0,0,TypeScript,2021-2023,1.0,5.0,0.0,0.0,0
12,4,0,0,19,19,6,0,0,0.0,0,TypeScript,2021-2023,1.0,0.95,0.0,0.0,0
14,4,0,0,19,19,6,0,0,0.0,0,TypeScript,2021-2023,1.0,0.95,0.0,0.0,0
17,4,0,0,82,6,5,1,4,27.0,0,TypeScript,2021-2023,1.0,11.71,0.17,4.5,0
20,4,0,0,18,0,1,0,0,0.0,0,TypeScript,2021-2023,1.0,18.0,0.0,0.0,0
8,0,0,0,2,2,2,0,0,0.0,0,TypeScript,2021-2023,1.0,0.67,0.0,0.0,0
12,0,0,0,213,98,13,2,22,3.55,0,TypeScript,2021-2023,1.0,2.15,0.14,0.25,0
19,0,0,0,24,24,6,0,0,0.0,0,TypeScript,2021-2023,1.0,0.96,0.0,0.0,0
9,1,0,0,1,1,1,0,0,0.0,0,TypeScript,2021-2023,1.0,0.5,0.0,0.0,0
10,1,0,0,24,24,6,0,0,0.0,0,TypeScript,2021-2023,1.0,0.96,0.0,0.0,0
14,1,0,0,63,3,5,0,9,1.11,0,TypeScript,2021-2023,1.0,15.75,0.0,0.19,0
3,2,0,1,18,18,9,0,0,0.0,0,TypeScript,2021-2023,1.0,0.95,0.0,0.0,0
9,2,0,0,1,1,1,0,0,0.0,0,TypeScript,2021-2023,1.0,0.5,0.0,0.0,0
9,2,0,0,47,47,22,0,0,0.0,0,TypeScript,2021-2023,1.0,0.98,0.0,0.0,0
9,2,0,0,104,104,12,0,0,0.0,0,TypeScript,2021-2023,1.0,0.99,0.0,0.0,0
10,2,0,0,32,25,8,2,1,7.0,0,TypeScript,2021-2023,1.0,1.23,0.22,0.78,0
12,2,0,0,24,24,6,0,0,0.0,0,TypeScript,2021-2023,1.0,0.96,0.0,0.0,0
14,2,0,0,24,24,6,0,0,0.0,0,TypeScript,2021-2023,1.0,0.96,0.0,0.0,0
16,2,0,0,24,24,6,0,0,0.0,0,TypeScript,2021-2023,1.0,0.96,0.0,0.0,0
18,2,0,0,319,335,53,17,67,5.54,0,TypeScript,2021-2023,1.0,0.95,0.31,0.1,0
15,3,0,0,55,27,8,1,0,0.0,0,TypeScript,2021-2023,1.0,1.96,0.11,0.0,0
17,3,0,0,6,6,1,0,1,1.0,0,TypeScript,2021-2023,1.0,0.86,0.0,0.5,0
2,4,0,1,38,18,1,1,2,1.0,0,TypeScript,2021-2023,1.0,2.0,0.5,0.5,0
2,4,0,1,48,0,2,1,4,2.25,0,TypeScript,2021-2023,1.0,48.0,0.33,0.75,0
2,4,0,1,2,2,1,1,1,1.0,0,TypeScript,2021-2023,1.0,0.67,0.5,0.5,0
2,4,0,1,4,4,2,1,6,3.5,0,TypeScript,2021-2023,1.0,0.8,0.33,1.17,0
2,4,0,1,28,19,1,0,4,3.0,0,TypeScript,2021-2023,1.0,1.4,0.0,1.5,0
2,4,0,1,2,2,1,0,0,0.0,0,TypeScript,2021-2023,1.0,0.67,0.0,0.0,0
2,4,0,1,30,32,2,0,1,3.0,0,TypeScript,2021-2023,1.0,0.91,0.0,1.0,0
9,4,0,0,24,24,6,0,0,0.0,0,TypeScript,2021-2023,1.0,0.96,0.0,0.0,0
10,4,0,0,17,17,2,0,0,0.0,0,TypeScript,2021-2023,1.0,0.94,0.0,0.0,0
10,4,0,0,4,2,3,0,1,22.0,0,TypeScript,2021-2023,1.0,1.33,0.0,5.5,0
11,4,0,0,33,33,4,0,0,0.0,0,TypeScript,2021-2023,1.0,0.97,0.0,0.0,0
11,4,0,0,92,4,2,1,7,3.29,0,TypeScript,2021-2023,1.0,18.4,0.33,1.1,0
11,4,0,0,3,3,1,0,0,0.0,0,TypeScript,2021-2023,1.0,0.75,0.0,0.0,0
12,4,0,0,41,42,1,0,0,0.0,0,TypeScript,2021-2023,1.0,0.95,0.0,0.0,0
12,4,0,0,1,1,1,0,0,0.0,0,TypeScript,2021-2023,1.0,0.5,0.0,0.0,0
12,4,0,0,1,1,1,0,0,0.0,0,TypeScript,2021-2023,1.0,0.5,0.0,0.0,0
13,4,0,0,8,8,3,0,0,0.0,0,TypeScript,2021-2023,1.0,0.89,0.0,0.0,0
13,4,0,0,8,8,3,0,0,0.0,0,TypeScript,2021-2023,1.0,0.89,0.0,0.0,0
13,4,0,0,140,135,33,0,0,0.0,0,TypeScript,2021-2023,1.0,1.03,0.0,0.0,0
14,4,0,0,91,23,5,0,0,0.0,0,TypeScript,2021-2023,1.0,3.79,0.0,0.0,0
14,4,0,0,61,0,1,0,0,0.0,0,TypeScript,2021-2023,1.0,61.0,0.0,0.0,0
14,4,0,0,0,2,1,0,0,0.0,0,TypeScript,2021-2023,1.0,0.0,0.0,0.0,0
15,4,0,0,15,16,4,0,0,0.0,0,TypeScript,2021-2023,1.0,0.88,0.0,0.0,0
15,4,0,0,10,6,1,0,0,0.0,0,TypeScript,2021-2023,1.0,1.43,0.0,0.0,0
15,4,0,0,1,1,1,0,0,0.0,0,TypeScript,2021-2023,1.0,0.5,0.0,0.0,0
15,4,0,0,7,7,1,0,0,0.0,0,TypeScript,2021-2023,1.0,0.88,0.0,0.0,0
15,4,0,0,4,10,6,0,0,0.0,0,TypeScript,2021-2023,1.0,0.36,0.0,0.0,0
15,4,0,0,24,24,6,0,0,0.0,0,TypeScript,2021-2023,1.0,0.96,0.0,0.0,0
15,4,0,0,1,1,1,0,0,0.0,0,TypeScript,2021-2023,1.0,0.5,0.0,0.0,0
16,4,0,0,1,2,1,0,0,0.0,0,TypeScript,2021-2023,1.0,0.33,0.0,0.0,0
17,4,0,0,10,259,3,0,0,0.0,0,TypeScript,2021-2023,1.0,0.04,0.0,0.0,0
17,4,0,0,15,0,1,0,0,0.0,0,TypeScript,2021-2023,1.0,15.0,0.0,0.0,0
0,5,1,1,161,161,14,4,0,0.0,0,TypeScript,2021-2023,1.0,0.99,0.27,0.0,0
1,5,1,1,24,24,6,0,0,0.0,0,TypeScript,2021-2023,1.0,0.96,0.0,0.0,0
11,5,1,0,3,1,1,0,1,57.0,0,TypeScript,2021-2023,1.0,1.5,0.0,28.5,0
18,6,1,0,41,24,1,0,4,2.75,0,TypeScript,2021-2023,1.0,1.64,0.0,1.38,0
20,6,1,0,100,0,15,0,3,1.33,0,TypeScript,2021-2023,1.0,100.0,0.0,0.08,0
10,0,0,0,54,48,20,8,24,4.79,0,TypeScript,2021-2023,1.0,1.1,0.38,0.23,0
18,0,0,0,142,161,7,1,1,3.0,0,TypeScript,2021-2023,1.0,0.88,0.12,0.38,0
19,0,0,0,24,24,6,0,0,0.0,0,TypeScript,2021-2023,1.0,0.96,0.0,0.0,0
0,1,0,1,176,153,43,1,5,1.8,0,TypeScript,2021-2023,1.0,1.14,0.02,0.04,0
0,1,0,1,64,108,5,0,0,0.0,0,TypeScript,2021-2023,1.0,0.59,0.0,0.0,0
10,1,0,0,76,81,3,1,19,1.63,0,TypeScript,2021-2023,1.0,0.93,0.25,0.41,0
12,1,0,0,40,24,2,0,7,5.43,0,TypeScript,2021-2023,1.0,1.6,0.0,1.81,0
13,1,0,0,82,28,2,0,4,6.5,0,TypeScript,2021-2023,1.0,2.83,0.0,2.17,0
16,1,0,0,8,4,3,0,0,0.0,0,TypeScript,2021-2023,1.0,1.6,0.0,0.0,0
17,1,0,0,24,24,6,0,0,0.0,0,TypeScript,2021-2023,1.0,0.96,0.0,0.0,0
10,2,0,0,0,189,1,0,0,0.0,0,TypeScript,2021-2023,1.0,0.0,0.0,0.0,0
10,2,0,0,404,17,1,0,0,0.0,0,TypeScript,2021-2023,1.0,22.44,0.0,0.0,0
10,2,0,0,23,5,1,0,2,1.0,0,TypeScript,2021-2023,1.0,3.83,0.0,0.5,0
10,2,0,0,36,5,3,0,8,1.5,0,TypeScript,2021-2023,1.0,6.0,0.0,0.38,0
11,2,0,0,1,77,1,0,0,0.0,0,TypeScript,2021-2023,1.0,0.01,0.0,0.0,0
12,2,0,0,24,24,6,0,0,0.0,0,TypeScript,2021-2023,1.0,0.96,0.0,0.0,0
16,2,0,0,24,24,6,0,0,0.0,0,TypeScript,2021-2023,1.0,0.96,0.0,0.0,0
4,3,0,1,108,61,2,0,0,0.0,0,TypeScript,2021-2023,1.0,1.74,0.0,0.0,0
8,3,0,0,5,5,2,0,0,0.0,0,TypeScript,2021-2023,1.0,0.83,0.0,0.0,0
22,4,0,1,605,191,10,2,41,1.32,0,TypeScript,2021-2023,1.0,3.15,0.18,0.12,0
23,4,0,1,1,1,1,0,0,0.0,0,TypeScript,2021-2023,1.0,0.5,0.0,0.0,0
23,4,0,1,50,0,1,0,0,0.0,0,TypeScript,2021-2023,1.0,50.0,0.0,0.0,0
0,5,1,1,48,99,7,1,9,5.11,0,TypeScript,2021-2023,1.0,0.48,0.12,0.64,0
0,5,1,1,1,1,1,0,0,0.0,0,TypeScript,2021-2023,1.0,0.5,0.0,0.0,0
0,5,1,1,4,18,4,0,3,12.33,0,TypeScript,2021-2023,1.0,0.21,0.0,2.47,0
1,5,1,1,4,4,1,0,0,0.0,0,TypeScript,2021-2023,1.0,0.8,0.0,0.0,0
1,5,1,1,1,1,1,0,0,0.0,0,TypeScript,2021-2023,1.0,0.5,0.0,0.0,0
1,5,1,1,1,1,1,0,0,0.0,0,TypeScript,2021-2023,1.0,0.5,0.0,0.0,0
1,5,1,1,1,1,1,0,0,0.0,0,TypeScript,2021-2023,1.0,0.5,0.0,0.0,0
1,5,1,1,1,3,1,0,0,0.0,0,TypeScript,2021-2023,1.0,0.25,0.0,0.0,0
2,5,1,1,1,1,1,0,0,0.0,0,TypeScript,2021-2023,1.0,0.5,0.0,0.0,0
10,5,1,0,5,18,4,0,3,12.33,0,TypeScript,2021-2023,1.0,0.26,0.0,2.47,0
23,5,1,1,55,5,2,1,8,5.38,0,TypeScript,2021-2023,1.0,9.17,0.33,1.79,0
0,0,0,1,43,53,3,0,0,0.0,0,TypeScript,2021-2023,1.0,0.8,0.0,0.0,0
15,0,0,0,23,1,1,0,0,0.0,0,TypeScript,2021-2023,1.0,11.5,0.0,0.0,0
15,0,0,0,77,26,7,0,0,0.0,0,TypeScript,2021-2023,1.0,2.85,0.0,0.0,0
15,0,0,0,2,1,1,0,0,0.0,0,TypeScript,2021-2023,1.0,1.0,0.0,0.0,0
15,0,0,0,226,23,2,1,1,1.0,0,TypeScript,2021-2023,1.0,9.42,0.33,0.33,0
18,0,0,0,435,529,13,3,24,2.83,0,TypeScript,2021-2023,1.0,0.82,0.21,0.2,0
12,1,0,0,24,24,6,0,0,0.0,0,TypeScript,2021-2023,1.0,0.96,0.0,0.0,0
14,1,0,0,76,10,2,0,0,0.0,1,TypeScript,2021-2023,0.4,6.91,0.0,0.0,0
23,1,0,1,416,6,8,1,9,1.78,0,TypeScript,2021-2023,1.0,59.43,0.11,0.2,0
23,1,0,1,4,0,1,0,0,0.0,0,TypeScript,2021-2023,1.0,4.0,0.0,0.0,0
23,1,0,1,3,1,1,0,0,0.0,0,TypeScript,2021-2023,1.0,1.5,0.0,0.0,0
23,1,0,1,4,4,2,0,0,0.0,0,TypeScript,2021-2023,1.0,0.8,0.0,0.0,0
0,2,0,1,325,87,19,2,8,3.5,0,TypeScript,2021-2023,1.0,3.69,0.1,0.18,0
0,2,0,1,132,133,35,0,0,0.0,0,TypeScript,2021-2023,1.0,0.99,0.0,0.0,0
1,2,0,1,9,7,1,0,0,0.0,0,TypeScript,2021-2023,1.0,1.12,0.0,0.0,0
1,2,0,1,1,1,1,0,0,0.0,0,TypeScript,2021-2023,1.0,0.5,0.0,0.0,0
1,2,0,1,1,1,1,0,0,0.0,0,TypeScript,2021-2023,1.0,0.5,0.0,0.0,0
1,2,0,1,1,1,1,0,0,0.0,0,TypeScript,2021-2023,1.0,0.5,0.0,0.0,0
4,2,0,1,17,17,4,0,0,0.0,0,TypeScript,2021-2023,1.0,0.94,0.0,0.0,0
12,2,0,0,1,1,1,0,0,0.0,0,TypeScript,2021-2023,1.0,0.5,0.0,0.0,0
12,2,0,0,1,1,1,0,0,0.0,0,TypeScript,2021-2023,1.0,0.5,0.0,0.0,0
14,2,0,0,6,25,1,0,0,0.0,0,TypeScript,2021-2023,1.0,0.23,0.0,0.0,0
15,2,0,0,1,0,1,0,0,0.0,0,TypeScript,2021-2023,1.0,1.0,0.0,0.0,0
18,2,0,0,40,82,15,0,2,2.0,0,TypeScript,2021-2023,1.0,0.48,0.0,0.12,0
18,2,0,0,1,1,1,0,0,0.0,0,TypeScript,2021-2023,1.0,0.5,0.0,0.0,0
19,2,0,0,5,10,1,0,0,0.0,0,TypeScript,2021-2023,1.0,0.45,0.0,0.0,0
21,2,0,0,73,1,1,1,3,1.33,0,TypeScript,2021-2023,1.0,36.5,0.5,0.66,0
0,3,0,1,71,26,10,0,2,2.5,0,TypeScript,2021-2023,1.0,2.63,0.0,0.23,0
9,3,0,0,1,1,1,0,0,0.0,0,TypeScript,2024-2026,1.0,0.5,0.0,0.0,0
21,1,0,0,82,0,1,0,0,0.0,0,TypeScript,2024-2026,1.0,82.0,0.0,0.0,0
15,4,0,0,1,1,1,0,0,0.0,0,TypeScript,2024-2026,1.0,0.5,0.0,0.0,0
15,4,0,0,1,1,1,0,0,0.0,0,TypeScript,2024-2026,1.0,0.5,0.0,0.0,0
15,4,0,0,59,2,2,0,2,11.0,1,TypeScript,2024-2026,0.4,19.67,0.0,3.67,5
12,3,0,0,463,214,57,0,127,3.6,0,TypeScript,2024-2026,1.0,2.15,0.0,0.06,6
13,3,0,0,32,1,2,0,1,1.0,1,TypeScript,2024-2026,0.4,16.0,0.0,0.33,1
23,4,0,1,1,1,1,0,0,0.0,0,TypeScript,2024-2026,1.0,0.5,0.0,0.0,2
23,4,0,1,1,1,1,0,0,0.0,0,TypeScript,2024-2026,1.0,0.5,0.0,0.0,4
13,0,0,0,19,1,2,0,1,1.0,1,TypeScript,2024-2026,0.4,9.5,0.0,0.33,2
20,0,0,0,1,1,1,0,0,0.0,0,TypeScript,2024-2026,1.0,0.5,0.0,0.0,3
13,1,0,0,299,84,28,0,85,4.85,0,TypeScript,2024-2026,1.0,3.52,0.0,0.17,6
13,0,0,0,1,1,1,0,0,0.0,0,TypeScript,2024-2026,1.0,0.5,0.0,0.0,3
22,1,0,1,1,1,1,0,0,0.0,1,TypeScript,2024-2026,0.4,0.5,0.0,0.0,3
15,1,0,0,1,1,1,0,0,0.0,0,TypeScript,2024-2026,1.0,0.5,0.0,0.0,0
0,3,0,1,11,11,9,0,9,1.0,1,TypeScript,2024-2026,0.4,0.92,0.0,0.1,0
0,3,0,1,12,1,2,0,3,5.33,1,TypeScript,2024-2026,0.235,6.0,0.0,1.78,0
16,6,1,0,1719,1692,174,0,213,1.63,0,TypeScript,2024-2026,1.0,1.02,0.0,0.01,6
19,5,1,0,46,62,11,0,9,1.0,0,TypeScript,2024-2026,1.0,0.73,0.0,0.08,6
10,5,1,0,9,5,4,0,2,10.5,0,TypeScript,2024-2026,1.0,1.5,0.0,2.1,4
16,1,0,0,21,24,9,0,15,2.73,1,TypeScript,2024-2026,0.4,0.84,0.0,0.27,20
20,1,0,0,46,41,8,0,12,2.92,0,TypeScript,2024-2026,1.0,1.1,0.0,0.32,21
11,6,1,0,8,2,1,0,1,1.0,1,TypeScript,2024-2026,0.4,2.67,0.0,0.5,4
22,1,0,1,19,19,12,0,15,4.2,0,TypeScript,2024-2026,1.0,0.95,0.0,0.32,6
23,1,0,1,33,30,2,0,3,3.33,1,TypeScript,2024-2026,0.4,1.06,0.0,1.11,21
23,1,0,1,15,6,2,0,0,0.0,0,TypeScript,2024-2026,1.0,2.14,0.0,0.0,5
0,2,0,1,80,1,2,0,2,1.0,0,TypeScript,2024-2026,1.0,40.0,0.0,0.33,6
19,2,0,0,1,1,1,0,0,0.0,0,TypeScript,2024-2026,1.0,0.5,0.0,0.0,5
23,4,0,1,2,2,1,0,0,0.0,1,TypeScript,2024-2026,0.4,0.67,0.0,0.0,5
20,1,0,0,24,11,1,0,3,4.67,1,TypeScript,2024-2026,1.0,2.0,0.0,2.34,4
13,3,0,0,15,3,2,0,2,3.0,0,TypeScript,2024-2026,1.0,3.75,0.0,1.0,0
15,0,0,0,0,79,2,0,2,1.0,0,TypeScript,2024-2026,1.0,0.0,0.0,0.33,6
16,3,0,0,92,92,2,0,0,0.0,0,TypeScript,2024-2026,1.0,0.99,0.0,0.0,0
11,4,0,0,2,2,1,0,0,0.0,0,TypeScript,2024-2026,1.0,0.67,0.0,0.0,0
11,4,0,0,91,27,17,0,6,1.67,0,TypeScript,2024-2026,1.0,3.25,0.0,0.09,0
11,4,0,0,13,2,2,0,0,0.0,0,TypeScript,2024-2026,1.0,4.33,0.0,0.0,0
11,4,0,0,76377,50735,15,0,2581,17.18,0,TypeScript,2024-2026,1.0,1.51,0.0,1.07,0
9,5,1,0,1,1,1,0,0,0.0,0,TypeScript,2024-2026,1.0,0.5,0.0,0.0,0
11,4,0,0,18,12,1,0,0,0.0,0,TypeScript,2024-2026,1.0,1.38,0.0,0.0,0
17,4,0,0,41,8,2,0,1,1.0,0,TypeScript,2024-2026,1.0,4.56,0.0,0.33,6
17,4,0,0,36,2,3,0,3,14.33,0,TypeScript,2024-2026,1.0,12.0,0.0,3.58,6
11,1,0,0,41,46,8,0,12,3.33,0,TypeScript,2024-2026,1.0,0.87,0.0,0.37,22
17,2,0,0,21,12,3,0,0,0.0,0,TypeScript,2024-2026,1.0,1.62,0.0,0.0,0
15,3,0,0,2,2,2,0,0,0.0,0,TypeScript,2024-2026,1.0,0.67,0.0,0.0,0
10,0,0,0,14,14,1,0,0,0.0,0,TypeScript,2024-2026,1.0,0.93,0.0,0.0,0
11,0,0,0,22,10,1,0,0,0.0,0,TypeScript,2024-2026,1.0,2.0,0.0,0.0,0
11,0,0,0,302,74,1,0,0,0.0,0,TypeScript,2024-2026,1.0,4.03,0.0,0.0,0
11,0,0,0,30,25,1,0,0,0.0,0,TypeScript,2024-2026,1.0,1.15,0.0,0.0,0
8,2,0,0,7,7,1,0,0,0.0,0,TypeScript,2024-2026,1.0,0.88,0.0,0.0,0
10,3,0,0,30,12,3,0,0,0.0,0,TypeScript,2024-2026,1.0,2.31,0.0,0.0,0
15,3,0,0,3,1,1,0,0,0.0,0,TypeScript,2024-2026,1.0,1.5,0.0,0.0,0
10,4,0,0,4,4,3,1,0,0.0,0,TypeScript,2024-2026,1.0,0.8,0.25,0.0,6
13,0,0,0,3,1,1,0,0,0.0,0,TypeScript,2024-2026,1.0,1.5,0.0,0.0,0
16,0,0,0,88,48,2,1,0,0.0,0,TypeScript,2024-2026,1.0,1.8,0.33,0.0,0
23,0,0,1,162,1,2,0,4,7.0,0,TypeScript,2024-2026,1.0,81.0,0.0,2.33,1
23,0,0,1,1,1,1,0,0,0.0,0,TypeScript,2024-2026,1.0,0.5,0.0,0.0,6
20,1,0,0,8,0,2,0,3,1.67,0,TypeScript,2024-2026,1.0,8.0,0.0,0.56,0
16,4,0,0,11,8,3,0,1,1.0,0,TypeScript,2024-2026,1.0,1.22,0.0,0.25,0
16,4,0,0,14,7,2,1,3,1.33,0,TypeScript,2024-2026,1.0,1.75,0.33,0.44,0
22,2,0,1,0,56,2,0,0,0.0,0,TypeScript,2024-2026,1.0,0.0,0.0,0.0,0
14,3,0,0,97,19,5,0,9,1.67,0,TypeScript,2024-2026,1.0,4.85,0.0,0.28,0
18,3,0,0,24,12,3,0,0,0.0,0,TypeScript,2024-2026,1.0,1.85,0.0,0.0,0
16,0,0,0,0,3,3,0,0,0.0,0,TypeScript,2024-2026,1.0,0.0,0.0,0.0,0
15,3,0,0,1,1,1,0,0,0.0,0,TypeScript,2024-2026,1.0,0.5,0.0,0.0,0
14,2,0,0,8,8,2,0,0,0.0,0,TypeScript,2024-2026,1.0,0.89,0.0,0.0,0
14,2,0,0,11,9,3,0,3,1.0,0,TypeScript,2024-2026,1.0,1.1,0.0,0.25,0
12,3,0,0,12,12,2,0,0,0.0,0,TypeScript,2024-2026,1.0,0.92,0.0,0.0,0
12,3,0,0,4,0,1,0,0,0.0,0,TypeScript,2024-2026,1.0,4.0,0.0,0.0,0
14,4,0,0,6,6,1,0,0,0.0,0,TypeScript,2024-2026,1.0,0.86,0.0,0.0,0
16,4,0,0,193,82,1,0,0,0.0,0,TypeScript,2024-2026,1.0,2.33,0.0,0.0,0
9,0,0,0,1,1,1,0,0,0.0,0,TypeScript,2024-2026,1.0,0.5,0.0,0.0,6
8,2,0,0,7,4,1,0,0,0.0,0,TypeScript,2024-2026,1.0,1.4,0.0,0.0,0
8,2,0,0,3,3,1,0,0,0.0,0,TypeScript,2024-2026,1.0,0.75,0.0,0.0,0
9,2,0,0,19,5,1,0,0,0.0,0,TypeScript,2024-2026,1.0,3.17,0.0,0.0,0
9,2,0,0,8,8,2,0,0,0.0,0,TypeScript,2024-2026,1.0,0.89,0.0,0.0,0
9,2,0,0,146,71,1,0,0,0.0,0,TypeScript,2024-2026,1.0,2.03,0.0,0.0,0
12,1,0,0,9,2,2,0,1,12.0,0,TypeScript,2024-2026,1.0,3.0,0.0,4.0,0
5,0,0,1,3,0,2,0,0,0.0,0,TypeScript,2024-2026,1.0,3.0,0.0,0.0,0
14,2,0,0,46,9,3,0,1,7.0,0,TypeScript,2024-2026,1.0,4.6,0.0,1.75,0
14,1,0,0,7,7,4,1,0,0.0,0,TypeScript,2024-2026,1.0,0.88,0.2,0.0,22
22,1,0,1,3,13,2,0,0,0.0,0,TypeScript,2024-2026,1.0,0.21,0.0,0.0,22
0,5,1,1,4,4,2,0,0,0.0,1,TypeScript,2024-2026,0.4,0.8,0.0,0.0,0
1,1,0,1,9,9,1,0,0,0.0,0,TypeScript,2024-2026,1.0,0.9,0.0,0.0,5
15,1,0,0,1,16,2,0,2,2.0,0,TypeScript,2024-2026,1.0,0.06,0.0,0.67,5
22,1,0,1,11,11,11,0,0,0.0,0,TypeScript,2024-2026,1.0,0.92,0.0,0.0,5
10,2,0,0,3,6,2,0,0,0.0,0,TypeScript,2024-2026,1.0,0.43,0.0,0.0,5
23,1,0,1,4,1,1,0,2,1.0,0,TypeScript,2024-2026,1.0,2.0,0.0,0.5,5
23,1,0,1,17,0,2,0,2,3.0,0,TypeScript,2024-2026,1.0,17.0,0.0,1.0,0
18,3,0,0,26,10,1,0,3,4.67,0,TypeScript,2024-2026,1.0,2.36,0.0,2.34,6
10,4,0,0,0,1,1,0,0,0.0,0,TypeScript,2024-2026,1.0,0.0,0.0,0.0,6
22,6,1,1,24,0,2,0,2,11.0,0,TypeScript,2024-2026,1.0,24.0,0.0,3.67,6
15,2,0,0,1067,649,105,0,164,2.52,0,TypeScript,2024-2026,1.0,1.64,0.0,0.02,6
1,1,0,1,28,28,4,0,0,0.0,0,TypeScript,2024-2026,1.0,0.97,0.0,0.0,0
10,1,0,0,18,18,2,0,0,0.0,0,TypeScript,2024-2026,1.0,0.95,0.0,0.0,0
17,3,0,0,167,16,10,0,26,1.73,1,TypeScript,2024-2026,0.4,9.82,0.0,0.16,6
21,2,0,0,237,83,2,0,1,1.0,1,TypeScript,2024-2026,0.4,2.82,0.0,0.33,7
22,2,0,1,117,0,2,0,2,1.5,1,TypeScript,2024-2026,0.4,117.0,0.0,0.5,8
9,3,0,0,7,4,2,0,3,7.33,0,TypeScript,2024-2026,1.0,1.4,0.0,2.44,9
11,3,0,0,75,1,2,0,1,1.0,1,TypeScript,2024-2026,0.4,37.5,0.0,0.33,9
16,2,0,0,464,36,6,0,12,8.58,1,TypeScript,2024-2026,0.038,12.54,0.0,1.23,10
17,2,0,0,132,13,8,0,9,1.89,1,TypeScript,2024-2026,0.4,9.43,0.0,0.21,11
23,4,0,1,27,11,1,0,3,1.0,1,TypeScript,2024-2026,0.4,2.25,0.0,0.5,12
22,0,0,1,38,37,14,0,28,2.61,1,TypeScript,2024-2026,0.4,1.0,0.0,0.17,0
22,1,0,1,22,54,8,0,12,6.5,0,TypeScript,2024-2026,1.0,0.4,0.0,0.72,1
16,4,0,0,8,6,1,0,3,6.0,0,TypeScript,2024-2026,1.0,1.14,0.0,3.0,13
11,5,1,0,7,5,3,0,6,2.33,0,TypeScript,2024-2026,1.0,1.17,0.0,0.58,1
12,1,0,0,15,1,2,0,2,1.5,1,TypeScript,2024-2026,0.4,7.5,0.0,0.5,1
16,3,0,0,8,2,2,0,1,1.0,0,TypeScript,2024-2026,1.0,2.67,0.0,0.33,0
17,2,0,0,42,58,14,0,10,1.1,0,TypeScript,2024-2026,1.0,0.71,0.0,0.07,5
12,3,0,0,1189,566,2,0,0,0.0,0,TypeScript,2024-2026,1.0,2.1,0.0,0.0,0
19,3,0,0,5,6,5,0,0,0.0,0,TypeScript,2024-2026,1.0,0.71,0.0,0.0,13
9,4,0,0,102,0,1,0,2,1.0,0,TypeScript,2024-2026,1.0,102.0,0.0,0.5,0
18,3,0,0,4,4,3,1,0,0.0,0,TypeScript,2024-2026,1.0,0.8,0.25,0.0,22
19,1,0,0,5,5,3,1,0,0.0,0,TypeScript,2024-2026,1.0,0.83,0.25,0.0,0
8,5,1,0,1,1,1,0,0,0.0,0,TypeScript,2024-2026,1.0,0.5,0.0,0.0,0
10,3,0,0,43,38,4,0,1,3.0,0,TypeScript,2024-2026,1.0,1.1,0.0,0.6,0
12,3,0,0,6,1,1,0,1,11.0,0,TypeScript,2024-2026,1.0,3.0,0.0,5.5,0
13,3,0,0,2299,853,43,0,72,2.62,0,TypeScript,2024-2026,1.0,2.69,0.0,0.06,0
16,3,0,0,47,41,2,0,0,0.0,0,TypeScript,2024-2026,1.0,1.12,0.0,0.0,0
16,3,0,0,47,41,2,0,0,0.0,0,TypeScript,2024-2026,1.0,1.12,0.0,0.0,0
16,3,0,0,1,1,1,0,0,0.0,0,TypeScript,2024-2026,1.0,0.5,0.0,0.0,0
16,3,0,0,7,0,1,0,0,0.0,0,TypeScript,2024-2026,1.0,7.0,0.0,0.0,0
17,3,0,0,6,0,2,0,0,0.0,0,TypeScript,2024-2026,1.0,6.0,0.0,0.0,0
8,4,0,0,3,3,1,0,1,2.0,0,TypeScript,2024-2026,1.0,0.75,0.0,1.0,0
18,4,0,0,95,6,4,0,7,5.14,0,TypeScript,2024-2026,1.0,13.57,0.0,1.03,0
10,4,0,0,5,5,3,1,0,0.0,0,TypeScript,2024-2026,1.0,0.83,0.25,0.0,0
11,4,0,0,14,2,1,0,0,0.0,0,TypeScript,2024-2026,1.0,4.67,0.0,0.0,0
14,4,0,0,114,32,5,0,5,3.6,0,TypeScript,2024-2026,1.0,3.45,0.0,0.6,0
20,4,0,0,296,3507,24,0,0,0.0,0,TypeScript,2024-2026,1.0,0.08,0.0,0.0,0
20,4,0,0,7,1,1,0,2,2.0,0,TypeScript,2024-2026,1.0,3.5,0.0,1.0,0
6,0,0,0,16,15,4,0,0,0.0,0,TypeScript,2024-2026,1.0,1.0,0.0,0.0,0
14,0,0,0,12,0,1,0,0,0.0,0,TypeScript,2024-2026,1.0,12.0,0.0,0.0,0
17,0,0,0,0,2,2,0,0,0.0,0,TypeScript,2024-2026,1.0,0.0,0.0,0.0,0
8,1,0,0,8,18,1,0,1,13.0,0,TypeScript,2024-2026,1.0,0.42,0.0,6.5,0
11,1,0,0,2,2,1,0,0,0.0,0,TypeScript,2024-2026,1.0,0.67,0.0,0.0,0
12,2,0,0,1,4,1,0,0,0.0,0,TypeScript,2024-2026,1.0,0.2,0.0,0.0,0
11,3,0,0,34,0,2,0,3,2.33,0,TypeScript,2024-2026,1.0,34.0,0.0,0.78,0
11,3,0,0,1,10,1,0,1,1.0,0,TypeScript,2024-2026,1.0,0.09,0.0,0.5,0
13,3,0,0,19,18,1,0,0,0.0,0,TypeScript,2024-2026,1.0,1.0,0.0,0.0,0
15,3,0,0,0,2,2,0,0,0.0,0,TypeScript,2024-2026,1.0,0.0,0.0,0.0,0
15,3,0,0,1099,892,5,0,1,3.0,0,TypeScript,2024-2026,1.0,1.23,0.0,0.5,0
15,3,0,0,2,2,2,0,2,2.0,0,TypeScript,2024-2026,1.0,0.67,0.0,0.67,0
14,5,1,0,23,3,2,0,2,4.0,0,TypeScript,2024-2026,1.0,5.75,0.0,1.33,0
14,5,1,0,20,4,2,0,2,11.5,0,TypeScript,2024-2026,1.0,4.0,0.0,3.83,0
23,0,0,1,1,1,1,0,0,0.0,0,TypeScript,2024-2026,1.0,0.5,0.0,0.0,22
10,1,0,0,8,9,2,0,0,0.0,0,TypeScript,2024-2026,1.0,0.8,0.0,0.0,0
10,4,0,0,6,6,1,0,0,0.0,0,TypeScript,2024-2026,1.0,0.86,0.0,0.0,0
14,4,0,0,53,14,2,0,0,0.0,0,TypeScript,2024-2026,1.0,3.53,0.0,0.0,0
1,2,0,1,11,6,2,0,4,3.0,1,TypeScript,2024-2026,0.4,1.57,0.0,1.0,13
1,2,0,1,12,7,2,0,2,10.5,1,TypeScript,2024-2026,0.4,1.5,0.0,3.5,14
14,4,0,0,1,1,1,0,1,7.0,0,TypeScript,2024-2026,1.0,0.5,0.0,3.5,15
21,6,1,0,2,2,2,0,0,0.0,0,TypeScript,2024-2026,1.0,0.67,0.0,0.0,15
11,0,0,0,17,12,3,0,0,0.0,0,TypeScript,2024-2026,1.0,1.31,0.0,0.0,0
21,2,0,0,1195,598,2,0,0,0.0,0,TypeScript,2024-2026,1.0,1.99,0.0,0.0,0
23,2,0,1,104,117,107,2,2,2.0,0,TypeScript,2024-2026,1.0,0.88,0.02,0.02,0
23,2,0,1,251,1376,7,2,18,1.06,0,TypeScript,2024-2026,1.0,0.18,0.25,0.13,0
23,2,0,1,1253,28,2,0,0,0.0,0,TypeScript,2024-2026,1.0,43.21,0.0,0.0,0
23,2,0,1,2,7,2,0,0,0.0,0,TypeScript,2024-2026,1.0,0.25,0.0,0.0,0
23,2,0,1,9,29,1,0,0,0.0,0,TypeScript,2024-2026,1.0,0.3,0.0,0.0,0
8,3,0,0,93,1079,89,1,175,1.03,0,TypeScript,2024-2026,1.0,0.09,0.01,0.01,0
9,3,0,0,2,1,1,0,0,0.0,0,TypeScript,2024-2026,1.0,1.0,0.0,0.0,0
10,3,0,0,6523,3629,6,0,1,2.0,0,TypeScript,2024-2026,1.0,1.8,0.0,0.29,0
10,3,0,0,9,74,1,0,0,0.0,0,TypeScript,2024-2026,1.0,0.12,0.0,0.0,0
16,3,0,0,1,8,2,0,2,7.5,0,TypeScript,2024-2026,1.0,0.11,0.0,2.5,0
17,3,0,0,222,344,2,0,0,0.0,0,TypeScript,2024-2026,1.0,0.64,0.0,0.0,0
17,3,0,0,7,7,1,0,0,0.0,0,TypeScript,2024-2026,1.0,0.88,0.0,0.0,0
17,3,0,0,12,9,2,0,4,4.0,0,TypeScript,2024-2026,1.0,1.2,0.0,1.33,0
21,3,0,0,1430,424,7,0,5,1.8,0,TypeScript,2024-2026,1.0,3.36,0.0,0.22,0
12,4,0,0,14026,4,42,0,191,2.38,0,TypeScript,2024-2026,1.0,2805.2,0.0,0.06,0
16,0,0,0,189974,180801,7,0,7374,7.89,0,TypeScript,2024-2026,1.0,1.05,0.0,0.99,0
16,0,0,0,9,0,1,0,0,0.0,0,TypeScript,2024-2026,1.0,9.0,0.0,0.0,0
18,0,0,0,1795,712,39,0,153,2.83,0,TypeScript,2024-2026,1.0,2.52,0.0,0.07,0
18,0,0,0,161,21,2,1,0,0.0,0,TypeScript,2024-2026,1.0,7.32,0.33,0.0,0
9,2,0,0,3,3,1,0,0,0.0,0,TypeScript,2024-2026,1.0,0.75,0.0,0.0,0
9,2,0,0,3,3,1,0,0,0.0,0,TypeScript,2024-2026,1.0,0.75,0.0,0.0,0
9,2,0,0,119,183,2,0,0,0.0,0,TypeScript,2024-2026,1.0,0.65,0.0,0.0,0
15,2,0,0,3,12,1,0,0,0.0,0,TypeScript,2024-2026,1.0,0.23,0.0,0.0,0
3,3,0,1,9,13,1,0,2,1.0,0,TypeScript,2024-2026,1.0,0.64,0.0,0.5,0
23,3,0,1,3,0,2,0,2,2.5,1,TypeScript,2024-2026,0.4,3.0,0.0,0.83,15
23,3,0,1,7,3,1,0,1,6.0,0,TypeScript,2024-2026,1.0,1.75,0.0,3.0,16
23,3,0,1,57,62,1,0,7,9.0,0,TypeScript,2024-2026,1.0,0.9,0.0,4.5,16
19,0,0,0,24,27,2,0,0,0.0,0,TypeScript,2024-2026,1.0,0.86,0.0,0.0,0
22,0,0,1,8,9,2,0,0,0.0,0,TypeScript,2024-2026,1.0,0.8,0.0,0.0,0
14,1,0,0,8,8,2,0,0,0.0,0,TypeScript,2024-2026,1.0,0.89,0.0,0.0,0
15,4,0,0,5,5,3,1,0,0.0,0,TypeScript,2024-2026,1.0,0.83,0.25,0.0,0
15,4,0,0,1,1,1,0,0,0.0,0,TypeScript,2024-2026,1.0,0.5,0.0,0.0,0
22,4,0,1,2,2,1,0,1,1.0,1,TypeScript,2024-2026,0.4,0.67,0.0,0.5,16
0,5,1,1,100,76,2,0,5,4.4,0,TypeScript,2024-2026,1.0,1.3,0.0,1.47,22
0,5,1,1,48,7,2,0,2,25.0,1,TypeScript,2024-2026,0.4,6.0,0.0,8.33,17
11,5,1,0,1,1,1,0,0,0.0,0,TypeScript,2024-2026,1.0,0.5,0.0,0.0,0
11,5,1,0,2,2,1,0,0,0.0,0,TypeScript,2024-2026,1.0,0.67,0.0,0.0,0
13,5,1,0,72,2,2,0,3,5.0,1,TypeScript,2024-2026,0.4,24.0,0.0,1.67,5
14,5,1,0,109,2,3,0,13,1.92,1,TypeScript,2024-2026,0.654,36.33,0.0,0.48,18
22,5,1,1,1,1,1,0,0,0.0,0,TypeScript,2024-2026,1.0,0.5,0.0,0.0,19
20,6,1,0,1,1,1,0,0,0.0,0,TypeScript,2024-2026,1.0,0.5,0.0,0.0,19
22,6,1,1,4,1,1,0,0,0.0,0,TypeScript,2024-2026,1.0,2.0,0.0,0.0,6
10,1,0,0,711,342,6,3,15,1.6,0,TypeScript,2024-2026,1.0,2.07,0.43,0.23,0
11,1,0,0,128,120,47,0,0,0.0,0,TypeScript,2024-2026,1.0,1.06,0.0,0.0,0
19,4,0,0,155,39,3,0,12,8.08,1,TypeScript,2024-2026,0.4,3.88,0.0,2.02,19
20,4,0,0,1,1,1,0,0,0.0,0,TypeScript,2024-2026,1.0,0.5,0.0,0.0,20
9,3,0,0,9,0,1,0,0,0.0,0,TypeScript,2024-2026,1.0,9.0,0.0,0.0,0
17,3,0,0,7,7,2,0,0,0.0,0,TypeScript,2024-2026,1.0,0.88,0.0,0.0,0
17,3,0,0,16,0,1,0,2,1.5,0,TypeScript,2024-2026,1.0,16.0,0.0,0.75,0
9,4,0,0,1637,862,2,0,0,0.0,0,TypeScript,2024-2026,1.0,1.9,0.0,0.0,0
10,4,0,0,8,0,1,0,0,0.0,0,TypeScript,2024-2026,1.0,8.0,0.0,0.0,0
10,4,0,0,21,3,2,0,4,5.25,0,TypeScript,2024-2026,1.0,5.25,0.0,1.75,0
10,4,0,0,1743,0,8,0,0,0.0,0,TypeScript,2024-2026,1.0,1743.0,0.0,0.0,0
10,4,0,0,8,9,2,0,0,0.0,0,TypeScript,2024-2026,1.0,0.8,0.0,0.0,0
13,4,0,0,0,4,1,0,1,1.0,0,TypeScript,2024-2026,1.0,0.0,0.0,0.5,0
13,4,0,0,0,2,1,0,0,0.0,0,TypeScript,2024-2026,1.0,0.0,0.0,0.0,0
13,4,0,0,199,171,8,0,19,2.11,0,TypeScript,2024-2026,1.0,1.16,0.0,0.23,0
16,4,0,0,27,17,6,0,0,0.0,0,TypeScript,2024-2026,1.0,1.5,0.0,0.0,0
17,4,0,0,26,24,7,0,4,2.25,0,TypeScript,2024-2026,1.0,1.04,0.0,0.28,0
18,4,0,0,89,373,3,0,0,0.0,0,TypeScript,2024-2026,1.0,0.24,0.0,0.0,0
15,4,0,0,1,0,1,0,0,0.0,0,TypeScript,2024-2026,1.0,1.0,0.0,0.0,0
15,4,0,0,591,1259,2,0,0,0.0,0,TypeScript,2024-2026,1.0,0.47,0.0,0.0,0
23,4,0,1,7,7,2,0,0,0.0,0,TypeScript,2024-2026,1.0,0.88,0.0,0.0,0
23,4,0,1,6,6,2,0,0,0.0,0,TypeScript,2024-2026,1.0,0.86,0.0,0.0,0
1,5,1,1,16,16,2,0,0,0.0,0,TypeScript,2024-2026,1.0,0.94,0.0,0.0,0
2,5,1,1,6,8,2,0,0,0.0,0,TypeScript,2024-2026,1.0,0.67,0.0,0.0,0
2,5,1,1,1,1,1,0,0,0.0,0,TypeScript,2024-2026,1.0,0.5,0.0,0.0,0
2,5,1,1,3,3,3,0,0,0.0,0,TypeScript,2024-2026,1.0,0.75,0.0,0.0,0
5,5,1,1,3,3,1,0,0,0.0,0,TypeScript,2024-2026,1.0,0.75,0.0,0.0,0
5,5,1,1,18,8,2,0,0,0.0,0,TypeScript,2024-2026,1.0,2.0,0.0,0.0,0
9,5,1,0,92,61,2,0,0,0.0,0,TypeScript,2024-2026,1.0,1.48,0.0,0.0,0
13,5,1,0,1450,1194,2,0,0,0.0,0,TypeScript,2024-2026,1.0,1.21,0.0,0.0,0
10,1,0,0,3,0,1,0,0,0.0,0,TypeScript,2024-2026,1.0,3.0,0.0,0.0,0
18,2,0,0,1,1,1,0,0,0.0,0,TypeScript,2024-2026,1.0,0.5,0.0,0.0,0
19,2,0,0,50,24,3,0,0,0.0,0,TypeScript,2024-2026,1.0,2.0,0.0,0.0,0
9,3,0,0,9,5,5,0,2,2.5,0,TypeScript,2024-2026,1.0,1.5,0.0,0.42,0
9,3,0,0,1,1,1,0,0,0.0,0,TypeScript,2024-2026,1.0,0.5,0.0,0.0,0
10,3,0,0,6,3,2,0,0,0.0,0,TypeScript,2024-2026,1.0,1.5,0.0,0.0,0
16,4,0,0,1,0,1,0,0,0.0,0,TypeScript,2024-2026,1.0,1.0,0.0,0.0,0
17,6,1,0,89,89,47,0,0,0.0,0,TypeScript,2024-2026,1.0,0.99,0.0,0.0,0
10,1,0,0,41,0,3,1,2,3.5,0,TypeScript,2024-2026,1.0,41.0,0.25,0.88,0
10,1,0,0,182,49,9,0,0,0.0,0,TypeScript,2024-2026,1.0,3.64,0.0,0.0,0
12,1,0,0,15,3,2,0,0,0.0,0,TypeScript,2024-2026,1.0,3.75,0.0,0.0,0
12,1,0,0,1,1,1,0,0,0.0,0,TypeScript,2024-2026,1.0,0.5,0.0,0.0,0
15,1,0,0,42,42,9,0,0,0.0,0,TypeScript,2024-2026,1.0,0.98,0.0,0.0,0
18,1,0,0,85,89,26,8,16,5.0,0,TypeScript,2024-2026,1.0,0.94,0.3,0.19,0
19,1,0,0,73,7,3,3,0,0.0,0,TypeScript,2024-2026,1.0,9.12,0.75,0.0,0
10,2,0,0,13,13,2,0,0,0.0,0,TypeScript,2024-2026,1.0,0.93,0.0,0.0,0
16,2,0,0,2,2,1,1,1,2.0,0,TypeScript,2024-2026,1.0,0.67,0.5,1.0,0
16,2,0,0,2,0,1,0,0,0.0,0,TypeScript,2024-2026,1.0,2.0,0.0,0.0,0
22,2,0,1,10,10,3,0,0,0.0,0,TypeScript,2024-2026,1.0,0.91,0.0,0.0,0
10,3,0,0,127,10,16,8,7,2.29,0,TypeScript,2024-2026,1.0,11.55,0.47,0.13,0
11,3,0,0,1125,0,12,1,4,1.0,0,TypeScript,2024-2026,1.0,1125.0,0.08,0.08,0
11,3,0,0,33,17,4,2,6,1.0,0,TypeScript,2024-2026,1.0,1.83,0.4,0.2,0
13,3,0,0,623,278,71,25,75,5.52,0,TypeScript,2024-2026,1.0,2.23,0.35,0.08,0
15,3,0,0,34,15,2,0,2,15.5,0,TypeScript,2024-2026,1.0,2.12,0.0,5.17,0
22,3,0,1,4020,71,9,0,9,2.67,0,TypeScript,2024-2026,1.0,55.83,0.0,0.27,0
10,4,0,0,22,10,4,0,7,7.86,0,TypeScript,2024-2026,1.0,2.0,0.0,1.57,0
11,4,0,0,10,10,2,0,0,0.0,0,TypeScript,2024-2026,1.0,0.91,0.0,0.0,0
12,4,0,0,2,2,1,0,1,49.0,0,TypeScript,2024-2026,1.0,0.67,0.0,24.5,0
19,0,0,0,3,3,1,0,0,0.0,0,TypeScript,2024-2026,1.0,0.75,0.0,0.0,0
21,0,0,0,571,254,1,0,0,0.0,0,TypeScript,2024-2026,1.0,2.24,0.0,0.0,0
9,1,0,0,4,4,1,0,1,3.0,0,TypeScript,2024-2026,1.0,0.8,0.0,1.5,0
9,1,0,0,100,79,6,4,6,3.67,0,TypeScript,2024-2026,1.0,1.25,0.57,0.52,0
15,1,0,0,241,1,3,1,3,7.67,0,TypeScript,2024-2026,1.0,120.5,0.25,1.92,0
16,1,0,0,2337,26,51,2,36,4.33,0,TypeScript,2024-2026,1.0,86.56,0.04,0.08,0
9,2,0,0,28,1,2,1,2,1.5,0,TypeScript,2024-2026,1.0,14.0,0.33,0.5,0
10,2,0,0,2039,7,19,2,5,1.4,0,TypeScript,2024-2026,1.0,254.88,0.1,0.07,0
12,2,0,0,42,42,9,0,0,0.0,0,TypeScript,2024-2026,1.0,0.98,0.0,0.0,0
12,2,0,0,4,0,1,0,0,0.0,0,TypeScript,2024-2026,1.0,4.0,0.0,0.0,0
12,2,0,0,0,11,1,0,0,0.0,0,TypeScript,2024-2026,1.0,0.0,0.0,0.0,0
12,2,0,0,1,1,1,0,0,0.0,0,TypeScript,2024-2026,1.0,0.5,0.0,0.0,0
12,2,0,0,2407,133,50,8,31,1.68,0,TypeScript,2024-2026,1.0,17.96,0.16,0.03,0
22,2,0,1,327,310,1,0,0,0.0,0,TypeScript,2024-2026,1.0,1.05,0.0,0.0,0
15,3,0,0,94,10,2,1,2,1.0,0,TypeScript,2024-2026,1.0,8.55,0.33,0.33,0
15,3,0,0,42,42,9,0,0,0.0,0,TypeScript,2024-2026,1.0,0.98,0.0,0.0,0
11,4,0,0,1,1,1,0,0,0.0,0,TypeScript,2024-2026,1.0,0.5,0.0,0.0,0
13,4,0,0,11,26,2,0,0,0.0,0,TypeScript,2024-2026,1.0,0.41,0.0,0.0,0
13,4,0,0,8642,48,46,18,50,1.64,0,TypeScript,2024-2026,1.0,176.37,0.38,0.03,0
14,4,0,0,82,1,4,1,3,1.0,0,TypeScript,2024-2026,1.0,41.0,0.2,0.2,0
15,4,0,0,150,1,10,2,7,26.86,0,TypeScript,2024-2026,1.0,75.0,0.18,2.44,0
12,0,0,0,42,42,9,0,0,0.0,0,TypeScript,2024-2026,1.0,0.98,0.0,0.0,0
13,1,0,0,226,15,6,3,5,9.2,0,TypeScript,2024-2026,1.0,14.12,0.43,1.31,0
15,1,0,0,1,0,1,0,0,0.0,0,TypeScript,2024-2026,1.0,1.0,0.0,0.0,0
14,2,0,0,14,0,2,0,1,40.0,0,TypeScript,2024-2026,1.0,14.0,0.0,13.33,0
17,2,0,0,203,1896,11,0,33,3.15,0,TypeScript,2024-2026,1.0,0.11,0.0,0.26,0
11,3,0,0,1,1,1,0,0,0.0,0,TypeScript,2024-2026,1.0,0.5,0.0,0.0,0
13,3,0,0,117,595,11,1,47,3.02,0,TypeScript,2024-2026,1.0,0.2,0.08,0.25,0
15,3,0,0,150,0,1,0,0,0.0,0,TypeScript,2024-2026,1.0,150.0,0.0,0.0,0
16,3,0,0,317,181,12,6,20,3.3,0,TypeScript,2024-2026,1.0,1.74,0.46,0.25,0
4,4,0,1,70,61,1,0,0,0.0,0,TypeScript,2024-2026,1.0,1.13,0.0,0.0,0
9,4,0,0,29,4,1,0,0,0.0,0,TypeScript,2024-2026,1.0,5.8,0.0,0.0,0
9,4,0,0,288,3,1,0,0,0.0,0,TypeScript,2024-2026,1.0,72.0,0.0,0.0,0
12,4,0,0,38,22,2,1,1,1.0,0,TypeScript,2024-2026,1.0,1.65,0.33,0.33,0
15,4,0,0,51,1,1,0,1,4.0,0,TypeScript,2024-2026,1.0,25.5,0.0,2.0,0
18,4,0,0,349,701,11,0,8,5.38,0,TypeScript,2024-2026,1.0,0.5,0.0,0.45,0
19,4,0,0,93,94,1,0,0,0.0,0,TypeScript,2024-2026,1.0,0.98,0.0,0.0,0
10,5,1,0,89,89,48,0,0,0.0,0,TypeScript,2024-2026,1.0,0.99,0.0,0.0,0
15,5,1,0,18,3,1,0,3,4.33,0,TypeScript,2024-2026,1.0,4.5,0.0,2.16,0
22,6,1,1,81,95,5,0,2,1.0,0,TypeScript,2024-2026,1.0,0.84,0.0,0.17,0
12,0,0,0,62,0,3,1,2,26.0,0,TypeScript,2024-2026,1.0,62.0,0.25,6.5,0
13,0,0,0,42,42,9,0,0,0.0,0,TypeScript,2024-2026,1.0,0.98,0.0,0.0,0
14,0,0,0,85,153,15,1,26,6.85,0,TypeScript,2024-2026,1.0,0.55,0.06,0.43,0
15,0,0,0,17,150,3,0,0,0.0,0,TypeScript,2024-2026,1.0,0.11,0.0,0.0,0
10,1,0,0,6,6,2,0,0,0.0,0,TypeScript,2024-2026,1.0,0.86,0.0,0.0,0
10,1,0,0,6,6,2,0,0,0.0,0,TypeScript,2024-2026,1.0,0.86,0.0,0.0,0
11,1,0,0,1293,32,27,12,22,1.64,0,TypeScript,2024-2026,1.0,39.18,0.43,0.06,0
15,1,0,0,2449,333,25,17,20,1.15,0,TypeScript,2024-2026,1.0,7.33,0.65,0.04,0
15,1,0,0,922,72,11,3,7,1.0,0,TypeScript,2024-2026,1.0,12.63,0.25,0.08,0
17,1,0,0,3,3,2,0,0,0.0,0,TypeScript,2024-2026,1.0,0.75,0.0,0.0,0
17,1,0,0,1,0,1,0,1,1.0,0,TypeScript,2024-2026,1.0,1.0,0.0,0.5,0
18,1,0,0,73,37,8,1,11,3.55,0,TypeScript,2024-2026,1.0,1.92,0.11,0.39,0
19,1,0,0,0,2,1,0,1,6.0,0,TypeScript,2024-2026,1.0,0.0,0.0,3.0,0
20,1,0,0,9,7,3,0,0,0.0,0,TypeScript,2024-2026,1.0,1.12,0.0,0.0,0
22,1,0,1,12,12,5,0,0,0.0,0,TypeScript,2024-2026,1.0,0.92,0.0,0.0,0
11,2,0,0,0,1,1,0,1,1.0,0,TypeScript,2024-2026,1.0,0.0,0.0,0.5,0
16,2,0,0,1,1,1,0,1,1.0,0,TypeScript,2024-2026,1.0,0.5,0.0,0.5,0
0,3,0,1,37,37,17,0,0,0.0,0,TypeScript,2024-2026,1.0,0.97,0.0,0.0,0
9,3,0,0,64,0,1,0,0,0.0,0,TypeScript,2024-2026,1.0,64.0,0.0,0.0,0
10,4,0,0,185,43,4,1,6,4.33,0,TypeScript,2024-2026,1.0,4.2,0.2,0.87,0
10,4,0,0,47,6,2,1,2,1.5,0,TypeScript,2024-2026,1.0,6.71,0.33,0.5,0
11,4,0,0,1,1,1,1,1,1.0,0,TypeScript,2024-2026,1.0,0.5,0.5,0.5,0
12,4,0,0,6,6,2,0,0,0.0,0,TypeScript,2024-2026,1.0,0.86,0.0,0.0,0
12,4,0,0,6,6,2,0,0,0.0,0,TypeScript,2024-2026,1.0,0.86,0.0,0.0,0
12,4,0,0,15,15,6,0,0,0.0,0,TypeScript,2024-2026,1.0,0.94,0.0,0.0,0
13,4,0,0,9,9,2,0,0,0.0,0,TypeScript,2024-2026,1.0,0.9,0.0,0.0,0
13,4,0,0,101,2,4,1,6,1.83,0,TypeScript,2024-2026,1.0,33.67,0.2,0.37,0
13,4,0,0,1,1,1,0,0,0.0,0,TypeScript,2024-2026,1.0,0.5,0.0,0.0,0
14,4,0,0,1,1,1,0,0,0.0,0,TypeScript,2024-2026,1.0,0.5,0.0,0.0,0
14,4,0,0,28,8,2,0,0,0.0,0,TypeScript,2024-2026,1.0,3.11,0.0,0.0,0
14,4,0,0,49,4,3,1,5,2.2,0,TypeScript,2024-2026,1.0,9.8,0.25,0.55,0
14,4,0,0,36,255,5,3,3,1.0,0,TypeScript,2024-2026,1.0,0.14,0.5,0.17,0
14,4,0,0,12,20,3,0,0,0.0,0,TypeScript,2024-2026,1.0,0.57,0.0,0.0,0
22,5,1,1,89,89,48,0,0,0.0,0,TypeScript,2024-2026,1.0,0.99,0.0,0.0,0
23,5,1,1,51,0,1,0,0,0.0,0,TypeScript,2024-2026,1.0,51.0,0.0,0.0,0
0,6,1,1,128,38,2,0,0,0.0,0,TypeScript,2024-2026,1.0,3.28,0.0,0.0,0
0,6,1,1,4,2,2,0,0,0.0,0,TypeScript,2024-2026,1.0,1.33,0.0,0.0,0
10,0,0,0,6,6,2,0,0,0.0,0,TypeScript,2024-2026,1.0,0.86,0.0,0.0,0
15,1,0,0,407,724,59,12,21,1.57,0,TypeScript,2024-2026,1.0,0.56,0.2,0.03,0
9,0,0,0,7,6,2,0,0,0.0,0,TypeScript,2024-2026,1.0,1.0,0.0,0.0,0
18,1,0,0,6,6,2,0,0,0.0,0,TypeScript,2024-2026,1.0,0.86,0.0,0.0,0
9,2,0,0,5471,17,26,0,64,1.97,0,TypeScript,2024-2026,1.0,303.94,0.0,0.07,0
12,2,0,0,747,162,46,7,43,2.74,0,TypeScript,2024-2026,1.0,4.58,0.15,0.06,0
5,3,0,1,6,6,2,0,0,0.0,0,TypeScript,2024-2026,1.0,0.86,0.0,0.0,0
11,3,0,0,5,4,1,0,3,1.67,0,TypeScript,2024-2026,1.0,1.0,0.0,0.84,0
12,3,0,0,42,42,9,0,0,0.0,0,TypeScript,2024-2026,1.0,0.98,0.0,0.0,0
13,4,0,0,5,5,3,1,0,0.0,0,TypeScript,2024-2026,1.0,0.83,0.25,0.0,0
13,4,0,0,1,1,1,0,0,0.0,0,TypeScript,2024-2026,1.0,0.5,0.0,0.0,0
13,4,0,0,2,2,1,0,0,0.0,0,TypeScript,2024-2026,1.0,0.67,0.0,0.0,0
15,4,0,0,3148,175,8,0,4,1.0,0,TypeScript,2024-2026,1.0,17.89,0.0,0.11,0
14,5,1,0,18,18,3,0,4,2.25,1,TypeScript,2024-2026,0.4,0.95,0.0,0.56,22
16,5,1,0,5,0,1,0,0,0.0,0,TypeScript,2024-2026,1.0,5.0,0.0,0.0,0
15,0,0,0,6,6,2,0,0,0.0,0,TypeScript,2024-2026,1.0,0.86,0.0,0.0,0
13,1,0,0,218,14,5,1,2,1.0,0,TypeScript,2024-2026,1.0,14.53,0.17,0.17,0
14,1,0,0,93,101,12,3,17,1.59,0,TypeScript,2024-2026,1.0,0.91,0.23,0.12,0
15,1,0,0,53,19,4,0,7,3.86,0,TypeScript,2024-2026,1.0,2.65,0.0,0.77,0
16,1,0,0,6,33,1,0,0,0.0,0,TypeScript,2024-2026,1.0,0.18,0.0,0.0,0
15,3,0,0,290,48,6,2,11,3.82,0,TypeScript,2024-2026,1.0,5.92,0.29,0.55,0
19,3,0,0,56,41,2,0,0,0.0,0,TypeScript,2024-2026,1.0,1.33,0.0,0.0,0
15,4,0,0,900,608,451,87,34,2.56,0,TypeScript,2024-2026,1.0,1.48,0.19,0.01,0
19,4,0,0,2,3,2,0,0,0.0,0,TypeScript,2024-2026,1.0,0.5,0.0,0.0,0
10,0,0,0,7,7,2,0,0,0.0,0,TypeScript,2024-2026,1.0,0.88,0.0,0.0,0
13,0,0,0,804,38,8,0,10,3.6,0,TypeScript,2024-2026,1.0,20.62,0.0,0.4,0
13,0,0,0,6,6,2,0,0,0.0,0,TypeScript,2024-2026,1.0,0.86,0.0,0.0,0
14,0,0,0,12,61,3,1,4,1.5,0,TypeScript,2024-2026,1.0,0.19,0.25,0.38,0
16,0,0,0,512,14,2,1,18,1.72,0,TypeScript,2024-2026,1.0,34.13,0.33,0.57,0
16,0,0,0,34,2,2,1,2,3.0,1,TypeScript,2024-2026,0.062,11.33,0.33,1.0,0
9,1,0,0,122,117,5,0,11,5.82,0,TypeScript,2024-2026,1.0,1.03,0.0,0.97,1
10,1,0,0,21,15,7,0,5,5.2,0,TypeScript,2024-2026,1.0,1.31,0.0,0.65,0
10,1,0,0,770,62,6,3,11,1.0,0,TypeScript,2024-2026,1.0,12.22,0.43,0.14,0
13,1,0,0,4,4,4,0,9,1.56,0,TypeScript,2024-2026,1.0,0.8,0.0,0.31,0
21,2,0,0,38,24,1,0,0,0.0,0,TypeScript,2024-2026,1.0,1.52,0.0,0.0,0
11,3,0,0,16,12,5,0,1,3.0,0,TypeScript,2024-2026,1.0,1.23,0.0,0.5,0
19,3,0,0,62,62,1,0,0,0.0,0,TypeScript,2024-2026,1.0,0.98,0.0,0.0,0
12,0,0,0,14,147,3,1,0,0.0,0,TypeScript,2024-2026,1.0,0.09,0.25,0.0,0
13,0,0,0,57,63,2,0,0,0.0,0,TypeScript,2024-2026,1.0,0.89,0.0,0.0,0
19,0,0,0,7,7,2,0,0,0.0,0,TypeScript,2024-2026,1.0,0.88,0.0,0.0,0
20,0,0,0,6,6,2,0,0,0.0,0,TypeScript,2024-2026,1.0,0.86,0.0,0.0,0
8,1,0,0,5,1,1,0,0,0.0,0,TypeScript,2024-2026,1.0,2.5,0.0,0.0,0
11,1,0,0,66,12,2,0,0,0.0,0,TypeScript,2024-2026,1.0,5.08,0.0,0.0,0
16,1,0,0,6,0,1,0,0,0.0,0,TypeScript,2024-2026,1.0,6.0,0.0,0.0,0
17,1,0,0,77,68,3,1,0,0.0,0,TypeScript,2024-2026,1.0,1.12,0.25,0.0,0
8,2,0,0,182,49,9,0,0,0.0,0,TypeScript,2024-2026,1.0,3.64,0.0,0.0,0
16,2,0,0,48,38,3,0,0,0.0,0,TypeScript,2024-2026,1.0,1.23,0.0,0.0,0
16,2,0,0,16,33,3,0,0,0.0,0,TypeScript,2024-2026,1.0,0.47,0.0,0.0,0
17,3,0,0,1,1,1,0,0,0.0,0,TypeScript,2024-2026,1.0,0.5,0.0,0.0,0
21,1,0,0,1687,562,28,1,42,2.02,0,TypeScript,2024-2026,1.0,3.0,0.03,0.07,0
21,1,0,0,90,90,49,0,0,0.0,0,TypeScript,2024-2026,1.0,0.99,0.0,0.0,0
22,1,0,1,717,713,1,0,0,0.0,0,TypeScript,2024-2026,1.0,1.0,0.0,0.0,0
22,1,0,1,7,7,2,0,0,0.0,0,TypeScript,2024-2026,1.0,0.88,0.0,0.0,0
23,1,0,1,6,6,2,0,0,0.0,0,TypeScript,2024-2026,1.0,0.86,0.0,0.0,0
23,1,0,1,111,47,2,0,0,0.0,0,TypeScript,2024-2026,1.0,2.31,0.0,0.0,0
11,2,0,0,0,2,2,0,0,0.0,0,TypeScript,2024-2026,1.0,0.0,0.0,0.0,0
16,2,0,0,42,42,9,0,0,0.0,0,TypeScript,2024-2026,1.0,0.98,0.0,0.0,0
18,2,0,0,11,11,2,0,0,0.0,0,TypeScript,2024-2026,1.0,0.92,0.0,0.0,0
18,2,0,0,12,13,4,0,0,0.0,0,TypeScript,2024-2026,1.0,0.86,0.0,0.0,0
19,2,0,0,2970,45,16,4,3,1.0,0,TypeScript,2024-2026,1.0,64.57,0.24,0.06,0
20,2,0,0,1,2,1,0,0,0.0,0,TypeScript,2024-2026,1.0,0.33,0.0,0.0,0
5,3,0,1,21,21,2,0,0,0.0,0,TypeScript,2024-2026,1.0,0.95,0.0,0.0,0
9,3,0,0,42,42,9,0,0,0.0,0,TypeScript,2024-2026,1.0,0.98,0.0,0.0,0
12,3,0,0,48,20,5,0,3,1.67,0,TypeScript,2024-2026,1.0,2.29,0.0,0.28,0
20,3,0,0,9,8,1,0,0,0.0,0,TypeScript,2024-2026,1.0,1.0,0.0,0.0,0
17,5,1,0,43,4,3,1,5,2.6,0,TypeScript,2024-2026,1.0,8.6,0.25,0.65,0
23,5,1,1,14,2,3,0,6,3.17,0,TypeScript,2024-2026,1.0,4.67,0.0,0.79,0
2,6,1,1,1,0,1,0,0,0.0,0,TypeScript,2024-2026,1.0,1.0,0.0,0.0,0
10,0,0,0,42,42,9,0,0,0.0,0,TypeScript,2024-2026,1.0,0.98,0.0,0.0,0
2,1,0,1,140,110,1,0,0,0.0,0,TypeScript,2024-2026,1.0,1.26,0.0,0.0,0
12,1,0,0,42,42,9,0,0,0.0,0,TypeScript,2024-2026,1.0,0.98,0.0,0.0,0
22,1,0,1,9,8,3,1,0,0.0,0,TypeScript,2024-2026,1.0,1.0,0.25,0.0,0
23,1,0,1,42,62,4,0,0,0.0,0,TypeScript,2024-2026,1.0,0.67,0.0,0.0,0
0,2,0,1,5,0,1,0,0,0.0,0,TypeScript,2024-2026,1.0,5.0,0.0,0.0,0
0,2,0,1,1,1,1,0,0,0.0,0,TypeScript,2024-2026,1.0,0.5,0.0,0.0,0
0,2,0,1,13,9,2,0,0,0.0,0,TypeScript,2024-2026,1.0,1.3,0.0,0.0,0
0,2,0,1,4,9,1,0,0,0.0,0,TypeScript,2024-2026,1.0,0.4,0.0,0.0,0
14,2,0,0,7,7,2,0,0,0.0,0,TypeScript,2024-2026,1.0,0.88,0.0,0.0,0
14,2,0,0,90,90,49,0,0,0.0,0,TypeScript,2024-2026,1.0,0.99,0.0,0.0,0
15,2,0,0,106,43,6,0,2,1.5,0,TypeScript,2024-2026,1.0,2.41,0.0,0.21,0
15,2,0,0,181,2,20,7,25,3.48,0,TypeScript,2024-2026,1.0,60.33,0.33,0.17,0
15,2,0,0,6,6,2,0,0,0.0,0,TypeScript,2024-2026,1.0,0.86,0.0,0.0,0
12,3,0,0,1,1,1,0,1,1.0,0,TypeScript,2024-2026,1.0,0.5,0.0,0.5,0
15,3,0,0,42,42,9,0,0,0.0,0,TypeScript,2024-2026,1.0,0.98,0.0,0.0,0
15,3,0,0,27,27,1,1,1,10.0,0,TypeScript,2024-2026,1.0,0.96,0.5,5.0,1
18,3,0,0,6,6,2,0,0,0.0,0,TypeScript,2024-2026,1.0,0.86,0.0,0.0,0
19,3,0,0,39,47,4,0,0,0.0,0,TypeScript,2024-2026,1.0,0.81,0.0,0.0,1
19,3,0,0,3,6,1,0,0,0.0,0,TypeScript,2024-2026,1.0,0.43,0.0,0.0,1
20,3,0,0,42,42,9,0,0,0.0,0,TypeScript,2024-2026,1.0,0.98,0.0,0.0,0
2,4,0,1,6,6,2,0,0,0.0,0,TypeScript,2024-2026,1.0,0.86,0.0,0.0,0
10,4,0,0,3,3,1,0,1,56.0,0,TypeScript,2024-2026,1.0,0.75,0.0,28.0,0
10,4,0,0,42,42,9,0,0,0.0,0,TypeScript,2024-2026,1.0,0.98,0.0,0.0,0
10,4,0,0,149,142,3,1,2,1.0,0,TypeScript,2024-2026,1.0,1.04,0.25,0.25,0
12,4,0,0,43,3,2,1,2,4.5,0,TypeScript,2024-2026,1.0,10.75,0.33,1.5,0
13,4,0,0,14,0,1,0,0,0.0,0,TypeScript,2024-2026,1.0,14.0,0.0,0.0,0
13,4,0,0,189,9,2,1,9,1.67,0,TypeScript,2024-2026,1.0,18.9,0.33,0.56,1
13,4,0,0,60,59,14,2,0,0.0,0,TypeScript,2024-2026,1.0,1.0,0.13,0.0,0
14,4,0,0,182,49,9,0,0,0.0,0,TypeScript,2024-2026,1.0,3.64,0.0,0.0,0
0,0,0,1,24,0,1,0,0,0.0,0,TypeScript,2024-2026,1.0,24.0,0.0,0.0,6
11,0,0,0,42,42,9,0,0,0.0,0,TypeScript,2024-2026,1.0,0.98,0.0,0.0,0
13,0,0,0,90,90,49,0,0,0.0,0,TypeScript,2024-2026,1.0,0.99,0.0,0.0,0
13,0,0,0,7,7,1,0,0,0.0,0,TypeScript,2024-2026,1.0,0.88,0.0,0.0,0
14,0,0,0,57,3,2,1,5,1.2,0,TypeScript,2024-2026,1.0,14.25,0.33,0.4,0
18,0,0,0,42,42,9,0,0,0.0,0,TypeScript,2024-2026,1.0,0.98,0.0,0.0,0
22,0,0,1,90,90,49,0,0,0.0,0,TypeScript,2024-2026,1.0,0.99,0.0,0.0,0
9,2,0,0,0,3,1,0,0,0.0,0,TypeScript,2024-2026,1.0,0.0,0.0,0.0,0
13,2,0,0,42,42,9,0,0,0.0,0,TypeScript,2024-2026,1.0,0.98,0.0,0.0,0
14,2,0,0,42,42,9,0,0,0.0,0,TypeScript,2024-2026,1.0,0.98,0.0,0.0,0
15,2,0,0,42,42,9,0,0,0.0,0,TypeScript,2024-2026,1.0,0.98,0.0,0.0,0
15,2,0,0,279,95,3,1,4,15.5,0,TypeScript,2024-2026,1.0,2.91,0.25,3.88,0
15,2,0,0,6772,76,65,21,138,3.3,0,TypeScript,2024-2026,1.0,87.95,0.32,0.05,0
16,2,0,0,55,35,7,0,2,1.0,0,TypeScript,2024-2026,1.0,1.53,0.0,0.12,0
16,2,0,0,6,6,2,0,0,0.0,0,TypeScript,2024-2026,1.0,0.86,0.0,0.0,0
17,2,0,0,6,6,2,0,0,0.0,0,TypeScript,2024-2026,1.0,0.86,0.0,0.0,0
17,2,0,0,42,68,2,0,0,0.0,0,TypeScript,2024-2026,1.0,0.61,0.0,0.0,0
0,4,0,1,10,10,2,0,0,0.0,0,TypeScript,2024-2026,1.0,0.91,0.0,0.0,0
13,4,0,0,111,2,5,1,3,5.67,0,TypeScript,2024-2026,1.0,37.0,0.17,0.94,1
16,4,0,0,42,42,9,0,0,0.0,0,TypeScript,2024-2026,1.0,0.98,0.0,0.0,0
16,4,0,0,0,6,1,0,1,9.0,0,TypeScript,2024-2026,1.0,0.0,0.0,4.5,0
16,4,0,0,159,2511,62,3,86,2.28,0,TypeScript,2024-2026,1.0,0.06,0.05,0.04,0
7,5,1,0,5,5,4,0,2,1.0,0,TypeScript,2024-2026,1.0,0.83,0.0,0.2,0
8,5,1,0,6,6,2,0,0,0.0,0,TypeScript,2024-2026,1.0,0.86,0.0,0.0,0
12,0,0,0,1,1,1,0,0,0.0,0,TypeScript,2024-2026,1.0,0.5,0.0,0.0,0
13,0,0,0,1,1,1,0,0,0.0,0,TypeScript,2024-2026,1.0,0.5,0.0,0.0,0
14,0,0,0,42,42,9,0,0,0.0,0,TypeScript,2024-2026,1.0,0.98,0.0,0.0,0
15,0,0,0,6,6,2,0,0,0.0,0,TypeScript,2024-2026,1.0,0.86,0.0,0.0,0
15,0,0,0,116,1,3,2,2,10.0,0,TypeScript,2024-2026,1.0,58.0,0.5,2.5,0
11,1,0,0,6,6,2,0,0,0.0,0,TypeScript,2024-2026,1.0,0.86,0.0,0.0,0
12,1,0,0,6,6,2,0,0,0.0,0,TypeScript,2024-2026,1.0,0.86,0.0,0.0,0
10,2,0,0,217,5,3,1,6,1.17,0,TypeScript,2024-2026,1.0,36.17,0.25,0.29,0
12,2,0,0,135,26,10,2,12,7.08,0,TypeScript,2024-2026,1.0,5.0,0.18,0.64,1
12,2,0,0,0,1367,31,15,49,1.29,0,TypeScript,2024-2026,1.0,0.0,0.47,0.04,1
12,2,0,0,0,824,2,0,5,1.0,0,TypeScript,2024-2026,1.0,0.0,0.0,0.33,1
12,2,0,0,2,2,2,0,1,2.0,0,TypeScript,2024-2026,1.0,0.67,0.0,0.67,1
15,2,0,0,561,2,5,1,10,3.3,0,TypeScript,2024-2026,1.0,187.0,0.17,0.55,0
15,2,0,0,189,11,3,2,9,1.78,0,TypeScript,2024-2026,1.0,15.75,0.5,0.44,0
18,2,0,0,6,6,2,0,0,0.0,0,TypeScript,2024-2026,1.0,0.86,0.0,0.0,0
23,2,0,1,6,6,2,0,0,0.0,0,TypeScript,2024-2026,1.0,0.86,0.0,0.0,0
10,3,0,0,42,42,9,0,0,0.0,0,TypeScript,2024-2026,1.0,0.98,0.0,0.0,0
16,3,0,0,1281,50,29,3,37,1.97,1,TypeScript,2024-2026,1.0,25.12,0.1,0.07,0
15,4,0,0,824,0,10,1,18,3.56,0,TypeScript,2024-2026,1.0,824.0,0.09,0.32,0
21,4,0,0,20,12,1,0,0,0.0,0,TypeScript,2024-2026,1.0,1.54,0.0,0.0,0
13,5,1,0,56,56,2,0,0,0.0,0,TypeScript,2024-2026,1.0,0.98,0.0,0.0,0
11,0,0,0,42,42,9,0,0,0.0,0,TypeScript,2024-2026,1.0,0.98,0.0,0.0,0
14,0,0,0,6,6,2,0,0,0.0,0,TypeScript,2024-2026,1.0,0.86,0.0,0.0,0
16,0,0,0,1,1,1,0,0,0.0,1,TypeScript,2024-2026,0.4,0.5,0.0,0.0,0
10,1,0,0,41,190,11,6,4,1.0,0,TypeScript,2024-2026,1.0,0.21,0.5,0.08,0
16,1,0,0,24,24,2,0,0,0.0,0,TypeScript,2024-2026,1.0,0.96,0.0,0.0,1
17,1,0,0,42,42,9,0,0,0.0,0,TypeScript,2024-2026,1.0,0.98,0.0,0.0,0
19,1,0,0,121,14,7,2,5,4.6,0,TypeScript,2024-2026,1.0,8.07,0.25,0.57,1
20,1,0,0,42,42,9,0,0,0.0,0,TypeScript,2024-2026,1.0,0.98,0.0,0.0,0
10,2,0,0,10,150,2,0,0,0.0,0,TypeScript,2024-2026,1.0,0.07,0.0,0.0,0
10,2,0,0,103,0,3,1,3,1.0,0,TypeScript,2024-2026,1.0,103.0,0.25,0.25,0
13,2,0,0,216,597,19,3,2,1.0,0,TypeScript,2024-2026,1.0,0.36,0.15,0.05,0
13,2,0,0,5,2,2,1,1,10.0,0,TypeScript,2024-2026,1.0,1.67,0.33,3.33,1
14,2,0,0,32,47,10,5,2,1.0,0,TypeScript,2024-2026,1.0,0.67,0.45,0.09,0
19,2,0,0,7,6,2,0,0,0.0,0,TypeScript,2024-2026,1.0,1.0,0.0,0.0,0
11,3,0,0,1,0,1,1,1,1.0,0,TypeScript,2024-2026,1.0,1.0,0.5,0.5,1
13,3,0,0,98,9,6,1,7,15.14,0,TypeScript,2024-2026,1.0,9.8,0.14,2.16,0
8,4,0,0,7,11,3,0,1,2.0,0,TypeScript,2024-2026,1.0,0.58,0.0,0.5,1
13,4,0,0,119,56,14,1,3,8.0,0,TypeScript,2024-2026,1.0,2.09,0.07,0.53,1
13,4,0,0,161,6,7,1,7,6.43,0,TypeScript,2024-2026,1.0,23.0,0.12,0.8,1
14,4,0,0,141,33,10,1,17,9.06,0,TypeScript,2024-2026,1.0,4.15,0.09,0.82,1
14,4,0,0,94,3,4,1,4,4.25,0,TypeScript,2024-2026,1.0,23.5,0.2,0.85,0
16,5,1,0,4,4,2,0,0,0.0,0,TypeScript,2024-2026,1.0,0.8,0.0,0.0,0
16,5,1,0,1,1,1,0,0,0.0,0,TypeScript,2024-2026,1.0,0.5,0.0,0.0,0
21,5,1,0,6,0,1,0,0,0.0,0,TypeScript,2024-2026,1.0,6.0,0.0,0.0,0
10,6,1,0,6,4,1,0,0,0.0,0,TypeScript,2024-2026,1.0,1.2,0.0,0.0,0
10,6,1,0,90,90,49,0,0,0.0,0,TypeScript,2024-2026,1.0,0.99,0.0,0.0,0
19,6,1,0,605,108,3,0,2,3.0,0,TypeScript,2024-2026,1.0,5.55,0.0,0.75,0
20,6,1,0,8,1,1,0,1,5.0,0,TypeScript,2024-2026,1.0,4.0,0.0,2.5,0
12,0,0,0,14,33,7,4,2,1.5,0,TypeScript,2024-2026,1.0,0.41,0.5,0.19,0
16,0,0,0,305,726,20,8,11,2.18,0,TypeScript,2024-2026,1.0,0.42,0.38,0.1,0
17,0,0,0,122,3,4,3,8,1.0,0,TypeScript,2024-2026,1.0,30.5,0.6,0.2,0
9,1,0,0,49,46,6,0,3,20.0,0,TypeScript,2024-2026,1.0,1.04,0.0,2.86,0
13,1,0,0,6,6,2,0,0,0.0,0,TypeScript,2024-2026,1.0,0.86,0.0,0.0,0
16,1,0,0,2,0,2,0,2,2.0,0,TypeScript,2024-2026,1.0,2.0,0.0,0.67,0
16,1,0,0,5,13,1,0,2,1.5,0,TypeScript,2024-2026,1.0,0.36,0.0,0.75,0
18,1,0,0,23,38,2,1,1,3.0,0,TypeScript,2024-2026,1.0,0.59,0.33,1.0,0
21,1,0,0,20,14,2,0,0,0.0,0,TypeScript,2024-2026,1.0,1.33,0.0,0.0,0
8,2,0,0,302,132,35,29,26,1.31,0,TypeScript,2024-2026,1.0,2.27,0.81,0.04,0
9,2,0,0,204,62,6,1,6,4.67,0,TypeScript,2024-2026,1.0,3.24,0.14,0.67,0
22,3,0,1,165,2,2,1,10,2.6,0,TypeScript,2024-2026,1.0,55.0,0.33,0.87,0
8,4,0,0,90,90,49,0,0,0.0,0,TypeScript,2024-2026,1.0,0.99,0.0,0.0,0
21,4,0,0,2,2,1,0,0,0.0,0,TypeScript,2024-2026,1.0,0.67,0.0,0.0,0
9,6,1,0,6521,2292,111,1,2,3.0,0,TypeScript,2024-2026,1.0,2.84,0.01,0.03,0
9,0,0,0,118,15,7,4,9,1.78,1,TypeScript,2024-2026,0.062,7.38,0.5,0.22,1
9,0,0,0,94,2,2,1,2,5.5,0,TypeScript,2024-2026,1.0,31.33,0.33,1.83,0
13,0,0,0,51,43,2,0,0,0.0,0,TypeScript,2024-2026,1.0,1.16,0.0,0.0,0
14,0,0,0,159,19,9,3,11,6.64,0,TypeScript,2024-2026,1.0,7.95,0.3,0.66,0
14,0,0,0,42,42,9,0,0,0.0,0,TypeScript,2024-2026,1.0,0.98,0.0,0.0,0
15,0,0,0,288,16,4,1,4,5.25,0,TypeScript,2024-2026,1.0,16.94,0.2,1.05,0
16,0,0,0,42,42,9,0,0,0.0,0,TypeScript,2024-2026,1.0,0.98,0.0,0.0,0
11,2,0,0,101,1,4,1,3,7.67,0,TypeScript,2024-2026,1.0,50.5,0.2,1.53,2
11,2,0,0,36,49,2,0,0,0.0,0,TypeScript,2024-2026,1.0,0.72,0.0,0.0,2
12,2,0,0,42,42,9,0,0,0.0,0,TypeScript,2024-2026,1.0,0.98,0.0,0.0,0
13,2,0,0,42,42,9,0,0,0.0,0,TypeScript,2024-2026,1.0,0.98,0.0,0.0,0
10,4,0,0,13,1,1,0,0,0.0,0,TypeScript,2024-2026,1.0,6.5,0.0,0.0,0
23,5,1,1,36942,291,185,8,709,4.16,0,TypeScript,2024-2026,1.0,126.51,0.04,0.02,0
23,5,1,1,96,95,51,0,0,0.0,0,TypeScript,2024-2026,1.0,1.0,0.0,0.0,0
0,6,1,1,322,15,11,1,4,2.0,0,TypeScript,2024-2026,1.0,20.12,0.08,0.17,0
0,6,1,1,95,95,51,0,0,0.0,0,TypeScript,2024-2026,1.0,0.99,0.0,0.0,0
0,6,1,1,146,95,1,0,0,0.0,0,TypeScript,2024-2026,1.0,1.52,0.0,0.0,1
7,6,1,0,287,222,2,0,0,0.0,0,TypeScript,2024-2026,1.0,1.29,0.0,0.0,0
8,6,1,0,10,7,4,0,0,0.0,0,TypeScript,2024-2026,1.0,1.25,0.0,0.0,0
9,6,1,0,1,1,1,0,0,0.0,0,TypeScript,2024-2026,1.0,0.5,0.0,0.0,0
9,6,1,0,1,0,1,0,0,0.0,0,TypeScript,2024-2026,1.0,1.0,0.0,0.0,0
10,6,1,0,196,21,7,2,11,2.27,0,TypeScript,2024-2026,1.0,8.91,0.25,0.28,0
10,6,1,0,95,95,51,0,0,0.0,0,TypeScript,2024-2026,1.0,0.99,0.0,0.0,0
10,6,1,0,27,10,3,0,0,0.0,0,TypeScript,2024-2026,1.0,2.45,0.0,0.0,0
10,6,1,0,95,95,51,0,0,0.0,0,TypeScript,2024-2026,1.0,0.99,0.0,0.0,0
10,6,1,0,4,0,1,0,0,0.0,0,TypeScript,2024-2026,1.0,4.0,0.0,0.0,0
11,6,1,0,38,0,1,0,0,0.0,0,TypeScript,2024-2026,1.0,38.0,0.0,0.0,0
11,6,1,0,95,95,51,0,0,0.0,0,TypeScript,2024-2026,1.0,0.99,0.0,0.0,0
11,6,1,0,12,12,1,0,0,0.0,0,TypeScript,2024-2026,1.0,0.92,0.0,0.0,1
11,6,1,0,1,1,1,0,0,0.0,0,TypeScript,2024-2026,1.0,0.5,0.0,0.0,0
13,6,1,0,95,95,51,0,0,0.0,0,TypeScript,2024-2026,1.0,0.99,0.0,0.0,0
16,6,1,0,51,105,3,0,0,0.0,0,TypeScript,2024-2026,1.0,0.48,0.0,0.0,0
22,6,1,1,1,0,1,0,0,0.0,0,TypeScript,2024-2026,1.0,1.0,0.0,0.0,0
23,6,1,1,6,6,2,0,0,0.0,0,TypeScript,2024-2026,1.0,0.86,0.0,0.0,0
1,0,0,1,6,6,2,0,0,0.0,0,TypeScript,2024-2026,1.0,0.86,0.0,0.0,0
14,0,0,0,3,3,1,0,2,2.5,0,TypeScript,2024-2026,1.0,0.75,0.0,1.25,0
20,0,0,0,4,1,1,0,1,2.0,0,TypeScript,2024-2026,1.0,2.0,0.0,1.0,0
21,0,0,0,14,6,3,0,0,0.0,0,TypeScript,2024-2026,1.0,2.0,0.0,0.0,0
9,1,0,0,12,12,4,0,0,0.0,0,TypeScript,2024-2026,1.0,0.92,0.0,0.0,0
11,1,0,0,48,0,1,0,4,2.0,0,TypeScript,2024-2026,1.0,48.0,0.0,1.0,0
11,1,0,0,44,36,1,0,7,2.86,0,TypeScript,2024-2026,1.0,1.19,0.0,1.43,0
11,1,0,0,25,5,2,1,1,2.0,0,TypeScript,2024-2026,1.0,4.17,0.33,0.67,0
12,1,0,0,15,1,2,1,2,2.0,0,TypeScript,2024-2026,1.0,7.5,0.33,0.67,0
13,1,0,0,2,2,2,0,0,0.0,0,TypeScript,2024-2026,1.0,0.67,0.0,0.0,0
14,1,0,0,1,1,1,0,1,5.0,0,TypeScript,2024-2026,1.0,0.5,0.0,2.5,0
16,1,0,0,22,10,9,1,7,2.71,0,TypeScript,2024-2026,1.0,2.0,0.1,0.27,0
16,1,0,0,18,5,2,1,3,29.0,0,TypeScript,2024-2026,1.0,3.0,0.33,9.67,0
23,1,0,1,199,168,4,1,6,2.5,0,TypeScript,2024-2026,1.0,1.18,0.2,0.5,0
16,2,0,0,6,37,2,0,0,0.0,0,TypeScript,2024-2026,1.0,0.16,0.0,0.0,1
2,3,0,1,12,12,4,0,0,0.0,0,TypeScript,2024-2026,1.0,0.92,0.0,0.0,0
1,4,0,1,9,9,3,0,0,0.0,0,TypeScript,2024-2026,1.0,0.9,0.0,0.0,0
1,4,0,1,39,29,3,0,0,0.0,0,TypeScript,2024-2026,1.0,1.3,0.0,0.0,0
13,4,0,0,16,16,1,0,0,0.0,0,TypeScript,2024-2026,1.0,0.94,0.0,0.0,1
13,4,0,0,6,6,1,0,0,0.0,0,TypeScript,2024-2026,1.0,0.86,0.0,0.0,1
20,4,0,0,95,4,2,1,10,1.4,0,TypeScript,2024-2026,1.0,19.0,0.33,0.47,0
21,4,0,0,95,95,51,0,0,0.0,0,TypeScript,2024-2026,1.0,0.99,0.0,0.0,0
23,4,0,1,9902,53,65,1,1,4.0,0,TypeScript,2024-2026,1.0,183.37,0.02,0.06,0
23,4,0,1,130,130,51,0,0,0.0,0,TypeScript,2024-2026,1.0,0.99,0.0,0.0,0
23,4,0,1,22,21,7,0,0,0.0,0,TypeScript,2024-2026,1.0,1.0,0.0,0.0,0
23,4,0,1,3,3,3,0,0,0.0,0,TypeScript,2024-2026,1.0,0.75,0.0,0.0,0
1,5,1,1,2,2,2,0,0,0.0,0,TypeScript,2024-2026,1.0,0.67,0.0,0.0,0
1,5,1,1,1,1,1,0,0,0.0,0,TypeScript,2024-2026,1.0,0.5,0.0,0.0,0
0,6,1,1,4,4,1,0,0,0.0,0,TypeScript,2024-2026,1.0,0.8,0.0,0.0,0
11,0,0,0,86,40,6,1,5,3.8,0,TypeScript,2024-2026,1.0,2.1,0.14,0.54,0
12,0,0,0,95,95,51,0,0,0.0,0,TypeScript,2024-2026,1.0,0.99,0.0,0.0,0
18,0,0,0,3,1,1,0,1,1.0,0,TypeScript,2024-2026,1.0,1.5,0.0,0.5,0
20,0,0,0,4,0,1,0,0,0.0,0,TypeScript,2024-2026,1.0,4.0,0.0,0.0,0
12,1,0,0,272,21,6,1,7,3.14,0,TypeScript,2024-2026,1.0,12.36,0.14,0.45,0
14,1,0,0,26,1,1,0,3,1.33,0,TypeScript,2024-2026,1.0,13.0,0.0,0.66,0
18,1,0,0,42,42,9,0,0,0.0,0,TypeScript,2024-2026,1.0,0.98,0.0,0.0,0
12,2,0,0,9,9,3,0,0,0.0,0,TypeScript,2024-2026,1.0,0.9,0.0,0.0,2
12,2,0,0,792,263,10,2,19,3.95,0,TypeScript,2024-2026,1.0,3.0,0.18,0.36,0
12,2,0,0,12,15,3,0,1,2.0,0,TypeScript,2024-2026,1.0,0.75,0.0,0.5,2
12,2,0,0,2,2,1,0,0,0.0,0,TypeScript,2024-2026,1.0,0.67,0.0,0.0,2
15,2,0,0,282,32,10,0,8,2.5,0,TypeScript,2024-2026,1.0,8.55,0.0,0.23,2
15,2,0,0,150,2,4,1,4,10.75,0,TypeScript,2024-2026,1.0,50.0,0.2,2.15,0
15,2,0,0,145,51,3,2,16,2.19,0,TypeScript,2024-2026,1.0,2.79,0.5,0.55,2
15,2,0,0,62,0,2,1,2,1.0,0,TypeScript,2024-2026,1.0,62.0,0.33,0.33,2
17,2,0,0,1357,0,12,4,25,2.56,0,TypeScript,2024-2026,1.0,1357.0,0.31,0.2,0
8,3,0,0,3,3,1,0,0,0.0,0,TypeScript,2024-2026,1.0,0.75,0.0,0.0,1
8,3,0,0,3,3,1,0,0,0.0,0,TypeScript,2024-2026,1.0,0.75,0.0,0.0,1
8,3,0,0,12,14,1,0,0,0.0,0,TypeScript,2024-2026,1.0,0.8,0.0,0.0,1
8,3,0,0,3,1,1,0,0,0.0,0,TypeScript,2024-2026,1.0,1.5,0.0,0.0,1
9,3,0,0,6,6,1,0,0,0.0,0,TypeScript,2024-2026,1.0,0.86,0.0,0.0,1
17,3,0,0,77,86,7,3,1,1.0,0,TypeScript,2024-2026,1.0,0.89,0.38,0.12,2
19,3,0,0,81,1,2,1,5,2.4,0,TypeScript,2024-2026,1.0,40.5,0.33,0.8,0
20,3,0,0,95,95,51,0,0,0.0,0,TypeScript,2024-2026,1.0,0.99,0.0,0.0,0
3,4,0,1,721,16,2,0,4,23.75,1,TypeScript,2024-2026,0.4,42.41,0.0,7.92,20
3,4,0,1,1,1,1,0,0,0.0,0,TypeScript,2024-2026,1.0,0.5,0.0,0.0,1
5,4,0,1,6,6,2,0,0,0.0,0,TypeScript,2024-2026,1.0,0.86,0.0,0.0,0
5,4,0,1,34,18,1,0,0,0.0,0,TypeScript,2024-2026,1.0,1.79,0.0,0.0,0
8,4,0,0,2,2,1,0,0,0.0,0,TypeScript,2024-2026,1.0,0.67,0.0,0.0,1
9,4,0,0,1,1,1,0,0,0.0,0,TypeScript,2024-2026,1.0,0.5,0.0,0.0,1
9,4,0,0,2,2,1,0,0,0.0,0,TypeScript,2024-2026,1.0,0.67,0.0,0.0,1
9,5,1,0,10654,615,65,7,208,4.32,0,TypeScript,2024-2026,1.0,17.3,0.11,0.07,0
10,5,1,0,131,25,24,0,0,0.0,0,TypeScript,2024-2026,1.0,5.04,0.0,0.0,0
10,5,1,0,140,132,51,0,0,0.0,0,TypeScript,2024-2026,1.0,1.05,0.0,0.0,0
10,5,1,0,96,96,51,0,0,0.0,0,TypeScript,2024-2026,1.0,0.99,0.0,0.0,0
10,5,1,0,466,455,1,0,0,0.0,0,TypeScript,2024-2026,1.0,1.02,0.0,0.0,1
11,5,1,0,24,24,24,0,0,0.0,0,TypeScript,2024-2026,1.0,0.96,0.0,0.0,0
11,5,1,0,58,3,3,2,4,1.5,0,TypeScript,2024-2026,1.0,14.5,0.5,0.38,0
12,5,1,0,173,43,31,9,6,6.67,0,TypeScript,2024-2026,1.0,3.93,0.28,0.21,0
16,5,1,0,183,181,31,0,21,8.0,0,TypeScript,2024-2026,1.0,1.01,0.0,0.25,0
17,5,1,0,39,7,2,0,0,0.0,0,TypeScript,2024-2026,1.0,4.88,0.0,0.0,0
13,6,1,0,163,4,5,1,2,1.0,0,TypeScript,2024-2026,1.0,32.6,0.17,0.17,0
8,0,0,0,12,12,1,0,0,0.0,0,TypeScript,2024-2026,1.0,0.92,0.0,0.0,1
8,0,0,0,3,3,1,0,0,0.0,0,TypeScript,2024-2026,1.0,0.75,0.0,0.0,1
8,0,0,0,3,3,1,0,0,0.0,0,TypeScript,2024-2026,1.0,0.75,0.0,0.0,1
8,0,0,0,3,3,1,0,0,0.0,0,TypeScript,2024-2026,1.0,0.75,0.0,0.0,1
8,0,0,0,23,23,1,0,0,0.0,0,TypeScript,2024-2026,1.0,0.96,0.0,0.0,1
8,0,0,0,44,44,2,0,0,0.0,0,TypeScript,2024-2026,1.0,0.98,0.0,0.0,1
9,0,0,0,6,6,1,0,0,0.0,0,TypeScript,2024-2026,1.0,0.86,0.0,0.0,1
9,0,0,0,358,61,1,0,0,0.0,0,TypeScript,2024-2026,1.0,5.77,0.0,0.0,1
9,0,0,0,12,12,1,0,0,0.0,0,TypeScript,2024-2026,1.0,0.92,0.0,0.0,1
9,0,0,0,32,16,1,0,0,0.0,0,TypeScript,2024-2026,1.0,1.88,0.0,0.0,1
9,0,0,0,81,55,2,0,0,0.0,0,TypeScript,2024-2026,1.0,1.45,0.0,0.0,1
9,0,0,0,8,8,1,0,0,0.0,0,TypeScript,2024-2026,1.0,0.89,0.0,0.0,1
9,0,0,0,139,91,1,0,0,0.0,0,TypeScript,2024-2026,1.0,1.51,0.0,0.0,1
9,0,0,0,6,6,1,0,0,0.0,0,TypeScript,2024-2026,1.0,0.86,0.0,0.0,1
9,0,0,0,6,6,1,0,0,0.0,0,TypeScript,2024-2026,1.0,0.86,0.0,0.0,1
9,0,0,0,22,16,2,0,0,0.0,0,TypeScript,2024-2026,1.0,1.29,0.0,0.0,1
9,0,0,0,7,6,1,0,0,0.0,0,TypeScript,2024-2026,1.0,1.0,0.0,0.0,1
9,0,0,0,788,421,1,0,0,0.0,0,TypeScript,2024-2026,1.0,1.87,0.0,0.0,1
9,0,0,0,19,4,1,0,0,0.0,0,TypeScript,2024-2026,1.0,3.8,0.0,0.0,1
9,0,0,0,32,16,1,0,0,0.0,0,TypeScript,2024-2026,1.0,1.88,0.0,0.0,1
9,0,0,0,3,1,1,0,0,0.0,0,TypeScript,2024-2026,1.0,1.5,0.0,0.0,1
9,0,0,0,3,3,1,0,0,0.0,0,TypeScript,2024-2026,1.0,0.75,0.0,0.0,1
10,0,0,0,71,242,2,0,0,0.0,0,TypeScript,2024-2026,1.0,0.29,0.0,0.0,1
13,0,0,0,2,0,2,0,5,1.6,0,TypeScript,2024-2026,1.0,2.0,0.0,0.53,0
15,0,0,0,278,144,1,0,0,0.0,0,TypeScript,2024-2026,1.0,1.92,0.0,0.0,1
16,0,0,0,8,8,2,0,0,0.0,0,TypeScript,2024-2026,1.0,0.89,0.0,0.0,0
16,0,0,0,731,277,2,0,0,0.0,0,TypeScript,2024-2026,1.0,2.63,0.0,0.0,1
16,0,0,0,61,6,1,0,0,0.0,0,TypeScript,2024-2026,1.0,8.71,0.0,0.0,1
16,0,0,0,248,182,1,0,0,0.0,0,TypeScript,2024-2026,1.0,1.36,0.0,0.0,1
16,0,0,0,498,317,1,0,0,0.0,0,TypeScript,2024-2026,1.0,1.57,0.0,0.0,1
8,1,0,0,3,6,4,0,4,6.5,0,TypeScript,2024-2026,1.0,0.43,0.0,1.3,0
14,1,0,0,683,378,3,0,1,4.0,0,TypeScript,2024-2026,1.0,1.8,0.0,1.0,1
17,1,0,0,1965,35,12,3,32,6.28,0,TypeScript,2024-2026,1.0,54.58,0.23,0.48,0
12,2,0,0,482,465,58,18,42,4.12,0,TypeScript,2024-2026,1.0,1.03,0.31,0.07,2
20,2,0,0,24,25,7,0,0,0.0,0,TypeScript,2024-2026,1.0,0.92,0.0,0.0,0
21,2,0,0,6,6,2,0,0,0.0,0,TypeScript,2024-2026,1.0,0.86,0.0,0.0,0
21,2,0,0,6,6,2,0,0,0.0,0,TypeScript,2024-2026,1.0,0.86,0.0,0.0,0
21,2,0,0,32,10,2,0,0,0.0,0,TypeScript,2024-2026,1.0,2.91,0.0,0.0,0
21,2,0,0,34,28,1,0,0,0.0,0,TypeScript,2024-2026,1.0,1.17,0.0,0.0,1
1,3,0,1,1,1,1,0,0,0.0,0,TypeScript,2024-2026,1.0,0.5,0.0,0.0,0
1,3,0,1,112,53,2,0,0,0.0,0,TypeScript,2024-2026,1.0,2.07,0.0,0.0,0
15,3,0,0,251,62,4,2,7,13.43,0,TypeScript,2024-2026,1.0,3.98,0.4,2.69,0
8,4,0,0,5,5,2,0,0,0.0,0,TypeScript,2024-2026,1.0,0.83,0.0,0.0,1
8,4,0,0,6,70,1,0,0,0.0,0,TypeScript,2024-2026,1.0,0.08,0.0,0.0,1
8,4,0,0,12,12,3,0,0,0.0,0,TypeScript,2024-2026,1.0,0.92,0.0,0.0,0
13,4,0,0,792,1167,3,1,0,0.0,0,TypeScript,2024-2026,1.0,0.68,0.25,0.0,1
15,4,0,0,6,6,1,0,0,0.0,0,TypeScript,2024-2026,1.0,0.86,0.0,0.0,1
16,4,0,0,5,5,2,0,0,0.0,0,TypeScript,2024-2026,1.0,0.83,0.0,0.0,1
22,6,1,1,1,1,1,0,1,1.0,1,TypeScript,2024-2026,0.4,0.5,0.0,0.5,1
9,1,0,0,8,9,2,0,0,0.0,0,TypeScript,2024-2026,1.0,0.8,0.0,0.0,1
11,1,0,0,3,3,1,0,0,0.0,0,TypeScript,2024-2026,1.0,0.75,0.0,0.0,1
11,1,0,0,3,3,1,0,0,0.0,0,TypeScript,2024-2026,1.0,0.75,0.0,0.0,1
16,1,0,0,1317,671,2,0,0,0.0,0,TypeScript,2024-2026,1.0,1.96,0.0,0.0,0
17,1,0,0,76,30,5,1,4,23.25,0,TypeScript,2024-2026,1.0,2.45,0.17,3.88,0
3,3,0,1,11,15,3,0,1,1.0,1,TypeScript,2024-2026,0.4,0.69,0.0,0.25,21
20,3,0,0,30,3,2,1,3,14.33,0,TypeScript,2024-2026,1.0,7.5,0.33,4.78,0
21,3,0,0,55,15,9,1,3,3.67,0,TypeScript,2024-2026,1.0,3.44,0.1,0.37,0
23,3,0,1,75,102,3,0,0,0.0,0,TypeScript,2024-2026,1.0,0.73,0.0,0.0,0
9,4,0,0,438,231,2,0,0,0.0,0,TypeScript,2024-2026,1.0,1.89,0.0,0.0,1
4,5,1,1,2,2,2,0,0,0.0,0,TypeScript,2024-2026,1.0,0.67,0.0,0.0,22
13,6,1,0,41,79,43,0,0,0.0,0,TypeScript,2024-2026,1.0,0.51,0.0,0.0,0
9,0,0,0,51,51,10,0,0,0.0,0,TypeScript,2024-2026,1.0,0.98,0.0,0.0,0
10,0,0,0,1,3,1,1,1,1.0,0,TypeScript,2024-2026,1.0,0.25,0.5,0.5,2
14,0,0,0,45,45,10,0,0,0.0,0,TypeScript,2024-2026,1.0,0.98,0.0,0.0,0
8,1,0,0,6,6,1,0,0,0.0,0,TypeScript,2024-2026,1.0,0.86,0.0,0.0,1
9,1,0,0,3,3,1,0,0,0.0,0,TypeScript,2024-2026,1.0,0.75,0.0,0.0,1
10,1,0,0,0,4,2,0,0,0.0,0,TypeScript,2024-2026,1.0,0.0,0.0,0.0,0
15,1,0,0,45,45,10,0,0,0.0,0,TypeScript,2024-2026,1.0,0.98,0.0,0.0,0
22,1,0,1,47,0,2,1,2,6.5,0,TypeScript,2024-2026,1.0,47.0,0.33,2.17,0
23,2,0,1,3,3,1,0,0,0.0,0,TypeScript,2024-2026,1.0,0.75,0.0,0.0,1
12,4,0,0,19,18,1,0,0,0.0,0,TypeScript,2024-2026,1.0,1.0,0.0,0.0,0
16,0,0,0,21,6,5,1,5,1.8,0,TypeScript,2024-2026,1.0,3.0,0.17,0.3,0
11,2,0,0,41,41,3,0,0,0.0,0,TypeScript,2024-2026,1.0,0.98,0.0,0.0,0
12,2,0,0,6,6,2,0,6,1.0,0,TypeScript,2024-2026,1.0,0.86,0.0,0.33,2
13,2,0,0,150,6,6,1,7,11.57,0,TypeScript,2024-2026,1.0,21.43,0.14,1.65,2
14,2,0,0,45,45,10,0,0,0.0,0,TypeScript,2024-2026,1.0,0.98,0.0,0.0,0
16,2,0,0,459,392,2,0,0,0.0,0,TypeScript,2024-2026,1.0,1.17,0.0,0.0,0
18,2,0,0,11,16,9,2,1,6.0,0,TypeScript,2024-2026,1.0,0.65,0.2,0.6,0
19,2,0,0,3,0,1,0,0,0.0,0,TypeScript,2024-2026,1.0,3.0,0.0,0.0,0
8,0,0,0,24,24,1,0,0,0.0,0,TypeScript,2024-2026,1.0,0.96,0.0,0.0,1
9,0,0,0,6,7,1,0,0,0.0,0,TypeScript,2024-2026,1.0,0.75,0.0,0.0,1
11,0,0,0,117,78,3,0,0,0.0,0,TypeScript,2024-2026,1.0,1.48,0.0,0.0,0
11,0,0,0,6,3,1,0,0,0.0,0,TypeScript,2024-2026,1.0,1.5,0.0,0.0,0
18,0,0,0,362,36,9,4,7,16.14,0,TypeScript,2024-2026,1.0,9.78,0.4,1.61,0
12,1,0,0,225,141,9,0,0,0.0,0,TypeScript,2024-2026,1.0,1.58,0.0,0.0,0
15,1,0,0,69,5003,43,13,36,1.19,0,TypeScript,2024-2026,1.0,0.01,0.3,0.03,2
9,0,0,0,14,10,1,0,0,0.0,0,TypeScript,2024-2026,1.0,1.27,0.0,0.0,1
0,1,0,1,8681,3,2,0,0,0.0,0,TypeScript,2024-2026,1.0,2170.25,0.0,0.0,6
0,1,0,1,34,0,1,0,0,0.0,0,TypeScript,2024-2026,1.0,34.0,0.0,0.0,6
15,2,0,0,3,22,1,0,4,1.0,0,TypeScript,2024-2026,1.0,0.13,0.0,0.5,0
22,2,0,1,1,1,1,0,0,0.0,0,TypeScript,2024-2026,1.0,0.5,0.0,0.0,6
3,4,0,1,18,6,2,0,0,0.0,0,TypeScript,2024-2026,1.0,2.57,0.0,0.0,1
10,4,0,0,59,64,2,0,6,1.0,0,TypeScript,2018-2020,1.0,0.91,0.0,0.33,0
12,4,0,0,18,155,6,2,6,5.33,0,TypeScript,2018-2020,1.0,0.12,0.29,0.76,0
10,5,1,0,85,135,4,1,3,4.33,0,TypeScript,2018-2020,1.0,0.62,0.2,0.87,0
11,5,1,0,17,19,2,0,3,18.33,0,TypeScript,2018-2020,1.0,0.85,0.0,6.11,0
11,6,1,0,47,30,3,1,6,8.83,0,TypeScript,2018-2020,1.0,1.52,0.25,2.21,0
16,0,0,0,1,0,1,0,1,4.0,0,TypeScript,2018-2020,1.0,1.0,0.0,2.0,0
20,0,0,0,38,2,2,1,2,6.0,0,TypeScript,2018-2020,1.0,12.67,0.33,2.0,0
22,0,0,1,67,1,3,2,3,3.67,0,TypeScript,2018-2020,1.0,33.5,0.5,0.92,0
8,1,0,0,1,1,1,0,0,0.0,0,TypeScript,2018-2020,1.0,0.5,0.0,0.0,0
11,1,0,0,4,0,1,0,0,0.0,0,TypeScript,2018-2020,1.0,4.0,0.0,0.0,0
20,1,0,0,27,1,3,1,3,5.67,0,TypeScript,2018-2020,1.0,13.5,0.25,1.42,0
18,2,0,0,32,1,2,1,2,2.5,0,TypeScript,2018-2020,1.0,16.0,0.33,0.83,0
9,3,0,0,3,3,1,0,0,0.0,0,TypeScript,2018-2020,1.0,0.75,0.0,0.0,0
9,3,0,0,80,76,5,0,3,6.0,0,TypeScript,2018-2020,1.0,1.04,0.0,1.0,0
10,3,0,0,1,1,1,0,0,0.0,0,TypeScript,2018-2020,1.0,0.5,0.0,0.0,0
19,3,0,0,42,36,3,0,3,8.33,0,TypeScript,2018-2020,1.0,1.14,0.0,2.08,0
13,4,0,0,13,14,3,0,11,2.73,0,TypeScript,2018-2020,1.0,0.87,0.0,0.68,0
15,4,0,0,1,1,1,0,0,0.0,0,TypeScript,2018-2020,1.0,0.5,0.0,0.0,0
11,5,1,0,120,120,7,2,10,1.7,0,TypeScript,2018-2020,1.0,0.99,0.25,0.21,0
11,5,1,0,1,1,1,0,0,0.0,0,TypeScript,2018-2020,1.0,0.5,0.0,0.0,0
18,5,1,0,365,51,3,0,0,0.0,0,TypeScript,2018-2020,1.0,7.02,0.0,0.0,0
11,6,1,0,39,46,27,0,0,0.0,0,TypeScript,2018-2020,1.0,0.83,0.0,0.0,0
9,0,0,0,19,29,4,1,1,1.0,0,TypeScript,2018-2020,1.0,0.63,0.2,0.2,0
18,0,0,0,94,160,7,1,7,12.0,0,TypeScript,2018-2020,1.0,0.58,0.12,1.5,0
8,2,0,0,0,0,2,0,0,0.0,0,TypeScript,2018-2020,1.0,0.0,0.0,0.0,0
11,2,0,0,113,1,1,0,0,0.0,0,TypeScript,2018-2020,1.0,56.5,0.0,0.0,0
11,2,0,0,6,6,1,0,0,0.0,0,TypeScript,2018-2020,1.0,0.86,0.0,0.0,0
18,2,0,0,73,4,3,1,4,4.75,0,TypeScript,2018-2020,1.0,14.6,0.25,1.19,0
9,4,0,0,2,2,2,0,0,0.0,0,TypeScript,2018-2020,1.0,0.67,0.0,0.0,0
11,4,0,0,68,66,4,3,8,2.0,0,TypeScript,2018-2020,1.0,1.01,0.6,0.4,0
18,4,0,0,103,105,3,1,6,7.33,0,TypeScript,2018-2020,1.0,0.97,0.25,1.83,0
9,5,1,0,1,1,1,0,0,0.0,0,TypeScript,2018-2020,1.0,0.5,0.0,0.0,0
9,5,1,0,22,0,1,0,0,0.0,0,TypeScript,2018-2020,1.0,22.0,0.0,0.0,0
10,5,1,0,3,4,2,1,3,13.0,0,TypeScript,2018-2020,1.0,0.6,0.33,4.33,0
9,0,0,0,11,10,2,0,0,0.0,0,TypeScript,2018-2020,1.0,1.0,0.0,0.0,0
20,0,0,0,4,1,1,0,1,8.0,0,TypeScript,2018-2020,1.0,2.0,0.0,4.0,0
21,0,0,0,55,1,2,1,5,3.2,0,TypeScript,2018-2020,1.0,27.5,0.33,1.07,0
18,1,0,0,179,4,3,1,7,3.14,0,TypeScript,2018-2020,1.0,35.8,0.25,0.78,0
19,1,0,0,0,1,1,0,1,16.0,0,TypeScript,2018-2020,1.0,0.0,0.0,8.0,0
21,1,0,0,1,1,1,0,0,0.0,0,TypeScript,2018-2020,1.0,0.5,0.0,0.0,0
21,1,0,0,1,3,1,0,0,0.0,0,TypeScript,2018-2020,1.0,0.25,0.0,0.0,0
21,1,0,0,3,1,1,0,0,0.0,0,TypeScript,2018-2020,1.0,1.5,0.0,0.0,0
21,1,0,0,1,1,1,0,0,0.0,0,TypeScript,2018-2020,1.0,0.5,0.0,0.0,0
8,2,0,0,30,40,1,0,2,1.0,0,TypeScript,2018-2020,1.0,0.73,0.0,0.5,0
8,2,0,0,0,45,2,0,2,1.0,0,TypeScript,2018-2020,1.0,0.0,0.0,0.33,0
11,2,0,0,2,4,3,1,3,1.33,0,TypeScript,2018-2020,1.0,0.4,0.25,0.33,0
11,2,0,0,1,1,1,0,0,0.0,0,TypeScript,2018-2020,1.0,0.5,0.0,0.0,0
19,3,0,0,75,19,3,1,7,5.43,0,TypeScript,2018-2020,1.0,3.75,0.25,1.36,0
13,4,0,0,39,4,2,0,0,0.0,0,TypeScript,2018-2020,1.0,7.8,0.0,0.0,0
19,4,0,0,721,645,9,3,14,2.43,0,TypeScript,2018-2020,1.0,1.12,0.3,0.24,0
21,4,0,0,68,32,5,4,8,1.12,0,TypeScript,2018-2020,1.0,2.06,0.67,0.19,0
20,5,1,0,40,33,9,2,7,7.57,0,TypeScript,2018-2020,1.0,1.18,0.2,0.76,0
21,5,1,0,2,2,1,0,1,1.0,0,TypeScript,2018-2020,1.0,0.67,0.0,0.5,0
11,6,1,0,28,1,2,0,1,9.0,0,TypeScript,2018-2020,1.0,14.0,0.0,3.0,0
13,6,1,0,1,1,1,0,0,0.0,0,TypeScript,2018-2020,1.0,0.5,0.0,0.0,0
16,0,0,0,6,12,1,0,1,3.0,0,TypeScript,2018-2020,1.0,0.46,0.0,1.5,0
19,0,0,0,56,95,23,1,25,5.92,0,TypeScript,2018-2020,1.0,0.58,0.04,0.25,0
12,1,0,0,89,2,3,2,5,2.6,0,TypeScript,2018-2020,1.0,29.67,0.5,0.65,0
21,1,0,0,12,8,1,0,3,7.67,0,TypeScript,2018-2020,1.0,1.33,0.0,3.84,0
16,2,0,0,59,41,1,0,0,0.0,0,TypeScript,2018-2020,1.0,1.4,0.0,0.0,0
17,2,0,0,4,12,3,0,3,3.67,0,TypeScript,2018-2020,1.0,0.31,0.0,0.92,0
18,2,0,0,12,8,1,0,1,16.0,0,TypeScript,2018-2020,1.0,1.33,0.0,8.0,0
10,5,1,0,71,4,3,1,2,6.5,0,TypeScript,2018-2020,1.0,14.2,0.25,1.62,0
10,5,1,0,1,1,1,0,0,0.0,0,TypeScript,2018-2020,1.0,0.5,0.0,0.0,0
16,5,1,0,15,27,1,0,9,2.44,0,TypeScript,2018-2020,1.0,0.54,0.0,1.22,0
9,6,1,0,4,39,2,0,0,0.0,0,TypeScript,2018-2020,1.0,0.1,0.0,0.0,0
11,6,1,0,37,13,4,1,2,1.0,0,TypeScript,2018-2020,1.0,2.64,0.2,0.2,0
11,6,1,0,1,1,1,0,0,0.0,0,TypeScript,2018-2020,1.0,0.5,0.0,0.0,0
19,6,1,0,378,405,2,0,2,12.5,0,TypeScript,2018-2020,1.0,0.93,0.0,4.17,0
18,1,0,0,188,37,8,4,12,3.75,0,TypeScript,2018-2020,1.0,4.95,0.44,0.42,0
18,1,0,0,1,1,1,0,0,0.0,0,TypeScript,2018-2020,1.0,0.5,0.0,0.0,0
8,2,0,0,2,2,1,0,0,0.0,0,TypeScript,2018-2020,1.0,0.67,0.0,0.0,0
18,2,0,0,21,15,4,1,2,6.5,0,TypeScript,2018-2020,1.0,1.31,0.2,1.3,0
20,3,0,0,3,2,1,0,1,13.0,0,TypeScript,2018-2020,1.0,1.0,0.0,6.5,0
11,4,0,0,26,1,3,1,0,0.0,0,TypeScript,2018-2020,1.0,13.0,0.25,0.0,0
11,4,0,0,2,3,1,0,0,0.0,0,TypeScript,2018-2020,1.0,0.5,0.0,0.0,0
16,4,0,0,2,2,2,1,1,4.0,0,TypeScript,2018-2020,1.0,0.67,0.33,1.33,0
18,4,0,0,4,2,1,0,1,7.0,0,TypeScript,2018-2020,1.0,1.33,0.0,3.5,0
22,4,0,1,28,0,2,1,1,1.0,0,TypeScript,2018-2020,1.0,28.0,0.33,0.33,0
10,5,1,0,1,1,1,0,0,0.0,0,TypeScript,2018-2020,1.0,0.5,0.0,0.0,0
11,5,1,0,122,113,6,0,0,0.0,0,TypeScript,2018-2020,1.0,1.07,0.0,0.0,0
10,6,1,0,41,0,2,1,3,3.0,0,TypeScript,2018-2020,1.0,41.0,0.33,1.0,0
21,6,1,0,9,3,2,0,2,10.0,0,TypeScript,2018-2020,1.0,2.25,0.0,3.33,0
8,0,0,0,5,2,1,0,0,0.0,0,TypeScript,2018-2020,1.0,1.67,0.0,0.0,0
12,1,0,0,1,1,1,0,0,0.0,0,TypeScript,2018-2020,1.0,0.5,0.0,0.0,0
14,1,0,0,4,0,1,0,0,0.0,0,TypeScript,2018-2020,1.0,4.0,0.0,0.0,0
18,2,0,0,61,45,4,0,4,3.0,0,TypeScript,2018-2020,1.0,1.33,0.0,0.6,0
20,2,0,0,127,4,2,1,6,2.17,0,TypeScript,2018-2020,1.0,25.4,0.33,0.72,0
22,2,0,1,3,4,1,0,1,7.0,0,TypeScript,2018-2020,1.0,0.6,0.0,3.5,0
9,3,0,0,4,4,1,0,2,4.5,0,TypeScript,2018-2020,1.0,0.8,0.0,2.25,0
12,3,0,0,9,9,1,0,0,0.0,0,TypeScript,2018-2020,1.0,0.9,0.0,0.0,0
18,3,0,0,1,1,1,0,0,0.0,0,TypeScript,2018-2020,1.0,0.5,0.0,0.0,0
19,3,0,0,20,14,2,0,3,5.67,0,TypeScript,2018-2020,1.0,1.33,0.0,1.89,0
20,3,0,0,49,2,2,1,2,2.5,0,TypeScript,2018-2020,1.0,16.33,0.33,0.83,0
22,4,0,1,105,2,3,2,6,2.83,0,TypeScript,2018-2020,1.0,35.0,0.5,0.71,0
11,5,1,0,27,11,2,1,2,10.5,0,TypeScript,2018-2020,1.0,2.25,0.33,3.5,0
11,5,1,0,1,1,1,0,0,0.0,0,TypeScript,2018-2020,1.0,0.5,0.0,0.0,0
11,5,1,0,54,5,1,0,0,0.0,0,TypeScript,2018-2020,1.0,9.0,0.0,0.0,0
11,5,1,0,15,15,1,0,0,0.0,0,TypeScript,2018-2020,1.0,0.94,0.0,0.0,0
20,6,1,0,13,4,3,1,3,5.67,0,TypeScript,2018-2020,1.0,2.6,0.25,1.42,0
20,6,1,0,1,1,1,0,0,0.0,0,TypeScript,2018-2020,1.0,0.5,0.0,0.0,0
9,0,0,0,1,1,1,0,0,0.0,0,TypeScript,2018-2020,1.0,0.5,0.0,0.0,0
18,1,0,0,13,0,1,0,1,11.0,0,TypeScript,2018-2020,1.0,13.0,0.0,5.5,0
18,1,0,0,6,1,2,1,1,1.0,0,TypeScript,2018-2020,1.0,3.0,0.33,0.33,0
18,1,0,0,36,18,2,1,4,4.0,0,TypeScript,2018-2020,1.0,1.89,0.33,1.33,0
9,2,0,0,7,1,1,0,0,0.0,0,TypeScript,2018-2020,1.0,3.5,0.0,0.0,0
21,2,0,0,6,1,1,0,2,8.0,0,TypeScript,2018-2020,1.0,3.0,0.0,4.0,0
21,2,0,0,1,6,1,0,2,8.0,0,TypeScript,2018-2020,1.0,0.14,0.0,4.0,0
22,2,0,1,1,1,1,0,1,7.0,0,TypeScript,2018-2020,1.0,0.5,0.0,3.5,0
10,3,0,0,1,1,1,0,1,5.0,0,TypeScript,2018-2020,1.0,0.5,0.0,2.5,0
18,3,0,0,38,29,2,0,2,5.0,0,TypeScript,2018-2020,1.0,1.27,0.0,1.67,0
19,3,0,0,40,29,5,0,7,4.57,0,TypeScript,2018-2020,1.0,1.33,0.0,0.76,0
19,3,0,0,103,17,4,2,13,2.15,0,TypeScript,2018-2020,1.0,5.72,0.4,0.43,0
21,3,0,0,45,28,5,1,11,2.45,0,TypeScript,2018-2020,1.0,1.55,0.17,0.41,0
9,4,0,0,6,8,2,1,2,5.0,0,TypeScript,2018-2020,1.0,0.67,0.33,1.67,0
16,4,0,0,8,9,2,1,1,1.0,0,TypeScript,2018-2020,1.0,0.8,0.33,0.33,0
10,5,1,0,1,1,1,0,0,0.0,0,TypeScript,2018-2020,1.0,0.5,0.0,0.0,0
10,5,1,0,12,0,1,0,0,0.0,0,TypeScript,2018-2020,1.0,12.0,0.0,0.0,0
9,6,1,0,4,4,1,0,1,1.0,0,TypeScript,2018-2020,1.0,0.8,0.0,0.5,0
11,6,1,0,698,555,4,0,2,6.5,0,TypeScript,2018-2020,1.0,1.26,0.0,1.3,0
11,6,1,0,1,0,1,0,0,0.0,0,TypeScript,2018-2020,1.0,1.0,0.0,0.0,0
16,6,1,0,1,1,1,1,1,1.0,0,TypeScript,2018-2020,1.0,0.5,0.5,0.5,0
19,0,0,0,77,116,5,1,5,1.6,0,TypeScript,2018-2020,1.0,0.66,0.17,0.27,0
9,1,0,0,15,1,1,0,1,10.0,0,TypeScript,2018-2020,1.0,7.5,0.0,5.0,0
20,1,0,0,35,10,3,1,4,4.0,0,TypeScript,2018-2020,1.0,3.18,0.25,1.0,0
8,2,0,0,1,1,1,0,0,0.0,0,TypeScript,2018-2020,1.0,0.5,0.0,0.0,0
18,2,0,0,7,1,2,1,2,7.5,0,TypeScript,2018-2020,1.0,3.5,0.33,2.5,0
18,3,0,0,58,35,5,2,8,4.25,0,TypeScript,2018-2020,1.0,1.61,0.33,0.71,0
17,4,0,0,1,0,1,0,1,13.0,0,TypeScript,2018-2020,1.0,1.0,0.0,6.5,0
11,5,1,0,1,1,1,0,0,0.0,0,TypeScript,2018-2020,1.0,0.5,0.0,0.0,0
22,5,1,1,46,55,5,0,3,5.33,0,TypeScript,2018-2020,1.0,0.82,0.0,0.89,0
9,6,1,0,5,11,2,0,3,1.67,0,TypeScript,2018-2020,1.0,0.42,0.0,0.56,0
10,6,1,0,7,7,2,0,2,5.5,0,TypeScript,2018-2020,1.0,0.88,0.0,1.83,0
10,6,1,0,1,1,1,0,0,0.0,0,TypeScript,2018-2020,1.0,0.5,0.0,0.0,0
9,0,0,0,1,1,1,0,1,1.0,0,TypeScript,2018-2020,1.0,0.5,0.0,0.5,0
13,1,0,0,5,1,1,0,1,21.0,0,TypeScript,2018-2020,1.0,2.5,0.0,10.5,0
13,1,0,0,1,1,1,0,0,0.0,0,TypeScript,2018-2020,1.0,0.5,0.0,0.0,0
14,1,0,0,1,1,1,0,0,0.0,0,TypeScript,2018-2020,1.0,0.5,0.0,0.0,0
15,1,0,0,7,0,1,0,1,1.0,0,TypeScript,2018-2020,1.0,7.0,0.0,0.5,0
15,1,0,0,40,47,1,0,3,1.0,0,TypeScript,2018-2020,1.0,0.83,0.0,0.5,0
19,1,0,0,1,1,1,0,1,6.0,0,TypeScript,2018-2020,1.0,0.5,0.0,3.0,0
19,1,0,0,34,3,3,2,5,1.2,0,TypeScript,2018-2020,1.0,8.5,0.5,0.3,0
19,1,0,0,10,2,1,0,1,5.0,0,TypeScript,2018-2020,1.0,3.33,0.0,2.5,0
17,2,0,0,4,0,2,0,0,0.0,0,TypeScript,2018-2020,1.0,4.0,0.0,0.0,0
17,2,0,0,1,1,1,0,0,0.0,0,TypeScript,2018-2020,1.0,0.5,0.0,0.0,0
23,2,0,1,5,1,1,0,0,0.0,0,TypeScript,2018-2020,1.0,2.5,0.0,0.0,0
0,3,0,1,4,0,1,0,2,1.5,0,TypeScript,2018-2020,1.0,4.0,0.0,0.75,0
7,3,0,0,1692,0,11,0,13,3.92,0,TypeScript,2018-2020,1.0,1692.0,0.0,0.33,0
8,3,0,0,246,3,4,0,0,0.0,0,TypeScript,2018-2020,1.0,61.5,0.0,0.0,0
8,3,0,0,4,4,3,0,0,0.0,0,TypeScript,2018-2020,1.0,0.8,0.0,0.0,0
9,3,0,0,436,1,7,0,2,5.0,0,TypeScript,2018-2020,1.0,218.0,0.0,0.62,0
9,3,0,0,47,66,2,0,0,0.0,0,TypeScript,2018-2020,1.0,0.7,0.0,0.0,0
10,3,0,0,3,3,2,0,3,3.0,0,TypeScript,2018-2020,1.0,0.75,0.0,1.0,0
10,3,0,0,91,13,1,0,0,0.0,0,TypeScript,2018-2020,1.0,6.5,0.0,0.0,0
14,3,0,0,1,1,1,0,0,0.0,0,TypeScript,2018-2020,1.0,0.5,0.0,0.0,0
14,3,0,0,1,1,1,0,0,0.0,0,TypeScript,2018-2020,1.0,0.5,0.0,0.0,0
14,3,0,0,1,1,1,0,0,0.0,0,TypeScript,2018-2020,1.0,0.5,0.0,0.0,0
14,3,0,0,2,2,1,0,0,0.0,0,TypeScript,2018-2020,1.0,0.67,0.0,0.0,0
14,3,0,0,1,1,1,0,0,0.0,0,TypeScript,2018-2020,1.0,0.5,0.0,0.0,0
14,3,0,0,1,1,1,0,0,0.0,0,TypeScript,2018-2020,1.0,0.5,0.0,0.0,0
14,3,0,0,1,1,1,0,0,0.0,0,TypeScript,2018-2020,1.0,0.5,0.0,0.0,0
14,3,0,0,4,4,1,0,0,0.0,0,TypeScript,2018-2020,1.0,0.8,0.0,0.0,0
14,3,0,0,1,1,1,0,0,0.0,0,TypeScript,2018-2020,1.0,0.5,0.0,0.0,0
18,3,0,0,296,231,15,4,16,4.31,0,TypeScript,2018-2020,1.0,1.28,0.25,0.27,0
18,3,0,0,5,0,1,0,0,0.0,0,TypeScript,2018-2020,1.0,5.0,0.0,0.0,0
18,3,0,0,0,2,1,0,0,0.0,0,TypeScript,2018-2020,1.0,0.0,0.0,0.0,0
14,4,0,0,33,39,3,0,0,0.0,0,TypeScript,2018-2020,1.0,0.82,0.0,0.0,0
16,4,0,0,1,1,1,0,0,0.0,0,TypeScript,2018-2020,1.0,0.5,0.0,0.0,0
16,4,0,0,33,16,2,0,5,5.0,0,TypeScript,2018-2020,1.0,1.94,0.0,1.67,0
17,4,0,0,1,1,1,0,0,0.0,0,TypeScript,2018-2020,1.0,0.5,0.0,0.0,0
17,4,0,0,1,1,1,0,0,0.0,0,TypeScript,2018-2020,1.0,0.5,0.0,0.0,0
17,4,0,0,1,1,1,0,0,0.0,0,TypeScript,2018-2020,1.0,0.5,0.0,0.0,0
9,5,1,0,3,2,2,0,1,10.0,0,TypeScript,2018-2020,1.0,1.0,0.0,3.33,0
15,5,1,0,4,22,5,0,2,1.0,0,TypeScript,2018-2020,1.0,0.17,0.0,0.17,0
18,5,1,0,385,392,9,3,16,1.38,0,TypeScript,2018-2020,1.0,0.98,0.3,0.14,0
19,5,1,0,3191,3024,12,4,26,3.0,1,TypeScript,2018-2020,0.4,1.05,0.31,0.23,0
19,5,1,0,1,1,1,0,0,0.0,0,TypeScript,2018-2020,1.0,0.5,0.0,0.0,0
20,5,1,0,0,36,1,0,0,0.0,0,TypeScript,2018-2020,1.0,0.0,0.0,0.0,0
21,5,1,0,33,4,6,1,2,7.5,0,TypeScript,2018-2020,1.0,6.6,0.14,1.07,0
13,6,1,0,35,1,3,0,0,0.0,0,TypeScript,2018-2020,1.0,17.5,0.0,0.0,0
15,6,1,0,147,62,5,0,6,4.67,0,TypeScript,2018-2020,1.0,2.33,0.0,0.78,0
10,0,0,0,9,1,1,0,0,0.0,1,TypeScript,2018-2020,0.4,4.5,0.0,0.0,0
10,0,0,0,1,0,1,0,0,0.0,1,TypeScript,2018-2020,0.4,1.0,0.0,0.0,0
13,0,0,0,1,1,1,0,0,0.0,1,TypeScript,2018-2020,0.4,0.5,0.0,0.0,0
17,0,0,0,3,34,3,2,5,2.8,0,TypeScript,2018-2020,1.0,0.09,0.5,0.7,0
17,0,0,0,1,1,1,0,0,0.0,0,TypeScript,2018-2020,1.0,0.5,0.0,0.0,0
18,0,0,0,5,0,1,0,0,0.0,1,TypeScript,2018-2020,0.4,5.0,0.0,0.0,0
21,0,0,0,1,1,1,0,0,0.0,1,TypeScript,2018-2020,0.4,0.5,0.0,0.0,1
21,0,0,0,1,1,1,0,0,0.0,0,TypeScript,2018-2020,1.0,0.5,0.0,0.0,0
9,1,0,0,5,18,2,0,0,0.0,0,TypeScript,2018-2020,1.0,0.26,0.0,0.0,0
10,1,0,0,121,7,4,0,3,9.67,0,TypeScript,2018-2020,1.0,15.12,0.0,1.93,0
11,1,0,0,212,0,4,0,1,6.0,0,TypeScript,2018-2020,1.0,212.0,0.0,1.2,0
11,1,0,0,1,1,1,0,0,0.0,0,TypeScript,2018-2020,1.0,0.5,0.0,0.0,0
14,1,0,0,1088,959,12,0,7,3.86,0,TypeScript,2018-2020,1.0,1.13,0.0,0.3,0
18,1,0,0,1,1,1,0,0,0.0,0,TypeScript,2018-2020,1.0,0.5,0.0,0.0,0
18,1,0,0,87,81,5,1,6,7.0,0,TypeScript,2018-2020,1.0,1.06,0.17,1.17,0
19,1,0,0,1,1,1,0,0,0.0,0,TypeScript,2018-2020,1.0,0.5,0.0,0.0,2
19,1,0,0,0,1,1,0,0,0.0,0,TypeScript,2018-2020,1.0,0.0,0.0,0.0,0
19,1,0,0,10,4,1,0,0,0.0,0,TypeScript,2018-2020,1.0,2.0,0.0,0.0,0
19,1,0,0,4,0,1,0,0,0.0,0,TypeScript,2018-2020,1.0,4.0,0.0,0.0,0
20,1,0,0,2,2,2,0,0,0.0,0,TypeScript,2018-2020,1.0,0.67,0.0,0.0,0
20,1,0,0,2,1,1,0,2,3.0,1,TypeScript,2018-2020,0.4,1.0,0.0,1.5,2
20,1,0,0,2,5,1,0,1,2.0,0,TypeScript,2018-2020,1.0,0.33,0.0,1.0,0
20,1,0,0,12,19,1,0,2,4.0,0,TypeScript,2018-2020,1.0,0.6,0.0,2.0,0
21,1,0,0,2,2,1,0,0,0.0,0,TypeScript,2018-2020,1.0,0.67,0.0,0.0,0
23,1,0,1,361,0,6,0,1,6.0,0,TypeScript,2018-2020,1.0,361.0,0.0,0.86,0
23,1,0,1,9,10,4,0,1,6.0,0,TypeScript,2018-2020,1.0,0.82,0.0,1.2,0
23,1,0,1,505,0,6,0,2,5.0,0,TypeScript,2018-2020,1.0,505.0,0.0,0.71,0
8,2,0,0,21,29,4,0,2,1.0,0,TypeScript,2018-2020,1.0,0.7,0.0,0.2,0
10,2,0,0,1,1,1,0,0,0.0,0,TypeScript,2018-2020,1.0,0.5,0.0,0.0,0
10,2,0,0,1,1,1,0,0,0.0,1,TypeScript,2018-2020,0.4,0.5,0.0,0.0,0
10,2,0,0,12,0,1,0,0,0.0,1,TypeScript,2018-2020,0.4,12.0,0.0,0.0,3
10,2,0,0,1,0,1,0,0,0.0,0,TypeScript,2018-2020,1.0,1.0,0.0,0.0,0
11,2,0,0,716,0,7,0,5,3.2,0,TypeScript,2018-2020,1.0,716.0,0.0,0.4,0
13,2,0,0,1740,0,9,0,6,4.33,0,TypeScript,2018-2020,1.0,1740.0,0.0,0.43,0
13,2,0,0,47,37,8,0,3,6.67,0,TypeScript,2018-2020,1.0,1.24,0.0,0.74,0
13,2,0,0,1,1,1,0,1,2.0,0,TypeScript,2018-2020,1.0,0.5,0.0,1.0,0
13,2,0,0,1,1,1,0,0,0.0,0,TypeScript,2018-2020,1.0,0.5,0.0,0.0,0
13,2,0,0,1,1,1,0,0,0.0,0,TypeScript,2018-2020,1.0,0.5,0.0,0.0,0
13,2,0,0,1,1,1,0,0,0.0,0,TypeScript,2018-2020,1.0,0.5,0.0,0.0,0
13,2,0,0,2,2,1,0,0,0.0,0,TypeScript,2018-2020,1.0,0.67,0.0,0.0,0
13,2,0,0,1,1,1,0,0,0.0,0,TypeScript,2018-2020,1.0,0.5,0.0,0.0,0
13,2,0,0,1,1,1,0,0,0.0,0,TypeScript,2018-2020,1.0,0.5,0.0,0.0,0
13,2,0,0,1,1,1,0,0,0.0,0,TypeScript,2018-2020,1.0,0.5,0.0,0.0,0
13,2,0,0,4,4,1,0,0,0.0,0,TypeScript,2018-2020,1.0,0.8,0.0,0.0,0
13,2,0,0,1,1,1,0,0,0.0,0,TypeScript,2018-2020,1.0,0.5,0.0,0.0,0
14,2,0,0,1,1,1,0,0,0.0,0,TypeScript,2018-2020,1.0,0.5,0.0,0.0,0
14,2,0,0,1,1,1,0,0,0.0,0,TypeScript,2018-2020,1.0,0.5,0.0,0.0,0
14,2,0,0,1,1,1,0,0,0.0,0,TypeScript,2018-2020,1.0,0.5,0.0,0.0,0
14,2,0,0,1,1,1,0,0,0.0,0,TypeScript,2018-2020,1.0,0.5,0.0,0.0,0
14,2,0,0,101,99,9,3,1,2.0,1,TypeScript,2018-2020,0.4,1.01,0.3,0.2,4
14,2,0,0,3,3,1,0,0,0.0,0,TypeScript,2018-2020,1.0,0.75,0.0,0.0,0
14,2,0,0,3,8,1,0,0,0.0,1,TypeScript,2018-2020,0.4,0.33,0.0,0.0,0
15,2,0,0,20,2,1,0,3,3.67,0,TypeScript,2018-2020,1.0,6.67,0.0,1.84,0
17,2,0,0,84,27,2,1,5,1.6,1,TypeScript,2018-2020,0.4,3.0,0.33,0.53,1
19,2,0,0,8,18,3,0,0,0.0,0,TypeScript,2018-2020,1.0,0.42,0.0,0.0,1
19,2,0,0,1,1,1,0,0,0.0,0,TypeScript,2018-2020,1.0,0.5,0.0,0.0,5
19,2,0,0,529,519,4,2,0,0.0,1,TypeScript,2018-2020,0.4,1.02,0.4,0.0,2
9,3,0,0,16,1,1,0,0,0.0,0,TypeScript,2018-2020,1.0,8.0,0.0,0.0,1
10,3,0,0,4,4,1,0,0,0.0,0,TypeScript,2018-2020,1.0,0.8,0.0,0.0,0
16,3,0,0,14,0,2,0,0,0.0,1,TypeScript,2018-2020,0.4,14.0,0.0,0.0,0
21,3,0,0,35,54,9,1,10,2.6,0,TypeScript,2018-2020,1.0,0.64,0.1,0.26,0
9,4,0,0,4,0,2,0,0,0.0,0,TypeScript,2018-2020,1.0,4.0,0.0,0.0,0
11,4,0,0,2,1,1,0,0,0.0,0,TypeScript,2018-2020,1.0,1.0,0.0,0.0,0
12,4,0,0,43,1,3,0,0,0.0,0,TypeScript,2018-2020,1.0,21.5,0.0,0.0,3
12,4,0,0,1,1,1,0,0,0.0,0,TypeScript,2018-2020,1.0,0.5,0.0,0.0,5
13,4,0,0,369,26,6,1,5,5.6,1,TypeScript,2018-2020,0.4,13.67,0.14,0.8,0
14,4,0,0,124,83,2,1,0,0.0,0,TypeScript,2018-2020,1.0,1.48,0.33,0.0,1
15,4,0,0,1,2,1,0,0,0.0,1,TypeScript,2018-2020,0.4,0.33,0.0,0.0,3
16,4,0,0,2,1,1,0,0,0.0,0,TypeScript,2018-2020,1.0,1.0,0.0,0.0,0
17,4,0,0,0,1,1,0,0,0.0,1,TypeScript,2018-2020,0.4,0.0,0.0,0.0,5
17,4,0,0,205,78,9,2,16,6.12,0,TypeScript,2018-2020,1.0,2.59,0.2,0.61,0
17,4,0,0,108,51,10,3,11,6.09,0,TypeScript,2018-2020,1.0,2.08,0.27,0.55,0
18,4,0,0,12,0,6,0,0,0.0,0,TypeScript,2018-2020,1.0,12.0,0.0,0.0,1
18,4,0,0,5,13,1,0,3,18.67,0,TypeScript,2018-2020,1.0,0.36,0.0,9.34,0
11,5,1,0,1,1,1,0,0,0.0,0,TypeScript,2018-2020,1.0,0.5,0.0,0.0,0
11,5,1,0,38,1,1,0,0,0.0,0,TypeScript,2018-2020,1.0,19.0,0.0,0.0,0
19,5,1,0,4,0,1,0,1,2.0,0,TypeScript,2018-2020,1.0,4.0,0.0,1.0,0
10,6,1,0,24,17,2,0,3,6.33,0,TypeScript,2018-2020,1.0,1.33,0.0,2.11,0
12,6,1,0,1,5,2,0,2,2.5,0,TypeScript,2018-2020,1.0,0.17,0.0,0.83,0
14,6,1,0,1926,99,15,6,2,3.0,1,TypeScript,2018-2020,0.4,19.26,0.38,0.19,0
17,6,1,0,1,1,1,0,1,3.0,0,TypeScript,2018-2020,1.0,0.5,0.0,1.5,0
17,6,1,0,1,1,1,0,0,0.0,0,TypeScript,2018-2020,1.0,0.5,0.0,0.0,0
8,0,0,0,1,0,1,0,0,0.0,0,TypeScript,2018-2020,1.0,1.0,0.0,0.0,0
11,0,0,0,1086,437,13,6,3,1.67,1,TypeScript,2018-2020,0.4,2.48,0.43,0.12,0
11,0,0,0,25,16,3,2,5,8.2,1,TypeScript,2018-2020,0.4,1.47,0.5,2.05,0
13,0,0,0,3,22,1,0,0,0.0,0,TypeScript,2018-2020,1.0,0.13,0.0,0.0,6
13,0,0,0,321,3,6,2,6,4.5,1,TypeScript,2018-2020,0.4,80.25,0.29,0.64,0
13,0,0,0,121,2,3,2,0,0.0,0,TypeScript,2018-2020,1.0,40.33,0.5,0.0,4
14,0,0,0,26,35,1,0,0,0.0,0,TypeScript,2018-2020,1.0,0.72,0.0,0.0,0
15,0,0,0,254,104,14,5,12,1.75,0,TypeScript,2018-2020,1.0,2.42,0.33,0.12,4
15,0,0,0,43,1,2,1,6,1.5,1,TypeScript,2018-2020,0.4,21.5,0.33,0.5,0
15,0,0,0,120,3,7,1,2,1.0,0,TypeScript,2018-2020,1.0,30.0,0.12,0.12,0
16,0,0,0,4,14,4,0,0,0.0,0,TypeScript,2018-2020,1.0,0.27,0.0,0.0,4
16,0,0,0,8,0,4,0,2,9.5,0,TypeScript,2018-2020,1.0,8.0,0.0,1.9,0
17,0,0,0,3,321,6,2,8,6.88,0,TypeScript,2018-2020,1.0,0.01,0.29,0.98,4
17,0,0,0,4,4,3,0,4,1.5,0,TypeScript,2018-2020,1.0,0.8,0.0,0.38,0
20,0,0,0,55,184,6,1,0,0.0,0,TypeScript,2018-2020,1.0,0.3,0.14,0.0,4
21,0,0,0,55,1,3,0,0,0.0,0,TypeScript,2018-2020,1.0,27.5,0.0,0.0,4
9,1,0,0,1,1,1,0,0,0.0,1,TypeScript,2018-2020,0.4,0.5,0.0,0.0,0
10,1,0,0,10,12,2,0,1,1.0,0,TypeScript,2018-2020,1.0,0.77,0.0,0.33,0
10,1,0,0,1,1,1,0,0,0.0,0,TypeScript,2018-2020,1.0,0.5,0.0,0.0,0
10,1,0,0,30,0,2,0,3,7.0,0,TypeScript,2018-2020,1.0,30.0,0.0,2.33,0
11,1,0,0,15,1,3,0,0,0.0,0,TypeScript,2018-2020,1.0,7.5,0.0,0.0,4
12,1,0,0,5,3,1,0,1,6.0,1,TypeScript,2018-2020,0.4,1.25,0.0,3.0,1
12,1,0,0,3,1,1,0,0,0.0,0,TypeScript,2018-2020,1.0,1.5,0.0,0.0,6
12,1,0,0,2,7,1,0,1,6.0,0,TypeScript,2018-2020,1.0,0.25,0.0,3.0,2
17,1,0,0,1,1,1,0,0,0.0,1,TypeScript,2018-2020,0.4,0.5,0.0,0.0,0
17,1,0,0,18,23,5,1,7,4.86,0,TypeScript,2018-2020,1.0,0.75,0.17,0.81,0
17,1,0,0,3,3,1,0,0,0.0,0,TypeScript,2018-2020,1.0,0.75,0.0,0.0,0
18,1,0,0,4,0,1,0,1,2.0,0,TypeScript,2018-2020,1.0,4.0,0.0,1.0,0
18,1,0,0,224,177,13,7,5,1.8,0,TypeScript,2018-2020,1.0,1.26,0.5,0.13,1
18,1,0,0,2,0,1,1,0,0.0,0,TypeScript,2018-2020,1.0,2.0,0.5,0.0,0
18,1,0,0,4,4,2,0,0,0.0,0,TypeScript,2018-2020,1.0,0.8,0.0,0.0,0
11,2,0,0,7549,0,25,0,47,2.3,0,TypeScript,2018-2020,1.0,7549.0,0.0,0.09,0
11,2,0,0,863,886,24,0,35,2.4,0,TypeScript,2018-2020,1.0,0.97,0.0,0.1,0
12,2,0,0,5,3,3,0,3,5.33,0,TypeScript,2018-2020,1.0,1.25,0.0,1.33,0
13,2,0,0,1,1,1,0,0,0.0,0,TypeScript,2018-2020,1.0,0.5,0.0,0.0,0
13,2,0,0,1,0,1,0,0,0.0,0,TypeScript,2018-2020,1.0,1.0,0.0,0.0,0
13,2,0,0,1884,1372,3,0,3,2.0,0,TypeScript,2018-2020,1.0,1.37,0.0,0.5,0
13,2,0,0,9,3,2,0,0,0.0,0,TypeScript,2018-2020,1.0,2.25,0.0,0.0,0
13,2,0,0,1,1,1,1,1,1.0,0,TypeScript,2018-2020,1.0,0.5,0.5,0.5,0
17,2,0,0,81,5,3,1,4,2.75,0,TypeScript,2018-2020,1.0,13.5,0.25,0.69,0
17,2,0,0,1,1,1,0,0,0.0,0,TypeScript,2018-2020,1.0,0.5,0.0,0.0,0
19,2,0,0,8,0,1,0,0,0.0,1,TypeScript,2018-2020,0.4,8.0,0.0,0.0,0
20,2,0,0,63,37,2,0,8,1.25,0,TypeScript,2018-2020,1.0,1.66,0.0,0.42,0
21,2,0,0,3,2,3,0,0,0.0,1,TypeScript,2018-2020,0.4,1.0,0.0,0.0,0
22,2,0,1,1,1,1,0,1,5.0,1,TypeScript,2018-2020,0.4,0.5,0.0,2.5,0
23,2,0,1,319,0,6,0,1,6.0,0,TypeScript,2018-2020,1.0,319.0,0.0,0.86,0
0,3,0,1,14,8,1,0,0,0.0,0,TypeScript,2018-2020,1.0,1.56,0.0,0.0,0
8,3,0,0,791,0,7,0,2,5.5,0,TypeScript,2018-2020,1.0,791.0,0.0,0.69,0
9,3,0,0,3,3,1,0,0,0.0,0,TypeScript,2018-2020,1.0,0.75,0.0,0.0,0
10,3,0,0,1,1,1,0,0,0.0,0,TypeScript,2018-2020,1.0,0.5,0.0,0.0,0
10,3,0,0,25,0,4,1,4,1.75,0,TypeScript,2018-2020,1.0,25.0,0.2,0.35,0
11,3,0,0,10,1,2,1,2,6.5,1,TypeScript,2018-2020,0.4,5.0,0.33,2.17,0
12,3,0,0,21,4,2,0,1,1.0,0,TypeScript,2018-2020,1.0,4.2,0.0,0.33,0
13,3,0,0,195,0,2,0,5,1.6,0,TypeScript,2018-2020,1.0,195.0,0.0,0.53,0
13,3,0,0,1,1,1,0,0,0.0,0,TypeScript,2018-2020,1.0,0.5,0.0,0.0,0
13,3,0,0,1,1,1,0,0,0.0,0,TypeScript,2018-2020,1.0,0.5,0.0,0.0,0
13,3,0,0,1,1,1,0,0,0.0,0,TypeScript,2018-2020,1.0,0.5,0.0,0.0,0
13,3,0,0,2,2,1,0,0,0.0,0,TypeScript,2018-2020,1.0,0.67,0.0,0.0,0
13,3,0,0,1,1,1,0,0,0.0,0,TypeScript,2018-2020,1.0,0.5,0.0,0.0,0
13,3,0,0,1,1,1,0,0,0.0,0,TypeScript,2018-2020,1.0,0.5,0.0,0.0,0
13,3,0,0,1,1,1,0,0,0.0,0,TypeScript,2018-2020,1.0,0.5,0.0,0.0,0
13,3,0,0,4,4,1,0,0,0.0,0,TypeScript,2018-2020,1.0,0.8,0.0,0.0,0
13,3,0,0,1,1,1,0,0,0.0,0,TypeScript,2018-2020,1.0,0.5,0.0,0.0,0
13,3,0,0,1,1,1,0,0,0.0,1,TypeScript,2018-2020,0.4,0.5,0.0,0.0,0
16,3,0,0,16,0,1,0,0,0.0,0,TypeScript,2018-2020,1.0,16.0,0.0,0.0,4
17,3,0,0,5,1,1,0,0,0.0,0,TypeScript,2018-2020,1.0,2.5,0.0,0.0,0
17,3,0,0,8,2,1,0,0,0.0,1,TypeScript,2018-2020,0.4,2.67,0.0,0.0,4
18,3,0,0,2,2,1,0,0,0.0,0,TypeScript,2018-2020,1.0,0.67,0.0,0.0,0
20,3,0,0,2,2,1,0,0,0.0,1,TypeScript,2018-2020,0.4,0.67,0.0,0.0,6
20,3,0,0,2,2,1,0,0,0.0,1,TypeScript,2018-2020,0.4,0.67,0.0,0.0,7
20,3,0,0,28,4,4,1,2,1.0,1,TypeScript,2018-2020,0.4,5.6,0.2,0.2,0
20,3,0,0,10,1,1,0,0,0.0,1,TypeScript,2018-2020,0.4,5.0,0.0,0.0,0
9,4,0,0,3,0,3,0,0,0.0,0,TypeScript,2018-2020,1.0,3.0,0.0,0.0,0
14,4,0,0,12,14,3,0,1,1.0,0,TypeScript,2018-2020,1.0,0.8,0.0,0.25,5
14,4,0,0,40,2,2,1,2,2.5,1,TypeScript,2018-2020,0.4,13.33,0.33,0.83,0
15,4,0,0,1,1,1,1,1,1.0,1,TypeScript,2018-2020,0.4,0.5,0.5,0.5,0
19,4,0,0,2,4,1,0,2,2.5,0,TypeScript,2018-2020,1.0,0.4,0.0,1.25,2
19,4,0,0,8,6,2,0,4,9.0,1,TypeScript,2018-2020,0.4,1.14,0.0,3.0,8
19,4,0,0,1,1,1,0,0,0.0,1,TypeScript,2018-2020,0.4,0.5,0.0,0.0,0
11,5,1,0,0,1,1,0,0,0.0,0,TypeScript,2018-2020,1.0,0.0,0.0,0.0,0
23,5,1,1,2,1,1,0,0,0.0,1,TypeScript,2018-2020,0.4,1.0,0.0,0.0,9
23,5,1,1,8,15,1,0,1,21.0,0,TypeScript,2018-2020,1.0,0.5,0.0,10.5,2
23,5,1,1,279,1381,6,6,3,1.0,0,TypeScript,2018-2020,1.0,0.2,0.86,0.14,0
23,5,1,1,0,1,1,0,0,0.0,1,TypeScript,2018-2020,0.4,0.0,0.0,0.0,10
19,6,1,0,8,8,3,0,0,0.0,0,TypeScript,2018-2020,1.0,0.89,0.0,0.0,0
20,6,1,0,12,45,2,0,0,0.0,1,TypeScript,2018-2020,0.4,0.26,0.0,0.0,1
22,6,1,1,53,1,3,0,0,0.0,0,TypeScript,2018-2020,1.0,26.5,0.0,0.0,0
9,0,0,0,169,153,2,1,0,0.0,1,TypeScript,2018-2020,0.4,1.1,0.33,0.0,1
10,0,0,0,1,1,1,1,0,0.0,0,TypeScript,2018-2020,1.0,0.5,0.5,0.0,5
11,0,0,0,11,2,2,0,0,0.0,0,TypeScript,2018-2020,1.0,3.67,0.0,0.0,0
13,0,0,0,29,1,5,1,3,1.33,0,TypeScript,2018-2020,1.0,14.5,0.17,0.22,0
15,0,0,0,7,3,1,0,0,0.0,0,TypeScript,2018-2020,1.0,1.75,0.0,0.0,0
17,0,0,0,265,7,12,4,5,1.4,1,TypeScript,2018-2020,0.4,33.12,0.31,0.11,5
18,0,0,0,3,2,1,0,2,8.5,0,TypeScript,2018-2020,1.0,1.0,0.0,4.25,0
21,0,0,0,101,33,5,1,3,6.67,1,TypeScript,2018-2020,0.4,2.97,0.17,1.11,6
22,0,0,1,5,2,1,0,2,8.5,0,TypeScript,2018-2020,1.0,1.67,0.0,4.25,0
23,0,0,1,416,157,2,0,4,9.0,0,TypeScript,2018-2020,1.0,2.63,0.0,3.0,0
23,0,0,1,1,1,1,0,0,0.0,0,TypeScript,2018-2020,1.0,0.5,0.0,0.0,0
23,0,0,1,20,0,1,0,0,0.0,0,TypeScript,2018-2020,1.0,20.0,0.0,0.0,0
8,1,0,0,1445,0,7,0,6,3.0,0,TypeScript,2018-2020,1.0,1445.0,0.0,0.38,0
8,1,0,0,1,1,1,0,0,0.0,1,TypeScript,2018-2020,0.4,0.5,0.0,0.0,0
11,1,0,0,1,1,1,1,0,0.0,0,TypeScript,2018-2020,1.0,0.5,0.5,0.0,0
14,1,0,0,2,2,1,0,0,0.0,0,TypeScript,2018-2020,1.0,0.67,0.0,0.0,0
17,1,0,0,6,1,1,1,2,5.0,0,TypeScript,2018-2020,1.0,3.0,0.5,2.5,0
9,2,0,0,28,29,10,0,0,0.0,1,TypeScript,2018-2020,0.4,0.93,0.0,0.0,2
13,2,0,0,3,3,3,0,0,0.0,1,TypeScript,2018-2020,0.4,0.75,0.0,0.0,0
14,2,0,0,64,11,3,1,6,2.5,1,TypeScript,2018-2020,0.4,5.33,0.25,0.62,0
14,2,0,0,3,1,3,0,0,0.0,0,TypeScript,2018-2020,1.0,1.5,0.0,0.0,11
14,2,0,0,2,2,2,0,0,0.0,1,TypeScript,2018-2020,0.4,0.67,0.0,0.0,0
16,2,0,0,16,8,3,0,0,0.0,0,TypeScript,2018-2020,1.0,1.78,0.0,0.0,1
16,2,0,0,12,15,3,0,0,0.0,1,TypeScript,2018-2020,0.4,0.75,0.0,0.0,11
17,2,0,0,17,43,8,0,1,2.0,0,TypeScript,2018-2020,1.0,0.39,0.0,0.22,1
17,2,0,0,526,651,69,10,91,2.31,1,TypeScript,2018-2020,0.4,0.81,0.14,0.03,0
17,2,0,0,0,4,1,0,0,0.0,1,TypeScript,2018-2020,0.4,0.0,0.0,0.0,0
18,2,0,0,1,1,1,0,1,12.0,0,TypeScript,2018-2020,1.0,0.5,0.0,6.0,0
8,3,0,0,2,2,1,0,1,1.0,1,TypeScript,2018-2020,0.4,0.67,0.0,0.5,0
8,3,0,0,4,4,3,0,0,0.0,0,TypeScript,2018-2020,1.0,0.8,0.0,0.0,0
10,3,0,0,380,0,5,0,7,1.14,0,TypeScript,2018-2020,1.0,380.0,0.0,0.19,0
10,3,0,0,9,0,1,0,1,6.0,0,TypeScript,2018-2020,1.0,9.0,0.0,3.0,0
11,3,0,0,1058,0,7,0,5,3.2,0,TypeScript,2018-2020,1.0,1058.0,0.0,0.4,0
11,3,0,0,1,1,1,0,0,0.0,0,TypeScript,2018-2020,1.0,0.5,0.0,0.0,0
11,3,0,0,1325,0,5,0,2,5.0,0,TypeScript,2018-2020,1.0,1325.0,0.0,0.83,0
11,3,0,0,1,1,1,0,0,0.0,0,TypeScript,2018-2020,1.0,0.5,0.0,0.0,0
11,3,0,0,1,1,1,0,0,0.0,0,TypeScript,2018-2020,1.0,0.5,0.0,0.0,0
11,3,0,0,1,1,1,0,0,0.0,0,TypeScript,2018-2020,1.0,0.5,0.0,0.0,0
11,3,0,0,2,2,1,0,0,0.0,0,TypeScript,2018-2020,1.0,0.67,0.0,0.0,0
11,3,0,0,1,1,1,0,0,0.0,0,TypeScript,2018-2020,1.0,0.5,0.0,0.0,0
12,3,0,0,1,1,1,0,1,4.0,0,TypeScript,2018-2020,1.0,0.5,0.0,2.0,0
15,3,0,0,1,1,1,0,0,0.0,0,TypeScript,2018-2020,1.0,0.5,0.0,0.0,1
19,3,0,0,4,5,2,0,2,8.5,0,TypeScript,2018-2020,1.0,0.67,0.0,2.83,0
19,3,0,0,22,11,5,0,3,2.0,0,TypeScript,2018-2020,1.0,1.83,0.0,0.33,0
21,3,0,0,3,3,2,0,3,2.0,0,TypeScript,2018-2020,1.0,0.75,0.0,0.67,0
9,4,0,0,2,1,1,0,1,11.0,0,TypeScript,2018-2020,1.0,1.0,0.0,5.5,0
9,4,0,0,27,5,2,1,1,1.0,1,TypeScript,2018-2020,0.4,4.5,0.33,0.33,12
10,4,0,0,4,4,1,0,0,0.0,1,TypeScript,2018-2020,0.4,0.8,0.0,0.0,0
14,4,0,0,15,6,4,1,3,3.0,0,TypeScript,2018-2020,1.0,2.14,0.2,0.6,0
18,4,0,0,17,0,1,0,0,0.0,0,TypeScript,2018-2020,1.0,17.0,0.0,0.0,0
18,4,0,0,233,65,6,1,6,2.67,0,TypeScript,2018-2020,1.0,3.53,0.14,0.38,0
19,4,0,0,0,2,1,0,2,2.0,0,TypeScript,2018-2020,1.0,0.0,0.0,1.0,0
19,4,0,0,1,0,1,0,1,2.0,0,TypeScript,2018-2020,1.0,1.0,0.0,1.0,0
19,4,0,0,1,1,1,0,1,11.0,0,TypeScript,2018-2020,1.0,0.5,0.0,5.5,0
22,4,0,1,1,1,1,0,1,5.0,0,TypeScript,2018-2020,1.0,0.5,0.0,2.5,0
23,4,0,1,4,4,2,0,0,0.0,1,TypeScript,2018-2020,0.4,0.8,0.0,0.0,0
23,4,0,1,5,4,3,0,2,3.5,0,TypeScript,2018-2020,1.0,1.0,0.0,0.88,0
8,5,1,0,18,0,1,0,0,0.0,0,TypeScript,2018-2020,1.0,18.0,0.0,0.0,0
8,5,1,0,1,1,1,0,0,0.0,0,TypeScript,2018-2020,1.0,0.5,0.0,0.0,0
8,5,1,0,1,0,1,0,0,0.0,0,TypeScript,2018-2020,1.0,1.0,0.0,0.0,0
8,5,1,0,1,0,1,0,0,0.0,0,TypeScript,2018-2020,1.0,1.0,0.0,0.0,0
8,5,1,0,415,0,6,0,7,3.14,0,TypeScript,2018-2020,1.0,415.0,0.0,0.45,0
8,5,1,0,2,2,3,0,0,0.0,0,TypeScript,2018-2020,1.0,0.67,0.0,0.0,0
10,5,1,0,1,1,1,0,0,0.0,0,TypeScript,2018-2020,1.0,0.5,0.0,0.0,0
10,5,1,0,42,0,1,0,0,0.0,0,TypeScript,2018-2020,1.0,42.0,0.0,0.0,0
11,5,1,0,1,1,1,0,0,0.0,0,TypeScript,2018-2020,1.0,0.5,0.0,0.0,0
12,5,1,0,31,54,1,0,0,0.0,0,TypeScript,2018-2020,1.0,0.56,0.0,0.0,0
14,5,1,0,481,89,7,2,0,0.0,0,TypeScript,2018-2020,1.0,5.34,0.25,0.0,0
17,5,1,0,6,2,3,0,3,6.67,0,TypeScript,2018-2020,1.0,2.0,0.0,1.67,0
17,5,1,0,5,5,3,0,3,3.67,0,TypeScript,2018-2020,1.0,0.83,0.0,0.92,0
17,5,1,0,3,2,2,1,0,0.0,0,TypeScript,2018-2020,1.0,1.0,0.33,0.0,0
18,5,1,0,11,4,1,0,2,5.0,0,TypeScript,2018-2020,1.0,2.2,0.0,2.5,0
18,5,1,0,7,4,1,0,2,6.0,0,TypeScript,2018-2020,1.0,1.4,0.0,3.0,0
20,5,1,0,1,1,1,0,1,12.0,0,TypeScript,2018-2020,1.0,0.5,0.0,6.0,0
22,5,1,1,1,0,1,0,0,0.0,0,TypeScript,2018-2020,1.0,1.0,0.0,0.0,0
0,6,1,1,0,1,1,0,0,0.0,0,TypeScript,2018-2020,1.0,0.0,0.0,0.0,0
0,6,1,1,96,32,2,1,2,1.0,0,TypeScript,2018-2020,1.0,2.91,0.33,0.33,0
9,6,1,0,13,6,4,1,0,0.0,0,TypeScript,2018-2020,1.0,1.86,0.2,0.0,0
9,6,1,0,10,3,3,0,4,6.75,0,TypeScript,2018-2020,1.0,2.5,0.0,1.69,0
10,6,1,0,2,2,1,0,0,0.0,0,TypeScript,2018-2020,1.0,0.67,0.0,0.0,0
10,6,1,0,508,125,11,0,3,4.0,0,TypeScript,2018-2020,1.0,4.03,0.0,0.33,0
15,6,1,0,416,140,1,0,1,1.0,0,TypeScript,2018-2020,1.0,2.95,0.0,0.5,0
16,6,1,0,2,2,1,0,0,0.0,0,TypeScript,2018-2020,1.0,0.67,0.0,0.0,0
17,6,1,0,2,2,1,0,0,0.0,0,TypeScript,2018-2020,1.0,0.67,0.0,0.0,0
0,0,0,1,219,0,1,0,0,0.0,0,TypeScript,2018-2020,1.0,219.0,0.0,0.0,0
0,0,0,1,12,4,2,0,4,1.0,0,TypeScript,2018-2020,1.0,2.4,0.0,0.33,0
8,0,0,0,31,22,1,0,0,0.0,0,TypeScript,2018-2020,1.0,1.35,0.0,0.0,0
8,0,0,0,81,14,7,1,6,1.0,0,TypeScript,2018-2020,1.0,5.4,0.12,0.12,0
9,0,0,0,6,4,1,0,0,0.0,0,TypeScript,2018-2020,1.0,1.2,0.0,0.0,0
10,0,0,0,2,2,1,1,1,1.0,0,TypeScript,2018-2020,1.0,0.67,0.5,0.5,0
10,0,0,0,574,599,1,1,0,0.0,0,TypeScript,2018-2020,1.0,0.96,0.5,0.0,0
10,0,0,0,1,1,1,0,0,0.0,0,TypeScript,2018-2020,1.0,0.5,0.0,0.0,0
11,0,0,0,5,1,1,0,0,0.0,0,TypeScript,2018-2020,1.0,2.5,0.0,0.0,0
11,0,0,0,2,2,2,0,0,0.0,0,TypeScript,2018-2020,1.0,0.67,0.0,0.0,0
11,0,0,0,29,6,2,0,3,1.0,0,TypeScript,2018-2020,1.0,4.14,0.0,0.33,0
11,0,0,0,70,4,2,1,0,0.0,0,TypeScript,2018-2020,1.0,14.0,0.33,0.0,0
11,0,0,0,12,6,1,0,0,0.0,0,TypeScript,2018-2020,1.0,1.71,0.0,0.0,0
11,0,0,0,2,2,1,0,2,1.0,0,TypeScript,2018-2020,1.0,0.67,0.0,0.5,0
11,0,0,0,2,2,2,0,0,0.0,0,TypeScript,2018-2020,1.0,0.67,0.0,0.0,0
13,0,0,0,29,1,3,0,0,0.0,0,TypeScript,2018-2020,1.0,14.5,0.0,0.0,13
13,0,0,0,582,1,5,0,0,0.0,0,TypeScript,2018-2020,1.0,291.0,0.0,0.0,0
15,0,0,0,5,1,1,0,1,4.0,0,TypeScript,2018-2020,1.0,2.5,0.0,2.0,0
16,0,0,0,72,69,16,0,0,0.0,1,TypeScript,2018-2020,0.4,1.03,0.0,0.0,7
16,0,0,0,2,2,1,0,0,0.0,1,TypeScript,2018-2020,0.4,0.67,0.0,0.0,1
16,0,0,0,0,109,5,1,5,1.0,0,TypeScript,2018-2020,1.0,0.0,0.17,0.17,0
17,0,0,0,52,22,7,0,0,0.0,0,TypeScript,2018-2020,1.0,2.26,0.0,0.0,0
17,0,0,0,21,0,1,0,0,0.0,0,TypeScript,2018-2020,1.0,21.0,0.0,0.0,0
17,0,0,0,14,5,2,1,0,0.0,0,TypeScript,2018-2020,1.0,2.33,0.33,0.0,0
17,0,0,0,0,1944,4,1,233,1.0,0,TypeScript,2018-2020,1.0,0.0,0.2,0.2,0
17,0,0,0,1,1,1,0,0,0.0,0,TypeScript,2018-2020,1.0,0.5,0.0,0.0,0
17,0,0,0,173,0,12,1,18,1.0,0,TypeScript,2018-2020,1.0,173.0,0.08,0.08,0
17,0,0,0,41,0,4,1,2,1.0,0,TypeScript,2018-2020,1.0,41.0,0.2,0.2,0
18,0,0,0,125,0,4,1,7,1.0,0,TypeScript,2018-2020,1.0,125.0,0.2,0.2,0
20,0,0,0,38,0,4,1,0,0.0,0,TypeScript,2018-2020,1.0,38.0,0.2,0.0,0
20,0,0,0,45,0,4,1,2,1.0,0,TypeScript,2018-2020,1.0,45.0,0.2,0.2,0
20,0,0,0,71,0,4,1,1,1.0,0,TypeScript,2018-2020,1.0,71.0,0.2,0.2,0
20,0,0,0,71,0,4,1,3,1.0,0,TypeScript,2018-2020,1.0,71.0,0.2,0.2,0
22,0,0,1,0,68,1,0,1,5.0,0,TypeScript,2018-2020,1.0,0.0,0.0,2.5,0
1,1,0,1,73,61,3,2,10,1.4,0,TypeScript,2018-2020,1.0,1.18,0.5,0.35,0
2,1,0,1,115,267,5,1,2,1.0,0,TypeScript,2018-2020,1.0,0.43,0.17,0.17,0
3,1,0,1,28,2,2,1,7,1.0,0,TypeScript,2018-2020,1.0,9.33,0.33,0.33,0
8,1,0,0,125,22,6,0,1,1.0,0,TypeScript,2018-2020,1.0,5.43,0.0,0.14,0
8,1,0,0,10,0,2,1,2,1.0,0,TypeScript,2018-2020,1.0,10.0,0.33,0.33,0
10,1,0,0,1,0,1,0,0,0.0,1,TypeScript,2018-2020,0.4,1.0,0.0,0.0,0
10,1,0,0,5,5,3,0,0,0.0,0,TypeScript,2018-2020,1.0,0.83,0.0,0.0,0
12,1,0,0,4088,0,4,1,163,1.01,0,TypeScript,2018-2020,1.0,4088.0,0.2,0.2,0
13,1,0,0,1,3,1,1,1,1.0,0,TypeScript,2018-2020,1.0,0.25,0.5,0.5,0
13,1,0,0,1,1,1,0,0,0.0,1,TypeScript,2018-2020,0.4,0.5,0.0,0.0,13
14,1,0,0,8,1,2,1,1,1.0,1,TypeScript,2018-2020,0.4,4.0,0.33,0.33,14
15,1,0,0,53,44,5,1,53,1.0,0,TypeScript,2018-2020,1.0,1.18,0.17,0.17,0
15,1,0,0,29,26,8,2,3,3.67,0,TypeScript,2018-2020,1.0,1.07,0.22,0.41,8
16,1,0,0,118,0,4,1,3,1.0,0,TypeScript,2018-2020,1.0,118.0,0.2,0.2,0
16,1,0,0,6,0,1,0,0,0.0,0,TypeScript,2018-2020,1.0,6.0,0.0,0.0,0
16,1,0,0,356,0,5,0,1,13.0,0,TypeScript,2018-2020,1.0,356.0,0.0,2.17,0
16,1,0,0,0,0,0,0,0,0.0,0,TypeScript,2018-2020,1.0,0.0,0.0,0.0,0
16,1,0,0,0,1,1,0,0,0.0,0,TypeScript,2018-2020,1.0,0.0,0.0,0.0,0
17,1,0,0,13,0,2,1,1,1.0,0,TypeScript,2018-2020,1.0,13.0,0.33,0.33,0
17,1,0,0,21,0,1,0,3,1.0,0,TypeScript,2018-2020,1.0,21.0,0.0,0.5,0
17,1,0,0,1,1,1,0,0,0.0,0,TypeScript,2018-2020,1.0,0.5,0.0,0.0,0
17,1,0,0,1,1,1,0,0,0.0,0,TypeScript,2018-2020,1.0,0.5,0.0,0.0,0
17,1,0,0,273,14,5,2,11,2.82,0,TypeScript,2018-2020,1.0,18.2,0.33,0.47,8
17,1,0,0,88,3,2,1,6,2.83,0,TypeScript,2018-2020,1.0,22.0,0.33,0.94,0
17,1,0,0,97,0,4,1,2,1.0,0,TypeScript,2018-2020,1.0,97.0,0.2,0.2,0
18,1,0,0,19,2,3,1,2,1.5,0,TypeScript,2018-2020,1.0,6.33,0.25,0.38,0
20,1,0,0,12,0,2,0,0,0.0,0,TypeScript,2018-2020,1.0,12.0,0.0,0.0,0
20,1,0,0,4,6,1,0,0,0.0,1,TypeScript,2018-2020,0.4,0.57,0.0,0.0,15
20,1,0,0,129,7,2,1,5,1.2,0,TypeScript,2018-2020,1.0,16.12,0.33,0.4,0
21,1,0,0,23,16,1,0,2,3.5,0,TypeScript,2018-2020,1.0,1.35,0.0,1.75,0
21,1,0,0,1,1,1,0,0,0.0,0,TypeScript,2018-2020,1.0,0.5,0.0,0.0,0
23,1,0,1,13,3,2,1,4,1.0,0,TypeScript,2018-2020,1.0,3.25,0.33,0.33,0
23,1,0,1,17,1,3,0,0,0.0,1,TypeScript,2018-2020,0.4,8.5,0.0,0.0,1
4,2,0,1,66,0,2,1,0,0.0,0,TypeScript,2018-2020,1.0,66.0,0.33,0.0,0
5,2,0,1,2,0,2,1,1,1.0,0,TypeScript,2018-2020,1.0,2.0,0.33,0.33,0
5,2,0,1,17,6,4,0,1,1.0,0,TypeScript,2018-2020,1.0,2.43,0.0,0.2,0
6,2,0,0,6,2,2,1,2,1.5,0,TypeScript,2018-2020,1.0,2.0,0.33,0.5,0
6,2,0,0,13,7,2,0,0,0.0,0,TypeScript,2018-2020,1.0,1.62,0.0,0.0,0
9,2,0,0,4,6,2,1,4,1.0,0,TypeScript,2018-2020,1.0,0.57,0.33,0.33,0
9,2,0,0,2,2,1,1,2,1.0,0,TypeScript,2018-2020,1.0,0.67,0.5,0.5,0
11,2,0,0,8,4,2,0,0,0.0,0,TypeScript,2018-2020,1.0,1.6,0.0,0.0,0
11,2,0,0,4,0,2,1,1,1.0,0,TypeScript,2018-2020,1.0,4.0,0.33,0.33,0
12,2,0,0,1,1,1,0,0,0.0,0,TypeScript,2018-2020,1.0,0.5,0.0,0.0,0
12,2,0,0,1,1,1,0,0,0.0,0,TypeScript,2018-2020,1.0,0.5,0.0,0.0,0
12,2,0,0,1,1,1,0,0,0.0,0,TypeScript,2018-2020,1.0,0.5,0.0,0.0,0
12,2,0,0,1,1,1,0,0,0.0,0,TypeScript,2018-2020,1.0,0.5,0.0,0.0,0
12,2,0,0,120,78,4,1,5,1.0,0,TypeScript,2018-2020,1.0,1.52,0.2,0.2,0
12,2,0,0,3,3,1,0,0,0.0,0,TypeScript,2018-2020,1.0,0.75,0.0,0.0,0
12,2,0,0,1,1,1,0,0,0.0,0,TypeScript,2018-2020,1.0,0.5,0.0,0.0,0
13,2,0,0,1,37,2,0,1,1.0,0,TypeScript,2018-2020,1.0,0.03,0.0,0.33,0
13,2,0,0,5,29,2,1,1,8.0,0,TypeScript,2018-2020,1.0,0.17,0.33,2.67,0
13,2,0,0,13,12,8,4,0,0.0,0,TypeScript,2018-2020,1.0,1.0,0.44,0.0,0
14,2,0,0,1,1,1,0,0,0.0,1,TypeScript,2018-2020,0.4,0.5,0.0,0.0,0
14,2,0,0,358,0,5,0,32,1.0,0,TypeScript,2018-2020,1.0,358.0,0.0,0.17,0
14,2,0,0,120,0,4,1,5,1.0,0,TypeScript,2018-2020,1.0,120.0,0.2,0.2,0
14,2,0,0,69,0,4,1,3,1.0,0,TypeScript,2018-2020,1.0,69.0,0.2,0.2,0
14,2,0,0,1,1,1,0,0,0.0,0,TypeScript,2018-2020,1.0,0.5,0.0,0.0,0
16,2,0,0,1,1,1,0,0,0.0,1,TypeScript,2018-2020,0.4,0.5,0.0,0.0,0
21,2,0,0,48,42,4,2,0,0.0,0,TypeScript,2018-2020,1.0,1.12,0.4,0.0,0
21,2,0,0,1,1,1,0,1,11.0,0,TypeScript,2018-2020,1.0,0.5,0.0,5.5,0
10,3,0,0,47,32,2,0,9,1.0,0,TypeScript,2018-2020,1.0,1.42,0.0,0.33,0
11,3,0,0,2,2,2,0,0,0.0,1,TypeScript,2018-2020,0.4,0.67,0.0,0.0,16
13,3,0,0,1,1,1,0,0,0.0,1,TypeScript,2018-2020,0.4,0.5,0.0,0.0,3
14,3,0,0,35,31,3,1,10,1.4,0,TypeScript,2018-2020,1.0,1.09,0.25,0.35,0
15,3,0,0,330,150,43,3,3,5.0,1,TypeScript,2018-2020,0.4,2.19,0.07,0.11,8
17,3,0,0,8,4,1,1,1,1.0,1,TypeScript,2018-2020,0.4,1.6,0.5,0.5,17
18,3,0,0,43,45,2,1,2,1.0,0,TypeScript,2018-2020,1.0,0.93,0.33,0.33,0
18,3,0,0,1115,1577,12,1,120,1.27,0,TypeScript,2018-2020,1.0,0.71,0.08,0.1,0
20,3,0,0,12,12,3,0,3,9.0,0,TypeScript,2018-2020,1.0,0.92,0.0,2.25,0
8,4,0,0,6,0,1,0,0,0.0,0,TypeScript,2018-2020,1.0,6.0,0.0,0.0,0
9,4,0,0,0,11,1,1,1,1.0,0,TypeScript,2018-2020,1.0,0.0,0.5,0.5,0
9,4,0,0,2,1,2,1,0,0.0,0,TypeScript,2018-2020,1.0,1.0,0.33,0.0,0
9,4,0,0,1,1,1,0,1,1.0,0,TypeScript,2018-2020,1.0,0.5,0.0,0.5,0
9,4,0,0,43,3,2,1,0,0.0,0,TypeScript,2018-2020,1.0,10.75,0.33,0.0,0
10,4,0,0,8,2,2,1,3,1.0,0,TypeScript,2018-2020,1.0,2.67,0.33,0.33,0
11,4,0,0,4481,689,2,1,2,1.0,0,TypeScript,2018-2020,1.0,6.49,0.33,0.33,0
12,4,0,0,17,3,2,0,0,0.0,0,TypeScript,2018-2020,1.0,4.25,0.0,0.0,0
16,4,0,0,2015,0,5,1,1,1.0,0,TypeScript,2018-2020,1.0,2015.0,0.17,0.17,0
18,4,0,0,2,2,1,0,0,0.0,1,TypeScript,2018-2020,0.4,0.67,0.0,0.0,0
18,4,0,0,180,453,9,1,10,1.2,0,TypeScript,2018-2020,1.0,0.4,0.1,0.12,0
18,4,0,0,142,27,4,0,0,0.0,0,TypeScript,2018-2020,1.0,5.07,0.0,0.0,0
19,4,0,0,5,2,2,1,3,1.0,0,TypeScript,2018-2020,1.0,1.67,0.33,0.33,0
19,4,0,0,72,4,2,1,3,1.0,0,TypeScript,2018-2020,1.0,14.4,0.33,0.33,0
19,4,0,0,1107,0,4,1,1,1.0,0,TypeScript,2018-2020,1.0,1107.0,0.2,0.2,0
19,4,0,0,107,0,4,1,2,1.0,0,TypeScript,2018-2020,1.0,107.0,0.2,0.2,0
19,4,0,0,13,4,2,1,0,0.0,0,TypeScript,2018-2020,1.0,2.6,0.33,0.0,0
19,4,0,0,148,0,4,1,5,1.0,0,TypeScript,2018-2020,1.0,148.0,0.2,0.2,0
19,4,0,0,26,4,3,1,0,0.0,0,TypeScript,2018-2020,1.0,5.2,0.25,0.0,0
19,4,0,0,161,70,2,1,10,1.3,0,TypeScript,2018-2020,1.0,2.27,0.33,0.43,0
22,4,0,1,5,217,5,1,16,1.0,0,TypeScript,2018-2020,1.0,0.02,0.17,0.17,0
23,4,0,1,0,762,15,1,31,1.0,0,TypeScript,2018-2020,1.0,0.0,0.06,0.06,0
3,5,1,1,11,1,2,1,1,1.0,0,TypeScript,2018-2020,1.0,5.5,0.33,0.33,0
5,5,1,1,125,125,7,0,0,0.0,0,TypeScript,2018-2020,1.0,0.99,0.0,0.0,0
6,5,1,0,56,70,1,0,0,0.0,0,TypeScript,2018-2020,1.0,0.79,0.0,0.0,0
7,5,1,0,37,4,7,0,0,0.0,0,TypeScript,2018-2020,1.0,7.4,0.0,0.0,0
14,5,1,0,928,0,6,0,8,2.75,0,TypeScript,2018-2020,1.0,928.0,0.0,0.39,0
15,5,1,0,43,33,7,1,9,5.89,0,TypeScript,2018-2020,1.0,1.26,0.12,0.74,0
16,5,1,0,369,69,7,0,8,3.0,0,TypeScript,2018-2020,1.0,5.27,0.0,0.38,0
17,5,1,0,58,22,2,1,2,1.5,0,TypeScript,2018-2020,1.0,2.52,0.33,0.5,0
18,5,1,0,13,1,1,0,0,0.0,0,TypeScript,2018-2020,1.0,6.5,0.0,0.0,0
18,5,1,0,418,8,13,0,4,4.75,0,TypeScript,2018-2020,1.0,46.44,0.0,0.34,0
20,5,1,0,48,1,2,1,4,1.0,0,TypeScript,2018-2020,1.0,24.0,0.33,0.33,0
23,5,1,1,10,10,2,0,3,2.0,0,TypeScript,2018-2020,1.0,0.91,0.0,0.67,0
23,5,1,1,2,0,1,0,0,0.0,0,TypeScript,2018-2020,1.0,2.0,0.0,0.0,0
4,6,1,1,20,8,2,1,1,1.0,0,TypeScript,2018-2020,1.0,2.22,0.33,0.33,0
16,6,1,0,4,4,3,1,1,1.0,0,TypeScript,2018-2020,1.0,0.8,0.25,0.25,0
22,6,1,1,5,1,2,1,0,0.0,0,TypeScript,2018-2020,1.0,2.5,0.33,0.0,0
2,0,0,1,5,1,2,1,0,0.0,0,TypeScript,2018-2020,1.0,2.5,0.33,0.0,0
5,0,0,1,16,1,2,1,1,1.0,0,TypeScript,2018-2020,1.0,8.0,0.33,0.33,0
6,0,0,0,50,38,2,1,3,1.33,0,TypeScript,2018-2020,1.0,1.28,0.33,0.44,0
7,0,0,0,6,1,2,1,0,0.0,0,TypeScript,2018-2020,1.0,3.0,0.33,0.0,0
8,0,0,0,25,11,1,0,0,0.0,0,TypeScript,2018-2020,1.0,2.08,0.0,0.0,0
10,0,0,0,1,0,1,0,0,0.0,1,TypeScript,2018-2020,0.4,1.0,0.0,0.0,0
12,0,0,0,904,124,6,0,21,3.57,0,TypeScript,2018-2020,1.0,7.23,0.0,0.51,0
12,0,0,0,2,2,1,0,0,0.0,0,TypeScript,2018-2020,1.0,0.67,0.0,0.0,18
12,0,0,0,7,3,3,2,2,1.0,0,TypeScript,2018-2020,1.0,1.75,0.5,0.25,0
15,0,0,0,115,42,10,4,7,2.71,0,TypeScript,2018-2020,1.0,2.67,0.36,0.25,0
15,0,0,0,1,1,1,0,2,5.0,1,TypeScript,2018-2020,0.4,0.5,0.0,2.5,0
16,0,0,0,3,5,2,1,1,1.0,1,TypeScript,2018-2020,0.4,0.5,0.33,0.33,18
17,0,0,0,35,31,4,0,2,2.0,0,TypeScript,2018-2020,1.0,1.09,0.0,0.4,19
17,0,0,0,34,10,2,1,5,1.4,0,TypeScript,2018-2020,1.0,3.09,0.33,0.47,0
17,0,0,0,10,0,1,0,0,0.0,0,TypeScript,2018-2020,1.0,10.0,0.0,0.0,0
18,0,0,0,85,4,3,0,0,0.0,0,TypeScript,2018-2020,1.0,17.0,0.0,0.0,0
19,0,0,0,33,1,3,1,2,4.5,0,TypeScript,2018-2020,1.0,16.5,0.25,1.12,0
21,0,0,0,9,1,2,1,3,1.0,0,TypeScript,2018-2020,1.0,4.5,0.33,0.33,0
22,0,0,1,87,0,2,0,4,2.5,0,TypeScript,2018-2020,1.0,87.0,0.0,0.83,0
23,0,0,1,133,76,2,1,2,1.0,0,TypeScript,2018-2020,1.0,1.73,0.33,0.33,0
4,1,0,1,15,16,3,1,2,1.0,0,TypeScript,2018-2020,1.0,0.88,0.25,0.25,0
4,1,0,1,44,17,6,2,1,1.0,0,TypeScript,2018-2020,1.0,2.44,0.29,0.14,0
8,1,0,0,108,3,1,0,0,0.0,0,TypeScript,2018-2020,1.0,27.0,0.0,0.0,0
9,1,0,0,10,8,2,1,0,0.0,0,TypeScript,2018-2020,1.0,1.11,0.33,0.0,0
11,1,0,0,100,100,51,0,0,0.0,0,TypeScript,2018-2020,1.0,0.99,0.0,0.0,0
14,1,0,0,1,1,1,0,0,0.0,1,TypeScript,2018-2020,0.4,0.5,0.0,0.0,0
14,1,0,0,2,2,1,0,0,0.0,0,TypeScript,2018-2020,1.0,0.67,0.0,0.0,0
14,1,0,0,32,0,2,1,2,1.0,0,TypeScript,2018-2020,1.0,32.0,0.33,0.33,0
16,1,0,0,11,9,1,0,0,0.0,1,TypeScript,2018-2020,0.4,1.1,0.0,0.0,9
17,1,0,0,364,1,1,0,0,0.0,0,TypeScript,2018-2020,1.0,182.0,0.0,0.0,0
20,1,0,0,348,50,6,2,15,1.0,0,TypeScript,2018-2020,1.0,6.82,0.29,0.14,0
20,1,0,0,60,0,1,0,0,0.0,0,TypeScript,2018-2020,1.0,60.0,0.0,0.0,0
20,1,0,0,74,11,2,1,2,2.0,0,TypeScript,2018-2020,1.0,6.17,0.33,0.67,0
21,1,0,0,4,3,2,1,0,0.0,0,TypeScript,2018-2020,1.0,1.0,0.33,0.0,0
21,1,0,0,73,0,5,1,2,1.0,0,TypeScript,2018-2020,1.0,73.0,0.17,0.17,0
21,1,0,0,6,3,2,1,1,2.0,0,TypeScript,2018-2020,1.0,1.5,0.33,0.67,0
21,1,0,0,72,72,10,0,0,0.0,0,TypeScript,2018-2020,1.0,0.99,0.0,0.0,0
21,1,0,0,6,1533,13,3,69,1.06,0,TypeScript,2018-2020,1.0,0.0,0.21,0.08,0
21,1,0,0,4,1,2,1,2,1.0,0,TypeScript,2018-2020,1.0,2.0,0.33,0.33,0
21,1,0,0,62,0,4,1,1,1.0,0,TypeScript,2018-2020,1.0,62.0,0.2,0.2,0
6,2,0,0,2,1,2,1,1,1.0,0,TypeScript,2018-2020,1.0,1.0,0.33,0.33,0
6,2,0,0,1,2,1,0,0,0.0,0,TypeScript,2018-2020,1.0,0.33,0.0,0.0,0
8,2,0,0,602,0,7,0,7,2.43,0,TypeScript,2018-2020,1.0,602.0,0.0,0.3,0
8,2,0,0,320,12,3,0,1,2.0,0,TypeScript,2018-2020,1.0,24.62,0.0,0.5,0
8,2,0,0,17,1,2,0,1,2.0,0,TypeScript,2018-2020,1.0,8.5,0.0,0.67,0
8,2,0,0,42,7,2,0,2,4.5,0,TypeScript,2018-2020,1.0,5.25,0.0,1.5,0
9,2,0,0,24,0,2,0,2,2.0,0,TypeScript,2018-2020,1.0,24.0,0.0,0.67,0
9,2,0,0,8,0,2,1,2,1.0,0,TypeScript,2018-2020,1.0,8.0,0.33,0.33,0
9,2,0,0,6,0,2,1,0,0.0,0,TypeScript,2018-2020,1.0,6.0,0.33,0.0,0
10,2,0,0,91,0,4,1,0,0.0,0,TypeScript,2018-2020,1.0,91.0,0.2,0.0,0
10,2,0,0,1,0,1,0,0,0.0,0,TypeScript,2018-2020,1.0,1.0,0.0,0.0,0
10,2,0,0,0,1,1,0,0,0.0,0,TypeScript,2018-2020,1.0,0.0,0.0,0.0,0
10,2,0,0,10,1,2,1,0,0.0,0,TypeScript,2018-2020,1.0,5.0,0.33,0.0,0
11,2,0,0,61,0,4,1,1,1.0,0,TypeScript,2018-2020,1.0,61.0,0.2,0.2,0
11,2,0,0,5,72,5,1,2,1.0,0,TypeScript,2018-2020,1.0,0.07,0.17,0.17,0
12,2,0,0,32,8,8,0,8,1.0,0,TypeScript,2018-2020,1.0,3.56,0.0,0.11,0
12,2,0,0,2518,986,9,0,396,1.0,0,TypeScript,2018-2020,1.0,2.55,0.0,0.1,0
12,2,0,0,2,1,2,1,0,0.0,0,TypeScript,2018-2020,1.0,1.0,0.33,0.0,0
12,2,0,0,99,0,4,1,0,0.0,0,TypeScript,2018-2020,1.0,99.0,0.2,0.0,0
12,2,0,0,67,0,4,1,1,1.0,0,TypeScript,2018-2020,1.0,67.0,0.2,0.2,0
12,2,0,0,121,0,4,1,4,1.0,0,TypeScript,2018-2020,1.0,121.0,0.2,0.2,0
12,2,0,0,263,13,19,5,5,1.0,0,TypeScript,2018-2020,1.0,18.79,0.25,0.05,0
12,2,0,0,29,8,2,1,0,0.0,0,TypeScript,2018-2020,1.0,3.22,0.33,0.0,0
12,2,0,0,28,27,3,1,2,3.0,0,TypeScript,2018-2020,1.0,1.0,0.25,0.75,0
12,2,0,0,1,1,1,0,0,0.0,0,TypeScript,2018-2020,1.0,0.5,0.0,0.0,0
12,2,0,0,7,2,1,0,0,0.0,0,TypeScript,2018-2020,1.0,2.33,0.0,0.0,0
12,2,0,0,2,0,2,1,1,1.0,0,TypeScript,2018-2020,1.0,2.0,0.33,0.33,0
12,2,0,0,21,21,2,1,6,1.33,0,TypeScript,2018-2020,1.0,0.95,0.33,0.44,0
12,2,0,0,2,1,2,1,0,0.0,0,TypeScript,2018-2020,1.0,1.0,0.33,0.0,0
12,2,0,0,42,52,3,1,6,1.0,0,TypeScript,2018-2020,1.0,0.79,0.25,0.25,0
12,2,0,0,10,0,1,0,0,0.0,0,TypeScript,2018-2020,1.0,10.0,0.0,0.0,0
13,2,0,0,26,4,3,1,3,1.0,0,TypeScript,2018-2020,1.0,5.2,0.25,0.25,0
13,2,0,0,63,66,4,1,13,1.0,0,TypeScript,2018-2020,1.0,0.94,0.2,0.2,0
13,2,0,0,1,6,2,1,0,0.0,0,TypeScript,2018-2020,1.0,0.14,0.33,0.0,0
14,2,0,0,39,0,2,1,2,1.0,0,TypeScript,2018-2020,1.0,39.0,0.33,0.33,0
14,2,0,0,1608,0,5,2,3,1.33,0,TypeScript,2018-2020,1.0,1608.0,0.33,0.22,0
14,2,0,0,77,0,4,1,18,1.0,0,TypeScript,2018-2020,1.0,77.0,0.2,0.2,0
15,2,0,0,1,0,1,0,0,0.0,0,TypeScript,2018-2020,1.0,1.0,0.0,0.0,0
16,2,0,0,183,82,7,0,1,1.0,0,TypeScript,2018-2020,1.0,2.2,0.0,0.12,0
17,2,0,0,5,1,1,0,0,0.0,1,TypeScript,2018-2020,0.4,2.5,0.0,0.0,10
19,2,0,0,10,5,2,1,2,1.0,0,TypeScript,2018-2020,1.0,1.67,0.33,0.33,0
21,2,0,0,1840,27,12,2,179,1.0,0,TypeScript,2018-2020,1.0,65.71,0.15,0.08,0
22,2,0,1,5,5,4,0,0,0.0,1,TypeScript,2018-2020,0.4,0.83,0.0,0.0,0
0,3,0,1,54,0,4,1,7,1.0,0,TypeScript,2018-2020,1.0,54.0,0.2,0.2,0
2,3,0,1,2,2,2,1,1,9.0,0,TypeScript,2018-2020,1.0,0.67,0.33,3.0,0
6,3,0,0,198,0,2,1,0,0.0,0,TypeScript,2018-2020,1.0,198.0,0.33,0.0,0
8,3,0,0,9,1,2,0,1,11.0,0,TypeScript,2018-2020,1.0,4.5,0.0,3.67,0
9,3,0,0,8,2,1,0,2,6.0,0,TypeScript,2018-2020,1.0,2.67,0.0,3.0,0
9,3,0,0,1,1,1,0,0,0.0,0,TypeScript,2018-2020,1.0,0.5,0.0,0.0,0
9,3,0,0,1,1,1,0,0,0.0,0,TypeScript,2018-2020,1.0,0.5,0.0,0.0,0
9,3,0,0,2,2,1,0,0,0.0,0,TypeScript,2018-2020,1.0,0.67,0.0,0.0,0
9,3,0,0,1,1,1,0,0,0.0,0,TypeScript,2018-2020,1.0,0.5,0.0,0.0,0
11,3,0,0,49,0,1,0,0,0.0,0,TypeScript,2018-2020,1.0,49.0,0.0,0.0,1
11,3,0,0,3,3,1,0,0,0.0,0,TypeScript,2018-2020,1.0,0.75,0.0,0.0,1
12,3,0,0,466,464,64,0,0,0.0,0,TypeScript,2018-2020,1.0,1.0,0.0,0.0,2
13,3,0,0,1,0,1,0,0,0.0,0,TypeScript,2018-2020,1.0,1.0,0.0,0.0,0
16,3,0,0,1,1,1,0,0,0.0,0,TypeScript,2018-2020,1.0,0.5,0.0,0.0,0
17,3,0,0,5,10,1,0,0,0.0,0,TypeScript,2018-2020,1.0,0.45,0.0,0.0,19
22,3,0,1,0,8,1,0,0,0.0,0,TypeScript,2018-2020,1.0,0.0,0.0,0.0,0
22,3,0,1,1,1,1,0,0,0.0,0,TypeScript,2018-2020,1.0,0.5,0.0,0.0,0
22,3,0,1,1,1,1,0,0,0.0,0,TypeScript,2018-2020,1.0,0.5,0.0,0.0,0
22,3,0,1,1,1,1,0,0,0.0,0,TypeScript,2018-2020,1.0,0.5,0.0,0.0,0
22,3,0,1,18,1,1,0,0,0.0,0,TypeScript,2018-2020,1.0,9.0,0.0,0.0,0
22,3,0,1,2,2,1,0,0,0.0,0,TypeScript,2018-2020,1.0,0.67,0.0,0.0,19
4,4,0,1,1,0,1,0,0,0.0,0,TypeScript,2018-2020,1.0,1.0,0.0,0.0,0
6,4,0,0,30,0,4,1,1,1.0,0,TypeScript,2018-2020,1.0,30.0,0.2,0.2,0
10,4,0,0,65,16,10,1,6,2.67,0,TypeScript,2018-2020,1.0,3.82,0.09,0.24,0
13,4,0,0,1285,851,13,4,0,0.0,1,TypeScript,2018-2020,0.4,1.51,0.29,0.0,11
14,4,0,0,92,94,32,0,0,0.0,1,TypeScript,2018-2020,0.4,0.97,0.0,0.0,19
14,4,0,0,115,2,5,0,0,0.0,1,TypeScript,2018-2020,0.4,38.33,0.0,0.0,1
14,4,0,0,1,1,1,0,0,0.0,0,TypeScript,2018-2020,1.0,0.5,0.0,0.0,20
14,4,0,0,215,11,2,0,3,1.33,0,TypeScript,2018-2020,1.0,17.92,0.0,0.44,0
22,4,0,1,9,0,1,0,0,0.0,0,TypeScript,2018-2020,1.0,9.0,0.0,0.0,2
22,4,0,1,2,8,1,0,0,0.0,0,TypeScript,2018-2020,1.0,0.22,0.0,0.0,0
23,4,0,1,900,776,1,0,1,3.0,0,TypeScript,2018-2020,1.0,1.16,0.0,1.5,0
23,4,0,1,8,2,1,0,0,0.0,0,TypeScript,2018-2020,1.0,2.67,0.0,0.0,0
2,5,1,1,4,2,3,1,0,0.0,0,TypeScript,2018-2020,1.0,1.33,0.25,0.0,0
6,5,1,0,6,2,2,1,2,1.0,0,TypeScript,2018-2020,1.0,2.0,0.33,0.33,0
9,5,1,0,2,2,1,0,0,0.0,0,TypeScript,2018-2020,1.0,0.67,0.0,0.0,2
9,5,1,0,5,5,3,0,0,0.0,1,TypeScript,2018-2020,0.4,0.83,0.0,0.0,2
9,5,1,0,4,3,1,0,0,0.0,0,TypeScript,2018-2020,1.0,1.0,0.0,0.0,3
10,5,1,0,95,19,2,0,2,1.5,0,TypeScript,2018-2020,1.0,4.75,0.0,0.5,0
17,5,1,0,53,49,3,1,1,1.0,0,TypeScript,2018-2020,1.0,1.06,0.25,0.25,0
21,5,1,0,16,9,1,0,0,0.0,0,TypeScript,2018-2020,1.0,1.6,0.0,0.0,0
21,5,1,0,22,1,2,1,3,1.67,1,TypeScript,2018-2020,0.4,11.0,0.33,0.56,12
22,5,1,1,1,1,1,0,0,0.0,0,TypeScript,2018-2020,1.0,0.5,0.0,0.0,0
23,5,1,1,8,6,2,0,0,0.0,0,TypeScript,2018-2020,1.0,1.14,0.0,0.0,0
23,5,1,1,3,1,1,0,0,0.0,0,TypeScript,2018-2020,1.0,1.5,0.0,0.0,0
0,6,1,1,1,1,1,1,1,1.0,0,TypeScript,2018-2020,1.0,0.5,0.5,0.5,0
0,6,1,1,60,4,3,0,1,1.0,0,TypeScript,2018-2020,1.0,12.0,0.0,0.25,0
0,6,1,1,1,0,1,0,0,0.0,0,TypeScript,2018-2020,1.0,1.0,0.0,0.0,0
0,6,1,1,4,4,2,0,0,0.0,0,TypeScript,2018-2020,1.0,0.8,0.0,0.0,0
13,6,1,0,5,2,1,0,0,0.0,0,TypeScript,2018-2020,1.0,1.67,0.0,0.0,0
17,6,1,0,2,1,2,1,1,1.0,0,TypeScript,2018-2020,1.0,1.0,0.33,0.33,0
20,6,1,0,20,0,2,0,4,2.0,0,TypeScript,2018-2020,1.0,20.0,0.0,0.67,0
23,6,1,1,62,28,2,1,0,0.0,0,TypeScript,2018-2020,1.0,2.14,0.33,0.0,0
23,6,1,1,6,5,1,0,0,0.0,0,TypeScript,2018-2020,1.0,1.0,0.0,0.0,0
3,0,0,1,128,110,5,2,10,1.1,0,TypeScript,2018-2020,1.0,1.15,0.33,0.18,0
6,0,0,0,25,21,5,2,5,1.2,0,TypeScript,2018-2020,1.0,1.14,0.33,0.2,0
6,0,0,0,15,4,2,1,0,0.0,0,TypeScript,2018-2020,1.0,3.0,0.33,0.0,0
8,0,0,0,27,15,1,0,0,0.0,0,TypeScript,2018-2020,1.0,1.69,0.0,0.0,0
8,0,0,0,39,39,1,0,1,1.0,0,TypeScript,2018-2020,1.0,0.98,0.0,0.5,0
10,0,0,0,28,3,1,0,0,0.0,1,TypeScript,2018-2020,0.4,7.0,0.0,0.0,0
10,0,0,0,2,2,1,0,0,0.0,0,TypeScript,2018-2020,1.0,0.67,0.0,0.0,20
13,0,0,0,1684,5,30,0,93,1.25,0,TypeScript,2018-2020,1.0,280.67,0.0,0.04,0
13,0,0,0,22,8,2,0,7,1.0,0,TypeScript,2018-2020,1.0,2.44,0.0,0.33,0
13,0,0,0,19,14,1,0,0,0.0,0,TypeScript,2018-2020,1.0,1.27,0.0,0.0,0
13,0,0,0,77,2,2,0,1,1.0,0,TypeScript,2018-2020,1.0,25.67,0.0,0.33,0
14,0,0,0,2,2,2,0,0,0.0,1,TypeScript,2018-2020,0.4,0.67,0.0,0.0,0
15,0,0,0,20,1,2,1,3,1.67,0,TypeScript,2018-2020,1.0,10.0,0.33,0.56,0
15,0,0,0,37,3,3,1,2,2.5,1,TypeScript,2018-2020,0.4,9.25,0.25,0.62,13
15,0,0,0,86,124,40,4,8,4.38,0,TypeScript,2018-2020,1.0,0.69,0.1,0.11,0
15,0,0,0,12,16,2,0,0,0.0,0,TypeScript,2018-2020,1.0,0.71,0.0,0.0,3
16,0,0,0,14,2,2,0,0,0.0,0,TypeScript,2018-2020,1.0,4.67,0.0,0.0,3
17,0,0,0,1,1,1,0,1,4.0,0,TypeScript,2018-2020,1.0,0.5,0.0,2.0,0
18,0,0,0,1,0,1,0,0,0.0,1,TypeScript,2018-2020,0.4,1.0,0.0,0.0,14
18,0,0,0,1,0,1,0,0,0.0,1,TypeScript,2018-2020,0.4,1.0,0.0,0.0,1
18,0,0,0,36,1,3,1,5,4.2,1,TypeScript,2018-2020,0.4,18.0,0.25,1.05,20
19,0,0,0,10,1,2,1,2,7.0,0,TypeScript,2018-2020,1.0,5.0,0.33,2.33,0
19,0,0,0,16,0,1,0,0,0.0,1,TypeScript,2018-2020,0.4,16.0,0.0,0.0,21
22,0,0,1,2,2,2,0,0,0.0,0,TypeScript,2018-2020,1.0,0.67,0.0,0.0,0
22,0,0,1,7,7,2,0,0,0.0,0,TypeScript,2018-2020,1.0,0.88,0.0,0.0,1
22,0,0,1,25,9,2,1,6,1.0,0,TypeScript,2018-2020,1.0,2.5,0.33,0.33,0
22,0,0,1,1,1,1,0,0,0.0,0,TypeScript,2018-2020,1.0,0.5,0.0,0.0,0
1,1,0,1,36,104,2,1,3,1.33,0,TypeScript,2018-2020,1.0,0.34,0.33,0.44,0
6,1,0,0,311,34,2,1,103,1.0,0,TypeScript,2018-2020,1.0,8.89,0.33,0.33,0
8,1,0,0,2956,0,11,0,9,3.67,0,TypeScript,2018-2020,1.0,2956.0,0.0,0.31,0
8,1,0,0,61,12,3,1,0,0.0,0,TypeScript,2018-2020,1.0,4.69,0.25,0.0,0
8,1,0,0,1,1,1,0,0,0.0,0,TypeScript,2018-2020,1.0,0.5,0.0,0.0,0
8,1,0,0,24,2,3,1,1,3.0,0,TypeScript,2018-2020,1.0,8.0,0.25,0.75,0
8,1,0,0,119,0,4,1,1,1.0,0,TypeScript,2018-2020,1.0,119.0,0.2,0.2,0
8,1,0,0,61,0,4,1,2,1.0,0,TypeScript,2018-2020,1.0,61.0,0.2,0.2,0
8,1,0,0,169,0,4,1,13,1.0,0,TypeScript,2018-2020,1.0,169.0,0.2,0.2,0
8,1,0,0,59,0,4,1,0,0.0,0,TypeScript,2018-2020,1.0,59.0,0.2,0.0,0
8,1,0,0,1,2,2,0,0,0.0,0,TypeScript,2018-2020,1.0,0.33,0.0,0.0,0
10,1,0,0,68,4,12,2,5,3.0,0,TypeScript,2018-2020,1.0,13.6,0.15,0.23,1
11,1,0,0,34,0,2,0,4,1.25,0,TypeScript,2018-2020,1.0,34.0,0.0,0.42,0
11,1,0,0,622,1,3,0,0,0.0,0,TypeScript,2018-2020,1.0,311.0,0.0,0.0,0
11,1,0,0,11,0,1,0,0,0.0,0,TypeScript,2018-2020,1.0,11.0,0.0,0.0,0
11,1,0,0,1,0,1,0,0,0.0,0,TypeScript,2018-2020,1.0,1.0,0.0,0.0,0
12,1,0,0,3,3,2,0,0,0.0,0,TypeScript,2018-2020,1.0,0.75,0.0,0.0,22
12,1,0,0,12,3,3,2,2,2.5,1,TypeScript,2018-2020,0.4,3.0,0.5,0.62,0
12,1,0,0,2,2,1,0,1,3.0,0,TypeScript,2018-2020,1.0,0.67,0.0,1.5,0
12,1,0,0,2,1,1,0,0,0.0,0,TypeScript,2018-2020,1.0,1.0,0.0,0.0,0
13,1,0,0,113,5,3,0,0,0.0,0,TypeScript,2018-2020,1.0,18.83,0.0,0.0,0
14,1,0,0,1,1,1,0,0,0.0,0,TypeScript,2018-2020,1.0,0.5,0.0,0.0,0
14,1,0,0,16,7,3,0,3,1.0,0,TypeScript,2018-2020,1.0,2.0,0.0,0.25,0
14,1,0,0,3,3,2,0,0,0.0,0,TypeScript,2018-2020,1.0,0.75,0.0,0.0,3
14,1,0,0,1,1,1,0,0,0.0,0,TypeScript,2018-2020,1.0,0.5,0.0,0.0,0
14,1,0,0,1,0,1,0,0,0.0,0,TypeScript,2018-2020,1.0,1.0,0.0,0.0,1
15,1,0,0,38,0,1,0,0,0.0,0,TypeScript,2018-2020,1.0,38.0,0.0,0.0,0
15,1,0,0,2,1,2,0,3,1.33,0,TypeScript,2018-2020,1.0,1.0,0.0,0.44,0
15,1,0,0,88,3,6,1,0,0.0,0,TypeScript,2018-2020,1.0,22.0,0.14,0.0,22
16,1,0,0,4,4,1,0,0,0.0,1,TypeScript,2018-2020,0.4,0.8,0.0,0.0,22
17,1,0,0,6,3,1,0,1,5.0,0,TypeScript,2018-2020,1.0,1.5,0.0,2.5,0
17,1,0,0,1,1,1,0,1,1.0,0,TypeScript,2018-2020,1.0,0.5,0.0,0.5,0
19,1,0,0,3,3,1,0,3,2.0,0,TypeScript,2018-2020,1.0,0.75,0.0,1.0,0
20,1,0,0,12,1,1,0,0,0.0,0,TypeScript,2018-2020,1.0,6.0,0.0,0.0,0
22,1,0,1,306,10,7,2,9,2.33,1,TypeScript,2018-2020,0.4,27.82,0.25,0.29,15
0,2,0,1,1586,364,2,1,0,0.0,0,TypeScript,2018-2020,1.0,4.35,0.33,0.0,0
8,2,0,0,3,3,1,0,1,9.0,0,TypeScript,2018-2020,1.0,0.75,0.0,4.5,0
8,2,0,0,74,41,7,0,7,1.14,0,TypeScript,2018-2020,1.0,1.76,0.0,0.14,0
9,2,0,0,2,0,2,0,0,0.0,0,TypeScript,2018-2020,1.0,2.0,0.0,0.0,0
9,2,0,0,42,2,1,0,0,0.0,0,TypeScript,2018-2020,1.0,14.0,0.0,0.0,0
11,2,0,0,4,0,1,0,0,0.0,0,TypeScript,2018-2020,1.0,4.0,0.0,0.0,0
11,2,0,0,32,16,2,0,4,3.0,0,TypeScript,2018-2020,1.0,1.88,0.0,1.0,0
11,2,0,0,1,1,1,0,0,0.0,0,TypeScript,2018-2020,1.0,0.5,0.0,0.0,0
11,2,0,0,1,1,1,0,0,0.0,0,TypeScript,2018-2020,1.0,0.5,0.0,0.0,0
11,2,0,0,1,1,1,0,0,0.0,0,TypeScript,2018-2020,1.0,0.5,0.0,0.0,0
11,2,0,0,2,2,1,0,0,0.0,0,TypeScript,2018-2020,1.0,0.67,0.0,0.0,0
11,2,0,0,1,1,1,0,0,0.0,0,TypeScript,2018-2020,1.0,0.5,0.0,0.0,0
11,2,0,0,1,1,1,0,0,0.0,0,TypeScript,2018-2020,1.0,0.5,0.0,0.0,0
11,2,0,0,1,1,1,0,0,0.0,0,TypeScript,2018-2020,1.0,0.5,0.0,0.0,0
12,2,0,0,4,4,1,0,0,0.0,0,TypeScript,2018-2020,1.0,0.8,0.0,0.0,0
12,2,0,0,1,1,1,0,0,0.0,0,TypeScript,2018-2020,1.0,0.5,0.0,0.0,0
12,2,0,0,34,6,1,0,0,0.0,0,TypeScript,2018-2020,1.0,4.86,0.0,0.0,0
12,2,0,0,28,6,2,1,3,1.0,0,TypeScript,2018-2020,1.0,4.0,0.33,0.33,0
13,2,0,0,63,53,1,0,2,7.5,0,TypeScript,2018-2020,1.0,1.17,0.0,3.75,0
13,2,0,0,10,8,1,0,2,1.0,0,TypeScript,2018-2020,1.0,1.11,0.0,0.5,0
13,2,0,0,43,18,1,0,1,4.0,0,TypeScript,2018-2020,1.0,2.26,0.0,2.0,0
15,2,0,0,52,51,3,1,10,1.1,0,TypeScript,2018-2020,1.0,1.0,0.25,0.28,0
15,2,0,0,6,6,2,0,1,14.0,0,TypeScript,2018-2020,1.0,0.86,0.0,4.67,0
15,2,0,0,4,0,1,0,0,0.0,0,TypeScript,2018-2020,1.0,4.0,0.0,0.0,0
16,2,0,0,1,8,1,0,0,0.0,1,TypeScript,2018-2020,0.4,0.11,0.0,0.0,23
17,2,0,0,268,50,6,1,7,3.14,0,TypeScript,2018-2020,1.0,5.25,0.14,0.45,16
14,0,0,0,8539,8049,12,1,0,0.0,0,TypeScript,2021-2023,1.0,1.06,0.08,0.0,0
18,0,0,0,51,1,2,1,2,2.0,0,TypeScript,2021-2023,1.0,25.5,0.33,0.67,0
12,1,0,0,1,1,1,0,1,1.0,0,TypeScript,2021-2023,1.0,0.5,0.0,0.5,0
9,4,0,0,33,3,2,1,2,1.0,0,TypeScript,2021-2023,1.0,8.25,0.33,0.33,0
18,6,1,0,20,1,2,1,2,3.0,0,TypeScript,2021-2023,1.0,10.0,0.33,1.0,0
8,2,0,0,2,2,2,0,0,0.0,0,TypeScript,2021-2023,1.0,0.67,0.0,0.0,0
8,3,0,0,23,4,6,1,6,1.5,0,TypeScript,2021-2023,1.0,4.6,0.14,0.21,0
9,5,1,0,1,1,1,0,0,0.0,0,TypeScript,2021-2023,1.0,0.5,0.0,0.0,0
13,5,1,0,10,10,1,0,0,0.0,0,TypeScript,2021-2023,1.0,0.91,0.0,0.0,0
23,0,0,1,5,3,2,0,1,5.0,0,TypeScript,2021-2023,1.0,1.25,0.0,1.67,0
8,2,0,0,26,9,1,0,0,0.0,0,TypeScript,2021-2023,1.0,2.6,0.0,0.0,0
17,4,0,0,10,9,2,0,1,3.0,0,TypeScript,2021-2023,1.0,1.0,0.0,1.0,0
10,5,1,0,8,12,2,1,1,1.0,0,TypeScript,2021-2023,1.0,0.62,0.33,0.33,0
10,5,1,0,1,1,1,0,0,0.0,0,TypeScript,2021-2023,1.0,0.5,0.0,0.0,0
13,5,1,0,23,0,2,1,1,1.0,0,TypeScript,2021-2023,1.0,23.0,0.33,0.33,0
21,2,0,0,1,1,1,0,0,0.0,0,TypeScript,2021-2023,1.0,0.5,0.0,0.0,0
10,5,1,0,44,64,8,2,5,4.6,0,TypeScript,2021-2023,1.0,0.68,0.22,0.51,0
10,5,1,0,1,1,1,0,0,0.0,0,TypeScript,2021-2023,1.0,0.5,0.0,0.0,0
8,2,0,0,6,3,2,1,1,1.0,0,TypeScript,2021-2023,1.0,1.5,0.33,0.33,0
8,2,0,0,1,1,1,0,0,0.0,0,TypeScript,2021-2023,1.0,0.5,0.0,0.0,0
13,2,0,0,7,1,2,0,2,10.5,0,TypeScript,2021-2023,1.0,3.5,0.0,3.5,0
13,2,0,0,1,1,1,0,0,0.0,0,TypeScript,2021-2023,1.0,0.5,0.0,0.0,0
14,5,1,0,1,1,1,0,0,0.0,0,TypeScript,2021-2023,1.0,0.5,0.0,0.0,0
12,1,0,0,986,684,25,8,22,3.95,0,TypeScript,2021-2023,1.0,1.44,0.31,0.15,0
13,3,0,0,1,13,3,0,1,1.0,0,TypeScript,2021-2023,1.0,0.07,0.0,0.25,0
16,4,0,0,1,1,1,0,0,0.0,0,TypeScript,2021-2023,1.0,0.5,0.0,0.0,0
17,4,0,0,66,0,1,0,0,0.0,0,TypeScript,2021-2023,1.0,66.0,0.0,0.0,0
20,4,0,0,43,7,7,1,7,4.14,0,TypeScript,2021-2023,1.0,5.38,0.12,0.52,0
11,6,1,0,88,18,8,1,10,1.6,0,TypeScript,2021-2023,1.0,4.63,0.11,0.18,0
11,6,1,0,1,1,1,0,0,0.0,0,TypeScript,2021-2023,1.0,0.5,0.0,0.0,0
13,0,0,0,28,3,2,1,3,1.0,0,TypeScript,2021-2023,1.0,7.0,0.33,0.33,0
8,1,0,0,6,10,1,0,4,4.75,0,TypeScript,2021-2023,1.0,0.55,0.0,2.38,0
9,4,0,0,31,8,2,0,0,0.0,0,TypeScript,2021-2023,1.0,3.44,0.0,0.0,0
23,5,1,1,55,42,16,14,27,1.37,0,TypeScript,2021-2023,1.0,1.28,0.82,0.08,0
11,2,0,0,258,150,9,3,5,3.4,0,TypeScript,2021-2023,1.0,1.71,0.3,0.34,0
15,0,0,0,1,1,1,0,0,0.0,0,TypeScript,2021-2023,1.0,0.5,0.0,0.0,0
21,1,0,0,19,2,3,1,2,1.0,0,TypeScript,2021-2023,1.0,6.33,0.25,0.25,0
8,0,0,0,79,6,4,2,0,0.0,0,TypeScript,2021-2023,1.0,11.29,0.4,0.0,0
19,1,0,0,1,1,1,0,0,0.0,0,TypeScript,2021-2023,1.0,0.5,0.0,0.0,0
12,6,1,0,1,8,2,1,2,1.0,0,TypeScript,2021-2023,1.0,0.11,0.33,0.33,0
23,5,1,1,13,15,2,1,2,16.0,0,TypeScript,2021-2023,1.0,0.81,0.33,5.33,0
11,2,0,0,41,39,2,0,1,2.0,0,TypeScript,2021-2023,1.0,1.02,0.0,0.67,0
12,2,0,0,66,44,6,1,4,2.75,0,TypeScript,2021-2023,1.0,1.47,0.14,0.39,0
12,2,0,0,1,1,1,0,0,0.0,0,TypeScript,2021-2023,1.0,0.5,0.0,0.0,0
12,3,0,0,33,20,6,0,9,12.0,0,TypeScript,2021-2023,1.0,1.57,0.0,1.71,0
7,4,0,0,39,21,10,6,9,1.44,0,TypeScript,2021-2023,1.0,1.77,0.55,0.13,0
21,4,0,0,47,6,2,1,6,1.33,0,TypeScript,2021-2023,1.0,6.71,0.33,0.44,0
8,2,0,0,20,42,6,2,5,2.2,0,TypeScript,2021-2023,1.0,0.47,0.29,0.31,0
9,2,0,0,3,5,3,0,3,1.0,0,TypeScript,2021-2023,1.0,0.5,0.0,0.25,0
17,2,0,0,1,1,1,0,0,0.0,0,TypeScript,2021-2023,1.0,0.5,0.0,0.0,0
9,3,0,0,40,40,12,1,17,5.65,0,TypeScript,2021-2023,1.0,0.98,0.08,0.43,0
9,3,0,0,1,1,1,0,0,0.0,0,TypeScript,2021-2023,1.0,0.5,0.0,0.0,0
17,3,0,0,5,62,7,0,2,20.5,0,TypeScript,2021-2023,1.0,0.08,0.0,2.56,0
11,6,1,0,65,3,2,1,4,1.75,0,TypeScript,2021-2023,1.0,16.25,0.33,0.58,0
23,6,1,1,1,0,1,0,1,3.0,0,TypeScript,2021-2023,1.0,1.0,0.0,1.5,0
19,0,0,0,1,1,1,0,0,0.0,0,TypeScript,2021-2023,1.0,0.5,0.0,0.0,0
8,3,0,0,1,1,1,0,0,0.0,0,TypeScript,2021-2023,1.0,0.5,0.0,0.0,0
21,3,0,0,1,1,1,0,1,11.0,0,TypeScript,2021-2023,1.0,0.5,0.0,5.5,0
21,4,0,0,18,9,1,0,1,23.0,0,TypeScript,2021-2023,1.0,1.8,0.0,11.5,0
8,5,1,0,2,2,1,0,0,0.0,0,TypeScript,2021-2023,1.0,0.67,0.0,0.0,0
21,0,0,0,10,2,3,1,1,1.0,0,TypeScript,2021-2023,1.0,3.33,0.25,0.25,0
18,1,0,0,6,5,1,0,1,4.0,0,TypeScript,2021-2023,1.0,1.0,0.0,2.0,0
18,4,0,0,3,0,1,0,0,0.0,0,TypeScript,2021-2023,1.0,3.0,0.0,0.0,0
21,4,0,0,24,2,3,1,1,1.0,0,TypeScript,2021-2023,1.0,8.0,0.25,0.25,0
21,4,0,0,1,1,1,0,0,0.0,0,TypeScript,2021-2023,1.0,0.5,0.0,0.0,0
10,5,1,0,295,146,4,0,0,0.0,0,TypeScript,2021-2023,1.0,2.01,0.0,0.0,0
10,5,1,0,61,13,2,1,1,9.0,0,TypeScript,2021-2023,1.0,4.36,0.33,3.0,0
13,5,1,0,39,1,2,1,4,7.0,0,TypeScript,2021-2023,1.0,19.5,0.33,2.33,0
13,5,1,0,1,1,1,0,0,0.0,0,TypeScript,2021-2023,1.0,0.5,0.0,0.0,0
18,1,0,0,167,12,2,1,1,2.0,0,TypeScript,2021-2023,1.0,12.85,0.33,0.67,0
9,2,0,0,1,9,2,1,3,2.0,0,TypeScript,2021-2023,1.0,0.1,0.33,0.67,0
9,5,1,0,1,1,1,0,0,0.0,0,TypeScript,2021-2023,1.0,0.5,0.0,0.0,0
20,3,0,0,8,3,5,0,2,2.0,0,TypeScript,2021-2023,1.0,2.0,0.0,0.33,0
8,4,0,0,12,167,2,1,1,6.0,0,TypeScript,2021-2023,1.0,0.07,0.33,2.0,0
8,4,0,0,1,1,1,0,0,0.0,0,TypeScript,2021-2023,1.0,0.5,0.0,0.0,0
9,6,1,0,167,1,2,1,1,9.0,0,TypeScript,2021-2023,1.0,83.5,0.33,3.0,0
21,3,0,0,1069,264,19,3,14,1.93,0,TypeScript,2021-2023,1.0,4.03,0.15,0.1,0
10,6,1,0,49,1,2,1,1,31.0,0,TypeScript,2021-2023,1.0,24.5,0.33,10.33,0
12,5,1,0,1,1,1,0,0,0.0,0,TypeScript,2021-2023,1.0,0.5,0.0,0.0,0
17,6,1,0,2130,1685,6,1,2,1.0,0,TypeScript,2021-2023,1.0,1.26,0.14,0.14,0
8,2,0,0,2,2,1,0,2,1.0,0,TypeScript,2021-2023,1.0,0.67,0.0,0.5,0
12,2,0,0,3,0,1,0,0,0.0,0,TypeScript,2021-2023,1.0,3.0,0.0,0.0,0
16,5,1,0,6,2,2,0,1,1.0,0,TypeScript,2021-2023,1.0,2.0,0.0,0.33,0
16,5,1,0,1,1,1,0,0,0.0,0,TypeScript,2021-2023,1.0,0.5,0.0,0.0,0
10,0,0,0,45,3,4,2,5,1.6,0,TypeScript,2021-2023,1.0,11.25,0.4,0.32,0
20,3,0,0,2,4,2,1,2,2.5,0,TypeScript,2021-2023,1.0,0.4,0.33,0.83,0
10,3,0,0,12,7,3,0,2,1.0,0,TypeScript,2021-2023,1.0,1.5,0.0,0.25,0
10,6,1,0,1,1,1,0,0,0.0,0,TypeScript,2021-2023,1.0,0.5,0.0,0.0,0
13,0,0,0,1,1,1,0,0,0.0,0,TypeScript,2021-2023,1.0,0.5,0.0,0.0,0
10,1,0,0,3,0,1,0,0,0.0,0,TypeScript,2021-2023,1.0,3.0,0.0,0.0,0
22,3,0,1,1164,1152,2,0,0,0.0,0,TypeScript,2021-2023,1.0,1.01,0.0,0.0,0
14,5,1,0,70,68,4,1,3,1.33,0,TypeScript,2021-2023,1.0,1.01,0.2,0.27,0
14,5,1,0,1,1,1,0,0,0.0,0,TypeScript,2021-2023,1.0,0.5,0.0,0.0,0
14,5,1,0,1,1,1,1,1,1.0,0,TypeScript,2021-2023,1.0,0.5,0.5,0.5,0
19,5,1,0,523,978,5,1,2,1.0,0,TypeScript,2021-2023,1.0,0.53,0.17,0.17,0
8,6,1,0,1,1,1,0,0,0.0,0,TypeScript,2021-2023,1.0,0.5,0.0,0.0,0
9,3,0,0,6,0,1,0,0,0.0,0,TypeScript,2021-2023,1.0,6.0,0.0,0.0,0
22,4,0,1,40,58,2,0,5,1.6,0,TypeScript,2021-2023,1.0,0.68,0.0,0.53,0
11,5,1,0,27,13,4,1,2,3.5,0,TypeScript,2021-2023,1.0,1.93,0.2,0.7,0
11,5,1,0,1,1,1,0,0,0.0,0,TypeScript,2021-2023,1.0,0.5,0.0,0.0,0
16,5,1,0,38,1,2,1,3,2.0,0,TypeScript,2021-2023,1.0,19.0,0.33,0.67,0
16,5,1,0,1,1,1,0,0,0.0,0,TypeScript,2021-2023,1.0,0.5,0.0,0.0,0
9,0,0,0,2,2,2,0,1,4.0,0,TypeScript,2021-2023,1.0,0.67,0.0,1.33,0
9,0,0,0,1,1,1,0,0,0.0,0,TypeScript,2021-2023,1.0,0.5,0.0,0.0,0
7,2,0,0,51,51,22,0,0,0.0,0,TypeScript,2021-2023,1.0,0.98,0.0,0.0,0
22,2,0,1,1,3,1,0,0,0.0,0,TypeScript,2021-2023,1.0,0.25,0.0,0.0,0
13,3,0,0,19,20,16,4,0,0.0,0,TypeScript,2021-2023,1.0,0.9,0.24,0.0,0
8,4,0,0,40,38,2,0,10,1.3,0,TypeScript,2021-2023,1.0,1.03,0.0,0.43,0
8,4,0,0,1,1,1,0,0,0.0,0,TypeScript,2021-2023,1.0,0.5,0.0,0.0,0
9,4,0,0,36,38,2,0,0,0.0,0,TypeScript,2021-2023,1.0,0.92,0.0,0.0,0
10,4,0,0,39,42,3,0,0,0.0,0,TypeScript,2021-2023,1.0,0.91,0.0,0.0,0
23,5,1,1,7,6,1,1,2,1.0,0,TypeScript,2021-2023,1.0,1.0,0.5,0.5,0
20,6,1,0,12,11,4,2,5,1.0,0,TypeScript,2021-2023,1.0,1.0,0.4,0.2,0
14,5,1,0,2105,2025,6,1,2,1.5,0,TypeScript,2021-2023,1.0,1.04,0.14,0.21,0
9,6,1,0,70,1,2,1,3,2.33,0,TypeScript,2021-2023,1.0,35.0,0.33,0.78,0
21,6,1,0,1,1,1,0,0,0.0,0,TypeScript,2021-2023,1.0,0.5,0.0,0.0,0
17,3,0,0,4,2,2,0,0,0.0,0,TypeScript,2021-2023,1.0,1.33,0.0,0.0,0
17,3,0,0,3,0,1,0,0,0.0,0,TypeScript,2021-2023,1.0,3.0,0.0,0.0,0
8,0,0,0,1,1,1,0,0,0.0,0,TypeScript,2021-2023,1.0,0.5,0.0,0.0,0
21,0,0,0,1,1,1,0,0,0.0,0,TypeScript,2021-2023,1.0,0.5,0.0,0.0,0
11,1,0,0,59,0,1,0,0,0.0,0,TypeScript,2021-2023,1.0,59.0,0.0,0.0,0
18,3,0,0,21,3,1,0,0,0.0,0,TypeScript,2021-2023,1.0,5.25,0.0,0.0,0
8,5,1,0,4,2,1,1,1,1.0,0,TypeScript,2021-2023,1.0,1.33,0.5,0.5,0
14,5,1,0,4,0,1,0,1,5.0,0,TypeScript,2021-2023,1.0,4.0,0.0,2.5,0
9,2,0,0,3,5,1,0,1,3.0,0,TypeScript,2021-2023,1.0,0.5,0.0,1.5,0
21,2,0,0,1,1,1,0,0,0.0,0,TypeScript,2021-2023,1.0,0.5,0.0,0.0,0
8,3,0,0,10,11,4,2,4,1.0,0,TypeScript,2021-2023,1.0,0.83,0.4,0.2,0
7,3,0,0,1,1,1,1,2,1.0,0,TypeScript,2021-2023,1.0,0.5,0.5,0.5,0
7,3,0,0,1,1,1,0,0,0.0,0,TypeScript,2021-2023,1.0,0.5,0.0,0.0,0
14,1,0,0,3,0,1,0,0,0.0,0,TypeScript,2021-2023,1.0,3.0,0.0,0.0,0
21,6,1,0,87,5,6,0,6,1.17,0,TypeScript,2021-2023,1.0,14.5,0.0,0.17,0
23,0,0,1,1,1,1,0,0,0.0,0,TypeScript,2021-2023,1.0,0.5,0.0,0.0,0
20,6,1,0,1,0,1,0,1,10.0,0,TypeScript,2021-2023,1.0,1.0,0.0,5.0,0
9,1,0,0,0,4,1,0,1,5.0,0,TypeScript,2021-2023,1.0,0.0,0.0,2.5,0
10,1,0,0,1215,1270,6,0,1,1.0,0,TypeScript,2021-2023,1.0,0.96,0.0,0.14,0
8,5,1,0,1,1,1,0,0,0.0,0,TypeScript,2021-2023,1.0,0.5,0.0,0.0,0
8,5,1,0,40,0,1,1,4,1.0,0,TypeScript,2021-2023,1.0,40.0,0.5,0.5,0
8,5,1,0,1,1,1,0,0,0.0,0,TypeScript,2021-2023,1.0,0.5,0.0,0.0,0
23,5,1,1,2357,2085,2,0,0,0.0,0,TypeScript,2021-2023,1.0,1.13,0.0,0.0,0
23,5,1,1,1,1,1,0,0,0.0,0,TypeScript,2021-2023,1.0,0.5,0.0,0.0,0
17,3,0,0,3,3,2,1,2,2.5,0,TypeScript,2021-2023,1.0,0.75,0.33,0.83,0
7,5,1,0,46,13,4,1,3,2.0,0,TypeScript,2021-2023,1.0,3.29,0.2,0.4,0
11,6,1,0,316,309,4,0,1,1.0,0,TypeScript,2021-2023,1.0,1.02,0.0,0.2,0
12,6,1,0,114,192,8,1,6,1.83,0,TypeScript,2021-2023,1.0,0.59,0.11,0.2,0
12,6,1,0,6,6,1,0,0,0.0,0,TypeScript,2021-2023,1.0,0.86,0.0,0.0,0
22,3,0,1,98,1,2,1,5,1.4,0,TypeScript,2021-2023,1.0,49.0,0.33,0.47,0
22,4,0,1,33,1,2,1,1,31.0,0,TypeScript,2021-2023,1.0,16.5,0.33,10.33,0
21,6,1,0,1,1,1,0,0,0.0,0,TypeScript,2021-2023,1.0,0.5,0.0,0.0,0
15,0,0,0,22,0,1,0,0,0.0,0,TypeScript,2021-2023,1.0,22.0,0.0,0.0,0
22,0,0,1,1,0,1,0,0,0.0,0,TypeScript,2021-2023,1.0,1.0,0.0,0.0,0
7,1,0,0,1,1,1,0,0,0.0,0,TypeScript,2021-2023,1.0,0.5,0.0,0.0,0
22,4,0,1,2,3,1,1,2,1.5,0,TypeScript,2021-2023,1.0,0.5,0.5,0.75,0
22,5,1,1,2,1,1,0,0,0.0,0,TypeScript,2021-2023,1.0,1.0,0.0,0.0,0
21,1,0,0,56,1,2,1,7,4.29,0,TypeScript,2021-2023,1.0,28.0,0.33,1.43,0
20,3,0,0,1,1,1,0,0,0.0,0,TypeScript,2021-2023,1.0,0.5,0.0,0.0,0
7,4,0,0,11,15,1,0,1,1.0,0,TypeScript,2021-2023,1.0,0.69,0.0,0.5,0
14,5,1,0,7,7,1,0,0,0.0,0,TypeScript,2021-2023,1.0,0.88,0.0,0.0,0
17,5,1,0,24,5,4,1,3,11.33,0,TypeScript,2021-2023,1.0,4.0,0.2,2.27,0
9,1,0,0,3,0,1,0,0,0.0,0,TypeScript,2021-2023,1.0,3.0,0.0,0.0,0
17,3,0,0,1,1,1,0,0,0.0,0,TypeScript,2021-2023,1.0,0.5,0.0,0.0,0
8,4,0,0,7,5,1,0,1,2.0,0,TypeScript,2021-2023,1.0,1.17,0.0,1.0,0
16,0,0,0,1,1,1,0,0,0.0,0,TypeScript,2021-2023,1.0,0.5,0.0,0.0,0
16,0,0,0,24,6,2,0,0,0.0,0,TypeScript,2021-2023,1.0,3.43,0.0,0.0,0
8,1,0,0,95,0,1,0,0,0.0,0,TypeScript,2021-2023,1.0,95.0,0.0,0.0,0
20,3,0,0,4,4,1,0,0,0.0,0,TypeScript,2021-2023,1.0,0.8,0.0,0.0,0
11,5,1,0,286,93,16,4,21,2.38,0,TypeScript,2021-2023,1.0,3.04,0.24,0.14,0
8,5,1,0,94,17,2,1,4,7.25,0,TypeScript,2021-2023,1.0,5.22,0.33,2.42,0
22,6,1,1,10,8,4,0,2,3.5,0,TypeScript,2021-2023,1.0,1.11,0.0,0.7,0
7,4,0,0,40,26,6,0,2,3.0,0,TypeScript,2021-2023,1.0,1.48,0.0,0.43,0
17,4,0,0,1,1,1,0,0,0.0,0,TypeScript,2021-2023,1.0,0.5,0.0,0.0,0
14,6,1,0,35,7,2,0,5,1.6,0,TypeScript,2021-2023,1.0,4.38,0.0,0.53,0
14,0,0,0,1,1,1,0,0,0.0,0,TypeScript,2021-2023,1.0,0.5,0.0,0.0,0
3,1,0,1,55,11,3,0,3,4.33,0,TypeScript,2021-2023,1.0,4.58,0.0,1.08,0
11,2,0,0,9,9,1,0,0,0.0,0,TypeScript,2021-2023,1.0,0.9,0.0,0.0,1
11,2,0,0,5,5,2,0,0,0.0,0,TypeScript,2021-2023,1.0,0.83,0.0,0.0,1
11,2,0,0,5,5,2,0,0,0.0,0,TypeScript,2021-2023,1.0,0.83,0.0,0.0,1
11,2,0,0,3,3,1,0,0,0.0,0,TypeScript,2021-2023,1.0,0.75,0.0,0.0,1
7,4,0,0,1,1,1,0,0,0.0,0,TypeScript,2021-2023,1.0,0.5,0.0,0.0,0
19,5,1,0,12,10,2,0,1,5.0,0,TypeScript,2021-2023,1.0,1.09,0.0,1.67,0
7,6,1,0,1,1,1,0,0,0.0,0,TypeScript,2021-2023,1.0,0.5,0.0,0.0,0
8,6,1,0,77,54,2,0,0,0.0,0,TypeScript,2021-2023,1.0,1.4,0.0,0.0,0
9,6,1,0,1,1,1,0,0,0.0,0,TypeScript,2021-2023,1.0,0.5,0.0,0.0,0
16,6,1,0,63,2,2,1,4,1.25,0,TypeScript,2021-2023,1.0,21.0,0.33,0.42,0
16,6,1,0,14,3,3,1,1,3.0,0,TypeScript,2021-2023,1.0,3.5,0.25,0.75,0
16,6,1,0,1,1,1,0,0,0.0,0,TypeScript,2021-2023,1.0,0.5,0.0,0.0,0
21,6,1,0,23,18,4,0,1,2.0,0,TypeScript,2021-2023,1.0,1.21,0.0,0.4,0
4,0,0,1,12,1,3,0,1,3.0,0,TypeScript,2021-2023,1.0,6.0,0.0,0.75,0
4,0,0,1,5,4,1,0,3,4.0,0,TypeScript,2021-2023,1.0,1.0,0.0,2.0,0
6,0,0,0,0,5,1,0,1,91.0,0,TypeScript,2021-2023,1.0,0.0,0.0,45.5,0
6,0,0,0,5,5,3,0,1,8.0,0,TypeScript,2021-2023,1.0,0.83,0.0,2.0,0
8,0,0,0,2,1,1,0,1,8.0,0,TypeScript,2021-2023,1.0,1.0,0.0,4.0,0
8,0,0,0,1,1,1,0,1,8.0,0,TypeScript,2021-2023,1.0,0.5,0.0,4.0,0
19,0,0,0,1622,271,50,0,123,5.33,0,TypeScript,2021-2023,1.0,5.96,0.0,0.1,0
19,0,0,0,3326,166,84,0,172,3.83,0,TypeScript,2021-2023,1.0,19.92,0.0,0.05,0
20,0,0,0,1,2,2,0,1,1.0,0,TypeScript,2021-2023,1.0,0.33,0.0,0.33,0
20,0,0,0,3,3,2,0,2,3.0,0,TypeScript,2021-2023,1.0,0.75,0.0,1.0,0
23,0,0,1,7,1,1,0,1,2.0,0,TypeScript,2021-2023,1.0,3.5,0.0,1.0,0
1,1,0,1,10,13,1,0,2,3.5,0,TypeScript,2021-2023,1.0,0.71,0.0,1.75,0
4,1,0,1,84,6,7,0,8,3.75,0,TypeScript,2021-2023,1.0,12.0,0.0,0.47,0
17,1,0,0,5,14,2,0,5,1.8,0,TypeScript,2021-2023,1.0,0.33,0.0,0.6,0
17,1,0,0,37,18,6,0,10,11.8,0,TypeScript,2021-2023,1.0,1.95,0.0,1.69,0
12,2,0,0,1498,1549,11,1,1,1.0,0,TypeScript,2021-2023,1.0,0.97,0.08,0.08,0
12,2,0,0,8,0,3,0,0,0.0,0,TypeScript,2021-2023,1.0,8.0,0.0,0.0,0
13,2,0,0,88,4,2,0,3,6.0,0,TypeScript,2021-2023,1.0,17.6,0.0,2.0,0
13,2,0,0,20,20,4,0,4,25.75,0,TypeScript,2021-2023,1.0,0.95,0.0,5.15,0
17,2,0,0,176268,58,20,0,10,2.1,0,TypeScript,2021-2023,1.0,2987.59,0.0,0.1,0
19,2,0,0,29,24,4,0,4,6.5,0,TypeScript,2021-2023,1.0,1.16,0.0,1.3,0
16,4,0,0,4,0,1,0,0,0.0,0,TypeScript,2021-2023,1.0,4.0,0.0,0.0,0
16,4,0,0,1,1,1,0,2,3.0,0,TypeScript,2021-2023,1.0,0.5,0.0,1.5,0
7,5,1,0,3,2,2,0,2,1.0,0,TypeScript,2021-2023,1.0,1.0,0.0,0.33,0
17,0,0,0,7,3,1,0,1,3.0,0,TypeScript,2021-2023,1.0,1.75,0.0,1.5,0
18,0,0,0,4,14,2,0,2,5.5,0,TypeScript,2021-2023,1.0,0.27,0.0,1.83,0
19,0,0,0,10,31,1,0,1,4.0,0,TypeScript,2021-2023,1.0,0.31,0.0,2.0,0
22,0,0,1,1551,288,61,1,113,6.43,0,TypeScript,2021-2023,1.0,5.37,0.02,0.1,0
22,0,0,1,3160,340,74,0,114,3.87,0,TypeScript,2021-2023,1.0,9.27,0.0,0.05,0
22,0,0,1,5,5,3,0,1,9.0,0,TypeScript,2021-2023,1.0,0.83,0.0,2.25,0
23,0,0,1,1,5,2,0,4,5.0,0,TypeScript,2021-2023,1.0,0.17,0.0,1.67,0
15,1,0,0,99,3,6,2,6,1.67,0,TypeScript,2021-2023,1.0,24.75,0.29,0.24,0
10,2,0,0,20,75,1,0,0,0.0,0,TypeScript,2021-2023,1.0,0.26,0.0,0.0,0
15,2,0,0,1,1,1,0,1,5.0,0,TypeScript,2021-2023,1.0,0.5,0.0,2.5,0
17,2,0,0,44,134,3,0,0,0.0,0,TypeScript,2021-2023,1.0,0.33,0.0,0.0,0
19,2,0,0,27,27,6,0,0,0.0,0,TypeScript,2021-2023,1.0,0.96,0.0,0.0,0
19,2,0,0,4,0,1,0,0,0.0,0,TypeScript,2021-2023,1.0,4.0,0.0,0.0,0
20,2,0,0,18,5,2,0,0,0.0,0,TypeScript,2021-2023,1.0,3.0,0.0,0.0,0
9,3,0,0,48,5,6,0,0,0.0,0,TypeScript,2021-2023,1.0,8.0,0.0,0.0,0
11,3,0,0,40,7,7,0,15,1.53,0,TypeScript,2021-2023,1.0,5.0,0.0,0.19,0
11,3,0,0,0,90,6,0,3,2.33,0,TypeScript,2021-2023,1.0,0.0,0.0,0.33,0
15,3,0,0,3,0,3,0,0,0.0,0,TypeScript,2021-2023,1.0,3.0,0.0,0.0,0
15,3,0,0,4,4,5,0,0,0.0,0,TypeScript,2021-2023,1.0,0.8,0.0,0.0,0
9,4,0,0,181,574,3,0,3,2.33,0,TypeScript,2021-2023,1.0,0.31,0.0,0.58,0
14,4,0,0,5,4,1,0,1,2.0,0,TypeScript,2021-2023,1.0,1.0,0.0,1.0,0
16,4,0,0,24,2,2,0,0,0.0,0,TypeScript,2021-2023,1.0,8.0,0.0,0.0,0
22,4,0,1,1903,168,44,2,104,5.56,0,TypeScript,2021-2023,1.0,11.26,0.04,0.12,0
0,5,1,1,235,150,5,0,0,0.0,0,TypeScript,2021-2023,1.0,1.56,0.0,0.0,0
0,5,1,1,1,1,1,0,0,0.0,0,TypeScript,2021-2023,1.0,0.5,0.0,0.0,0
11,5,1,0,2753,463,80,2,78,5.32,0,TypeScript,2021-2023,1.0,5.93,0.02,0.07,0
17,5,1,0,1,1,1,0,1,7.0,0,TypeScript,2021-2023,1.0,0.5,0.0,3.5,0
15,6,1,0,1,1,1,1,1,11.0,0,TypeScript,2021-2023,1.0,0.5,0.5,5.5,0
11,0,0,0,5,5,5,0,5,25.4,0,TypeScript,2021-2023,1.0,0.83,0.0,4.23,0
15,0,0,0,33,2,4,0,4,1.25,0,TypeScript,2021-2023,1.0,11.0,0.0,0.25,0
15,0,0,0,4,1,2,0,3,10.67,0,TypeScript,2021-2023,1.0,2.0,0.0,3.56,0
17,0,0,0,315,58,11,1,35,1.71,0,TypeScript,2021-2023,1.0,5.34,0.08,0.14,0
11,1,0,0,6,2,1,0,0,0.0,0,TypeScript,2021-2023,1.0,2.0,0.0,0.0,0
11,1,0,0,9,2,2,0,2,5.0,0,TypeScript,2021-2023,1.0,3.0,0.0,1.67,0
13,1,0,0,267,106,15,0,28,8.79,0,TypeScript,2021-2023,1.0,2.5,0.0,0.55,0
13,1,0,0,2,2,2,0,1,1.0,0,TypeScript,2021-2023,1.0,0.67,0.0,0.33,0
13,1,0,0,9,4,2,0,2,23.5,0,TypeScript,2021-2023,1.0,1.8,0.0,7.83,0
15,1,0,0,78,10,18,0,3,20.33,0,TypeScript,2021-2023,1.0,7.09,0.0,1.07,0
15,1,0,0,11,6,1,0,1,3.0,0,TypeScript,2021-2023,1.0,1.57,0.0,1.5,0
15,1,0,0,5,5,3,0,1,9.0,0,TypeScript,2021-2023,1.0,0.83,0.0,2.25,0
16,1,0,0,4,5,1,0,2,2.5,0,TypeScript,2021-2023,1.0,0.67,0.0,1.25,0
17,1,0,0,2,1,2,0,2,10.0,0,TypeScript,2021-2023,1.0,1.0,0.0,3.33,0
17,1,0,0,2,2,1,0,0,0.0,0,TypeScript,2021-2023,1.0,0.67,0.0,0.0,0
17,1,0,0,5,9,3,0,0,0.0,0,TypeScript,2021-2023,1.0,0.5,0.0,0.0,0
20,1,0,0,2,32,4,0,4,1.25,0,TypeScript,2021-2023,1.0,0.06,0.0,0.25,0
1,2,0,1,45,13,5,1,5,2.2,0,TypeScript,2021-2023,1.0,3.21,0.17,0.37,0
1,2,0,1,3,3,1,0,0,0.0,0,TypeScript,2021-2023,1.0,0.75,0.0,0.0,0
14,2,0,0,53,60,1,0,1,4.0,0,TypeScript,2021-2023,1.0,0.87,0.0,2.0,0
15,2,0,0,9,5,2,0,4,12.5,0,TypeScript,2021-2023,1.0,1.5,0.0,4.17,0
16,2,0,0,11,10,5,0,4,4.0,0,TypeScript,2021-2023,1.0,1.0,0.0,0.67,0
16,2,0,0,22,19,1,0,5,8.8,0,TypeScript,2021-2023,1.0,1.1,0.0,4.4,0
17,2,0,0,2,2,1,0,1,11.0,0,TypeScript,2021-2023,1.0,0.67,0.0,5.5,0
18,2,0,0,15,8,4,1,7,11.29,0,TypeScript,2021-2023,1.0,1.67,0.2,2.26,0
19,2,0,0,3,3,1,0,0,0.0,0,TypeScript,2021-2023,1.0,0.75,0.0,0.0,0
10,3,0,0,2,0,1,0,1,13.0,0,TypeScript,2021-2023,1.0,2.0,0.0,6.5,0
3,5,1,1,215,6,9,2,15,2.2,0,TypeScript,2021-2023,1.0,30.71,0.2,0.22,0
15,5,1,0,75,33,2,0,9,2.44,0,TypeScript,2021-2023,1.0,2.21,0.0,0.81,0
16,5,1,0,4,4,1,0,1,11.0,0,TypeScript,2021-2023,1.0,0.8,0.0,5.5,0
16,5,1,0,7,2,1,1,1,1.0,0,TypeScript,2021-2023,1.0,2.33,0.5,0.5,0
16,5,1,0,13,5,3,0,2,8.0,0,TypeScript,2021-2023,1.0,2.17,0.0,2.0,0
16,5,1,0,5,5,3,0,1,9.0,0,TypeScript,2021-2023,1.0,0.83,0.0,2.25,0
20,5,1,0,1,0,1,0,1,1.0,0,TypeScript,2021-2023,1.0,1.0,0.0,0.5,0
11,0,0,0,767,484,89,0,96,7.97,0,TypeScript,2021-2023,1.0,1.58,0.0,0.09,0
14,0,0,0,2,0,1,0,0,0.0,0,TypeScript,2021-2023,1.0,2.0,0.0,0.0,0
15,0,0,0,19,19,8,1,7,16.86,0,TypeScript,2021-2023,1.0,0.95,0.11,1.87,0
15,0,0,0,6,6,4,0,2,47.0,0,TypeScript,2021-2023,1.0,0.86,0.0,9.4,0
17,0,0,0,256,256,18,2,0,0.0,0,TypeScript,2021-2023,1.0,1.0,0.11,0.0,0
17,0,0,0,2,2,2,0,1,28.0,0,TypeScript,2021-2023,1.0,0.67,0.0,9.33,0
19,0,0,0,16,1,4,0,0,0.0,0,TypeScript,2021-2023,1.0,8.0,0.0,0.0,0
19,0,0,0,2,2,1,0,0,0.0,0,TypeScript,2021-2023,1.0,0.67,0.0,0.0,0
21,0,0,0,40,12,6,4,5,2.0,0,TypeScript,2021-2023,1.0,3.08,0.57,0.29,0
11,1,0,0,1392,1535,16,2,20,1.0,0,TypeScript,2021-2023,1.0,0.91,0.12,0.06,0
11,1,0,0,29,13,7,2,3,1.0,0,TypeScript,2021-2023,1.0,2.07,0.25,0.12,0
15,1,0,0,1,1,1,0,0,0.0,0,TypeScript,2021-2023,1.0,0.5,0.0,0.0,0
15,1,0,0,22,110,4,0,9,2.33,0,TypeScript,2021-2023,1.0,0.2,0.0,0.47,0
17,1,0,0,8650,8190,5,2,2,1.5,0,TypeScript,2021-2023,1.0,1.06,0.33,0.25,0
19,1,0,0,27,21,4,0,0,0.0,0,TypeScript,2021-2023,1.0,1.23,0.0,0.0,0
20,1,0,0,17,22,2,0,1,9.0,0,TypeScript,2021-2023,1.0,0.74,0.0,3.0,0
20,1,0,0,42,49,11,0,10,5.2,0,TypeScript,2021-2023,1.0,0.84,0.0,0.43,0
20,1,0,0,4,5,1,0,1,6.0,0,TypeScript,2021-2023,1.0,0.67,0.0,3.0,0
21,1,0,0,5,2,1,0,0,0.0,0,TypeScript,2021-2023,1.0,1.67,0.0,0.0,0
3,2,0,1,1,1,1,0,0,0.0,0,TypeScript,2021-2023,1.0,0.5,0.0,0.0,0
11,2,0,0,1,1,1,0,1,2.0,0,TypeScript,2021-2023,1.0,0.5,0.0,1.0,0
12,2,0,0,27,76,2,0,7,4.86,0,TypeScript,2021-2023,1.0,0.35,0.0,1.62,0
13,2,0,0,0,26,2,0,0,0.0,0,TypeScript,2021-2023,1.0,0.0,0.0,0.0,0
14,2,0,0,662,4,22,2,30,2.3,0,TypeScript,2021-2023,1.0,132.4,0.09,0.1,0
14,2,0,0,5,1,2,0,1,2.0,0,TypeScript,2021-2023,1.0,2.5,0.0,0.67,0
17,2,0,0,392,825,225,1,93,5.1,0,TypeScript,2021-2023,1.0,0.47,0.0,0.02,0
19,2,0,0,90,30,2,0,5,5.0,0,TypeScript,2021-2023,1.0,2.9,0.0,1.67,0
20,2,0,0,90,56,3,2,1,5.0,0,TypeScript,2021-2023,1.0,1.58,0.5,1.25,1
9,3,0,0,76,5,5,1,8,1.5,1,TypeScript,2021-2023,0.8,12.67,0.17,0.25,0
9,3,0,0,37,37,2,0,0,0.0,0,TypeScript,2021-2023,1.0,0.97,0.0,0.0,0
9,3,0,0,11,1,2,1,3,5.0,0,TypeScript,2021-2023,1.0,5.5,0.33,1.67,1
11,3,0,0,32,15,5,1,5,3.2,0,TypeScript,2021-2023,1.0,2.0,0.17,0.53,0
13,3,0,0,16,12,7,1,4,1.0,0,TypeScript,2021-2023,1.0,1.23,0.12,0.12,0
14,3,0,0,4,8,2,0,0,0.0,0,TypeScript,2021-2023,1.0,0.44,0.0,0.0,1
15,3,0,0,29,0,2,1,0,0.0,0,TypeScript,2021-2023,1.0,29.0,0.33,0.0,0
15,3,0,0,24,71,3,0,0,0.0,0,TypeScript,2021-2023,1.0,0.33,0.0,0.0,0
16,3,0,0,1,1,1,0,1,1.0,0,TypeScript,2021-2023,1.0,0.5,0.0,0.5,0
17,3,0,0,185,37,15,0,4,2.25,0,TypeScript,2021-2023,1.0,4.87,0.0,0.14,0
17,3,0,0,16,3,6,2,2,1.0,0,TypeScript,2021-2023,1.0,4.0,0.29,0.14,0
18,3,0,0,9,2,2,0,2,9.0,0,TypeScript,2021-2023,1.0,3.0,0.0,3.0,1
20,3,0,0,2,178,7,0,4,1.75,0,TypeScript,2021-2023,1.0,0.01,0.0,0.22,0
22,3,0,1,14,6,2,0,2,6.0,0,TypeScript,2021-2023,1.0,2.0,0.0,2.0,0
23,3,0,1,24,12,1,0,0,0.0,0,TypeScript,2021-2023,1.0,1.85,0.0,0.0,1
9,4,0,0,2,0,1,0,1,2.0,0,TypeScript,2021-2023,1.0,2.0,0.0,1.0,0
10,4,0,0,89,5,4,0,7,4.43,0,TypeScript,2021-2023,1.0,14.83,0.0,0.89,0
10,4,0,0,1,1,1,0,0,0.0,0,TypeScript,2021-2023,1.0,0.5,0.0,0.0,0
12,4,0,0,13,11,1,0,0,0.0,0,TypeScript,2021-2023,1.0,1.08,0.0,0.0,0
13,4,0,0,10,10,2,0,0,0.0,0,TypeScript,2021-2023,1.0,0.91,0.0,0.0,0
14,4,0,0,3,3,1,0,0,0.0,0,TypeScript,2021-2023,1.0,0.75,0.0,0.0,0
14,4,0,0,249,71,8,3,21,1.71,0,TypeScript,2021-2023,1.0,3.46,0.33,0.19,0
16,4,0,0,14,4,3,0,0,0.0,0,TypeScript,2021-2023,1.0,2.8,0.0,0.0,0
16,4,0,0,135,1,2,0,0,0.0,0,TypeScript,2021-2023,1.0,67.5,0.0,0.0,0
16,4,0,0,84,72,6,4,2,8.5,0,TypeScript,2021-2023,1.0,1.15,0.57,1.21,0
16,4,0,0,109,71,3,0,11,3.73,0,TypeScript,2021-2023,1.0,1.51,0.0,0.93,0
17,4,0,0,3,3,2,1,0,0.0,0,TypeScript,2021-2023,1.0,0.75,0.33,0.0,0
17,4,0,0,16,15,3,0,3,2.33,0,TypeScript,2021-2023,1.0,1.0,0.0,0.58,0
23,4,0,1,1,1,1,0,2,3.0,0,TypeScript,2021-2023,1.0,0.5,0.0,1.5,0
23,4,0,1,119,22,8,3,9,1.56,0,TypeScript,2021-2023,1.0,5.17,0.33,0.17,1
14,5,1,0,2,2,1,0,0,0.0,0,TypeScript,2021-2023,1.0,0.67,0.0,0.0,0
8,6,1,0,5,3,2,0,0,0.0,0,TypeScript,2021-2023,1.0,1.25,0.0,0.0,0
19,6,1,0,11,15,1,0,1,10.0,0,TypeScript,2021-2023,1.0,0.69,0.0,5.0,0
20,6,1,0,9,9,1,0,0,0.0,0,TypeScript,2021-2023,1.0,0.9,0.0,0.0,1
20,6,1,0,3,3,1,0,0,0.0,0,TypeScript,2021-2023,1.0,0.75,0.0,0.0,1
20,6,1,0,29,29,13,0,57,3.98,0,TypeScript,2021-2023,1.0,0.97,0.0,0.28,0
20,6,1,0,182,2,7,0,9,5.33,0,TypeScript,2021-2023,1.0,60.67,0.0,0.67,0
22,6,1,1,2919,266,73,0,61,4.75,0,TypeScript,2021-2023,1.0,10.93,0.0,0.06,0
8,0,0,0,2,2,2,0,0,0.0,0,TypeScript,2021-2023,1.0,0.67,0.0,0.0,0
9,0,0,0,8,28,4,0,3,1.0,0,TypeScript,2021-2023,1.0,0.28,0.0,0.2,0
10,0,0,0,273,82,12,2,22,4.0,0,TypeScript,2021-2023,1.0,3.29,0.15,0.31,0
10,0,0,0,111,67,21,3,41,2.78,0,TypeScript,2021-2023,1.0,1.63,0.14,0.13,0
10,0,0,0,3,2,1,0,1,1.0,0,TypeScript,2021-2023,1.0,1.0,0.0,0.5,0
10,0,0,0,16,9,4,0,2,6.5,0,TypeScript,2021-2023,1.0,1.6,0.0,1.3,0
13,0,0,0,11,12,4,2,4,9.5,0,TypeScript,2021-2023,1.0,0.85,0.4,1.9,0
14,0,0,0,1,1,1,0,0,0.0,0,TypeScript,2021-2023,1.0,0.5,0.0,0.0,0
15,0,0,0,36,18,6,0,11,2.09,0,TypeScript,2021-2023,1.0,1.89,0.0,0.3,0
15,0,0,0,37,50,1,0,0,0.0,0,TypeScript,2021-2023,1.0,0.73,0.0,0.0,0
16,0,0,0,40,1,3,0,0,0.0,0,TypeScript,2021-2023,1.0,20.0,0.0,0.0,0
16,0,0,0,1,1,1,0,0,0.0,0,TypeScript,2021-2023,1.0,0.5,0.0,0.0,0
17,0,0,0,18,371,5,0,0,0.0,0,TypeScript,2021-2023,1.0,0.05,0.0,0.0,0
18,0,0,0,17,5,3,0,6,3.67,0,TypeScript,2021-2023,1.0,2.83,0.0,0.92,0
19,0,0,0,1,0,1,0,0,0.0,0,TypeScript,2021-2023,1.0,1.0,0.0,0.0,0
20,0,0,0,50,20,6,1,5,1.4,0,TypeScript,2021-2023,1.0,2.38,0.14,0.2,0
20,0,0,0,1,1,1,0,1,1.0,0,TypeScript,2021-2023,1.0,0.5,0.0,0.5,0
20,0,0,0,15,1,3,0,0,0.0,0,TypeScript,2021-2023,1.0,7.5,0.0,0.0,0
10,1,0,0,113,55,6,2,6,1.17,0,TypeScript,2021-2023,1.0,2.02,0.29,0.17,0
10,1,0,0,9,11,1,0,0,0.0,0,TypeScript,2021-2023,1.0,0.75,0.0,0.0,0
10,1,0,0,1,1,1,0,0,0.0,0,TypeScript,2021-2023,1.0,0.5,0.0,0.0,0
10,1,0,0,9,1,2,0,1,7.0,0,TypeScript,2021-2023,1.0,4.5,0.0,2.33,0
10,1,0,0,8,1,1,0,1,4.0,0,TypeScript,2021-2023,1.0,4.0,0.0,2.0,0
11,1,0,0,164,86,33,1,38,6.37,0,TypeScript,2021-2023,1.0,1.89,0.03,0.19,0
11,1,0,0,7,1,2,1,2,4.5,0,TypeScript,2021-2023,1.0,3.5,0.33,1.5,0
11,1,0,0,6,1,1,0,0,0.0,0,TypeScript,2021-2023,1.0,3.0,0.0,0.0,0
12,1,0,0,0,4,1,0,0,0.0,0,TypeScript,2021-2023,1.0,0.0,0.0,0.0,0
15,1,0,0,24,23,8,0,7,2.29,0,TypeScript,2021-2023,1.0,1.0,0.0,0.25,0
15,1,0,0,64,34,12,0,19,5.05,0,TypeScript,2021-2023,1.0,1.83,0.0,0.39,0
16,1,0,0,15,11,1,0,2,1.5,0,TypeScript,2021-2023,1.0,1.25,0.0,0.75,0
16,1,0,0,6,6,1,0,2,3.0,0,TypeScript,2021-2023,1.0,0.86,0.0,1.5,0
16,1,0,0,4,42,7,0,8,4.25,0,TypeScript,2021-2023,1.0,0.09,0.0,0.53,0
16,1,0,0,86,81,12,0,14,6.86,0,TypeScript,2021-2023,1.0,1.05,0.0,0.53,0
17,1,0,0,1,2,2,0,1,6.0,0,TypeScript,2021-2023,1.0,0.33,0.0,2.0,0
22,1,0,1,1,0,1,0,0,0.0,0,TypeScript,2021-2023,1.0,1.0,0.0,0.0,0
9,2,0,0,1,1,1,0,0,0.0,0,TypeScript,2021-2023,1.0,0.5,0.0,0.0,0
10,2,0,0,55,1,2,1,2,3.5,0,TypeScript,2021-2023,1.0,27.5,0.33,1.17,0
12,2,0,0,42,10,11,0,0,0.0,0,TypeScript,2021-2023,1.0,3.82,0.0,0.0,0
12,2,0,0,133,28,7,1,14,6.79,0,TypeScript,2021-2023,1.0,4.59,0.12,0.85,0
14,2,0,0,51,10,5,0,9,1.89,0,TypeScript,2021-2023,1.0,4.64,0.0,0.32,0
17,2,0,0,2,2,2,0,0,0.0,0,TypeScript,2021-2023,1.0,0.67,0.0,0.0,0
17,2,0,0,287,241,46,0,62,6.21,0,TypeScript,2021-2023,1.0,1.19,0.0,0.13,0
17,2,0,0,15,9,5,0,0,0.0,0,TypeScript,2021-2023,1.0,1.5,0.0,0.0,0
17,2,0,0,81,13,3,0,0,0.0,0,TypeScript,2021-2023,1.0,5.79,0.0,0.0,0
19,2,0,0,2,2,2,0,0,0.0,0,TypeScript,2021-2023,1.0,0.67,0.0,0.0,0
20,2,0,0,3,3,2,1,0,0.0,0,TypeScript,2021-2023,1.0,0.75,0.33,0.0,0
9,3,0,0,82,24,1,1,1,1.0,0,TypeScript,2021-2023,1.0,3.28,0.5,0.5,0
9,3,0,0,2,1,2,1,1,1.0,0,TypeScript,2021-2023,1.0,1.0,0.33,0.33,0
9,3,0,0,2,1,1,0,1,6.0,0,TypeScript,2021-2023,1.0,1.0,0.0,3.0,0
9,3,0,0,4,4,2,0,2,1.0,0,TypeScript,2021-2023,1.0,0.8,0.0,0.33,0
10,3,0,0,21,1,2,0,3,7.0,0,TypeScript,2021-2023,1.0,10.5,0.0,2.33,0
10,3,0,0,115,36,4,2,7,2.14,0,TypeScript,2021-2023,1.0,3.11,0.4,0.43,0
10,3,0,0,3,2,1,0,2,8.0,0,TypeScript,2021-2023,1.0,1.0,0.0,4.0,0
10,3,0,0,37,19,3,1,7,3.0,0,TypeScript,2021-2023,1.0,1.85,0.25,0.75,0
11,3,0,0,41,13,2,1,3,5.33,0,TypeScript,2021-2023,1.0,2.93,0.33,1.78,0
13,3,0,0,213,576,6,0,4,2.25,0,TypeScript,2021-2023,1.0,0.37,0.0,0.32,0
13,3,0,0,9,8,2,0,2,3.5,0,TypeScript,2021-2023,1.0,1.0,0.0,1.17,0
14,3,0,0,0,1,1,0,1,1.0,0,TypeScript,2021-2023,1.0,0.0,0.0,0.5,0
14,3,0,0,2,0,2,0,0,0.0,0,TypeScript,2021-2023,1.0,2.0,0.0,0.0,0
15,3,0,0,1,1,1,0,0,0.0,0,TypeScript,2021-2023,1.0,0.5,0.0,0.0,0
16,3,0,0,20,0,2,0,5,1.0,0,TypeScript,2021-2023,1.0,20.0,0.0,0.33,0
16,3,0,0,6,1,1,0,1,5.0,0,TypeScript,2021-2023,1.0,3.0,0.0,2.5,0
16,3,0,0,2,0,1,0,1,3.0,0,TypeScript,2021-2023,1.0,2.0,0.0,1.5,0
16,3,0,0,52,2,4,1,4,2.5,0,TypeScript,2021-2023,1.0,17.33,0.2,0.5,0
16,3,0,0,139,34,5,0,4,3.25,0,TypeScript,2021-2023,1.0,3.97,0.0,0.54,0
16,3,0,0,42,49,21,0,26,7.65,0,TypeScript,2021-2023,1.0,0.84,0.0,0.35,0
17,3,0,0,12,5,1,1,5,1.8,0,TypeScript,2021-2023,1.0,2.0,0.5,0.9,0
17,3,0,0,26,10,2,0,6,1.83,0,TypeScript,2021-2023,1.0,2.36,0.0,0.61,0
17,3,0,0,188,147,4,2,9,2.78,0,TypeScript,2021-2023,1.0,1.27,0.4,0.56,0
17,3,0,0,1,1,2,0,0,0.0,0,TypeScript,2021-2023,1.0,0.5,0.0,0.0,0
19,3,0,0,15,4,3,0,4,3.5,0,TypeScript,2021-2023,1.0,3.0,0.0,0.88,0
19,3,0,0,26,9,4,0,2,1.0,0,TypeScript,2021-2023,1.0,2.6,0.0,0.2,0
9,4,0,0,3,2,1,0,1,8.0,0,TypeScript,2021-2023,1.0,1.0,0.0,4.0,0
11,4,0,0,1,1,1,0,1,3.0,0,TypeScript,2021-2023,1.0,0.5,0.0,1.5,0
11,4,0,0,109,168,1,1,5,1.0,0,TypeScript,2021-2023,1.0,0.64,0.5,0.5,0
11,4,0,0,25,8,4,0,3,6.0,0,TypeScript,2021-2023,1.0,2.78,0.0,1.2,0
11,4,0,0,4353,74,78,8,44,2.95,0,TypeScript,2021-2023,1.0,58.04,0.1,0.04,0
12,4,0,0,80,21,12,0,15,4.47,0,TypeScript,2021-2023,1.0,3.64,0.0,0.34,0
12,4,0,0,0,8,1,0,1,2.0,0,TypeScript,2021-2023,1.0,0.0,0.0,1.0,0
12,4,0,0,364,71,26,2,39,2.38,0,TypeScript,2021-2023,1.0,5.06,0.07,0.09,0
13,4,0,0,6,6,3,0,1,9.0,0,TypeScript,2021-2023,1.0,0.86,0.0,2.25,0
13,4,0,0,4,2,1,0,1,10.0,0,TypeScript,2021-2023,1.0,1.33,0.0,5.0,0
13,4,0,0,1239,440,32,0,32,5.91,0,TypeScript,2021-2023,1.0,2.81,0.0,0.18,0
13,4,0,0,79,63,3,1,2,1.0,0,TypeScript,2021-2023,1.0,1.23,0.25,0.25,0
13,4,0,0,4,1,1,0,1,3.0,0,TypeScript,2021-2023,1.0,2.0,0.0,1.5,0
13,4,0,0,22,18,1,0,2,4.0,0,TypeScript,2021-2023,1.0,1.16,0.0,2.0,0
14,4,0,0,3,3,2,0,0,0.0,0,TypeScript,2021-2023,1.0,0.75,0.0,0.0,0
16,4,0,0,42,14,2,1,4,2.25,0,TypeScript,2021-2023,1.0,2.8,0.33,0.75,0
16,4,0,0,1012,972,20,0,46,9.2,0,TypeScript,2021-2023,1.0,1.04,0.0,0.44,0
17,4,0,0,6,1,1,0,1,5.0,0,TypeScript,2021-2023,1.0,3.0,0.0,2.5,0
17,4,0,0,3,1,2,0,0,0.0,0,TypeScript,2021-2023,1.0,1.5,0.0,0.0,0
20,4,0,0,320,198,7,2,2,1.0,0,TypeScript,2021-2023,1.0,1.61,0.25,0.12,0
20,4,0,0,1,1,1,0,0,0.0,0,TypeScript,2021-2023,1.0,0.5,0.0,0.0,0
20,4,0,0,1,1,1,0,0,0.0,0,TypeScript,2021-2023,1.0,0.5,0.0,0.0,1
6,5,1,0,1,1,1,0,0,0.0,0,TypeScript,2021-2023,1.0,0.5,0.0,0.0,0
7,5,1,0,27,30,12,4,8,3.25,0,TypeScript,2021-2023,1.0,0.87,0.31,0.25,0
7,5,1,0,36,0,2,1,2,1.0,0,TypeScript,2021-2023,1.0,36.0,0.33,0.33,0
7,5,1,0,70,79,3,1,10,1.0,0,TypeScript,2021-2023,1.0,0.88,0.25,0.25,0
12,5,1,0,0,7,2,1,0,0.0,0,TypeScript,2021-2023,1.0,0.0,0.33,0.0,0
13,5,1,0,28,40,3,0,8,3.0,0,TypeScript,2021-2023,1.0,0.68,0.0,0.75,0
15,5,1,0,6,0,1,1,1,1.0,0,TypeScript,2021-2023,1.0,6.0,0.5,0.5,0
16,5,1,0,2,2,2,0,0,0.0,0,TypeScript,2021-2023,1.0,0.67,0.0,0.0,0
18,5,1,0,3,3,3,2,1,1.0,0,TypeScript,2021-2023,1.0,0.75,0.5,0.25,0
19,5,1,0,135,146,12,1,18,1.44,0,TypeScript,2021-2023,1.0,0.92,0.08,0.11,0
19,5,1,0,2,2,1,0,0,0.0,0,TypeScript,2021-2023,1.0,0.67,0.0,0.0,0
21,5,1,0,565,14,12,0,11,3.36,0,TypeScript,2021-2023,1.0,37.67,0.0,0.26,0
23,5,1,1,3,3,3,0,3,6.0,0,TypeScript,2021-2023,1.0,0.75,0.0,1.5,0
23,5,1,1,5,6,3,0,0,0.0,0,TypeScript,2021-2023,1.0,0.71,0.0,0.0,0
7,6,1,0,1,1,1,0,0,0.0,0,TypeScript,2021-2023,1.0,0.5,0.0,0.0,0
8,6,1,0,12,0,1,0,0,0.0,0,TypeScript,2021-2023,1.0,12.0,0.0,0.0,0
11,6,1,0,1,1,1,0,0,0.0,0,TypeScript,2021-2023,1.0,0.5,0.0,0.0,0
11,6,1,0,1,1,1,0,0,0.0,0,TypeScript,2021-2023,1.0,0.5,0.0,0.0,0
11,6,1,0,1,4,2,0,0,0.0,0,TypeScript,2021-2023,1.0,0.2,0.0,0.0,0
12,6,1,0,3,0,1,0,0,0.0,0,TypeScript,2021-2023,1.0,3.0,0.0,0.0,0
13,6,1,0,3,3,3,0,0,0.0,0,TypeScript,2021-2023,1.0,0.75,0.0,0.0,0
13,6,1,0,1,1,1,0,0,0.0,0,TypeScript,2021-2023,1.0,0.5,0.0,0.0,0
15,6,1,0,7,4,2,0,2,4.0,0,TypeScript,2021-2023,1.0,1.4,0.0,1.33,0
16,6,1,0,6,3,1,0,0,0.0,0,TypeScript,2021-2023,1.0,1.5,0.0,0.0,0
19,6,1,0,10,6,2,1,5,2.2,0,TypeScript,2021-2023,1.0,1.43,0.33,0.73,0
21,6,1,0,45,49,1,1,8,1.0,0,TypeScript,2021-2023,1.0,0.9,0.5,0.5,0
23,6,1,1,66,22,4,0,3,6.67,0,TypeScript,2021-2023,1.0,2.87,0.0,1.33,0
0,0,0,1,11,0,2,1,1,1.0,0,TypeScript,2021-2023,1.0,11.0,0.33,0.33,0
4,0,0,1,1,5,2,1,0,0.0,0,TypeScript,2021-2023,1.0,0.17,0.33,0.0,0
4,0,0,1,0,4,2,1,0,0.0,0,TypeScript,2021-2023,1.0,0.0,0.33,0.0,0
4,0,0,1,0,4,2,1,0,0.0,0,TypeScript,2021-2023,1.0,0.0,0.33,0.0,0
4,0,0,1,1,6,2,1,1,1.0,0,TypeScript,2021-2023,1.0,0.14,0.33,0.33,0
4,0,0,1,1,3,2,1,0,0.0,0,TypeScript,2021-2023,1.0,0.25,0.33,0.0,0
6,0,0,0,7,0,2,1,0,0.0,0,TypeScript,2021-2023,1.0,7.0,0.33,0.0,0
8,0,0,0,19,6,1,0,0,0.0,0,TypeScript,2021-2023,1.0,2.71,0.0,0.0,0
9,0,0,0,76,4,2,1,3,1.0,0,TypeScript,2021-2023,1.0,15.2,0.33,0.33,0
9,0,0,0,1,0,1,0,0,0.0,0,TypeScript,2021-2023,1.0,1.0,0.0,0.0,0
9,0,0,0,8,1,3,0,1,6.0,0,TypeScript,2021-2023,1.0,4.0,0.0,1.5,0
9,0,0,0,62,5,2,1,1,1.0,0,TypeScript,2021-2023,1.0,10.33,0.33,0.33,0
10,0,0,0,3,0,1,0,1,4.0,0,TypeScript,2021-2023,1.0,3.0,0.0,2.0,0
10,0,0,0,10,10,10,0,0,0.0,0,TypeScript,2021-2023,1.0,0.91,0.0,0.0,0
10,0,0,0,4,5,2,0,2,1.0,0,TypeScript,2021-2023,1.0,0.67,0.0,0.33,0
10,0,0,0,122,51,14,4,8,3.38,0,TypeScript,2021-2023,1.0,2.35,0.27,0.23,0
11,0,0,0,8,2,1,0,2,1.5,0,TypeScript,2021-2023,1.0,2.67,0.0,0.75,0
11,0,0,0,2,2,1,0,0,0.0,0,TypeScript,2021-2023,1.0,0.67,0.0,0.0,0
11,0,0,0,39,78,2,0,0,0.0,0,TypeScript,2021-2023,1.0,0.49,0.0,0.0,0
12,0,0,0,4,9,4,0,0,0.0,0,TypeScript,2021-2023,1.0,0.4,0.0,0.0,1
12,0,0,0,372,317,15,2,15,1.13,0,TypeScript,2021-2023,1.0,1.17,0.12,0.07,1
12,0,0,0,0,4,1,0,0,0.0,0,TypeScript,2021-2023,1.0,0.0,0.0,0.0,0
12,0,0,0,140,68,5,1,11,2.55,0,TypeScript,2021-2023,1.0,2.03,0.17,0.42,0
13,0,0,0,26,2,1,0,0,0.0,0,TypeScript,2021-2023,1.0,8.67,0.0,0.0,0
13,0,0,0,2,4,2,1,0,0.0,0,TypeScript,2021-2023,1.0,0.4,0.33,0.0,0
13,0,0,0,6,6,5,0,1,5.0,0,TypeScript,2021-2023,1.0,0.86,0.0,0.83,0
13,0,0,0,52,31,6,1,15,3.93,0,TypeScript,2021-2023,1.0,1.62,0.14,0.56,0
14,0,0,0,2,1,1,0,0,0.0,0,TypeScript,2021-2023,1.0,1.0,0.0,0.0,0
14,0,0,0,576,550,14,3,8,4.62,0,TypeScript,2021-2023,1.0,1.05,0.2,0.31,0
15,0,0,0,48,0,5,1,4,3.0,0,TypeScript,2021-2023,1.0,48.0,0.17,0.5,0
15,0,0,0,203,178,12,3,2,1.0,0,TypeScript,2021-2023,1.0,1.13,0.23,0.08,0
15,0,0,0,14,2,3,0,3,17.67,0,TypeScript,2021-2023,1.0,4.67,0.0,4.42,0
15,0,0,0,2,2,1,0,1,4.0,0,TypeScript,2021-2023,1.0,0.67,0.0,2.0,0
16,0,0,0,7,2,2,0,2,7.0,0,TypeScript,2021-2023,1.0,2.33,0.0,2.33,0
16,0,0,0,3,16,2,0,5,7.4,0,TypeScript,2021-2023,1.0,0.18,0.0,2.47,0
17,0,0,0,1,1,1,0,2,4.0,0,TypeScript,2021-2023,1.0,0.5,0.0,2.0,0
17,0,0,0,107,19,6,0,4,7.5,0,TypeScript,2021-2023,1.0,5.35,0.0,1.07,0
17,0,0,0,95,12,4,1,4,3.0,0,TypeScript,2021-2023,1.0,7.31,0.2,0.6,0
18,0,0,0,374,0,6,1,15,1.07,0,TypeScript,2021-2023,1.0,374.0,0.14,0.15,0
18,0,0,0,206,98,18,5,30,4.1,0,TypeScript,2021-2023,1.0,2.08,0.26,0.22,0
19,0,0,0,30,2,3,0,0,0.0,0,TypeScript,2021-2023,1.0,10.0,0.0,0.0,1
20,0,0,0,89,87,9,0,30,1.6,0,TypeScript,2021-2023,1.0,1.01,0.0,0.16,0
22,0,0,1,1,1,1,0,0,0.0,0,TypeScript,2021-2023,1.0,0.5,0.0,0.0,1
23,0,0,1,36,4,5,0,0,0.0,0,TypeScript,2021-2023,1.0,7.2,0.0,0.0,0
7,1,0,0,7,1,3,1,1,1.0,0,TypeScript,2021-2023,1.0,3.5,0.25,0.25,0
9,1,0,0,2,6,4,2,0,0.0,0,TypeScript,2021-2023,1.0,0.29,0.4,0.0,0
10,1,0,0,176,214,2,1,0,0.0,0,TypeScript,2021-2023,1.0,0.82,0.33,0.0,0
10,1,0,0,5,12,1,0,0,0.0,0,TypeScript,2021-2023,1.0,0.38,0.0,0.0,0
10,1,0,0,32,20,2,0,0,0.0,0,TypeScript,2021-2023,1.0,1.52,0.0,0.0,0
10,1,0,0,1,1,1,0,0,0.0,0,TypeScript,2021-2023,1.0,0.5,0.0,0.0,0
10,1,0,0,26,64,6,3,0,0.0,0,TypeScript,2021-2023,1.0,0.4,0.43,0.0,0
10,1,0,0,0,7,2,1,0,0.0,0,TypeScript,2021-2023,1.0,0.0,0.33,0.0,0
10,1,0,0,0,7,2,1,0,0.0,0,TypeScript,2021-2023,1.0,0.0,0.33,0.0,0
10,1,0,0,1,3,2,1,0,0.0,0,TypeScript,2021-2023,1.0,0.25,0.33,0.0,0
10,1,0,0,38,52,2,1,1,1.0,0,TypeScript,2021-2023,1.0,0.72,0.33,0.33,0
10,1,0,0,3,5,2,1,0,0.0,0,TypeScript,2021-2023,1.0,0.5,0.33,0.0,0
10,1,0,0,2,3,2,1,0,0.0,0,TypeScript,2021-2023,1.0,0.5,0.33,0.0,0
10,1,0,0,1,3,2,1,0,0.0,0,TypeScript,2021-2023,1.0,0.25,0.33,0.0,0
10,1,0,0,0,6,2,1,0,0.0,0,TypeScript,2021-2023,1.0,0.0,0.33,0.0,0
10,1,0,0,1,6,2,1,0,0.0,0,TypeScript,2021-2023,1.0,0.14,0.33,0.0,0
10,1,0,0,8,18,4,2,0,0.0,0,TypeScript,2021-2023,1.0,0.42,0.4,0.0,0
10,1,0,0,1,5,2,1,0,0.0,0,TypeScript,2021-2023,1.0,0.17,0.33,0.0,0
12,1,0,0,3651,3755,1489,0,0,0.0,0,TypeScript,2021-2023,1.0,0.97,0.0,0.0,0
12,1,0,0,161,8,2,2,3,1.67,0,TypeScript,2021-2023,1.0,17.89,0.67,0.56,0
12,1,0,0,125,19,1,0,0,0.0,0,TypeScript,2021-2023,1.0,6.25,0.0,0.0,0
14,1,0,0,15,10,4,0,3,1.67,0,TypeScript,2021-2023,1.0,1.36,0.0,0.33,0
14,1,0,0,8,4,2,0,0,0.0,0,TypeScript,2021-2023,1.0,1.6,0.0,0.0,0
14,1,0,0,4,4,4,0,0,0.0,0,TypeScript,2021-2023,1.0,0.8,0.0,0.0,0
14,1,0,0,63,14,4,2,4,3.0,0,TypeScript,2021-2023,1.0,4.2,0.4,0.6,0
15,1,0,0,108,1,7,2,9,5.0,0,TypeScript,2021-2023,1.0,54.0,0.25,0.62,0
15,1,0,0,1,1,1,0,0,0.0,0,TypeScript,2021-2023,1.0,0.5,0.0,0.0,0
15,1,0,0,14,14,11,0,0,0.0,0,TypeScript,2021-2023,1.0,0.93,0.0,0.0,0
15,1,0,0,17,2,2,1,0,0.0,0,TypeScript,2021-2023,1.0,5.67,0.33,0.0,0
16,1,0,0,12,4,12,0,4,1.0,0,TypeScript,2021-2023,1.0,2.4,0.0,0.08,0
17,1,0,0,5,0,1,0,0,0.0,0,TypeScript,2021-2023,1.0,5.0,0.0,0.0,0
17,1,0,0,28,394,17,0,23,2.96,0,TypeScript,2021-2023,1.0,0.07,0.0,0.16,0
18,1,0,0,1,1,1,0,0,0.0,0,TypeScript,2021-2023,1.0,0.5,0.0,0.0,0
19,1,0,0,66,26,2,0,0,0.0,0,TypeScript,2021-2023,1.0,2.44,0.0,0.0,1
20,1,0,0,3,3,3,0,0,0.0,0,TypeScript,2021-2023,1.0,0.75,0.0,0.0,0
20,1,0,0,25,4,2,1,1,1.0,0,TypeScript,2021-2023,1.0,5.0,0.33,0.33,0
20,1,0,0,2,2,2,0,0,0.0,0,TypeScript,2021-2023,1.0,0.67,0.0,0.0,0
22,1,0,1,3,1,1,0,0,0.0,0,TypeScript,2021-2023,1.0,1.5,0.0,0.0,0
1,2,0,1,4,4,4,0,4,1.0,0,TypeScript,2021-2023,1.0,0.8,0.0,0.2,0
2,2,0,1,1,1,1,0,0,0.0,0,TypeScript,2021-2023,1.0,0.5,0.0,0.0,0
3,2,0,1,8,4,3,1,3,1.0,0,TypeScript,2021-2023,1.0,1.6,0.25,0.25,0
5,2,0,1,15,14,1,0,0,0.0,0,TypeScript,2021-2023,1.0,1.0,0.0,0.0,0
8,2,0,0,15,5,7,0,0,0.0,0,TypeScript,2021-2023,1.0,2.5,0.0,0.0,0
8,2,0,0,5,6,1,0,1,18.0,0,TypeScript,2021-2023,1.0,0.71,0.0,9.0,0
8,2,0,0,36,0,1,1,2,1.5,0,TypeScript,2021-2023,1.0,36.0,0.5,0.75,0
8,2,0,0,31,0,1,1,2,2.5,0,TypeScript,2021-2023,1.0,31.0,0.5,1.25,0
8,2,0,0,1,1,1,0,0,0.0,0,TypeScript,2021-2023,1.0,0.5,0.0,0.0,0
8,2,0,0,22,19,5,1,8,1.0,0,TypeScript,2021-2023,1.0,1.1,0.17,0.17,0
10,2,0,0,356,206,4,1,16,3.31,0,TypeScript,2021-2023,1.0,1.72,0.2,0.66,0
10,2,0,0,5,1,2,1,2,1.0,0,TypeScript,2021-2023,1.0,2.5,0.33,0.33,0
10,2,0,0,1,1,1,0,0,0.0,0,TypeScript,2021-2023,1.0,0.5,0.0,0.0,0
11,2,0,0,2,6,2,0,2,1.0,0,TypeScript,2021-2023,1.0,0.29,0.0,0.33,0
11,2,0,0,30,30,7,0,0,0.0,0,TypeScript,2021-2023,1.0,0.97,0.0,0.0,0
11,2,0,0,1,1,1,0,0,0.0,0,TypeScript,2021-2023,1.0,0.5,0.0,0.0,0
11,2,0,0,1,1,1,1,0,0.0,0,TypeScript,2021-2023,1.0,0.5,0.5,0.0,0
11,2,0,0,287,155,6,3,13,1.23,0,TypeScript,2021-2023,1.0,1.84,0.43,0.18,0
12,2,0,0,9,12,2,0,0,0.0,0,TypeScript,2021-2023,1.0,0.69,0.0,0.0,0
12,2,0,0,39,2,4,0,5,5.4,0,TypeScript,2021-2023,1.0,13.0,0.0,1.08,0
12,2,0,0,5,5,1,0,0,0.0,0,TypeScript,2021-2023,1.0,0.83,0.0,0.0,0
12,2,0,0,59,39,3,1,4,5.25,0,TypeScript,2021-2023,1.0,1.48,0.25,1.31,0
13,2,0,0,1,1,1,0,2,1.0,0,TypeScript,2021-2023,1.0,0.5,0.0,0.5,0
14,2,0,0,5064,904,56,6,118,3.99,0,TypeScript,2021-2023,1.0,5.6,0.11,0.07,0
14,2,0,0,183,1,2,1,3,8.67,0,TypeScript,2021-2023,1.0,91.5,0.33,2.89,0
15,2,0,0,3,3,2,0,1,8.0,0,TypeScript,2021-2023,1.0,0.75,0.0,2.67,0
15,2,0,0,3,1,1,0,1,2.0,0,TypeScript,2021-2023,1.0,1.5,0.0,1.0,0
15,2,0,0,1,1,1,0,0,0.0,0,TypeScript,2021-2023,1.0,0.5,0.0,0.0,0
16,2,0,0,54,11,12,0,0,0.0,0,TypeScript,2021-2023,1.0,4.5,0.0,0.0,0
16,2,0,0,95,12,6,0,4,7.25,0,TypeScript,2021-2023,1.0,7.31,0.0,1.04,0
17,2,0,0,1152,485,37,1,42,7.24,0,TypeScript,2021-2023,1.0,2.37,0.03,0.19,0
17,2,0,0,1260,996,3,1,83,1.07,0,TypeScript,2021-2023,1.0,1.26,0.25,0.27,0
17,2,0,0,2,3,1,0,1,3.0,0,TypeScript,2021-2023,1.0,0.5,0.0,1.5,0
19,2,0,0,116,149,19,5,18,1.56,0,TypeScript,2021-2023,1.0,0.77,0.25,0.08,0
20,2,0,0,29,13,6,0,6,6.83,0,TypeScript,2021-2023,1.0,2.07,0.0,0.98,0
20,2,0,0,14,2,1,0,3,3.0,0,TypeScript,2021-2023,1.0,4.67,0.0,1.5,0
20,2,0,0,60,55,1,0,0,0.0,0,TypeScript,2021-2023,1.0,1.07,0.0,0.0,0
20,2,0,0,5,2,1,0,2,10.0,0,TypeScript,2021-2023,1.0,1.67,0.0,5.0,0
21,2,0,0,31,0,1,1,2,2.5,0,TypeScript,2021-2023,1.0,31.0,0.5,1.25,0
21,2,0,0,1,1,1,0,0,0.0,0,TypeScript,2021-2023,1.0,0.5,0.0,0.0,0
21,2,0,0,170,4,7,2,2,1.0,0,TypeScript,2021-2023,1.0,34.0,0.25,0.12,1
7,3,0,0,28,2,3,1,4,1.0,0,TypeScript,2021-2023,1.0,9.33,0.25,0.25,0
9,3,0,0,812,337,8,0,5,7.0,0,TypeScript,2021-2023,1.0,2.4,0.0,0.78,0
11,3,0,0,14,3,3,0,3,1.33,0,TypeScript,2021-2023,1.0,3.5,0.0,0.33,0
11,3,0,0,72,19,5,1,14,4.0,0,TypeScript,2021-2023,1.0,3.6,0.17,0.67,0
11,3,0,0,0,25907,9181,0,35,2.31,0,TypeScript,2021-2023,1.0,0.0,0.0,0.0,0
12,3,0,0,94,67,7,0,6,2.67,0,TypeScript,2021-2023,1.0,1.38,0.0,0.33,0
12,3,0,0,2,2,1,0,1,15.0,0,TypeScript,2021-2023,1.0,0.67,0.0,7.5,0
12,3,0,0,0,4,1,0,1,5.0,0,TypeScript,2021-2023,1.0,0.0,0.0,2.5,0
13,3,0,0,1,1,1,0,0,0.0,0,TypeScript,2021-2023,1.0,0.5,0.0,0.0,0
13,3,0,0,26,2,4,0,8,6.62,0,TypeScript,2021-2023,1.0,8.67,0.0,1.32,0
14,3,0,0,8,0,1,0,0,0.0,0,TypeScript,2021-2023,1.0,8.0,0.0,0.0,0
14,3,0,0,310,186,91,0,85,5.55,0,TypeScript,2021-2023,1.0,1.66,0.0,0.06,0
15,3,0,0,10,0,2,0,0,0.0,0,TypeScript,2021-2023,1.0,10.0,0.0,0.0,0
15,3,0,0,7,3,3,1,0,0.0,0,TypeScript,2021-2023,1.0,1.75,0.25,0.0,0
15,3,0,0,45,4,2,1,6,7.5,0,TypeScript,2021-2023,1.0,9.0,0.33,2.5,0
16,3,0,0,9,10,2,1,1,1.0,0,TypeScript,2021-2023,1.0,0.82,0.33,0.33,0
17,3,0,0,33,14,6,0,5,7.8,0,TypeScript,2021-2023,1.0,2.2,0.0,1.11,0
17,3,0,0,0,40,2,0,0,0.0,0,TypeScript,2021-2023,1.0,0.0,0.0,0.0,0
17,3,0,0,4,5,2,0,2,4.0,0,TypeScript,2021-2023,1.0,0.67,0.0,1.33,0
18,3,0,0,27,4,4,1,3,4.0,0,TypeScript,2021-2023,1.0,5.4,0.2,0.8,0
19,3,0,0,2,2,2,0,0,0.0,0,TypeScript,2021-2023,1.0,0.67,0.0,0.0,0
19,3,0,0,12,9,3,0,3,2.0,0,TypeScript,2021-2023,1.0,1.2,0.0,0.5,1
19,3,0,0,17,27,2,0,2,1.0,0,TypeScript,2021-2023,1.0,0.61,0.0,0.33,1
19,3,0,0,1,1,1,0,1,1.0,0,TypeScript,2021-2023,1.0,0.5,0.0,0.5,1
6,4,0,0,38,65,10,0,0,0.0,0,TypeScript,2021-2023,1.0,0.58,0.0,0.0,0
6,4,0,0,1,0,1,0,0,0.0,0,TypeScript,2021-2023,1.0,1.0,0.0,0.0,0
8,4,0,0,1,1,1,0,1,1.0,0,TypeScript,2021-2023,1.0,0.5,0.0,0.5,0
8,4,0,0,3,3,1,0,0,0.0,0,TypeScript,2021-2023,1.0,0.75,0.0,0.0,0
9,4,0,0,53,379,5,3,2,5.5,0,TypeScript,2021-2023,1.0,0.14,0.5,0.92,1
10,4,0,0,1,308,4,3,0,0.0,0,TypeScript,2021-2023,1.0,0.0,0.6,0.0,0
10,4,0,0,2,2,1,1,1,1.0,0,TypeScript,2021-2023,1.0,0.67,0.5,0.5,0
10,4,0,0,2,2,2,1,1,2.0,0,TypeScript,2021-2023,1.0,0.67,0.33,0.67,0
10,4,0,0,1,1,1,1,0,0.0,0,TypeScript,2021-2023,1.0,0.5,0.5,0.0,0
10,4,0,0,2,2,1,0,0,0.0,0,TypeScript,2021-2023,1.0,0.67,0.0,0.0,0
10,4,0,0,1,1,1,0,0,0.0,0,TypeScript,2021-2023,1.0,0.5,0.0,0.0,0
10,4,0,0,1,1,1,0,0,0.0,0,TypeScript,2021-2023,1.0,0.5,0.0,0.0,0
10,4,0,0,1,1,1,0,0,0.0,0,TypeScript,2021-2023,1.0,0.5,0.0,0.0,0
10,4,0,0,182,5,1,0,0,0.0,0,TypeScript,2021-2023,1.0,30.33,0.0,0.0,0
10,4,0,0,123,2,1,0,0,0.0,0,TypeScript,2021-2023,1.0,41.0,0.0,0.0,0
10,4,0,0,1,1,1,0,0,0.0,0,TypeScript,2021-2023,1.0,0.5,0.0,0.0,0
10,4,0,0,5,9,1,0,0,0.0,0,TypeScript,2021-2023,1.0,0.5,0.0,0.0,0
10,4,0,0,0,0,0,0,0,0.0,0,TypeScript,2021-2023,1.0,0.0,0.0,0.0,0
10,4,0,0,1,1,1,0,1,1.0,0,TypeScript,2021-2023,1.0,0.5,0.0,0.5,0
10,4,0,0,2,2,1,0,0,0.0,0,TypeScript,2021-2023,1.0,0.67,0.0,0.0,0
10,4,0,0,1,1,1,0,0,0.0,0,TypeScript,2021-2023,1.0,0.5,0.0,0.0,0
10,4,0,0,6,0,1,0,1,13.0,0,TypeScript,2021-2023,1.0,6.0,0.0,6.5,0
11,4,0,0,841,370,6,0,4,2.5,0,TypeScript,2021-2023,1.0,2.27,0.0,0.36,0
12,4,0,0,1,1,1,0,1,6.0,0,TypeScript,2021-2023,1.0,0.5,0.0,3.0,0
12,4,0,0,11,5,3,0,0,0.0,0,TypeScript,2021-2023,1.0,1.83,0.0,0.0,0
12,4,0,0,1,22,2,0,1,8.0,0,TypeScript,2021-2023,1.0,0.04,0.0,2.67,0
12,4,0,0,125,80,13,4,29,4.17,0,TypeScript,2021-2023,1.0,1.54,0.29,0.3,0
13,4,0,0,25,35,6,1,2,1.0,0,TypeScript,2021-2023,1.0,0.69,0.14,0.14,0
13,4,0,0,308,1,4,3,0,0.0,0,TypeScript,2021-2023,1.0,154.0,0.6,0.0,1
14,4,0,0,80,0,6,1,0,0.0,0,TypeScript,2021-2023,1.0,80.0,0.14,0.0,0
15,4,0,0,10,4,2,1,10,1.0,0,TypeScript,2021-2023,1.0,2.0,0.33,0.33,0
15,4,0,0,21,4,3,2,4,3.0,0,TypeScript,2021-2023,1.0,4.2,0.5,0.75,0
16,4,0,0,7,9,5,0,3,4.33,0,TypeScript,2021-2023,1.0,0.7,0.0,0.72,0
16,4,0,0,5,0,1,0,0,0.0,0,TypeScript,2021-2023,1.0,5.0,0.0,0.0,0
16,4,0,0,14,2,3,0,1,1.0,0,TypeScript,2021-2023,1.0,4.67,0.0,0.25,0
16,4,0,0,7,1,2,0,0,0.0,0,TypeScript,2021-2023,1.0,3.5,0.0,0.0,0
16,4,0,0,1478,1522,4,2,6,1.0,0,TypeScript,2021-2023,1.0,0.97,0.4,0.2,0
16,4,0,0,3,0,3,0,0,0.0,0,TypeScript,2021-2023,1.0,3.0,0.0,0.0,0
17,4,0,0,1,1,1,0,1,1.0,0,TypeScript,2021-2023,1.0,0.5,0.0,0.5,0
17,4,0,0,17,2,1,0,3,5.33,0,TypeScript,2021-2023,1.0,5.67,0.0,2.66,0
18,4,0,0,2,4,1,0,0,0.0,0,TypeScript,2021-2023,1.0,0.4,0.0,0.0,0
18,4,0,0,12,4,1,0,0,0.0,0,TypeScript,2021-2023,1.0,2.4,0.0,0.0,0
18,4,0,0,5,2,2,0,2,1.0,0,TypeScript,2021-2023,1.0,1.67,0.0,0.33,0
21,4,0,0,26,12,1,0,1,18.0,0,TypeScript,2021-2023,1.0,2.0,0.0,9.0,0
21,4,0,0,18,20,1,0,1,18.0,0,TypeScript,2021-2023,1.0,0.86,0.0,9.0,0
0,5,1,1,6,0,1,0,0,0.0,0,TypeScript,2021-2023,1.0,6.0,0.0,0.0,0
3,5,1,1,6,4,2,0,0,0.0,0,TypeScript,2021-2023,1.0,1.2,0.0,0.0,0
3,5,1,1,152,0,5,1,1,1.0,0,TypeScript,2021-2023,1.0,152.0,0.17,0.17,0
6,5,1,0,17,0,1,0,1,1.0,0,TypeScript,2021-2023,1.0,17.0,0.0,0.5,0
6,6,1,0,43,36,1,0,5,4.6,0,TypeScript,2021-2023,1.0,1.16,0.0,2.3,0
7,6,1,0,5,5,2,1,1,1.0,0,TypeScript,2021-2023,1.0,0.83,0.33,0.33,0
10,6,1,0,227,0,5,1,5,1.0,0,TypeScript,2021-2023,1.0,227.0,0.17,0.17,0
10,6,1,0,19,0,2,0,2,1.0,0,TypeScript,2021-2023,1.0,19.0,0.0,0.33,0
13,6,1,0,0,4,1,0,0,0.0,0,TypeScript,2021-2023,1.0,0.0,0.0,0.0,0
13,6,1,0,52,0,2,0,0,0.0,0,TypeScript,2021-2023,1.0,52.0,0.0,0.0,0
15,6,1,0,381,257,5,0,16,2.44,0,TypeScript,2021-2023,1.0,1.48,0.0,0.41,1
16,6,1,0,51,0,1,0,0,0.0,0,TypeScript,2021-2023,1.0,51.0,0.0,0.0,0
16,6,1,0,49,0,5,1,0,0.0,0,TypeScript,2021-2023,1.0,49.0,0.17,0.0,0
17,6,1,0,2,2,1,0,0,0.0,0,TypeScript,2021-2023,1.0,0.67,0.0,0.0,0
18,6,1,0,6,6,2,1,0,0.0,0,TypeScript,2021-2023,1.0,0.86,0.33,0.0,0
21,6,1,0,6,6,2,0,0,0.0,0,TypeScript,2021-2023,1.0,0.86,0.0,0.0,0
0,0,0,1,4,2,2,1,1,1.0,0,TypeScript,2021-2023,1.0,1.33,0.33,0.33,0
4,0,0,1,3,3,1,1,2,1.0,0,TypeScript,2021-2023,1.0,0.75,0.5,0.5,0
7,0,0,0,0,196,5,1,13,1.08,0,TypeScript,2021-2023,1.0,0.0,0.17,0.18,0
8,0,0,0,7,2,1,0,0,0.0,0,TypeScript,2021-2023,1.0,2.33,0.0,0.0,0
8,0,0,0,1,1,1,0,0,0.0,0,TypeScript,2021-2023,1.0,0.5,0.0,0.0,0
9,0,0,0,10,3,4,0,0,0.0,0,TypeScript,2021-2023,1.0,2.5,0.0,0.0,0
9,0,0,0,5,5,4,0,2,5.0,0,TypeScript,2021-2023,1.0,0.83,0.0,1.0,0
10,0,0,0,13,0,2,0,0,0.0,0,TypeScript,2021-2023,1.0,13.0,0.0,0.0,0
10,0,0,0,21,24,5,0,7,2.29,0,TypeScript,2021-2023,1.0,0.84,0.0,0.38,0
11,0,0,0,61,0,2,0,2,1.5,0,TypeScript,2021-2023,1.0,61.0,0.0,0.5,0
11,0,0,0,4,2,1,0,2,11.5,0,TypeScript,2021-2023,1.0,1.33,0.0,5.75,0
11,0,0,0,2,2,2,0,2,1.0,0,TypeScript,2021-2023,1.0,0.67,0.0,0.33,0
11,0,0,0,1,1,1,0,0,0.0,0,TypeScript,2021-2023,1.0,0.5,0.0,0.0,0
12,0,0,0,9,3,3,0,0,0.0,0,TypeScript,2021-2023,1.0,2.25,0.0,0.0,0
12,0,0,0,12,18,2,0,0,0.0,0,TypeScript,2021-2023,1.0,0.63,0.0,0.0,0
13,0,0,0,1871,67,41,0,87,4.44,0,TypeScript,2021-2023,1.0,27.51,0.0,0.11,0
13,0,0,0,44,44,44,0,0,0.0,0,TypeScript,2021-2023,1.0,0.98,0.0,0.0,0
13,0,0,0,8625,8444,9,6,9,1.0,0,TypeScript,2021-2023,1.0,1.02,0.6,0.1,0
14,0,0,0,16,4,3,0,0,0.0,0,TypeScript,2021-2023,1.0,3.2,0.0,0.0,0
14,0,0,0,55,34,4,0,3,6.67,0,TypeScript,2021-2023,1.0,1.57,0.0,1.33,0
14,0,0,0,68,43,3,0,4,3.0,0,TypeScript,2021-2023,1.0,1.55,0.0,0.75,0
15,0,0,0,0,1,1,0,3,1.67,0,TypeScript,2021-2023,1.0,0.0,0.0,0.84,0
15,0,0,0,29,1,3,0,0,0.0,0,TypeScript,2021-2023,1.0,14.5,0.0,0.0,2
15,0,0,0,4718,214,122,0,200,2.98,0,TypeScript,2021-2023,1.0,21.94,0.0,0.02,0
15,0,0,0,5,5,2,0,0,0.0,0,TypeScript,2021-2023,1.0,0.83,0.0,0.0,0
16,0,0,0,127,80,8,4,14,2.71,0,TypeScript,2021-2023,1.0,1.57,0.44,0.3,0
16,0,0,0,9,0,2,1,2,1.0,0,TypeScript,2021-2023,1.0,9.0,0.33,0.33,0
16,0,0,0,888,24,40,0,34,3.12,0,TypeScript,2021-2023,1.0,35.52,0.0,0.08,0
16,0,0,0,67,5,3,1,0,0.0,0,TypeScript,2021-2023,1.0,11.17,0.25,0.0,0
16,0,0,0,59,55,1,0,1,5.0,0,TypeScript,2021-2023,1.0,1.05,0.0,2.5,0
16,0,0,0,24,8,7,0,10,2.8,0,TypeScript,2021-2023,1.0,2.67,0.0,0.35,0
16,0,0,0,19,1,2,0,2,1.5,0,TypeScript,2021-2023,1.0,9.5,0.0,0.5,0
17,0,0,0,7,6,2,0,2,9.0,0,TypeScript,2021-2023,1.0,1.0,0.0,3.0,0
17,0,0,0,10,10,3,0,0,0.0,0,TypeScript,2021-2023,1.0,0.91,0.0,0.0,0
17,0,0,0,137,135,1,1,5,1.4,0,TypeScript,2021-2023,1.0,1.01,0.5,0.7,0
17,0,0,0,210,5,5,0,5,1.2,0,TypeScript,2021-2023,1.0,35.0,0.0,0.2,0
17,0,0,0,6242,1975,79,48,44,1.86,0,TypeScript,2021-2023,1.0,3.16,0.6,0.02,0
17,0,0,0,6,3,1,0,1,5.0,0,TypeScript,2021-2023,1.0,1.5,0.0,2.5,0
19,0,0,0,4,0,1,0,1,3.0,0,TypeScript,2021-2023,1.0,4.0,0.0,1.5,0
21,0,0,0,18,18,2,0,0,0.0,0,TypeScript,2021-2023,1.0,0.95,0.0,0.0,2
21,0,0,0,18,10,7,0,13,3.38,0,TypeScript,2021-2023,1.0,1.64,0.0,0.42,0
23,0,0,1,361,14,15,0,19,3.79,0,TypeScript,2021-2023,1.0,24.07,0.0,0.24,0
23,0,0,1,25,20,4,0,3,2.33,0,TypeScript,2021-2023,1.0,1.19,0.0,0.47,0
4,1,0,1,1,1,1,0,0,0.0,0,TypeScript,2021-2023,1.0,0.5,0.0,0.0,0
9,1,0,0,1387,87,26,2,29,1.76,0,TypeScript,2021-2023,1.0,15.76,0.07,0.07,0
9,1,0,0,118,0,2,1,0,0.0,0,TypeScript,2021-2023,1.0,118.0,0.33,0.0,0
10,1,0,0,7,7,3,0,1,4.0,0,TypeScript,2021-2023,1.0,0.88,0.0,1.0,0
11,1,0,0,10,4,3,0,0,0.0,0,TypeScript,2021-2023,1.0,2.0,0.0,0.0,0
11,1,0,0,4,4,4,0,2,3.5,0,TypeScript,2021-2023,1.0,0.8,0.0,0.7,0
12,1,0,0,1,1,1,0,2,4.5,0,TypeScript,2021-2023,1.0,0.5,0.0,2.25,0
12,1,0,0,226,195,13,5,27,3.48,0,TypeScript,2021-2023,1.0,1.15,0.36,0.25,0
12,1,0,0,28,11,2,0,3,3.0,0,TypeScript,2021-2023,1.0,2.33,0.0,1.0,0
12,1,0,0,1179,7,2,1,2,1.0,0,TypeScript,2021-2023,1.0,147.38,0.33,0.33,0
12,1,0,0,2,2,1,0,2,1.0,0,TypeScript,2021-2023,1.0,0.67,0.0,0.5,1
12,1,0,0,1,1,1,0,1,1.0,0,TypeScript,2021-2023,1.0,0.5,0.0,0.5,0
13,1,0,0,30,0,1,0,1,7.0,0,TypeScript,2021-2023,1.0,30.0,0.0,3.5,0
13,1,0,0,47,57,27,2,29,5.72,0,TypeScript,2021-2023,1.0,0.81,0.07,0.2,0
13,1,0,0,2,2,2,0,0,0.0,0,TypeScript,2021-2023,1.0,0.67,0.0,0.0,0
14,1,0,0,33,1,1,0,3,4.0,0,TypeScript,2021-2023,1.0,16.5,0.0,2.0,0
14,1,0,0,5,5,3,0,1,10.0,0,TypeScript,2021-2023,1.0,0.83,0.0,2.5,0
14,1,0,0,133,5,6,0,10,4.8,0,TypeScript,2021-2023,1.0,22.17,0.0,0.69,0
15,1,0,0,1,0,1,0,0,0.0,0,TypeScript,2021-2023,1.0,1.0,0.0,0.0,0
15,1,0,0,1,0,1,0,1,2.0,0,TypeScript,2021-2023,1.0,1.0,0.0,1.0,0
15,1,0,0,1,1,1,0,0,0.0,0,TypeScript,2021-2023,1.0,0.5,0.0,0.0,0
16,1,0,0,3,3,1,0,2,12.5,0,TypeScript,2021-2023,1.0,0.75,0.0,6.25,0
16,1,0,0,104,69,11,0,12,11.17,0,TypeScript,2021-2023,1.0,1.49,0.0,0.93,0
16,1,0,0,45,152,3,0,3,2.33,0,TypeScript,2021-2023,1.0,0.29,0.0,0.58,0
16,1,0,0,21,3,3,1,1,1.0,0,TypeScript,2021-2023,1.0,5.25,0.25,0.25,0
17,1,0,0,60,1,5,1,4,1.25,0,TypeScript,2021-2023,1.0,30.0,0.17,0.21,0
17,1,0,0,13,10,4,0,8,8.62,0,TypeScript,2021-2023,1.0,1.18,0.0,1.72,0
17,1,0,0,2,2,1,0,0,0.0,0,TypeScript,2021-2023,1.0,0.67,0.0,0.0,0
17,1,0,0,486,416,14,3,32,3.28,0,TypeScript,2021-2023,1.0,1.17,0.2,0.22,0
17,1,0,0,139,628,5,0,0,0.0,0,TypeScript,2021-2023,1.0,0.22,0.0,0.0,0
17,1,0,0,13,3,2,0,2,1.5,0,TypeScript,2021-2023,1.0,3.25,0.0,0.5,0
18,1,0,0,31,9,3,0,3,6.0,0,TypeScript,2021-2023,1.0,3.1,0.0,1.5,0
19,1,0,0,14,1,4,0,0,0.0,0,TypeScript,2021-2023,1.0,7.0,0.0,0.0,0
19,1,0,0,725,574,18,14,0,0.0,0,TypeScript,2021-2023,1.0,1.26,0.74,0.0,0
20,1,0,0,100,136,2,0,2,14.0,0,TypeScript,2021-2023,1.0,0.73,0.0,4.67,0
20,1,0,0,633,632,2,1,0,0.0,0,TypeScript,2021-2023,1.0,1.0,0.33,0.0,0
20,1,0,0,1,1,1,0,0,0.0,0,TypeScript,2021-2023,1.0,0.5,0.0,0.0,1
21,1,0,0,74,0,5,1,4,1.0,0,TypeScript,2021-2023,1.0,74.0,0.17,0.17,0
9,2,0,0,1,1,1,0,1,20.0,0,TypeScript,2021-2023,1.0,0.5,0.0,10.0,0
10,2,0,0,114,6,5,1,4,1.75,0,TypeScript,2021-2023,1.0,16.29,0.17,0.29,0
10,2,0,0,1676,0,5,1,16,1.0,0,TypeScript,2021-2023,1.0,1676.0,0.17,0.17,0
10,2,0,0,4,1,1,0,1,2.0,0,TypeScript,2021-2023,1.0,2.0,0.0,1.0,0
11,2,0,0,15,0,1,0,2,4.5,0,TypeScript,2021-2023,1.0,15.0,0.0,2.25,0
11,2,0,0,203,58,3,0,3,2.33,0,TypeScript,2021-2023,1.0,3.44,0.0,0.58,0
12,2,0,0,6,8,1,0,0,0.0,0,TypeScript,2021-2023,1.0,0.67,0.0,0.0,0
12,2,0,0,35,25,2,0,1,1.0,0,TypeScript,2021-2023,1.0,1.35,0.0,0.33,0
12,2,0,0,224,85,10,1,16,1.81,0,TypeScript,2021-2023,1.0,2.6,0.09,0.16,0
13,2,0,0,4,2,1,0,1,9.0,0,TypeScript,2021-2023,1.0,1.33,0.0,4.5,0
13,2,0,0,2,2,1,0,0,0.0,0,TypeScript,2021-2023,1.0,0.67,0.0,0.0,0
14,2,0,0,0,2,1,0,0,0.0,0,TypeScript,2021-2023,1.0,0.0,0.0,0.0,0
15,2,0,0,9,8,3,0,2,1.5,0,TypeScript,2021-2023,1.0,1.0,0.0,0.38,0
15,2,0,0,0,5,1,0,2,4.5,0,TypeScript,2021-2023,1.0,0.0,0.0,2.25,0
15,2,0,0,153,76,16,0,21,5.05,0,TypeScript,2021-2023,1.0,1.99,0.0,0.3,0
17,2,0,0,19,12,7,0,4,2.5,0,TypeScript,2021-2023,1.0,1.46,0.0,0.31,0
21,2,0,0,1,6,1,0,0,0.0,0,TypeScript,2021-2023,1.0,0.14,0.0,0.0,0
21,2,0,0,129,6,6,0,0,0.0,0,TypeScript,2021-2023,1.0,18.43,0.0,0.0,0
21,2,0,0,0,0,0,0,0,0.0,0,TypeScript,2021-2023,1.0,0.0,0.0,0.0,0
22,2,0,1,1,1,1,0,0,0.0,0,TypeScript,2021-2023,1.0,0.5,0.0,0.0,0
22,2,0,1,16,1,1,0,0,0.0,0,TypeScript,2021-2023,1.0,8.0,0.0,0.0,0
22,2,0,1,1,1,1,0,0,0.0,0,TypeScript,2021-2023,1.0,0.5,0.0,0.0,0
22,2,0,1,4,0,1,0,0,0.0,0,TypeScript,2021-2023,1.0,4.0,0.0,0.0,0
2,3,0,1,4,4,1,0,0,0.0,0,TypeScript,2021-2023,1.0,0.8,0.0,0.0,0
9,3,0,0,134,93,7,0,7,1.14,0,TypeScript,2021-2023,1.0,1.43,0.0,0.14,0
9,3,0,0,17,1,2,0,0,0.0,0,TypeScript,2021-2023,1.0,8.5,0.0,0.0,0
9,3,0,0,52,14,2,1,3,4.67,0,TypeScript,2021-2023,1.0,3.47,0.33,1.56,0
10,3,0,0,254,0,2,0,0,0.0,0,TypeScript,2021-2023,1.0,254.0,0.0,0.0,0
10,3,0,0,37,2,7,0,0,0.0,0,TypeScript,2021-2023,1.0,12.33,0.0,0.0,0
10,3,0,0,187,58,13,5,27,2.11,0,TypeScript,2021-2023,1.0,3.17,0.36,0.15,0
10,3,0,0,241,134250,540,0,2365,1.09,0,TypeScript,2021-2023,1.0,0.0,0.0,0.0,0
11,3,0,0,339,533,5,0,3,3.67,0,TypeScript,2021-2023,1.0,0.63,0.0,0.61,0
12,3,0,0,1,1,1,0,0,0.0,0,TypeScript,2021-2023,1.0,0.5,0.0,0.0,0
12,3,0,0,14,0,1,0,1,3.0,0,TypeScript,2021-2023,1.0,14.0,0.0,1.5,0
12,3,0,0,2,2,2,0,0,0.0,0,TypeScript,2021-2023,1.0,0.67,0.0,0.0,0
13,3,0,0,6,0,2,1,1,1.0,0,TypeScript,2021-2023,1.0,6.0,0.33,0.33,0
13,3,0,0,65,13,1,0,1,1.0,0,TypeScript,2021-2023,1.0,4.64,0.0,0.5,0
13,3,0,0,4,99,6,1,3,1.33,0,TypeScript,2021-2023,1.0,0.04,0.14,0.19,0
13,3,0,0,4,57,6,1,0,0.0,0,TypeScript,2021-2023,1.0,0.07,0.14,0.0,0
13,3,0,0,21,10,2,0,1,4.0,0,TypeScript,2021-2023,1.0,1.91,0.0,1.33,0
13,3,0,0,80,40,3,1,3,3.0,0,TypeScript,2021-2023,1.0,1.95,0.25,0.75,0
13,3,0,0,6,1,3,1,0,0.0,0,TypeScript,2021-2023,1.0,3.0,0.25,0.0,0
13,3,0,0,2,3,2,1,0,0.0,0,TypeScript,2021-2023,1.0,0.5,0.33,0.0,0
13,3,0,0,61,7,1,0,2,1.0,0,TypeScript,2021-2023,1.0,7.62,0.0,0.5,0
13,3,0,0,7,0,1,0,1,2.0,0,TypeScript,2021-2023,1.0,7.0,0.0,1.0,0
13,3,0,0,6960,3642,74,48,30,2.2,0,TypeScript,2021-2023,1.0,1.91,0.64,0.03,0
13,3,0,0,61,12,13,0,0,0.0,0,TypeScript,2021-2023,1.0,4.69,0.0,0.0,0
14,3,0,0,93,65,5,1,2,9.5,0,TypeScript,2021-2023,1.0,1.41,0.17,1.58,0
14,3,0,0,28,0,2,0,2,1.5,0,TypeScript,2021-2023,1.0,28.0,0.0,0.5,0
14,3,0,0,106,110,10,4,9,1.11,0,TypeScript,2021-2023,1.0,0.95,0.36,0.1,0
14,3,0,0,47,6,6,0,11,15.27,0,TypeScript,2021-2023,1.0,6.71,0.0,2.18,0
14,3,0,0,115,6,4,2,2,4.5,0,TypeScript,2021-2023,1.0,16.43,0.4,0.9,0
14,3,0,0,18,14,1,0,2,2.5,0,TypeScript,2021-2023,1.0,1.2,0.0,1.25,0
14,3,0,0,946,208,2,0,0,0.0,0,TypeScript,2021-2023,1.0,4.53,0.0,0.0,0
15,3,0,0,743,286,20,4,122,1.01,0,TypeScript,2021-2023,1.0,2.59,0.19,0.05,0
16,3,0,0,11,0,3,0,2,4.5,0,TypeScript,2021-2023,1.0,11.0,0.0,1.12,0
16,3,0,0,15,3,2,1,1,1.0,0,TypeScript,2021-2023,1.0,3.75,0.33,0.33,0
17,3,0,0,2,2,1,0,0,0.0,0,TypeScript,2021-2023,1.0,0.67,0.0,0.0,0
17,3,0,0,98,86,9,0,23,4.61,0,TypeScript,2021-2023,1.0,1.13,0.0,0.46,0
18,3,0,0,231,86,6,1,6,2.67,0,TypeScript,2021-2023,1.0,2.66,0.14,0.38,0
18,3,0,0,58,58,58,0,0,0.0,0,TypeScript,2021-2023,1.0,0.98,0.0,0.0,0
19,3,0,0,1,1,1,0,1,6.0,0,TypeScript,2021-2023,1.0,0.5,0.0,3.0,0
20,3,0,0,1,1,1,0,0,0.0,0,TypeScript,2021-2023,1.0,0.5,0.0,0.0,1
20,3,0,0,41957,28421,40,21,20,2.35,0,TypeScript,2021-2023,1.0,1.48,0.51,0.06,0
21,3,0,0,3,3,1,1,1,1.0,0,TypeScript,2021-2023,1.0,0.75,0.5,0.5,0
21,3,0,0,1,1,1,1,0,0.0,0,TypeScript,2021-2023,1.0,0.5,0.5,0.0,0
3,4,0,1,1,1,1,0,0,0.0,0,TypeScript,2021-2023,1.0,0.5,0.0,0.0,0
7,4,0,0,242,193,3,1,13,1.31,0,TypeScript,2021-2023,1.0,1.25,0.25,0.33,0
8,4,0,0,64,1,3,0,4,14.25,0,TypeScript,2021-2023,1.0,32.0,0.0,3.56,0
8,4,0,0,84,20,6,1,9,3.89,0,TypeScript,2021-2023,1.0,4.0,0.14,0.56,0
9,4,0,0,59,3,2,1,3,3.67,0,TypeScript,2021-2023,1.0,14.75,0.33,1.22,0
10,4,0,0,3486,96,21,2,14,7.5,0,TypeScript,2021-2023,1.0,35.94,0.09,0.34,0
10,4,0,0,8,6,3,2,1,18.0,0,TypeScript,2021-2023,1.0,1.14,0.5,4.5,0
10,4,0,0,1,1,1,0,0,0.0,0,TypeScript,2021-2023,1.0,0.5,0.0,0.0,0
11,4,0,0,27,11,5,2,3,1.0,0,TypeScript,2021-2023,1.0,2.25,0.33,0.17,0
11,4,0,0,226,133,12,2,29,1.83,0,TypeScript,2021-2023,1.0,1.69,0.15,0.14,0
11,4,0,0,62,128,5,0,1,13.0,0,TypeScript,2021-2023,1.0,0.48,0.0,2.17,0
12,4,0,0,412,17,15,2,28,1.89,0,TypeScript,2021-2023,1.0,22.89,0.12,0.12,0
12,4,0,0,135,56,12,2,11,2.09,0,TypeScript,2021-2023,1.0,2.37,0.15,0.16,0
13,4,0,0,133,118,6,0,8,2.88,0,TypeScript,2021-2023,1.0,1.12,0.0,0.41,0
14,4,0,0,2,0,1,0,0,0.0,0,TypeScript,2021-2023,1.0,2.0,0.0,0.0,0
14,4,0,0,7,1,1,0,0,0.0,0,TypeScript,2021-2023,1.0,3.5,0.0,0.0,0
14,4,0,0,6,7,2,0,1,6.0,0,TypeScript,2021-2023,1.0,0.75,0.0,2.0,0
14,4,0,0,2,1,1,0,0,0.0,0,TypeScript,2021-2023,1.0,1.0,0.0,0.0,0
14,4,0,0,1,0,1,0,1,1.0,0,TypeScript,2021-2023,1.0,1.0,0.0,0.5,0
14,4,0,0,1659,855,129,1,223,1.0,0,TypeScript,2021-2023,1.0,1.94,0.01,0.01,0
15,4,0,0,279,75,9,3,12,1.5,0,TypeScript,2021-2023,1.0,3.67,0.3,0.15,0
15,4,0,0,23,0,6,0,0,0.0,0,TypeScript,2021-2023,1.0,23.0,0.0,0.0,0
15,4,0,0,48,5,7,0,5,1.4,0,TypeScript,2021-2023,1.0,8.0,0.0,0.18,0
15,4,0,0,10,0,1,0,1,1.0,0,TypeScript,2021-2023,1.0,10.0,0.0,0.5,0
15,4,0,0,93,85,16,0,36,4.08,0,TypeScript,2021-2023,1.0,1.08,0.0,0.24,0
15,4,0,0,7,202,7,6,8,2.62,0,TypeScript,2021-2023,1.0,0.03,0.75,0.33,0
16,4,0,0,82,56,11,1,13,1.54,0,TypeScript,2021-2023,1.0,1.44,0.08,0.13,0
16,4,0,0,2,2,1,0,2,11.5,0,TypeScript,2021-2023,1.0,0.67,0.0,5.75,0
17,4,0,0,146,139,3,1,10,1.9,0,TypeScript,2021-2023,1.0,1.04,0.25,0.48,0
17,4,0,0,93,77,2,0,4,2.25,0,TypeScript,2021-2023,1.0,1.19,0.0,0.75,0
17,4,0,0,17,1,3,0,0,0.0,0,TypeScript,2021-2023,1.0,8.5,0.0,0.0,0
19,4,0,0,4,4,2,1,0,0.0,0,TypeScript,2021-2023,1.0,0.8,0.33,0.0,0
19,4,0,0,1,1,1,0,0,0.0,0,TypeScript,2021-2023,1.0,0.5,0.0,0.0,1
19,4,0,0,1,1,1,0,0,0.0,0,TypeScript,2021-2023,1.0,0.5,0.0,0.0,0
21,4,0,0,1,1,1,0,0,0.0,0,TypeScript,2021-2023,1.0,0.5,0.0,0.0,0
2,5,1,1,63,98,1,1,0,0.0,0,TypeScript,2021-2023,1.0,0.64,0.5,0.0,0
4,5,1,1,49,49,1,1,0,0.0,0,TypeScript,2021-2023,1.0,0.98,0.5,0.0,0
8,5,1,0,2,2,2,0,0,0.0,0,TypeScript,2021-2023,1.0,0.67,0.0,0.0,0
10,5,1,0,1,1,1,0,1,8.0,0,TypeScript,2021-2023,1.0,0.5,0.0,4.0,0
12,5,1,0,6,1,2,1,1,1.0,0,TypeScript,2021-2023,1.0,3.0,0.33,0.33,0
7,6,1,0,72,8,3,1,0,0.0,0,TypeScript,2021-2023,1.0,8.0,0.25,0.0,0
15,6,1,0,3,3,2,1,0,0.0,0,TypeScript,2021-2023,1.0,0.75,0.33,0.0,0
15,6,1,0,1,0,1,0,0,0.0,0,TypeScript,2021-2023,1.0,1.0,0.0,0.0,0
15,6,1,0,3,2,1,0,0,0.0,0,TypeScript,2021-2023,1.0,1.0,0.0,0.0,0
17,6,1,0,1,1,1,0,0,0.0,0,TypeScript,2021-2023,1.0,0.5,0.0,0.0,1
20,6,1,0,24,24,1,0,0,0.0,0,TypeScript,2021-2023,1.0,0.96,0.0,0.0,0
4,0,0,1,102,0,5,1,5,1.6,0,TypeScript,2021-2023,1.0,102.0,0.17,0.27,0
8,0,0,0,6,18,1,0,0,0.0,0,TypeScript,2021-2023,1.0,0.32,0.0,0.0,0
10,0,0,0,8,2,1,0,0,0.0,0,TypeScript,2021-2023,1.0,2.67,0.0,0.0,0
10,0,0,0,1,1,1,0,0,0.0,0,TypeScript,2021-2023,1.0,0.5,0.0,0.0,0
10,0,0,0,453,57,11,3,5,2.2,0,TypeScript,2021-2023,1.0,7.81,0.25,0.18,0
12,0,0,0,0,4,1,0,0,0.0,0,TypeScript,2021-2023,1.0,0.0,0.0,0.0,0
13,0,0,0,1,1,1,0,1,1.0,0,TypeScript,2021-2023,1.0,0.5,0.0,0.5,0
14,0,0,0,18,3,4,1,4,1.0,0,TypeScript,2021-2023,1.0,4.5,0.2,0.2,0
15,0,0,0,15,7,3,0,2,2.5,0,TypeScript,2021-2023,1.0,1.88,0.0,0.62,0
22,0,0,1,1,1,1,0,0,0.0,0,TypeScript,2021-2023,1.0,0.5,0.0,0.0,1
23,0,0,1,40,7,2,1,1,1.0,0,TypeScript,2021-2023,1.0,5.0,0.33,0.33,0
1,1,0,1,2,2,2,0,0,0.0,0,TypeScript,2021-2023,1.0,0.67,0.0,0.0,0
1,1,0,1,6,6,1,1,0,0.0,0,TypeScript,2021-2023,1.0,0.86,0.5,0.0,0
1,1,0,1,4,4,1,1,0,0.0,0,TypeScript,2021-2023,1.0,0.8,0.5,0.0,0
1,1,0,1,2,2,1,1,2,1.0,0,TypeScript,2021-2023,1.0,0.67,0.5,0.5,0
2,1,0,1,1,1,1,0,0,0.0,0,TypeScript,2021-2023,1.0,0.5,0.0,0.0,0
4,1,0,1,2,2,1,1,0,0.0,0,TypeScript,2021-2023,1.0,0.67,0.5,0.0,0
9,1,0,0,2,2,1,1,0,0.0,0,TypeScript,2021-2023,1.0,0.67,0.5,0.0,0
10,1,0,0,17,4,3,1,0,0.0,0,TypeScript,2021-2023,1.0,3.4,0.25,0.0,0
12,1,0,0,130,135,6,0,8,3.12,0,TypeScript,2021-2023,1.0,0.96,0.0,0.45,0
15,1,0,0,9,1,1,0,1,5.0,0,TypeScript,2021-2023,1.0,4.5,0.0,2.5,0
15,1,0,0,1,1,1,0,0,0.0,0,TypeScript,2021-2023,1.0,0.5,0.0,0.0,0
16,1,0,0,2,2,1,0,1,12.0,0,TypeScript,2021-2023,1.0,0.67,0.0,6.0,0
20,1,0,0,1,0,1,0,0,0.0,0,TypeScript,2021-2023,1.0,1.0,0.0,0.0,0
23,1,0,1,2,2,1,0,0,0.0,0,TypeScript,2021-2023,1.0,0.67,0.0,0.0,0
0,2,0,1,1,1,1,1,0,0.0,0,TypeScript,2021-2023,1.0,0.5,0.5,0.0,0
3,2,0,1,7,1,2,1,1,1.0,0,TypeScript,2021-2023,1.0,3.5,0.33,0.33,0
4,2,0,1,3,3,2,1,2,1.0,0,TypeScript,2021-2023,1.0,0.75,0.33,0.33,0
4,2,0,1,3,3,2,1,1,1.0,0,TypeScript,2021-2023,1.0,0.75,0.33,0.33,0
4,2,0,1,1,1,1,1,0,0.0,0,TypeScript,2021-2023,1.0,0.5,0.5,0.0,0
4,2,0,1,1,1,1,1,1,1.0,0,TypeScript,2021-2023,1.0,0.5,0.5,0.5,0
9,2,0,0,16,16,1,0,0,0.0,0,TypeScript,2021-2023,1.0,0.94,0.0,0.0,0
9,2,0,0,93,0,5,1,9,1.44,0,TypeScript,2021-2023,1.0,93.0,0.17,0.24,0
10,2,0,0,7,7,6,0,0,0.0,0,TypeScript,2021-2023,1.0,0.88,0.0,0.0,1
10,2,0,0,164,134,1,0,0,0.0,0,TypeScript,2021-2023,1.0,1.21,0.0,0.0,0
10,2,0,0,8,5,2,0,0,0.0,0,TypeScript,2021-2023,1.0,1.33,0.0,0.0,0
10,2,0,0,173,0,4,1,2,9.5,0,TypeScript,2021-2023,1.0,173.0,0.2,1.9,0
10,2,0,0,80,164,13,4,12,1.0,0,TypeScript,2021-2023,1.0,0.48,0.29,0.07,0
11,2,0,0,3,15,1,0,0,0.0,0,TypeScript,2021-2023,1.0,0.19,0.0,0.0,0
11,2,0,0,228,11,1,0,0,0.0,0,TypeScript,2021-2023,1.0,19.0,0.0,0.0,0
11,2,0,0,17,1,2,1,4,1.0,0,TypeScript,2021-2023,1.0,8.5,0.33,0.33,0
11,2,0,0,1,1,1,0,0,0.0,0,TypeScript,2021-2023,1.0,0.5,0.0,0.0,0
11,2,0,0,210,523,51,5,58,3.4,0,TypeScript,2021-2023,1.0,0.4,0.1,0.07,0
11,2,0,0,32,38,10,1,12,2.67,0,TypeScript,2021-2023,1.0,0.82,0.09,0.24,0
11,2,0,0,2,2,1,0,0,0.0,0,TypeScript,2021-2023,1.0,0.67,0.0,0.0,0
11,2,0,0,1,1,1,0,0,0.0,0,TypeScript,2021-2023,1.0,0.5,0.0,0.0,0
12,2,0,0,1,1,1,0,0,0.0,0,TypeScript,2021-2023,1.0,0.5,0.0,0.0,0
12,2,0,0,7,7,2,1,0,0.0,0,TypeScript,2021-2023,1.0,0.88,0.33,0.0,0
13,2,0,0,5,2,1,0,0,0.0,0,TypeScript,2021-2023,1.0,1.67,0.0,0.0,0
14,2,0,0,6,12,1,0,1,1.0,0,TypeScript,2021-2023,1.0,0.46,0.0,0.5,0
15,2,0,0,10,0,1,0,1,1.0,0,TypeScript,2021-2023,1.0,10.0,0.0,0.5,0
16,2,0,0,93,23,6,2,11,6.45,0,TypeScript,2021-2023,1.0,3.88,0.29,0.92,0
17,2,0,0,28,15,2,0,2,5.5,0,TypeScript,2021-2023,1.0,1.75,0.0,1.83,0
17,2,0,0,73,81,17,8,13,1.15,0,TypeScript,2021-2023,1.0,0.89,0.44,0.06,1
17,2,0,0,19,39,1,0,0,0.0,0,TypeScript,2021-2023,1.0,0.48,0.0,0.0,1
17,2,0,0,2,2,1,0,0,0.0,0,TypeScript,2021-2023,1.0,0.67,0.0,0.0,0
17,2,0,0,12,2,2,0,1,84.0,0,TypeScript,2021-2023,1.0,4.0,0.0,28.0,0
18,2,0,0,16,6,2,0,2,25.5,0,TypeScript,2021-2023,1.0,2.29,0.0,8.5,0
19,2,0,0,1,1,1,0,1,6.0,0,TypeScript,2021-2023,1.0,0.5,0.0,3.0,0
19,2,0,0,212,212,1,0,0,0.0,0,TypeScript,2021-2023,1.0,1.0,0.0,0.0,0
19,2,0,0,3,3,1,0,0,0.0,0,TypeScript,2021-2023,1.0,0.75,0.0,0.0,1
19,2,0,0,2,2,1,0,0,0.0,0,TypeScript,2021-2023,1.0,0.67,0.0,0.0,0
21,2,0,0,40,40,1,0,0,0.0,0,TypeScript,2021-2023,1.0,0.98,0.0,0.0,1
6,3,0,0,1,1,1,1,0,0.0,0,TypeScript,2021-2023,1.0,0.5,0.5,0.0,0
6,3,0,0,9,9,2,1,1,1.0,0,TypeScript,2021-2023,1.0,0.9,0.33,0.33,0
7,3,0,0,9,13,4,0,2,4.0,0,TypeScript,2021-2023,1.0,0.64,0.0,0.8,0
9,3,0,0,33,23,4,0,3,2.0,0,TypeScript,2021-2023,1.0,1.38,0.0,0.4,0
9,3,0,0,15,11,3,0,4,2.75,0,TypeScript,2021-2023,1.0,1.25,0.0,0.69,0
9,3,0,0,136,175,5,2,24,3.33,0,TypeScript,2021-2023,1.0,0.77,0.33,0.56,0
9,3,0,0,3425,3513,304,6,366,2.35,0,TypeScript,2021-2023,1.0,0.97,0.02,0.01,0
10,3,0,0,170,159,4,1,14,3.07,0,TypeScript,2021-2023,1.0,1.06,0.2,0.61,0
10,3,0,0,1,9,2,1,0,0.0,0,TypeScript,2021-2023,1.0,0.1,0.33,0.0,0
10,3,0,0,1,4,2,1,0,0.0,0,TypeScript,2021-2023,1.0,0.2,0.33,0.0,0
10,3,0,0,6,13,2,1,0,0.0,0,TypeScript,2021-2023,1.0,0.43,0.33,0.0,0
10,3,0,0,7,14,2,1,1,1.0,0,TypeScript,2021-2023,1.0,0.47,0.33,0.33,0
12,3,0,0,3,5,2,1,0,0.0,0,TypeScript,2021-2023,1.0,0.5,0.33,0.0,0
12,3,0,0,1,1,1,0,1,1.0,0,TypeScript,2021-2023,1.0,0.5,0.0,0.5,0
13,3,0,0,185,209,17,1,22,3.64,0,TypeScript,2021-2023,1.0,0.88,0.06,0.2,0
14,3,0,0,6,18,8,4,0,0.0,0,TypeScript,2021-2023,1.0,0.32,0.44,0.0,0
14,3,0,0,0,4,2,1,0,0.0,0,TypeScript,2021-2023,1.0,0.0,0.33,0.0,0
14,3,0,0,1,9,2,1,0,0.0,0,TypeScript,2021-2023,1.0,0.1,0.33,0.0,0
14,3,0,0,30,38,2,1,2,1.0,0,TypeScript,2021-2023,1.0,0.77,0.33,0.33,0
14,3,0,0,1,8,2,1,0,0.0,0,TypeScript,2021-2023,1.0,0.11,0.33,0.0,0
14,3,0,0,1,13,2,1,1,1.0,0,TypeScript,2021-2023,1.0,0.07,0.33,0.33,0
14,3,0,0,36,50,2,1,3,1.0,0,TypeScript,2021-2023,1.0,0.71,0.33,0.33,0
14,3,0,0,106,84,9,0,7,1.57,0,TypeScript,2021-2023,1.0,1.25,0.0,0.16,0
15,3,0,0,1,0,1,0,1,1.0,0,TypeScript,2021-2023,1.0,1.0,0.0,0.5,0
15,3,0,0,4,4,4,0,0,0.0,0,TypeScript,2021-2023,1.0,0.8,0.0,0.0,0
16,3,0,0,0,3,1,1,0,0.0,0,TypeScript,2021-2023,1.0,0.0,0.5,0.0,0
16,3,0,0,0,6,2,1,0,0.0,0,TypeScript,2021-2023,1.0,0.0,0.33,0.0,0
16,3,0,0,38,43,2,1,4,1.25,0,TypeScript,2021-2023,1.0,0.86,0.33,0.42,0
16,3,0,0,2,4,2,1,0,0.0,0,TypeScript,2021-2023,1.0,0.4,0.33,0.0,0
16,3,0,0,19,32,2,1,2,1.0,0,TypeScript,2021-2023,1.0,0.58,0.33,0.33,0
16,3,0,0,4,10,1,1,0,0.0,0,TypeScript,2021-2023,1.0,0.36,0.5,0.0,0
17,3,0,0,16,26,4,2,0,0.0,0,TypeScript,2021-2023,1.0,0.59,0.4,0.0,0
17,3,0,0,3,3,2,0,1,3.0,0,TypeScript,2021-2023,1.0,0.75,0.0,1.0,0
18,3,0,0,12,1,4,0,2,4.5,0,TypeScript,2021-2023,1.0,6.0,0.0,0.9,0
19,3,0,0,77,27,3,1,2,2.5,0,TypeScript,2021-2023,1.0,2.75,0.25,0.62,0
19,3,0,0,1,1,1,0,0,0.0,0,TypeScript,2021-2023,1.0,0.5,0.0,0.0,0
19,3,0,0,2,2,1,0,0,0.0,0,TypeScript,2021-2023,1.0,0.67,0.0,0.0,0
20,3,0,0,1,1,1,0,0,0.0,0,TypeScript,2021-2023,1.0,0.5,0.0,0.0,1
20,3,0,0,27,12,1,0,3,1.0,0,TypeScript,2021-2023,1.0,2.08,0.0,0.5,1
21,3,0,0,5,1,1,0,0,0.0,0,TypeScript,2021-2023,1.0,2.5,0.0,0.0,0
21,3,0,0,1,1,1,0,0,0.0,0,TypeScript,2021-2023,1.0,0.5,0.0,0.0,1
21,3,0,0,2,2,1,0,0,0.0,0,TypeScript,2021-2023,1.0,0.67,0.0,0.0,1
21,3,0,0,45,18,3,0,2,4.5,0,TypeScript,2021-2023,1.0,2.37,0.0,1.12,1
22,3,0,1,1,3,1,0,1,8.0,0,TypeScript,2021-2023,1.0,0.25,0.0,4.0,1
9,4,0,0,1,1,1,0,0,0.0,0,TypeScript,2021-2023,1.0,0.5,0.0,0.0,0
9,4,0,0,4,2,1,0,0,0.0,0,TypeScript,2021-2023,1.0,1.33,0.0,0.0,0
9,4,0,0,1,1,1,0,0,0.0,0,TypeScript,2021-2023,1.0,0.5,0.0,0.0,0
10,4,0,0,8,4,5,0,0,0.0,0,TypeScript,2021-2023,1.0,1.6,0.0,0.0,0
10,4,0,0,290,91,31,4,24,1.96,0,TypeScript,2021-2023,1.0,3.15,0.12,0.06,0
11,4,0,0,3,12,1,1,1,1.0,0,TypeScript,2021-2023,1.0,0.23,0.5,0.5,0
11,4,0,0,28,184,4,0,0,0.0,0,TypeScript,2021-2023,1.0,0.15,0.0,0.0,0
12,4,0,0,212,332,27,1,26,2.54,0,TypeScript,2021-2023,1.0,0.64,0.04,0.09,0
13,4,0,0,7,2,3,1,1,2.0,0,TypeScript,2021-2023,1.0,2.33,0.25,0.5,0
13,4,0,0,6,5,2,0,0,0.0,0,TypeScript,2021-2023,1.0,1.0,0.0,0.0,0
14,4,0,0,194,321,3,1,3,4.0,0,TypeScript,2021-2023,1.0,0.6,0.25,1.0,0
15,4,0,0,4,4,2,1,0,0.0,0,TypeScript,2021-2023,1.0,0.8,0.33,0.0,0
16,4,0,0,324,30,12,0,12,1.0,0,TypeScript,2021-2023,1.0,10.45,0.0,0.08,0
16,4,0,0,6,1,1,0,1,15.0,1,TypeScript,2021-2023,0.4,3.0,0.0,7.5,0
16,4,0,0,13,13,1,0,2,1.0,0,TypeScript,2021-2023,1.0,0.93,0.0,0.5,1
16,4,0,0,1506,14,8,2,3,1.0,1,TypeScript,2021-2023,0.4,100.4,0.22,0.11,2
17,4,0,0,81,80,11,1,0,0.0,0,TypeScript,2021-2023,1.0,1.0,0.08,0.0,0
19,4,0,0,5969,22,122,15,865,1.01,0,TypeScript,2021-2023,1.0,259.52,0.12,0.01,0
21,4,0,0,3,3,1,0,0,0.0,0,TypeScript,2021-2023,1.0,0.75,0.0,0.0,1
22,4,0,1,3,4,3,0,1,1.0,1,TypeScript,2021-2023,0.4,0.6,0.0,0.25,1
22,4,0,1,101,0,5,1,0,0.0,0,TypeScript,2021-2023,1.0,101.0,0.17,0.0,0
0,5,1,1,4,3,2,0,0,0.0,1,TypeScript,2021-2023,0.4,1.0,0.0,0.0,2
4,5,1,1,6,2,2,1,4,1.0,0,TypeScript,2021-2023,1.0,2.0,0.33,0.33,0
5,5,1,1,1,4,2,1,0,0.0,0,TypeScript,2021-2023,1.0,0.2,0.33,0.0,0
10,5,1,0,8,8,2,0,0,0.0,0,TypeScript,2021-2023,1.0,0.89,0.0,0.0,0
14,5,1,0,201,162,14,2,5,3.6,0,TypeScript,2021-2023,1.0,1.23,0.13,0.24,0
15,5,1,0,111,185,21,10,8,2.25,1,TypeScript,2021-2023,0.4,0.6,0.45,0.1,3
15,5,1,0,16,16,2,0,0,0.0,0,TypeScript,2021-2023,1.0,0.94,0.0,0.0,4
19,5,1,0,41,1,3,0,0,0.0,1,TypeScript,2021-2023,0.4,20.5,0.0,0.0,0
20,5,1,0,74,5,2,0,0,0.0,0,TypeScript,2021-2023,1.0,12.33,0.0,0.0,0
21,5,1,0,2,0,1,0,0,0.0,0,TypeScript,2021-2023,1.0,2.0,0.0,0.0,1
21,5,1,0,4,9,1,0,2,6.0,0,TypeScript,2021-2023,1.0,0.4,0.0,3.0,0
22,5,1,1,0,2,2,0,0,0.0,0,TypeScript,2021-2023,1.0,0.0,0.0,0.0,1
15,0,0,0,133,108,81,28,0,0.0,0,TypeScript,2024-2026,1.0,1.22,0.34,0.0,0
21,0,0,0,1,0,1,0,0,0.0,0,TypeScript,2024-2026,1.0,1.0,0.0,0.0,0
10,5,1,0,15,1,3,1,2,3.0,0,TypeScript,2024-2026,1.0,7.5,0.25,0.75,0
21,6,1,0,1,1,1,0,0,0.0,0,TypeScript,2024-2026,1.0,0.5,0.0,0.0,0
23,1,0,1,1,3,1,0,1,5.0,0,TypeScript,2024-2026,1.0,0.25,0.0,2.5,0
23,1,0,1,1,1,1,0,0,0.0,0,TypeScript,2024-2026,1.0,0.5,0.0,0.0,0
7,3,0,0,51,20,3,1,0,0.0,0,TypeScript,2024-2026,1.0,2.43,0.25,0.0,0
7,5,1,0,20,17,3,0,2,2.5,0,TypeScript,2024-2026,1.0,1.11,0.0,0.62,0
7,5,1,0,4,42,3,0,0,0.0,0,TypeScript,2024-2026,1.0,0.09,0.0,0.0,0
7,5,1,0,1,15,2,0,0,0.0,0,TypeScript,2024-2026,1.0,0.06,0.0,0.0,0
10,5,1,0,52,4,2,1,1,33.0,0,TypeScript,2024-2026,1.0,10.4,0.33,11.0,0
20,5,1,0,2,2,1,0,1,12.0,0,TypeScript,2024-2026,1.0,0.67,0.0,6.0,0
9,0,0,0,11,11,2,0,0,0.0,0,TypeScript,2024-2026,1.0,0.92,0.0,0.0,0
9,5,1,0,37,2,2,1,2,8.5,0,TypeScript,2024-2026,1.0,12.33,0.33,2.83,0
11,5,1,0,1,1,1,0,0,0.0,0,TypeScript,2024-2026,1.0,0.5,0.0,0.0,0
16,5,1,0,553,550,4,0,1,2.0,0,TypeScript,2024-2026,1.0,1.0,0.0,0.4,0
21,5,1,0,2,2,1,0,0,0.0,0,TypeScript,2024-2026,1.0,0.67,0.0,0.0,0
16,6,1,0,0,2,1,0,0,0.0,0,TypeScript,2024-2026,1.0,0.0,0.0,0.0,0
11,0,0,0,6,0,1,0,0,0.0,0,TypeScript,2024-2026,1.0,6.0,0.0,0.0,0
18,0,0,0,27,81,1,0,0,0.0,0,TypeScript,2024-2026,1.0,0.33,0.0,0.0,0
18,1,0,0,18,14,5,1,3,13.0,0,TypeScript,2024-2026,1.0,1.2,0.17,2.17,0
18,1,0,0,1,1,1,0,0,0.0,0,TypeScript,2024-2026,1.0,0.5,0.0,0.0,0
11,4,0,0,33,0,1,1,1,1.0,0,TypeScript,2024-2026,1.0,33.0,0.5,0.5,0
18,4,0,0,2,2,1,0,0,0.0,0,TypeScript,2024-2026,1.0,0.67,0.0,0.0,0
8,5,1,0,1,1,1,0,0,0.0,0,TypeScript,2024-2026,1.0,0.5,0.0,0.0,0
10,5,1,0,5,20,3,0,1,5.0,0,TypeScript,2024-2026,1.0,0.24,0.0,1.25,0
10,5,1,0,102,0,1,1,4,1.0,0,TypeScript,2024-2026,1.0,102.0,0.5,0.5,0
11,5,1,0,72,7,4,2,1,1.0,0,TypeScript,2024-2026,1.0,9.0,0.4,0.2,0
11,5,1,0,1,1,1,0,0,0.0,0,TypeScript,2024-2026,1.0,0.5,0.0,0.0,0
16,5,1,0,1,0,1,0,0,0.0,0,TypeScript,2024-2026,1.0,1.0,0.0,0.0,0
9,6,1,0,376,36,7,2,8,2.12,0,TypeScript,2024-2026,1.0,10.16,0.25,0.26,0
8,0,0,0,1,1,1,0,0,0.0,0,TypeScript,2024-2026,1.0,0.5,0.0,0.0,0
10,6,1,0,48,1,2,1,2,2.0,0,TypeScript,2024-2026,1.0,24.0,0.33,0.67,0
10,6,1,0,53,1,2,1,3,4.67,0,TypeScript,2024-2026,1.0,26.5,0.33,1.56,0
10,6,1,0,45,2,3,2,4,1.25,0,TypeScript,2024-2026,1.0,15.0,0.5,0.31,0
10,6,1,0,174,0,3,3,3,1.0,0,TypeScript,2024-2026,1.0,174.0,0.75,0.25,0
10,6,1,0,6,9,2,1,2,1.0,0,TypeScript,2024-2026,1.0,0.6,0.33,0.33,0
9,0,0,0,2,0,1,0,1,4.0,0,TypeScript,2024-2026,1.0,2.0,0.0,2.0,0
9,3,0,0,1,1,1,0,0,0.0,0,TypeScript,2024-2026,1.0,0.5,0.0,0.0,0
22,3,0,1,7,72,4,2,1,1.0,0,TypeScript,2024-2026,1.0,0.1,0.4,0.2,0
22,3,0,1,1,1,1,0,0,0.0,0,TypeScript,2024-2026,1.0,0.5,0.0,0.0,0
16,4,0,0,22,1,2,1,1,1.0,0,TypeScript,2024-2026,1.0,11.0,0.33,0.33,0
17,4,0,0,17,0,1,1,1,1.0,0,TypeScript,2024-2026,1.0,17.0,0.5,0.5,0
8,5,1,0,4,2,1,0,1,31.0,0,TypeScript,2024-2026,1.0,1.33,0.0,15.5,0
12,6,1,0,14,2,3,1,0,0.0,0,TypeScript,2024-2026,1.0,4.67,0.25,0.0,0
9,1,0,0,53,1,2,1,4,10.0,0,TypeScript,2024-2026,1.0,26.5,0.33,3.33,0
8,5,1,0,1,1,1,0,0,0.0,0,TypeScript,2024-2026,1.0,0.5,0.0,0.0,0
9,5,1,0,102,3,2,1,5,4.0,0,TypeScript,2024-2026,1.0,25.5,0.33,1.33,0
9,5,1,0,109,8,6,1,3,3.0,0,TypeScript,2024-2026,1.0,12.11,0.14,0.43,0
9,2,0,0,84,0,1,1,1,1.0,0,TypeScript,2024-2026,1.0,84.0,0.5,0.5,0
11,5,1,0,149,122,11,2,3,4.67,0,TypeScript,2024-2026,1.0,1.21,0.17,0.39,0
11,5,1,0,66,0,2,1,4,2.25,0,TypeScript,2024-2026,1.0,66.0,0.33,0.75,0
14,5,1,0,29,44,1,0,2,4.0,0,TypeScript,2024-2026,1.0,0.64,0.0,2.0,0
14,5,1,0,9,27,5,2,4,2.5,0,TypeScript,2024-2026,1.0,0.32,0.33,0.42,0
14,5,1,0,919,877,2,0,0,0.0,0,TypeScript,2024-2026,1.0,1.05,0.0,0.0,0
18,6,1,0,1158,1034,31,24,22,1.09,0,TypeScript,2024-2026,1.0,1.12,0.75,0.03,0
11,6,1,0,1,0,1,0,0,0.0,0,TypeScript,2024-2026,1.0,1.0,0.0,0.0,0
7,5,1,0,1,1,1,0,0,0.0,0,TypeScript,2024-2026,1.0,0.5,0.0,0.0,0
16,5,1,0,36,3,3,1,0,0.0,0,TypeScript,2024-2026,1.0,9.0,0.25,0.0,0
7,3,0,0,88,63,5,4,6,1.17,0,TypeScript,2024-2026,1.0,1.38,0.67,0.19,0
10,0,0,0,1,2,1,0,0,0.0,0,TypeScript,2024-2026,1.0,0.33,0.0,0.0,0
11,5,1,0,1124,1496,3,1,2,1.0,0,TypeScript,2024-2026,1.0,0.75,0.25,0.25,0
11,5,1,0,1,1,1,0,0,0.0,0,TypeScript,2024-2026,1.0,0.5,0.0,0.0,0
12,5,1,0,3,3,1,0,0,0.0,0,TypeScript,2024-2026,1.0,0.75,0.0,0.0,0
12,5,1,0,278,0,6,2,6,1.0,0,TypeScript,2024-2026,1.0,278.0,0.29,0.14,0
12,5,1,0,25,15,2,0,1,1.0,0,TypeScript,2024-2026,1.0,1.56,0.0,0.33,0
10,1,0,0,281,1,3,2,5,2.2,0,TypeScript,2024-2026,1.0,140.5,0.5,0.55,0
11,3,0,0,90,1,2,1,0,0.0,0,TypeScript,2024-2026,1.0,45.0,0.33,0.0,0
9,5,1,0,1,1,1,0,0,0.0,0,TypeScript,2024-2026,1.0,0.5,0.0,0.0,0
9,5,1,0,253,41,3,2,5,1.6,0,TypeScript,2024-2026,1.0,6.02,0.5,0.4,0
10,5,1,0,34,1,3,2,2,19.0,0,TypeScript,2024-2026,1.0,17.0,0.5,4.75,0
15,1,0,0,33,49,4,2,3,1.0,0,TypeScript,2024-2026,1.0,0.66,0.4,0.2,0
19,1,0,0,1,1,1,0,0,0.0,0,TypeScript,2024-2026,1.0,0.5,0.0,0.0,0
10,5,1,0,1,1,1,0,0,0.0,0,TypeScript,2024-2026,1.0,0.5,0.0,0.0,0
11,5,1,0,693,679,2,0,0,0.0,0,TypeScript,2024-2026,1.0,1.02,0.0,0.0,0
9,6,1,0,1,1,1,0,0,0.0,0,TypeScript,2024-2026,1.0,0.5,0.0,0.0,0
20,6,1,0,33,2,2,1,1,1.0,0,TypeScript,2024-2026,1.0,11.0,0.33,0.33,0
11,6,1,0,45,0,2,1,3,3.0,0,TypeScript,2024-2026,1.0,45.0,0.33,1.0,0
8,1,0,0,262,2,6,5,14,1.64,0,TypeScript,2024-2026,1.0,87.33,0.71,0.23,0
22,2,0,1,1,0,1,0,0,0.0,0,TypeScript,2024-2026,1.0,1.0,0.0,0.0,0
14,4,0,0,14,9,1,0,1,7.0,0,TypeScript,2024-2026,1.0,1.4,0.0,3.5,0
7,1,0,0,1,1,1,0,0,0.0,0,TypeScript,2024-2026,1.0,0.5,0.0,0.0,0
17,1,0,0,86,1,2,1,0,0.0,0,TypeScript,2024-2026,1.0,43.0,0.33,0.0,0
8,1,0,0,18,5,4,2,0,0.0,0,TypeScript,2024-2026,1.0,3.0,0.4,0.0,0
8,1,0,0,98,2,4,1,3,1.67,0,TypeScript,2024-2026,1.0,32.67,0.2,0.33,0
7,5,1,0,1,1,1,0,0,0.0,0,TypeScript,2024-2026,1.0,0.5,0.0,0.0,0
8,5,1,0,863,1,8,3,19,1.05,0,TypeScript,2024-2026,1.0,431.5,0.33,0.12,0
22,5,1,1,37,8,3,0,0,0.0,0,TypeScript,2024-2026,1.0,4.11,0.0,0.0,0
12,0,0,0,138,2,3,1,2,21.0,0,TypeScript,2024-2026,1.0,46.0,0.25,5.25,0
20,0,0,0,5,18,4,2,0,0.0,0,TypeScript,2024-2026,1.0,0.26,0.4,0.0,0
10,2,0,0,1,2,1,0,0,0.0,0,TypeScript,2024-2026,1.0,0.33,0.0,0.0,0
9,3,0,0,1,1,1,0,0,0.0,0,TypeScript,2024-2026,1.0,0.5,0.0,0.0,0
10,3,0,0,18,18,2,0,0,0.0,0,TypeScript,2024-2026,1.0,0.95,0.0,0.0,0
11,4,0,0,20,21,1,0,0,0.0,0,TypeScript,2024-2026,1.0,0.91,0.0,0.0,0
11,6,1,0,166,7,3,2,8,1.75,0,TypeScript,2024-2026,1.0,20.75,0.5,0.44,0
11,6,1,0,10,2,3,0,0,0.0,0,TypeScript,2024-2026,1.0,3.33,0.0,0.0,0
11,6,1,0,33,0,1,0,3,1.0,0,TypeScript,2024-2026,1.0,33.0,0.0,0.5,0
11,6,1,0,164,6,5,1,6,10.83,0,TypeScript,2024-2026,1.0,23.43,0.17,1.8,0
12,6,1,0,131,2,2,1,4,1.0,0,TypeScript,2024-2026,1.0,43.67,0.33,0.33,0
8,1,0,0,156,1,2,1,2,23.0,0,TypeScript,2024-2026,1.0,78.0,0.33,7.67,0
21,2,0,0,8,10,4,0,2,1.0,0,TypeScript,2024-2026,1.0,0.73,0.0,0.2,0
9,3,0,0,7,5,1,0,5,2.0,0,TypeScript,2024-2026,1.0,1.17,0.0,1.0,0
9,4,0,0,18,18,2,0,0,0.0,0,TypeScript,2024-2026,1.0,0.95,0.0,0.0,0
19,4,0,0,706,51,4,2,16,1.0,0,TypeScript,2024-2026,1.0,13.58,0.4,0.2,0
20,4,0,0,132,0,2,2,0,0.0,0,TypeScript,2024-2026,1.0,132.0,0.67,0.0,0
22,4,0,1,18,18,2,0,0,0.0,0,TypeScript,2024-2026,1.0,0.95,0.0,0.0,0
8,5,1,0,9,3,2,0,0,0.0,0,TypeScript,2024-2026,1.0,2.25,0.0,0.0,0
10,5,1,0,532,534,8,1,1,1.0,0,TypeScript,2024-2026,1.0,0.99,0.11,0.11,0
13,5,1,0,1,1,1,0,0,0.0,0,TypeScript,2024-2026,1.0,0.5,0.0,0.0,0
21,5,1,0,30,5,2,1,2,6.5,0,TypeScript,2024-2026,1.0,5.0,0.33,2.17,0
17,6,1,0,15,18,2,2,2,2.0,0,TypeScript,2024-2026,1.0,0.79,0.67,0.67,0
8,1,0,0,1,1,1,0,0,0.0,0,TypeScript,2024-2026,1.0,0.5,0.0,0.0,0
12,6,1,0,1,3,2,1,2,9.0,0,TypeScript,2024-2026,1.0,0.25,0.33,3.0,0
9,0,0,0,50,17,3,1,0,0.0,0,TypeScript,2024-2026,1.0,2.78,0.25,0.0,0
16,3,0,0,79,68,8,5,13,2.0,0,TypeScript,2024-2026,1.0,1.14,0.56,0.22,0
17,3,0,0,5,1,2,1,1,1.0,0,TypeScript,2024-2026,1.0,2.5,0.33,0.33,0
18,3,0,0,106,97,7,0,1,1.0,0,TypeScript,2024-2026,1.0,1.08,0.0,0.12,0
8,4,0,0,90,6,2,1,3,14.67,0,TypeScript,2024-2026,1.0,12.86,0.33,4.89,0
14,6,1,0,1,1,1,0,0,0.0,0,TypeScript,2024-2026,1.0,0.5,0.0,0.0,0
15,6,1,0,82,1,3,1,4,3.25,0,TypeScript,2024-2026,1.0,41.0,0.25,0.81,0
23,6,1,1,128,3,3,1,2,1.0,0,TypeScript,2024-2026,1.0,32.0,0.25,0.25,0
21,0,0,0,107,15,8,1,2,1.0,0,TypeScript,2024-2026,1.0,6.69,0.11,0.11,0
10,5,1,0,6,2,1,0,1,4.0,0,TypeScript,2024-2026,1.0,2.0,0.0,2.0,0
11,6,1,0,1,1,1,0,0,0.0,0,TypeScript,2024-2026,1.0,0.5,0.0,0.0,0
9,2,0,0,1,6,1,0,1,4.0,0,TypeScript,2024-2026,1.0,0.14,0.0,2.0,0
9,2,0,0,1,1,1,0,0,0.0,0,TypeScript,2024-2026,1.0,0.5,0.0,0.0,0
0,1,0,1,43,0,1,1,1,1.0,0,TypeScript,2024-2026,1.0,43.0,0.5,0.5,0
14,3,0,0,7,7,6,1,0,0.0,0,TypeScript,2024-2026,1.0,0.88,0.14,0.0,0
18,6,1,0,9,4,2,0,0,0.0,0,TypeScript,2024-2026,1.0,1.8,0.0,0.0,0
11,2,0,0,107,7,2,1,6,2.0,0,TypeScript,2024-2026,1.0,13.38,0.33,0.67,0
8,5,1,0,1,1,1,0,0,0.0,0,TypeScript,2024-2026,1.0,0.5,0.0,0.0,0
12,5,1,0,249,34,10,2,14,8.36,0,TypeScript,2024-2026,1.0,7.11,0.18,0.76,0
10,0,0,0,1,1,1,0,0,0.0,0,TypeScript,2024-2026,1.0,0.5,0.0,0.0,0
11,0,0,0,734,549,26,3,4,1.0,0,TypeScript,2024-2026,1.0,1.33,0.11,0.04,0
14,0,0,0,28,4,2,0,0,0.0,0,TypeScript,2024-2026,1.0,5.6,0.0,0.0,0
14,0,0,0,32,3,2,0,2,1.0,0,TypeScript,2024-2026,1.0,8.0,0.0,0.33,0
16,0,0,0,1,1,1,0,0,0.0,0,TypeScript,2024-2026,1.0,0.5,0.0,0.0,0
22,0,0,1,3,124,3,1,1,1.0,0,TypeScript,2024-2026,1.0,0.02,0.25,0.25,0
8,1,0,0,144,1,3,1,11,1.0,0,TypeScript,2024-2026,1.0,72.0,0.25,0.25,0
2,2,0,1,41,10,2,1,4,1.0,0,TypeScript,2024-2026,1.0,3.73,0.33,0.33,0
5,2,0,1,97,39,2,1,0,0.0,0,TypeScript,2024-2026,1.0,2.42,0.33,0.0,0
11,2,0,0,812,1,4,3,8,3.0,0,TypeScript,2024-2026,1.0,406.0,0.6,0.6,0
8,3,0,0,4,4,3,0,0,0.0,0,TypeScript,2024-2026,1.0,0.8,0.0,0.0,1
8,3,0,0,313,11,14,4,18,1.0,0,TypeScript,2024-2026,1.0,26.08,0.27,0.07,0
16,3,0,0,2,2,2,0,0,0.0,0,TypeScript,2024-2026,1.0,0.67,0.0,0.0,0
5,4,0,1,53,1,2,1,2,1.0,0,TypeScript,2024-2026,1.0,26.5,0.33,0.33,0
16,4,0,0,3,2,2,1,1,1.0,0,TypeScript,2024-2026,1.0,1.0,0.33,0.33,0
22,4,0,1,18,8,2,1,2,1.0,0,TypeScript,2024-2026,1.0,2.0,0.33,0.33,0
9,5,1,0,764,0,5,1,2,1.5,0,TypeScript,2024-2026,1.0,764.0,0.17,0.25,0
2,6,1,1,4,0,2,1,1,1.0,0,TypeScript,2024-2026,1.0,4.0,0.33,0.33,0
18,6,1,0,12,1,2,1,1,2.0,0,TypeScript,2024-2026,1.0,6.0,0.33,0.67,0
21,6,1,0,5,1,1,0,1,21.0,0,TypeScript,2024-2026,1.0,2.5,0.0,10.5,0
8,0,0,0,2,1,1,0,0,0.0,0,TypeScript,2024-2026,1.0,1.0,0.0,0.0,0
11,0,0,0,678,3,7,2,8,1.75,0,TypeScript,2024-2026,1.0,169.5,0.25,0.22,0
13,0,0,0,0,8,2,0,0,0.0,0,TypeScript,2024-2026,1.0,0.0,0.0,0.0,0
13,0,0,0,5,5,3,0,0,0.0,0,TypeScript,2024-2026,1.0,0.83,0.0,0.0,1
15,0,0,0,76,24,3,1,0,0.0,0,TypeScript,2024-2026,1.0,3.04,0.25,0.0,0
15,0,0,0,11,8,1,0,0,0.0,0,TypeScript,2024-2026,1.0,1.22,0.0,0.0,0
15,0,0,0,3,22,4,0,0,0.0,0,TypeScript,2024-2026,1.0,0.13,0.0,0.0,0
16,0,0,0,18,1,2,1,0,0.0,0,TypeScript,2024-2026,1.0,9.0,0.33,0.0,0
16,0,0,0,26,1,2,0,0,0.0,0,TypeScript,2024-2026,1.0,13.0,0.0,0.0,0
16,0,0,0,66,0,2,1,1,2.0,0,TypeScript,2024-2026,1.0,66.0,0.33,0.67,0
17,0,0,0,50,2,2,1,2,1.0,0,TypeScript,2024-2026,1.0,16.67,0.33,0.33,0
19,0,0,0,3,3,2,0,0,0.0,0,TypeScript,2024-2026,1.0,0.75,0.0,0.0,0
23,0,0,1,8,8,2,0,0,0.0,0,TypeScript,2024-2026,1.0,0.89,0.0,0.0,0
23,0,0,1,9,0,2,1,2,3.5,0,TypeScript,2024-2026,1.0,9.0,0.33,1.17,0
10,1,0,0,1,1,1,0,0,0.0,0,TypeScript,2024-2026,1.0,0.5,0.0,0.0,0
10,1,0,0,4,100,8,1,8,1.0,0,TypeScript,2024-2026,1.0,0.04,0.11,0.11,0
11,1,0,0,0,107,5,1,1,1.0,0,TypeScript,2024-2026,1.0,0.0,0.17,0.17,0
13,1,0,0,7,807,12,1,44,1.0,0,TypeScript,2024-2026,1.0,0.01,0.08,0.08,0
23,1,0,1,889,0,2,1,0,0.0,0,TypeScript,2024-2026,1.0,889.0,0.33,0.0,0
6,2,0,0,38,16,2,0,2,1.0,0,TypeScript,2024-2026,1.0,2.24,0.0,0.33,0
6,2,0,0,44,0,2,1,2,2.0,0,TypeScript,2024-2026,1.0,44.0,0.33,0.67,0
11,2,0,0,1,1,1,0,0,0.0,0,TypeScript,2024-2026,1.0,0.5,0.0,0.0,0
11,2,0,0,56,6,3,1,0,0.0,0,TypeScript,2024-2026,1.0,8.0,0.25,0.0,0
12,2,0,0,5,301,12,1,3,1.0,0,TypeScript,2024-2026,1.0,0.02,0.08,0.08,0
12,2,0,0,49,11,3,1,2,1.0,0,TypeScript,2024-2026,1.0,4.08,0.25,0.25,0
13,2,0,0,265,10,2,0,1,1.0,0,TypeScript,2024-2026,1.0,24.09,0.0,0.33,0
13,2,0,0,322,64,2,0,0,0.0,0,TypeScript,2024-2026,1.0,4.95,0.0,0.0,0
13,2,0,0,2,2,1,0,0,0.0,0,TypeScript,2024-2026,1.0,0.67,0.0,0.0,0
23,2,0,1,5,4,2,1,1,1.0,0,TypeScript,2024-2026,1.0,1.0,0.33,0.33,0
11,3,0,0,465,476,3,0,23,1.0,0,TypeScript,2024-2026,1.0,0.97,0.0,0.25,0
6,4,0,0,7,1,1,0,0,0.0,0,TypeScript,2024-2026,1.0,3.5,0.0,0.0,0
8,4,0,0,36,32,2,0,0,0.0,0,TypeScript,2024-2026,1.0,1.09,0.0,0.0,0
13,4,0,0,1,1,1,0,0,0.0,0,TypeScript,2024-2026,1.0,0.5,0.0,0.0,0
13,4,0,0,31,1,2,1,1,1.0,0,TypeScript,2024-2026,1.0,15.5,0.33,0.33,0
15,4,0,0,15,1,3,1,2,1.0,0,TypeScript,2024-2026,1.0,7.5,0.25,0.25,0
18,4,0,0,1,1,1,0,0,0.0,0,TypeScript,2024-2026,1.0,0.5,0.0,0.0,0
21,4,0,0,252,27,3,1,5,1.0,0,TypeScript,2024-2026,1.0,9.0,0.25,0.25,0
16,5,1,0,63,2,4,2,3,1.0,0,TypeScript,2024-2026,1.0,21.0,0.4,0.2,0
11,6,1,0,1,1,1,0,0,0.0,0,TypeScript,2024-2026,1.0,0.5,0.0,0.0,0
12,6,1,0,32,2,3,1,6,1.0,0,TypeScript,2024-2026,1.0,10.67,0.25,0.25,0
18,6,1,0,156,111,1,0,0,0.0,0,TypeScript,2024-2026,1.0,1.39,0.0,0.0,1
21,6,1,0,103,1,6,2,7,8.86,0,TypeScript,2024-2026,1.0,51.5,0.29,1.27,0
22,6,1,1,1356,1326,3,0,0,0.0,0,TypeScript,2024-2026,1.0,1.02,0.0,0.0,0
8,0,0,0,28,3,2,1,2,1.0,0,TypeScript,2024-2026,1.0,7.0,0.33,0.33,0
8,0,0,0,3,9,1,0,0,0.0,0,TypeScript,2024-2026,1.0,0.3,0.0,0.0,0
9,0,0,0,144,44,2,1,1,1.0,0,TypeScript,2024-2026,1.0,3.2,0.33,0.33,0
16,0,0,0,3,2,2,0,0,0.0,0,TypeScript,2024-2026,1.0,1.0,0.0,0.0,0
3,1,0,1,30,7,2,1,1,6.0,0,TypeScript,2024-2026,1.0,3.75,0.33,2.0,0
5,1,0,1,152,0,8,1,5,1.0,0,TypeScript,2024-2026,1.0,152.0,0.11,0.11,0
7,1,0,0,127,1,2,1,4,3.75,0,TypeScript,2024-2026,1.0,63.5,0.33,1.25,0
7,1,0,0,8,6,1,0,3,10.0,0,TypeScript,2024-2026,1.0,1.14,0.0,5.0,0
11,1,0,0,13,5,2,1,3,1.0,0,TypeScript,2024-2026,1.0,2.17,0.33,0.33,0
12,1,0,0,4,0,2,1,0,0.0,0,TypeScript,2024-2026,1.0,4.0,0.33,0.0,0
18,1,0,0,2,2,1,0,0,0.0,0,TypeScript,2024-2026,1.0,0.67,0.0,0.0,0
19,1,0,0,198,0,6,0,0,0.0,0,TypeScript,2024-2026,1.0,198.0,0.0,0.0,4
19,1,0,0,200,60,5,0,0,0.0,0,TypeScript,2024-2026,1.0,3.28,0.0,0.0,4
21,1,0,0,71,70,59,58,0,0.0,0,TypeScript,2024-2026,1.0,1.0,0.97,0.0,0
5,2,0,1,1,1,1,0,0,0.0,0,TypeScript,2024-2026,1.0,0.5,0.0,0.0,0
8,2,0,0,5,1,1,0,0,0.0,0,TypeScript,2024-2026,1.0,2.5,0.0,0.0,0
9,2,0,0,27,1,3,1,1,1.0,0,TypeScript,2024-2026,1.0,13.5,0.25,0.25,0
9,2,0,0,7,7,1,0,0,0.0,0,TypeScript,2024-2026,1.0,0.88,0.0,0.0,0
13,2,0,0,1,1,1,0,1,16.0,0,TypeScript,2024-2026,1.0,0.5,0.0,8.0,0
14,2,0,0,52,52,2,0,0,0.0,0,TypeScript,2024-2026,1.0,0.98,0.0,0.0,0
16,2,0,0,37,5,2,1,3,2.67,0,TypeScript,2024-2026,1.0,6.17,0.33,0.89,0
21,2,0,0,3,2,2,0,0,0.0,0,TypeScript,2024-2026,1.0,1.0,0.0,0.0,0
23,2,0,1,184,30,4,0,0,0.0,0,TypeScript,2024-2026,1.0,5.94,0.0,0.0,4
3,3,0,1,1,1,1,0,0,0.0,0,TypeScript,2024-2026,1.0,0.5,0.0,0.0,0
6,3,0,0,26,27,2,1,1,6.0,0,TypeScript,2024-2026,1.0,0.93,0.33,2.0,0
7,3,0,0,0,10,1,0,0,0.0,0,TypeScript,2024-2026,1.0,0.0,0.0,0.0,1
10,3,0,0,1,1,1,0,0,0.0,0,TypeScript,2024-2026,1.0,0.5,0.0,0.0,0
20,3,0,0,1,1,1,0,0,0.0,0,TypeScript,2024-2026,1.0,0.5,0.0,0.0,1
23,3,0,1,1,1,1,0,0,0.0,0,TypeScript,2024-2026,1.0,0.5,0.0,0.0,0
3,4,0,1,1,1,1,1,0,0.0,0,TypeScript,2024-2026,1.0,0.5,0.5,0.0,0
3,4,0,1,3,2,2,1,0,0.0,0,TypeScript,2024-2026,1.0,1.0,0.33,0.0,0
10,4,0,0,3,3,3,0,0,0.0,0,TypeScript,2024-2026,1.0,0.75,0.0,0.0,0
13,4,0,0,4,4,4,0,0,0.0,0,TypeScript,2024-2026,1.0,0.8,0.0,0.0,0
15,4,0,0,3,3,3,0,0,0.0,0,TypeScript,2024-2026,1.0,0.75,0.0,0.0,0
15,4,0,0,1,5,1,0,1,1.0,0,TypeScript,2024-2026,1.0,0.17,0.0,0.5,4
9,5,1,0,7,3,2,1,2,1.0,0,TypeScript,2024-2026,1.0,1.75,0.33,0.33,0
10,5,1,0,1,1,1,0,0,0.0,0,TypeScript,2024-2026,1.0,0.5,0.0,0.0,0
23,5,1,1,9,10,6,0,0,0.0,0,TypeScript,2024-2026,1.0,0.82,0.0,0.0,0
23,5,1,1,8,11,7,0,0,0.0,0,TypeScript,2024-2026,1.0,0.67,0.0,0.0,0
23,5,1,1,57,57,21,1,0,0.0,0,TypeScript,2024-2026,1.0,0.98,0.05,0.0,0
23,5,1,1,18,0,1,0,0,0.0,0,TypeScript,2024-2026,1.0,18.0,0.0,0.0,0
23,5,1,1,2,3,1,0,2,2.0,0,TypeScript,2024-2026,1.0,0.5,0.0,1.0,0
2,6,1,1,12,2,2,1,2,1.0,0,TypeScript,2024-2026,1.0,4.0,0.33,0.33,0
13,6,1,0,16,1,3,1,1,1.0,0,TypeScript,2024-2026,1.0,8.0,0.25,0.25,0
8,0,0,0,2,1,1,0,0,0.0,0,TypeScript,2024-2026,1.0,1.0,0.0,0.0,0
10,0,0,0,8,3,2,0,0,0.0,0,TypeScript,2024-2026,1.0,2.0,0.0,0.0,0
11,0,0,0,53,54,30,1,0,0.0,0,TypeScript,2024-2026,1.0,0.96,0.03,0.0,0
11,0,0,0,42,9,9,2,15,2.2,0,TypeScript,2024-2026,1.0,4.2,0.2,0.22,0
14,0,0,0,4,0,1,0,1,1.0,0,TypeScript,2024-2026,1.0,4.0,0.0,0.5,0
15,0,0,0,17,1,3,0,0,0.0,0,TypeScript,2024-2026,1.0,8.5,0.0,0.0,1
16,0,0,0,2,3,1,0,2,3.0,0,TypeScript,2024-2026,1.0,0.5,0.0,1.5,0
21,0,0,0,13,10,3,1,1,1.0,0,TypeScript,2024-2026,1.0,1.18,0.25,0.25,0
21,0,0,0,1,1,1,0,0,0.0,0,TypeScript,2024-2026,1.0,0.5,0.0,0.0,0
21,0,0,0,1,1,1,0,0,0.0,0,TypeScript,2024-2026,1.0,0.5,0.0,0.0,0
22,0,0,1,1,1,1,0,0,0.0,0,TypeScript,2024-2026,1.0,0.5,0.0,0.0,0
22,0,0,1,31,1,2,1,1,1.0,0,TypeScript,2024-2026,1.0,15.5,0.33,0.33,0
22,0,0,1,2,2,1,0,0,0.0,0,TypeScript,2024-2026,1.0,0.67,0.0,0.0,0
23,0,0,1,1,1,1,0,0,0.0,0,TypeScript,2024-2026,1.0,0.5,0.0,0.0,0
10,1,0,0,10,2,2,0,0,0.0,0,TypeScript,2024-2026,1.0,3.33,0.0,0.0,0
10,1,0,0,63,0,5,1,0,0.0,0,TypeScript,2024-2026,1.0,63.0,0.17,0.0,0
14,1,0,0,21,21,16,0,0,0.0,0,TypeScript,2024-2026,1.0,0.95,0.0,0.0,0
23,1,0,1,4,5,2,1,2,8.0,0,TypeScript,2024-2026,1.0,0.67,0.33,2.67,0
8,2,0,0,13,11,7,4,5,1.0,0,TypeScript,2024-2026,1.0,1.08,0.5,0.12,0
20,2,0,0,6,0,1,0,0,0.0,0,TypeScript,2024-2026,1.0,6.0,0.0,0.0,0
21,2,0,0,22,5,3,1,0,0.0,0,TypeScript,2024-2026,1.0,3.67,0.25,0.0,0
21,2,0,0,20,0,2,1,1,1.0,0,TypeScript,2024-2026,1.0,20.0,0.33,0.33,0
21,2,0,0,1,3,1,0,0,0.0,0,TypeScript,2024-2026,1.0,0.25,0.0,0.0,1
22,2,0,1,1,7,5,0,7,5.14,0,TypeScript,2024-2026,1.0,0.12,0.0,0.86,0
22,2,0,1,2,2,1,1,0,0.0,0,TypeScript,2024-2026,1.0,0.67,0.5,0.0,0
23,2,0,1,27,19,9,0,10,1.4,0,TypeScript,2024-2026,1.0,1.35,0.0,0.14,0
23,2,0,1,5,1,3,0,2,6.5,0,TypeScript,2024-2026,1.0,2.5,0.0,1.62,0
9,3,0,0,53,2,3,2,3,1.33,0,TypeScript,2024-2026,1.0,17.67,0.5,0.33,0
9,3,0,0,11,0,1,0,0,0.0,0,TypeScript,2024-2026,1.0,11.0,0.0,0.0,0
10,3,0,0,33,21,2,1,7,2.57,0,TypeScript,2024-2026,1.0,1.5,0.33,0.86,0
10,3,0,0,11,12,6,0,6,1.0,0,TypeScript,2024-2026,1.0,0.85,0.0,0.14,0
14,3,0,0,70,33,8,3,4,2.75,0,TypeScript,2024-2026,1.0,2.06,0.33,0.31,0
15,3,0,0,3,3,3,0,0,0.0,0,TypeScript,2024-2026,1.0,0.75,0.0,0.0,1
16,3,0,0,82,0,5,1,3,1.33,0,TypeScript,2024-2026,1.0,82.0,0.17,0.22,0
16,3,0,0,18,2,2,0,0,0.0,0,TypeScript,2024-2026,1.0,6.0,0.0,0.0,0
16,3,0,0,3,3,2,1,3,1.0,0,TypeScript,2024-2026,1.0,0.75,0.33,0.33,0
16,3,0,0,0,22,1,0,0,0.0,0,TypeScript,2024-2026,1.0,0.0,0.0,0.0,0
19,3,0,0,181,71,2,1,23,1.09,0,TypeScript,2024-2026,1.0,2.51,0.33,0.36,0
19,3,0,0,2,2,1,0,0,0.0,0,TypeScript,2024-2026,1.0,0.67,0.0,0.0,0
22,3,0,1,12,10,5,4,6,1.33,0,TypeScript,2024-2026,1.0,1.09,0.67,0.22,0
22,3,0,1,115,0,5,1,7,1.0,0,TypeScript,2024-2026,1.0,115.0,0.17,0.17,0
23,3,0,1,56,19,2,0,5,1.0,0,TypeScript,2024-2026,1.0,2.8,0.0,0.33,0
23,3,0,1,1221,280,37,13,45,1.13,0,TypeScript,2024-2026,1.0,4.35,0.34,0.03,0
0,4,0,1,28,2,2,1,4,1.0,0,TypeScript,2024-2026,1.0,9.33,0.33,0.33,0
2,4,0,1,434,18,12,4,36,1.22,0,TypeScript,2024-2026,1.0,22.84,0.31,0.09,0
2,4,0,1,2,2,1,0,0,0.0,0,TypeScript,2024-2026,1.0,0.67,0.0,0.0,0
3,4,0,1,192,24,8,0,4,1.0,0,TypeScript,2024-2026,1.0,7.68,0.0,0.11,0
4,4,0,1,4,60,6,1,1,1.0,0,TypeScript,2024-2026,1.0,0.07,0.14,0.14,0
4,4,0,1,326,0,5,1,28,1.0,0,TypeScript,2024-2026,1.0,326.0,0.17,0.17,0
9,4,0,0,75,54,6,1,0,0.0,0,TypeScript,2024-2026,1.0,1.36,0.14,0.0,0
9,4,0,0,10,2,2,0,0,0.0,0,TypeScript,2024-2026,1.0,3.33,0.0,0.0,0
9,4,0,0,0,11,1,0,0,0.0,0,TypeScript,2024-2026,1.0,0.0,0.0,0.0,0
10,4,0,0,1,1,1,0,0,0.0,0,TypeScript,2024-2026,1.0,0.5,0.0,0.0,0
10,4,0,0,1,1,2,0,1,7.0,0,TypeScript,2024-2026,1.0,0.5,0.0,2.33,1
10,4,0,0,263,1,7,2,3,1.0,0,TypeScript,2024-2026,1.0,131.5,0.25,0.12,0
11,4,0,0,51,9,6,1,2,2.5,0,TypeScript,2024-2026,1.0,5.1,0.14,0.36,0
11,4,0,0,55,0,6,1,0,0.0,0,TypeScript,2024-2026,1.0,55.0,0.14,0.0,0
11,4,0,0,0,1,1,1,0,0.0,0,TypeScript,2024-2026,1.0,0.0,0.5,0.0,0
14,4,0,0,207,0,1,0,0,0.0,0,TypeScript,2024-2026,1.0,207.0,0.0,0.0,0
15,4,0,0,4,246,6,1,36,1.0,0,TypeScript,2024-2026,1.0,0.02,0.14,0.14,0
15,4,0,0,2,2,1,0,1,1.0,0,TypeScript,2024-2026,1.0,0.67,0.0,0.5,0
17,4,0,0,1,1,1,0,0,0.0,0,TypeScript,2024-2026,1.0,0.5,0.0,0.0,0
19,4,0,0,40,8,2,1,2,3.0,0,TypeScript,2024-2026,1.0,4.44,0.33,1.0,1
20,4,0,0,47,11,2,1,2,9.5,0,TypeScript,2024-2026,1.0,3.92,0.33,3.17,0
22,4,0,1,11,20,1,0,0,0.0,0,TypeScript,2024-2026,1.0,0.52,0.0,0.0,0
22,4,0,1,18,12,4,0,0,0.0,0,TypeScript,2024-2026,1.0,1.38,0.0,0.0,4
10,5,1,0,2,1,2,0,0,0.0,0,TypeScript,2024-2026,1.0,1.0,0.0,0.0,0
10,5,1,0,1,1,1,0,0,0.0,0,TypeScript,2024-2026,1.0,0.5,0.0,0.0,0
10,5,1,0,4340,1,38,1,171,1.04,0,TypeScript,2024-2026,1.0,2170.0,0.03,0.03,0
10,5,1,0,5,0,1,0,0,0.0,0,TypeScript,2024-2026,1.0,5.0,0.0,0.0,0
11,5,1,0,9,8,2,0,3,6.67,0,TypeScript,2024-2026,1.0,1.0,0.0,2.22,0
11,5,1,0,42,5,2,1,3,3.0,0,TypeScript,2024-2026,1.0,7.0,0.33,1.0,0
11,5,1,0,124,0,1,1,3,1.0,0,TypeScript,2024-2026,1.0,124.0,0.5,0.5,0
12,5,1,0,38,3,2,1,2,7.5,0,TypeScript,2024-2026,1.0,9.5,0.33,2.5,0
13,5,1,0,72,3,2,1,1,14.0,0,TypeScript,2024-2026,1.0,18.0,0.33,4.67,0
13,5,1,0,15,5,2,0,0,0.0,0,TypeScript,2024-2026,1.0,2.5,0.0,0.0,0
13,5,1,0,167,2,2,1,3,1.0,0,TypeScript,2024-2026,1.0,55.67,0.33,0.33,0
18,5,1,0,21,0,2,1,1,1.0,0,TypeScript,2024-2026,1.0,21.0,0.33,0.33,0
19,5,1,0,1,1,1,0,0,0.0,0,TypeScript,2024-2026,1.0,0.5,0.0,0.0,0
20,5,1,0,8,9,2,0,3,6.67,0,TypeScript,2024-2026,1.0,0.8,0.0,2.22,0
20,5,1,0,1,1,1,0,1,1.0,0,TypeScript,2024-2026,1.0,0.5,0.0,0.5,0
20,5,1,0,8,7,1,0,2,9.0,0,TypeScript,2024-2026,1.0,1.0,0.0,4.5,0
20,5,1,0,11,6,1,0,0,0.0,0,TypeScript,2024-2026,1.0,1.57,0.0,0.0,0
21,5,1,0,28,31,12,0,12,1.42,0,TypeScript,2024-2026,1.0,0.88,0.0,0.11,0
22,5,1,1,5,0,1,0,1,1.0,0,TypeScript,2024-2026,1.0,5.0,0.0,0.5,0
8,6,1,0,24,1,2,1,3,3.33,0,TypeScript,2024-2026,1.0,12.0,0.33,1.11,0
10,6,1,0,1,4,1,0,1,4.0,0,TypeScript,2024-2026,1.0,0.2,0.0,2.0,0
10,6,1,0,1,7,1,0,1,8.0,0,TypeScript,2024-2026,1.0,0.12,0.0,4.0,0
12,6,1,0,4,1,2,1,0,0.0,0,TypeScript,2024-2026,1.0,2.0,0.33,0.0,0
8,0,0,0,6,2,1,0,0,0.0,0,TypeScript,2024-2026,1.0,2.0,0.0,0.0,0
8,0,0,0,8,60,6,1,0,0.0,0,TypeScript,2024-2026,1.0,0.13,0.14,0.0,0
9,0,0,0,32,0,2,1,1,1.0,0,TypeScript,2024-2026,1.0,32.0,0.33,0.33,0
14,0,0,0,14,0,1,0,0,0.0,0,TypeScript,2024-2026,1.0,14.0,0.0,0.0,1
15,0,0,0,0,6,1,0,0,0.0,0,TypeScript,2024-2026,1.0,0.0,0.0,0.0,0
16,0,0,0,1,1,1,0,1,1.0,0,TypeScript,2024-2026,1.0,0.5,0.0,0.5,0
18,0,0,0,11,7,2,1,14,1.0,0,TypeScript,2024-2026,1.0,1.38,0.33,0.33,0
19,0,0,0,2,8,1,0,0,0.0,0,TypeScript,2024-2026,1.0,0.22,0.0,0.0,0
0,1,0,1,68,170,10,0,12,1.0,0,TypeScript,2024-2026,1.0,0.4,0.0,0.09,0
1,1,0,1,17,1,2,1,0,0.0,0,TypeScript,2024-2026,1.0,8.5,0.33,0.0,0
14,1,0,0,0,8,2,0,0,0.0,0,TypeScript,2024-2026,1.0,0.0,0.0,0.0,0
14,1,0,0,125,2,4,0,0,0.0,0,TypeScript,2024-2026,1.0,41.67,0.0,0.0,0
15,1,0,0,1,1,1,0,0,0.0,0,TypeScript,2024-2026,1.0,0.5,0.0,0.0,0
16,1,0,0,672,10,3,1,5,1.0,0,TypeScript,2024-2026,1.0,61.09,0.25,0.25,0
20,1,0,0,13,3,3,1,2,3.0,0,TypeScript,2024-2026,1.0,3.25,0.25,0.75,0
22,1,0,1,1142,5,6,4,5,1.2,0,TypeScript,2024-2026,1.0,190.33,0.57,0.17,0
5,2,0,1,1,1,1,0,0,0.0,0,TypeScript,2024-2026,1.0,0.5,0.0,0.0,0
9,2,0,0,0,8,1,0,0,0.0,0,TypeScript,2024-2026,1.0,0.0,0.0,0.0,0
9,2,0,0,102,3,3,1,4,1.0,0,TypeScript,2024-2026,1.0,25.5,0.25,0.25,0
11,2,0,0,11,1,3,1,0,0.0,0,TypeScript,2024-2026,1.0,5.5,0.25,0.0,0
11,2,0,0,64,0,5,1,0,0.0,0,TypeScript,2024-2026,1.0,64.0,0.17,0.0,0
11,2,0,0,53,0,5,1,0,0.0,0,TypeScript,2024-2026,1.0,53.0,0.17,0.0,0
11,2,0,0,50,0,5,1,0,0.0,0,TypeScript,2024-2026,1.0,50.0,0.17,0.0,0
11,2,0,0,55,0,6,1,0,0.0,0,TypeScript,2024-2026,1.0,55.0,0.14,0.0,0
11,2,0,0,50,0,5,1,0,0.0,0,TypeScript,2024-2026,1.0,50.0,0.17,0.0,0
11,2,0,0,52,0,5,1,0,0.0,0,TypeScript,2024-2026,1.0,52.0,0.17,0.0,0
11,2,0,0,53,0,5,1,0,0.0,0,TypeScript,2024-2026,1.0,53.0,0.17,0.0,0
11,2,0,0,47,0,5,1,0,0.0,0,TypeScript,2024-2026,1.0,47.0,0.17,0.0,0
11,2,0,0,47,0,5,1,0,0.0,0,TypeScript,2024-2026,1.0,47.0,0.17,0.0,0
12,2,0,0,2,2,2,0,0,0.0,0,TypeScript,2024-2026,1.0,0.67,0.0,0.0,0
12,2,0,0,71,0,5,1,0,0.0,0,TypeScript,2024-2026,1.0,71.0,0.17,0.0,0
14,2,0,0,163,0,5,1,2,2.0,0,TypeScript,2024-2026,1.0,163.0,0.17,0.33,0
14,2,0,0,54,0,5,1,3,1.0,0,TypeScript,2024-2026,1.0,54.0,0.17,0.17,0
14,2,0,0,72,0,5,1,0,0.0,0,TypeScript,2024-2026,1.0,72.0,0.17,0.0,0
14,2,0,0,184,74,2,0,1,18.0,0,TypeScript,2024-2026,1.0,2.45,0.0,6.0,0
15,2,0,0,1,1,1,0,0,0.0,0,TypeScript,2024-2026,1.0,0.5,0.0,0.0,0
17,2,0,0,7739,0,55,1,129,1.02,0,TypeScript,2024-2026,1.0,7739.0,0.02,0.02,0
17,2,0,0,38,23,1,0,3,2.0,0,TypeScript,2024-2026,1.0,1.58,0.0,1.0,0
20,2,0,0,1,1,1,0,0,0.0,0,TypeScript,2024-2026,1.0,0.5,0.0,0.0,0
21,2,0,0,32,32,2,0,0,0.0,0,TypeScript,2024-2026,1.0,0.97,0.0,0.0,0
1,3,0,1,106,0,5,1,7,1.86,0,TypeScript,2024-2026,1.0,106.0,0.17,0.31,0
1,3,0,1,2,2,2,1,0,0.0,0,TypeScript,2024-2026,1.0,0.67,0.33,0.0,0
8,3,0,0,2,2,2,1,0,0.0,0,TypeScript,2024-2026,1.0,0.67,0.33,0.0,0
11,3,0,0,9,1,1,0,0,0.0,0,TypeScript,2024-2026,1.0,4.5,0.0,0.0,0
11,3,0,0,6,2,2,0,4,1.25,0,TypeScript,2024-2026,1.0,2.0,0.0,0.42,0
12,3,0,0,6,13,3,1,1,1.0,0,TypeScript,2024-2026,1.0,0.43,0.25,0.25,0
15,3,0,0,75,62,1,0,1,2.0,0,TypeScript,2024-2026,1.0,1.19,0.0,1.0,0
19,3,0,0,181,37,14,2,5,1.0,0,TypeScript,2024-2026,1.0,4.76,0.13,0.07,0
19,3,0,0,1,1563,53,2,0,0.0,0,TypeScript,2024-2026,1.0,0.0,0.04,0.0,0
20,3,0,0,1,1,1,0,0,0.0,0,TypeScript,2024-2026,1.0,0.5,0.0,0.0,0
22,3,0,1,1,1,1,0,0,0.0,0,TypeScript,2024-2026,1.0,0.5,0.0,0.0,0
9,4,0,0,1,1,1,0,0,0.0,0,TypeScript,2024-2026,1.0,0.5,0.0,0.0,1
10,4,0,0,58,4,2,1,3,8.0,0,TypeScript,2024-2026,1.0,11.6,0.33,2.67,0
11,4,0,0,1,1,1,0,0,0.0,0,TypeScript,2024-2026,1.0,0.5,0.0,0.0,0
13,4,0,0,34,17,3,1,4,1.0,0,TypeScript,2024-2026,1.0,1.89,0.25,0.25,0
15,4,0,0,8,8,2,0,0,0.0,0,TypeScript,2024-2026,1.0,0.89,0.0,0.0,0
18,4,0,0,14,14,6,0,0,0.0,0,TypeScript,2024-2026,1.0,0.93,0.0,0.0,0
20,4,0,0,7,7,6,0,0,0.0,0,TypeScript,2024-2026,1.0,0.88,0.0,0.0,1
22,4,0,1,5,5,1,0,2,3.5,0,TypeScript,2024-2026,1.0,0.83,0.0,1.75,0
23,4,0,1,7,1,3,1,0,0.0,0,TypeScript,2024-2026,1.0,3.5,0.25,0.0,0
0,5,1,1,1,1,1,0,0,0.0,0,TypeScript,2024-2026,1.0,0.5,0.0,0.0,0
0,5,1,1,1,1,1,0,0,0.0,0,TypeScript,2024-2026,1.0,0.5,0.0,0.0,0
1,5,1,1,1,1,1,0,0,0.0,0,TypeScript,2024-2026,1.0,0.5,0.0,0.0,0
6,5,1,0,10,20,4,1,9,1.0,0,TypeScript,2024-2026,1.0,0.48,0.2,0.2,0
8,5,1,0,1,0,1,0,0,0.0,0,TypeScript,2024-2026,1.0,1.0,0.0,0.0,0
8,5,1,0,45,15,2,0,3,11.33,0,TypeScript,2024-2026,1.0,2.81,0.0,3.78,0
8,5,1,0,4,3,2,0,2,1.5,0,TypeScript,2024-2026,1.0,1.0,0.0,0.5,0
8,5,1,0,121,61,4,2,7,1.57,0,TypeScript,2024-2026,1.0,1.95,0.4,0.31,0
8,5,1,0,1,1,1,0,0,0.0,0,TypeScript,2024-2026,1.0,0.5,0.0,0.0,0
10,5,1,0,145,136,62,4,43,4.91,0,TypeScript,2024-2026,1.0,1.06,0.06,0.08,0
11,5,1,0,3,3,1,0,0,0.0,0,TypeScript,2024-2026,1.0,0.75,0.0,0.0,0
12,5,1,0,0,8,1,0,0,0.0,0,TypeScript,2024-2026,1.0,0.0,0.0,0.0,0
14,5,1,0,3,2,2,1,2,1.0,0,TypeScript,2024-2026,1.0,1.0,0.33,0.33,0
1,6,1,1,3,3,3,0,0,0.0,0,TypeScript,2024-2026,1.0,0.75,0.0,0.0,0
10,6,1,0,1,0,2,0,0,0.0,0,TypeScript,2024-2026,1.0,1.0,0.0,0.0,0
10,6,1,0,7,7,5,0,0,0.0,0,TypeScript,2024-2026,1.0,0.88,0.0,0.0,0
10,6,1,0,2,2,1,0,0,0.0,0,TypeScript,2024-2026,1.0,0.67,0.0,0.0,0
12,6,1,0,1,1,1,0,0,0.0,0,TypeScript,2024-2026,1.0,0.5,0.0,0.0,0
13,6,1,0,1,1,1,0,0,0.0,0,TypeScript,2024-2026,1.0,0.5,0.0,0.0,0
23,6,1,1,55,12,4,0,4,4.0,0,TypeScript,2024-2026,1.0,4.23,0.0,0.8,0
8,0,0,0,18,3,1,0,0,0.0,0,TypeScript,2024-2026,1.0,4.5,0.0,0.0,0
9,0,0,0,19,12,4,2,2,1.0,0,TypeScript,2024-2026,1.0,1.46,0.4,0.2,0
9,0,0,0,1,1,1,0,0,0.0,0,TypeScript,2024-2026,1.0,0.5,0.0,0.0,0
10,0,0,0,34,18,1,0,0,0.0,0,TypeScript,2024-2026,1.0,1.79,0.0,0.0,0
10,0,0,0,1,0,1,0,1,1.0,0,TypeScript,2024-2026,1.0,1.0,0.0,0.5,0
11,0,0,0,181,0,1,0,0,0.0,0,TypeScript,2024-2026,1.0,181.0,0.0,0.0,0
11,0,0,0,769,17,7,2,2,1.0,0,TypeScript,2024-2026,1.0,42.72,0.25,0.12,0
13,0,0,0,1,10,2,0,0,0.0,0,TypeScript,2024-2026,1.0,0.09,0.0,0.0,0
20,0,0,0,1,1,1,0,0,0.0,0,TypeScript,2024-2026,1.0,0.5,0.0,0.0,1
20,0,0,0,1,1,1,0,0,0.0,0,TypeScript,2024-2026,1.0,0.5,0.0,0.0,1
2,1,0,1,1573,1229,24,2,0,0.0,0,TypeScript,2024-2026,1.0,1.28,0.08,0.0,0
9,1,0,0,140,77,2,1,12,1.08,0,TypeScript,2024-2026,1.0,1.79,0.33,0.36,0
10,1,0,0,12,0,3,0,0,0.0,0,TypeScript,2024-2026,1.0,12.0,0.0,0.0,0
19,1,0,0,11656,11936,3,1,703,1.0,0,TypeScript,2024-2026,1.0,0.98,0.25,0.25,0
22,1,0,1,106,36,36,0,0,0.0,0,TypeScript,2024-2026,1.0,2.86,0.0,0.0,0
7,2,0,0,2,2,2,0,0,0.0,0,TypeScript,2024-2026,1.0,0.67,0.0,0.0,0
9,2,0,0,1,1,1,0,0,0.0,0,TypeScript,2024-2026,1.0,0.5,0.0,0.0,1
9,2,0,0,1,1,1,0,0,0.0,0,TypeScript,2024-2026,1.0,0.5,0.0,0.0,1
19,2,0,0,1,1,1,0,0,0.0,0,TypeScript,2024-2026,1.0,0.5,0.0,0.0,1
21,2,0,0,1,1,1,0,0,0.0,0,TypeScript,2024-2026,1.0,0.5,0.0,0.0,0
5,3,0,1,4,4,3,1,0,0.0,0,TypeScript,2024-2026,1.0,0.8,0.25,0.0,0
5,3,0,1,1,1,1,0,0,0.0,0,TypeScript,2024-2026,1.0,0.5,0.0,0.0,1
11,3,0,0,10,3,3,1,1,1.0,0,TypeScript,2024-2026,1.0,2.5,0.25,0.25,0
11,3,0,0,1907,609,131,3,112,1.01,0,TypeScript,2024-2026,1.0,3.13,0.02,0.01,0
12,3,0,0,2,1,2,0,0,0.0,0,TypeScript,2024-2026,1.0,1.0,0.0,0.0,0
13,3,0,0,13,1,2,1,0,0.0,0,TypeScript,2024-2026,1.0,6.5,0.33,0.0,0
13,3,0,0,4,70,7,1,1,1.0,0,TypeScript,2024-2026,1.0,0.06,0.12,0.12,0
13,3,0,0,1,1,1,0,0,0.0,0,TypeScript,2024-2026,1.0,0.5,0.0,0.0,0
17,3,0,0,45,2652,45,4,107,1.03,0,TypeScript,2024-2026,1.0,0.02,0.09,0.02,0
17,3,0,0,72,0,5,1,0,0.0,0,TypeScript,2024-2026,1.0,72.0,0.17,0.0,0
21,3,0,0,4,19,1,0,0,0.0,0,TypeScript,2024-2026,1.0,0.2,0.0,0.0,0
0,4,0,1,41,1,3,0,0,0.0,0,TypeScript,2024-2026,1.0,20.5,0.0,0.0,0
2,4,0,1,13,4,4,1,0,0.0,0,TypeScript,2024-2026,1.0,2.6,0.2,0.0,0
5,4,0,1,51,7,3,1,4,1.5,0,TypeScript,2024-2026,1.0,6.38,0.25,0.38,0
9,4,0,0,4,6,3,1,0,0.0,0,TypeScript,2024-2026,1.0,0.57,0.25,0.0,0
11,4,0,0,1,2,1,0,0,0.0,0,TypeScript,2024-2026,1.0,0.33,0.0,0.0,1
12,4,0,0,5,5,3,1,0,0.0,0,TypeScript,2024-2026,1.0,0.83,0.25,0.0,0
17,4,0,0,35,8,2,0,1,1.0,0,TypeScript,2024-2026,1.0,3.89,0.0,0.33,0
17,4,0,0,2,2,2,0,2,1.0,0,TypeScript,2024-2026,1.0,0.67,0.0,0.33,0
18,4,0,0,1,1,1,0,1,1.0,0,TypeScript,2024-2026,1.0,0.5,0.0,0.5,0
18,4,0,0,33,1,2,1,3,56.0,0,TypeScript,2024-2026,1.0,16.5,0.33,18.67,0
19,4,0,0,2,2,1,0,1,1.0,0,TypeScript,2024-2026,1.0,0.67,0.0,0.5,0
16,5,1,0,1,2,1,0,0,0.0,0,TypeScript,2024-2026,1.0,0.33,0.0,0.0,0
16,5,1,0,1,1,1,0,0,0.0,0,TypeScript,2024-2026,1.0,0.5,0.0,0.0,0
18,5,1,0,129,3,4,1,7,3.29,0,TypeScript,2024-2026,1.0,32.25,0.2,0.66,0
23,5,1,1,1,1,1,0,0,0.0,0,TypeScript,2024-2026,1.0,0.5,0.0,0.0,0
7,6,1,0,17,1,3,1,1,1.0,0,TypeScript,2024-2026,1.0,8.5,0.25,0.25,0
8,6,1,0,6,1,1,0,0,0.0,0,TypeScript,2024-2026,1.0,3.0,0.0,0.0,0
8,0,0,0,2,5,1,0,0,0.0,0,TypeScript,2024-2026,1.0,0.33,0.0,0.0,0
10,0,0,0,104,38,2,0,0,0.0,0,TypeScript,2024-2026,1.0,2.67,0.0,0.0,1
10,0,0,0,0,19,1,0,0,0.0,0,TypeScript,2024-2026,1.0,0.0,0.0,0.0,0
10,0,0,0,29,29,12,5,0,0.0,0,TypeScript,2024-2026,1.0,0.97,0.38,0.0,1
11,0,0,0,76,62,7,3,5,1.0,0,TypeScript,2024-2026,1.0,1.21,0.38,0.12,0
13,0,0,0,31,31,19,10,28,5.57,0,TypeScript,2024-2026,1.0,0.97,0.5,0.28,0
15,0,0,0,2,1,2,0,0,0.0,0,TypeScript,2024-2026,1.0,1.0,0.0,0.0,1
17,0,0,0,1,1,1,0,0,0.0,0,TypeScript,2024-2026,1.0,0.5,0.0,0.0,0
1,1,0,1,2,2,2,0,0,0.0,0,TypeScript,2024-2026,1.0,0.67,0.0,0.0,0
2,1,0,1,2438,1890,78,33,215,3.12,0,TypeScript,2024-2026,1.0,1.29,0.42,0.04,0
4,1,0,1,1143,653,30,4,48,3.48,0,TypeScript,2024-2026,1.0,1.75,0.13,0.11,0
4,1,0,1,98,0,2,1,5,6.8,0,TypeScript,2024-2026,1.0,98.0,0.33,2.27,0
4,1,0,1,46,30,8,1,12,7.58,0,TypeScript,2024-2026,1.0,1.48,0.11,0.84,0
4,1,0,1,3,3,2,2,3,1.0,0,TypeScript,2024-2026,1.0,0.75,0.67,0.33,0
4,1,0,1,66,3,3,1,1,1.0,0,TypeScript,2024-2026,1.0,16.5,0.25,0.25,0
6,1,0,0,13,20,4,2,2,1.0,0,TypeScript,2024-2026,1.0,0.62,0.4,0.2,0
6,1,0,0,1,1,1,0,1,4.0,0,TypeScript,2024-2026,1.0,0.5,0.0,2.0,0
7,1,0,0,3,129,4,1,7,3.29,0,TypeScript,2024-2026,1.0,0.02,0.2,0.66,0
7,1,0,0,1,6,1,0,0,0.0,0,TypeScript,2024-2026,1.0,0.14,0.0,0.0,0
7,1,0,0,1,1,1,0,0,0.0,0,TypeScript,2024-2026,1.0,0.5,0.0,0.0,0
7,1,0,0,129,3,4,1,7,3.29,0,TypeScript,2024-2026,1.0,32.25,0.2,0.66,0
7,1,0,0,6,1,1,0,0,0.0,0,TypeScript,2024-2026,1.0,3.0,0.0,0.0,0
7,1,0,0,8,8,4,0,4,3.75,0,TypeScript,2024-2026,1.0,0.89,0.0,0.75,0
7,1,0,0,2,1,1,0,0,0.0,0,TypeScript,2024-2026,1.0,1.0,0.0,0.0,0
7,1,0,0,210,20,8,4,20,3.8,0,TypeScript,2024-2026,1.0,10.0,0.44,0.42,0
8,1,0,0,28,0,1,1,1,1.0,0,TypeScript,2024-2026,1.0,28.0,0.5,0.5,0
8,1,0,0,36,17,4,0,0,0.0,0,TypeScript,2024-2026,1.0,2.0,0.0,0.0,0
8,1,0,0,1,2,1,0,0,0.0,0,TypeScript,2024-2026,1.0,0.33,0.0,0.0,0
8,1,0,0,48,48,2,0,0,0.0,0,TypeScript,2024-2026,1.0,0.98,0.0,0.0,1
9,1,0,0,199,198,3,0,0,0.0,0,TypeScript,2024-2026,1.0,1.0,0.0,0.0,0
9,1,0,0,2,2,1,0,2,4.5,0,TypeScript,2024-2026,1.0,0.67,0.0,2.25,0
10,1,0,0,1894,1066,37,13,129,2.39,0,TypeScript,2024-2026,1.0,1.78,0.34,0.06,0
12,1,0,0,213,129,2,1,12,4.17,0,TypeScript,2024-2026,1.0,1.64,0.33,1.39,0
13,1,0,0,409,29,12,0,12,3.17,0,TypeScript,2024-2026,1.0,13.63,0.0,0.24,4
16,1,0,0,7,7,5,0,0,0.0,0,TypeScript,2024-2026,1.0,0.88,0.0,0.0,0
21,1,0,0,1,1,1,0,0,0.0,0,TypeScript,2024-2026,1.0,0.5,0.0,0.0,0
0,2,0,1,105,17,7,3,3,6.0,0,TypeScript,2024-2026,1.0,5.83,0.38,0.75,0
0,2,0,1,21,21,1,0,0,0.0,0,TypeScript,2024-2026,1.0,0.95,0.0,0.0,1
0,2,0,1,15,15,2,0,0,0.0,0,TypeScript,2024-2026,1.0,0.94,0.0,0.0,0
7,2,0,0,1084,264,21,2,0,0.0,0,TypeScript,2024-2026,1.0,4.09,0.09,0.0,0
8,2,0,0,2,2,2,1,1,2.0,0,TypeScript,2024-2026,1.0,0.67,0.33,0.67,0
8,2,0,0,1,1,1,0,0,0.0,0,TypeScript,2024-2026,1.0,0.5,0.0,0.0,0
8,2,0,0,1304,1058,15,0,2,17.0,0,TypeScript,2024-2026,1.0,1.23,0.0,1.06,0
8,2,0,0,313,59,2,1,17,1.18,0,TypeScript,2024-2026,1.0,5.22,0.33,0.39,0
8,2,0,0,5,5,1,0,2,14.5,0,TypeScript,2024-2026,1.0,0.83,0.0,7.25,0
8,2,0,0,1086,349,42,5,31,3.94,0,TypeScript,2024-2026,1.0,3.1,0.12,0.09,0
9,2,0,0,7,5,1,0,0,0.0,0,TypeScript,2024-2026,1.0,1.17,0.0,0.0,0
9,2,0,0,2746,1076,71,26,183,4.36,0,TypeScript,2024-2026,1.0,2.55,0.36,0.06,0
9,2,0,0,84,0,21,0,0,0.0,0,TypeScript,2024-2026,1.0,84.0,0.0,0.0,0
10,2,0,0,394,16,3,1,18,2.44,0,TypeScript,2024-2026,1.0,23.18,0.25,0.61,0
11,2,0,0,84,3,4,3,4,4.0,0,TypeScript,2024-2026,1.0,21.0,0.6,0.8,0
11,2,0,0,11,0,1,0,0,0.0,0,TypeScript,2024-2026,1.0,11.0,0.0,0.0,0
11,2,0,0,5,5,4,0,0,0.0,0,TypeScript,2024-2026,1.0,0.83,0.0,0.0,0
14,2,0,0,9,9,5,0,0,0.0,0,TypeScript,2024-2026,1.0,0.9,0.0,0.0,0
20,2,0,0,1,1,1,0,0,0.0,0,TypeScript,2024-2026,1.0,0.5,0.0,0.0,1
21,2,0,0,1,1,1,0,0,0.0,0,TypeScript,2024-2026,1.0,0.5,0.0,0.0,0
23,2,0,1,3,0,1,0,1,1.0,0,TypeScript,2024-2026,1.0,3.0,0.0,0.5,0
3,3,0,1,19,9,2,1,1,1.0,0,TypeScript,2024-2026,1.0,1.9,0.33,0.33,0
3,3,0,1,217,0,3,2,11,2.0,0,TypeScript,2024-2026,1.0,217.0,0.5,0.5,0
4,3,0,1,32,4,6,0,1,1.0,0,TypeScript,2024-2026,1.0,6.4,0.0,0.14,0
5,3,0,1,76,0,4,0,4,1.0,0,TypeScript,2024-2026,1.0,76.0,0.0,0.2,0
6,3,0,0,574,18,4,1,35,1.0,0,TypeScript,2024-2026,1.0,30.21,0.2,0.2,0
6,3,0,0,12,11,3,1,5,3.0,0,TypeScript,2024-2026,1.0,1.0,0.25,0.75,0
6,3,0,0,168,615,10,5,18,1.67,0,TypeScript,2024-2026,1.0,0.27,0.45,0.15,0
7,3,0,0,50,50,24,0,3,7.33,0,TypeScript,2024-2026,1.0,0.98,0.0,0.29,0
7,3,0,0,47,0,2,0,1,1.0,0,TypeScript,2024-2026,1.0,47.0,0.0,0.33,0
7,3,0,0,2,1,1,0,0,0.0,0,TypeScript,2024-2026,1.0,1.0,0.0,0.0,0
7,3,0,0,54,19,2,1,3,1.33,0,TypeScript,2024-2026,1.0,2.7,0.33,0.44,0
7,3,0,0,5,10,2,1,3,2.67,0,TypeScript,2024-2026,1.0,0.45,0.33,0.89,0
8,3,0,0,288,15,15,5,22,2.86,0,TypeScript,2024-2026,1.0,18.0,0.31,0.18,0
9,3,0,0,13,11,2,1,2,11.0,0,TypeScript,2024-2026,1.0,1.08,0.33,3.67,0
14,3,0,0,11,4,1,0,2,2.5,0,TypeScript,2024-2026,1.0,2.2,0.0,1.25,0
16,3,0,0,13,13,5,0,0,0.0,0,TypeScript,2024-2026,1.0,0.93,0.0,0.0,1
19,3,0,0,1,1,1,0,0,0.0,0,TypeScript,2024-2026,1.0,0.5,0.0,0.0,1
22,3,0,1,34,24,6,0,8,3.5,0,TypeScript,2024-2026,1.0,1.36,0.0,0.5,0
2,4,0,1,315,40,4,2,13,6.62,0,TypeScript,2024-2026,1.0,7.68,0.4,1.32,0
3,4,0,1,89,8,4,1,10,2.0,0,TypeScript,2024-2026,1.0,9.89,0.2,0.4,0
6,4,0,0,345,309,17,4,19,3.0,0,TypeScript,2024-2026,1.0,1.11,0.22,0.17,0
6,4,0,0,6530,214,51,17,219,2.1,0,TypeScript,2024-2026,1.0,30.37,0.33,0.04,0
7,4,0,0,1603,738,48,11,184,2.4,0,TypeScript,2024-2026,1.0,2.17,0.22,0.05,0
7,4,0,0,56,30,7,3,10,3.7,0,TypeScript,2024-2026,1.0,1.81,0.38,0.46,0
8,4,0,0,14,16,4,1,5,3.8,0,TypeScript,2024-2026,1.0,0.82,0.2,0.76,0
8,4,0,0,39,35,4,2,4,1.0,0,TypeScript,2024-2026,1.0,1.08,0.4,0.2,0
8,4,0,0,3,2,2,0,3,7.33,0,TypeScript,2024-2026,1.0,1.0,0.0,2.44,0
8,4,0,0,420,0,42,0,0,0.0,0,TypeScript,2024-2026,1.0,420.0,0.0,0.0,0
8,4,0,0,347,5757,57,53,419,1.12,0,TypeScript,2024-2026,1.0,0.06,0.91,0.02,0
8,4,0,0,769,119,8,3,20,1.8,0,TypeScript,2024-2026,1.0,6.41,0.33,0.2,0
9,4,0,0,205,30,2,1,14,1.5,0,TypeScript,2024-2026,1.0,6.61,0.33,0.5,0
17,4,0,0,1,1,1,0,0,0.0,0,TypeScript,2024-2026,1.0,0.5,0.0,0.0,0
23,4,0,1,66,44,22,3,23,4.48,0,TypeScript,2024-2026,1.0,1.47,0.13,0.19,0
23,4,0,1,7,0,1,0,1,1.0,0,TypeScript,2024-2026,1.0,7.0,0.0,0.5,0
23,4,0,1,15,3,5,2,1,1.0,0,TypeScript,2024-2026,1.0,3.75,0.33,0.17,0
23,4,0,1,32,29,10,0,3,9.0,0,TypeScript,2024-2026,1.0,1.07,0.0,0.82,0
0,5,1,1,5,5,3,1,6,3.67,0,TypeScript,2024-2026,1.0,0.83,0.25,0.92,0
0,5,1,1,10,0,2,1,1,1.0,0,TypeScript,2024-2026,1.0,10.0,0.33,0.33,0
0,5,1,1,4,6,2,0,2,1.0,0,TypeScript,2024-2026,1.0,0.57,0.0,0.33,0
4,5,1,1,215,1,8,0,12,2.08,0,TypeScript,2024-2026,1.0,107.5,0.0,0.23,0
16,5,1,0,18,23,6,0,8,3.0,0,TypeScript,2024-2026,1.0,0.75,0.0,0.43,0
20,5,1,0,3,0,2,0,0,0.0,0,TypeScript,2024-2026,1.0,3.0,0.0,0.0,0
0,6,1,1,48,27,7,2,9,13.22,0,TypeScript,2024-2026,1.0,1.71,0.25,1.65,0
4,6,1,1,3,3,1,0,0,0.0,0,TypeScript,2024-2026,1.0,0.75,0.0,0.0,1
7,6,1,0,1,1,1,0,0,0.0,0,TypeScript,2024-2026,1.0,0.5,0.0,0.0,0
9,6,1,0,40,43,2,0,1,4.0,0,TypeScript,2024-2026,1.0,0.91,0.0,1.33,0
9,6,1,0,1,4,1,1,1,1.0,0,TypeScript,2024-2026,1.0,0.2,0.5,0.5,0
9,6,1,0,85,2,2,1,3,6.0,0,TypeScript,2024-2026,1.0,28.33,0.33,2.0,0
9,6,1,0,80,59,12,7,16,3.31,0,TypeScript,2024-2026,1.0,1.33,0.54,0.25,0
10,6,1,0,34,14,9,4,8,1.75,0,TypeScript,2024-2026,1.0,2.27,0.4,0.18,0
11,6,1,0,118,3,2,1,1,5.0,0,TypeScript,2024-2026,1.0,29.5,0.33,1.67,0
11,6,1,0,46,46,25,6,0,0.0,0,TypeScript,2024-2026,1.0,0.98,0.23,0.0,0
11,6,1,0,21,3,4,2,5,3.0,0,TypeScript,2024-2026,1.0,5.25,0.4,0.6,0
14,6,1,0,607,859,21,12,29,1.28,0,TypeScript,2024-2026,1.0,0.71,0.55,0.06,0
16,6,1,0,70,14,3,0,0,0.0,0,TypeScript,2024-2026,1.0,4.67,0.0,0.0,0
18,6,1,0,46,5,2,1,7,1.71,0,TypeScript,2024-2026,1.0,7.67,0.33,0.57,0
19,6,1,0,209,172,58,0,80,8.07,0,TypeScript,2024-2026,1.0,1.21,0.0,0.14,0
23,6,1,1,11,4,2,0,2,3.0,0,TypeScript,2024-2026,1.0,2.2,0.0,1.0,0
1,0,0,1,1254,335,19,8,103,2.15,0,TypeScript,2024-2026,1.0,3.73,0.4,0.11,0
1,0,0,1,1,1,1,0,0,0.0,0,TypeScript,2024-2026,1.0,0.5,0.0,0.0,1
2,0,0,1,50,50,2,0,0,0.0,0,TypeScript,2024-2026,1.0,0.98,0.0,0.0,1
2,0,0,1,17,17,2,0,0,0.0,0,TypeScript,2024-2026,1.0,0.94,0.0,0.0,1
2,0,0,1,49,49,2,0,0,0.0,0,TypeScript,2024-2026,1.0,0.98,0.0,0.0,1
2,0,0,1,7,7,2,0,0,0.0,0,TypeScript,2024-2026,1.0,0.88,0.0,0.0,1
3,0,0,1,33,33,2,0,0,0.0,0,TypeScript,2024-2026,1.0,0.97,0.0,0.0,1
4,0,0,1,2,0,1,0,0,0.0,0,TypeScript,2024-2026,1.0,2.0,0.0,0.0,0
5,0,0,1,299,370,21,10,36,2.75,0,TypeScript,2024-2026,1.0,0.81,0.45,0.12,0
5,0,0,1,42,45,3,1,4,3.75,0,TypeScript,2024-2026,1.0,0.91,0.25,0.94,0
6,0,0,0,20,4,3,1,3,10.67,0,TypeScript,2024-2026,1.0,4.0,0.25,2.67,0
6,0,0,0,3,7,2,2,1,1.0,0,TypeScript,2024-2026,1.0,0.38,0.67,0.33,0
6,0,0,0,190,43,27,2,8,2.25,0,TypeScript,2024-2026,1.0,4.32,0.07,0.08,0
7,0,0,0,19,75,2,1,8,2.25,0,TypeScript,2024-2026,1.0,0.25,0.33,0.75,0
7,0,0,0,587,617,48,1,5,3.6,0,TypeScript,2024-2026,1.0,0.95,0.02,0.07,0
7,0,0,0,2412,1026,3,1,11,1.82,0,TypeScript,2024-2026,1.0,2.35,0.25,0.46,0
7,0,0,0,2,2,1,0,0,0.0,0,TypeScript,2024-2026,1.0,0.67,0.0,0.0,0
8,0,0,0,480,32,6,3,30,2.07,0,TypeScript,2024-2026,1.0,14.55,0.43,0.3,0
10,0,0,0,3,3,3,0,0,0.0,0,TypeScript,2024-2026,1.0,0.75,0.0,0.0,0
10,0,0,0,294,5,2,1,18,2.61,0,TypeScript,2024-2026,1.0,49.0,0.33,0.87,0
10,0,0,0,39,27,2,2,8,1.88,0,TypeScript,2024-2026,1.0,1.39,0.67,0.63,0
10,0,0,0,4,1,1,1,4,1.75,0,TypeScript,2024-2026,1.0,2.0,0.5,0.88,0
10,0,0,0,7,1,1,0,1,1.0,0,TypeScript,2024-2026,1.0,3.5,0.0,0.5,0
11,0,0,0,29,1,3,0,0,0.0,0,TypeScript,2024-2026,1.0,14.5,0.0,0.0,0
14,0,0,0,146,141,3,1,37,1.14,0,TypeScript,2024-2026,1.0,1.03,0.25,0.28,0
14,0,0,0,254,142,2,1,5,2.8,0,TypeScript,2024-2026,1.0,1.78,0.33,0.93,0
18,0,0,0,59,44,1,1,0,0.0,0,TypeScript,2024-2026,1.0,1.31,0.5,0.0,0
23,0,0,1,1,1,1,0,0,0.0,0,TypeScript,2024-2026,1.0,0.5,0.0,0.0,0
1,1,0,1,130,0,3,1,9,1.22,0,TypeScript,2024-2026,1.0,130.0,0.25,0.3,0
3,1,0,1,3,3,1,0,1,3.0,0,TypeScript,2024-2026,1.0,0.75,0.0,1.5,0
4,1,0,1,3,3,2,0,1,2.0,0,TypeScript,2024-2026,1.0,0.75,0.0,0.67,0
5,1,0,1,2,1,1,1,0,0.0,0,TypeScript,2024-2026,1.0,1.0,0.5,0.0,0
5,1,0,1,11,6,1,0,1,5.0,0,TypeScript,2024-2026,1.0,1.57,0.0,2.5,0
5,1,0,1,35,1,2,1,3,5.67,0,TypeScript,2024-2026,1.0,17.5,0.33,1.89,0
5,1,0,1,248,276,11,5,21,1.29,0,TypeScript,2024-2026,1.0,0.9,0.42,0.11,0
6,1,0,0,370,169,11,1,21,2.71,0,TypeScript,2024-2026,1.0,2.18,0.08,0.23,0
6,1,0,0,24,3,4,0,2,1.0,0,TypeScript,2024-2026,1.0,6.0,0.0,0.2,0
6,1,0,0,32,4,2,1,0,0.0,0,TypeScript,2024-2026,1.0,6.4,0.33,0.0,0
6,1,0,0,179,10,2,1,5,3.2,0,TypeScript,2024-2026,1.0,16.27,0.33,1.07,0
8,1,0,0,169,99,2,1,9,4.11,0,TypeScript,2024-2026,1.0,1.69,0.33,1.37,0
8,1,0,0,135,1,3,3,5,4.6,0,TypeScript,2024-2026,1.0,67.5,0.75,1.15,0
9,1,0,0,1,1,1,0,0,0.0,0,TypeScript,2024-2026,1.0,0.5,0.0,0.0,0
13,1,0,0,6,1,1,0,1,1.0,0,TypeScript,2024-2026,1.0,3.0,0.0,0.5,0
13,1,0,0,4,7,2,0,1,1.0,0,TypeScript,2024-2026,1.0,0.5,0.0,0.33,0
14,1,0,0,17,2,2,1,1,1.0,0,TypeScript,2024-2026,1.0,5.67,0.33,0.33,0
19,1,0,0,1,1,1,0,0,0.0,0,TypeScript,2024-2026,1.0,0.5,0.0,0.0,1
2,2,0,1,41,60,3,2,18,2.61,0,TypeScript,2024-2026,1.0,0.67,0.5,0.65,0
3,2,0,1,398,294,10,5,14,1.29,0,TypeScript,2024-2026,1.0,1.35,0.45,0.12,0
3,2,0,1,17,17,6,0,0,0.0,0,TypeScript,2024-2026,1.0,0.94,0.0,0.0,0
6,2,0,0,12,2,1,0,1,7.0,0,TypeScript,2024-2026,1.0,4.0,0.0,3.5,0
6,2,0,0,3,0,1,0,0,0.0,0,TypeScript,2024-2026,1.0,3.0,0.0,0.0,0
6,2,0,0,491,339,12,2,20,7.75,0,TypeScript,2024-2026,1.0,1.44,0.15,0.6,0
6,2,0,0,1109,1123,15,1,0,0.0,0,TypeScript,2024-2026,1.0,0.99,0.06,0.0,0
7,2,0,0,126,62,4,3,11,1.18,0,TypeScript,2024-2026,1.0,2.0,0.6,0.24,0
7,2,0,0,2,11,2,1,1,1.0,0,TypeScript,2024-2026,1.0,0.17,0.33,0.33,0
9,2,0,0,4,0,1,0,1,1.0,0,TypeScript,2024-2026,1.0,4.0,0.0,0.5,0
9,2,0,0,30,30,3,0,0,0.0,0,TypeScript,2024-2026,1.0,0.97,0.0,0.0,0
10,2,0,0,10,14,1,1,3,2.0,0,TypeScript,2024-2026,1.0,0.67,0.5,1.0,0
12,2,0,0,4,8,1,0,0,0.0,0,TypeScript,2024-2026,1.0,0.44,0.0,0.0,0
12,2,0,0,112895,81017,13,5,0,0.0,0,TypeScript,2024-2026,1.0,1.39,0.36,0.0,0
15,2,0,0,64,12,3,1,6,3.0,0,TypeScript,2024-2026,1.0,4.92,0.25,0.75,0
15,2,0,0,1,1,1,0,0,0.0,0,TypeScript,2024-2026,1.0,0.5,0.0,0.0,0
15,2,0,0,3,3,2,0,0,0.0,0,TypeScript,2024-2026,1.0,0.75,0.0,0.0,0
15,2,0,0,517,112,7,3,17,1.65,0,TypeScript,2024-2026,1.0,4.58,0.38,0.21,0
17,2,0,0,8,9,4,1,3,7.67,0,TypeScript,2024-2026,1.0,0.8,0.2,1.53,0
18,2,0,0,1,5,1,0,0,0.0,0,TypeScript,2024-2026,1.0,0.17,0.0,0.0,0
18,2,0,0,863,23,8,4,6,2.83,0,TypeScript,2024-2026,1.0,35.96,0.44,0.31,0
21,2,0,0,1,1,1,0,0,0.0,0,TypeScript,2024-2026,1.0,0.5,0.0,0.0,1
22,2,0,1,54,122,5,3,14,1.29,0,TypeScript,2024-2026,1.0,0.44,0.5,0.22,0
0,3,0,1,20,4,3,1,1,1.0,0,TypeScript,2024-2026,1.0,4.0,0.25,0.25,0
3,3,0,1,1264,924,55,4,58,10.14,0,TypeScript,2024-2026,1.0,1.37,0.07,0.18,0
5,3,0,1,93,74,3,1,1,16.0,0,TypeScript,2024-2026,1.0,1.24,0.25,4.0,0
5,3,0,1,3,1,1,0,1,5.0,0,TypeScript,2024-2026,1.0,1.5,0.0,2.5,0
6,3,0,0,626,3246,40,14,70,1.96,0,TypeScript,2024-2026,1.0,0.19,0.34,0.05,0
7,3,0,0,40,0,2,1,1,1.0,0,TypeScript,2024-2026,1.0,40.0,0.33,0.33,0
8,3,0,0,51,1,2,1,4,3.75,0,TypeScript,2024-2026,1.0,25.5,0.33,1.25,0
8,3,0,0,54,13,5,1,5,9.8,0,TypeScript,2024-2026,1.0,3.86,0.17,1.63,0
9,3,0,0,2736,7,15,2,7,2.57,0,TypeScript,2024-2026,1.0,342.0,0.12,0.16,0
9,3,0,0,11,9,2,0,1,25.0,0,TypeScript,2024-2026,1.0,1.1,0.0,8.33,0
9,3,0,0,1420,916,58,19,132,2.39,0,TypeScript,2024-2026,1.0,1.55,0.32,0.04,0
9,3,0,0,11,0,1,0,1,1.0,0,TypeScript,2024-2026,1.0,11.0,0.0,0.5,0
10,3,0,0,222,9,4,3,8,2.75,0,TypeScript,2024-2026,1.0,22.2,0.6,0.55,0
10,3,0,0,16,8,2,0,1,5.0,0,TypeScript,2024-2026,1.0,1.78,0.0,1.67,0
11,3,0,0,52440,1378,159,0,36,3.94,0,TypeScript,2024-2026,1.0,38.03,0.0,0.02,0
14,3,0,0,3,2,1,0,1,1.0,0,TypeScript,2024-2026,1.0,1.0,0.0,0.5,0
14,3,0,0,71,30,2,0,20,2.45,0,TypeScript,2024-2026,1.0,2.29,0.0,0.82,0
9,4,0,0,58,0,2,1,1,1.0,0,TypeScript,2024-2026,1.0,58.0,0.33,0.33,0
11,4,0,0,394,305,2,1,1,1.0,0,TypeScript,2024-2026,1.0,1.29,0.33,0.33,0
14,4,0,0,18,13,2,1,3,1.0,0,TypeScript,2024-2026,1.0,1.29,0.33,0.33,0
18,4,0,0,23,23,1,0,0,0.0,0,TypeScript,2024-2026,1.0,0.96,0.0,0.0,0
23,4,0,1,1,1,1,0,0,0.0,0,TypeScript,2024-2026,1.0,0.5,0.0,0.0,1
23,4,0,1,173,181,47,0,75,7.0,0,TypeScript,2024-2026,1.0,0.95,0.0,0.15,0
0,5,1,1,63,0,5,1,0,0.0,0,TypeScript,2024-2026,1.0,63.0,0.17,0.0,0
9,5,1,0,0,4,1,0,0,0.0,0,TypeScript,2024-2026,1.0,0.0,0.0,0.0,0
10,5,1,0,1,1,1,0,0,0.0,0,TypeScript,2024-2026,1.0,0.5,0.0,0.0,0
11,5,1,0,1,1,1,0,0,0.0,0,TypeScript,2024-2026,1.0,0.5,0.0,0.0,0
11,5,1,0,84,66,6,3,6,4.33,0,TypeScript,2024-2026,1.0,1.25,0.43,0.62,0
14,5,1,0,77,5,3,1,14,4.14,0,TypeScript,2024-2026,1.0,12.83,0.25,1.03,0
15,5,1,0,0,2,1,0,1,1.0,0,TypeScript,2024-2026,1.0,0.0,0.0,0.5,0
17,5,1,0,248,230,2,1,38,1.76,0,TypeScript,2024-2026,1.0,1.07,0.33,0.59,0
7,6,1,0,13,9,1,0,0,0.0,0,TypeScript,2024-2026,1.0,1.3,0.0,0.0,0
10,6,1,0,1,1,1,0,0,0.0,0,TypeScript,2024-2026,1.0,0.5,0.0,0.0,0
10,6,1,0,1,1,1,0,0,0.0,0,TypeScript,2024-2026,1.0,0.5,0.0,0.0,0
11,6,1,0,1,1,1,0,0,0.0,0,TypeScript,2024-2026,1.0,0.5,0.0,0.0,0
14,6,1,0,146,1,2,1,5,2.0,0,TypeScript,2024-2026,1.0,73.0,0.33,0.67,0
17,6,1,0,30,32,8,0,11,3.82,0,TypeScript,2024-2026,1.0,0.91,0.0,0.42,0
19,6,1,0,12,10,2,0,2,3.5,0,TypeScript,2024-2026,1.0,1.09,0.0,1.17,0
7,0,0,0,10,10,2,0,0,0.0,0,TypeScript,2024-2026,1.0,0.91,0.0,0.0,1
7,0,0,0,1,1,1,0,0,0.0,0,TypeScript,2024-2026,1.0,0.5,0.0,0.0,1
7,0,0,0,3,2,2,0,0,0.0,0,TypeScript,2024-2026,1.0,1.0,0.0,0.0,0
9,0,0,0,3,2,1,0,0,0.0,0,TypeScript,2024-2026,1.0,1.0,0.0,0.0,0
9,0,0,0,21,7,15,0,13,15.46,0,TypeScript,2024-2026,1.0,2.62,0.0,0.97,0
9,0,0,0,7,8,2,0,0,0.0,0,TypeScript,2024-2026,1.0,0.78,0.0,0.0,0
10,0,0,0,21,1,4,2,2,1.0,0,TypeScript,2024-2026,1.0,10.5,0.4,0.2,0
12,0,0,0,21,10,1,0,2,2.0,0,TypeScript,2024-2026,1.0,1.91,0.0,1.0,0
12,0,0,0,0,7,1,0,1,1.0,0,TypeScript,2024-2026,1.0,0.0,0.0,0.5,0
13,0,0,0,87,0,2,1,6,2.83,0,TypeScript,2024-2026,1.0,87.0,0.33,0.94,0
13,0,0,0,512,740,56,22,77,4.64,0,TypeScript,2024-2026,1.0,0.69,0.39,0.08,0
13,0,0,0,877,735,25,10,49,3.73,0,TypeScript,2024-2026,1.0,1.19,0.38,0.14,0
13,0,0,0,236,359,9,5,11,5.45,0,TypeScript,2024-2026,1.0,0.66,0.5,0.55,0
13,0,0,0,688,63,15,6,17,2.06,0,TypeScript,2024-2026,1.0,10.75,0.38,0.13,0
13,0,0,0,140,5,6,1,6,11.33,0,TypeScript,2024-2026,1.0,23.33,0.14,1.62,0
13,0,0,0,431,12,18,5,20,1.35,0,TypeScript,2024-2026,1.0,33.15,0.26,0.07,0
14,0,0,0,57,57,1,0,0,0.0,0,TypeScript,2024-2026,1.0,0.98,0.0,0.0,1
14,0,0,0,115,25,3,1,4,2.75,0,TypeScript,2024-2026,1.0,4.42,0.25,0.69,0
14,0,0,0,33,33,2,0,0,0.0,0,TypeScript,2024-2026,1.0,0.97,0.0,0.0,1
14,0,0,0,317,0,1,0,0,0.0,0,TypeScript,2024-2026,1.0,317.0,0.0,0.0,0
14,0,0,0,2154,461,19,7,69,5.19,0,TypeScript,2024-2026,1.0,4.66,0.35,0.26,0
15,0,0,0,253,5,2,1,24,1.96,0,TypeScript,2024-2026,1.0,42.17,0.33,0.65,0
15,0,0,0,180,3,4,3,9,2.67,0,TypeScript,2024-2026,1.0,45.0,0.6,0.53,0
16,0,0,0,551,26,15,4,21,3.62,0,TypeScript,2024-2026,1.0,20.41,0.25,0.23,0
16,0,0,0,283,135,15,4,18,1.67,0,TypeScript,2024-2026,1.0,2.08,0.25,0.1,0
17,0,0,0,9,6,2,1,1,2.0,0,TypeScript,2024-2026,1.0,1.29,0.33,0.67,0
17,0,0,0,36,2,2,1,1,1.0,0,TypeScript,2024-2026,1.0,12.0,0.33,0.33,0
17,0,0,0,2074,1,7,3,54,2.59,0,TypeScript,2024-2026,1.0,1037.0,0.38,0.32,0
18,0,0,0,124,0,2,1,1,1.0,0,TypeScript,2024-2026,1.0,124.0,0.33,0.33,0
23,0,0,1,278,275,18,10,46,2.39,0,TypeScript,2024-2026,1.0,1.01,0.53,0.13,0
23,0,0,1,29,19,6,1,5,3.0,0,TypeScript,2024-2026,1.0,1.45,0.14,0.43,0
0,1,0,1,1,1,1,0,0,0.0,0,TypeScript,2024-2026,1.0,0.5,0.0,0.0,0
2,1,0,1,20,2,4,2,2,1.0,0,TypeScript,2024-2026,1.0,6.67,0.4,0.2,0
6,1,0,0,101,12,2,1,5,3.6,0,TypeScript,2024-2026,1.0,7.77,0.33,1.2,0
6,1,0,0,182,10,4,2,9,2.67,0,TypeScript,2024-2026,1.0,16.55,0.4,0.53,0
7,1,0,0,234,23,2,1,3,3.0,0,TypeScript,2024-2026,1.0,9.75,0.33,1.0,0
7,1,0,0,11,0,2,1,1,1.0,0,TypeScript,2024-2026,1.0,11.0,0.33,0.33,0
7,1,0,0,1119,352,29,0,2,2.0,0,TypeScript,2024-2026,1.0,3.17,0.0,0.07,0
7,1,0,0,55,1,2,1,3,3.33,0,TypeScript,2024-2026,1.0,27.5,0.33,1.11,0
7,1,0,0,43,0,2,1,2,6.0,0,TypeScript,2024-2026,1.0,43.0,0.33,2.0,0
8,1,0,0,433,0,8,3,10,3.8,0,TypeScript,2024-2026,1.0,433.0,0.33,0.42,0
8,1,0,0,163,0,6,1,2,3.5,0,TypeScript,2024-2026,1.0,163.0,0.14,0.5,0
8,1,0,0,418,0,6,1,7,3.0,0,TypeScript,2024-2026,1.0,418.0,0.14,0.43,0
8,1,0,0,589,0,6,1,14,3.86,0,TypeScript,2024-2026,1.0,589.0,0.14,0.55,0
8,1,0,0,4252,4058,158,146,232,1.07,0,TypeScript,2024-2026,1.0,1.05,0.92,0.01,0
8,1,0,0,920,759,32,16,54,4.06,0,TypeScript,2024-2026,1.0,1.21,0.48,0.12,0
9,1,0,0,148,32,33,0,0,0.0,0,TypeScript,2024-2026,1.0,4.48,0.0,0.0,0
9,1,0,0,147,0,5,1,3,7.0,0,TypeScript,2024-2026,1.0,147.0,0.17,1.17,0
9,1,0,0,166,54,8,3,8,3.0,0,TypeScript,2024-2026,1.0,3.02,0.33,0.33,0
10,1,0,0,16,16,2,0,0,0.0,0,TypeScript,2024-2026,1.0,0.94,0.0,0.0,1
10,1,0,0,199,2,2,1,2,3.0,0,TypeScript,2024-2026,1.0,66.33,0.33,1.0,0
10,1,0,0,94,43,5,1,9,5.67,0,TypeScript,2024-2026,1.0,2.14,0.17,0.94,0
10,1,0,0,1,1,1,0,0,0.0,0,TypeScript,2024-2026,1.0,0.5,0.0,0.0,0
10,1,0,0,580,1392,16,6,37,2.95,0,TypeScript,2024-2026,1.0,0.42,0.35,0.17,0
11,1,0,0,108,9,2,1,4,2.5,0,TypeScript,2024-2026,1.0,10.8,0.33,0.83,0
11,1,0,0,600,139,2,1,12,3.83,0,TypeScript,2024-2026,1.0,4.29,0.33,1.28,0
11,1,0,0,105,12,5,1,7,2.0,0,TypeScript,2024-2026,1.0,8.08,0.17,0.33,0
11,1,0,0,201,5,3,2,24,1.17,0,TypeScript,2024-2026,1.0,33.5,0.5,0.29,0
12,1,0,0,36,1,2,2,4,2.75,0,TypeScript,2024-2026,1.0,18.0,0.67,0.92,0
12,1,0,0,141,1,2,1,2,1.0,0,TypeScript,2024-2026,1.0,70.5,0.33,0.33,0
12,1,0,0,6,1,1,0,0,0.0,0,TypeScript,2024-2026,1.0,3.0,0.0,0.0,0
12,1,0,0,4,4,1,0,0,0.0,0,TypeScript,2024-2026,1.0,0.8,0.0,0.0,0
13,1,0,0,57,30,7,0,0,0.0,0,TypeScript,2024-2026,1.0,1.84,0.0,0.0,0
13,1,0,0,185,7,6,2,8,6.5,0,TypeScript,2024-2026,1.0,23.12,0.29,0.93,0
13,1,0,0,868,176,12,3,38,2.13,0,TypeScript,2024-2026,1.0,4.9,0.23,0.16,0
14,1,0,0,19,0,1,0,0,0.0,0,TypeScript,2024-2026,1.0,19.0,0.0,0.0,0
14,1,0,0,1013,593,33,13,112,2.43,0,TypeScript,2024-2026,1.0,1.71,0.38,0.07,0
14,1,0,0,5,6,1,1,1,1.0,0,TypeScript,2024-2026,1.0,0.71,0.5,0.5,0
14,1,0,0,388,117,6,1,6,9.67,0,TypeScript,2024-2026,1.0,3.29,0.14,1.38,0
15,1,0,0,150,0,1,0,0,0.0,0,TypeScript,2024-2026,1.0,150.0,0.0,0.0,0
15,1,0,0,41,5,2,1,2,1.0,0,TypeScript,2024-2026,1.0,6.83,0.33,0.33,0
15,1,0,0,82,14,5,3,8,2.12,0,TypeScript,2024-2026,1.0,5.47,0.5,0.35,0
15,1,0,0,26,10,3,1,4,3.25,0,TypeScript,2024-2026,1.0,2.36,0.25,0.81,0
16,1,0,0,414,9,7,5,15,4.27,0,TypeScript,2024-2026,1.0,41.4,0.62,0.53,0
16,1,0,0,2388,48,23,9,56,4.2,0,TypeScript,2024-2026,1.0,48.73,0.38,0.18,0
17,1,0,0,549,108,12,5,28,3.68,0,TypeScript,2024-2026,1.0,5.04,0.38,0.28,0
20,1,0,0,8,8,3,0,11,1.45,0,TypeScript,2024-2026,1.0,0.89,0.0,0.36,0
21,1,0,0,94,7,2,1,3,3.67,0,TypeScript,2024-2026,1.0,11.75,0.33,1.22,0
23,1,0,1,8,10,4,0,5,3.4,0,TypeScript,2024-2026,1.0,0.73,0.0,0.68,0
1,2,0,1,9,1,1,1,2,3.0,0,TypeScript,2024-2026,1.0,4.5,0.5,1.5,0
2,2,0,1,22,24,3,1,14,1.79,0,TypeScript,2024-2026,1.0,0.88,0.25,0.45,0
2,2,0,1,192,556,13,6,54,1.48,0,TypeScript,2024-2026,1.0,0.34,0.43,0.11,0
3,2,0,1,93,1,2,1,7,1.43,0,TypeScript,2024-2026,1.0,46.5,0.33,0.48,0
4,2,0,1,1191,1306,38,4,14,7.29,0,TypeScript,2024-2026,1.0,0.91,0.1,0.19,0
4,2,0,1,488,527,6,2,20,3.25,0,TypeScript,2024-2026,1.0,0.92,0.29,0.46,0
6,2,0,0,22,8,2,0,0,0.0,0,TypeScript,2024-2026,1.0,2.44,0.0,0.0,0
6,2,0,0,30,34,2,0,2,2.0,0,TypeScript,2024-2026,1.0,0.86,0.0,0.67,0
6,2,0,0,310,253,28,3,37,5.11,0,TypeScript,2024-2026,1.0,1.22,0.1,0.18,0
6,2,0,0,259,0,6,1,3,3.67,0,TypeScript,2024-2026,1.0,259.0,0.14,0.52,0
6,2,0,0,72,11,3,1,4,7.25,0,TypeScript,2024-2026,1.0,6.0,0.25,1.81,0
7,2,0,0,129,18,2,1,2,20.5,0,TypeScript,2024-2026,1.0,6.79,0.33,6.83,0
7,2,0,0,253,1,6,3,12,4.42,0,TypeScript,2024-2026,1.0,126.5,0.43,0.63,0
7,2,0,0,46,3,5,1,6,7.67,0,TypeScript,2024-2026,1.0,11.5,0.17,1.28,0
7,2,0,0,419,406,62,3,89,10.22,0,TypeScript,2024-2026,1.0,1.03,0.05,0.16,0
7,2,0,0,4,4,2,0,0,0.0,0,TypeScript,2024-2026,1.0,0.8,0.0,0.0,0
7,2,0,0,923,638,23,5,32,3.12,0,TypeScript,2024-2026,1.0,1.44,0.21,0.13,0
7,2,0,0,95,71,1,0,4,4.75,0,TypeScript,2024-2026,1.0,1.32,0.0,2.38,0
7,2,0,0,17,3,1,0,0,0.0,0,TypeScript,2024-2026,1.0,4.25,0.0,0.0,0
7,2,0,0,413,75,4,2,7,3.0,0,TypeScript,2024-2026,1.0,5.43,0.4,0.6,0
8,2,0,0,997,859,2,0,43,6.95,0,TypeScript,2024-2026,1.0,1.16,0.0,2.32,0
8,2,0,0,2818,83,14,4,37,7.43,0,TypeScript,2024-2026,1.0,33.55,0.27,0.5,0
8,2,0,0,554,62,16,5,19,4.68,0,TypeScript,2024-2026,1.0,8.79,0.29,0.28,0
8,2,0,0,58,100,2,0,7,7.14,0,TypeScript,2024-2026,1.0,0.57,0.0,2.38,0
8,2,0,0,71,102,11,2,13,7.69,0,TypeScript,2024-2026,1.0,0.69,0.17,0.64,0
8,2,0,0,5,5,1,1,1,1.0,0,TypeScript,2024-2026,1.0,0.83,0.5,0.5,0
8,2,0,0,90,2,2,1,2,2.0,0,TypeScript,2024-2026,1.0,30.0,0.33,0.67,0
8,2,0,0,122,1,4,2,12,1.42,0,TypeScript,2024-2026,1.0,61.0,0.4,0.28,0
8,2,0,0,505,1,7,1,4,7.5,0,TypeScript,2024-2026,1.0,252.5,0.12,0.94,0
8,2,0,0,219,6,7,2,8,3.75,0,TypeScript,2024-2026,1.0,31.29,0.25,0.47,0
8,2,0,0,935,1028,53,38,114,2.14,0,TypeScript,2024-2026,1.0,0.91,0.7,0.04,0
9,2,0,0,91,0,9,1,0,0.0,0,TypeScript,2024-2026,1.0,91.0,0.1,0.0,0
9,2,0,0,63,4,2,1,2,10.0,0,TypeScript,2024-2026,1.0,12.6,0.33,3.33,0
9,2,0,0,1106,302,19,6,46,2.17,0,TypeScript,2024-2026,1.0,3.65,0.3,0.11,0
9,2,0,0,151,10,5,2,9,1.89,0,TypeScript,2024-2026,1.0,13.73,0.33,0.32,0
9,2,0,0,340,20,9,2,19,2.53,0,TypeScript,2024-2026,1.0,16.19,0.2,0.25,0
9,2,0,0,388,0,6,1,6,5.83,0,TypeScript,2024-2026,1.0,388.0,0.14,0.83,0
9,2,0,0,264,9,9,2,4,1.0,0,TypeScript,2024-2026,1.0,26.4,0.2,0.1,0
9,2,0,0,1334,44,12,4,19,3.26,0,TypeScript,2024-2026,1.0,29.64,0.31,0.25,0
10,2,0,0,50,1,2,1,2,1.0,0,TypeScript,2024-2026,1.0,25.0,0.33,0.33,0
10,2,0,0,2211,311,34,9,72,2.03,0,TypeScript,2024-2026,1.0,7.09,0.26,0.06,0
10,2,0,0,245,24,6,3,9,5.0,0,TypeScript,2024-2026,1.0,9.8,0.43,0.71,0
10,2,0,0,905,176,21,4,47,4.32,0,TypeScript,2024-2026,1.0,5.11,0.18,0.2,0
10,2,0,0,235,12,7,3,6,2.33,0,TypeScript,2024-2026,1.0,18.08,0.38,0.29,0
11,2,0,0,3,3,2,1,1,1.0,0,TypeScript,2024-2026,1.0,0.75,0.33,0.33,0
11,2,0,0,147,4,3,1,4,5.25,0,TypeScript,2024-2026,1.0,29.4,0.25,1.31,0
11,2,0,0,1021,26,17,7,28,5.96,0,TypeScript,2024-2026,1.0,37.81,0.39,0.33,0
11,2,0,0,108,43,2,1,4,25.25,0,TypeScript,2024-2026,1.0,2.45,0.33,8.42,0
11,2,0,0,1,0,1,0,0,0.0,0,TypeScript,2024-2026,1.0,1.0,0.0,0.0,0
12,2,0,0,0,28,1,0,0,0.0,0,TypeScript,2024-2026,1.0,0.0,0.0,0.0,0
12,2,0,0,1,1,1,0,0,0.0,0,TypeScript,2024-2026,1.0,0.5,0.0,0.0,0
12,2,0,0,192,55,11,1,3,5.67,0,TypeScript,2024-2026,1.0,3.43,0.08,0.47,0
12,2,0,0,3,67768,6,1,28,1.0,0,TypeScript,2024-2026,1.0,0.0,0.14,0.14,0
12,2,0,0,140,126,60,4,11,2.09,0,TypeScript,2024-2026,1.0,1.1,0.07,0.03,0
12,2,0,0,1107,1520,72,29,94,1.35,0,TypeScript,2024-2026,1.0,0.73,0.4,0.02,0
12,2,0,0,476,21,21,0,0,0.0,0,TypeScript,2024-2026,1.0,21.64,0.0,0.0,0
13,2,0,0,4,1,1,0,0,0.0,0,TypeScript,2024-2026,1.0,2.0,0.0,0.0,0
13,2,0,0,12,1,2,1,1,1.0,0,TypeScript,2024-2026,1.0,6.0,0.33,0.33,0
13,2,0,0,70,1,2,1,2,1.5,0,TypeScript,2024-2026,1.0,35.0,0.33,0.5,0
13,2,0,0,4,4,3,0,0,0.0,0,TypeScript,2024-2026,1.0,0.8,0.0,0.0,1
13,2,0,0,100,1,2,1,6,14.5,0,TypeScript,2024-2026,1.0,50.0,0.33,4.83,0
13,2,0,0,460,0,3,1,8,2.12,0,TypeScript,2024-2026,1.0,460.0,0.25,0.53,0
13,2,0,0,2,2,2,1,0,0.0,0,TypeScript,2024-2026,1.0,0.67,0.33,0.0,0
14,2,0,0,44,4,2,1,3,2.67,0,TypeScript,2024-2026,1.0,8.8,0.33,0.89,0
14,2,0,0,26,1,2,0,1,4.0,0,TypeScript,2024-2026,1.0,13.0,0.0,1.33,0
14,2,0,0,10,1,2,0,0,0.0,0,TypeScript,2024-2026,1.0,5.0,0.0,0.0,0
14,2,0,0,22,5,2,1,2,1.5,0,TypeScript,2024-2026,1.0,3.67,0.33,0.5,0
15,2,0,0,57808,5376,484,145,1610,2.83,0,TypeScript,2024-2026,1.0,10.75,0.3,0.01,0
16,2,0,0,182,0,6,1,5,2.2,0,TypeScript,2024-2026,1.0,182.0,0.14,0.31,0
16,2,0,0,11,9,8,0,0,0.0,0,TypeScript,2024-2026,1.0,1.1,0.0,0.0,0
16,2,0,0,2,2,1,0,2,1.0,0,TypeScript,2024-2026,1.0,0.67,0.0,0.5,0
17,2,0,0,2,1,1,0,0,0.0,0,TypeScript,2024-2026,1.0,1.0,0.0,0.0,0
18,2,0,0,23,6,4,2,7,1.43,0,TypeScript,2024-2026,1.0,3.29,0.4,0.29,0
18,2,0,0,1,1,1,0,1,19.0,0,TypeScript,2024-2026,1.0,0.5,0.0,9.5,0
19,2,0,0,51,2,4,2,4,2.0,0,TypeScript,2024-2026,1.0,17.0,0.4,0.4,0
21,2,0,0,2,2,2,0,0,0.0,0,TypeScript,2024-2026,1.0,0.67,0.0,0.0,0
21,2,0,0,62,28,3,1,2,29.0,0,TypeScript,2024-2026,1.0,2.14,0.25,7.25,0
21,2,0,0,1,1,1,0,0,0.0,0,TypeScript,2024-2026,1.0,0.5,0.0,0.0,1
23,2,0,1,1683,1683,4,0,61,1.0,0,TypeScript,2024-2026,1.0,1.0,0.0,0.2,0
23,2,0,1,17,2,2,0,1,18.0,0,TypeScript,2024-2026,1.0,5.67,0.0,6.0,0
1,3,0,1,1848,2004,58,21,186,2.2,0,TypeScript,2024-2026,1.0,0.92,0.36,0.04,0
1,3,0,1,15,15,2,0,0,0.0,0,TypeScript,2024-2026,1.0,0.94,0.0,0.0,0
1,3,0,1,97,1,2,1,4,3.25,0,TypeScript,2024-2026,1.0,48.5,0.33,1.08,0
2,3,0,1,3,3,1,0,0,0.0,0,TypeScript,2024-2026,1.0,0.75,0.0,0.0,1
2,3,0,1,3,3,1,0,0,0.0,0,TypeScript,2024-2026,1.0,0.75,0.0,0.0,1
2,3,0,1,76,32,5,1,4,1.25,0,TypeScript,2024-2026,1.0,2.3,0.17,0.21,0
3,3,0,1,1378,430,25,5,67,2.4,0,TypeScript,2024-2026,1.0,3.2,0.19,0.09,0
3,3,0,1,1307,882,92,83,1519,1.39,0,TypeScript,2024-2026,1.0,1.48,0.89,0.01,0
5,3,0,1,458,35,8,2,18,2.17,0,TypeScript,2024-2026,1.0,12.72,0.22,0.24,0
5,3,0,1,239,0,4,2,8,2.75,0,TypeScript,2024-2026,1.0,239.0,0.4,0.55,0
5,3,0,1,2888,18,11,2,53,2.26,0,TypeScript,2024-2026,1.0,152.0,0.17,0.19,0
5,3,0,1,218,23,4,2,5,2.2,0,TypeScript,2024-2026,1.0,9.08,0.4,0.44,0
5,3,0,1,280,0,4,2,7,2.0,0,TypeScript,2024-2026,1.0,280.0,0.4,0.4,0
5,3,0,1,332,0,5,2,6,2.5,0,TypeScript,2024-2026,1.0,332.0,0.33,0.42,0
5,3,0,1,299,0,4,2,11,3.55,0,TypeScript,2024-2026,1.0,299.0,0.4,0.71,0
5,3,0,1,414,0,4,2,7,2.57,0,TypeScript,2024-2026,1.0,414.0,0.4,0.51,0
6,3,0,0,744,33,8,0,0,0.0,0,TypeScript,2024-2026,1.0,21.88,0.0,0.0,0
6,3,0,0,9,5,1,0,0,0.0,0,TypeScript,2024-2026,1.0,1.5,0.0,0.0,0
7,3,0,0,887,563,18,5,65,3.58,0,TypeScript,2024-2026,1.0,1.57,0.26,0.19,0
7,3,0,0,1570,29,15,4,40,3.17,0,TypeScript,2024-2026,1.0,52.33,0.25,0.2,0
7,3,0,0,113,0,3,1,6,2.33,0,TypeScript,2024-2026,1.0,113.0,0.25,0.58,0
7,3,0,0,249,2,4,0,5,3.0,0,TypeScript,2024-2026,1.0,83.0,0.0,0.6,0
7,3,0,0,357,8,6,1,7,10.0,0,TypeScript,2024-2026,1.0,39.67,0.14,1.43,0
7,3,0,0,103,104,3,1,4,1.75,0,TypeScript,2024-2026,1.0,0.98,0.25,0.44,0
8,3,0,0,575,336,7,2,29,6.59,0,TypeScript,2024-2026,1.0,1.71,0.25,0.82,0
8,3,0,0,316,1,4,2,7,2.14,0,TypeScript,2024-2026,1.0,158.0,0.4,0.43,0
8,3,0,0,6,6,3,0,2,4.0,0,TypeScript,2024-2026,1.0,0.86,0.0,1.0,0
8,3,0,0,16,18,1,0,0,0.0,0,TypeScript,2024-2026,1.0,0.84,0.0,0.0,0
8,3,0,0,693,8,6,1,14,8.29,0,TypeScript,2024-2026,1.0,77.0,0.14,1.18,0
8,3,0,0,274,24,11,3,17,2.12,0,TypeScript,2024-2026,1.0,10.96,0.25,0.18,0
8,3,0,0,314,31,16,7,26,4.08,0,TypeScript,2024-2026,1.0,9.81,0.41,0.24,0
8,3,0,0,1513,112,20,7,58,4.83,0,TypeScript,2024-2026,1.0,13.39,0.33,0.23,0
8,3,0,0,109,4,7,2,8,2.75,0,TypeScript,2024-2026,1.0,21.8,0.25,0.34,0
8,3,0,0,2,2,2,0,1,1.0,0,TypeScript,2024-2026,1.0,0.67,0.0,0.33,0
8,3,0,0,1,1,1,0,0,0.0,0,TypeScript,2024-2026,1.0,0.5,0.0,0.0,1
8,3,0,0,120,2,4,2,2,1.0,0,TypeScript,2024-2026,1.0,40.0,0.4,0.2,0
8,3,0,0,660,1270,20,9,59,2.51,0,TypeScript,2024-2026,1.0,0.52,0.43,0.12,0
9,3,0,0,389,0,4,2,5,4.4,0,TypeScript,2024-2026,1.0,389.0,0.4,0.88,0
9,3,0,0,1,1,1,0,0,0.0,0,TypeScript,2024-2026,1.0,0.5,0.0,0.0,0
9,3,0,0,12,8,2,1,4,4.75,0,TypeScript,2024-2026,1.0,1.33,0.33,1.58,0
9,3,0,0,65,0,1,1,1,1.0,0,TypeScript,2024-2026,1.0,65.0,0.5,0.5,0
9,3,0,0,50,33,3,0,0,0.0,0,TypeScript,2024-2026,1.0,1.47,0.0,0.0,0
9,3,0,0,241,17,5,2,6,2.67,0,TypeScript,2024-2026,1.0,13.39,0.33,0.44,0
9,3,0,0,13,0,2,0,1,1.0,0,TypeScript,2024-2026,1.0,13.0,0.0,0.33,0
9,3,0,0,609,88,12,3,17,3.47,0,TypeScript,2024-2026,1.0,6.84,0.23,0.27,0
9,3,0,0,6,1,1,0,1,32.0,0,TypeScript,2024-2026,1.0,3.0,0.0,16.0,0
9,3,0,0,88,7,3,1,1,1.0,0,TypeScript,2024-2026,1.0,11.0,0.25,0.25,0
9,3,0,0,94,79,2,2,12,1.08,0,TypeScript,2024-2026,1.0,1.18,0.67,0.36,0
9,3,0,0,1,1,1,0,0,0.0,0,TypeScript,2024-2026,1.0,0.5,0.0,0.0,0
10,3,0,0,6,6,2,0,0,0.0,0,TypeScript,2024-2026,1.0,0.86,0.0,0.0,0
10,3,0,0,160,124,3,2,6,1.83,0,TypeScript,2024-2026,1.0,1.28,0.5,0.46,0
10,3,0,0,8,3,2,1,0,0.0,0,TypeScript,2024-2026,1.0,2.0,0.33,0.0,0
10,3,0,0,23,4,2,0,0,0.0,0,TypeScript,2024-2026,1.0,4.6,0.0,0.0,0
11,3,0,0,706,44,19,5,25,7.72,0,TypeScript,2024-2026,1.0,15.69,0.25,0.39,0
11,3,0,0,0,9,1,0,2,1.0,0,TypeScript,2024-2026,1.0,0.0,0.0,0.5,0
11,3,0,0,456,224,6,3,15,3.93,0,TypeScript,2024-2026,1.0,2.03,0.43,0.56,0
11,3,0,0,97,6,4,1,6,4.0,0,TypeScript,2024-2026,1.0,13.86,0.2,0.8,0
11,3,0,0,367,9,5,2,3,5.0,0,TypeScript,2024-2026,1.0,36.7,0.33,0.83,0
11,3,0,0,1377,29,13,4,49,4.53,0,TypeScript,2024-2026,1.0,45.9,0.29,0.32,0
11,3,0,0,153,193,7,2,3,7.33,0,TypeScript,2024-2026,1.0,0.79,0.25,0.92,0
12,3,0,0,2,0,2,1,1,1.0,0,TypeScript,2024-2026,1.0,2.0,0.33,0.33,0
12,3,0,0,70,25,3,2,5,2.6,0,TypeScript,2024-2026,1.0,2.69,0.5,0.65,0
12,3,0,0,232,13,11,3,15,4.4,0,TypeScript,2024-2026,1.0,16.57,0.25,0.37,0
12,3,0,0,155,6,2,1,4,1.25,0,TypeScript,2024-2026,1.0,22.14,0.33,0.42,0
13,3,0,0,2598,3363,104,44,277,2.75,0,TypeScript,2024-2026,1.0,0.77,0.42,0.03,0
13,3,0,0,3,0,1,0,0,0.0,0,TypeScript,2024-2026,1.0,3.0,0.0,0.0,0
13,3,0,0,35,3,2,1,1,1.0,0,TypeScript,2024-2026,1.0,8.75,0.33,0.33,0
15,3,0,0,102,0,2,1,3,4.67,0,TypeScript,2024-2026,1.0,102.0,0.33,1.56,0
15,3,0,0,1426,775,19,10,45,3.04,0,TypeScript,2024-2026,1.0,1.84,0.5,0.15,0
15,3,0,0,246,41,8,0,4,1.0,0,TypeScript,2024-2026,1.0,5.86,0.0,0.11,0
15,3,0,0,637,42,8,4,10,1.8,0,TypeScript,2024-2026,1.0,14.81,0.44,0.2,0
15,3,0,0,22,2,2,1,2,1.5,0,TypeScript,2024-2026,1.0,7.33,0.33,0.5,0
15,3,0,0,1202,25,18,8,34,2.82,0,TypeScript,2024-2026,1.0,46.23,0.42,0.15,0
16,3,0,0,969,590,16,4,59,2.31,0,TypeScript,2024-2026,1.0,1.64,0.24,0.14,0
16,3,0,0,0,0,0,0,0,0.0,0,TypeScript,2024-2026,1.0,0.0,0.0,0.0,0
16,3,0,0,146,29,5,1,5,2.6,0,TypeScript,2024-2026,1.0,4.87,0.17,0.43,0
17,3,0,0,139,7,4,2,9,3.33,0,TypeScript,2024-2026,1.0,17.38,0.4,0.67,0
18,3,0,0,122,29,8,1,11,3.73,0,TypeScript,2024-2026,1.0,4.07,0.11,0.41,0
19,3,0,0,72,4,2,1,2,1.5,0,TypeScript,2024-2026,1.0,14.4,0.33,0.5,0
22,3,0,1,153,10,8,2,14,8.79,0,TypeScript,2024-2026,1.0,13.91,0.22,0.98,0
22,3,0,1,1,1,1,0,0,0.0,0,TypeScript,2024-2026,1.0,0.5,0.0,0.0,1
1,4,0,1,706,656,58,58,1140,1.09,0,TypeScript,2024-2026,1.0,1.07,0.98,0.02,0
1,4,0,1,9,8,1,0,1,3.0,0,TypeScript,2024-2026,1.0,1.0,0.0,1.5,0
1,4,0,1,455,3147,18,9,56,3.05,0,TypeScript,2024-2026,1.0,0.14,0.47,0.16,0
1,4,0,1,1172,1304,4,0,0,0.0,0,TypeScript,2024-2026,1.0,0.9,0.0,0.0,0
2,4,0,1,438,276,14,5,52,1.52,0,TypeScript,2024-2026,1.0,1.58,0.33,0.1,0
2,4,0,1,1134,1126,3,0,0,0.0,0,TypeScript,2024-2026,1.0,1.01,0.0,0.0,0
2,4,0,1,4,0,1,0,1,1.0,0,TypeScript,2024-2026,1.0,4.0,0.0,0.5,0
2,4,0,1,4,4,1,0,2,12.0,0,TypeScript,2024-2026,1.0,0.8,0.0,6.0,0
3,4,0,1,6,2,1,1,1,2.0,0,TypeScript,2024-2026,1.0,2.0,0.5,1.0,0
3,4,0,1,38,38,5,0,0,0.0,0,TypeScript,2024-2026,1.0,0.97,0.0,0.0,0
5,4,0,1,24,7,3,1,6,1.5,0,TypeScript,2024-2026,1.0,3.0,0.25,0.38,0
5,4,0,1,455,428,29,26,27,1.22,0,TypeScript,2024-2026,1.0,1.06,0.87,0.04,0
5,4,0,1,5,22,2,0,0,0.0,0,TypeScript,2024-2026,1.0,0.22,0.0,0.0,0
6,4,0,0,270,70,26,11,44,5.73,0,TypeScript,2024-2026,1.0,3.8,0.41,0.21,0
7,4,0,0,894,21,13,5,18,3.39,0,TypeScript,2024-2026,1.0,40.64,0.36,0.24,0
7,4,0,0,44,46,3,1,3,1.0,0,TypeScript,2024-2026,1.0,0.94,0.25,0.25,0
7,4,0,0,4,0,2,0,2,47.0,0,TypeScript,2024-2026,1.0,4.0,0.0,15.67,0
8,4,0,0,92,27,21,0,4,5.75,0,TypeScript,2024-2026,1.0,3.29,0.0,0.26,0
8,4,0,0,74,133,9,2,4,4.5,0,TypeScript,2024-2026,1.0,0.55,0.2,0.45,0
8,4,0,0,1103,137,14,5,31,4.29,0,TypeScript,2024-2026,1.0,7.99,0.33,0.29,0
8,4,0,0,21,752,9,2,38,2.05,0,TypeScript,2024-2026,1.0,0.03,0.2,0.2,0
8,4,0,0,4,4,1,0,0,0.0,0,TypeScript,2024-2026,1.0,0.8,0.0,0.0,0
8,4,0,0,4,8,3,0,0,0.0,0,TypeScript,2024-2026,1.0,0.44,0.0,0.0,0
8,4,0,0,1651,1920,66,25,155,3.44,0,TypeScript,2024-2026,1.0,0.86,0.37,0.05,0
8,4,0,0,1006,1345,68,64,111,2.53,0,TypeScript,2024-2026,1.0,0.75,0.93,0.04,0
9,4,0,0,248,5,2,0,0,0.0,0,TypeScript,2024-2026,1.0,41.33,0.0,0.0,0
9,4,0,0,268,1,4,2,7,2.0,0,TypeScript,2024-2026,1.0,134.0,0.4,0.4,0
9,4,0,0,2564,225,35,13,99,3.26,0,TypeScript,2024-2026,1.0,11.35,0.36,0.09,0
9,4,0,0,129,122,4,0,6,6.5,0,TypeScript,2024-2026,1.0,1.05,0.0,1.3,0
10,4,0,0,1,1,1,0,0,0.0,0,TypeScript,2024-2026,1.0,0.5,0.0,0.0,0
10,4,0,0,1,1,1,0,0,0.0,0,TypeScript,2024-2026,1.0,0.5,0.0,0.0,0
10,4,0,0,5,2,1,0,0,0.0,0,TypeScript,2024-2026,1.0,1.67,0.0,0.0,0
10,4,0,0,6,0,1,0,0,0.0,0,TypeScript,2024-2026,1.0,6.0,0.0,0.0,0
10,4,0,0,7,6,1,0,0,0.0,0,TypeScript,2024-2026,1.0,1.0,0.0,0.0,0
10,4,0,0,2,2,2,0,0,0.0,0,TypeScript,2024-2026,1.0,0.67,0.0,0.0,0
11,4,0,0,120,0,40,0,0,0.0,0,TypeScript,2024-2026,1.0,120.0,0.0,0.0,0
11,4,0,0,2081,140,39,12,60,3.72,0,TypeScript,2024-2026,1.0,14.76,0.3,0.09,0
11,4,0,0,388,40,9,3,18,10.67,0,TypeScript,2024-2026,1.0,9.46,0.3,1.07,0
11,4,0,0,815,105,1,0,21,1.0,0,TypeScript,2024-2026,1.0,7.69,0.0,0.5,0
12,4,0,0,4,10,1,0,0,0.0,0,TypeScript,2024-2026,1.0,0.36,0.0,0.0,0
12,4,0,0,2,1,1,0,0,0.0,0,TypeScript,2024-2026,1.0,1.0,0.0,0.0,0
12,4,0,0,3331,0,28,10,75,2.48,0,TypeScript,2024-2026,1.0,3331.0,0.34,0.09,0
12,4,0,0,13,3,5,1,2,3.0,0,TypeScript,2024-2026,1.0,3.25,0.17,0.5,0
12,4,0,0,27,43,2,0,1,1.0,0,TypeScript,2024-2026,1.0,0.61,0.0,0.33,0
12,4,0,0,55,80,1,1,4,1.5,0,TypeScript,2024-2026,1.0,0.68,0.5,0.75,0
12,4,0,0,6,24,5,0,0,0.0,0,TypeScript,2024-2026,1.0,0.24,0.0,0.0,0
13,4,0,0,0,550,13,2,19,4.0,0,TypeScript,2024-2026,1.0,0.0,0.14,0.29,0
13,4,0,0,634,322,90,11,39,5.28,0,TypeScript,2024-2026,1.0,1.96,0.12,0.06,0
13,4,0,0,3,3,1,0,0,0.0,0,TypeScript,2024-2026,1.0,0.75,0.0,0.0,1
13,4,0,0,128,3,2,1,4,1.0,0,TypeScript,2024-2026,1.0,32.0,0.33,0.33,0
13,4,0,0,5,5,1,0,0,0.0,0,TypeScript,2024-2026,1.0,0.83,0.0,0.0,0
13,4,0,0,65,1,2,2,4,1.25,0,TypeScript,2024-2026,1.0,32.5,0.67,0.42,0
14,4,0,0,195,26,18,3,8,1.38,0,TypeScript,2024-2026,1.0,7.22,0.16,0.07,0
14,4,0,0,121,26,5,1,3,1.67,0,TypeScript,2024-2026,1.0,4.48,0.17,0.28,0
14,4,0,0,7,1,2,0,0,0.0,0,TypeScript,2024-2026,1.0,3.5,0.0,0.0,0
14,4,0,0,126,54,7,1,13,3.0,0,TypeScript,2024-2026,1.0,2.29,0.12,0.38,0
14,4,0,0,16,4,2,1,4,1.0,0,TypeScript,2024-2026,1.0,3.2,0.33,0.33,0
15,4,0,0,2,2,2,0,0,0.0,0,TypeScript,2024-2026,1.0,0.67,0.0,0.0,1
15,4,0,0,290,3,7,2,12,2.75,0,TypeScript,2024-2026,1.0,72.5,0.25,0.34,0
15,4,0,0,313,19,10,3,17,1.88,0,TypeScript,2024-2026,1.0,15.65,0.27,0.17,0
15,4,0,0,1598,2979,52,5,0,0.0,0,TypeScript,2024-2026,1.0,0.54,0.09,0.0,0
15,4,0,0,1,0,1,0,0,0.0,0,TypeScript,2024-2026,1.0,1.0,0.0,0.0,0
16,4,0,0,103,0,4,1,5,4.6,0,TypeScript,2024-2026,1.0,103.0,0.2,0.92,0
16,4,0,0,233,0,4,2,8,2.0,0,TypeScript,2024-2026,1.0,233.0,0.4,0.4,0
16,4,0,0,40,10,2,1,7,3.0,0,TypeScript,2024-2026,1.0,3.64,0.33,1.0,0
17,4,0,0,8,6,3,1,6,1.67,0,TypeScript,2024-2026,1.0,1.14,0.25,0.42,0
19,4,0,0,12,5,1,0,2,15.0,0,TypeScript,2024-2026,1.0,2.0,0.0,7.5,0
20,4,0,0,3,3,2,1,0,0.0,0,TypeScript,2024-2026,1.0,0.75,0.33,0.0,0
20,4,0,0,19,1,3,1,0,0.0,0,TypeScript,2024-2026,1.0,9.5,0.25,0.0,0
1,5,1,1,148,49,6,2,14,2.93,0,TypeScript,2024-2026,1.0,2.96,0.29,0.42,0
2,5,1,1,3,4,1,0,1,13.0,0,TypeScript,2024-2026,1.0,0.6,0.0,6.5,0
3,5,1,1,19480,39,15,5,48,3.15,0,TypeScript,2024-2026,1.0,487.0,0.31,0.2,0
3,5,1,1,38,33,2,0,0,0.0,0,TypeScript,2024-2026,1.0,1.12,0.0,0.0,0
3,5,1,1,1497,1264,200,200,2296,1.19,0,TypeScript,2024-2026,1.0,1.18,1.0,0.01,0
4,5,1,1,3,3,1,0,0,0.0,0,TypeScript,2024-2026,1.0,0.75,0.0,0.0,1
4,5,1,1,17,6,2,0,2,4.5,0,TypeScript,2024-2026,1.0,2.43,0.0,1.5,0
4,5,1,1,196,16,4,1,4,7.0,0,TypeScript,2024-2026,1.0,11.53,0.2,1.4,0
5,5,1,1,841,1806,81,26,123,4.51,0,TypeScript,2024-2026,1.0,0.47,0.32,0.06,0
10,5,1,0,1,1,1,0,1,1.0,0,TypeScript,2024-2026,1.0,0.5,0.0,0.5,0
11,5,1,0,115,1,2,1,5,2.4,0,TypeScript,2024-2026,1.0,57.5,0.33,0.8,0
12,5,1,0,179,53,7,3,6,1.5,0,TypeScript,2024-2026,1.0,3.31,0.38,0.19,0
14,5,1,0,25,21,1,0,3,2.0,0,TypeScript,2024-2026,1.0,1.14,0.0,1.0,0
