commit_hour,day_of_week,is_weekend,is_night_commit,lines_added,lines_deleted,files_changed,test_files_changed,num_methods,avg_complexity,is_buggy,language_group,time_period,confidence,churn_ratio,test_ratio,complexity_per_file,prior_bugs_author
15,6,1,0,2,2,1,1,1,19.0,0,Python,2018-2020,1.0,0.67,0.5,9.5,0
15,6,1,0,6,10,1,0,3,4.0,0,Python,2018-2020,1.0,0.55,0.0,2.0,0
17,6,1,0,4,0,1,0,0,0.0,0,Python,2018-2020,1.0,4.0,0.0,0.0,0
13,0,0,0,5,1,2,0,0,0.0,0,Python,2018-2020,1.0,2.5,0.0,0.0,0
14,0,0,0,18,0,1,0,0,0.0,0,Python,2018-2020,1.0,18.0,0.0,0.0,0
15,0,0,0,55,49,8,0,3,12.67,0,Python,2018-2020,1.0,1.1,0.0,1.41,0
15,0,0,0,3,2,1,0,1,2.0,0,Python,2018-2020,1.0,1.0,0.0,1.0,0
15,0,0,0,1,1,1,0,0,0.0,0,Python,2018-2020,1.0,0.5,0.0,0.0,0
20,0,0,0,10,8,1,0,0,0.0,0,Python,2018-2020,1.0,1.11,0.0,0.0,0
20,0,0,0,10,23,1,0,0,0.0,0,Python,2018-2020,1.0,0.42,0.0,0.0,0
7,1,0,0,2,2,1,0,1,3.0,0,Python,2018-2020,1.0,0.67,0.0,1.5,0
7,1,0,0,1,1,1,0,0,0.0,0,Python,2018-2020,1.0,0.5,0.0,0.0,0
14,1,0,0,35,8,2,1,4,5.5,0,Python,2018-2020,1.0,3.89,0.33,1.83,0
14,1,0,0,17,23,1,0,0,0.0,0,Python,2018-2020,1.0,0.71,0.0,0.0,0
15,1,0,0,0,2,1,0,1,9.0,0,Python,2018-2020,1.0,0.0,0.0,4.5,0
22,1,0,1,105,9,3,0,0,0.0,0,Python,2018-2020,1.0,10.5,0.0,0.0,0
22,1,0,1,6,11,2,0,0,0.0,0,Python,2018-2020,1.0,0.5,0.0,0.0,0
22,1,0,1,26,936,15,2,66,5.03,0,Python,2018-2020,1.0,0.03,0.12,0.31,0
6,2,0,0,3,23,1,0,0,0.0,0,Python,2018-2020,1.0,0.12,0.0,0.0,0
7,2,0,0,5,5,2,0,0,0.0,0,Python,2018-2020,1.0,0.83,0.0,0.0,0
7,2,0,0,21,7,1,0,0,0.0,0,Python,2018-2020,1.0,2.62,0.0,0.0,0
9,2,0,0,8,8,2,0,0,0.0,0,Python,2018-2020,1.0,0.89,0.0,0.0,0
10,2,0,0,6,6,1,0,0,0.0,0,Python,2018-2020,1.0,0.86,0.0,0.0,0
13,2,0,0,4,0,1,0,0,0.0,0,Python,2018-2020,1.0,4.0,0.0,0.0,0
13,2,0,0,0,32,2,1,3,5.33,0,Python,2018-2020,1.0,0.0,0.33,1.78,0
13,2,0,0,1,456,3,1,9,6.78,0,Python,2018-2020,1.0,0.0,0.25,1.7,0
13,2,0,0,0,8,2,1,0,0.0,0,Python,2018-2020,1.0,0.0,0.33,0.0,0
13,2,0,0,0,11,2,1,0,0.0,0,Python,2018-2020,1.0,0.0,0.33,0.0,0
14,2,0,0,0,1,1,0,0,0.0,0,Python,2018-2020,1.0,0.0,0.0,0.0,0
14,2,0,0,24,1,2,0,0,0.0,0,Python,2018-2020,1.0,12.0,0.0,0.0,0
15,2,0,0,31,1,2,0,0,0.0,0,Python,2018-2020,1.0,15.5,0.0,0.0,0
16,2,0,0,2,2,2,0,0,0.0,0,Python,2018-2020,1.0,0.67,0.0,0.0,0
16,2,0,0,0,0,0,0,0,0.0,0,Python,2018-2020,1.0,0.0,0.0,0.0,0
8,3,0,0,1,1,1,0,2,2.0,0,Python,2018-2020,1.0,0.5,0.0,1.0,0
14,3,0,0,1,1,1,0,0,0.0,0,Python,2018-2020,1.0,0.5,0.0,0.0,0
7,4,0,0,2,2,2,0,0,0.0,0,Python,2018-2020,1.0,0.67,0.0,0.0,0
7,4,0,0,12,12,2,0,0,0.0,0,Python,2018-2020,1.0,0.92,0.0,0.0,0
8,4,0,0,0,0,0,0,0,0.0,0,Python,2018-2020,1.0,0.0,0.0,0.0,0
11,4,0,0,4,4,3,0,0,0.0,0,Python,2018-2020,1.0,0.8,0.0,0.0,0
12,4,0,0,2,2,2,0,0,0.0,0,Python,2018-2020,1.0,0.67,0.0,0.0,0
10,1,0,0,9,0,2,0,0,0.0,0,Python,2018-2020,1.0,9.0,0.0,0.0,0
15,4,0,0,3,3,1,0,2,9.0,0,Python,2018-2020,1.0,0.75,0.0,4.5,0
19,4,0,0,1,1,1,0,0,0.0,0,Python,2018-2020,1.0,0.5,0.0,0.0,0
11,5,1,0,7,0,1,0,0,0.0,0,Python,2018-2020,1.0,7.0,0.0,0.0,0
11,5,1,0,2,3,1,0,0,0.0,0,Python,2018-2020,1.0,0.5,0.0,0.0,0
12,5,1,0,3,3,1,0,2,9.0,0,Python,2018-2020,1.0,0.75,0.0,4.5,0
17,5,1,0,17,2,3,1,3,7.0,0,Python,2018-2020,1.0,5.67,0.25,1.75,0
18,5,1,0,58,0,2,1,2,6.5,0,Python,2018-2020,1.0,58.0,0.33,2.17,0
18,5,1,0,2,0,1,0,0,0.0,0,Python,2018-2020,1.0,2.0,0.0,0.0,0
7,2,0,0,18,0,1,1,1,1.0,0,Python,2018-2020,1.0,18.0,0.5,0.5,0
7,2,0,0,30,3,2,1,2,6.5,0,Python,2018-2020,1.0,7.5,0.33,2.17,0
7,2,0,0,2,0,1,0,0,0.0,0,Python,2018-2020,1.0,2.0,0.0,0.0,0
10,3,0,0,16,16,2,1,3,2.33,0,Python,2018-2020,1.0,0.94,0.33,0.78,0
11,3,0,0,147,318,20,7,32,5.72,0,Python,2018-2020,1.0,0.46,0.33,0.27,0
8,1,0,0,13,13,6,0,0,0.0,0,Python,2018-2020,1.0,0.93,0.0,0.0,0
17,1,0,0,32,11,3,2,3,1.33,0,Python,2018-2020,1.0,2.67,0.5,0.33,0
17,1,0,0,18,2,3,1,3,9.33,0,Python,2018-2020,1.0,6.0,0.25,2.33,0
17,1,0,0,1,1,1,0,0,0.0,0,Python,2018-2020,1.0,0.5,0.0,0.0,0
17,1,0,0,30,177,3,2,10,1.2,0,Python,2018-2020,1.0,0.17,0.5,0.3,0
17,1,0,0,1,0,1,0,1,13.0,0,Python,2018-2020,1.0,1.0,0.0,6.5,0
18,1,0,0,1,1,1,1,0,0.0,0,Python,2018-2020,1.0,0.5,0.5,0.0,0
18,1,0,0,11,3,2,1,3,2.67,0,Python,2018-2020,1.0,2.75,0.33,0.89,0
14,0,0,0,5,0,2,0,1,12.0,0,Python,2018-2020,1.0,5.0,0.0,4.0,0
16,0,0,0,35,7,2,1,9,4.89,0,Python,2018-2020,1.0,4.38,0.33,1.63,0
16,0,0,0,2,0,1,0,0,0.0,0,Python,2018-2020,1.0,2.0,0.0,0.0,0
17,3,0,0,2,2,1,0,0,0.0,0,Python,2018-2020,1.0,0.67,0.0,0.0,0
15,4,0,0,87,59,6,2,23,3.52,0,Python,2018-2020,1.0,1.45,0.29,0.5,0
15,4,0,0,44,17,4,1,5,8.6,0,Python,2018-2020,1.0,2.44,0.2,1.72,0
15,4,0,0,2,0,1,0,0,0.0,0,Python,2018-2020,1.0,2.0,0.0,0.0,0
15,4,0,0,5,2,1,0,0,0.0,0,Python,2018-2020,1.0,1.67,0.0,0.0,0
16,4,0,0,4,6,1,0,0,0.0,0,Python,2018-2020,1.0,0.57,0.0,0.0,0
12,6,1,0,44,9,3,1,3,3.0,0,Python,2018-2020,1.0,4.4,0.25,0.75,0
16,6,1,0,6,2,4,0,0,0.0,0,Python,2018-2020,1.0,2.0,0.0,0.0,0
16,6,1,0,2,2,1,0,0,0.0,0,Python,2018-2020,1.0,0.67,0.0,0.0,0
17,6,1,0,3,0,1,0,0,0.0,0,Python,2018-2020,1.0,3.0,0.0,0.0,0
11,4,0,0,22,3,3,1,2,2.5,0,Python,2018-2020,1.0,5.5,0.25,0.62,0
12,2,0,0,82,22,3,1,9,7.56,0,Python,2018-2020,1.0,3.57,0.25,1.89,0
15,4,0,0,532,269,16,6,124,4.95,0,Python,2018-2020,1.0,1.97,0.35,0.29,0
12,5,1,0,119,52,3,1,15,8.53,0,Python,2018-2020,1.0,2.25,0.25,2.13,0
13,5,1,0,108,92,14,3,34,5.76,0,Python,2018-2020,1.0,1.16,0.2,0.38,0
13,5,1,0,108,92,14,3,34,5.76,0,Python,2018-2020,1.0,1.16,0.2,0.38,0
14,3,0,0,33,3,4,1,7,9.86,0,Python,2018-2020,1.0,8.25,0.2,1.97,0
18,4,0,0,1497,830,6,3,101,3.67,0,Python,2018-2020,1.0,1.8,0.43,0.52,0
15,5,1,0,179,23,5,2,9,3.89,0,Python,2018-2020,1.0,7.46,0.33,0.65,0
13,6,1,0,62,19,3,1,2,6.5,0,Python,2018-2020,1.0,3.1,0.25,1.62,0
14,6,1,0,25,7,3,1,5,3.6,0,Python,2018-2020,1.0,3.12,0.25,0.9,0
11,0,0,0,30,15,3,1,3,19.33,0,Python,2018-2020,1.0,1.88,0.25,4.83,0
16,0,0,0,439,365,26,6,135,3.9,0,Python,2018-2020,1.0,1.2,0.22,0.14,0
14,1,0,0,321,151,13,4,22,7.59,0,Python,2018-2020,1.0,2.11,0.29,0.54,0
15,1,0,0,32,14,4,1,9,2.11,0,Python,2018-2020,1.0,2.13,0.2,0.42,0
17,5,1,0,2601,1806,16,7,158,4.44,0,Python,2018-2020,1.0,1.44,0.41,0.26,0
20,5,1,0,26,5,3,1,2,11.5,0,Python,2018-2020,1.0,4.33,0.25,2.88,0
20,6,1,0,232,255,4,2,9,7.33,0,Python,2018-2020,1.0,0.91,0.4,1.47,0
8,0,0,0,53,21,3,2,10,4.8,0,Python,2018-2020,1.0,2.41,0.5,1.2,0
8,0,0,0,3,3,2,0,0,0.0,0,Python,2018-2020,1.0,0.75,0.0,0.0,0
10,0,0,0,7,4,2,1,2,2.5,0,Python,2018-2020,1.0,1.4,0.33,0.83,0
11,6,1,0,22,0,1,0,0,0.0,0,Python,2018-2020,1.0,22.0,0.0,0.0,0
11,6,1,0,14,10,1,0,0,0.0,0,Python,2018-2020,1.0,1.27,0.0,0.0,0
11,6,1,0,1,3,1,0,0,0.0,0,Python,2018-2020,1.0,0.25,0.0,0.0,0
11,6,1,0,9,1,1,0,0,0.0,0,Python,2018-2020,1.0,4.5,0.0,0.0,0
12,6,1,0,20,3,3,0,1,2.0,0,Python,2018-2020,1.0,5.0,0.0,0.5,0
12,6,1,0,1,0,1,0,0,0.0,0,Python,2018-2020,1.0,1.0,0.0,0.0,0
18,6,1,0,30,15,12,2,1,4.0,0,Python,2018-2020,1.0,1.88,0.15,0.31,0
16,0,0,0,4,4,1,1,1,9.0,0,Python,2018-2020,1.0,0.8,0.5,4.5,0
12,1,0,0,3410,864,25,5,203,3.7,0,Python,2018-2020,1.0,3.94,0.19,0.14,0
12,1,0,0,6,4,2,1,3,4.67,0,Python,2018-2020,1.0,1.2,0.33,1.56,0
10,3,0,0,216,128,3,1,22,4.05,0,Python,2018-2020,1.0,1.67,0.25,1.01,0
17,3,0,0,798,252,11,0,7,6.86,0,Python,2018-2020,1.0,3.15,0.0,0.57,0
17,6,1,0,3342,496,25,5,156,3.92,0,Python,2018-2020,1.0,6.72,0.19,0.15,0
20,6,1,0,32,6,4,3,5,17.6,0,Python,2018-2020,1.0,4.57,0.6,3.52,0
14,0,0,0,43,5,6,3,9,4.0,0,Python,2018-2020,1.0,7.17,0.43,0.57,0
14,0,0,0,2,2,1,0,1,25.0,0,Python,2018-2020,1.0,0.67,0.0,12.5,0
7,2,0,0,579,17,9,2,25,4.28,0,Python,2018-2020,1.0,32.17,0.2,0.43,0
8,1,0,0,15,6,3,1,3,5.33,0,Python,2018-2020,1.0,2.14,0.25,1.33,0
13,3,0,0,0,3,1,0,0,0.0,0,Python,2018-2020,1.0,0.0,0.0,0.0,0
7,6,1,0,30,9,4,1,0,0.0,0,Python,2018-2020,1.0,3.0,0.2,0.0,0
7,6,1,0,44,60,3,1,29,4.48,0,Python,2018-2020,1.0,0.72,0.25,1.12,0
12,6,1,0,24,21,3,0,0,0.0,0,Python,2018-2020,1.0,1.09,0.0,0.0,0
9,0,0,0,14,1,2,0,0,0.0,0,Python,2018-2020,1.0,7.0,0.0,0.0,0
13,6,1,0,5,6,2,0,0,0.0,0,Python,2018-2020,1.0,0.71,0.0,0.0,0
13,6,1,0,1,1,1,0,0,0.0,0,Python,2018-2020,1.0,0.5,0.0,0.0,0
13,6,1,0,1,1,1,0,0,0.0,0,Python,2018-2020,1.0,0.5,0.0,0.0,0
17,0,0,0,22,26,2,0,2,2.0,0,Python,2018-2020,1.0,0.81,0.0,0.67,0
20,0,0,0,43,52,3,2,8,2.0,0,Python,2018-2020,1.0,0.81,0.5,0.5,0
13,6,1,0,2,2,2,1,0,0.0,0,Python,2018-2020,1.0,0.67,0.33,0.0,0
17,0,0,0,2133,651,24,4,86,9.31,1,Python,2018-2020,0.455,3.27,0.16,0.37,0
18,0,0,0,12,9,2,0,0,0.0,0,Python,2018-2020,1.0,1.2,0.0,0.0,1
20,0,0,0,721,676,7,1,1,9.0,0,Python,2018-2020,1.0,1.06,0.12,1.12,1
20,0,0,0,12,3,2,0,2,17.5,0,Python,2018-2020,1.0,3.0,0.0,5.83,1
14,1,0,0,37,13,4,1,2,10.0,0,Python,2018-2020,1.0,2.64,0.2,2.0,1
17,1,0,0,1064,395,10,0,1,10.0,0,Python,2018-2020,1.0,2.69,0.0,0.91,1
17,1,0,0,8,2,2,1,2,8.5,0,Python,2018-2020,1.0,2.67,0.33,2.83,1
19,1,0,0,11,5,2,0,10,19.2,0,Python,2018-2020,1.0,1.83,0.0,6.4,1
20,1,0,0,62,24,5,3,17,5.35,0,Python,2018-2020,1.0,2.48,0.5,0.89,1
7,2,0,0,2,2,1,0,2,23.0,0,Python,2018-2020,1.0,0.67,0.0,11.5,1
13,2,0,0,39,20,8,5,10,6.7,0,Python,2018-2020,1.0,1.86,0.56,0.74,1
20,2,0,0,25,21,1,0,2,14.5,0,Python,2018-2020,1.0,1.14,0.0,7.25,0
11,3,0,0,71,10,5,1,4,21.75,0,Python,2018-2020,1.0,6.45,0.17,3.62,0
16,5,1,0,17,6,3,1,2,7.0,0,Python,2018-2020,1.0,2.43,0.25,1.75,0
16,5,1,0,1055,484,22,3,37,5.0,0,Python,2018-2020,1.0,2.18,0.13,0.22,1
17,5,1,0,33,5,4,2,8,5.25,0,Python,2018-2020,1.0,5.5,0.4,1.05,0
17,5,1,0,45,45,9,0,0,0.0,0,Python,2018-2020,1.0,0.98,0.0,0.0,1
8,6,1,0,14,16,3,0,1,4.0,0,Python,2018-2020,1.0,0.82,0.0,1.0,1
19,6,1,0,8,123,4,1,9,6.67,0,Python,2018-2020,1.0,0.06,0.2,1.33,1
18,1,0,0,1243,170,11,1,3,5.0,0,Python,2018-2020,1.0,7.27,0.08,0.42,1
20,1,0,0,12,3,2,1,2,4.5,0,Python,2018-2020,1.0,3.0,0.33,1.5,1
11,2,0,0,25,14,3,1,4,9.25,1,Python,2018-2020,0.009,1.67,0.25,2.31,1
9,3,0,0,72,76,4,1,2,2.0,0,Python,2018-2020,1.0,0.94,0.2,0.4,2
9,3,0,0,9,13,3,0,4,5.0,0,Python,2018-2020,1.0,0.64,0.0,1.25,2
19,4,0,0,175,75,11,3,17,11.0,0,Python,2018-2020,1.0,2.3,0.25,0.92,2
10,5,1,0,8,1,2,1,2,2.0,0,Python,2018-2020,1.0,4.0,0.33,0.67,2
21,6,1,0,747,253,6,1,25,8.28,0,Python,2018-2020,1.0,2.94,0.14,1.18,2
14,0,0,0,20,20,8,2,13,13.85,1,Python,2018-2020,0.667,0.95,0.22,1.54,0
14,1,0,0,747,88,9,1,26,6.42,1,Python,2018-2020,0.091,8.39,0.1,0.64,2
17,2,0,0,1386,794,42,0,17,6.76,0,Python,2018-2020,1.0,1.74,0.0,0.16,3
18,4,0,0,48494,36,26,0,3,5.67,0,Python,2018-2020,1.0,1310.65,0.0,0.21,3
13,5,1,0,21,7,2,1,3,8.0,0,Python,2018-2020,1.0,2.62,0.33,2.67,3
13,5,1,0,5,5,5,0,0,0.0,0,Python,2018-2020,1.0,0.83,0.0,0.0,1
14,5,1,0,49,20,2,0,6,7.0,0,Python,2018-2020,1.0,2.33,0.0,2.33,3
15,0,0,0,2857,20213,43,0,3,4.33,0,Python,2018-2020,1.0,0.14,0.0,0.1,3
7,1,0,0,161,123,81,1,23,4.0,0,Python,2018-2020,1.0,1.3,0.01,0.05,3
7,1,0,0,7,4,2,1,3,18.67,0,Python,2018-2020,1.0,1.4,0.33,6.22,3
9,1,0,0,8,1,1,0,5,11.4,0,Python,2018-2020,1.0,4.0,0.0,5.7,3
9,1,0,0,8,7,1,0,0,0.0,0,Python,2018-2020,1.0,1.0,0.0,0.0,3
10,1,0,0,2,2,1,0,0,0.0,0,Python,2018-2020,1.0,0.67,0.0,0.0,3
10,1,0,0,6,3,2,0,0,0.0,0,Python,2018-2020,1.0,1.5,0.0,0.0,3
14,1,0,0,2,2,2,0,0,0.0,0,Python,2018-2020,1.0,0.67,0.0,0.0,3
19,2,0,0,10,0,3,0,0,0.0,0,Python,2018-2020,1.0,10.0,0.0,0.0,3
19,4,0,0,3,1,1,0,1,21.0,0,Python,2018-2020,1.0,1.5,0.0,10.5,0
18,0,0,0,46,10,3,1,2,8.0,0,Python,2018-2020,1.0,4.18,0.25,2.0,3
18,0,0,0,16,35,1,1,6,5.67,0,Python,2018-2020,1.0,0.44,0.5,2.84,1
18,0,0,0,15,5,1,0,2,8.0,0,Python,2018-2020,1.0,2.5,0.0,4.0,1
18,0,0,0,9,0,2,1,2,7.0,0,Python,2018-2020,1.0,9.0,0.33,2.33,0
18,0,0,0,1,1,1,0,1,10.0,0,Python,2018-2020,1.0,0.5,0.0,5.0,0
18,0,0,0,9,3,2,1,2,8.5,0,Python,2018-2020,1.0,2.25,0.33,2.83,1
8,3,0,0,3,0,1,0,0,0.0,0,Python,2018-2020,1.0,3.0,0.0,0.0,3
8,3,0,0,54,22,3,1,4,5.0,0,Python,2018-2020,1.0,2.35,0.25,1.25,1
1,6,1,1,3,0,1,0,0,0.0,0,Python,2018-2020,1.0,3.0,0.0,0.0,0
2,6,1,1,1,1,1,0,0,0.0,0,Python,2018-2020,1.0,0.5,0.0,0.0,0
11,6,1,0,9,2,1,0,2,2.0,0,Python,2018-2020,1.0,3.0,0.0,1.0,0
14,0,0,0,25,15,2,0,0,0.0,0,Python,2018-2020,1.0,1.56,0.0,0.0,0
17,0,0,0,2,2,1,0,0,0.0,0,Python,2018-2020,1.0,0.67,0.0,0.0,0
17,0,0,0,2,2,1,0,1,35.0,0,Python,2018-2020,1.0,0.67,0.0,17.5,0
18,0,0,0,858,924,12,9,222,1.84,0,Python,2018-2020,1.0,0.93,0.69,0.14,1
16,1,0,0,1,1,1,0,1,7.0,0,Python,2018-2020,1.0,0.5,0.0,3.5,0
16,1,0,0,2,2,1,0,2,3.5,0,Python,2018-2020,1.0,0.67,0.0,1.75,0
17,1,0,0,18,7,1,0,1,12.0,0,Python,2018-2020,1.0,2.25,0.0,6.0,0
18,1,0,0,4,12,1,0,1,11.0,0,Python,2018-2020,1.0,0.31,0.0,5.5,0
20,1,0,0,165,10,5,1,0,0.0,0,Python,2018-2020,1.0,15.0,0.17,0.0,0
20,1,0,0,46,11,2,0,0,0.0,0,Python,2018-2020,1.0,3.83,0.0,0.0,0
21,1,0,0,4,2,1,0,0,0.0,0,Python,2018-2020,1.0,1.33,0.0,0.0,0
23,1,0,1,5,1,1,1,0,0.0,0,Python,2018-2020,1.0,2.5,0.5,0.0,0
2,2,0,1,1,1,1,1,2,8.0,0,Python,2018-2020,1.0,0.5,0.5,4.0,0
3,2,0,1,66,21,4,3,12,4.58,0,Python,2018-2020,1.0,3.0,0.6,0.92,0
3,2,0,1,2,2,1,1,1,4.0,0,Python,2018-2020,1.0,0.67,0.5,2.0,0
4,2,0,1,37,11,1,1,6,1.67,0,Python,2018-2020,1.0,3.08,0.5,0.84,0
5,2,0,1,61,15,1,1,5,1.4,0,Python,2018-2020,1.0,3.81,0.5,0.7,0
5,2,0,1,5,0,1,1,1,1.0,0,Python,2018-2020,1.0,5.0,0.5,0.5,0
5,2,0,1,3,2,1,1,1,8.0,0,Python,2018-2020,1.0,1.0,0.5,4.0,0
6,2,0,0,8,0,1,1,1,1.0,0,Python,2018-2020,1.0,8.0,0.5,0.5,0
6,2,0,0,2,1,1,0,0,0.0,0,Python,2018-2020,1.0,1.0,0.0,0.0,0
11,2,0,0,8,0,1,1,0,0.0,0,Python,2018-2020,1.0,8.0,0.5,0.0,0
13,2,0,0,12,2,2,1,2,8.0,0,Python,2018-2020,1.0,4.0,0.33,2.67,0
13,2,0,0,11,12,3,3,5,2.2,0,Python,2018-2020,1.0,0.85,0.75,0.55,1
14,2,0,0,11,23,1,0,3,57.33,0,Python,2018-2020,1.0,0.46,0.0,28.66,0
14,2,0,0,14,0,1,1,1,1.0,0,Python,2018-2020,1.0,14.0,0.5,0.5,0
19,2,0,0,12,3,3,1,2,4.5,0,Python,2018-2020,1.0,3.0,0.25,1.12,0
22,2,0,1,172,28,3,2,19,3.53,0,Python,2018-2020,1.0,5.93,0.5,0.88,0
22,2,0,1,9,8,4,0,0,0.0,0,Python,2018-2020,1.0,1.0,0.0,0.0,0
23,2,0,1,23,13,1,0,0,0.0,0,Python,2018-2020,1.0,1.64,0.0,0.0,0
23,2,0,1,0,11,1,1,1,1.0,0,Python,2018-2020,1.0,0.0,0.5,0.5,0
14,3,0,0,257,124,3,0,0,0.0,0,Python,2018-2020,1.0,2.06,0.0,0.0,0
14,3,0,0,3,2,1,0,1,8.0,0,Python,2018-2020,1.0,1.0,0.0,4.0,0
16,3,0,0,1,1,1,0,0,0.0,0,Python,2018-2020,1.0,0.5,0.0,0.0,0
16,3,0,0,4,1,1,0,0,0.0,0,Python,2018-2020,1.0,2.0,0.0,0.0,0
20,3,0,0,19,4,2,0,2,2.0,0,Python,2018-2020,1.0,3.8,0.0,0.67,0
20,3,0,0,5,1,2,1,2,8.0,0,Python,2018-2020,1.0,2.5,0.33,2.67,0
3,4,0,1,176,2,8,1,11,1.0,0,Python,2018-2020,1.0,58.67,0.11,0.11,0
4,4,0,1,4,3,2,1,1,1.0,0,Python,2018-2020,1.0,1.0,0.33,0.33,0
7,4,0,0,1,6,1,0,1,1.0,0,Python,2018-2020,1.0,0.14,0.0,0.5,0
7,4,0,0,14,4,2,0,1,1.0,0,Python,2018-2020,1.0,2.8,0.0,0.33,0
8,4,0,0,10,665,60,0,0,0.0,0,Python,2018-2020,1.0,0.02,0.0,0.0,0
12,4,0,0,134,8,2,1,10,1.8,0,Python,2018-2020,1.0,14.89,0.33,0.6,0
15,4,0,0,2,2,1,0,1,8.0,0,Python,2018-2020,1.0,0.67,0.0,4.0,0
20,4,0,0,3,3,1,0,1,7.0,0,Python,2018-2020,1.0,0.75,0.0,3.5,0
8,5,1,0,22,5,2,0,0,0.0,0,Python,2018-2020,1.0,3.67,0.0,0.0,0
12,5,1,0,867,663,56,0,0,0.0,0,Python,2018-2020,1.0,1.31,0.0,0.0,0
13,5,1,0,2,2,2,1,2,8.0,0,Python,2018-2020,1.0,0.67,0.33,2.67,0
13,5,1,0,9,6,1,0,0,0.0,0,Python,2018-2020,1.0,1.29,0.0,0.0,0
14,5,1,0,15,15,1,0,0,0.0,0,Python,2018-2020,1.0,0.94,0.0,0.0,0
14,5,1,0,39,39,1,0,0,0.0,0,Python,2018-2020,1.0,0.98,0.0,0.0,0
16,5,1,0,4,1,1,0,0,0.0,0,Python,2018-2020,1.0,2.0,0.0,0.0,0
17,5,1,0,1,12,2,0,3,1.0,0,Python,2018-2020,1.0,0.08,0.0,0.33,0
20,5,1,0,2,2,2,1,1,15.0,0,Python,2018-2020,1.0,0.67,0.33,5.0,0
23,5,1,1,16,4,1,1,2,5.5,0,Python,2018-2020,1.0,3.2,0.5,2.75,0
0,6,1,1,12,12,1,1,1,11.0,0,Python,2018-2020,1.0,0.92,0.5,5.5,0
0,6,1,1,1,1,1,0,1,15.0,0,Python,2018-2020,1.0,0.5,0.0,7.5,0
0,6,1,1,2,1,1,0,1,29.0,0,Python,2018-2020,1.0,1.0,0.0,14.5,0
0,6,1,1,19,13,2,2,5,1.2,0,Python,2018-2020,1.0,1.36,0.67,0.4,0
1,6,1,1,3,2,1,1,1,4.0,0,Python,2018-2020,1.0,1.0,0.5,2.0,0
1,6,1,1,1,1,1,1,0,0.0,0,Python,2018-2020,1.0,0.5,0.5,0.0,0
2,6,1,1,1,1,1,0,0,0.0,0,Python,2018-2020,1.0,0.5,0.0,0.0,0
6,6,1,0,13,1,2,1,2,11.0,1,Python,2018-2020,0.4,6.5,0.33,3.67,0
10,6,1,0,87,45,2,1,9,1.56,0,Python,2018-2020,1.0,1.89,0.33,0.52,0
10,6,1,0,1,1,1,1,1,1.0,0,Python,2018-2020,1.0,0.5,0.5,0.5,0
12,6,1,0,93,62,1,0,0,0.0,0,Python,2018-2020,1.0,1.48,0.0,0.0,0
13,6,1,0,13,19,2,1,2,1.5,0,Python,2018-2020,1.0,0.65,0.33,0.5,0
13,6,1,0,9,0,1,0,0,0.0,0,Python,2018-2020,1.0,9.0,0.0,0.0,0
15,6,1,0,2,1,1,0,1,70.0,0,Python,2018-2020,1.0,1.0,0.0,35.0,0
15,6,1,0,3,2,1,1,0,0.0,0,Python,2018-2020,1.0,1.0,0.5,0.0,0
16,6,1,0,49,8,3,2,9,1.11,0,Python,2018-2020,1.0,5.44,0.5,0.28,0
19,6,1,0,0,1,1,0,1,1.0,0,Python,2018-2020,1.0,0.0,0.0,0.5,0
19,6,1,0,845,0,1,0,0,0.0,0,Python,2018-2020,1.0,845.0,0.0,0.0,0
21,6,1,0,0,0,1,0,0,0.0,0,Python,2018-2020,1.0,0.0,0.0,0.0,0
7,0,0,0,1,1,1,1,0,0.0,0,Python,2018-2020,1.0,0.5,0.5,0.0,0
12,0,0,0,8,0,2,1,2,2.0,0,Python,2018-2020,1.0,8.0,0.33,0.67,0
12,0,0,0,0,2,1,0,0,0.0,0,Python,2018-2020,1.0,0.0,0.0,0.0,0
14,0,0,0,4,1,1,0,1,5.0,0,Python,2018-2020,1.0,2.0,0.0,2.5,0
4,1,0,1,1,1,1,0,0,0.0,0,Python,2018-2020,1.0,0.5,0.0,0.0,0
5,1,0,1,25,1,2,1,2,1.0,0,Python,2018-2020,1.0,12.5,0.33,0.33,0
8,1,0,0,7,7,2,0,0,0.0,0,Python,2018-2020,1.0,0.88,0.0,0.0,0
11,1,0,0,0,0,1,0,0,0.0,0,Python,2018-2020,1.0,0.0,0.0,0.0,0
12,1,0,0,1,1,1,0,0,0.0,0,Python,2018-2020,1.0,0.5,0.0,0.0,0
13,1,0,0,17,1,2,1,3,6.33,1,Python,2018-2020,0.4,8.5,0.33,2.11,0
14,1,0,0,50,0,1,1,0,0.0,0,Python,2018-2020,1.0,50.0,0.5,0.0,0
14,1,0,0,35,45,2,1,0,0.0,0,Python,2018-2020,1.0,0.76,0.33,0.0,0
14,1,0,0,1,25,2,1,0,0.0,0,Python,2018-2020,1.0,0.04,0.33,0.0,0
14,1,0,0,1,2,1,1,0,0.0,0,Python,2018-2020,1.0,0.33,0.5,0.0,0
14,1,0,0,2,1,2,0,0,0.0,0,Python,2018-2020,1.0,1.0,0.0,0.0,0
15,1,0,0,27,4,2,1,4,7.75,0,Python,2018-2020,1.0,5.4,0.33,2.58,3
18,1,0,0,8,0,1,0,0,0.0,0,Python,2018-2020,1.0,8.0,0.0,0.0,0
4,2,0,1,24,20,1,0,1,4.0,0,Python,2018-2020,1.0,1.14,0.0,2.0,0
13,2,0,0,6,9,4,1,1,8.0,0,Python,2018-2020,1.0,0.6,0.2,1.6,0
14,2,0,0,8,2,1,0,4,6.5,0,Python,2018-2020,1.0,2.67,0.0,3.25,0
15,2,0,0,5,5,1,0,0,0.0,0,Python,2018-2020,1.0,0.83,0.0,0.0,0
20,2,0,0,7,50,4,1,4,9.0,0,Python,2018-2020,1.0,0.14,0.2,1.8,0
21,2,0,0,1,1,1,1,1,4.0,0,Python,2018-2020,1.0,0.5,0.5,2.0,0
22,2,0,1,8,1,2,1,1,1.0,0,Python,2018-2020,1.0,4.0,0.33,0.33,0
8,3,0,0,3,1,1,0,0,0.0,0,Python,2018-2020,1.0,1.5,0.0,0.0,0
12,3,0,0,1,1,1,0,2,14.0,0,Python,2018-2020,1.0,0.5,0.0,7.0,0
14,3,0,0,48,1,3,1,4,1.0,0,Python,2018-2020,1.0,24.0,0.25,0.25,0
16,3,0,0,1,1,1,0,1,5.0,0,Python,2018-2020,1.0,0.5,0.0,2.5,0
17,3,0,0,3,3,1,0,0,0.0,0,Python,2018-2020,1.0,0.75,0.0,0.0,0
8,4,0,0,29,1,2,1,2,1.0,0,Python,2018-2020,1.0,14.5,0.33,0.33,0
9,4,0,0,2,2,1,0,1,16.0,0,Python,2018-2020,1.0,0.67,0.0,8.0,1
11,4,0,0,29,0,1,0,0,0.0,0,Python,2018-2020,1.0,29.0,0.0,0.0,0
12,4,0,0,1,1,1,0,0,0.0,0,Python,2018-2020,1.0,0.5,0.0,0.0,0
13,5,1,0,15,15,4,0,4,8.5,0,Python,2018-2020,1.0,0.94,0.0,1.7,0
13,5,1,0,3,0,1,0,0,0.0,0,Python,2018-2020,1.0,3.0,0.0,0.0,0
14,5,1,0,190,0,3,0,0,0.0,0,Python,2018-2020,1.0,190.0,0.0,0.0,0
21,5,1,0,36,36,1,0,0,0.0,0,Python,2018-2020,1.0,0.97,0.0,0.0,0
22,5,1,1,10,8,1,0,0,0.0,0,Python,2018-2020,1.0,1.11,0.0,0.0,0
22,5,1,1,6,4,1,0,0,0.0,0,Python,2018-2020,1.0,1.2,0.0,0.0,0
2,6,1,1,2,2,1,0,1,55.0,0,Python,2018-2020,1.0,0.67,0.0,27.5,0
10,6,1,0,21,19,1,0,2,1.0,0,Python,2018-2020,1.0,1.05,0.0,0.5,0
18,6,1,0,1,1,1,0,0,0.0,0,Python,2018-2020,1.0,0.5,0.0,0.0,0
21,6,1,0,108,3,5,0,0,0.0,0,Python,2018-2020,1.0,27.0,0.0,0.0,0
7,0,0,0,1,1,1,1,0,0.0,0,Python,2018-2020,1.0,0.5,0.5,0.0,0
11,0,0,0,1,0,1,1,1,4.0,0,Python,2018-2020,1.0,1.0,0.5,2.0,0
11,0,0,0,11,0,2,1,2,9.5,1,Python,2018-2020,0.4,11.0,0.33,3.17,0
13,0,0,0,53,30,2,0,0,0.0,0,Python,2018-2020,1.0,1.71,0.0,0.0,0
13,0,0,0,2,2,1,0,0,0.0,0,Python,2018-2020,1.0,0.67,0.0,0.0,0
14,0,0,0,7,7,1,0,7,4.86,1,Python,2018-2020,0.4,0.88,0.0,2.43,0
14,0,0,0,1,1,1,0,1,1.0,0,Python,2018-2020,1.0,0.5,0.0,0.5,0
14,0,0,0,1,1,1,0,1,1.0,0,Python,2018-2020,1.0,0.5,0.0,0.5,0
14,0,0,0,11,11,1,0,1,1.0,0,Python,2018-2020,1.0,0.92,0.0,0.5,1
15,0,0,0,74,2,3,0,5,3.4,0,Python,2018-2020,1.0,24.67,0.0,0.85,0
15,0,0,0,8,5,1,1,5,1.0,0,Python,2018-2020,1.0,1.33,0.5,0.5,0
16,0,0,0,28,0,3,0,3,1.0,0,Python,2018-2020,1.0,28.0,0.0,0.25,0
20,0,0,0,56,7,7,0,9,1.0,0,Python,2018-2020,1.0,7.0,0.0,0.12,0
9,1,0,0,2,2,1,0,3,6.0,0,Python,2018-2020,1.0,0.67,0.0,3.0,0
10,1,0,0,2479,135,13,1,59,5.68,0,Python,2018-2020,1.0,18.23,0.07,0.41,0
12,1,0,0,7,5,2,0,3,2.0,0,Python,2018-2020,1.0,1.17,0.0,0.67,0
13,1,0,0,35,37,1,1,12,2.17,0,Python,2018-2020,1.0,0.92,0.5,1.08,0
13,1,0,0,10,3,1,0,0,0.0,0,Python,2018-2020,1.0,2.5,0.0,0.0,0
15,1,0,0,2,2,1,0,1,4.0,0,Python,2018-2020,1.0,0.67,0.0,2.0,0
17,1,0,0,21,14,2,0,0,0.0,0,Python,2018-2020,1.0,1.4,0.0,0.0,0
17,1,0,0,93,10,1,0,0,0.0,0,Python,2018-2020,1.0,8.45,0.0,0.0,0
17,1,0,0,753,10,1,0,0,0.0,0,Python,2018-2020,1.0,68.45,0.0,0.0,0
17,1,0,0,8,1,1,0,0,0.0,0,Python,2018-2020,1.0,4.0,0.0,0.0,0
20,1,0,0,3,7,1,0,1,4.0,0,Python,2018-2020,1.0,0.38,0.0,2.0,0
23,1,0,1,25,0,1,0,0,0.0,0,Python,2018-2020,1.0,25.0,0.0,0.0,0
23,1,0,1,3,3,1,1,2,15.0,0,Python,2018-2020,1.0,0.75,0.5,7.5,0
8,2,0,0,1,0,1,0,0,0.0,0,Python,2018-2020,1.0,1.0,0.0,0.0,0
11,2,0,0,16,1,2,1,2,22.5,0,Python,2018-2020,1.0,8.0,0.33,7.5,3
16,2,0,0,140,77,9,1,27,1.37,0,Python,2018-2020,1.0,1.79,0.1,0.14,0
16,2,0,0,6,0,1,0,0,0.0,0,Python,2018-2020,1.0,6.0,0.0,0.0,0
16,2,0,0,0,6,1,0,0,0.0,0,Python,2018-2020,1.0,0.0,0.0,0.0,0
17,2,0,0,4,4,1,0,0,0.0,0,Python,2018-2020,1.0,0.8,0.0,0.0,0
17,2,0,0,1,1,1,0,0,0.0,0,Python,2018-2020,1.0,0.5,0.0,0.0,0
17,2,0,0,16,0,2,0,0,0.0,0,Python,2018-2020,1.0,16.0,0.0,0.0,0
21,2,0,0,2,2,1,0,2,3.0,0,Python,2018-2020,1.0,0.67,0.0,1.5,0
22,2,0,1,20,1,2,1,2,13.0,0,Python,2018-2020,1.0,10.0,0.33,4.33,0
8,3,0,0,3,3,2,0,2,11.0,0,Python,2018-2020,1.0,0.75,0.0,3.67,0
9,3,0,0,28,16,8,1,23,1.35,0,Python,2018-2020,1.0,1.65,0.11,0.15,0
11,3,0,0,8,5,1,0,1,1.0,0,Python,2018-2020,1.0,1.33,0.0,0.5,0
12,3,0,0,20,10,1,0,2,2.0,0,Python,2018-2020,1.0,1.82,0.0,1.0,0
14,3,0,0,8,10,1,0,1,13.0,0,Python,2018-2020,1.0,0.73,0.0,6.5,0
16,3,0,0,8,0,1,0,2,3.0,0,Python,2018-2020,1.0,8.0,0.0,1.5,0
16,3,0,0,2,2,2,1,0,0.0,0,Python,2018-2020,1.0,0.67,0.33,0.0,0
16,3,0,0,192,6,4,2,10,5.1,0,Python,2018-2020,1.0,27.43,0.4,1.02,0
16,3,0,0,9,17,2,0,3,1.67,0,Python,2018-2020,1.0,0.5,0.0,0.56,0
16,3,0,0,2,2,1,0,2,2.0,0,Python,2018-2020,1.0,0.67,0.0,1.0,0
16,3,0,0,8,8,1,0,1,13.0,0,Python,2018-2020,1.0,0.89,0.0,6.5,0
20,3,0,0,2,2,1,0,2,2.0,0,Python,2018-2020,1.0,0.67,0.0,1.0,0
23,3,0,1,23,15,1,0,2,16.5,0,Python,2018-2020,1.0,1.44,0.0,8.25,0
2,4,0,1,184,200,1,0,0,0.0,0,Python,2018-2020,1.0,0.92,0.0,0.0,0
9,4,0,0,2,1,2,0,2,2.0,0,Python,2018-2020,1.0,1.0,0.0,0.67,0
9,4,0,0,25,26,6,0,1,12.0,0,Python,2018-2020,1.0,0.93,0.0,1.71,0
9,4,0,0,16,11,2,1,7,2.0,0,Python,2018-2020,1.0,1.33,0.33,0.67,0
9,4,0,0,229,224,1,1,10,123.2,0,Python,2018-2020,1.0,1.02,0.5,61.6,0
10,4,0,0,4,4,1,0,2,1.0,0,Python,2018-2020,1.0,0.8,0.0,0.5,0
10,4,0,0,6,0,1,1,1,1.0,0,Python,2018-2020,1.0,6.0,0.5,0.5,0
13,4,0,0,26,11,2,0,0,0.0,0,Python,2018-2020,1.0,2.17,0.0,0.0,0
13,4,0,0,6,6,2,0,0,0.0,0,Python,2018-2020,1.0,0.86,0.0,0.0,0
13,4,0,0,14,9,2,0,0,0.0,0,Python,2018-2020,1.0,1.4,0.0,0.0,0
13,4,0,0,10,7,1,0,0,0.0,0,Python,2018-2020,1.0,1.25,0.0,0.0,0
14,4,0,0,44,21,2,0,2,19.5,0,Python,2018-2020,1.0,2.0,0.0,6.5,0
14,4,0,0,2,42,7,0,4,7.25,0,Python,2018-2020,1.0,0.05,0.0,0.91,0
15,4,0,0,0,1,1,0,0,0.0,0,Python,2018-2020,1.0,0.0,0.0,0.0,0
15,4,0,0,28,14,4,2,2,1.0,1,Python,2018-2020,0.4,1.87,0.4,0.2,0
15,4,0,0,24,20,5,2,2,1.0,0,Python,2018-2020,1.0,1.14,0.33,0.17,1
17,4,0,0,1,1,1,0,0,0.0,0,Python,2018-2020,1.0,0.5,0.0,0.0,0
19,4,0,0,23,16,1,0,5,12.0,0,Python,2018-2020,1.0,1.35,0.0,6.0,0
8,5,1,0,4,4,1,0,0,0.0,0,Python,2018-2020,1.0,0.8,0.0,0.0,0
9,5,1,0,25,1,3,1,3,11.33,0,Python,2018-2020,1.0,12.5,0.25,2.83,3
9,5,1,0,11,7,2,1,2,4.5,0,Python,2018-2020,1.0,1.38,0.33,1.5,1
18,5,1,0,63,68,3,0,0,0.0,0,Python,2018-2020,1.0,0.91,0.0,0.0,3
18,5,1,0,83,24,8,1,11,15.27,0,Python,2018-2020,1.0,3.32,0.11,1.7,3
21,5,1,0,264,2,4,1,6,2.83,1,Python,2018-2020,0.4,88.0,0.2,0.57,0
8,6,1,0,111,100,3,3,6,2.33,0,Python,2018-2020,1.0,1.1,0.75,0.58,0
9,6,1,0,6,2,3,1,2,6.0,0,Python,2018-2020,1.0,2.0,0.25,1.5,1
11,6,1,0,1,1,1,0,1,11.0,0,Python,2018-2020,1.0,0.5,0.0,5.5,1
11,6,1,0,7,9,1,1,2,1.0,0,Python,2018-2020,1.0,0.7,0.5,0.5,1
11,6,1,0,46,28,4,4,5,1.6,0,Python,2018-2020,1.0,1.59,0.8,0.32,1
15,6,1,0,61,87,3,2,9,3.22,0,Python,2018-2020,1.0,0.69,0.5,0.8,1
16,6,1,0,2,2,1,0,1,10.0,0,Python,2018-2020,1.0,0.67,0.0,5.0,1
20,6,1,0,9,5,1,0,0,0.0,0,Python,2018-2020,1.0,1.5,0.0,0.0,0
4,0,0,1,1192,967,10,0,5,7.6,0,Python,2018-2020,1.0,1.23,0.0,0.69,0
7,0,0,0,1,1,1,1,0,0.0,0,Python,2018-2020,1.0,0.5,0.5,0.0,0
7,0,0,0,1,1,1,1,0,0.0,0,Python,2018-2020,1.0,0.5,0.5,0.0,0
10,0,0,0,49,141,2,0,0,0.0,0,Python,2018-2020,1.0,0.35,0.0,0.0,0
10,0,0,0,39,39,6,0,0,0.0,0,Python,2018-2020,1.0,0.98,0.0,0.0,0
11,0,0,0,1,5,1,0,0,0.0,0,Python,2018-2020,1.0,0.17,0.0,0.0,0
11,0,0,0,2,1,1,1,0,0.0,0,Python,2018-2020,1.0,1.0,0.5,0.0,0
13,0,0,0,10,0,2,1,2,1.5,1,Python,2018-2020,0.4,10.0,0.33,0.5,0
15,0,0,0,1,1,1,1,0,0.0,0,Python,2018-2020,1.0,0.5,0.5,0.0,0
15,0,0,0,21,5,1,0,2,26.0,0,Python,2018-2020,1.0,3.5,0.0,13.0,0
16,0,0,0,10,12,6,1,6,1.17,0,Python,2018-2020,1.0,0.77,0.14,0.17,0
16,0,0,0,1,1,1,0,0,0.0,0,Python,2018-2020,1.0,0.5,0.0,0.0,0
18,0,0,0,7,4,1,1,4,1.0,0,Python,2018-2020,1.0,1.4,0.5,0.5,1
19,0,0,0,8,0,1,1,1,1.0,0,Python,2018-2020,1.0,8.0,0.5,0.5,0
9,1,0,0,9,1,2,0,1,29.0,0,Python,2018-2020,1.0,4.5,0.0,9.67,0
11,1,0,0,154,10,1,0,0,0.0,1,Python,2018-2020,0.4,14.0,0.0,0.0,0
12,1,0,0,53,5,3,1,2,1.0,0,Python,2018-2020,1.0,8.83,0.25,0.25,0
16,1,0,0,3,3,1,0,1,3.0,0,Python,2018-2020,1.0,0.75,0.0,1.5,0
18,1,0,0,103,0,3,1,1,3.0,0,Python,2018-2020,1.0,103.0,0.25,0.75,0
18,1,0,0,25,15,1,0,5,13.2,0,Python,2018-2020,1.0,1.56,0.0,6.6,0
18,1,0,0,20,0,1,1,1,2.0,0,Python,2018-2020,1.0,20.0,0.5,1.0,0
19,1,0,0,24,15,1,0,5,7.8,0,Python,2018-2020,1.0,1.5,0.0,3.9,0
19,1,0,0,2,0,1,0,2,45.5,0,Python,2018-2020,1.0,2.0,0.0,22.75,0
19,1,0,0,101,16,1,1,10,2.9,0,Python,2018-2020,1.0,5.94,0.5,1.45,0
20,1,0,0,2,2,1,1,2,1.0,0,Python,2018-2020,1.0,0.67,0.5,0.5,0
9,2,0,0,9,9,3,0,1,29.0,0,Python,2018-2020,1.0,0.9,0.0,7.25,0
10,2,0,0,21,6,1,0,1,1.0,1,Python,2018-2020,0.4,3.0,0.0,0.5,0
11,2,0,0,3,3,1,0,0,0.0,0,Python,2018-2020,1.0,0.75,0.0,0.0,0
12,2,0,0,5,12,4,2,4,12.5,1,Python,2018-2020,0.4,0.38,0.4,2.5,0
13,2,0,0,4,4,1,0,0,0.0,0,Python,2018-2020,1.0,0.8,0.0,0.0,0
14,2,0,0,26,0,2,0,0,0.0,0,Python,2018-2020,1.0,26.0,0.0,0.0,0
14,2,0,0,1,1,1,0,0,0.0,0,Python,2018-2020,1.0,0.5,0.0,0.0,0
16,2,0,0,5,1,2,0,2,15.0,0,Python,2018-2020,1.0,2.5,0.0,5.0,0
16,2,0,0,6,6,1,0,0,0.0,0,Python,2018-2020,1.0,0.86,0.0,0.0,0
17,2,0,0,10,9,1,0,3,3.0,0,Python,2018-2020,1.0,1.0,0.0,1.5,0
21,2,0,0,57,0,1,0,0,0.0,0,Python,2018-2020,1.0,57.0,0.0,0.0,0
23,2,0,1,25,22,2,1,2,1.0,0,Python,2018-2020,1.0,1.09,0.33,0.33,0
7,3,0,0,2,80,1,0,1,11.0,0,Python,2018-2020,1.0,0.02,0.0,5.5,0
8,3,0,0,65,18,3,1,4,5.0,0,Python,2018-2020,1.0,3.42,0.25,1.25,3
14,3,0,0,78,426,1,0,0,0.0,0,Python,2018-2020,1.0,0.18,0.0,0.0,0
15,3,0,0,3,3,1,0,0,0.0,0,Python,2018-2020,1.0,0.75,0.0,0.0,0
18,3,0,0,38,0,1,0,0,0.0,0,Python,2018-2020,1.0,38.0,0.0,0.0,0
19,3,0,0,26,13,1,0,7,2.86,0,Python,2018-2020,1.0,1.86,0.0,1.43,0
20,3,0,0,37,3,3,2,4,1.25,0,Python,2018-2020,1.0,9.25,0.5,0.31,0
11,4,0,0,1,1,1,0,0,0.0,0,Python,2018-2020,1.0,0.5,0.0,0.0,0
14,4,0,0,3,2,1,0,0,0.0,0,Python,2018-2020,1.0,1.0,0.0,0.0,0
16,4,0,0,34,50,1,0,0,0.0,0,Python,2018-2020,1.0,0.67,0.0,0.0,0
16,4,0,0,1,1,1,0,0,0.0,0,Python,2018-2020,1.0,0.5,0.0,0.0,0
16,4,0,0,7,3,1,0,0,0.0,0,Python,2018-2020,1.0,1.75,0.0,0.0,0
19,4,0,0,1,1,1,0,1,6.0,0,Python,2018-2020,1.0,0.5,0.0,3.0,0
19,4,0,0,5,5,1,0,5,2.0,0,Python,2018-2020,1.0,0.83,0.0,1.0,1
20,4,0,0,16,16,5,0,4,5.75,0,Python,2018-2020,1.0,0.94,0.0,0.96,1
21,4,0,0,1,1,1,0,0,0.0,0,Python,2018-2020,1.0,0.5,0.0,0.0,0
21,4,0,0,1,1,1,0,0,0.0,0,Python,2018-2020,1.0,0.5,0.0,0.0,0
21,4,0,0,1,1,1,0,0,0.0,0,Python,2018-2020,1.0,0.5,0.0,0.0,0
21,4,0,0,3,0,1,0,0,0.0,0,Python,2018-2020,1.0,3.0,0.0,0.0,0
3,5,1,1,160,9,2,0,0,0.0,0,Python,2018-2020,1.0,16.0,0.0,0.0,0
3,5,1,1,1,1,1,0,1,8.0,0,Python,2018-2020,1.0,0.5,0.0,4.0,0
3,5,1,1,69,0,3,0,0,0.0,0,Python,2018-2020,1.0,69.0,0.0,0.0,0
9,5,1,0,1,1,1,0,0,0.0,0,Python,2018-2020,1.0,0.5,0.0,0.0,0
9,5,1,0,32,22,2,1,4,9.25,0,Python,2018-2020,1.0,1.39,0.33,3.08,1
9,5,1,0,15,2,2,1,1,2.0,1,Python,2018-2020,0.4,5.0,0.33,0.67,0
13,5,1,0,1,1,1,0,0,0.0,0,Python,2018-2020,1.0,0.5,0.0,0.0,0
13,5,1,0,99,25,3,1,15,6.0,0,Python,2018-2020,1.0,3.81,0.25,1.5,3
15,5,1,0,35,8,1,0,0,0.0,0,Python,2018-2020,1.0,3.89,0.0,0.0,0
15,5,1,0,4,9,2,0,3,8.67,0,Python,2018-2020,1.0,0.4,0.0,2.89,0
15,5,1,0,7,9,1,0,0,0.0,0,Python,2018-2020,1.0,0.7,0.0,0.0,0
16,5,1,0,14,0,2,1,2,1.0,0,Python,2018-2020,1.0,14.0,0.33,0.33,1
16,5,1,0,7,5,1,0,0,0.0,0,Python,2018-2020,1.0,1.17,0.0,0.0,0
16,5,1,0,1,0,1,0,0,0.0,0,Python,2018-2020,1.0,1.0,0.0,0.0,1
17,5,1,0,2,2,1,0,1,1.0,0,Python,2018-2020,1.0,0.67,0.0,0.5,1
18,5,1,0,1,1,1,1,1,1.0,0,Python,2018-2020,1.0,0.5,0.5,0.5,1
12,6,1,0,5,5,1,0,3,12.0,0,Python,2018-2020,1.0,0.83,0.0,6.0,1
14,6,1,0,120,12,4,3,6,5.33,1,Python,2018-2020,0.4,9.23,0.6,1.07,0
14,6,1,0,49,34,8,0,0,0.0,0,Python,2018-2020,1.0,1.4,0.0,0.0,3
14,6,1,0,7,7,1,0,0,0.0,0,Python,2018-2020,1.0,0.88,0.0,0.0,3
14,6,1,0,1,1,1,0,0,0.0,0,Python,2018-2020,1.0,0.5,0.0,0.0,1
15,6,1,0,3,3,1,0,0,0.0,0,Python,2018-2020,1.0,0.75,0.0,0.0,3
15,6,1,0,3,0,1,0,0,0.0,0,Python,2018-2020,1.0,3.0,0.0,0.0,3
16,6,1,0,15,6,2,0,0,0.0,1,Python,2018-2020,0.4,2.14,0.0,0.0,1
19,6,1,0,77,81,4,2,6,8.0,0,Python,2018-2020,1.0,0.94,0.4,1.6,0
19,6,1,0,12,10,1,0,1,29.0,0,Python,2018-2020,1.0,1.09,0.0,14.5,0
20,6,1,0,41,0,1,0,8,1.75,0,Python,2018-2020,1.0,41.0,0.0,0.88,0
21,6,1,0,18,12,1,0,8,1.75,0,Python,2018-2020,1.0,1.38,0.0,0.88,0
23,6,1,1,213,211,2,2,62,1.61,0,Python,2018-2020,1.0,1.0,0.67,0.54,0
23,6,1,1,67,22,2,1,6,2.67,0,Python,2018-2020,1.0,2.91,0.33,0.89,2
23,6,1,1,13,1,2,1,2,8.0,0,Python,2018-2020,1.0,6.5,0.33,2.67,2
0,0,0,1,1,1,1,0,1,1.0,0,Python,2018-2020,1.0,0.5,0.0,0.5,1
7,0,0,0,1,1,1,1,0,0.0,0,Python,2018-2020,1.0,0.5,0.5,0.0,0
10,0,0,0,5,5,1,1,0,0.0,0,Python,2018-2020,1.0,0.83,0.5,0.0,0
10,0,0,0,2,2,1,0,0,0.0,0,Python,2018-2020,1.0,0.67,0.0,0.0,0
11,0,0,0,14,6,3,1,2,2.0,0,Python,2018-2020,1.0,2.0,0.25,0.5,0
11,0,0,0,31,1240,4,0,2,2.0,0,Python,2018-2020,1.0,0.02,0.0,0.4,0
11,0,0,0,387,345,3,2,49,1.33,0,Python,2018-2020,1.0,1.12,0.5,0.33,0
11,0,0,0,262,221,4,2,33,1.91,0,Python,2018-2020,1.0,1.18,0.4,0.38,0
11,0,0,0,2375,3,4,1,47,1.66,0,Python,2018-2020,1.0,593.75,0.2,0.33,0
11,0,0,0,389,248,2,1,19,2.21,0,Python,2018-2020,1.0,1.56,0.33,0.74,0
11,0,0,0,66,34,2,1,14,1.57,0,Python,2018-2020,1.0,1.89,0.33,0.52,0
11,0,0,0,28,35,3,2,10,1.1,0,Python,2018-2020,1.0,0.78,0.5,0.28,0
11,0,0,0,17,18,2,1,9,3.11,0,Python,2018-2020,1.0,0.89,0.33,1.04,0
11,0,0,0,61,23,2,1,9,5.0,0,Python,2018-2020,1.0,2.54,0.33,1.67,0
11,0,0,0,36,36,3,1,10,1.2,0,Python,2018-2020,1.0,0.97,0.25,0.3,0
11,0,0,0,30,41,2,1,2,1.5,0,Python,2018-2020,1.0,0.71,0.33,0.5,0
11,0,0,0,105,115,2,1,10,2.7,0,Python,2018-2020,1.0,0.91,0.33,0.9,0
11,0,0,0,770,0,3,1,20,2.6,0,Python,2018-2020,1.0,770.0,0.25,0.65,0
11,0,0,0,450,200,4,1,15,2.13,0,Python,2018-2020,1.0,2.24,0.2,0.43,0
11,0,0,0,101,98,4,1,34,1.79,0,Python,2018-2020,1.0,1.02,0.2,0.36,0
11,0,0,0,7,1,1,0,0,0.0,0,Python,2018-2020,1.0,3.5,0.0,0.0,0
11,0,0,0,43,4,1,0,0,0.0,0,Python,2018-2020,1.0,8.6,0.0,0.0,0
11,0,0,0,1513,1510,3,1,48,2.21,0,Python,2018-2020,1.0,1.0,0.25,0.55,0
11,0,0,0,21,11,2,1,6,1.5,0,Python,2018-2020,1.0,1.75,0.33,0.5,0
11,0,0,0,90,20,2,1,9,1.56,0,Python,2018-2020,1.0,4.29,0.33,0.52,0
11,0,0,0,55,17,1,0,0,0.0,0,Python,2018-2020,1.0,3.06,0.0,0.0,0
11,0,0,0,1,11,1,0,0,0.0,0,Python,2018-2020,1.0,0.08,0.0,0.0,0
11,0,0,0,19,10,7,0,0,0.0,0,Python,2018-2020,1.0,1.73,0.0,0.0,0
11,0,0,0,128,52,3,2,12,3.08,0,Python,2018-2020,1.0,2.42,0.5,0.77,0
11,0,0,0,25,14,2,1,11,1.91,0,Python,2018-2020,1.0,1.67,0.33,0.64,0
11,0,0,0,36,31,2,1,8,3.12,0,Python,2018-2020,1.0,1.12,0.33,1.04,0
11,0,0,0,93,59,3,2,17,2.71,0,Python,2018-2020,1.0,1.55,0.5,0.68,0
11,0,0,0,58,38,3,2,19,2.16,0,Python,2018-2020,1.0,1.49,0.5,0.54,0
11,0,0,0,19,17,2,1,2,1.5,0,Python,2018-2020,1.0,1.06,0.33,0.5,0
11,0,0,0,227,51,2,1,6,2.0,0,Python,2018-2020,1.0,4.37,0.33,0.67,0
11,0,0,0,172,178,3,0,5,5.8,0,Python,2018-2020,1.0,0.96,0.0,1.45,0
11,0,0,0,1,1,1,0,0,0.0,0,Python,2018-2020,1.0,0.5,0.0,0.0,0
11,0,0,0,1,1,1,0,0,0.0,0,Python,2018-2020,1.0,0.5,0.0,0.0,0
12,0,0,0,15,0,1,1,0,0.0,0,Python,2018-2020,1.0,15.0,0.5,0.0,0
13,0,0,0,1,1,1,0,0,0.0,0,Python,2018-2020,1.0,0.5,0.0,0.0,0
18,0,0,0,116,40,4,1,4,3.25,0,Python,2018-2020,1.0,2.83,0.2,0.65,0
18,0,0,0,96,7,2,0,0,0.0,0,Python,2018-2020,1.0,12.0,0.0,0.0,0
18,0,0,0,38,76,15,4,9,5.11,0,Python,2018-2020,1.0,0.49,0.25,0.32,3
8,1,0,0,11,1,2,1,2,2.0,0,Python,2018-2020,1.0,5.5,0.33,0.67,1
9,1,0,0,2,2,1,0,0,0.0,0,Python,2018-2020,1.0,0.67,0.0,0.0,2
9,1,0,0,24,26,1,0,4,2.75,0,Python,2018-2020,1.0,0.89,0.0,1.38,0
10,1,0,0,3,3,1,1,5,1.0,0,Python,2018-2020,1.0,0.75,0.5,0.5,0
14,1,0,0,21,21,1,0,4,4.25,0,Python,2018-2020,1.0,0.95,0.0,2.12,0
17,1,0,0,229,37,7,0,4,1.5,0,Python,2018-2020,1.0,6.03,0.0,0.19,0
17,1,0,0,282,246,3,0,0,0.0,0,Python,2018-2020,1.0,1.14,0.0,0.0,0
17,1,0,0,5,5,1,0,0,0.0,0,Python,2018-2020,1.0,0.83,0.0,0.0,0
17,1,0,0,50,48,4,0,0,0.0,0,Python,2018-2020,1.0,1.02,0.0,0.0,0
17,1,0,0,1,0,1,0,1,1.0,0,Python,2018-2020,1.0,1.0,0.0,0.5,0
17,1,0,0,3,0,2,1,0,0.0,0,Python,2018-2020,1.0,3.0,0.33,0.0,0
17,1,0,0,4,4,1,0,0,0.0,0,Python,2018-2020,1.0,0.8,0.0,0.0,0
17,1,0,0,23,15,1,0,4,1.25,0,Python,2018-2020,1.0,1.44,0.0,0.62,0
17,1,0,0,66,6,1,0,0,0.0,0,Python,2018-2020,1.0,9.43,0.0,0.0,0
17,1,0,0,3,0,1,0,0,0.0,0,Python,2018-2020,1.0,3.0,0.0,0.0,0
17,1,0,0,1,1,1,0,1,2.0,0,Python,2018-2020,1.0,0.5,0.0,1.0,0
17,1,0,0,22,0,1,0,0,0.0,0,Python,2018-2020,1.0,22.0,0.0,0.0,0
17,1,0,0,29,28,4,0,0,0.0,0,Python,2018-2020,1.0,1.0,0.0,0.0,0
20,1,0,0,598,5,21,1,33,1.45,0,Python,2018-2020,1.0,99.67,0.05,0.07,0
21,1,0,0,10,5,1,0,0,0.0,0,Python,2018-2020,1.0,1.67,0.0,0.0,0
0,2,0,1,79,3,1,1,3,2.67,0,Python,2018-2020,1.0,19.75,0.5,1.34,0
0,2,0,1,432,434,8,0,0,0.0,0,Python,2018-2020,1.0,0.99,0.0,0.0,0
5,2,0,1,2,2,1,1,1,1.0,0,Python,2018-2020,1.0,0.67,0.5,0.5,1
11,2,0,0,618,280,21,6,50,3.34,0,Python,2018-2020,1.0,2.2,0.27,0.15,3
11,2,0,0,4,8,2,0,3,11.0,0,Python,2018-2020,1.0,0.44,0.0,3.67,3
11,2,0,0,14,14,1,0,0,0.0,0,Python,2018-2020,1.0,0.93,0.0,0.0,0
12,2,0,0,21,20,1,0,1,1.0,0,Python,2018-2020,1.0,1.0,0.0,0.5,2
16,2,0,0,25,8,1,1,2,1.0,0,Python,2018-2020,1.0,2.78,0.5,0.5,1
17,2,0,0,11,0,1,1,2,2.0,0,Python,2018-2020,1.0,11.0,0.5,1.0,0
17,2,0,0,3,3,1,0,0,0.0,0,Python,2018-2020,1.0,0.75,0.0,0.0,0
17,2,0,0,4,4,3,0,4,9.0,0,Python,2018-2020,1.0,0.8,0.0,2.25,1
20,2,0,0,41,11,1,0,0,0.0,0,Python,2018-2020,1.0,3.42,0.0,0.0,1
22,2,0,1,2,1,1,0,1,30.0,0,Python,2018-2020,1.0,1.0,0.0,15.0,0
9,3,0,0,2,1,1,1,1,1.0,0,Python,2018-2020,1.0,1.0,0.5,0.5,1
9,3,0,0,1,1,1,1,1,1.0,0,Python,2018-2020,1.0,0.5,0.5,0.5,1
11,3,0,0,42,43,2,0,2,6.5,0,Python,2018-2020,1.0,0.95,0.0,2.17,0
13,3,0,0,6,4,1,0,1,6.0,0,Python,2018-2020,1.0,1.2,0.0,3.0,0
13,3,0,0,14,4,2,1,3,1.67,0,Python,2018-2020,1.0,2.8,0.33,0.56,0
13,3,0,0,9,0,2,1,2,3.5,0,Python,2018-2020,1.0,9.0,0.33,1.17,0
13,3,0,0,36,24,2,1,3,3.0,0,Python,2018-2020,1.0,1.44,0.33,1.0,0
16,3,0,0,1,1,1,0,1,12.0,0,Python,2018-2020,1.0,0.5,0.0,6.0,0
18,3,0,0,0,11,2,0,0,0.0,0,Python,2018-2020,1.0,0.0,0.0,0.0,0
0,4,0,1,137,7,4,2,5,3.2,0,Python,2018-2020,1.0,17.12,0.4,0.64,0
10,4,0,0,2,2,1,0,1,162.0,0,Python,2018-2020,1.0,0.67,0.0,81.0,0
18,4,0,0,277,283,3,1,46,1.89,0,Python,2018-2020,1.0,0.98,0.25,0.47,0
20,4,0,0,1,1,1,0,1,2.0,0,Python,2018-2020,1.0,0.5,0.0,1.0,0
20,4,0,0,4,4,1,0,0,0.0,0,Python,2018-2020,1.0,0.8,0.0,0.0,0
21,4,0,0,11,6,1,0,2,2.5,0,Python,2018-2020,1.0,1.57,0.0,1.25,0
23,4,0,1,16,5,1,0,2,6.5,0,Python,2018-2020,1.0,2.67,0.0,3.25,0
23,4,0,1,20,0,1,0,0,0.0,0,Python,2018-2020,1.0,20.0,0.0,0.0,0
23,4,0,1,30,24,1,0,5,2.2,0,Python,2018-2020,1.0,1.2,0.0,1.1,0
11,5,1,0,1,1,1,0,0,0.0,0,Python,2018-2020,1.0,0.5,0.0,0.0,1
16,5,1,0,1,1,1,0,1,162.0,0,Python,2018-2020,1.0,0.5,0.0,81.0,0
16,5,1,0,3,3,1,0,0,0.0,0,Python,2018-2020,1.0,0.75,0.0,0.0,0
16,5,1,0,259,290,10,0,1,10.0,0,Python,2018-2020,1.0,0.89,0.0,0.91,0
16,5,1,0,10,0,1,0,0,0.0,0,Python,2018-2020,1.0,10.0,0.0,0.0,0
16,5,1,0,9,7,1,0,4,1.5,0,Python,2018-2020,1.0,1.12,0.0,0.75,0
20,5,1,0,16,12,1,1,6,1.0,0,Python,2018-2020,1.0,1.23,0.5,0.5,0
20,5,1,0,1,1,1,0,1,11.0,0,Python,2018-2020,1.0,0.5,0.0,5.5,0
23,5,1,1,1,1,1,1,0,0.0,0,Python,2018-2020,1.0,0.5,0.5,0.0,0
12,6,1,0,6,10,1,0,2,11.0,0,Python,2018-2020,1.0,0.55,0.0,5.5,0
13,6,1,0,2,0,1,0,0,0.0,0,Python,2018-2020,1.0,2.0,0.0,0.0,3
17,6,1,0,6,2,1,0,0,0.0,0,Python,2018-2020,1.0,2.0,0.0,0.0,0
17,6,1,0,11,0,1,0,0,0.0,0,Python,2018-2020,1.0,11.0,0.0,0.0,0
17,6,1,0,2,2,1,0,0,0.0,0,Python,2018-2020,1.0,0.67,0.0,0.0,0
21,6,1,0,4,2,1,0,0,0.0,0,Python,2018-2020,1.0,1.33,0.0,0.0,0
23,6,1,1,8,3,1,0,0,0.0,0,Python,2018-2020,1.0,2.0,0.0,0.0,0
23,6,1,1,7,3,1,0,0,0.0,0,Python,2018-2020,1.0,1.75,0.0,0.0,0
23,6,1,1,1,1,1,0,0,0.0,0,Python,2018-2020,1.0,0.5,0.0,0.0,0
7,0,0,0,1,1,1,0,0,0.0,0,Python,2018-2020,1.0,0.5,0.0,0.0,0
7,0,0,0,1,1,1,1,0,0.0,0,Python,2018-2020,1.0,0.5,0.5,0.0,0
8,0,0,0,1,1,1,1,0,0.0,0,Python,2018-2020,1.0,0.5,0.5,0.0,0
11,0,0,0,27,27,12,0,2,32.0,0,Python,2018-2020,1.0,0.96,0.0,2.46,0
16,0,0,0,16,24,2,2,12,1.83,0,Python,2018-2020,1.0,0.64,0.67,0.61,0
22,0,0,1,7,7,7,0,7,1.71,0,Python,2018-2020,1.0,0.88,0.0,0.21,1
22,0,0,1,241,0,1,0,0,0.0,0,Python,2018-2020,1.0,241.0,0.0,0.0,0
3,1,0,1,18,11,3,1,1,8.0,0,Python,2018-2020,1.0,1.5,0.25,2.0,0
8,1,0,0,13,13,6,0,7,37.43,0,Python,2018-2020,1.0,0.93,0.0,5.35,0
13,1,0,0,10,0,1,0,1,8.0,0,Python,2018-2020,1.0,10.0,0.0,4.0,0
14,1,0,0,5,1,1,0,0,0.0,0,Python,2018-2020,1.0,2.5,0.0,0.0,0
17,1,0,0,15,4,2,0,3,12.33,0,Python,2018-2020,1.0,3.0,0.0,4.11,3
17,1,0,0,38,14,1,0,2,6.0,0,Python,2018-2020,1.0,2.53,0.0,3.0,0
21,1,0,0,15,15,12,0,11,9.91,0,Python,2018-2020,1.0,0.94,0.0,0.76,0
21,1,0,0,21,89,1,0,0,0.0,0,Python,2018-2020,1.0,0.23,0.0,0.0,0
21,1,0,0,2,17,1,0,0,0.0,0,Python,2018-2020,1.0,0.11,0.0,0.0,0
9,2,0,0,66,31,1,0,38,2.55,0,Python,2018-2020,1.0,2.06,0.0,1.27,0
11,2,0,0,89,104,2,1,9,2.33,0,Python,2018-2020,1.0,0.85,0.33,0.78,0
12,2,0,0,71,61,1,0,33,2.48,0,Python,2018-2020,1.0,1.15,0.0,1.24,0
13,2,0,0,180,70,1,0,0,0.0,0,Python,2018-2020,1.0,2.54,0.0,0.0,0
15,2,0,0,90,12,12,0,5,5.0,0,Python,2018-2020,1.0,6.92,0.0,0.38,0
16,2,0,0,3,2,1,0,1,13.0,0,Python,2018-2020,1.0,1.0,0.0,6.5,0
16,2,0,0,1,1,1,0,1,13.0,0,Python,2018-2020,1.0,0.5,0.0,6.5,0
15,0,0,0,39,15,5,0,0,0.0,0,Python,2021-2023,1.0,2.44,0.0,0.0,3
15,0,0,0,1,1,1,0,0,0.0,0,Python,2021-2023,1.0,0.5,0.0,0.0,3
17,0,0,0,38,55,5,0,0,0.0,0,Python,2021-2023,1.0,0.68,0.0,0.0,3
18,0,0,0,1,0,1,0,0,0.0,0,Python,2021-2023,1.0,1.0,0.0,0.0,3
21,0,0,0,2,2,1,0,0,0.0,0,Python,2021-2023,1.0,0.67,0.0,0.0,3
21,3,0,0,3,3,1,0,0,0.0,0,Python,2021-2023,1.0,0.75,0.0,0.0,3
14,6,1,0,23,22,6,0,0,0.0,0,Python,2021-2023,1.0,1.0,0.0,0.0,3
15,6,1,0,1,1,1,0,0,0.0,0,Python,2021-2023,1.0,0.5,0.0,0.0,3
20,6,1,0,42,27,20,1,3,1.67,0,Python,2021-2023,1.0,1.5,0.05,0.08,0
20,6,1,0,18,1,3,1,2,1.0,0,Python,2021-2023,1.0,9.0,0.25,0.25,3
20,6,1,0,18,11,4,4,4,3.0,0,Python,2021-2023,1.0,1.5,0.8,0.6,3
20,6,1,0,2,0,1,0,0,0.0,0,Python,2021-2023,1.0,2.0,0.0,0.0,0
20,6,1,0,39,27,4,1,0,0.0,0,Python,2021-2023,1.0,1.39,0.2,0.0,3
21,0,0,0,2,0,1,0,0,0.0,0,Python,2021-2023,1.0,2.0,0.0,0.0,3
21,0,0,0,930,352,8,0,3,3.33,0,Python,2021-2023,1.0,2.63,0.0,0.37,3
18,4,0,0,2,2,1,0,0,0.0,0,Python,2021-2023,1.0,0.67,0.0,0.0,0
20,6,1,0,6,0,1,0,0,0.0,0,Python,2021-2023,1.0,6.0,0.0,0.0,3
20,6,1,0,1711,593,80,1,20,3.65,0,Python,2021-2023,1.0,2.88,0.01,0.05,3
18,1,0,0,2,2,2,0,2,22.5,0,Python,2021-2023,1.0,0.67,0.0,7.5,0
20,1,0,0,81,73,8,8,32,1.44,0,Python,2021-2023,1.0,1.09,0.89,0.16,3
20,2,0,0,14,18,4,2,8,7.62,0,Python,2021-2023,1.0,0.74,0.4,1.52,3
18,5,1,0,82,81,8,0,29,6.72,0,Python,2021-2023,1.0,1.0,0.0,0.75,3
20,0,0,0,386,65,8,3,14,7.86,0,Python,2021-2023,1.0,5.85,0.33,0.87,3
20,0,0,0,634,7,12,3,17,2.65,0,Python,2021-2023,1.0,79.25,0.23,0.2,3
19,1,0,0,18,4,2,1,3,3.67,0,Python,2021-2023,1.0,3.6,0.33,1.22,3
19,1,0,0,2,0,1,0,0,0.0,0,Python,2021-2023,1.0,2.0,0.0,0.0,3
10,5,1,0,1,1,1,0,0,0.0,0,Python,2021-2023,1.0,0.5,0.0,0.0,3
10,5,1,0,111,17,7,2,8,1.88,0,Python,2021-2023,1.0,6.17,0.25,0.24,3
11,5,1,0,2,1,1,0,0,0.0,0,Python,2021-2023,1.0,1.0,0.0,0.0,3
19,5,1,0,15,11,4,1,3,18.33,0,Python,2021-2023,1.0,1.25,0.2,3.67,3
19,5,1,0,5,3,3,0,3,3.33,0,Python,2021-2023,1.0,1.25,0.0,0.83,3
19,5,1,0,300,2,7,1,10,1.6,0,Python,2021-2023,1.0,100.0,0.12,0.2,3
18,6,1,0,1,1,1,0,0,0.0,0,Python,2021-2023,1.0,0.5,0.0,0.0,3
19,6,1,0,236,21,6,1,4,2.5,0,Python,2021-2023,1.0,10.73,0.14,0.36,3
20,1,0,0,26,7,3,1,5,7.2,0,Python,2021-2023,1.0,3.25,0.25,1.8,3
20,1,0,0,40,5,3,1,4,12.5,0,Python,2021-2023,1.0,6.67,0.25,3.12,3
20,1,0,0,315,50,6,1,9,2.56,0,Python,2021-2023,1.0,6.18,0.14,0.37,3
20,1,0,0,3,3,1,0,0,0.0,0,Python,2021-2023,1.0,0.75,0.0,0.0,3
21,4,0,0,18,1,3,1,2,16.0,0,Python,2021-2023,1.0,9.0,0.25,4.0,3
21,4,0,0,19,3,4,2,3,1.33,0,Python,2021-2023,1.0,4.75,0.4,0.27,3
15,6,1,0,205,7,8,1,7,3.0,0,Python,2021-2023,1.0,25.62,0.11,0.33,3
15,6,1,0,16,3,3,1,4,6.5,0,Python,2021-2023,1.0,4.0,0.25,1.62,3
8,0,0,0,813,0,8,0,0,0.0,0,Python,2021-2023,1.0,813.0,0.0,0.0,3
19,0,0,0,4,2,1,0,0,0.0,0,Python,2021-2023,1.0,1.33,0.0,0.0,3
19,0,0,0,2,2,1,0,0,0.0,0,Python,2021-2023,1.0,0.67,0.0,0.0,3
20,0,0,0,1,1,1,0,0,0.0,0,Python,2021-2023,1.0,0.5,0.0,0.0,3
20,0,0,0,1,3,1,0,0,0.0,0,Python,2021-2023,1.0,0.25,0.0,0.0,3
20,0,0,0,2,2,1,0,0,0.0,0,Python,2021-2023,1.0,0.67,0.0,0.0,3
19,1,0,0,2,1,2,0,0,0.0,0,Python,2021-2023,1.0,1.0,0.0,0.0,3
19,1,0,0,1,1,1,0,0,0.0,0,Python,2021-2023,1.0,0.5,0.0,0.0,0
19,0,0,0,2,1,1,0,0,0.0,0,Python,2021-2023,1.0,1.0,0.0,0.0,0
18,4,0,0,717,24,11,2,30,2.73,0,Python,2021-2023,1.0,28.68,0.17,0.23,3
19,4,0,0,13,1,3,1,2,7.0,0,Python,2021-2023,1.0,6.5,0.25,1.75,3
13,6,1,0,43,9,5,1,5,7.0,0,Python,2021-2023,1.0,4.3,0.17,1.17,3
6,1,0,0,1,3,1,0,0,0.0,0,Python,2021-2023,1.0,0.25,0.0,0.0,3
7,3,0,0,2,2,1,0,4,4.5,0,Python,2021-2023,1.0,0.67,0.0,2.25,3
18,0,0,0,1,1,1,0,1,22.0,0,Python,2021-2023,1.0,0.5,0.0,11.0,0
8,4,0,0,1,1,1,0,0,0.0,0,Python,2021-2023,1.0,0.5,0.0,0.0,0
11,5,1,0,8,0,1,0,0,0.0,0,Python,2021-2023,1.0,8.0,0.0,0.0,0
13,5,1,0,3,3,1,0,0,0.0,0,Python,2021-2023,1.0,0.75,0.0,0.0,0
13,5,1,0,1,1,1,0,0,0.0,0,Python,2021-2023,1.0,0.5,0.0,0.0,0
12,6,1,0,15,5,3,1,2,33.5,0,Python,2021-2023,1.0,2.5,0.25,8.38,3
22,0,0,1,3,3,3,0,4,9.75,0,Python,2021-2023,1.0,0.75,0.0,2.44,0
11,5,1,0,21,1,3,1,2,17.5,0,Python,2021-2023,1.0,10.5,0.25,4.38,3
8,6,1,0,29,0,5,2,4,4.75,0,Python,2021-2023,1.0,29.0,0.33,0.79,3
18,0,0,0,1,1,1,0,0,0.0,0,Python,2021-2023,1.0,0.5,0.0,0.0,3
18,0,0,0,2,2,2,0,0,0.0,0,Python,2021-2023,1.0,0.67,0.0,0.0,0
12,5,1,0,17,9,5,2,8,4.0,0,Python,2021-2023,1.0,1.7,0.33,0.67,3
20,1,0,0,114,17,8,3,11,7.55,0,Python,2021-2023,1.0,6.33,0.33,0.84,3
20,1,0,0,9,1,3,1,2,5.0,0,Python,2021-2023,1.0,4.5,0.25,1.25,3
11,4,0,0,592,275,100,3,51,2.63,0,Python,2021-2023,1.0,2.14,0.03,0.03,3
12,4,0,0,2,0,2,0,0,0.0,0,Python,2021-2023,1.0,2.0,0.0,0.0,3
13,4,0,0,5,2,2,1,3,7.67,0,Python,2021-2023,1.0,1.67,0.33,2.56,0
13,4,0,0,10,8,1,0,0,0.0,0,Python,2021-2023,1.0,1.11,0.0,0.0,3
17,6,1,0,1,1,1,0,0,0.0,0,Python,2021-2023,1.0,0.5,0.0,0.0,3
19,6,1,0,22,28,5,1,3,6.0,0,Python,2021-2023,1.0,0.76,0.17,1.0,3
21,6,1,0,81,61,18,11,28,5.71,0,Python,2021-2023,1.0,1.31,0.58,0.3,3
8,0,0,0,27,181,13,8,22,4.41,0,Python,2021-2023,1.0,0.15,0.57,0.32,3
20,0,0,0,3,2,1,0,1,6.0,0,Python,2021-2023,1.0,1.0,0.0,3.0,3
20,0,0,0,35,7,3,1,6,3.67,0,Python,2021-2023,1.0,4.38,0.25,0.92,3
23,6,1,1,3,3,2,0,0,0.0,0,Python,2021-2023,1.0,0.75,0.0,0.0,3
18,0,0,0,385,66,6,1,20,1.9,0,Python,2021-2023,1.0,5.75,0.14,0.27,3
20,4,0,0,216,38,3,1,15,1.13,0,Python,2021-2023,1.0,5.54,0.25,0.28,3
20,4,0,0,25,16,3,1,3,4.0,0,Python,2021-2023,1.0,1.47,0.25,1.0,3
16,2,0,0,1,1,1,1,1,2.0,0,Python,2021-2023,1.0,0.5,0.5,1.0,3
20,3,0,0,2,0,1,0,0,0.0,0,Python,2021-2023,1.0,2.0,0.0,0.0,3
8,3,0,0,12,12,2,1,2,8.5,0,Python,2021-2023,1.0,0.92,0.33,2.83,0
20,0,0,0,8,0,3,1,3,7.33,0,Python,2021-2023,1.0,8.0,0.25,1.83,3
20,0,0,0,14,0,1,0,0,0.0,0,Python,2021-2023,1.0,14.0,0.0,0.0,3
19,3,0,0,1,1,1,0,0,0.0,0,Python,2021-2023,1.0,0.5,0.0,0.0,0
8,2,0,0,1339,326,9,5,113,4.84,0,Python,2021-2023,1.0,4.09,0.5,0.48,3
18,5,1,0,336,116,4,1,21,7.38,0,Python,2021-2023,1.0,2.87,0.2,1.48,3
21,6,1,0,0,1,1,0,0,0.0,0,Python,2021-2023,1.0,0.0,0.0,0.0,0
20,1,0,0,880,267,7,1,58,5.81,0,Python,2021-2023,1.0,3.28,0.12,0.73,3
18,2,0,0,1,1,1,0,1,3.0,0,Python,2021-2023,1.0,0.5,0.0,1.5,0
18,2,0,0,2,1201,2,1,43,4.91,0,Python,2021-2023,1.0,0.0,0.33,1.64,3
11,5,1,0,15,1,2,1,2,6.0,0,Python,2021-2023,1.0,7.5,0.33,2.0,0
15,6,1,0,28,15,8,4,10,3.9,0,Python,2021-2023,1.0,1.75,0.44,0.43,1
19,1,0,0,794,363,3,1,64,4.12,0,Python,2021-2023,1.0,2.18,0.25,1.03,3
19,1,0,0,1,9,1,0,0,0.0,0,Python,2021-2023,1.0,0.1,0.0,0.0,0
19,1,0,0,1,1,1,0,0,0.0,0,Python,2021-2023,1.0,0.5,0.0,0.0,0
21,6,1,0,9,25,6,4,5,1.4,0,Python,2021-2023,1.0,0.35,0.57,0.2,1
14,6,1,0,1,1,1,0,0,0.0,0,Python,2021-2023,1.0,0.5,0.0,0.0,0
18,0,0,0,59,44,5,2,16,13.88,0,Python,2021-2023,1.0,1.31,0.33,2.31,3
18,0,0,0,1,1,1,0,0,0.0,0,Python,2021-2023,1.0,0.5,0.0,0.0,3
19,0,0,0,1,1,1,0,0,0.0,0,Python,2021-2023,1.0,0.5,0.0,0.0,3
19,0,0,0,9,3,3,0,0,0.0,0,Python,2021-2023,1.0,2.25,0.0,0.0,3
19,2,0,0,3,0,1,0,0,0.0,0,Python,2021-2023,1.0,3.0,0.0,0.0,0
10,5,1,0,12,1,2,1,2,7.5,0,Python,2021-2023,1.0,6.0,0.33,2.5,0
14,5,1,0,1,0,1,0,0,0.0,0,Python,2021-2023,1.0,1.0,0.0,0.0,3
17,6,1,0,8,1,3,1,2,4.5,0,Python,2021-2023,1.0,4.0,0.25,1.12,0
21,0,0,0,98,82,3,1,17,6.18,0,Python,2021-2023,1.0,1.18,0.25,1.54,3
20,2,0,0,2,2,2,1,1,1.0,0,Python,2021-2023,1.0,0.67,0.33,0.33,3
7,3,0,0,17,0,1,0,0,0.0,0,Python,2021-2023,1.0,17.0,0.0,0.0,0
7,3,0,0,0,3,2,0,2,6.0,0,Python,2021-2023,1.0,0.0,0.0,2.0,0
8,3,0,0,19,4,3,1,4,1.75,0,Python,2021-2023,1.0,3.8,0.25,0.44,0
21,3,0,0,2,2,2,0,2,9.0,0,Python,2021-2023,1.0,0.67,0.0,3.0,0
11,5,1,0,9,3,1,0,2,2.5,0,Python,2021-2023,1.0,2.25,0.0,1.25,3
20,6,1,0,1108,1269,9,2,89,4.24,1,Python,2021-2023,0.019,0.87,0.2,0.42,3
20,6,1,0,1,1,1,0,0,0.0,0,Python,2021-2023,1.0,0.5,0.0,0.0,4
7,1,0,0,2,2,2,0,1,6.0,0,Python,2021-2023,1.0,0.67,0.0,2.0,0
8,5,1,0,64,15,2,1,10,13.9,0,Python,2021-2023,1.0,4.0,0.33,4.63,4
11,5,1,0,3,2,1,1,1,1.0,0,Python,2021-2023,1.0,1.0,0.5,0.5,0
13,6,1,0,7,7,5,0,0,0.0,0,Python,2021-2023,1.0,0.88,0.0,0.0,0
19,6,1,0,4,9,3,1,3,6.33,0,Python,2021-2023,1.0,0.4,0.25,1.58,4
10,0,0,0,13,1,2,1,3,2.33,0,Python,2021-2023,1.0,6.5,0.33,0.78,4
20,0,0,0,37,22,5,2,9,7.89,0,Python,2021-2023,1.0,1.61,0.33,1.32,4
6,2,0,0,9,2,2,1,2,10.0,0,Python,2021-2023,1.0,3.0,0.33,3.33,4
13,0,0,0,1274,1209,8,3,91,3.37,1,Python,2021-2023,0.019,1.05,0.33,0.37,4
22,1,0,1,117,903,2,1,36,6.25,0,Python,2021-2023,1.0,0.13,0.33,2.08,5
19,5,1,0,13,16,11,5,1,4.0,0,Python,2021-2023,1.0,0.76,0.42,0.33,5
19,5,1,0,1,1,1,0,2,10.0,0,Python,2021-2023,1.0,0.5,0.0,5.0,0
9,1,0,0,1,1,1,1,1,1.0,0,Python,2021-2023,1.0,0.5,0.5,0.5,5
20,1,0,0,7,7,1,0,0,0.0,0,Python,2021-2023,1.0,0.88,0.0,0.0,0
9,5,1,0,26,22,2,0,3,9.67,1,Python,2021-2023,0.019,1.13,0.0,3.22,0
18,6,1,0,187,138,6,2,34,13.09,0,Python,2021-2023,1.0,1.35,0.29,1.87,5
6,2,0,0,195,147,12,5,25,7.8,0,Python,2021-2023,1.0,1.32,0.38,0.6,5
21,2,0,0,75,31,5,2,18,11.06,0,Python,2021-2023,1.0,2.34,0.33,1.84,5
19,3,0,0,48,34,3,2,21,3.29,0,Python,2021-2023,1.0,1.37,0.5,0.82,0
7,4,0,0,46,34,11,4,19,8.84,0,Python,2021-2023,1.0,1.31,0.33,0.74,5
7,6,1,0,104,224,12,2,50,7.5,0,Python,2021-2023,1.0,0.46,0.15,0.58,5
8,6,1,0,1,1,1,1,1,1.0,0,Python,2021-2023,1.0,0.5,0.5,0.5,0
8,6,1,0,20,10,2,1,2,17.0,0,Python,2021-2023,1.0,1.82,0.33,5.67,5
14,6,1,0,17,0,2,1,2,3.5,0,Python,2021-2023,1.0,17.0,0.33,1.17,5
15,6,1,0,22,0,2,1,4,4.0,0,Python,2021-2023,1.0,22.0,0.33,1.33,5
7,0,0,0,30,1,2,1,2,10.5,0,Python,2021-2023,1.0,15.0,0.33,3.5,5
8,3,0,0,280,33,5,1,11,7.36,0,Python,2021-2023,1.0,8.24,0.17,1.23,5
23,3,0,1,3,3,1,0,0,0.0,0,Python,2021-2023,1.0,0.75,0.0,0.0,0
7,4,0,0,26,10,2,1,6,10.33,0,Python,2021-2023,1.0,2.36,0.33,3.44,5
15,4,0,0,15,5,2,1,2,4.0,0,Python,2021-2023,1.0,2.5,0.33,1.33,5
10,5,1,0,56,64,2,1,18,14.11,0,Python,2021-2023,1.0,0.86,0.33,4.7,5
21,6,1,0,580,493,9,4,70,7.04,0,Python,2021-2023,1.0,1.17,0.4,0.7,5
10,0,0,0,12,2,2,1,2,15.5,0,Python,2021-2023,1.0,4.0,0.33,5.17,5
10,5,1,0,114,1,1,0,0,0.0,0,Python,2021-2023,1.0,57.0,0.0,0.0,5
18,5,1,0,10,3,3,1,3,12.0,0,Python,2021-2023,1.0,2.5,0.25,3.0,5
20,6,1,0,6,5,2,1,3,2.67,0,Python,2021-2023,1.0,1.0,0.33,0.89,5
20,6,1,0,25,29,7,0,0,0.0,0,Python,2021-2023,1.0,0.83,0.0,0.0,5
20,6,1,0,2,1,1,0,1,11.0,0,Python,2021-2023,1.0,1.0,0.0,5.5,5
6,0,0,0,15,3,2,1,2,22.0,0,Python,2021-2023,1.0,3.75,0.33,7.33,5
6,1,0,0,58,22,3,1,19,8.37,0,Python,2021-2023,1.0,2.52,0.25,2.09,5
9,1,0,0,33,14,2,0,0,0.0,0,Python,2021-2023,1.0,2.2,0.0,0.0,5
9,1,0,0,7,7,1,0,2,12.0,0,Python,2021-2023,1.0,0.88,0.0,6.0,5
17,1,0,0,3,6,1,0,1,47.0,0,Python,2021-2023,1.0,0.43,0.0,23.5,5
20,1,0,0,5,5,3,0,4,6.25,0,Python,2021-2023,1.0,0.83,0.0,1.56,5
20,1,0,0,18,0,2,1,3,8.67,0,Python,2021-2023,1.0,18.0,0.33,2.89,5
7,4,0,0,31,18,6,0,0,0.0,0,Python,2021-2023,1.0,1.63,0.0,0.0,5
15,4,0,0,1,1,1,0,0,0.0,0,Python,2021-2023,1.0,0.5,0.0,0.0,5
13,6,1,0,6,4,3,1,2,4.5,0,Python,2021-2023,1.0,1.2,0.25,1.12,0
16,6,1,0,1,1,1,0,0,0.0,0,Python,2021-2023,1.0,0.5,0.0,0.0,0
17,6,1,0,3,3,1,0,0,0.0,0,Python,2021-2023,1.0,0.75,0.0,0.0,0
17,6,1,0,3,3,1,0,0,0.0,0,Python,2021-2023,1.0,0.75,0.0,0.0,0
12,5,1,0,6,4,2,1,1,48.0,0,Python,2021-2023,1.0,1.2,0.33,16.0,5
12,5,1,0,13,3,2,1,3,18.0,0,Python,2021-2023,1.0,3.25,0.33,6.0,0
12,5,1,0,3,3,1,0,0,0.0,0,Python,2021-2023,1.0,0.75,0.0,0.0,0
13,5,1,0,26,3,4,2,4,5.5,0,Python,2021-2023,1.0,6.5,0.4,1.1,0
7,1,0,0,1,1,1,0,0,0.0,0,Python,2021-2023,1.0,0.5,0.0,0.0,5
21,4,0,0,4,3,1,0,3,5.67,0,Python,2021-2023,1.0,1.0,0.0,2.84,0
21,4,0,0,6,4,3,0,2,1.0,0,Python,2021-2023,1.0,1.2,0.0,0.25,0
21,4,0,0,21,18,6,1,10,1.6,0,Python,2021-2023,1.0,1.11,0.14,0.23,0
22,4,0,1,7,6,4,2,4,3.0,0,Python,2021-2023,1.0,1.0,0.4,0.6,0
14,5,1,0,99,139,1,1,10,2.2,1,Python,2021-2023,0.4,0.71,0.5,1.1,1
18,5,1,0,247,1,5,1,2,10.0,1,Python,2021-2023,0.4,123.5,0.17,1.67,0
13,0,0,0,2,0,1,0,0,0.0,0,Python,2021-2023,1.0,2.0,0.0,0.0,0
11,1,0,0,6,5,1,0,0,0.0,1,Python,2021-2023,0.4,1.0,0.0,0.0,0
13,1,0,0,11,9,5,0,2,22.0,0,Python,2021-2023,1.0,1.1,0.0,3.67,0
16,1,0,0,1,1,1,0,1,1.0,0,Python,2021-2023,1.0,0.5,0.0,0.5,1
19,1,0,0,10,5,3,1,2,5.5,0,Python,2021-2023,1.0,1.67,0.25,1.38,0
19,1,0,0,0,1,1,0,0,0.0,0,Python,2021-2023,1.0,0.0,0.0,0.0,0
20,1,0,0,2,0,1,0,0,0.0,0,Python,2021-2023,1.0,2.0,0.0,0.0,0
10,2,0,0,3,3,2,0,0,0.0,0,Python,2021-2023,1.0,0.75,0.0,0.0,0
13,2,0,0,21,21,1,1,14,1.86,0,Python,2021-2023,1.0,0.95,0.5,0.93,0
13,2,0,0,14,14,2,2,2,4.0,0,Python,2021-2023,1.0,0.93,0.67,1.33,0
13,2,0,0,7,7,1,1,1,1.0,0,Python,2021-2023,1.0,0.88,0.5,0.5,0
14,2,0,0,0,1,1,0,0,0.0,0,Python,2021-2023,1.0,0.0,0.0,0.0,0
14,2,0,0,6,3,2,0,3,1.0,0,Python,2021-2023,1.0,1.5,0.0,0.33,0
14,2,0,0,3,1,1,0,0,0.0,0,Python,2021-2023,1.0,1.5,0.0,0.0,0
14,2,0,0,2,0,1,0,0,0.0,0,Python,2021-2023,1.0,2.0,0.0,0.0,0
20,2,0,0,1,1,1,0,0,0.0,0,Python,2021-2023,1.0,0.5,0.0,0.0,0
20,2,0,0,3,2,2,0,0,0.0,0,Python,2021-2023,1.0,1.0,0.0,0.0,0
23,2,0,1,1,1,1,0,0,0.0,0,Python,2021-2023,1.0,0.5,0.0,0.0,0
12,3,0,0,0,2,2,0,0,0.0,0,Python,2021-2023,1.0,0.0,0.0,0.0,0
13,3,0,0,15,9,2,2,7,2.43,0,Python,2021-2023,1.0,1.5,0.67,0.81,2
19,3,0,0,88,88,41,13,22,7.45,0,Python,2021-2023,1.0,0.99,0.31,0.18,0
19,3,0,0,0,2,1,0,0,0.0,0,Python,2021-2023,1.0,0.0,0.0,0.0,0
19,3,0,0,34,35,18,2,4,11.75,0,Python,2021-2023,1.0,0.94,0.11,0.62,0
19,3,0,0,4,0,1,0,0,0.0,0,Python,2021-2023,1.0,4.0,0.0,0.0,0
19,3,0,0,5,5,1,1,2,6.0,0,Python,2021-2023,1.0,0.83,0.5,3.0,0
21,3,0,0,1,1,1,0,0,0.0,0,Python,2021-2023,1.0,0.5,0.0,0.0,0
1,4,0,1,2,2,2,0,2,13.0,1,Python,2021-2023,0.4,0.67,0.0,4.33,0
10,4,0,0,51,51,30,5,18,10.5,1,Python,2021-2023,0.4,0.98,0.16,0.34,0
11,4,0,0,5,5,2,1,2,6.5,0,Python,2021-2023,1.0,0.83,0.33,2.17,0
7,5,1,0,3,3,1,0,0,0.0,0,Python,2021-2023,1.0,0.75,0.0,0.0,0
7,5,1,0,1,1,1,0,0,0.0,0,Python,2021-2023,1.0,0.5,0.0,0.0,0
7,5,1,0,1,1,1,0,0,0.0,0,Python,2021-2023,1.0,0.5,0.0,0.0,0
8,5,1,0,3,2,1,0,1,23.0,0,Python,2021-2023,1.0,1.0,0.0,11.5,0
11,5,1,0,1,1,1,0,0,0.0,0,Python,2021-2023,1.0,0.5,0.0,0.0,5
10,6,1,0,69,1,3,0,0,0.0,0,Python,2021-2023,1.0,34.5,0.0,0.0,1
11,6,1,0,176,8,8,2,15,1.8,0,Python,2021-2023,1.0,19.56,0.22,0.2,0
13,6,1,0,1,1,1,0,0,0.0,0,Python,2021-2023,1.0,0.5,0.0,0.0,1
22,6,1,1,193,1,2,0,2,9.0,0,Python,2021-2023,1.0,96.5,0.0,3.0,2
22,6,1,1,44,22,1,0,2,10.0,0,Python,2021-2023,1.0,1.91,0.0,5.0,2
22,6,1,1,62,22,1,0,4,10.25,0,Python,2021-2023,1.0,2.7,0.0,5.12,2
8,0,0,0,2,2,1,0,0,0.0,1,Python,2021-2023,0.4,0.67,0.0,0.0,0
13,0,0,0,8,8,1,0,0,0.0,0,Python,2021-2023,1.0,0.89,0.0,0.0,0
14,0,0,0,17,7,1,0,3,13.67,0,Python,2021-2023,1.0,2.12,0.0,6.84,2
13,1,0,0,437,630,170,35,220,9.17,0,Python,2021-2023,1.0,0.69,0.2,0.05,0
13,1,0,0,2,0,1,0,0,0.0,0,Python,2021-2023,1.0,2.0,0.0,0.0,0
16,1,0,0,317,299,14,1,18,6.5,1,Python,2021-2023,0.4,1.06,0.07,0.43,1
19,1,0,0,3,0,1,0,0,0.0,1,Python,2021-2023,0.4,3.0,0.0,0.0,0
12,2,0,0,2,2,1,0,0,0.0,0,Python,2021-2023,1.0,0.67,0.0,0.0,0
12,2,0,0,32,0,1,0,0,0.0,0,Python,2021-2023,1.0,32.0,0.0,0.0,0
15,2,0,0,12,1,2,1,1,1.0,1,Python,2021-2023,0.4,6.0,0.33,0.33,0
15,2,0,0,115,18,9,0,0,0.0,0,Python,2021-2023,1.0,6.05,0.0,0.0,0
16,2,0,0,44,24,1,0,6,9.5,0,Python,2021-2023,1.0,1.76,0.0,4.75,2
17,2,0,0,15,11,1,0,0,0.0,0,Python,2021-2023,1.0,1.25,0.0,0.0,0
19,2,0,0,5,3,1,0,0,0.0,0,Python,2021-2023,1.0,1.25,0.0,0.0,0
11,3,0,0,11,5,1,1,1,1.0,0,Python,2021-2023,1.0,1.83,0.5,0.5,1
11,3,0,0,4,1,1,0,1,3.0,0,Python,2021-2023,1.0,2.0,0.0,1.5,0
18,3,0,0,32,5,3,1,2,6.0,0,Python,2021-2023,1.0,5.33,0.25,1.5,0
0,4,0,1,9,3,1,0,1,4.0,0,Python,2021-2023,1.0,2.25,0.0,2.0,0
2,4,0,1,3,2,1,0,1,4.0,0,Python,2021-2023,1.0,1.0,0.0,2.0,0
3,4,0,1,7,3,1,0,1,5.0,0,Python,2021-2023,1.0,1.75,0.0,2.5,0
10,4,0,0,12,6,1,0,1,6.0,0,Python,2021-2023,1.0,1.71,0.0,3.0,2
13,4,0,0,23,16,1,0,4,7.75,0,Python,2021-2023,1.0,1.35,0.0,3.88,2
18,4,0,0,1,0,1,0,0,0.0,0,Python,2021-2023,1.0,1.0,0.0,0.0,0
21,4,0,0,3,1,1,0,1,4.0,0,Python,2021-2023,1.0,1.5,0.0,2.0,0
1,5,1,1,1,1,1,0,1,10.0,0,Python,2021-2023,1.0,0.5,0.0,5.0,0
10,5,1,0,1,1,1,0,1,16.0,0,Python,2021-2023,1.0,0.5,0.0,8.0,0
12,5,1,0,168,2,2,1,9,3.78,0,Python,2021-2023,1.0,56.0,0.33,1.26,2
13,5,1,0,19,11,2,1,8,2.12,0,Python,2021-2023,1.0,1.58,0.33,0.71,2
22,5,1,1,6,2,1,1,1,2.0,0,Python,2021-2023,1.0,2.0,0.5,1.0,2
22,5,1,1,2,0,1,1,0,0.0,0,Python,2021-2023,1.0,2.0,0.5,0.0,2
18,0,0,0,2,1,1,0,1,18.0,0,Python,2021-2023,1.0,1.0,0.0,9.0,1
19,0,0,0,5,1,2,1,2,11.5,0,Python,2021-2023,1.0,2.5,0.33,3.83,0
18,1,0,0,179,164,2,1,14,2.07,1,Python,2021-2023,0.4,1.08,0.33,0.69,0
21,2,0,0,8,8,2,0,2,3.5,0,Python,2021-2023,1.0,0.89,0.0,1.17,0
7,3,0,0,16,123,10,4,8,9.75,0,Python,2021-2023,1.0,0.13,0.36,0.89,1
7,3,0,0,1,1,1,0,0,0.0,0,Python,2021-2023,1.0,0.5,0.0,0.0,0
16,3,0,0,287,94,5,1,26,3.5,1,Python,2021-2023,0.4,3.02,0.17,0.58,0
16,3,0,0,133,19,5,0,19,2.26,0,Python,2021-2023,1.0,6.65,0.0,0.38,0
21,3,0,0,19,19,3,0,1,11.0,0,Python,2021-2023,1.0,0.95,0.0,2.75,0
10,4,0,0,62,4,2,1,6,3.17,1,Python,2021-2023,0.4,12.4,0.33,1.06,0
12,4,0,0,25,16,2,1,2,6.0,0,Python,2021-2023,1.0,1.47,0.33,2.0,0
12,4,0,0,159,165,4,0,6,5.0,0,Python,2021-2023,1.0,0.96,0.0,1.0,0
14,4,0,0,13,2,2,1,2,1.0,1,Python,2021-2023,0.4,4.33,0.33,0.33,0
14,4,0,0,3,2,2,0,1,4.0,0,Python,2021-2023,1.0,1.0,0.0,1.33,1
18,4,0,0,1,1,1,0,0,0.0,0,Python,2021-2023,1.0,0.5,0.0,0.0,0
12,5,1,0,19,19,8,0,0,0.0,0,Python,2021-2023,1.0,0.95,0.0,0.0,0
12,5,1,0,1,1,1,1,1,11.0,0,Python,2021-2023,1.0,0.5,0.5,5.5,0
17,5,1,0,11,6,5,2,9,3.11,0,Python,2021-2023,1.0,1.57,0.33,0.52,1
19,5,1,0,26,1,2,1,1,1.0,0,Python,2021-2023,1.0,13.0,0.33,0.33,2
13,6,1,0,73,3,2,1,4,1.75,0,Python,2021-2023,1.0,18.25,0.33,0.58,0
6,0,0,0,1,1,1,0,0,0.0,0,Python,2021-2023,1.0,0.5,0.0,0.0,0
15,0,0,0,13,1,2,1,2,1.0,0,Python,2021-2023,1.0,6.5,0.33,0.33,0
16,0,0,0,211,393,34,2,34,1.59,1,Python,2021-2023,0.4,0.54,0.06,0.05,0
20,0,0,0,33,3,2,1,10,3.6,0,Python,2021-2023,1.0,8.25,0.33,1.2,0
21,0,0,0,4,4,1,0,0,0.0,0,Python,2021-2023,1.0,0.8,0.0,0.0,0
8,1,0,0,675,292,11,4,51,2.84,1,Python,2021-2023,0.4,2.3,0.33,0.24,0
8,1,0,0,20,1,2,1,4,9.0,1,Python,2021-2023,0.4,10.0,0.33,3.0,0
12,1,0,0,22,58,3,0,0,0.0,0,Python,2021-2023,1.0,0.37,0.0,0.0,0
13,1,0,0,30,28,3,0,2,5.0,0,Python,2021-2023,1.0,1.03,0.0,1.25,0
13,1,0,0,3,4,1,0,1,5.0,0,Python,2021-2023,1.0,0.6,0.0,2.5,0
18,1,0,0,26,26,9,0,0,0.0,0,Python,2021-2023,1.0,0.96,0.0,0.0,0
18,1,0,0,65,9,10,2,5,1.4,0,Python,2021-2023,1.0,6.5,0.18,0.13,0
18,1,0,0,55,199,4,0,12,3.17,0,Python,2021-2023,1.0,0.28,0.0,0.63,0
18,1,0,0,117,8,11,1,3,1.67,0,Python,2021-2023,1.0,13.0,0.08,0.14,0
21,1,0,0,3,3,1,0,0,0.0,0,Python,2021-2023,1.0,0.75,0.0,0.0,1
21,1,0,0,135,4,5,2,9,1.78,0,Python,2021-2023,1.0,27.0,0.33,0.3,5
23,1,0,1,499,3,4,1,21,3.81,0,Python,2021-2023,1.0,124.75,0.2,0.76,0
9,2,0,0,6,1,2,0,3,1.0,0,Python,2021-2023,1.0,3.0,0.0,0.33,0
9,2,0,0,29,40,10,2,21,6.86,0,Python,2021-2023,1.0,0.71,0.18,0.62,0
11,2,0,0,1,1,1,0,0,0.0,0,Python,2021-2023,1.0,0.5,0.0,0.0,0
11,2,0,0,112,23,10,1,3,1.33,0,Python,2021-2023,1.0,4.67,0.09,0.12,0
13,2,0,0,13,0,1,0,2,5.0,0,Python,2021-2023,1.0,13.0,0.0,2.5,0
13,2,0,0,49,2,1,0,2,3.5,0,Python,2021-2023,1.0,16.33,0.0,1.75,0
13,2,0,0,1,1,1,0,1,9.0,0,Python,2021-2023,1.0,0.5,0.0,4.5,0
14,2,0,0,34,0,1,0,4,1.25,0,Python,2021-2023,1.0,34.0,0.0,0.62,0
14,2,0,0,1,1,1,0,1,9.0,0,Python,2021-2023,1.0,0.5,0.0,4.5,0
14,2,0,0,2,49,1,0,2,3.5,0,Python,2021-2023,1.0,0.04,0.0,1.75,0
14,2,0,0,0,13,1,0,2,5.0,0,Python,2021-2023,1.0,0.0,0.0,2.5,0
14,2,0,0,27,14,3,1,11,8.45,1,Python,2021-2023,0.4,1.8,0.25,2.11,1
14,2,0,0,3,3,1,0,0,0.0,0,Python,2021-2023,1.0,0.75,0.0,0.0,0
14,2,0,0,59,39,2,0,6,6.33,0,Python,2021-2023,1.0,1.48,0.0,2.11,0
15,2,0,0,21,51,5,0,3,15.67,0,Python,2021-2023,1.0,0.4,0.0,2.61,0
15,2,0,0,17,23,3,3,7,3.86,0,Python,2021-2023,1.0,0.71,0.75,0.96,2
16,2,0,0,48,0,1,0,7,1.43,0,Python,2021-2023,1.0,48.0,0.0,0.72,0
16,2,0,0,0,48,1,0,7,1.43,0,Python,2021-2023,1.0,0.0,0.0,0.72,0
17,2,0,0,26,26,9,0,0,0.0,0,Python,2021-2023,1.0,0.96,0.0,0.0,0
22,2,0,1,2,1,1,0,1,5.0,0,Python,2021-2023,1.0,1.0,0.0,2.5,2
22,2,0,1,14,4,2,1,3,1.0,0,Python,2021-2023,1.0,2.8,0.33,0.33,0
8,3,0,0,267,210,65,4,104,11.45,0,Python,2021-2023,1.0,1.27,0.06,0.17,1
11,3,0,0,46,0,2,1,9,1.11,0,Python,2021-2023,1.0,46.0,0.33,0.37,0
11,3,0,0,3,1,2,0,2,5.0,0,Python,2021-2023,1.0,1.5,0.0,1.67,0
15,3,0,0,1,1,1,0,0,0.0,0,Python,2021-2023,1.0,0.5,0.0,0.0,0
16,3,0,0,3320,1860,177,64,496,3.63,1,Python,2021-2023,0.4,1.78,0.36,0.02,1
17,3,0,0,17,15,1,0,4,1.0,0,Python,2021-2023,1.0,1.06,0.0,0.5,0
18,3,0,0,41,626,15,1,0,0.0,0,Python,2021-2023,1.0,0.07,0.06,0.0,0
19,3,0,0,98,3,1,0,18,1.28,0,Python,2021-2023,1.0,24.5,0.0,0.64,0
10,4,0,0,9,1,2,0,0,0.0,0,Python,2021-2023,1.0,4.5,0.0,0.0,0
12,4,0,0,0,1,1,0,1,6.0,0,Python,2021-2023,1.0,0.0,0.0,3.0,0
12,4,0,0,6,1,2,0,1,1.0,0,Python,2021-2023,1.0,3.0,0.0,0.33,0
12,4,0,0,6,0,1,0,1,1.0,0,Python,2021-2023,1.0,6.0,0.0,0.5,0
12,4,0,0,31,0,1,0,5,1.2,0,Python,2021-2023,1.0,31.0,0.0,0.6,0
13,4,0,0,143,137,6,0,13,2.85,0,Python,2021-2023,1.0,1.04,0.0,0.41,2
13,4,0,0,5,0,2,0,0,0.0,0,Python,2021-2023,1.0,5.0,0.0,0.0,2
13,4,0,0,32,3,6,0,2,1.0,0,Python,2021-2023,1.0,8.0,0.0,0.14,0
13,4,0,0,2,2,2,1,0,0.0,0,Python,2021-2023,1.0,0.67,0.33,0.0,0
14,4,0,0,42,3,5,0,4,2.75,0,Python,2021-2023,1.0,10.5,0.0,0.46,0
15,4,0,0,99,76,9,1,1,17.0,0,Python,2021-2023,1.0,1.29,0.1,1.7,0
15,4,0,0,33,3,7,1,3,1.0,0,Python,2021-2023,1.0,8.25,0.12,0.12,0
15,4,0,0,92,57,11,2,6,1.0,0,Python,2021-2023,1.0,1.59,0.17,0.08,0
18,4,0,0,4,1,1,0,0,0.0,0,Python,2021-2023,1.0,2.0,0.0,0.0,0
20,4,0,0,848,151,12,1,0,0.0,0,Python,2021-2023,1.0,5.58,0.08,0.0,0
21,4,0,0,46,11,2,1,6,5.67,0,Python,2021-2023,1.0,3.83,0.33,1.89,2
15,5,1,0,24,0,1,0,0,0.0,0,Python,2021-2023,1.0,24.0,0.0,0.0,0
16,5,1,0,3,2,1,0,0,0.0,0,Python,2021-2023,1.0,1.0,0.0,0.0,0
17,5,1,0,1,1,1,0,0,0.0,0,Python,2021-2023,1.0,0.5,0.0,0.0,0
18,5,1,0,127,51,7,3,19,10.84,0,Python,2021-2023,1.0,2.44,0.38,1.36,5
18,5,1,0,99,11,5,1,11,7.27,0,Python,2021-2023,1.0,8.25,0.17,1.21,5
21,5,1,0,15,7,1,0,0,0.0,0,Python,2021-2023,1.0,1.88,0.0,0.0,0
1,6,1,1,25,0,3,1,3,1.0,0,Python,2021-2023,1.0,25.0,0.25,0.25,0
1,6,1,1,1,1,1,0,1,32.0,0,Python,2021-2023,1.0,0.5,0.0,16.0,0
2,6,1,1,28,22,1,0,0,0.0,0,Python,2021-2023,1.0,1.22,0.0,0.0,0
2,6,1,1,5,4,1,0,0,0.0,0,Python,2021-2023,1.0,1.0,0.0,0.0,0
10,6,1,0,133,2,4,0,0,0.0,0,Python,2021-2023,1.0,44.33,0.0,0.0,1
10,6,1,0,954,28,2,0,0,0.0,1,Python,2021-2023,0.4,32.9,0.0,0.0,1
21,6,1,0,8,362,6,1,11,2.36,0,Python,2021-2023,1.0,0.02,0.14,0.34,0
4,0,0,1,18,0,3,1,2,1.0,0,Python,2021-2023,1.0,18.0,0.25,0.25,0
4,0,0,1,18,5,2,0,6,2.17,0,Python,2021-2023,1.0,3.0,0.0,0.72,0
5,0,0,1,8,27,2,1,3,4.67,0,Python,2021-2023,1.0,0.29,0.33,1.56,2
8,0,0,0,3,4,1,0,0,0.0,0,Python,2021-2023,1.0,0.6,0.0,0.0,0
10,0,0,0,1,1,1,0,1,1.0,0,Python,2021-2023,1.0,0.5,0.0,0.5,0
10,0,0,0,1,1,1,0,1,1.0,0,Python,2021-2023,1.0,0.5,0.0,0.5,0
10,0,0,0,1,1,1,0,1,1.0,0,Python,2021-2023,1.0,0.5,0.0,0.5,0
10,0,0,0,16,11,3,0,0,0.0,0,Python,2021-2023,1.0,1.33,0.0,0.0,0
11,0,0,0,10,12,1,0,4,1.0,0,Python,2021-2023,1.0,0.77,0.0,0.5,0
11,0,0,0,1,1,1,0,1,1.0,0,Python,2021-2023,1.0,0.5,0.0,0.5,0
11,0,0,0,2,1,1,0,1,1.0,0,Python,2021-2023,1.0,1.0,0.0,0.5,0
11,0,0,0,4,251,4,3,9,1.33,1,Python,2021-2023,0.4,0.02,0.6,0.27,0
12,0,0,0,66,45,5,2,28,1.96,0,Python,2021-2023,1.0,1.43,0.33,0.33,0
14,0,0,0,40,17,6,0,2,2.5,0,Python,2021-2023,1.0,2.22,0.0,0.36,0
15,0,0,0,3,77,2,1,5,2.2,0,Python,2021-2023,1.0,0.04,0.33,0.73,1
16,0,0,0,106,46,9,2,34,4.41,0,Python,2021-2023,1.0,2.26,0.2,0.44,0
16,0,0,0,40,25,2,0,10,14.4,0,Python,2021-2023,1.0,1.54,0.0,4.8,0
16,0,0,0,21,0,1,0,21,1.29,0,Python,2021-2023,1.0,21.0,0.0,0.64,0
16,0,0,0,1,0,1,0,1,1.0,0,Python,2021-2023,1.0,1.0,0.0,0.5,0
16,0,0,0,3,0,1,0,1,3.0,0,Python,2021-2023,1.0,3.0,0.0,1.5,0
17,0,0,0,1,1,1,0,1,19.0,0,Python,2021-2023,1.0,0.5,0.0,9.5,0
17,0,0,0,26,2,1,0,0,0.0,0,Python,2021-2023,1.0,8.67,0.0,0.0,0
17,0,0,0,5,38,4,0,2,1.0,0,Python,2021-2023,1.0,0.13,0.0,0.2,0
17,0,0,0,1,1,1,0,0,0.0,0,Python,2021-2023,1.0,0.5,0.0,0.0,0
17,0,0,0,20,0,1,0,0,0.0,0,Python,2021-2023,1.0,20.0,0.0,0.0,0
17,0,0,0,1,1,1,0,0,0.0,0,Python,2021-2023,1.0,0.5,0.0,0.0,0
17,0,0,0,33,38,10,0,0,0.0,0,Python,2021-2023,1.0,0.85,0.0,0.0,0
17,0,0,0,9,32,8,0,3,3.67,0,Python,2021-2023,1.0,0.27,0.0,0.41,0
17,0,0,0,2,5,2,0,0,0.0,0,Python,2021-2023,1.0,0.33,0.0,0.0,0
17,0,0,0,0,23,4,0,0,0.0,0,Python,2021-2023,1.0,0.0,0.0,0.0,0
17,0,0,0,4,41,4,0,2,4.0,0,Python,2021-2023,1.0,0.1,0.0,0.8,0
17,0,0,0,7,15,6,0,0,0.0,0,Python,2021-2023,1.0,0.44,0.0,0.0,0
17,0,0,0,5,42,5,0,1,4.0,0,Python,2021-2023,1.0,0.12,0.0,0.67,0
17,0,0,0,1,12,2,0,1,1.0,0,Python,2021-2023,1.0,0.08,0.0,0.33,0
17,0,0,0,7,14,5,0,0,0.0,0,Python,2021-2023,1.0,0.47,0.0,0.0,0
17,0,0,0,3,49,6,0,1,3.0,0,Python,2021-2023,1.0,0.06,0.0,0.43,0
17,0,0,0,38,50,4,0,7,12.71,0,Python,2021-2023,1.0,0.75,0.0,2.54,0
18,0,0,0,165,110,14,1,13,6.08,0,Python,2021-2023,1.0,1.49,0.07,0.41,0
7,1,0,0,1,1,1,0,0,0.0,0,Python,2021-2023,1.0,0.5,0.0,0.0,5
7,1,0,0,75,66,2,1,8,2.12,0,Python,2021-2023,1.0,1.12,0.33,0.71,2
9,1,0,0,14,0,1,0,1,4.0,0,Python,2021-2023,1.0,14.0,0.0,2.0,0
11,1,0,0,40,0,1,0,6,1.67,0,Python,2021-2023,1.0,40.0,0.0,0.84,0
11,1,0,0,72,3,1,0,11,1.91,0,Python,2021-2023,1.0,18.0,0.0,0.96,0
11,1,0,0,85,0,1,0,9,1.33,0,Python,2021-2023,1.0,85.0,0.0,0.66,0
14,1,0,0,34,27,1,0,0,0.0,0,Python,2021-2023,1.0,1.21,0.0,0.0,2
15,1,0,0,14,0,1,0,0,0.0,0,Python,2021-2023,1.0,14.0,0.0,0.0,0
16,1,0,0,1,0,1,1,0,0.0,0,Python,2021-2023,1.0,1.0,0.5,0.0,0
18,1,0,0,7,22,1,1,4,1.5,0,Python,2021-2023,1.0,0.3,0.5,0.75,0
20,1,0,0,3,44,1,0,8,1.25,0,Python,2021-2023,1.0,0.07,0.0,0.62,1
20,1,0,0,10,12,1,0,0,0.0,0,Python,2021-2023,1.0,0.77,0.0,0.0,1
20,1,0,0,2,2,1,0,0,0.0,0,Python,2021-2023,1.0,0.67,0.0,0.0,1
20,1,0,0,1,1,1,0,0,0.0,0,Python,2021-2023,1.0,0.5,0.0,0.0,1
21,1,0,0,13,2,1,0,0,0.0,0,Python,2021-2023,1.0,4.33,0.0,0.0,1
23,1,0,1,85,41,3,1,17,3.71,0,Python,2021-2023,1.0,2.02,0.25,0.93,2
23,1,0,1,19,17,3,2,9,2.78,0,Python,2021-2023,1.0,1.06,0.5,0.7,2
0,2,0,1,5,3,1,0,2,2.5,0,Python,2021-2023,1.0,1.25,0.0,1.25,2
9,2,0,0,2,2,1,0,2,1.0,0,Python,2021-2023,1.0,0.67,0.0,0.5,1
9,2,0,0,4,4,1,0,0,0.0,0,Python,2021-2023,1.0,0.8,0.0,0.0,0
9,2,0,0,4,11,1,0,0,0.0,0,Python,2021-2023,1.0,0.33,0.0,0.0,0
10,2,0,0,1,1,1,0,1,5.0,0,Python,2021-2023,1.0,0.5,0.0,2.5,0
10,2,0,0,2,0,1,0,0,0.0,0,Python,2021-2023,1.0,2.0,0.0,0.0,0
10,2,0,0,8,12,2,1,3,9.67,0,Python,2021-2023,1.0,0.62,0.33,3.22,0
10,2,0,0,2,2,2,0,0,0.0,0,Python,2021-2023,1.0,0.67,0.0,0.0,0
10,2,0,0,1,56,1,0,0,0.0,0,Python,2021-2023,1.0,0.02,0.0,0.0,0
10,2,0,0,0,18,2,0,0,0.0,0,Python,2021-2023,1.0,0.0,0.0,0.0,0
10,2,0,0,4,4,3,0,0,0.0,0,Python,2021-2023,1.0,0.8,0.0,0.0,0
10,2,0,0,3,605,13,1,7,4.43,0,Python,2021-2023,1.0,0.0,0.07,0.32,0
12,2,0,0,0,1,1,0,0,0.0,0,Python,2021-2023,1.0,0.0,0.0,0.0,0
12,2,0,0,2,2,1,0,1,1.0,0,Python,2021-2023,1.0,0.67,0.0,0.5,0
12,2,0,0,1,1,1,0,1,1.0,0,Python,2021-2023,1.0,0.5,0.0,0.5,0
12,2,0,0,1,1,1,0,1,1.0,0,Python,2021-2023,1.0,0.5,0.0,0.5,0
12,2,0,0,37,2,1,0,0,0.0,0,Python,2021-2023,1.0,12.33,0.0,0.0,1
12,2,0,0,1,1,1,0,1,1.0,0,Python,2021-2023,1.0,0.5,0.0,0.5,0
13,2,0,0,19,16,4,1,8,6.12,0,Python,2021-2023,1.0,1.12,0.2,1.22,0
15,2,0,0,4,27,1,0,0,0.0,0,Python,2021-2023,1.0,0.14,0.0,0.0,0
18,2,0,0,12,2,2,1,3,3.67,1,Python,2021-2023,0.4,4.0,0.33,1.22,0
21,2,0,0,0,0,0,0,0,0.0,0,Python,2021-2023,1.0,0.0,0.0,0.0,0
21,2,0,0,159,6,1,0,29,1.21,0,Python,2021-2023,1.0,22.71,0.0,0.6,0
22,2,0,1,5,1,1,0,0,0.0,1,Python,2021-2023,0.4,2.5,0.0,0.0,0
7,3,0,0,669,11,2,1,27,2.11,1,Python,2021-2023,0.4,55.75,0.33,0.7,2
9,3,0,0,8,8,1,0,0,0.0,0,Python,2021-2023,1.0,0.89,0.0,0.0,1
10,3,0,0,0,51,1,0,2,2.0,0,Python,2021-2023,1.0,0.0,0.0,1.0,1
13,3,0,0,437,55,19,2,19,1.74,0,Python,2021-2023,1.0,7.8,0.1,0.09,0
14,3,0,0,2,2,1,0,2,12.0,0,Python,2021-2023,1.0,0.67,0.0,6.0,1
14,3,0,0,2,2,1,0,2,1.0,0,Python,2021-2023,1.0,0.67,0.0,0.5,0
14,3,0,0,1,1,1,0,1,1.0,0,Python,2021-2023,1.0,0.5,0.0,0.5,0
14,3,0,0,3,3,1,0,1,1.0,0,Python,2021-2023,1.0,0.75,0.0,0.5,0
14,3,0,0,4,10,1,0,2,1.0,0,Python,2021-2023,1.0,0.36,0.0,0.5,0
15,3,0,0,2,2,1,0,1,1.0,0,Python,2021-2023,1.0,0.67,0.0,0.5,0
15,3,0,0,0,6,1,0,1,1.0,0,Python,2021-2023,1.0,0.0,0.0,0.5,0
17,3,0,0,4,4,3,0,0,0.0,0,Python,2021-2023,1.0,0.8,0.0,0.0,0
17,3,0,0,6,0,1,0,1,1.0,0,Python,2021-2023,1.0,6.0,0.0,0.5,0
17,3,0,0,1,1,1,0,1,1.0,0,Python,2021-2023,1.0,0.5,0.0,0.5,0
17,3,0,0,1,1,1,0,1,1.0,0,Python,2021-2023,1.0,0.5,0.0,0.5,0
18,3,0,0,2,2,1,0,1,1.0,0,Python,2021-2023,1.0,0.67,0.0,0.5,0
18,3,0,0,2,2,1,0,1,1.0,0,Python,2021-2023,1.0,0.67,0.0,0.5,0
18,3,0,0,2,2,1,0,1,1.0,0,Python,2021-2023,1.0,0.67,0.0,0.5,0
20,3,0,0,13,37,2,1,2,4.0,0,Python,2021-2023,1.0,0.34,0.33,1.33,0
20,3,0,0,17,14,1,0,0,0.0,0,Python,2021-2023,1.0,1.13,0.0,0.0,0
20,3,0,0,4,4,1,0,0,0.0,0,Python,2021-2023,1.0,0.8,0.0,0.0,0
23,3,0,1,1,1,1,0,0,0.0,0,Python,2021-2023,1.0,0.5,0.0,0.0,0
14,4,0,0,190,25,11,1,4,4.5,0,Python,2021-2023,1.0,7.31,0.08,0.38,0
18,4,0,0,1,1,1,0,1,2.0,0,Python,2021-2023,1.0,0.5,0.0,1.0,0
23,4,0,1,12,3,3,2,2,2.5,0,Python,2021-2023,1.0,3.0,0.5,0.62,3
10,5,1,0,1,1,1,0,0,0.0,1,Python,2021-2023,0.4,0.5,0.0,0.0,2
17,6,1,0,4,2,2,0,1,1.0,0,Python,2021-2023,1.0,1.33,0.0,0.33,5
21,6,1,0,22,10,1,0,0,0.0,0,Python,2021-2023,1.0,2.0,0.0,0.0,0
21,6,1,0,21,12,1,0,6,19.5,0,Python,2021-2023,1.0,1.62,0.0,9.75,0
0,0,0,1,67,39,1,0,0,0.0,0,Python,2021-2023,1.0,1.68,0.0,0.0,0
0,0,0,1,36,1,1,0,0,0.0,0,Python,2021-2023,1.0,18.0,0.0,0.0,0
10,0,0,0,2,0,1,0,1,15.0,0,Python,2021-2023,1.0,2.0,0.0,7.5,0
11,0,0,0,20,8,1,0,0,0.0,0,Python,2021-2023,1.0,2.22,0.0,0.0,0
14,0,0,0,139,33,2,0,19,3.37,0,Python,2021-2023,1.0,4.09,0.0,1.12,0
16,0,0,0,49,33,4,1,8,15.88,0,Python,2021-2023,1.0,1.44,0.2,3.18,0
16,0,0,0,7,8,1,0,1,4.0,0,Python,2021-2023,1.0,0.78,0.0,2.0,0
16,0,0,0,65,54,6,2,20,12.4,0,Python,2021-2023,1.0,1.18,0.29,1.77,0
16,0,0,0,6,12,2,2,6,1.0,0,Python,2021-2023,1.0,0.46,0.67,0.33,0
16,0,0,0,48,46,1,1,16,2.88,0,Python,2021-2023,1.0,1.02,0.5,1.44,0
16,0,0,0,22,20,3,0,10,17.1,0,Python,2021-2023,1.0,1.05,0.0,4.28,0
16,0,0,0,2,1,1,0,1,15.0,0,Python,2021-2023,1.0,1.0,0.0,7.5,0
16,0,0,0,15,9,2,1,1,1.0,0,Python,2021-2023,1.0,1.5,0.33,0.33,0
17,0,0,0,1,1,1,0,1,45.0,0,Python,2021-2023,1.0,0.5,0.0,22.5,0
17,0,0,0,1,1,1,0,0,0.0,0,Python,2021-2023,1.0,0.5,0.0,0.0,0
17,0,0,0,1,1,1,0,0,0.0,0,Python,2021-2023,1.0,0.5,0.0,0.0,0
18,0,0,0,25,11,2,1,3,5.33,1,Python,2021-2023,0.4,2.08,0.33,1.78,1
22,0,0,1,5,2,2,0,2,31.5,0,Python,2021-2023,1.0,1.67,0.0,10.5,0
0,1,0,1,2,2,1,0,2,5.0,0,Python,2021-2023,1.0,0.67,0.0,2.5,2
7,1,0,0,1,1,1,0,1,2.0,0,Python,2021-2023,1.0,0.5,0.0,1.0,0
10,1,0,0,9,114,3,1,9,1.89,0,Python,2021-2023,1.0,0.08,0.25,0.47,0
11,1,0,0,3,3,1,1,0,0.0,0,Python,2021-2023,1.0,0.75,0.5,0.0,0
11,1,0,0,31,28,5,0,11,20.55,0,Python,2021-2023,1.0,1.07,0.0,3.42,0
11,1,0,0,8,6,1,0,0,0.0,0,Python,2021-2023,1.0,1.14,0.0,0.0,0
12,1,0,0,1,5,4,1,0,0.0,0,Python,2021-2023,1.0,0.17,0.2,0.0,0
12,1,0,0,2,1,1,1,0,0.0,0,Python,2021-2023,1.0,1.0,0.5,0.0,0
13,1,0,0,20,7,3,1,0,0.0,0,Python,2021-2023,1.0,2.5,0.25,0.0,0
15,1,0,0,47,23,1,0,0,0.0,0,Python,2021-2023,1.0,1.96,0.0,0.0,0
15,1,0,0,25,28,4,2,9,4.11,0,Python,2021-2023,1.0,0.86,0.4,0.82,0
23,1,0,1,7,7,4,0,0,0.0,0,Python,2021-2023,1.0,0.88,0.0,0.0,0
7,2,0,0,1,1,1,0,0,0.0,0,Python,2021-2023,1.0,0.5,0.0,0.0,5
10,2,0,0,101,49,11,8,21,3.67,0,Python,2021-2023,1.0,2.02,0.67,0.31,0
12,2,0,0,57,31,15,0,0,0.0,0,Python,2021-2023,1.0,1.78,0.0,0.0,0
15,2,0,0,31,14,2,1,5,2.2,1,Python,2021-2023,0.4,2.07,0.33,0.73,3
17,2,0,0,3,2,1,0,0,0.0,0,Python,2021-2023,1.0,1.0,0.0,0.0,4
17,2,0,0,7,0,1,0,0,0.0,0,Python,2021-2023,1.0,7.0,0.0,0.0,2
18,2,0,0,1,0,1,0,0,0.0,0,Python,2021-2023,1.0,1.0,0.0,0.0,0
20,2,0,0,3,3,1,0,0,0.0,0,Python,2021-2023,1.0,0.75,0.0,0.0,0
21,2,0,0,4,7,5,1,0,0.0,0,Python,2021-2023,1.0,0.5,0.17,0.0,0
21,2,0,0,2,3,1,0,0,0.0,0,Python,2021-2023,1.0,0.5,0.0,0.0,0
22,2,0,1,4,2,2,0,0,0.0,0,Python,2021-2023,1.0,1.33,0.0,0.0,0
0,3,0,1,9,33,2,1,4,8.75,0,Python,2021-2023,1.0,0.26,0.33,2.92,0
0,3,0,1,18,8,2,1,5,6.2,0,Python,2021-2023,1.0,2.0,0.33,2.07,0
3,3,0,1,42,560,7,1,26,1.81,0,Python,2021-2023,1.0,0.07,0.12,0.23,1
8,3,0,0,10,22,1,0,0,0.0,0,Python,2021-2023,1.0,0.43,0.0,0.0,0
8,3,0,0,13,95,1,0,0,0.0,0,Python,2021-2023,1.0,0.14,0.0,0.0,0
10,3,0,0,93,33,5,1,9,2.0,0,Python,2021-2023,1.0,2.74,0.17,0.33,0
12,3,0,0,406,102,10,1,19,1.32,0,Python,2021-2023,1.0,3.94,0.09,0.12,0
16,3,0,0,0,27,1,1,2,3.0,0,Python,2021-2023,1.0,0.0,0.5,1.5,0
16,3,0,0,12,10,1,1,1,6.0,0,Python,2021-2023,1.0,1.09,0.5,3.0,0
16,3,0,0,53,31,3,0,0,0.0,0,Python,2021-2023,1.0,1.66,0.0,0.0,0
17,3,0,0,1,1,1,0,0,0.0,0,Python,2021-2023,1.0,0.5,0.0,0.0,0
17,3,0,0,1,1,1,0,1,1.0,0,Python,2021-2023,1.0,0.5,0.0,0.5,4
19,3,0,0,2,2,1,0,0,0.0,0,Python,2021-2023,1.0,0.67,0.0,0.0,0
19,3,0,0,2,2,2,1,0,0.0,0,Python,2021-2023,1.0,0.67,0.33,0.0,0
19,3,0,0,0,2,1,1,0,0.0,0,Python,2021-2023,1.0,0.0,0.5,0.0,0
19,3,0,0,1,1,1,0,0,0.0,0,Python,2021-2023,1.0,0.5,0.0,0.0,0
19,3,0,0,9,1,2,0,0,0.0,0,Python,2021-2023,1.0,4.5,0.0,0.0,0
19,3,0,0,11,11,1,0,0,0.0,0,Python,2021-2023,1.0,0.92,0.0,0.0,0
19,3,0,0,2,111,5,0,0,0.0,0,Python,2021-2023,1.0,0.02,0.0,0.0,0
19,3,0,0,0,20,4,0,0,0.0,0,Python,2021-2023,1.0,0.0,0.0,0.0,0
19,3,0,0,2,0,1,0,0,0.0,0,Python,2021-2023,1.0,2.0,0.0,0.0,0
19,3,0,0,6,6,1,0,0,0.0,0,Python,2021-2023,1.0,0.86,0.0,0.0,0
19,3,0,0,2,2,1,0,0,0.0,0,Python,2021-2023,1.0,0.67,0.0,0.0,0
19,3,0,0,103,8,2,1,4,1.5,0,Python,2021-2023,1.0,11.44,0.33,0.5,0
19,3,0,0,2,2,2,1,0,0.0,0,Python,2021-2023,1.0,0.67,0.33,0.0,0
22,3,0,1,15,10,1,0,0,0.0,0,Python,2021-2023,1.0,1.36,0.0,0.0,0
0,4,0,1,2,2,1,1,0,0.0,0,Python,2021-2023,1.0,0.67,0.5,0.0,0
7,4,0,0,82,0,1,0,0,0.0,0,Python,2021-2023,1.0,82.0,0.0,0.0,0
10,4,0,0,11,5,2,1,2,7.0,0,Python,2021-2023,1.0,1.83,0.33,2.33,3
11,4,0,0,1,1,1,0,0,0.0,0,Python,2021-2023,1.0,0.5,0.0,0.0,0
11,4,0,0,30,6,2,0,0,0.0,0,Python,2021-2023,1.0,4.29,0.0,0.0,0
12,4,0,0,2,1,1,0,0,0.0,0,Python,2021-2023,1.0,1.0,0.0,0.0,0
12,4,0,0,1,1,1,0,0,0.0,0,Python,2021-2023,1.0,0.5,0.0,0.0,0
13,4,0,0,1,1,1,0,0,0.0,0,Python,2021-2023,1.0,0.5,0.0,0.0,0
14,4,0,0,4,6,1,1,1,14.0,0,Python,2021-2023,1.0,0.57,0.5,7.0,0
14,4,0,0,7,6,1,0,0,0.0,0,Python,2021-2023,1.0,1.0,0.0,0.0,0
15,4,0,0,1,1,1,0,1,1.0,0,Python,2021-2023,1.0,0.5,0.0,0.5,0
16,4,0,0,1,1,1,0,0,0.0,0,Python,2021-2023,1.0,0.5,0.0,0.0,0
16,4,0,0,612,190,10,4,67,4.46,1,Python,2021-2023,0.4,3.2,0.36,0.41,0
16,4,0,0,10,1,1,1,2,3.0,0,Python,2021-2023,1.0,5.0,0.5,1.5,0
16,4,0,0,3,0,1,1,1,10.0,0,Python,2021-2023,1.0,3.0,0.5,5.0,0
16,4,0,0,449,18,13,1,3,2.0,0,Python,2021-2023,1.0,23.63,0.07,0.14,0
17,4,0,0,3,0,1,0,0,0.0,0,Python,2021-2023,1.0,3.0,0.0,0.0,0
17,4,0,0,5,6,1,0,2,5.5,0,Python,2021-2023,1.0,0.71,0.0,2.75,5
18,4,0,0,0,2,1,0,0,0.0,0,Python,2021-2023,1.0,0.0,0.0,0.0,0
18,4,0,0,1,1,1,0,0,0.0,0,Python,2021-2023,1.0,0.5,0.0,0.0,0
20,4,0,0,93,8,3,1,7,4.57,0,Python,2021-2023,1.0,10.33,0.25,1.14,1
22,4,0,1,30,8,4,1,3,17.0,0,Python,2021-2023,1.0,3.33,0.2,3.4,0
23,4,0,1,14,1,2,1,2,3.5,0,Python,2021-2023,1.0,7.0,0.33,1.17,3
1,5,1,1,35,7,2,1,4,2.25,0,Python,2021-2023,1.0,4.38,0.33,0.75,3
1,5,1,1,36,6,2,1,4,4.5,0,Python,2021-2023,1.0,5.14,0.33,1.5,3
8,5,1,0,6,2,3,1,4,9.25,0,Python,2021-2023,1.0,2.0,0.25,2.31,0
9,5,1,0,98,39,1,0,0,0.0,1,Python,2021-2023,0.4,2.45,0.0,0.0,2
13,5,1,0,20,10,1,0,3,1.33,0,Python,2021-2023,1.0,1.82,0.0,0.66,3
15,5,1,0,1,1,1,1,1,1.0,1,Python,2021-2023,0.4,0.5,0.5,0.5,4
18,5,1,0,3,3,1,0,1,1.0,0,Python,2021-2023,1.0,0.75,0.0,0.5,0
20,5,1,0,36,36,1,0,8,2.62,0,Python,2021-2023,1.0,0.97,0.0,1.31,3
21,5,1,0,1,1,1,0,0,0.0,0,Python,2021-2023,1.0,0.5,0.0,0.0,0
21,5,1,0,3,0,1,1,1,2.0,0,Python,2021-2023,1.0,3.0,0.5,1.0,0
0,6,1,1,3,3,2,1,2,2.0,0,Python,2021-2023,1.0,0.75,0.33,0.67,3
0,6,1,1,16,14,1,0,1,1.0,0,Python,2021-2023,1.0,1.07,0.0,0.5,3
5,6,1,1,5,4,1,0,1,2.0,0,Python,2021-2023,1.0,1.0,0.0,1.0,0
11,6,1,0,30,9,1,1,2,1.0,0,Python,2021-2023,1.0,3.0,0.5,0.5,5
20,6,1,0,21,6,1,0,0,0.0,0,Python,2021-2023,1.0,3.0,0.0,0.0,0
20,6,1,0,4,3,1,0,0,0.0,0,Python,2021-2023,1.0,1.0,0.0,0.0,0
9,0,0,0,3,1,1,0,0,0.0,0,Python,2021-2023,1.0,1.5,0.0,0.0,5
10,0,0,0,74,2,4,0,0,0.0,0,Python,2021-2023,1.0,24.67,0.0,0.0,3
12,0,0,0,8,1,1,0,0,0.0,0,Python,2021-2023,1.0,4.0,0.0,0.0,0
12,0,0,0,22,3,1,1,2,4.5,0,Python,2021-2023,1.0,5.5,0.5,2.25,0
9,1,0,0,2,2,1,1,0,0.0,0,Python,2021-2023,1.0,0.67,0.5,0.0,3
10,1,0,0,2,2,1,1,0,0.0,0,Python,2021-2023,1.0,0.67,0.5,0.0,1
11,1,0,0,0,6,1,0,0,0.0,0,Python,2021-2023,1.0,0.0,0.0,0.0,0
13,1,0,0,11,8,2,1,4,6.25,0,Python,2021-2023,1.0,1.22,0.33,2.08,1
20,1,0,0,14,14,5,0,5,10.0,0,Python,2021-2023,1.0,0.93,0.0,1.67,2
21,1,0,0,4,24,4,0,4,17.0,0,Python,2021-2023,1.0,0.16,0.0,3.4,0
6,2,0,0,4,1,1,0,0,0.0,0,Python,2021-2023,1.0,2.0,0.0,0.0,0
14,2,0,0,16,0,1,0,0,0.0,0,Python,2021-2023,1.0,16.0,0.0,0.0,5
14,2,0,0,15,0,2,1,2,2.0,0,Python,2021-2023,1.0,15.0,0.33,0.67,5
20,2,0,0,1,2,1,0,0,0.0,0,Python,2021-2023,1.0,0.33,0.0,0.0,0
20,2,0,0,1,1,1,0,0,0.0,0,Python,2021-2023,1.0,0.5,0.0,0.0,0
7,3,0,0,8,0,1,1,1,1.0,0,Python,2021-2023,1.0,8.0,0.5,0.5,3
11,3,0,0,136,78,1,0,0,0.0,0,Python,2021-2023,1.0,1.72,0.0,0.0,0
12,3,0,0,44,35,3,0,0,0.0,0,Python,2021-2023,1.0,1.22,0.0,0.0,0
13,3,0,0,14,0,2,1,3,16.0,0,Python,2021-2023,1.0,14.0,0.33,5.33,1
15,3,0,0,65,0,1,0,2,6.0,0,Python,2021-2023,1.0,65.0,0.0,3.0,3
15,3,0,0,52,1,7,1,0,0.0,0,Python,2021-2023,1.0,26.0,0.12,0.0,3
15,3,0,0,0,1,1,0,0,0.0,0,Python,2021-2023,1.0,0.0,0.0,0.0,3
15,3,0,0,1,16,3,0,0,0.0,0,Python,2021-2023,1.0,0.06,0.0,0.0,3
15,3,0,0,11,8,1,0,0,0.0,0,Python,2021-2023,1.0,1.22,0.0,0.0,3
15,3,0,0,4,4,1,0,0,0.0,0,Python,2021-2023,1.0,0.8,0.0,0.0,0
21,3,0,0,69,48,1,0,3,4.0,0,Python,2021-2023,1.0,1.41,0.0,2.0,3
3,4,0,1,10,5,4,0,0,0.0,0,Python,2021-2023,1.0,1.67,0.0,0.0,0
8,4,0,0,13,5,1,0,1,1.0,0,Python,2021-2023,1.0,2.17,0.0,0.5,0
9,4,0,0,24,1,1,0,0,0.0,0,Python,2021-2023,1.0,12.0,0.0,0.0,0
9,4,0,0,31,47,3,0,0,0.0,0,Python,2021-2023,1.0,0.65,0.0,0.0,0
9,4,0,0,3,3,1,0,1,1.0,1,Python,2021-2023,0.4,0.75,0.0,0.5,0
13,4,0,0,3,2,1,0,1,1.0,0,Python,2021-2023,1.0,1.0,0.0,0.5,0
17,4,0,0,1,1,1,0,0,0.0,0,Python,2021-2023,1.0,0.5,0.0,0.0,0
20,4,0,0,1,1,1,0,0,0.0,1,Python,2021-2023,0.4,0.5,0.0,0.0,5
8,5,1,0,8,1,2,1,2,1.0,0,Python,2021-2023,1.0,4.0,0.33,0.33,0
13,5,1,0,6,6,3,1,3,4.67,0,Python,2021-2023,1.0,0.86,0.25,1.17,3
14,5,1,0,21,8,1,0,2,4.0,0,Python,2021-2023,1.0,2.33,0.0,2.0,0
14,5,1,0,1,1,1,0,0,0.0,0,Python,2021-2023,1.0,0.5,0.0,0.0,3
18,5,1,0,44,115,12,3,22,10.5,0,Python,2021-2023,1.0,0.38,0.23,0.81,0
10,5,1,0,1,1,1,0,0,0.0,0,Python,2024-2026,1.0,0.5,0.0,0.0,0
20,5,1,0,42,14,8,2,12,10.83,0,Python,2024-2026,1.0,2.8,0.22,1.2,5
8,3,0,0,5,0,2,0,0,0.0,0,Python,2024-2026,1.0,5.0,0.0,0.0,5
8,3,0,0,1,1,1,0,0,0.0,0,Python,2024-2026,1.0,0.5,0.0,0.0,5
11,6,1,0,1,1,1,0,0,0.0,0,Python,2024-2026,1.0,0.5,0.0,0.0,0
14,5,1,0,1,1,1,0,0,0.0,0,Python,2024-2026,1.0,0.5,0.0,0.0,0
7,3,0,0,0,3,1,1,1,4.0,0,Python,2024-2026,1.0,0.0,0.5,2.0,5
7,3,0,0,2,2,1,0,2,1.0,0,Python,2024-2026,1.0,0.67,0.0,0.5,0
10,3,0,0,22,5,2,0,0,0.0,0,Python,2024-2026,1.0,3.67,0.0,0.0,1
11,6,1,0,1,1,1,0,0,0.0,0,Python,2024-2026,1.0,0.5,0.0,0.0,0
7,3,0,0,1,0,1,0,0,0.0,0,Python,2024-2026,1.0,1.0,0.0,0.0,5
7,0,0,0,1,1,1,0,0,0.0,0,Python,2024-2026,1.0,0.5,0.0,0.0,5
7,0,0,0,13,12,1,1,3,6.33,0,Python,2024-2026,1.0,1.0,0.5,3.16,5
10,6,1,0,23,10,4,2,5,6.0,0,Python,2024-2026,1.0,2.09,0.4,1.2,5
10,6,1,0,1,1,1,0,0,0.0,0,Python,2024-2026,1.0,0.5,0.0,0.0,0
10,6,1,0,26,8,2,1,4,2.5,0,Python,2024-2026,1.0,2.89,0.33,0.83,0
11,6,1,0,2,2,1,1,3,1.0,0,Python,2024-2026,1.0,0.67,0.5,0.5,5
9,3,0,0,1,1,1,0,0,0.0,0,Python,2024-2026,1.0,0.5,0.0,0.0,0
9,2,0,0,10,15,4,0,0,0.0,0,Python,2024-2026,1.0,0.62,0.0,0.0,5
10,2,0,0,37,69,7,3,12,6.0,0,Python,2024-2026,1.0,0.53,0.38,0.75,5
8,3,0,0,1,1,1,0,0,0.0,0,Python,2024-2026,1.0,0.5,0.0,0.0,5
9,5,1,0,8,9,3,1,1,3.0,0,Python,2024-2026,1.0,0.8,0.25,0.75,0
13,5,1,0,3,3,2,0,0,0.0,0,Python,2024-2026,1.0,0.75,0.0,0.0,0
13,5,1,0,1,1,1,0,0,0.0,0,Python,2024-2026,1.0,0.5,0.0,0.0,0
13,5,1,0,4,4,2,1,2,1.0,0,Python,2024-2026,1.0,0.8,0.33,0.33,0
14,5,1,0,13,0,1,0,0,0.0,0,Python,2024-2026,1.0,13.0,0.0,0.0,0
15,6,1,0,19,1,3,2,3,18.33,0,Python,2024-2026,1.0,9.5,0.5,4.58,0
20,6,1,0,103,104,16,0,0,0.0,1,Python,2024-2026,0.4,0.98,0.0,0.0,0
23,6,1,1,11,1,2,1,2,1.0,0,Python,2024-2026,1.0,5.5,0.33,0.33,0
7,0,0,0,115,108,8,0,0,0.0,0,Python,2024-2026,1.0,1.06,0.0,0.0,0
9,0,0,0,125,30,4,1,3,17.0,0,Python,2024-2026,1.0,4.03,0.2,3.4,0
9,0,0,0,63,26,3,0,2,28.0,0,Python,2024-2026,1.0,2.33,0.0,7.0,0
9,0,0,0,72,0,1,1,2,7.0,0,Python,2024-2026,1.0,72.0,0.5,3.5,0
9,0,0,0,4,5,1,0,0,0.0,0,Python,2024-2026,1.0,0.67,0.0,0.0,0
9,0,0,0,84,35,3,1,2,22.5,0,Python,2024-2026,1.0,2.33,0.25,5.62,0
10,0,0,0,11,3,3,1,1,1.0,0,Python,2024-2026,1.0,2.75,0.25,0.25,0
11,0,0,0,1,1,1,0,0,0.0,0,Python,2024-2026,1.0,0.5,0.0,0.0,0
13,0,0,0,132,51,5,3,14,3.14,0,Python,2024-2026,1.0,2.54,0.5,0.52,3
18,0,0,0,18,18,6,0,14,1.5,0,Python,2024-2026,1.0,0.95,0.0,0.21,1
18,0,0,0,3,3,2,1,0,0.0,0,Python,2024-2026,1.0,0.75,0.33,0.0,0
18,0,0,0,1,1,1,0,0,0.0,0,Python,2024-2026,1.0,0.5,0.0,0.0,0
19,0,0,0,1,1,1,1,1,3.0,0,Python,2024-2026,1.0,0.5,0.5,1.5,0
21,0,0,0,20,248,8,2,9,4.56,0,Python,2024-2026,1.0,0.08,0.22,0.51,0
21,0,0,0,187,52,4,1,3,17.33,0,Python,2024-2026,1.0,3.53,0.2,3.47,0
21,0,0,0,3,3,1,0,0,0.0,0,Python,2024-2026,1.0,0.75,0.0,0.0,0
21,0,0,0,23,6,3,1,2,13.5,0,Python,2024-2026,1.0,3.29,0.25,3.38,0
21,0,0,0,90,40,5,1,3,19.0,0,Python,2024-2026,1.0,2.2,0.17,3.17,0
9,1,0,0,34,13,5,1,2,2.0,0,Python,2024-2026,1.0,2.43,0.17,0.33,0
14,1,0,0,313,23,10,0,0,0.0,0,Python,2024-2026,1.0,13.04,0.0,0.0,0
14,1,0,0,160,46,7,0,3,1.0,0,Python,2024-2026,1.0,3.4,0.0,0.12,0
16,1,0,0,3,3,1,0,1,1.0,0,Python,2024-2026,1.0,0.75,0.0,0.5,0
17,1,0,0,58,8,5,3,6,8.83,0,Python,2024-2026,1.0,6.44,0.5,1.47,0
18,1,0,0,1770,209,46,0,36,44.22,1,Python,2024-2026,0.4,8.43,0.0,0.94,0
22,1,0,1,14,8,1,1,1,9.0,0,Python,2024-2026,1.0,1.56,0.5,4.5,0
9,2,0,0,175,57,3,1,11,4.64,1,Python,2024-2026,0.4,3.02,0.25,1.16,3
10,2,0,0,104,82,18,0,0,0.0,0,Python,2024-2026,1.0,1.25,0.0,0.0,0
10,2,0,0,1,1,1,0,0,0.0,0,Python,2024-2026,1.0,0.5,0.0,0.0,1
11,2,0,0,2,1,1,1,1,5.0,0,Python,2024-2026,1.0,1.0,0.5,2.5,0
13,2,0,0,12,4,2,0,1,50.0,0,Python,2024-2026,1.0,2.4,0.0,16.67,0
14,2,0,0,244,174,3,1,44,4.5,0,Python,2024-2026,1.0,1.39,0.25,1.12,3
17,2,0,0,4,4,2,0,0,0.0,0,Python,2024-2026,1.0,0.8,0.0,0.0,0
22,2,0,1,62,322,9,3,10,3.1,0,Python,2024-2026,1.0,0.19,0.3,0.31,0
22,2,0,1,5,1,1,1,1,1.0,0,Python,2024-2026,1.0,2.5,0.5,0.5,0
22,2,0,1,1,1,1,0,0,0.0,0,Python,2024-2026,1.0,0.5,0.0,0.0,1
9,3,0,0,8,3,1,0,1,10.0,0,Python,2024-2026,1.0,2.0,0.0,5.0,0
10,3,0,0,38,65,3,0,2,3.0,0,Python,2024-2026,1.0,0.58,0.0,0.75,0
10,3,0,0,10,66,6,0,0,0.0,0,Python,2024-2026,1.0,0.15,0.0,0.0,0
10,3,0,0,10,24,7,0,0,0.0,0,Python,2024-2026,1.0,0.4,0.0,0.0,1
10,3,0,0,2,2,1,0,0,0.0,0,Python,2024-2026,1.0,0.67,0.0,0.0,1
11,3,0,0,33,1,1,1,2,6.0,0,Python,2024-2026,1.0,16.5,0.5,3.0,0
12,3,0,0,4,4,4,0,0,0.0,0,Python,2024-2026,1.0,0.8,0.0,0.0,0
13,3,0,0,67,5,3,1,5,1.6,0,Python,2024-2026,1.0,11.17,0.25,0.4,0
13,3,0,0,416,4,9,1,18,12.94,0,Python,2024-2026,1.0,83.2,0.1,1.29,0
13,3,0,0,1,1,1,0,0,0.0,0,Python,2024-2026,1.0,0.5,0.0,0.0,0
18,3,0,0,75,75,54,24,63,6.27,0,Python,2024-2026,1.0,0.99,0.44,0.11,0
18,3,0,0,5,5,5,0,0,0.0,0,Python,2024-2026,1.0,0.83,0.0,0.0,0
22,3,0,1,14,646,5,0,5,1.6,0,Python,2024-2026,1.0,0.02,0.0,0.27,0
22,3,0,1,3,72,5,0,7,3.71,1,Python,2024-2026,0.4,0.04,0.0,0.62,1
10,4,0,0,11,8,1,0,3,26.0,0,Python,2024-2026,1.0,1.22,0.0,13.0,0
11,4,0,0,10,0,2,1,2,8.5,0,Python,2024-2026,1.0,10.0,0.33,2.83,0
12,4,0,0,1,1,1,0,0,0.0,0,Python,2024-2026,1.0,0.5,0.0,0.0,1
12,4,0,0,1,1,1,0,1,28.0,0,Python,2024-2026,1.0,0.5,0.0,14.0,0
12,4,0,0,271,24,12,1,11,6.09,0,Python,2024-2026,1.0,10.84,0.08,0.47,0
12,4,0,0,346,82,10,1,10,49.0,0,Python,2024-2026,1.0,4.17,0.09,4.45,0
16,4,0,0,155,10,4,0,0,0.0,0,Python,2024-2026,1.0,14.09,0.0,0.0,1
23,4,0,1,9,22,3,0,0,0.0,1,Python,2024-2026,0.4,0.39,0.0,0.0,0
0,5,1,1,13,14,7,0,5,10.6,0,Python,2024-2026,1.0,0.87,0.0,1.32,1
0,5,1,1,0,1,1,0,0,0.0,0,Python,2024-2026,1.0,0.0,0.0,0.0,1
11,5,1,0,10,9,1,0,0,0.0,0,Python,2024-2026,1.0,1.0,0.0,0.0,0
11,5,1,0,133,133,1,0,0,0.0,0,Python,2024-2026,1.0,0.99,0.0,0.0,1
11,5,1,0,23,7,1,0,0,0.0,0,Python,2024-2026,1.0,2.88,0.0,0.0,0
13,5,1,0,4,4,4,0,0,0.0,0,Python,2024-2026,1.0,0.8,0.0,0.0,1
16,5,1,0,17,2,2,1,1,1.0,1,Python,2024-2026,0.4,5.67,0.33,0.33,1
19,5,1,0,30,28,9,5,2,10.5,1,Python,2024-2026,0.4,1.03,0.5,1.05,2
9,6,1,0,71,0,3,0,0,0.0,0,Python,2024-2026,1.0,71.0,0.0,0.0,0
11,6,1,0,754,191,26,2,34,4.68,0,Python,2024-2026,1.0,3.93,0.07,0.17,0
11,6,1,0,64,5,5,0,5,12.2,0,Python,2024-2026,1.0,10.67,0.0,2.03,0
11,6,1,0,24,21,2,1,4,7.75,1,Python,2024-2026,0.4,1.09,0.33,2.58,0
12,6,1,0,453,203,23,19,50,4.14,0,Python,2024-2026,1.0,2.22,0.79,0.17,0
13,6,1,0,5,5,1,0,0,0.0,0,Python,2024-2026,1.0,0.83,0.0,0.0,0
18,6,1,0,55,20,4,0,0,0.0,0,Python,2024-2026,1.0,2.62,0.0,0.0,0
20,6,1,0,57,75,5,1,3,21.0,0,Python,2024-2026,1.0,0.75,0.17,3.5,0
20,6,1,0,248,0,1,1,2,4.0,0,Python,2024-2026,1.0,248.0,0.5,2.0,2
20,6,1,0,97,0,3,1,2,4.0,0,Python,2024-2026,1.0,97.0,0.25,1.0,2
20,6,1,0,1772,0,3,1,3,4.33,0,Python,2024-2026,1.0,1772.0,0.25,1.08,2
22,6,1,1,56,30,2,0,4,4.25,0,Python,2024-2026,1.0,1.81,0.0,1.42,2
0,0,0,1,1,1,1,0,1,6.0,0,Python,2024-2026,1.0,0.5,0.0,3.0,0
12,0,0,0,1,1,1,0,1,6.0,0,Python,2024-2026,1.0,0.5,0.0,3.0,0
12,0,0,0,30,0,1,0,0,0.0,0,Python,2024-2026,1.0,30.0,0.0,0.0,0
12,0,0,0,0,1,1,0,0,0.0,0,Python,2024-2026,1.0,0.0,0.0,0.0,1
14,0,0,0,83,12,3,1,5,2.8,0,Python,2024-2026,1.0,6.38,0.25,0.7,0
14,0,0,0,33,7,3,2,3,1.0,0,Python,2024-2026,1.0,4.12,0.5,0.25,0
14,0,0,0,340,340,1,0,60,1.27,0,Python,2024-2026,1.0,1.0,0.0,0.64,0
14,0,0,0,37,18,5,1,6,16.83,0,Python,2024-2026,1.0,1.95,0.17,2.8,0
15,0,0,0,14,2,1,0,2,13.5,0,Python,2024-2026,1.0,4.67,0.0,6.75,0
19,0,0,0,1,1,1,1,0,0.0,0,Python,2024-2026,1.0,0.5,0.5,0.0,0
20,0,0,0,30,2,2,1,3,7.0,0,Python,2024-2026,1.0,10.0,0.33,2.33,0
21,0,0,0,0,0,1,1,0,0.0,0,Python,2024-2026,1.0,0.0,0.5,0.0,0
22,0,0,1,85,0,4,0,2,9.0,0,Python,2024-2026,1.0,85.0,0.0,1.8,0
22,0,0,1,1,0,1,1,1,3.0,0,Python,2024-2026,1.0,1.0,0.5,1.5,2
22,0,0,1,1,1,1,1,1,3.0,0,Python,2024-2026,1.0,0.5,0.5,1.5,2
1,1,0,1,4,0,1,1,2,4.0,1,Python,2024-2026,0.4,4.0,0.5,2.0,0
11,1,0,0,9,7,1,0,0,0.0,0,Python,2024-2026,1.0,1.12,0.0,0.0,0
11,1,0,0,34,3,3,1,3,7.67,0,Python,2024-2026,1.0,8.5,0.25,1.92,0
11,1,0,0,86,18,2,1,5,4.0,0,Python,2024-2026,1.0,4.53,0.33,1.33,0
13,1,0,0,122,34,8,0,12,2.0,0,Python,2024-2026,1.0,3.49,0.0,0.22,0
15,1,0,0,7,0,2,1,2,5.0,0,Python,2024-2026,1.0,7.0,0.33,1.67,0
15,1,0,0,22,22,4,3,8,3.5,0,Python,2024-2026,1.0,0.96,0.6,0.7,0
15,1,0,0,240,20,7,0,0,0.0,0,Python,2024-2026,1.0,11.43,0.0,0.0,0
18,1,0,0,238,86,15,1,43,11.23,0,Python,2024-2026,1.0,2.74,0.06,0.7,0
19,1,0,0,105,7,2,1,4,3.25,0,Python,2024-2026,1.0,13.12,0.33,1.08,0
21,1,0,0,4,0,1,0,0,0.0,0,Python,2024-2026,1.0,4.0,0.0,0.0,2
22,1,0,1,2,2,1,0,0,0.0,0,Python,2024-2026,1.0,0.67,0.0,0.0,2
0,2,0,1,121,59,2,1,2,9.5,0,Python,2024-2026,1.0,2.02,0.33,3.17,0
15,2,0,0,4,1,1,0,0,0.0,0,Python,2024-2026,1.0,2.0,0.0,0.0,0
15,2,0,0,72,2,2,1,2,5.0,0,Python,2024-2026,1.0,24.0,0.33,1.67,0
15,2,0,0,29,34,4,0,3,2.67,0,Python,2024-2026,1.0,0.83,0.0,0.53,0
17,2,0,0,67,0,1,0,0,0.0,0,Python,2024-2026,1.0,67.0,0.0,0.0,0
19,2,0,0,44,65,5,1,6,8.0,0,Python,2024-2026,1.0,0.67,0.17,1.33,0
19,2,0,0,14,1,2,0,3,11.0,0,Python,2024-2026,1.0,7.0,0.0,3.67,0
19,2,0,0,2,1,1,0,1,13.0,0,Python,2024-2026,1.0,1.0,0.0,6.5,0
19,2,0,0,153,121,35,1,32,13.94,0,Python,2024-2026,1.0,1.25,0.03,0.39,0
21,2,0,0,1815,1191,16,1,43,8.19,0,Python,2024-2026,1.0,1.52,0.06,0.48,0
21,2,0,0,42,2,2,1,2,13.0,0,Python,2024-2026,1.0,14.0,0.33,4.33,0
22,2,0,1,1,1,1,0,0,0.0,0,Python,2024-2026,1.0,0.5,0.0,0.0,0
1,3,0,1,65,19,3,2,1,1.0,0,Python,2024-2026,1.0,3.25,0.5,0.25,0
2,3,0,1,10,9,1,1,0,0.0,0,Python,2024-2026,1.0,1.0,0.5,0.0,0
9,3,0,0,148,22,4,2,6,36.0,0,Python,2024-2026,1.0,6.43,0.4,7.2,0
10,3,0,0,209,102,3,0,0,0.0,0,Python,2024-2026,1.0,2.03,0.0,0.0,0
11,3,0,0,9,10,1,1,0,0.0,0,Python,2024-2026,1.0,0.82,0.5,0.0,0
11,3,0,0,14,48,2,1,1,1.0,0,Python,2024-2026,1.0,0.29,0.33,0.33,0
13,3,0,0,75,4,3,0,0,0.0,0,Python,2024-2026,1.0,15.0,0.0,0.0,3
13,3,0,0,5,0,1,0,0,0.0,0,Python,2024-2026,1.0,5.0,0.0,0.0,0
13,3,0,0,361,5,16,5,10,1.0,0,Python,2024-2026,1.0,60.17,0.29,0.06,0
13,3,0,0,119,1,4,1,3,1.0,0,Python,2024-2026,1.0,59.5,0.2,0.2,0
13,3,0,0,54,30,8,2,7,1.0,0,Python,2024-2026,1.0,1.74,0.22,0.11,0
13,3,0,0,26,32,2,0,4,2.5,0,Python,2024-2026,1.0,0.79,0.0,0.83,0
14,3,0,0,21,6,4,0,5,10.0,0,Python,2024-2026,1.0,3.0,0.0,2.0,0
14,3,0,0,24,18,6,0,6,1.0,0,Python,2024-2026,1.0,1.26,0.0,0.14,0
14,3,0,0,1,0,1,0,0,0.0,0,Python,2024-2026,1.0,1.0,0.0,0.0,2
15,3,0,0,63,32,6,1,2,1.0,0,Python,2024-2026,1.0,1.91,0.14,0.14,0
16,3,0,0,40,0,3,2,2,9.5,0,Python,2024-2026,1.0,40.0,0.5,2.38,0
17,3,0,0,2,9,2,0,0,0.0,0,Python,2024-2026,1.0,0.2,0.0,0.0,0
22,3,0,1,0,142,3,1,9,5.33,0,Python,2024-2026,1.0,0.0,0.25,1.33,0
23,3,0,1,16,11,3,0,0,0.0,0,Python,2024-2026,1.0,1.33,0.0,0.0,0
0,4,0,1,77,12,3,0,0,0.0,0,Python,2024-2026,1.0,5.92,0.0,0.0,0
0,4,0,1,4,14,1,1,0,0.0,0,Python,2024-2026,1.0,0.27,0.5,0.0,0
9,4,0,0,566,0,2,0,0,0.0,0,Python,2024-2026,1.0,566.0,0.0,0.0,0
9,4,0,0,64,104,1,0,10,18.6,0,Python,2024-2026,1.0,0.61,0.0,9.3,1
10,4,0,0,9,7,3,0,0,0.0,0,Python,2024-2026,1.0,1.12,0.0,0.0,0
12,4,0,0,127,62,5,1,6,4.83,0,Python,2024-2026,1.0,2.02,0.17,0.8,0
17,4,0,0,163,57,7,2,18,5.17,0,Python,2024-2026,1.0,2.81,0.25,0.65,0
17,4,0,0,15,28,1,0,1,23.0,0,Python,2024-2026,1.0,0.52,0.0,11.5,0
17,4,0,0,51,38,2,1,1,149.0,0,Python,2024-2026,1.0,1.31,0.33,49.67,0
17,4,0,0,4,4,2,0,0,0.0,0,Python,2024-2026,1.0,0.8,0.0,0.0,0
17,4,0,0,1,1,1,0,0,0.0,0,Python,2024-2026,1.0,0.5,0.0,0.0,0
21,4,0,0,95,3,2,0,0,0.0,0,Python,2024-2026,1.0,23.75,0.0,0.0,0
21,4,0,0,8,1,1,0,0,0.0,0,Python,2024-2026,1.0,4.0,0.0,0.0,3
22,4,0,1,36,1,1,0,0,0.0,0,Python,2024-2026,1.0,18.0,0.0,0.0,0
22,4,0,1,61,13,2,0,0,0.0,0,Python,2024-2026,1.0,4.36,0.0,0.0,0
23,4,0,1,34,14,2,0,0,0.0,0,Python,2024-2026,1.0,2.27,0.0,0.0,0
23,4,0,1,196,19,2,0,0,0.0,0,Python,2024-2026,1.0,9.8,0.0,0.0,0
23,4,0,1,7,7,1,0,0,0.0,0,Python,2024-2026,1.0,0.88,0.0,0.0,0
5,5,1,1,66,70,19,6,34,7.47,0,Python,2024-2026,1.0,0.93,0.3,0.37,0
9,5,1,0,57,14,4,0,0,0.0,0,Python,2024-2026,1.0,3.8,0.0,0.0,0
11,5,1,0,112,16,8,0,0,0.0,0,Python,2024-2026,1.0,6.59,0.0,0.0,1
12,5,1,0,91,12,2,0,0,0.0,0,Python,2024-2026,1.0,7.0,0.0,0.0,0
15,5,1,0,5,37,3,0,0,0.0,0,Python,2024-2026,1.0,0.13,0.0,0.0,0
16,5,1,0,2,2,1,0,0,0.0,0,Python,2024-2026,1.0,0.67,0.0,0.0,0
16,5,1,0,300,75,4,0,0,0.0,0,Python,2024-2026,1.0,3.95,0.0,0.0,1
16,5,1,0,86,44,5,0,0,0.0,0,Python,2024-2026,1.0,1.91,0.0,0.0,0
18,5,1,0,40,0,2,0,0,0.0,0,Python,2024-2026,1.0,40.0,0.0,0.0,0
18,5,1,0,8,0,1,0,0,0.0,0,Python,2024-2026,1.0,8.0,0.0,0.0,2
18,5,1,0,11,7,2,0,0,0.0,0,Python,2024-2026,1.0,1.38,0.0,0.0,0
19,5,1,0,15,12,1,0,0,0.0,0,Python,2024-2026,1.0,1.15,0.0,0.0,1
7,6,1,0,6,2,3,0,0,0.0,0,Python,2024-2026,1.0,2.0,0.0,0.0,0
7,6,1,0,7,26,2,0,0,0.0,0,Python,2024-2026,1.0,0.26,0.0,0.0,0
7,6,1,0,1,1,1,0,0,0.0,0,Python,2024-2026,1.0,0.5,0.0,0.0,0
7,6,1,0,1,1,1,0,0,0.0,0,Python,2024-2026,1.0,0.5,0.0,0.0,0
7,6,1,0,101,254,13,0,0,0.0,0,Python,2024-2026,1.0,0.4,0.0,0.0,1
7,6,1,0,778,106,4,0,0,0.0,0,Python,2024-2026,1.0,7.27,0.0,0.0,1
9,6,1,0,28,10,1,0,2,8.0,0,Python,2024-2026,1.0,2.55,0.0,4.0,0
10,6,1,0,29,4,2,1,4,4.25,0,Python,2024-2026,1.0,5.8,0.33,1.42,0
10,6,1,0,37,0,2,1,2,11.5,0,Python,2024-2026,1.0,37.0,0.33,3.83,0
11,6,1,0,10,1,2,1,2,7.5,0,Python,2024-2026,1.0,5.0,0.33,2.5,0
11,6,1,0,2,7,2,0,0,0.0,0,Python,2024-2026,1.0,0.25,0.0,0.0,0
14,6,1,0,60,54,3,1,4,6.5,0,Python,2024-2026,1.0,1.09,0.25,1.62,0
16,6,1,0,7,7,4,1,5,10.4,0,Python,2024-2026,1.0,0.88,0.2,2.08,0
17,6,1,0,3,3,1,0,2,1.0,0,Python,2024-2026,1.0,0.75,0.0,0.5,0
19,6,1,0,1213,259,5,0,0,0.0,0,Python,2024-2026,1.0,4.67,0.0,0.0,1
19,6,1,0,3,2,1,0,0,0.0,0,Python,2024-2026,1.0,1.0,0.0,0.0,1
21,6,1,0,37,8,5,0,0,0.0,1,Python,2024-2026,0.4,4.11,0.0,0.0,0
21,6,1,0,3,0,1,0,1,20.0,0,Python,2024-2026,1.0,3.0,0.0,10.0,2
3,0,0,1,10,10,3,0,1,24.0,0,Python,2024-2026,1.0,0.91,0.0,6.0,0
17,0,0,0,3,3,2,1,0,0.0,0,Python,2024-2026,1.0,0.75,0.33,0.0,0
17,0,0,0,1,1,1,0,0,0.0,0,Python,2024-2026,1.0,0.5,0.0,0.0,0
17,0,0,0,1,1,1,1,1,1.0,1,Python,2024-2026,0.4,0.5,0.5,0.5,1
19,0,0,0,18,12,5,0,7,8.0,0,Python,2024-2026,1.0,1.38,0.0,1.33,0
19,0,0,0,708,82,4,0,0,0.0,0,Python,2024-2026,1.0,8.53,0.0,0.0,1
20,0,0,0,381,31,4,0,0,0.0,0,Python,2024-2026,1.0,11.91,0.0,0.0,1
20,0,0,0,73,5,5,0,0,0.0,0,Python,2024-2026,1.0,12.17,0.0,0.0,1
20,0,0,0,222,80,6,0,0,0.0,0,Python,2024-2026,1.0,2.74,0.0,0.0,1
20,0,0,0,31,13,2,0,0,0.0,0,Python,2024-2026,1.0,2.21,0.0,0.0,1
20,0,0,0,22,0,1,0,0,0.0,0,Python,2024-2026,1.0,22.0,0.0,0.0,1
5,1,0,1,22,25,2,1,6,3.17,0,Python,2024-2026,1.0,0.85,0.33,1.06,1
9,1,0,0,151,65,4,0,0,0.0,0,Python,2024-2026,1.0,2.29,0.0,0.0,1
9,1,0,0,17,9,2,0,0,0.0,1,Python,2024-2026,0.4,1.7,0.0,0.0,1
10,1,0,0,1,45,2,1,1,2.0,0,Python,2024-2026,1.0,0.02,0.33,0.67,0
10,1,0,0,56,46,6,2,19,3.32,1,Python,2024-2026,0.4,1.19,0.29,0.47,1
10,1,0,0,81,24,12,4,12,8.25,1,Python,2024-2026,0.071,3.24,0.31,0.63,0
10,1,0,0,494,385,3,1,29,3.28,0,Python,2024-2026,1.0,1.28,0.25,0.82,3
11,1,0,0,17,23,3,1,4,2.25,0,Python,2024-2026,1.0,0.71,0.25,0.56,0
13,1,0,0,17,0,2,1,2,3.0,0,Python,2024-2026,1.0,17.0,0.33,1.0,0
14,1,0,0,52,18,3,1,6,12.67,0,Python,2024-2026,1.0,2.74,0.25,3.17,0
14,1,0,0,72,8,3,0,6,2.0,0,Python,2024-2026,1.0,8.0,0.0,0.5,0
14,1,0,0,84,40,3,1,8,3.25,0,Python,2024-2026,1.0,2.05,0.25,0.81,0
14,1,0,0,6,2,1,0,2,2.0,0,Python,2024-2026,1.0,2.0,0.0,1.0,2
14,1,0,0,301,1,8,1,14,16.43,0,Python,2024-2026,1.0,150.5,0.11,1.83,0
15,1,0,0,61,11,7,0,10,2.4,0,Python,2024-2026,1.0,5.08,0.0,0.3,0
15,1,0,0,49,25,10,0,0,0.0,0,Python,2024-2026,1.0,1.88,0.0,0.0,0
15,1,0,0,125,1,4,1,3,5.0,0,Python,2024-2026,1.0,62.5,0.2,1.0,0
15,1,0,0,23,38,3,2,2,16.0,0,Python,2024-2026,1.0,0.59,0.5,4.0,0
17,1,0,0,0,0,1,0,0,0.0,0,Python,2024-2026,1.0,0.0,0.0,0.0,0
17,1,0,0,1,1,1,0,0,0.0,0,Python,2024-2026,1.0,0.5,0.0,0.0,0
20,1,0,0,200,73,4,0,11,10.82,0,Python,2024-2026,1.0,2.7,0.0,2.16,0
22,1,0,1,32,13,2,1,2,2.0,1,Python,2024-2026,0.4,2.29,0.33,0.67,0
22,1,0,1,268,95,16,0,8,4.5,1,Python,2024-2026,0.4,2.79,0.0,0.26,2
22,1,0,1,390,230,9,1,20,15.95,0,Python,2024-2026,1.0,1.69,0.1,1.6,0
23,1,0,1,23,4,2,1,2,11.0,0,Python,2024-2026,1.0,4.6,0.33,3.67,0
4,2,0,1,7,1,1,0,1,19.0,0,Python,2024-2026,1.0,3.5,0.0,9.5,0
9,2,0,0,13,0,2,0,2,3.0,0,Python,2024-2026,1.0,13.0,0.0,1.0,0
9,2,0,0,21,15,3,1,5,6.2,0,Python,2024-2026,1.0,1.31,0.25,1.55,0
9,2,0,0,1,1,1,0,1,8.0,0,Python,2024-2026,1.0,0.5,0.0,4.0,0
10,2,0,0,1,1,1,0,1,4.0,0,Python,2024-2026,1.0,0.5,0.0,2.0,0
13,2,0,0,1,0,1,0,0,0.0,0,Python,2024-2026,1.0,1.0,0.0,0.0,0
14,2,0,0,96,40,14,1,23,5.74,0,Python,2024-2026,1.0,2.34,0.07,0.38,0
14,2,0,0,1,4,1,1,3,3.67,0,Python,2024-2026,1.0,0.2,0.5,1.84,0
14,2,0,0,20,3,2,1,2,4.5,0,Python,2024-2026,1.0,5.0,0.33,1.5,0
14,2,0,0,54,42,5,1,10,1.4,0,Python,2024-2026,1.0,1.26,0.17,0.23,0
14,2,0,0,5,5,1,1,1,2.0,0,Python,2024-2026,1.0,0.83,0.5,1.0,0
17,2,0,0,1,1,1,0,0,0.0,0,Python,2024-2026,1.0,0.5,0.0,0.0,0
17,2,0,0,1,1,1,0,0,0.0,0,Python,2024-2026,1.0,0.5,0.0,0.0,0
22,2,0,1,2,3,2,1,2,7.5,0,Python,2024-2026,1.0,0.5,0.33,2.5,0
10,3,0,0,2,2,1,0,0,0.0,0,Python,2024-2026,1.0,0.67,0.0,0.0,0
11,3,0,0,88,31,11,9,23,4.74,0,Python,2024-2026,1.0,2.75,0.75,0.4,0
11,3,0,0,466,36,8,1,26,16.42,0,Python,2024-2026,1.0,12.59,0.11,1.82,0
11,3,0,0,157,25,5,2,7,6.86,1,Python,2024-2026,0.4,6.04,0.33,1.14,0
11,3,0,0,1,0,1,0,0,0.0,0,Python,2024-2026,1.0,1.0,0.0,0.0,0
12,3,0,0,5,21,2,0,3,2.67,0,Python,2024-2026,1.0,0.23,0.0,0.89,0
13,3,0,0,79,84,6,0,15,2.27,0,Python,2024-2026,1.0,0.93,0.0,0.32,0
13,3,0,0,14,8,1,0,1,7.0,0,Python,2024-2026,1.0,1.56,0.0,3.5,0
13,3,0,0,123,93,24,13,40,3.58,0,Python,2024-2026,1.0,1.31,0.52,0.14,0
13,3,0,0,10,6,2,1,2,2.0,0,Python,2024-2026,1.0,1.43,0.33,0.67,0
14,3,0,0,11,2,2,1,2,1.5,0,Python,2024-2026,1.0,3.67,0.33,0.5,0
15,3,0,0,74,74,9,4,11,31.36,0,Python,2024-2026,1.0,0.99,0.4,3.14,0
15,3,0,0,72,99,5,0,8,15.75,1,Python,2024-2026,0.4,0.72,0.0,2.62,0
17,3,0,0,2,2,2,0,0,0.0,0,Python,2024-2026,1.0,0.67,0.0,0.0,0
17,3,0,0,1,1,1,0,0,0.0,0,Python,2024-2026,1.0,0.5,0.0,0.0,0
19,3,0,0,12,0,2,1,2,4.0,0,Python,2024-2026,1.0,12.0,0.33,1.33,0
21,3,0,0,17,2,2,1,3,10.67,0,Python,2024-2026,1.0,5.67,0.33,3.56,1
9,4,0,0,96,0,3,3,1,2.0,0,Python,2024-2026,1.0,96.0,0.75,0.5,1
12,4,0,0,349,0,2,0,0,0.0,0,Python,2024-2026,1.0,349.0,0.0,0.0,0
13,4,0,0,56,8,2,1,2,10.0,0,Python,2024-2026,1.0,6.22,0.33,3.33,0
16,4,0,0,14,9,1,0,2,2.0,0,Python,2024-2026,1.0,1.4,0.0,1.0,0
16,4,0,0,2,2,1,0,2,1.0,0,Python,2024-2026,1.0,0.67,0.0,0.5,0
16,4,0,0,2,0,1,1,1,5.0,0,Python,2024-2026,1.0,2.0,0.5,2.5,3
19,4,0,0,8,36,2,1,2,27.0,0,Python,2024-2026,1.0,0.22,0.33,9.0,0
20,4,0,0,2,2,2,0,0,0.0,0,Python,2024-2026,1.0,0.67,0.0,0.0,0
20,4,0,0,2,2,2,0,0,0.0,0,Python,2024-2026,1.0,0.67,0.0,0.0,0
10,5,1,0,79,110,1,0,0,0.0,0,Python,2024-2026,1.0,0.71,0.0,0.0,3
10,5,1,0,4,0,1,0,0,0.0,0,Python,2024-2026,1.0,4.0,0.0,0.0,2
10,5,1,0,51,65,9,0,17,12.06,0,Python,2024-2026,1.0,0.77,0.0,1.21,1
13,5,1,0,24,1,2,0,0,0.0,0,Python,2024-2026,1.0,12.0,0.0,0.0,0
14,5,1,0,141,20,2,0,0,0.0,0,Python,2024-2026,1.0,6.71,0.0,0.0,0
15,5,1,0,72,6,2,0,0,0.0,0,Python,2024-2026,1.0,10.29,0.0,0.0,0
16,5,1,0,12210,420,55,5,932,2.48,0,Python,2024-2026,1.0,29.0,0.09,0.04,0
9,6,1,0,47,7,3,0,0,0.0,0,Python,2024-2026,1.0,5.88,0.0,0.0,2
9,6,1,0,137,25,2,0,0,0.0,0,Python,2024-2026,1.0,5.27,0.0,0.0,2
9,6,1,0,19,14,1,0,0,0.0,0,Python,2024-2026,1.0,1.27,0.0,0.0,2
9,6,1,0,17,4,2,0,0,0.0,0,Python,2024-2026,1.0,3.4,0.0,0.0,2
10,6,1,0,12,0,2,1,2,35.5,0,Python,2024-2026,1.0,12.0,0.33,11.83,0
11,6,1,0,1063,12,11,1,23,2.83,0,Python,2024-2026,1.0,81.77,0.08,0.24,0
16,6,1,0,249,82,7,2,4,20.5,0,Python,2024-2026,1.0,3.0,0.25,2.56,0
21,6,1,0,8,6,2,1,3,3.33,0,Python,2024-2026,1.0,1.14,0.33,1.11,0
21,6,1,0,154,105,11,0,0,0.0,0,Python,2024-2026,1.0,1.45,0.0,0.0,1
21,6,1,0,2,2,1,0,0,0.0,0,Python,2024-2026,1.0,0.67,0.0,0.0,1
21,6,1,0,106,105,8,0,0,0.0,0,Python,2024-2026,1.0,1.0,0.0,0.0,1
23,6,1,1,8,8,3,1,7,9.86,0,Python,2024-2026,1.0,0.89,0.25,2.46,0
8,0,0,0,19,1,1,0,0,0.0,0,Python,2024-2026,1.0,9.5,0.0,0.0,1
8,0,0,0,4,9,2,0,0,0.0,0,Python,2024-2026,1.0,0.4,0.0,0.0,0
9,0,0,0,340,1,9,1,10,36.8,0,Python,2024-2026,1.0,170.0,0.1,3.68,0
11,0,0,0,38,1,2,1,3,59.67,0,Python,2024-2026,1.0,19.0,0.33,19.89,0
12,0,0,0,237,236,1,0,1,36.0,0,Python,2024-2026,1.0,1.0,0.0,18.0,0
13,0,0,0,4,3,2,0,1,9.0,1,Python,2024-2026,0.4,1.0,0.0,3.0,0
13,0,0,0,64,31,4,0,0,0.0,0,Python,2024-2026,1.0,2.0,0.0,0.0,0
13,0,0,0,271,113,2,0,9,8.0,0,Python,2024-2026,1.0,2.38,0.0,2.67,0
15,0,0,0,11,11,1,0,8,11.12,1,Python,2024-2026,0.4,0.92,0.0,5.56,0
16,0,0,0,410,438,16,3,9,3.22,0,Python,2024-2026,1.0,0.93,0.18,0.19,2
20,0,0,0,26,0,1,0,1,2.0,0,Python,2024-2026,1.0,26.0,0.0,1.0,0
20,0,0,0,104,3,2,1,4,2.75,0,Python,2024-2026,1.0,26.0,0.33,0.92,0
23,0,0,1,5,0,1,0,0,0.0,0,Python,2024-2026,1.0,5.0,0.0,0.0,2
5,1,0,1,37,1,2,1,4,2.0,0,Python,2024-2026,1.0,18.5,0.33,0.67,0
5,1,0,1,22,1,2,1,2,66.0,0,Python,2024-2026,1.0,11.0,0.33,22.0,0
5,1,0,1,1,1,1,0,1,1.0,0,Python,2024-2026,1.0,0.5,0.0,0.5,0
5,1,0,1,57,0,2,1,4,2.25,0,Python,2024-2026,1.0,57.0,0.33,0.75,0
8,1,0,0,60,63,6,0,7,2.14,1,Python,2024-2026,0.4,0.94,0.0,0.31,0
9,1,0,0,2,2,1,0,0,0.0,1,Python,2024-2026,0.4,0.67,0.0,0.0,0
11,1,0,0,112,1,4,0,2,87.5,0,Python,2024-2026,1.0,56.0,0.0,17.5,0
11,1,0,0,49,0,1,0,1,13.0,0,Python,2024-2026,1.0,49.0,0.0,6.5,0
11,1,0,0,8,5,1,0,1,47.0,0,Python,2024-2026,1.0,1.33,0.0,23.5,0
12,1,0,0,2424,585,33,1,220,2.77,0,Python,2024-2026,1.0,4.14,0.03,0.08,0
13,1,0,0,3264,484,7,0,2,11.5,0,Python,2024-2026,1.0,6.73,0.0,1.44,2
14,1,0,0,103,5,3,1,7,41.0,0,Python,2024-2026,1.0,17.17,0.25,10.25,0
14,1,0,0,1,1,1,0,0,0.0,1,Python,2024-2026,0.4,0.5,0.0,0.0,2
17,1,0,0,1125,53,3,0,0,0.0,0,Python,2024-2026,1.0,20.83,0.0,0.0,3
10,2,0,0,6,6,5,0,3,17.67,1,Python,2024-2026,0.4,0.86,0.0,2.94,0
13,2,0,0,12,6,2,1,3,3.67,0,Python,2024-2026,1.0,1.71,0.33,1.22,0
13,2,0,0,416,196,16,1,34,8.62,0,Python,2024-2026,1.0,2.11,0.06,0.51,0
13,2,0,0,115,346,36,1,53,4.25,0,Python,2024-2026,1.0,0.33,0.03,0.11,0
15,2,0,0,303,145,8,0,15,9.67,0,Python,2024-2026,1.0,2.08,0.0,1.07,0
15,2,0,0,13,13,8,0,0,0.0,0,Python,2024-2026,1.0,0.93,0.0,0.0,0
16,2,0,0,746,256,21,1,46,11.67,0,Python,2024-2026,1.0,2.9,0.05,0.53,0
22,2,0,1,1,1,1,1,1,1.0,0,Python,2024-2026,1.0,0.5,0.5,0.5,0
22,2,0,1,13,13,1,1,0,0.0,0,Python,2024-2026,1.0,0.93,0.5,0.0,0
6,3,0,0,107,20,14,0,24,14.75,1,Python,2024-2026,0.4,5.1,0.0,0.98,1
6,3,0,0,1,1,1,0,0,0.0,0,Python,2024-2026,1.0,0.5,0.0,0.0,0
10,3,0,0,2,2,2,0,0,0.0,0,Python,2024-2026,1.0,0.67,0.0,0.0,0
14,3,0,0,157,0,1,0,0,0.0,0,Python,2024-2026,1.0,157.0,0.0,0.0,0
17,3,0,0,591,168,12,0,46,2.35,0,Python,2024-2026,1.0,3.5,0.0,0.18,0
17,3,0,0,151,35,20,0,0,0.0,0,Python,2024-2026,1.0,4.19,0.0,0.0,3
17,3,0,0,4,4,2,0,0,0.0,0,Python,2024-2026,1.0,0.8,0.0,0.0,0
22,3,0,1,1,1,1,0,0,0.0,0,Python,2024-2026,1.0,0.5,0.0,0.0,0
22,3,0,1,8,8,1,1,0,0.0,1,Python,2024-2026,0.4,0.89,0.5,0.0,1
23,3,0,1,3,3,1,0,3,4.33,0,Python,2024-2026,1.0,0.75,0.0,2.16,2
7,4,0,0,931,135,7,1,31,5.81,0,Python,2024-2026,1.0,6.85,0.12,0.73,0
11,4,0,0,90,20,2,0,0,0.0,0,Python,2024-2026,1.0,4.29,0.0,0.0,0
13,4,0,0,259,10,5,2,7,8.14,1,Python,2024-2026,0.4,23.55,0.33,1.36,0
16,4,0,0,33,1,2,1,2,18.0,0,Python,2024-2026,1.0,16.5,0.33,6.0,0
16,4,0,0,105,0,3,0,0,0.0,0,Python,2024-2026,1.0,105.0,0.0,0.0,0
16,4,0,0,9,0,1,1,1,1.0,0,Python,2024-2026,1.0,9.0,0.5,0.5,0
17,4,0,0,30,3,2,1,2,12.0,1,Python,2024-2026,0.111,7.5,0.33,4.0,0
17,4,0,0,1,1,1,0,0,0.0,0,Python,2024-2026,1.0,0.5,0.0,0.0,0
17,4,0,0,1,1,1,0,0,0.0,0,Python,2024-2026,1.0,0.5,0.0,0.0,0
17,4,0,0,6,6,4,0,0,0.0,0,Python,2024-2026,1.0,0.86,0.0,0.0,0
17,4,0,0,1,1,1,0,0,0.0,0,Python,2024-2026,1.0,0.5,0.0,0.0,0
21,4,0,0,0,1,1,0,0,0.0,0,Python,2024-2026,1.0,0.0,0.0,0.0,2
8,5,1,0,15,2,4,2,1,2.0,0,Python,2024-2026,1.0,5.0,0.4,0.4,2
8,5,1,0,193,115,4,1,3,2.0,0,Python,2024-2026,1.0,1.66,0.2,0.4,0
20,5,1,0,1,0,1,1,1,1.0,0,Python,2024-2026,1.0,1.0,0.5,0.5,1
21,5,1,0,612,12,15,2,18,1.44,0,Python,2024-2026,1.0,47.08,0.12,0.09,1
22,5,1,1,64,29,2,1,0,0.0,1,Python,2024-2026,0.4,2.13,0.33,0.0,2
23,5,1,1,121,59,2,0,1,9.0,0,Python,2024-2026,1.0,2.02,0.0,3.0,2
7,6,1,0,19,4,2,0,0,0.0,0,Python,2024-2026,1.0,3.8,0.0,0.0,1
14,6,1,0,188,43,13,10,17,2.76,0,Python,2024-2026,1.0,4.27,0.71,0.2,0
21,6,1,0,178,149,53,13,39,7.26,1,Python,2024-2026,0.4,1.19,0.24,0.13,3
8,0,0,0,18,18,1,0,0,0.0,1,Python,2024-2026,0.4,0.95,0.0,0.0,0
8,0,0,0,18,4,1,0,0,0.0,0,Python,2024-2026,1.0,3.6,0.0,0.0,4
9,0,0,0,13,5,2,1,2,3.5,0,Python,2024-2026,1.0,2.17,0.33,1.17,2
9,0,0,0,129,52,16,11,20,5.85,1,Python,2024-2026,0.4,2.43,0.65,0.34,0
9,0,0,0,220,58,10,4,15,3.47,1,Python,2024-2026,0.286,3.73,0.36,0.32,2
9,0,0,0,166,26,26,1,34,30.94,0,Python,2024-2026,1.0,6.15,0.04,1.15,0
11,0,0,0,3,1,1,0,0,0.0,0,Python,2024-2026,1.0,1.5,0.0,0.0,3
13,0,0,0,35,1,4,0,0,0.0,0,Python,2024-2026,1.0,17.5,0.0,0.0,0
14,0,0,0,2,2,1,1,0,0.0,0,Python,2024-2026,1.0,0.67,0.5,0.0,3
14,0,0,0,1,1,1,0,0,0.0,1,Python,2024-2026,0.4,0.5,0.0,0.0,0
14,0,0,0,13,5,3,0,4,12.25,0,Python,2024-2026,1.0,2.17,0.0,3.06,0
14,0,0,0,4,4,2,2,3,6.33,1,Python,2024-2026,0.4,0.8,0.67,2.11,1
14,0,0,0,41,4,5,3,4,3.0,1,Python,2024-2026,0.4,8.2,0.5,0.5,0
14,0,0,0,1,1,1,0,1,4.0,1,Python,2024-2026,0.4,0.5,0.0,2.0,2
16,0,0,0,11,1,2,1,2,38.0,0,Python,2024-2026,1.0,5.5,0.33,12.67,0
17,0,0,0,2,2,1,0,1,22.0,0,Python,2024-2026,1.0,0.67,0.0,11.0,0
18,0,0,0,1,1,1,0,0,0.0,0,Python,2024-2026,1.0,0.5,0.0,0.0,0
18,0,0,0,0,14,1,0,0,0.0,0,Python,2024-2026,1.0,0.0,0.0,0.0,4
19,0,0,0,1,1,1,1,0,0.0,1,Python,2024-2026,0.4,0.5,0.5,0.0,0
20,0,0,0,100,1,10,0,0,0.0,0,Python,2024-2026,1.0,50.0,0.0,0.0,0
20,0,0,0,4,4,2,0,0,0.0,0,Python,2024-2026,1.0,0.8,0.0,0.0,0
7,1,0,0,3,3,1,1,0,0.0,1,Python,2024-2026,0.4,0.75,0.5,0.0,3
9,1,0,0,23,9,1,0,1,6.0,0,Python,2024-2026,1.0,2.3,0.0,3.0,0
10,1,0,0,14,5,2,1,2,6.5,0,Python,2024-2026,1.0,2.33,0.33,2.17,0
10,1,0,0,3,0,1,0,0,0.0,0,Python,2024-2026,1.0,3.0,0.0,0.0,0
10,1,0,0,7,20,1,0,4,1.0,0,Python,2024-2026,1.0,0.33,0.0,0.5,0
10,1,0,0,108,33,7,0,0,0.0,1,Python,2024-2026,0.4,3.18,0.0,0.0,0
10,1,0,0,151,27,10,0,33,11.0,0,Python,2024-2026,1.0,5.39,0.0,1.0,1
11,1,0,0,108,84,4,0,0,0.0,0,Python,2024-2026,1.0,1.27,0.0,0.0,0
14,1,0,0,31,5,1,0,5,15.8,0,Python,2024-2026,1.0,5.17,0.0,7.9,0
15,1,0,0,24,24,1,0,6,4.33,0,Python,2024-2026,1.0,0.96,0.0,2.16,0
15,1,0,0,1,1,1,0,0,0.0,1,Python,2024-2026,0.4,0.5,0.0,0.0,0
16,1,0,0,62,18,6,3,6,7.0,0,Python,2024-2026,1.0,3.26,0.43,1.0,3
22,1,0,1,91,20,3,2,5,2.6,0,Python,2024-2026,1.0,4.33,0.5,0.65,0
8,2,0,0,9,8,5,1,4,7.25,0,Python,2024-2026,1.0,1.0,0.17,1.21,3
8,2,0,0,7,2,1,0,0,0.0,0,Python,2024-2026,1.0,2.33,0.0,0.0,0
8,2,0,0,2,7,1,0,0,0.0,0,Python,2024-2026,1.0,0.25,0.0,0.0,1
9,2,0,0,37,1,2,1,2,1.5,0,Python,2024-2026,1.0,18.5,0.33,0.5,0
9,2,0,0,4,0,1,1,0,0.0,0,Python,2024-2026,1.0,4.0,0.5,0.0,0
9,2,0,0,4,4,2,0,0,0.0,0,Python,2024-2026,1.0,0.8,0.0,0.0,0
9,2,0,0,8,8,4,0,0,0.0,0,Python,2024-2026,1.0,0.89,0.0,0.0,0
9,2,0,0,1,0,1,0,0,0.0,0,Python,2024-2026,1.0,1.0,0.0,0.0,0
11,2,0,0,4,3,2,0,1,2.0,0,Python,2024-2026,1.0,1.0,0.0,0.67,0
11,2,0,0,2,2,1,0,2,1.0,0,Python,2024-2026,1.0,0.67,0.0,0.5,3
13,2,0,0,0,1,1,0,0,0.0,0,Python,2024-2026,1.0,0.0,0.0,0.0,0
13,2,0,0,6,3,2,0,0,0.0,0,Python,2024-2026,1.0,1.5,0.0,0.0,3
13,2,0,0,31,9,2,1,2,1.5,0,Python,2024-2026,1.0,3.1,0.33,0.5,1
14,2,0,0,13,13,8,0,0,0.0,0,Python,2024-2026,1.0,0.93,0.0,0.0,0
15,2,0,0,29,150,2,0,0,0.0,0,Python,2024-2026,1.0,0.19,0.0,0.0,0
18,2,0,0,36,14,1,0,0,0.0,0,Python,2024-2026,1.0,2.4,0.0,0.0,1
18,2,0,0,21,22,1,0,0,0.0,0,Python,2024-2026,1.0,0.91,0.0,0.0,4
18,2,0,0,9,141,9,0,0,0.0,0,Python,2024-2026,1.0,0.06,0.0,0.0,0
19,2,0,0,9,9,6,2,0,0.0,0,Python,2024-2026,1.0,0.9,0.29,0.0,0
7,3,0,0,8,9,1,0,2,2.5,0,Python,2024-2026,1.0,0.8,0.0,1.25,6
9,3,0,0,41,0,1,0,1,17.0,0,Python,2024-2026,1.0,41.0,0.0,8.5,0
10,3,0,0,2,2,1,0,2,1.0,0,Python,2024-2026,1.0,0.67,0.0,0.5,0
10,3,0,0,8,1,1,0,1,4.0,1,Python,2024-2026,0.4,4.0,0.0,2.0,3
14,3,0,0,3,3,2,1,0,0.0,0,Python,2024-2026,1.0,0.75,0.33,0.0,0
15,3,0,0,212,178,4,0,3,16.33,1,Python,2024-2026,0.036,1.18,0.0,3.27,0
16,3,0,0,19,0,2,1,4,3.75,1,Python,2024-2026,0.4,19.0,0.33,1.25,0
17,3,0,0,17,56,2,0,2,8.5,0,Python,2024-2026,1.0,0.3,0.0,2.83,1
8,4,0,0,19,13,2,1,1,1.0,0,Python,2024-2026,1.0,1.36,0.33,0.33,1
14,4,0,0,29,6,2,1,2,2.5,0,Python,2024-2026,1.0,4.14,0.33,0.83,0
17,4,0,0,1,1,1,0,0,0.0,0,Python,2024-2026,1.0,0.5,0.0,0.0,0
21,4,0,0,81,98,4,0,4,20.25,0,Python,2024-2026,1.0,0.82,0.0,4.05,1
21,4,0,0,11,2,1,0,0,0.0,0,Python,2024-2026,1.0,3.67,0.0,0.0,0
21,4,0,0,87,57,1,1,30,1.73,0,Python,2024-2026,1.0,1.5,0.5,0.86,0
21,4,0,0,4,1,1,0,1,3.0,0,Python,2024-2026,1.0,2.0,0.0,1.5,0
21,4,0,0,28,27,1,1,13,1.31,0,Python,2024-2026,1.0,1.0,0.5,0.66,0
21,4,0,0,19,16,1,1,6,2.33,0,Python,2024-2026,1.0,1.12,0.5,1.16,0
21,4,0,0,2,2,1,1,1,5.0,0,Python,2024-2026,1.0,0.67,0.5,2.5,0
21,4,0,0,159,110,1,1,30,1.87,0,Python,2024-2026,1.0,1.43,0.5,0.94,0
21,4,0,0,1,0,1,1,0,0.0,0,Python,2024-2026,1.0,1.0,0.5,0.0,0
21,4,0,0,19,1,1,0,0,0.0,0,Python,2024-2026,1.0,9.5,0.0,0.0,0
21,4,0,0,1,1,1,1,1,3.0,0,Python,2024-2026,1.0,0.5,0.5,1.5,0
21,4,0,0,969,596,1,0,33,3.67,0,Python,2024-2026,1.0,1.62,0.0,1.84,0
21,4,0,0,19,15,1,1,7,2.14,0,Python,2024-2026,1.0,1.19,0.5,1.07,0
21,4,0,0,34,27,1,1,10,1.8,0,Python,2024-2026,1.0,1.21,0.5,0.9,0
22,4,0,1,12,7,1,1,3,1.0,0,Python,2024-2026,1.0,1.5,0.5,0.5,0
22,4,0,1,1,2,1,0,0,0.0,0,Python,2024-2026,1.0,0.33,0.0,0.0,0
0,5,1,1,1,0,1,0,1,14.0,1,Python,2024-2026,0.4,1.0,0.0,7.0,1
10,5,1,0,21,5,1,0,0,0.0,0,Python,2024-2026,1.0,3.5,0.0,0.0,0
12,5,1,0,1,1,1,0,0,0.0,0,Python,2024-2026,1.0,0.5,0.0,0.0,0
13,5,1,0,11,3,1,0,1,3.0,0,Python,2024-2026,1.0,2.75,0.0,1.5,0
21,5,1,0,234,31,3,0,0,0.0,0,Python,2024-2026,1.0,7.31,0.0,0.0,2
11,0,0,0,2,1,1,0,1,3.0,0,Python,2024-2026,1.0,1.0,0.0,1.5,0
16,0,0,0,9,5,2,0,2,35.0,1,Python,2024-2026,0.4,1.5,0.0,11.67,1
19,0,0,0,2,0,1,0,0,0.0,0,Python,2024-2026,1.0,2.0,0.0,0.0,1
19,0,0,0,19,0,2,1,2,6.5,0,Python,2024-2026,1.0,19.0,0.33,2.17,2
21,0,0,0,1,1,1,0,0,0.0,0,Python,2024-2026,1.0,0.5,0.0,0.0,0
21,0,0,0,1,1,1,0,0,0.0,0,Python,2024-2026,1.0,0.5,0.0,0.0,0
11,1,0,0,90,95,4,0,2,1.0,0,Python,2024-2026,1.0,0.94,0.0,0.2,0
11,1,0,0,73,4,3,1,2,1.5,0,Python,2024-2026,1.0,14.6,0.25,0.38,0
11,1,0,0,28,24,4,0,11,32.0,0,Python,2024-2026,1.0,1.12,0.0,6.4,0
11,1,0,0,162,34,2,1,6,6.17,1,Python,2024-2026,0.4,4.63,0.33,2.06,4
12,1,0,0,19,18,13,9,17,4.59,0,Python,2024-2026,1.0,1.0,0.64,0.33,0
12,1,0,0,10,0,1,0,1,3.0,0,Python,2024-2026,1.0,10.0,0.0,1.5,0
13,1,0,0,8,1,2,1,2,3.0,0,Python,2024-2026,1.0,4.0,0.33,1.0,0
14,1,0,0,22,15,3,2,5,2.0,0,Python,2024-2026,1.0,1.38,0.5,0.5,0
14,1,0,0,209,594,2,0,95,1.83,0,Python,2024-2026,1.0,0.35,0.0,0.61,5
14,1,0,0,2825,292,22,0,146,3.88,0,Python,2024-2026,1.0,9.64,0.0,0.17,0
15,1,0,0,26,1,2,1,2,14.0,0,Python,2024-2026,1.0,13.0,0.33,4.67,0
15,1,0,0,4,4,1,0,2,6.0,0,Python,2024-2026,1.0,0.8,0.0,3.0,2
16,1,0,0,90,6,6,0,10,24.1,1,Python,2024-2026,0.4,12.86,0.0,3.44,0
17,1,0,0,9,1,2,1,2,7.5,1,Python,2024-2026,0.4,4.5,0.33,2.5,0
19,1,0,0,27,0,1,0,1,4.0,0,Python,2024-2026,1.0,27.0,0.0,2.0,0
19,1,0,0,10,2,3,0,4,1.25,0,Python,2024-2026,1.0,3.33,0.0,0.31,0
8,2,0,0,155,20,3,0,9,4.56,0,Python,2024-2026,1.0,7.38,0.0,1.14,1
9,2,0,0,108,72,2,1,4,2.75,0,Python,2024-2026,1.0,1.48,0.33,0.92,1
10,2,0,0,18,1,2,1,2,24.5,1,Python,2024-2026,0.4,9.0,0.33,8.17,0
10,2,0,0,80,77,18,0,0,0.0,0,Python,2024-2026,1.0,1.03,0.0,0.0,0
10,2,0,0,36,15,2,1,1,1.0,0,Python,2024-2026,1.0,2.25,0.33,0.33,0
11,2,0,0,174,110,23,3,67,2.66,1,Python,2024-2026,0.185,1.57,0.12,0.11,0
12,2,0,0,53,4,4,2,4,23.0,0,Python,2024-2026,1.0,10.6,0.4,4.6,0
13,2,0,0,26,2,2,0,0,0.0,0,Python,2024-2026,1.0,8.67,0.0,0.0,0
14,2,0,0,8,0,1,0,2,1.0,0,Python,2024-2026,1.0,8.0,0.0,0.5,0
14,2,0,0,157,113,5,0,8,18.0,0,Python,2024-2026,1.0,1.38,0.0,3.0,1
14,2,0,0,3,2,1,0,1,79.0,0,Python,2024-2026,1.0,1.0,0.0,39.5,0
14,2,0,0,12,2,2,1,2,28.0,0,Python,2024-2026,1.0,4.0,0.33,9.33,1
16,2,0,0,50,95,4,1,7,29.14,0,Python,2024-2026,1.0,0.52,0.2,5.83,0
17,2,0,0,17,0,1,0,1,2.0,0,Python,2024-2026,1.0,17.0,0.0,1.0,0
17,2,0,0,167,83,22,0,29,2.69,0,Python,2024-2026,1.0,1.99,0.0,0.12,1
17,2,0,0,2,2,2,0,0,0.0,0,Python,2024-2026,1.0,0.67,0.0,0.0,0
18,2,0,0,46,0,3,2,2,3.0,0,Python,2024-2026,1.0,46.0,0.5,0.75,1
18,2,0,0,29,6,2,0,0,0.0,0,Python,2024-2026,1.0,4.14,0.0,0.0,1
11,3,0,0,6,8,1,0,1,3.0,0,Python,2024-2026,1.0,0.67,0.0,1.5,0
11,3,0,0,22,1,1,0,0,0.0,0,Python,2024-2026,1.0,11.0,0.0,0.0,0
11,3,0,0,8,8,1,0,0,0.0,0,Python,2024-2026,1.0,0.89,0.0,0.0,0
15,3,0,0,1,1,1,0,0,0.0,0,Python,2024-2026,1.0,0.5,0.0,0.0,0
15,3,0,0,18,5,2,1,1,2.0,1,Python,2024-2026,0.4,3.0,0.33,0.67,0
18,3,0,0,173,157,5,0,22,24.91,0,Python,2024-2026,1.0,1.09,0.0,4.15,0
18,3,0,0,81,77,2,1,3,4.67,0,Python,2024-2026,1.0,1.04,0.33,1.56,0
18,3,0,0,442,33,23,0,35,31.91,0,Python,2024-2026,1.0,13.0,0.0,1.33,1
20,3,0,0,6,6,3,0,3,149.0,0,Python,2024-2026,1.0,0.86,0.0,37.25,1
8,4,0,0,214,116,7,0,14,28.64,0,Python,2024-2026,1.0,1.83,0.0,3.58,1
8,4,0,0,10,1,2,1,2,4.0,0,Python,2024-2026,1.0,5.0,0.33,1.33,0
8,4,0,0,191,194,1,0,1,6.0,0,Python,2024-2026,1.0,0.98,0.0,3.0,0
9,4,0,0,5,5,1,0,4,1.0,0,Python,2024-2026,1.0,0.83,0.0,0.5,2
11,4,0,0,35,17,9,0,9,7.67,0,Python,2024-2026,1.0,1.94,0.0,0.77,0
14,4,0,0,237,0,4,2,10,6.3,0,Python,2024-2026,1.0,237.0,0.4,1.26,0
14,4,0,0,46,13,2,2,8,6.62,0,Python,2024-2026,1.0,3.29,0.67,2.21,1
15,4,0,0,132,37,4,1,5,19.2,0,Python,2024-2026,1.0,3.47,0.2,3.84,0
16,4,0,0,17,6,3,2,5,3.6,0,Python,2024-2026,1.0,2.43,0.5,0.9,0
16,4,0,0,1,1,1,0,0,0.0,0,Python,2024-2026,1.0,0.5,0.0,0.0,0
16,4,0,0,18,7,3,1,3,6.0,0,Python,2024-2026,1.0,2.25,0.25,1.5,0
16,4,0,0,61,46,1,0,0,0.0,1,Python,2024-2026,0.4,1.3,0.0,0.0,4
17,4,0,0,1,1,1,0,0,0.0,0,Python,2024-2026,1.0,0.5,0.0,0.0,0
17,4,0,0,1,1,1,0,0,0.0,0,Python,2024-2026,1.0,0.5,0.0,0.0,0
20,4,0,0,22,0,2,1,2,32.0,1,Python,2024-2026,0.4,22.0,0.33,10.67,5
13,5,1,0,12,0,2,1,1,4.0,0,Python,2024-2026,1.0,12.0,0.33,1.33,0
15,5,1,0,28,1,4,2,4,3.25,0,Python,2024-2026,1.0,14.0,0.4,0.65,0
15,5,1,0,3,3,1,1,1,1.0,0,Python,2024-2026,1.0,0.75,0.5,0.5,0
15,5,1,0,0,2,1,1,1,1.0,0,Python,2024-2026,1.0,0.0,0.5,0.5,0
10,6,1,0,10,18,2,1,2,32.0,0,Python,2024-2026,1.0,0.53,0.33,10.67,1
12,6,1,0,0,1,1,0,1,1.0,0,Python,2024-2026,1.0,0.0,0.0,0.5,0
12,6,1,0,46,1,2,0,2,1.0,0,Python,2024-2026,1.0,23.0,0.0,0.33,0
12,6,1,0,1,22,1,0,1,1.0,0,Python,2024-2026,1.0,0.04,0.0,0.5,0
12,6,1,0,31,19,1,0,2,1.0,0,Python,2024-2026,1.0,1.55,0.0,0.5,0
12,6,1,0,4,1,2,0,1,1.0,0,Python,2024-2026,1.0,2.0,0.0,0.33,0
12,6,1,0,1,1,1,0,1,1.0,0,Python,2024-2026,1.0,0.5,0.0,0.5,0
12,6,1,0,23,19,1,0,1,1.0,0,Python,2024-2026,1.0,1.15,0.0,0.5,0
12,6,1,0,3,2,1,0,2,1.0,0,Python,2024-2026,1.0,1.0,0.0,0.5,0
13,6,1,0,1,1,1,1,1,1.0,0,Python,2024-2026,1.0,0.5,0.5,0.5,0
13,6,1,0,10,5,1,1,1,1.0,0,Python,2024-2026,1.0,1.67,0.5,0.5,0
13,6,1,0,18,13,1,1,3,1.33,0,Python,2024-2026,1.0,1.29,0.5,0.66,0
13,6,1,0,9,4,1,1,3,1.0,0,Python,2024-2026,1.0,1.8,0.5,0.5,0
13,6,1,0,31,0,1,1,3,1.0,0,Python,2024-2026,1.0,31.0,0.5,0.5,0
13,6,1,0,2,1,1,1,1,1.0,0,Python,2024-2026,1.0,1.0,0.5,0.5,0
13,6,1,0,20,12,1,1,3,1.33,0,Python,2024-2026,1.0,1.54,0.5,0.66,0
13,6,1,0,1,1,1,1,3,1.0,0,Python,2024-2026,1.0,0.5,0.5,0.5,0
13,6,1,0,1,1,1,1,1,1.0,0,Python,2024-2026,1.0,0.5,0.5,0.5,0
13,6,1,0,2,2,1,1,1,1.0,0,Python,2024-2026,1.0,0.67,0.5,0.5,0
13,6,1,0,37,1,1,1,2,1.0,0,Python,2024-2026,1.0,18.5,0.5,0.5,0
13,6,1,0,14,18,1,1,3,1.0,0,Python,2024-2026,1.0,0.74,0.5,0.5,0
14,6,1,0,31,44,1,0,1,7.0,0,Python,2024-2026,1.0,0.69,0.0,3.5,4
16,6,1,0,364,39,8,0,17,2.53,1,Python,2024-2026,0.4,9.1,0.0,0.28,3
18,6,1,0,207,101,41,1,47,6.34,0,Python,2024-2026,1.0,2.03,0.02,0.15,4
21,6,1,0,0,24,4,1,1,1.0,0,Python,2024-2026,1.0,0.0,0.2,0.2,3
8,0,0,0,2,106,3,0,0,0.0,0,Python,2024-2026,1.0,0.02,0.0,0.0,2
8,0,0,0,25,24,5,0,0,0.0,0,Python,2024-2026,1.0,1.0,0.0,0.0,0
8,0,0,0,4,7,1,1,1,1.0,0,Python,2024-2026,1.0,0.5,0.5,0.5,0
8,0,0,0,97,23,4,1,10,4.8,0,Python,2024-2026,1.0,4.04,0.2,0.96,0
13,0,0,0,46,103,3,1,8,4.25,0,Python,2024-2026,1.0,0.44,0.25,1.06,1
13,0,0,0,87,11,4,2,6,12.83,0,Python,2024-2026,1.0,7.25,0.4,2.57,0
13,0,0,0,566,457,15,1,48,3.35,0,Python,2024-2026,1.0,1.24,0.06,0.21,0
14,0,0,0,93,46,4,1,5,21.2,0,Python,2024-2026,1.0,1.98,0.2,4.24,0
14,0,0,0,157,18,8,5,11,10.0,0,Python,2024-2026,1.0,8.26,0.56,1.11,3
15,0,0,0,1,13,2,0,4,5.75,0,Python,2024-2026,1.0,0.07,0.0,1.92,0
15,0,0,0,4,4,2,0,2,7.0,0,Python,2024-2026,1.0,0.8,0.0,2.33,0
15,0,0,0,2742,368,23,3,86,5.64,0,Python,2024-2026,1.0,7.43,0.12,0.24,0
16,0,0,0,67,11,8,1,12,3.0,0,Python,2024-2026,1.0,5.58,0.11,0.33,0
17,0,0,0,57,5,5,4,7,4.86,0,Python,2024-2026,1.0,9.5,0.67,0.81,2
18,0,0,0,1865,3908,17,0,69,9.07,0,Python,2024-2026,1.0,0.48,0.0,0.5,0
21,0,0,0,53,10,2,1,9,2.22,0,Python,2024-2026,1.0,4.82,0.33,0.74,2
21,0,0,0,306,8,20,10,21,13.24,1,Python,2024-2026,0.4,34.0,0.48,0.63,1
23,0,0,1,3,3,2,0,0,0.0,0,Python,2024-2026,1.0,0.75,0.0,0.0,0
9,1,0,0,0,0,1,1,0,0.0,0,Python,2024-2026,1.0,0.0,0.5,0.0,3
9,1,0,0,6,0,2,1,0,0.0,0,Python,2024-2026,1.0,6.0,0.33,0.0,2
11,1,0,0,3,3,2,0,0,0.0,0,Python,2024-2026,1.0,0.75,0.0,0.0,2
11,1,0,0,30,13,3,1,4,4.0,0,Python,2024-2026,1.0,2.14,0.25,1.0,0
11,1,0,0,4,4,2,0,1,1.0,0,Python,2024-2026,1.0,0.8,0.0,0.33,2
11,1,0,0,1,0,1,0,0,0.0,0,Python,2024-2026,1.0,1.0,0.0,0.0,0
12,1,0,0,32,6,2,0,4,39.5,0,Python,2024-2026,1.0,4.57,0.0,13.17,0
13,1,0,0,19,14,2,1,2,29.0,0,Python,2024-2026,1.0,1.27,0.33,9.67,0
13,1,0,0,2,4,2,1,3,9.67,0,Python,2024-2026,1.0,0.4,0.33,3.22,0
15,1,0,0,20,12,1,0,2,21.0,0,Python,2024-2026,1.0,1.54,0.0,10.5,1
17,1,0,0,3,3,3,0,0,0.0,0,Python,2024-2026,1.0,0.75,0.0,0.0,0
21,1,0,0,7,7,1,0,0,0.0,0,Python,2024-2026,1.0,0.88,0.0,0.0,2
9,2,0,0,180,80,4,1,12,8.92,0,Python,2024-2026,1.0,2.22,0.2,1.78,0
10,2,0,0,141,271,25,0,40,20.65,0,Python,2024-2026,1.0,0.52,0.0,0.79,1
10,2,0,0,552,79,37,1,38,34.79,0,Python,2024-2026,1.0,6.9,0.03,0.92,1
10,2,0,0,28,28,2,1,2,7.0,0,Python,2024-2026,1.0,0.97,0.33,2.33,1
10,2,0,0,19,8,2,1,3,2.67,0,Python,2024-2026,1.0,2.11,0.33,0.89,0
11,2,0,0,3,2,1,0,1,3.0,0,Python,2024-2026,1.0,1.0,0.0,1.5,0
13,2,0,0,117,13,2,1,2,76.0,0,Python,2024-2026,1.0,8.36,0.33,25.33,0
13,2,0,0,63,0,3,0,4,41.0,0,Python,2024-2026,1.0,63.0,0.0,10.25,1
13,2,0,0,1090,459,18,1,70,1.7,0,Python,2024-2026,1.0,2.37,0.05,0.09,0
17,2,0,0,3,2,1,0,0,0.0,0,Python,2024-2026,1.0,1.0,0.0,0.0,0
17,2,0,0,3,3,3,0,0,0.0,0,Python,2024-2026,1.0,0.75,0.0,0.0,0
21,2,0,0,1,0,1,0,1,4.0,0,Python,2024-2026,1.0,1.0,0.0,2.0,3
21,2,0,0,3,2,1,0,2,4.0,0,Python,2024-2026,1.0,1.0,0.0,2.0,3
22,2,0,1,242,55,1,0,1,33.0,0,Python,2024-2026,1.0,4.32,0.0,16.5,0
6,3,0,0,52,3,3,0,3,8.33,1,Python,2024-2026,0.4,13.0,0.0,2.08,1
6,3,0,0,18,3,1,0,0,0.0,1,Python,2024-2026,0.4,4.5,0.0,0.0,0
9,3,0,0,224,0,7,1,8,1.0,0,Python,2024-2026,1.0,224.0,0.12,0.12,0
9,3,0,0,279,47,3,0,20,3.95,1,Python,2024-2026,0.4,5.81,0.0,0.99,5
9,3,0,0,4,5,1,0,0,0.0,0,Python,2024-2026,1.0,0.67,0.0,0.0,0
9,3,0,0,3,2,1,0,1,11.0,0,Python,2024-2026,1.0,1.0,0.0,5.5,0
9,3,0,0,7,0,1,1,1,14.0,0,Python,2024-2026,1.0,7.0,0.5,7.0,0
9,3,0,0,4,2,2,0,2,7.0,0,Python,2024-2026,1.0,1.33,0.0,2.33,0
13,3,0,0,63,27,3,1,7,6.57,0,Python,2024-2026,1.0,2.25,0.25,1.64,0
16,3,0,0,1,3,1,0,0,0.0,0,Python,2024-2026,1.0,0.25,0.0,0.0,0
8,4,0,0,69,43,7,1,11,14.82,0,Python,2024-2026,1.0,1.57,0.12,1.85,1
9,4,0,0,12,4,1,0,3,1.0,0,Python,2024-2026,1.0,2.4,0.0,0.5,4
9,4,0,0,5,0,1,0,0,0.0,0,Python,2024-2026,1.0,5.0,0.0,0.0,0
10,4,0,0,154,112,4,1,7,24.86,0,Python,2024-2026,1.0,1.36,0.2,4.97,0
10,4,0,0,6,6,1,0,0,0.0,1,Python,2024-2026,0.4,0.86,0.0,0.0,0
10,4,0,0,501,38,5,3,2,4.0,1,Python,2024-2026,0.4,12.85,0.5,0.67,2
11,4,0,0,2,8,2,0,1,5.0,0,Python,2024-2026,1.0,0.22,0.0,1.67,0
11,4,0,0,17134,17193,9,0,0,0.0,0,Python,2024-2026,1.0,1.0,0.0,0.0,3
13,4,0,0,22,0,2,1,2,6.5,0,Python,2024-2026,1.0,22.0,0.33,2.17,0
17,4,0,0,45,0,2,1,2,77.5,0,Python,2024-2026,1.0,45.0,0.33,25.83,0
17,4,0,0,34,6,3,1,4,5.0,0,Python,2024-2026,1.0,4.86,0.25,1.25,0
17,4,0,0,4,4,2,0,0,0.0,0,Python,2024-2026,1.0,0.8,0.0,0.0,0
17,4,0,0,1,1,1,0,0,0.0,0,Python,2024-2026,1.0,0.5,0.0,0.0,0
23,4,0,1,39,0,1,0,3,14.67,0,Python,2024-2026,1.0,39.0,0.0,7.34,3
10,0,0,0,2,2,1,0,0,0.0,0,Python,2018-2020,1.0,0.67,0.0,0.0,0
10,0,0,0,5,1,1,0,1,5.0,0,Python,2018-2020,1.0,2.5,0.0,2.5,0
10,0,0,0,24,0,1,0,2,5.5,0,Python,2018-2020,1.0,24.0,0.0,2.75,0
10,0,0,0,5,1,1,0,1,3.0,0,Python,2018-2020,1.0,2.5,0.0,1.5,0
11,0,0,0,15,2,2,2,2,1.5,0,Python,2018-2020,1.0,5.0,0.67,0.5,0
11,0,0,0,2,0,1,0,1,1.0,0,Python,2018-2020,1.0,2.0,0.0,0.5,0
11,0,0,0,9,1,1,1,2,1.0,0,Python,2018-2020,1.0,4.5,0.5,0.5,0
13,0,0,0,4,4,1,0,0,0.0,0,Python,2018-2020,1.0,0.8,0.0,0.0,0
13,0,0,0,4,0,1,0,1,12.0,0,Python,2018-2020,1.0,4.0,0.0,6.0,0
13,0,0,0,11,0,3,1,5,2.2,0,Python,2018-2020,1.0,11.0,0.25,0.55,0
14,0,0,0,4,0,1,0,0,0.0,0,Python,2018-2020,1.0,4.0,0.0,0.0,0
11,1,0,0,5,5,3,0,0,0.0,0,Python,2018-2020,1.0,0.83,0.0,0.0,0
11,1,0,0,0,1,1,0,1,3.0,0,Python,2018-2020,1.0,0.0,0.0,1.5,0
11,1,0,0,2,2,1,0,0,0.0,0,Python,2018-2020,1.0,0.67,0.0,0.0,0
10,2,0,0,3,0,1,0,1,4.0,0,Python,2018-2020,1.0,3.0,0.0,2.0,0
10,2,0,0,4,6,3,0,3,3.67,0,Python,2018-2020,1.0,0.57,0.0,0.92,0
23,2,0,1,2,7,2,1,3,3.0,0,Python,2018-2020,1.0,0.25,0.33,1.0,0
23,2,0,1,13,14,3,1,8,1.75,0,Python,2018-2020,1.0,0.87,0.25,0.44,0
1,3,0,1,596,22,8,1,52,1.37,0,Python,2018-2020,1.0,25.91,0.11,0.15,0
13,3,0,0,2,2,1,0,3,3.67,0,Python,2018-2020,1.0,0.67,0.0,1.84,0
14,3,0,0,18,17,1,0,0,0.0,0,Python,2018-2020,1.0,1.0,0.0,0.0,0
14,3,0,0,6,1,1,0,2,2.0,0,Python,2018-2020,1.0,3.0,0.0,1.0,0
14,3,0,0,3,2,1,0,4,6.5,0,Python,2018-2020,1.0,1.0,0.0,3.25,0
15,3,0,0,1,2,1,0,1,15.0,0,Python,2018-2020,1.0,0.33,0.0,7.5,0
15,3,0,0,97,0,1,1,10,1.1,0,Python,2018-2020,1.0,97.0,0.5,0.55,0
16,3,0,0,7,0,1,0,0,0.0,0,Python,2018-2020,1.0,7.0,0.0,0.0,0
17,3,0,0,13,9,4,0,11,4.0,0,Python,2018-2020,1.0,1.3,0.0,0.8,0
17,3,0,0,10,1,2,1,0,0.0,0,Python,2018-2020,1.0,5.0,0.33,0.0,0
20,3,0,0,1,0,1,0,0,0.0,0,Python,2018-2020,1.0,1.0,0.0,0.0,0
11,4,0,0,11,1,1,0,0,0.0,0,Python,2018-2020,1.0,5.5,0.0,0.0,0
12,4,0,0,1,0,1,0,0,0.0,0,Python,2018-2020,1.0,1.0,0.0,0.0,0
11,0,0,0,2,1,1,0,0,0.0,0,Python,2018-2020,1.0,1.0,0.0,0.0,0
12,0,0,0,2,1,1,0,0,0.0,0,Python,2018-2020,1.0,1.0,0.0,0.0,0
14,0,0,0,28,1,1,0,1,3.0,0,Python,2018-2020,1.0,14.0,0.0,1.5,0
16,0,0,0,133,3,1,0,1,19.0,0,Python,2018-2020,1.0,33.25,0.0,9.5,0
20,0,0,0,23,1,2,1,3,2.67,0,Python,2018-2020,1.0,11.5,0.33,0.89,0
20,0,0,0,4,5,1,0,0,0.0,0,Python,2018-2020,1.0,0.67,0.0,0.0,0
10,1,0,0,9,4,1,0,1,19.0,0,Python,2018-2020,1.0,1.8,0.0,9.5,0
11,1,0,0,1,1,1,0,2,1.0,0,Python,2018-2020,1.0,0.5,0.0,0.5,0
11,1,0,0,1,1,1,0,2,1.0,0,Python,2018-2020,1.0,0.5,0.0,0.5,0
11,1,0,0,1,1,1,0,1,17.0,0,Python,2018-2020,1.0,0.5,0.0,8.5,0
13,1,0,0,2,1,1,0,1,3.0,0,Python,2018-2020,1.0,1.0,0.0,1.5,0
14,1,0,0,38,0,2,1,6,1.0,0,Python,2018-2020,1.0,38.0,0.33,0.33,0
14,1,0,0,2,0,1,0,0,0.0,0,Python,2018-2020,1.0,2.0,0.0,0.0,0
14,1,0,0,9,0,1,1,2,1.5,0,Python,2018-2020,1.0,9.0,0.5,0.75,0
15,1,0,0,11,9,1,0,0,0.0,0,Python,2018-2020,1.0,1.1,0.0,0.0,0
15,1,0,0,15,1,1,0,1,2.0,0,Python,2018-2020,1.0,7.5,0.0,1.0,0
15,1,0,0,155,2,2,1,16,1.12,0,Python,2018-2020,1.0,51.67,0.33,0.37,0
15,1,0,0,1,1,1,0,0,0.0,0,Python,2018-2020,1.0,0.5,0.0,0.0,0
15,1,0,0,3,3,1,0,0,0.0,0,Python,2018-2020,1.0,0.75,0.0,0.0,0
17,1,0,0,27,0,1,0,0,0.0,0,Python,2018-2020,1.0,27.0,0.0,0.0,0
19,1,0,0,1,1,1,0,0,0.0,0,Python,2018-2020,1.0,0.5,0.0,0.0,0
19,1,0,0,2,2,2,1,2,3.5,0,Python,2018-2020,1.0,0.67,0.33,1.17,0
0,2,0,1,85,101,8,1,21,1.43,0,Python,2018-2020,1.0,0.83,0.11,0.16,0
10,2,0,0,7,5,3,0,0,0.0,0,Python,2018-2020,1.0,1.17,0.0,0.0,0
11,2,0,0,21,0,1,0,0,0.0,0,Python,2018-2020,1.0,21.0,0.0,0.0,0
11,2,0,0,98,0,1,0,0,0.0,0,Python,2018-2020,1.0,98.0,0.0,0.0,0
12,2,0,0,35,20,2,1,3,2.33,0,Python,2018-2020,1.0,1.67,0.33,0.78,0
12,2,0,0,2,2,1,0,0,0.0,0,Python,2018-2020,1.0,0.67,0.0,0.0,0
16,2,0,0,74,1,1,0,0,0.0,0,Python,2018-2020,1.0,37.0,0.0,0.0,0
13,3,0,0,1,4,1,0,0,0.0,0,Python,2018-2020,1.0,0.2,0.0,0.0,0
15,3,0,0,41,4,1,0,1,21.0,0,Python,2018-2020,1.0,8.2,0.0,10.5,0
17,3,0,0,162,33,9,0,29,2.79,0,Python,2018-2020,1.0,4.76,0.0,0.28,0
17,3,0,0,1,1,1,0,1,1.0,0,Python,2018-2020,1.0,0.5,0.0,0.5,0
17,3,0,0,1,1,1,0,0,0.0,0,Python,2018-2020,1.0,0.5,0.0,0.0,0
12,4,0,0,201,199,5,1,59,1.1,0,Python,2018-2020,1.0,1.0,0.17,0.18,0
14,4,0,0,21,6,2,1,5,4.8,0,Python,2018-2020,1.0,3.0,0.33,1.6,0
18,4,0,0,61,2,2,1,5,2.8,0,Python,2018-2020,1.0,20.33,0.33,0.93,0
18,4,0,0,13,0,1,1,1,1.0,0,Python,2018-2020,1.0,13.0,0.5,0.5,0
9,0,0,0,5,5,2,1,3,1.67,0,Python,2018-2020,1.0,0.83,0.33,0.56,0
9,0,0,0,1,1,1,0,0,0.0,0,Python,2018-2020,1.0,0.5,0.0,0.0,0
10,0,0,0,0,1,1,0,1,1.0,0,Python,2018-2020,1.0,0.0,0.0,0.5,0
9,1,0,0,11,8,2,1,0,0.0,0,Python,2018-2020,1.0,1.22,0.33,0.0,0
11,1,0,0,2,0,1,0,0,0.0,0,Python,2018-2020,1.0,2.0,0.0,0.0,0
11,1,0,0,1,0,1,1,0,0.0,0,Python,2018-2020,1.0,1.0,0.5,0.0,0
15,1,0,0,11,4,1,0,1,39.0,0,Python,2018-2020,1.0,2.2,0.0,19.5,0
16,1,0,0,28,54,2,1,21,1.05,0,Python,2018-2020,1.0,0.51,0.33,0.35,0
16,1,0,0,3,1,1,0,1,2.0,0,Python,2018-2020,1.0,1.5,0.0,1.0,0
16,1,0,0,10,6,2,0,5,7.2,0,Python,2018-2020,1.0,1.43,0.0,2.4,0
22,1,0,1,11,11,1,0,0,0.0,0,Python,2018-2020,1.0,0.92,0.0,0.0,0
23,1,0,1,2,2,2,0,2,5.5,0,Python,2018-2020,1.0,0.67,0.0,1.83,0
9,2,0,0,16,2,2,0,0,0.0,0,Python,2018-2020,1.0,5.33,0.0,0.0,0
10,2,0,0,2,2,1,1,2,1.5,0,Python,2018-2020,1.0,0.67,0.5,0.75,0
10,2,0,0,6,2,1,0,2,2.5,0,Python,2018-2020,1.0,2.0,0.0,1.25,0
10,2,0,0,12,0,1,1,1,2.0,0,Python,2018-2020,1.0,12.0,0.5,1.0,0
11,2,0,0,2,1,1,1,0,0.0,0,Python,2018-2020,1.0,1.0,0.5,0.0,0
12,2,0,0,4,10,1,1,4,1.0,0,Python,2018-2020,1.0,0.36,0.5,0.5,0
15,2,0,0,32,0,1,1,1,2.0,0,Python,2018-2020,1.0,32.0,0.5,1.0,0
15,2,0,0,0,10,3,0,4,8.75,0,Python,2018-2020,1.0,0.0,0.0,2.19,0
15,2,0,0,1,1,1,0,0,0.0,0,Python,2018-2020,1.0,0.5,0.0,0.0,0
12,3,0,0,1,0,1,0,0,0.0,0,Python,2018-2020,1.0,1.0,0.0,0.0,0
15,3,0,0,6,1,2,1,0,0.0,0,Python,2018-2020,1.0,3.0,0.33,0.0,0
15,3,0,0,20,19,1,0,0,0.0,0,Python,2018-2020,1.0,1.0,0.0,0.0,0
15,3,0,0,17,29,1,1,3,1.0,0,Python,2018-2020,1.0,0.57,0.5,0.5,0
9,4,0,0,15,10,1,0,11,1.45,0,Python,2018-2020,1.0,1.36,0.0,0.72,0
10,4,0,0,5,5,1,0,7,1.86,0,Python,2018-2020,1.0,0.83,0.0,0.93,0
10,4,0,0,2,2,1,0,0,0.0,0,Python,2018-2020,1.0,0.67,0.0,0.0,0
10,4,0,0,4,2,1,0,0,0.0,0,Python,2018-2020,1.0,1.33,0.0,0.0,0
11,4,0,0,3,2,1,0,1,2.0,0,Python,2018-2020,1.0,1.0,0.0,1.0,0
11,4,0,0,42,19,1,0,1,7.0,0,Python,2018-2020,1.0,2.1,0.0,3.5,0
11,4,0,0,1,1,1,0,1,3.0,0,Python,2018-2020,1.0,0.5,0.0,1.5,0
11,4,0,0,5,4,1,0,0,0.0,0,Python,2018-2020,1.0,1.0,0.0,0.0,0
11,4,0,0,2,2,1,0,1,2.0,0,Python,2018-2020,1.0,0.67,0.0,1.0,0
12,4,0,0,10,8,1,0,4,8.0,0,Python,2018-2020,1.0,1.11,0.0,4.0,0
12,4,0,0,2,1,1,1,1,1.0,0,Python,2018-2020,1.0,1.0,0.5,0.5,0
12,4,0,0,18,24,4,0,6,2.33,0,Python,2018-2020,1.0,0.72,0.0,0.47,0
12,4,0,0,20,1,3,1,4,3.75,0,Python,2018-2020,1.0,10.0,0.25,0.94,0
13,4,0,0,9,0,1,1,1,1.0,0,Python,2018-2020,1.0,9.0,0.5,0.5,0
14,4,0,0,53,4,1,0,1,13.0,0,Python,2018-2020,1.0,10.6,0.0,6.5,0
15,4,0,0,10,12,1,1,2,1.0,0,Python,2018-2020,1.0,0.77,0.5,0.5,0
15,4,0,0,2,2,1,0,1,9.0,0,Python,2018-2020,1.0,0.67,0.0,4.5,0
17,4,0,0,41,10,2,1,6,3.67,0,Python,2018-2020,1.0,3.73,0.33,1.22,0
17,4,0,0,62,0,2,1,9,1.56,0,Python,2018-2020,1.0,62.0,0.33,0.52,0
18,4,0,0,30,11,1,0,3,5.33,0,Python,2018-2020,1.0,2.5,0.0,2.66,0
18,4,0,0,64,0,1,0,0,0.0,0,Python,2018-2020,1.0,64.0,0.0,0.0,0
18,4,0,0,2,2,1,0,1,5.0,0,Python,2018-2020,1.0,0.67,0.0,2.5,0
18,4,0,0,21,0,1,1,2,1.0,0,Python,2018-2020,1.0,21.0,0.5,0.5,0
21,4,0,0,4,8,2,1,2,3.0,0,Python,2018-2020,1.0,0.44,0.33,1.0,0
21,4,0,0,4,1,1,0,1,3.0,0,Python,2018-2020,1.0,2.0,0.0,1.5,0
17,5,1,0,16,8,1,0,7,2.14,0,Python,2018-2020,1.0,1.78,0.0,1.07,0
19,5,1,0,1,0,1,0,0,0.0,0,Python,2018-2020,1.0,1.0,0.0,0.0,0
10,0,0,0,1,1,1,0,1,3.0,0,Python,2018-2020,1.0,0.5,0.0,1.5,0
10,0,0,0,4,2,1,0,0,0.0,0,Python,2018-2020,1.0,1.33,0.0,0.0,0
13,1,0,0,1,1,1,0,0,0.0,0,Python,2018-2020,1.0,0.5,0.0,0.0,0
13,1,0,0,4,4,2,1,2,1.5,0,Python,2018-2020,1.0,0.8,0.33,0.5,0
16,1,0,0,23,26,3,1,9,3.22,0,Python,2018-2020,1.0,0.85,0.25,0.8,0
17,1,0,0,39,13,1,0,3,8.67,0,Python,2018-2020,1.0,2.79,0.0,4.34,0
17,1,0,0,45,4,2,1,10,2.0,0,Python,2018-2020,1.0,9.0,0.33,0.67,0
14,2,0,0,1,1,1,0,0,0.0,0,Python,2018-2020,1.0,0.5,0.0,0.0,0
8,3,0,0,6,7,1,0,0,0.0,0,Python,2018-2020,1.0,0.75,0.0,0.0,0
9,3,0,0,2,18,2,0,2,5.0,0,Python,2018-2020,1.0,0.11,0.0,1.67,0
11,3,0,0,8,4,1,0,2,5.0,0,Python,2018-2020,1.0,1.6,0.0,2.5,0
15,3,0,0,77,0,2,0,1,1.0,0,Python,2018-2020,1.0,77.0,0.0,0.33,0
15,3,0,0,1,1,1,0,0,0.0,0,Python,2018-2020,1.0,0.5,0.0,0.0,0
10,4,0,0,4,2,1,0,1,12.0,0,Python,2018-2020,1.0,1.33,0.0,6.0,0
15,5,1,0,1,0,2,0,0,0.0,0,Python,2018-2020,1.0,1.0,0.0,0.0,0
6,0,0,0,320,305,1,0,22,6.91,0,Python,2018-2020,1.0,1.05,0.0,3.46,0
6,0,0,0,23,1,1,0,3,8.33,0,Python,2018-2020,1.0,11.5,0.0,4.16,0
14,0,0,0,50,66,2,1,16,1.12,0,Python,2018-2020,1.0,0.75,0.33,0.37,0
8,1,0,0,2,4,1,1,1,2.0,0,Python,2018-2020,1.0,0.4,0.5,1.0,0
10,2,0,0,362,10,5,1,31,1.71,0,Python,2018-2020,1.0,32.91,0.17,0.28,0
15,2,0,0,37,52,3,1,14,1.43,0,Python,2018-2020,1.0,0.7,0.25,0.36,0
16,2,0,0,66,13,3,1,12,1.67,0,Python,2018-2020,1.0,4.71,0.25,0.42,0
17,2,0,0,177,20,5,2,17,1.53,0,Python,2018-2020,1.0,8.43,0.33,0.26,0
10,3,0,0,1,1,1,0,1,27.0,0,Python,2018-2020,1.0,0.5,0.0,13.5,0
15,3,0,0,20,12,1,0,2,2.0,0,Python,2018-2020,1.0,1.54,0.0,1.0,0
11,6,1,0,6,1,1,0,1,3.0,0,Python,2018-2020,1.0,3.0,0.0,1.5,0
11,6,1,0,14,0,1,1,1,3.0,0,Python,2018-2020,1.0,14.0,0.5,1.5,0
16,6,1,0,8,7,1,0,2,13.5,0,Python,2018-2020,1.0,1.0,0.0,6.75,0
17,6,1,0,16,4,1,0,1,10.0,0,Python,2018-2020,1.0,3.2,0.0,5.0,0
17,6,1,0,3,0,1,0,1,23.0,0,Python,2018-2020,1.0,3.0,0.0,11.5,0
3,0,0,1,0,4,1,1,1,3.0,0,Python,2018-2020,1.0,0.0,0.5,1.5,0
11,0,0,0,1,1,1,1,2,2.0,0,Python,2018-2020,1.0,0.5,0.5,1.0,0
12,0,0,0,5,0,1,0,1,10.0,0,Python,2018-2020,1.0,5.0,0.0,5.0,0
14,0,0,0,8,2,2,0,2,12.0,0,Python,2018-2020,1.0,2.67,0.0,4.0,0
17,0,0,0,32,22,3,0,3,10.33,0,Python,2018-2020,1.0,1.39,0.0,2.58,0
20,0,0,0,42,0,3,1,5,2.6,0,Python,2018-2020,1.0,42.0,0.25,0.65,0
12,1,0,0,98,15,12,6,20,4.0,0,Python,2018-2020,1.0,6.12,0.46,0.31,0
12,1,0,0,308,20,9,0,21,3.05,0,Python,2018-2020,1.0,14.67,0.0,0.3,0
12,1,0,0,16,6,2,0,0,0.0,0,Python,2018-2020,1.0,2.29,0.0,0.0,0
13,1,0,0,1,1,1,1,1,2.0,0,Python,2018-2020,1.0,0.5,0.5,1.0,0
13,1,0,0,24,12,2,0,0,0.0,0,Python,2018-2020,1.0,1.85,0.0,0.0,0
19,1,0,0,1,2,1,0,0,0.0,0,Python,2018-2020,1.0,0.33,0.0,0.0,0
19,1,0,0,1,1,1,0,0,0.0,0,Python,2018-2020,1.0,0.5,0.0,0.0,0
9,2,0,0,17,0,1,1,2,1.0,0,Python,2018-2020,1.0,17.0,0.5,0.5,0
9,2,0,0,12,4,1,0,4,1.5,0,Python,2018-2020,1.0,2.4,0.0,0.75,0
11,2,0,0,1,1,1,0,0,0.0,0,Python,2018-2020,1.0,0.5,0.0,0.0,0
12,2,0,0,1,2,1,0,1,9.0,0,Python,2018-2020,1.0,0.33,0.0,4.5,0
12,2,0,0,63,3,1,1,17,1.06,0,Python,2018-2020,1.0,15.75,0.5,0.53,0
13,2,0,0,14,5,1,0,0,0.0,0,Python,2018-2020,1.0,2.33,0.0,0.0,0
9,3,0,0,5,1,2,1,1,1.0,0,Python,2018-2020,1.0,2.5,0.33,0.33,0
12,3,0,0,61,4,2,1,8,3.38,0,Python,2018-2020,1.0,12.2,0.33,1.13,0
15,3,0,0,3,3,1,0,0,0.0,0,Python,2018-2020,1.0,0.75,0.0,0.0,0
15,3,0,0,38,4,1,0,2,7.0,0,Python,2018-2020,1.0,7.6,0.0,3.5,0
16,3,0,0,4,0,1,0,0,0.0,0,Python,2018-2020,1.0,4.0,0.0,0.0,0
21,3,0,0,1,1,1,0,0,0.0,0,Python,2018-2020,1.0,0.5,0.0,0.0,0
14,4,0,0,3,3,1,0,3,1.67,0,Python,2018-2020,1.0,0.75,0.0,0.84,0
14,4,0,0,15,0,2,0,5,1.0,0,Python,2018-2020,1.0,15.0,0.0,0.33,0
15,4,0,0,1,0,1,1,1,1.0,0,Python,2018-2020,1.0,1.0,0.5,0.5,0
21,4,0,0,45,0,1,1,2,1.5,0,Python,2018-2020,1.0,45.0,0.5,0.75,0
21,4,0,0,1,1,1,1,1,2.0,0,Python,2018-2020,1.0,0.5,0.5,1.0,0
21,4,0,0,1,1,1,1,2,1.5,0,Python,2018-2020,1.0,0.5,0.5,0.75,0
22,4,0,1,10,0,1,1,1,3.0,0,Python,2018-2020,1.0,10.0,0.5,1.5,0
22,4,0,1,2,1,1,1,1,3.0,0,Python,2018-2020,1.0,1.0,0.5,1.5,0
22,4,0,1,0,10,1,1,1,3.0,0,Python,2018-2020,1.0,0.0,0.5,1.5,0
9,0,0,0,56,54,2,2,4,2.0,0,Python,2018-2020,1.0,1.02,0.67,0.67,0
11,0,0,0,1,1,1,0,0,0.0,0,Python,2018-2020,1.0,0.5,0.0,0.0,0
14,0,0,0,4,4,1,1,3,1.0,0,Python,2018-2020,1.0,0.8,0.5,0.5,0
14,0,0,0,1,1,1,1,2,1.0,0,Python,2018-2020,1.0,0.5,0.5,0.5,0
14,1,0,0,246,142,3,0,20,5.3,0,Python,2018-2020,1.0,1.72,0.0,1.32,0
14,1,0,0,1,2,2,0,2,18.5,0,Python,2018-2020,1.0,0.33,0.0,6.17,0
12,2,0,0,1,1,1,0,1,9.0,0,Python,2018-2020,1.0,0.5,0.0,4.5,0
20,2,0,0,1,1,1,0,0,0.0,0,Python,2018-2020,1.0,0.5,0.0,0.0,0
20,2,0,0,1,1,1,0,0,0.0,0,Python,2018-2020,1.0,0.5,0.0,0.0,0
8,3,0,0,1,0,1,1,0,0.0,0,Python,2018-2020,1.0,1.0,0.5,0.0,0
8,3,0,0,0,2,1,1,0,0.0,0,Python,2018-2020,1.0,0.0,0.5,0.0,0
11,2,0,0,72,0,3,1,7,1.57,0,Python,2018-2020,1.0,72.0,0.25,0.39,0
11,2,0,0,3,0,1,0,0,0.0,0,Python,2018-2020,1.0,3.0,0.0,0.0,0
12,2,0,0,5,5,1,0,2,2.5,0,Python,2018-2020,1.0,0.83,0.0,1.25,0
16,2,0,0,31,0,1,0,2,2.5,0,Python,2018-2020,1.0,31.0,0.0,1.25,0
10,1,0,0,1,1,1,0,0,0.0,0,Python,2021-2023,1.0,0.5,0.0,0.0,0
10,1,0,0,126,7,10,0,4,3.75,0,Python,2021-2023,1.0,15.75,0.0,0.34,0
11,1,0,0,178,8,76,0,0,0.0,0,Python,2021-2023,1.0,19.78,0.0,0.0,0
13,1,0,0,5,5,1,0,0,0.0,0,Python,2021-2023,1.0,0.83,0.0,0.0,0
14,1,0,0,1,1,1,0,0,0.0,0,Python,2021-2023,1.0,0.5,0.0,0.0,0
16,1,0,0,45,40,5,0,9,9.67,0,Python,2021-2023,1.0,1.1,0.0,1.61,0
8,2,0,0,11,1,2,0,0,0.0,0,Python,2021-2023,1.0,5.5,0.0,0.0,0
9,4,0,0,10,0,1,0,0,0.0,0,Python,2021-2023,1.0,10.0,0.0,0.0,0
17,4,0,0,6,2,5,0,0,0.0,0,Python,2021-2023,1.0,2.0,0.0,0.0,0
19,4,0,0,51,25,3,1,4,4.75,0,Python,2021-2023,1.0,1.96,0.25,1.19,0
3,0,0,1,4,3,3,0,0,0.0,0,Python,2021-2023,1.0,1.0,0.0,0.0,0
16,0,0,0,7,7,4,0,1,73.0,0,Python,2021-2023,1.0,0.88,0.0,14.6,0
19,0,0,0,355,13,32,3,6,13.0,0,Python,2021-2023,1.0,25.36,0.09,0.39,0
0,1,0,1,1,1,1,0,0,0.0,0,Python,2021-2023,1.0,0.5,0.0,0.0,0
21,2,0,0,288,153,4,0,54,3.3,0,Python,2021-2023,1.0,1.87,0.0,0.66,0
12,4,0,0,468,71,34,5,7,1.29,0,Python,2021-2023,1.0,6.5,0.14,0.04,0
14,6,1,0,1,0,1,0,0,0.0,0,Python,2021-2023,1.0,1.0,0.0,0.0,0
17,1,0,0,33,6,8,0,0,0.0,0,Python,2021-2023,1.0,4.71,0.0,0.0,0
18,1,0,0,1,1,1,0,0,0.0,0,Python,2021-2023,1.0,0.5,0.0,0.0,0
18,1,0,0,8,8,8,0,0,0.0,0,Python,2021-2023,1.0,0.89,0.0,0.0,0
23,1,0,1,7,0,1,0,0,0.0,0,Python,2021-2023,1.0,7.0,0.0,0.0,0
2,2,0,1,1,1,1,0,0,0.0,0,Python,2021-2023,1.0,0.5,0.0,0.0,0
2,2,0,1,1,1,1,0,0,0.0,0,Python,2021-2023,1.0,0.5,0.0,0.0,0
16,2,0,0,35,70,8,0,0,0.0,0,Python,2021-2023,1.0,0.49,0.0,0.0,0
19,2,0,0,41,34,8,2,21,4.9,0,Python,2021-2023,1.0,1.17,0.22,0.54,0
21,2,0,0,173,38,4,2,25,1.76,0,Python,2021-2023,1.0,4.44,0.4,0.35,0
21,2,0,0,2,1,2,0,0,0.0,0,Python,2021-2023,1.0,1.0,0.0,0.0,0
22,2,0,1,301,367,4,0,6,2.0,0,Python,2021-2023,1.0,0.82,0.0,0.4,0
16,3,0,0,139,47,100,11,0,0.0,0,Python,2021-2023,1.0,2.9,0.11,0.0,0
9,4,0,0,25,23,4,0,0,0.0,0,Python,2021-2023,1.0,1.04,0.0,0.0,0
22,6,1,1,1,1,1,0,0,0.0,0,Python,2021-2023,1.0,0.5,0.0,0.0,0
16,0,0,0,1,1,1,0,0,0.0,0,Python,2021-2023,1.0,0.5,0.0,0.0,0
16,0,0,0,1,1,1,0,0,0.0,0,Python,2021-2023,1.0,0.5,0.0,0.0,0
16,0,0,0,2,2,1,0,0,0.0,0,Python,2021-2023,1.0,0.67,0.0,0.0,0
9,2,0,0,6,6,3,0,0,0.0,0,Python,2021-2023,1.0,0.86,0.0,0.0,0
15,0,0,0,1,1,1,0,0,0.0,0,Python,2021-2023,1.0,0.5,0.0,0.0,0
17,0,0,0,1309,59,24,3,15,4.2,0,Python,2021-2023,1.0,21.82,0.12,0.17,0
21,0,0,0,920,1,46,6,18,1.94,0,Python,2021-2023,1.0,460.0,0.13,0.04,0
7,2,0,0,95,61,3,2,4,25.5,0,Python,2021-2023,1.0,1.53,0.5,6.38,0
18,2,0,0,911,1,36,5,16,1.69,0,Python,2021-2023,1.0,455.5,0.14,0.05,0
17,3,0,0,2499,1238,36,2,51,2.2,0,Python,2021-2023,1.0,2.02,0.05,0.06,0
2,4,0,1,46,1,2,0,0,0.0,0,Python,2021-2023,1.0,23.0,0.0,0.0,0
14,4,0,0,483,5,32,7,10,1.3,0,Python,2021-2023,1.0,80.5,0.21,0.04,0
7,0,0,0,1,1,1,0,1,19.0,0,Python,2021-2023,1.0,0.5,0.0,9.5,0
16,0,0,0,1,1,1,0,0,0.0,0,Python,2021-2023,1.0,0.5,0.0,0.0,0
16,0,0,0,3,3,2,0,0,0.0,0,Python,2021-2023,1.0,0.75,0.0,0.0,0
23,1,0,1,28,15,2,0,1,3.0,0,Python,2021-2023,1.0,1.75,0.0,1.0,0
23,1,0,1,8,2,1,0,1,21.0,0,Python,2021-2023,1.0,2.67,0.0,10.5,0
16,2,0,0,3,3,3,0,0,0.0,0,Python,2021-2023,1.0,0.75,0.0,0.0,0
21,2,0,0,3,2,1,0,0,0.0,0,Python,2021-2023,1.0,1.0,0.0,0.0,0
9,3,0,0,1462,3,39,3,14,1.57,0,Python,2021-2023,1.0,365.5,0.08,0.04,0
3,4,0,1,1,1,1,0,1,191.0,0,Python,2021-2023,1.0,0.5,0.0,95.5,0
6,4,0,0,9,2,2,0,1,5.0,0,Python,2021-2023,1.0,3.0,0.0,1.67,0
19,4,0,0,35,33,3,0,20,8.0,0,Python,2021-2023,1.0,1.03,0.0,2.0,0
20,4,0,0,60,8,6,0,2,7.5,0,Python,2021-2023,1.0,6.67,0.0,1.07,0
15,0,0,0,7,8,1,0,0,0.0,0,Python,2021-2023,1.0,0.78,0.0,0.0,0
16,0,0,0,1,1,1,0,0,0.0,0,Python,2021-2023,1.0,0.5,0.0,0.0,0
16,0,0,0,3,3,2,0,0,0.0,0,Python,2021-2023,1.0,0.75,0.0,0.0,0
16,0,0,0,1,1,1,0,0,0.0,0,Python,2021-2023,1.0,0.5,0.0,0.0,0
16,0,0,0,1,1,1,0,0,0.0,0,Python,2021-2023,1.0,0.5,0.0,0.0,0
17,0,0,0,1,1,1,0,0,0.0,0,Python,2021-2023,1.0,0.5,0.0,0.0,0
22,2,0,1,12,10,2,0,4,9.25,0,Python,2021-2023,1.0,1.09,0.0,3.08,0
5,0,0,1,17,2,3,1,1,1.0,0,Python,2021-2023,1.0,5.67,0.25,0.25,0
23,0,0,1,160,42,8,4,29,6.41,0,Python,2021-2023,1.0,3.72,0.44,0.71,0
21,1,0,0,88,26,4,1,7,9.86,0,Python,2021-2023,1.0,3.26,0.2,1.97,0
22,1,0,1,875,127,30,4,21,6.0,0,Python,2021-2023,1.0,6.84,0.13,0.19,0
20,2,0,0,49,1,2,1,5,6.6,0,Python,2021-2023,1.0,24.5,0.33,2.2,0
20,2,0,0,6,6,3,0,0,0.0,0,Python,2021-2023,1.0,0.86,0.0,0.0,0
23,2,0,1,348,30,7,2,29,2.79,0,Python,2021-2023,1.0,11.23,0.25,0.35,0
18,3,0,0,26,0,2,1,2,2.0,0,Python,2021-2023,1.0,26.0,0.33,0.67,0
22,4,0,1,54,0,2,1,3,3.0,0,Python,2021-2023,1.0,54.0,0.33,1.0,0
2,6,1,1,4,0,1,0,0,0.0,0,Python,2021-2023,1.0,4.0,0.0,0.0,0
13,0,0,0,15,0,1,1,1,1.0,0,Python,2021-2023,1.0,15.0,0.5,0.5,0
17,0,0,0,0,4,1,0,0,0.0,0,Python,2021-2023,1.0,0.0,0.0,0.0,0
20,0,0,0,7,3,3,0,0,0.0,0,Python,2021-2023,1.0,1.75,0.0,0.0,0
23,0,0,1,3,3,3,0,1,73.0,0,Python,2021-2023,1.0,0.75,0.0,18.25,0
3,1,0,1,1,2,1,0,0,0.0,0,Python,2021-2023,1.0,0.33,0.0,0.0,0
14,2,0,0,18,1,2,1,2,1.5,0,Python,2021-2023,1.0,9.0,0.33,0.5,0
17,2,0,0,26,3,2,0,3,16.0,0,Python,2021-2023,1.0,6.5,0.0,5.33,0
18,2,0,0,9,6,4,0,0,0.0,0,Python,2021-2023,1.0,1.29,0.0,0.0,0
18,2,0,0,63,63,13,0,2,53.5,0,Python,2021-2023,1.0,0.98,0.0,3.82,0
20,2,0,0,65,9,2,1,8,3.38,0,Python,2021-2023,1.0,6.5,0.33,1.13,0
14,3,0,0,23,14,2,2,1,2.0,0,Python,2021-2023,1.0,1.53,0.67,0.67,0
19,3,0,0,2,2,1,0,1,66.0,0,Python,2021-2023,1.0,0.67,0.0,33.0,0
7,4,0,0,0,24,1,0,5,1.0,0,Python,2021-2023,1.0,0.0,0.0,0.5,0
15,4,0,0,548,173,15,2,22,3.95,0,Python,2021-2023,1.0,3.15,0.12,0.25,0
15,4,0,0,1,1,1,0,0,0.0,0,Python,2021-2023,1.0,0.5,0.0,0.0,0
16,4,0,0,15,15,14,0,0,0.0,0,Python,2021-2023,1.0,0.94,0.0,0.0,0
15,0,0,0,7,1,2,0,2,8.0,0,Python,2021-2023,1.0,3.5,0.0,2.67,0
15,1,0,0,5,7,2,0,1,4.0,0,Python,2021-2023,1.0,0.62,0.0,1.33,0
15,1,0,0,145,185,14,0,4,3.0,0,Python,2021-2023,1.0,0.78,0.0,0.2,0
15,1,0,0,0,0,0,0,0,0.0,0,Python,2021-2023,1.0,0.0,0.0,0.0,0
2,2,0,1,94,81,36,3,15,2.2,0,Python,2021-2023,1.0,1.15,0.08,0.06,0
23,2,0,1,6473,31,8,1,10,1.4,0,Python,2021-2023,1.0,202.28,0.11,0.16,0
19,3,0,0,79,79,1,0,5,5.8,0,Python,2021-2023,1.0,0.99,0.0,2.9,0
22,3,0,1,181,178,30,2,5,2.4,0,Python,2021-2023,1.0,1.01,0.06,0.08,0
19,0,0,0,4,6,2,0,0,0.0,0,Python,2021-2023,1.0,0.57,0.0,0.0,0
18,2,0,0,21,0,3,0,0,0.0,0,Python,2021-2023,1.0,21.0,0.0,0.0,0
18,2,0,0,424,483,258,11,110,11.28,0,Python,2021-2023,1.0,0.88,0.04,0.04,0
18,2,0,0,203,179,5,0,0,0.0,0,Python,2021-2023,1.0,1.13,0.0,0.0,0
21,3,0,0,6,5,1,0,0,0.0,0,Python,2021-2023,1.0,1.0,0.0,0.0,0
16,0,0,0,2,2,1,0,0,0.0,0,Python,2021-2023,1.0,0.67,0.0,0.0,0
17,1,0,0,10,15,7,0,9,6.44,0,Python,2021-2023,1.0,0.62,0.0,0.8,0
21,1,0,0,5,5,3,0,5,2.2,0,Python,2021-2023,1.0,0.83,0.0,0.55,0
21,1,0,0,123,3,3,1,4,14.5,0,Python,2021-2023,1.0,30.75,0.25,3.62,0
15,2,0,0,10,10,2,0,0,0.0,0,Python,2021-2023,1.0,0.91,0.0,0.0,0
15,3,0,0,61,4,3,0,5,11.4,0,Python,2021-2023,1.0,12.2,0.0,2.85,0
22,3,0,1,265,20,23,2,6,2.0,0,Python,2021-2023,1.0,12.62,0.08,0.08,0
22,3,0,1,4,4,1,0,1,1.0,0,Python,2021-2023,1.0,0.8,0.0,0.5,0
23,4,0,1,1089,713,31,4,60,2.82,0,Python,2021-2023,1.0,1.53,0.12,0.09,0
23,4,0,1,6,3,4,1,2,1.0,0,Python,2021-2023,1.0,1.5,0.2,0.2,0
23,4,0,1,1027,94,22,3,29,4.34,0,Python,2021-2023,1.0,10.81,0.13,0.19,0
2,5,1,1,2,2,9,1,0,0.0,0,Python,2021-2023,1.0,0.67,0.1,0.0,0
11,0,0,0,6,6,3,0,0,0.0,0,Python,2021-2023,1.0,0.86,0.0,0.0,0
16,0,0,0,32,37,6,1,3,6.33,0,Python,2021-2023,1.0,0.84,0.14,0.9,0
17,0,0,0,1,1,1,0,0,0.0,0,Python,2021-2023,1.0,0.5,0.0,0.0,0
23,0,0,1,8,2,53,0,0,0.0,0,Python,2021-2023,1.0,2.67,0.0,0.0,0
0,1,0,1,53,19,4,3,2,1.5,0,Python,2021-2023,1.0,2.65,0.6,0.3,0
15,1,0,0,164,358,6,1,3,21.67,0,Python,2021-2023,1.0,0.46,0.14,3.1,0
21,1,0,0,201,98,5,3,6,10.33,0,Python,2021-2023,1.0,2.03,0.5,1.72,0
5,2,0,1,265,17,6,3,20,4.6,0,Python,2021-2023,1.0,14.72,0.43,0.66,0
17,4,0,0,74,4,2,1,6,3.83,0,Python,2021-2023,1.0,14.8,0.33,1.28,0
3,0,0,1,1,1,1,0,0,0.0,0,Python,2021-2023,1.0,0.5,0.0,0.0,0
3,0,0,1,1,1,1,0,0,0.0,0,Python,2021-2023,1.0,0.5,0.0,0.0,0
3,0,0,1,1,1,1,0,0,0.0,0,Python,2021-2023,1.0,0.5,0.0,0.0,0
3,0,0,1,1,1,1,0,0,0.0,0,Python,2021-2023,1.0,0.5,0.0,0.0,0
3,0,0,1,1,1,1,0,0,0.0,0,Python,2021-2023,1.0,0.5,0.0,0.0,0
3,0,0,1,1,1,1,0,0,0.0,0,Python,2021-2023,1.0,0.5,0.0,0.0,0
13,0,0,0,3,3,2,0,0,0.0,0,Python,2021-2023,1.0,0.75,0.0,0.0,0
13,0,0,0,1,1,1,0,0,0.0,0,Python,2021-2023,1.0,0.5,0.0,0.0,0
13,0,0,0,5,5,5,0,0,0.0,0,Python,2021-2023,1.0,0.83,0.0,0.0,0
13,0,0,0,15,15,14,0,0,0.0,0,Python,2021-2023,1.0,0.94,0.0,0.0,0
13,0,0,0,1,1,1,0,0,0.0,0,Python,2021-2023,1.0,0.5,0.0,0.0,0
16,0,0,0,7,7,1,0,0,0.0,0,Python,2021-2023,1.0,0.88,0.0,0.0,0
19,0,0,0,1,0,1,0,0,0.0,0,Python,2021-2023,1.0,1.0,0.0,0.0,0
19,1,0,0,20,15,5,0,0,0.0,0,Python,2021-2023,1.0,1.25,0.0,0.0,0
4,3,0,1,190,131,3,1,36,5.42,0,Python,2021-2023,1.0,1.44,0.25,1.36,0
16,3,0,0,3,3,3,0,0,0.0,0,Python,2021-2023,1.0,0.75,0.0,0.0,0
20,2,0,0,21,1,4,0,0,0.0,0,Python,2021-2023,1.0,10.5,0.0,0.0,0
23,3,0,1,5,5,1,0,0,0.0,0,Python,2021-2023,1.0,0.83,0.0,0.0,0
8,5,1,0,0,876,1,1,26,5.73,0,Python,2021-2023,1.0,0.0,0.5,2.86,0
4,6,1,1,3,3,1,0,1,191.0,0,Python,2021-2023,1.0,0.75,0.0,95.5,0
10,0,0,0,3,3,10,1,1,1.0,0,Python,2021-2023,1.0,0.75,0.09,0.09,0
18,0,0,0,16,22,1,0,0,0.0,0,Python,2021-2023,1.0,0.7,0.0,0.0,0
21,2,0,0,32,17,5,1,5,5.0,0,Python,2021-2023,1.0,1.78,0.17,0.83,0
21,2,0,0,19,15,6,1,3,1.67,0,Python,2021-2023,1.0,1.19,0.14,0.24,0
21,2,0,0,86,5,2,1,5,5.4,0,Python,2021-2023,1.0,14.33,0.33,1.8,0
19,3,0,0,9,3,3,0,0,0.0,0,Python,2021-2023,1.0,2.25,0.0,0.0,0
1,4,0,1,3,1,2,0,0,0.0,0,Python,2021-2023,1.0,1.5,0.0,0.0,0
9,0,0,0,89,1,3,1,1,1.0,0,Python,2021-2023,1.0,44.5,0.25,0.25,0
22,0,0,1,6,5,2,0,0,0.0,0,Python,2021-2023,1.0,1.0,0.0,0.0,0
18,1,0,0,6,0,1,0,0,0.0,0,Python,2021-2023,1.0,6.0,0.0,0.0,0
23,2,0,1,106,57,6,1,9,7.22,0,Python,2021-2023,1.0,1.83,0.14,1.03,0
5,3,0,1,21,1,2,0,0,0.0,0,Python,2021-2023,1.0,10.5,0.0,0.0,0
22,3,0,1,1,8,2,0,0,0.0,0,Python,2021-2023,1.0,0.11,0.0,0.0,0
17,0,0,0,13,13,2,1,4,1.0,0,Python,2021-2023,1.0,0.93,0.33,0.33,0
15,1,0,0,32,0,3,0,0,0.0,0,Python,2021-2023,1.0,32.0,0.0,0.0,0
19,1,0,0,11,12,1,0,0,0.0,0,Python,2021-2023,1.0,0.85,0.0,0.0,0
19,1,0,0,1,1,1,0,0,0.0,0,Python,2021-2023,1.0,0.5,0.0,0.0,0
17,2,0,0,1,0,1,0,0,0.0,0,Python,2021-2023,1.0,1.0,0.0,0.0,0
18,2,0,0,1,1,1,0,0,0.0,0,Python,2021-2023,1.0,0.5,0.0,0.0,0
18,2,0,0,1,1,1,0,0,0.0,0,Python,2021-2023,1.0,0.5,0.0,0.0,0
18,2,0,0,1,1,1,0,0,0.0,0,Python,2021-2023,1.0,0.5,0.0,0.0,0
18,2,0,0,1,1,1,0,0,0.0,0,Python,2021-2023,1.0,0.5,0.0,0.0,0
18,2,0,0,15,15,14,0,0,0.0,0,Python,2021-2023,1.0,0.94,0.0,0.0,0
18,2,0,0,3,3,2,0,0,0.0,0,Python,2021-2023,1.0,0.75,0.0,0.0,0
18,2,0,0,9,9,9,0,0,0.0,0,Python,2021-2023,1.0,0.9,0.0,0.0,0
18,2,0,0,1,1,1,0,0,0.0,0,Python,2021-2023,1.0,0.5,0.0,0.0,0
18,2,0,0,1,1,1,0,0,0.0,0,Python,2021-2023,1.0,0.5,0.0,0.0,0
19,2,0,0,1,1,1,0,0,0.0,0,Python,2021-2023,1.0,0.5,0.0,0.0,0
19,2,0,0,2,2,1,0,1,7.0,0,Python,2021-2023,1.0,0.67,0.0,3.5,0
20,2,0,0,1,1,1,0,0,0.0,0,Python,2021-2023,1.0,0.5,0.0,0.0,0
16,4,0,0,12,3,1,0,1,4.0,0,Python,2021-2023,1.0,3.0,0.0,2.0,0
13,5,1,0,54,38,20,2,17,2.59,0,Python,2021-2023,1.0,1.38,0.1,0.12,0
0,1,0,1,969,41,43,3,15,3.13,0,Python,2021-2023,1.0,23.07,0.07,0.07,0
1,3,0,1,83,46,4,1,12,2.67,0,Python,2021-2023,1.0,1.77,0.2,0.53,0
16,3,0,0,507,5,6,1,23,11.57,0,Python,2021-2023,1.0,84.5,0.14,1.65,0
16,4,0,0,2,0,1,0,0,0.0,0,Python,2021-2023,1.0,2.0,0.0,0.0,0
15,1,0,0,9,9,1,0,8,1.0,0,Python,2021-2023,1.0,0.9,0.0,0.5,0
1,2,0,1,2420,2750,64,7,238,4.29,0,Python,2021-2023,1.0,0.88,0.11,0.07,0
11,3,0,0,197,4,3,1,15,5.53,0,Python,2021-2023,1.0,39.4,0.25,1.38,0
11,3,0,0,321,58,14,2,30,6.2,0,Python,2021-2023,1.0,5.44,0.13,0.41,0
11,3,0,0,869,448,93,3,10,9.8,0,Python,2021-2023,1.0,1.94,0.03,0.1,0
21,0,0,0,8,1,1,0,1,50.0,0,Python,2021-2023,1.0,4.0,0.0,25.0,0
15,1,0,0,1,0,1,1,0,0.0,0,Python,2021-2023,1.0,1.0,0.5,0.0,0
16,2,0,0,20,1,4,1,2,1.0,0,Python,2021-2023,1.0,10.0,0.2,0.2,0
16,2,0,0,43,3,3,1,5,1.2,0,Python,2021-2023,1.0,10.75,0.25,0.3,0
16,2,0,0,32,1,2,1,3,2.67,0,Python,2021-2023,1.0,16.0,0.33,0.89,0
16,2,0,0,52,12,2,1,7,1.14,0,Python,2021-2023,1.0,4.0,0.33,0.38,0
12,3,0,0,53,5,3,1,9,1.89,0,Python,2021-2023,1.0,8.83,0.25,0.47,0
12,3,0,0,11,5,2,1,5,1.6,0,Python,2021-2023,1.0,1.83,0.33,0.53,0
14,3,0,0,12,5,2,1,2,14.0,0,Python,2021-2023,1.0,2.0,0.33,4.67,0
14,3,0,0,31,6,3,1,4,3.5,0,Python,2021-2023,1.0,4.43,0.25,0.88,0
23,3,0,1,15,12,3,1,5,2.2,0,Python,2021-2023,1.0,1.15,0.25,0.55,0
14,4,0,0,78,0,4,1,7,1.57,0,Python,2021-2023,1.0,78.0,0.2,0.31,0
15,4,0,0,31,7,2,1,13,1.85,0,Python,2021-2023,1.0,3.88,0.33,0.62,0
15,4,0,0,1,1,1,0,0,0.0,0,Python,2021-2023,1.0,0.5,0.0,0.0,0
16,4,0,0,1,1,1,0,0,0.0,0,Python,2021-2023,1.0,0.5,0.0,0.0,0
16,4,0,0,1,1,1,0,0,0.0,0,Python,2021-2023,1.0,0.5,0.0,0.0,0
17,4,0,0,63,1,2,0,0,0.0,0,Python,2021-2023,1.0,31.5,0.0,0.0,0
12,0,0,0,1,5,1,1,1,3.0,0,Python,2021-2023,1.0,0.17,0.5,1.5,0
14,0,0,0,41,10,3,1,15,3.6,0,Python,2021-2023,1.0,3.73,0.25,0.9,0
14,0,0,0,15,0,4,1,1,3.0,0,Python,2021-2023,1.0,15.0,0.2,0.6,0
16,0,0,0,1,1,1,0,0,0.0,0,Python,2021-2023,1.0,0.5,0.0,0.0,0
16,0,0,0,10,11,1,1,9,1.44,0,Python,2021-2023,1.0,0.83,0.5,0.72,0
16,0,0,0,56,86,1,1,26,2.0,0,Python,2021-2023,1.0,0.64,0.5,1.0,0
16,0,0,0,62,115,1,1,37,2.32,0,Python,2021-2023,1.0,0.53,0.5,1.16,0
16,0,0,0,2,4,1,1,1,1.0,0,Python,2021-2023,1.0,0.4,0.5,0.5,0
16,0,0,0,61,72,1,1,13,1.77,0,Python,2021-2023,1.0,0.84,0.5,0.88,0
16,0,0,0,10,20,1,1,9,1.11,0,Python,2021-2023,1.0,0.48,0.5,0.56,0
16,0,0,0,10,12,1,1,3,2.0,0,Python,2021-2023,1.0,0.77,0.5,1.0,0
16,0,0,0,7,7,1,1,2,7.0,0,Python,2021-2023,1.0,0.88,0.5,3.5,0
16,0,0,0,8,24,1,1,6,1.0,0,Python,2021-2023,1.0,0.32,0.5,0.5,0
16,0,0,0,7,11,1,1,2,1.0,0,Python,2021-2023,1.0,0.58,0.5,0.5,0
16,0,0,0,2,6,1,1,1,1.0,0,Python,2021-2023,1.0,0.29,0.5,0.5,0
16,0,0,0,12,38,1,1,4,1.0,0,Python,2021-2023,1.0,0.31,0.5,0.5,0
16,0,0,0,13,5,1,1,1,3.0,0,Python,2021-2023,1.0,2.17,0.5,1.5,0
16,0,0,0,22,27,1,1,15,2.07,0,Python,2021-2023,1.0,0.79,0.5,1.03,0
16,0,0,0,6,6,1,1,2,1.0,0,Python,2021-2023,1.0,0.86,0.5,0.5,0
16,0,0,0,15,34,1,1,11,1.45,0,Python,2021-2023,1.0,0.43,0.5,0.72,0
16,0,0,0,11,11,1,1,6,1.17,0,Python,2021-2023,1.0,0.92,0.5,0.58,0
16,0,0,0,3,3,1,1,2,1.0,0,Python,2021-2023,1.0,0.75,0.5,0.5,0
16,0,0,0,9,18,1,1,4,3.0,0,Python,2021-2023,1.0,0.47,0.5,1.5,0
16,0,0,0,1,1,1,1,0,0.0,0,Python,2021-2023,1.0,0.5,0.5,0.0,0
16,0,0,0,4,7,1,1,1,1.0,0,Python,2021-2023,1.0,0.5,0.5,0.5,0
16,0,0,0,6,12,1,1,2,5.5,0,Python,2021-2023,1.0,0.46,0.5,2.75,0
16,0,0,0,10,25,1,1,5,1.2,0,Python,2021-2023,1.0,0.38,0.5,0.6,0
16,0,0,0,15,28,1,1,8,1.25,0,Python,2021-2023,1.0,0.52,0.5,0.62,0
16,0,0,0,7,12,1,1,6,1.0,0,Python,2021-2023,1.0,0.54,0.5,0.5,0
16,0,0,0,7,10,1,1,1,1.0,0,Python,2021-2023,1.0,0.64,0.5,0.5,0
16,0,0,0,1,6,1,1,0,0.0,0,Python,2021-2023,1.0,0.14,0.5,0.0,0
16,0,0,0,4,4,1,1,1,1.0,0,Python,2021-2023,1.0,0.8,0.5,0.5,0
16,0,0,0,5,15,1,1,2,1.0,0,Python,2021-2023,1.0,0.31,0.5,0.5,0
16,0,0,0,6,9,1,1,2,1.5,0,Python,2021-2023,1.0,0.6,0.5,0.75,0
16,0,0,0,3,9,1,1,1,1.0,0,Python,2021-2023,1.0,0.3,0.5,0.5,0
16,0,0,0,9,13,1,1,3,2.0,0,Python,2021-2023,1.0,0.64,0.5,1.0,0
16,0,0,0,27,40,1,1,20,1.05,0,Python,2021-2023,1.0,0.66,0.5,0.52,0
16,0,0,0,28,35,1,1,19,1.26,0,Python,2021-2023,1.0,0.78,0.5,0.63,0
16,0,0,0,9,15,1,1,7,1.0,0,Python,2021-2023,1.0,0.56,0.5,0.5,0
16,0,0,0,9,19,1,1,9,2.33,0,Python,2021-2023,1.0,0.45,0.5,1.16,0
16,0,0,0,9,18,1,1,5,2.8,0,Python,2021-2023,1.0,0.47,0.5,1.4,0
16,0,0,0,0,1,1,1,0,0.0,0,Python,2021-2023,1.0,0.0,0.5,0.0,0
16,0,0,0,3,6,1,1,2,1.0,0,Python,2021-2023,1.0,0.43,0.5,0.5,0
16,0,0,0,0,2,1,1,0,0.0,0,Python,2021-2023,1.0,0.0,0.5,0.0,0
16,0,0,0,3,10,1,1,1,2.0,0,Python,2021-2023,1.0,0.27,0.5,1.0,0
16,0,0,0,4,10,1,1,1,6.0,0,Python,2021-2023,1.0,0.36,0.5,3.0,0
16,0,0,0,12,6,1,1,4,1.0,0,Python,2021-2023,1.0,1.71,0.5,0.5,0
16,0,0,0,35,51,1,1,23,2.52,0,Python,2021-2023,1.0,0.67,0.5,1.26,0
16,0,0,0,18,19,1,1,12,1.17,0,Python,2021-2023,1.0,0.9,0.5,0.58,0
16,0,0,0,5,7,1,1,2,1.0,0,Python,2021-2023,1.0,0.62,0.5,0.5,0
16,0,0,0,25,28,2,1,13,2.0,0,Python,2021-2023,1.0,0.86,0.33,0.67,0
16,0,0,0,65,97,1,1,16,1.88,0,Python,2021-2023,1.0,0.66,0.5,0.94,0
16,0,0,0,7,17,1,1,5,1.0,0,Python,2021-2023,1.0,0.39,0.5,0.5,0
16,0,0,0,3,2,1,1,2,1.0,0,Python,2021-2023,1.0,1.0,0.5,0.5,0
16,0,0,0,6,15,1,1,7,1.0,0,Python,2021-2023,1.0,0.38,0.5,0.5,0
16,0,0,0,27,17,1,1,17,1.0,0,Python,2021-2023,1.0,1.5,0.5,0.5,0
16,0,0,0,0,13,1,0,1,1.0,0,Python,2021-2023,1.0,0.0,0.0,0.5,0
16,0,0,0,9,11,1,1,3,1.0,0,Python,2021-2023,1.0,0.75,0.5,0.5,0
16,0,0,0,1,6,1,1,1,1.0,0,Python,2021-2023,1.0,0.14,0.5,0.5,0
16,0,0,0,2,2,1,1,0,0.0,0,Python,2021-2023,1.0,0.67,0.5,0.0,0
16,0,0,0,6,15,1,1,5,3.4,0,Python,2021-2023,1.0,0.38,0.5,1.7,0
16,0,0,0,40,21,1,1,11,2.09,0,Python,2021-2023,1.0,1.82,0.5,1.04,0
16,0,0,0,88,219,1,1,119,1.17,0,Python,2021-2023,1.0,0.4,0.5,0.58,0
16,0,0,0,2,32,1,0,4,1.25,0,Python,2021-2023,1.0,0.06,0.0,0.62,0
16,0,0,0,3,19,2,0,1,1.0,0,Python,2021-2023,1.0,0.15,0.0,0.33,0
16,0,0,0,18,18,1,0,1,12.0,0,Python,2021-2023,1.0,0.95,0.0,6.0,0
16,0,0,0,2,34,1,1,4,1.25,0,Python,2021-2023,1.0,0.06,0.5,0.62,0
16,0,0,0,2,35,1,1,4,1.25,0,Python,2021-2023,1.0,0.06,0.5,0.62,0
16,0,0,0,60,63,1,1,1,2.0,0,Python,2021-2023,1.0,0.94,0.5,1.0,0
16,0,0,0,42,44,1,1,1,1.0,0,Python,2021-2023,1.0,0.93,0.5,0.5,0
16,0,0,0,49,51,1,1,2,1.0,0,Python,2021-2023,1.0,0.94,0.5,0.5,0
16,0,0,0,15,16,1,1,1,1.0,0,Python,2021-2023,1.0,0.88,0.5,0.5,0
16,0,0,0,5,13,1,1,2,1.0,0,Python,2021-2023,1.0,0.36,0.5,0.5,0
16,0,0,0,0,31,1,0,2,1.5,0,Python,2021-2023,1.0,0.0,0.0,0.75,0
16,0,0,0,3,6,1,1,0,0.0,0,Python,2021-2023,1.0,0.43,0.5,0.0,0
16,0,0,0,34,67,1,1,16,1.62,0,Python,2021-2023,1.0,0.5,0.5,0.81,0
16,0,0,0,10,6,1,1,5,1.0,0,Python,2021-2023,1.0,1.43,0.5,0.5,0
16,0,0,0,22,35,1,1,16,1.75,0,Python,2021-2023,1.0,0.61,0.5,0.88,0
16,0,0,0,0,104,1,1,15,1.0,0,Python,2021-2023,1.0,0.0,0.5,0.5,0
16,0,0,0,4,13,1,1,4,1.0,0,Python,2021-2023,1.0,0.29,0.5,0.5,0
16,0,0,0,33,43,1,1,11,2.18,0,Python,2021-2023,1.0,0.75,0.5,1.09,0
16,0,0,0,3,5,1,1,2,1.0,0,Python,2021-2023,1.0,0.5,0.5,0.5,0
16,0,0,0,2,4,1,1,1,1.0,0,Python,2021-2023,1.0,0.4,0.5,0.5,0
16,0,0,0,2,4,1,1,2,1.0,0,Python,2021-2023,1.0,0.4,0.5,0.5,0
16,0,0,0,11,14,1,1,5,1.0,0,Python,2021-2023,1.0,0.73,0.5,0.5,0
16,0,0,0,1,12,1,1,0,0.0,0,Python,2021-2023,1.0,0.08,0.5,0.0,0
16,0,0,0,7,11,1,1,2,1.5,0,Python,2021-2023,1.0,0.58,0.5,0.75,0
16,0,0,0,10,20,1,1,7,1.71,0,Python,2021-2023,1.0,0.48,0.5,0.86,0
16,0,0,0,8,7,1,1,2,1.0,0,Python,2021-2023,1.0,1.0,0.5,0.5,0
16,0,0,0,10,22,1,1,8,1.0,0,Python,2021-2023,1.0,0.43,0.5,0.5,0
17,0,0,0,9,9,6,5,7,3.43,0,Python,2021-2023,1.0,0.9,0.71,0.49,0
9,1,0,0,66,0,3,1,6,2.5,0,Python,2021-2023,1.0,66.0,0.25,0.62,0
9,1,0,0,5,5,4,1,0,0.0,0,Python,2021-2023,1.0,0.83,0.2,0.0,0
9,1,0,0,1,1,1,1,0,0.0,0,Python,2021-2023,1.0,0.5,0.5,0.0,0
11,1,0,0,21,0,3,1,2,2.0,0,Python,2021-2023,1.0,21.0,0.25,0.5,0
11,1,0,0,55,0,3,1,3,1.33,0,Python,2021-2023,1.0,55.0,0.25,0.33,0
12,1,0,0,35,0,4,1,5,1.6,0,Python,2021-2023,1.0,35.0,0.2,0.32,0
12,1,0,0,27,0,3,1,3,1.33,0,Python,2021-2023,1.0,27.0,0.25,0.33,0
12,1,0,0,25,0,4,1,2,2.0,0,Python,2021-2023,1.0,25.0,0.2,0.4,0
12,1,0,0,8,0,2,1,2,1.0,0,Python,2021-2023,1.0,8.0,0.33,0.33,0
12,1,0,0,2,2,2,0,3,10.33,0,Python,2021-2023,1.0,0.67,0.0,3.44,0
14,1,0,0,6,6,1,0,0,0.0,0,Python,2021-2023,1.0,0.86,0.0,0.0,0
14,1,0,0,38,3,2,1,1,24.0,0,Python,2021-2023,1.0,9.5,0.33,8.0,0
14,1,0,0,31,2,3,1,3,1.0,0,Python,2021-2023,1.0,10.33,0.25,0.25,0
14,1,0,0,11,0,1,0,0,0.0,0,Python,2021-2023,1.0,11.0,0.0,0.0,0
14,1,0,0,3,117,2,0,0,0.0,0,Python,2021-2023,1.0,0.03,0.0,0.0,0
15,1,0,0,1,1,1,0,0,0.0,0,Python,2021-2023,1.0,0.5,0.0,0.0,0
16,1,0,0,18,15,5,0,5,6.4,0,Python,2021-2023,1.0,1.12,0.0,1.07,0
16,1,0,0,6,1,1,0,1,14.0,0,Python,2021-2023,1.0,3.0,0.0,7.0,0
16,1,0,0,18,18,7,4,14,2.0,0,Python,2021-2023,1.0,0.95,0.5,0.25,0
16,1,0,0,9,13,1,0,5,2.6,0,Python,2021-2023,1.0,0.64,0.0,1.3,0
16,1,0,0,20,0,1,0,2,2.0,0,Python,2021-2023,1.0,20.0,0.0,1.0,0
16,1,0,0,86,24,3,1,9,2.78,0,Python,2021-2023,1.0,3.44,0.25,0.7,0
16,1,0,0,53,24,2,0,0,0.0,0,Python,2021-2023,1.0,2.12,0.0,0.0,0
16,1,0,0,2,0,1,0,0,0.0,0,Python,2021-2023,1.0,2.0,0.0,0.0,0
16,1,0,0,4,1,1,1,1,2.0,0,Python,2021-2023,1.0,2.0,0.5,1.0,0
16,1,0,0,9,8,1,0,3,3.67,0,Python,2021-2023,1.0,1.0,0.0,1.84,0
16,1,0,0,5,0,1,0,0,0.0,0,Python,2021-2023,1.0,5.0,0.0,0.0,0
16,1,0,0,72,2,4,1,8,1.88,0,Python,2021-2023,1.0,24.0,0.2,0.38,0
17,1,0,0,25,15,4,1,6,5.0,0,Python,2021-2023,1.0,1.56,0.2,1.0,0
17,1,0,0,107,0,3,1,8,2.25,0,Python,2021-2023,1.0,107.0,0.25,0.56,0
17,1,0,0,6,1,2,1,2,1.5,0,Python,2021-2023,1.0,3.0,0.33,0.5,0
18,1,0,0,12,4,2,1,3,2.0,0,Python,2021-2023,1.0,2.4,0.33,0.67,0
18,1,0,0,37,12,3,1,4,1.5,0,Python,2021-2023,1.0,2.85,0.25,0.38,0
18,1,0,0,212,3,3,1,9,7.67,0,Python,2021-2023,1.0,53.0,0.25,1.92,0
18,1,0,0,1,1,1,0,0,0.0,0,Python,2021-2023,1.0,0.5,0.0,0.0,0
18,1,0,0,1,1,1,0,0,0.0,0,Python,2021-2023,1.0,0.5,0.0,0.0,0
19,1,0,0,8,1,3,1,3,2.67,0,Python,2021-2023,1.0,4.0,0.25,0.67,0
21,1,0,0,8,16,4,0,2,5.0,0,Python,2021-2023,1.0,0.47,0.0,1.0,0
21,1,0,0,7,1,2,0,1,4.0,0,Python,2021-2023,1.0,3.5,0.0,1.33,0
8,2,0,0,2,2,1,0,0,0.0,0,Python,2021-2023,1.0,0.67,0.0,0.0,0
8,2,0,0,1,1,1,0,0,0.0,0,Python,2021-2023,1.0,0.5,0.0,0.0,0
8,2,0,0,1,1,1,0,1,24.0,0,Python,2021-2023,1.0,0.5,0.0,12.0,0
8,2,0,0,1,1,1,0,1,24.0,0,Python,2021-2023,1.0,0.5,0.0,12.0,0
8,2,0,0,1,1,1,0,1,24.0,0,Python,2021-2023,1.0,0.5,0.0,12.0,0
8,2,0,0,1,1,1,0,1,24.0,0,Python,2021-2023,1.0,0.5,0.0,12.0,0
8,2,0,0,1,1,1,0,1,24.0,0,Python,2021-2023,1.0,0.5,0.0,12.0,0
8,2,0,0,4,4,1,0,1,24.0,0,Python,2021-2023,1.0,0.8,0.0,12.0,0
9,2,0,0,4,13,1,0,1,6.0,0,Python,2021-2023,1.0,0.29,0.0,3.0,0
10,2,0,0,104,1,4,1,11,1.55,0,Python,2021-2023,1.0,52.0,0.2,0.31,0
10,2,0,0,34,1,4,1,2,1.5,0,Python,2021-2023,1.0,17.0,0.2,0.3,0
10,2,0,0,1,12,3,2,0,0.0,0,Python,2021-2023,1.0,0.08,0.5,0.0,0
10,2,0,0,94,1,2,0,1,3.0,0,Python,2021-2023,1.0,47.0,0.0,1.0,0
10,2,0,0,14,11,11,0,0,0.0,0,Python,2021-2023,1.0,1.17,0.0,0.0,0
10,2,0,0,15,0,3,1,1,2.0,0,Python,2021-2023,1.0,15.0,0.25,0.5,0
10,2,0,0,12,1,2,0,0,0.0,0,Python,2021-2023,1.0,6.0,0.0,0.0,0
10,2,0,0,20,0,3,1,3,1.0,0,Python,2021-2023,1.0,20.0,0.25,0.25,0
10,2,0,0,1,1,1,0,1,3.0,0,Python,2021-2023,1.0,0.5,0.0,1.5,0
11,2,0,0,30,0,2,1,6,1.0,0,Python,2021-2023,1.0,30.0,0.33,0.33,0
11,2,0,0,118,5,3,1,11,2.55,0,Python,2021-2023,1.0,19.67,0.25,0.64,0
11,2,0,0,159,35,4,1,16,4.19,0,Python,2021-2023,1.0,4.42,0.2,0.84,0
13,2,0,0,25,44,6,1,11,1.82,0,Python,2021-2023,1.0,0.56,0.14,0.26,0
13,2,0,0,16,0,1,0,0,0.0,0,Python,2021-2023,1.0,16.0,0.0,0.0,0
13,2,0,0,31,0,2,1,6,1.33,0,Python,2021-2023,1.0,31.0,0.33,0.44,0
13,2,0,0,10,0,2,1,2,1.0,0,Python,2021-2023,1.0,10.0,0.33,0.33,0
15,2,0,0,53,0,3,1,3,2.33,0,Python,2021-2023,1.0,53.0,0.25,0.58,0
15,2,0,0,24,24,2,0,2,2.0,0,Python,2021-2023,1.0,0.96,0.0,0.67,0
16,2,0,0,11,5,1,1,1,5.0,0,Python,2021-2023,1.0,1.83,0.5,2.5,0
17,2,0,0,1,1,1,1,1,1.0,0,Python,2021-2023,1.0,0.5,0.5,0.5,0
9,3,0,0,306,89,1,0,0,0.0,0,Python,2021-2023,1.0,3.4,0.0,0.0,0
11,3,0,0,11,15,3,1,6,1.67,0,Python,2021-2023,1.0,0.69,0.25,0.42,0
11,3,0,0,54,2,3,1,7,1.29,0,Python,2021-2023,1.0,18.0,0.25,0.32,0
12,3,0,0,19,2,2,1,2,3.5,0,Python,2021-2023,1.0,6.33,0.33,1.17,0
12,3,0,0,68,0,3,1,5,2.4,0,Python,2021-2023,1.0,68.0,0.25,0.6,0
12,3,0,0,3,5,2,1,2,3.5,0,Python,2021-2023,1.0,0.5,0.33,1.17,0
13,3,0,0,13,3,1,1,3,2.0,0,Python,2021-2023,1.0,3.25,0.5,1.0,0
15,3,0,0,3,0,1,1,2,1.0,0,Python,2021-2023,1.0,3.0,0.5,0.5,0
16,3,0,0,8,1,1,1,1,3.0,0,Python,2021-2023,1.0,4.0,0.5,1.5,0
17,3,0,0,9,9,1,1,3,1.33,0,Python,2021-2023,1.0,0.9,0.5,0.66,0
17,3,0,0,0,1,1,1,1,1.0,0,Python,2021-2023,1.0,0.0,0.5,0.5,0
17,3,0,0,9,2,1,0,0,0.0,0,Python,2021-2023,1.0,3.0,0.0,0.0,0
17,3,0,0,398,47,3,1,54,1.94,0,Python,2021-2023,1.0,8.29,0.25,0.48,0
18,3,0,0,4,0,1,0,0,0.0,0,Python,2021-2023,1.0,4.0,0.0,0.0,0
18,3,0,0,1,2,1,0,1,4.0,0,Python,2021-2023,1.0,0.33,0.0,2.0,0
21,3,0,0,1,1,1,0,1,3.0,0,Python,2021-2023,1.0,0.5,0.0,1.5,0
22,3,0,1,29,15,1,0,1,6.0,0,Python,2021-2023,1.0,1.81,0.0,3.0,0
10,4,0,0,1,22,3,1,3,1.67,0,Python,2021-2023,1.0,0.04,0.25,0.42,0
10,4,0,0,65,5,3,1,6,2.17,0,Python,2021-2023,1.0,10.83,0.25,0.54,0
10,4,0,0,1,1,1,1,0,0.0,0,Python,2021-2023,1.0,0.5,0.5,0.0,0
11,4,0,0,22,1,3,0,2,7.0,0,Python,2021-2023,1.0,11.0,0.0,1.75,0
11,4,0,0,0,16,2,1,3,1.33,0,Python,2021-2023,1.0,0.0,0.33,0.44,0
11,4,0,0,5,0,1,0,0,0.0,0,Python,2021-2023,1.0,5.0,0.0,0.0,0
11,4,0,0,1,0,1,0,0,0.0,0,Python,2021-2023,1.0,1.0,0.0,0.0,0
11,4,0,0,3,2,2,0,2,11.5,0,Python,2021-2023,1.0,1.0,0.0,3.83,0
12,4,0,0,1,1,1,1,2,1.0,0,Python,2021-2023,1.0,0.5,0.5,0.5,0
12,4,0,0,214,16,4,1,31,2.35,0,Python,2021-2023,1.0,12.59,0.2,0.47,0
12,4,0,0,0,3,1,1,1,1.0,0,Python,2021-2023,1.0,0.0,0.5,0.5,0
12,4,0,0,6,3,1,1,1,1.0,0,Python,2021-2023,1.0,1.5,0.5,0.5,0
12,4,0,0,0,3,1,1,2,2.5,0,Python,2021-2023,1.0,0.0,0.5,1.25,0
12,4,0,0,3,3,1,1,3,2.0,0,Python,2021-2023,1.0,0.75,0.5,1.0,0
13,4,0,0,23,23,1,1,4,1.0,0,Python,2021-2023,1.0,0.96,0.5,0.5,0
13,4,0,0,79,27,4,1,5,3.4,0,Python,2021-2023,1.0,2.82,0.2,0.68,0
13,4,0,0,75,0,3,1,8,1.75,0,Python,2021-2023,1.0,75.0,0.25,0.44,0
13,4,0,0,26,0,2,1,2,1.0,0,Python,2021-2023,1.0,26.0,0.33,0.33,0
13,4,0,0,11,3,2,1,3,5.67,0,Python,2021-2023,1.0,2.75,0.33,1.89,0
14,4,0,0,3,3,1,0,0,0.0,0,Python,2021-2023,1.0,0.75,0.0,0.0,0
14,4,0,0,12,4,2,1,3,6.33,0,Python,2021-2023,1.0,2.4,0.33,2.11,0
14,4,0,0,100,10,3,1,11,3.64,0,Python,2021-2023,1.0,9.09,0.25,0.91,0
15,4,0,0,53,57,2,1,10,1.7,0,Python,2021-2023,1.0,0.91,0.33,0.57,0
15,4,0,0,0,2,1,0,1,5.0,0,Python,2021-2023,1.0,0.0,0.0,2.5,0
15,4,0,0,18,9,3,0,40,4.7,0,Python,2021-2023,1.0,1.8,0.0,1.18,0
16,4,0,0,51,3,2,1,2,1.0,0,Python,2021-2023,1.0,12.75,0.33,0.33,0
16,4,0,0,678,631,2,0,69,4.19,0,Python,2021-2023,1.0,1.07,0.0,1.4,0
17,4,0,0,19,0,2,1,2,1.0,0,Python,2021-2023,1.0,19.0,0.33,0.33,0
17,4,0,0,146,126,77,2,6,22.0,0,Python,2021-2023,1.0,1.15,0.03,0.28,0
17,4,0,0,3,2,1,0,0,0.0,0,Python,2021-2023,1.0,1.0,0.0,0.0,0
17,4,0,0,6,1,1,1,1,1.0,0,Python,2021-2023,1.0,3.0,0.5,0.5,0
17,4,0,0,48,0,2,1,3,1.67,0,Python,2021-2023,1.0,48.0,0.33,0.56,0
14,5,1,0,9,8,1,1,1,1.0,0,Python,2021-2023,1.0,1.0,0.5,0.5,0
17,6,1,0,7,1,1,1,1,2.0,0,Python,2021-2023,1.0,3.5,0.5,1.0,0
17,6,1,0,2,2,1,1,1,1.0,0,Python,2021-2023,1.0,0.67,0.5,0.5,0
17,6,1,0,8,0,1,0,0,0.0,0,Python,2021-2023,1.0,8.0,0.0,0.0,0
10,0,0,0,9,0,1,0,0,0.0,0,Python,2021-2023,1.0,9.0,0.0,0.0,0
10,0,0,0,2,2,1,1,1,1.0,0,Python,2021-2023,1.0,0.67,0.5,0.5,0
12,0,0,0,43,4,3,1,6,1.33,0,Python,2021-2023,1.0,8.6,0.25,0.33,0
13,0,0,0,156,2,2,1,2,12.5,0,Python,2021-2023,1.0,52.0,0.33,4.17,0
13,0,0,0,12,0,2,1,2,1.0,0,Python,2021-2023,1.0,12.0,0.33,0.33,0
13,0,0,0,6,0,2,1,2,1.5,0,Python,2021-2023,1.0,6.0,0.33,0.5,0
13,0,0,0,12,0,2,1,2,1.0,0,Python,2021-2023,1.0,12.0,0.33,0.33,0
13,0,0,0,24,0,4,1,2,1.0,0,Python,2021-2023,1.0,24.0,0.2,0.2,0
13,0,0,0,15,0,2,1,2,1.5,0,Python,2021-2023,1.0,15.0,0.33,0.5,0
13,0,0,0,56,7,4,1,7,2.71,0,Python,2021-2023,1.0,7.0,0.2,0.54,0
14,0,0,0,7,6,2,1,3,7.33,0,Python,2021-2023,1.0,1.0,0.33,2.44,0
14,0,0,0,11,0,2,1,2,1.0,0,Python,2021-2023,1.0,11.0,0.33,0.33,0
14,0,0,0,8,1,1,0,1,9.0,0,Python,2021-2023,1.0,4.0,0.0,4.5,0
15,0,0,0,82,231,8,5,98,1.95,0,Python,2021-2023,1.0,0.35,0.56,0.22,0
16,0,0,0,54,259,17,6,34,1.47,0,Python,2021-2023,1.0,0.21,0.33,0.08,0
17,0,0,0,3,3,1,1,2,1.0,0,Python,2021-2023,1.0,0.75,0.5,0.5,0
17,0,0,0,2,0,1,0,1,14.0,0,Python,2021-2023,1.0,2.0,0.0,7.0,0
18,0,0,0,11,1,1,0,0,0.0,0,Python,2021-2023,1.0,5.5,0.0,0.0,0
18,0,0,0,173,0,3,1,11,1.91,0,Python,2021-2023,1.0,173.0,0.25,0.48,0
8,1,0,0,96,98,7,0,0,0.0,0,Python,2021-2023,1.0,0.97,0.0,0.0,0
8,1,0,0,9,54,3,0,0,0.0,0,Python,2021-2023,1.0,0.16,0.0,0.0,0
10,1,0,0,1,1,1,0,0,0.0,0,Python,2021-2023,1.0,0.5,0.0,0.0,0
11,1,0,0,1,1,1,1,1,4.0,0,Python,2021-2023,1.0,0.5,0.5,2.0,0
13,1,0,0,1,1,1,0,0,0.0,0,Python,2021-2023,1.0,0.5,0.0,0.0,0
13,1,0,0,24,3,3,1,3,4.33,0,Python,2021-2023,1.0,6.0,0.25,1.08,0
13,1,0,0,24,7,3,1,7,1.14,0,Python,2021-2023,1.0,3.0,0.25,0.28,0
14,1,0,0,13,11,2,1,4,2.25,0,Python,2021-2023,1.0,1.08,0.33,0.75,0
14,1,0,0,1,1,1,0,0,0.0,0,Python,2021-2023,1.0,0.5,0.0,0.0,0
14,1,0,0,185,6,4,1,6,2.83,0,Python,2021-2023,1.0,26.43,0.2,0.57,0
16,1,0,0,5,6,1,0,0,0.0,0,Python,2021-2023,1.0,0.71,0.0,0.0,0
16,1,0,0,8,0,1,0,0,0.0,0,Python,2021-2023,1.0,8.0,0.0,0.0,0
16,1,0,0,65,280,11,9,46,1.63,0,Python,2021-2023,1.0,0.23,0.75,0.14,0
16,1,0,0,26,19,2,0,0,0.0,0,Python,2021-2023,1.0,1.3,0.0,0.0,0
16,1,0,0,1,1,1,0,0,0.0,0,Python,2021-2023,1.0,0.5,0.0,0.0,0
16,1,0,0,0,0,1,0,0,0.0,0,Python,2021-2023,1.0,0.0,0.0,0.0,0
16,1,0,0,3,0,1,1,0,0.0,0,Python,2021-2023,1.0,3.0,0.5,0.0,0
16,1,0,0,6,0,1,0,0,0.0,0,Python,2021-2023,1.0,6.0,0.0,0.0,0
16,1,0,0,46,1,2,1,3,27.67,0,Python,2021-2023,1.0,23.0,0.33,9.22,0
16,1,0,0,1266,1083,5,3,65,7.05,0,Python,2021-2023,1.0,1.17,0.5,1.18,0
17,1,0,0,0,1,1,0,0,0.0,0,Python,2021-2023,1.0,0.0,0.0,0.0,0
17,1,0,0,5,1,2,1,2,1.0,0,Python,2021-2023,1.0,2.5,0.33,0.33,0
17,1,0,0,0,5,1,1,2,1.0,0,Python,2021-2023,1.0,0.0,0.5,0.5,0
18,1,0,0,34,1,2,1,3,4.33,0,Python,2021-2023,1.0,17.0,0.33,1.44,0
18,1,0,0,4,1,2,1,3,1.33,0,Python,2021-2023,1.0,2.0,0.33,0.44,0
19,1,0,0,176,0,5,1,17,1.24,0,Python,2021-2023,1.0,176.0,0.17,0.21,0
10,2,0,0,3,3,1,1,0,0.0,0,Python,2021-2023,1.0,0.75,0.5,0.0,0
10,2,0,0,33,27,1,1,4,1.5,0,Python,2021-2023,1.0,1.18,0.5,0.75,0
11,2,0,0,2,2,1,0,1,3.0,0,Python,2021-2023,1.0,0.67,0.0,1.5,0
11,2,0,0,76,10,1,0,5,1.4,0,Python,2021-2023,1.0,6.91,0.0,0.7,0
11,2,0,0,1,1,1,0,0,0.0,0,Python,2021-2023,1.0,0.5,0.0,0.0,0
12,2,0,0,1,19,2,2,3,1.67,0,Python,2021-2023,1.0,0.05,0.67,0.56,0
12,2,0,0,14,8,2,1,4,5.75,0,Python,2021-2023,1.0,1.56,0.33,1.92,0
12,2,0,0,69,7,3,1,5,2.4,0,Python,2021-2023,1.0,8.62,0.25,0.6,0
12,2,0,0,1,1,1,1,1,1.0,0,Python,2021-2023,1.0,0.5,0.5,0.5,0
15,2,0,0,26,26,1,1,0,0.0,0,Python,2021-2023,1.0,0.96,0.5,0.0,0
15,2,0,0,2,2,1,1,1,1.0,0,Python,2021-2023,1.0,0.67,0.5,0.5,0
15,2,0,0,1,0,1,1,0,0.0,0,Python,2021-2023,1.0,1.0,0.5,0.0,0
15,2,0,0,9,1,1,0,1,1.0,0,Python,2021-2023,1.0,4.5,0.0,0.5,0
15,2,0,0,54,39,4,3,4,6.0,0,Python,2021-2023,1.0,1.35,0.6,1.2,0
17,2,0,0,1,1,1,0,1,4.0,0,Python,2021-2023,1.0,0.5,0.0,2.0,0
17,2,0,0,0,3,1,0,0,0.0,0,Python,2021-2023,1.0,0.0,0.0,0.0,0
17,2,0,0,14,0,2,1,2,1.0,0,Python,2021-2023,1.0,14.0,0.33,0.33,0
17,2,0,0,2,2,1,0,1,2.0,0,Python,2021-2023,1.0,0.67,0.0,1.0,0
17,2,0,0,24,2,3,1,3,2.0,0,Python,2021-2023,1.0,8.0,0.25,0.5,0
20,2,0,0,3,2,1,1,1,1.0,0,Python,2021-2023,1.0,1.0,0.5,0.5,0
21,2,0,0,29,30,2,1,6,2.83,0,Python,2021-2023,1.0,0.94,0.33,0.94,0
21,2,0,0,2,1,1,1,1,1.0,0,Python,2021-2023,1.0,1.0,0.5,0.5,0
21,2,0,0,60,57,1,0,0,0.0,0,Python,2021-2023,1.0,1.03,0.0,0.0,0
23,2,0,1,131,8,6,2,16,3.38,1,Python,2021-2023,0.1,14.56,0.29,0.48,0
0,3,0,1,17,1,2,1,2,1.5,0,Python,2021-2023,1.0,8.5,0.33,0.5,1
5,3,0,1,1,1,1,1,1,2.0,0,Python,2021-2023,1.0,0.5,0.5,1.0,0
9,3,0,0,49,0,1,0,0,0.0,0,Python,2021-2023,1.0,49.0,0.0,0.0,0
10,3,0,0,79,13,9,2,13,4.85,1,Python,2021-2023,0.1,5.64,0.2,0.48,1
10,3,0,0,2,1,1,0,0,0.0,0,Python,2021-2023,1.0,1.0,0.0,0.0,0
10,3,0,0,162,59,8,4,4,1.75,0,Python,2021-2023,1.0,2.7,0.44,0.19,2
11,3,0,0,60,1,3,1,4,3.5,0,Python,2021-2023,1.0,30.0,0.25,0.88,2
11,3,0,0,1,1,1,0,0,0.0,0,Python,2021-2023,1.0,0.5,0.0,0.0,0
11,3,0,0,1,1,1,0,0,0.0,0,Python,2021-2023,1.0,0.5,0.0,0.0,0
12,3,0,0,3,3,3,0,0,0.0,0,Python,2021-2023,1.0,0.75,0.0,0.0,0
12,3,0,0,19,19,18,0,0,0.0,0,Python,2021-2023,1.0,0.95,0.0,0.0,0
12,3,0,0,43,43,2,0,0,0.0,0,Python,2021-2023,1.0,0.98,0.0,0.0,0
12,3,0,0,1,1,1,0,0,0.0,0,Python,2021-2023,1.0,0.5,0.0,0.0,0
12,3,0,0,78,26,2,1,11,8.91,0,Python,2021-2023,1.0,2.89,0.33,2.97,0
14,3,0,0,20,0,2,1,2,1.0,0,Python,2021-2023,1.0,20.0,0.33,0.33,2
14,3,0,0,527,0,1,0,0,0.0,0,Python,2021-2023,1.0,527.0,0.0,0.0,0
17,3,0,0,1,1,1,0,0,0.0,0,Python,2021-2023,1.0,0.5,0.0,0.0,0
17,3,0,0,12,2,1,0,0,0.0,0,Python,2021-2023,1.0,4.0,0.0,0.0,0
17,3,0,0,2,2,1,0,0,0.0,0,Python,2021-2023,1.0,0.67,0.0,0.0,0
18,3,0,0,5,0,2,1,2,1.0,0,Python,2021-2023,1.0,5.0,0.33,0.33,0
18,3,0,0,9,16,1,0,0,0.0,0,Python,2021-2023,1.0,0.53,0.0,0.0,0
18,3,0,0,0,1,1,0,0,0.0,0,Python,2021-2023,1.0,0.0,0.0,0.0,0
19,3,0,0,46,2,3,1,5,5.8,0,Python,2021-2023,1.0,15.33,0.25,1.45,2
19,3,0,0,1,1,1,0,1,3.0,0,Python,2021-2023,1.0,0.5,0.0,1.5,2
9,4,0,0,0,34,2,0,0,0.0,0,Python,2021-2023,1.0,0.0,0.0,0.0,0
9,4,0,0,18,1,2,1,2,3.0,0,Python,2021-2023,1.0,9.0,0.33,1.0,2
9,4,0,0,10,1,2,1,2,3.5,0,Python,2021-2023,1.0,5.0,0.33,1.17,2
10,4,0,0,23,1,2,1,3,1.33,0,Python,2021-2023,1.0,11.5,0.33,0.44,2
10,4,0,0,200,136,3,2,28,1.36,0,Python,2021-2023,1.0,1.46,0.5,0.34,2
10,4,0,0,57,0,2,1,7,1.57,0,Python,2021-2023,1.0,57.0,0.33,0.52,2
10,4,0,0,69,0,3,1,6,2.33,0,Python,2021-2023,1.0,69.0,0.25,0.58,2
10,4,0,0,35,5,2,1,2,7.5,0,Python,2021-2023,1.0,5.83,0.33,2.5,2
10,4,0,0,9,0,2,1,2,2.5,0,Python,2021-2023,1.0,9.0,0.33,0.83,2
10,4,0,0,2,1,2,1,2,1.0,0,Python,2021-2023,1.0,1.0,0.33,0.33,2
10,4,0,0,17,1,2,1,3,1.0,0,Python,2021-2023,1.0,8.5,0.33,0.33,2
10,4,0,0,36,0,3,1,5,1.2,0,Python,2021-2023,1.0,36.0,0.25,0.3,2
10,4,0,0,231,91,6,2,58,1.88,0,Python,2021-2023,1.0,2.51,0.29,0.27,2
10,4,0,0,1,1,1,0,1,4.0,0,Python,2021-2023,1.0,0.5,0.0,2.0,2
10,4,0,0,25,2,2,1,3,1.67,0,Python,2021-2023,1.0,8.33,0.33,0.56,2
10,4,0,0,30,1,1,1,2,2.0,0,Python,2021-2023,1.0,15.0,0.5,1.0,2
12,4,0,0,9,0,1,0,0,0.0,0,Python,2021-2023,1.0,9.0,0.0,0.0,0
13,4,0,0,239,181,3,1,40,3.02,0,Python,2021-2023,1.0,1.31,0.25,0.76,2
13,4,0,0,30,0,1,0,0,0.0,0,Python,2021-2023,1.0,30.0,0.0,0.0,2
13,4,0,0,187,190,6,0,0,0.0,0,Python,2021-2023,1.0,0.98,0.0,0.0,0
13,4,0,0,2,1,2,1,2,2.0,0,Python,2021-2023,1.0,1.0,0.33,0.67,2
13,4,0,0,9,0,1,0,0,0.0,0,Python,2021-2023,1.0,9.0,0.0,0.0,0
14,4,0,0,77,0,2,1,11,2.64,0,Python,2021-2023,1.0,77.0,0.33,0.88,2
14,4,0,0,48,85,1,0,10,2.2,0,Python,2021-2023,1.0,0.56,0.0,1.1,2
14,4,0,0,60,1,2,0,0,0.0,0,Python,2021-2023,1.0,30.0,0.0,0.0,0
14,4,0,0,5,5,2,1,2,1.0,0,Python,2021-2023,1.0,0.83,0.33,0.33,2
14,4,0,0,42,0,2,1,4,1.25,0,Python,2021-2023,1.0,42.0,0.33,0.42,2
16,4,0,0,78,5,5,1,8,7.0,0,Python,2021-2023,1.0,13.0,0.17,1.17,2
16,4,0,0,15,2,2,1,3,3.67,0,Python,2021-2023,1.0,5.0,0.33,1.22,2
17,4,0,0,1,1,1,0,2,4.0,0,Python,2021-2023,1.0,0.5,0.0,2.0,2
17,4,0,0,17,5,3,1,2,12.5,0,Python,2021-2023,1.0,2.83,0.25,3.12,2
17,4,0,0,17,6,2,1,6,4.33,0,Python,2021-2023,1.0,2.43,0.33,1.44,2
17,4,0,0,7,6,2,1,2,1.5,0,Python,2021-2023,1.0,1.0,0.33,0.5,2
17,4,0,0,82,6,2,1,4,6.0,0,Python,2021-2023,1.0,11.71,0.33,2.0,2
18,4,0,0,2,2,2,1,2,4.5,0,Python,2021-2023,1.0,0.67,0.33,1.5,2
18,4,0,0,33,35,2,1,7,2.43,0,Python,2021-2023,1.0,0.92,0.33,0.81,2
18,4,0,0,19,5,2,1,0,0.0,0,Python,2021-2023,1.0,3.17,0.33,0.0,0
19,4,0,0,21,1,2,1,2,2.0,0,Python,2021-2023,1.0,10.5,0.33,0.67,0
8,0,0,0,5,1,1,0,1,18.0,0,Python,2021-2023,1.0,2.5,0.0,9.0,2
8,0,0,0,1,1,1,0,2,2.0,0,Python,2021-2023,1.0,0.5,0.0,1.0,2
8,0,0,0,18,6,2,1,4,5.5,0,Python,2021-2023,1.0,2.57,0.33,1.83,2
8,0,0,0,7,0,2,1,2,2.0,0,Python,2021-2023,1.0,7.0,0.33,0.67,2
8,0,0,0,23,8,2,1,3,3.33,0,Python,2021-2023,1.0,2.56,0.33,1.11,0
9,0,0,0,17,4,1,0,0,0.0,0,Python,2021-2023,1.0,3.4,0.0,0.0,0
10,0,0,0,24,3,2,1,3,5.33,0,Python,2021-2023,1.0,6.0,0.33,1.78,2
11,0,0,0,72,1,2,1,11,1.09,0,Python,2021-2023,1.0,36.0,0.33,0.36,2
11,0,0,0,6,2,1,0,2,5.0,0,Python,2021-2023,1.0,2.0,0.0,2.5,2
11,0,0,0,21,6,3,1,8,6.75,0,Python,2021-2023,1.0,3.0,0.25,1.69,2
12,0,0,0,21,0,1,1,1,2.0,0,Python,2021-2023,1.0,21.0,0.5,1.0,0
12,0,0,0,28,1,3,1,4,1.5,0,Python,2021-2023,1.0,14.0,0.25,0.38,2
12,0,0,0,55,2,2,1,3,1.0,0,Python,2021-2023,1.0,18.33,0.33,0.33,2
12,0,0,0,16,0,2,1,2,2.0,0,Python,2021-2023,1.0,16.0,0.33,0.67,2
14,0,0,0,88,6,2,1,12,1.83,0,Python,2021-2023,1.0,12.57,0.33,0.61,2
14,0,0,0,17,9,2,1,3,2.67,0,Python,2021-2023,1.0,1.7,0.33,0.89,0
14,0,0,0,22,6,4,3,7,2.29,0,Python,2021-2023,1.0,3.14,0.6,0.46,2
19,0,0,0,0,1,1,0,0,0.0,0,Python,2021-2023,1.0,0.0,0.0,0.0,0
8,1,0,0,66,7,2,1,3,15.67,0,Python,2021-2023,1.0,8.25,0.33,5.22,2
8,1,0,0,9,8,1,0,3,11.0,0,Python,2021-2023,1.0,1.0,0.0,5.5,2
8,1,0,0,14,5,4,1,5,1.2,0,Python,2021-2023,1.0,2.33,0.2,0.24,2
8,1,0,0,29,1,4,1,5,6.8,0,Python,2021-2023,1.0,14.5,0.2,1.36,2
10,1,0,0,17,1,2,1,2,2.5,1,Python,2021-2023,0.3,8.5,0.33,0.83,2
11,1,0,0,106,17,2,1,38,5.16,0,Python,2021-2023,1.0,5.89,0.33,1.72,0
13,1,0,0,2,2,1,1,0,0.0,0,Python,2021-2023,1.0,0.67,0.5,0.0,0
13,1,0,0,44,28,1,0,0,0.0,0,Python,2021-2023,1.0,1.52,0.0,0.0,0
15,1,0,0,81,21,3,1,7,5.71,0,Python,2021-2023,1.0,3.68,0.25,1.43,3
15,1,0,0,22,6,2,1,5,3.4,0,Python,2021-2023,1.0,3.14,0.33,1.13,3
18,1,0,0,27,4,2,1,2,1.0,0,Python,2021-2023,1.0,5.4,0.33,0.33,3
18,1,0,0,11,1,2,1,2,7.5,0,Python,2021-2023,1.0,5.5,0.33,2.5,3
18,1,0,0,20,0,2,1,2,7.5,0,Python,2021-2023,1.0,20.0,0.33,2.5,3
18,1,0,0,3,0,1,0,1,15.0,0,Python,2021-2023,1.0,3.0,0.0,7.5,3
21,1,0,0,399,609,21,5,68,5.21,0,Python,2021-2023,1.0,0.65,0.23,0.24,3
10,2,0,0,1,1,1,0,0,0.0,0,Python,2021-2023,1.0,0.5,0.0,0.0,0
14,2,0,0,18,5,2,0,0,0.0,0,Python,2021-2023,1.0,3.0,0.0,0.0,0
14,2,0,0,107,120,10,0,87,3.44,0,Python,2021-2023,1.0,0.88,0.0,0.31,3
23,2,0,1,188,234,3,1,11,3.73,0,Python,2021-2023,1.0,0.8,0.25,0.93,0
11,3,0,0,16,1,2,1,2,9.5,0,Python,2021-2023,1.0,8.0,0.33,3.17,3
11,3,0,0,31,15,2,1,6,8.17,0,Python,2021-2023,1.0,1.94,0.33,2.72,3
11,3,0,0,21,0,3,1,3,1.0,0,Python,2021-2023,1.0,21.0,0.25,0.25,3
11,3,0,0,39,6,2,1,3,3.33,1,Python,2021-2023,0.1,5.57,0.33,1.11,3
12,3,0,0,17,0,2,1,2,1.0,0,Python,2021-2023,1.0,17.0,0.33,0.33,4
15,3,0,0,12,1,2,1,2,10.5,0,Python,2021-2023,1.0,6.0,0.33,3.5,4
9,4,0,0,16,2,3,1,3,7.33,0,Python,2021-2023,1.0,5.33,0.25,1.83,4
10,4,0,0,113,4,4,1,8,3.12,0,Python,2021-2023,1.0,22.6,0.2,0.62,4
11,4,0,0,68,0,2,1,3,2.0,0,Python,2021-2023,1.0,68.0,0.33,0.67,4
11,4,0,0,70,7,3,1,6,4.0,0,Python,2021-2023,1.0,8.75,0.25,1.0,4
11,4,0,0,56,4,3,1,3,7.33,0,Python,2021-2023,1.0,11.2,0.25,1.83,4
12,4,0,0,152,0,3,1,11,2.36,0,Python,2021-2023,1.0,152.0,0.25,0.59,4
13,4,0,0,29,6,3,1,5,8.0,0,Python,2021-2023,1.0,4.14,0.25,2.0,4
15,4,0,0,9,4,2,1,0,0.0,0,Python,2021-2023,1.0,1.8,0.33,0.0,0
15,4,0,0,16,0,2,1,2,9.0,0,Python,2021-2023,1.0,16.0,0.33,3.0,4
15,5,1,0,15,1,3,1,3,4.0,0,Python,2021-2023,1.0,7.5,0.25,1.0,0
15,5,1,0,4,0,1,0,0,0.0,0,Python,2021-2023,1.0,4.0,0.0,0.0,0
12,2,0,0,4,2,1,0,1,2.0,0,Python,2021-2023,1.0,1.33,0.0,1.0,0
12,2,0,0,19,0,2,1,3,3.67,0,Python,2021-2023,1.0,19.0,0.33,1.22,0
16,3,0,0,1,1,1,0,0,0.0,0,Python,2021-2023,1.0,0.5,0.0,0.0,0
12,0,0,0,31,1,2,2,3,6.0,0,Python,2024-2026,1.0,15.5,0.67,2.0,0
14,1,0,0,19,1,2,0,0,0.0,0,Python,2024-2026,1.0,9.5,0.0,0.0,0
14,2,0,0,4,1,1,0,1,7.0,0,Python,2024-2026,1.0,2.0,0.0,3.5,0
17,2,0,0,7,6,1,0,0,0.0,0,Python,2024-2026,1.0,1.0,0.0,0.0,0
10,3,0,0,30,14,2,1,2,5.5,0,Python,2024-2026,1.0,2.0,0.33,1.83,0
16,3,0,0,12,3,3,3,2,2.5,0,Python,2024-2026,1.0,3.0,0.75,0.62,0
10,1,0,0,5,5,5,2,0,0.0,0,Python,2024-2026,1.0,0.83,0.33,0.0,0
13,3,0,0,20,2,2,1,3,11.67,0,Python,2024-2026,1.0,6.67,0.33,3.89,0
16,1,0,0,5,0,1,0,1,5.0,0,Python,2024-2026,1.0,5.0,0.0,2.5,0
9,0,0,0,1,1,1,0,0,0.0,0,Python,2024-2026,1.0,0.5,0.0,0.0,0
9,1,0,0,27,27,15,3,20,11.0,0,Python,2024-2026,1.0,0.96,0.19,0.69,0
11,1,0,0,2,2,1,1,2,1.0,0,Python,2024-2026,1.0,0.67,0.5,0.5,0
9,2,0,0,1,1,1,0,1,16.0,1,Python,2024-2026,0.015,0.5,0.0,8.0,0
10,2,0,0,11,20,9,2,8,14.12,0,Python,2024-2026,1.0,0.52,0.2,1.41,1
10,2,0,0,43,62,26,3,32,13.81,0,Python,2024-2026,1.0,0.68,0.11,0.51,1
10,2,0,0,2,2,2,0,4,4.5,0,Python,2024-2026,1.0,0.67,0.0,1.5,1
10,2,0,0,8,8,2,0,1,4.0,0,Python,2024-2026,1.0,0.89,0.0,1.33,1
10,2,0,0,1,1,1,0,1,1.0,0,Python,2024-2026,1.0,0.5,0.0,0.5,1
10,2,0,0,3,3,3,0,3,12.0,0,Python,2024-2026,1.0,0.75,0.0,3.0,1
11,2,0,0,35,34,19,8,24,12.33,0,Python,2024-2026,1.0,1.0,0.4,0.62,1
9,3,0,0,73,0,5,1,9,5.0,0,Python,2024-2026,1.0,73.0,0.17,0.83,0
10,0,0,0,1,1,1,0,0,0.0,0,Python,2024-2026,1.0,0.5,0.0,0.0,0
14,0,0,0,49,1,2,0,0,0.0,0,Python,2024-2026,1.0,24.5,0.0,0.0,0
9,0,0,0,14,21,4,1,8,10.25,0,Python,2024-2026,1.0,0.64,0.2,2.05,0
10,0,0,0,261,71,16,10,30,4.77,0,Python,2024-2026,1.0,3.62,0.59,0.28,0
13,0,0,0,2,2,1,1,0,0.0,0,Python,2024-2026,1.0,0.67,0.5,0.0,0
15,0,0,0,4,2,1,0,2,2.0,0,Python,2024-2026,1.0,1.33,0.0,1.0,0
16,0,0,0,8,3,2,1,2,1.0,0,Python,2024-2026,1.0,2.0,0.33,0.33,0
12,0,0,0,1,1,1,0,0,0.0,0,Python,2024-2026,1.0,0.5,0.0,0.0,0
11,0,0,0,8,8,7,2,0,0.0,0,Python,2024-2026,1.0,0.89,0.25,0.0,0
12,0,0,0,2,2,1,1,1,1.0,0,Python,2024-2026,1.0,0.67,0.5,0.5,0
18,1,0,0,1,1,1,0,1,13.0,0,Python,2024-2026,1.0,0.5,0.0,6.5,0
15,2,0,0,25,8,4,3,4,3.0,0,Python,2024-2026,1.0,2.78,0.6,0.6,0
7,3,0,0,1,1,1,0,1,18.0,0,Python,2024-2026,1.0,0.5,0.0,9.0,0
21,3,0,0,20,8,5,1,5,11.8,0,Python,2024-2026,1.0,2.22,0.17,1.97,0
16,1,0,0,13,1,2,2,2,6.0,0,Python,2024-2026,1.0,6.5,0.67,2.0,0
11,0,0,0,22,1,3,1,3,6.67,0,Python,2024-2026,1.0,11.0,0.25,1.67,0
8,1,0,0,1,1,1,0,0,0.0,0,Python,2024-2026,1.0,0.5,0.0,0.0,0
8,1,0,0,1,1,1,0,0,0.0,0,Python,2024-2026,1.0,0.5,0.0,0.0,0
11,2,0,0,32,1,2,0,0,0.0,0,Python,2024-2026,1.0,16.0,0.0,0.0,0
8,0,0,0,16,16,2,0,3,8.0,0,Python,2024-2026,1.0,0.94,0.0,2.67,0
15,0,0,0,307,179,5,1,36,1.39,0,Python,2024-2026,1.0,1.71,0.17,0.23,0
9,1,0,0,42,2,2,1,3,6.33,0,Python,2024-2026,1.0,14.0,0.33,2.11,0
11,1,0,0,1,1,1,0,0,0.0,0,Python,2024-2026,1.0,0.5,0.0,0.0,0
11,1,0,0,18,1,2,0,0,0.0,0,Python,2024-2026,1.0,9.0,0.0,0.0,0
13,1,0,0,8,3,2,1,3,4.33,0,Python,2024-2026,1.0,2.0,0.33,1.44,0
16,1,0,0,9,0,1,0,0,0.0,0,Python,2024-2026,1.0,9.0,0.0,0.0,0
10,2,0,0,5,0,1,0,0,0.0,0,Python,2024-2026,1.0,5.0,0.0,0.0,0
12,2,0,0,31,17,2,1,2,4.5,0,Python,2024-2026,1.0,1.72,0.33,1.5,0
9,4,0,0,22,4,2,1,4,3.25,0,Python,2024-2026,1.0,4.4,0.33,1.08,0
12,4,0,0,176,32,6,2,7,6.43,0,Python,2024-2026,1.0,5.33,0.29,0.92,0
13,4,0,0,8,0,2,1,2,13.0,0,Python,2024-2026,1.0,8.0,0.33,4.33,0
13,0,0,0,8,1,2,1,2,4.5,0,Python,2024-2026,1.0,4.0,0.33,1.5,0
15,1,0,0,1,1,1,1,1,1.0,0,Python,2024-2026,1.0,0.5,0.5,0.5,0
10,2,0,0,110,91,2,1,4,9.75,0,Python,2024-2026,1.0,1.2,0.33,3.25,0
11,2,0,0,5,1,1,0,1,11.0,0,Python,2024-2026,1.0,2.5,0.0,5.5,0
10,3,0,0,23,13,2,1,2,3.0,0,Python,2024-2026,1.0,1.64,0.33,1.0,0
13,4,0,0,16,6,3,1,4,9.75,0,Python,2024-2026,1.0,2.29,0.25,2.44,0
10,0,0,0,21,1,2,1,2,9.0,1,Python,2024-2026,1.0,10.5,0.33,3.0,0
16,0,0,0,13,22,3,0,1,3.0,0,Python,2024-2026,1.0,0.57,0.0,0.75,0
14,1,0,0,40,1,2,0,0,0.0,0,Python,2024-2026,1.0,20.0,0.0,0.0,0
7,2,0,0,23,2,3,1,4,5.75,0,Python,2024-2026,1.0,7.67,0.25,1.44,0
9,1,0,0,0,2,2,0,0,0.0,0,Python,2024-2026,1.0,0.0,0.0,0.0,0
9,1,0,0,4,5,1,0,0,0.0,0,Python,2024-2026,1.0,0.67,0.0,0.0,0
12,2,0,0,70,2,2,1,3,6.67,0,Python,2024-2026,1.0,23.33,0.33,2.22,0
10,4,0,0,1,0,1,0,0,0.0,0,Python,2024-2026,1.0,1.0,0.0,0.0,0
13,4,0,0,24,5,1,0,4,14.5,0,Python,2024-2026,1.0,4.0,0.0,7.25,0
11,0,0,0,7,8,2,0,0,0.0,0,Python,2024-2026,1.0,0.78,0.0,0.0,1
10,1,0,0,0,4,1,0,0,0.0,0,Python,2024-2026,1.0,0.0,0.0,0.0,1
10,1,0,0,2,2,1,1,0,0.0,0,Python,2024-2026,1.0,0.67,0.5,0.0,0
20,1,0,0,4,1,1,1,1,2.0,0,Python,2024-2026,1.0,2.0,0.5,1.0,0
10,2,0,0,32,0,2,1,2,17.0,0,Python,2024-2026,1.0,32.0,0.33,5.67,0
11,2,0,0,97,21,2,1,4,6.25,0,Python,2024-2026,1.0,4.41,0.33,2.08,0
8,4,0,0,1,1,1,1,1,2.0,0,Python,2024-2026,1.0,0.5,0.5,1.0,0
10,4,0,0,3,1,1,0,0,0.0,0,Python,2024-2026,1.0,1.5,0.0,0.0,0
13,4,0,0,32,2,2,1,3,7.67,0,Python,2024-2026,1.0,10.67,0.33,2.56,1
14,4,0,0,65,86,21,8,13,2.69,0,Python,2024-2026,1.0,0.75,0.36,0.12,1
11,0,0,0,2,1,1,0,1,21.0,0,Python,2024-2026,1.0,1.0,0.0,10.5,0
10,1,0,0,6,9,5,2,2,1.5,0,Python,2024-2026,1.0,0.6,0.33,0.25,1
10,1,0,0,4,0,1,1,1,1.0,0,Python,2024-2026,1.0,4.0,0.5,0.5,0
11,1,0,0,0,4,1,0,0,0.0,0,Python,2024-2026,1.0,0.0,0.0,0.0,1
14,1,0,0,136,147,23,3,24,16.33,0,Python,2024-2026,1.0,0.92,0.12,0.68,1
16,3,0,0,14,1463,7,0,42,6.43,0,Python,2024-2026,1.0,0.01,0.0,0.8,0
16,3,0,0,46,1,2,0,0,0.0,0,Python,2024-2026,1.0,23.0,0.0,0.0,0
10,4,0,0,103,169,25,0,40,19.18,0,Python,2024-2026,1.0,0.61,0.0,0.74,1
9,0,0,0,1,5,2,0,0,0.0,0,Python,2024-2026,1.0,0.17,0.0,0.0,1
10,0,0,0,191,2,4,2,24,1.33,0,Python,2024-2026,1.0,63.67,0.4,0.27,0
11,0,0,0,2,2,2,0,0,0.0,0,Python,2024-2026,1.0,0.67,0.0,0.0,1
14,1,0,0,1,1,1,1,0,0.0,0,Python,2024-2026,1.0,0.5,0.5,0.0,0
15,1,0,0,241,251,65,12,137,10.34,0,Python,2024-2026,1.0,0.96,0.18,0.16,1
15,1,0,0,25,38,13,4,1,2.0,0,Python,2024-2026,1.0,0.64,0.29,0.14,1
10,2,0,0,13,5,1,0,2,1.5,0,Python,2024-2026,1.0,2.17,0.0,0.75,0
10,2,0,0,12,4,2,0,0,0.0,0,Python,2024-2026,1.0,2.4,0.0,0.0,1
10,2,0,0,117,116,38,7,45,8.18,0,Python,2024-2026,1.0,1.0,0.18,0.21,1
13,4,0,0,0,3,1,0,0,0.0,0,Python,2024-2026,1.0,0.0,0.0,0.0,1
11,0,0,0,197,213,51,12,103,7.51,0,Python,2024-2026,1.0,0.92,0.23,0.14,1
8,1,0,0,27,15,2,1,2,10.5,0,Python,2024-2026,1.0,1.69,0.33,3.5,0
9,1,0,0,6,6,6,0,0,0.0,0,Python,2024-2026,1.0,0.86,0.0,0.0,0
14,2,0,0,19,18,8,2,8,3.38,0,Python,2024-2026,1.0,1.0,0.22,0.38,1
12,3,0,0,1,0,1,0,0,0.0,0,Python,2024-2026,1.0,1.0,0.0,0.0,1
17,4,0,0,21,7,3,2,3,2.33,0,Python,2024-2026,1.0,2.62,0.5,0.58,0
9,5,1,0,9,13,1,1,1,2.0,0,Python,2024-2026,1.0,0.64,0.5,1.0,0
14,1,0,0,8,8,7,2,0,0.0,0,Python,2024-2026,1.0,0.89,0.25,0.0,0
10,4,0,0,1,1,1,0,0,0.0,0,Python,2024-2026,1.0,0.5,0.0,0.0,1
10,4,0,0,18,8,9,7,7,8.71,0,Python,2024-2026,1.0,2.0,0.7,0.87,0
11,4,0,0,23,10,2,1,3,9.0,0,Python,2024-2026,1.0,2.09,0.33,3.0,0
11,2,0,0,280,115,2,1,9,6.89,0,Python,2024-2026,1.0,2.41,0.33,2.3,0
13,2,0,0,2,0,2,0,0,0.0,0,Python,2024-2026,1.0,2.0,0.0,0.0,0
6,4,0,0,7,1,1,0,1,6.0,0,Python,2024-2026,1.0,3.5,0.0,3.0,0
10,4,0,0,72,1,5,2,3,3.33,0,Python,2024-2026,1.0,36.0,0.33,0.56,0
14,4,0,0,64,2,3,0,0,0.0,0,Python,2024-2026,1.0,21.33,0.0,0.0,0
9,1,0,0,1,1,1,1,0,0.0,0,Python,2024-2026,1.0,0.5,0.5,0.0,0
9,1,0,0,2,2,1,1,0,0.0,0,Python,2024-2026,1.0,0.67,0.5,0.0,0
9,1,0,0,1,1,1,1,0,0.0,0,Python,2024-2026,1.0,0.5,0.5,0.0,0
21,1,0,0,48,63,14,0,11,16.45,0,Python,2024-2026,1.0,0.75,0.0,1.1,0
9,2,0,0,1,8,1,1,0,0.0,0,Python,2024-2026,1.0,0.11,0.5,0.0,0
9,2,0,0,2,20,3,1,2,1.5,0,Python,2024-2026,1.0,0.1,0.25,0.38,0
18,1,0,0,79,8,6,2,3,3.0,0,Python,2024-2026,1.0,8.78,0.29,0.43,0
21,1,0,0,2,2,1,1,0,0.0,0,Python,2024-2026,1.0,0.67,0.5,0.0,0
17,2,0,0,7,1,2,1,0,0.0,0,Python,2024-2026,1.0,3.5,0.33,0.0,0
16,3,0,0,17,21,6,3,3,5.0,0,Python,2024-2026,1.0,0.77,0.43,0.71,0
16,3,0,0,11,1,2,1,0,0.0,0,Python,2024-2026,1.0,5.5,0.33,0.0,0
16,3,0,0,4,1,2,1,0,0.0,0,Python,2024-2026,1.0,2.0,0.33,0.0,0
16,4,0,0,31,39,8,2,1,2.0,0,Python,2024-2026,1.0,0.78,0.22,0.22,0
9,1,0,0,50,14,2,1,4,2.0,0,Python,2024-2026,1.0,3.33,0.33,0.67,0
18,1,0,0,55,50,5,0,0,0.0,0,Python,2024-2026,1.0,1.08,0.0,0.0,0
14,2,0,0,1,1,1,1,1,1.0,0,Python,2024-2026,1.0,0.5,0.5,0.5,0
14,2,0,0,1,1,1,1,0,0.0,0,Python,2024-2026,1.0,0.5,0.5,0.0,0
15,2,0,0,22,23,2,1,5,9.8,0,Python,2024-2026,1.0,0.92,0.33,3.27,0
10,3,0,0,15,15,1,0,0,0.0,0,Python,2024-2026,1.0,0.94,0.0,0.0,0
9,1,0,0,1,1,1,1,0,0.0,0,Python,2024-2026,1.0,0.5,0.5,0.0,0
10,1,0,0,0,2,2,0,2,1.0,0,Python,2024-2026,1.0,0.0,0.0,0.33,0
11,4,0,0,39,2,2,0,0,0.0,0,Python,2024-2026,1.0,13.0,0.0,0.0,0
12,4,0,0,10,3,2,0,0,0.0,0,Python,2024-2026,1.0,2.5,0.0,0.0,0
19,1,0,0,22,0,1,0,0,0.0,0,Python,2024-2026,1.0,22.0,0.0,0.0,0
2,2,0,1,96,123,35,0,0,0.0,0,Python,2024-2026,1.0,0.77,0.0,0.0,0
19,2,0,0,2,2,1,0,0,0.0,0,Python,2024-2026,1.0,0.67,0.0,0.0,0
10,3,0,0,8,2,1,1,1,1.0,0,Python,2024-2026,1.0,2.67,0.5,0.5,0
14,3,0,0,3,1,1,0,0,0.0,0,Python,2024-2026,1.0,1.5,0.0,0.0,0
14,3,0,0,1,0,1,1,1,1.0,0,Python,2024-2026,1.0,1.0,0.5,0.5,0
15,3,0,0,2,2,1,0,2,15.5,0,Python,2024-2026,1.0,0.67,0.0,7.75,0
20,3,0,0,98,17,11,1,5,14.0,0,Python,2024-2026,1.0,5.44,0.08,1.17,0
6,4,0,0,28,1,2,1,2,4.5,0,Python,2024-2026,1.0,14.0,0.33,1.5,0
7,4,0,0,1,0,1,1,0,0.0,0,Python,2024-2026,1.0,1.0,0.5,0.0,0
11,4,0,0,39,0,1,0,0,0.0,0,Python,2024-2026,1.0,39.0,0.0,0.0,0
15,4,0,0,35,0,1,0,0,0.0,0,Python,2024-2026,1.0,35.0,0.0,0.0,0
17,4,0,0,28,14,1,0,0,0.0,0,Python,2024-2026,1.0,1.87,0.0,0.0,0
6,5,1,0,21,3,2,0,3,13.0,0,Python,2024-2026,1.0,5.25,0.0,4.33,0
14,5,1,0,93,50,3,1,4,10.5,0,Python,2024-2026,1.0,1.82,0.25,2.62,0
15,5,1,0,4,4,1,0,0,0.0,0,Python,2024-2026,1.0,0.8,0.0,0.0,0
8,6,1,0,28,1,2,0,0,0.0,0,Python,2024-2026,1.0,14.0,0.0,0.0,0
17,6,1,0,1,0,1,0,0,0.0,0,Python,2024-2026,1.0,1.0,0.0,0.0,0
9,0,0,0,141,269,68,12,0,0.0,0,Python,2024-2026,1.0,0.52,0.17,0.0,0
10,0,0,0,7,3,1,0,4,3.0,0,Python,2024-2026,1.0,1.75,0.0,1.5,0
11,0,0,0,506,98,23,3,15,1.87,0,Python,2024-2026,1.0,5.11,0.12,0.08,0
13,0,0,0,162,49,17,0,10,3.5,0,Python,2024-2026,1.0,3.24,0.0,0.19,0
15,0,0,0,8,0,1,0,0,0.0,0,Python,2024-2026,1.0,8.0,0.0,0.0,0
17,0,0,0,2,0,1,1,1,2.0,0,Python,2024-2026,1.0,2.0,0.5,1.0,0
19,0,0,0,1,1,1,0,0,0.0,0,Python,2024-2026,1.0,0.5,0.0,0.0,0
20,0,0,0,68,3,2,1,4,3.25,0,Python,2024-2026,1.0,17.0,0.33,1.08,0
13,1,0,0,21,4,7,1,2,2.0,0,Python,2024-2026,1.0,4.2,0.12,0.25,0
15,1,0,0,5,5,5,2,0,0.0,0,Python,2024-2026,1.0,0.83,0.33,0.0,0
4,2,0,1,70,4,2,0,0,0.0,0,Python,2024-2026,1.0,14.0,0.0,0.0,0
6,2,0,0,230,205,32,8,63,6.4,0,Python,2024-2026,1.0,1.12,0.24,0.19,0
7,2,0,0,93,0,46,0,0,0.0,0,Python,2024-2026,1.0,93.0,0.0,0.0,0
17,2,0,0,116,40,2,1,17,2.65,0,Python,2024-2026,1.0,2.83,0.33,0.88,0
20,2,0,0,39,41,13,0,0,0.0,0,Python,2024-2026,1.0,0.93,0.0,0.0,0
8,3,0,0,186,4,14,1,1,1.0,0,Python,2024-2026,1.0,37.2,0.07,0.07,0
8,3,0,0,26,2,3,1,4,7.25,0,Python,2024-2026,1.0,8.67,0.25,1.81,0
14,3,0,0,32,150,15,6,5,2.0,0,Python,2024-2026,1.0,0.21,0.38,0.12,0
17,3,0,0,72,9,3,2,3,6.33,0,Python,2024-2026,1.0,7.2,0.5,1.58,0
19,3,0,0,100,3,2,0,0,0.0,0,Python,2024-2026,1.0,25.0,0.0,0.0,0
4,4,0,1,9,9,1,0,0,0.0,0,Python,2024-2026,1.0,0.9,0.0,0.0,0
12,4,0,0,1,1,1,0,0,0.0,0,Python,2024-2026,1.0,0.5,0.0,0.0,0
14,4,0,0,4,4,2,0,0,0.0,0,Python,2024-2026,1.0,0.8,0.0,0.0,0
15,6,1,0,3,3,2,0,0,0.0,0,Python,2024-2026,1.0,0.75,0.0,0.0,0
16,6,1,0,15,15,13,0,0,0.0,0,Python,2024-2026,1.0,0.94,0.0,0.0,0
16,6,1,0,26,26,23,1,0,0.0,0,Python,2024-2026,1.0,0.96,0.04,0.0,0
16,6,1,0,1,1,1,0,0,0.0,0,Python,2024-2026,1.0,0.5,0.0,0.0,0
16,6,1,0,1,1,1,0,0,0.0,0,Python,2024-2026,1.0,0.5,0.0,0.0,0
17,6,1,0,1,1,1,0,0,0.0,0,Python,2024-2026,1.0,0.5,0.0,0.0,0
18,6,1,0,1,1,1,0,0,0.0,0,Python,2024-2026,1.0,0.5,0.0,0.0,0
18,6,1,0,1,1,1,0,0,0.0,0,Python,2024-2026,1.0,0.5,0.0,0.0,0
15,0,0,0,49,1,2,1,3,24.67,0,Python,2024-2026,1.0,24.5,0.33,8.22,0
17,0,0,0,1,1,1,0,0,0.0,0,Python,2024-2026,1.0,0.5,0.0,0.0,0
5,1,0,1,9,10,3,0,0,0.0,0,Python,2024-2026,1.0,0.82,0.0,0.0,0
13,1,0,0,4,4,2,2,0,0.0,0,Python,2024-2026,1.0,0.8,0.67,0.0,0
10,2,0,0,177,0,9,0,0,0.0,0,Python,2024-2026,1.0,177.0,0.0,0.0,0
14,2,0,0,94,2,2,1,6,3.67,0,Python,2024-2026,1.0,31.33,0.33,1.22,0
15,2,0,0,99,1,3,1,0,0.0,0,Python,2024-2026,1.0,49.5,0.25,0.0,0
18,2,0,0,1,1,1,0,0,0.0,0,Python,2024-2026,1.0,0.5,0.0,0.0,0
18,2,0,0,17,5,2,2,2,2.5,0,Python,2024-2026,1.0,2.83,0.67,0.83,0
8,3,0,0,126,132,35,1,34,10.71,0,Python,2024-2026,1.0,0.95,0.03,0.3,0
11,3,0,0,8,8,2,2,1,3.0,0,Python,2024-2026,1.0,0.89,0.67,1.0,0
11,3,0,0,2,2,2,0,0,0.0,0,Python,2024-2026,1.0,0.67,0.0,0.0,0
13,3,0,0,35,13,2,1,3,4.67,0,Python,2024-2026,1.0,2.5,0.33,1.56,0
14,3,0,0,4,3,2,1,0,0.0,0,Python,2024-2026,1.0,1.0,0.33,0.0,0
16,3,0,0,14,2,3,0,0,0.0,0,Python,2024-2026,1.0,4.67,0.0,0.0,0
16,3,0,0,25,0,1,0,0,0.0,0,Python,2024-2026,1.0,25.0,0.0,0.0,0
17,3,0,0,21,7,1,1,2,11.0,0,Python,2024-2026,1.0,2.62,0.5,5.5,0
9,0,0,0,101,145,17,0,59,5.05,0,Python,2024-2026,1.0,0.69,0.0,0.28,0
10,1,0,0,2,26,3,3,4,2.0,0,Python,2024-2026,1.0,0.07,0.75,0.5,0
7,2,0,0,17,17,9,0,3,1.0,0,Python,2024-2026,1.0,0.94,0.0,0.1,0
17,2,0,0,2,17,5,0,1,1.0,0,Python,2024-2026,1.0,0.11,0.0,0.17,0
19,2,0,0,12,6,4,0,0,0.0,0,Python,2024-2026,1.0,1.71,0.0,0.0,0
20,2,0,0,26,18,8,0,0,0.0,0,Python,2024-2026,1.0,1.37,0.0,0.0,0
14,3,0,0,29,22,1,0,0,0.0,0,Python,2024-2026,1.0,1.26,0.0,0.0,0
6,4,0,0,1,1,1,0,0,0.0,0,Python,2024-2026,1.0,0.5,0.0,0.0,0
8,4,0,0,5,15,1,1,2,3.5,0,Python,2024-2026,1.0,0.31,0.5,1.75,0
7,5,1,0,5,0,1,0,0,0.0,0,Python,2024-2026,1.0,5.0,0.0,0.0,0
7,6,1,0,12,4,1,0,0,0.0,0,Python,2024-2026,1.0,2.4,0.0,0.0,0
9,0,0,0,5,6,2,1,3,8.0,0,Python,2024-2026,1.0,0.71,0.33,2.67,0
22,0,0,1,1,1,1,0,0,0.0,0,Python,2024-2026,1.0,0.5,0.0,0.0,0
10,1,0,0,1,1,1,0,0,0.0,0,Python,2024-2026,1.0,0.5,0.0,0.0,0
20,1,0,0,1,1,1,0,0,0.0,0,Python,2024-2026,1.0,0.5,0.0,0.0,0
11,2,0,0,259,1,5,1,20,1.55,0,Python,2024-2026,1.0,129.5,0.17,0.26,0
22,2,0,1,950,64,44,3,20,1.15,0,Python,2024-2026,1.0,14.62,0.07,0.03,0
8,3,0,0,86,18,4,1,6,3.67,0,Python,2024-2026,1.0,4.53,0.2,0.73,0
9,3,0,0,3,1111,12,2,28,3.29,0,Python,2024-2026,1.0,0.0,0.15,0.25,0
18,3,0,0,12,3,1,1,1,13.0,0,Python,2024-2026,1.0,3.0,0.5,6.5,0
17,5,1,0,18,12,10,1,2,1.0,0,Python,2024-2026,1.0,1.38,0.09,0.09,0
23,6,1,1,15,7,3,2,1,3.0,0,Python,2024-2026,1.0,1.88,0.5,0.75,0
19,0,0,0,4,2,1,0,1,2.0,0,Python,2024-2026,1.0,1.33,0.0,1.0,0
5,1,0,1,6,14,2,2,0,0.0,0,Python,2024-2026,1.0,0.4,0.67,0.0,0
23,3,0,1,1,0,1,0,0,0.0,0,Python,2024-2026,1.0,1.0,0.0,0.0,0
0,4,0,1,108,6,3,1,4,7.75,0,Python,2024-2026,1.0,15.43,0.25,1.94,0
18,6,1,0,1,1,1,0,0,0.0,0,Python,2024-2026,1.0,0.5,0.0,0.0,0
18,6,1,0,1,1,1,0,0,0.0,0,Python,2024-2026,1.0,0.5,0.0,0.0,0
18,6,1,0,1,1,1,0,0,0.0,0,Python,2024-2026,1.0,0.5,0.0,0.0,0
18,6,1,0,1,1,1,0,0,0.0,0,Python,2024-2026,1.0,0.5,0.0,0.0,0
19,6,1,0,4,4,3,0,0,0.0,0,Python,2024-2026,1.0,0.8,0.0,0.0,0
21,6,1,0,1,1,1,0,0,0.0,0,Python,2024-2026,1.0,0.5,0.0,0.0,0
11,0,0,0,57,2,3,1,2,6.0,0,Python,2024-2026,1.0,19.0,0.25,1.5,0
11,0,0,0,43,4,7,3,5,2.4,0,Python,2024-2026,1.0,8.6,0.38,0.3,0
14,0,0,0,0,1,1,0,1,37.0,0,Python,2024-2026,1.0,0.0,0.0,18.5,0
14,0,0,0,31,1,3,1,4,4.75,0,Python,2024-2026,1.0,15.5,0.25,1.19,0
14,0,0,0,1,1,1,0,0,0.0,0,Python,2024-2026,1.0,0.5,0.0,0.0,0
17,0,0,0,1,1,1,0,0,0.0,0,Python,2024-2026,1.0,0.5,0.0,0.0,0
11,1,0,0,2,2,1,1,0,0.0,0,Python,2024-2026,1.0,0.67,0.5,0.0,0
11,1,0,0,26,48,7,2,3,8.0,0,Python,2024-2026,1.0,0.53,0.25,1.0,0
11,1,0,0,421,3,3,1,28,1.96,0,Python,2024-2026,1.0,105.25,0.25,0.49,0
11,1,0,0,88,12,5,1,7,21.0,0,Python,2024-2026,1.0,6.77,0.17,3.5,0
11,1,0,0,32,2,2,1,5,8.0,0,Python,2024-2026,1.0,10.67,0.33,2.67,0
11,1,0,0,34,5,4,1,2,5.0,0,Python,2024-2026,1.0,5.67,0.2,1.0,0
11,1,0,0,15,2,4,1,2,4.0,0,Python,2024-2026,1.0,5.0,0.2,0.8,0
11,1,0,0,52,12,3,1,4,5.25,0,Python,2024-2026,1.0,4.0,0.25,1.31,0
12,1,0,0,35,57,4,0,9,9.67,0,Python,2024-2026,1.0,0.6,0.0,1.93,0
12,1,0,0,2,1,2,0,0,0.0,0,Python,2024-2026,1.0,1.0,0.0,0.0,0
12,1,0,0,85,16,6,3,8,2.88,0,Python,2024-2026,1.0,5.0,0.43,0.41,0
12,1,0,0,526,4,6,2,52,1.48,0,Python,2024-2026,1.0,105.2,0.29,0.21,0
13,1,0,0,792,21,9,3,55,1.82,0,Python,2024-2026,1.0,36.0,0.3,0.18,0
15,1,0,0,0,1,1,0,0,0.0,0,Python,2024-2026,1.0,0.0,0.0,0.0,0
16,1,0,0,26,21,4,1,2,17.5,0,Python,2024-2026,1.0,1.18,0.2,3.5,0
19,1,0,0,1,1,1,0,0,0.0,0,Python,2024-2026,1.0,0.5,0.0,0.0,0
0,2,0,1,14,1,2,0,4,1.0,0,Python,2024-2026,1.0,7.0,0.0,0.33,0
1,2,0,1,407,46,6,2,13,4.69,0,Python,2024-2026,1.0,8.66,0.29,0.67,0
6,2,0,0,134,0,1,0,0,0.0,0,Python,2024-2026,1.0,134.0,0.0,0.0,0
11,2,0,0,31,24,3,1,2,2.0,0,Python,2024-2026,1.0,1.24,0.25,0.5,0
12,2,0,0,255,15,5,1,16,4.5,0,Python,2024-2026,1.0,15.94,0.17,0.75,0
16,2,0,0,14,0,2,1,3,11.0,0,Python,2024-2026,1.0,14.0,0.33,3.67,0
17,2,0,0,13,6,2,0,2,6.0,0,Python,2024-2026,1.0,1.86,0.0,2.0,0
20,2,0,0,178,4,3,2,10,4.1,0,Python,2024-2026,1.0,35.6,0.5,1.02,0
20,2,0,0,18,18,6,0,0,0.0,0,Python,2024-2026,1.0,0.95,0.0,0.0,0
20,2,0,0,46,5,2,1,3,14.67,0,Python,2024-2026,1.0,7.67,0.33,4.89,0
20,2,0,0,38,2,3,1,4,4.0,0,Python,2024-2026,1.0,12.67,0.25,1.0,0
20,2,0,0,3971,234,17,7,193,1.73,0,Python,2024-2026,1.0,16.9,0.39,0.1,0
10,3,0,0,10,1,1,0,1,6.0,0,Python,2024-2026,1.0,5.0,0.0,3.0,0
11,3,0,0,67,1,2,1,4,1.5,0,Python,2024-2026,1.0,33.5,0.33,0.5,0
12,3,0,0,44,0,2,1,4,2.75,0,Python,2024-2026,1.0,44.0,0.33,0.92,0
12,3,0,0,243,40,4,1,27,2.41,0,Python,2024-2026,1.0,5.93,0.2,0.48,0
11,4,0,0,1,1,1,0,0,0.0,0,Python,2024-2026,1.0,0.5,0.0,0.0,0
12,4,0,0,2,2,2,0,1,20.0,0,Python,2024-2026,1.0,0.67,0.0,6.67,0
12,4,0,0,6,7,4,0,2,3.5,0,Python,2024-2026,1.0,0.75,0.0,0.7,0
17,4,0,0,9,9,3,0,0,0.0,0,Python,2024-2026,1.0,0.9,0.0,0.0,0
11,0,0,0,165,42,3,1,9,7.0,0,Python,2024-2026,1.0,3.84,0.25,1.75,0
11,0,0,0,13,12,1,0,2,1.5,0,Python,2024-2026,1.0,1.0,0.0,0.75,0
11,0,0,0,157,46,4,2,16,2.06,0,Python,2024-2026,1.0,3.34,0.4,0.41,0
11,0,0,0,116,4,2,1,7,2.0,0,Python,2024-2026,1.0,23.2,0.33,0.67,0
11,0,0,0,56,11,5,1,5,2.8,0,Python,2024-2026,1.0,4.67,0.17,0.47,0
12,0,0,0,135,37,3,1,14,1.93,0,Python,2024-2026,1.0,3.55,0.25,0.48,0
7,1,0,0,81,0,1,0,0,0.0,0,Python,2024-2026,1.0,81.0,0.0,0.0,0
11,1,0,0,200,30,7,2,9,5.44,0,Python,2024-2026,1.0,6.45,0.25,0.68,0
11,1,0,0,11,3,3,0,6,11.0,0,Python,2024-2026,1.0,2.75,0.0,2.75,0
11,1,0,0,9,11,4,0,2,13.0,0,Python,2024-2026,1.0,0.75,0.0,2.6,0
11,1,0,0,1,1,1,0,1,8.0,0,Python,2024-2026,1.0,0.5,0.0,4.0,0
11,1,0,0,24,20,1,0,4,6.75,0,Python,2024-2026,1.0,1.14,0.0,3.38,0
12,1,0,0,307,43,5,2,21,1.86,0,Python,2024-2026,1.0,6.98,0.33,0.31,0
13,1,0,0,947,2682,35,15,85,1.35,0,Python,2024-2026,1.0,0.35,0.42,0.04,0
14,1,0,0,3,0,1,0,1,3.0,0,Python,2024-2026,1.0,3.0,0.0,1.5,0
14,1,0,0,24,10,8,0,9,12.11,0,Python,2024-2026,1.0,2.18,0.0,1.35,0
12,2,0,0,140,12,9,4,11,6.0,0,Python,2024-2026,1.0,10.77,0.4,0.6,0
12,2,0,0,347,96,12,5,31,3.42,0,Python,2024-2026,1.0,3.58,0.38,0.26,0
14,2,0,0,44,0,1,0,1,7.0,0,Python,2024-2026,1.0,44.0,0.0,3.5,0
23,2,0,1,18,7,2,0,0,0.0,0,Python,2024-2026,1.0,2.25,0.0,0.0,0
11,3,0,0,182,23,3,1,13,2.38,0,Python,2024-2026,1.0,7.58,0.25,0.6,0
15,3,0,0,221,3,3,0,0,0.0,0,Python,2024-2026,1.0,55.25,0.0,0.0,0
21,3,0,0,65779,295002,1246,1,9,2.33,0,Python,2024-2026,1.0,0.22,0.0,0.0,0
7,4,0,0,222,21,3,2,14,2.57,0,Python,2024-2026,1.0,10.09,0.5,0.64,0
8,4,0,0,28,5,2,0,0,0.0,0,Python,2024-2026,1.0,4.67,0.0,0.0,0
9,4,0,0,9,5,2,0,2,44.5,0,Python,2024-2026,1.0,1.5,0.0,14.83,0
9,4,0,0,1171,1423,52,0,0,0.0,0,Python,2024-2026,1.0,0.82,0.0,0.0,0
9,4,0,0,54,3,3,1,7,3.0,0,Python,2024-2026,1.0,13.5,0.25,0.75,0
10,4,0,0,1741,1221,87,0,2,12.0,0,Python,2024-2026,1.0,1.42,0.0,0.14,0
11,4,0,0,237,51,6,1,27,2.81,0,Python,2024-2026,1.0,4.56,0.14,0.4,0
14,4,0,0,5,5,4,4,5,4.6,0,Python,2024-2026,1.0,0.83,0.8,0.92,0
16,4,0,0,8,1,2,0,1,16.0,0,Python,2024-2026,1.0,4.0,0.0,5.33,0
16,4,0,0,76,1,3,1,4,1.0,0,Python,2024-2026,1.0,38.0,0.25,0.25,0
16,4,0,0,171,13,3,0,0,0.0,0,Python,2024-2026,1.0,12.21,0.0,0.0,0
16,4,0,0,1461,11,4,1,61,2.77,0,Python,2024-2026,1.0,121.75,0.2,0.55,0
16,4,0,0,107,105,1,0,0,0.0,0,Python,2024-2026,1.0,1.01,0.0,0.0,0
16,4,0,0,4,4,3,0,0,0.0,0,Python,2024-2026,1.0,0.8,0.0,0.0,0
16,4,0,0,132,153,1,0,0,0.0,0,Python,2024-2026,1.0,0.86,0.0,0.0,0
16,4,0,0,107,107,1,0,0,0.0,0,Python,2024-2026,1.0,0.99,0.0,0.0,0
16,4,0,0,7,2,1,0,0,0.0,0,Python,2024-2026,1.0,2.33,0.0,0.0,0
16,4,0,0,38,8,2,1,1,1.0,0,Python,2024-2026,1.0,4.22,0.33,0.33,0
17,4,0,0,275,346,43,0,0,0.0,0,Python,2024-2026,1.0,0.79,0.0,0.0,0
17,4,0,0,0,0,0,0,0,0.0,0,Python,2024-2026,1.0,0.0,0.0,0.0,0
17,4,0,0,5,4,1,0,0,0.0,0,Python,2024-2026,1.0,1.0,0.0,0.0,0
18,4,0,0,3,5,2,0,0,0.0,0,Python,2024-2026,1.0,0.5,0.0,0.0,0
20,4,0,0,71,0,3,1,2,1.0,0,Python,2024-2026,1.0,71.0,0.25,0.25,0
21,4,0,0,491,24,3,0,17,4.24,0,Python,2024-2026,1.0,19.64,0.0,1.06,0
21,4,0,0,1,0,1,0,0,0.0,0,Python,2024-2026,1.0,1.0,0.0,0.0,0
22,4,0,1,2,10,2,0,0,0.0,0,Python,2024-2026,1.0,0.18,0.0,0.0,0
10,5,1,0,1,1,1,0,0,0.0,0,Python,2024-2026,1.0,0.5,0.0,0.0,0
16,5,1,0,6,3,1,0,0,0.0,0,Python,2024-2026,1.0,1.5,0.0,0.0,0
17,5,1,0,12,6,1,0,0,0.0,0,Python,2024-2026,1.0,1.71,0.0,0.0,0
19,5,1,0,1,0,1,0,0,0.0,0,Python,2024-2026,1.0,1.0,0.0,0.0,0
12,6,1,0,20,10905,12,0,3,3.33,0,Python,2024-2026,1.0,0.0,0.0,0.26,0
21,6,1,0,3659,3159,42,0,0,0.0,0,Python,2024-2026,1.0,1.16,0.0,0.0,0
7,0,0,0,1515,1421,3,0,0,0.0,0,Python,2024-2026,1.0,1.07,0.0,0.0,0
9,0,0,0,4,4,1,0,0,0.0,0,Python,2024-2026,1.0,0.8,0.0,0.0,0
10,0,0,0,13,5,2,0,4,12.5,0,Python,2024-2026,1.0,2.17,0.0,4.17,0
11,0,0,0,43,2,2,1,4,2.25,0,Python,2024-2026,1.0,14.33,0.33,0.75,0
11,0,0,0,3,0,1,0,1,6.0,0,Python,2024-2026,1.0,3.0,0.0,3.0,0
11,0,0,0,123,11,9,2,18,1.72,0,Python,2024-2026,1.0,10.25,0.2,0.17,0
11,0,0,0,2,2,2,0,1,2.0,0,Python,2024-2026,1.0,0.67,0.0,0.67,0
12,0,0,0,23,2,2,1,2,2.0,0,Python,2024-2026,1.0,7.67,0.33,0.67,0
12,0,0,0,62,1,2,1,5,2.2,0,Python,2024-2026,1.0,31.0,0.33,0.73,0
13,0,0,0,892,3,6,0,0,0.0,0,Python,2024-2026,1.0,223.0,0.0,0.0,0
14,0,0,0,6,0,1,0,0,0.0,0,Python,2024-2026,1.0,6.0,0.0,0.0,0
15,0,0,0,693,48,5,1,19,2.74,0,Python,2024-2026,1.0,14.14,0.17,0.46,0
15,0,0,0,6884,0,10,1,14,1.79,0,Python,2024-2026,1.0,6884.0,0.09,0.16,0
16,0,0,0,34,34,1,0,0,0.0,0,Python,2024-2026,1.0,0.97,0.0,0.0,0
20,0,0,0,29,34,4,0,12,6.5,0,Python,2024-2026,1.0,0.83,0.0,1.3,0
7,1,0,0,274,196,53,5,99,6.46,0,Python,2024-2026,1.0,1.39,0.09,0.12,0
11,1,0,0,92,13,7,1,3,2.0,0,Python,2024-2026,1.0,6.57,0.12,0.25,0
11,1,0,0,110,2,3,2,4,3.5,0,Python,2024-2026,1.0,36.67,0.5,0.88,0
12,1,0,0,797,78,3,1,43,3.14,0,Python,2024-2026,1.0,10.09,0.25,0.78,0
12,1,0,0,2,2,1,0,0,0.0,0,Python,2024-2026,1.0,0.67,0.0,0.0,0
12,1,0,0,141,3,2,1,13,1.69,0,Python,2024-2026,1.0,35.25,0.33,0.56,0
12,1,0,0,1,1,1,0,0,0.0,0,Python,2024-2026,1.0,0.5,0.0,0.0,0
12,1,0,0,2,2,2,0,0,0.0,0,Python,2024-2026,1.0,0.67,0.0,0.0,0
15,1,0,0,28,2686,13,1,81,3.91,0,Python,2024-2026,1.0,0.01,0.07,0.28,0
8,2,0,0,52,3,2,0,0,0.0,0,Python,2024-2026,1.0,13.0,0.0,0.0,0
9,2,0,0,406,17,4,1,19,2.37,0,Python,2024-2026,1.0,22.56,0.2,0.47,0
11,2,0,0,16,11,4,1,3,17.0,0,Python,2024-2026,1.0,1.33,0.2,3.4,0
11,2,0,0,2,2,2,0,0,0.0,0,Python,2024-2026,1.0,0.67,0.0,0.0,0
11,2,0,0,448,0,10,1,10,1.3,0,Python,2024-2026,1.0,448.0,0.09,0.12,0
11,2,0,0,1,1,1,0,0,0.0,0,Python,2024-2026,1.0,0.5,0.0,0.0,0
11,2,0,0,74,72,8,1,13,2.77,0,Python,2024-2026,1.0,1.01,0.11,0.31,0
12,2,0,0,0,7,1,0,1,3.0,0,Python,2024-2026,1.0,0.0,0.0,1.5,0
12,2,0,0,26,5,2,1,3,7.67,0,Python,2024-2026,1.0,4.33,0.33,2.56,0
12,2,0,0,59,3,3,2,8,2.0,0,Python,2024-2026,1.0,14.75,0.5,0.5,0
13,2,0,0,554,8,6,2,33,2.09,0,Python,2024-2026,1.0,61.56,0.29,0.3,0
15,2,0,0,1,1,1,0,0,0.0,0,Python,2024-2026,1.0,0.5,0.0,0.0,0
17,2,0,0,1219,10,9,2,62,1.68,0,Python,2024-2026,1.0,110.82,0.2,0.17,0
10,3,0,0,1,1,1,0,0,0.0,0,Python,2024-2026,1.0,0.5,0.0,0.0,0
10,4,0,0,225,2,3,0,5,2.6,0,Python,2024-2026,1.0,75.0,0.0,0.65,0
11,4,0,0,5,2,2,0,1,9.0,0,Python,2024-2026,1.0,1.67,0.0,3.0,0
11,4,0,0,133,133,44,0,0,0.0,0,Python,2024-2026,1.0,0.99,0.0,0.0,0
12,4,0,0,9,9,3,0,6,3.0,0,Python,2024-2026,1.0,0.9,0.0,0.75,0
12,4,0,0,21,1,3,1,2,1.5,0,Python,2024-2026,1.0,10.5,0.25,0.38,0
12,4,0,0,126,1785,5,0,0,0.0,0,Python,2024-2026,1.0,0.07,0.0,0.0,0
12,4,0,0,1,1,1,0,0,0.0,0,Python,2024-2026,1.0,0.5,0.0,0.0,0
12,4,0,0,174,236,3,0,0,0.0,0,Python,2024-2026,1.0,0.73,0.0,0.0,0
12,4,0,0,77,19,4,1,3,1.0,0,Python,2024-2026,1.0,3.85,0.2,0.2,0
12,4,0,0,11,13,1,0,0,0.0,0,Python,2024-2026,1.0,0.79,0.0,0.0,0
12,4,0,0,15,3,2,0,3,2.67,0,Python,2024-2026,1.0,3.75,0.0,0.89,0
13,4,0,0,66,4,3,1,2,4.5,0,Python,2024-2026,1.0,13.2,0.25,1.12,0
18,4,0,0,1,1,1,0,0,0.0,0,Python,2024-2026,1.0,0.5,0.0,0.0,0
21,5,1,0,4,11,1,0,1,2.0,0,Python,2024-2026,1.0,0.33,0.0,1.0,0
10,0,0,0,7,0,2,0,0,0.0,0,Python,2024-2026,1.0,7.0,0.0,0.0,0
15,0,0,0,19,37,3,1,9,3.56,0,Python,2024-2026,1.0,0.5,0.25,0.89,0
21,0,0,0,23,34,1,0,6,2.83,0,Python,2024-2026,1.0,0.66,0.0,1.42,0
21,0,0,0,2,1,1,1,1,1.0,0,Python,2024-2026,1.0,1.0,0.5,0.5,0
21,0,0,0,201,0,1,1,6,3.17,0,Python,2024-2026,1.0,201.0,0.5,1.58,0
14,1,0,0,8,32,1,1,2,10.0,0,Python,2024-2026,1.0,0.24,0.5,5.0,0
15,1,0,0,10,39,1,1,1,4.0,0,Python,2024-2026,1.0,0.25,0.5,2.0,0
15,1,0,0,23,1,2,0,6,2.33,0,Python,2024-2026,1.0,11.5,0.0,0.78,0
16,1,0,0,8,8,6,0,0,0.0,0,Python,2024-2026,1.0,0.89,0.0,0.0,0
16,1,0,0,19,0,2,1,4,1.75,0,Python,2024-2026,1.0,19.0,0.33,0.58,0
18,1,0,0,7,1,1,0,0,0.0,0,Python,2024-2026,1.0,3.5,0.0,0.0,0
19,1,0,0,66,2,2,0,0,0.0,0,Python,2024-2026,1.0,22.0,0.0,0.0,0
21,1,0,0,7,10,1,0,0,0.0,0,Python,2024-2026,1.0,0.64,0.0,0.0,0
22,1,0,1,2,2,1,1,1,2.0,0,Python,2024-2026,1.0,0.67,0.5,1.0,0
22,1,0,1,3,10,1,1,2,3.0,0,Python,2024-2026,1.0,0.27,0.5,1.5,0
2,2,0,1,48,1,3,1,2,13.0,0,Python,2024-2026,1.0,24.0,0.25,3.25,0
8,2,0,0,8,189,10,1,7,3.43,0,Python,2024-2026,1.0,0.04,0.09,0.31,0
11,2,0,0,0,42,3,3,0,0.0,0,Python,2024-2026,1.0,0.0,0.75,0.0,0
13,2,0,0,1,7,2,1,3,21.0,0,Python,2024-2026,1.0,0.12,0.33,7.0,0
13,2,0,0,7,0,1,0,0,0.0,0,Python,2024-2026,1.0,7.0,0.0,0.0,0
13,2,0,0,6,3,3,0,4,14.75,0,Python,2024-2026,1.0,1.5,0.0,3.69,0
14,2,0,0,983,5,8,0,0,0.0,0,Python,2024-2026,1.0,163.83,0.0,0.0,0
16,2,0,0,9,0,1,0,0,0.0,0,Python,2024-2026,1.0,9.0,0.0,0.0,0
16,2,0,0,154,184,46,0,0,0.0,0,Python,2024-2026,1.0,0.83,0.0,0.0,0
16,2,0,0,1,1,1,0,0,0.0,0,Python,2024-2026,1.0,0.5,0.0,0.0,0
16,2,0,0,3,3,1,0,0,0.0,0,Python,2024-2026,1.0,0.75,0.0,0.0,0
10,3,0,0,202,202,58,0,0,0.0,0,Python,2024-2026,1.0,1.0,0.0,0.0,0
10,3,0,0,150,150,50,0,0,0.0,0,Python,2024-2026,1.0,0.99,0.0,0.0,0
10,3,0,0,10,9,2,0,0,0.0,0,Python,2024-2026,1.0,1.0,0.0,0.0,0
12,3,0,0,1,1,1,0,0,0.0,0,Python,2024-2026,1.0,0.5,0.0,0.0,0
12,3,0,0,1,1,1,0,0,0.0,0,Python,2024-2026,1.0,0.5,0.0,0.0,0
13,3,0,0,24,16,1,1,5,2.6,0,Python,2024-2026,1.0,1.41,0.5,1.3,0
15,3,0,0,11,1,1,1,1,4.0,0,Python,2024-2026,1.0,5.5,0.5,2.0,0
16,3,0,0,2,3,1,1,1,5.0,0,Python,2024-2026,1.0,0.5,0.5,2.5,0
16,3,0,0,2,2,1,0,0,0.0,0,Python,2024-2026,1.0,0.67,0.0,0.0,0
19,3,0,0,1,0,1,1,0,0.0,0,Python,2024-2026,1.0,1.0,0.5,0.0,0
21,3,0,0,17,17,1,1,1,4.0,0,Python,2024-2026,1.0,0.94,0.5,2.0,0
21,3,0,0,4,8,1,1,2,3.0,0,Python,2024-2026,1.0,0.44,0.5,1.5,0
22,3,0,1,2,4,1,0,1,43.0,0,Python,2024-2026,1.0,0.4,0.0,21.5,0
9,4,0,0,1,1,1,0,0,0.0,0,Python,2024-2026,1.0,0.5,0.0,0.0,0
13,4,0,0,7,8,1,1,4,3.0,0,Python,2024-2026,1.0,0.78,0.5,1.5,0
15,4,0,0,14,8,2,1,4,2.0,0,Python,2024-2026,1.0,1.56,0.33,0.67,0
15,4,0,0,1,1,1,1,1,4.0,0,Python,2024-2026,1.0,0.5,0.5,2.0,0
15,4,0,0,3,3,1,0,1,1.0,0,Python,2024-2026,1.0,0.75,0.0,0.5,0
15,4,0,0,5,9,1,1,4,3.25,0,Python,2024-2026,1.0,0.5,0.5,1.62,0
15,4,0,0,0,1,1,0,0,0.0,0,Python,2024-2026,1.0,0.0,0.0,0.0,0
17,4,0,0,12,2,1,1,2,3.0,0,Python,2024-2026,1.0,4.0,0.5,1.5,0
19,4,0,0,1,1,1,0,0,0.0,0,Python,2024-2026,1.0,0.5,0.0,0.0,0
0,5,1,1,3,1,2,0,0,0.0,0,Python,2024-2026,1.0,1.5,0.0,0.0,0
16,5,1,0,5058,4202,67,0,0,0.0,0,Python,2024-2026,1.0,1.2,0.0,0.0,0
16,5,1,0,88,6,2,0,4,10.0,0,Python,2024-2026,1.0,12.57,0.0,3.33,0
6,6,1,0,2,2,1,0,0,0.0,0,Python,2024-2026,1.0,0.67,0.0,0.0,0
9,6,1,0,12,12,3,2,5,2.4,0,Python,2024-2026,1.0,0.92,0.5,0.6,0
16,6,1,0,56,25,1,0,0,0.0,0,Python,2024-2026,1.0,2.15,0.0,0.0,0
16,6,1,0,2,2,1,0,0,0.0,0,Python,2024-2026,1.0,0.67,0.0,0.0,0
16,6,1,0,0,0,2,0,0,0.0,0,Python,2024-2026,1.0,0.0,0.0,0.0,0
17,6,1,0,2,1,1,0,0,0.0,0,Python,2024-2026,1.0,1.0,0.0,0.0,0
17,6,1,0,17,118,2,0,0,0.0,0,Python,2024-2026,1.0,0.14,0.0,0.0,0
17,6,1,0,3,3,1,0,0,0.0,0,Python,2024-2026,1.0,0.75,0.0,0.0,0
7,0,0,0,2,2,1,0,0,0.0,0,Python,2024-2026,1.0,0.67,0.0,0.0,0
10,0,0,0,48,2,4,1,3,1.0,0,Python,2024-2026,1.0,16.0,0.2,0.2,0
10,0,0,0,49,1,2,1,6,2.5,0,Python,2024-2026,1.0,24.5,0.33,0.83,0
10,0,0,0,143,3,2,1,5,13.0,0,Python,2024-2026,1.0,35.75,0.33,4.33,0
10,0,0,0,2,0,1,0,0,0.0,0,Python,2024-2026,1.0,2.0,0.0,0.0,0
10,0,0,0,2,1,2,0,0,0.0,0,Python,2024-2026,1.0,1.0,0.0,0.0,0
12,0,0,0,2515,2439,5,1,4,4.0,0,Python,2024-2026,1.0,1.03,0.17,0.67,0
12,0,0,0,87,57,1,0,11,7.18,0,Python,2024-2026,1.0,1.5,0.0,3.59,0
13,0,0,0,9,0,1,0,0,0.0,0,Python,2024-2026,1.0,9.0,0.0,0.0,0
13,0,0,0,1,4,1,0,1,6.0,0,Python,2024-2026,1.0,0.2,0.0,3.0,0
13,0,0,0,149,24,5,1,10,10.4,0,Python,2024-2026,1.0,5.96,0.17,1.73,0
14,0,0,0,518,358,22,3,62,3.94,0,Python,2024-2026,1.0,1.44,0.13,0.17,0
14,0,0,0,8,0,1,0,0,0.0,0,Python,2024-2026,1.0,8.0,0.0,0.0,0
14,0,0,0,6,6,3,0,2,2.0,0,Python,2024-2026,1.0,0.86,0.0,0.5,0
16,0,0,0,1,1,1,0,0,0.0,0,Python,2024-2026,1.0,0.5,0.0,0.0,0
18,0,0,0,4,5,3,1,1,5.0,0,Python,2024-2026,1.0,0.67,0.25,1.25,0
0,1,0,1,13,9,3,1,3,2.33,0,Python,2024-2026,1.0,1.3,0.25,0.58,0
0,1,0,1,32,4,1,0,1,1.0,0,Python,2024-2026,1.0,6.4,0.0,0.5,0
17,1,0,0,7,3,1,0,1,5.0,0,Python,2024-2026,1.0,1.75,0.0,2.5,0
18,1,0,0,8,26,1,1,0,0.0,0,Python,2024-2026,1.0,0.3,0.5,0.0,0
8,2,0,0,77,74,4,0,1,4.0,0,Python,2024-2026,1.0,1.03,0.0,0.8,0
10,2,0,0,9,3,2,0,0,0.0,0,Python,2024-2026,1.0,2.25,0.0,0.0,0
13,2,0,0,3,3,2,0,0,0.0,0,Python,2024-2026,1.0,0.75,0.0,0.0,0
13,2,0,0,1,1,1,0,0,0.0,0,Python,2024-2026,1.0,0.5,0.0,0.0,0
13,2,0,0,1,1,1,0,0,0.0,0,Python,2024-2026,1.0,0.5,0.0,0.0,0
13,2,0,0,1,1,1,0,0,0.0,0,Python,2024-2026,1.0,0.5,0.0,0.0,0
14,2,0,0,158,54,2,0,0,0.0,0,Python,2024-2026,1.0,2.87,0.0,0.0,0
14,2,0,0,36,4,4,1,6,1.5,0,Python,2024-2026,1.0,7.2,0.2,0.3,0
14,2,0,0,2818,1853,21,0,0,0.0,0,Python,2024-2026,1.0,1.52,0.0,0.0,0
14,2,0,0,390,270,3,0,0,0.0,0,Python,2024-2026,1.0,1.44,0.0,0.0,0
14,2,0,0,1,1,1,0,0,0.0,0,Python,2024-2026,1.0,0.5,0.0,0.0,0
14,2,0,0,0,6,3,0,0,0.0,0,Python,2024-2026,1.0,0.0,0.0,0.0,0
15,2,0,0,4766,3558,47,0,0,0.0,0,Python,2024-2026,1.0,1.34,0.0,0.0,0
15,2,0,0,671,436,6,0,0,0.0,0,Python,2024-2026,1.0,1.54,0.0,0.0,0
17,2,0,0,6,0,1,0,0,0.0,0,Python,2024-2026,1.0,6.0,0.0,0.0,0
17,2,0,0,7,5,1,0,1,14.0,0,Python,2024-2026,1.0,1.17,0.0,7.0,0
19,2,0,0,11,11,3,0,0,0.0,0,Python,2024-2026,1.0,0.92,0.0,0.0,0
19,2,0,0,4,4,3,0,0,0.0,0,Python,2024-2026,1.0,0.8,0.0,0.0,0
19,2,0,0,9,9,6,0,0,0.0,0,Python,2024-2026,1.0,0.9,0.0,0.0,0
4,3,0,1,1,1,1,0,0,0.0,0,Python,2024-2026,1.0,0.5,0.0,0.0,0
5,3,0,1,1,1,1,0,0,0.0,0,Python,2024-2026,1.0,0.5,0.0,0.0,0
5,3,0,1,1,1,1,0,0,0.0,0,Python,2024-2026,1.0,0.5,0.0,0.0,0
8,3,0,0,10339,10937,671,0,0,0.0,0,Python,2024-2026,1.0,0.95,0.0,0.0,0
8,3,0,0,60,60,29,18,51,5.55,0,Python,2024-2026,1.0,0.98,0.6,0.18,1
9,3,0,0,34,1,1,0,0,0.0,0,Python,2024-2026,1.0,17.0,0.0,0.0,0
9,3,0,0,53,8,4,1,0,0.0,0,Python,2024-2026,1.0,5.89,0.2,0.0,0
9,3,0,0,13,24,1,0,0,0.0,0,Python,2024-2026,1.0,0.52,0.0,0.0,0
11,3,0,0,0,2,1,0,0,0.0,0,Python,2024-2026,1.0,0.0,0.0,0.0,0
14,3,0,0,867,3853,155,0,0,0.0,0,Python,2024-2026,1.0,0.22,0.0,0.0,0
19,3,0,0,1,1,1,0,0,0.0,0,Python,2024-2026,1.0,0.5,0.0,0.0,0
19,3,0,0,2,2,2,0,0,0.0,0,Python,2024-2026,1.0,0.67,0.0,0.0,0
21,3,0,0,28,28,5,0,54,3.96,0,Python,2024-2026,1.0,0.97,0.0,0.66,0
21,3,0,0,1,1,1,0,2,3.0,0,Python,2024-2026,1.0,0.5,0.0,1.5,0
10,4,0,0,3,3,2,0,3,6.0,0,Python,2024-2026,1.0,0.75,0.0,2.0,0
11,4,0,0,7,18,1,1,2,1.0,0,Python,2024-2026,1.0,0.37,0.5,0.5,0
13,4,0,0,22,252265,772,58,673,2.76,0,Python,2024-2026,1.0,0.0,0.08,0.0,0
13,4,0,0,1101,801,3,0,0,0.0,0,Python,2024-2026,1.0,1.37,0.0,0.0,0
13,4,0,0,1573,1573,15,0,0,0.0,0,Python,2024-2026,1.0,1.0,0.0,0.0,0
13,4,0,0,106,72,1,0,0,0.0,0,Python,2024-2026,1.0,1.45,0.0,0.0,0
13,4,0,0,755,512,2,0,0,0.0,0,Python,2024-2026,1.0,1.47,0.0,0.0,0
13,4,0,0,212,144,2,0,0,0.0,0,Python,2024-2026,1.0,1.46,0.0,0.0,0
13,4,0,0,165,130,2,0,0,0.0,0,Python,2024-2026,1.0,1.26,0.0,0.0,0
13,4,0,0,121,121,1,0,0,0.0,0,Python,2024-2026,1.0,0.99,0.0,0.0,0
13,4,0,0,79,158,10,4,22,3.05,0,Python,2024-2026,1.0,0.5,0.36,0.28,0
13,4,0,0,53,87,1,0,14,1.5,0,Python,2024-2026,1.0,0.6,0.0,0.75,0
13,4,0,0,31,18,3,1,6,8.17,0,Python,2024-2026,1.0,1.63,0.25,2.04,0
13,4,0,0,1,1,1,1,1,4.0,0,Python,2024-2026,1.0,0.5,0.5,2.0,0
13,4,0,0,15,15,1,1,4,2.5,0,Python,2024-2026,1.0,0.94,0.5,1.25,0
13,4,0,0,127,48,1,1,7,2.14,0,Python,2024-2026,1.0,2.59,0.5,1.07,0
13,4,0,0,7,6,1,1,3,1.0,0,Python,2024-2026,1.0,1.0,0.5,0.5,0
13,4,0,0,8,21,2,1,4,7.25,0,Python,2024-2026,1.0,0.36,0.33,2.42,0
13,4,0,0,44,55,2,1,9,5.0,0,Python,2024-2026,1.0,0.79,0.33,1.67,0
13,4,0,0,77,32,1,0,11,3.18,0,Python,2024-2026,1.0,2.33,0.0,1.59,0
13,4,0,0,3,1,1,0,1,13.0,0,Python,2024-2026,1.0,1.5,0.0,6.5,0
13,4,0,0,1,6,2,0,2,21.0,0,Python,2024-2026,1.0,0.14,0.0,7.0,0
13,4,0,0,86,45,2,0,12,7.67,0,Python,2024-2026,1.0,1.87,0.0,2.56,0
13,4,0,0,144,173,1,1,28,1.75,0,Python,2024-2026,1.0,0.83,0.5,0.88,0
13,4,0,0,17,16,1,0,1,22.0,0,Python,2024-2026,1.0,1.0,0.0,11.0,0
13,4,0,0,43,24,1,0,8,6.25,0,Python,2024-2026,1.0,1.72,0.0,3.12,0
13,4,0,0,3,3,1,0,1,12.0,0,Python,2024-2026,1.0,0.75,0.0,6.0,0
13,4,0,0,7,3,1,0,2,12.0,0,Python,2024-2026,1.0,1.75,0.0,6.0,0
13,4,0,0,5,0,1,0,2,12.5,0,Python,2024-2026,1.0,5.0,0.0,6.25,0
13,4,0,0,75,30,4,1,6,4.5,0,Python,2024-2026,1.0,2.42,0.2,0.9,0
13,4,0,0,52,39,1,0,3,5.33,0,Python,2024-2026,1.0,1.3,0.0,2.66,0
13,4,0,0,11,0,1,0,2,9.5,0,Python,2024-2026,1.0,11.0,0.0,4.75,0
13,4,0,0,4,2,1,0,2,4.0,0,Python,2024-2026,1.0,1.33,0.0,2.0,0
13,4,0,0,47,27,2,0,6,9.5,0,Python,2024-2026,1.0,1.68,0.0,3.17,0
13,4,0,0,4,16,2,0,6,5.17,0,Python,2024-2026,1.0,0.24,0.0,1.72,0
13,4,0,0,932,3,4,0,0,0.0,0,Python,2024-2026,1.0,233.0,0.0,0.0,0
16,4,0,0,1,1,1,0,0,0.0,0,Python,2024-2026,1.0,0.5,0.0,0.0,0
18,4,0,0,15,10,5,0,7,13.14,0,Python,2024-2026,1.0,1.36,0.0,2.19,0
19,4,0,0,3,0,4,1,1,1.0,0,Python,2024-2026,1.0,3.0,0.2,0.2,0
20,4,0,0,1572552,1089731,749,0,94,2.7,0,Python,2024-2026,1.0,1.44,0.0,0.0,0
21,4,0,0,7,1,1,0,0,0.0,0,Python,2024-2026,1.0,3.5,0.0,0.0,0
19,6,1,0,8,1,8,0,8,5.38,0,Python,2024-2026,1.0,4.0,0.0,0.6,0
5,0,0,1,530,217,12,2,27,4.89,0,Python,2024-2026,1.0,2.43,0.15,0.38,0
14,0,0,0,8,8,1,0,1,12.0,0,Python,2024-2026,1.0,0.89,0.0,6.0,0
19,0,0,0,1,1,1,1,1,3.0,0,Python,2024-2026,1.0,0.5,0.5,1.5,0
19,0,0,0,9,8,3,0,3,3.67,0,Python,2024-2026,1.0,1.0,0.0,0.92,0
19,0,0,0,5,2,3,0,3,5.67,0,Python,2024-2026,1.0,1.67,0.0,1.42,0
19,0,0,0,39,4,4,0,4,4.75,0,Python,2024-2026,1.0,7.8,0.0,0.95,0
19,0,0,0,24,14,3,1,1,7.0,0,Python,2024-2026,1.0,1.6,0.25,1.75,0
19,0,0,0,1,2,1,0,1,3.0,0,Python,2024-2026,1.0,0.33,0.0,1.5,0
19,0,0,0,39,10,3,1,6,3.67,0,Python,2024-2026,1.0,3.55,0.25,0.92,0
19,0,0,0,2,3,1,0,1,7.0,0,Python,2024-2026,1.0,0.5,0.0,3.5,0
22,0,0,1,3,3,2,0,0,0.0,0,Python,2024-2026,1.0,0.75,0.0,0.0,0
7,1,0,0,3,3,1,0,0,0.0,0,Python,2024-2026,1.0,0.75,0.0,0.0,0
8,1,0,0,2,2,6,3,0,0.0,0,Python,2024-2026,1.0,0.67,0.43,0.0,0
9,1,0,0,7,7,3,0,0,0.0,0,Python,2024-2026,1.0,0.88,0.0,0.0,0
9,1,0,0,689,26,5,4,7,1.29,0,Python,2024-2026,1.0,25.52,0.67,0.22,0
9,1,0,0,3,3,2,0,0,0.0,0,Python,2024-2026,1.0,0.75,0.0,0.0,0
10,1,0,0,740,29,21,12,4,1.0,0,Python,2024-2026,1.0,24.67,0.55,0.05,0
10,1,0,0,9,5,4,0,2,3.0,0,Python,2024-2026,1.0,1.5,0.0,0.6,0
10,1,0,0,83,83,2,0,0,0.0,0,Python,2024-2026,1.0,0.99,0.0,0.0,0
10,1,0,0,623,75,13,8,68,1.04,0,Python,2024-2026,1.0,8.2,0.57,0.07,0
10,1,0,0,6,6,5,3,4,3.5,0,Python,2024-2026,1.0,0.86,0.5,0.58,1
10,1,0,0,6,6,2,0,0,0.0,0,Python,2024-2026,1.0,0.86,0.0,0.0,0
12,1,0,0,165,3,4,2,4,1.0,0,Python,2024-2026,1.0,41.25,0.4,0.2,0
14,1,0,0,2,2,1,0,0,0.0,0,Python,2024-2026,1.0,0.67,0.0,0.0,0
14,1,0,0,62,18,4,0,0,0.0,0,Python,2024-2026,1.0,3.26,0.0,0.0,0
14,1,0,0,197,1,4,3,3,2.67,0,Python,2024-2026,1.0,98.5,0.6,0.53,0
14,1,0,0,163,56,12,1,11,6.45,0,Python,2024-2026,1.0,2.86,0.08,0.5,0
15,1,0,0,99,0,4,2,1,1.0,0,Python,2024-2026,1.0,99.0,0.4,0.2,0
15,1,0,0,2,2,1,0,1,22.0,0,Python,2024-2026,1.0,0.67,0.0,11.0,0
15,1,0,0,1,3,1,1,0,0.0,0,Python,2024-2026,1.0,0.25,0.5,0.0,0
16,1,0,0,18,15,10,1,0,0.0,0,Python,2024-2026,1.0,1.12,0.09,0.0,0
16,1,0,0,4,0,1,1,0,0.0,0,Python,2024-2026,1.0,4.0,0.5,0.0,0
16,1,0,0,8,1,1,0,1,1.0,0,Python,2024-2026,1.0,4.0,0.0,0.5,0
17,1,0,0,1,1,1,0,1,4.0,0,Python,2024-2026,1.0,0.5,0.0,2.0,0
20,1,0,0,19,1,1,0,1,13.0,0,Python,2024-2026,1.0,9.5,0.0,6.5,0
22,1,0,1,20,8,2,0,3,13.33,0,Python,2024-2026,1.0,2.22,0.0,4.44,0
22,1,0,1,34,3,2,1,3,4.0,0,Python,2024-2026,1.0,8.5,0.33,1.33,0
22,1,0,1,48,13,3,1,3,6.33,0,Python,2024-2026,1.0,3.43,0.25,1.58,0
22,1,0,1,29,8,3,1,2,2.0,0,Python,2024-2026,1.0,3.22,0.25,0.5,0
22,1,0,1,55,16,2,1,10,4.8,0,Python,2024-2026,1.0,3.24,0.33,1.6,0
8,2,0,0,77,14,3,1,8,2.38,0,Python,2024-2026,1.0,5.13,0.25,0.6,0
8,2,0,0,9,3,2,0,1,9.0,0,Python,2024-2026,1.0,2.25,0.0,3.0,0
11,2,0,0,9,18,2,1,5,2.8,0,Python,2024-2026,1.0,0.47,0.33,0.93,0
13,2,0,0,34,34,2,0,0,0.0,0,Python,2024-2026,1.0,0.97,0.0,0.0,0
13,2,0,0,1,1,1,0,0,0.0,0,Python,2024-2026,1.0,0.5,0.0,0.0,0
13,2,0,0,3,3,1,0,0,0.0,0,Python,2024-2026,1.0,0.75,0.0,0.0,0
13,2,0,0,20,20,4,0,0,0.0,0,Python,2024-2026,1.0,0.95,0.0,0.0,0
14,2,0,0,2,2,2,0,0,0.0,0,Python,2024-2026,1.0,0.67,0.0,0.0,0
15,2,0,0,2,2,1,0,0,0.0,0,Python,2024-2026,1.0,0.67,0.0,0.0,0
15,2,0,0,0,81,2,0,5,4.0,0,Python,2024-2026,1.0,0.0,0.0,1.33,0
15,2,0,0,1,1,1,0,0,0.0,0,Python,2024-2026,1.0,0.5,0.0,0.0,0
15,2,0,0,1,1,1,1,1,1.0,0,Python,2024-2026,1.0,0.5,0.5,0.5,0
15,2,0,0,2,0,1,1,1,1.0,0,Python,2024-2026,1.0,2.0,0.5,0.5,0
17,2,0,0,856,2,5,4,67,1.73,0,Python,2024-2026,1.0,285.33,0.67,0.29,0
20,2,0,0,91,0,2,1,8,2.25,0,Python,2024-2026,1.0,91.0,0.33,0.75,0
23,2,0,1,857,53,5,4,13,1.85,0,Python,2024-2026,1.0,15.87,0.67,0.31,0
10,3,0,0,1671,31,5,0,1,11.0,0,Python,2024-2026,1.0,52.22,0.0,1.83,0
11,3,0,0,3,3,1,0,0,0.0,0,Python,2024-2026,1.0,0.75,0.0,0.0,0
11,3,0,0,62,11,2,1,2,3.5,0,Python,2024-2026,1.0,5.17,0.33,1.17,0
12,3,0,0,29,6,2,1,2,1.5,0,Python,2024-2026,1.0,4.14,0.33,0.5,0
12,3,0,0,32,6,3,0,0,0.0,0,Python,2024-2026,1.0,4.57,0.0,0.0,0
12,3,0,0,6,6,2,0,0,0.0,0,Python,2024-2026,1.0,0.86,0.0,0.0,0
14,3,0,0,279,31,19,6,10,1.5,0,Python,2024-2026,1.0,8.72,0.3,0.08,0
17,3,0,0,207,1,3,2,17,1.53,0,Python,2024-2026,1.0,103.5,0.5,0.38,0
21,3,0,0,2159,3,12,3,5,1.2,0,Python,2024-2026,1.0,539.75,0.23,0.09,0
1,4,0,1,171,4,2,1,13,5.77,0,Python,2024-2026,1.0,34.2,0.33,1.92,0
4,4,0,1,2,2,2,0,0,0.0,0,Python,2024-2026,1.0,0.67,0.0,0.0,0
10,4,0,0,8,8,3,0,0,0.0,0,Python,2024-2026,1.0,0.89,0.0,0.0,0
10,4,0,0,9,0,2,0,0,0.0,0,Python,2024-2026,1.0,9.0,0.0,0.0,0
10,4,0,0,430,7199,82,32,415,1.86,0,Python,2024-2026,1.0,0.06,0.39,0.02,0
12,4,0,0,61,3,2,1,2,8.5,0,Python,2024-2026,1.0,15.25,0.33,2.83,0
12,4,0,0,222,204,35,0,51,11.14,0,Python,2024-2026,1.0,1.08,0.0,0.31,0
13,4,0,0,1,1,1,0,0,0.0,0,Python,2024-2026,1.0,0.5,0.0,0.0,0
13,4,0,0,202,0,1,1,0,0.0,0,Python,2024-2026,1.0,202.0,0.5,0.0,0
13,4,0,0,15,14,2,1,4,3.25,0,Python,2024-2026,1.0,1.0,0.33,1.08,0
15,4,0,0,3,3,2,1,2,1.0,0,Python,2024-2026,1.0,0.75,0.33,0.33,0
16,4,0,0,164,70,19,1,4,1.75,0,Python,2024-2026,1.0,2.31,0.05,0.09,0
19,4,0,0,5,1,1,0,0,0.0,0,Python,2024-2026,1.0,2.5,0.0,0.0,0
10,5,1,0,3,3,1,0,0,0.0,0,Python,2024-2026,1.0,0.75,0.0,0.0,0
12,5,1,0,2,2,2,0,0,0.0,0,Python,2024-2026,1.0,0.67,0.0,0.0,0
12,5,1,0,29,29,16,5,0,0.0,0,Python,2024-2026,1.0,0.97,0.29,0.0,0
15,5,1,0,6,6,2,0,0,0.0,0,Python,2024-2026,1.0,0.86,0.0,0.0,0
23,6,1,1,33,2,2,1,6,2.67,0,Python,2024-2026,1.0,11.0,0.33,0.89,0
23,6,1,1,7,0,1,0,0,0.0,0,Python,2024-2026,1.0,7.0,0.0,0.0,0
11,0,0,0,2,2,1,0,3,2.67,0,Python,2024-2026,1.0,0.67,0.0,1.34,0
13,0,0,0,16,20,10,2,12,13.75,0,Python,2024-2026,1.0,0.76,0.18,1.25,1
13,0,0,0,91,146,16,8,36,3.92,0,Python,2024-2026,1.0,0.62,0.47,0.23,1
13,0,0,0,3,3,2,2,2,7.5,0,Python,2024-2026,1.0,0.75,0.67,2.5,1
15,0,0,0,122,119,7,0,0,0.0,0,Python,2024-2026,1.0,1.02,0.0,0.0,0
16,0,0,0,83,64,4,1,3,1.0,0,Python,2024-2026,1.0,1.28,0.2,0.2,0
17,0,0,0,7,7,2,0,0,0.0,0,Python,2024-2026,1.0,0.88,0.0,0.0,0
17,0,0,0,84,78,9,0,0,0.0,0,Python,2024-2026,1.0,1.06,0.0,0.0,0
3,1,0,1,4,4,2,0,0,0.0,0,Python,2024-2026,1.0,0.8,0.0,0.0,0
8,1,0,0,3,11,1,0,0,0.0,0,Python,2024-2026,1.0,0.25,0.0,0.0,0
8,1,0,0,3,3,1,0,0,0.0,0,Python,2024-2026,1.0,0.75,0.0,0.0,0
9,1,0,0,2,2,6,3,0,0.0,0,Python,2024-2026,1.0,0.67,0.43,0.0,0
12,1,0,0,83,83,2,0,0,0.0,0,Python,2024-2026,1.0,0.99,0.0,0.0,0
12,1,0,0,6,6,2,0,0,0.0,0,Python,2024-2026,1.0,0.86,0.0,0.0,0
13,1,0,0,4,0,1,0,0,0.0,0,Python,2024-2026,1.0,4.0,0.0,0.0,0
13,1,0,0,1,1,1,0,0,0.0,0,Python,2024-2026,1.0,0.5,0.0,0.0,0
14,1,0,0,6,32,3,0,0,0.0,0,Python,2024-2026,1.0,0.18,0.0,0.0,0
14,1,0,0,6,6,2,0,0,0.0,0,Python,2024-2026,1.0,0.86,0.0,0.0,0
14,1,0,0,3,3,1,0,0,0.0,0,Python,2024-2026,1.0,0.75,0.0,0.0,0
15,1,0,0,79,71,2,0,0,0.0,0,Python,2024-2026,1.0,1.1,0.0,0.0,0
15,1,0,0,83,83,2,0,0,0.0,0,Python,2024-2026,1.0,0.99,0.0,0.0,0
15,1,0,0,16,16,2,0,0,0.0,0,Python,2024-2026,1.0,0.94,0.0,0.0,0
16,1,0,0,280,30,25,4,19,7.42,0,Python,2024-2026,1.0,9.03,0.15,0.29,0
17,1,0,0,1,2,1,0,0,0.0,0,Python,2024-2026,1.0,0.33,0.0,0.0,0
20,1,0,0,0,2,1,0,0,0.0,0,Python,2024-2026,1.0,0.0,0.0,0.0,0
22,1,0,1,4,9,2,1,1,1.0,0,Python,2024-2026,1.0,0.4,0.33,0.33,0
22,1,0,1,4,2,1,1,1,1.0,0,Python,2024-2026,1.0,1.33,0.5,0.5,0
22,1,0,1,156,4,15,4,6,4.67,0,Python,2024-2026,1.0,31.2,0.25,0.29,0
23,1,0,1,2,3,1,0,1,12.0,0,Python,2024-2026,1.0,0.5,0.0,6.0,0
23,1,0,1,3,5,1,0,3,12.33,0,Python,2024-2026,1.0,0.5,0.0,6.16,0
0,2,0,1,7747,1187,5,0,0,0.0,0,Python,2024-2026,1.0,6.52,0.0,0.0,0
11,2,0,0,2,2,2,0,0,0.0,0,Python,2024-2026,1.0,0.67,0.0,0.0,0
13,2,0,0,12,1,2,0,0,0.0,0,Python,2024-2026,1.0,6.0,0.0,0.0,0
13,2,0,0,6,6,2,0,0,0.0,0,Python,2024-2026,1.0,0.86,0.0,0.0,0
14,2,0,0,206,5,4,2,15,1.93,0,Python,2024-2026,1.0,34.33,0.4,0.39,0
14,2,0,0,0,4,1,0,0,0.0,0,Python,2024-2026,1.0,0.0,0.0,0.0,0
16,2,0,0,297,0,9,5,13,2.31,0,Python,2024-2026,1.0,297.0,0.5,0.23,0
16,2,0,0,208,0,1,1,0,0.0,0,Python,2024-2026,1.0,208.0,0.5,0.0,0
16,2,0,0,2,2,1,0,0,0.0,0,Python,2024-2026,1.0,0.67,0.0,0.0,0
17,2,0,0,600,3,3,3,9,1.22,0,Python,2024-2026,1.0,150.0,0.75,0.3,0
19,2,0,0,816,195,4,4,55,1.15,0,Python,2024-2026,1.0,4.16,0.8,0.23,0
20,2,0,0,165,165,72,0,0,0.0,0,Python,2024-2026,1.0,0.99,0.0,0.0,0
20,2,0,0,21,21,21,0,0,0.0,0,Python,2024-2026,1.0,0.95,0.0,0.0,0
20,2,0,0,28,28,28,0,0,0.0,0,Python,2024-2026,1.0,0.97,0.0,0.0,0
20,2,0,0,3019,2998,4,1,2,1.0,0,Python,2024-2026,1.0,1.01,0.2,0.2,0
9,3,0,0,1,0,1,0,0,0.0,0,Python,2024-2026,1.0,1.0,0.0,0.0,0
9,3,0,0,2,2,2,0,0,0.0,1,Python,2024-2026,0.4,0.67,0.0,0.0,0
10,3,0,0,6,6,1,0,0,0.0,0,Python,2024-2026,1.0,0.86,0.0,0.0,0
10,3,0,0,24,0,2,1,1,1.0,0,Python,2024-2026,1.0,24.0,0.33,0.33,0
12,3,0,0,14,1,1,0,1,4.0,0,Python,2024-2026,1.0,7.0,0.0,2.0,0
12,3,0,0,82,70,3,0,18,1.94,0,Python,2024-2026,1.0,1.15,0.0,0.48,0
12,3,0,0,46,4,6,3,8,1.0,0,Python,2024-2026,1.0,9.2,0.43,0.14,0
12,3,0,0,4100,2,25,0,0,0.0,1,Python,2024-2026,0.4,1366.67,0.0,0.0,0
14,3,0,0,70,30,2,0,10,4.6,0,Python,2024-2026,1.0,2.26,0.0,1.53,0
15,3,0,0,81,8,4,2,13,2.15,0,Python,2024-2026,1.0,9.0,0.4,0.43,0
15,3,0,0,2,1,1,0,0,0.0,0,Python,2024-2026,1.0,1.0,0.0,0.0,0
16,3,0,0,2,2,1,0,0,0.0,0,Python,2024-2026,1.0,0.67,0.0,0.0,0
17,3,0,0,22,0,2,0,0,0.0,0,Python,2024-2026,1.0,22.0,0.0,0.0,0
17,3,0,0,261,0,5,2,0,0.0,1,Python,2024-2026,0.4,261.0,0.33,0.0,0
17,3,0,0,107,2,4,2,13,2.54,1,Python,2024-2026,0.4,35.67,0.4,0.51,0
18,3,0,0,101,0,1,0,2,1.0,1,Python,2024-2026,0.4,101.0,0.0,0.5,1
18,3,0,0,3,3,1,0,0,0.0,0,Python,2024-2026,1.0,0.75,0.0,0.0,1
18,3,0,0,34,28,2,1,10,5.2,0,Python,2024-2026,1.0,1.17,0.33,1.73,0
19,3,0,0,3,4,2,0,6,7.0,0,Python,2024-2026,1.0,0.6,0.0,2.33,0
22,3,0,1,3,3,1,0,0,0.0,1,Python,2024-2026,0.4,0.75,0.0,0.0,1
23,3,0,1,181,0,1,0,0,0.0,0,Python,2024-2026,1.0,181.0,0.0,0.0,0
23,3,0,1,3,2,1,0,0,0.0,0,Python,2024-2026,1.0,1.0,0.0,0.0,0
23,3,0,1,1,1,1,0,0,0.0,0,Python,2024-2026,1.0,0.5,0.0,0.0,0
23,3,0,1,126,0,1,0,0,0.0,0,Python,2024-2026,1.0,126.0,0.0,0.0,0
23,3,0,1,6,0,1,0,0,0.0,0,Python,2024-2026,1.0,6.0,0.0,0.0,0
23,3,0,1,72,72,1,0,0,0.0,0,Python,2024-2026,1.0,0.99,0.0,0.0,0
0,4,0,1,3,3,1,0,0,0.0,1,Python,2024-2026,0.4,0.75,0.0,0.0,2
1,4,0,1,31,4,3,1,9,2.56,0,Python,2024-2026,1.0,6.2,0.25,0.64,0
8,4,0,0,3,3,3,0,0,0.0,1,Python,2024-2026,0.4,0.75,0.0,0.0,0
8,4,0,0,1,1,1,0,0,0.0,0,Python,2024-2026,1.0,0.5,0.0,0.0,3
9,4,0,0,545,61,2,1,14,3.43,0,Python,2024-2026,1.0,8.79,0.33,1.14,0
9,4,0,0,74,0,2,1,1,2.0,0,Python,2024-2026,1.0,74.0,0.33,0.67,0
9,4,0,0,1,0,1,0,0,0.0,0,Python,2024-2026,1.0,1.0,0.0,0.0,1
9,4,0,0,33,4,3,0,0,0.0,0,Python,2024-2026,1.0,6.6,0.0,0.0,0
9,4,0,0,1,1,1,0,0,0.0,0,Python,2024-2026,1.0,0.5,0.0,0.0,1
9,4,0,0,20,4,1,1,1,1.0,0,Python,2024-2026,1.0,4.0,0.5,0.5,0
11,4,0,0,22,0,1,0,0,0.0,0,Python,2024-2026,1.0,22.0,0.0,0.0,1
11,4,0,0,219,74,15,1,0,0.0,0,Python,2024-2026,1.0,2.92,0.06,0.0,0
13,4,0,0,6,6,2,0,0,0.0,1,Python,2024-2026,0.4,0.86,0.0,0.0,3
14,4,0,0,2,2,1,0,0,0.0,0,Python,2024-2026,1.0,0.67,0.0,0.0,1
14,4,0,0,40,6,2,0,0,0.0,0,Python,2024-2026,1.0,5.71,0.0,0.0,0
14,4,0,0,231,0,4,1,6,2.5,0,Python,2024-2026,1.0,231.0,0.2,0.5,0
14,4,0,0,8,2,2,2,2,1.0,1,Python,2024-2026,0.4,2.67,0.67,0.33,1
14,4,0,0,92,28,3,0,7,1.57,0,Python,2024-2026,1.0,3.17,0.0,0.39,0
14,4,0,0,404,280,18,1,0,0.0,0,Python,2024-2026,1.0,1.44,0.05,0.0,0
14,4,0,0,16,3,3,0,0,0.0,0,Python,2024-2026,1.0,4.0,0.0,0.0,2
15,4,0,0,27,0,3,1,1,1.0,0,Python,2024-2026,1.0,27.0,0.25,0.25,0
16,4,0,0,230,3,3,1,12,1.75,0,Python,2024-2026,1.0,57.5,0.25,0.44,0
16,4,0,0,7,0,1,0,0,0.0,0,Python,2024-2026,1.0,7.0,0.0,0.0,2
18,4,0,0,3,3,1,0,0,0.0,1,Python,2024-2026,0.4,0.75,0.0,0.0,4
6,6,1,0,1,1,1,0,0,0.0,0,Python,2024-2026,1.0,0.5,0.0,0.0,0
20,6,1,0,2,2,1,0,0,0.0,0,Python,2024-2026,1.0,0.67,0.0,0.0,0
21,6,1,0,251,12,2,1,15,3.0,0,Python,2024-2026,1.0,19.31,0.33,1.0,0
23,6,1,1,1,1,1,0,0,0.0,0,Python,2024-2026,1.0,0.5,0.0,0.0,0
8,0,0,0,18,3,3,0,0,0.0,0,Python,2024-2026,1.0,4.5,0.0,0.0,0
8,0,0,0,156,31,2,1,13,1.85,0,Python,2024-2026,1.0,4.88,0.33,0.62,0
8,0,0,0,1,1,1,0,0,0.0,0,Python,2024-2026,1.0,0.5,0.0,0.0,2
10,0,0,0,65,3,2,1,9,1.33,0,Python,2024-2026,1.0,16.25,0.33,0.44,0
12,0,0,0,1,1,1,0,0,0.0,0,Python,2024-2026,1.0,0.5,0.0,0.0,0
13,0,0,0,17,85,7,0,0,0.0,0,Python,2024-2026,1.0,0.2,0.0,0.0,0
13,0,0,0,1,1,1,0,1,3.0,0,Python,2024-2026,1.0,0.5,0.0,1.5,0
13,0,0,0,36,0,1,0,0,0.0,0,Python,2024-2026,1.0,36.0,0.0,0.0,0
14,0,0,0,87,73,2,1,3,4.67,0,Python,2024-2026,1.0,1.18,0.33,1.56,0
14,0,0,0,640,21,4,1,59,1.56,0,Python,2024-2026,1.0,29.09,0.2,0.31,0
14,0,0,0,12,2,1,1,1,1.0,0,Python,2024-2026,1.0,4.0,0.5,0.5,0
14,0,0,0,11,2,1,0,1,24.0,0,Python,2024-2026,1.0,3.67,0.0,12.0,0
14,0,0,0,16,17,2,0,0,0.0,1,Python,2024-2026,0.4,0.89,0.0,0.0,5
14,0,0,0,83,83,2,0,0,0.0,1,Python,2024-2026,0.4,0.99,0.0,0.0,6
14,0,0,0,34,34,2,0,0,0.0,1,Python,2024-2026,0.4,0.97,0.0,0.0,7
14,0,0,0,46,0,1,0,2,9.5,0,Python,2024-2026,1.0,46.0,0.0,4.75,0
15,0,0,0,3,3,2,0,0,0.0,0,Python,2024-2026,1.0,0.75,0.0,0.0,0
15,0,0,0,22,0,1,1,2,1.0,0,Python,2024-2026,1.0,22.0,0.5,0.5,0
15,0,0,0,5,5,5,0,0,0.0,1,Python,2024-2026,0.4,0.83,0.0,0.0,8
16,0,0,0,1,0,1,0,0,0.0,0,Python,2024-2026,1.0,1.0,0.0,0.0,0
16,0,0,0,0,4,1,0,0,0.0,0,Python,2024-2026,1.0,0.0,0.0,0.0,0
16,0,0,0,225,0,1,1,0,0.0,0,Python,2024-2026,1.0,225.0,0.5,0.0,2
17,0,0,0,2,2,1,0,2,12.0,0,Python,2024-2026,1.0,0.67,0.0,6.0,0
17,0,0,0,39,7,6,1,8,2.75,0,Python,2024-2026,1.0,4.88,0.14,0.39,0
17,0,0,0,10,16,4,0,0,0.0,0,Python,2024-2026,1.0,0.59,0.0,0.0,0
18,0,0,0,1259,3,4,0,0,0.0,0,Python,2024-2026,1.0,314.75,0.0,0.0,2
21,0,0,0,22,1,1,0,0,0.0,0,Python,2024-2026,1.0,11.0,0.0,0.0,0
21,0,0,0,84,44,8,0,0,0.0,0,Python,2024-2026,1.0,1.87,0.0,0.0,0
21,0,0,0,20,2,3,2,0,0.0,0,Python,2024-2026,1.0,6.67,0.5,0.0,0
22,0,0,1,18,0,3,0,0,0.0,0,Python,2024-2026,1.0,18.0,0.0,0.0,0
22,0,0,1,288,251,31,9,121,2.39,1,Python,2024-2026,0.4,1.14,0.28,0.07,2
22,0,0,1,4,7,2,1,4,1.75,0,Python,2024-2026,1.0,0.5,0.33,0.58,0
22,0,0,1,18,0,2,1,3,2.0,0,Python,2024-2026,1.0,18.0,0.33,0.67,0
22,0,0,1,12,1,2,1,3,3.33,0,Python,2024-2026,1.0,6.0,0.33,1.11,0
23,0,0,1,6,6,1,0,0,0.0,0,Python,2024-2026,1.0,0.86,0.0,0.0,0
23,0,0,1,2,0,1,1,1,1.0,0,Python,2024-2026,1.0,2.0,0.5,0.5,0
7,1,0,0,25,3,5,1,2,2.0,1,Python,2024-2026,0.4,6.25,0.17,0.33,0
8,1,0,0,4,4,3,0,0,0.0,0,Python,2024-2026,1.0,0.8,0.0,0.0,0
8,1,0,0,231,2,3,1,12,1.58,0,Python,2024-2026,1.0,77.0,0.25,0.4,0
8,1,0,0,26,40,2,1,5,6.8,0,Python,2024-2026,1.0,0.63,0.33,2.27,0
8,1,0,0,2,2,6,3,0,0.0,0,Python,2024-2026,1.0,0.67,0.43,0.0,2
8,1,0,0,71,0,2,1,6,1.5,0,Python,2024-2026,1.0,71.0,0.33,0.5,0
8,1,0,0,2,0,1,0,1,1.0,0,Python,2024-2026,1.0,2.0,0.0,0.5,0
8,1,0,0,150,19,4,1,8,1.0,0,Python,2024-2026,1.0,7.5,0.2,0.2,0
8,1,0,0,31,9,2,1,4,5.25,0,Python,2024-2026,1.0,3.1,0.33,1.75,0
8,1,0,0,193,3,4,1,10,1.4,0,Python,2024-2026,1.0,48.25,0.2,0.28,0
8,1,0,0,5,4,1,0,0,0.0,0,Python,2024-2026,1.0,1.0,0.0,0.0,0
9,1,0,0,3,7,1,0,1,7.0,0,Python,2024-2026,1.0,0.38,0.0,3.5,0
9,1,0,0,1025,1,8,1,7,3.0,0,Python,2024-2026,1.0,512.5,0.11,0.33,0
9,1,0,0,1,1,1,0,0,0.0,0,Python,2024-2026,1.0,0.5,0.0,0.0,2
9,1,0,0,14,8,2,1,2,8.0,0,Python,2024-2026,1.0,1.56,0.33,2.67,0
10,1,0,0,3,3,1,0,0,0.0,0,Python,2024-2026,1.0,0.75,0.0,0.0,2
10,1,0,0,310,7,5,1,16,6.5,0,Python,2024-2026,1.0,38.75,0.17,1.08,0
10,1,0,0,19,0,1,0,0,0.0,0,Python,2024-2026,1.0,19.0,0.0,0.0,2
10,1,0,0,1,1,1,1,0,0.0,0,Python,2024-2026,1.0,0.5,0.5,0.0,0
10,1,0,0,1,1,1,0,0,0.0,0,Python,2024-2026,1.0,0.5,0.0,0.0,0
12,1,0,0,47,9,1,0,0,0.0,1,Python,2024-2026,0.4,4.7,0.0,0.0,1
12,1,0,0,47,0,2,1,4,1.0,0,Python,2024-2026,1.0,47.0,0.33,0.33,0
12,1,0,0,5,1,1,0,0,0.0,0,Python,2024-2026,1.0,2.5,0.0,0.0,2
13,1,0,0,83,83,2,0,0,0.0,1,Python,2024-2026,0.4,0.99,0.0,0.0,9
13,1,0,0,87,3,4,2,8,1.62,0,Python,2024-2026,1.0,21.75,0.4,0.32,0
13,1,0,0,5,0,1,0,0,0.0,0,Python,2024-2026,1.0,5.0,0.0,0.0,0
15,1,0,0,3,3,3,0,0,0.0,1,Python,2024-2026,0.4,0.75,0.0,0.0,2
16,1,0,0,10,10,3,0,0,0.0,0,Python,2024-2026,1.0,0.91,0.0,0.0,10
16,1,0,0,53,53,53,0,0,0.0,0,Python,2024-2026,1.0,0.98,0.0,0.0,10
16,1,0,0,27,2,6,0,2,3.5,0,Python,2024-2026,1.0,9.0,0.0,0.5,0
17,1,0,0,18,16,3,0,5,14.8,0,Python,2024-2026,1.0,1.06,0.0,3.7,0
19,1,0,0,1,0,1,0,0,0.0,0,Python,2024-2026,1.0,1.0,0.0,0.0,3
20,1,0,0,3004,2998,3,0,0,0.0,0,Python,2024-2026,1.0,1.0,0.0,0.0,0
21,1,0,0,219,2,2,1,11,2.64,0,Python,2024-2026,1.0,73.0,0.33,0.88,0
21,1,0,0,4,17,1,1,1,1.0,0,Python,2024-2026,1.0,0.22,0.5,0.5,0
21,1,0,0,420,202,10,6,30,3.67,0,Python,2024-2026,1.0,2.07,0.55,0.33,0
21,1,0,0,221,4,6,4,43,1.67,0,Python,2024-2026,1.0,44.2,0.57,0.24,0
21,1,0,0,146,1,2,1,6,14.0,0,Python,2024-2026,1.0,73.0,0.33,4.67,0
21,1,0,0,378,8,9,5,20,3.35,0,Python,2024-2026,1.0,42.0,0.5,0.34,0
22,1,0,1,14,45,1,0,7,2.43,0,Python,2024-2026,1.0,0.3,0.0,1.22,0
22,1,0,1,1,0,1,0,0,0.0,0,Python,2024-2026,1.0,1.0,0.0,0.0,3
22,1,0,1,261,0,2,1,19,3.58,0,Python,2024-2026,1.0,261.0,0.33,1.19,0
22,1,0,1,18,6,1,1,1,26.0,0,Python,2024-2026,1.0,2.57,0.5,13.0,0
22,1,0,1,16,0,1,0,0,0.0,0,Python,2024-2026,1.0,16.0,0.0,0.0,0
22,1,0,1,81,0,1,0,0,0.0,0,Python,2024-2026,1.0,81.0,0.0,0.0,3
23,1,0,1,1,0,1,1,0,0.0,0,Python,2024-2026,1.0,1.0,0.5,0.0,0
7,2,0,0,34,19,3,1,3,4.33,0,Python,2024-2026,1.0,1.7,0.25,1.08,0
9,2,0,0,6,11,1,0,1,6.0,0,Python,2024-2026,1.0,0.5,0.0,3.0,0
9,2,0,0,1,0,1,1,1,1.0,0,Python,2024-2026,1.0,1.0,0.5,0.5,0
9,2,0,0,1,0,1,0,1,6.0,0,Python,2024-2026,1.0,1.0,0.0,3.0,0
11,2,0,0,2,4,1,0,0,0.0,0,Python,2024-2026,1.0,0.4,0.0,0.0,0
11,2,0,0,56,6,1,0,0,0.0,0,Python,2024-2026,1.0,8.0,0.0,0.0,0
11,2,0,0,58,0,1,0,0,0.0,0,Python,2024-2026,1.0,58.0,0.0,0.0,0
11,2,0,0,2,2,1,0,0,0.0,0,Python,2024-2026,1.0,0.67,0.0,0.0,0
13,2,0,0,17,4,1,0,2,9.0,0,Python,2024-2026,1.0,3.4,0.0,4.5,0
14,2,0,0,23,19,2,0,0,0.0,0,Python,2024-2026,1.0,1.15,0.0,0.0,10
14,2,0,0,317,61,20,0,0,0.0,0,Python,2024-2026,1.0,5.11,0.0,0.0,0
16,2,0,0,1,0,1,1,0,0.0,0,Python,2024-2026,1.0,1.0,0.5,0.0,0
18,2,0,0,2,1,1,0,0,0.0,0,Python,2024-2026,1.0,1.0,0.0,0.0,0
19,2,0,0,110,0,1,0,0,0.0,0,Python,2024-2026,1.0,110.0,0.0,0.0,0
21,2,0,0,5,3,2,0,0,0.0,0,Python,2024-2026,1.0,1.25,0.0,0.0,10
23,2,0,1,82,9,2,0,0,0.0,0,Python,2024-2026,1.0,8.2,0.0,0.0,0
23,2,0,1,2,2,7,0,0,0.0,0,Python,2024-2026,1.0,0.67,0.0,0.0,3
23,2,0,1,27,140,5,2,14,7.5,1,Python,2024-2026,0.4,0.19,0.33,1.25,3
0,3,0,1,649,528,1,0,19,2.58,0,Python,2024-2026,1.0,1.23,0.0,1.29,0
0,3,0,1,165,0,1,0,0,0.0,1,Python,2024-2026,0.4,165.0,0.0,0.0,4
0,3,0,1,2,0,1,0,0,0.0,0,Python,2024-2026,1.0,2.0,0.0,0.0,0
0,3,0,1,4,33,2,0,0,0.0,0,Python,2024-2026,1.0,0.12,0.0,0.0,0
0,3,0,1,1,1,1,0,0,0.0,0,Python,2024-2026,1.0,0.5,0.0,0.0,0
6,3,0,0,20,7,2,1,2,3.0,1,Python,2024-2026,0.4,2.5,0.33,1.0,5
8,3,0,0,0,56,2,1,1,4.0,0,Python,2024-2026,1.0,0.0,0.33,1.33,6
8,3,0,0,3,4,1,0,1,3.0,1,Python,2024-2026,0.4,0.6,0.0,1.5,6
8,3,0,0,477,4,5,4,3,1.0,0,Python,2024-2026,1.0,95.4,0.67,0.17,3
8,3,0,0,44,4,2,0,5,11.8,1,Python,2024-2026,0.4,8.8,0.0,3.93,7
9,3,0,0,18,18,6,0,0,0.0,1,Python,2024-2026,0.4,0.95,0.0,0.0,10
9,3,0,0,31,4,4,0,1,42.0,0,Python,2024-2026,1.0,6.2,0.0,8.4,0
10,3,0,0,388,20,13,8,59,1.92,0,Python,2024-2026,1.0,18.48,0.57,0.14,3
10,3,0,0,1,1,1,0,0,0.0,1,Python,2024-2026,0.4,0.5,0.0,0.0,11
10,3,0,0,2,2,2,0,0,0.0,1,Python,2024-2026,0.4,0.67,0.0,0.0,12
10,3,0,0,8,8,3,0,0,0.0,1,Python,2024-2026,0.4,0.89,0.0,0.0,13
11,3,0,0,76,33,39,1,6,4.0,1,Python,2024-2026,0.4,2.24,0.02,0.1,8
11,3,0,0,79,16,2,1,7,1.57,0,Python,2024-2026,1.0,4.65,0.33,0.52,9
13,3,0,0,6,0,1,0,0,0.0,0,Python,2024-2026,1.0,6.0,0.0,0.0,0
13,3,0,0,1,1,1,0,0,0.0,0,Python,2024-2026,1.0,0.5,0.0,0.0,0
13,3,0,0,1,1,1,0,0,0.0,0,Python,2024-2026,1.0,0.5,0.0,0.0,0
14,3,0,0,4,4,3,0,0,0.0,0,Python,2024-2026,1.0,0.8,0.0,0.0,0
14,3,0,0,3,3,1,0,0,0.0,0,Python,2024-2026,1.0,0.75,0.0,0.0,14
14,3,0,0,498,465,2,0,0,0.0,0,Python,2024-2026,1.0,1.07,0.0,0.0,14
14,3,0,0,109,2,2,1,12,3.0,0,Python,2024-2026,1.0,36.33,0.33,1.0,0
15,3,0,0,6,3,1,1,1,1.0,0,Python,2024-2026,1.0,1.5,0.5,0.5,0
15,3,0,0,257,250,4,0,1,6.0,0,Python,2024-2026,1.0,1.02,0.0,1.2,14
15,3,0,0,12,0,1,0,0,0.0,0,Python,2024-2026,1.0,12.0,0.0,0.0,3
15,3,0,0,753,616,10,1,3,2.33,0,Python,2024-2026,1.0,1.22,0.09,0.21,0
15,3,0,0,133,11,2,1,10,4.8,0,Python,2024-2026,1.0,11.08,0.33,1.6,0
15,3,0,0,109,123,25,5,32,4.0,0,Python,2024-2026,1.0,0.88,0.19,0.15,14
16,3,0,0,1,1,1,1,2,3.5,0,Python,2024-2026,1.0,0.5,0.5,1.75,0
17,3,0,0,9,7,1,0,0,0.0,0,Python,2024-2026,1.0,1.12,0.0,0.0,0
17,3,0,0,154,7,2,1,8,8.38,0,Python,2024-2026,1.0,19.25,0.33,2.79,0
17,3,0,0,267,2,4,1,13,1.54,0,Python,2024-2026,1.0,89.0,0.2,0.31,0
17,3,0,0,2,2,1,0,2,3.0,0,Python,2024-2026,1.0,0.67,0.0,1.5,0
18,3,0,0,324,1,2,1,19,3.05,1,Python,2024-2026,0.4,162.0,0.33,1.02,9
19,3,0,0,907,889,6,0,0,0.0,0,Python,2024-2026,1.0,1.02,0.0,0.0,0
19,3,0,0,1,1,1,0,0,0.0,0,Python,2024-2026,1.0,0.5,0.0,0.0,0
20,3,0,0,30,0,2,0,0,0.0,0,Python,2024-2026,1.0,30.0,0.0,0.0,0
9,4,0,0,53,1,2,1,2,4.5,0,Python,2024-2026,1.0,26.5,0.33,1.5,0
9,4,0,0,2,2,1,0,0,0.0,0,Python,2024-2026,1.0,0.67,0.0,0.0,0
12,4,0,0,285,167,10,0,0,0.0,0,Python,2024-2026,1.0,1.7,0.0,0.0,0
12,4,0,0,3176,52,32,0,34,2.88,1,Python,2024-2026,0.4,59.92,0.0,0.09,2
12,4,0,0,19,16,1,0,0,0.0,0,Python,2024-2026,1.0,1.12,0.0,0.0,14
12,4,0,0,426,2,5,2,22,2.45,1,Python,2024-2026,0.4,142.0,0.33,0.41,3
12,4,0,0,44,0,6,3,6,6.17,1,Python,2024-2026,0.4,44.0,0.43,0.88,0
13,4,0,0,6,7,1,0,0,0.0,0,Python,2024-2026,1.0,0.75,0.0,0.0,14
13,4,0,0,13,3,2,0,0,0.0,0,Python,2024-2026,1.0,3.25,0.0,0.0,0
13,4,0,0,3,3,3,0,0,0.0,0,Python,2024-2026,1.0,0.75,0.0,0.0,14
13,4,0,0,1,0,1,0,0,0.0,0,Python,2024-2026,1.0,1.0,0.0,0.0,0
14,4,0,0,4,4,1,0,0,0.0,0,Python,2024-2026,1.0,0.8,0.0,0.0,0
14,4,0,0,2,2,1,0,0,0.0,0,Python,2024-2026,1.0,0.67,0.0,0.0,0
14,4,0,0,361,0,2,0,0,0.0,0,Python,2024-2026,1.0,361.0,0.0,0.0,0
16,4,0,0,11,11,6,0,0,0.0,0,Python,2024-2026,1.0,0.92,0.0,0.0,0
17,4,0,0,1,13,2,0,0,0.0,0,Python,2024-2026,1.0,0.07,0.0,0.0,0
17,4,0,0,28,8,1,0,1,2.0,0,Python,2024-2026,1.0,3.11,0.0,1.0,0
19,4,0,0,519,4,14,4,20,2.8,1,Python,2024-2026,0.4,103.8,0.27,0.19,10
19,4,0,0,26,14,3,1,7,5.57,0,Python,2024-2026,1.0,1.73,0.25,1.39,0
20,4,0,0,693,4,7,3,45,1.98,1,Python,2024-2026,0.4,138.6,0.38,0.25,11
23,4,0,1,5,13,1,0,0,0.0,0,Python,2024-2026,1.0,0.36,0.0,0.0,0
5,5,1,1,2,2,1,0,0,0.0,0,Python,2024-2026,1.0,0.67,0.0,0.0,0
10,5,1,0,24,21,2,0,0,0.0,0,Python,2024-2026,1.0,1.09,0.0,0.0,0
10,6,1,0,3,3,1,0,0,0.0,1,Python,2024-2026,0.4,0.75,0.0,0.0,14
19,6,1,0,58,49,3,0,0,0.0,0,Python,2024-2026,1.0,1.16,0.0,0.0,0
20,6,1,0,3064,19,147,2,51,3.41,0,Python,2024-2026,1.0,153.2,0.01,0.02,0
22,6,1,1,1365,10,3,1,28,2.29,0,Python,2024-2026,1.0,124.09,0.25,0.57,0
22,6,1,1,5,5,1,1,1,9.0,0,Python,2024-2026,1.0,0.83,0.5,4.5,0
22,6,1,1,8,11,2,1,2,1.5,0,Python,2024-2026,1.0,0.67,0.33,0.5,0
22,6,1,1,20,0,1,0,0,0.0,0,Python,2024-2026,1.0,20.0,0.0,0.0,3
10,0,0,0,5,5,4,0,0,0.0,1,Python,2024-2026,0.4,0.83,0.0,0.0,1
15,0,0,0,2,1,1,0,0,0.0,0,Python,2024-2026,1.0,1.0,0.0,0.0,0
15,0,0,0,5111,5124,4,0,0,0.0,0,Python,2024-2026,1.0,1.0,0.0,0.0,0
18,0,0,0,80,80,9,0,0,0.0,1,Python,2024-2026,0.4,0.99,0.0,0.0,15
20,0,0,0,71,0,2,1,5,2.2,0,Python,2024-2026,1.0,71.0,0.33,0.73,0
22,0,0,1,15,5,3,1,8,4.5,0,Python,2024-2026,1.0,2.5,0.25,1.12,0
9,1,0,0,5,5,5,2,0,0.0,0,Python,2024-2026,1.0,0.83,0.33,0.0,16
9,1,0,0,2,2,1,0,0,0.0,0,Python,2024-2026,1.0,0.67,0.0,0.0,0
10,1,0,0,50,50,18,2,23,11.04,0,Python,2024-2026,1.0,0.98,0.11,0.58,1
13,1,0,0,58,2,3,1,3,16.33,0,Python,2024-2026,1.0,19.33,0.25,4.08,0
13,1,0,0,3,3,1,0,0,0.0,0,Python,2024-2026,1.0,0.75,0.0,0.0,3
14,1,0,0,2,2,6,3,0,0.0,0,Python,2024-2026,1.0,0.67,0.43,0.0,3
15,1,0,0,630,0,1,1,0,0.0,0,Python,2024-2026,1.0,630.0,0.5,0.0,1
15,1,0,0,1,1,1,0,0,0.0,1,Python,2024-2026,0.4,0.5,0.0,0.0,16
15,1,0,0,83,83,2,0,0,0.0,0,Python,2024-2026,1.0,0.99,0.0,0.0,17
17,1,0,0,12,1,1,0,0,0.0,0,Python,2024-2026,1.0,6.0,0.0,0.0,0
17,1,0,0,2,2,1,0,0,0.0,0,Python,2024-2026,1.0,0.67,0.0,0.0,0
19,1,0,0,47,2,2,1,3,7.33,0,Python,2024-2026,1.0,15.67,0.33,2.44,0
19,1,0,0,3,3,1,0,0,0.0,0,Python,2024-2026,1.0,0.75,0.0,0.0,0
19,1,0,0,12,12,5,2,0,0.0,1,Python,2024-2026,0.4,0.92,0.33,0.0,12
22,1,0,1,8,8,4,0,0,0.0,0,Python,2024-2026,1.0,0.89,0.0,0.0,0
1,2,0,1,0,181,5,0,0,0.0,0,Python,2024-2026,1.0,0.0,0.0,0.0,0
5,2,0,1,70,0,1,0,0,0.0,0,Python,2024-2026,1.0,70.0,0.0,0.0,0
12,2,0,0,8,8,3,0,0,0.0,1,Python,2024-2026,0.4,0.89,0.0,0.0,17
15,2,0,0,72,62,5,1,18,14.44,0,Python,2024-2026,1.0,1.14,0.17,2.41,0
15,2,0,0,442,0,1,1,0,0.0,1,Python,2024-2026,0.4,442.0,0.5,0.0,13
15,2,0,0,326,0,2,1,0,0.0,1,Python,2024-2026,0.4,326.0,0.33,0.0,14
19,2,0,0,413,2,4,4,27,1.15,1,Python,2024-2026,0.4,137.67,0.8,0.23,3
20,2,0,0,11,11,9,0,0,0.0,0,Python,2024-2026,1.0,0.92,0.0,0.0,0
20,2,0,0,719,1,6,6,12,1.08,0,Python,2024-2026,1.0,359.5,0.86,0.15,4
20,2,0,0,2,2,1,0,0,0.0,0,Python,2024-2026,1.0,0.67,0.0,0.0,15
20,2,0,0,69,69,2,0,0,0.0,0,Python,2024-2026,1.0,0.99,0.0,0.0,18
21,2,0,0,376,371,2,0,0,0.0,0,Python,2024-2026,1.0,1.01,0.0,0.0,18
10,3,0,0,2,0,1,0,0,0.0,0,Python,2024-2026,1.0,2.0,0.0,0.0,4
11,3,0,0,1,1,1,0,0,0.0,0,Python,2024-2026,1.0,0.5,0.0,0.0,18
11,3,0,0,1031,91,8,3,83,3.64,0,Python,2024-2026,1.0,11.21,0.33,0.4,0
11,3,0,0,68,0,1,0,0,0.0,0,Python,2024-2026,1.0,68.0,0.0,0.0,4
12,3,0,0,25,4,1,0,3,1.0,0,Python,2024-2026,1.0,5.0,0.0,0.5,0
12,3,0,0,83,2,1,0,0,0.0,0,Python,2024-2026,1.0,27.67,0.0,0.0,0
12,3,0,0,2,2,1,0,0,0.0,0,Python,2024-2026,1.0,0.67,0.0,0.0,4
12,3,0,0,145,0,1,0,0,0.0,0,Python,2024-2026,1.0,145.0,0.0,0.0,0
12,3,0,0,6,6,2,0,0,0.0,1,Python,2024-2026,0.4,0.86,0.0,0.0,18
12,3,0,0,137,0,1,1,7,2.0,0,Python,2024-2026,1.0,137.0,0.5,1.0,0
12,3,0,0,434,51,6,0,0,0.0,0,Python,2024-2026,1.0,8.35,0.0,0.0,0
12,3,0,0,47,11,2,0,0,0.0,0,Python,2024-2026,1.0,3.92,0.0,0.0,0
16,3,0,0,2,2,2,0,0,0.0,1,Python,2024-2026,0.4,0.67,0.0,0.0,19
16,3,0,0,16,4,4,0,4,2.25,0,Python,2024-2026,1.0,3.2,0.0,0.45,0
16,3,0,0,35,10,11,1,1,4.0,0,Python,2024-2026,1.0,3.18,0.08,0.33,0
16,3,0,0,211,6,3,2,13,1.15,1,Python,2024-2026,0.4,30.14,0.5,0.29,15
16,3,0,0,1,2,1,0,0,0.0,0,Python,2024-2026,1.0,0.33,0.0,0.0,0
17,3,0,0,1,2,2,0,0,0.0,0,Python,2024-2026,1.0,0.33,0.0,0.0,0
18,3,0,0,85,0,1,0,0,0.0,1,Python,2024-2026,0.4,85.0,0.0,0.0,16
18,3,0,0,16,8,3,0,2,13.0,1,Python,2024-2026,0.4,1.78,0.0,3.25,17
19,3,0,0,432,0,1,1,0,0.0,1,Python,2024-2026,0.4,432.0,0.5,0.0,18
19,3,0,0,60,22,4,0,0,0.0,1,Python,2024-2026,0.4,2.61,0.0,0.0,19
19,3,0,0,24,7,1,0,0,0.0,0,Python,2024-2026,1.0,3.0,0.0,0.0,20
21,3,0,0,339,44,101,1,3,11.0,0,Python,2024-2026,1.0,7.53,0.01,0.11,0
8,4,0,0,2,1,1,0,0,0.0,0,Python,2024-2026,1.0,1.0,0.0,0.0,4
8,4,0,0,35,7,1,0,0,0.0,0,Python,2024-2026,1.0,4.38,0.0,0.0,0
9,4,0,0,0,12,1,0,0,0.0,0,Python,2024-2026,1.0,0.0,0.0,0.0,0
10,4,0,0,285,30,8,3,19,3.16,0,Python,2024-2026,1.0,9.19,0.33,0.35,0
10,4,0,0,163,29,3,1,20,2.5,0,Python,2024-2026,1.0,5.43,0.25,0.62,0
10,4,0,0,64,64,2,0,0,0.0,0,Python,2024-2026,1.0,0.98,0.0,0.0,20
10,4,0,0,1,1,1,0,0,0.0,0,Python,2024-2026,1.0,0.5,0.0,0.0,0
11,4,0,0,552,2,4,1,0,0.0,0,Python,2024-2026,1.0,184.0,0.2,0.0,0
11,4,0,0,27,27,4,0,0,0.0,0,Python,2024-2026,1.0,0.96,0.0,0.0,20
11,4,0,0,3,1,1,0,0,0.0,0,Python,2024-2026,1.0,1.5,0.0,0.0,4
11,4,0,0,66,1,2,1,3,3.67,0,Python,2024-2026,1.0,33.0,0.33,1.22,0
11,4,0,0,8,0,1,0,0,0.0,0,Python,2024-2026,1.0,8.0,0.0,0.0,4
12,4,0,0,12,0,1,0,0,0.0,0,Python,2024-2026,1.0,12.0,0.0,0.0,4
13,4,0,0,609,524,64,23,86,4.94,1,Python,2024-2026,0.4,1.16,0.35,0.08,20
13,4,0,0,1,0,1,1,0,0.0,0,Python,2024-2026,1.0,1.0,0.5,0.0,0
13,4,0,0,43,10,2,1,6,4.33,0,Python,2024-2026,1.0,3.91,0.33,1.44,0
13,4,0,0,6,0,1,0,0,0.0,0,Python,2024-2026,1.0,6.0,0.0,0.0,4
13,4,0,0,1957,0,14,1,0,0.0,0,Python,2024-2026,1.0,1957.0,0.07,0.0,0
14,4,0,0,135,31,2,0,0,0.0,0,Python,2024-2026,1.0,4.22,0.0,0.0,0
14,4,0,0,6,6,2,0,0,0.0,0,Python,2024-2026,1.0,0.86,0.0,0.0,21
15,4,0,0,8,8,8,0,0,0.0,0,Python,2024-2026,1.0,0.89,0.0,0.0,4
15,4,0,0,2,2,1,0,0,0.0,0,Python,2024-2026,1.0,0.67,0.0,0.0,0
16,4,0,0,141,135,2,1,4,1.25,0,Python,2024-2026,1.0,1.04,0.33,0.42,21
16,4,0,0,454,56,2,1,18,5.44,1,Python,2024-2026,0.727,7.96,0.33,1.81,0
16,4,0,0,1,1,1,0,0,0.0,0,Python,2024-2026,1.0,0.5,0.0,0.0,4
16,4,0,0,96,61,5,0,0,0.0,0,Python,2024-2026,1.0,1.55,0.0,0.0,0
17,4,0,0,94,2,2,1,3,4.67,1,Python,2024-2026,0.4,31.33,0.33,1.56,2
17,4,0,0,1,1,1,0,0,0.0,1,Python,2024-2026,0.4,0.5,0.0,0.0,3
17,4,0,0,118,118,7,0,0,0.0,1,Python,2024-2026,0.4,0.99,0.0,0.0,21
18,4,0,0,1,1,1,0,0,0.0,0,Python,2024-2026,1.0,0.5,0.0,0.0,22
18,4,0,0,122,121,7,0,0,0.0,1,Python,2024-2026,0.4,1.0,0.0,0.0,22
18,4,0,0,4,4,1,0,0,0.0,0,Python,2024-2026,1.0,0.8,0.0,0.0,23
18,4,0,0,4,4,3,0,0,0.0,0,Python,2024-2026,1.0,0.8,0.0,0.0,23
18,4,0,0,10,10,7,0,0,0.0,0,Python,2024-2026,1.0,0.91,0.0,0.0,23
20,4,0,0,2,2,1,0,0,0.0,0,Python,2024-2026,1.0,0.67,0.0,0.0,0
20,4,0,0,11,2,2,1,3,4.67,0,Python,2024-2026,1.0,3.67,0.33,1.56,0
20,4,0,0,1,1,1,0,0,0.0,0,Python,2024-2026,1.0,0.5,0.0,0.0,23
21,4,0,0,593,654,6,1,5,8.8,1,Python,2024-2026,0.4,0.91,0.14,1.26,23
21,4,0,0,1,1,1,0,0,0.0,0,Python,2024-2026,1.0,0.5,0.0,0.0,24
3,5,1,1,1,1,1,0,1,11.0,1,Python,2024-2026,0.4,0.5,0.0,5.5,0
3,5,1,1,1,1,1,0,1,1.0,1,Python,2024-2026,0.4,0.5,0.0,0.5,1
5,5,1,1,2,2,2,0,0,0.0,0,Python,2024-2026,1.0,0.67,0.0,0.0,24
6,5,1,0,1,1,1,0,0,0.0,0,Python,2024-2026,1.0,0.5,0.0,0.0,24
7,5,1,0,1,1,1,0,0,0.0,0,Python,2024-2026,1.0,0.5,0.0,0.0,24
8,5,1,0,2,2,1,0,0,0.0,0,Python,2024-2026,1.0,0.67,0.0,0.0,24
9,5,1,0,72,85,27,3,34,4.97,1,Python,2024-2026,0.4,0.84,0.11,0.18,4
9,5,1,0,6,0,1,1,2,1.0,1,Python,2024-2026,0.4,6.0,0.5,0.5,4
15,5,1,0,1,1,1,0,0,0.0,0,Python,2024-2026,1.0,0.5,0.0,0.0,5
15,5,1,0,211,2,4,2,10,1.6,0,Python,2024-2026,1.0,70.33,0.4,0.32,0
18,5,1,0,6,0,1,0,0,0.0,0,Python,2024-2026,1.0,6.0,0.0,0.0,0
0,6,1,1,1,1,1,0,0,0.0,0,Python,2024-2026,1.0,0.5,0.0,0.0,24
2,6,1,1,1,1,1,0,0,0.0,0,Python,2024-2026,1.0,0.5,0.0,0.0,24
4,6,1,1,170,1590,13,0,0,0.0,0,Python,2024-2026,1.0,0.11,0.0,0.0,0
4,6,1,1,2,2,1,0,0,0.0,0,Python,2024-2026,1.0,0.67,0.0,0.0,0
7,6,1,0,92,1,9,1,3,11.67,0,Python,2024-2026,1.0,46.0,0.1,1.17,0
9,6,1,0,3,7,2,0,1,16.0,0,Python,2024-2026,1.0,0.38,0.0,5.33,24
11,6,1,0,255,171,15,10,23,2.91,1,Python,2024-2026,0.4,1.48,0.62,0.18,5
21,6,1,0,6,0,1,0,0,0.0,0,Python,2024-2026,1.0,6.0,0.0,0.0,5
9,0,0,0,15,5,2,0,4,21.5,0,Python,2024-2026,1.0,2.5,0.0,7.17,0
9,0,0,0,122,1,3,1,8,2.5,0,Python,2024-2026,1.0,61.0,0.25,0.62,0
9,0,0,0,2989,631,28,9,207,3.0,0,Python,2024-2026,1.0,4.73,0.31,0.1,0
9,0,0,0,62,160,5,1,8,7.12,0,Python,2024-2026,1.0,0.39,0.17,1.19,0
9,0,0,0,1,1,1,0,0,0.0,0,Python,2024-2026,1.0,0.5,0.0,0.0,0
10,0,0,0,1098,0,7,1,78,2.32,0,Python,2024-2026,1.0,1098.0,0.12,0.29,0
10,0,0,0,14,14,3,0,0,0.0,1,Python,2024-2026,0.4,0.93,0.0,0.0,24
10,0,0,0,2734,681,19,1,6,8.0,0,Python,2024-2026,1.0,4.01,0.05,0.4,0
10,0,0,0,2962,171,56,13,128,2.86,0,Python,2024-2026,1.0,17.22,0.23,0.05,0
10,0,0,0,4,0,1,0,0,0.0,0,Python,2024-2026,1.0,4.0,0.0,0.0,5
11,0,0,0,11,5,1,0,2,9.0,0,Python,2024-2026,1.0,1.83,0.0,4.5,0
11,0,0,0,72,72,16,1,10,4.0,0,Python,2024-2026,1.0,0.99,0.06,0.24,0
11,0,0,0,4,3,1,1,1,3.0,0,Python,2024-2026,1.0,1.0,0.5,1.5,0
11,0,0,0,891,68,7,2,30,2.3,0,Python,2024-2026,1.0,12.91,0.25,0.29,0
11,0,0,0,573,0,12,3,23,1.26,0,Python,2024-2026,1.0,573.0,0.23,0.1,0
12,0,0,0,19,19,2,0,0,0.0,0,Python,2024-2026,1.0,0.95,0.0,0.0,0
13,0,0,0,111,59,2,1,8,4.0,0,Python,2024-2026,1.0,1.85,0.33,1.33,0
13,0,0,0,5,3,1,1,1,1.0,0,Python,2024-2026,1.0,1.25,0.5,0.5,0
13,0,0,0,2,0,1,0,0,0.0,0,Python,2024-2026,1.0,2.0,0.0,0.0,5
13,0,0,0,662,14,3,1,30,3.17,0,Python,2024-2026,1.0,44.13,0.25,0.79,0
13,0,0,0,7,4,2,1,3,2.33,0,Python,2024-2026,1.0,1.4,0.33,0.78,0
14,0,0,0,7,2,3,0,0,0.0,0,Python,2024-2026,1.0,2.33,0.0,0.0,0
14,0,0,0,6,2,1,1,2,1.0,0,Python,2024-2026,1.0,2.0,0.5,0.5,0
15,0,0,0,1263,4,5,2,59,1.93,0,Python,2024-2026,1.0,252.6,0.33,0.32,0
15,0,0,0,8,0,2,0,0,0.0,0,Python,2024-2026,1.0,8.0,0.0,0.0,5
15,0,0,0,2,0,1,0,0,0.0,0,Python,2024-2026,1.0,2.0,0.0,0.0,5
15,0,0,0,687,0,4,2,54,1.83,0,Python,2024-2026,1.0,687.0,0.4,0.37,0
16,0,0,0,2,2,1,0,0,0.0,1,Python,2024-2026,0.4,0.67,0.0,0.0,25
16,0,0,0,746,32,7,1,12,4.67,0,Python,2024-2026,1.0,22.61,0.12,0.58,0
16,0,0,0,4,0,1,0,0,0.0,0,Python,2024-2026,1.0,4.0,0.0,0.0,5
16,0,0,0,83,83,2,0,0,0.0,0,Python,2024-2026,1.0,0.99,0.0,0.0,26
16,0,0,0,13,11,6,0,5,13.6,1,Python,2024-2026,0.4,1.08,0.0,1.94,26
17,0,0,0,3,1,1,0,1,1.0,1,Python,2024-2026,0.4,1.5,0.0,0.5,20
17,0,0,0,15,14,10,0,5,2.4,0,Python,2024-2026,1.0,1.0,0.0,0.22,0
17,0,0,0,263,11,6,3,22,2.86,1,Python,2024-2026,0.4,21.92,0.43,0.41,1
17,0,0,0,1037,0,1,1,0,0.0,1,Python,2024-2026,0.4,1037.0,0.5,0.0,2
18,0,0,0,2,2,2,0,0,0.0,1,Python,2024-2026,0.4,0.67,0.0,0.0,27
18,0,0,0,76,0,3,1,10,2.0,0,Python,2024-2026,1.0,76.0,0.25,0.5,0
19,0,0,0,29,2,2,1,1,2.0,0,Python,2024-2026,1.0,9.67,0.33,0.67,0
20,0,0,0,409,38,3,1,22,1.59,1,Python,2024-2026,0.4,10.49,0.25,0.4,21
20,0,0,0,556,52,4,2,33,2.03,0,Python,2024-2026,1.0,10.49,0.4,0.41,0
20,0,0,0,7,2,1,0,0,0.0,0,Python,2024-2026,1.0,2.33,0.0,0.0,5
20,0,0,0,2,0,1,0,0,0.0,0,Python,2024-2026,1.0,2.0,0.0,0.0,5
22,0,0,1,6,6,2,0,0,0.0,0,Python,2024-2026,1.0,0.86,0.0,0.0,28
22,0,0,1,52,173,4,0,0,0.0,1,Python,2024-2026,0.4,0.3,0.0,0.0,28
22,0,0,1,5,5,2,0,0,0.0,1,Python,2024-2026,0.4,0.83,0.0,0.0,29
22,0,0,1,76,0,1,1,2,1.0,0,Python,2024-2026,1.0,76.0,0.5,0.5,0
6,1,0,0,146,53,6,1,12,4.08,0,Python,2024-2026,1.0,2.7,0.14,0.58,0
9,1,0,0,278,81,3,2,16,6.25,0,Python,2024-2026,1.0,3.39,0.5,1.56,0
9,1,0,0,12,4,1,0,0,0.0,0,Python,2024-2026,1.0,2.4,0.0,0.0,0
9,1,0,0,1,1,1,0,0,0.0,0,Python,2024-2026,1.0,0.5,0.0,0.0,0
9,1,0,0,109,12,2,1,7,6.0,0,Python,2024-2026,1.0,8.38,0.33,2.0,0
9,1,0,0,3,3,1,0,0,0.0,0,Python,2024-2026,1.0,0.75,0.0,0.0,5
10,1,0,0,1,1,1,0,0,0.0,0,Python,2024-2026,1.0,0.5,0.0,0.0,5
10,1,0,0,279,1,2,1,31,1.39,0,Python,2024-2026,1.0,139.5,0.33,0.46,0
10,1,0,0,1,1,1,0,0,0.0,0,Python,2024-2026,1.0,0.5,0.0,0.0,5
10,1,0,0,1,0,1,0,0,0.0,0,Python,2024-2026,1.0,1.0,0.0,0.0,5
10,1,0,0,47,8,7,2,4,6.25,0,Python,2024-2026,1.0,5.22,0.25,0.78,0
10,1,0,0,1,7,1,0,0,0.0,0,Python,2024-2026,1.0,0.12,0.0,0.0,0
10,1,0,0,2,2,1,0,0,0.0,0,Python,2024-2026,1.0,0.67,0.0,0.0,0
10,1,0,0,12,2,2,0,0,0.0,0,Python,2024-2026,1.0,4.0,0.0,0.0,0
10,1,0,0,1,2,1,0,0,0.0,0,Python,2024-2026,1.0,0.33,0.0,0.0,0
10,1,0,0,201,0,1,0,0,0.0,0,Python,2024-2026,1.0,201.0,0.0,0.0,0
10,1,0,0,185,0,1,0,0,0.0,0,Python,2024-2026,1.0,185.0,0.0,0.0,0
10,1,0,0,149,0,1,0,0,0.0,0,Python,2024-2026,1.0,149.0,0.0,0.0,0
10,1,0,0,1,1,1,0,2,1.0,0,Python,2024-2026,1.0,0.5,0.0,0.5,0
10,1,0,0,1,1,1,0,0,0.0,0,Python,2024-2026,1.0,0.5,0.0,0.0,0
10,1,0,0,254,2,3,0,0,0.0,0,Python,2024-2026,1.0,84.67,0.0,0.0,0
10,1,0,0,1,1,1,0,0,0.0,0,Python,2024-2026,1.0,0.5,0.0,0.0,0
10,1,0,0,1,1,1,0,0,0.0,0,Python,2024-2026,1.0,0.5,0.0,0.0,0
11,1,0,0,193,6,2,1,12,1.75,0,Python,2024-2026,1.0,27.57,0.33,0.58,0
11,1,0,0,233,3,2,1,15,2.2,0,Python,2024-2026,1.0,58.25,0.33,0.73,0
11,1,0,0,1,0,1,0,0,0.0,0,Python,2024-2026,1.0,1.0,0.0,0.0,5
12,1,0,0,15,5,2,1,3,8.0,0,Python,2024-2026,1.0,2.5,0.33,2.67,0
12,1,0,0,35,22,8,0,15,7.0,0,Python,2024-2026,1.0,1.52,0.0,0.78,1
12,1,0,0,276,266,18,2,19,6.0,1,Python,2024-2026,0.4,1.03,0.11,0.32,30
12,1,0,0,1,0,1,1,0,0.0,0,Python,2024-2026,1.0,1.0,0.5,0.0,0
12,1,0,0,156,1,2,1,12,2.83,0,Python,2024-2026,1.0,78.0,0.33,0.94,0
12,1,0,0,2,0,1,0,0,0.0,0,Python,2024-2026,1.0,2.0,0.0,0.0,5
12,1,0,0,156,415,6,0,0,0.0,1,Python,2024-2026,0.4,0.38,0.0,0.0,31
12,1,0,0,146,146,3,0,0,0.0,1,Python,2024-2026,0.4,0.99,0.0,0.0,32
12,1,0,0,2,0,1,0,0,0.0,0,Python,2024-2026,1.0,2.0,0.0,0.0,5
12,1,0,0,5,0,1,0,0,0.0,0,Python,2024-2026,1.0,5.0,0.0,0.0,5
12,1,0,0,11,10,5,1,0,0.0,0,Python,2024-2026,1.0,1.0,0.17,0.0,0
13,1,0,0,10,17,5,2,0,0.0,0,Python,2024-2026,1.0,0.56,0.33,0.0,0
13,1,0,0,3,3,1,0,0,0.0,0,Python,2024-2026,1.0,0.75,0.0,0.0,0
13,1,0,0,392,0,1,1,0,0.0,1,Python,2024-2026,0.4,392.0,0.5,0.0,22
13,1,0,0,2,0,1,0,0,0.0,0,Python,2024-2026,1.0,2.0,0.0,0.0,0
14,1,0,0,1,1,1,0,0,0.0,0,Python,2024-2026,1.0,0.5,0.0,0.0,5
14,1,0,0,43,30,3,0,9,2.22,0,Python,2024-2026,1.0,1.39,0.0,0.56,0
14,1,0,0,2,2,2,1,0,0.0,0,Python,2024-2026,1.0,0.67,0.33,0.0,33
14,1,0,0,317,17,4,1,23,3.04,0,Python,2024-2026,1.0,17.61,0.2,0.61,0
14,1,0,0,782,71,11,5,57,3.26,0,Python,2024-2026,1.0,10.86,0.42,0.27,0
14,1,0,0,23,0,1,1,3,1.67,0,Python,2024-2026,1.0,23.0,0.5,0.84,0
15,1,0,0,27,7,3,2,1,12.0,0,Python,2024-2026,1.0,3.38,0.5,3.0,0
16,1,0,0,72,14,2032,12,5,1.4,1,Python,2024-2026,0.4,4.8,0.01,0.0,33
17,1,0,0,143,17,4,2,7,2.14,0,Python,2024-2026,1.0,7.94,0.4,0.43,0
17,1,0,0,60,1,2,1,3,3.33,0,Python,2024-2026,1.0,30.0,0.33,1.11,0
17,1,0,0,65,3267,76,13,75,5.08,1,Python,2024-2026,0.4,0.02,0.17,0.07,23
19,1,0,0,1,1,1,0,0,0.0,0,Python,2024-2026,1.0,0.5,0.0,0.0,0
19,1,0,0,1,1,1,0,0,0.0,0,Python,2024-2026,1.0,0.5,0.0,0.0,0
19,1,0,0,69,3,4,2,8,1.75,1,Python,2024-2026,0.4,17.25,0.4,0.35,24
19,1,0,0,84,187,2,1,32,2.03,1,Python,2024-2026,0.4,0.45,0.33,0.68,25
19,1,0,0,73,67,7,1,14,3.5,0,Python,2024-2026,1.0,1.07,0.12,0.44,26
19,1,0,0,6,15,3,0,0,0.0,1,Python,2024-2026,0.4,0.38,0.0,0.0,26
19,1,0,0,685,36,18,6,54,1.81,1,Python,2024-2026,0.4,18.51,0.32,0.1,27
19,1,0,0,344,0,3,0,0,0.0,1,Python,2024-2026,0.4,344.0,0.0,0.0,28
7,2,0,0,442,6,9,3,17,2.59,0,Python,2024-2026,1.0,63.14,0.3,0.26,0
7,2,0,0,32,2,2,1,3,2.0,0,Python,2024-2026,1.0,10.67,0.33,0.67,0
8,2,0,0,2,0,1,0,0,0.0,0,Python,2024-2026,1.0,2.0,0.0,0.0,5
8,2,0,0,3263,2495,79,27,326,2.53,0,Python,2024-2026,1.0,1.31,0.34,0.03,0
8,2,0,0,7,1,1,0,0,0.0,0,Python,2024-2026,1.0,3.5,0.0,0.0,0
9,2,0,0,7,0,1,0,0,0.0,0,Python,2024-2026,1.0,7.0,0.0,0.0,5
9,2,0,0,1603,815,33,6,63,3.89,0,Python,2024-2026,1.0,1.96,0.18,0.11,0
9,2,0,0,1,0,1,0,0,0.0,0,Python,2024-2026,1.0,1.0,0.0,0.0,5
9,2,0,0,129,20,2,1,7,4.0,0,Python,2024-2026,1.0,6.14,0.33,1.33,0
9,2,0,0,540,10,6,4,12,1.0,1,Python,2024-2026,0.4,49.09,0.57,0.14,29
9,2,0,0,1640,901,50,0,0,0.0,0,Python,2024-2026,1.0,1.82,0.0,0.0,0
10,2,0,0,2,0,1,0,0,0.0,0,Python,2024-2026,1.0,2.0,0.0,0.0,5
10,2,0,0,8,3,2,1,1,5.0,1,Python,2024-2026,0.4,2.0,0.33,1.67,30
11,2,0,0,735,315,50,0,0,0.0,0,Python,2024-2026,1.0,2.33,0.0,0.0,0
11,2,0,0,713,57,38,6,47,10.6,1,Python,2024-2026,0.4,12.29,0.15,0.27,31
11,2,0,0,10,10,2,0,0,0.0,0,Python,2024-2026,1.0,0.91,0.0,0.0,34
13,2,0,0,48,15,37,4,3,1.67,1,Python,2024-2026,0.4,3.0,0.11,0.04,5
13,2,0,0,2040,1,38,3,67,1.82,1,Python,2024-2026,0.4,1020.0,0.08,0.05,32
13,2,0,0,64,20,4,2,12,1.42,0,Python,2024-2026,1.0,3.05,0.4,0.28,0
14,2,0,0,6,6,2,0,0,0.0,1,Python,2024-2026,0.4,0.86,0.0,0.0,34
14,2,0,0,263,0,4,1,0,0.0,0,Python,2024-2026,1.0,263.0,0.2,0.0,33
14,2,0,0,6,0,1,0,0,0.0,0,Python,2024-2026,1.0,6.0,0.0,0.0,6
16,2,0,0,1,1,1,0,0,0.0,0,Python,2024-2026,1.0,0.5,0.0,0.0,0
20,2,0,0,68,68,2,0,0,0.0,0,Python,2024-2026,1.0,0.99,0.0,0.0,35
21,2,0,0,1,1,1,1,0,0.0,0,Python,2024-2026,1.0,0.5,0.5,0.0,0
21,2,0,0,171,145,2,0,0,0.0,0,Python,2024-2026,1.0,1.17,0.0,0.0,35
8,3,0,0,3,3,1,0,0,0.0,0,Python,2024-2026,1.0,0.75,0.0,0.0,35
8,3,0,0,311,390,1,0,0,0.0,0,Python,2024-2026,1.0,0.8,0.0,0.0,35
8,3,0,0,1,0,1,0,0,0.0,0,Python,2024-2026,1.0,1.0,0.0,0.0,6
9,3,0,0,3,3,1,0,0,0.0,1,Python,2024-2026,0.4,0.75,0.0,0.0,35
9,3,0,0,85,7,6,1,11,7.73,0,Python,2024-2026,1.0,10.62,0.14,1.1,0
10,3,0,0,468,67,16,6,70,2.8,0,Python,2024-2026,1.0,6.88,0.35,0.16,3
10,3,0,0,6,6,4,1,1,2.0,0,Python,2024-2026,1.0,0.86,0.2,0.4,0
12,3,0,0,57,57,2,0,0,0.0,1,Python,2024-2026,0.4,0.98,0.0,0.0,36
12,3,0,0,57,155,3,0,0,0.0,1,Python,2024-2026,0.4,0.37,0.0,0.0,37
12,3,0,0,20,53,7,2,6,5.0,0,Python,2024-2026,1.0,0.37,0.25,0.62,0
12,3,0,0,6,10,4,0,1,22.0,0,Python,2024-2026,1.0,0.55,0.0,4.4,0
12,3,0,0,3,4,2,0,0,0.0,0,Python,2024-2026,1.0,0.6,0.0,0.0,0
12,3,0,0,0,7,1,0,0,0.0,0,Python,2024-2026,1.0,0.0,0.0,0.0,0
12,3,0,0,45,8,3,1,8,3.38,0,Python,2024-2026,1.0,5.0,0.25,0.84,0
12,3,0,0,1,1,1,0,0,0.0,0,Python,2024-2026,1.0,0.5,0.0,0.0,0
12,3,0,0,2,0,1,0,1,17.0,0,Python,2024-2026,1.0,2.0,0.0,8.5,0
12,3,0,0,2,1,1,0,1,1.0,0,Python,2024-2026,1.0,1.0,0.0,0.5,0
14,3,0,0,6,6,2,0,0,0.0,1,Python,2024-2026,0.4,0.86,0.0,0.0,38
14,3,0,0,6,6,2,0,0,0.0,0,Python,2024-2026,1.0,0.86,0.0,0.0,39
14,3,0,0,8,8,3,0,0,0.0,1,Python,2024-2026,0.4,0.89,0.0,0.0,39
14,3,0,0,62,15,2,1,3,2.33,0,Python,2024-2026,1.0,3.88,0.33,0.78,0
14,3,0,0,7,1,2,0,0,0.0,0,Python,2024-2026,1.0,3.5,0.0,0.0,0
14,3,0,0,2,2,1,0,0,0.0,0,Python,2024-2026,1.0,0.67,0.0,0.0,0
15,3,0,0,277,5,4,1,7,3.57,0,Python,2024-2026,1.0,46.17,0.2,0.71,0
16,3,0,0,155,5,1,0,0,0.0,0,Python,2024-2026,1.0,25.83,0.0,0.0,0
16,3,0,0,2,2,2,0,2,2.0,1,Python,2024-2026,0.4,0.67,0.0,0.67,40
17,3,0,0,34,19,5,0,0,0.0,0,Python,2024-2026,1.0,1.7,0.0,0.0,0
18,3,0,0,1,2,1,0,1,3.0,0,Python,2024-2026,1.0,0.33,0.0,1.5,0
19,3,0,0,50,4,2,1,4,3.5,0,Python,2024-2026,1.0,10.0,0.33,1.17,0
20,3,0,0,15,14,11,0,8,4.0,0,Python,2024-2026,1.0,1.0,0.0,0.33,0
21,3,0,0,51,0,1,1,2,2.0,1,Python,2024-2026,0.4,51.0,0.5,1.0,33
0,4,0,1,16,18,1,0,20,1.9,0,Python,2024-2026,1.0,0.84,0.0,0.95,0
8,4,0,0,42,15,2,1,4,5.75,0,Python,2024-2026,1.0,2.62,0.33,1.92,0
8,4,0,0,159,1,4,3,9,1.89,0,Python,2024-2026,1.0,79.5,0.6,0.38,0
8,4,0,0,2,0,1,0,0,0.0,0,Python,2024-2026,1.0,2.0,0.0,0.0,6
8,4,0,0,1,1,1,0,0,0.0,0,Python,2024-2026,1.0,0.5,0.0,0.0,6
9,4,0,0,17,16,2,0,0,0.0,1,Python,2024-2026,0.4,1.0,0.0,0.0,41
9,4,0,0,10,10,3,0,0,0.0,1,Python,2024-2026,0.4,0.91,0.0,0.0,42
9,4,0,0,4,1,1,0,0,0.0,0,Python,2024-2026,1.0,2.0,0.0,0.0,6
10,4,0,0,3,4,3,0,0,0.0,0,Python,2024-2026,1.0,0.6,0.0,0.0,0
11,4,0,0,84,2,4,2,6,1.0,0,Python,2024-2026,1.0,28.0,0.4,0.2,0
11,4,0,0,1,0,1,0,0,0.0,0,Python,2024-2026,1.0,1.0,0.0,0.0,6
12,4,0,0,500,41,23,12,78,2.67,0,Python,2024-2026,1.0,11.9,0.5,0.11,0
12,4,0,0,2,1,2,0,0,0.0,0,Python,2024-2026,1.0,1.0,0.0,0.0,6
13,4,0,0,29,66,1318,2,12,9.5,0,Python,2024-2026,1.0,0.43,0.0,0.01,0
13,4,0,0,18,0,2,1,2,12.5,0,Python,2024-2026,1.0,18.0,0.33,4.17,0
14,4,0,0,91,4,5,1,6,1.67,0,Python,2024-2026,1.0,18.2,0.17,0.28,0
14,4,0,0,120,8,5,2,11,6.18,0,Python,2024-2026,1.0,13.33,0.33,1.03,0
14,4,0,0,1221,0,2,1,40,1.73,0,Python,2024-2026,1.0,1221.0,0.33,0.58,0
14,4,0,0,2,2,1,0,0,0.0,0,Python,2024-2026,1.0,0.67,0.0,0.0,0
14,4,0,0,1,0,1,0,0,0.0,0,Python,2024-2026,1.0,1.0,0.0,0.0,6
15,4,0,0,12,2,1,0,0,0.0,0,Python,2024-2026,1.0,4.0,0.0,0.0,0
15,4,0,0,7,3,1,0,0,0.0,0,Python,2024-2026,1.0,1.75,0.0,0.0,0
17,4,0,0,10,2,3,0,0,0.0,0,Python,2024-2026,1.0,3.33,0.0,0.0,0
17,4,0,0,1491,758,43,3,30,7.83,0,Python,2024-2026,1.0,1.96,0.07,0.18,0
18,4,0,0,6,12,3,2,2,3.0,0,Python,2024-2026,1.0,0.46,0.5,0.75,0
21,4,0,0,3,1,1,0,0,0.0,0,Python,2024-2026,1.0,1.5,0.0,0.0,43
22,4,0,1,3,3,1,0,0,0.0,1,Python,2024-2026,0.4,0.75,0.0,0.0,43
22,4,0,1,1929,13,14,5,139,2.92,0,Python,2024-2026,1.0,137.79,0.33,0.19,0
22,4,0,1,2,1,2,0,0,0.0,0,Python,2024-2026,1.0,1.0,0.0,0.0,6
23,4,0,1,1,1,1,0,0,0.0,0,Python,2024-2026,1.0,0.5,0.0,0.0,0
1,5,1,1,140,59,9,3,23,11.22,0,Python,2024-2026,1.0,2.33,0.3,1.12,0
11,5,1,0,86,0,3,0,0,0.0,0,Python,2024-2026,1.0,86.0,0.0,0.0,0
12,5,1,0,7,0,1,0,0,0.0,0,Python,2024-2026,1.0,7.0,0.0,0.0,0
22,2,0,1,2,0,1,0,1,11.0,0,Python,2018-2020,1.0,2.0,0.0,5.5,0
17,6,1,0,96,36,3,0,4,22.5,1,Python,2018-2020,0.4,2.59,0.0,5.62,0
22,6,1,1,53,18,4,0,8,12.75,0,Python,2018-2020,1.0,2.79,0.0,2.55,1
22,6,1,1,6,2,1,0,4,10.5,0,Python,2018-2020,1.0,2.0,0.0,5.25,0
3,0,0,1,87,198,5,2,10,7.1,1,Python,2018-2020,0.4,0.44,0.33,1.18,1
4,0,0,1,3,3,1,0,1,3.0,1,Python,2018-2020,0.4,0.75,0.0,1.5,2
4,0,0,1,6,1,1,0,1,3.0,0,Python,2018-2020,1.0,3.0,0.0,1.5,3
14,0,0,0,2,0,1,0,1,18.0,0,Python,2018-2020,1.0,2.0,0.0,9.0,3
17,0,0,0,3,1,1,0,0,0.0,0,Python,2018-2020,1.0,1.5,0.0,0.0,3
17,0,0,0,185,1,1,0,0,0.0,0,Python,2018-2020,1.0,92.5,0.0,0.0,0
2,1,0,1,59,12,6,4,8,20.75,1,Python,2018-2020,0.4,4.54,0.57,2.96,3
2,1,0,1,3,2,2,0,0,0.0,0,Python,2018-2020,1.0,1.0,0.0,0.0,4
13,1,0,0,25,13,4,0,4,35.25,1,Python,2018-2020,0.4,1.79,0.0,7.05,4
18,1,0,0,1,0,1,0,0,0.0,0,Python,2018-2020,1.0,1.0,0.0,0.0,5
18,1,0,0,2,2,1,0,1,16.0,0,Python,2018-2020,1.0,0.67,0.0,8.0,5
21,1,0,0,75,65,8,0,13,9.69,1,Python,2018-2020,0.4,1.14,0.0,1.08,5
21,1,0,0,78,0,1,0,0,0.0,0,Python,2018-2020,1.0,78.0,0.0,0.0,0
21,1,0,0,2,1,1,0,1,5.0,1,Python,2018-2020,0.4,1.0,0.0,2.5,6
1,2,0,1,3,0,1,0,1,7.0,1,Python,2018-2020,0.4,3.0,0.0,3.5,7
1,2,0,1,250,103,5,0,3,4.67,1,Python,2018-2020,0.4,2.4,0.0,0.78,8
2,2,0,1,2,3,1,0,0,0.0,0,Python,2018-2020,1.0,0.5,0.0,0.0,9
12,2,0,0,3,2,1,0,0,0.0,0,Python,2018-2020,1.0,1.0,0.0,0.0,9
23,3,0,1,7,5,2,0,3,3.67,0,Python,2018-2020,1.0,1.17,0.0,1.22,9
0,4,0,1,21,6,2,0,4,14.5,0,Python,2018-2020,1.0,3.0,0.0,4.83,9
13,4,0,0,9,7,5,0,2,8.0,1,Python,2018-2020,0.4,1.12,0.0,1.33,9
15,5,1,0,7,0,1,0,1,68.0,0,Python,2018-2020,1.0,7.0,0.0,34.0,10
18,5,1,0,33,7,1,0,4,5.25,0,Python,2018-2020,1.0,4.12,0.0,2.62,10
14,6,1,0,15,3,1,0,2,8.0,0,Python,2018-2020,1.0,3.75,0.0,4.0,10
20,0,0,0,4,2,1,0,1,14.0,0,Python,2018-2020,1.0,1.33,0.0,7.0,0
20,0,0,0,1,1,1,0,1,32.0,0,Python,2018-2020,1.0,0.5,0.0,16.0,0
13,1,0,0,4,2,1,0,1,7.0,0,Python,2018-2020,1.0,1.33,0.0,3.5,0
13,1,0,0,4,0,1,0,1,18.0,1,Python,2018-2020,0.4,4.0,0.0,9.0,10
13,1,0,0,6,7,1,0,1,2.0,1,Python,2018-2020,0.4,0.75,0.0,1.0,11
15,1,0,0,40,19,2,1,4,23.25,0,Python,2018-2020,1.0,2.0,0.33,7.75,12
16,1,0,0,144,3,2,0,0,0.0,0,Python,2018-2020,1.0,36.0,0.0,0.0,12
11,3,0,0,1,0,1,0,1,7.0,1,Python,2018-2020,0.4,1.0,0.0,3.5,0
10,3,0,0,21,5,2,0,3,9.67,1,Python,2018-2020,0.4,3.5,0.0,3.22,0
14,4,0,0,0,20,1,0,0,0.0,0,Python,2018-2020,1.0,0.0,0.0,0.0,0
22,4,0,1,1,1,1,0,1,10.0,1,Python,2018-2020,0.4,0.5,0.0,5.0,1
22,5,1,1,12,6,3,0,1,6.0,1,Python,2018-2020,0.4,1.71,0.0,1.5,12
23,5,1,1,8,1,1,0,1,11.0,0,Python,2018-2020,1.0,4.0,0.0,5.5,13
6,6,1,0,26,19,1,0,4,6.75,0,Python,2018-2020,1.0,1.3,0.0,3.38,13
16,6,1,0,15,0,1,0,5,5.0,1,Python,2018-2020,0.4,15.0,0.0,2.5,13
23,0,0,1,272,78,4,2,36,2.11,1,Python,2018-2020,0.4,3.44,0.4,0.42,0
14,4,0,0,105,13,3,1,15,6.53,1,Python,2018-2020,0.4,7.5,0.25,1.63,1
18,4,0,0,2,2,1,0,1,7.0,1,Python,2018-2020,0.4,0.67,0.0,3.5,0
5,4,0,1,4,3,1,0,0,0.0,0,Python,2018-2020,1.0,1.0,0.0,0.0,0
22,4,0,1,44,12,6,2,7,18.14,0,Python,2018-2020,1.0,3.38,0.29,2.59,0
23,1,0,1,1,0,1,0,1,18.0,1,Python,2018-2020,0.4,1.0,0.0,9.0,14
23,1,0,1,101,0,2,1,9,1.0,0,Python,2018-2020,1.0,101.0,0.33,0.33,2
23,1,0,1,34,0,2,0,1,20.0,0,Python,2018-2020,1.0,34.0,0.0,6.67,0
0,3,0,1,17,7,1,0,1,69.0,1,Python,2018-2020,0.4,2.12,0.0,34.5,15
1,4,0,1,672,2,8,2,27,3.33,0,Python,2018-2020,1.0,224.0,0.22,0.37,2
0,6,1,1,3,5,1,0,1,13.0,1,Python,2018-2020,0.4,0.5,0.0,6.5,16
1,6,1,1,18,5,3,1,4,10.25,1,Python,2018-2020,0.4,3.0,0.25,2.56,17
1,6,1,1,1,4,2,0,0,0.0,0,Python,2018-2020,1.0,0.2,0.0,0.0,18
2,6,1,1,1,1,1,0,1,3.0,0,Python,2018-2020,1.0,0.5,0.0,1.5,18
4,6,1,1,7,3,2,0,0,0.0,0,Python,2018-2020,1.0,1.75,0.0,0.0,18
15,0,0,0,13,7,1,0,2,17.0,0,Python,2018-2020,1.0,1.62,0.0,8.5,18
15,0,0,0,16,6,1,0,4,34.5,1,Python,2018-2020,0.4,2.29,0.0,17.25,18
2,1,0,1,13,1,2,1,3,1.0,1,Python,2018-2020,0.4,6.5,0.33,0.33,2
13,1,0,0,6,0,1,0,1,4.0,0,Python,2018-2020,1.0,6.0,0.0,2.0,19
22,1,0,1,167,31,5,1,14,7.64,1,Python,2018-2020,0.4,5.22,0.17,1.27,19
23,1,0,1,2,2,1,0,1,60.0,0,Python,2018-2020,1.0,0.67,0.0,30.0,20
0,2,0,1,26,0,2,1,4,16.5,0,Python,2018-2020,1.0,26.0,0.33,5.5,20
2,2,0,1,3,3,1,0,2,10.0,0,Python,2018-2020,1.0,0.75,0.0,5.0,20
3,2,0,1,5,6,1,0,1,9.0,1,Python,2018-2020,0.4,0.71,0.0,4.5,20
3,2,0,1,19,19,1,0,0,0.0,0,Python,2018-2020,1.0,0.95,0.0,0.0,21
5,3,0,1,45,25,4,1,2,9.5,1,Python,2018-2020,0.4,1.73,0.2,1.9,21
13,3,0,0,2,0,1,0,0,0.0,0,Python,2018-2020,1.0,2.0,0.0,0.0,22
14,3,0,0,2,0,1,0,0,0.0,0,Python,2018-2020,1.0,2.0,0.0,0.0,22
22,3,0,1,4,4,1,0,0,0.0,0,Python,2018-2020,1.0,0.8,0.0,0.0,22
1,4,0,1,19,2,2,1,2,19.0,1,Python,2018-2020,0.4,6.33,0.33,6.33,22
2,4,0,1,45,5,1,0,2,1.0,0,Python,2018-2020,1.0,7.5,0.0,0.5,23
9,4,0,0,2,1,1,0,1,2.0,1,Python,2018-2020,0.4,1.0,0.0,1.0,23
12,4,0,0,4,1,1,0,1,11.0,0,Python,2018-2020,1.0,2.0,0.0,5.5,24
13,1,0,0,2,1,1,0,1,7.0,0,Python,2018-2020,1.0,1.0,0.0,3.5,24
13,1,0,0,130,1,2,0,0,0.0,0,Python,2018-2020,1.0,65.0,0.0,0.0,24
13,1,0,0,2,1,1,0,0,0.0,0,Python,2018-2020,1.0,1.0,0.0,0.0,24
19,1,0,0,2,1,1,0,0,0.0,0,Python,2018-2020,1.0,1.0,0.0,0.0,24
0,2,0,1,2,2,1,0,1,13.0,1,Python,2018-2020,0.4,0.67,0.0,6.5,24
0,2,0,1,3,1,1,0,0,0.0,0,Python,2018-2020,1.0,1.5,0.0,0.0,25
15,3,0,0,4,4,1,0,1,13.0,0,Python,2018-2020,1.0,0.8,0.0,6.5,25
7,4,0,0,76,3,7,0,4,10.25,0,Python,2018-2020,1.0,19.0,0.0,1.28,25
17,0,0,0,7,5,3,0,1,2.0,1,Python,2018-2020,0.4,1.17,0.0,0.5,25
11,1,0,0,3,3,2,0,0,0.0,0,Python,2018-2020,1.0,0.75,0.0,0.0,26
16,1,0,0,2,0,1,0,1,40.0,1,Python,2018-2020,0.4,2.0,0.0,20.0,26
17,2,0,0,7,3,2,0,0,0.0,1,Python,2018-2020,0.4,1.75,0.0,0.0,27
12,3,0,0,11,3,1,0,1,13.0,0,Python,2018-2020,1.0,2.75,0.0,6.5,28
12,3,0,0,2,0,1,0,1,4.0,0,Python,2018-2020,1.0,2.0,0.0,2.0,0
13,3,0,0,3,0,1,0,1,10.0,0,Python,2018-2020,1.0,3.0,0.0,5.0,28
12,4,0,0,50,11,1,0,10,3.8,0,Python,2018-2020,1.0,4.17,0.0,1.9,28
17,3,0,0,1,1,1,0,1,11.0,0,Python,2018-2020,1.0,0.5,0.0,5.5,0
18,3,0,0,20,16,7,0,2,18.5,1,Python,2018-2020,0.4,1.18,0.0,2.31,0
12,4,0,0,6,0,1,0,1,19.0,1,Python,2018-2020,0.4,6.0,0.0,9.5,28
14,0,0,0,17,7,3,0,4,53.75,1,Python,2018-2020,0.4,2.12,0.0,13.44,29
14,0,0,0,555,199,9,3,58,3.6,0,Python,2018-2020,1.0,2.78,0.3,0.36,3
12,1,0,0,1,1,1,0,0,0.0,0,Python,2018-2020,1.0,0.5,0.0,0.0,30
21,6,1,0,4,0,1,0,0,0.0,0,Python,2018-2020,1.0,4.0,0.0,0.0,0
22,1,0,1,1,1,1,0,0,0.0,0,Python,2018-2020,1.0,0.5,0.0,0.0,0
22,1,0,1,1,1,1,0,0,0.0,0,Python,2018-2020,1.0,0.5,0.0,0.0,0
22,1,0,1,1,1,1,0,0,0.0,0,Python,2018-2020,1.0,0.5,0.0,0.0,0
22,1,0,1,1,1,1,0,0,0.0,0,Python,2018-2020,1.0,0.5,0.0,0.0,0
22,1,0,1,1,1,1,0,0,0.0,0,Python,2018-2020,1.0,0.5,0.0,0.0,0
22,1,0,1,1,1,1,0,0,0.0,0,Python,2018-2020,1.0,0.5,0.0,0.0,0
22,1,0,1,1,1,1,0,0,0.0,0,Python,2018-2020,1.0,0.5,0.0,0.0,0
14,2,0,0,2,2,2,0,3,29.0,0,Python,2018-2020,1.0,0.67,0.0,9.67,30
14,2,0,0,1,1,1,0,0,0.0,0,Python,2018-2020,1.0,0.5,0.0,0.0,30
20,3,0,0,1,1,1,0,0,0.0,0,Python,2018-2020,1.0,0.5,0.0,0.0,0
9,4,0,0,2,2,1,0,0,0.0,0,Python,2018-2020,1.0,0.67,0.0,0.0,0
11,4,0,0,1,1,1,0,0,0.0,0,Python,2018-2020,1.0,0.5,0.0,0.0,0
11,4,0,0,1,1,1,0,0,0.0,0,Python,2018-2020,1.0,0.5,0.0,0.0,0
13,5,1,0,3,3,1,0,0,0.0,0,Python,2018-2020,1.0,0.75,0.0,0.0,0
11,6,1,0,2,2,1,0,0,0.0,0,Python,2018-2020,1.0,0.67,0.0,0.0,0
19,2,0,0,9,0,1,0,0,0.0,0,Python,2018-2020,1.0,9.0,0.0,0.0,0
21,2,0,0,54,7,4,0,0,0.0,0,Python,2018-2020,1.0,6.75,0.0,0.0,0
21,2,0,0,63,26,4,0,0,0.0,0,Python,2018-2020,1.0,2.33,0.0,0.0,0
21,2,0,0,50,0,1,0,0,0.0,0,Python,2018-2020,1.0,50.0,0.0,0.0,0
9,3,0,0,18,25,4,0,0,0.0,0,Python,2018-2020,1.0,0.69,0.0,0.0,0
17,3,0,0,50,4,2,1,5,2.4,0,Python,2018-2020,1.0,10.0,0.33,0.8,0
20,3,0,0,4,0,1,0,0,0.0,0,Python,2018-2020,1.0,4.0,0.0,0.0,0
23,3,0,1,8,8,2,2,7,1.0,1,Python,2018-2020,0.4,0.89,0.67,0.33,30
23,3,0,1,73,32,1,0,4,4.25,0,Python,2018-2020,1.0,2.21,0.0,2.12,31
11,4,0,0,160,158,1,0,2,1.5,0,Python,2018-2020,1.0,1.01,0.0,0.75,0
12,4,0,0,1,1,1,0,0,0.0,0,Python,2018-2020,1.0,0.5,0.0,0.0,0
12,4,0,0,90,7,2,0,0,0.0,0,Python,2018-2020,1.0,11.25,0.0,0.0,0
13,4,0,0,157,157,1,0,1,1.0,0,Python,2018-2020,1.0,0.99,0.0,0.5,0
13,4,0,0,2,2,1,0,0,0.0,0,Python,2018-2020,1.0,0.67,0.0,0.0,0
17,4,0,0,2265,193,17,4,63,3.94,0,Python,2018-2020,1.0,11.68,0.22,0.22,0
18,4,0,0,0,0,1,0,0,0.0,0,Python,2018-2020,1.0,0.0,0.0,0.0,0
23,6,1,1,35,13,4,0,5,17.4,1,Python,2018-2020,0.4,2.5,0.0,3.48,31
0,0,0,1,8,4,1,0,2,34.0,0,Python,2018-2020,1.0,1.6,0.0,17.0,32
10,0,0,0,23,14,1,0,1,9.0,0,Python,2018-2020,1.0,1.53,0.0,4.5,0
10,0,0,0,4,13,1,0,1,5.0,0,Python,2018-2020,1.0,0.29,0.0,2.5,0
11,0,0,0,92,1,2,1,13,2.0,0,Python,2018-2020,1.0,46.0,0.33,0.67,0
12,0,0,0,770,331,8,2,71,3.59,0,Python,2018-2020,1.0,2.32,0.22,0.4,0
12,0,0,0,0,28,1,0,0,0.0,0,Python,2018-2020,1.0,0.0,0.0,0.0,0
16,0,0,0,106,0,1,0,0,0.0,0,Python,2018-2020,1.0,106.0,0.0,0.0,0
18,0,0,0,1,1,1,0,2,2.5,0,Python,2018-2020,1.0,0.5,0.0,1.25,0
18,0,0,0,2,0,2,0,0,0.0,0,Python,2018-2020,1.0,2.0,0.0,0.0,0
19,0,0,0,1,2,2,0,0,0.0,0,Python,2018-2020,1.0,0.33,0.0,0.0,0
10,1,0,0,1,1,1,0,1,10.0,0,Python,2018-2020,1.0,0.5,0.0,5.0,0
10,1,0,0,4,0,1,0,0,0.0,0,Python,2018-2020,1.0,4.0,0.0,0.0,0
11,1,0,0,262,270,2,0,45,3.0,0,Python,2018-2020,1.0,0.97,0.0,1.0,0
11,1,0,0,36,0,1,1,4,4.75,0,Python,2018-2020,1.0,36.0,0.5,2.38,0
13,1,0,0,52,17,2,0,3,5.67,0,Python,2018-2020,1.0,2.89,0.0,1.89,0
13,1,0,0,90,2,2,1,3,9.0,0,Python,2018-2020,1.0,30.0,0.33,3.0,0
13,1,0,0,4,0,1,0,0,0.0,0,Python,2018-2020,1.0,4.0,0.0,0.0,0
17,1,0,0,1,1,1,0,0,0.0,0,Python,2018-2020,1.0,0.5,0.0,0.0,0
11,2,0,0,6,4,1,0,0,0.0,0,Python,2018-2020,1.0,1.2,0.0,0.0,0
13,2,0,0,9,25,3,2,2,2.5,0,Python,2018-2020,1.0,0.35,0.5,0.62,0
14,2,0,0,46,7,2,0,0,0.0,0,Python,2018-2020,1.0,5.75,0.0,0.0,0
15,2,0,0,48,24,2,0,7,10.86,0,Python,2018-2020,1.0,1.92,0.0,3.62,0
18,2,0,0,124,0,2,0,0,0.0,0,Python,2018-2020,1.0,124.0,0.0,0.0,0
18,2,0,0,770,398,6,3,116,1.72,0,Python,2018-2020,1.0,1.93,0.43,0.25,0
10,3,0,0,2,2,1,0,1,12.0,0,Python,2018-2020,1.0,0.67,0.0,6.0,0
10,3,0,0,68,0,1,0,0,0.0,0,Python,2018-2020,1.0,68.0,0.0,0.0,0
12,3,0,0,52,15,1,0,4,13.25,0,Python,2018-2020,1.0,3.25,0.0,6.62,0
14,3,0,0,60,0,1,1,4,1.75,0,Python,2018-2020,1.0,60.0,0.5,0.88,0
14,3,0,0,1,0,1,1,1,2.0,0,Python,2018-2020,1.0,1.0,0.5,1.0,0
16,3,0,0,90,7,2,0,0,0.0,0,Python,2018-2020,1.0,11.25,0.0,0.0,0
16,3,0,0,2,2,1,0,0,0.0,0,Python,2018-2020,1.0,0.67,0.0,0.0,0
16,3,0,0,6,4,1,0,0,0.0,0,Python,2018-2020,1.0,1.2,0.0,0.0,0
16,3,0,0,68,0,1,0,0,0.0,0,Python,2018-2020,1.0,68.0,0.0,0.0,0
17,3,0,0,78,13,3,2,7,8.71,0,Python,2018-2020,1.0,5.57,0.5,2.18,0
18,3,0,0,6,0,1,0,0,0.0,0,Python,2018-2020,1.0,6.0,0.0,0.0,0
21,3,0,0,42,105,2,0,0,0.0,0,Python,2018-2020,1.0,0.4,0.0,0.0,0
22,3,0,1,106,0,1,0,0,0.0,0,Python,2018-2020,1.0,106.0,0.0,0.0,0
8,4,0,0,11,11,7,0,2,3.0,0,Python,2018-2020,1.0,0.92,0.0,0.38,0
9,4,0,0,16,8,5,0,0,0.0,0,Python,2018-2020,1.0,1.78,0.0,0.0,0
9,4,0,0,2,2,1,0,0,0.0,0,Python,2018-2020,1.0,0.67,0.0,0.0,0
11,4,0,0,1,1,1,0,0,0.0,0,Python,2018-2020,1.0,0.5,0.0,0.0,0
11,4,0,0,10,6,3,0,2,6.0,0,Python,2018-2020,1.0,1.43,0.0,1.5,0
11,4,0,0,1,0,1,0,2,6.0,0,Python,2018-2020,1.0,1.0,0.0,3.0,0
11,4,0,0,1,0,1,0,0,0.0,0,Python,2018-2020,1.0,1.0,0.0,0.0,0
11,4,0,0,2,2,1,0,2,6.0,0,Python,2018-2020,1.0,0.67,0.0,3.0,0
11,4,0,0,1,1,1,0,0,0.0,0,Python,2018-2020,1.0,0.5,0.0,0.0,0
13,4,0,0,11,2,2,1,2,5.0,1,Python,2018-2020,0.4,3.67,0.33,1.67,32
13,4,0,0,27,4,1,0,0,0.0,0,Python,2018-2020,1.0,5.4,0.0,0.0,0
13,4,0,0,2,2,1,0,1,9.0,0,Python,2018-2020,1.0,0.67,0.0,4.5,0
15,4,0,0,204,96,8,2,25,4.2,0,Python,2018-2020,1.0,2.1,0.22,0.47,33
15,4,0,0,257,604,3,0,0,0.0,0,Python,2018-2020,1.0,0.42,0.0,0.0,0
16,4,0,0,34,1,2,1,2,7.0,0,Python,2018-2020,1.0,17.0,0.33,2.33,0
16,4,0,0,1,1,1,0,1,3.0,0,Python,2018-2020,1.0,0.5,0.0,1.5,0
16,4,0,0,0,3,1,1,0,0.0,0,Python,2018-2020,1.0,0.0,0.5,0.0,0
17,4,0,0,86,2,2,0,0,0.0,1,Python,2018-2020,0.4,28.67,0.0,0.0,0
17,4,0,0,5,3,1,0,2,11.5,1,Python,2018-2020,0.4,1.25,0.0,5.75,33
18,4,0,0,1,0,1,0,0,0.0,1,Python,2018-2020,0.4,1.0,0.0,0.0,34
18,4,0,0,1,1,1,0,0,0.0,0,Python,2018-2020,1.0,0.5,0.0,0.0,35
19,4,0,0,3,7,2,0,0,0.0,0,Python,2018-2020,1.0,0.38,0.0,0.0,35
20,4,0,0,3,3,2,0,0,0.0,0,Python,2018-2020,1.0,0.75,0.0,0.0,35
21,4,0,0,2,1,1,0,0,0.0,0,Python,2018-2020,1.0,1.0,0.0,0.0,35
11,5,1,0,3,1,1,0,0,0.0,0,Python,2018-2020,1.0,1.5,0.0,0.0,35
9,0,0,0,94,24,3,1,9,2.56,0,Python,2018-2020,1.0,3.76,0.25,0.64,35
10,0,0,0,1,1,1,0,1,16.0,0,Python,2018-2020,1.0,0.5,0.0,8.0,0
10,0,0,0,52,0,1,0,0,0.0,0,Python,2018-2020,1.0,52.0,0.0,0.0,0
11,0,0,0,11,9,1,0,0,0.0,0,Python,2018-2020,1.0,1.1,0.0,0.0,0
11,0,0,0,0,6,1,0,0,0.0,0,Python,2018-2020,1.0,0.0,0.0,0.0,0
11,0,0,0,3,3,1,0,0,0.0,0,Python,2018-2020,1.0,0.75,0.0,0.0,0
23,0,0,1,2,2,2,0,0,0.0,0,Python,2018-2020,1.0,0.67,0.0,0.0,0
16,2,0,0,5,0,1,0,0,0.0,0,Python,2018-2020,1.0,5.0,0.0,0.0,0
16,2,0,0,2,2,1,0,0,0.0,0,Python,2018-2020,1.0,0.67,0.0,0.0,0
17,2,0,0,1,0,1,0,0,0.0,0,Python,2018-2020,1.0,1.0,0.0,0.0,0
17,2,0,0,0,1,1,0,0,0.0,0,Python,2018-2020,1.0,0.0,0.0,0.0,0
7,3,0,0,30,1,1,0,0,0.0,0,Python,2018-2020,1.0,15.0,0.0,0.0,0
8,3,0,0,4,0,1,0,0,0.0,0,Python,2018-2020,1.0,4.0,0.0,0.0,0
8,3,0,0,124,0,2,0,0,0.0,0,Python,2018-2020,1.0,124.0,0.0,0.0,0
8,3,0,0,5,0,1,0,0,0.0,0,Python,2018-2020,1.0,5.0,0.0,0.0,0
8,3,0,0,4,0,1,0,0,0.0,0,Python,2018-2020,1.0,4.0,0.0,0.0,0
9,3,0,0,359,109,4,2,3,1.67,0,Python,2018-2020,1.0,3.26,0.4,0.33,0
17,3,0,0,426,150,4,0,70,2.09,0,Python,2018-2020,1.0,2.82,0.0,0.42,0
9,4,0,0,1,0,1,0,0,0.0,0,Python,2018-2020,1.0,1.0,0.0,0.0,0
12,4,0,0,33,5,2,0,3,66.33,0,Python,2018-2020,1.0,5.5,0.0,22.11,0
12,4,0,0,28,0,2,2,2,1.0,0,Python,2018-2020,1.0,28.0,0.67,0.33,0
13,4,0,0,24,0,2,0,0,0.0,0,Python,2018-2020,1.0,24.0,0.0,0.0,0
16,4,0,0,6,1,1,1,1,2.0,0,Python,2018-2020,1.0,3.0,0.5,1.0,0
12,5,1,0,2,2,1,0,1,10.0,0,Python,2018-2020,1.0,0.67,0.0,5.0,0
12,5,1,0,20,23,3,1,1,1.0,0,Python,2018-2020,1.0,0.83,0.25,0.25,0
12,5,1,0,9,4,2,1,1,1.0,0,Python,2018-2020,1.0,1.8,0.33,0.33,0
0,6,1,1,13,13,1,0,0,0.0,1,Python,2018-2020,0.4,0.93,0.0,0.0,0
7,6,1,0,1,1,1,0,0,0.0,0,Python,2018-2020,1.0,0.5,0.0,0.0,0
9,1,0,0,51,1,1,0,0,0.0,0,Python,2018-2020,1.0,25.5,0.0,0.0,0
10,1,0,0,3,3,1,0,0,0.0,0,Python,2018-2020,1.0,0.75,0.0,0.0,0
10,1,0,0,1,1,1,0,0,0.0,0,Python,2018-2020,1.0,0.5,0.0,0.0,0
13,1,0,0,105,41,6,1,3,7.33,0,Python,2018-2020,1.0,2.5,0.14,1.05,0
15,1,0,0,294,158,14,2,19,11.21,0,Python,2018-2020,1.0,1.85,0.13,0.75,0
16,1,0,0,182,22,10,1,4,1.0,0,Python,2018-2020,1.0,7.91,0.09,0.09,0
17,1,0,0,1,1,1,0,0,0.0,0,Python,2018-2020,1.0,0.5,0.0,0.0,0
17,1,0,0,18,9,1,0,0,0.0,0,Python,2018-2020,1.0,1.8,0.0,0.0,0
17,1,0,0,1,0,1,0,0,0.0,0,Python,2018-2020,1.0,1.0,0.0,0.0,0
18,1,0,0,5,5,1,0,0,0.0,0,Python,2018-2020,1.0,0.83,0.0,0.0,0
13,2,0,0,18,21,1,1,2,1.5,0,Python,2018-2020,1.0,0.82,0.5,0.75,0
15,2,0,0,6,8,2,0,2,5.0,0,Python,2018-2020,1.0,0.67,0.0,1.67,0
16,2,0,0,14,14,3,2,5,4.4,0,Python,2018-2020,1.0,0.93,0.5,1.1,0
17,2,0,0,19,9,1,0,4,6.5,0,Python,2018-2020,1.0,1.9,0.0,3.25,0
18,2,0,0,61,50,2,1,11,7.82,0,Python,2018-2020,1.0,1.2,0.33,2.61,0
22,2,0,1,2,2,2,0,0,0.0,0,Python,2018-2020,1.0,0.67,0.0,0.0,0
9,3,0,0,36,35,2,1,5,1.0,0,Python,2018-2020,1.0,1.0,0.33,0.33,0
9,3,0,0,107,0,2,0,1,11.0,0,Python,2018-2020,1.0,107.0,0.0,3.67,0
9,3,0,0,66,64,1,0,0,0.0,0,Python,2018-2020,1.0,1.02,0.0,0.0,0
9,3,0,0,66,64,1,0,0,0.0,0,Python,2018-2020,1.0,1.02,0.0,0.0,0
9,3,0,0,1,1,1,0,1,16.0,0,Python,2018-2020,1.0,0.5,0.0,8.0,0
10,3,0,0,4314,0,2,0,0,0.0,0,Python,2018-2020,1.0,4314.0,0.0,0.0,0
10,3,0,0,210,210,52,0,54,1.0,0,Python,2018-2020,1.0,1.0,0.0,0.02,0
12,3,0,0,11614,0,3,0,0,0.0,0,Python,2018-2020,1.0,11614.0,0.0,0.0,0
13,3,0,0,4,0,1,0,0,0.0,0,Python,2018-2020,1.0,4.0,0.0,0.0,0
18,3,0,0,59,1,2,1,3,4.0,0,Python,2018-2020,1.0,29.5,0.33,1.33,0
18,3,0,0,11,7,1,1,1,3.0,0,Python,2018-2020,1.0,1.38,0.5,1.5,0
13,4,0,0,7,3,1,0,0,0.0,0,Python,2018-2020,1.0,1.75,0.0,0.0,0
17,5,1,0,1064,5,7,3,23,6.22,0,Python,2018-2020,1.0,177.33,0.38,0.78,3
13,6,1,0,179,67,10,0,7,2.57,0,Python,2018-2020,1.0,2.63,0.0,0.23,0
15,6,1,0,1,1,2,0,0,0.0,0,Python,2018-2020,1.0,0.5,0.0,0.0,0
8,0,0,0,4,3,2,0,0,0.0,0,Python,2018-2020,1.0,1.0,0.0,0.0,0
12,0,0,0,5,0,1,0,0,0.0,0,Python,2018-2020,1.0,5.0,0.0,0.0,0
12,0,0,0,1,1,1,0,0,0.0,0,Python,2018-2020,1.0,0.5,0.0,0.0,0
12,0,0,0,19,23,4,0,0,0.0,0,Python,2018-2020,1.0,0.79,0.0,0.0,0
13,0,0,0,3,0,1,0,1,7.0,0,Python,2018-2020,1.0,3.0,0.0,3.5,0
13,0,0,0,39,21,2,1,7,5.43,0,Python,2018-2020,1.0,1.77,0.33,1.81,0
14,0,0,0,10,8,1,0,1,3.0,0,Python,2018-2020,1.0,1.11,0.0,1.5,0
18,0,0,0,103,34,2,0,7,2.71,0,Python,2018-2020,1.0,2.94,0.0,0.9,0
21,0,0,0,15,12,3,0,2,6.0,0,Python,2018-2020,1.0,1.15,0.0,1.5,0
9,1,0,0,50,54,1,0,3,4.33,0,Python,2018-2020,1.0,0.91,0.0,2.16,0
9,1,0,0,30,1,1,0,0,0.0,0,Python,2018-2020,1.0,15.0,0.0,0.0,0
9,1,0,0,3,0,1,0,0,0.0,0,Python,2018-2020,1.0,3.0,0.0,0.0,0
11,1,0,0,171,0,1,1,26,1.15,0,Python,2018-2020,1.0,171.0,0.5,0.57,0
15,1,0,0,70,9,3,1,11,3.82,0,Python,2018-2020,1.0,7.0,0.25,0.96,0
16,1,0,0,74,21,1,1,14,2.0,0,Python,2018-2020,1.0,3.36,0.5,1.0,0
17,1,0,0,3,5,1,0,2,7.0,0,Python,2018-2020,1.0,0.5,0.0,3.5,0
17,1,0,0,17,3,1,0,0,0.0,0,Python,2018-2020,1.0,4.25,0.0,0.0,0
18,1,0,0,15,4,2,0,3,9.67,0,Python,2018-2020,1.0,3.0,0.0,3.22,35
18,1,0,0,44,42,3,1,13,4.0,0,Python,2018-2020,1.0,1.02,0.25,1.0,0
20,1,0,0,6,3,2,0,4,5.0,0,Python,2018-2020,1.0,1.5,0.0,1.67,0
20,1,0,0,28,11,2,1,1,16.0,0,Python,2018-2020,1.0,2.33,0.33,5.33,0
20,1,0,0,22,0,3,2,2,8.0,0,Python,2018-2020,1.0,22.0,0.5,2.0,0
10,2,0,0,1,1,1,0,0,0.0,0,Python,2018-2020,1.0,0.5,0.0,0.0,0
10,2,0,0,2,2,1,0,0,0.0,0,Python,2018-2020,1.0,0.67,0.0,0.0,0
10,2,0,0,10,0,1,1,1,2.0,0,Python,2018-2020,1.0,10.0,0.5,1.0,0
15,2,0,0,24,0,2,0,2,3.0,0,Python,2018-2020,1.0,24.0,0.0,1.0,0
17,2,0,0,2,4,1,0,0,0.0,0,Python,2018-2020,1.0,0.4,0.0,0.0,0
17,2,0,0,59,9,4,0,0,0.0,0,Python,2018-2020,1.0,5.9,0.0,0.0,0
21,2,0,0,1,7,1,0,0,0.0,0,Python,2018-2020,1.0,0.12,0.0,0.0,0
21,2,0,0,13,11,2,0,0,0.0,0,Python,2018-2020,1.0,1.08,0.0,0.0,0
21,2,0,0,1,9,2,0,0,0.0,0,Python,2018-2020,1.0,0.1,0.0,0.0,0
18,3,0,0,87,0,2,1,3,36.67,0,Python,2018-2020,1.0,87.0,0.33,12.22,0
18,3,0,0,89,15,5,0,0,0.0,0,Python,2018-2020,1.0,5.56,0.0,0.0,0
18,3,0,0,1,1,1,0,2,51.5,0,Python,2018-2020,1.0,0.5,0.0,25.75,0
15,4,0,0,112,34,4,2,8,19.12,0,Python,2018-2020,1.0,3.2,0.4,3.82,0
12,5,1,0,4,4,1,0,0,0.0,0,Python,2018-2020,1.0,0.8,0.0,0.0,0
18,6,1,0,16,6,1,0,0,0.0,0,Python,2018-2020,1.0,2.29,0.0,0.0,0
10,0,0,0,29,1,1,0,0,0.0,0,Python,2018-2020,1.0,14.5,0.0,0.0,0
10,0,0,0,0,1,1,0,0,0.0,0,Python,2018-2020,1.0,0.0,0.0,0.0,0
10,0,0,0,5,0,1,0,0,0.0,0,Python,2018-2020,1.0,5.0,0.0,0.0,0
10,0,0,0,3,1,1,0,0,0.0,0,Python,2018-2020,1.0,1.5,0.0,0.0,0
16,0,0,0,80,15,5,0,0,0.0,0,Python,2018-2020,1.0,5.0,0.0,0.0,0
21,0,0,0,20,15,3,0,2,18.5,1,Python,2018-2020,0.4,1.25,0.0,4.62,35
21,0,0,0,2,2,1,0,1,6.0,1,Python,2018-2020,0.4,0.67,0.0,3.0,36
11,1,0,0,74,1,3,1,3,8.0,0,Python,2018-2020,1.0,37.0,0.25,2.0,3
14,1,0,0,1,1,1,1,0,0.0,0,Python,2018-2020,1.0,0.5,0.5,0.0,37
14,1,0,0,46,3,3,1,2,2.5,0,Python,2018-2020,1.0,11.5,0.25,0.62,0
14,1,0,0,1,1,1,0,0,0.0,0,Python,2018-2020,1.0,0.5,0.0,0.0,0
14,1,0,0,31,0,1,0,0,0.0,0,Python,2018-2020,1.0,31.0,0.0,0.0,0
14,1,0,0,31,0,1,0,0,0.0,0,Python,2018-2020,1.0,31.0,0.0,0.0,0
14,1,0,0,3,17,1,0,0,0.0,0,Python,2018-2020,1.0,0.17,0.0,0.0,0
15,1,0,0,1,1,1,0,0,0.0,0,Python,2018-2020,1.0,0.5,0.0,0.0,0
15,1,0,0,1,1,1,0,0,0.0,0,Python,2018-2020,1.0,0.5,0.0,0.0,0
15,1,0,0,78,76,4,0,3,40.33,0,Python,2018-2020,1.0,1.01,0.0,8.07,0
17,1,0,0,78,14,5,0,0,0.0,0,Python,2018-2020,1.0,5.2,0.0,0.0,0
19,1,0,0,86,11,2,1,3,32.67,0,Python,2018-2020,1.0,7.17,0.33,10.89,0
11,2,0,0,12,8,1,0,2,11.0,1,Python,2018-2020,0.4,1.33,0.0,5.5,37
12,2,0,0,1,1,1,0,0,0.0,0,Python,2018-2020,1.0,0.5,0.0,0.0,38
12,2,0,0,1974,306,29,9,158,3.89,0,Python,2018-2020,1.0,6.43,0.3,0.13,3
15,2,0,0,41,18,1,0,7,4.29,0,Python,2018-2020,1.0,2.16,0.0,2.14,0
15,2,0,0,40,35,1,0,8,3.5,0,Python,2018-2020,1.0,1.11,0.0,1.75,0
15,2,0,0,156,108,4,0,58,2.31,0,Python,2018-2020,1.0,1.43,0.0,0.46,0
15,2,0,0,32,0,1,1,2,1.0,0,Python,2018-2020,1.0,32.0,0.5,0.5,0
15,2,0,0,24,0,1,1,2,2.5,0,Python,2018-2020,1.0,24.0,0.5,1.25,0
15,2,0,0,2,2,1,0,1,2.0,0,Python,2018-2020,1.0,0.67,0.0,1.0,0
15,2,0,0,59,0,1,1,3,4.67,0,Python,2018-2020,1.0,59.0,0.5,2.34,0
15,2,0,0,15,4,3,2,6,5.0,0,Python,2018-2020,1.0,3.0,0.5,1.25,0
15,2,0,0,2,2,1,0,1,11.0,0,Python,2018-2020,1.0,0.67,0.0,5.5,0
15,2,0,0,19,31,1,0,1,15.0,0,Python,2018-2020,1.0,0.59,0.0,7.5,0
21,2,0,0,12,17,1,0,10,7.2,0,Python,2018-2020,1.0,0.67,0.0,3.6,0
10,3,0,0,17,8,1,0,0,0.0,0,Python,2018-2020,1.0,1.89,0.0,0.0,0
13,3,0,0,132,0,2,0,0,0.0,0,Python,2018-2020,1.0,132.0,0.0,0.0,0
13,3,0,0,132,0,2,0,0,0.0,0,Python,2018-2020,1.0,132.0,0.0,0.0,0
14,3,0,0,5,5,1,0,0,0.0,0,Python,2018-2020,1.0,0.83,0.0,0.0,0
14,3,0,0,19,0,1,0,0,0.0,0,Python,2018-2020,1.0,19.0,0.0,0.0,0
17,3,0,0,3,2,1,0,1,3.0,1,Python,2018-2020,0.4,1.0,0.0,1.5,3
21,3,0,0,88,13,5,0,0,0.0,0,Python,2018-2020,1.0,6.29,0.0,0.0,0
10,4,0,0,23,8,2,0,0,0.0,0,Python,2018-2020,1.0,2.56,0.0,0.0,0
11,4,0,0,42,42,25,0,0,0.0,0,Python,2018-2020,1.0,0.98,0.0,0.0,0
11,4,0,0,51,4,2,0,0,0.0,1,Python,2018-2020,0.4,10.2,0.0,0.0,1
14,4,0,0,18,17,1,0,3,8.0,0,Python,2018-2020,1.0,1.0,0.0,4.0,0
15,4,0,0,154,68,1,0,0,0.0,0,Python,2018-2020,1.0,2.23,0.0,0.0,0
15,4,0,0,108,102,1,0,0,0.0,0,Python,2018-2020,1.0,1.05,0.0,0.0,0
17,4,0,0,113,85,2,1,10,10.8,1,Python,2018-2020,0.4,1.31,0.33,3.6,4
18,4,0,0,1028,217,15,2,99,3.86,1,Python,2018-2020,0.006,4.72,0.12,0.24,38
21,4,0,0,80,59,1,0,0,0.0,0,Python,2018-2020,1.0,1.33,0.0,0.0,0
22,4,0,1,22,22,1,0,0,0.0,0,Python,2018-2020,1.0,0.96,0.0,0.0,0
22,4,0,1,11,11,1,0,0,0.0,0,Python,2018-2020,1.0,0.92,0.0,0.0,0
22,4,0,1,1,1,1,0,0,0.0,0,Python,2018-2020,1.0,0.5,0.0,0.0,0
12,5,1,0,42,31,2,0,8,14.62,0,Python,2018-2020,1.0,1.31,0.0,4.87,0
15,5,1,0,0,2,1,0,1,1.0,0,Python,2018-2020,1.0,0.0,0.0,0.5,0
15,5,1,0,25,2,2,0,0,0.0,0,Python,2018-2020,1.0,8.33,0.0,0.0,0
15,5,1,0,1,1,1,0,0,0.0,0,Python,2018-2020,1.0,0.5,0.0,0.0,0
16,5,1,0,2,2,1,0,0,0.0,0,Python,2018-2020,1.0,0.67,0.0,0.0,0
16,5,1,0,30,41,2,0,6,5.67,0,Python,2018-2020,1.0,0.71,0.0,1.89,0
21,5,1,0,12,2,4,0,4,1.0,0,Python,2018-2020,1.0,4.0,0.0,0.2,0
21,5,1,0,15,10,2,0,0,0.0,0,Python,2018-2020,1.0,1.36,0.0,0.0,0
21,6,1,0,107,1,2,0,0,0.0,0,Python,2018-2020,1.0,53.5,0.0,0.0,0
22,6,1,1,107,1,2,0,0,0.0,0,Python,2018-2020,1.0,53.5,0.0,0.0,0
8,0,0,0,12,12,8,0,2,3.0,0,Python,2018-2020,1.0,0.92,0.0,0.33,0
9,0,0,0,7,7,4,0,0,0.0,0,Python,2018-2020,1.0,0.88,0.0,0.0,0
9,0,0,0,44,21,5,0,0,0.0,0,Python,2018-2020,1.0,2.0,0.0,0.0,0
10,0,0,0,3,0,1,0,0,0.0,0,Python,2018-2020,1.0,3.0,0.0,0.0,0
10,0,0,0,0,29,2,0,0,0.0,0,Python,2018-2020,1.0,0.0,0.0,0.0,0
10,0,0,0,2,2,2,0,0,0.0,0,Python,2018-2020,1.0,0.67,0.0,0.0,0
10,0,0,0,11,12,3,0,0,0.0,0,Python,2018-2020,1.0,0.85,0.0,0.0,0
11,0,0,0,12,10208,30,0,59,1.92,0,Python,2018-2020,1.0,0.0,0.0,0.06,0
11,0,0,0,11,4,2,1,6,7.33,0,Python,2018-2020,1.0,2.2,0.33,2.44,5
12,0,0,0,8,6,2,1,2,4.0,0,Python,2018-2020,1.0,1.14,0.33,1.33,0
12,0,0,0,34,5,2,1,9,4.44,1,Python,2018-2020,0.4,5.67,0.33,1.48,39
13,0,0,0,1,1,1,0,0,0.0,0,Python,2018-2020,1.0,0.5,0.0,0.0,0
20,0,0,0,2,2,2,0,3,5.33,1,Python,2018-2020,0.4,0.67,0.0,1.78,40
10,1,0,0,1,1,1,0,0,0.0,0,Python,2018-2020,1.0,0.5,0.0,0.0,0
13,1,0,0,4,5,1,0,1,111.0,0,Python,2018-2020,1.0,0.67,0.0,55.5,0
13,1,0,0,3,3,1,0,1,13.0,0,Python,2018-2020,1.0,0.75,0.0,6.5,0
14,1,0,0,1,1,1,0,1,13.0,0,Python,2018-2020,1.0,0.5,0.0,6.5,0
14,1,0,0,3,3,1,0,0,0.0,0,Python,2018-2020,1.0,0.75,0.0,0.0,0
14,1,0,0,29,21,1,0,0,0.0,0,Python,2018-2020,1.0,1.32,0.0,0.0,0
16,1,0,0,106,0,1,0,0,0.0,0,Python,2018-2020,1.0,106.0,0.0,0.0,0
16,1,0,0,14,14,1,0,0,0.0,0,Python,2018-2020,1.0,0.93,0.0,0.0,0
16,1,0,0,106,0,1,0,0,0.0,0,Python,2018-2020,1.0,106.0,0.0,0.0,0
16,1,0,0,14,14,1,0,0,0.0,0,Python,2018-2020,1.0,0.93,0.0,0.0,0
17,1,0,0,9,0,1,0,1,129.0,0,Python,2018-2020,1.0,9.0,0.0,64.5,0
17,1,0,0,5,3,1,0,1,129.0,0,Python,2018-2020,1.0,1.25,0.0,64.5,0
17,1,0,0,3,5,1,0,1,129.0,0,Python,2018-2020,1.0,0.5,0.0,64.5,0
21,1,0,0,29,6,2,0,1,129.0,0,Python,2018-2020,1.0,4.14,0.0,43.0,0
22,1,0,1,1,1,1,0,0,0.0,0,Python,2018-2020,1.0,0.5,0.0,0.0,0
11,2,0,0,3,3,1,0,0,0.0,0,Python,2018-2020,1.0,0.75,0.0,0.0,0
12,2,0,0,3,3,1,0,0,0.0,0,Python,2018-2020,1.0,0.75,0.0,0.0,0
13,2,0,0,4,0,1,0,0,0.0,0,Python,2018-2020,1.0,4.0,0.0,0.0,0
14,2,0,0,122,8,2,1,7,2.86,1,Python,2018-2020,0.4,13.56,0.33,0.95,41
21,2,0,0,4,4,2,0,0,0.0,0,Python,2018-2020,1.0,0.8,0.0,0.0,0
8,3,0,0,1,1,1,0,0,0.0,0,Python,2018-2020,1.0,0.5,0.0,0.0,0
11,3,0,0,5,0,1,0,0,0.0,1,Python,2018-2020,0.4,5.0,0.0,0.0,5
12,3,0,0,43,7,1,0,5,15.0,0,Python,2018-2020,1.0,5.38,0.0,7.5,6
12,3,0,0,11,5,1,0,3,15.33,0,Python,2018-2020,1.0,1.83,0.0,7.66,6
16,3,0,0,8,8,2,0,0,0.0,0,Python,2018-2020,1.0,0.89,0.0,0.0,2
19,3,0,0,82,17,5,0,0,0.0,0,Python,2018-2020,1.0,4.56,0.0,0.0,0
14,4,0,0,8,1,2,0,1,5.0,0,Python,2018-2020,1.0,4.0,0.0,1.67,0
15,4,0,0,1,1,1,0,2,2.5,0,Python,2018-2020,1.0,0.5,0.0,1.25,0
15,4,0,0,2,5,2,0,1,9.0,0,Python,2018-2020,1.0,0.33,0.0,3.0,0
17,4,0,0,4,4,1,0,1,129.0,0,Python,2018-2020,1.0,0.8,0.0,64.5,0
13,5,1,0,42,10,3,1,5,4.0,1,Python,2018-2020,0.4,3.82,0.25,1.0,6
14,5,1,0,4,14,3,0,1,3.0,0,Python,2018-2020,1.0,0.27,0.0,0.75,0
14,5,1,0,14,15,3,2,12,1.75,0,Python,2018-2020,1.0,0.88,0.5,0.44,42
18,5,1,0,0,2,1,0,0,0.0,0,Python,2018-2020,1.0,0.0,0.0,0.0,0
9,0,0,0,3,2,1,0,1,10.0,0,Python,2018-2020,1.0,1.0,0.0,5.0,0
9,0,0,0,37,24,3,1,0,0.0,0,Python,2018-2020,1.0,1.48,0.25,0.0,0
9,0,0,0,14,5,2,1,1,4.0,0,Python,2018-2020,1.0,2.33,0.33,1.33,0
9,0,0,0,8,8,1,0,0,0.0,0,Python,2018-2020,1.0,0.89,0.0,0.0,0
13,0,0,0,4,0,1,0,1,18.0,0,Python,2018-2020,1.0,4.0,0.0,9.0,0
16,0,0,0,13,6,1,0,5,19.2,0,Python,2018-2020,1.0,1.86,0.0,9.6,7
16,0,0,0,4,5,1,0,1,13.0,0,Python,2018-2020,1.0,0.67,0.0,6.5,42
16,0,0,0,1,1,1,0,1,129.0,0,Python,2018-2020,1.0,0.5,0.0,64.5,0
16,0,0,0,12,4,1,0,2,7.5,1,Python,2018-2020,0.006,2.4,0.0,3.75,42
16,0,0,0,22,24,1,0,1,5.0,1,Python,2018-2020,0.4,0.88,0.0,2.5,43
20,0,0,0,6,4,3,1,4,6.25,0,Python,2018-2020,1.0,1.2,0.25,1.56,7
20,0,0,0,9,0,1,0,1,2.0,0,Python,2018-2020,1.0,9.0,0.0,1.0,1
20,0,0,0,60,17,5,0,7,46.71,1,Python,2018-2020,0.4,3.33,0.0,7.78,44
12,1,0,0,0,1,1,0,0,0.0,0,Python,2018-2020,1.0,0.0,0.0,0.0,0
13,1,0,0,91,12,6,0,0,0.0,0,Python,2018-2020,1.0,7.0,0.0,0.0,0
16,1,0,0,1,1,1,0,0,0.0,0,Python,2018-2020,1.0,0.5,0.0,0.0,0
17,1,0,0,876,335,51,12,143,5.62,1,Python,2018-2020,0.045,2.61,0.23,0.11,45
17,1,0,0,37,37,21,2,18,5.89,1,Python,2018-2020,0.4,0.97,0.09,0.27,2
17,1,0,0,7,0,1,0,1,19.0,0,Python,2018-2020,1.0,7.0,0.0,9.5,46
18,1,0,0,212,9,2,0,0,0.0,0,Python,2018-2020,1.0,21.2,0.0,0.0,1
5,2,0,1,1,1,1,0,0,0.0,0,Python,2018-2020,1.0,0.5,0.0,0.0,1
6,2,0,0,1,1,1,0,1,1.0,1,Python,2018-2020,0.4,0.5,0.0,0.5,1
7,2,0,0,2,2,2,0,2,14.5,1,Python,2018-2020,0.4,0.67,0.0,4.83,46
9,2,0,0,127,31,6,2,13,25.46,1,Python,2018-2020,0.4,3.97,0.29,3.64,47
10,2,0,0,43,36,2,0,0,0.0,0,Python,2018-2020,1.0,1.16,0.0,0.0,0
10,2,0,0,1,1,1,0,0,0.0,0,Python,2018-2020,1.0,0.5,0.0,0.0,48
11,2,0,0,1,1,1,0,0,0.0,0,Python,2018-2020,1.0,0.5,0.0,0.0,48
11,2,0,0,280,133,1,0,0,0.0,0,Python,2018-2020,1.0,2.09,0.0,0.0,3
12,2,0,0,13,1,1,0,1,8.0,1,Python,2018-2020,0.4,6.5,0.0,4.0,48
12,2,0,0,1,13,1,0,1,5.0,1,Python,2018-2020,0.4,0.07,0.0,2.5,2
12,2,0,0,2,2,2,0,1,12.0,1,Python,2018-2020,0.4,0.67,0.0,4.0,49
12,2,0,0,24,19,2,2,3,3.0,0,Python,2018-2020,1.0,1.2,0.67,1.0,0
13,2,0,0,36,3,3,0,6,8.5,0,Python,2018-2020,1.0,9.0,0.0,2.12,50
15,2,0,0,6,0,2,0,0,0.0,0,Python,2018-2020,1.0,6.0,0.0,0.0,0
15,2,0,0,7,7,5,0,0,0.0,0,Python,2018-2020,1.0,0.88,0.0,0.0,3
15,2,0,0,1,1,1,0,0,0.0,0,Python,2018-2020,1.0,0.5,0.0,0.0,50
15,2,0,0,1,1,1,0,0,0.0,0,Python,2018-2020,1.0,0.5,0.0,0.0,50
16,2,0,0,1,1,1,0,0,0.0,0,Python,2018-2020,1.0,0.5,0.0,0.0,50
17,2,0,0,1,1,1,0,0,0.0,0,Python,2018-2020,1.0,0.5,0.0,0.0,50
19,2,0,0,1,0,1,0,1,5.0,0,Python,2018-2020,1.0,1.0,0.0,2.5,3
21,2,0,0,4,0,1,0,0,0.0,0,Python,2018-2020,1.0,4.0,0.0,0.0,0
21,2,0,0,4,4,1,0,0,0.0,0,Python,2018-2020,1.0,0.8,0.0,0.0,0
22,2,0,1,2,6,2,0,1,129.0,0,Python,2018-2020,1.0,0.29,0.0,43.0,0
22,2,0,1,4,4,1,0,0,0.0,0,Python,2018-2020,1.0,0.8,0.0,0.0,0
22,2,0,1,7,1,2,0,0,0.0,0,Python,2018-2020,1.0,3.5,0.0,0.0,0
22,2,0,1,1,1,1,0,0,0.0,0,Python,2018-2020,1.0,0.5,0.0,0.0,0
22,2,0,1,23,10,1,0,0,0.0,0,Python,2018-2020,1.0,2.09,0.0,0.0,0
22,2,0,1,100,6,3,1,0,0.0,1,Python,2018-2020,0.4,14.29,0.25,0.0,50
23,2,0,1,2,2,1,0,0,0.0,0,Python,2018-2020,1.0,0.67,0.0,0.0,0
23,2,0,1,2,1,1,0,0,0.0,0,Python,2018-2020,1.0,1.0,0.0,0.0,51
23,2,0,1,2,2,1,0,0,0.0,0,Python,2018-2020,1.0,0.67,0.0,0.0,51
0,3,0,1,1,1,1,0,0,0.0,0,Python,2018-2020,1.0,0.5,0.0,0.0,51
0,3,0,1,1,1,1,1,1,2.0,0,Python,2018-2020,1.0,0.5,0.5,1.0,51
10,3,0,0,4,0,1,0,0,0.0,0,Python,2018-2020,1.0,4.0,0.0,0.0,0
10,3,0,0,9,6,7,0,1,7.0,0,Python,2018-2020,1.0,1.29,0.0,0.88,0
10,3,0,0,6,9,2,0,0,0.0,0,Python,2018-2020,1.0,0.6,0.0,0.0,0
13,3,0,0,3,0,1,0,1,5.0,0,Python,2018-2020,1.0,3.0,0.0,2.5,51
14,3,0,0,108,176,5,1,0,0.0,0,Python,2018-2020,1.0,0.61,0.17,0.0,51
15,3,0,0,2,2,1,0,1,129.0,0,Python,2018-2020,1.0,0.67,0.0,64.5,0
16,3,0,0,10,3,2,0,0,0.0,1,Python,2018-2020,0.4,2.5,0.0,0.0,51
21,3,0,0,1,1,1,0,1,3.0,0,Python,2018-2020,1.0,0.5,0.0,1.5,0
9,4,0,0,1,1,1,0,1,3.0,0,Python,2018-2020,1.0,0.5,0.0,1.5,0
9,4,0,0,1,1,1,0,1,6.0,0,Python,2018-2020,1.0,0.5,0.0,3.0,0
11,4,0,0,19,2,3,1,2,8.5,0,Python,2018-2020,1.0,6.33,0.25,2.12,0
13,4,0,0,1,1,1,0,1,3.0,0,Python,2018-2020,1.0,0.5,0.0,1.5,0
12,5,1,0,193,18,3,0,10,6.9,0,Python,2018-2020,1.0,10.16,0.0,1.72,7
13,5,1,0,5,5,2,0,3,7.33,0,Python,2018-2020,1.0,0.83,0.0,2.44,7
13,5,1,0,8,6,1,0,1,8.0,0,Python,2018-2020,1.0,1.14,0.0,4.0,7
13,5,1,0,1,1,1,0,2,4.0,0,Python,2018-2020,1.0,0.5,0.0,2.0,7
14,5,1,0,74,4,4,0,9,4.56,0,Python,2018-2020,1.0,14.8,0.0,0.91,7
15,5,1,0,7,7,1,0,6,4.33,0,Python,2018-2020,1.0,0.88,0.0,2.16,7
15,5,1,0,25,16,1,0,4,12.5,0,Python,2018-2020,1.0,1.47,0.0,6.25,7
13,6,1,0,2,0,1,0,1,5.0,0,Python,2018-2020,1.0,2.0,0.0,2.5,7
13,6,1,0,241,209,4,1,71,1.86,0,Python,2018-2020,1.0,1.15,0.2,0.37,0
5,0,0,1,2,2,2,0,0,0.0,0,Python,2018-2020,1.0,0.67,0.0,0.0,7
9,0,0,0,93,329,7,0,4,579.75,0,Python,2018-2020,1.0,0.28,0.0,72.47,0
9,0,0,0,68,307,9,0,2,3.0,0,Python,2018-2020,1.0,0.22,0.0,0.3,0
10,0,0,0,7,7,4,0,0,0.0,0,Python,2018-2020,1.0,0.88,0.0,0.0,0
16,0,0,0,172,32,11,0,0,0.0,0,Python,2018-2020,1.0,5.21,0.0,0.0,0
20,0,0,0,3,3,2,0,1,12.0,0,Python,2018-2020,1.0,0.75,0.0,4.0,0
8,1,0,0,0,4,2,0,1,111.0,0,Python,2018-2020,1.0,0.0,0.0,37.0,0
10,1,0,0,5,1,1,0,1,16.0,0,Python,2018-2020,1.0,2.5,0.0,8.0,0
14,1,0,0,1,0,1,0,0,0.0,0,Python,2018-2020,1.0,1.0,0.0,0.0,0
14,1,0,0,4,4,1,0,2,4.5,0,Python,2018-2020,1.0,0.8,0.0,2.25,0
14,1,0,0,17,6,2,1,1,1.0,0,Python,2018-2020,1.0,2.43,0.33,0.33,0
14,1,0,0,18,1,2,1,1,1.0,0,Python,2018-2020,1.0,9.0,0.33,0.33,0
14,1,0,0,30,24,3,0,0,0.0,0,Python,2018-2020,1.0,1.2,0.0,0.0,0
14,1,0,0,158,95,7,1,15,2.33,0,Python,2018-2020,1.0,1.65,0.12,0.29,0
14,1,0,0,43,6,6,1,3,2.0,0,Python,2018-2020,1.0,6.14,0.14,0.29,0
14,1,0,0,8,7,1,0,1,14.0,0,Python,2018-2020,1.0,1.0,0.0,7.0,0
15,1,0,0,18,13,4,0,0,0.0,0,Python,2018-2020,1.0,1.29,0.0,0.0,0
17,1,0,0,8,5,2,1,3,3.67,0,Python,2018-2020,1.0,1.33,0.33,1.22,0
18,1,0,0,14,8,2,0,3,6.0,0,Python,2018-2020,1.0,1.56,0.0,2.0,0
18,1,0,0,7,9,1,0,0,0.0,0,Python,2018-2020,1.0,0.7,0.0,0.0,0
20,1,0,0,7,0,1,0,2,1.5,0,Python,2018-2020,1.0,7.0,0.0,0.75,0
20,1,0,0,156,118,9,0,17,4.06,0,Python,2018-2020,1.0,1.31,0.0,0.41,0
20,1,0,0,1,1,1,0,1,10.0,0,Python,2018-2020,1.0,0.5,0.0,5.0,0
6,2,0,0,10,3,3,0,2,6.5,0,Python,2018-2020,1.0,2.5,0.0,1.62,0
6,2,0,0,54,10,2,1,3,6.0,0,Python,2018-2020,1.0,4.91,0.33,2.0,0
8,2,0,0,16,3,2,0,0,0.0,0,Python,2018-2020,1.0,4.0,0.0,0.0,0
8,2,0,0,163,73,12,0,14,189.5,0,Python,2018-2020,1.0,2.2,0.0,14.58,0
8,2,0,0,9,9,4,0,0,0.0,0,Python,2018-2020,1.0,0.9,0.0,0.0,0
8,2,0,0,6,6,3,0,2,3.0,0,Python,2018-2020,1.0,0.86,0.0,0.75,0
8,2,0,0,7,7,4,0,0,0.0,0,Python,2018-2020,1.0,0.88,0.0,0.0,0
8,2,0,0,1,5,1,0,0,0.0,0,Python,2018-2020,1.0,0.17,0.0,0.0,0
9,2,0,0,18,5,5,0,6,14.33,0,Python,2018-2020,1.0,3.0,0.0,2.39,0
10,2,0,0,1,1,1,0,1,13.0,0,Python,2018-2020,1.0,0.5,0.0,6.5,0
10,2,0,0,4,5,1,0,3,6.0,0,Python,2018-2020,1.0,0.67,0.0,3.0,0
11,2,0,0,6,6,2,0,3,6.0,0,Python,2018-2020,1.0,0.86,0.0,2.0,0
11,2,0,0,3,1,1,0,0,0.0,0,Python,2018-2020,1.0,1.5,0.0,0.0,0
11,2,0,0,0,11509,2,0,0,0.0,0,Python,2018-2020,1.0,0.0,0.0,0.0,0
11,2,0,0,0,46,1,0,1,6.0,0,Python,2018-2020,1.0,0.0,0.0,3.0,0
11,2,0,0,1,1,1,1,1,1.0,0,Python,2018-2020,1.0,0.5,0.5,0.5,0
11,2,0,0,1,1,1,1,1,1.0,0,Python,2018-2020,1.0,0.5,0.5,0.5,0
11,2,0,0,4,3,1,0,0,0.0,0,Python,2018-2020,1.0,1.0,0.0,0.0,0
12,2,0,0,9,9,1,0,0,0.0,0,Python,2018-2020,1.0,0.9,0.0,0.0,0
12,2,0,0,1,1,1,0,0,0.0,0,Python,2018-2020,1.0,0.5,0.0,0.0,0
12,2,0,0,1,1,1,0,0,0.0,0,Python,2018-2020,1.0,0.5,0.0,0.0,0
12,2,0,0,2,0,1,0,0,0.0,0,Python,2018-2020,1.0,2.0,0.0,0.0,0
13,2,0,0,0,8,1,0,0,0.0,0,Python,2018-2020,1.0,0.0,0.0,0.0,0
13,2,0,0,2,2,2,0,0,0.0,1,Python,2018-2020,0.4,0.67,0.0,0.0,3
10,3,0,0,1,1,1,0,0,0.0,0,Python,2018-2020,1.0,0.5,0.0,0.0,0
13,3,0,0,1,1,1,0,0,0.0,0,Python,2018-2020,1.0,0.5,0.0,0.0,0
15,3,0,0,106,48,4,0,2,1.0,0,Python,2018-2020,1.0,2.16,0.0,0.2,0
17,3,0,0,1,1,1,0,0,0.0,0,Python,2018-2020,1.0,0.5,0.0,0.0,0
19,3,0,0,7,6,1,0,0,0.0,0,Python,2018-2020,1.0,1.0,0.0,0.0,0
20,3,0,0,2,2,1,0,0,0.0,0,Python,2018-2020,1.0,0.67,0.0,0.0,0
20,3,0,0,4,3,1,0,0,0.0,0,Python,2018-2020,1.0,1.0,0.0,0.0,0
20,3,0,0,117,42,6,0,3,14.67,0,Python,2018-2020,1.0,2.72,0.0,2.1,0
20,3,0,0,8,9,2,0,0,0.0,0,Python,2018-2020,1.0,0.8,0.0,0.0,0
20,3,0,0,2,2,2,0,0,0.0,0,Python,2018-2020,1.0,0.67,0.0,0.0,0
10,4,0,0,6,7,1,0,0,0.0,0,Python,2018-2020,1.0,0.75,0.0,0.0,0
10,4,0,0,9,6,1,0,0,0.0,0,Python,2018-2020,1.0,1.29,0.0,0.0,0
10,4,0,0,19,26,4,0,0,0.0,0,Python,2018-2020,1.0,0.7,0.0,0.0,0
10,4,0,0,1,1,1,0,0,0.0,0,Python,2018-2020,1.0,0.5,0.0,0.0,0
10,4,0,0,41,45,8,0,0,0.0,0,Python,2018-2020,1.0,0.89,0.0,0.0,0
10,4,0,0,2,0,1,0,0,0.0,0,Python,2018-2020,1.0,2.0,0.0,0.0,0
13,4,0,0,16,13,2,0,0,0.0,0,Python,2018-2020,1.0,1.14,0.0,0.0,0
10,5,1,0,1,1,1,0,0,0.0,0,Python,2018-2020,1.0,0.5,0.0,0.0,0
23,5,1,1,6,3,2,2,2,1.5,0,Python,2018-2020,1.0,1.5,0.67,0.5,0
23,5,1,1,87,12,3,1,8,5.25,0,Python,2018-2020,1.0,6.69,0.25,1.31,0
23,5,1,1,3,0,1,0,0,0.0,0,Python,2018-2020,1.0,3.0,0.0,0.0,0
23,5,1,1,1,1,1,1,0,0.0,0,Python,2018-2020,1.0,0.5,0.5,0.0,0
23,5,1,1,1,3,1,0,1,1.0,0,Python,2018-2020,1.0,0.25,0.0,0.5,0
23,5,1,1,5,3,1,0,0,0.0,0,Python,2018-2020,1.0,1.25,0.0,0.0,0
23,5,1,1,26,23,6,2,8,4.88,0,Python,2018-2020,1.0,1.08,0.29,0.7,0
9,6,1,0,1520,766,24,7,37,1.65,0,Python,2018-2020,1.0,1.98,0.28,0.07,0
8,0,0,0,112,44,4,0,2,1.0,0,Python,2018-2020,1.0,2.49,0.0,0.2,0
22,0,0,1,106,0,1,0,0,0.0,0,Python,2018-2020,1.0,106.0,0.0,0.0,0
22,0,0,1,7,5,1,0,0,0.0,0,Python,2018-2020,1.0,1.17,0.0,0.0,0
9,1,0,0,8,3,1,0,1,31.0,0,Python,2018-2020,1.0,2.0,0.0,15.5,0
16,1,0,0,4,2,1,0,1,96.0,1,Python,2018-2020,0.4,1.33,0.0,48.0,0
16,1,0,0,23,28,7,2,12,8.0,0,Python,2018-2020,1.0,0.79,0.25,1.0,0
17,1,0,0,3,1,1,0,1,14.0,0,Python,2018-2020,1.0,1.5,0.0,7.0,52
19,1,0,0,3,1,1,0,0,0.0,0,Python,2018-2020,1.0,1.5,0.0,0.0,0
20,1,0,0,34,7,4,1,6,14.83,1,Python,2018-2020,0.4,4.25,0.2,2.97,52
20,1,0,0,6,3,2,0,3,2.0,1,Python,2018-2020,0.4,1.5,0.0,0.67,53
20,1,0,0,106,0,1,0,0,0.0,0,Python,2018-2020,1.0,106.0,0.0,0.0,0
21,1,0,0,2,2,1,0,0,0.0,0,Python,2018-2020,1.0,0.67,0.0,0.0,0
7,2,0,0,1,1,1,0,0,0.0,0,Python,2018-2020,1.0,0.5,0.0,0.0,4
12,2,0,0,1,1,1,0,0,0.0,0,Python,2018-2020,1.0,0.5,0.0,0.0,0
15,2,0,0,2,2,1,0,0,0.0,0,Python,2018-2020,1.0,0.67,0.0,0.0,0
8,3,0,0,1,4,1,0,0,0.0,0,Python,2018-2020,1.0,0.2,0.0,0.0,0
8,3,0,0,18,19,1,0,0,0.0,0,Python,2018-2020,1.0,0.9,0.0,0.0,0
10,3,0,0,6,6,3,0,0,0.0,0,Python,2018-2020,1.0,0.86,0.0,0.0,0
17,3,0,0,1,1,1,0,0,0.0,0,Python,2018-2020,1.0,0.5,0.0,0.0,0
22,3,0,1,1,0,1,0,0,0.0,0,Python,2018-2020,1.0,1.0,0.0,0.0,0
9,4,0,0,1,1,1,0,0,0.0,0,Python,2018-2020,1.0,0.5,0.0,0.0,0
9,4,0,0,1,1,1,0,0,0.0,0,Python,2018-2020,1.0,0.5,0.0,0.0,0
18,4,0,0,5,9,1,0,0,0.0,0,Python,2018-2020,1.0,0.5,0.0,0.0,0
18,4,0,0,41,1,2,1,2,2.5,0,Python,2018-2020,1.0,20.5,0.33,0.83,0
18,4,0,0,195,64,8,2,20,3.55,0,Python,2018-2020,1.0,3.0,0.22,0.39,0
8,0,0,0,3,3,2,1,2,8.5,0,Python,2018-2020,1.0,0.75,0.33,2.83,0
8,0,0,0,3,2,1,0,0,0.0,0,Python,2018-2020,1.0,1.0,0.0,0.0,4
9,1,0,0,1,1,1,0,1,11.0,0,Python,2018-2020,1.0,0.5,0.0,5.5,0
10,1,0,0,1,1,1,0,1,11.0,0,Python,2018-2020,1.0,0.5,0.0,5.5,0
12,1,0,0,9,14,1,0,1,85.0,0,Python,2018-2020,1.0,0.6,0.0,42.5,0
16,1,0,0,661,1,21,5,10,2.8,0,Python,2018-2020,1.0,330.5,0.23,0.13,0
20,1,0,0,30,31,6,0,0,0.0,0,Python,2018-2020,1.0,0.94,0.0,0.0,3
21,1,0,0,15,10,4,0,2,13.5,1,Python,2018-2020,0.4,1.36,0.0,2.7,54
10,2,0,0,1,1,1,0,0,0.0,0,Python,2018-2020,1.0,0.5,0.0,0.0,0
14,2,0,0,38,7,2,1,3,5.67,0,Python,2018-2020,1.0,4.75,0.33,1.89,0
22,6,1,1,17,17,1,0,0,0.0,0,Python,2018-2020,1.0,0.94,0.0,0.0,0
22,6,1,1,17,17,1,0,0,0.0,0,Python,2018-2020,1.0,0.94,0.0,0.0,0
22,6,1,1,8,8,1,0,0,0.0,0,Python,2018-2020,1.0,0.89,0.0,0.0,0
22,6,1,1,8,8,1,0,0,0.0,0,Python,2018-2020,1.0,0.89,0.0,0.0,0
0,0,0,1,52,1,2,0,0,0.0,0,Python,2018-2020,1.0,26.0,0.0,0.0,55
11,1,0,0,18,1,3,1,2,7.0,0,Python,2018-2020,1.0,9.0,0.25,1.75,0
14,1,0,0,6,0,1,0,0,0.0,0,Python,2018-2020,1.0,6.0,0.0,0.0,0
14,1,0,0,4,4,1,0,0,0.0,0,Python,2018-2020,1.0,0.8,0.0,0.0,0
14,1,0,0,8,1,1,0,0,0.0,0,Python,2018-2020,1.0,4.0,0.0,0.0,0
14,1,0,0,7,7,1,0,0,0.0,0,Python,2018-2020,1.0,0.88,0.0,0.0,0
15,1,0,0,2,2,2,0,0,0.0,0,Python,2018-2020,1.0,0.67,0.0,0.0,0
15,1,0,0,4,0,1,0,1,5.0,0,Python,2018-2020,1.0,4.0,0.0,2.5,0
16,1,0,0,7,2,1,0,0,0.0,0,Python,2018-2020,1.0,2.33,0.0,0.0,0
18,1,0,0,3,3,1,0,1,3.0,0,Python,2018-2020,1.0,0.75,0.0,1.5,0
12,2,0,0,19,9,1,0,6,6.67,0,Python,2018-2020,1.0,1.9,0.0,3.34,0
12,2,0,0,14,1,2,1,2,1.0,0,Python,2018-2020,1.0,7.0,0.33,0.33,0
12,2,0,0,2,2,1,1,0,0.0,0,Python,2018-2020,1.0,0.67,0.5,0.0,0
14,2,0,0,16,10,2,1,1,1.0,0,Python,2018-2020,1.0,1.45,0.33,0.33,0
18,2,0,0,1,12,5,5,0,0.0,0,Python,2018-2020,1.0,0.08,0.83,0.0,0
10,3,0,0,17,18,3,1,4,5.5,0,Python,2018-2020,1.0,0.89,0.25,1.38,0
13,4,0,0,18,18,1,0,0,0.0,0,Python,2021-2023,1.0,0.95,0.0,0.0,0
11,0,0,0,0,4,1,0,0,0.0,0,Python,2021-2023,1.0,0.0,0.0,0.0,0
15,0,0,0,24,2,4,2,3,4.0,0,Python,2021-2023,1.0,8.0,0.4,0.8,0
15,0,0,0,54,33,5,1,8,5.25,0,Python,2021-2023,1.0,1.59,0.17,0.88,0
20,1,0,0,1,1,1,0,0,0.0,0,Python,2021-2023,1.0,0.5,0.0,0.0,0
11,3,0,0,13,1,2,0,0,0.0,0,Python,2021-2023,1.0,6.5,0.0,0.0,0
11,3,0,0,2,0,1,0,0,0.0,0,Python,2021-2023,1.0,2.0,0.0,0.0,0
15,4,0,0,1,1,1,0,0,0.0,0,Python,2021-2023,1.0,0.5,0.0,0.0,0
13,0,0,0,44,44,2,0,0,0.0,0,Python,2021-2023,1.0,0.98,0.0,0.0,0
13,0,0,0,4,4,1,0,0,0.0,0,Python,2021-2023,1.0,0.8,0.0,0.0,0
10,2,0,0,1,1,1,0,1,101.0,0,Python,2021-2023,1.0,0.5,0.0,50.5,0
11,3,0,0,4,2,1,0,0,0.0,0,Python,2021-2023,1.0,1.33,0.0,0.0,0
14,3,0,0,14,7,4,1,1,1.0,0,Python,2021-2023,1.0,1.75,0.2,0.2,0
16,3,0,0,178,68,6,1,7,3.43,0,Python,2021-2023,1.0,2.58,0.14,0.49,0
10,4,0,0,2,8,1,0,0,0.0,0,Python,2021-2023,1.0,0.22,0.0,0.0,0
15,4,0,0,0,238,2,0,0,0.0,0,Python,2021-2023,1.0,0.0,0.0,0.0,0
12,1,0,0,27,0,1,0,0,0.0,0,Python,2021-2023,1.0,27.0,0.0,0.0,0
14,2,0,0,16,0,1,0,0,0.0,0,Python,2021-2023,1.0,16.0,0.0,0.0,0
15,3,0,0,4,4,1,0,1,3.0,0,Python,2021-2023,1.0,0.8,0.0,1.5,0
13,4,0,0,5,4,1,0,1,16.0,0,Python,2021-2023,1.0,1.0,0.0,8.0,0
14,4,0,0,1,0,1,1,0,0.0,0,Python,2021-2023,1.0,1.0,0.5,0.0,0
14,4,0,0,75,0,2,1,3,6.0,0,Python,2021-2023,1.0,75.0,0.33,2.0,0
15,4,0,0,3,3,1,0,1,13.0,0,Python,2021-2023,1.0,0.75,0.0,6.5,0
12,1,0,0,1,1,1,0,0,0.0,0,Python,2021-2023,1.0,0.5,0.0,0.0,0
10,3,0,0,35,8,4,3,4,4.25,0,Python,2021-2023,1.0,3.89,0.6,0.85,0
10,3,0,0,1,1,1,0,1,14.0,0,Python,2021-2023,1.0,0.5,0.0,7.0,0
10,3,0,0,8,4,2,0,3,14.33,0,Python,2021-2023,1.0,1.6,0.0,4.78,55
12,3,0,0,2,15,3,1,2,1.5,0,Python,2021-2023,1.0,0.12,0.25,0.38,0
12,3,0,0,2,2,1,0,0,0.0,0,Python,2021-2023,1.0,0.67,0.0,0.0,0
14,3,0,0,2,2,1,0,0,0.0,0,Python,2021-2023,1.0,0.67,0.0,0.0,0
17,3,0,0,0,3,1,0,1,3.0,0,Python,2021-2023,1.0,0.0,0.0,1.5,0
10,4,0,0,1,1,1,0,0,0.0,0,Python,2021-2023,1.0,0.5,0.0,0.0,0
11,5,1,0,445,205,5,0,13,10.23,1,Python,2021-2023,0.333,2.16,0.0,1.7,55
9,0,0,0,1,1,1,0,0,0.0,0,Python,2021-2023,1.0,0.5,0.0,0.0,0
9,0,0,0,27,27,1,1,0,0.0,0,Python,2021-2023,1.0,0.96,0.5,0.0,0
12,0,0,0,79,8,4,2,7,1.43,0,Python,2021-2023,1.0,8.78,0.4,0.29,0
14,0,0,0,31,73,3,1,5,2.8,0,Python,2021-2023,1.0,0.42,0.25,0.7,0
16,0,0,0,5,4,1,0,1,12.0,0,Python,2021-2023,1.0,1.0,0.0,6.0,0
18,0,0,0,209,5,2,0,0,0.0,0,Python,2021-2023,1.0,34.83,0.0,0.0,0
9,1,0,0,26,26,18,0,18,11.94,0,Python,2021-2023,1.0,0.96,0.0,0.63,0
12,1,0,0,27,0,1,0,0,0.0,0,Python,2021-2023,1.0,27.0,0.0,0.0,0
15,1,0,0,1,1,1,0,0,0.0,0,Python,2021-2023,1.0,0.5,0.0,0.0,0
13,2,0,0,50,0,1,0,0,0.0,0,Python,2021-2023,1.0,50.0,0.0,0.0,0
13,2,0,0,24,1,1,0,0,0.0,0,Python,2021-2023,1.0,12.0,0.0,0.0,0
13,2,0,0,1,1,1,0,0,0.0,0,Python,2021-2023,1.0,0.5,0.0,0.0,0
11,3,0,0,8,79,4,2,7,1.43,0,Python,2021-2023,1.0,0.1,0.4,0.29,0
9,4,0,0,1,2,1,0,0,0.0,0,Python,2021-2023,1.0,0.33,0.0,0.0,0
15,4,0,0,111,67,8,1,9,7.56,0,Python,2021-2023,1.0,1.63,0.11,0.84,0
8,0,0,0,2,2,2,0,0,0.0,0,Python,2021-2023,1.0,0.67,0.0,0.0,0
11,0,0,0,11,6,1,0,0,0.0,0,Python,2021-2023,1.0,1.57,0.0,0.0,0
12,0,0,0,6,6,2,0,0,0.0,0,Python,2021-2023,1.0,0.86,0.0,0.0,0
14,0,0,0,18,16,1,0,0,0.0,0,Python,2021-2023,1.0,1.06,0.0,0.0,0
10,2,0,0,1,3,1,0,0,0.0,0,Python,2021-2023,1.0,0.25,0.0,0.0,0
10,2,0,0,1,1,1,0,0,0.0,0,Python,2021-2023,1.0,0.5,0.0,0.0,0
10,2,0,0,1,1,1,0,0,0.0,0,Python,2021-2023,1.0,0.5,0.0,0.0,0
12,2,0,0,1,1,1,0,0,0.0,0,Python,2021-2023,1.0,0.5,0.0,0.0,0
12,2,0,0,3936,0,13,4,22,2.0,0,Python,2021-2023,1.0,3936.0,0.29,0.14,0
13,2,0,0,5,0,1,0,0,0.0,0,Python,2021-2023,1.0,5.0,0.0,0.0,0
14,2,0,0,3,2,1,0,0,0.0,0,Python,2021-2023,1.0,1.0,0.0,0.0,0
9,4,0,0,2,1,2,0,0,0.0,1,Python,2021-2023,0.4,1.0,0.0,0.0,0
9,4,0,0,9,7,3,0,2,2.0,0,Python,2021-2023,1.0,1.12,0.0,0.5,1
14,4,0,0,52,14,4,0,0,0.0,0,Python,2021-2023,1.0,3.47,0.0,0.0,0
9,0,0,0,1,1,1,0,0,0.0,0,Python,2021-2023,1.0,0.5,0.0,0.0,0
8,1,0,0,12,5,1,0,0,0.0,0,Python,2021-2023,1.0,2.0,0.0,0.0,0
10,1,0,0,1,1,1,1,0,0.0,0,Python,2021-2023,1.0,0.5,0.5,0.0,0
13,1,0,0,2,2,1,0,0,0.0,0,Python,2021-2023,1.0,0.67,0.0,0.0,0
10,2,0,0,3,4,2,0,2,18.0,0,Python,2021-2023,1.0,0.6,0.0,6.0,0
10,4,0,0,1,1,1,1,0,0.0,0,Python,2021-2023,1.0,0.5,0.5,0.0,0
17,2,0,0,1,1,1,1,2,1.0,0,Python,2021-2023,1.0,0.5,0.5,0.5,0
17,3,0,0,31,0,1,0,0,0.0,0,Python,2021-2023,1.0,31.0,0.0,0.0,0
19,3,0,0,51,9,6,3,6,2.0,0,Python,2021-2023,1.0,5.1,0.43,0.29,0
10,4,0,0,57,0,2,0,2,2.0,0,Python,2021-2023,1.0,57.0,0.0,0.67,0
10,4,0,0,1,2,1,0,0,0.0,0,Python,2021-2023,1.0,0.33,0.0,0.0,56
12,4,0,0,15,26,4,2,0,0.0,0,Python,2021-2023,1.0,0.56,0.4,0.0,0
12,4,0,0,6,0,1,0,2,9.5,0,Python,2021-2023,1.0,6.0,0.0,4.75,0
12,4,0,0,14,167,7,0,0,0.0,0,Python,2021-2023,1.0,0.08,0.0,0.0,56
13,4,0,0,2,0,1,0,0,0.0,0,Python,2021-2023,1.0,2.0,0.0,0.0,0
14,4,0,0,8,3,2,0,4,4.0,0,Python,2021-2023,1.0,2.0,0.0,1.33,0
16,4,0,0,29,2,3,0,3,4.33,0,Python,2021-2023,1.0,9.67,0.0,1.08,0
16,4,0,0,8,3,2,0,3,15.33,0,Python,2021-2023,1.0,2.0,0.0,5.11,0
17,4,0,0,1,1,1,0,0,0.0,0,Python,2021-2023,1.0,0.5,0.0,0.0,1
17,4,0,0,2,0,1,0,0,0.0,0,Python,2021-2023,1.0,2.0,0.0,0.0,0
18,4,0,0,1,0,1,0,0,0.0,0,Python,2021-2023,1.0,1.0,0.0,0.0,1
19,4,0,0,63,2,4,0,0,0.0,0,Python,2021-2023,1.0,21.0,0.0,0.0,0
16,5,1,0,2,6,1,1,1,1.0,0,Python,2021-2023,1.0,0.29,0.5,0.5,0
17,5,1,0,1,1,1,1,0,0.0,0,Python,2021-2023,1.0,0.5,0.5,0.0,0
17,5,1,0,6,2,1,1,1,1.0,0,Python,2021-2023,1.0,2.0,0.5,0.5,0
17,5,1,0,1,0,1,1,1,1.0,0,Python,2021-2023,1.0,1.0,0.5,0.5,0
17,5,1,0,2,1,1,1,1,1.0,0,Python,2021-2023,1.0,1.0,0.5,0.5,0
17,5,1,0,16,8,1,1,2,2.0,0,Python,2021-2023,1.0,1.78,0.5,1.0,0
17,5,1,0,7,2,1,1,2,2.0,0,Python,2021-2023,1.0,2.33,0.5,1.0,0
14,6,1,0,27,0,1,1,1,1.0,0,Python,2021-2023,1.0,27.0,0.5,0.5,0
14,6,1,0,1,0,1,0,0,0.0,0,Python,2021-2023,1.0,1.0,0.0,0.0,0
11,1,0,0,29,3,1,0,0,0.0,0,Python,2021-2023,1.0,7.25,0.0,0.0,0
11,1,0,0,4,4,1,0,0,0.0,0,Python,2021-2023,1.0,0.8,0.0,0.0,0
11,1,0,0,2,2,1,0,0,0.0,0,Python,2021-2023,1.0,0.67,0.0,0.0,0
13,1,0,0,2,1,1,0,0,0.0,0,Python,2021-2023,1.0,1.0,0.0,0.0,0
15,1,0,0,7,1,2,1,0,0.0,0,Python,2021-2023,1.0,3.5,0.33,0.0,0
15,1,0,0,23,3,1,0,0,0.0,0,Python,2021-2023,1.0,5.75,0.0,0.0,0
15,1,0,0,2,2,1,0,0,0.0,0,Python,2021-2023,1.0,0.67,0.0,0.0,0
16,1,0,0,32,4,1,0,0,0.0,0,Python,2021-2023,1.0,6.4,0.0,0.0,0
20,1,0,0,24,2,1,0,0,0.0,0,Python,2021-2023,1.0,8.0,0.0,0.0,0
20,1,0,0,28,4,1,0,0,0.0,0,Python,2021-2023,1.0,5.6,0.0,0.0,0
20,1,0,0,24,19,4,0,0,0.0,0,Python,2021-2023,1.0,1.2,0.0,0.0,0
20,1,0,0,1,1,1,0,0,0.0,0,Python,2021-2023,1.0,0.5,0.0,0.0,0
10,2,0,0,1,0,1,0,0,0.0,0,Python,2021-2023,1.0,1.0,0.0,0.0,0
12,2,0,0,5,1,1,0,1,14.0,0,Python,2021-2023,1.0,2.5,0.0,7.0,0
12,2,0,0,0,1,1,0,1,14.0,0,Python,2021-2023,1.0,0.0,0.0,7.0,0
15,2,0,0,11,11,4,0,66,4.24,0,Python,2021-2023,1.0,0.92,0.0,0.85,0
15,2,0,0,1,1,1,0,0,0.0,0,Python,2021-2023,1.0,0.5,0.0,0.0,0
15,2,0,0,1134,25,12,2,25,3.0,0,Python,2021-2023,1.0,43.62,0.15,0.23,0
16,2,0,0,1,1,1,0,0,0.0,0,Python,2021-2023,1.0,0.5,0.0,0.0,0
16,2,0,0,4,4,1,0,1,4.0,0,Python,2021-2023,1.0,0.8,0.0,2.0,0
16,2,0,0,3,0,1,0,1,14.0,0,Python,2021-2023,1.0,3.0,0.0,7.0,0
16,2,0,0,1,0,1,0,1,14.0,0,Python,2021-2023,1.0,1.0,0.0,7.0,0
18,2,0,0,1,1,1,0,0,0.0,0,Python,2021-2023,1.0,0.5,0.0,0.0,0
9,3,0,0,0,2,1,0,1,4.0,0,Python,2021-2023,1.0,0.0,0.0,2.0,0
10,3,0,0,46,48,26,0,27,9.78,1,Python,2021-2023,0.04,0.94,0.0,0.36,0
10,3,0,0,10,9,5,0,0,0.0,0,Python,2021-2023,1.0,1.0,0.0,0.0,0
11,3,0,0,7,11,1,1,2,1.0,0,Python,2021-2023,1.0,0.58,0.5,0.5,0
12,3,0,0,6,6,4,0,0,0.0,0,Python,2021-2023,1.0,0.86,0.0,0.0,0
14,3,0,0,1,1,1,0,0,0.0,0,Python,2021-2023,1.0,0.5,0.0,0.0,1
15,3,0,0,53,21,4,1,16,6.44,0,Python,2021-2023,1.0,2.41,0.2,1.29,1
17,3,0,0,52,0,2,0,0,0.0,0,Python,2021-2023,1.0,52.0,0.0,0.0,1
11,4,0,0,213,275,50,3,78,13.59,0,Python,2021-2023,1.0,0.77,0.06,0.27,1
17,4,0,0,1,1,1,0,0,0.0,0,Python,2021-2023,1.0,0.5,0.0,0.0,0
13,0,0,0,15,10,1,0,0,0.0,0,Python,2021-2023,1.0,1.36,0.0,0.0,0
13,0,0,0,4,4,1,0,0,0.0,0,Python,2021-2023,1.0,0.8,0.0,0.0,0
13,0,0,0,10,6,1,0,0,0.0,0,Python,2021-2023,1.0,1.43,0.0,0.0,0
13,0,0,0,8,5,1,0,0,0.0,0,Python,2021-2023,1.0,1.33,0.0,0.0,0
16,0,0,0,2,2,2,2,0,0.0,0,Python,2021-2023,1.0,0.67,0.67,0.0,0
16,0,0,0,6,1,1,0,1,11.0,0,Python,2021-2023,1.0,3.0,0.0,5.5,1
16,0,0,0,4,0,1,0,1,14.0,0,Python,2021-2023,1.0,4.0,0.0,7.0,1
18,0,0,0,24,1,2,1,2,53.5,0,Python,2021-2023,1.0,12.0,0.33,17.83,0
18,0,0,0,12,9,2,1,2,54.0,0,Python,2021-2023,1.0,1.2,0.33,18.0,0
18,0,0,0,16,10,1,1,3,1.0,0,Python,2021-2023,1.0,1.45,0.5,0.5,0
20,0,0,0,13,1,1,1,3,1.33,0,Python,2021-2023,1.0,6.5,0.5,0.66,0
20,0,0,0,6,2,1,1,3,1.33,0,Python,2021-2023,1.0,2.0,0.5,0.66,0
1,1,0,1,37,24,1,0,7,24.57,0,Python,2021-2023,1.0,1.48,0.0,12.28,0
1,1,0,1,2,0,1,0,0,0.0,0,Python,2021-2023,1.0,2.0,0.0,0.0,0
2,1,0,1,24,37,1,0,7,24.43,0,Python,2021-2023,1.0,0.63,0.0,12.22,0
3,1,0,1,30,20,1,0,5,33.6,0,Python,2021-2023,1.0,1.43,0.0,16.8,0
9,1,0,0,1,1,1,0,0,0.0,0,Python,2021-2023,1.0,0.5,0.0,0.0,0
20,1,0,0,2,1,1,0,0,0.0,0,Python,2021-2023,1.0,1.0,0.0,0.0,0
22,1,0,1,2,2,1,0,1,60.0,0,Python,2021-2023,1.0,0.67,0.0,30.0,0
10,2,0,0,2,2,1,0,0,0.0,0,Python,2021-2023,1.0,0.67,0.0,0.0,0
10,2,0,0,2,2,1,0,0,0.0,0,Python,2021-2023,1.0,0.67,0.0,0.0,0
11,2,0,0,2,2,1,0,0,0.0,0,Python,2021-2023,1.0,0.67,0.0,0.0,0
17,2,0,0,2818,1845,542,150,5,8.4,0,Python,2021-2023,1.0,1.53,0.28,0.02,0
18,3,0,0,1,4,1,1,1,1.0,0,Python,2021-2023,1.0,0.2,0.5,0.5,0
20,3,0,0,31,7,1,0,0,0.0,0,Python,2021-2023,1.0,3.88,0.0,0.0,0
23,3,0,1,1,0,1,1,1,1.0,0,Python,2021-2023,1.0,1.0,0.5,0.5,0
23,3,0,1,4,0,1,1,0,0.0,0,Python,2021-2023,1.0,4.0,0.5,0.0,0
14,4,0,0,39,39,4,0,66,4.24,0,Python,2021-2023,1.0,0.98,0.0,0.85,0
14,4,0,0,6,0,1,0,0,0.0,0,Python,2021-2023,1.0,6.0,0.0,0.0,0
19,4,0,0,28,28,1,0,0,0.0,0,Python,2021-2023,1.0,0.97,0.0,0.0,0
9,0,0,0,11,9,1,0,1,23.0,0,Python,2021-2023,1.0,1.1,0.0,11.5,0
11,0,0,0,1,2,1,0,0,0.0,0,Python,2021-2023,1.0,0.33,0.0,0.0,0
13,0,0,0,2,2,1,0,0,0.0,0,Python,2021-2023,1.0,0.67,0.0,0.0,0
15,0,0,0,55,10,1,0,0,0.0,0,Python,2021-2023,1.0,5.0,0.0,0.0,0
12,1,0,0,44,1,3,1,4,4.5,0,Python,2021-2023,1.0,22.0,0.25,1.12,1
16,1,0,0,31,0,1,0,0,0.0,0,Python,2021-2023,1.0,31.0,0.0,0.0,0
9,2,0,0,2,4,1,0,2,4.5,0,Python,2021-2023,1.0,0.4,0.0,2.25,1
10,2,0,0,1,1,1,0,0,0.0,0,Python,2021-2023,1.0,0.5,0.0,0.0,0
12,2,0,0,2,0,1,1,0,0.0,0,Python,2021-2023,1.0,2.0,0.5,0.0,0
12,2,0,0,1,1,1,0,0,0.0,0,Python,2021-2023,1.0,0.5,0.0,0.0,0
18,2,0,0,138,97,42,14,76,7.01,0,Python,2021-2023,1.0,1.41,0.33,0.16,1
18,2,0,0,104,15,6,3,4,3.75,0,Python,2021-2023,1.0,6.5,0.43,0.54,1
18,2,0,0,1,1,1,0,0,0.0,0,Python,2021-2023,1.0,0.5,0.0,0.0,1
18,2,0,0,4,4,1,0,1,5.0,0,Python,2021-2023,1.0,0.8,0.0,2.5,1
18,2,0,0,7,1,2,1,2,13.5,1,Python,2021-2023,0.4,3.5,0.33,4.5,1
10,3,0,0,13,22,8,2,2,8.0,0,Python,2021-2023,1.0,0.57,0.22,0.89,2
13,3,0,0,17,3,2,1,3,9.0,1,Python,2021-2023,0.4,4.25,0.33,3.0,2
15,3,0,0,1,1,1,0,0,0.0,0,Python,2021-2023,1.0,0.5,0.0,0.0,0
10,4,0,0,2,2,1,1,0,0.0,0,Python,2021-2023,1.0,0.67,0.5,0.0,3
10,0,0,0,6,5,2,1,5,35.8,0,Python,2021-2023,1.0,1.0,0.33,11.93,0
15,0,0,0,17,0,5,1,1,1.0,0,Python,2021-2023,1.0,17.0,0.17,0.17,0
15,0,0,0,1,0,1,0,0,0.0,0,Python,2021-2023,1.0,1.0,0.0,0.0,0
15,0,0,0,1,1,1,0,0,0.0,0,Python,2021-2023,1.0,0.5,0.0,0.0,0
15,0,0,0,1,0,1,0,0,0.0,0,Python,2021-2023,1.0,1.0,0.0,0.0,0
17,0,0,0,6,1,2,1,0,0.0,0,Python,2021-2023,1.0,3.0,0.33,0.0,0
17,0,0,0,1,1,1,0,0,0.0,0,Python,2021-2023,1.0,0.5,0.0,0.0,0
18,0,0,0,0,4,4,0,0,0.0,0,Python,2021-2023,1.0,0.0,0.0,0.0,0
19,0,0,0,8,3,2,1,2,1.5,0,Python,2021-2023,1.0,2.0,0.33,0.5,0
10,1,0,0,105,33,3,1,12,8.58,0,Python,2021-2023,1.0,3.09,0.25,2.14,0
17,1,0,0,97,8,3,2,8,2.38,0,Python,2021-2023,1.0,10.78,0.5,0.6,0
19,1,0,0,7,7,2,1,2,2.5,0,Python,2021-2023,1.0,0.88,0.33,0.83,0
9,2,0,0,146,35,13,1,7,7.29,0,Python,2021-2023,1.0,4.06,0.07,0.52,0
17,2,0,0,0,72,1,0,0,0.0,0,Python,2021-2023,1.0,0.0,0.0,0.0,0
22,3,0,1,11,1,1,0,1,110.0,0,Python,2021-2023,1.0,5.5,0.0,55.0,0
23,3,0,1,1,1,1,0,1,110.0,0,Python,2021-2023,1.0,0.5,0.0,55.0,0
12,4,0,0,11,11,7,0,9,3.44,0,Python,2021-2023,1.0,0.92,0.0,0.43,3
10,0,0,0,3,1,1,0,2,3.5,0,Python,2021-2023,1.0,1.5,0.0,1.75,0
11,1,0,0,1,1,1,0,1,1.0,0,Python,2021-2023,1.0,0.5,0.0,0.5,0
11,1,0,0,29,30,17,2,11,5.18,0,Python,2021-2023,1.0,0.94,0.11,0.29,3
11,1,0,0,1,1,1,0,0,0.0,0,Python,2021-2023,1.0,0.5,0.0,0.0,0
17,1,0,0,1,1,1,0,1,3.0,0,Python,2021-2023,1.0,0.5,0.0,1.5,3
13,2,0,0,44,14,3,0,1,13.0,0,Python,2021-2023,1.0,2.93,0.0,3.25,0
13,2,0,0,2,5,1,0,1,19.0,0,Python,2021-2023,1.0,0.33,0.0,9.5,3
9,3,0,0,3,3,2,0,0,0.0,0,Python,2021-2023,1.0,0.75,0.0,0.0,0
12,3,0,0,0,2,1,1,0,0.0,0,Python,2021-2023,1.0,0.0,0.5,0.0,0
12,3,0,0,27,27,1,1,0,0.0,0,Python,2021-2023,1.0,0.96,0.5,0.0,0
12,3,0,0,154,5,4,0,0,0.0,0,Python,2021-2023,1.0,25.67,0.0,0.0,0
16,3,0,0,81,10,3,0,7,4.14,0,Python,2021-2023,1.0,7.36,0.0,1.03,0
17,3,0,0,10,81,3,0,7,4.71,0,Python,2021-2023,1.0,0.12,0.0,1.18,0
17,3,0,0,46,20,2,1,6,5.17,0,Python,2021-2023,1.0,2.19,0.33,1.72,3
17,3,0,0,1,1,1,0,0,0.0,0,Python,2021-2023,1.0,0.5,0.0,0.0,3
17,3,0,0,5,1,3,0,4,2.25,0,Python,2021-2023,1.0,2.5,0.0,0.56,3
18,3,0,0,1,1,1,0,0,0.0,0,Python,2021-2023,1.0,0.5,0.0,0.0,0
8,4,0,0,1,1,1,0,0,0.0,0,Python,2021-2023,1.0,0.5,0.0,0.0,0
8,4,0,0,29,27,2,2,0,0.0,0,Python,2021-2023,1.0,1.04,0.67,0.0,0
9,4,0,0,9,2113,18,1,75,4.61,0,Python,2021-2023,1.0,0.0,0.05,0.24,0
10,4,0,0,1,1,1,0,0,0.0,0,Python,2021-2023,1.0,0.5,0.0,0.0,0
10,4,0,0,8,6,1,0,0,0.0,0,Python,2021-2023,1.0,1.14,0.0,0.0,0
10,4,0,0,6,7,1,0,0,0.0,0,Python,2021-2023,1.0,0.75,0.0,0.0,0
10,4,0,0,1,1,1,0,0,0.0,0,Python,2021-2023,1.0,0.5,0.0,0.0,0
11,4,0,0,40,6,1,0,0,0.0,0,Python,2021-2023,1.0,5.71,0.0,0.0,0
11,4,0,0,1,3,1,0,0,0.0,0,Python,2021-2023,1.0,0.25,0.0,0.0,0
11,4,0,0,1,1,1,0,0,0.0,0,Python,2021-2023,1.0,0.5,0.0,0.0,0
11,4,0,0,1,1,1,0,0,0.0,0,Python,2021-2023,1.0,0.5,0.0,0.0,0
11,4,0,0,1,0,1,0,0,0.0,0,Python,2021-2023,1.0,1.0,0.0,0.0,0
13,4,0,0,10,7,1,0,2,7.5,0,Python,2021-2023,1.0,1.25,0.0,3.75,3
15,4,0,0,3,3,1,0,0,0.0,0,Python,2021-2023,1.0,0.75,0.0,0.0,0
11,1,0,0,5,11,1,0,0,0.0,0,Python,2021-2023,1.0,0.42,0.0,0.0,0
20,1,0,0,81,6,4,1,3,3.67,0,Python,2021-2023,1.0,11.57,0.2,0.73,0
8,2,0,0,4,0,1,0,1,1.0,0,Python,2021-2023,1.0,4.0,0.0,0.5,3
12,2,0,0,33,42,6,1,2,1.5,0,Python,2021-2023,1.0,0.77,0.14,0.21,3
13,2,0,0,1,0,1,0,0,0.0,0,Python,2021-2023,1.0,1.0,0.0,0.0,0
11,3,0,0,1,1,1,0,0,0.0,0,Python,2021-2023,1.0,0.5,0.0,0.0,0
12,3,0,0,5,8,1,0,0,0.0,0,Python,2021-2023,1.0,0.56,0.0,0.0,3
17,3,0,0,20,2,2,1,2,2.5,1,Python,2021-2023,0.1,6.67,0.33,0.83,0
9,4,0,0,2,2,2,0,1,11.0,0,Python,2021-2023,1.0,0.67,0.0,3.67,0
16,4,0,0,3,6,2,1,0,0.0,0,Python,2021-2023,1.0,0.43,0.33,0.0,3
21,4,0,0,13,2,1,1,0,0.0,0,Python,2021-2023,1.0,4.33,0.5,0.0,3
21,4,0,0,3,3,1,1,0,0.0,0,Python,2021-2023,1.0,0.75,0.5,0.0,3
13,5,1,0,14,3,3,1,3,28.0,0,Python,2021-2023,1.0,3.5,0.25,7.0,0
17,0,0,0,3,9,1,0,0,0.0,0,Python,2021-2023,1.0,0.3,0.0,0.0,0
9,1,0,0,4,4,2,0,0,0.0,0,Python,2021-2023,1.0,0.8,0.0,0.0,0
10,1,0,0,2,1,1,1,0,0.0,0,Python,2021-2023,1.0,1.0,0.5,0.0,0
14,1,0,0,0,1,1,0,1,40.0,0,Python,2021-2023,1.0,0.0,0.0,20.0,0
12,2,0,0,849,597,61,2,1,14.0,0,Python,2021-2023,1.0,1.42,0.03,0.23,0
15,2,0,0,1,1,1,0,0,0.0,0,Python,2021-2023,1.0,0.5,0.0,0.0,0
16,2,0,0,2,1,1,0,0,0.0,0,Python,2021-2023,1.0,1.0,0.0,0.0,3
16,2,0,0,2,2,1,0,1,22.0,0,Python,2021-2023,1.0,0.67,0.0,11.0,0
17,2,0,0,74,0,2,1,3,2.67,0,Python,2021-2023,1.0,74.0,0.33,0.89,0
17,2,0,0,67,29,2,1,9,17.0,0,Python,2021-2023,1.0,2.23,0.33,5.67,0
8,3,0,0,36,8,2,1,6,20.5,0,Python,2021-2023,1.0,4.0,0.33,6.83,0
11,3,0,0,2,0,1,0,0,0.0,0,Python,2021-2023,1.0,2.0,0.0,0.0,0
13,3,0,0,1,1,1,0,0,0.0,0,Python,2021-2023,1.0,0.5,0.0,0.0,1
13,3,0,0,4,1,1,0,1,78.0,1,Python,2021-2023,0.4,2.0,0.0,39.0,56
13,3,0,0,33,2,3,2,3,7.33,0,Python,2021-2023,1.0,11.0,0.5,1.83,3
8,4,0,0,1,1,1,0,0,0.0,0,Python,2021-2023,1.0,0.5,0.0,0.0,3
8,4,0,0,33,6,2,1,3,5.67,0,Python,2021-2023,1.0,4.71,0.33,1.89,0
8,4,0,0,551,9,11,3,21,4.67,0,Python,2021-2023,1.0,55.1,0.25,0.39,57
14,4,0,0,3,34,1,0,0,0.0,0,Python,2021-2023,1.0,0.09,0.0,0.0,0
15,4,0,0,3,3,3,0,0,0.0,1,Python,2021-2023,0.4,0.75,0.0,0.0,0
16,4,0,0,3,5,1,0,0,0.0,0,Python,2021-2023,1.0,0.5,0.0,0.0,1
17,4,0,0,1,8,2,1,0,0.0,0,Python,2021-2023,1.0,0.11,0.33,0.0,3
17,4,0,0,145,3,4,1,7,13.29,0,Python,2021-2023,1.0,36.25,0.2,2.66,3
17,4,0,0,9,0,1,1,0,0.0,0,Python,2021-2023,1.0,9.0,0.5,0.0,3
20,4,0,0,868,324,18,2,81,8.05,0,Python,2021-2023,1.0,2.67,0.11,0.42,57
9,0,0,0,1,1,1,0,0,0.0,0,Python,2021-2023,1.0,0.5,0.0,0.0,0
9,0,0,0,5,11,1,0,0,0.0,0,Python,2021-2023,1.0,0.42,0.0,0.0,1
9,0,0,0,1,1,1,0,0,0.0,0,Python,2021-2023,1.0,0.5,0.0,0.0,0
9,0,0,0,19,10,1,0,0,0.0,0,Python,2021-2023,1.0,1.73,0.0,0.0,0
9,0,0,0,2,4,1,0,0,0.0,0,Python,2021-2023,1.0,0.4,0.0,0.0,1
9,0,0,0,1,0,1,0,0,0.0,0,Python,2021-2023,1.0,1.0,0.0,0.0,0
9,0,0,0,1,1,1,0,0,0.0,0,Python,2021-2023,1.0,0.5,0.0,0.0,0
10,0,0,0,2,2,1,0,0,0.0,0,Python,2021-2023,1.0,0.67,0.0,0.0,1
10,0,0,0,14,10,1,0,0,0.0,0,Python,2021-2023,1.0,1.27,0.0,0.0,1
10,0,0,0,48,21,1,0,0,0.0,0,Python,2021-2023,1.0,2.18,0.0,0.0,1
10,0,0,0,91,12,1,0,0,0.0,0,Python,2021-2023,1.0,7.0,0.0,0.0,1
10,0,0,0,14,8,5,1,1,14.0,0,Python,2021-2023,1.0,1.56,0.17,2.33,0
10,0,0,0,35,37,1,0,0,0.0,0,Python,2021-2023,1.0,0.92,0.0,0.0,0
12,0,0,0,1,1,1,0,1,4.0,0,Python,2021-2023,1.0,0.5,0.0,2.0,3
12,0,0,0,192,25,2,1,10,8.3,0,Python,2021-2023,1.0,7.38,0.33,2.77,3
13,0,0,0,86,14,1,0,0,0.0,0,Python,2021-2023,1.0,5.73,0.0,0.0,1
13,0,0,0,1,1,1,0,0,0.0,0,Python,2021-2023,1.0,0.5,0.0,0.0,1
14,0,0,0,2060,56,4,0,1,8.0,0,Python,2021-2023,1.0,36.14,0.0,1.6,0
16,0,0,0,3,28,1,0,2,5.0,0,Python,2021-2023,1.0,0.1,0.0,2.5,0
18,0,0,0,127,1,2,1,3,1.33,1,Python,2021-2023,0.4,63.5,0.33,0.44,57
19,0,0,0,182,0,2,0,0,0.0,0,Python,2021-2023,1.0,182.0,0.0,0.0,3
19,0,0,0,52,5,2,1,3,6.67,0,Python,2021-2023,1.0,8.67,0.33,2.22,58
9,1,0,0,121,25,5,2,10,8.4,0,Python,2021-2023,1.0,4.65,0.33,1.4,58
12,1,0,0,1,1,1,0,0,0.0,0,Python,2021-2023,1.0,0.5,0.0,0.0,1
13,1,0,0,28,0,1,1,1,5.0,0,Python,2021-2023,1.0,28.0,0.5,2.5,0
13,1,0,0,6116,2281,284,0,805,14.86,0,Python,2021-2023,1.0,2.68,0.0,0.05,1
13,1,0,0,2,2,1,0,0,0.0,0,Python,2021-2023,1.0,0.67,0.0,0.0,1
13,1,0,0,3,5,1,0,0,0.0,0,Python,2021-2023,1.0,0.5,0.0,0.0,1
17,1,0,0,164,75,4,1,18,8.78,0,Python,2021-2023,1.0,2.16,0.2,1.76,58
17,1,0,0,1,1,1,0,1,13.0,0,Python,2021-2023,1.0,0.5,0.0,6.5,58
18,1,0,0,9,4,2,0,0,0.0,0,Python,2021-2023,1.0,1.8,0.0,0.0,58
13,2,0,0,0,1,1,0,0,0.0,0,Python,2021-2023,1.0,0.0,0.0,0.0,0
16,2,0,0,27,0,1,0,0,0.0,0,Python,2021-2023,1.0,27.0,0.0,0.0,0
16,3,0,0,10,2,1,0,1,121.0,0,Python,2021-2023,1.0,3.33,0.0,60.5,1
16,3,0,0,1,0,1,0,0,0.0,0,Python,2021-2023,1.0,1.0,0.0,0.0,1
10,4,0,0,1,1,1,0,0,0.0,0,Python,2021-2023,1.0,0.5,0.0,0.0,1
12,4,0,0,25,1,1,0,2,1.0,0,Python,2021-2023,1.0,12.5,0.0,0.5,0
14,4,0,0,3,2,1,0,1,121.0,0,Python,2021-2023,1.0,1.0,0.0,60.5,1
15,4,0,0,0,2,1,0,0,0.0,0,Python,2021-2023,1.0,0.0,0.0,0.0,0
9,0,0,0,133,7,4,1,4,3.0,0,Python,2021-2023,1.0,16.62,0.2,0.6,0
10,0,0,0,200,1,4,1,4,3.75,0,Python,2021-2023,1.0,100.0,0.2,0.75,0
10,0,0,0,25,0,1,0,0,0.0,0,Python,2021-2023,1.0,25.0,0.0,0.0,0
14,0,0,0,172,8,5,1,8,4.0,0,Python,2021-2023,1.0,19.11,0.17,0.67,0
18,0,0,0,6,0,1,0,1,124.0,0,Python,2021-2023,1.0,6.0,0.0,62.0,1
10,1,0,0,1,1,1,0,0,0.0,0,Python,2021-2023,1.0,0.5,0.0,0.0,1
15,1,0,0,425,16,12,0,3,22.0,0,Python,2021-2023,1.0,25.0,0.0,1.69,0
21,1,0,0,1,0,1,0,1,24.0,0,Python,2021-2023,1.0,1.0,0.0,12.0,0
21,1,0,0,3,7,1,0,1,122.0,0,Python,2021-2023,1.0,0.38,0.0,61.0,1
8,2,0,0,1,1,1,0,1,12.0,0,Python,2021-2023,1.0,0.5,0.0,6.0,0
8,2,0,0,74,2,3,0,1,2.0,0,Python,2021-2023,1.0,24.67,0.0,0.5,0
9,2,0,0,1,1,1,0,0,0.0,0,Python,2021-2023,1.0,0.5,0.0,0.0,0
14,2,0,0,126,20,1,0,0,0.0,0,Python,2021-2023,1.0,6.0,0.0,0.0,1
14,2,0,0,2,3,1,0,0,0.0,0,Python,2021-2023,1.0,0.5,0.0,0.0,1
15,2,0,0,38,5,1,0,0,0.0,0,Python,2021-2023,1.0,6.33,0.0,0.0,1
16,2,0,0,1,1,1,0,0,0.0,0,Python,2021-2023,1.0,0.5,0.0,0.0,0
16,2,0,0,3,11,1,0,3,1.33,0,Python,2021-2023,1.0,0.25,0.0,0.66,0
8,3,0,0,1,1,1,0,0,0.0,0,Python,2021-2023,1.0,0.5,0.0,0.0,0
10,4,0,0,4,4,3,1,3,7.0,0,Python,2021-2023,1.0,0.8,0.25,1.75,0
12,0,0,0,3,0,1,0,0,0.0,0,Python,2021-2023,1.0,3.0,0.0,0.0,0
14,0,0,0,1,1,1,0,0,0.0,0,Python,2021-2023,1.0,0.5,0.0,0.0,3
14,0,0,0,1,1,1,0,0,0.0,0,Python,2021-2023,1.0,0.5,0.0,0.0,0
11,1,0,0,54,20,7,3,0,0.0,0,Python,2021-2023,1.0,2.57,0.38,0.0,0
12,1,0,0,11,5,2,0,0,0.0,0,Python,2021-2023,1.0,1.83,0.0,0.0,0
15,1,0,0,1,1,1,0,0,0.0,0,Python,2021-2023,1.0,0.5,0.0,0.0,0
10,2,0,0,6,0,2,1,3,3.67,0,Python,2021-2023,1.0,6.0,0.33,1.22,3
11,3,0,0,1,1,1,0,0,0.0,0,Python,2021-2023,1.0,0.5,0.0,0.0,0
14,3,0,0,15,12,5,0,66,4.24,0,Python,2021-2023,1.0,1.15,0.0,0.71,1
14,3,0,0,10,3,1,0,0,0.0,0,Python,2021-2023,1.0,2.5,0.0,0.0,1
10,4,0,0,2,2,2,0,0,0.0,0,Python,2021-2023,1.0,0.67,0.0,0.0,0
12,4,0,0,12,12,5,0,66,4.24,0,Python,2021-2023,1.0,0.92,0.0,0.71,1
13,4,0,0,4,4,3,0,0,0.0,0,Python,2021-2023,1.0,0.8,0.0,0.0,0
14,4,0,0,1,1,1,0,0,0.0,0,Python,2021-2023,1.0,0.5,0.0,0.0,1
15,4,0,0,12,9,5,0,0,0.0,0,Python,2021-2023,1.0,1.2,0.0,0.0,1
15,4,0,0,3,0,1,0,0,0.0,0,Python,2021-2023,1.0,3.0,0.0,0.0,0
16,4,0,0,6,6,4,0,0,0.0,0,Python,2021-2023,1.0,0.86,0.0,0.0,1
17,4,0,0,1,0,1,0,0,0.0,0,Python,2021-2023,1.0,1.0,0.0,0.0,1
16,6,1,0,35,1,2,1,2,64.5,0,Python,2021-2023,1.0,17.5,0.33,21.5,0
16,0,0,0,25,0,1,0,0,0.0,0,Python,2021-2023,1.0,25.0,0.0,0.0,0
1,1,0,1,6,5,2,1,3,43.67,0,Python,2021-2023,1.0,1.0,0.33,14.56,0
10,1,0,0,9,9,2,1,2,64.0,0,Python,2021-2023,1.0,0.9,0.33,21.33,0
11,1,0,0,4,0,1,0,0,0.0,0,Python,2021-2023,1.0,4.0,0.0,0.0,0
11,1,0,0,1,1,1,1,1,1.0,0,Python,2021-2023,1.0,0.5,0.5,0.5,0
8,2,0,0,137,134,41,7,73,13.81,0,Python,2021-2023,1.0,1.01,0.17,0.33,3
8,2,0,0,5,2,1,0,1,51.0,1,Python,2021-2023,0.4,1.67,0.0,25.5,58
12,2,0,0,9,9,5,0,0,0.0,0,Python,2021-2023,1.0,0.9,0.0,0.0,1
12,2,0,0,35,82,7,0,12,12.17,0,Python,2021-2023,1.0,0.42,0.0,1.52,3
12,2,0,0,30,0,2,1,2,8.0,0,Python,2021-2023,1.0,30.0,0.33,2.67,3
12,2,0,0,18,4,1,0,3,30.67,0,Python,2021-2023,1.0,3.6,0.0,15.34,3
15,2,0,0,6,6,4,0,0,0.0,0,Python,2021-2023,1.0,0.86,0.0,0.0,1
16,2,0,0,13,6,3,1,3,7.33,1,Python,2021-2023,0.4,1.86,0.25,1.83,3
16,2,0,0,4,0,1,0,1,62.0,0,Python,2021-2023,1.0,4.0,0.0,31.0,0
16,2,0,0,105,6,4,1,3,4.67,0,Python,2021-2023,1.0,15.0,0.2,0.93,4
17,2,0,0,3,3,2,0,0,0.0,0,Python,2021-2023,1.0,0.75,0.0,0.0,0
17,2,0,0,4,8,3,1,0,0.0,0,Python,2021-2023,1.0,0.44,0.25,0.0,0
18,2,0,0,86,3,2,0,0,0.0,0,Python,2021-2023,1.0,21.5,0.0,0.0,4
15,3,0,0,41,3,2,1,4,33.75,0,Python,2021-2023,1.0,10.25,0.33,11.25,0
15,3,0,0,2,0,1,0,0,0.0,0,Python,2021-2023,1.0,2.0,0.0,0.0,0
16,4,0,0,25,2,1,0,2,1.0,0,Python,2021-2023,1.0,8.33,0.0,0.5,0
20,4,0,0,3,2,1,0,0,0.0,0,Python,2021-2023,1.0,1.0,0.0,0.0,0
8,5,1,0,1,1,1,0,0,0.0,0,Python,2021-2023,1.0,0.5,0.0,0.0,0
10,0,0,0,3,3,2,0,1,2.0,0,Python,2021-2023,1.0,0.75,0.0,0.67,1
16,0,0,0,4,6,1,0,2,1.0,0,Python,2021-2023,1.0,0.57,0.0,0.5,0
9,1,0,0,14,0,3,1,1,1.0,0,Python,2021-2023,1.0,14.0,0.25,0.25,0
10,1,0,0,9,2,2,0,1,1.0,0,Python,2021-2023,1.0,3.0,0.0,0.33,0
10,3,0,0,1,1,1,0,0,0.0,0,Python,2021-2023,1.0,0.5,0.0,0.0,0
9,0,0,0,1,1,1,0,1,51.0,1,Python,2021-2023,0.4,0.5,0.0,25.5,0
11,0,0,0,22,5,2,2,5,2.0,0,Python,2021-2023,1.0,3.67,0.67,0.67,0
13,0,0,0,2,2,1,0,1,3.0,0,Python,2021-2023,1.0,0.67,0.0,1.5,59
22,0,0,1,2,8,2,0,2,10.0,0,Python,2021-2023,1.0,0.22,0.0,3.33,59
11,1,0,0,1,1,1,0,0,0.0,0,Python,2021-2023,1.0,0.5,0.0,0.0,0
17,1,0,0,919,7,4,0,0,0.0,0,Python,2021-2023,1.0,114.88,0.0,0.0,0
11,2,0,0,6,0,1,0,0,0.0,0,Python,2021-2023,1.0,6.0,0.0,0.0,0
11,2,0,0,11,11,1,0,0,0.0,0,Python,2021-2023,1.0,0.92,0.0,0.0,0
11,4,0,0,3,3,1,0,0,0.0,0,Python,2021-2023,1.0,0.75,0.0,0.0,0
13,4,0,0,11,10,1,0,0,0.0,0,Python,2021-2023,1.0,1.0,0.0,0.0,0
9,0,0,0,1,1,1,0,0,0.0,0,Python,2021-2023,1.0,0.5,0.0,0.0,0
10,1,0,0,2,1,2,0,1,7.0,0,Python,2021-2023,1.0,1.0,0.0,2.33,4
10,1,0,0,2,1,1,1,1,2.0,0,Python,2021-2023,1.0,1.0,0.5,1.0,0
9,2,0,0,130,8,9,6,5,3.8,0,Python,2021-2023,1.0,14.44,0.6,0.38,4
9,2,0,0,15,13,8,0,18,12.78,0,Python,2021-2023,1.0,1.07,0.0,1.42,4
16,2,0,0,11,10,1,0,0,0.0,0,Python,2021-2023,1.0,1.0,0.0,0.0,0
10,4,0,0,595,884,2,0,0,0.0,0,Python,2021-2023,1.0,0.67,0.0,0.0,0
10,4,0,0,4660,133,118,0,312,7.94,0,Python,2021-2023,1.0,34.78,0.0,0.07,1
11,4,0,0,10,14,1,0,0,0.0,0,Python,2021-2023,1.0,0.67,0.0,0.0,0
12,4,0,0,7,7,1,0,0,0.0,0,Python,2021-2023,1.0,0.88,0.0,0.0,1
12,4,0,0,2,2,1,0,0,0.0,0,Python,2021-2023,1.0,0.67,0.0,0.0,1
13,4,0,0,1,1,1,0,0,0.0,0,Python,2021-2023,1.0,0.5,0.0,0.0,1
13,4,0,0,0,1,1,0,0,0.0,0,Python,2021-2023,1.0,0.0,0.0,0.0,4
9,1,0,0,95,25,9,2,13,4.31,0,Python,2021-2023,1.0,3.65,0.2,0.43,4
10,1,0,0,6,0,1,0,0,0.0,0,Python,2021-2023,1.0,6.0,0.0,0.0,1
10,1,0,0,15,0,1,0,0,0.0,0,Python,2021-2023,1.0,15.0,0.0,0.0,1
10,1,0,0,1,5,1,0,0,0.0,0,Python,2021-2023,1.0,0.17,0.0,0.0,1
10,1,0,0,1,1,1,0,0,0.0,0,Python,2021-2023,1.0,0.5,0.0,0.0,1
13,2,0,0,4,0,1,1,0,0.0,0,Python,2021-2023,1.0,4.0,0.5,0.0,0
13,2,0,0,2,2,1,0,0,0.0,0,Python,2021-2023,1.0,0.67,0.0,0.0,0
16,2,0,0,6,0,1,1,0,0.0,0,Python,2021-2023,1.0,6.0,0.5,0.0,4
20,3,0,0,923,145,19,6,44,4.8,0,Python,2021-2023,1.0,6.32,0.3,0.24,4
20,3,0,0,38,4,5,1,6,5.17,0,Python,2021-2023,1.0,7.6,0.17,0.86,0
10,4,0,0,9,9,5,0,0,0.0,0,Python,2021-2023,1.0,0.9,0.0,0.0,1
11,4,0,0,6,6,4,0,0,0.0,0,Python,2021-2023,1.0,0.86,0.0,0.0,1
12,4,0,0,1,1,1,0,0,0.0,0,Python,2021-2023,1.0,0.5,0.0,0.0,1
12,4,0,0,1,0,1,0,0,0.0,0,Python,2021-2023,1.0,1.0,0.0,0.0,1
12,4,0,0,0,1,1,0,0,0.0,0,Python,2021-2023,1.0,0.0,0.0,0.0,1
14,4,0,0,41,362,108,32,11,6.18,0,Python,2021-2023,1.0,0.11,0.29,0.06,1
14,4,0,0,1,1,1,0,1,1.0,0,Python,2021-2023,1.0,0.5,0.0,0.5,0
14,4,0,0,0,3,1,0,0,0.0,0,Python,2021-2023,1.0,0.0,0.0,0.0,0
13,5,1,0,3,4,3,0,1,61.0,1,Python,2021-2023,0.4,0.6,0.0,15.25,4
13,6,1,0,53,43,3,3,2,4.0,0,Python,2021-2023,1.0,1.2,0.75,1.0,5
8,0,0,0,35,1,6,3,3,2.0,0,Python,2021-2023,1.0,17.5,0.43,0.29,1
10,0,0,0,1311,6,16,3,40,1.9,0,Python,2021-2023,1.0,187.29,0.18,0.11,4
22,0,0,1,1,1,1,0,0,0.0,0,Python,2021-2023,1.0,0.5,0.0,0.0,0
10,1,0,0,5,10,3,0,0,0.0,0,Python,2021-2023,1.0,0.45,0.0,0.0,5
11,1,0,0,1,1,1,0,0,0.0,1,Python,2021-2023,0.4,0.5,0.0,0.0,0
8,3,0,0,8,2,2,1,2,3.5,0,Python,2021-2023,1.0,2.67,0.33,1.17,5
9,3,0,0,26,15,5,2,14,3.5,0,Python,2021-2023,1.0,1.62,0.33,0.58,5
11,3,0,0,34,34,1,0,0,0.0,0,Python,2021-2023,1.0,0.97,0.0,0.0,0
13,3,0,0,9,7,1,0,3,25.33,0,Python,2021-2023,1.0,1.12,0.0,12.66,5
9,4,0,0,2,1,1,0,0,0.0,0,Python,2021-2023,1.0,1.0,0.0,0.0,1
11,0,0,0,4,1,2,0,1,1.0,0,Python,2021-2023,1.0,2.0,0.0,0.33,0
11,0,0,0,2,2,1,0,2,11.5,0,Python,2021-2023,1.0,0.67,0.0,5.75,0
11,0,0,0,1,1,1,0,0,0.0,0,Python,2021-2023,1.0,0.5,0.0,0.0,0
13,0,0,0,29,10,5,1,6,16.5,0,Python,2021-2023,1.0,2.64,0.17,2.75,59
14,0,0,0,10,17,6,1,0,0.0,0,Python,2021-2023,1.0,0.56,0.14,0.0,0
18,0,0,0,6,15,1,1,0,0.0,0,Python,2021-2023,1.0,0.38,0.5,0.0,5
18,0,0,0,29,29,1,0,0,0.0,0,Python,2021-2023,1.0,0.97,0.0,0.0,0
8,1,0,0,5,5,2,1,0,0.0,0,Python,2021-2023,1.0,0.83,0.33,0.0,5
18,1,0,0,515,19,4,1,26,13.62,0,Python,2021-2023,1.0,25.75,0.2,2.72,59
11,3,0,0,31,0,1,0,0,0.0,0,Python,2021-2023,1.0,31.0,0.0,0.0,0
11,3,0,0,10,1,2,1,2,1.0,0,Python,2021-2023,1.0,5.0,0.33,0.33,0
17,3,0,0,4,1,1,0,1,3.0,0,Python,2021-2023,1.0,2.0,0.0,1.5,0
17,3,0,0,23,1,23,0,0,0.0,0,Python,2021-2023,1.0,11.5,0.0,0.0,0
17,3,0,0,1,0,1,0,0,0.0,0,Python,2021-2023,1.0,1.0,0.0,0.0,0
17,3,0,0,22,24,24,0,0,0.0,0,Python,2021-2023,1.0,0.88,0.0,0.0,0
17,3,0,0,2,1,2,1,0,0.0,0,Python,2021-2023,1.0,1.0,0.33,0.0,0
17,3,0,0,6,4,4,0,4,5.75,0,Python,2021-2023,1.0,1.2,0.0,1.15,0
17,3,0,0,1,1,1,1,0,0.0,0,Python,2021-2023,1.0,0.5,0.5,0.0,0
21,3,0,0,1,1,1,0,0,0.0,0,Python,2021-2023,1.0,0.5,0.0,0.0,0
8,4,0,0,1,1,1,0,0,0.0,0,Python,2021-2023,1.0,0.5,0.0,0.0,0
18,6,1,0,27,29,2,2,0,0.0,0,Python,2021-2023,1.0,0.9,0.67,0.0,0
21,6,1,0,145,4,4,0,0,0.0,0,Python,2021-2023,1.0,29.0,0.0,0.0,0
11,0,0,0,4,1,2,0,2,27.0,0,Python,2021-2023,1.0,2.0,0.0,9.0,5
11,0,0,0,48,1,2,1,4,2.5,0,Python,2021-2023,1.0,24.0,0.33,0.83,5
12,0,0,0,1,1,1,0,0,0.0,0,Python,2021-2023,1.0,0.5,0.0,0.0,0
8,1,0,0,174,201,51,14,96,12.94,0,Python,2021-2023,1.0,0.86,0.27,0.25,5
9,1,0,0,1,1,1,0,0,0.0,0,Python,2021-2023,1.0,0.5,0.0,0.0,5
17,1,0,0,1,1,1,0,1,33.0,0,Python,2021-2023,1.0,0.5,0.0,16.5,59
9,2,0,0,30,14,5,0,0,0.0,0,Python,2021-2023,1.0,2.0,0.0,0.0,5
12,2,0,0,21,10,6,0,3,9.67,0,Python,2021-2023,1.0,1.91,0.0,1.38,0
12,2,0,0,1,10,2,1,2,1.0,0,Python,2021-2023,1.0,0.09,0.33,0.33,0
18,2,0,0,1,1,1,0,0,0.0,0,Python,2021-2023,1.0,0.5,0.0,0.0,0
8,3,0,0,162,109,1,0,0,0.0,0,Python,2021-2023,1.0,1.47,0.0,0.0,0
8,3,0,0,6,12,5,0,0,0.0,0,Python,2021-2023,1.0,0.46,0.0,0.0,0
8,3,0,0,10,2,2,0,0,0.0,0,Python,2021-2023,1.0,3.33,0.0,0.0,0
13,3,0,0,53,33,2,0,0,0.0,0,Python,2021-2023,1.0,1.56,0.0,0.0,0
14,3,0,0,4,2,2,0,0,0.0,0,Python,2021-2023,1.0,1.33,0.0,0.0,0
18,3,0,0,17,6,2,1,1,5.0,0,Python,2021-2023,1.0,2.43,0.33,1.67,5
14,4,0,0,273,570,20,0,2,1.0,0,Python,2021-2023,1.0,0.48,0.0,0.05,0
14,4,0,0,4,9,2,0,0,0.0,0,Python,2021-2023,1.0,0.4,0.0,0.0,0
22,5,1,1,9,5,2,1,0,0.0,0,Python,2021-2023,1.0,1.5,0.33,0.0,5
15,0,0,0,72,4,4,2,7,9.86,1,Python,2021-2023,0.4,14.4,0.4,1.97,1
15,1,0,0,24,2,11,1,1,1.0,0,Python,2021-2023,1.0,8.0,0.08,0.08,0
10,2,0,0,69,267,15,7,36,11.33,0,Python,2021-2023,1.0,0.26,0.44,0.71,5
12,2,0,0,19,0,1,0,0,0.0,0,Python,2021-2023,1.0,19.0,0.0,0.0,0
12,2,0,0,5,4,1,0,1,68.0,1,Python,2021-2023,0.4,1.0,0.0,34.0,5
14,2,0,0,47,25,7,3,3,7.0,0,Python,2021-2023,1.0,1.81,0.38,0.88,6
14,2,0,0,22,13,5,4,14,1.57,1,Python,2021-2023,0.4,1.57,0.67,0.26,6
14,2,0,0,11,11,6,1,2,13.5,0,Python,2021-2023,1.0,0.92,0.14,1.93,7
18,2,0,0,33,25,4,1,6,11.5,0,Python,2021-2023,1.0,1.27,0.2,2.3,7
21,2,0,0,27,4,3,1,3,25.33,0,Python,2021-2023,1.0,5.4,0.25,6.33,0
9,3,0,0,1,1,1,0,0,0.0,0,Python,2021-2023,1.0,0.5,0.0,0.0,1
11,3,0,0,35,6,5,2,2,1.0,0,Python,2021-2023,1.0,5.0,0.33,0.17,0
18,3,0,0,30,11,2,1,5,3.4,0,Python,2021-2023,1.0,2.5,0.33,1.13,7
1,4,0,1,1,0,1,0,0,0.0,0,Python,2021-2023,1.0,1.0,0.0,0.0,0
10,4,0,0,90,90,42,18,75,9.75,1,Python,2021-2023,0.006,0.99,0.42,0.23,7
14,4,0,0,1,1,1,0,1,1.0,0,Python,2021-2023,1.0,0.5,0.0,0.5,1
19,4,0,0,1729,1130,262,133,36,12.47,0,Python,2021-2023,1.0,1.53,0.51,0.05,8
8,5,1,0,6,6,5,0,0,0.0,0,Python,2021-2023,1.0,0.86,0.0,0.0,1
10,0,0,0,36,2,5,0,0,0.0,0,Python,2021-2023,1.0,12.0,0.0,0.0,0
12,0,0,0,4,190,7,2,22,4.09,0,Python,2021-2023,1.0,0.02,0.25,0.51,8
12,0,0,0,373,133,58,9,228,8.59,1,Python,2021-2023,0.4,2.78,0.15,0.15,8
12,0,0,0,12,16,5,1,0,0.0,0,Python,2021-2023,1.0,0.71,0.17,0.0,9
12,0,0,0,10,9,1,0,1,5.0,1,Python,2021-2023,0.4,1.0,0.0,2.5,9
12,0,0,0,65,4,4,2,6,2.33,1,Python,2021-2023,0.4,13.0,0.4,0.47,10
12,0,0,0,3,3,3,0,0,0.0,0,Python,2021-2023,1.0,0.75,0.0,0.0,1
14,0,0,0,485,55,5,2,26,3.27,0,Python,2021-2023,1.0,8.66,0.33,0.55,0
15,0,0,0,1,1,1,0,0,0.0,0,Python,2021-2023,1.0,0.5,0.0,0.0,0
18,0,0,0,51,49,9,3,8,1.75,0,Python,2021-2023,1.0,1.02,0.3,0.18,11
9,1,0,0,27,25,8,0,7,15.86,0,Python,2021-2023,1.0,1.04,0.0,1.76,11
20,1,0,0,58,4,3,1,4,5.0,0,Python,2021-2023,1.0,11.6,0.25,1.25,11
12,2,0,0,23,7,3,0,3,29.67,1,Python,2021-2023,0.667,2.88,0.0,7.42,11
16,2,0,0,8,12,2,0,3,9.67,0,Python,2021-2023,1.0,0.62,0.0,3.22,59
16,2,0,0,194,0,2,0,0,0.0,0,Python,2021-2023,1.0,194.0,0.0,0.0,12
15,4,0,0,197,11,14,0,80,8.22,0,Python,2021-2023,1.0,16.42,0.0,0.55,1
15,4,0,0,9,0,1,0,0,0.0,0,Python,2021-2023,1.0,9.0,0.0,0.0,1
16,4,0,0,17,0,1,0,0,0.0,0,Python,2021-2023,1.0,17.0,0.0,0.0,1
16,4,0,0,1,1,1,0,0,0.0,0,Python,2021-2023,1.0,0.5,0.0,0.0,1
17,4,0,0,2,0,1,0,0,0.0,0,Python,2021-2023,1.0,2.0,0.0,0.0,1
11,0,0,0,1,1,1,0,0,0.0,0,Python,2021-2023,1.0,0.5,0.0,0.0,0
9,1,0,0,19,3,2,1,4,18.75,0,Python,2021-2023,1.0,4.75,0.33,6.25,12
14,2,0,0,7,14,3,1,0,0.0,0,Python,2021-2023,1.0,0.47,0.25,0.0,12
14,2,0,0,9,9,5,0,0,0.0,0,Python,2021-2023,1.0,0.9,0.0,0.0,0
15,2,0,0,6,6,4,0,0,0.0,0,Python,2021-2023,1.0,0.86,0.0,0.0,0
9,4,0,0,2,0,1,0,0,0.0,0,Python,2021-2023,1.0,2.0,0.0,0.0,0
10,4,0,0,1,1,1,0,0,0.0,0,Python,2021-2023,1.0,0.5,0.0,0.0,0
17,0,0,0,14,0,1,0,0,0.0,0,Python,2021-2023,1.0,14.0,0.0,0.0,0
13,1,0,0,5,0,1,0,0,0.0,0,Python,2021-2023,1.0,5.0,0.0,0.0,0
13,1,0,0,2,1,1,0,0,0.0,0,Python,2021-2023,1.0,1.0,0.0,0.0,0
21,1,0,0,6,4,1,0,0,0.0,0,Python,2021-2023,1.0,1.2,0.0,0.0,0
22,1,0,1,14,9,1,0,0,0.0,0,Python,2021-2023,1.0,1.4,0.0,0.0,0
11,3,0,0,14,21,3,1,9,1.11,1,Python,2021-2023,0.4,0.64,0.25,0.28,12
11,3,0,0,3,22,2,1,4,11.5,0,Python,2021-2023,1.0,0.13,0.33,3.83,59
12,3,0,0,51,10,2,1,3,4.33,0,Python,2021-2023,1.0,4.64,0.33,1.44,0
10,4,0,0,11,2,3,1,2,4.5,0,Python,2021-2023,1.0,3.67,0.25,1.12,13
15,4,0,0,3,1,1,1,0,0.0,0,Python,2021-2023,1.0,1.5,0.5,0.0,0
11,5,1,0,7,2,2,0,1,7.0,0,Python,2021-2023,1.0,2.33,0.0,2.33,0
15,5,1,0,208,135,5,1,15,2.6,1,Python,2021-2023,0.4,1.53,0.17,0.43,13
8,0,0,0,180,4,3,0,2,4.0,0,Python,2021-2023,1.0,36.0,0.0,1.0,0
9,0,0,0,4,3,1,0,2,5.5,0,Python,2021-2023,1.0,1.0,0.0,2.75,14
11,0,0,0,0,3,1,1,0,0.0,0,Python,2021-2023,1.0,0.0,0.5,0.0,0
12,0,0,0,41,20,4,1,1,1.0,0,Python,2021-2023,1.0,1.95,0.2,0.2,14
17,0,0,0,26,4,2,1,2,3.0,0,Python,2021-2023,1.0,5.2,0.33,1.0,0
14,2,0,0,1,1,1,0,1,24.0,0,Python,2021-2023,1.0,0.5,0.0,12.0,0
17,2,0,0,4,2,1,0,0,0.0,0,Python,2021-2023,1.0,1.33,0.0,0.0,0
17,2,0,0,55,8,2,0,3,15.0,0,Python,2021-2023,1.0,6.11,0.0,5.0,0
17,2,0,0,2,0,1,0,0,0.0,0,Python,2021-2023,1.0,2.0,0.0,0.0,0
19,2,0,0,60,0,2,0,0,0.0,0,Python,2021-2023,1.0,60.0,0.0,0.0,14
8,4,0,0,53,8,3,0,3,5.0,0,Python,2021-2023,1.0,5.89,0.0,1.25,0
11,4,0,0,1,1,1,0,0,0.0,0,Python,2021-2023,1.0,0.5,0.0,0.0,0
17,4,0,0,1,0,1,0,0,0.0,0,Python,2021-2023,1.0,1.0,0.0,0.0,0
17,1,0,0,4,4,4,3,0,0.0,0,Python,2021-2023,1.0,0.8,0.6,0.0,14
11,3,0,0,2,2,1,1,1,1.0,0,Python,2021-2023,1.0,0.67,0.5,0.5,14
16,3,0,0,34,9,1,0,3,15.0,0,Python,2021-2023,1.0,3.4,0.0,7.5,0
7,4,0,0,21,1,2,1,2,54.5,0,Python,2021-2023,1.0,10.5,0.33,18.17,0
9,4,0,0,17,0,1,0,0,0.0,0,Python,2021-2023,1.0,17.0,0.0,0.0,0
13,4,0,0,77,56,10,3,3,3.0,0,Python,2021-2023,1.0,1.35,0.27,0.27,14
15,4,0,0,2,1,1,0,0,0.0,0,Python,2021-2023,1.0,1.0,0.0,0.0,0
19,4,0,0,1,26,2,1,1,5.0,0,Python,2021-2023,1.0,0.04,0.33,1.67,14
11,5,1,0,1,0,1,0,0,0.0,0,Python,2021-2023,1.0,1.0,0.0,0.0,14
14,6,1,0,26,1,2,1,1,5.0,0,Python,2021-2023,1.0,13.0,0.33,1.67,14
7,0,0,0,529,0,12,3,4,2.0,0,Python,2021-2023,1.0,529.0,0.23,0.15,0
14,0,0,0,6,0,2,0,0,0.0,0,Python,2021-2023,1.0,6.0,0.0,0.0,0
17,0,0,0,7,2,2,0,0,0.0,0,Python,2021-2023,1.0,2.33,0.0,0.0,14
10,1,0,0,50,50,24,0,35,8.6,1,Python,2021-2023,0.4,0.98,0.0,0.34,14
19,1,0,0,18,3,2,1,2,13.0,0,Python,2021-2023,1.0,4.5,0.33,4.33,15
9,2,0,0,250,247,7,4,101,1.36,0,Python,2021-2023,1.0,1.01,0.5,0.17,15
12,2,0,0,1,0,1,0,0,0.0,0,Python,2021-2023,1.0,1.0,0.0,0.0,0
19,2,0,0,2,1,2,0,0,0.0,1,Python,2021-2023,0.4,1.0,0.0,0.0,15
20,2,0,0,3,1,1,0,1,21.0,0,Python,2021-2023,1.0,1.5,0.0,10.5,0
20,2,0,0,8,0,1,1,1,1.0,0,Python,2021-2023,1.0,8.0,0.5,0.5,0
21,2,0,0,1,1,1,1,1,1.0,0,Python,2021-2023,1.0,0.5,0.5,0.5,0
9,3,0,0,41,0,2,0,0,0.0,0,Python,2021-2023,1.0,41.0,0.0,0.0,16
9,3,0,0,1,0,1,0,0,0.0,0,Python,2021-2023,1.0,1.0,0.0,0.0,0
11,3,0,0,12,85,3,1,2,27.5,1,Python,2021-2023,0.4,0.14,0.25,6.88,16
22,0,0,1,5,1,1,0,1,127.0,0,Python,2021-2023,1.0,2.5,0.0,63.5,0
22,1,0,1,13,3,2,1,3,1.67,0,Python,2021-2023,1.0,3.25,0.33,0.56,0
23,1,0,1,6,6,1,1,1,2.0,0,Python,2021-2023,1.0,0.86,0.5,1.0,0
8,2,0,0,3,2,1,0,1,10.0,0,Python,2021-2023,1.0,1.0,0.0,5.0,0
9,2,0,0,144,50,13,4,7,1.71,0,Python,2021-2023,1.0,2.82,0.29,0.12,0
11,2,0,0,4,4,1,0,0,0.0,1,Python,2021-2023,0.4,0.8,0.0,0.0,2
17,3,0,0,9,9,3,0,4,29.5,0,Python,2021-2023,1.0,0.9,0.0,7.38,0
17,3,0,0,2,2,2,0,0,0.0,0,Python,2021-2023,1.0,0.67,0.0,0.0,0
16,4,0,0,1,0,1,0,0,0.0,0,Python,2021-2023,1.0,1.0,0.0,0.0,0
15,0,0,0,37,8,3,0,0,0.0,0,Python,2021-2023,1.0,4.11,0.0,0.0,0
15,0,0,0,168,1,2,0,0,0.0,0,Python,2021-2023,1.0,84.0,0.0,0.0,0
12,1,0,0,9,8,1,0,0,0.0,0,Python,2021-2023,1.0,1.0,0.0,0.0,0
13,1,0,0,1,1,1,0,1,3.0,0,Python,2021-2023,1.0,0.5,0.0,1.5,17
15,2,0,0,25,2,2,1,3,11.67,0,Python,2021-2023,1.0,8.33,0.33,3.89,17
13,0,0,0,19,5,2,1,3,30.33,0,Python,2021-2023,1.0,3.17,0.33,10.11,17
13,0,0,0,2,2,2,0,0,0.0,1,Python,2021-2023,0.4,0.67,0.0,0.0,0
15,0,0,0,1,0,1,0,0,0.0,0,Python,2021-2023,1.0,1.0,0.0,0.0,0
15,0,0,0,1,2,1,0,0,0.0,0,Python,2021-2023,1.0,0.33,0.0,0.0,0
17,0,0,0,61,0,1,0,0,0.0,0,Python,2021-2023,1.0,61.0,0.0,0.0,0
17,0,0,0,53,1,1,0,0,0.0,0,Python,2021-2023,1.0,26.5,0.0,0.0,0
10,1,0,0,1,2,1,0,0,0.0,0,Python,2021-2023,1.0,0.33,0.0,0.0,0
10,1,0,0,43,8,3,1,7,1.57,1,Python,2021-2023,0.4,4.78,0.25,0.39,3
10,1,0,0,5,2,2,0,2,5.5,0,Python,2021-2023,1.0,1.67,0.0,1.83,0
14,3,0,0,11,11,4,0,0,0.0,0,Python,2021-2023,1.0,0.92,0.0,0.0,1
15,3,0,0,1,1,1,0,0,0.0,0,Python,2021-2023,1.0,0.5,0.0,0.0,1
17,3,0,0,1,1,1,0,0,0.0,0,Python,2021-2023,1.0,0.5,0.0,0.0,17
17,3,0,0,13,1,1,0,0,0.0,0,Python,2021-2023,1.0,6.5,0.0,0.0,0
13,4,0,0,57,6,5,2,6,6.83,0,Python,2021-2023,1.0,8.14,0.33,1.14,17
10,5,1,0,29,3,1,1,0,0.0,0,Python,2021-2023,1.0,7.25,0.5,0.0,17
11,5,1,0,33,27,1,1,0,0.0,0,Python,2021-2023,1.0,1.18,0.5,0.0,17
12,5,1,0,8,14,2,1,0,0.0,0,Python,2021-2023,1.0,0.53,0.33,0.0,17
9,0,0,0,14,21,2,0,0,0.0,0,Python,2021-2023,1.0,0.64,0.0,0.0,0
9,0,0,0,1,1,1,0,0,0.0,0,Python,2021-2023,1.0,0.5,0.0,0.0,17
9,0,0,0,6,0,1,0,0,0.0,0,Python,2021-2023,1.0,6.0,0.0,0.0,0
11,0,0,0,20,15,3,1,2,6.5,0,Python,2021-2023,1.0,1.25,0.25,1.62,17
12,0,0,0,30,41,18,0,0,0.0,1,Python,2021-2023,0.4,0.71,0.0,0.0,0
14,0,0,0,16,6,1,0,1,22.0,0,Python,2021-2023,1.0,2.29,0.0,11.0,0
15,0,0,0,1,1,1,0,1,2.0,0,Python,2021-2023,1.0,0.5,0.0,1.0,0
15,0,0,0,433,93,8,2,38,3.26,0,Python,2021-2023,1.0,4.61,0.22,0.36,0
3,1,0,1,10,0,2,0,2,5.0,0,Python,2021-2023,1.0,10.0,0.0,1.67,0
8,1,0,0,1338,1381,10,1,0,0.0,0,Python,2021-2023,1.0,0.97,0.09,0.0,17
9,1,0,0,1,1,1,1,1,1.0,0,Python,2021-2023,1.0,0.5,0.5,0.5,0
13,1,0,0,92,21,6,1,8,1.38,0,Python,2021-2023,1.0,4.18,0.14,0.2,0
13,1,0,0,3,1,1,0,1,39.0,0,Python,2021-2023,1.0,1.5,0.0,19.5,0
9,2,0,0,17,0,2,1,2,26.5,0,Python,2021-2023,1.0,17.0,0.33,8.83,0
11,2,0,0,69,0,2,1,6,1.5,0,Python,2021-2023,1.0,69.0,0.33,0.5,0
13,2,0,0,37,68,3,1,12,2.42,0,Python,2021-2023,1.0,0.54,0.25,0.6,0
13,2,0,0,82,66,4,3,11,4.27,0,Python,2021-2023,1.0,1.22,0.6,0.85,17
13,2,0,0,14,3,2,1,2,2.5,0,Python,2021-2023,1.0,3.5,0.33,0.83,0
14,2,0,0,4,4,2,1,2,2.5,0,Python,2021-2023,1.0,0.8,0.33,0.83,0
14,2,0,0,4,3,1,0,2,2.5,0,Python,2021-2023,1.0,1.0,0.0,1.25,0
15,2,0,0,71,138,3,0,14,8.14,0,Python,2021-2023,1.0,0.51,0.0,2.04,0
19,2,0,0,12,19,2,1,6,2.67,0,Python,2021-2023,1.0,0.6,0.33,0.89,0
19,2,0,0,4,4,1,1,1,1.0,0,Python,2021-2023,1.0,0.8,0.5,0.5,0
22,2,0,1,12,12,6,3,10,6.8,0,Python,2021-2023,1.0,0.92,0.43,0.97,0
8,3,0,0,61,29,1,1,0,0.0,0,Python,2021-2023,1.0,2.03,0.5,0.0,17
11,3,0,0,223,82,8,2,3,3.67,0,Python,2021-2023,1.0,2.69,0.22,0.41,0
16,3,0,0,29,61,1,1,0,0.0,0,Python,2021-2023,1.0,0.47,0.5,0.0,17
16,3,0,0,1,1,1,0,0,0.0,0,Python,2021-2023,1.0,0.5,0.0,0.0,1
19,3,0,0,71,0,2,1,9,2.33,0,Python,2021-2023,1.0,71.0,0.33,0.78,0
13,4,0,0,6,2,2,0,0,0.0,0,Python,2021-2023,1.0,2.0,0.0,0.0,4
16,4,0,0,82,32,1,1,0,0.0,0,Python,2021-2023,1.0,2.48,0.5,0.0,17
17,4,0,0,3,3,1,1,0,0.0,0,Python,2021-2023,1.0,0.75,0.5,0.0,17
22,5,1,1,4,3,2,1,2,3.5,0,Python,2021-2023,1.0,1.0,0.33,1.17,0
22,5,1,1,360,0,3,1,20,2.2,0,Python,2021-2023,1.0,360.0,0.25,0.55,0
22,5,1,1,23,21,2,1,3,3.0,0,Python,2021-2023,1.0,1.05,0.33,1.0,0
22,5,1,1,37,15,3,1,5,3.0,0,Python,2021-2023,1.0,2.31,0.25,0.75,0
2,6,1,1,54,9,3,1,5,2.2,0,Python,2021-2023,1.0,5.4,0.25,0.55,0
2,6,1,1,74,3,2,1,7,2.14,0,Python,2021-2023,1.0,18.5,0.33,0.71,0
1,0,0,1,1,1,1,0,0,0.0,0,Python,2021-2023,1.0,0.5,0.0,0.0,0
13,1,0,0,109,35,4,0,21,5.1,0,Python,2021-2023,1.0,3.03,0.0,1.02,0
13,1,0,0,45,29,4,3,6,3.17,0,Python,2021-2023,1.0,1.5,0.6,0.63,0
14,2,0,0,23,0,1,0,0,0.0,0,Python,2021-2023,1.0,23.0,0.0,0.0,0
13,3,0,0,298,109,6,1,84,2.4,1,Python,2021-2023,0.333,2.71,0.14,0.34,0
13,0,0,0,6,1,1,1,1,1.0,0,Python,2024-2026,1.0,3.0,0.5,0.5,0
13,1,0,0,3,4,1,0,0,0.0,0,Python,2024-2026,1.0,0.6,0.0,0.0,0
13,1,0,0,2,2,2,2,0,0.0,0,Python,2024-2026,1.0,0.67,0.67,0.0,0
13,4,0,0,87,1,3,1,8,1.12,0,Python,2024-2026,1.0,43.5,0.25,0.28,0
13,4,0,0,1,1,1,0,0,0.0,0,Python,2024-2026,1.0,0.5,0.0,0.0,0
10,0,0,0,5,2,1,0,2,11.5,0,Python,2024-2026,1.0,1.67,0.0,5.75,0
19,6,1,0,6,2,1,0,0,0.0,0,Python,2024-2026,1.0,2.0,0.0,0.0,0
14,0,0,0,14,3,3,1,3,10.67,0,Python,2024-2026,1.0,3.5,0.25,2.67,0
14,2,0,0,1,1,1,0,0,0.0,0,Python,2024-2026,1.0,0.5,0.0,0.0,0
13,1,0,0,33,2,3,1,3,4.67,0,Python,2024-2026,1.0,11.0,0.25,1.17,0
18,4,0,0,0,2,2,0,0,0.0,0,Python,2024-2026,1.0,0.0,0.0,0.0,0
10,0,0,0,6,3,3,0,1,1.0,0,Python,2024-2026,1.0,1.5,0.0,0.25,0
9,1,0,0,2,2,2,2,0,0.0,0,Python,2024-2026,1.0,0.67,0.67,0.0,0
12,1,0,0,2,0,1,0,0,0.0,0,Python,2024-2026,1.0,2.0,0.0,0.0,0
12,3,0,0,2,2,2,0,0,0.0,0,Python,2024-2026,1.0,0.67,0.0,0.0,0
11,1,0,0,684,603,7,0,0,0.0,0,Python,2024-2026,1.0,1.13,0.0,0.0,0
12,1,0,0,145,27,3,1,11,5.45,0,Python,2024-2026,1.0,5.18,0.25,1.36,0
10,0,0,0,1,3,3,1,0,0.0,0,Python,2024-2026,1.0,0.25,0.25,0.0,0
10,0,0,0,1,1,1,0,0,0.0,0,Python,2024-2026,1.0,0.5,0.0,0.0,0
11,0,0,0,69,66,14,1,3,6.33,0,Python,2024-2026,1.0,1.03,0.07,0.42,0
13,0,0,0,8,8,7,2,0,0.0,0,Python,2024-2026,1.0,0.89,0.25,0.0,0
9,1,0,0,1,1,1,0,0,0.0,0,Python,2024-2026,1.0,0.5,0.0,0.0,0
16,3,0,0,4,3,1,0,0,0.0,0,Python,2024-2026,1.0,1.0,0.0,0.0,0
12,2,0,0,1,1,1,0,0,0.0,0,Python,2024-2026,1.0,0.5,0.0,0.0,0
19,4,0,0,0,2,2,0,0,0.0,0,Python,2024-2026,1.0,0.0,0.0,0.0,0
14,4,0,0,0,0,2,2,0,0.0,0,Python,2024-2026,1.0,0.0,0.67,0.0,0
9,2,0,0,2,2,1,0,0,0.0,0,Python,2024-2026,1.0,0.67,0.0,0.0,0
12,1,0,0,175,1,4,0,0,0.0,0,Python,2024-2026,1.0,87.5,0.0,0.0,0
12,1,0,0,1,1,1,0,0,0.0,0,Python,2024-2026,1.0,0.5,0.0,0.0,0
11,0,0,0,2386,0,3,0,0,0.0,0,Python,2024-2026,1.0,2386.0,0.0,0.0,0
11,0,0,0,239,1,9,3,4,3.75,0,Python,2024-2026,1.0,119.5,0.3,0.38,0
11,0,0,0,293,0,9,3,3,3.0,0,Python,2024-2026,1.0,293.0,0.3,0.3,0
11,0,0,0,232,49,8,1,3,1.0,0,Python,2024-2026,1.0,4.64,0.11,0.11,0
11,0,0,0,1,1,1,0,0,0.0,0,Python,2024-2026,1.0,0.5,0.0,0.0,0
11,0,0,0,68,18,7,3,1,1.0,0,Python,2024-2026,1.0,3.58,0.38,0.12,0
13,0,0,0,76,71,9,0,1,5.0,0,Python,2024-2026,1.0,1.06,0.0,0.5,0
20,0,0,0,1,1,1,0,1,5.0,0,Python,2024-2026,1.0,0.5,0.0,2.5,0
20,0,0,0,0,7,1,0,1,2.0,0,Python,2024-2026,1.0,0.0,0.0,1.0,0
14,1,0,0,28,0,1,0,0,0.0,0,Python,2024-2026,1.0,28.0,0.0,0.0,0
14,1,0,0,34,0,1,0,0,0.0,0,Python,2024-2026,1.0,34.0,0.0,0.0,0
14,1,0,0,20,1,1,0,0,0.0,0,Python,2024-2026,1.0,10.0,0.0,0.0,0
14,1,0,0,1076,314,1,0,0,0.0,0,Python,2024-2026,1.0,3.42,0.0,0.0,0
14,1,0,0,43,0,1,0,0,0.0,0,Python,2024-2026,1.0,43.0,0.0,0.0,0
14,1,0,0,40,0,1,0,0,0.0,0,Python,2024-2026,1.0,40.0,0.0,0.0,0
14,1,0,0,45,0,1,0,0,0.0,0,Python,2024-2026,1.0,45.0,0.0,0.0,0
14,1,0,0,41,0,1,0,0,0.0,0,Python,2024-2026,1.0,41.0,0.0,0.0,0
14,1,0,0,42,0,1,0,0,0.0,0,Python,2024-2026,1.0,42.0,0.0,0.0,0
15,2,0,0,8,8,3,0,0,0.0,0,Python,2024-2026,1.0,0.89,0.0,0.0,0
15,2,0,0,1,1,1,0,0,0.0,0,Python,2024-2026,1.0,0.5,0.0,0.0,0
16,2,0,0,1,1,1,0,0,0.0,0,Python,2024-2026,1.0,0.5,0.0,0.0,0
21,2,0,0,1,1,1,0,0,0.0,0,Python,2024-2026,1.0,0.5,0.0,0.0,0
10,4,0,0,1,1,1,0,0,0.0,0,Python,2024-2026,1.0,0.5,0.0,0.0,0
10,4,0,0,8,1,1,0,0,0.0,0,Python,2024-2026,1.0,4.0,0.0,0.0,0
12,4,0,0,1,1,1,0,0,0.0,0,Python,2024-2026,1.0,0.5,0.0,0.0,0
14,4,0,0,1,1,1,0,0,0.0,0,Python,2024-2026,1.0,0.5,0.0,0.0,0
0,5,1,1,1,1,1,0,0,0.0,0,Python,2024-2026,1.0,0.5,0.0,0.0,0
11,5,1,0,2,0,1,1,0,0.0,0,Python,2024-2026,1.0,2.0,0.5,0.0,0
11,5,1,0,1,1,1,0,0,0.0,0,Python,2024-2026,1.0,0.5,0.0,0.0,0
11,5,1,0,1,0,1,0,0,0.0,0,Python,2024-2026,1.0,1.0,0.0,0.0,0
11,5,1,0,1,1,1,0,0,0.0,0,Python,2024-2026,1.0,0.5,0.0,0.0,0
12,5,1,0,8,2,1,0,3,3.0,0,Python,2024-2026,1.0,2.67,0.0,1.5,0
12,5,1,0,2,2,1,0,2,14.5,0,Python,2024-2026,1.0,0.67,0.0,7.25,0
13,5,1,0,1,1,1,0,0,0.0,0,Python,2024-2026,1.0,0.5,0.0,0.0,0
13,5,1,0,1,1,1,0,1,1.0,0,Python,2024-2026,1.0,0.5,0.0,0.5,0
13,6,1,0,16,2,1,0,4,26.0,0,Python,2024-2026,1.0,5.33,0.0,13.0,0
13,6,1,0,1,1,1,0,1,2.0,0,Python,2024-2026,1.0,0.5,0.0,1.0,0
14,6,1,0,3,3,1,0,2,30.0,0,Python,2024-2026,1.0,0.75,0.0,15.0,0
14,6,1,0,12,13,1,0,3,16.33,0,Python,2024-2026,1.0,0.86,0.0,8.16,0
14,6,1,0,1,1,1,0,1,5.0,0,Python,2024-2026,1.0,0.5,0.0,2.5,0
14,6,1,0,1,1,1,0,1,2.0,0,Python,2024-2026,1.0,0.5,0.0,1.0,0
15,6,1,0,4,4,1,0,3,28.0,0,Python,2024-2026,1.0,0.8,0.0,14.0,0
15,6,1,0,1,1,1,0,1,2.0,0,Python,2024-2026,1.0,0.5,0.0,1.0,0
17,0,0,0,1,1,1,0,0,0.0,0,Python,2024-2026,1.0,0.5,0.0,0.0,0
10,1,0,0,1,1,1,0,0,0.0,0,Python,2024-2026,1.0,0.5,0.0,0.0,0
12,1,0,0,1,1,1,0,0,0.0,0,Python,2024-2026,1.0,0.5,0.0,0.0,0
12,1,0,0,9,3,1,0,3,3.0,0,Python,2024-2026,1.0,2.25,0.0,1.5,0
12,1,0,0,1,1,1,0,0,0.0,0,Python,2024-2026,1.0,0.5,0.0,0.0,0
13,1,0,0,5,5,1,1,0,0.0,0,Python,2024-2026,1.0,0.83,0.5,0.0,0
15,1,0,0,1,12,1,1,0,0.0,0,Python,2024-2026,1.0,0.08,0.5,0.0,0
15,1,0,0,0,1,1,1,0,0.0,0,Python,2024-2026,1.0,0.0,0.5,0.0,0
15,1,0,0,1,1,1,0,0,0.0,0,Python,2024-2026,1.0,0.5,0.0,0.0,0
16,1,0,0,3,1,1,1,0,0.0,0,Python,2024-2026,1.0,1.5,0.5,0.0,0
16,1,0,0,1,1,1,0,0,0.0,0,Python,2024-2026,1.0,0.5,0.0,0.0,0
16,1,0,0,1,1,1,1,0,0.0,0,Python,2024-2026,1.0,0.5,0.5,0.0,0
22,1,0,1,0,7,2,1,0,0.0,0,Python,2024-2026,1.0,0.0,0.33,0.0,0
22,1,0,1,2,6,1,1,0,0.0,0,Python,2024-2026,1.0,0.29,0.5,0.0,0
22,1,0,1,1,1,1,1,0,0.0,0,Python,2024-2026,1.0,0.5,0.5,0.0,0
22,1,0,1,0,7,1,1,0,0.0,0,Python,2024-2026,1.0,0.0,0.5,0.0,0
22,1,0,1,11,4,1,1,0,0.0,0,Python,2024-2026,1.0,2.2,0.5,0.0,0
23,1,0,1,1,1,1,0,0,0.0,0,Python,2024-2026,1.0,0.5,0.0,0.0,0
23,1,0,1,1,1,1,0,0,0.0,0,Python,2024-2026,1.0,0.5,0.0,0.0,0
0,2,0,1,1,3,1,0,0,0.0,0,Python,2024-2026,1.0,0.25,0.0,0.0,0
1,2,0,1,0,0,1,1,0,0.0,0,Python,2024-2026,1.0,0.0,0.5,0.0,0
11,4,0,0,3,0,1,0,0,0.0,0,Python,2024-2026,1.0,3.0,0.0,0.0,0
11,4,0,0,1,1,1,0,0,0.0,0,Python,2024-2026,1.0,0.5,0.0,0.0,0
11,4,0,0,14,0,1,0,0,0.0,0,Python,2024-2026,1.0,14.0,0.0,0.0,0
11,4,0,0,2,2,1,0,0,0.0,0,Python,2024-2026,1.0,0.67,0.0,0.0,0
11,4,0,0,1,1,1,0,0,0.0,0,Python,2024-2026,1.0,0.5,0.0,0.0,0
11,4,0,0,41,0,1,0,0,0.0,0,Python,2024-2026,1.0,41.0,0.0,0.0,0
12,2,0,0,1,1,1,0,0,0.0,0,Python,2024-2026,1.0,0.5,0.0,0.0,0
12,2,0,0,1,1,1,0,0,0.0,0,Python,2024-2026,1.0,0.5,0.0,0.0,0
12,2,0,0,454,75,3,0,0,0.0,0,Python,2024-2026,1.0,5.97,0.0,0.0,0
10,1,0,0,44,2,2,0,0,0.0,0,Python,2024-2026,1.0,14.67,0.0,0.0,0
13,2,0,0,64,53,6,2,0,0.0,0,Python,2024-2026,1.0,1.19,0.29,0.0,0
13,2,0,0,1,1,1,0,0,0.0,0,Python,2024-2026,1.0,0.5,0.0,0.0,0
14,2,0,0,3,8,3,0,0,0.0,0,Python,2024-2026,1.0,0.33,0.0,0.0,0
14,2,0,0,1,2,1,0,0,0.0,0,Python,2024-2026,1.0,0.33,0.0,0.0,0
14,2,0,0,1,1,1,0,0,0.0,0,Python,2024-2026,1.0,0.5,0.0,0.0,0
16,0,0,0,71,51,9,6,1,5.0,0,Python,2024-2026,1.0,1.37,0.6,0.5,0
18,0,0,0,1,1,1,0,0,0.0,0,Python,2024-2026,1.0,0.5,0.0,0.0,0
9,0,0,0,5,9,5,0,0,0.0,0,Python,2024-2026,1.0,0.5,0.0,0.0,0
9,0,0,0,5,2,1,0,0,0.0,0,Python,2024-2026,1.0,1.67,0.0,0.0,0
9,0,0,0,1,1,1,0,0,0.0,0,Python,2024-2026,1.0,0.5,0.0,0.0,0
9,0,0,0,1,0,1,0,0,0.0,0,Python,2024-2026,1.0,1.0,0.0,0.0,0
18,0,0,0,1,1,1,0,0,0.0,0,Python,2024-2026,1.0,0.5,0.0,0.0,0
9,1,0,0,1,1,1,0,0,0.0,0,Python,2024-2026,1.0,0.5,0.0,0.0,0
23,3,0,1,1,1,1,0,0,0.0,0,Python,2024-2026,1.0,0.5,0.0,0.0,0
20,4,0,0,1,1,1,0,0,0.0,0,Python,2024-2026,1.0,0.5,0.0,0.0,0
7,0,0,0,6,1,1,0,0,0.0,0,Python,2024-2026,1.0,3.0,0.0,0.0,0
7,0,0,0,1,1,1,0,0,0.0,0,Python,2024-2026,1.0,0.5,0.0,0.0,0
12,6,1,0,1,1,1,0,0,0.0,0,Python,2024-2026,1.0,0.5,0.0,0.0,0
12,6,1,0,1,1,1,0,0,0.0,0,Python,2024-2026,1.0,0.5,0.0,0.0,0
12,6,1,0,1,1,1,0,0,0.0,0,Python,2024-2026,1.0,0.5,0.0,0.0,0
13,3,0,0,2226,1272,84,7,77,1.9,0,Python,2024-2026,1.0,1.75,0.08,0.02,0
13,3,0,0,0,4,1,1,1,3.0,0,Python,2024-2026,1.0,0.0,0.5,1.5,0
13,3,0,0,1,1,1,0,0,0.0,0,Python,2024-2026,1.0,0.5,0.0,0.0,0
14,3,0,0,20,0,1,0,0,0.0,0,Python,2024-2026,1.0,20.0,0.0,0.0,0
16,0,0,0,2,2,2,0,0,0.0,0,Python,2024-2026,1.0,0.67,0.0,0.0,0
16,0,0,0,4,4,4,2,3,8.67,0,Python,2024-2026,1.0,0.8,0.4,1.73,0
1,1,0,1,4,1,1,0,1,17.0,0,Python,2024-2026,1.0,2.0,0.0,8.5,0
1,1,0,1,69,0,1,0,0,0.0,0,Python,2024-2026,1.0,69.0,0.0,0.0,0
17,2,0,0,18,5,2,1,2,2.0,0,Python,2024-2026,1.0,3.0,0.33,0.67,0
17,2,0,0,5,2,1,1,1,1.0,0,Python,2024-2026,1.0,1.67,0.5,0.5,0
17,2,0,0,102,64,8,1,2,3.5,0,Python,2024-2026,1.0,1.57,0.11,0.39,0
17,2,0,0,3,3,3,0,0,0.0,0,Python,2024-2026,1.0,0.75,0.0,0.0,0
17,2,0,0,803,0,15,5,41,2.02,0,Python,2024-2026,1.0,803.0,0.31,0.13,0
6,3,0,0,1,1,1,0,0,0.0,0,Python,2024-2026,1.0,0.5,0.0,0.0,17
9,3,0,0,2,0,1,0,0,0.0,0,Python,2024-2026,1.0,2.0,0.0,0.0,17
12,1,0,0,127,28,5,2,7,6.43,0,Python,2024-2026,1.0,4.38,0.33,1.07,17
15,2,0,0,16,10,3,2,4,1.5,0,Python,2024-2026,1.0,1.45,0.5,0.38,17
17,2,0,0,52,8,1,0,3,5.33,0,Python,2024-2026,1.0,5.78,0.0,2.66,17
22,2,0,1,38,9,7,4,8,20.88,0,Python,2024-2026,1.0,3.8,0.5,2.61,59
17,3,0,0,65,53,3,1,6,2.67,0,Python,2024-2026,1.0,1.2,0.25,0.67,17
10,4,0,0,18,379,8,1,1,16.0,0,Python,2024-2026,1.0,0.05,0.11,1.78,17
11,4,0,0,103,19,5,0,9,5.89,0,Python,2024-2026,1.0,5.15,0.0,0.98,59
11,4,0,0,21,1,2,1,2,1.5,0,Python,2024-2026,1.0,10.5,0.33,0.5,17
11,4,0,0,149,18,6,1,10,14.5,0,Python,2024-2026,1.0,7.84,0.14,2.07,17
13,4,0,0,2,2,1,0,0,0.0,0,Python,2024-2026,1.0,0.67,0.0,0.0,17
10,0,0,0,17,2,3,1,2,18.5,0,Python,2024-2026,1.0,5.67,0.25,4.62,17
12,0,0,0,60,12,2,0,2,3.5,0,Python,2024-2026,1.0,4.62,0.0,1.17,4
12,0,0,0,7,0,1,0,1,6.0,0,Python,2024-2026,1.0,7.0,0.0,3.0,0
12,0,0,0,16,2,2,1,2,3.0,0,Python,2024-2026,1.0,5.33,0.33,1.0,0
13,0,0,0,21,43,2,1,3,10.33,0,Python,2024-2026,1.0,0.48,0.33,3.44,4
14,0,0,0,125,54,10,1,17,5.12,0,Python,2024-2026,1.0,2.27,0.09,0.47,17
15,0,0,0,271,8,4,2,17,2.0,0,Python,2024-2026,1.0,30.11,0.4,0.4,17
16,0,0,0,71,5,3,0,0,0.0,0,Python,2024-2026,1.0,11.83,0.0,0.0,0
16,0,0,0,27,0,2,1,2,2.5,0,Python,2024-2026,1.0,27.0,0.33,0.83,59
8,3,0,0,17,11,3,0,1,6.0,0,Python,2024-2026,1.0,1.42,0.0,1.5,17
8,3,0,0,10,2,1,0,0,0.0,0,Python,2024-2026,1.0,3.33,0.0,0.0,17
13,4,0,0,24,14,5,1,7,8.29,0,Python,2024-2026,1.0,1.6,0.17,1.38,17
14,4,0,0,366,561,111,0,30,6.23,0,Python,2024-2026,1.0,0.65,0.0,0.06,0
14,4,0,0,2,0,1,0,0,0.0,0,Python,2024-2026,1.0,2.0,0.0,0.0,17
15,4,0,0,37,6,3,0,5,8.6,0,Python,2024-2026,1.0,5.29,0.0,2.15,59
16,4,0,0,75,9,2,1,5,4.6,0,Python,2024-2026,1.0,7.5,0.33,1.53,17
16,4,0,0,22,17,16,1,16,14.94,0,Python,2024-2026,1.0,1.22,0.06,0.88,17
12,1,0,0,1,1,7,0,0,0.0,0,Python,2024-2026,1.0,0.5,0.0,0.0,17
19,1,0,0,2,2,1,0,0,0.0,0,Python,2024-2026,1.0,0.67,0.0,0.0,17
21,1,0,0,2,4,1,0,0,0.0,0,Python,2024-2026,1.0,0.4,0.0,0.0,17
10,2,0,0,94,0,2,0,0,0.0,0,Python,2024-2026,1.0,94.0,0.0,0.0,17
14,3,0,0,2,2,1,0,0,0.0,0,Python,2024-2026,1.0,0.67,0.0,0.0,17
13,2,0,0,10,10,1,0,0,0.0,0,Python,2024-2026,1.0,0.91,0.0,0.0,17
13,3,0,0,1,6,1,0,1,15.0,0,Python,2024-2026,1.0,0.14,0.0,7.5,17
21,3,0,0,8,8,6,0,0,0.0,0,Python,2024-2026,1.0,0.89,0.0,0.0,0
12,0,0,0,9,10,9,0,7,15.71,0,Python,2024-2026,1.0,0.82,0.0,1.57,17
12,1,0,0,17,2,2,1,2,5.0,0,Python,2024-2026,1.0,5.67,0.33,1.67,17
10,4,0,0,10,2,1,0,1,3.0,0,Python,2024-2026,1.0,3.33,0.0,1.5,17
11,4,0,0,96,31,3,1,8,10.5,0,Python,2024-2026,1.0,3.0,0.25,2.62,59
11,0,0,0,1,1,1,1,1,1.0,0,Python,2024-2026,1.0,0.5,0.5,0.5,17
11,0,0,0,85,17,4,2,7,8.29,0,Python,2024-2026,1.0,4.72,0.4,1.66,17
11,0,0,0,33,2,3,1,1,2.0,0,Python,2024-2026,1.0,11.0,0.25,0.5,17
11,0,0,0,276,4,4,1,13,1.62,0,Python,2024-2026,1.0,55.2,0.2,0.32,17
15,1,0,0,6,4,2,1,2,6.5,0,Python,2024-2026,1.0,1.2,0.33,2.17,17
18,1,0,0,199,17,7,2,13,14.31,0,Python,2024-2026,1.0,11.06,0.25,1.79,0
17,2,0,0,1,1,1,1,0,0.0,0,Python,2024-2026,1.0,0.5,0.5,0.0,17
7,3,0,0,12,1,2,1,1,2.0,0,Python,2024-2026,1.0,6.0,0.33,0.67,0
16,0,0,0,11,6,2,1,1,2.0,0,Python,2024-2026,1.0,1.57,0.33,0.67,17
14,2,0,0,43,4,3,1,3,8.67,0,Python,2024-2026,1.0,8.6,0.25,2.17,0
11,3,0,0,105,1,3,1,4,2.75,0,Python,2024-2026,1.0,52.5,0.25,0.69,0
15,3,0,0,3,3,1,0,0,0.0,0,Python,2024-2026,1.0,0.75,0.0,0.0,0
12,2,0,0,59,2,2,1,5,3.0,0,Python,2024-2026,1.0,19.67,0.33,1.0,59
8,3,0,0,84,95,47,26,74,8.47,0,Python,2024-2026,1.0,0.88,0.54,0.18,0
9,0,0,0,2,0,1,1,0,0.0,0,Python,2024-2026,1.0,2.0,0.5,0.0,0
7,4,0,0,58,1,2,1,5,4.6,0,Python,2024-2026,1.0,29.0,0.33,1.53,0
9,0,0,0,4,2,2,0,1,6.0,0,Python,2024-2026,1.0,1.33,0.0,2.0,0
17,1,0,0,11,0,1,0,0,0.0,0,Python,2024-2026,1.0,11.0,0.0,0.0,0
14,2,0,0,61,2,4,2,4,3.0,0,Python,2024-2026,1.0,20.33,0.4,0.6,0
11,3,0,0,100,4,4,1,7,24.43,0,Python,2024-2026,1.0,20.0,0.2,4.89,0
11,0,0,0,1483,320,61,10,212,8.3,0,Python,2024-2026,1.0,4.62,0.16,0.13,0
15,0,0,0,150,21,4,2,12,4.08,0,Python,2024-2026,1.0,6.82,0.4,0.82,17
10,3,0,0,14,0,1,0,1,8.0,0,Python,2024-2026,1.0,14.0,0.0,4.0,17
10,3,0,0,3,3,2,0,1,6.0,0,Python,2024-2026,1.0,0.75,0.0,2.0,17
12,3,0,0,64,6,5,2,0,0.0,0,Python,2024-2026,1.0,9.14,0.33,0.0,17
14,2,0,0,6,4,1,1,3,2.0,0,Python,2024-2026,1.0,1.2,0.5,1.0,17
13,2,0,0,43,6,3,2,4,6.75,0,Python,2024-2026,1.0,6.14,0.5,1.69,0
6,3,0,0,1,1,1,1,0,0.0,0,Python,2024-2026,1.0,0.5,0.5,0.0,17
9,3,0,0,9,1,1,0,1,2.0,0,Python,2024-2026,1.0,4.5,0.0,1.0,17
8,4,0,0,238,3,4,1,11,6.82,0,Python,2024-2026,1.0,59.5,0.2,1.36,1
10,4,0,0,1,1,1,0,0,0.0,0,Python,2024-2026,1.0,0.5,0.0,0.0,17
13,4,0,0,98,2,3,2,8,2.12,0,Python,2024-2026,1.0,32.67,0.5,0.53,4
17,4,0,0,157,47,6,1,20,9.8,0,Python,2024-2026,1.0,3.27,0.14,1.4,17
13,5,1,0,1,0,1,0,0,0.0,0,Python,2024-2026,1.0,1.0,0.0,0.0,17
11,0,0,0,5,9,1,0,2,21.0,0,Python,2024-2026,1.0,0.5,0.0,10.5,17
11,0,0,0,241,38,4,2,12,6.42,0,Python,2024-2026,1.0,6.18,0.4,1.28,59
9,1,0,0,1,14,1,0,0,0.0,0,Python,2024-2026,1.0,0.07,0.0,0.0,0
9,1,0,0,1,1,1,0,0,0.0,0,Python,2024-2026,1.0,0.5,0.0,0.0,0
9,1,0,0,2,1,1,0,1,17.0,0,Python,2024-2026,1.0,1.0,0.0,8.5,0
9,1,0,0,10,5,2,0,5,5.6,0,Python,2024-2026,1.0,1.67,0.0,1.87,0
11,1,0,0,39,5,1,0,0,0.0,0,Python,2024-2026,1.0,6.5,0.0,0.0,17
12,2,0,0,5,2,1,0,0,0.0,0,Python,2024-2026,1.0,1.67,0.0,0.0,17
16,3,0,0,38,23,1,0,7,7.43,0,Python,2024-2026,1.0,1.58,0.0,3.72,59
9,4,0,0,50,35,22,3,14,2.93,0,Python,2024-2026,1.0,1.39,0.13,0.13,17
10,4,0,0,2,2,1,0,0,0.0,0,Python,2024-2026,1.0,0.67,0.0,0.0,17
10,5,1,0,1,4,1,0,0,0.0,0,Python,2024-2026,1.0,0.2,0.0,0.0,17
11,0,0,0,38,7,5,2,7,15.0,0,Python,2024-2026,1.0,4.75,0.33,2.5,17
16,0,0,0,19,26,4,1,6,16.67,0,Python,2024-2026,1.0,0.7,0.2,3.33,0
8,1,0,0,3,4,1,0,1,6.0,0,Python,2024-2026,1.0,0.6,0.0,3.0,17
11,1,0,0,23,7,2,1,5,12.8,0,Python,2024-2026,1.0,2.88,0.33,4.27,17
13,1,0,0,3,3,3,0,0,0.0,0,Python,2024-2026,1.0,0.75,0.0,0.0,1
15,1,0,0,1,1,1,0,0,0.0,0,Python,2024-2026,1.0,0.5,0.0,0.0,1
15,1,0,0,277,285,93,10,48,3.38,0,Python,2024-2026,1.0,0.97,0.11,0.04,0
15,1,0,0,1,1,1,0,0,0.0,0,Python,2024-2026,1.0,0.5,0.0,0.0,0
15,1,0,0,219,18,4,1,15,3.0,0,Python,2024-2026,1.0,11.53,0.2,0.6,59
15,1,0,0,15,14,6,1,0,0.0,0,Python,2024-2026,1.0,1.0,0.14,0.0,0
10,2,0,0,2,2,2,0,2,9.0,0,Python,2024-2026,1.0,0.67,0.0,3.0,0
10,2,0,0,1,1,1,1,0,0.0,0,Python,2024-2026,1.0,0.5,0.5,0.0,0
14,2,0,0,1,1,1,0,0,0.0,0,Python,2024-2026,1.0,0.5,0.0,0.0,0
14,2,0,0,1,1,1,0,0,0.0,0,Python,2024-2026,1.0,0.5,0.0,0.0,0
14,2,0,0,1,1,1,0,0,0.0,0,Python,2024-2026,1.0,0.5,0.0,0.0,0
1,3,0,1,1,1,1,0,0,0.0,0,Python,2024-2026,1.0,0.5,0.0,0.0,0
11,0,0,0,8,86,2,0,0,0.0,0,Python,2024-2026,1.0,0.09,0.0,0.0,0
11,0,0,0,1,1,1,0,0,0.0,0,Python,2024-2026,1.0,0.5,0.0,0.0,0
11,0,0,0,0,1,1,0,0,0.0,0,Python,2024-2026,1.0,0.0,0.0,0.0,0
18,0,0,0,60,0,1,0,0,0.0,0,Python,2024-2026,1.0,60.0,0.0,0.0,17
19,0,0,0,1,1,1,0,0,0.0,0,Python,2024-2026,1.0,0.5,0.0,0.0,17
11,1,0,0,16,2,1,0,2,8.5,0,Python,2024-2026,1.0,5.33,0.0,4.25,0
11,1,0,0,16,0,1,1,1,1.0,0,Python,2024-2026,1.0,16.0,0.5,0.5,0
15,1,0,0,21,24,7,7,0,0.0,0,Python,2024-2026,1.0,0.84,0.88,0.0,17
14,2,0,0,1,1,1,0,1,3.0,0,Python,2024-2026,1.0,0.5,0.0,1.5,0
14,3,0,0,1,1,1,0,0,0.0,0,Python,2024-2026,1.0,0.5,0.0,0.0,0
14,3,0,0,1,1,1,0,0,0.0,0,Python,2024-2026,1.0,0.5,0.0,0.0,0
14,3,0,0,1,1,1,0,0,0.0,0,Python,2024-2026,1.0,0.5,0.0,0.0,0
14,3,0,0,495,0,1,0,0,0.0,0,Python,2024-2026,1.0,495.0,0.0,0.0,1
14,3,0,0,1,1,1,0,0,0.0,0,Python,2024-2026,1.0,0.5,0.0,0.0,1
15,3,0,0,2,2,1,0,1,4.0,0,Python,2024-2026,1.0,0.67,0.0,2.0,17
16,3,0,0,1,33,1,0,0,0.0,0,Python,2024-2026,1.0,0.03,0.0,0.0,1
10,4,0,0,2,2,1,0,0,0.0,0,Python,2024-2026,1.0,0.67,0.0,0.0,1
10,4,0,0,2,2,1,0,0,0.0,0,Python,2024-2026,1.0,0.67,0.0,0.0,1
10,4,0,0,329,313,1,0,0,0.0,0,Python,2024-2026,1.0,1.05,0.0,0.0,1
14,4,0,0,1,1,1,0,0,0.0,0,Python,2024-2026,1.0,0.5,0.0,0.0,1
11,0,0,0,728,66,11,0,230,2.77,0,Python,2024-2026,1.0,10.87,0.0,0.23,0
11,0,0,0,2,2,1,0,1,15.0,0,Python,2024-2026,1.0,0.67,0.0,7.5,0
11,0,0,0,71,43,3,1,11,21.09,0,Python,2024-2026,1.0,1.61,0.25,5.27,17
11,0,0,0,36,4,3,1,3,10.33,0,Python,2024-2026,1.0,7.2,0.25,2.58,17
11,0,0,0,15,4,3,1,4,5.5,0,Python,2024-2026,1.0,3.0,0.25,1.38,17
11,0,0,0,41,3,3,1,2,34.0,0,Python,2024-2026,1.0,10.25,0.25,8.5,17
11,0,0,0,1,1,1,0,1,18.0,0,Python,2024-2026,1.0,0.5,0.0,9.0,0
11,0,0,0,5041,5041,1,0,0,0.0,0,Python,2024-2026,1.0,1.0,0.0,0.0,0
11,0,0,0,4,4,1,0,0,0.0,0,Python,2024-2026,1.0,0.8,0.0,0.0,0
12,0,0,0,5,5,5,0,51,2.75,0,Python,2024-2026,1.0,0.83,0.0,0.46,0
13,0,0,0,15,6,4,0,0,0.0,0,Python,2024-2026,1.0,2.14,0.0,0.0,0
13,0,0,0,1,1,1,0,0,0.0,0,Python,2024-2026,1.0,0.5,0.0,0.0,0
13,0,0,0,1,1,1,0,0,0.0,0,Python,2024-2026,1.0,0.5,0.0,0.0,0
13,0,0,0,1,1,1,0,0,0.0,0,Python,2024-2026,1.0,0.5,0.0,0.0,0
13,0,0,0,2,2,1,0,0,0.0,0,Python,2024-2026,1.0,0.67,0.0,0.0,0
14,0,0,0,1,1,1,0,0,0.0,0,Python,2024-2026,1.0,0.5,0.0,0.0,0
14,0,0,0,1,1,1,0,0,0.0,0,Python,2024-2026,1.0,0.5,0.0,0.0,0
14,0,0,0,1,1,1,0,0,0.0,0,Python,2024-2026,1.0,0.5,0.0,0.0,0
14,0,0,0,1,1,1,0,0,0.0,0,Python,2024-2026,1.0,0.5,0.0,0.0,0
14,0,0,0,1,1,1,0,0,0.0,0,Python,2024-2026,1.0,0.5,0.0,0.0,0
16,0,0,0,2,2,2,0,0,0.0,0,Python,2024-2026,1.0,0.67,0.0,0.0,1
18,0,0,0,1,1,1,0,0,0.0,0,Python,2024-2026,1.0,0.5,0.0,0.0,0
18,0,0,0,1,1,1,0,0,0.0,0,Python,2024-2026,1.0,0.5,0.0,0.0,0
7,1,0,0,9,2,1,0,0,0.0,0,Python,2024-2026,1.0,3.0,0.0,0.0,17
14,1,0,0,0,9,1,1,0,0.0,0,Python,2024-2026,1.0,0.0,0.5,0.0,0
15,1,0,0,2,2,1,0,0,0.0,0,Python,2024-2026,1.0,0.67,0.0,0.0,1
15,1,0,0,16,167,1,1,13,1.62,0,Python,2024-2026,1.0,0.1,0.5,0.81,0
15,1,0,0,1,3,1,1,0,0.0,0,Python,2024-2026,1.0,0.25,0.5,0.0,0
10,2,0,0,3,1,1,1,1,2.0,0,Python,2024-2026,1.0,1.5,0.5,1.0,17
13,2,0,0,3,0,1,0,0,0.0,0,Python,2024-2026,1.0,3.0,0.0,0.0,0
13,2,0,0,1,1,1,0,0,0.0,0,Python,2024-2026,1.0,0.5,0.0,0.0,0
9,0,0,0,1,1,1,1,1,1.0,0,Python,2024-2026,1.0,0.5,0.5,0.5,17
10,2,0,0,9,9,2,0,2,5.5,0,Python,2024-2026,1.0,0.9,0.0,1.83,0
17,2,0,0,21,2,1,0,3,58.33,0,Python,2024-2026,1.0,7.0,0.0,29.16,0
17,2,0,0,94,5,2,1,2,23.5,0,Python,2024-2026,1.0,15.67,0.33,7.83,0
21,2,0,0,25,68,2,1,2,23.5,0,Python,2024-2026,1.0,0.36,0.33,7.83,0
11,3,0,0,0,1,1,0,1,42.0,0,Python,2024-2026,1.0,0.0,0.0,21.0,0
12,3,0,0,4,5,3,0,1,17.0,0,Python,2024-2026,1.0,0.67,0.0,4.25,0
15,3,0,0,4,1,1,0,1,43.0,0,Python,2024-2026,1.0,2.0,0.0,21.5,0
12,4,0,0,1,0,1,0,0,0.0,0,Python,2024-2026,1.0,1.0,0.0,0.0,17
11,0,0,0,3,0,1,0,0,0.0,0,Python,2024-2026,1.0,3.0,0.0,0.0,0
13,0,0,0,1,1,1,0,0,0.0,0,Python,2024-2026,1.0,0.5,0.0,0.0,0
10,1,0,0,24,2,2,0,2,116.5,0,Python,2024-2026,1.0,8.0,0.0,38.83,0
11,1,0,0,40,4,4,2,4,58.75,0,Python,2024-2026,1.0,8.0,0.4,11.75,0
12,1,0,0,3,0,1,0,0,0.0,1,Python,2024-2026,0.4,3.0,0.0,0.0,0
10,2,0,0,66,9,3,0,0,0.0,0,Python,2024-2026,1.0,6.6,0.0,0.0,0
11,2,0,0,18,7,2,0,4,64.75,0,Python,2024-2026,1.0,2.25,0.0,21.58,0
16,3,0,0,6,2,1,0,2,43.5,0,Python,2024-2026,1.0,2.0,0.0,21.75,1
19,3,0,0,35,1,2,1,1,2.0,0,Python,2024-2026,1.0,17.5,0.33,0.67,0
21,3,0,0,0,5,1,0,1,44.0,0,Python,2024-2026,1.0,0.0,0.0,22.0,1
21,3,0,0,13,9,1,1,1,1.0,0,Python,2024-2026,1.0,1.3,0.5,0.5,1
21,3,0,0,4,5,2,1,2,21.5,0,Python,2024-2026,1.0,0.67,0.33,7.17,1
8,4,0,0,9,9,2,0,0,0.0,0,Python,2024-2026,1.0,0.9,0.0,0.0,17
14,4,0,0,1,1,1,0,1,132.0,0,Python,2024-2026,1.0,0.5,0.0,66.0,1
14,4,0,0,55,5,2,1,3,18.33,0,Python,2024-2026,1.0,9.17,0.33,6.11,17
14,4,0,0,139,49,16,5,21,9.14,0,Python,2024-2026,1.0,2.78,0.29,0.54,17
14,4,0,0,3,1,2,0,0,0.0,0,Python,2024-2026,1.0,1.5,0.0,0.0,17
14,4,0,0,96,0,1,0,0,0.0,0,Python,2024-2026,1.0,96.0,0.0,0.0,0
15,4,0,0,26,0,1,0,0,0.0,0,Python,2024-2026,1.0,26.0,0.0,0.0,17
18,4,0,0,3,3,1,0,3,6.67,0,Python,2024-2026,1.0,0.75,0.0,3.34,0
18,4,0,0,4,0,1,0,0,0.0,0,Python,2024-2026,1.0,4.0,0.0,0.0,17
14,5,1,0,159,27,2,1,7,41.29,0,Python,2024-2026,1.0,5.68,0.33,13.76,0
16,5,1,0,3,1,1,0,1,147.0,0,Python,2024-2026,1.0,1.5,0.0,73.5,0
11,1,0,0,18,18,14,0,0,0.0,0,Python,2024-2026,1.0,0.95,0.0,0.0,1
12,1,0,0,5,5,4,0,0,0.0,0,Python,2024-2026,1.0,0.83,0.0,0.0,1
12,1,0,0,7,5,7,0,0,0.0,0,Python,2024-2026,1.0,1.17,0.0,0.0,1
11,2,0,0,20,12,4,1,4,3.75,0,Python,2024-2026,1.0,1.54,0.2,0.75,17
19,2,0,0,1,1,1,0,0,0.0,0,Python,2024-2026,1.0,0.5,0.0,0.0,0
8,3,0,0,1,6,2,1,1,1.0,0,Python,2024-2026,1.0,0.14,0.33,0.33,17
11,0,0,0,9944,8756,177,170,3627,1.25,0,Python,2024-2026,1.0,1.14,0.96,0.01,17
11,0,0,0,10,0,2,1,2,23.5,0,Python,2024-2026,1.0,10.0,0.33,7.83,17
11,0,0,0,15,4,2,1,2,3.0,0,Python,2024-2026,1.0,3.0,0.33,1.0,17
9,1,0,0,5,2,1,0,1,9.0,0,Python,2024-2026,1.0,1.67,0.0,4.5,17
9,1,0,0,434,526,37,34,85,1.74,0,Python,2024-2026,1.0,0.82,0.89,0.05,17
18,1,0,0,71,17,3,1,9,4.67,0,Python,2024-2026,1.0,3.94,0.25,1.17,17
14,2,0,0,250,122,4,2,18,7.0,0,Python,2024-2026,1.0,2.03,0.4,1.4,17
14,2,0,0,31,0,5,0,0,0.0,0,Python,2024-2026,1.0,31.0,0.0,0.0,17
14,2,0,0,227,6,4,2,3,10.33,0,Python,2024-2026,1.0,32.43,0.4,2.07,17
11,3,0,0,8,7,1,0,1,17.0,0,Python,2024-2026,1.0,1.0,0.0,8.5,0
7,4,0,0,13,13,5,2,5,6.6,0,Python,2024-2026,1.0,0.93,0.33,1.1,0
10,4,0,0,2,2,2,1,2,1.5,0,Python,2024-2026,1.0,0.67,0.33,0.5,0
10,5,1,0,1,1,1,0,0,0.0,0,Python,2024-2026,1.0,0.5,0.0,0.0,17
10,0,0,0,98094,97967,8,0,216,2.95,0,Python,2024-2026,1.0,1.0,0.0,0.33,0
10,0,0,0,4,4,1,0,0,0.0,0,Python,2024-2026,1.0,0.8,0.0,0.0,0
11,0,0,0,5,5,5,0,52,2.77,0,Python,2024-2026,1.0,0.83,0.0,0.46,0
9,2,0,0,9,5,4,0,0,0.0,0,Python,2024-2026,1.0,1.5,0.0,0.0,0
9,3,0,0,3,2,1,0,0,0.0,0,Python,2024-2026,1.0,1.0,0.0,0.0,17
11,4,0,0,6,7,1,0,0,0.0,0,Python,2024-2026,1.0,0.75,0.0,0.0,1
11,4,0,0,6,6,1,0,0,0.0,0,Python,2024-2026,1.0,0.86,0.0,0.0,1
15,0,0,0,28,1,2,1,2,6.5,0,Python,2024-2026,1.0,14.0,0.33,2.17,1
16,0,0,0,7,6,1,0,0,0.0,0,Python,2024-2026,1.0,1.0,0.0,0.0,1
16,0,0,0,2,1,1,0,0,0.0,0,Python,2024-2026,1.0,1.0,0.0,0.0,0
13,2,0,0,1,1,1,0,1,11.0,0,Python,2024-2026,1.0,0.5,0.0,5.5,0
9,4,0,0,47,4,2,1,7,2.29,0,Python,2024-2026,1.0,9.4,0.33,0.76,0
14,0,0,0,81,16,2,1,9,3.56,0,Python,2024-2026,1.0,4.76,0.33,1.19,0
14,0,0,0,3,3,1,1,6,2.0,0,Python,2024-2026,1.0,0.75,0.5,1.0,0
14,0,0,0,16,5,2,1,3,2.67,0,Python,2024-2026,1.0,2.67,0.33,0.89,0
11,1,0,0,3,10,1,0,1,2.0,0,Python,2024-2026,1.0,0.27,0.0,1.0,0
11,1,0,0,18,16,1,0,3,7.33,0,Python,2024-2026,1.0,1.06,0.0,3.66,0
11,1,0,0,14,1,1,1,2,1.0,0,Python,2024-2026,1.0,7.0,0.5,0.5,0
14,1,0,0,1,4,1,1,1,1.0,0,Python,2024-2026,1.0,0.2,0.5,0.5,0
10,2,0,0,1888,1886,323,0,863,1.0,0,Python,2024-2026,1.0,1.0,0.0,0.0,0
13,2,0,0,8,3,4,0,0,0.0,0,Python,2024-2026,1.0,2.0,0.0,0.0,0
14,2,0,0,2,2,2,0,0,0.0,0,Python,2024-2026,1.0,0.67,0.0,0.0,0
16,3,0,0,27,11,2,1,2,1.0,0,Python,2024-2026,1.0,2.25,0.33,0.33,0
9,0,0,0,11,23,3,1,2,1.0,0,Python,2024-2026,1.0,0.46,0.25,0.25,17
13,0,0,0,1,1,1,0,0,0.0,0,Python,2024-2026,1.0,0.5,0.0,0.0,0
16,0,0,0,7,6,2,0,0,0.0,0,Python,2024-2026,1.0,1.0,0.0,0.0,1
15,4,0,0,14,2,2,1,2,2.0,0,Python,2024-2026,1.0,4.67,0.33,0.67,17
9,5,1,0,20,2065,19,10,110,2.65,0,Python,2024-2026,1.0,0.01,0.5,0.13,17
9,5,1,0,22,109,7,0,5,8.4,0,Python,2024-2026,1.0,0.2,0.0,1.05,17
9,5,1,0,14,0,2,1,2,4.0,0,Python,2024-2026,1.0,14.0,0.33,1.33,17
9,5,1,0,59,0,2,1,6,2.67,0,Python,2024-2026,1.0,59.0,0.33,0.89,17
9,5,1,0,475,11,1,0,37,2.41,0,Python,2024-2026,1.0,39.58,0.0,1.2,17
8,0,0,0,3,9,3,1,1,1.0,0,Python,2024-2026,1.0,0.3,0.25,0.25,17
9,2,0,0,18,18,11,1,10,16.3,0,Python,2024-2026,1.0,0.95,0.08,1.36,17
15,2,0,0,18,1,2,0,0,0.0,0,Python,2024-2026,1.0,9.0,0.0,0.0,0
8,3,0,0,1,3,2,0,0,0.0,0,Python,2024-2026,1.0,0.25,0.0,0.0,17
17,3,0,0,0,16,2,0,2,1.0,0,Python,2024-2026,1.0,0.0,0.0,0.33,0
4,4,0,1,3,3,1,0,1,1.0,1,Python,2024-2026,0.4,0.75,0.0,0.5,0
13,1,0,0,1,1,1,0,0,0.0,0,Python,2024-2026,1.0,0.5,0.0,0.0,1
14,1,0,0,1,1,1,0,0,0.0,0,Python,2024-2026,1.0,0.5,0.0,0.0,1
14,1,0,0,1,1,1,0,0,0.0,0,Python,2024-2026,1.0,0.5,0.0,0.0,1
14,1,0,0,1,1,1,0,0,0.0,0,Python,2024-2026,1.0,0.5,0.0,0.0,1
14,2,0,0,61,2,1,0,0,0.0,0,Python,2024-2026,1.0,20.33,0.0,0.0,1
13,3,0,0,26,2,1,0,0,0.0,0,Python,2024-2026,1.0,8.67,0.0,0.0,1
14,3,0,0,20,1,1,0,0,0.0,0,Python,2024-2026,1.0,10.0,0.0,0.0,1
0,5,1,1,122,1,2,1,9,2.22,0,Python,2024-2026,1.0,61.0,0.33,0.74,0
0,5,1,1,1,1,1,0,2,9.0,0,Python,2024-2026,1.0,0.5,0.0,4.5,0
0,5,1,1,1,1,1,0,0,0.0,0,Python,2024-2026,1.0,0.5,0.0,0.0,0
12,0,0,0,59,2,1,0,0,0.0,0,Python,2024-2026,1.0,19.67,0.0,0.0,1
19,0,0,0,2,2,2,2,2,2.0,0,Python,2024-2026,1.0,0.67,0.67,0.67,0
19,0,0,0,0,24,1,1,1,4.0,0,Python,2024-2026,1.0,0.0,0.5,2.0,0
10,3,0,0,1,1,1,0,0,0.0,0,Python,2024-2026,1.0,0.5,0.0,0.0,1
17,4,0,0,1152,189,17,0,288,2.64,0,Python,2024-2026,1.0,6.06,0.0,0.15,0
17,4,0,0,4,4,1,0,0,0.0,0,Python,2024-2026,1.0,0.8,0.0,0.0,0
17,4,0,0,425,425,7,0,374,3.28,0,Python,2024-2026,1.0,1.0,0.0,0.41,0
11,0,0,0,2,2,1,1,0,0.0,0,Python,2024-2026,1.0,0.67,0.5,0.0,0
11,0,0,0,2,2,1,1,0,0.0,0,Python,2024-2026,1.0,0.67,0.5,0.0,0
11,0,0,0,7,0,1,0,0,0.0,0,Python,2024-2026,1.0,7.0,0.0,0.0,0
14,0,0,0,84,397,40,18,3,2.67,0,Python,2024-2026,1.0,0.21,0.44,0.07,0
15,0,0,0,7,0,1,0,0,0.0,0,Python,2024-2026,1.0,7.0,0.0,0.0,0
15,0,0,0,25,3,1,0,0,0.0,0,Python,2024-2026,1.0,6.25,0.0,0.0,17
15,0,0,0,5,5,3,0,0,0.0,0,Python,2024-2026,1.0,0.83,0.0,0.0,0
17,0,0,0,11,17,1,1,1,2.0,0,Python,2024-2026,1.0,0.61,0.5,1.0,0
17,0,0,0,1,1,1,0,0,0.0,0,Python,2024-2026,1.0,0.5,0.0,0.0,1
8,1,0,0,5,5,3,0,0,0.0,0,Python,2024-2026,1.0,0.83,0.0,0.0,17
9,1,0,0,50,16,2,2,4,2.0,0,Python,2024-2026,1.0,2.94,0.67,0.67,0
9,1,0,0,207,403,92,2,9,4.44,0,Python,2024-2026,1.0,0.51,0.02,0.05,0
10,1,0,0,189,44,6,3,15,8.13,0,Python,2024-2026,1.0,4.2,0.43,1.16,0
11,1,0,0,1,1,1,0,0,0.0,0,Python,2024-2026,1.0,0.5,0.0,0.0,1
12,1,0,0,9,9,5,0,0,0.0,0,Python,2024-2026,1.0,0.9,0.0,0.0,0
14,1,0,0,145,77,4,1,9,9.67,0,Python,2024-2026,1.0,1.86,0.2,1.93,0
16,1,0,0,36,0,1,0,0,0.0,0,Python,2024-2026,1.0,36.0,0.0,0.0,0
16,1,0,0,26,35,1,0,0,0.0,0,Python,2024-2026,1.0,0.72,0.0,0.0,0
16,1,0,0,8,7,1,0,0,0.0,0,Python,2024-2026,1.0,1.0,0.0,0.0,0
16,1,0,0,1,1,1,0,0,0.0,0,Python,2024-2026,1.0,0.5,0.0,0.0,0
18,1,0,0,14,1,3,0,1,44.0,0,Python,2024-2026,1.0,7.0,0.0,11.0,0
8,2,0,0,239,5,2,1,43,2.14,0,Python,2024-2026,1.0,39.83,0.33,0.71,0
9,2,0,0,1088,193,38,7,13,4.08,0,Python,2024-2026,1.0,5.61,0.18,0.1,17
10,2,0,0,0,5,1,0,0,0.0,0,Python,2024-2026,1.0,0.0,0.0,0.0,0
11,2,0,0,29,2,2,1,2,7.0,0,Python,2024-2026,1.0,9.67,0.33,2.33,17
17,2,0,0,5336,5674,174,172,3050,1.29,0,Python,2024-2026,1.0,0.94,0.98,0.01,17
11,3,0,0,26,0,1,1,0,0.0,0,Python,2024-2026,1.0,26.0,0.5,0.0,1
11,3,0,0,1,1,1,0,0,0.0,0,Python,2024-2026,1.0,0.5,0.0,0.0,1
11,3,0,0,150,94,4,2,17,2.59,0,Python,2024-2026,1.0,1.58,0.4,0.52,0
11,3,0,0,1,0,1,0,0,0.0,0,Python,2024-2026,1.0,1.0,0.0,0.0,1
11,3,0,0,26,0,1,1,0,0.0,0,Python,2024-2026,1.0,26.0,0.5,0.0,1
13,3,0,0,435,575,14,4,13,2.08,0,Python,2024-2026,1.0,0.76,0.27,0.14,0
14,3,0,0,4,1,1,0,0,0.0,0,Python,2024-2026,1.0,2.0,0.0,0.0,0
16,3,0,0,1,1,1,0,0,0.0,0,Python,2024-2026,1.0,0.5,0.0,0.0,1
16,3,0,0,1,1,1,1,1,1.0,0,Python,2024-2026,1.0,0.5,0.5,0.5,1
16,3,0,0,1,1,1,1,1,1.0,0,Python,2024-2026,1.0,0.5,0.5,0.5,1
10,4,0,0,35,0,1,0,0,0.0,0,Python,2024-2026,1.0,35.0,0.0,0.0,1
10,4,0,0,5,0,1,0,0,0.0,0,Python,2024-2026,1.0,5.0,0.0,0.0,1
10,4,0,0,0,52,1,1,0,0.0,0,Python,2024-2026,1.0,0.0,0.5,0.0,1
10,4,0,0,18,0,1,0,0,0.0,0,Python,2024-2026,1.0,18.0,0.0,0.0,1
10,4,0,0,4,3,1,0,0,0.0,0,Python,2024-2026,1.0,1.0,0.0,0.0,1
10,4,0,0,334,45,7,2,16,5.69,0,Python,2024-2026,1.0,7.26,0.25,0.71,0
10,4,0,0,5,26,3,1,0,0.0,0,Python,2024-2026,1.0,0.19,0.25,0.0,17
11,4,0,0,1,1,1,0,0,0.0,0,Python,2024-2026,1.0,0.5,0.0,0.0,1
11,4,0,0,30,10,2,0,0,0.0,0,Python,2024-2026,1.0,2.73,0.0,0.0,1
13,4,0,0,1,0,1,0,0,0.0,0,Python,2024-2026,1.0,1.0,0.0,0.0,1
14,4,0,0,5,2,1,0,0,0.0,0,Python,2024-2026,1.0,1.67,0.0,0.0,1
16,4,0,0,2,2,1,0,0,0.0,0,Python,2024-2026,1.0,0.67,0.0,0.0,1
16,5,1,0,491,54,9,2,17,1.88,0,Python,2024-2026,1.0,8.93,0.2,0.19,0
10,0,0,0,5,5,4,0,2,10.5,0,Python,2024-2026,1.0,0.83,0.0,2.1,0
10,0,0,0,5,5,1,1,0,0.0,0,Python,2024-2026,1.0,0.83,0.5,0.0,0
10,0,0,0,246,245,12,4,0,0.0,0,Python,2024-2026,1.0,1.0,0.31,0.0,0
10,0,0,0,2,2,1,1,0,0.0,0,Python,2024-2026,1.0,0.67,0.5,0.0,0
11,0,0,0,10,0,2,0,0,0.0,0,Python,2024-2026,1.0,10.0,0.0,0.0,1
12,0,0,0,20,16,3,1,3,7.0,0,Python,2024-2026,1.0,1.18,0.25,1.75,0
12,0,0,0,7,1,1,0,0,0.0,0,Python,2024-2026,1.0,3.5,0.0,0.0,0
14,0,0,0,43,43,1,1,0,0.0,0,Python,2024-2026,1.0,0.98,0.5,0.0,0
16,0,0,0,514,30,10,4,19,5.68,1,Python,2024-2026,1.0,16.58,0.36,0.52,0
10,1,0,0,20,4,3,1,2,2.0,0,Python,2024-2026,1.0,4.0,0.25,0.5,0
17,1,0,0,12,1,2,1,2,45.0,0,Python,2024-2026,1.0,6.0,0.33,15.0,0
18,1,0,0,85,25,6,1,13,3.77,0,Python,2024-2026,1.0,3.27,0.14,0.54,0
5,2,0,1,43,5,3,1,2,2.0,0,Python,2024-2026,1.0,7.17,0.25,0.5,0
7,2,0,0,1123,508,99,32,211,5.35,0,Python,2024-2026,1.0,2.21,0.32,0.05,0
13,2,0,0,16,8,2,1,5,3.0,0,Python,2024-2026,1.0,1.78,0.33,1.0,0
13,2,0,0,1,1,1,1,1,3.0,0,Python,2024-2026,1.0,0.5,0.5,1.5,0
15,2,0,0,40540,32663,342,183,5577,3.49,0,Python,2024-2026,1.0,1.24,0.53,0.01,17
15,2,0,0,8,0,1,0,0,0.0,0,Python,2024-2026,1.0,8.0,0.0,0.0,17
16,2,0,0,36,3,2,1,5,13.6,0,Python,2024-2026,1.0,9.0,0.33,4.53,0
16,2,0,0,21,2,2,1,1,1.0,0,Python,2024-2026,1.0,7.0,0.33,0.33,0
16,2,0,0,1,1,1,0,1,1.0,0,Python,2024-2026,1.0,0.5,0.0,0.5,17
16,2,0,0,2,2,2,1,1,1.0,0,Python,2024-2026,1.0,0.67,0.33,0.33,17
17,2,0,0,15,7,2,1,5,4.2,0,Python,2024-2026,1.0,1.88,0.33,1.4,0
17,2,0,0,6,6,1,0,3,1.33,0,Python,2024-2026,1.0,0.86,0.0,0.66,0
18,2,0,0,15,4,3,1,3,14.67,0,Python,2024-2026,1.0,3.0,0.25,3.67,0
11,3,0,0,42,24,4,2,9,1.22,0,Python,2024-2026,1.0,1.68,0.4,0.24,17
11,3,0,0,1,1,1,0,0,0.0,0,Python,2024-2026,1.0,0.5,0.0,0.0,0
6,4,0,0,13,0,1,1,0,0.0,0,Python,2024-2026,1.0,13.0,0.5,0.0,0
8,4,0,0,24,2,4,2,6,21.83,0,Python,2024-2026,1.0,8.0,0.4,4.37,0
11,4,0,0,1,0,1,1,1,4.0,0,Python,2024-2026,1.0,1.0,0.5,2.0,17
17,4,0,0,12,0,2,1,2,5.0,0,Python,2024-2026,1.0,12.0,0.33,1.67,0
14,5,1,0,18,18,5,1,0,0.0,0,Python,2024-2026,1.0,0.95,0.17,0.0,17
16,5,1,0,0,3,1,1,0,0.0,0,Python,2024-2026,1.0,0.0,0.5,0.0,0
16,5,1,0,5,2,1,1,2,2.0,0,Python,2024-2026,1.0,1.67,0.5,1.0,0
18,5,1,0,2,2,1,0,0,0.0,0,Python,2024-2026,1.0,0.67,0.0,0.0,0
11,6,1,0,35,8,3,1,1,2.0,0,Python,2024-2026,1.0,3.89,0.25,0.5,0
7,0,0,0,2,2,1,0,0,0.0,0,Python,2024-2026,1.0,0.67,0.0,0.0,0
8,0,0,0,3,3,1,1,0,0.0,0,Python,2024-2026,1.0,0.75,0.5,0.0,0
8,0,0,0,3,3,1,1,0,0.0,0,Python,2024-2026,1.0,0.75,0.5,0.0,0
8,0,0,0,45,44,1,1,0,0.0,0,Python,2024-2026,1.0,1.0,0.5,0.0,0
8,0,0,0,111,109,12,4,0,0.0,0,Python,2024-2026,1.0,1.01,0.31,0.0,0
9,0,0,0,1,0,1,0,0,0.0,0,Python,2024-2026,1.0,1.0,0.0,0.0,17
10,0,0,0,655,649,15,0,0,0.0,0,Python,2024-2026,1.0,1.01,0.0,0.0,17
10,0,0,0,0,32,3,0,0,0.0,0,Python,2024-2026,1.0,0.0,0.0,0.0,17
10,0,0,0,21,38,3,1,0,0.0,0,Python,2024-2026,1.0,0.54,0.25,0.0,17
11,0,0,0,1,0,1,1,1,2.0,0,Python,2024-2026,1.0,1.0,0.5,1.0,0
13,0,0,0,0,120,1,0,0,0.0,0,Python,2024-2026,1.0,0.0,0.0,0.0,1
13,0,0,0,93,0,1,0,0,0.0,0,Python,2024-2026,1.0,93.0,0.0,0.0,1
14,0,0,0,0,13,1,0,0,0.0,0,Python,2024-2026,1.0,0.0,0.0,0.0,1
14,0,0,0,199,37,10,5,25,6.0,0,Python,2024-2026,1.0,5.24,0.45,0.55,0
2,1,0,1,2,1,1,0,1,20.0,0,Python,2024-2026,1.0,1.0,0.0,10.0,0
8,1,0,0,1,1,1,1,1,4.0,0,Python,2024-2026,1.0,0.5,0.5,2.0,17
10,1,0,0,30,29,1,0,0,0.0,0,Python,2024-2026,1.0,1.0,0.0,0.0,1
10,1,0,0,1,0,1,0,0,0.0,0,Python,2024-2026,1.0,1.0,0.0,0.0,1
12,1,0,0,18,22,1,0,0,0.0,0,Python,2024-2026,1.0,0.78,0.0,0.0,1
12,1,0,0,18,5,2,1,3,6.0,0,Python,2024-2026,1.0,3.0,0.33,2.0,0
13,1,0,0,0,3,1,0,1,23.0,0,Python,2024-2026,1.0,0.0,0.0,11.5,0
14,1,0,0,458,172,9,2,44,3.14,0,Python,2024-2026,1.0,2.65,0.2,0.31,0
14,1,0,0,2,1,1,0,1,3.0,0,Python,2024-2026,1.0,1.0,0.0,1.5,17
14,1,0,0,0,1,1,0,0,0.0,0,Python,2024-2026,1.0,0.0,0.0,0.0,1
14,1,0,0,0,1,1,0,0,0.0,0,Python,2024-2026,1.0,0.0,0.0,0.0,1
16,1,0,0,2,2,1,0,0,0.0,0,Python,2024-2026,1.0,0.67,0.0,0.0,0
16,1,0,0,4,0,1,0,0,0.0,0,Python,2024-2026,1.0,4.0,0.0,0.0,0
16,1,0,0,3,3,1,0,0,0.0,0,Python,2024-2026,1.0,0.75,0.0,0.0,0
6,2,0,0,40,4,2,1,2,16.0,0,Python,2024-2026,1.0,8.0,0.33,5.33,0
10,2,0,0,18,48,2,0,0,0.0,0,Python,2024-2026,1.0,0.37,0.0,0.0,0
10,2,0,0,1,1,1,0,11,3.27,0,Python,2024-2026,1.0,0.5,0.0,1.64,0
10,2,0,0,2,7,1,0,0,0.0,0,Python,2024-2026,1.0,0.25,0.0,0.0,0
10,2,0,0,5,5,3,0,0,0.0,0,Python,2024-2026,1.0,0.83,0.0,0.0,0
10,2,0,0,2,0,1,0,0,0.0,0,Python,2024-2026,1.0,2.0,0.0,0.0,0
10,2,0,0,1,0,1,0,0,0.0,0,Python,2024-2026,1.0,1.0,0.0,0.0,0
10,2,0,0,17,5,8,0,62,2.84,0,Python,2024-2026,1.0,2.83,0.0,0.32,0
10,2,0,0,1,1,1,0,0,0.0,0,Python,2024-2026,1.0,0.5,0.0,0.0,0
10,2,0,0,7,89,1,0,0,0.0,0,Python,2024-2026,1.0,0.08,0.0,0.0,0
10,2,0,0,14,2,1,0,0,0.0,0,Python,2024-2026,1.0,4.67,0.0,0.0,0
10,2,0,0,4,4,3,0,0,0.0,0,Python,2024-2026,1.0,0.8,0.0,0.0,0
10,2,0,0,2,1,2,0,0,0.0,0,Python,2024-2026,1.0,1.0,0.0,0.0,0
12,2,0,0,2,3,3,0,0,0.0,0,Python,2024-2026,1.0,0.5,0.0,0.0,0
13,2,0,0,33,10,2,0,6,7.67,0,Python,2024-2026,1.0,3.0,0.0,2.56,0
16,2,0,0,2,2,1,0,0,0.0,0,Python,2024-2026,1.0,0.67,0.0,0.0,0
18,2,0,0,2,4,1,0,0,0.0,0,Python,2024-2026,1.0,0.4,0.0,0.0,0
8,3,0,0,64,4,3,1,9,1.44,0,Python,2024-2026,1.0,12.8,0.25,0.36,0
8,3,0,0,1,2,1,1,0,0.0,0,Python,2024-2026,1.0,0.33,0.5,0.0,17
11,3,0,0,7,20,1,0,0,0.0,0,Python,2024-2026,1.0,0.33,0.0,0.0,0
11,3,0,0,1,0,1,0,0,0.0,0,Python,2024-2026,1.0,1.0,0.0,0.0,0
17,3,0,0,65,30,5,2,6,8.17,0,Python,2024-2026,1.0,2.1,0.33,1.36,0
18,3,0,0,15,15,1,0,0,0.0,0,Python,2024-2026,1.0,0.94,0.0,0.0,0
19,3,0,0,124,12,2,0,7,2.0,1,Python,2024-2026,0.25,9.54,0.0,0.67,0
23,3,0,1,39,39,30,3,14,13.0,0,Python,2024-2026,1.0,0.98,0.1,0.42,0
8,4,0,0,10,12,3,1,1,1.0,0,Python,2024-2026,1.0,0.77,0.25,0.25,17
9,4,0,0,3,3,3,0,0,0.0,0,Python,2024-2026,1.0,0.75,0.0,0.0,0
9,4,0,0,2,2,2,0,0,0.0,0,Python,2024-2026,1.0,0.67,0.0,0.0,0
9,4,0,0,16,1,1,0,2,4.0,0,Python,2024-2026,1.0,8.0,0.0,2.0,0
9,4,0,0,2,0,2,0,0,0.0,0,Python,2024-2026,1.0,2.0,0.0,0.0,0
9,4,0,0,9,9,2,1,2,10.0,0,Python,2024-2026,1.0,0.9,0.33,3.33,0
10,4,0,0,547,526,31,29,177,3.07,0,Python,2024-2026,1.0,1.04,0.91,0.1,0
10,4,0,0,98,23,1,0,5,3.0,1,Python,2024-2026,0.75,4.08,0.0,1.5,1
11,4,0,0,84,126,9,3,6,5.17,0,Python,2024-2026,1.0,0.66,0.3,0.52,0
11,4,0,0,0,6,3,3,0,0.0,0,Python,2024-2026,1.0,0.0,0.75,0.0,0
11,4,0,0,15,0,1,0,0,0.0,0,Python,2024-2026,1.0,15.0,0.0,0.0,2
11,4,0,0,1,1,1,0,0,0.0,0,Python,2024-2026,1.0,0.5,0.0,0.0,0
14,4,0,0,4,4,2,0,0,0.0,0,Python,2024-2026,1.0,0.8,0.0,0.0,0
14,4,0,0,2,2,2,0,0,0.0,0,Python,2024-2026,1.0,0.67,0.0,0.0,0
14,4,0,0,130,82,7,3,6,5.17,0,Python,2024-2026,1.0,1.57,0.38,0.65,0
14,4,0,0,45,99,5,3,3,6.0,0,Python,2024-2026,1.0,0.45,0.5,1.0,0
14,4,0,0,1,1,1,0,0,0.0,0,Python,2024-2026,1.0,0.5,0.0,0.0,0
15,4,0,0,23,2,2,1,1,1.0,0,Python,2024-2026,1.0,7.67,0.33,0.33,0
20,4,0,0,18,18,2,1,0,0.0,0,Python,2024-2026,1.0,0.95,0.33,0.0,0
8,5,1,0,14,25,4,0,0,0.0,0,Python,2024-2026,1.0,0.54,0.0,0.0,0
8,5,1,0,1,1,1,0,0,0.0,0,Python,2024-2026,1.0,0.5,0.0,0.0,0
8,5,1,0,2,1,1,0,0,0.0,0,Python,2024-2026,1.0,1.0,0.0,0.0,0
8,5,1,0,1279,432,139,10,57,6.25,0,Python,2024-2026,1.0,2.95,0.07,0.04,0
8,5,1,0,7,18,1,1,0,0.0,0,Python,2024-2026,1.0,0.37,0.5,0.0,0
8,5,1,0,2,2,1,1,0,0.0,0,Python,2024-2026,1.0,0.67,0.5,0.0,0
8,5,1,0,60,131,64,18,8,8.5,0,Python,2024-2026,1.0,0.45,0.28,0.13,0
8,5,1,0,3,13,8,5,1,14.0,0,Python,2024-2026,1.0,0.21,0.56,1.56,0
8,5,1,0,17,20,9,3,0,0.0,0,Python,2024-2026,1.0,0.81,0.3,0.0,0
13,5,1,0,5,2,1,0,1,147.0,0,Python,2024-2026,1.0,1.67,0.0,73.5,0
13,5,1,0,3,0,1,0,0,0.0,0,Python,2024-2026,1.0,3.0,0.0,0.0,0
10,0,0,0,7,7,1,1,0,0.0,0,Python,2024-2026,1.0,0.88,0.5,0.0,0
10,0,0,0,7,7,1,1,0,0.0,0,Python,2024-2026,1.0,0.88,0.5,0.0,0
10,0,0,0,40,40,1,1,0,0.0,0,Python,2024-2026,1.0,0.98,0.5,0.0,0
10,0,0,0,206,208,11,4,0,0.0,0,Python,2024-2026,1.0,0.99,0.33,0.0,0
13,0,0,0,93,64,33,5,15,17.8,0,Python,2024-2026,1.0,1.43,0.15,0.52,0
15,0,0,0,1,1,1,1,0,0.0,0,Python,2024-2026,1.0,0.5,0.5,0.0,0
16,0,0,0,1,1,1,0,0,0.0,0,Python,2024-2026,1.0,0.5,0.0,0.0,0
16,0,0,0,1,1,1,0,0,0.0,0,Python,2024-2026,1.0,0.5,0.0,0.0,0
18,0,0,0,83,0,1,0,0,0.0,0,Python,2024-2026,1.0,83.0,0.0,0.0,0
19,0,0,0,18,2,2,1,2,2.5,0,Python,2024-2026,1.0,6.0,0.33,0.83,1
8,1,0,0,36,7,6,1,7,15.43,0,Python,2024-2026,1.0,4.5,0.14,2.2,0
10,1,0,0,35,8,2,1,3,4.0,0,Python,2024-2026,1.0,3.89,0.33,1.33,1
11,1,0,0,1,1,1,0,0,0.0,0,Python,2024-2026,1.0,0.5,0.0,0.0,1
11,1,0,0,0,5,1,0,0,0.0,0,Python,2024-2026,1.0,0.0,0.0,0.0,1
11,1,0,0,8,47,2,1,7,5.57,0,Python,2024-2026,1.0,0.17,0.33,1.86,0
8,2,0,0,198,178,40,23,63,5.51,0,Python,2024-2026,1.0,1.11,0.56,0.13,0
14,2,0,0,458,64,16,5,31,2.65,0,Python,2024-2026,1.0,7.05,0.29,0.16,0
10,3,0,0,9,7,3,1,2,5.0,0,Python,2024-2026,1.0,1.12,0.25,1.25,17
12,3,0,0,18,3,1,0,1,4.0,0,Python,2024-2026,1.0,4.5,0.0,2.0,17
13,3,0,0,10,3,2,1,3,2.67,0,Python,2024-2026,1.0,2.5,0.33,0.89,17
15,3,0,0,4,4,3,1,1,3.0,0,Python,2024-2026,1.0,0.8,0.25,0.75,17
15,3,0,0,5,5,2,0,0,0.0,0,Python,2024-2026,1.0,0.83,0.0,0.0,0
17,3,0,0,2,2,1,0,1,2.0,0,Python,2024-2026,1.0,0.67,0.0,1.0,0
19,3,0,0,16,0,4,1,4,2.75,0,Python,2024-2026,1.0,16.0,0.2,0.55,0
21,3,0,0,5,31,4,3,0,0.0,0,Python,2024-2026,1.0,0.16,0.6,0.0,0
7,4,0,0,81,3,2,1,11,4.64,0,Python,2024-2026,1.0,20.25,0.33,1.55,0
8,4,0,0,9,6,3,0,3,9.33,0,Python,2024-2026,1.0,1.29,0.0,2.33,0
8,4,0,0,2,2,2,0,0,0.0,0,Python,2024-2026,1.0,0.67,0.0,0.0,0
8,4,0,0,4,2,2,1,0,0.0,0,Python,2024-2026,1.0,1.33,0.33,0.0,0
9,4,0,0,8,2,1,0,2,1.0,0,Python,2024-2026,1.0,2.67,0.0,0.5,0
9,4,0,0,17,23,2,2,1,8.0,0,Python,2024-2026,1.0,0.71,0.67,2.67,0
10,4,0,0,10,0,1,1,1,1.0,0,Python,2024-2026,1.0,10.0,0.5,0.5,0
10,4,0,0,1,0,1,0,0,0.0,0,Python,2024-2026,1.0,1.0,0.0,0.0,0
11,4,0,0,209,0,1,0,0,0.0,0,Python,2024-2026,1.0,209.0,0.0,0.0,0
11,4,0,0,110,5,3,1,11,3.82,0,Python,2024-2026,1.0,18.33,0.25,0.96,0
13,4,0,0,2,3,1,0,0,0.0,0,Python,2024-2026,1.0,0.5,0.0,0.0,0
13,4,0,0,98,23,1,0,0,0.0,0,Python,2024-2026,1.0,4.08,0.0,0.0,0
14,4,0,0,155,130,7,4,21,2.48,0,Python,2024-2026,1.0,1.18,0.5,0.31,17
14,4,0,0,16,11,1,0,2,5.0,0,Python,2024-2026,1.0,1.33,0.0,2.5,0
14,4,0,0,1,0,1,0,0,0.0,0,Python,2024-2026,1.0,1.0,0.0,0.0,0
15,4,0,0,3,2,3,0,4,5.0,0,Python,2024-2026,1.0,1.0,0.0,1.25,0
15,4,0,0,3,0,1,0,0,0.0,0,Python,2024-2026,1.0,3.0,0.0,0.0,0
16,4,0,0,316,4,2,1,1,9.0,0,Python,2024-2026,1.0,63.2,0.33,3.0,0
16,4,0,0,64,23,21,21,27,1.11,0,Python,2024-2026,1.0,2.67,0.95,0.05,0
16,4,0,0,2,4,1,0,0,0.0,0,Python,2024-2026,1.0,0.4,0.0,0.0,0
17,4,0,0,8,2,3,1,2,10.5,0,Python,2024-2026,1.0,2.67,0.25,2.62,0
19,4,0,0,220,1,2,0,0,0.0,0,Python,2024-2026,1.0,110.0,0.0,0.0,0
20,4,0,0,1,1,1,0,1,10.0,0,Python,2024-2026,1.0,0.5,0.0,5.0,0
20,4,0,0,2,2,1,0,0,0.0,0,Python,2024-2026,1.0,0.67,0.0,0.0,0
20,4,0,0,2,2,2,0,0,0.0,0,Python,2024-2026,1.0,0.67,0.0,0.0,0
21,4,0,0,194,44,2,0,0,0.0,0,Python,2024-2026,1.0,4.31,0.0,0.0,0
21,4,0,0,0,0,0,0,0,0.0,0,Python,2024-2026,1.0,0.0,0.0,0.0,0
21,4,0,0,1,7,1,0,0,0.0,0,Python,2024-2026,1.0,0.12,0.0,0.0,0
22,4,0,1,190,101,2,0,0,0.0,0,Python,2024-2026,1.0,1.86,0.0,0.0,0
22,4,0,1,0,283,1,0,0,0.0,0,Python,2024-2026,1.0,0.0,0.0,0.0,0
22,4,0,1,38,8,1,0,0,0.0,0,Python,2024-2026,1.0,4.22,0.0,0.0,0
12,5,1,0,32,39,3,1,6,7.17,0,Python,2024-2026,1.0,0.8,0.25,1.79,0
21,5,1,0,2,1,1,0,1,3.0,0,Python,2024-2026,1.0,1.0,0.0,1.5,0
21,5,1,0,1,1,1,0,0,0.0,0,Python,2024-2026,1.0,0.5,0.0,0.0,0
9,6,1,0,157,155,5,1,8,6.5,0,Python,2024-2026,1.0,1.01,0.17,1.08,0
10,6,1,0,157,7,6,3,28,2.71,0,Python,2024-2026,1.0,19.62,0.43,0.39,0
10,0,0,0,219,214,12,4,0,0.0,0,Python,2024-2026,1.0,1.02,0.31,0.0,0
10,0,0,0,50,47,1,1,0,0.0,0,Python,2024-2026,1.0,1.04,0.5,0.0,0
10,0,0,0,27,198,88,88,9,6.67,0,Python,2024-2026,1.0,0.14,0.99,0.07,0
10,0,0,0,7,7,1,1,0,0.0,0,Python,2024-2026,1.0,0.88,0.5,0.0,0
10,0,0,0,3,3,1,1,0,0.0,0,Python,2024-2026,1.0,0.75,0.5,0.0,0
10,0,0,0,3,2,1,0,0,0.0,0,Python,2024-2026,1.0,1.0,0.0,0.0,0
11,0,0,0,10,10,7,2,3,2.67,0,Python,2024-2026,1.0,0.91,0.25,0.33,0
13,0,0,0,370,56,2,1,32,2.62,0,Python,2024-2026,1.0,6.49,0.33,0.87,0
13,0,0,0,67,0,1,0,1,1.0,0,Python,2024-2026,1.0,67.0,0.0,0.5,0
13,0,0,0,34,4,3,1,4,1.25,0,Python,2024-2026,1.0,6.8,0.25,0.31,0
15,0,0,0,167,33,4,3,15,2.67,0,Python,2024-2026,1.0,4.91,0.6,0.53,17
17,0,0,0,3,0,1,1,1,6.0,0,Python,2024-2026,1.0,3.0,0.5,3.0,0
9,1,0,0,13,8,2,1,2,1.0,0,Python,2024-2026,1.0,1.44,0.33,0.33,0
9,1,0,0,0,82,1,1,0,0.0,0,Python,2024-2026,1.0,0.0,0.5,0.0,0
11,1,0,0,178,17,6,3,11,6.09,0,Python,2024-2026,1.0,9.89,0.43,0.87,0
11,1,0,0,38,2,2,1,6,2.17,0,Python,2024-2026,1.0,12.67,0.33,0.72,0
12,1,0,0,8,4,1,0,1,53.0,0,Python,2024-2026,1.0,1.6,0.0,26.5,0
12,1,0,0,5,5,2,0,0,0.0,0,Python,2024-2026,1.0,0.83,0.0,0.0,0
13,1,0,0,100,89,10,9,22,5.36,0,Python,2024-2026,1.0,1.11,0.82,0.49,0
14,1,0,0,8,2,2,1,2,2.0,0,Python,2024-2026,1.0,2.67,0.33,0.67,0
14,1,0,0,13,8,2,1,2,1.0,0,Python,2024-2026,1.0,1.44,0.33,0.33,0
15,1,0,0,49,0,2,1,3,4.67,0,Python,2024-2026,1.0,49.0,0.33,1.56,0
15,1,0,0,496,507,52,49,244,1.79,0,Python,2024-2026,1.0,0.98,0.92,0.03,0
15,1,0,0,4,3,1,0,1,7.0,0,Python,2024-2026,1.0,1.0,0.0,3.5,0
15,1,0,0,4,0,1,0,1,6.0,0,Python,2024-2026,1.0,4.0,0.0,3.0,0
16,1,0,0,118,4,1,0,5,3.8,0,Python,2024-2026,1.0,23.6,0.0,1.9,0
18,1,0,0,6,6,3,2,0,0.0,0,Python,2024-2026,1.0,0.86,0.5,0.0,0
10,2,0,0,4,4,2,2,2,4.5,0,Python,2024-2026,1.0,0.8,0.67,1.5,0
11,2,0,0,23,23,9,2,0,0.0,0,Python,2024-2026,1.0,0.96,0.2,0.0,0
11,2,0,0,26,10,2,1,1,11.0,0,Python,2024-2026,1.0,2.36,0.33,3.67,0
11,2,0,0,2,4,1,0,0,0.0,0,Python,2024-2026,1.0,0.4,0.0,0.0,0
11,2,0,0,35,34,2,1,30,2.2,0,Python,2024-2026,1.0,1.0,0.33,0.73,0
11,2,0,0,19,0,2,2,2,2.5,0,Python,2024-2026,1.0,19.0,0.67,0.83,0
12,2,0,0,3,6,1,0,0,0.0,0,Python,2024-2026,1.0,0.43,0.0,0.0,0
13,2,0,0,1475,4,14,3,73,1.93,0,Python,2024-2026,1.0,295.0,0.2,0.13,1
15,2,0,0,10,0,1,1,1,12.0,0,Python,2024-2026,1.0,10.0,0.5,6.0,0
17,2,0,0,2,7,3,0,1,16.0,0,Python,2024-2026,1.0,0.25,0.0,4.0,0
18,2,0,0,262,21,1,0,0,0.0,0,Python,2024-2026,1.0,11.91,0.0,0.0,0
18,2,0,0,1,1,1,0,0,0.0,0,Python,2024-2026,1.0,0.5,0.0,0.0,0
18,2,0,0,49,15,1,0,0,0.0,0,Python,2024-2026,1.0,3.06,0.0,0.0,0
19,2,0,0,0,1,1,0,1,2.0,0,Python,2024-2026,1.0,0.0,0.0,1.0,0
20,2,0,0,189,0,12,2,11,1.64,0,Python,2024-2026,1.0,189.0,0.15,0.13,0
11,3,0,0,1,1,1,1,1,19.0,0,Python,2024-2026,1.0,0.5,0.5,9.5,0
14,3,0,0,116,209,1,0,0,0.0,0,Python,2024-2026,1.0,0.55,0.0,0.0,0
14,3,0,0,9,0,1,0,0,0.0,0,Python,2024-2026,1.0,9.0,0.0,0.0,0
8,4,0,0,258,181,5,5,31,2.19,0,Python,2024-2026,1.0,1.42,0.83,0.36,0
12,4,0,0,339,368,5,1,0,0.0,0,Python,2024-2026,1.0,0.92,0.17,0.0,2
12,4,0,0,11,0,1,1,0,0.0,0,Python,2024-2026,1.0,11.0,0.5,0.0,2
12,4,0,0,7,4,4,1,0,0.0,0,Python,2024-2026,1.0,1.4,0.2,0.0,2
12,4,0,0,3,3,4,1,0,0.0,0,Python,2024-2026,1.0,0.75,0.2,0.0,2
12,4,0,0,7,7,2,1,0,0.0,0,Python,2024-2026,1.0,0.88,0.33,0.0,2
12,4,0,0,28,4,1,1,0,0.0,0,Python,2024-2026,1.0,5.6,0.5,0.0,2
12,4,0,0,1,15,1,0,0,0.0,0,Python,2024-2026,1.0,0.06,0.0,0.0,2
12,4,0,0,8,12,1,0,5,2.2,0,Python,2024-2026,1.0,0.62,0.0,1.1,0
13,4,0,0,14,0,2,1,2,2.0,0,Python,2024-2026,1.0,14.0,0.33,0.67,0
13,4,0,0,64,2,1,0,3,3.0,0,Python,2024-2026,1.0,21.33,0.0,1.5,0
13,4,0,0,205,161,36,1,0,0.0,0,Python,2024-2026,1.0,1.27,0.03,0.0,0
14,4,0,0,40,2,4,1,2,2.5,0,Python,2024-2026,1.0,13.33,0.2,0.5,0
14,4,0,0,3,9,2,1,1,6.0,0,Python,2024-2026,1.0,0.3,0.33,2.0,0
14,4,0,0,8,4,2,1,1,2.0,0,Python,2024-2026,1.0,1.6,0.33,0.67,0
14,4,0,0,40,3,1,0,0,0.0,0,Python,2024-2026,1.0,10.0,0.0,0.0,0
14,4,0,0,39,19,3,1,5,8.0,0,Python,2024-2026,1.0,1.95,0.25,2.0,0
14,4,0,0,145,8,3,2,0,0.0,0,Python,2024-2026,1.0,16.11,0.5,0.0,0
14,4,0,0,68,1,3,0,0,0.0,0,Python,2024-2026,1.0,34.0,0.0,0.0,0
16,4,0,0,43,42,5,0,13,5.0,0,Python,2024-2026,1.0,1.0,0.0,0.83,0
16,4,0,0,10,1,2,0,0,0.0,0,Python,2024-2026,1.0,5.0,0.0,0.0,0
17,4,0,0,30,30,6,2,0,0.0,0,Python,2024-2026,1.0,0.97,0.29,0.0,2
18,4,0,0,13,7,4,1,8,2.75,0,Python,2024-2026,1.0,1.62,0.2,0.55,0
23,4,0,1,1,1,1,1,0,0.0,0,Python,2024-2026,1.0,0.5,0.5,0.0,0
23,4,0,1,101,64,1,0,1,1.0,0,Python,2024-2026,1.0,1.55,0.0,0.5,0
23,4,0,1,1,1,1,1,0,0.0,0,Python,2024-2026,1.0,0.5,0.5,0.0,0
2,5,1,1,3,3,1,0,1,6.0,0,Python,2024-2026,1.0,0.75,0.0,3.0,0
19,5,1,0,10,8,1,1,7,1.86,0,Python,2024-2026,1.0,1.11,0.5,0.93,0
10,0,0,0,1,1,1,0,0,0.0,0,Python,2024-2026,1.0,0.5,0.0,0.0,0
11,0,0,0,315,71,5,3,10,4.8,0,Python,2024-2026,1.0,4.38,0.5,0.8,0
12,0,0,0,466,11,3,1,12,5.17,0,Python,2024-2026,1.0,38.83,0.25,1.29,0
12,0,0,0,7,3,2,0,2,7.5,0,Python,2024-2026,1.0,1.75,0.0,2.5,0
14,0,0,0,1,1,1,1,0,0.0,0,Python,2024-2026,1.0,0.5,0.5,0.0,0
14,0,0,0,3,3,1,1,0,0.0,0,Python,2024-2026,1.0,0.75,0.5,0.0,0
14,0,0,0,5,5,1,1,0,0.0,0,Python,2024-2026,1.0,0.83,0.5,0.0,0
14,0,0,0,43,43,10,4,0,0.0,0,Python,2024-2026,1.0,0.98,0.36,0.0,0
18,0,0,0,64,6,3,1,6,1.33,0,Python,2024-2026,1.0,9.14,0.25,0.33,0
20,0,0,0,48,1,2,1,3,2.33,0,Python,2024-2026,1.0,24.0,0.33,0.78,0
20,0,0,0,564,0,12,2,15,4.0,0,Python,2024-2026,1.0,564.0,0.15,0.31,0
20,0,0,0,77,17,1,0,0,0.0,0,Python,2024-2026,1.0,4.28,0.0,0.0,0
21,0,0,0,1,1,1,0,0,0.0,0,Python,2024-2026,1.0,0.5,0.0,0.0,0
0,1,0,1,6,6,1,0,0,0.0,0,Python,2024-2026,1.0,0.86,0.0,0.0,0
1,1,0,1,1,1,1,1,0,0.0,0,Python,2024-2026,1.0,0.5,0.5,0.0,0
1,1,0,1,11,5,2,0,1,3.0,0,Python,2024-2026,1.0,1.83,0.0,1.0,0
10,1,0,0,6,6,1,1,3,1.0,0,Python,2024-2026,1.0,0.86,0.5,0.5,0
10,1,0,0,70,5,2,1,2,1.5,0,Python,2024-2026,1.0,11.67,0.33,0.5,0
10,1,0,0,37,16,3,1,5,3.4,0,Python,2024-2026,1.0,2.18,0.25,0.85,0
12,1,0,0,77,2,2,1,3,7.33,0,Python,2024-2026,1.0,25.67,0.33,2.44,0
12,1,0,0,61,0,2,1,3,2.0,0,Python,2024-2026,1.0,61.0,0.33,0.67,0
12,1,0,0,44,3,3,1,2,10.5,0,Python,2024-2026,1.0,11.0,0.25,2.62,0
15,1,0,0,7,0,2,0,0,0.0,0,Python,2024-2026,1.0,7.0,0.0,0.0,2
15,1,0,0,15,14,6,2,0,0.0,0,Python,2024-2026,1.0,1.0,0.29,0.0,2
16,1,0,0,32,64,2,1,0,0.0,0,Python,2024-2026,1.0,0.49,0.33,0.0,2
16,1,0,0,62,35,1,0,0,0.0,0,Python,2024-2026,1.0,1.72,0.0,0.0,0
16,1,0,0,34,2,1,0,0,0.0,0,Python,2024-2026,1.0,11.33,0.0,0.0,0
10,2,0,0,664,3,327,193,0,0.0,0,Python,2024-2026,1.0,166.0,0.59,0.0,17
11,2,0,0,56,25,3,1,8,2.5,0,Python,2024-2026,1.0,2.15,0.25,0.62,17
11,2,0,0,47,2,3,2,4,10.25,0,Python,2024-2026,1.0,15.67,0.5,2.56,17
12,2,0,0,47,15,3,1,4,5.75,0,Python,2024-2026,1.0,2.94,0.25,1.44,0
13,2,0,0,13,2,3,1,3,8.67,0,Python,2024-2026,1.0,4.33,0.25,2.17,0
14,2,0,0,20,5,2,1,2,4.0,0,Python,2024-2026,1.0,3.33,0.33,1.33,0
15,2,0,0,0,38,1,1,0,0.0,0,Python,2024-2026,1.0,0.0,0.5,0.0,0
16,2,0,0,40,45,1,0,0,0.0,0,Python,2024-2026,1.0,0.87,0.0,0.0,0
16,2,0,0,29,15,2,2,14,1.64,0,Python,2024-2026,1.0,1.81,0.67,0.55,0
17,2,0,0,9,6,1,0,0,0.0,0,Python,2024-2026,1.0,1.29,0.0,0.0,0
18,2,0,0,1,0,1,0,0,0.0,0,Python,2024-2026,1.0,1.0,0.0,0.0,0
10,3,0,0,1459,1328,448,0,832,1.7,0,Python,2024-2026,1.0,1.1,0.0,0.0,0
10,3,0,0,18,18,5,0,52,2.77,0,Python,2024-2026,1.0,0.95,0.0,0.46,0
11,3,0,0,31,12,3,0,5,6.8,0,Python,2024-2026,1.0,2.38,0.0,1.7,17
12,3,0,0,74,14,5,0,2,1.0,0,Python,2024-2026,1.0,4.93,0.0,0.17,0
13,3,0,0,18,8,6,0,0,0.0,0,Python,2024-2026,1.0,2.0,0.0,0.0,0
13,3,0,0,3,3,2,0,11,3.27,0,Python,2024-2026,1.0,0.75,0.0,1.09,0
14,3,0,0,3,3,1,0,0,0.0,0,Python,2024-2026,1.0,0.75,0.0,0.0,0
14,3,0,0,2,2,1,0,0,0.0,0,Python,2024-2026,1.0,0.67,0.0,0.0,0
15,3,0,0,4,2,1,0,1,4.0,0,Python,2024-2026,1.0,1.33,0.0,2.0,0
15,3,0,0,30,1,3,1,2,2.5,0,Python,2024-2026,1.0,15.0,0.25,0.62,0
16,3,0,0,5,1,2,0,1,10.0,0,Python,2024-2026,1.0,2.5,0.0,3.33,0
17,3,0,0,50,97,3,1,9,2.89,0,Python,2024-2026,1.0,0.51,0.25,0.72,0
18,3,0,0,19,5,2,0,4,2.25,0,Python,2024-2026,1.0,3.17,0.0,0.75,2
21,3,0,0,3,0,2,0,0,0.0,0,Python,2024-2026,1.0,3.0,0.0,0.0,0
9,4,0,0,33,8,2,1,2,27.5,0,Python,2024-2026,1.0,3.67,0.33,9.17,0
11,4,0,0,178,117,2,1,14,5.36,0,Python,2024-2026,1.0,1.51,0.33,1.79,0
18,4,0,0,23,11,7,2,0,0.0,0,Python,2024-2026,1.0,1.92,0.25,0.0,2
9,0,0,0,51,51,8,2,0,0.0,0,Python,2024-2026,1.0,0.98,0.22,0.0,2
10,0,0,0,159,159,12,4,0,0.0,0,Python,2024-2026,1.0,0.99,0.31,0.0,0
10,0,0,0,7,7,1,1,0,0.0,0,Python,2024-2026,1.0,0.88,0.5,0.0,0
10,0,0,0,8,8,1,1,0,0.0,0,Python,2024-2026,1.0,0.89,0.5,0.0,0
10,0,0,0,56,58,2,1,0,0.0,0,Python,2024-2026,1.0,0.95,0.33,0.0,0
11,0,0,0,33,0,2,1,2,2.0,0,Python,2024-2026,1.0,33.0,0.33,0.67,0
11,0,0,0,105,5,2,1,4,1.5,0,Python,2024-2026,1.0,17.5,0.33,0.5,0
11,0,0,0,252,4,3,1,2,21.5,0,Python,2024-2026,1.0,50.4,0.25,5.38,0
14,0,0,0,2,2,2,0,0,0.0,0,Python,2024-2026,1.0,0.67,0.0,0.0,0
16,0,0,0,107,0,2,0,0,0.0,0,Python,2024-2026,1.0,107.0,0.0,0.0,0
17,0,0,0,5,0,3,2,0,0.0,0,Python,2024-2026,1.0,5.0,0.5,0.0,0
18,0,0,0,4,4,4,1,0,0.0,0,Python,2024-2026,1.0,0.8,0.2,0.0,2
18,0,0,0,1,0,1,0,0,0.0,0,Python,2024-2026,1.0,1.0,0.0,0.0,2
19,0,0,0,8,0,4,1,0,0.0,0,Python,2024-2026,1.0,8.0,0.2,0.0,2
2,1,0,1,153,40,3,1,5,15.2,0,Python,2024-2026,1.0,3.73,0.25,3.8,0
11,1,0,0,4338,2161,3,1,0,0.0,0,Python,2024-2026,1.0,2.01,0.25,0.0,2
11,1,0,0,54,15,1,1,3,2.0,0,Python,2024-2026,1.0,3.38,0.5,1.0,2
11,1,0,0,31,3,1,1,5,2.8,0,Python,2024-2026,1.0,7.75,0.5,1.4,2
11,1,0,0,10,1,1,0,0,0.0,0,Python,2024-2026,1.0,5.0,0.0,0.0,2
11,1,0,0,5688,2341,1,0,0,0.0,0,Python,2024-2026,1.0,2.43,0.0,0.0,2
11,1,0,0,3,0,1,0,0,0.0,0,Python,2024-2026,1.0,3.0,0.0,0.0,2
13,1,0,0,593,345,4,1,32,5.72,0,Python,2024-2026,1.0,1.71,0.2,1.14,0
16,1,0,0,0,69,2,1,6,2.33,0,Python,2024-2026,1.0,0.0,0.33,0.78,0
16,1,0,0,12,78,2,1,11,3.09,0,Python,2024-2026,1.0,0.15,0.33,1.03,0
16,1,0,0,13,236,2,1,15,3.73,0,Python,2024-2026,1.0,0.05,0.33,1.24,0
16,1,0,0,10,10,2,2,2,10.0,0,Python,2024-2026,1.0,0.91,0.67,3.33,0
20,1,0,0,333,68,3,1,11,9.82,0,Python,2024-2026,1.0,4.83,0.25,2.46,0
20,1,0,0,0,48,5,0,5,2.0,0,Python,2024-2026,1.0,0.0,0.0,0.33,0
9,2,0,0,411,3,2,1,1,6.0,0,Python,2024-2026,1.0,102.75,0.33,2.0,0
12,2,0,0,152,139,20,19,71,1.54,0,Python,2024-2026,1.0,1.09,0.9,0.07,0
13,2,0,0,14,6,2,0,1,5.0,0,Python,2024-2026,1.0,2.0,0.0,1.67,0
14,2,0,0,20,63,2,1,3,11.33,0,Python,2024-2026,1.0,0.31,0.33,3.78,0
15,2,0,0,69,40,4,1,3,16.0,0,Python,2024-2026,1.0,1.68,0.2,3.2,0
15,2,0,0,40,7,3,1,2,7.5,0,Python,2024-2026,1.0,5.0,0.25,1.88,0
16,2,0,0,43,1,3,1,2,3.0,0,Python,2024-2026,1.0,21.5,0.25,0.75,0
16,2,0,0,2,6,2,0,2,123.0,0,Python,2024-2026,1.0,0.29,0.0,41.0,2
18,2,0,0,551,35,13,3,28,4.39,1,Python,2024-2026,1.0,15.31,0.21,0.31,1
18,2,0,0,7,5,1,0,3,10.67,0,Python,2024-2026,1.0,1.17,0.0,5.34,0
22,2,0,1,143,30,4,1,11,4.64,0,Python,2024-2026,1.0,4.61,0.2,0.93,0
3,3,0,1,2,0,1,0,0,0.0,0,Python,2024-2026,1.0,2.0,0.0,0.0,0
13,3,0,0,2,14,1,1,2,6.0,0,Python,2024-2026,1.0,0.13,0.5,3.0,0
18,3,0,0,247,132,5,1,19,2.68,0,Python,2024-2026,1.0,1.86,0.17,0.45,0
10,4,0,0,67,58,5,2,2,4.5,0,Python,2024-2026,1.0,1.14,0.33,0.75,0
11,4,0,0,31,44,2,1,4,7.0,0,Python,2024-2026,1.0,0.69,0.33,2.33,0
11,4,0,0,4,0,1,0,0,0.0,0,Python,2024-2026,1.0,4.0,0.0,0.0,0
12,4,0,0,1,27,2,1,3,2.0,0,Python,2024-2026,1.0,0.04,0.33,0.67,0
13,4,0,0,18,34,2,1,3,15.67,0,Python,2024-2026,1.0,0.51,0.33,5.22,0
14,4,0,0,31,1,3,1,2,2.0,0,Python,2024-2026,1.0,15.5,0.25,0.5,0
14,4,0,0,0,45,4,2,4,4.5,0,Python,2024-2026,1.0,0.0,0.4,0.9,0
14,4,0,0,129,9,2,1,4,3.0,0,Python,2024-2026,1.0,12.9,0.33,1.0,0
16,4,0,0,3,3,1,0,0,0.0,0,Python,2024-2026,1.0,0.75,0.0,0.0,0
16,4,0,0,19,9,5,0,0,0.0,0,Python,2024-2026,1.0,1.9,0.0,0.0,0
18,4,0,0,14,21,1,1,7,2.0,0,Python,2024-2026,1.0,0.64,0.5,1.0,0
18,4,0,0,42,4,3,2,2,8.5,0,Python,2024-2026,1.0,8.4,0.5,2.12,0
9,5,1,0,55,2,4,2,3,5.0,0,Python,2024-2026,1.0,18.33,0.4,1.0,0
21,6,1,0,2,2,1,0,1,110.0,0,Python,2024-2026,1.0,0.67,0.0,55.0,0
10,0,0,0,18,16,1,1,0,0.0,0,Python,2024-2026,1.0,1.06,0.5,0.0,0
10,0,0,0,3,3,1,1,0,0.0,0,Python,2024-2026,1.0,0.75,0.5,0.0,0
10,0,0,0,3,3,1,1,0,0.0,0,Python,2024-2026,1.0,0.75,0.5,0.0,0
15,0,0,0,58,4,6,1,6,4.33,0,Python,2024-2026,1.0,11.6,0.14,0.62,0
15,0,0,0,1,0,1,0,1,3.0,0,Python,2024-2026,1.0,1.0,0.0,1.5,0
15,0,0,0,3,3,2,1,1,5.0,0,Python,2024-2026,1.0,0.75,0.33,1.67,0
15,0,0,0,32,3,3,1,2,6.0,0,Python,2024-2026,1.0,8.0,0.25,1.5,0
15,0,0,0,926,55,2,1,22,2.77,0,Python,2024-2026,1.0,16.54,0.33,0.92,0
15,0,0,0,42,0,2,1,3,5.33,0,Python,2024-2026,1.0,42.0,0.33,1.78,0
20,0,0,0,290,0,12,2,11,1.64,0,Python,2024-2026,1.0,290.0,0.15,0.13,0
21,0,0,0,2,2,1,0,0,0.0,0,Python,2024-2026,1.0,0.67,0.0,0.0,0
9,1,0,0,41,6,2,1,5,1.4,0,Python,2024-2026,1.0,5.86,0.33,0.47,0
9,1,0,0,12,0,1,1,1,16.0,0,Python,2024-2026,1.0,12.0,0.5,8.0,0
9,1,0,0,6,1,2,1,1,1.0,0,Python,2024-2026,1.0,3.0,0.33,0.33,0
12,1,0,0,99,3,5,2,2,7.5,0,Python,2024-2026,1.0,24.75,0.33,1.25,0
13,1,0,0,0,479,1,0,0,0.0,0,Python,2024-2026,1.0,0.0,0.0,0.0,0
16,1,0,0,1,4,1,1,1,2.0,0,Python,2024-2026,1.0,0.2,0.5,1.0,0
16,1,0,0,1,1,1,0,0,0.0,0,Python,2024-2026,1.0,0.5,0.0,0.0,0
16,1,0,0,1,1,1,0,0,0.0,0,Python,2024-2026,1.0,0.5,0.0,0.0,0
17,1,0,0,28,1,2,1,2,4.0,0,Python,2024-2026,1.0,14.0,0.33,1.33,0
17,1,0,0,77,0,2,1,4,2.0,0,Python,2024-2026,1.0,77.0,0.33,0.67,0
9,2,0,0,78,16,8,4,19,5.21,0,Python,2024-2026,1.0,4.59,0.44,0.58,0
10,2,0,0,3,80,3,2,7,2.57,0,Python,2024-2026,1.0,0.04,0.5,0.64,0
11,2,0,0,3,2,1,0,1,5.0,0,Python,2024-2026,1.0,1.0,0.0,2.5,0
14,2,0,0,1,4,1,0,1,22.0,0,Python,2024-2026,1.0,0.2,0.0,11.0,0
14,2,0,0,0,20,2,1,1,28.0,0,Python,2024-2026,1.0,0.0,0.33,9.33,0
16,2,0,0,3,1,2,0,0,0.0,0,Python,2024-2026,1.0,1.5,0.0,0.0,17
17,2,0,0,7,28,2,1,7,1.14,0,Python,2024-2026,1.0,0.24,0.33,0.38,0
18,2,0,0,28,0,1,1,1,1.0,0,Python,2024-2026,1.0,28.0,0.5,0.5,0
23,2,0,1,10,1,2,0,1,3.0,0,Python,2024-2026,1.0,5.0,0.0,1.0,2
23,2,0,1,12,12,1,0,0,0.0,0,Python,2024-2026,1.0,0.92,0.0,0.0,0
23,2,0,1,0,1,1,0,0,0.0,0,Python,2024-2026,1.0,0.0,0.0,0.0,0
23,2,0,1,12,12,1,0,0,0.0,0,Python,2024-2026,1.0,0.92,0.0,0.0,0
0,3,0,1,21,7,2,1,2,18.0,0,Python,2024-2026,1.0,2.62,0.33,6.0,2
0,3,0,1,71,37,4,0,0,0.0,0,Python,2024-2026,1.0,1.87,0.0,0.0,0
9,3,0,0,1,1,1,0,1,3.0,0,Python,2024-2026,1.0,0.5,0.0,1.5,0
10,3,0,0,10,3,1,1,1,12.0,0,Python,2024-2026,1.0,2.5,0.5,6.0,0
11,3,0,0,23,1,2,1,2,2.0,0,Python,2024-2026,1.0,11.5,0.33,0.67,2
11,3,0,0,87,43,7,2,16,9.19,0,Python,2024-2026,1.0,1.98,0.25,1.15,0
12,3,0,0,86,83,12,4,0,0.0,0,Python,2024-2026,1.0,1.02,0.31,0.0,0
15,3,0,0,110,45,4,3,7,5.57,0,Python,2024-2026,1.0,2.39,0.6,1.11,0
16,3,0,0,255,1,12,2,14,1.71,0,Python,2024-2026,1.0,127.5,0.15,0.13,0
16,3,0,0,14,0,2,1,2,4.0,0,Python,2024-2026,1.0,14.0,0.33,1.33,0
17,3,0,0,62,5,3,1,3,26.0,0,Python,2024-2026,1.0,10.33,0.25,6.5,0
17,3,0,0,1,1,1,0,0,0.0,0,Python,2024-2026,1.0,0.5,0.0,0.0,0
18,3,0,0,7,13,3,2,3,6.67,0,Python,2024-2026,1.0,0.5,0.5,1.67,0
18,3,0,0,0,8,2,1,1,2.0,0,Python,2024-2026,1.0,0.0,0.33,0.67,0
18,3,0,0,231,6,3,2,2,4.0,0,Python,2024-2026,1.0,33.0,0.5,1.0,0
18,3,0,0,16,27,2,1,9,3.78,0,Python,2024-2026,1.0,0.57,0.33,1.26,0
18,3,0,0,4,2,2,1,1,10.0,0,Python,2024-2026,1.0,1.33,0.33,3.33,0
18,3,0,0,3,9,2,1,2,1.0,0,Python,2024-2026,1.0,0.3,0.33,0.33,0
18,3,0,0,1,2,1,0,0,0.0,0,Python,2024-2026,1.0,0.33,0.0,0.0,0
21,3,0,0,4,4,1,0,0,0.0,0,Python,2024-2026,1.0,0.8,0.0,0.0,0
9,4,0,0,8,5,1,0,1,9.0,0,Python,2024-2026,1.0,1.33,0.0,4.5,0
10,4,0,0,82,0,3,1,5,5.2,0,Python,2024-2026,1.0,82.0,0.25,1.3,0
10,4,0,0,41,22,2,1,4,11.25,0,Python,2024-2026,1.0,1.78,0.33,3.75,0
10,4,0,0,2,4,2,1,1,1.0,0,Python,2024-2026,1.0,0.4,0.33,0.33,0
10,4,0,0,7,5,2,1,4,3.25,0,Python,2024-2026,1.0,1.17,0.33,1.08,0
10,4,0,0,15,2,3,1,3,2.67,0,Python,2024-2026,1.0,5.0,0.25,0.67,0
11,4,0,0,67,2,5,0,9,4.11,0,Python,2024-2026,1.0,22.33,0.0,0.68,0
13,4,0,0,13,3,1,0,1,4.0,0,Python,2024-2026,1.0,3.25,0.0,2.0,0
13,4,0,0,15,16,3,1,5,4.8,0,Python,2024-2026,1.0,0.88,0.25,1.2,0
16,4,0,0,68,3,2,0,0,0.0,0,Python,2024-2026,1.0,17.0,0.0,0.0,0
16,4,0,0,97,18,2,1,5,6.6,0,Python,2024-2026,1.0,5.11,0.33,2.2,0
17,4,0,0,6,2,1,0,0,0.0,0,Python,2024-2026,1.0,2.0,0.0,0.0,0
1,5,1,1,237,70,8,1,12,13.33,0,Python,2024-2026,1.0,3.34,0.11,1.48,0
13,5,1,0,2,1,2,1,1,19.0,0,Python,2024-2026,1.0,1.0,0.33,6.33,0
15,5,1,0,73,37,4,2,0,0.0,0,Python,2024-2026,1.0,1.92,0.4,0.0,0
15,5,1,0,3,5,1,0,2,3.0,0,Python,2024-2026,1.0,0.5,0.0,1.5,0
10,0,0,0,25,24,1,1,0,0.0,0,Python,2024-2026,1.0,1.0,0.5,0.0,0
10,0,0,0,3,3,1,1,0,0.0,0,Python,2024-2026,1.0,0.75,0.5,0.0,0
12,0,0,0,12,7,3,1,1,2.0,0,Python,2024-2026,1.0,1.5,0.25,0.5,0
12,0,0,0,1,0,1,0,0,0.0,0,Python,2024-2026,1.0,1.0,0.0,0.0,17
16,0,0,0,2,2,1,1,0,0.0,0,Python,2024-2026,1.0,0.67,0.5,0.0,0
18,0,0,0,140,31,2,1,14,5.86,0,Python,2024-2026,1.0,4.38,0.33,1.95,0
18,0,0,0,7,7,2,2,0,0.0,0,Python,2024-2026,1.0,0.88,0.67,0.0,0
19,0,0,0,41,32,1,0,1,31.0,0,Python,2024-2026,1.0,1.24,0.0,15.5,0
19,0,0,0,226,133,2,1,6,9.17,0,Python,2024-2026,1.0,1.69,0.33,3.06,0
19,0,0,0,107,0,2,1,9,3.56,0,Python,2024-2026,1.0,107.0,0.33,1.19,0
19,0,0,0,412,56,2,1,19,4.21,0,Python,2024-2026,1.0,7.23,0.33,1.4,0
9,1,0,0,7,12,1,0,0,0.0,0,Python,2024-2026,1.0,0.54,0.0,0.0,0
9,1,0,0,139,0,12,2,10,1.3,0,Python,2024-2026,1.0,139.0,0.15,0.1,0
11,1,0,0,12,0,1,0,2,5.0,0,Python,2024-2026,1.0,12.0,0.0,2.5,0
11,1,0,0,42,108,3,0,5,10.4,0,Python,2024-2026,1.0,0.39,0.0,2.6,0
11,1,0,0,25,18,2,1,2,15.0,0,Python,2024-2026,1.0,1.32,0.33,5.0,0
11,1,0,0,6,10,4,3,2,2.0,0,Python,2024-2026,1.0,0.55,0.6,0.4,0
11,1,0,0,46,18,3,2,2,17.0,0,Python,2024-2026,1.0,2.42,0.5,4.25,0
11,1,0,0,17,5,2,1,2,3.0,0,Python,2024-2026,1.0,2.83,0.33,1.0,0
11,1,0,0,74,23,1,0,1,22.0,0,Python,2024-2026,1.0,3.08,0.0,11.0,0
11,1,0,0,4,4,1,0,2,5.5,0,Python,2024-2026,1.0,0.8,0.0,2.75,0
11,1,0,0,12,12,1,0,7,2.71,0,Python,2024-2026,1.0,0.92,0.0,1.36,0
11,1,0,0,27,18,2,1,5,2.8,0,Python,2024-2026,1.0,1.42,0.33,0.93,0
11,1,0,0,259,0,9,1,17,1.76,0,Python,2024-2026,1.0,259.0,0.1,0.18,0
11,1,0,0,348,0,4,1,14,1.64,0,Python,2024-2026,1.0,348.0,0.2,0.33,0
12,1,0,0,838,780,69,27,218,7.4,0,Python,2024-2026,1.0,1.07,0.39,0.11,17
12,1,0,0,3,0,1,1,1,4.0,0,Python,2024-2026,1.0,3.0,0.5,2.0,0
12,1,0,0,57,3,2,1,1,6.0,0,Python,2024-2026,1.0,14.25,0.33,2.0,0
12,1,0,0,17,15,1,1,2,9.0,0,Python,2024-2026,1.0,1.06,0.5,4.5,0
16,1,0,0,7,6,2,1,7,1.14,0,Python,2024-2026,1.0,1.0,0.33,0.38,0
17,1,0,0,2,0,1,0,0,0.0,0,Python,2024-2026,1.0,2.0,0.0,0.0,0
22,1,0,1,72,66,3,1,21,1.29,0,Python,2024-2026,1.0,1.07,0.25,0.32,0
7,2,0,0,9,9,4,0,2,5.0,0,Python,2024-2026,1.0,0.9,0.0,1.0,17
9,2,0,0,43,8,15,5,0,0.0,0,Python,2024-2026,1.0,4.78,0.31,0.0,0
9,2,0,0,41,6,2,1,5,1.4,0,Python,2024-2026,1.0,5.86,0.33,0.47,0
11,2,0,0,124,61,8,2,0,0.0,0,Python,2024-2026,1.0,2.0,0.22,0.0,17
14,2,0,0,4,4,1,0,2,2.0,0,Python,2024-2026,1.0,0.8,0.0,1.0,17
14,2,0,0,45,9,3,1,7,9.43,0,Python,2024-2026,1.0,4.5,0.25,2.36,0
15,2,0,0,81,20,2,1,4,5.75,0,Python,2024-2026,1.0,3.86,0.33,1.92,0
17,2,0,0,139,0,12,2,12,1.25,0,Python,2024-2026,1.0,139.0,0.15,0.1,0
17,2,0,0,774,24,7,1,36,2.92,0,Python,2024-2026,1.0,30.96,0.12,0.36,0
18,2,0,0,235,27,4,2,16,4.88,0,Python,2024-2026,1.0,8.39,0.4,0.98,0
9,3,0,0,231,9,2,1,8,2.0,0,Python,2024-2026,1.0,23.1,0.33,0.67,0
12,3,0,0,97,75,29,28,67,3.97,0,Python,2024-2026,1.0,1.28,0.93,0.13,0
15,3,0,0,24,2,3,1,2,10.0,0,Python,2024-2026,1.0,8.0,0.25,2.5,0
15,3,0,0,78,20,1,0,4,3.75,0,Python,2024-2026,1.0,3.71,0.0,1.88,0
15,3,0,0,144,91,3,0,22,6.77,0,Python,2024-2026,1.0,1.57,0.0,1.69,0
17,3,0,0,4,0,1,0,0,0.0,0,Python,2024-2026,1.0,4.0,0.0,0.0,2
9,4,0,0,4,3,2,0,0,0.0,0,Python,2024-2026,1.0,1.0,0.0,0.0,17
9,4,0,0,17,20,1,0,0,0.0,0,Python,2024-2026,1.0,0.81,0.0,0.0,0
11,4,0,0,225,15,2,1,23,4.13,0,Python,2024-2026,1.0,14.06,0.33,1.38,0
11,4,0,0,11,11,6,0,0,0.0,0,Python,2024-2026,1.0,0.92,0.0,0.0,0
12,4,0,0,1,1,1,0,0,0.0,0,Python,2024-2026,1.0,0.5,0.0,0.0,0
12,4,0,0,22,1,3,1,3,2.0,0,Python,2024-2026,1.0,11.0,0.25,0.5,0
12,4,0,0,4,4,1,0,1,1.0,0,Python,2024-2026,1.0,0.8,0.0,0.5,0
14,4,0,0,206,241,66,16,94,12.54,0,Python,2024-2026,1.0,0.85,0.24,0.19,17
16,4,0,0,2,3,2,0,2,3.5,0,Python,2024-2026,1.0,0.5,0.0,1.17,0
19,4,0,0,135,70,8,3,19,8.63,0,Python,2024-2026,1.0,1.9,0.33,0.96,0
7,0,0,0,80,110,15,3,15,9.73,0,Python,2024-2026,1.0,0.72,0.19,0.61,17
8,0,0,0,98,95,31,3,71,8.31,0,Python,2024-2026,1.0,1.02,0.09,0.26,17
10,0,0,0,9,9,1,1,0,0.0,0,Python,2024-2026,1.0,0.9,0.5,0.0,0
10,0,0,0,2,2,1,1,0,0.0,0,Python,2024-2026,1.0,0.67,0.5,0.0,0
10,0,0,0,37,32,4,0,7,1.43,0,Python,2024-2026,1.0,1.12,0.0,0.29,17
10,0,0,0,2,2,1,1,0,0.0,0,Python,2024-2026,1.0,0.67,0.5,0.0,0
11,0,0,0,18,6,2,1,2,2.5,0,Python,2024-2026,1.0,2.57,0.33,0.83,0
12,0,0,0,20,0,3,1,2,1.5,0,Python,2024-2026,1.0,20.0,0.25,0.38,0
12,0,0,0,76,4,6,3,15,1.53,0,Python,2024-2026,1.0,15.2,0.43,0.22,0
12,0,0,0,13,3,3,0,2,1.0,0,Python,2024-2026,1.0,3.25,0.0,0.25,17
13,0,0,0,3,3,1,1,3,6.67,0,Python,2024-2026,1.0,0.75,0.5,3.34,0
13,0,0,0,11,4,1,1,0,0.0,0,Python,2024-2026,1.0,2.2,0.5,0.0,0
16,0,0,0,123,123,75,36,82,3.27,0,Python,2024-2026,1.0,0.99,0.47,0.04,0
16,0,0,0,74,173,3,1,10,2.8,0,Python,2024-2026,1.0,0.43,0.25,0.7,0
16,0,0,0,4,4,1,0,2,5.5,0,Python,2024-2026,1.0,0.8,0.0,2.75,0
16,0,0,0,5,1,1,0,1,1.0,0,Python,2024-2026,1.0,2.5,0.0,0.5,0
16,0,0,0,206,203,12,4,0,0.0,0,Python,2024-2026,1.0,1.01,0.31,0.0,0
17,0,0,0,31,0,1,0,0,0.0,0,Python,2024-2026,1.0,31.0,0.0,0.0,17
17,0,0,0,14,5,3,2,4,7.25,0,Python,2024-2026,1.0,2.33,0.5,1.81,0
18,0,0,0,30,2,2,1,2,1.5,0,Python,2024-2026,1.0,10.0,0.33,0.5,2
18,0,0,0,336,0,12,1,13,4.85,0,Python,2024-2026,1.0,336.0,0.08,0.37,0
19,0,0,0,75,1,1,1,1,1.0,0,Python,2024-2026,1.0,37.5,0.5,0.5,0
20,0,0,0,60,4,3,1,5,13.4,0,Python,2024-2026,1.0,12.0,0.25,3.35,0
7,1,0,0,6,2,1,0,0,0.0,0,Python,2024-2026,1.0,2.0,0.0,0.0,17
8,1,0,0,13,13,5,2,0,0.0,0,Python,2024-2026,1.0,0.93,0.33,0.0,0
8,1,0,0,9,14,5,0,1,4.0,0,Python,2024-2026,1.0,0.6,0.0,0.67,17
9,1,0,0,168,0,4,2,14,5.0,0,Python,2024-2026,1.0,168.0,0.4,1.0,0
10,1,0,0,3,2,1,0,0,0.0,0,Python,2024-2026,1.0,1.0,0.0,0.0,17
10,1,0,0,781,18,8,2,41,3.66,0,Python,2024-2026,1.0,41.11,0.22,0.41,0
11,1,0,0,39,53,1,1,15,2.13,0,Python,2024-2026,1.0,0.72,0.5,1.06,0
12,1,0,0,2,3,1,0,0,0.0,0,Python,2024-2026,1.0,0.5,0.0,0.0,0
14,1,0,0,28,8,4,2,0,0.0,0,Python,2024-2026,1.0,3.11,0.4,0.0,0
14,1,0,0,1,1,1,0,0,0.0,0,Python,2024-2026,1.0,0.5,0.0,0.0,0
16,1,0,0,1,1,1,0,0,0.0,0,Python,2024-2026,1.0,0.5,0.0,0.0,0
16,1,0,0,408,418,16,0,0,0.0,0,Python,2024-2026,1.0,0.97,0.0,0.0,0
17,1,0,0,112,0,10,2,10,2.2,0,Python,2024-2026,1.0,112.0,0.18,0.2,0
17,1,0,0,7,0,1,0,1,25.0,0,Python,2024-2026,1.0,7.0,0.0,12.5,0
19,1,0,0,32,1,3,1,2,5.0,0,Python,2024-2026,1.0,16.0,0.25,1.25,0
20,1,0,0,130,146,2,2,6,1.83,0,Python,2024-2026,1.0,0.88,0.67,0.61,0
20,1,0,0,221,15,7,1,16,9.25,0,Python,2024-2026,1.0,13.81,0.12,1.16,0
20,1,0,0,54,11,2,1,6,5.83,0,Python,2024-2026,1.0,4.5,0.33,1.94,0
20,1,0,0,132,22,3,1,9,13.78,0,Python,2024-2026,1.0,5.74,0.25,3.44,0
21,1,0,0,12,11,1,0,0,0.0,0,Python,2024-2026,1.0,1.0,0.0,0.0,0
10,2,0,0,123,48,3,1,17,2.35,0,Python,2024-2026,1.0,2.51,0.25,0.59,0
10,2,0,0,1,1,1,1,0,0.0,0,Python,2024-2026,1.0,0.5,0.5,0.0,0
13,2,0,0,19,0,2,2,2,1.0,0,Python,2024-2026,1.0,19.0,0.67,0.33,0
13,2,0,0,0,27,1,0,0,0.0,0,Python,2024-2026,1.0,0.0,0.0,0.0,0
14,2,0,0,6,0,1,0,1,1.0,0,Python,2024-2026,1.0,6.0,0.0,0.5,0
17,2,0,0,27,12,1,0,0,0.0,0,Python,2024-2026,1.0,2.08,0.0,0.0,0
17,2,0,0,17,11,1,0,0,0.0,0,Python,2024-2026,1.0,1.42,0.0,0.0,0
0,3,0,1,1,1,2,0,0,0.0,0,Python,2024-2026,1.0,0.5,0.0,0.0,0
1,3,0,1,190,17,9,0,4,4.75,0,Python,2024-2026,1.0,10.56,0.0,0.48,0
10,3,0,0,658,764,48,17,32,6.0,0,Python,2024-2026,1.0,0.86,0.35,0.12,0
21,3,0,0,5,3,1,0,1,3.0,0,Python,2024-2026,1.0,1.25,0.0,1.5,0
2,4,0,1,12,18,7,0,0,0.0,0,Python,2024-2026,1.0,0.63,0.0,0.0,0
3,4,0,1,2,2,1,0,0,0.0,0,Python,2024-2026,1.0,0.67,0.0,0.0,0
11,4,0,0,53,47,12,0,14,6.5,0,Python,2024-2026,1.0,1.1,0.0,0.5,0
12,4,0,0,6,1,1,1,5,1.0,0,Python,2024-2026,1.0,3.0,0.5,0.5,2
12,4,0,0,1,3,1,1,1,1.0,0,Python,2024-2026,1.0,0.25,0.5,0.5,2
12,4,0,0,3,8,1,1,3,1.0,0,Python,2024-2026,1.0,0.33,0.5,0.5,2
12,4,0,0,0,1,1,1,0,0.0,0,Python,2024-2026,1.0,0.0,0.5,0.0,2
12,4,0,0,199,112,3,1,5,11.0,0,Python,2024-2026,1.0,1.76,0.25,2.75,0
14,4,0,0,190,0,10,2,16,2.5,0,Python,2024-2026,1.0,190.0,0.18,0.23,0
16,4,0,0,6,5,1,1,2,5.0,0,Python,2024-2026,1.0,1.0,0.5,2.5,0
