commit_hour,day_of_week,is_weekend,is_night_commit,lines_added,lines_deleted,files_changed,test_files_changed,num_methods,avg_complexity,is_buggy,language_group,time_period,confidence,churn_ratio,test_ratio,complexity_per_file,prior_bugs_author
10,0,0,0,2,2,1,0,0,0.0,0,Python,2018-2020,1.0,0.67,0.0,0.0,0
10,0,0,0,5,1,1,0,1,5.0,0,Python,2018-2020,1.0,2.5,0.0,2.5,0
10,0,0,0,24,0,1,0,2,5.5,0,Python,2018-2020,1.0,24.0,0.0,2.75,0
10,0,0,0,5,1,1,0,1,3.0,0,Python,2018-2020,1.0,2.5,0.0,1.5,0
11,0,0,0,15,2,2,2,2,1.5,0,Python,2018-2020,1.0,5.0,0.67,0.5,0
11,0,0,0,2,0,1,0,1,1.0,0,Python,2018-2020,1.0,2.0,0.0,0.5,0
11,0,0,0,9,1,1,1,2,1.0,0,Python,2018-2020,1.0,4.5,0.5,0.5,0
13,0,0,0,4,4,1,0,0,0.0,0,Python,2018-2020,1.0,0.8,0.0,0.0,0
13,0,0,0,4,0,1,0,1,12.0,0,Python,2018-2020,1.0,4.0,0.0,6.0,0
13,0,0,0,11,0,3,1,5,2.2,0,Python,2018-2020,1.0,11.0,0.25,0.55,0
14,0,0,0,4,0,1,0,0,0.0,0,Python,2018-2020,1.0,4.0,0.0,0.0,0
11,1,0,0,5,5,3,0,0,0.0,0,Python,2018-2020,1.0,0.83,0.0,0.0,0
11,1,0,0,0,1,1,0,1,3.0,0,Python,2018-2020,1.0,0.0,0.0,1.5,0
11,1,0,0,2,2,1,0,0,0.0,0,Python,2018-2020,1.0,0.67,0.0,0.0,0
10,2,0,0,3,0,1,0,1,4.0,0,Python,2018-2020,1.0,3.0,0.0,2.0,0
10,2,0,0,4,6,3,0,3,3.67,0,Python,2018-2020,1.0,0.57,0.0,0.92,0
23,2,0,1,2,7,2,1,3,3.0,0,Python,2018-2020,1.0,0.25,0.33,1.0,0
23,2,0,1,13,14,3,1,8,1.75,0,Python,2018-2020,1.0,0.87,0.25,0.44,0
1,3,0,1,596,22,8,1,52,1.37,0,Python,2018-2020,1.0,25.91,0.11,0.15,0
13,3,0,0,2,2,1,0,3,3.67,0,Python,2018-2020,1.0,0.67,0.0,1.84,0
14,3,0,0,18,17,1,0,0,0.0,0,Python,2018-2020,1.0,1.0,0.0,0.0,0
14,3,0,0,6,1,1,0,2,2.0,0,Python,2018-2020,1.0,3.0,0.0,1.0,0
14,3,0,0,3,2,1,0,4,6.5,0,Python,2018-2020,1.0,1.0,0.0,3.25,0
15,3,0,0,1,2,1,0,1,15.0,0,Python,2018-2020,1.0,0.33,0.0,7.5,0
15,3,0,0,97,0,1,1,10,1.1,0,Python,2018-2020,1.0,97.0,0.5,0.55,0
16,3,0,0,7,0,1,0,0,0.0,0,Python,2018-2020,1.0,7.0,0.0,0.0,0
17,3,0,0,13,9,4,0,11,4.0,0,Python,2018-2020,1.0,1.3,0.0,0.8,0
17,3,0,0,10,1,2,1,0,0.0,0,Python,2018-2020,1.0,5.0,0.33,0.0,0
20,3,0,0,1,0,1,0,0,0.0,0,Python,2018-2020,1.0,1.0,0.0,0.0,0
11,4,0,0,11,1,1,0,0,0.0,0,Python,2018-2020,1.0,5.5,0.0,0.0,0
12,4,0,0,1,0,1,0,0,0.0,0,Python,2018-2020,1.0,1.0,0.0,0.0,0
11,0,0,0,2,1,1,0,0,0.0,0,Python,2018-2020,1.0,1.0,0.0,0.0,0
12,0,0,0,2,1,1,0,0,0.0,0,Python,2018-2020,1.0,1.0,0.0,0.0,0
14,0,0,0,28,1,1,0,1,3.0,0,Python,2018-2020,1.0,14.0,0.0,1.5,0
16,0,0,0,133,3,1,0,1,19.0,0,Python,2018-2020,1.0,33.25,0.0,9.5,0
20,0,0,0,23,1,2,1,3,2.67,0,Python,2018-2020,1.0,11.5,0.33,0.89,0
20,0,0,0,4,5,1,0,0,0.0,0,Python,2018-2020,1.0,0.67,0.0,0.0,0
10,1,0,0,9,4,1,0,1,19.0,0,Python,2018-2020,1.0,1.8,0.0,9.5,0
11,1,0,0,1,1,1,0,2,1.0,0,Python,2018-2020,1.0,0.5,0.0,0.5,0
11,1,0,0,1,1,1,0,2,1.0,0,Python,2018-2020,1.0,0.5,0.0,0.5,0
11,1,0,0,1,1,1,0,1,17.0,0,Python,2018-2020,1.0,0.5,0.0,8.5,0
13,1,0,0,2,1,1,0,1,3.0,0,Python,2018-2020,1.0,1.0,0.0,1.5,0
14,1,0,0,38,0,2,1,6,1.0,0,Python,2018-2020,1.0,38.0,0.33,0.33,0
14,1,0,0,2,0,1,0,0,0.0,0,Python,2018-2020,1.0,2.0,0.0,0.0,0
14,1,0,0,9,0,1,1,2,1.5,0,Python,2018-2020,1.0,9.0,0.5,0.75,0
15,1,0,0,11,9,1,0,0,0.0,0,Python,2018-2020,1.0,1.1,0.0,0.0,0
15,1,0,0,15,1,1,0,1,2.0,0,Python,2018-2020,1.0,7.5,0.0,1.0,0
15,1,0,0,155,2,2,1,16,1.12,0,Python,2018-2020,1.0,51.67,0.33,0.37,0
15,1,0,0,1,1,1,0,0,0.0,0,Python,2018-2020,1.0,0.5,0.0,0.0,0
15,1,0,0,3,3,1,0,0,0.0,0,Python,2018-2020,1.0,0.75,0.0,0.0,0
17,1,0,0,27,0,1,0,0,0.0,0,Python,2018-2020,1.0,27.0,0.0,0.0,0
19,1,0,0,1,1,1,0,0,0.0,0,Python,2018-2020,1.0,0.5,0.0,0.0,0
19,1,0,0,2,2,2,1,2,3.5,0,Python,2018-2020,1.0,0.67,0.33,1.17,0
0,2,0,1,85,101,8,1,21,1.43,0,Python,2018-2020,1.0,0.83,0.11,0.16,0
10,2,0,0,7,5,3,0,0,0.0,0,Python,2018-2020,1.0,1.17,0.0,0.0,0
11,2,0,0,21,0,1,0,0,0.0,0,Python,2018-2020,1.0,21.0,0.0,0.0,0
11,2,0,0,98,0,1,0,0,0.0,0,Python,2018-2020,1.0,98.0,0.0,0.0,0
12,2,0,0,35,20,2,1,3,2.33,0,Python,2018-2020,1.0,1.67,0.33,0.78,0
12,2,0,0,2,2,1,0,0,0.0,0,Python,2018-2020,1.0,0.67,0.0,0.0,0
16,2,0,0,74,1,1,0,0,0.0,0,Python,2018-2020,1.0,37.0,0.0,0.0,0
13,3,0,0,1,4,1,0,0,0.0,0,Python,2018-2020,1.0,0.2,0.0,0.0,0
15,3,0,0,41,4,1,0,1,21.0,0,Python,2018-2020,1.0,8.2,0.0,10.5,0
17,3,0,0,162,33,9,0,29,2.79,0,Python,2018-2020,1.0,4.76,0.0,0.28,0
17,3,0,0,1,1,1,0,1,1.0,0,Python,2018-2020,1.0,0.5,0.0,0.5,0
17,3,0,0,1,1,1,0,0,0.0,0,Python,2018-2020,1.0,0.5,0.0,0.0,0
12,4,0,0,201,199,5,1,59,1.1,0,Python,2018-2020,1.0,1.0,0.17,0.18,0
14,4,0,0,21,6,2,1,5,4.8,0,Python,2018-2020,1.0,3.0,0.33,1.6,0
18,4,0,0,61,2,2,1,5,2.8,0,Python,2018-2020,1.0,20.33,0.33,0.93,0
18,4,0,0,13,0,1,1,1,1.0,0,Python,2018-2020,1.0,13.0,0.5,0.5,0
9,0,0,0,5,5,2,1,3,1.67,0,Python,2018-2020,1.0,0.83,0.33,0.56,0
9,0,0,0,1,1,1,0,0,0.0,0,Python,2018-2020,1.0,0.5,0.0,0.0,0
10,0,0,0,0,1,1,0,1,1.0,0,Python,2018-2020,1.0,0.0,0.0,0.5,0
9,1,0,0,11,8,2,1,0,0.0,0,Python,2018-2020,1.0,1.22,0.33,0.0,0
11,1,0,0,2,0,1,0,0,0.0,0,Python,2018-2020,1.0,2.0,0.0,0.0,0
11,1,0,0,1,0,1,1,0,0.0,0,Python,2018-2020,1.0,1.0,0.5,0.0,0
15,1,0,0,11,4,1,0,1,39.0,0,Python,2018-2020,1.0,2.2,0.0,19.5,0
16,1,0,0,28,54,2,1,21,1.05,0,Python,2018-2020,1.0,0.51,0.33,0.35,0
16,1,0,0,3,1,1,0,1,2.0,0,Python,2018-2020,1.0,1.5,0.0,1.0,0
16,1,0,0,10,6,2,0,5,7.2,0,Python,2018-2020,1.0,1.43,0.0,2.4,0
22,1,0,1,11,11,1,0,0,0.0,0,Python,2018-2020,1.0,0.92,0.0,0.0,0
23,1,0,1,2,2,2,0,2,5.5,0,Python,2018-2020,1.0,0.67,0.0,1.83,0
9,2,0,0,16,2,2,0,0,0.0,0,Python,2018-2020,1.0,5.33,0.0,0.0,0
10,2,0,0,2,2,1,1,2,1.5,0,Python,2018-2020,1.0,0.67,0.5,0.75,0
10,2,0,0,6,2,1,0,2,2.5,0,Python,2018-2020,1.0,2.0,0.0,1.25,0
10,2,0,0,12,0,1,1,1,2.0,0,Python,2018-2020,1.0,12.0,0.5,1.0,0
11,2,0,0,2,1,1,1,0,0.0,0,Python,2018-2020,1.0,1.0,0.5,0.0,0
12,2,0,0,4,10,1,1,4,1.0,0,Python,2018-2020,1.0,0.36,0.5,0.5,0
15,2,0,0,32,0,1,1,1,2.0,0,Python,2018-2020,1.0,32.0,0.5,1.0,0
15,2,0,0,0,10,3,0,4,8.75,0,Python,2018-2020,1.0,0.0,0.0,2.19,0
15,2,0,0,1,1,1,0,0,0.0,0,Python,2018-2020,1.0,0.5,0.0,0.0,0
12,3,0,0,1,0,1,0,0,0.0,0,Python,2018-2020,1.0,1.0,0.0,0.0,0
15,3,0,0,6,1,2,1,0,0.0,0,Python,2018-2020,1.0,3.0,0.33,0.0,0
15,3,0,0,20,19,1,0,0,0.0,0,Python,2018-2020,1.0,1.0,0.0,0.0,0
15,3,0,0,17,29,1,1,3,1.0,0,Python,2018-2020,1.0,0.57,0.5,0.5,0
9,4,0,0,15,10,1,0,11,1.45,0,Python,2018-2020,1.0,1.36,0.0,0.72,0
10,4,0,0,5,5,1,0,7,1.86,0,Python,2018-2020,1.0,0.83,0.0,0.93,0
10,4,0,0,2,2,1,0,0,0.0,0,Python,2018-2020,1.0,0.67,0.0,0.0,0
10,4,0,0,4,2,1,0,0,0.0,0,Python,2018-2020,1.0,1.33,0.0,0.0,0
11,4,0,0,3,2,1,0,1,2.0,0,Python,2018-2020,1.0,1.0,0.0,1.0,0
11,4,0,0,42,19,1,0,1,7.0,0,Python,2018-2020,1.0,2.1,0.0,3.5,0
11,4,0,0,1,1,1,0,1,3.0,0,Python,2018-2020,1.0,0.5,0.0,1.5,0
11,4,0,0,5,4,1,0,0,0.0,0,Python,2018-2020,1.0,1.0,0.0,0.0,0
11,4,0,0,2,2,1,0,1,2.0,0,Python,2018-2020,1.0,0.67,0.0,1.0,0
12,4,0,0,10,8,1,0,4,8.0,0,Python,2018-2020,1.0,1.11,0.0,4.0,0
12,4,0,0,2,1,1,1,1,1.0,0,Python,2018-2020,1.0,1.0,0.5,0.5,0
12,4,0,0,18,24,4,0,6,2.33,0,Python,2018-2020,1.0,0.72,0.0,0.47,0
12,4,0,0,20,1,3,1,4,3.75,0,Python,2018-2020,1.0,10.0,0.25,0.94,0
13,4,0,0,9,0,1,1,1,1.0,0,Python,2018-2020,1.0,9.0,0.5,0.5,0
14,4,0,0,53,4,1,0,1,13.0,0,Python,2018-2020,1.0,10.6,0.0,6.5,0
15,4,0,0,10,12,1,1,2,1.0,0,Python,2018-2020,1.0,0.77,0.5,0.5,0
15,4,0,0,2,2,1,0,1,9.0,0,Python,2018-2020,1.0,0.67,0.0,4.5,0
17,4,0,0,41,10,2,1,6,3.67,0,Python,2018-2020,1.0,3.73,0.33,1.22,0
17,4,0,0,62,0,2,1,9,1.56,0,Python,2018-2020,1.0,62.0,0.33,0.52,0
18,4,0,0,30,11,1,0,3,5.33,0,Python,2018-2020,1.0,2.5,0.0,2.66,0
18,4,0,0,64,0,1,0,0,0.0,0,Python,2018-2020,1.0,64.0,0.0,0.0,0
18,4,0,0,2,2,1,0,1,5.0,0,Python,2018-2020,1.0,0.67,0.0,2.5,0
18,4,0,0,21,0,1,1,2,1.0,0,Python,2018-2020,1.0,21.0,0.5,0.5,0
21,4,0,0,4,8,2,1,2,3.0,0,Python,2018-2020,1.0,0.44,0.33,1.0,0
21,4,0,0,4,1,1,0,1,3.0,0,Python,2018-2020,1.0,2.0,0.0,1.5,0
17,5,1,0,16,8,1,0,7,2.14,0,Python,2018-2020,1.0,1.78,0.0,1.07,0
19,5,1,0,1,0,1,0,0,0.0,0,Python,2018-2020,1.0,1.0,0.0,0.0,0
10,0,0,0,1,1,1,0,1,3.0,0,Python,2018-2020,1.0,0.5,0.0,1.5,0
10,0,0,0,4,2,1,0,0,0.0,0,Python,2018-2020,1.0,1.33,0.0,0.0,0
13,1,0,0,1,1,1,0,0,0.0,0,Python,2018-2020,1.0,0.5,0.0,0.0,0
13,1,0,0,4,4,2,1,2,1.5,0,Python,2018-2020,1.0,0.8,0.33,0.5,0
16,1,0,0,23,26,3,1,9,3.22,0,Python,2018-2020,1.0,0.85,0.25,0.8,0
17,1,0,0,39,13,1,0,3,8.67,0,Python,2018-2020,1.0,2.79,0.0,4.34,0
17,1,0,0,45,4,2,1,10,2.0,0,Python,2018-2020,1.0,9.0,0.33,0.67,0
14,2,0,0,1,1,1,0,0,0.0,0,Python,2018-2020,1.0,0.5,0.0,0.0,0
8,3,0,0,6,7,1,0,0,0.0,0,Python,2018-2020,1.0,0.75,0.0,0.0,0
9,3,0,0,2,18,2,0,2,5.0,0,Python,2018-2020,1.0,0.11,0.0,1.67,0
11,3,0,0,8,4,1,0,2,5.0,0,Python,2018-2020,1.0,1.6,0.0,2.5,0
15,3,0,0,77,0,2,0,1,1.0,0,Python,2018-2020,1.0,77.0,0.0,0.33,0
15,3,0,0,1,1,1,0,0,0.0,0,Python,2018-2020,1.0,0.5,0.0,0.0,0
10,4,0,0,4,2,1,0,1,12.0,0,Python,2018-2020,1.0,1.33,0.0,6.0,0
15,5,1,0,1,0,2,0,0,0.0,0,Python,2018-2020,1.0,1.0,0.0,0.0,0
6,0,0,0,320,305,1,0,22,6.91,0,Python,2018-2020,1.0,1.05,0.0,3.46,0
6,0,0,0,23,1,1,0,3,8.33,0,Python,2018-2020,1.0,11.5,0.0,4.16,0
14,0,0,0,50,66,2,1,16,1.12,0,Python,2018-2020,1.0,0.75,0.33,0.37,0
8,1,0,0,2,4,1,1,1,2.0,0,Python,2018-2020,1.0,0.4,0.5,1.0,0
10,2,0,0,362,10,5,1,31,1.71,0,Python,2018-2020,1.0,32.91,0.17,0.28,0
15,2,0,0,37,52,3,1,14,1.43,0,Python,2018-2020,1.0,0.7,0.25,0.36,0
16,2,0,0,66,13,3,1,12,1.67,0,Python,2018-2020,1.0,4.71,0.25,0.42,0
17,2,0,0,177,20,5,2,17,1.53,0,Python,2018-2020,1.0,8.43,0.33,0.26,0
10,3,0,0,1,1,1,0,1,27.0,0,Python,2018-2020,1.0,0.5,0.0,13.5,0
15,3,0,0,20,12,1,0,2,2.0,0,Python,2018-2020,1.0,1.54,0.0,1.0,0
11,6,1,0,6,1,1,0,1,3.0,0,Python,2018-2020,1.0,3.0,0.0,1.5,0
11,6,1,0,14,0,1,1,1,3.0,0,Python,2018-2020,1.0,14.0,0.5,1.5,0
16,6,1,0,8,7,1,0,2,13.5,0,Python,2018-2020,1.0,1.0,0.0,6.75,0
17,6,1,0,16,4,1,0,1,10.0,0,Python,2018-2020,1.0,3.2,0.0,5.0,0
17,6,1,0,3,0,1,0,1,23.0,0,Python,2018-2020,1.0,3.0,0.0,11.5,0
3,0,0,1,0,4,1,1,1,3.0,0,Python,2018-2020,1.0,0.0,0.5,1.5,0
11,0,0,0,1,1,1,1,2,2.0,0,Python,2018-2020,1.0,0.5,0.5,1.0,0
12,0,0,0,5,0,1,0,1,10.0,0,Python,2018-2020,1.0,5.0,0.0,5.0,0
14,0,0,0,8,2,2,0,2,12.0,0,Python,2018-2020,1.0,2.67,0.0,4.0,0
17,0,0,0,32,22,3,0,3,10.33,0,Python,2018-2020,1.0,1.39,0.0,2.58,0
20,0,0,0,42,0,3,1,5,2.6,0,Python,2018-2020,1.0,42.0,0.25,0.65,0
12,1,0,0,98,15,12,6,20,4.0,0,Python,2018-2020,1.0,6.12,0.46,0.31,0
12,1,0,0,308,20,9,0,21,3.05,0,Python,2018-2020,1.0,14.67,0.0,0.3,0
12,1,0,0,16,6,2,0,0,0.0,0,Python,2018-2020,1.0,2.29,0.0,0.0,0
13,1,0,0,1,1,1,1,1,2.0,0,Python,2018-2020,1.0,0.5,0.5,1.0,0
13,1,0,0,24,12,2,0,0,0.0,0,Python,2018-2020,1.0,1.85,0.0,0.0,0
19,1,0,0,1,2,1,0,0,0.0,0,Python,2018-2020,1.0,0.33,0.0,0.0,0
19,1,0,0,1,1,1,0,0,0.0,0,Python,2018-2020,1.0,0.5,0.0,0.0,0
9,2,0,0,17,0,1,1,2,1.0,0,Python,2018-2020,1.0,17.0,0.5,0.5,0
9,2,0,0,12,4,1,0,4,1.5,0,Python,2018-2020,1.0,2.4,0.0,0.75,0
11,2,0,0,1,1,1,0,0,0.0,0,Python,2018-2020,1.0,0.5,0.0,0.0,0
12,2,0,0,1,2,1,0,1,9.0,0,Python,2018-2020,1.0,0.33,0.0,4.5,0
12,2,0,0,63,3,1,1,17,1.06,0,Python,2018-2020,1.0,15.75,0.5,0.53,0
13,2,0,0,14,5,1,0,0,0.0,0,Python,2018-2020,1.0,2.33,0.0,0.0,0
9,3,0,0,5,1,2,1,1,1.0,0,Python,2018-2020,1.0,2.5,0.33,0.33,0
12,3,0,0,61,4,2,1,8,3.38,0,Python,2018-2020,1.0,12.2,0.33,1.13,0
15,3,0,0,3,3,1,0,0,0.0,0,Python,2018-2020,1.0,0.75,0.0,0.0,0
15,3,0,0,38,4,1,0,2,7.0,0,Python,2018-2020,1.0,7.6,0.0,3.5,0
16,3,0,0,4,0,1,0,0,0.0,0,Python,2018-2020,1.0,4.0,0.0,0.0,0
21,3,0,0,1,1,1,0,0,0.0,0,Python,2018-2020,1.0,0.5,0.0,0.0,0
14,4,0,0,3,3,1,0,3,1.67,0,Python,2018-2020,1.0,0.75,0.0,0.84,0
14,4,0,0,15,0,2,0,5,1.0,0,Python,2018-2020,1.0,15.0,0.0,0.33,0
15,4,0,0,1,0,1,1,1,1.0,0,Python,2018-2020,1.0,1.0,0.5,0.5,0
21,4,0,0,45,0,1,1,2,1.5,0,Python,2018-2020,1.0,45.0,0.5,0.75,0
21,4,0,0,1,1,1,1,1,2.0,0,Python,2018-2020,1.0,0.5,0.5,1.0,0
21,4,0,0,1,1,1,1,2,1.5,0,Python,2018-2020,1.0,0.5,0.5,0.75,0
22,4,0,1,10,0,1,1,1,3.0,0,Python,2018-2020,1.0,10.0,0.5,1.5,0
22,4,0,1,2,1,1,1,1,3.0,0,Python,2018-2020,1.0,1.0,0.5,1.5,0
22,4,0,1,0,10,1,1,1,3.0,0,Python,2018-2020,1.0,0.0,0.5,1.5,0
9,0,0,0,56,54,2,2,4,2.0,0,Python,2018-2020,1.0,1.02,0.67,0.67,0
11,0,0,0,1,1,1,0,0,0.0,0,Python,2018-2020,1.0,0.5,0.0,0.0,0
14,0,0,0,4,4,1,1,3,1.0,0,Python,2018-2020,1.0,0.8,0.5,0.5,0
14,0,0,0,1,1,1,1,2,1.0,0,Python,2018-2020,1.0,0.5,0.5,0.5,0
14,1,0,0,246,142,3,0,20,5.3,0,Python,2018-2020,1.0,1.72,0.0,1.32,0
14,1,0,0,1,2,2,0,2,18.5,0,Python,2018-2020,1.0,0.33,0.0,6.17,0
12,2,0,0,1,1,1,0,1,9.0,0,Python,2018-2020,1.0,0.5,0.0,4.5,0
20,2,0,0,1,1,1,0,0,0.0,0,Python,2018-2020,1.0,0.5,0.0,0.0,0
20,2,0,0,1,1,1,0,0,0.0,0,Python,2018-2020,1.0,0.5,0.0,0.0,0
8,3,0,0,1,0,1,1,0,0.0,0,Python,2018-2020,1.0,1.0,0.5,0.0,0
8,3,0,0,0,2,1,1,0,0.0,0,Python,2018-2020,1.0,0.0,0.5,0.0,0
11,2,0,0,72,0,3,1,7,1.57,0,Python,2018-2020,1.0,72.0,0.25,0.39,0
11,2,0,0,3,0,1,0,0,0.0,0,Python,2018-2020,1.0,3.0,0.0,0.0,0
12,2,0,0,5,5,1,0,2,2.5,0,Python,2018-2020,1.0,0.83,0.0,1.25,0
16,2,0,0,31,0,1,0,2,2.5,0,Python,2018-2020,1.0,31.0,0.0,1.25,0
10,1,0,0,1,1,1,0,0,0.0,0,Python,2021-2023,1.0,0.5,0.0,0.0,0
10,1,0,0,126,7,10,0,4,3.75,0,Python,2021-2023,1.0,15.75,0.0,0.34,0
11,1,0,0,178,8,76,0,0,0.0,0,Python,2021-2023,1.0,19.78,0.0,0.0,0
13,1,0,0,5,5,1,0,0,0.0,0,Python,2021-2023,1.0,0.83,0.0,0.0,0
14,1,0,0,1,1,1,0,0,0.0,0,Python,2021-2023,1.0,0.5,0.0,0.0,0
16,1,0,0,45,40,5,0,9,9.67,0,Python,2021-2023,1.0,1.1,0.0,1.61,0
8,2,0,0,11,1,2,0,0,0.0,0,Python,2021-2023,1.0,5.5,0.0,0.0,0
9,4,0,0,10,0,1,0,0,0.0,0,Python,2021-2023,1.0,10.0,0.0,0.0,0
17,4,0,0,6,2,5,0,0,0.0,0,Python,2021-2023,1.0,2.0,0.0,0.0,0
19,4,0,0,51,25,3,1,4,4.75,0,Python,2021-2023,1.0,1.96,0.25,1.19,0
3,0,0,1,4,3,3,0,0,0.0,0,Python,2021-2023,1.0,1.0,0.0,0.0,0
16,0,0,0,7,7,4,0,1,73.0,0,Python,2021-2023,1.0,0.88,0.0,14.6,0
19,0,0,0,355,13,32,3,6,13.0,0,Python,2021-2023,1.0,25.36,0.09,0.39,0
0,1,0,1,1,1,1,0,0,0.0,0,Python,2021-2023,1.0,0.5,0.0,0.0,0
21,2,0,0,288,153,4,0,54,3.3,0,Python,2021-2023,1.0,1.87,0.0,0.66,0
12,4,0,0,468,71,34,5,7,1.29,0,Python,2021-2023,1.0,6.5,0.14,0.04,0
14,6,1,0,1,0,1,0,0,0.0,0,Python,2021-2023,1.0,1.0,0.0,0.0,0
17,1,0,0,33,6,8,0,0,0.0,0,Python,2021-2023,1.0,4.71,0.0,0.0,0
18,1,0,0,1,1,1,0,0,0.0,0,Python,2021-2023,1.0,0.5,0.0,0.0,0
18,1,0,0,8,8,8,0,0,0.0,0,Python,2021-2023,1.0,0.89,0.0,0.0,0
23,1,0,1,7,0,1,0,0,0.0,0,Python,2021-2023,1.0,7.0,0.0,0.0,0
2,2,0,1,1,1,1,0,0,0.0,0,Python,2021-2023,1.0,0.5,0.0,0.0,0
2,2,0,1,1,1,1,0,0,0.0,0,Python,2021-2023,1.0,0.5,0.0,0.0,0
16,2,0,0,35,70,8,0,0,0.0,0,Python,2021-2023,1.0,0.49,0.0,0.0,0
19,2,0,0,41,34,8,2,21,4.9,0,Python,2021-2023,1.0,1.17,0.22,0.54,0
21,2,0,0,173,38,4,2,25,1.76,0,Python,2021-2023,1.0,4.44,0.4,0.35,0
21,2,0,0,2,1,2,0,0,0.0,0,Python,2021-2023,1.0,1.0,0.0,0.0,0
22,2,0,1,301,367,4,0,6,2.0,0,Python,2021-2023,1.0,0.82,0.0,0.4,0
16,3,0,0,139,47,100,11,0,0.0,0,Python,2021-2023,1.0,2.9,0.11,0.0,0
9,4,0,0,25,23,4,0,0,0.0,0,Python,2021-2023,1.0,1.04,0.0,0.0,0
22,6,1,1,1,1,1,0,0,0.0,0,Python,2021-2023,1.0,0.5,0.0,0.0,0
16,0,0,0,1,1,1,0,0,0.0,0,Python,2021-2023,1.0,0.5,0.0,0.0,0
16,0,0,0,1,1,1,0,0,0.0,0,Python,2021-2023,1.0,0.5,0.0,0.0,0
16,0,0,0,2,2,1,0,0,0.0,0,Python,2021-2023,1.0,0.67,0.0,0.0,0
9,2,0,0,6,6,3,0,0,0.0,0,Python,2021-2023,1.0,0.86,0.0,0.0,0
15,0,0,0,1,1,1,0,0,0.0,0,Python,2021-2023,1.0,0.5,0.0,0.0,0
17,0,0,0,1309,59,24,3,15,4.2,0,Python,2021-2023,1.0,21.82,0.12,0.17,0
21,0,0,0,920,1,46,6,18,1.94,0,Python,2021-2023,1.0,460.0,0.13,0.04,0
7,2,0,0,95,61,3,2,4,25.5,0,Python,2021-2023,1.0,1.53,0.5,6.38,0
18,2,0,0,911,1,36,5,16,1.69,0,Python,2021-2023,1.0,455.5,0.14,0.05,0
17,3,0,0,2499,1238,36,2,51,2.2,0,Python,2021-2023,1.0,2.02,0.05,0.06,0
2,4,0,1,46,1,2,0,0,0.0,0,Python,2021-2023,1.0,23.0,0.0,0.0,0
14,4,0,0,483,5,32,7,10,1.3,0,Python,2021-2023,1.0,80.5,0.21,0.04,0
7,0,0,0,1,1,1,0,1,19.0,0,Python,2021-2023,1.0,0.5,0.0,9.5,0
16,0,0,0,1,1,1,0,0,0.0,0,Python,2021-2023,1.0,0.5,0.0,0.0,0
16,0,0,0,3,3,2,0,0,0.0,0,Python,2021-2023,1.0,0.75,0.0,0.0,0
23,1,0,1,28,15,2,0,1,3.0,0,Python,2021-2023,1.0,1.75,0.0,1.0,0
23,1,0,1,8,2,1,0,1,21.0,0,Python,2021-2023,1.0,2.67,0.0,10.5,0
16,2,0,0,3,3,3,0,0,0.0,0,Python,2021-2023,1.0,0.75,0.0,0.0,0
21,2,0,0,3,2,1,0,0,0.0,0,Python,2021-2023,1.0,1.0,0.0,0.0,0
9,3,0,0,1462,3,39,3,14,1.57,0,Python,2021-2023,1.0,365.5,0.08,0.04,0
3,4,0,1,1,1,1,0,1,191.0,0,Python,2021-2023,1.0,0.5,0.0,95.5,0
6,4,0,0,9,2,2,0,1,5.0,0,Python,2021-2023,1.0,3.0,0.0,1.67,0
19,4,0,0,35,33,3,0,20,8.0,0,Python,2021-2023,1.0,1.03,0.0,2.0,0
20,4,0,0,60,8,6,0,2,7.5,0,Python,2021-2023,1.0,6.67,0.0,1.07,0
15,0,0,0,7,8,1,0,0,0.0,0,Python,2021-2023,1.0,0.78,0.0,0.0,0
16,0,0,0,1,1,1,0,0,0.0,0,Python,2021-2023,1.0,0.5,0.0,0.0,0
16,0,0,0,3,3,2,0,0,0.0,0,Python,2021-2023,1.0,0.75,0.0,0.0,0
16,0,0,0,1,1,1,0,0,0.0,0,Python,2021-2023,1.0,0.5,0.0,0.0,0
16,0,0,0,1,1,1,0,0,0.0,0,Python,2021-2023,1.0,0.5,0.0,0.0,0
17,0,0,0,1,1,1,0,0,0.0,0,Python,2021-2023,1.0,0.5,0.0,0.0,0
22,2,0,1,12,10,2,0,4,9.25,0,Python,2021-2023,1.0,1.09,0.0,3.08,0
5,0,0,1,17,2,3,1,1,1.0,0,Python,2021-2023,1.0,5.67,0.25,0.25,0
23,0,0,1,160,42,8,4,29,6.41,0,Python,2021-2023,1.0,3.72,0.44,0.71,0
21,1,0,0,88,26,4,1,7,9.86,0,Python,2021-2023,1.0,3.26,0.2,1.97,0
22,1,0,1,875,127,30,4,21,6.0,0,Python,2021-2023,1.0,6.84,0.13,0.19,0
20,2,0,0,49,1,2,1,5,6.6,0,Python,2021-2023,1.0,24.5,0.33,2.2,0
20,2,0,0,6,6,3,0,0,0.0,0,Python,2021-2023,1.0,0.86,0.0,0.0,0
23,2,0,1,348,30,7,2,29,2.79,0,Python,2021-2023,1.0,11.23,0.25,0.35,0
18,3,0,0,26,0,2,1,2,2.0,0,Python,2021-2023,1.0,26.0,0.33,0.67,0
22,4,0,1,54,0,2,1,3,3.0,0,Python,2021-2023,1.0,54.0,0.33,1.0,0
2,6,1,1,4,0,1,0,0,0.0,0,Python,2021-2023,1.0,4.0,0.0,0.0,0
13,0,0,0,15,0,1,1,1,1.0,0,Python,2021-2023,1.0,15.0,0.5,0.5,0
17,0,0,0,0,4,1,0,0,0.0,0,Python,2021-2023,1.0,0.0,0.0,0.0,0
20,0,0,0,7,3,3,0,0,0.0,0,Python,2021-2023,1.0,1.75,0.0,0.0,0
23,0,0,1,3,3,3,0,1,73.0,0,Python,2021-2023,1.0,0.75,0.0,18.25,0
3,1,0,1,1,2,1,0,0,0.0,0,Python,2021-2023,1.0,0.33,0.0,0.0,0
14,2,0,0,18,1,2,1,2,1.5,0,Python,2021-2023,1.0,9.0,0.33,0.5,0
17,2,0,0,26,3,2,0,3,16.0,0,Python,2021-2023,1.0,6.5,0.0,5.33,0
18,2,0,0,9,6,4,0,0,0.0,0,Python,2021-2023,1.0,1.29,0.0,0.0,0
18,2,0,0,63,63,13,0,2,53.5,0,Python,2021-2023,1.0,0.98,0.0,3.82,0
20,2,0,0,65,9,2,1,8,3.38,0,Python,2021-2023,1.0,6.5,0.33,1.13,0
14,3,0,0,23,14,2,2,1,2.0,0,Python,2021-2023,1.0,1.53,0.67,0.67,0
19,3,0,0,2,2,1,0,1,66.0,0,Python,2021-2023,1.0,0.67,0.0,33.0,0
7,4,0,0,0,24,1,0,5,1.0,0,Python,2021-2023,1.0,0.0,0.0,0.5,0
15,4,0,0,548,173,15,2,22,3.95,0,Python,2021-2023,1.0,3.15,0.12,0.25,0
15,4,0,0,1,1,1,0,0,0.0,0,Python,2021-2023,1.0,0.5,0.0,0.0,0
16,4,0,0,15,15,14,0,0,0.0,0,Python,2021-2023,1.0,0.94,0.0,0.0,0
15,0,0,0,7,1,2,0,2,8.0,0,Python,2021-2023,1.0,3.5,0.0,2.67,0
15,1,0,0,5,7,2,0,1,4.0,0,Python,2021-2023,1.0,0.62,0.0,1.33,0
15,1,0,0,145,185,14,0,4,3.0,0,Python,2021-2023,1.0,0.78,0.0,0.2,0
15,1,0,0,0,0,0,0,0,0.0,0,Python,2021-2023,1.0,0.0,0.0,0.0,0
2,2,0,1,94,81,36,3,15,2.2,0,Python,2021-2023,1.0,1.15,0.08,0.06,0
23,2,0,1,6473,31,8,1,10,1.4,0,Python,2021-2023,1.0,202.28,0.11,0.16,0
19,3,0,0,79,79,1,0,5,5.8,0,Python,2021-2023,1.0,0.99,0.0,2.9,0
22,3,0,1,181,178,30,2,5,2.4,0,Python,2021-2023,1.0,1.01,0.06,0.08,0
19,0,0,0,4,6,2,0,0,0.0,0,Python,2021-2023,1.0,0.57,0.0,0.0,0
18,2,0,0,21,0,3,0,0,0.0,0,Python,2021-2023,1.0,21.0,0.0,0.0,0
18,2,0,0,424,483,258,11,110,11.28,0,Python,2021-2023,1.0,0.88,0.04,0.04,0
18,2,0,0,203,179,5,0,0,0.0,0,Python,2021-2023,1.0,1.13,0.0,0.0,0
21,3,0,0,6,5,1,0,0,0.0,0,Python,2021-2023,1.0,1.0,0.0,0.0,0
16,0,0,0,2,2,1,0,0,0.0,0,Python,2021-2023,1.0,0.67,0.0,0.0,0
17,1,0,0,10,15,7,0,9,6.44,0,Python,2021-2023,1.0,0.62,0.0,0.8,0
21,1,0,0,5,5,3,0,5,2.2,0,Python,2021-2023,1.0,0.83,0.0,0.55,0
21,1,0,0,123,3,3,1,4,14.5,0,Python,2021-2023,1.0,30.75,0.25,3.62,0
15,2,0,0,10,10,2,0,0,0.0,0,Python,2021-2023,1.0,0.91,0.0,0.0,0
15,3,0,0,61,4,3,0,5,11.4,0,Python,2021-2023,1.0,12.2,0.0,2.85,0
22,3,0,1,265,20,23,2,6,2.0,0,Python,2021-2023,1.0,12.62,0.08,0.08,0
22,3,0,1,4,4,1,0,1,1.0,0,Python,2021-2023,1.0,0.8,0.0,0.5,0
23,4,0,1,1089,713,31,4,60,2.82,0,Python,2021-2023,1.0,1.53,0.12,0.09,0
23,4,0,1,6,3,4,1,2,1.0,0,Python,2021-2023,1.0,1.5,0.2,0.2,0
23,4,0,1,1027,94,22,3,29,4.34,0,Python,2021-2023,1.0,10.81,0.13,0.19,0
2,5,1,1,2,2,9,1,0,0.0,0,Python,2021-2023,1.0,0.67,0.1,0.0,0
11,0,0,0,6,6,3,0,0,0.0,0,Python,2021-2023,1.0,0.86,0.0,0.0,0
16,0,0,0,32,37,6,1,3,6.33,0,Python,2021-2023,1.0,0.84,0.14,0.9,0
17,0,0,0,1,1,1,0,0,0.0,0,Python,2021-2023,1.0,0.5,0.0,0.0,0
23,0,0,1,8,2,53,0,0,0.0,0,Python,2021-2023,1.0,2.67,0.0,0.0,0
0,1,0,1,53,19,4,3,2,1.5,0,Python,2021-2023,1.0,2.65,0.6,0.3,0
15,1,0,0,164,358,6,1,3,21.67,0,Python,2021-2023,1.0,0.46,0.14,3.1,0
21,1,0,0,201,98,5,3,6,10.33,0,Python,2021-2023,1.0,2.03,0.5,1.72,0
5,2,0,1,265,17,6,3,20,4.6,0,Python,2021-2023,1.0,14.72,0.43,0.66,0
17,4,0,0,74,4,2,1,6,3.83,0,Python,2021-2023,1.0,14.8,0.33,1.28,0
3,0,0,1,1,1,1,0,0,0.0,0,Python,2021-2023,1.0,0.5,0.0,0.0,0
3,0,0,1,1,1,1,0,0,0.0,0,Python,2021-2023,1.0,0.5,0.0,0.0,0
3,0,0,1,1,1,1,0,0,0.0,0,Python,2021-2023,1.0,0.5,0.0,0.0,0
3,0,0,1,1,1,1,0,0,0.0,0,Python,2021-2023,1.0,0.5,0.0,0.0,0
3,0,0,1,1,1,1,0,0,0.0,0,Python,2021-2023,1.0,0.5,0.0,0.0,0
3,0,0,1,1,1,1,0,0,0.0,0,Python,2021-2023,1.0,0.5,0.0,0.0,0
13,0,0,0,3,3,2,0,0,0.0,0,Python,2021-2023,1.0,0.75,0.0,0.0,0
13,0,0,0,1,1,1,0,0,0.0,0,Python,2021-2023,1.0,0.5,0.0,0.0,0
13,0,0,0,5,5,5,0,0,0.0,0,Python,2021-2023,1.0,0.83,0.0,0.0,0
13,0,0,0,15,15,14,0,0,0.0,0,Python,2021-2023,1.0,0.94,0.0,0.0,0
13,0,0,0,1,1,1,0,0,0.0,0,Python,2021-2023,1.0,0.5,0.0,0.0,0
16,0,0,0,7,7,1,0,0,0.0,0,Python,2021-2023,1.0,0.88,0.0,0.0,0
19,0,0,0,1,0,1,0,0,0.0,0,Python,2021-2023,1.0,1.0,0.0,0.0,0
19,1,0,0,20,15,5,0,0,0.0,0,Python,2021-2023,1.0,1.25,0.0,0.0,0
4,3,0,1,190,131,3,1,36,5.42,0,Python,2021-2023,1.0,1.44,0.25,1.36,0
16,3,0,0,3,3,3,0,0,0.0,0,Python,2021-2023,1.0,0.75,0.0,0.0,0
20,2,0,0,21,1,4,0,0,0.0,0,Python,2021-2023,1.0,10.5,0.0,0.0,0
23,3,0,1,5,5,1,0,0,0.0,0,Python,2021-2023,1.0,0.83,0.0,0.0,0
8,5,1,0,0,876,1,1,26,5.73,0,Python,2021-2023,1.0,0.0,0.5,2.86,0
4,6,1,1,3,3,1,0,1,191.0,0,Python,2021-2023,1.0,0.75,0.0,95.5,0
10,0,0,0,3,3,10,1,1,1.0,0,Python,2021-2023,1.0,0.75,0.09,0.09,0
18,0,0,0,16,22,1,0,0,0.0,0,Python,2021-2023,1.0,0.7,0.0,0.0,0
21,2,0,0,32,17,5,1,5,5.0,0,Python,2021-2023,1.0,1.78,0.17,0.83,0
21,2,0,0,19,15,6,1,3,1.67,0,Python,2021-2023,1.0,1.19,0.14,0.24,0
21,2,0,0,86,5,2,1,5,5.4,0,Python,2021-2023,1.0,14.33,0.33,1.8,0
19,3,0,0,9,3,3,0,0,0.0,0,Python,2021-2023,1.0,2.25,0.0,0.0,0
1,4,0,1,3,1,2,0,0,0.0,0,Python,2021-2023,1.0,1.5,0.0,0.0,0
9,0,0,0,89,1,3,1,1,1.0,0,Python,2021-2023,1.0,44.5,0.25,0.25,0
22,0,0,1,6,5,2,0,0,0.0,0,Python,2021-2023,1.0,1.0,0.0,0.0,0
18,1,0,0,6,0,1,0,0,0.0,0,Python,2021-2023,1.0,6.0,0.0,0.0,0
23,2,0,1,106,57,6,1,9,7.22,0,Python,2021-2023,1.0,1.83,0.14,1.03,0
5,3,0,1,21,1,2,0,0,0.0,0,Python,2021-2023,1.0,10.5,0.0,0.0,0
22,3,0,1,1,8,2,0,0,0.0,0,Python,2021-2023,1.0,0.11,0.0,0.0,0
17,0,0,0,13,13,2,1,4,1.0,0,Python,2021-2023,1.0,0.93,0.33,0.33,0
15,1,0,0,32,0,3,0,0,0.0,0,Python,2021-2023,1.0,32.0,0.0,0.0,0
19,1,0,0,11,12,1,0,0,0.0,0,Python,2021-2023,1.0,0.85,0.0,0.0,0
19,1,0,0,1,1,1,0,0,0.0,0,Python,2021-2023,1.0,0.5,0.0,0.0,0
17,2,0,0,1,0,1,0,0,0.0,0,Python,2021-2023,1.0,1.0,0.0,0.0,0
18,2,0,0,1,1,1,0,0,0.0,0,Python,2021-2023,1.0,0.5,0.0,0.0,0
18,2,0,0,1,1,1,0,0,0.0,0,Python,2021-2023,1.0,0.5,0.0,0.0,0
18,2,0,0,1,1,1,0,0,0.0,0,Python,2021-2023,1.0,0.5,0.0,0.0,0
18,2,0,0,1,1,1,0,0,0.0,0,Python,2021-2023,1.0,0.5,0.0,0.0,0
18,2,0,0,15,15,14,0,0,0.0,0,Python,2021-2023,1.0,0.94,0.0,0.0,0
18,2,0,0,3,3,2,0,0,0.0,0,Python,2021-2023,1.0,0.75,0.0,0.0,0
18,2,0,0,9,9,9,0,0,0.0,0,Python,2021-2023,1.0,0.9,0.0,0.0,0
18,2,0,0,1,1,1,0,0,0.0,0,Python,2021-2023,1.0,0.5,0.0,0.0,0
18,2,0,0,1,1,1,0,0,0.0,0,Python,2021-2023,1.0,0.5,0.0,0.0,0
19,2,0,0,1,1,1,0,0,0.0,0,Python,2021-2023,1.0,0.5,0.0,0.0,0
19,2,0,0,2,2,1,0,1,7.0,0,Python,2021-2023,1.0,0.67,0.0,3.5,0
20,2,0,0,1,1,1,0,0,0.0,0,Python,2021-2023,1.0,0.5,0.0,0.0,0
16,4,0,0,12,3,1,0,1,4.0,0,Python,2021-2023,1.0,3.0,0.0,2.0,0
13,5,1,0,54,38,20,2,17,2.59,0,Python,2021-2023,1.0,1.38,0.1,0.12,0
0,1,0,1,969,41,43,3,15,3.13,0,Python,2021-2023,1.0,23.07,0.07,0.07,0
1,3,0,1,83,46,4,1,12,2.67,0,Python,2021-2023,1.0,1.77,0.2,0.53,0
16,3,0,0,507,5,6,1,23,11.57,0,Python,2021-2023,1.0,84.5,0.14,1.65,0
16,4,0,0,2,0,1,0,0,0.0,0,Python,2021-2023,1.0,2.0,0.0,0.0,0
15,1,0,0,9,9,1,0,8,1.0,0,Python,2021-2023,1.0,0.9,0.0,0.5,0
1,2,0,1,2420,2750,64,7,238,4.29,0,Python,2021-2023,1.0,0.88,0.11,0.07,0
11,3,0,0,197,4,3,1,15,5.53,0,Python,2021-2023,1.0,39.4,0.25,1.38,0
11,3,0,0,321,58,14,2,30,6.2,0,Python,2021-2023,1.0,5.44,0.13,0.41,0
11,3,0,0,869,448,93,3,10,9.8,0,Python,2021-2023,1.0,1.94,0.03,0.1,0
21,0,0,0,8,1,1,0,1,50.0,0,Python,2021-2023,1.0,4.0,0.0,25.0,0
15,1,0,0,1,0,1,1,0,0.0,0,Python,2021-2023,1.0,1.0,0.5,0.0,0
16,2,0,0,20,1,4,1,2,1.0,0,Python,2021-2023,1.0,10.0,0.2,0.2,0
16,2,0,0,43,3,3,1,5,1.2,0,Python,2021-2023,1.0,10.75,0.25,0.3,0
16,2,0,0,32,1,2,1,3,2.67,0,Python,2021-2023,1.0,16.0,0.33,0.89,0
16,2,0,0,52,12,2,1,7,1.14,0,Python,2021-2023,1.0,4.0,0.33,0.38,0
12,3,0,0,53,5,3,1,9,1.89,0,Python,2021-2023,1.0,8.83,0.25,0.47,0
12,3,0,0,11,5,2,1,5,1.6,0,Python,2021-2023,1.0,1.83,0.33,0.53,0
14,3,0,0,12,5,2,1,2,14.0,0,Python,2021-2023,1.0,2.0,0.33,4.67,0
14,3,0,0,31,6,3,1,4,3.5,0,Python,2021-2023,1.0,4.43,0.25,0.88,0
23,3,0,1,15,12,3,1,5,2.2,0,Python,2021-2023,1.0,1.15,0.25,0.55,0
14,4,0,0,78,0,4,1,7,1.57,0,Python,2021-2023,1.0,78.0,0.2,0.31,0
15,4,0,0,31,7,2,1,13,1.85,0,Python,2021-2023,1.0,3.88,0.33,0.62,0
15,4,0,0,1,1,1,0,0,0.0,0,Python,2021-2023,1.0,0.5,0.0,0.0,0
16,4,0,0,1,1,1,0,0,0.0,0,Python,2021-2023,1.0,0.5,0.0,0.0,0
16,4,0,0,1,1,1,0,0,0.0,0,Python,2021-2023,1.0,0.5,0.0,0.0,0
17,4,0,0,63,1,2,0,0,0.0,0,Python,2021-2023,1.0,31.5,0.0,0.0,0
12,0,0,0,1,5,1,1,1,3.0,0,Python,2021-2023,1.0,0.17,0.5,1.5,0
14,0,0,0,41,10,3,1,15,3.6,0,Python,2021-2023,1.0,3.73,0.25,0.9,0
14,0,0,0,15,0,4,1,1,3.0,0,Python,2021-2023,1.0,15.0,0.2,0.6,0
16,0,0,0,1,1,1,0,0,0.0,0,Python,2021-2023,1.0,0.5,0.0,0.0,0
16,0,0,0,10,11,1,1,9,1.44,0,Python,2021-2023,1.0,0.83,0.5,0.72,0
16,0,0,0,56,86,1,1,26,2.0,0,Python,2021-2023,1.0,0.64,0.5,1.0,0
16,0,0,0,62,115,1,1,37,2.32,0,Python,2021-2023,1.0,0.53,0.5,1.16,0
16,0,0,0,2,4,1,1,1,1.0,0,Python,2021-2023,1.0,0.4,0.5,0.5,0
16,0,0,0,61,72,1,1,13,1.77,0,Python,2021-2023,1.0,0.84,0.5,0.88,0
16,0,0,0,10,20,1,1,9,1.11,0,Python,2021-2023,1.0,0.48,0.5,0.56,0
16,0,0,0,10,12,1,1,3,2.0,0,Python,2021-2023,1.0,0.77,0.5,1.0,0
16,0,0,0,7,7,1,1,2,7.0,0,Python,2021-2023,1.0,0.88,0.5,3.5,0
16,0,0,0,8,24,1,1,6,1.0,0,Python,2021-2023,1.0,0.32,0.5,0.5,0
16,0,0,0,7,11,1,1,2,1.0,0,Python,2021-2023,1.0,0.58,0.5,0.5,0
16,0,0,0,2,6,1,1,1,1.0,0,Python,2021-2023,1.0,0.29,0.5,0.5,0
16,0,0,0,12,38,1,1,4,1.0,0,Python,2021-2023,1.0,0.31,0.5,0.5,0
16,0,0,0,13,5,1,1,1,3.0,0,Python,2021-2023,1.0,2.17,0.5,1.5,0
16,0,0,0,22,27,1,1,15,2.07,0,Python,2021-2023,1.0,0.79,0.5,1.03,0
16,0,0,0,6,6,1,1,2,1.0,0,Python,2021-2023,1.0,0.86,0.5,0.5,0
16,0,0,0,15,34,1,1,11,1.45,0,Python,2021-2023,1.0,0.43,0.5,0.72,0
16,0,0,0,11,11,1,1,6,1.17,0,Python,2021-2023,1.0,0.92,0.5,0.58,0
16,0,0,0,3,3,1,1,2,1.0,0,Python,2021-2023,1.0,0.75,0.5,0.5,0
16,0,0,0,9,18,1,1,4,3.0,0,Python,2021-2023,1.0,0.47,0.5,1.5,0
16,0,0,0,1,1,1,1,0,0.0,0,Python,2021-2023,1.0,0.5,0.5,0.0,0
16,0,0,0,4,7,1,1,1,1.0,0,Python,2021-2023,1.0,0.5,0.5,0.5,0
16,0,0,0,6,12,1,1,2,5.5,0,Python,2021-2023,1.0,0.46,0.5,2.75,0
16,0,0,0,10,25,1,1,5,1.2,0,Python,2021-2023,1.0,0.38,0.5,0.6,0
16,0,0,0,15,28,1,1,8,1.25,0,Python,2021-2023,1.0,0.52,0.5,0.62,0
16,0,0,0,7,12,1,1,6,1.0,0,Python,2021-2023,1.0,0.54,0.5,0.5,0
16,0,0,0,7,10,1,1,1,1.0,0,Python,2021-2023,1.0,0.64,0.5,0.5,0
16,0,0,0,1,6,1,1,0,0.0,0,Python,2021-2023,1.0,0.14,0.5,0.0,0
16,0,0,0,4,4,1,1,1,1.0,0,Python,2021-2023,1.0,0.8,0.5,0.5,0
16,0,0,0,5,15,1,1,2,1.0,0,Python,2021-2023,1.0,0.31,0.5,0.5,0
16,0,0,0,6,9,1,1,2,1.5,0,Python,2021-2023,1.0,0.6,0.5,0.75,0
16,0,0,0,3,9,1,1,1,1.0,0,Python,2021-2023,1.0,0.3,0.5,0.5,0
16,0,0,0,9,13,1,1,3,2.0,0,Python,2021-2023,1.0,0.64,0.5,1.0,0
16,0,0,0,27,40,1,1,20,1.05,0,Python,2021-2023,1.0,0.66,0.5,0.52,0
16,0,0,0,28,35,1,1,19,1.26,0,Python,2021-2023,1.0,0.78,0.5,0.63,0
16,0,0,0,9,15,1,1,7,1.0,0,Python,2021-2023,1.0,0.56,0.5,0.5,0
16,0,0,0,9,19,1,1,9,2.33,0,Python,2021-2023,1.0,0.45,0.5,1.16,0
16,0,0,0,9,18,1,1,5,2.8,0,Python,2021-2023,1.0,0.47,0.5,1.4,0
16,0,0,0,0,1,1,1,0,0.0,0,Python,2021-2023,1.0,0.0,0.5,0.0,0
16,0,0,0,3,6,1,1,2,1.0,0,Python,2021-2023,1.0,0.43,0.5,0.5,0
16,0,0,0,0,2,1,1,0,0.0,0,Python,2021-2023,1.0,0.0,0.5,0.0,0
16,0,0,0,3,10,1,1,1,2.0,0,Python,2021-2023,1.0,0.27,0.5,1.0,0
16,0,0,0,4,10,1,1,1,6.0,0,Python,2021-2023,1.0,0.36,0.5,3.0,0
16,0,0,0,12,6,1,1,4,1.0,0,Python,2021-2023,1.0,1.71,0.5,0.5,0
16,0,0,0,35,51,1,1,23,2.52,0,Python,2021-2023,1.0,0.67,0.5,1.26,0
16,0,0,0,18,19,1,1,12,1.17,0,Python,2021-2023,1.0,0.9,0.5,0.58,0
16,0,0,0,5,7,1,1,2,1.0,0,Python,2021-2023,1.0,0.62,0.5,0.5,0
16,0,0,0,25,28,2,1,13,2.0,0,Python,2021-2023,1.0,0.86,0.33,0.67,0
16,0,0,0,65,97,1,1,16,1.88,0,Python,2021-2023,1.0,0.66,0.5,0.94,0
16,0,0,0,7,17,1,1,5,1.0,0,Python,2021-2023,1.0,0.39,0.5,0.5,0
16,0,0,0,3,2,1,1,2,1.0,0,Python,2021-2023,1.0,1.0,0.5,0.5,0
16,0,0,0,6,15,1,1,7,1.0,0,Python,2021-2023,1.0,0.38,0.5,0.5,0
16,0,0,0,27,17,1,1,17,1.0,0,Python,2021-2023,1.0,1.5,0.5,0.5,0
16,0,0,0,0,13,1,0,1,1.0,0,Python,2021-2023,1.0,0.0,0.0,0.5,0
16,0,0,0,9,11,1,1,3,1.0,0,Python,2021-2023,1.0,0.75,0.5,0.5,0
16,0,0,0,1,6,1,1,1,1.0,0,Python,2021-2023,1.0,0.14,0.5,0.5,0
16,0,0,0,2,2,1,1,0,0.0,0,Python,2021-2023,1.0,0.67,0.5,0.0,0
16,0,0,0,6,15,1,1,5,3.4,0,Python,2021-2023,1.0,0.38,0.5,1.7,0
16,0,0,0,40,21,1,1,11,2.09,0,Python,2021-2023,1.0,1.82,0.5,1.04,0
16,0,0,0,88,219,1,1,119,1.17,0,Python,2021-2023,1.0,0.4,0.5,0.58,0
16,0,0,0,2,32,1,0,4,1.25,0,Python,2021-2023,1.0,0.06,0.0,0.62,0
16,0,0,0,3,19,2,0,1,1.0,0,Python,2021-2023,1.0,0.15,0.0,0.33,0
16,0,0,0,18,18,1,0,1,12.0,0,Python,2021-2023,1.0,0.95,0.0,6.0,0
16,0,0,0,2,34,1,1,4,1.25,0,Python,2021-2023,1.0,0.06,0.5,0.62,0
16,0,0,0,2,35,1,1,4,1.25,0,Python,2021-2023,1.0,0.06,0.5,0.62,0
16,0,0,0,60,63,1,1,1,2.0,0,Python,2021-2023,1.0,0.94,0.5,1.0,0
16,0,0,0,42,44,1,1,1,1.0,0,Python,2021-2023,1.0,0.93,0.5,0.5,0
16,0,0,0,49,51,1,1,2,1.0,0,Python,2021-2023,1.0,0.94,0.5,0.5,0
16,0,0,0,15,16,1,1,1,1.0,0,Python,2021-2023,1.0,0.88,0.5,0.5,0
16,0,0,0,5,13,1,1,2,1.0,0,Python,2021-2023,1.0,0.36,0.5,0.5,0
16,0,0,0,0,31,1,0,2,1.5,0,Python,2021-2023,1.0,0.0,0.0,0.75,0
16,0,0,0,3,6,1,1,0,0.0,0,Python,2021-2023,1.0,0.43,0.5,0.0,0
16,0,0,0,34,67,1,1,16,1.62,0,Python,2021-2023,1.0,0.5,0.5,0.81,0
16,0,0,0,10,6,1,1,5,1.0,0,Python,2021-2023,1.0,1.43,0.5,0.5,0
16,0,0,0,22,35,1,1,16,1.75,0,Python,2021-2023,1.0,0.61,0.5,0.88,0
16,0,0,0,0,104,1,1,15,1.0,0,Python,2021-2023,1.0,0.0,0.5,0.5,0
16,0,0,0,4,13,1,1,4,1.0,0,Python,2021-2023,1.0,0.29,0.5,0.5,0
16,0,0,0,33,43,1,1,11,2.18,0,Python,2021-2023,1.0,0.75,0.5,1.09,0
16,0,0,0,3,5,1,1,2,1.0,0,Python,2021-2023,1.0,0.5,0.5,0.5,0
16,0,0,0,2,4,1,1,1,1.0,0,Python,2021-2023,1.0,0.4,0.5,0.5,0
16,0,0,0,2,4,1,1,2,1.0,0,Python,2021-2023,1.0,0.4,0.5,0.5,0
16,0,0,0,11,14,1,1,5,1.0,0,Python,2021-2023,1.0,0.73,0.5,0.5,0
16,0,0,0,1,12,1,1,0,0.0,0,Python,2021-2023,1.0,0.08,0.5,0.0,0
16,0,0,0,7,11,1,1,2,1.5,0,Python,2021-2023,1.0,0.58,0.5,0.75,0
16,0,0,0,10,20,1,1,7,1.71,0,Python,2021-2023,1.0,0.48,0.5,0.86,0
16,0,0,0,8,7,1,1,2,1.0,0,Python,2021-2023,1.0,1.0,0.5,0.5,0
16,0,0,0,10,22,1,1,8,1.0,0,Python,2021-2023,1.0,0.43,0.5,0.5,0
17,0,0,0,9,9,6,5,7,3.43,0,Python,2021-2023,1.0,0.9,0.71,0.49,0
9,1,0,0,66,0,3,1,6,2.5,0,Python,2021-2023,1.0,66.0,0.25,0.62,0
9,1,0,0,5,5,4,1,0,0.0,0,Python,2021-2023,1.0,0.83,0.2,0.0,0
9,1,0,0,1,1,1,1,0,0.0,0,Python,2021-2023,1.0,0.5,0.5,0.0,0
11,1,0,0,21,0,3,1,2,2.0,0,Python,2021-2023,1.0,21.0,0.25,0.5,0
11,1,0,0,55,0,3,1,3,1.33,0,Python,2021-2023,1.0,55.0,0.25,0.33,0
12,1,0,0,35,0,4,1,5,1.6,0,Python,2021-2023,1.0,35.0,0.2,0.32,0
12,1,0,0,27,0,3,1,3,1.33,0,Python,2021-2023,1.0,27.0,0.25,0.33,0
12,1,0,0,25,0,4,1,2,2.0,0,Python,2021-2023,1.0,25.0,0.2,0.4,0
12,1,0,0,8,0,2,1,2,1.0,0,Python,2021-2023,1.0,8.0,0.33,0.33,0
12,1,0,0,2,2,2,0,3,10.33,0,Python,2021-2023,1.0,0.67,0.0,3.44,0
14,1,0,0,6,6,1,0,0,0.0,0,Python,2021-2023,1.0,0.86,0.0,0.0,0
14,1,0,0,38,3,2,1,1,24.0,0,Python,2021-2023,1.0,9.5,0.33,8.0,0
14,1,0,0,31,2,3,1,3,1.0,0,Python,2021-2023,1.0,10.33,0.25,0.25,0
14,1,0,0,11,0,1,0,0,0.0,0,Python,2021-2023,1.0,11.0,0.0,0.0,0
14,1,0,0,3,117,2,0,0,0.0,0,Python,2021-2023,1.0,0.03,0.0,0.0,0
15,1,0,0,1,1,1,0,0,0.0,0,Python,2021-2023,1.0,0.5,0.0,0.0,0
16,1,0,0,18,15,5,0,5,6.4,0,Python,2021-2023,1.0,1.12,0.0,1.07,0
16,1,0,0,6,1,1,0,1,14.0,0,Python,2021-2023,1.0,3.0,0.0,7.0,0
16,1,0,0,18,18,7,4,14,2.0,0,Python,2021-2023,1.0,0.95,0.5,0.25,0
16,1,0,0,9,13,1,0,5,2.6,0,Python,2021-2023,1.0,0.64,0.0,1.3,0
16,1,0,0,20,0,1,0,2,2.0,0,Python,2021-2023,1.0,20.0,0.0,1.0,0
16,1,0,0,86,24,3,1,9,2.78,0,Python,2021-2023,1.0,3.44,0.25,0.7,0
16,1,0,0,53,24,2,0,0,0.0,0,Python,2021-2023,1.0,2.12,0.0,0.0,0
16,1,0,0,2,0,1,0,0,0.0,0,Python,2021-2023,1.0,2.0,0.0,0.0,0
16,1,0,0,4,1,1,1,1,2.0,0,Python,2021-2023,1.0,2.0,0.5,1.0,0
16,1,0,0,9,8,1,0,3,3.67,0,Python,2021-2023,1.0,1.0,0.0,1.84,0
16,1,0,0,5,0,1,0,0,0.0,0,Python,2021-2023,1.0,5.0,0.0,0.0,0
16,1,0,0,72,2,4,1,8,1.88,0,Python,2021-2023,1.0,24.0,0.2,0.38,0
17,1,0,0,25,15,4,1,6,5.0,0,Python,2021-2023,1.0,1.56,0.2,1.0,0
17,1,0,0,107,0,3,1,8,2.25,0,Python,2021-2023,1.0,107.0,0.25,0.56,0
17,1,0,0,6,1,2,1,2,1.5,0,Python,2021-2023,1.0,3.0,0.33,0.5,0
18,1,0,0,12,4,2,1,3,2.0,0,Python,2021-2023,1.0,2.4,0.33,0.67,0
18,1,0,0,37,12,3,1,4,1.5,0,Python,2021-2023,1.0,2.85,0.25,0.38,0
18,1,0,0,212,3,3,1,9,7.67,0,Python,2021-2023,1.0,53.0,0.25,1.92,0
18,1,0,0,1,1,1,0,0,0.0,0,Python,2021-2023,1.0,0.5,0.0,0.0,0
18,1,0,0,1,1,1,0,0,0.0,0,Python,2021-2023,1.0,0.5,0.0,0.0,0
19,1,0,0,8,1,3,1,3,2.67,0,Python,2021-2023,1.0,4.0,0.25,0.67,0
21,1,0,0,8,16,4,0,2,5.0,0,Python,2021-2023,1.0,0.47,0.0,1.0,0
21,1,0,0,7,1,2,0,1,4.0,0,Python,2021-2023,1.0,3.5,0.0,1.33,0
8,2,0,0,2,2,1,0,0,0.0,0,Python,2021-2023,1.0,0.67,0.0,0.0,0
8,2,0,0,1,1,1,0,0,0.0,0,Python,2021-2023,1.0,0.5,0.0,0.0,0
8,2,0,0,1,1,1,0,1,24.0,0,Python,2021-2023,1.0,0.5,0.0,12.0,0
8,2,0,0,1,1,1,0,1,24.0,0,Python,2021-2023,1.0,0.5,0.0,12.0,0
8,2,0,0,1,1,1,0,1,24.0,0,Python,2021-2023,1.0,0.5,0.0,12.0,0
8,2,0,0,1,1,1,0,1,24.0,0,Python,2021-2023,1.0,0.5,0.0,12.0,0
8,2,0,0,1,1,1,0,1,24.0,0,Python,2021-2023,1.0,0.5,0.0,12.0,0
8,2,0,0,4,4,1,0,1,24.0,0,Python,2021-2023,1.0,0.8,0.0,12.0,0
9,2,0,0,4,13,1,0,1,6.0,0,Python,2021-2023,1.0,0.29,0.0,3.0,0
10,2,0,0,104,1,4,1,11,1.55,0,Python,2021-2023,1.0,52.0,0.2,0.31,0
10,2,0,0,34,1,4,1,2,1.5,0,Python,2021-2023,1.0,17.0,0.2,0.3,0
10,2,0,0,1,12,3,2,0,0.0,0,Python,2021-2023,1.0,0.08,0.5,0.0,0
10,2,0,0,94,1,2,0,1,3.0,0,Python,2021-2023,1.0,47.0,0.0,1.0,0
10,2,0,0,14,11,11,0,0,0.0,0,Python,2021-2023,1.0,1.17,0.0,0.0,0
10,2,0,0,15,0,3,1,1,2.0,0,Python,2021-2023,1.0,15.0,0.25,0.5,0
10,2,0,0,12,1,2,0,0,0.0,0,Python,2021-2023,1.0,6.0,0.0,0.0,0
10,2,0,0,20,0,3,1,3,1.0,0,Python,2021-2023,1.0,20.0,0.25,0.25,0
10,2,0,0,1,1,1,0,1,3.0,0,Python,2021-2023,1.0,0.5,0.0,1.5,0
11,2,0,0,30,0,2,1,6,1.0,0,Python,2021-2023,1.0,30.0,0.33,0.33,0
11,2,0,0,118,5,3,1,11,2.55,0,Python,2021-2023,1.0,19.67,0.25,0.64,0
11,2,0,0,159,35,4,1,16,4.19,0,Python,2021-2023,1.0,4.42,0.2,0.84,0
13,2,0,0,25,44,6,1,11,1.82,0,Python,2021-2023,1.0,0.56,0.14,0.26,0
13,2,0,0,16,0,1,0,0,0.0,0,Python,2021-2023,1.0,16.0,0.0,0.0,0
13,2,0,0,31,0,2,1,6,1.33,0,Python,2021-2023,1.0,31.0,0.33,0.44,0
13,2,0,0,10,0,2,1,2,1.0,0,Python,2021-2023,1.0,10.0,0.33,0.33,0
15,2,0,0,53,0,3,1,3,2.33,0,Python,2021-2023,1.0,53.0,0.25,0.58,0
15,2,0,0,24,24,2,0,2,2.0,0,Python,2021-2023,1.0,0.96,0.0,0.67,0
16,2,0,0,11,5,1,1,1,5.0,0,Python,2021-2023,1.0,1.83,0.5,2.5,0
17,2,0,0,1,1,1,1,1,1.0,0,Python,2021-2023,1.0,0.5,0.5,0.5,0
9,3,0,0,306,89,1,0,0,0.0,0,Python,2021-2023,1.0,3.4,0.0,0.0,0
11,3,0,0,11,15,3,1,6,1.67,0,Python,2021-2023,1.0,0.69,0.25,0.42,0
11,3,0,0,54,2,3,1,7,1.29,0,Python,2021-2023,1.0,18.0,0.25,0.32,0
12,3,0,0,19,2,2,1,2,3.5,0,Python,2021-2023,1.0,6.33,0.33,1.17,0
12,3,0,0,68,0,3,1,5,2.4,0,Python,2021-2023,1.0,68.0,0.25,0.6,0
12,3,0,0,3,5,2,1,2,3.5,0,Python,2021-2023,1.0,0.5,0.33,1.17,0
13,3,0,0,13,3,1,1,3,2.0,0,Python,2021-2023,1.0,3.25,0.5,1.0,0
15,3,0,0,3,0,1,1,2,1.0,0,Python,2021-2023,1.0,3.0,0.5,0.5,0
16,3,0,0,8,1,1,1,1,3.0,0,Python,2021-2023,1.0,4.0,0.5,1.5,0
17,3,0,0,9,9,1,1,3,1.33,0,Python,2021-2023,1.0,0.9,0.5,0.66,0
17,3,0,0,0,1,1,1,1,1.0,0,Python,2021-2023,1.0,0.0,0.5,0.5,0
17,3,0,0,9,2,1,0,0,0.0,0,Python,2021-2023,1.0,3.0,0.0,0.0,0
17,3,0,0,398,47,3,1,54,1.94,0,Python,2021-2023,1.0,8.29,0.25,0.48,0
18,3,0,0,4,0,1,0,0,0.0,0,Python,2021-2023,1.0,4.0,0.0,0.0,0
18,3,0,0,1,2,1,0,1,4.0,0,Python,2021-2023,1.0,0.33,0.0,2.0,0
21,3,0,0,1,1,1,0,1,3.0,0,Python,2021-2023,1.0,0.5,0.0,1.5,0
22,3,0,1,29,15,1,0,1,6.0,0,Python,2021-2023,1.0,1.81,0.0,3.0,0
10,4,0,0,1,22,3,1,3,1.67,0,Python,2021-2023,1.0,0.04,0.25,0.42,0
10,4,0,0,65,5,3,1,6,2.17,0,Python,2021-2023,1.0,10.83,0.25,0.54,0
10,4,0,0,1,1,1,1,0,0.0,0,Python,2021-2023,1.0,0.5,0.5,0.0,0
11,4,0,0,22,1,3,0,2,7.0,0,Python,2021-2023,1.0,11.0,0.0,1.75,0
11,4,0,0,0,16,2,1,3,1.33,0,Python,2021-2023,1.0,0.0,0.33,0.44,0
11,4,0,0,5,0,1,0,0,0.0,0,Python,2021-2023,1.0,5.0,0.0,0.0,0
11,4,0,0,1,0,1,0,0,0.0,0,Python,2021-2023,1.0,1.0,0.0,0.0,0
11,4,0,0,3,2,2,0,2,11.5,0,Python,2021-2023,1.0,1.0,0.0,3.83,0
12,4,0,0,1,1,1,1,2,1.0,0,Python,2021-2023,1.0,0.5,0.5,0.5,0
12,4,0,0,214,16,4,1,31,2.35,0,Python,2021-2023,1.0,12.59,0.2,0.47,0
12,4,0,0,0,3,1,1,1,1.0,0,Python,2021-2023,1.0,0.0,0.5,0.5,0
12,4,0,0,6,3,1,1,1,1.0,0,Python,2021-2023,1.0,1.5,0.5,0.5,0
12,4,0,0,0,3,1,1,2,2.5,0,Python,2021-2023,1.0,0.0,0.5,1.25,0
12,4,0,0,3,3,1,1,3,2.0,0,Python,2021-2023,1.0,0.75,0.5,1.0,0
13,4,0,0,23,23,1,1,4,1.0,0,Python,2021-2023,1.0,0.96,0.5,0.5,0
13,4,0,0,79,27,4,1,5,3.4,0,Python,2021-2023,1.0,2.82,0.2,0.68,0
13,4,0,0,75,0,3,1,8,1.75,0,Python,2021-2023,1.0,75.0,0.25,0.44,0
13,4,0,0,26,0,2,1,2,1.0,0,Python,2021-2023,1.0,26.0,0.33,0.33,0
13,4,0,0,11,3,2,1,3,5.67,0,Python,2021-2023,1.0,2.75,0.33,1.89,0
14,4,0,0,3,3,1,0,0,0.0,0,Python,2021-2023,1.0,0.75,0.0,0.0,0
14,4,0,0,12,4,2,1,3,6.33,0,Python,2021-2023,1.0,2.4,0.33,2.11,0
14,4,0,0,100,10,3,1,11,3.64,0,Python,2021-2023,1.0,9.09,0.25,0.91,0
15,4,0,0,53,57,2,1,10,1.7,0,Python,2021-2023,1.0,0.91,0.33,0.57,0
15,4,0,0,0,2,1,0,1,5.0,0,Python,2021-2023,1.0,0.0,0.0,2.5,0
15,4,0,0,18,9,3,0,40,4.7,0,Python,2021-2023,1.0,1.8,0.0,1.18,0
16,4,0,0,51,3,2,1,2,1.0,0,Python,2021-2023,1.0,12.75,0.33,0.33,0
16,4,0,0,678,631,2,0,69,4.19,0,Python,2021-2023,1.0,1.07,0.0,1.4,0
17,4,0,0,19,0,2,1,2,1.0,0,Python,2021-2023,1.0,19.0,0.33,0.33,0
17,4,0,0,146,126,77,2,6,22.0,0,Python,2021-2023,1.0,1.15,0.03,0.28,0
17,4,0,0,3,2,1,0,0,0.0,0,Python,2021-2023,1.0,1.0,0.0,0.0,0
17,4,0,0,6,1,1,1,1,1.0,0,Python,2021-2023,1.0,3.0,0.5,0.5,0
17,4,0,0,48,0,2,1,3,1.67,0,Python,2021-2023,1.0,48.0,0.33,0.56,0
14,5,1,0,9,8,1,1,1,1.0,0,Python,2021-2023,1.0,1.0,0.5,0.5,0
17,6,1,0,7,1,1,1,1,2.0,0,Python,2021-2023,1.0,3.5,0.5,1.0,0
17,6,1,0,2,2,1,1,1,1.0,0,Python,2021-2023,1.0,0.67,0.5,0.5,0
17,6,1,0,8,0,1,0,0,0.0,0,Python,2021-2023,1.0,8.0,0.0,0.0,0
10,0,0,0,9,0,1,0,0,0.0,0,Python,2021-2023,1.0,9.0,0.0,0.0,0
10,0,0,0,2,2,1,1,1,1.0,0,Python,2021-2023,1.0,0.67,0.5,0.5,0
12,0,0,0,43,4,3,1,6,1.33,0,Python,2021-2023,1.0,8.6,0.25,0.33,0
13,0,0,0,156,2,2,1,2,12.5,0,Python,2021-2023,1.0,52.0,0.33,4.17,0
13,0,0,0,12,0,2,1,2,1.0,0,Python,2021-2023,1.0,12.0,0.33,0.33,0
13,0,0,0,6,0,2,1,2,1.5,0,Python,2021-2023,1.0,6.0,0.33,0.5,0
13,0,0,0,12,0,2,1,2,1.0,0,Python,2021-2023,1.0,12.0,0.33,0.33,0
13,0,0,0,24,0,4,1,2,1.0,0,Python,2021-2023,1.0,24.0,0.2,0.2,0
13,0,0,0,15,0,2,1,2,1.5,0,Python,2021-2023,1.0,15.0,0.33,0.5,0
13,0,0,0,56,7,4,1,7,2.71,0,Python,2021-2023,1.0,7.0,0.2,0.54,0
14,0,0,0,7,6,2,1,3,7.33,0,Python,2021-2023,1.0,1.0,0.33,2.44,0
14,0,0,0,11,0,2,1,2,1.0,0,Python,2021-2023,1.0,11.0,0.33,0.33,0
14,0,0,0,8,1,1,0,1,9.0,0,Python,2021-2023,1.0,4.0,0.0,4.5,0
15,0,0,0,82,231,8,5,98,1.95,0,Python,2021-2023,1.0,0.35,0.56,0.22,0
16,0,0,0,54,259,17,6,34,1.47,0,Python,2021-2023,1.0,0.21,0.33,0.08,0
17,0,0,0,3,3,1,1,2,1.0,0,Python,2021-2023,1.0,0.75,0.5,0.5,0
17,0,0,0,2,0,1,0,1,14.0,0,Python,2021-2023,1.0,2.0,0.0,7.0,0
18,0,0,0,11,1,1,0,0,0.0,0,Python,2021-2023,1.0,5.5,0.0,0.0,0
18,0,0,0,173,0,3,1,11,1.91,0,Python,2021-2023,1.0,173.0,0.25,0.48,0
8,1,0,0,96,98,7,0,0,0.0,0,Python,2021-2023,1.0,0.97,0.0,0.0,0
8,1,0,0,9,54,3,0,0,0.0,0,Python,2021-2023,1.0,0.16,0.0,0.0,0
10,1,0,0,1,1,1,0,0,0.0,0,Python,2021-2023,1.0,0.5,0.0,0.0,0
11,1,0,0,1,1,1,1,1,4.0,0,Python,2021-2023,1.0,0.5,0.5,2.0,0
13,1,0,0,1,1,1,0,0,0.0,0,Python,2021-2023,1.0,0.5,0.0,0.0,0
13,1,0,0,24,3,3,1,3,4.33,0,Python,2021-2023,1.0,6.0,0.25,1.08,0
13,1,0,0,24,7,3,1,7,1.14,0,Python,2021-2023,1.0,3.0,0.25,0.28,0
14,1,0,0,13,11,2,1,4,2.25,0,Python,2021-2023,1.0,1.08,0.33,0.75,0
14,1,0,0,1,1,1,0,0,0.0,0,Python,2021-2023,1.0,0.5,0.0,0.0,0
14,1,0,0,185,6,4,1,6,2.83,0,Python,2021-2023,1.0,26.43,0.2,0.57,0
16,1,0,0,5,6,1,0,0,0.0,0,Python,2021-2023,1.0,0.71,0.0,0.0,0
16,1,0,0,8,0,1,0,0,0.0,0,Python,2021-2023,1.0,8.0,0.0,0.0,0
16,1,0,0,65,280,11,9,46,1.63,0,Python,2021-2023,1.0,0.23,0.75,0.14,0
16,1,0,0,26,19,2,0,0,0.0,0,Python,2021-2023,1.0,1.3,0.0,0.0,0
16,1,0,0,1,1,1,0,0,0.0,0,Python,2021-2023,1.0,0.5,0.0,0.0,0
16,1,0,0,0,0,1,0,0,0.0,0,Python,2021-2023,1.0,0.0,0.0,0.0,0
16,1,0,0,3,0,1,1,0,0.0,0,Python,2021-2023,1.0,3.0,0.5,0.0,0
16,1,0,0,6,0,1,0,0,0.0,0,Python,2021-2023,1.0,6.0,0.0,0.0,0
16,1,0,0,46,1,2,1,3,27.67,0,Python,2021-2023,1.0,23.0,0.33,9.22,0
16,1,0,0,1266,1083,5,3,65,7.05,0,Python,2021-2023,1.0,1.17,0.5,1.18,0
17,1,0,0,0,1,1,0,0,0.0,0,Python,2021-2023,1.0,0.0,0.0,0.0,0
17,1,0,0,5,1,2,1,2,1.0,0,Python,2021-2023,1.0,2.5,0.33,0.33,0
17,1,0,0,0,5,1,1,2,1.0,0,Python,2021-2023,1.0,0.0,0.5,0.5,0
18,1,0,0,34,1,2,1,3,4.33,0,Python,2021-2023,1.0,17.0,0.33,1.44,0
18,1,0,0,4,1,2,1,3,1.33,0,Python,2021-2023,1.0,2.0,0.33,0.44,0
19,1,0,0,176,0,5,1,17,1.24,0,Python,2021-2023,1.0,176.0,0.17,0.21,0
10,2,0,0,3,3,1,1,0,0.0,0,Python,2021-2023,1.0,0.75,0.5,0.0,0
10,2,0,0,33,27,1,1,4,1.5,0,Python,2021-2023,1.0,1.18,0.5,0.75,0
11,2,0,0,2,2,1,0,1,3.0,0,Python,2021-2023,1.0,0.67,0.0,1.5,0
11,2,0,0,76,10,1,0,5,1.4,0,Python,2021-2023,1.0,6.91,0.0,0.7,0
11,2,0,0,1,1,1,0,0,0.0,0,Python,2021-2023,1.0,0.5,0.0,0.0,0
12,2,0,0,1,19,2,2,3,1.67,0,Python,2021-2023,1.0,0.05,0.67,0.56,0
12,2,0,0,14,8,2,1,4,5.75,0,Python,2021-2023,1.0,1.56,0.33,1.92,0
12,2,0,0,69,7,3,1,5,2.4,0,Python,2021-2023,1.0,8.62,0.25,0.6,0
12,2,0,0,1,1,1,1,1,1.0,0,Python,2021-2023,1.0,0.5,0.5,0.5,0
15,2,0,0,26,26,1,1,0,0.0,0,Python,2021-2023,1.0,0.96,0.5,0.0,0
15,2,0,0,2,2,1,1,1,1.0,0,Python,2021-2023,1.0,0.67,0.5,0.5,0
15,2,0,0,1,0,1,1,0,0.0,0,Python,2021-2023,1.0,1.0,0.5,0.0,0
15,2,0,0,9,1,1,0,1,1.0,0,Python,2021-2023,1.0,4.5,0.0,0.5,0
15,2,0,0,54,39,4,3,4,6.0,0,Python,2021-2023,1.0,1.35,0.6,1.2,0
17,2,0,0,1,1,1,0,1,4.0,0,Python,2021-2023,1.0,0.5,0.0,2.0,0
17,2,0,0,0,3,1,0,0,0.0,0,Python,2021-2023,1.0,0.0,0.0,0.0,0
17,2,0,0,14,0,2,1,2,1.0,0,Python,2021-2023,1.0,14.0,0.33,0.33,0
17,2,0,0,2,2,1,0,1,2.0,0,Python,2021-2023,1.0,0.67,0.0,1.0,0
17,2,0,0,24,2,3,1,3,2.0,0,Python,2021-2023,1.0,8.0,0.25,0.5,0
20,2,0,0,3,2,1,1,1,1.0,0,Python,2021-2023,1.0,1.0,0.5,0.5,0
21,2,0,0,29,30,2,1,6,2.83,0,Python,2021-2023,1.0,0.94,0.33,0.94,0
21,2,0,0,2,1,1,1,1,1.0,0,Python,2021-2023,1.0,1.0,0.5,0.5,0
21,2,0,0,60,57,1,0,0,0.0,0,Python,2021-2023,1.0,1.03,0.0,0.0,0
23,2,0,1,131,8,6,2,16,3.38,1,Python,2021-2023,0.1,14.56,0.29,0.48,0
0,3,0,1,17,1,2,1,2,1.5,0,Python,2021-2023,1.0,8.5,0.33,0.5,1
5,3,0,1,1,1,1,1,1,2.0,0,Python,2021-2023,1.0,0.5,0.5,1.0,0
9,3,0,0,49,0,1,0,0,0.0,0,Python,2021-2023,1.0,49.0,0.0,0.0,0
10,3,0,0,79,13,9,2,13,4.85,1,Python,2021-2023,0.1,5.64,0.2,0.48,1
10,3,0,0,2,1,1,0,0,0.0,0,Python,2021-2023,1.0,1.0,0.0,0.0,0
10,3,0,0,162,59,8,4,4,1.75,0,Python,2021-2023,1.0,2.7,0.44,0.19,2
11,3,0,0,60,1,3,1,4,3.5,0,Python,2021-2023,1.0,30.0,0.25,0.88,2
11,3,0,0,1,1,1,0,0,0.0,0,Python,2021-2023,1.0,0.5,0.0,0.0,0
11,3,0,0,1,1,1,0,0,0.0,0,Python,2021-2023,1.0,0.5,0.0,0.0,0
12,3,0,0,3,3,3,0,0,0.0,0,Python,2021-2023,1.0,0.75,0.0,0.0,0
12,3,0,0,19,19,18,0,0,0.0,0,Python,2021-2023,1.0,0.95,0.0,0.0,0
12,3,0,0,43,43,2,0,0,0.0,0,Python,2021-2023,1.0,0.98,0.0,0.0,0
12,3,0,0,1,1,1,0,0,0.0,0,Python,2021-2023,1.0,0.5,0.0,0.0,0
12,3,0,0,78,26,2,1,11,8.91,0,Python,2021-2023,1.0,2.89,0.33,2.97,0
14,3,0,0,20,0,2,1,2,1.0,0,Python,2021-2023,1.0,20.0,0.33,0.33,2
14,3,0,0,527,0,1,0,0,0.0,0,Python,2021-2023,1.0,527.0,0.0,0.0,0
17,3,0,0,1,1,1,0,0,0.0,0,Python,2021-2023,1.0,0.5,0.0,0.0,0
17,3,0,0,12,2,1,0,0,0.0,0,Python,2021-2023,1.0,4.0,0.0,0.0,0
17,3,0,0,2,2,1,0,0,0.0,0,Python,2021-2023,1.0,0.67,0.0,0.0,0
18,3,0,0,5,0,2,1,2,1.0,0,Python,2021-2023,1.0,5.0,0.33,0.33,0
18,3,0,0,9,16,1,0,0,0.0,0,Python,2021-2023,1.0,0.53,0.0,0.0,0
18,3,0,0,0,1,1,0,0,0.0,0,Python,2021-2023,1.0,0.0,0.0,0.0,0
19,3,0,0,46,2,3,1,5,5.8,0,Python,2021-2023,1.0,15.33,0.25,1.45,2
19,3,0,0,1,1,1,0,1,3.0,0,Python,2021-2023,1.0,0.5,0.0,1.5,2
9,4,0,0,0,34,2,0,0,0.0,0,Python,2021-2023,1.0,0.0,0.0,0.0,0
9,4,0,0,18,1,2,1,2,3.0,0,Python,2021-2023,1.0,9.0,0.33,1.0,2
9,4,0,0,10,1,2,1,2,3.5,0,Python,2021-2023,1.0,5.0,0.33,1.17,2
10,4,0,0,23,1,2,1,3,1.33,0,Python,2021-2023,1.0,11.5,0.33,0.44,2
10,4,0,0,200,136,3,2,28,1.36,0,Python,2021-2023,1.0,1.46,0.5,0.34,2
10,4,0,0,57,0,2,1,7,1.57,0,Python,2021-2023,1.0,57.0,0.33,0.52,2
10,4,0,0,69,0,3,1,6,2.33,0,Python,2021-2023,1.0,69.0,0.25,0.58,2
10,4,0,0,35,5,2,1,2,7.5,0,Python,2021-2023,1.0,5.83,0.33,2.5,2
10,4,0,0,9,0,2,1,2,2.5,0,Python,2021-2023,1.0,9.0,0.33,0.83,2
10,4,0,0,2,1,2,1,2,1.0,0,Python,2021-2023,1.0,1.0,0.33,0.33,2
10,4,0,0,17,1,2,1,3,1.0,0,Python,2021-2023,1.0,8.5,0.33,0.33,2
10,4,0,0,36,0,3,1,5,1.2,0,Python,2021-2023,1.0,36.0,0.25,0.3,2
10,4,0,0,231,91,6,2,58,1.88,0,Python,2021-2023,1.0,2.51,0.29,0.27,2
10,4,0,0,1,1,1,0,1,4.0,0,Python,2021-2023,1.0,0.5,0.0,2.0,2
10,4,0,0,25,2,2,1,3,1.67,0,Python,2021-2023,1.0,8.33,0.33,0.56,2
10,4,0,0,30,1,1,1,2,2.0,0,Python,2021-2023,1.0,15.0,0.5,1.0,2
12,4,0,0,9,0,1,0,0,0.0,0,Python,2021-2023,1.0,9.0,0.0,0.0,0
13,4,0,0,239,181,3,1,40,3.02,0,Python,2021-2023,1.0,1.31,0.25,0.76,2
13,4,0,0,30,0,1,0,0,0.0,0,Python,2021-2023,1.0,30.0,0.0,0.0,2
13,4,0,0,187,190,6,0,0,0.0,0,Python,2021-2023,1.0,0.98,0.0,0.0,0
13,4,0,0,2,1,2,1,2,2.0,0,Python,2021-2023,1.0,1.0,0.33,0.67,2
13,4,0,0,9,0,1,0,0,0.0,0,Python,2021-2023,1.0,9.0,0.0,0.0,0
14,4,0,0,77,0,2,1,11,2.64,0,Python,2021-2023,1.0,77.0,0.33,0.88,2
14,4,0,0,48,85,1,0,10,2.2,0,Python,2021-2023,1.0,0.56,0.0,1.1,2
14,4,0,0,60,1,2,0,0,0.0,0,Python,2021-2023,1.0,30.0,0.0,0.0,0
14,4,0,0,5,5,2,1,2,1.0,0,Python,2021-2023,1.0,0.83,0.33,0.33,2
14,4,0,0,42,0,2,1,4,1.25,0,Python,2021-2023,1.0,42.0,0.33,0.42,2
16,4,0,0,78,5,5,1,8,7.0,0,Python,2021-2023,1.0,13.0,0.17,1.17,2
16,4,0,0,15,2,2,1,3,3.67,0,Python,2021-2023,1.0,5.0,0.33,1.22,2
17,4,0,0,1,1,1,0,2,4.0,0,Python,2021-2023,1.0,0.5,0.0,2.0,2
17,4,0,0,17,5,3,1,2,12.5,0,Python,2021-2023,1.0,2.83,0.25,3.12,2
17,4,0,0,17,6,2,1,6,4.33,0,Python,2021-2023,1.0,2.43,0.33,1.44,2
17,4,0,0,7,6,2,1,2,1.5,0,Python,2021-2023,1.0,1.0,0.33,0.5,2
17,4,0,0,82,6,2,1,4,6.0,0,Python,2021-2023,1.0,11.71,0.33,2.0,2
18,4,0,0,2,2,2,1,2,4.5,0,Python,2021-2023,1.0,0.67,0.33,1.5,2
18,4,0,0,33,35,2,1,7,2.43,0,Python,2021-2023,1.0,0.92,0.33,0.81,2
18,4,0,0,19,5,2,1,0,0.0,0,Python,2021-2023,1.0,3.17,0.33,0.0,0
19,4,0,0,21,1,2,1,2,2.0,0,Python,2021-2023,1.0,10.5,0.33,0.67,0
8,0,0,0,5,1,1,0,1,18.0,0,Python,2021-2023,1.0,2.5,0.0,9.0,2
8,0,0,0,1,1,1,0,2,2.0,0,Python,2021-2023,1.0,0.5,0.0,1.0,2
8,0,0,0,18,6,2,1,4,5.5,0,Python,2021-2023,1.0,2.57,0.33,1.83,2
8,0,0,0,7,0,2,1,2,2.0,0,Python,2021-2023,1.0,7.0,0.33,0.67,2
8,0,0,0,23,8,2,1,3,3.33,0,Python,2021-2023,1.0,2.56,0.33,1.11,0
9,0,0,0,17,4,1,0,0,0.0,0,Python,2021-2023,1.0,3.4,0.0,0.0,0
10,0,0,0,24,3,2,1,3,5.33,0,Python,2021-2023,1.0,6.0,0.33,1.78,2
11,0,0,0,72,1,2,1,11,1.09,0,Python,2021-2023,1.0,36.0,0.33,0.36,2
11,0,0,0,6,2,1,0,2,5.0,0,Python,2021-2023,1.0,2.0,0.0,2.5,2
11,0,0,0,21,6,3,1,8,6.75,0,Python,2021-2023,1.0,3.0,0.25,1.69,2
12,0,0,0,21,0,1,1,1,2.0,0,Python,2021-2023,1.0,21.0,0.5,1.0,0
12,0,0,0,28,1,3,1,4,1.5,0,Python,2021-2023,1.0,14.0,0.25,0.38,2
12,0,0,0,55,2,2,1,3,1.0,0,Python,2021-2023,1.0,18.33,0.33,0.33,2
12,0,0,0,16,0,2,1,2,2.0,0,Python,2021-2023,1.0,16.0,0.33,0.67,2
14,0,0,0,88,6,2,1,12,1.83,0,Python,2021-2023,1.0,12.57,0.33,0.61,2
14,0,0,0,17,9,2,1,3,2.67,0,Python,2021-2023,1.0,1.7,0.33,0.89,0
14,0,0,0,22,6,4,3,7,2.29,0,Python,2021-2023,1.0,3.14,0.6,0.46,2
19,0,0,0,0,1,1,0,0,0.0,0,Python,2021-2023,1.0,0.0,0.0,0.0,0
8,1,0,0,66,7,2,1,3,15.67,0,Python,2021-2023,1.0,8.25,0.33,5.22,2
8,1,0,0,9,8,1,0,3,11.0,0,Python,2021-2023,1.0,1.0,0.0,5.5,2
8,1,0,0,14,5,4,1,5,1.2,0,Python,2021-2023,1.0,2.33,0.2,0.24,2
8,1,0,0,29,1,4,1,5,6.8,0,Python,2021-2023,1.0,14.5,0.2,1.36,2
10,1,0,0,17,1,2,1,2,2.5,1,Python,2021-2023,0.3,8.5,0.33,0.83,2
11,1,0,0,106,17,2,1,38,5.16,0,Python,2021-2023,1.0,5.89,0.33,1.72,0
13,1,0,0,2,2,1,1,0,0.0,0,Python,2021-2023,1.0,0.67,0.5,0.0,0
13,1,0,0,44,28,1,0,0,0.0,0,Python,2021-2023,1.0,1.52,0.0,0.0,0
15,1,0,0,81,21,3,1,7,5.71,0,Python,2021-2023,1.0,3.68,0.25,1.43,3
15,1,0,0,22,6,2,1,5,3.4,0,Python,2021-2023,1.0,3.14,0.33,1.13,3
18,1,0,0,27,4,2,1,2,1.0,0,Python,2021-2023,1.0,5.4,0.33,0.33,3
18,1,0,0,11,1,2,1,2,7.5,0,Python,2021-2023,1.0,5.5,0.33,2.5,3
18,1,0,0,20,0,2,1,2,7.5,0,Python,2021-2023,1.0,20.0,0.33,2.5,3
18,1,0,0,3,0,1,0,1,15.0,0,Python,2021-2023,1.0,3.0,0.0,7.5,3
21,1,0,0,399,609,21,5,68,5.21,0,Python,2021-2023,1.0,0.65,0.23,0.24,3
10,2,0,0,1,1,1,0,0,0.0,0,Python,2021-2023,1.0,0.5,0.0,0.0,0
14,2,0,0,18,5,2,0,0,0.0,0,Python,2021-2023,1.0,3.0,0.0,0.0,0
14,2,0,0,107,120,10,0,87,3.44,0,Python,2021-2023,1.0,0.88,0.0,0.31,3
23,2,0,1,188,234,3,1,11,3.73,0,Python,2021-2023,1.0,0.8,0.25,0.93,0
11,3,0,0,16,1,2,1,2,9.5,0,Python,2021-2023,1.0,8.0,0.33,3.17,3
11,3,0,0,31,15,2,1,6,8.17,0,Python,2021-2023,1.0,1.94,0.33,2.72,3
11,3,0,0,21,0,3,1,3,1.0,0,Python,2021-2023,1.0,21.0,0.25,0.25,3
11,3,0,0,39,6,2,1,3,3.33,1,Python,2021-2023,0.1,5.57,0.33,1.11,3
12,3,0,0,17,0,2,1,2,1.0,0,Python,2021-2023,1.0,17.0,0.33,0.33,4
15,3,0,0,12,1,2,1,2,10.5,0,Python,2021-2023,1.0,6.0,0.33,3.5,4
9,4,0,0,16,2,3,1,3,7.33,0,Python,2021-2023,1.0,5.33,0.25,1.83,4
10,4,0,0,113,4,4,1,8,3.12,0,Python,2021-2023,1.0,22.6,0.2,0.62,4
11,4,0,0,68,0,2,1,3,2.0,0,Python,2021-2023,1.0,68.0,0.33,0.67,4
11,4,0,0,70,7,3,1,6,4.0,0,Python,2021-2023,1.0,8.75,0.25,1.0,4
11,4,0,0,56,4,3,1,3,7.33,0,Python,2021-2023,1.0,11.2,0.25,1.83,4
12,4,0,0,152,0,3,1,11,2.36,0,Python,2021-2023,1.0,152.0,0.25,0.59,4
13,4,0,0,29,6,3,1,5,8.0,0,Python,2021-2023,1.0,4.14,0.25,2.0,4
15,4,0,0,9,4,2,1,0,0.0,0,Python,2021-2023,1.0,1.8,0.33,0.0,0
15,4,0,0,16,0,2,1,2,9.0,0,Python,2021-2023,1.0,16.0,0.33,3.0,4
15,5,1,0,15,1,3,1,3,4.0,0,Python,2021-2023,1.0,7.5,0.25,1.0,0
15,5,1,0,4,0,1,0,0,0.0,0,Python,2021-2023,1.0,4.0,0.0,0.0,0
12,2,0,0,4,2,1,0,1,2.0,0,Python,2021-2023,1.0,1.33,0.0,1.0,0
12,2,0,0,19,0,2,1,3,3.67,0,Python,2021-2023,1.0,19.0,0.33,1.22,0
16,3,0,0,1,1,1,0,0,0.0,0,Python,2021-2023,1.0,0.5,0.0,0.0,0
12,0,0,0,31,1,2,2,3,6.0,0,Python,2024-2026,1.0,15.5,0.67,2.0,0
14,1,0,0,19,1,2,0,0,0.0,0,Python,2024-2026,1.0,9.5,0.0,0.0,0
14,2,0,0,4,1,1,0,1,7.0,0,Python,2024-2026,1.0,2.0,0.0,3.5,0
17,2,0,0,7,6,1,0,0,0.0,0,Python,2024-2026,1.0,1.0,0.0,0.0,0
10,3,0,0,30,14,2,1,2,5.5,0,Python,2024-2026,1.0,2.0,0.33,1.83,0
16,3,0,0,12,3,3,3,2,2.5,0,Python,2024-2026,1.0,3.0,0.75,0.62,0
10,1,0,0,5,5,5,2,0,0.0,0,Python,2024-2026,1.0,0.83,0.33,0.0,0
13,3,0,0,20,2,2,1,3,11.67,0,Python,2024-2026,1.0,6.67,0.33,3.89,0
16,1,0,0,5,0,1,0,1,5.0,0,Python,2024-2026,1.0,5.0,0.0,2.5,0
9,0,0,0,1,1,1,0,0,0.0,0,Python,2024-2026,1.0,0.5,0.0,0.0,0
9,1,0,0,27,27,15,3,20,11.0,0,Python,2024-2026,1.0,0.96,0.19,0.69,0
11,1,0,0,2,2,1,1,2,1.0,0,Python,2024-2026,1.0,0.67,0.5,0.5,0
9,2,0,0,1,1,1,0,1,16.0,1,Python,2024-2026,0.015,0.5,0.0,8.0,0
10,2,0,0,11,20,9,2,8,14.12,0,Python,2024-2026,1.0,0.52,0.2,1.41,1
10,2,0,0,43,62,26,3,32,13.81,0,Python,2024-2026,1.0,0.68,0.11,0.51,1
10,2,0,0,2,2,2,0,4,4.5,0,Python,2024-2026,1.0,0.67,0.0,1.5,1
10,2,0,0,8,8,2,0,1,4.0,0,Python,2024-2026,1.0,0.89,0.0,1.33,1
10,2,0,0,1,1,1,0,1,1.0,0,Python,2024-2026,1.0,0.5,0.0,0.5,1
10,2,0,0,3,3,3,0,3,12.0,0,Python,2024-2026,1.0,0.75,0.0,3.0,1
11,2,0,0,35,34,19,8,24,12.33,0,Python,2024-2026,1.0,1.0,0.4,0.62,1
9,3,0,0,73,0,5,1,9,5.0,0,Python,2024-2026,1.0,73.0,0.17,0.83,0
10,0,0,0,1,1,1,0,0,0.0,0,Python,2024-2026,1.0,0.5,0.0,0.0,0
14,0,0,0,49,1,2,0,0,0.0,0,Python,2024-2026,1.0,24.5,0.0,0.0,0
9,0,0,0,14,21,4,1,8,10.25,0,Python,2024-2026,1.0,0.64,0.2,2.05,0
10,0,0,0,261,71,16,10,30,4.77,0,Python,2024-2026,1.0,3.62,0.59,0.28,0
13,0,0,0,2,2,1,1,0,0.0,0,Python,2024-2026,1.0,0.67,0.5,0.0,0
15,0,0,0,4,2,1,0,2,2.0,0,Python,2024-2026,1.0,1.33,0.0,1.0,0
16,0,0,0,8,3,2,1,2,1.0,0,Python,2024-2026,1.0,2.0,0.33,0.33,0
12,0,0,0,1,1,1,0,0,0.0,0,Python,2024-2026,1.0,0.5,0.0,0.0,0
11,0,0,0,8,8,7,2,0,0.0,0,Python,2024-2026,1.0,0.89,0.25,0.0,0
12,0,0,0,2,2,1,1,1,1.0,0,Python,2024-2026,1.0,0.67,0.5,0.5,0
18,1,0,0,1,1,1,0,1,13.0,0,Python,2024-2026,1.0,0.5,0.0,6.5,0
15,2,0,0,25,8,4,3,4,3.0,0,Python,2024-2026,1.0,2.78,0.6,0.6,0
7,3,0,0,1,1,1,0,1,18.0,0,Python,2024-2026,1.0,0.5,0.0,9.0,0
21,3,0,0,20,8,5,1,5,11.8,0,Python,2024-2026,1.0,2.22,0.17,1.97,0
16,1,0,0,13,1,2,2,2,6.0,0,Python,2024-2026,1.0,6.5,0.67,2.0,0
11,0,0,0,22,1,3,1,3,6.67,0,Python,2024-2026,1.0,11.0,0.25,1.67,0
8,1,0,0,1,1,1,0,0,0.0,0,Python,2024-2026,1.0,0.5,0.0,0.0,0
8,1,0,0,1,1,1,0,0,0.0,0,Python,2024-2026,1.0,0.5,0.0,0.0,0
11,2,0,0,32,1,2,0,0,0.0,0,Python,2024-2026,1.0,16.0,0.0,0.0,0
8,0,0,0,16,16,2,0,3,8.0,0,Python,2024-2026,1.0,0.94,0.0,2.67,0
15,0,0,0,307,179,5,1,36,1.39,0,Python,2024-2026,1.0,1.71,0.17,0.23,0
9,1,0,0,42,2,2,1,3,6.33,0,Python,2024-2026,1.0,14.0,0.33,2.11,0
11,1,0,0,1,1,1,0,0,0.0,0,Python,2024-2026,1.0,0.5,0.0,0.0,0
11,1,0,0,18,1,2,0,0,0.0,0,Python,2024-2026,1.0,9.0,0.0,0.0,0
13,1,0,0,8,3,2,1,3,4.33,0,Python,2024-2026,1.0,2.0,0.33,1.44,0
16,1,0,0,9,0,1,0,0,0.0,0,Python,2024-2026,1.0,9.0,0.0,0.0,0
10,2,0,0,5,0,1,0,0,0.0,0,Python,2024-2026,1.0,5.0,0.0,0.0,0
12,2,0,0,31,17,2,1,2,4.5,0,Python,2024-2026,1.0,1.72,0.33,1.5,0
9,4,0,0,22,4,2,1,4,3.25,0,Python,2024-2026,1.0,4.4,0.33,1.08,0
12,4,0,0,176,32,6,2,7,6.43,0,Python,2024-2026,1.0,5.33,0.29,0.92,0
13,4,0,0,8,0,2,1,2,13.0,0,Python,2024-2026,1.0,8.0,0.33,4.33,0
13,0,0,0,8,1,2,1,2,4.5,0,Python,2024-2026,1.0,4.0,0.33,1.5,0
15,1,0,0,1,1,1,1,1,1.0,0,Python,2024-2026,1.0,0.5,0.5,0.5,0
10,2,0,0,110,91,2,1,4,9.75,0,Python,2024-2026,1.0,1.2,0.33,3.25,0
11,2,0,0,5,1,1,0,1,11.0,0,Python,2024-2026,1.0,2.5,0.0,5.5,0
10,3,0,0,23,13,2,1,2,3.0,0,Python,2024-2026,1.0,1.64,0.33,1.0,0
13,4,0,0,16,6,3,1,4,9.75,0,Python,2024-2026,1.0,2.29,0.25,2.44,0
10,0,0,0,21,1,2,1,2,9.0,1,Python,2024-2026,1.0,10.5,0.33,3.0,0
16,0,0,0,13,22,3,0,1,3.0,0,Python,2024-2026,1.0,0.57,0.0,0.75,0
14,1,0,0,40,1,2,0,0,0.0,0,Python,2024-2026,1.0,20.0,0.0,0.0,0
7,2,0,0,23,2,3,1,4,5.75,0,Python,2024-2026,1.0,7.67,0.25,1.44,0
9,1,0,0,0,2,2,0,0,0.0,0,Python,2024-2026,1.0,0.0,0.0,0.0,0
9,1,0,0,4,5,1,0,0,0.0,0,Python,2024-2026,1.0,0.67,0.0,0.0,0
12,2,0,0,70,2,2,1,3,6.67,0,Python,2024-2026,1.0,23.33,0.33,2.22,0
10,4,0,0,1,0,1,0,0,0.0,0,Python,2024-2026,1.0,1.0,0.0,0.0,0
13,4,0,0,24,5,1,0,4,14.5,0,Python,2024-2026,1.0,4.0,0.0,7.25,0
11,0,0,0,7,8,2,0,0,0.0,0,Python,2024-2026,1.0,0.78,0.0,0.0,1
10,1,0,0,0,4,1,0,0,0.0,0,Python,2024-2026,1.0,0.0,0.0,0.0,1
10,1,0,0,2,2,1,1,0,0.0,0,Python,2024-2026,1.0,0.67,0.5,0.0,0
20,1,0,0,4,1,1,1,1,2.0,0,Python,2024-2026,1.0,2.0,0.5,1.0,0
10,2,0,0,32,0,2,1,2,17.0,0,Python,2024-2026,1.0,32.0,0.33,5.67,0
11,2,0,0,97,21,2,1,4,6.25,0,Python,2024-2026,1.0,4.41,0.33,2.08,0
8,4,0,0,1,1,1,1,1,2.0,0,Python,2024-2026,1.0,0.5,0.5,1.0,0
10,4,0,0,3,1,1,0,0,0.0,0,Python,2024-2026,1.0,1.5,0.0,0.0,0
13,4,0,0,32,2,2,1,3,7.67,0,Python,2024-2026,1.0,10.67,0.33,2.56,1
14,4,0,0,65,86,21,8,13,2.69,0,Python,2024-2026,1.0,0.75,0.36,0.12,1
11,0,0,0,2,1,1,0,1,21.0,0,Python,2024-2026,1.0,1.0,0.0,10.5,0
10,1,0,0,6,9,5,2,2,1.5,0,Python,2024-2026,1.0,0.6,0.33,0.25,1
10,1,0,0,4,0,1,1,1,1.0,0,Python,2024-2026,1.0,4.0,0.5,0.5,0
11,1,0,0,0,4,1,0,0,0.0,0,Python,2024-2026,1.0,0.0,0.0,0.0,1
14,1,0,0,136,147,23,3,24,16.33,0,Python,2024-2026,1.0,0.92,0.12,0.68,1
16,3,0,0,14,1463,7,0,42,6.43,0,Python,2024-2026,1.0,0.01,0.0,0.8,0
16,3,0,0,46,1,2,0,0,0.0,0,Python,2024-2026,1.0,23.0,0.0,0.0,0
10,4,0,0,103,169,25,0,40,19.18,0,Python,2024-2026,1.0,0.61,0.0,0.74,1
9,0,0,0,1,5,2,0,0,0.0,0,Python,2024-2026,1.0,0.17,0.0,0.0,1
10,0,0,0,191,2,4,2,24,1.33,0,Python,2024-2026,1.0,63.67,0.4,0.27,0
11,0,0,0,2,2,2,0,0,0.0,0,Python,2024-2026,1.0,0.67,0.0,0.0,1
14,1,0,0,1,1,1,1,0,0.0,0,Python,2024-2026,1.0,0.5,0.5,0.0,0
15,1,0,0,241,251,65,12,137,10.34,0,Python,2024-2026,1.0,0.96,0.18,0.16,1
15,1,0,0,25,38,13,4,1,2.0,0,Python,2024-2026,1.0,0.64,0.29,0.14,1
10,2,0,0,13,5,1,0,2,1.5,0,Python,2024-2026,1.0,2.17,0.0,0.75,0
10,2,0,0,12,4,2,0,0,0.0,0,Python,2024-2026,1.0,2.4,0.0,0.0,1
10,2,0,0,117,116,38,7,45,8.18,0,Python,2024-2026,1.0,1.0,0.18,0.21,1
13,4,0,0,0,3,1,0,0,0.0,0,Python,2024-2026,1.0,0.0,0.0,0.0,1
11,0,0,0,197,213,51,12,103,7.51,0,Python,2024-2026,1.0,0.92,0.23,0.14,1
8,1,0,0,27,15,2,1,2,10.5,0,Python,2024-2026,1.0,1.69,0.33,3.5,0
9,1,0,0,6,6,6,0,0,0.0,0,Python,2024-2026,1.0,0.86,0.0,0.0,0
14,2,0,0,19,18,8,2,8,3.38,0,Python,2024-2026,1.0,1.0,0.22,0.38,1
12,3,0,0,1,0,1,0,0,0.0,0,Python,2024-2026,1.0,1.0,0.0,0.0,1
17,4,0,0,21,7,3,2,3,2.33,0,Python,2024-2026,1.0,2.62,0.5,0.58,0
9,5,1,0,9,13,1,1,1,2.0,0,Python,2024-2026,1.0,0.64,0.5,1.0,0
14,1,0,0,8,8,7,2,0,0.0,0,Python,2024-2026,1.0,0.89,0.25,0.0,0
10,4,0,0,1,1,1,0,0,0.0,0,Python,2024-2026,1.0,0.5,0.0,0.0,1
10,4,0,0,18,8,9,7,7,8.71,0,Python,2024-2026,1.0,2.0,0.7,0.87,0
11,4,0,0,23,10,2,1,3,9.0,0,Python,2024-2026,1.0,2.09,0.33,3.0,0
11,2,0,0,280,115,2,1,9,6.89,0,Python,2024-2026,1.0,2.41,0.33,2.3,0
13,2,0,0,2,0,2,0,0,0.0,0,Python,2024-2026,1.0,2.0,0.0,0.0,0
6,4,0,0,7,1,1,0,1,6.0,0,Python,2024-2026,1.0,3.5,0.0,3.0,0
10,4,0,0,72,1,5,2,3,3.33,0,Python,2024-2026,1.0,36.0,0.33,0.56,0
14,4,0,0,64,2,3,0,0,0.0,0,Python,2024-2026,1.0,21.33,0.0,0.0,0
9,1,0,0,1,1,1,1,0,0.0,0,Python,2024-2026,1.0,0.5,0.5,0.0,0
9,1,0,0,2,2,1,1,0,0.0,0,Python,2024-2026,1.0,0.67,0.5,0.0,0
9,1,0,0,1,1,1,1,0,0.0,0,Python,2024-2026,1.0,0.5,0.5,0.0,0
21,1,0,0,48,63,14,0,11,16.45,0,Python,2024-2026,1.0,0.75,0.0,1.1,0
9,2,0,0,1,8,1,1,0,0.0,0,Python,2024-2026,1.0,0.11,0.5,0.0,0
9,2,0,0,2,20,3,1,2,1.5,0,Python,2024-2026,1.0,0.1,0.25,0.38,0
18,1,0,0,79,8,6,2,3,3.0,0,Python,2024-2026,1.0,8.78,0.29,0.43,0
21,1,0,0,2,2,1,1,0,0.0,0,Python,2024-2026,1.0,0.67,0.5,0.0,0
17,2,0,0,7,1,2,1,0,0.0,0,Python,2024-2026,1.0,3.5,0.33,0.0,0
16,3,0,0,17,21,6,3,3,5.0,0,Python,2024-2026,1.0,0.77,0.43,0.71,0
16,3,0,0,11,1,2,1,0,0.0,0,Python,2024-2026,1.0,5.5,0.33,0.0,0
16,3,0,0,4,1,2,1,0,0.0,0,Python,2024-2026,1.0,2.0,0.33,0.0,0
16,4,0,0,31,39,8,2,1,2.0,0,Python,2024-2026,1.0,0.78,0.22,0.22,0
9,1,0,0,50,14,2,1,4,2.0,0,Python,2024-2026,1.0,3.33,0.33,0.67,0
18,1,0,0,55,50,5,0,0,0.0,0,Python,2024-2026,1.0,1.08,0.0,0.0,0
14,2,0,0,1,1,1,1,1,1.0,0,Python,2024-2026,1.0,0.5,0.5,0.5,0
14,2,0,0,1,1,1,1,0,0.0,0,Python,2024-2026,1.0,0.5,0.5,0.0,0
15,2,0,0,22,23,2,1,5,9.8,0,Python,2024-2026,1.0,0.92,0.33,3.27,0
10,3,0,0,15,15,1,0,0,0.0,0,Python,2024-2026,1.0,0.94,0.0,0.0,0
9,1,0,0,1,1,1,1,0,0.0,0,Python,2024-2026,1.0,0.5,0.5,0.0,0
10,1,0,0,0,2,2,0,2,1.0,0,Python,2024-2026,1.0,0.0,0.0,0.33,0
11,4,0,0,39,2,2,0,0,0.0,0,Python,2024-2026,1.0,13.0,0.0,0.0,0
12,4,0,0,10,3,2,0,0,0.0,0,Python,2024-2026,1.0,2.5,0.0,0.0,0
19,1,0,0,22,0,1,0,0,0.0,0,Python,2024-2026,1.0,22.0,0.0,0.0,0
2,2,0,1,96,123,35,0,0,0.0,0,Python,2024-2026,1.0,0.77,0.0,0.0,0
19,2,0,0,2,2,1,0,0,0.0,0,Python,2024-2026,1.0,0.67,0.0,0.0,0
10,3,0,0,8,2,1,1,1,1.0,0,Python,2024-2026,1.0,2.67,0.5,0.5,0
14,3,0,0,3,1,1,0,0,0.0,0,Python,2024-2026,1.0,1.5,0.0,0.0,0
14,3,0,0,1,0,1,1,1,1.0,0,Python,2024-2026,1.0,1.0,0.5,0.5,0
15,3,0,0,2,2,1,0,2,15.5,0,Python,2024-2026,1.0,0.67,0.0,7.75,0
20,3,0,0,98,17,11,1,5,14.0,0,Python,2024-2026,1.0,5.44,0.08,1.17,0
6,4,0,0,28,1,2,1,2,4.5,0,Python,2024-2026,1.0,14.0,0.33,1.5,0
7,4,0,0,1,0,1,1,0,0.0,0,Python,2024-2026,1.0,1.0,0.5,0.0,0
11,4,0,0,39,0,1,0,0,0.0,0,Python,2024-2026,1.0,39.0,0.0,0.0,0
15,4,0,0,35,0,1,0,0,0.0,0,Python,2024-2026,1.0,35.0,0.0,0.0,0
17,4,0,0,28,14,1,0,0,0.0,0,Python,2024-2026,1.0,1.87,0.0,0.0,0
6,5,1,0,21,3,2,0,3,13.0,0,Python,2024-2026,1.0,5.25,0.0,4.33,0
14,5,1,0,93,50,3,1,4,10.5,0,Python,2024-2026,1.0,1.82,0.25,2.62,0
15,5,1,0,4,4,1,0,0,0.0,0,Python,2024-2026,1.0,0.8,0.0,0.0,0
8,6,1,0,28,1,2,0,0,0.0,0,Python,2024-2026,1.0,14.0,0.0,0.0,0
17,6,1,0,1,0,1,0,0,0.0,0,Python,2024-2026,1.0,1.0,0.0,0.0,0
9,0,0,0,141,269,68,12,0,0.0,0,Python,2024-2026,1.0,0.52,0.17,0.0,0
10,0,0,0,7,3,1,0,4,3.0,0,Python,2024-2026,1.0,1.75,0.0,1.5,0
11,0,0,0,506,98,23,3,15,1.87,0,Python,2024-2026,1.0,5.11,0.12,0.08,0
13,0,0,0,162,49,17,0,10,3.5,0,Python,2024-2026,1.0,3.24,0.0,0.19,0
15,0,0,0,8,0,1,0,0,0.0,0,Python,2024-2026,1.0,8.0,0.0,0.0,0
17,0,0,0,2,0,1,1,1,2.0,0,Python,2024-2026,1.0,2.0,0.5,1.0,0
19,0,0,0,1,1,1,0,0,0.0,0,Python,2024-2026,1.0,0.5,0.0,0.0,0
20,0,0,0,68,3,2,1,4,3.25,0,Python,2024-2026,1.0,17.0,0.33,1.08,0
13,1,0,0,21,4,7,1,2,2.0,0,Python,2024-2026,1.0,4.2,0.12,0.25,0
15,1,0,0,5,5,5,2,0,0.0,0,Python,2024-2026,1.0,0.83,0.33,0.0,0
4,2,0,1,70,4,2,0,0,0.0,0,Python,2024-2026,1.0,14.0,0.0,0.0,0
6,2,0,0,230,205,32,8,63,6.4,0,Python,2024-2026,1.0,1.12,0.24,0.19,0
7,2,0,0,93,0,46,0,0,0.0,0,Python,2024-2026,1.0,93.0,0.0,0.0,0
17,2,0,0,116,40,2,1,17,2.65,0,Python,2024-2026,1.0,2.83,0.33,0.88,0
20,2,0,0,39,41,13,0,0,0.0,0,Python,2024-2026,1.0,0.93,0.0,0.0,0
8,3,0,0,186,4,14,1,1,1.0,0,Python,2024-2026,1.0,37.2,0.07,0.07,0
8,3,0,0,26,2,3,1,4,7.25,0,Python,2024-2026,1.0,8.67,0.25,1.81,0
14,3,0,0,32,150,15,6,5,2.0,0,Python,2024-2026,1.0,0.21,0.38,0.12,0
17,3,0,0,72,9,3,2,3,6.33,0,Python,2024-2026,1.0,7.2,0.5,1.58,0
19,3,0,0,100,3,2,0,0,0.0,0,Python,2024-2026,1.0,25.0,0.0,0.0,0
4,4,0,1,9,9,1,0,0,0.0,0,Python,2024-2026,1.0,0.9,0.0,0.0,0
12,4,0,0,1,1,1,0,0,0.0,0,Python,2024-2026,1.0,0.5,0.0,0.0,0
14,4,0,0,4,4,2,0,0,0.0,0,Python,2024-2026,1.0,0.8,0.0,0.0,0
15,6,1,0,3,3,2,0,0,0.0,0,Python,2024-2026,1.0,0.75,0.0,0.0,0
16,6,1,0,15,15,13,0,0,0.0,0,Python,2024-2026,1.0,0.94,0.0,0.0,0
16,6,1,0,26,26,23,1,0,0.0,0,Python,2024-2026,1.0,0.96,0.04,0.0,0
16,6,1,0,1,1,1,0,0,0.0,0,Python,2024-2026,1.0,0.5,0.0,0.0,0
16,6,1,0,1,1,1,0,0,0.0,0,Python,2024-2026,1.0,0.5,0.0,0.0,0
17,6,1,0,1,1,1,0,0,0.0,0,Python,2024-2026,1.0,0.5,0.0,0.0,0
18,6,1,0,1,1,1,0,0,0.0,0,Python,2024-2026,1.0,0.5,0.0,0.0,0
18,6,1,0,1,1,1,0,0,0.0,0,Python,2024-2026,1.0,0.5,0.0,0.0,0
15,0,0,0,49,1,2,1,3,24.67,0,Python,2024-2026,1.0,24.5,0.33,8.22,0
17,0,0,0,1,1,1,0,0,0.0,0,Python,2024-2026,1.0,0.5,0.0,0.0,0
5,1,0,1,9,10,3,0,0,0.0,0,Python,2024-2026,1.0,0.82,0.0,0.0,0
13,1,0,0,4,4,2,2,0,0.0,0,Python,2024-2026,1.0,0.8,0.67,0.0,0
10,2,0,0,177,0,9,0,0,0.0,0,Python,2024-2026,1.0,177.0,0.0,0.0,0
14,2,0,0,94,2,2,1,6,3.67,0,Python,2024-2026,1.0,31.33,0.33,1.22,0
15,2,0,0,99,1,3,1,0,0.0,0,Python,2024-2026,1.0,49.5,0.25,0.0,0
18,2,0,0,1,1,1,0,0,0.0,0,Python,2024-2026,1.0,0.5,0.0,0.0,0
18,2,0,0,17,5,2,2,2,2.5,0,Python,2024-2026,1.0,2.83,0.67,0.83,0
8,3,0,0,126,132,35,1,34,10.71,0,Python,2024-2026,1.0,0.95,0.03,0.3,0
11,3,0,0,8,8,2,2,1,3.0,0,Python,2024-2026,1.0,0.89,0.67,1.0,0
11,3,0,0,2,2,2,0,0,0.0,0,Python,2024-2026,1.0,0.67,0.0,0.0,0
13,3,0,0,35,13,2,1,3,4.67,0,Python,2024-2026,1.0,2.5,0.33,1.56,0
14,3,0,0,4,3,2,1,0,0.0,0,Python,2024-2026,1.0,1.0,0.33,0.0,0
16,3,0,0,14,2,3,0,0,0.0,0,Python,2024-2026,1.0,4.67,0.0,0.0,0
16,3,0,0,25,0,1,0,0,0.0,0,Python,2024-2026,1.0,25.0,0.0,0.0,0
17,3,0,0,21,7,1,1,2,11.0,0,Python,2024-2026,1.0,2.62,0.5,5.5,0
9,0,0,0,101,145,17,0,59,5.05,0,Python,2024-2026,1.0,0.69,0.0,0.28,0
10,1,0,0,2,26,3,3,4,2.0,0,Python,2024-2026,1.0,0.07,0.75,0.5,0
7,2,0,0,17,17,9,0,3,1.0,0,Python,2024-2026,1.0,0.94,0.0,0.1,0
17,2,0,0,2,17,5,0,1,1.0,0,Python,2024-2026,1.0,0.11,0.0,0.17,0
19,2,0,0,12,6,4,0,0,0.0,0,Python,2024-2026,1.0,1.71,0.0,0.0,0
20,2,0,0,26,18,8,0,0,0.0,0,Python,2024-2026,1.0,1.37,0.0,0.0,0
14,3,0,0,29,22,1,0,0,0.0,0,Python,2024-2026,1.0,1.26,0.0,0.0,0
6,4,0,0,1,1,1,0,0,0.0,0,Python,2024-2026,1.0,0.5,0.0,0.0,0
8,4,0,0,5,15,1,1,2,3.5,0,Python,2024-2026,1.0,0.31,0.5,1.75,0
7,5,1,0,5,0,1,0,0,0.0,0,Python,2024-2026,1.0,5.0,0.0,0.0,0
7,6,1,0,12,4,1,0,0,0.0,0,Python,2024-2026,1.0,2.4,0.0,0.0,0
9,0,0,0,5,6,2,1,3,8.0,0,Python,2024-2026,1.0,0.71,0.33,2.67,0
22,0,0,1,1,1,1,0,0,0.0,0,Python,2024-2026,1.0,0.5,0.0,0.0,0
10,1,0,0,1,1,1,0,0,0.0,0,Python,2024-2026,1.0,0.5,0.0,0.0,0
20,1,0,0,1,1,1,0,0,0.0,0,Python,2024-2026,1.0,0.5,0.0,0.0,0
11,2,0,0,259,1,5,1,20,1.55,0,Python,2024-2026,1.0,129.5,0.17,0.26,0
22,2,0,1,950,64,44,3,20,1.15,0,Python,2024-2026,1.0,14.62,0.07,0.03,0
8,3,0,0,86,18,4,1,6,3.67,0,Python,2024-2026,1.0,4.53,0.2,0.73,0
9,3,0,0,3,1111,12,2,28,3.29,0,Python,2024-2026,1.0,0.0,0.15,0.25,0
18,3,0,0,12,3,1,1,1,13.0,0,Python,2024-2026,1.0,3.0,0.5,6.5,0
17,5,1,0,18,12,10,1,2,1.0,0,Python,2024-2026,1.0,1.38,0.09,0.09,0
23,6,1,1,15,7,3,2,1,3.0,0,Python,2024-2026,1.0,1.88,0.5,0.75,0
19,0,0,0,4,2,1,0,1,2.0,0,Python,2024-2026,1.0,1.33,0.0,1.0,0
5,1,0,1,6,14,2,2,0,0.0,0,Python,2024-2026,1.0,0.4,0.67,0.0,0
23,3,0,1,1,0,1,0,0,0.0,0,Python,2024-2026,1.0,1.0,0.0,0.0,0
0,4,0,1,108,6,3,1,4,7.75,0,Python,2024-2026,1.0,15.43,0.25,1.94,0
18,6,1,0,1,1,1,0,0,0.0,0,Python,2024-2026,1.0,0.5,0.0,0.0,0
18,6,1,0,1,1,1,0,0,0.0,0,Python,2024-2026,1.0,0.5,0.0,0.0,0
18,6,1,0,1,1,1,0,0,0.0,0,Python,2024-2026,1.0,0.5,0.0,0.0,0
18,6,1,0,1,1,1,0,0,0.0,0,Python,2024-2026,1.0,0.5,0.0,0.0,0
19,6,1,0,4,4,3,0,0,0.0,0,Python,2024-2026,1.0,0.8,0.0,0.0,0
21,6,1,0,1,1,1,0,0,0.0,0,Python,2024-2026,1.0,0.5,0.0,0.0,0
11,0,0,0,57,2,3,1,2,6.0,0,Python,2024-2026,1.0,19.0,0.25,1.5,0
11,0,0,0,43,4,7,3,5,2.4,0,Python,2024-2026,1.0,8.6,0.38,0.3,0
14,0,0,0,0,1,1,0,1,37.0,0,Python,2024-2026,1.0,0.0,0.0,18.5,0
14,0,0,0,31,1,3,1,4,4.75,0,Python,2024-2026,1.0,15.5,0.25,1.19,0
14,0,0,0,1,1,1,0,0,0.0,0,Python,2024-2026,1.0,0.5,0.0,0.0,0
17,0,0,0,1,1,1,0,0,0.0,0,Python,2024-2026,1.0,0.5,0.0,0.0,0
11,1,0,0,2,2,1,1,0,0.0,0,Python,2024-2026,1.0,0.67,0.5,0.0,0
11,1,0,0,26,48,7,2,3,8.0,0,Python,2024-2026,1.0,0.53,0.25,1.0,0
11,1,0,0,421,3,3,1,28,1.96,0,Python,2024-2026,1.0,105.25,0.25,0.49,0
11,1,0,0,88,12,5,1,7,21.0,0,Python,2024-2026,1.0,6.77,0.17,3.5,0
11,1,0,0,32,2,2,1,5,8.0,0,Python,2024-2026,1.0,10.67,0.33,2.67,0
11,1,0,0,34,5,4,1,2,5.0,0,Python,2024-2026,1.0,5.67,0.2,1.0,0
11,1,0,0,15,2,4,1,2,4.0,0,Python,2024-2026,1.0,5.0,0.2,0.8,0
11,1,0,0,52,12,3,1,4,5.25,0,Python,2024-2026,1.0,4.0,0.25,1.31,0
12,1,0,0,35,57,4,0,9,9.67,0,Python,2024-2026,1.0,0.6,0.0,1.93,0
12,1,0,0,2,1,2,0,0,0.0,0,Python,2024-2026,1.0,1.0,0.0,0.0,0
12,1,0,0,85,16,6,3,8,2.88,0,Python,2024-2026,1.0,5.0,0.43,0.41,0
12,1,0,0,526,4,6,2,52,1.48,0,Python,2024-2026,1.0,105.2,0.29,0.21,0
13,1,0,0,792,21,9,3,55,1.82,0,Python,2024-2026,1.0,36.0,0.3,0.18,0
15,1,0,0,0,1,1,0,0,0.0,0,Python,2024-2026,1.0,0.0,0.0,0.0,0
16,1,0,0,26,21,4,1,2,17.5,0,Python,2024-2026,1.0,1.18,0.2,3.5,0
19,1,0,0,1,1,1,0,0,0.0,0,Python,2024-2026,1.0,0.5,0.0,0.0,0
0,2,0,1,14,1,2,0,4,1.0,0,Python,2024-2026,1.0,7.0,0.0,0.33,0
1,2,0,1,407,46,6,2,13,4.69,0,Python,2024-2026,1.0,8.66,0.29,0.67,0
6,2,0,0,134,0,1,0,0,0.0,0,Python,2024-2026,1.0,134.0,0.0,0.0,0
11,2,0,0,31,24,3,1,2,2.0,0,Python,2024-2026,1.0,1.24,0.25,0.5,0
12,2,0,0,255,15,5,1,16,4.5,0,Python,2024-2026,1.0,15.94,0.17,0.75,0
16,2,0,0,14,0,2,1,3,11.0,0,Python,2024-2026,1.0,14.0,0.33,3.67,0
17,2,0,0,13,6,2,0,2,6.0,0,Python,2024-2026,1.0,1.86,0.0,2.0,0
20,2,0,0,178,4,3,2,10,4.1,0,Python,2024-2026,1.0,35.6,0.5,1.02,0
20,2,0,0,18,18,6,0,0,0.0,0,Python,2024-2026,1.0,0.95,0.0,0.0,0
20,2,0,0,46,5,2,1,3,14.67,0,Python,2024-2026,1.0,7.67,0.33,4.89,0
20,2,0,0,38,2,3,1,4,4.0,0,Python,2024-2026,1.0,12.67,0.25,1.0,0
20,2,0,0,3971,234,17,7,193,1.73,0,Python,2024-2026,1.0,16.9,0.39,0.1,0
10,3,0,0,10,1,1,0,1,6.0,0,Python,2024-2026,1.0,5.0,0.0,3.0,0
11,3,0,0,67,1,2,1,4,1.5,0,Python,2024-2026,1.0,33.5,0.33,0.5,0
12,3,0,0,44,0,2,1,4,2.75,0,Python,2024-2026,1.0,44.0,0.33,0.92,0
12,3,0,0,243,40,4,1,27,2.41,0,Python,2024-2026,1.0,5.93,0.2,0.48,0
11,4,0,0,1,1,1,0,0,0.0,0,Python,2024-2026,1.0,0.5,0.0,0.0,0
12,4,0,0,2,2,2,0,1,20.0,0,Python,2024-2026,1.0,0.67,0.0,6.67,0
12,4,0,0,6,7,4,0,2,3.5,0,Python,2024-2026,1.0,0.75,0.0,0.7,0
17,4,0,0,9,9,3,0,0,0.0,0,Python,2024-2026,1.0,0.9,0.0,0.0,0
11,0,0,0,165,42,3,1,9,7.0,0,Python,2024-2026,1.0,3.84,0.25,1.75,0
11,0,0,0,13,12,1,0,2,1.5,0,Python,2024-2026,1.0,1.0,0.0,0.75,0
11,0,0,0,157,46,4,2,16,2.06,0,Python,2024-2026,1.0,3.34,0.4,0.41,0
11,0,0,0,116,4,2,1,7,2.0,0,Python,2024-2026,1.0,23.2,0.33,0.67,0
11,0,0,0,56,11,5,1,5,2.8,0,Python,2024-2026,1.0,4.67,0.17,0.47,0
12,0,0,0,135,37,3,1,14,1.93,0,Python,2024-2026,1.0,3.55,0.25,0.48,0
7,1,0,0,81,0,1,0,0,0.0,0,Python,2024-2026,1.0,81.0,0.0,0.0,0
11,1,0,0,200,30,7,2,9,5.44,0,Python,2024-2026,1.0,6.45,0.25,0.68,0
11,1,0,0,11,3,3,0,6,11.0,0,Python,2024-2026,1.0,2.75,0.0,2.75,0
11,1,0,0,9,11,4,0,2,13.0,0,Python,2024-2026,1.0,0.75,0.0,2.6,0
11,1,0,0,1,1,1,0,1,8.0,0,Python,2024-2026,1.0,0.5,0.0,4.0,0
11,1,0,0,24,20,1,0,4,6.75,0,Python,2024-2026,1.0,1.14,0.0,3.38,0
12,1,0,0,307,43,5,2,21,1.86,0,Python,2024-2026,1.0,6.98,0.33,0.31,0
13,1,0,0,947,2682,35,15,85,1.35,0,Python,2024-2026,1.0,0.35,0.42,0.04,0
14,1,0,0,3,0,1,0,1,3.0,0,Python,2024-2026,1.0,3.0,0.0,1.5,0
14,1,0,0,24,10,8,0,9,12.11,0,Python,2024-2026,1.0,2.18,0.0,1.35,0
12,2,0,0,140,12,9,4,11,6.0,0,Python,2024-2026,1.0,10.77,0.4,0.6,0
12,2,0,0,347,96,12,5,31,3.42,0,Python,2024-2026,1.0,3.58,0.38,0.26,0
14,2,0,0,44,0,1,0,1,7.0,0,Python,2024-2026,1.0,44.0,0.0,3.5,0
23,2,0,1,18,7,2,0,0,0.0,0,Python,2024-2026,1.0,2.25,0.0,0.0,0
11,3,0,0,182,23,3,1,13,2.38,0,Python,2024-2026,1.0,7.58,0.25,0.6,0
15,3,0,0,221,3,3,0,0,0.0,0,Python,2024-2026,1.0,55.25,0.0,0.0,0
21,3,0,0,65779,295002,1246,1,9,2.33,0,Python,2024-2026,1.0,0.22,0.0,0.0,0
7,4,0,0,222,21,3,2,14,2.57,0,Python,2024-2026,1.0,10.09,0.5,0.64,0
8,4,0,0,28,5,2,0,0,0.0,0,Python,2024-2026,1.0,4.67,0.0,0.0,0
9,4,0,0,9,5,2,0,2,44.5,0,Python,2024-2026,1.0,1.5,0.0,14.83,0
9,4,0,0,1171,1423,52,0,0,0.0,0,Python,2024-2026,1.0,0.82,0.0,0.0,0
9,4,0,0,54,3,3,1,7,3.0,0,Python,2024-2026,1.0,13.5,0.25,0.75,0
10,4,0,0,1741,1221,87,0,2,12.0,0,Python,2024-2026,1.0,1.42,0.0,0.14,0
11,4,0,0,237,51,6,1,27,2.81,0,Python,2024-2026,1.0,4.56,0.14,0.4,0
14,4,0,0,5,5,4,4,5,4.6,0,Python,2024-2026,1.0,0.83,0.8,0.92,0
16,4,0,0,8,1,2,0,1,16.0,0,Python,2024-2026,1.0,4.0,0.0,5.33,0
16,4,0,0,76,1,3,1,4,1.0,0,Python,2024-2026,1.0,38.0,0.25,0.25,0
16,4,0,0,171,13,3,0,0,0.0,0,Python,2024-2026,1.0,12.21,0.0,0.0,0
16,4,0,0,1461,11,4,1,61,2.77,0,Python,2024-2026,1.0,121.75,0.2,0.55,0
16,4,0,0,107,105,1,0,0,0.0,0,Python,2024-2026,1.0,1.01,0.0,0.0,0
16,4,0,0,4,4,3,0,0,0.0,0,Python,2024-2026,1.0,0.8,0.0,0.0,0
16,4,0,0,132,153,1,0,0,0.0,0,Python,2024-2026,1.0,0.86,0.0,0.0,0
16,4,0,0,107,107,1,0,0,0.0,0,Python,2024-2026,1.0,0.99,0.0,0.0,0
16,4,0,0,7,2,1,0,0,0.0,0,Python,2024-2026,1.0,2.33,0.0,0.0,0
16,4,0,0,38,8,2,1,1,1.0,0,Python,2024-2026,1.0,4.22,0.33,0.33,0
17,4,0,0,275,346,43,0,0,0.0,0,Python,2024-2026,1.0,0.79,0.0,0.0,0
17,4,0,0,0,0,0,0,0,0.0,0,Python,2024-2026,1.0,0.0,0.0,0.0,0
17,4,0,0,5,4,1,0,0,0.0,0,Python,2024-2026,1.0,1.0,0.0,0.0,0
18,4,0,0,3,5,2,0,0,0.0,0,Python,2024-2026,1.0,0.5,0.0,0.0,0
20,4,0,0,71,0,3,1,2,1.0,0,Python,2024-2026,1.0,71.0,0.25,0.25,0
21,4,0,0,491,24,3,0,17,4.24,0,Python,2024-2026,1.0,19.64,0.0,1.06,0
21,4,0,0,1,0,1,0,0,0.0,0,Python,2024-2026,1.0,1.0,0.0,0.0,0
22,4,0,1,2,10,2,0,0,0.0,0,Python,2024-2026,1.0,0.18,0.0,0.0,0
10,5,1,0,1,1,1,0,0,0.0,0,Python,2024-2026,1.0,0.5,0.0,0.0,0
16,5,1,0,6,3,1,0,0,0.0,0,Python,2024-2026,1.0,1.5,0.0,0.0,0
17,5,1,0,12,6,1,0,0,0.0,0,Python,2024-2026,1.0,1.71,0.0,0.0,0
19,5,1,0,1,0,1,0,0,0.0,0,Python,2024-2026,1.0,1.0,0.0,0.0,0
12,6,1,0,20,10905,12,0,3,3.33,0,Python,2024-2026,1.0,0.0,0.0,0.26,0
21,6,1,0,3659,3159,42,0,0,0.0,0,Python,2024-2026,1.0,1.16,0.0,0.0,0
7,0,0,0,1515,1421,3,0,0,0.0,0,Python,2024-2026,1.0,1.07,0.0,0.0,0
9,0,0,0,4,4,1,0,0,0.0,0,Python,2024-2026,1.0,0.8,0.0,0.0,0
10,0,0,0,13,5,2,0,4,12.5,0,Python,2024-2026,1.0,2.17,0.0,4.17,0
11,0,0,0,43,2,2,1,4,2.25,0,Python,2024-2026,1.0,14.33,0.33,0.75,0
11,0,0,0,3,0,1,0,1,6.0,0,Python,2024-2026,1.0,3.0,0.0,3.0,0
11,0,0,0,123,11,9,2,18,1.72,0,Python,2024-2026,1.0,10.25,0.2,0.17,0
11,0,0,0,2,2,2,0,1,2.0,0,Python,2024-2026,1.0,0.67,0.0,0.67,0
12,0,0,0,23,2,2,1,2,2.0,0,Python,2024-2026,1.0,7.67,0.33,0.67,0
12,0,0,0,62,1,2,1,5,2.2,0,Python,2024-2026,1.0,31.0,0.33,0.73,0
13,0,0,0,892,3,6,0,0,0.0,0,Python,2024-2026,1.0,223.0,0.0,0.0,0
14,0,0,0,6,0,1,0,0,0.0,0,Python,2024-2026,1.0,6.0,0.0,0.0,0
15,0,0,0,693,48,5,1,19,2.74,0,Python,2024-2026,1.0,14.14,0.17,0.46,0
15,0,0,0,6884,0,10,1,14,1.79,0,Python,2024-2026,1.0,6884.0,0.09,0.16,0
16,0,0,0,34,34,1,0,0,0.0,0,Python,2024-2026,1.0,0.97,0.0,0.0,0
20,0,0,0,29,34,4,0,12,6.5,0,Python,2024-2026,1.0,0.83,0.0,1.3,0
7,1,0,0,274,196,53,5,99,6.46,0,Python,2024-2026,1.0,1.39,0.09,0.12,0
11,1,0,0,92,13,7,1,3,2.0,0,Python,2024-2026,1.0,6.57,0.12,0.25,0
11,1,0,0,110,2,3,2,4,3.5,0,Python,2024-2026,1.0,36.67,0.5,0.88,0
12,1,0,0,797,78,3,1,43,3.14,0,Python,2024-2026,1.0,10.09,0.25,0.78,0
12,1,0,0,2,2,1,0,0,0.0,0,Python,2024-2026,1.0,0.67,0.0,0.0,0
12,1,0,0,141,3,2,1,13,1.69,0,Python,2024-2026,1.0,35.25,0.33,0.56,0
12,1,0,0,1,1,1,0,0,0.0,0,Python,2024-2026,1.0,0.5,0.0,0.0,0
12,1,0,0,2,2,2,0,0,0.0,0,Python,2024-2026,1.0,0.67,0.0,0.0,0
15,1,0,0,28,2686,13,1,81,3.91,0,Python,2024-2026,1.0,0.01,0.07,0.28,0
8,2,0,0,52,3,2,0,0,0.0,0,Python,2024-2026,1.0,13.0,0.0,0.0,0
9,2,0,0,406,17,4,1,19,2.37,0,Python,2024-2026,1.0,22.56,0.2,0.47,0
11,2,0,0,16,11,4,1,3,17.0,0,Python,2024-2026,1.0,1.33,0.2,3.4,0
11,2,0,0,2,2,2,0,0,0.0,0,Python,2024-2026,1.0,0.67,0.0,0.0,0
11,2,0,0,448,0,10,1,10,1.3,0,Python,2024-2026,1.0,448.0,0.09,0.12,0
11,2,0,0,1,1,1,0,0,0.0,0,Python,2024-2026,1.0,0.5,0.0,0.0,0
11,2,0,0,74,72,8,1,13,2.77,0,Python,2024-2026,1.0,1.01,0.11,0.31,0
12,2,0,0,0,7,1,0,1,3.0,0,Python,2024-2026,1.0,0.0,0.0,1.5,0
12,2,0,0,26,5,2,1,3,7.67,0,Python,2024-2026,1.0,4.33,0.33,2.56,0
12,2,0,0,59,3,3,2,8,2.0,0,Python,2024-2026,1.0,14.75,0.5,0.5,0
13,2,0,0,554,8,6,2,33,2.09,0,Python,2024-2026,1.0,61.56,0.29,0.3,0
15,2,0,0,1,1,1,0,0,0.0,0,Python,2024-2026,1.0,0.5,0.0,0.0,0
17,2,0,0,1219,10,9,2,62,1.68,0,Python,2024-2026,1.0,110.82,0.2,0.17,0
10,3,0,0,1,1,1,0,0,0.0,0,Python,2024-2026,1.0,0.5,0.0,0.0,0
10,4,0,0,225,2,3,0,5,2.6,0,Python,2024-2026,1.0,75.0,0.0,0.65,0
11,4,0,0,5,2,2,0,1,9.0,0,Python,2024-2026,1.0,1.67,0.0,3.0,0
11,4,0,0,133,133,44,0,0,0.0,0,Python,2024-2026,1.0,0.99,0.0,0.0,0
12,4,0,0,9,9,3,0,6,3.0,0,Python,2024-2026,1.0,0.9,0.0,0.75,0
12,4,0,0,21,1,3,1,2,1.5,0,Python,2024-2026,1.0,10.5,0.25,0.38,0
12,4,0,0,126,1785,5,0,0,0.0,0,Python,2024-2026,1.0,0.07,0.0,0.0,0
12,4,0,0,1,1,1,0,0,0.0,0,Python,2024-2026,1.0,0.5,0.0,0.0,0
12,4,0,0,174,236,3,0,0,0.0,0,Python,2024-2026,1.0,0.73,0.0,0.0,0
12,4,0,0,77,19,4,1,3,1.0,0,Python,2024-2026,1.0,3.85,0.2,0.2,0
12,4,0,0,11,13,1,0,0,0.0,0,Python,2024-2026,1.0,0.79,0.0,0.0,0
12,4,0,0,15,3,2,0,3,2.67,0,Python,2024-2026,1.0,3.75,0.0,0.89,0
13,4,0,0,66,4,3,1,2,4.5,0,Python,2024-2026,1.0,13.2,0.25,1.12,0
18,4,0,0,1,1,1,0,0,0.0,0,Python,2024-2026,1.0,0.5,0.0,0.0,0
21,5,1,0,4,11,1,0,1,2.0,0,Python,2024-2026,1.0,0.33,0.0,1.0,0
10,0,0,0,7,0,2,0,0,0.0,0,Python,2024-2026,1.0,7.0,0.0,0.0,0
15,0,0,0,19,37,3,1,9,3.56,0,Python,2024-2026,1.0,0.5,0.25,0.89,0
21,0,0,0,23,34,1,0,6,2.83,0,Python,2024-2026,1.0,0.66,0.0,1.42,0
21,0,0,0,2,1,1,1,1,1.0,0,Python,2024-2026,1.0,1.0,0.5,0.5,0
21,0,0,0,201,0,1,1,6,3.17,0,Python,2024-2026,1.0,201.0,0.5,1.58,0
14,1,0,0,8,32,1,1,2,10.0,0,Python,2024-2026,1.0,0.24,0.5,5.0,0
15,1,0,0,10,39,1,1,1,4.0,0,Python,2024-2026,1.0,0.25,0.5,2.0,0
15,1,0,0,23,1,2,0,6,2.33,0,Python,2024-2026,1.0,11.5,0.0,0.78,0
16,1,0,0,8,8,6,0,0,0.0,0,Python,2024-2026,1.0,0.89,0.0,0.0,0
16,1,0,0,19,0,2,1,4,1.75,0,Python,2024-2026,1.0,19.0,0.33,0.58,0
18,1,0,0,7,1,1,0,0,0.0,0,Python,2024-2026,1.0,3.5,0.0,0.0,0
19,1,0,0,66,2,2,0,0,0.0,0,Python,2024-2026,1.0,22.0,0.0,0.0,0
21,1,0,0,7,10,1,0,0,0.0,0,Python,2024-2026,1.0,0.64,0.0,0.0,0
22,1,0,1,2,2,1,1,1,2.0,0,Python,2024-2026,1.0,0.67,0.5,1.0,0
22,1,0,1,3,10,1,1,2,3.0,0,Python,2024-2026,1.0,0.27,0.5,1.5,0
2,2,0,1,48,1,3,1,2,13.0,0,Python,2024-2026,1.0,24.0,0.25,3.25,0
8,2,0,0,8,189,10,1,7,3.43,0,Python,2024-2026,1.0,0.04,0.09,0.31,0
11,2,0,0,0,42,3,3,0,0.0,0,Python,2024-2026,1.0,0.0,0.75,0.0,0
13,2,0,0,1,7,2,1,3,21.0,0,Python,2024-2026,1.0,0.12,0.33,7.0,0
13,2,0,0,7,0,1,0,0,0.0,0,Python,2024-2026,1.0,7.0,0.0,0.0,0
13,2,0,0,6,3,3,0,4,14.75,0,Python,2024-2026,1.0,1.5,0.0,3.69,0
14,2,0,0,983,5,8,0,0,0.0,0,Python,2024-2026,1.0,163.83,0.0,0.0,0
16,2,0,0,9,0,1,0,0,0.0,0,Python,2024-2026,1.0,9.0,0.0,0.0,0
16,2,0,0,154,184,46,0,0,0.0,0,Python,2024-2026,1.0,0.83,0.0,0.0,0
16,2,0,0,1,1,1,0,0,0.0,0,Python,2024-2026,1.0,0.5,0.0,0.0,0
16,2,0,0,3,3,1,0,0,0.0,0,Python,2024-2026,1.0,0.75,0.0,0.0,0
10,3,0,0,202,202,58,0,0,0.0,0,Python,2024-2026,1.0,1.0,0.0,0.0,0
10,3,0,0,150,150,50,0,0,0.0,0,Python,2024-2026,1.0,0.99,0.0,0.0,0
10,3,0,0,10,9,2,0,0,0.0,0,Python,2024-2026,1.0,1.0,0.0,0.0,0
12,3,0,0,1,1,1,0,0,0.0,0,Python,2024-2026,1.0,0.5,0.0,0.0,0
12,3,0,0,1,1,1,0,0,0.0,0,Python,2024-2026,1.0,0.5,0.0,0.0,0
13,3,0,0,24,16,1,1,5,2.6,0,Python,2024-2026,1.0,1.41,0.5,1.3,0
15,3,0,0,11,1,1,1,1,4.0,0,Python,2024-2026,1.0,5.5,0.5,2.0,0
16,3,0,0,2,3,1,1,1,5.0,0,Python,2024-2026,1.0,0.5,0.5,2.5,0
16,3,0,0,2,2,1,0,0,0.0,0,Python,2024-2026,1.0,0.67,0.0,0.0,0
19,3,0,0,1,0,1,1,0,0.0,0,Python,2024-2026,1.0,1.0,0.5,0.0,0
21,3,0,0,17,17,1,1,1,4.0,0,Python,2024-2026,1.0,0.94,0.5,2.0,0
21,3,0,0,4,8,1,1,2,3.0,0,Python,2024-2026,1.0,0.44,0.5,1.5,0
22,3,0,1,2,4,1,0,1,43.0,0,Python,2024-2026,1.0,0.4,0.0,21.5,0
9,4,0,0,1,1,1,0,0,0.0,0,Python,2024-2026,1.0,0.5,0.0,0.0,0
13,4,0,0,7,8,1,1,4,3.0,0,Python,2024-2026,1.0,0.78,0.5,1.5,0
15,4,0,0,14,8,2,1,4,2.0,0,Python,2024-2026,1.0,1.56,0.33,0.67,0
15,4,0,0,1,1,1,1,1,4.0,0,Python,2024-2026,1.0,0.5,0.5,2.0,0
15,4,0,0,3,3,1,0,1,1.0,0,Python,2024-2026,1.0,0.75,0.0,0.5,0
15,4,0,0,5,9,1,1,4,3.25,0,Python,2024-2026,1.0,0.5,0.5,1.62,0
15,4,0,0,0,1,1,0,0,0.0,0,Python,2024-2026,1.0,0.0,0.0,0.0,0
17,4,0,0,12,2,1,1,2,3.0,0,Python,2024-2026,1.0,4.0,0.5,1.5,0
19,4,0,0,1,1,1,0,0,0.0,0,Python,2024-2026,1.0,0.5,0.0,0.0,0
0,5,1,1,3,1,2,0,0,0.0,0,Python,2024-2026,1.0,1.5,0.0,0.0,0
16,5,1,0,5058,4202,67,0,0,0.0,0,Python,2024-2026,1.0,1.2,0.0,0.0,0
16,5,1,0,88,6,2,0,4,10.0,0,Python,2024-2026,1.0,12.57,0.0,3.33,0
6,6,1,0,2,2,1,0,0,0.0,0,Python,2024-2026,1.0,0.67,0.0,0.0,0
9,6,1,0,12,12,3,2,5,2.4,0,Python,2024-2026,1.0,0.92,0.5,0.6,0
16,6,1,0,56,25,1,0,0,0.0,0,Python,2024-2026,1.0,2.15,0.0,0.0,0
16,6,1,0,2,2,1,0,0,0.0,0,Python,2024-2026,1.0,0.67,0.0,0.0,0
16,6,1,0,0,0,2,0,0,0.0,0,Python,2024-2026,1.0,0.0,0.0,0.0,0
17,6,1,0,2,1,1,0,0,0.0,0,Python,2024-2026,1.0,1.0,0.0,0.0,0
17,6,1,0,17,118,2,0,0,0.0,0,Python,2024-2026,1.0,0.14,0.0,0.0,0
17,6,1,0,3,3,1,0,0,0.0,0,Python,2024-2026,1.0,0.75,0.0,0.0,0
7,0,0,0,2,2,1,0,0,0.0,0,Python,2024-2026,1.0,0.67,0.0,0.0,0
10,0,0,0,48,2,4,1,3,1.0,0,Python,2024-2026,1.0,16.0,0.2,0.2,0
10,0,0,0,49,1,2,1,6,2.5,0,Python,2024-2026,1.0,24.5,0.33,0.83,0
10,0,0,0,143,3,2,1,5,13.0,0,Python,2024-2026,1.0,35.75,0.33,4.33,0
10,0,0,0,2,0,1,0,0,0.0,0,Python,2024-2026,1.0,2.0,0.0,0.0,0
10,0,0,0,2,1,2,0,0,0.0,0,Python,2024-2026,1.0,1.0,0.0,0.0,0
12,0,0,0,2515,2439,5,1,4,4.0,0,Python,2024-2026,1.0,1.03,0.17,0.67,0
12,0,0,0,87,57,1,0,11,7.18,0,Python,2024-2026,1.0,1.5,0.0,3.59,0
13,0,0,0,9,0,1,0,0,0.0,0,Python,2024-2026,1.0,9.0,0.0,0.0,0
13,0,0,0,1,4,1,0,1,6.0,0,Python,2024-2026,1.0,0.2,0.0,3.0,0
13,0,0,0,149,24,5,1,10,10.4,0,Python,2024-2026,1.0,5.96,0.17,1.73,0
14,0,0,0,518,358,22,3,62,3.94,0,Python,2024-2026,1.0,1.44,0.13,0.17,0
14,0,0,0,8,0,1,0,0,0.0,0,Python,2024-2026,1.0,8.0,0.0,0.0,0
14,0,0,0,6,6,3,0,2,2.0,0,Python,2024-2026,1.0,0.86,0.0,0.5,0
16,0,0,0,1,1,1,0,0,0.0,0,Python,2024-2026,1.0,0.5,0.0,0.0,0
18,0,0,0,4,5,3,1,1,5.0,0,Python,2024-2026,1.0,0.67,0.25,1.25,0
0,1,0,1,13,9,3,1,3,2.33,0,Python,2024-2026,1.0,1.3,0.25,0.58,0
0,1,0,1,32,4,1,0,1,1.0,0,Python,2024-2026,1.0,6.4,0.0,0.5,0
17,1,0,0,7,3,1,0,1,5.0,0,Python,2024-2026,1.0,1.75,0.0,2.5,0
18,1,0,0,8,26,1,1,0,0.0,0,Python,2024-2026,1.0,0.3,0.5,0.0,0
8,2,0,0,77,74,4,0,1,4.0,0,Python,2024-2026,1.0,1.03,0.0,0.8,0
10,2,0,0,9,3,2,0,0,0.0,0,Python,2024-2026,1.0,2.25,0.0,0.0,0
13,2,0,0,3,3,2,0,0,0.0,0,Python,2024-2026,1.0,0.75,0.0,0.0,0
13,2,0,0,1,1,1,0,0,0.0,0,Python,2024-2026,1.0,0.5,0.0,0.0,0
13,2,0,0,1,1,1,0,0,0.0,0,Python,2024-2026,1.0,0.5,0.0,0.0,0
13,2,0,0,1,1,1,0,0,0.0,0,Python,2024-2026,1.0,0.5,0.0,0.0,0
14,2,0,0,158,54,2,0,0,0.0,0,Python,2024-2026,1.0,2.87,0.0,0.0,0
14,2,0,0,36,4,4,1,6,1.5,0,Python,2024-2026,1.0,7.2,0.2,0.3,0
14,2,0,0,2818,1853,21,0,0,0.0,0,Python,2024-2026,1.0,1.52,0.0,0.0,0
14,2,0,0,390,270,3,0,0,0.0,0,Python,2024-2026,1.0,1.44,0.0,0.0,0
14,2,0,0,1,1,1,0,0,0.0,0,Python,2024-2026,1.0,0.5,0.0,0.0,0
14,2,0,0,0,6,3,0,0,0.0,0,Python,2024-2026,1.0,0.0,0.0,0.0,0
15,2,0,0,4766,3558,47,0,0,0.0,0,Python,2024-2026,1.0,1.34,0.0,0.0,0
15,2,0,0,671,436,6,0,0,0.0,0,Python,2024-2026,1.0,1.54,0.0,0.0,0
17,2,0,0,6,0,1,0,0,0.0,0,Python,2024-2026,1.0,6.0,0.0,0.0,0
17,2,0,0,7,5,1,0,1,14.0,0,Python,2024-2026,1.0,1.17,0.0,7.0,0
19,2,0,0,11,11,3,0,0,0.0,0,Python,2024-2026,1.0,0.92,0.0,0.0,0
19,2,0,0,4,4,3,0,0,0.0,0,Python,2024-2026,1.0,0.8,0.0,0.0,0
19,2,0,0,9,9,6,0,0,0.0,0,Python,2024-2026,1.0,0.9,0.0,0.0,0
4,3,0,1,1,1,1,0,0,0.0,0,Python,2024-2026,1.0,0.5,0.0,0.0,0
5,3,0,1,1,1,1,0,0,0.0,0,Python,2024-2026,1.0,0.5,0.0,0.0,0
5,3,0,1,1,1,1,0,0,0.0,0,Python,2024-2026,1.0,0.5,0.0,0.0,0
8,3,0,0,10339,10937,671,0,0,0.0,0,Python,2024-2026,1.0,0.95,0.0,0.0,0
8,3,0,0,60,60,29,18,51,5.55,0,Python,2024-2026,1.0,0.98,0.6,0.18,1
9,3,0,0,34,1,1,0,0,0.0,0,Python,2024-2026,1.0,17.0,0.0,0.0,0
9,3,0,0,53,8,4,1,0,0.0,0,Python,2024-2026,1.0,5.89,0.2,0.0,0
9,3,0,0,13,24,1,0,0,0.0,0,Python,2024-2026,1.0,0.52,0.0,0.0,0
11,3,0,0,0,2,1,0,0,0.0,0,Python,2024-2026,1.0,0.0,0.0,0.0,0
14,3,0,0,867,3853,155,0,0,0.0,0,Python,2024-2026,1.0,0.22,0.0,0.0,0
19,3,0,0,1,1,1,0,0,0.0,0,Python,2024-2026,1.0,0.5,0.0,0.0,0
19,3,0,0,2,2,2,0,0,0.0,0,Python,2024-2026,1.0,0.67,0.0,0.0,0
21,3,0,0,28,28,5,0,54,3.96,0,Python,2024-2026,1.0,0.97,0.0,0.66,0
21,3,0,0,1,1,1,0,2,3.0,0,Python,2024-2026,1.0,0.5,0.0,1.5,0
10,4,0,0,3,3,2,0,3,6.0,0,Python,2024-2026,1.0,0.75,0.0,2.0,0
11,4,0,0,7,18,1,1,2,1.0,0,Python,2024-2026,1.0,0.37,0.5,0.5,0
13,4,0,0,22,252265,772,58,673,2.76,0,Python,2024-2026,1.0,0.0,0.08,0.0,0
13,4,0,0,1101,801,3,0,0,0.0,0,Python,2024-2026,1.0,1.37,0.0,0.0,0
13,4,0,0,1573,1573,15,0,0,0.0,0,Python,2024-2026,1.0,1.0,0.0,0.0,0
13,4,0,0,106,72,1,0,0,0.0,0,Python,2024-2026,1.0,1.45,0.0,0.0,0
13,4,0,0,755,512,2,0,0,0.0,0,Python,2024-2026,1.0,1.47,0.0,0.0,0
13,4,0,0,212,144,2,0,0,0.0,0,Python,2024-2026,1.0,1.46,0.0,0.0,0
13,4,0,0,165,130,2,0,0,0.0,0,Python,2024-2026,1.0,1.26,0.0,0.0,0
13,4,0,0,121,121,1,0,0,0.0,0,Python,2024-2026,1.0,0.99,0.0,0.0,0
13,4,0,0,79,158,10,4,22,3.05,0,Python,2024-2026,1.0,0.5,0.36,0.28,0
13,4,0,0,53,87,1,0,14,1.5,0,Python,2024-2026,1.0,0.6,0.0,0.75,0
13,4,0,0,31,18,3,1,6,8.17,0,Python,2024-2026,1.0,1.63,0.25,2.04,0
13,4,0,0,1,1,1,1,1,4.0,0,Python,2024-2026,1.0,0.5,0.5,2.0,0
13,4,0,0,15,15,1,1,4,2.5,0,Python,2024-2026,1.0,0.94,0.5,1.25,0
13,4,0,0,127,48,1,1,7,2.14,0,Python,2024-2026,1.0,2.59,0.5,1.07,0
13,4,0,0,7,6,1,1,3,1.0,0,Python,2024-2026,1.0,1.0,0.5,0.5,0
13,4,0,0,8,21,2,1,4,7.25,0,Python,2024-2026,1.0,0.36,0.33,2.42,0
13,4,0,0,44,55,2,1,9,5.0,0,Python,2024-2026,1.0,0.79,0.33,1.67,0
13,4,0,0,77,32,1,0,11,3.18,0,Python,2024-2026,1.0,2.33,0.0,1.59,0
13,4,0,0,3,1,1,0,1,13.0,0,Python,2024-2026,1.0,1.5,0.0,6.5,0
13,4,0,0,1,6,2,0,2,21.0,0,Python,2024-2026,1.0,0.14,0.0,7.0,0
13,4,0,0,86,45,2,0,12,7.67,0,Python,2024-2026,1.0,1.87,0.0,2.56,0
13,4,0,0,144,173,1,1,28,1.75,0,Python,2024-2026,1.0,0.83,0.5,0.88,0
13,4,0,0,17,16,1,0,1,22.0,0,Python,2024-2026,1.0,1.0,0.0,11.0,0
13,4,0,0,43,24,1,0,8,6.25,0,Python,2024-2026,1.0,1.72,0.0,3.12,0
13,4,0,0,3,3,1,0,1,12.0,0,Python,2024-2026,1.0,0.75,0.0,6.0,0
13,4,0,0,7,3,1,0,2,12.0,0,Python,2024-2026,1.0,1.75,0.0,6.0,0
13,4,0,0,5,0,1,0,2,12.5,0,Python,2024-2026,1.0,5.0,0.0,6.25,0
13,4,0,0,75,30,4,1,6,4.5,0,Python,2024-2026,1.0,2.42,0.2,0.9,0
13,4,0,0,52,39,1,0,3,5.33,0,Python,2024-2026,1.0,1.3,0.0,2.66,0
13,4,0,0,11,0,1,0,2,9.5,0,Python,2024-2026,1.0,11.0,0.0,4.75,0
13,4,0,0,4,2,1,0,2,4.0,0,Python,2024-2026,1.0,1.33,0.0,2.0,0
13,4,0,0,47,27,2,0,6,9.5,0,Python,2024-2026,1.0,1.68,0.0,3.17,0
13,4,0,0,4,16,2,0,6,5.17,0,Python,2024-2026,1.0,0.24,0.0,1.72,0
13,4,0,0,932,3,4,0,0,0.0,0,Python,2024-2026,1.0,233.0,0.0,0.0,0
16,4,0,0,1,1,1,0,0,0.0,0,Python,2024-2026,1.0,0.5,0.0,0.0,0
18,4,0,0,15,10,5,0,7,13.14,0,Python,2024-2026,1.0,1.36,0.0,2.19,0
19,4,0,0,3,0,4,1,1,1.0,0,Python,2024-2026,1.0,3.0,0.2,0.2,0
20,4,0,0,1572552,1089731,749,0,94,2.7,0,Python,2024-2026,1.0,1.44,0.0,0.0,0
21,4,0,0,7,1,1,0,0,0.0,0,Python,2024-2026,1.0,3.5,0.0,0.0,0
19,6,1,0,8,1,8,0,8,5.38,0,Python,2024-2026,1.0,4.0,0.0,0.6,0
5,0,0,1,530,217,12,2,27,4.89,0,Python,2024-2026,1.0,2.43,0.15,0.38,0
14,0,0,0,8,8,1,0,1,12.0,0,Python,2024-2026,1.0,0.89,0.0,6.0,0
19,0,0,0,1,1,1,1,1,3.0,0,Python,2024-2026,1.0,0.5,0.5,1.5,0
19,0,0,0,9,8,3,0,3,3.67,0,Python,2024-2026,1.0,1.0,0.0,0.92,0
19,0,0,0,5,2,3,0,3,5.67,0,Python,2024-2026,1.0,1.67,0.0,1.42,0
19,0,0,0,39,4,4,0,4,4.75,0,Python,2024-2026,1.0,7.8,0.0,0.95,0
19,0,0,0,24,14,3,1,1,7.0,0,Python,2024-2026,1.0,1.6,0.25,1.75,0
19,0,0,0,1,2,1,0,1,3.0,0,Python,2024-2026,1.0,0.33,0.0,1.5,0
19,0,0,0,39,10,3,1,6,3.67,0,Python,2024-2026,1.0,3.55,0.25,0.92,0
19,0,0,0,2,3,1,0,1,7.0,0,Python,2024-2026,1.0,0.5,0.0,3.5,0
22,0,0,1,3,3,2,0,0,0.0,0,Python,2024-2026,1.0,0.75,0.0,0.0,0
7,1,0,0,3,3,1,0,0,0.0,0,Python,2024-2026,1.0,0.75,0.0,0.0,0
8,1,0,0,2,2,6,3,0,0.0,0,Python,2024-2026,1.0,0.67,0.43,0.0,0
9,1,0,0,7,7,3,0,0,0.0,0,Python,2024-2026,1.0,0.88,0.0,0.0,0
9,1,0,0,689,26,5,4,7,1.29,0,Python,2024-2026,1.0,25.52,0.67,0.22,0
9,1,0,0,3,3,2,0,0,0.0,0,Python,2024-2026,1.0,0.75,0.0,0.0,0
10,1,0,0,740,29,21,12,4,1.0,0,Python,2024-2026,1.0,24.67,0.55,0.05,0
10,1,0,0,9,5,4,0,2,3.0,0,Python,2024-2026,1.0,1.5,0.0,0.6,0
10,1,0,0,83,83,2,0,0,0.0,0,Python,2024-2026,1.0,0.99,0.0,0.0,0
10,1,0,0,623,75,13,8,68,1.04,0,Python,2024-2026,1.0,8.2,0.57,0.07,0
10,1,0,0,6,6,5,3,4,3.5,0,Python,2024-2026,1.0,0.86,0.5,0.58,1
10,1,0,0,6,6,2,0,0,0.0,0,Python,2024-2026,1.0,0.86,0.0,0.0,0
12,1,0,0,165,3,4,2,4,1.0,0,Python,2024-2026,1.0,41.25,0.4,0.2,0
14,1,0,0,2,2,1,0,0,0.0,0,Python,2024-2026,1.0,0.67,0.0,0.0,0
14,1,0,0,62,18,4,0,0,0.0,0,Python,2024-2026,1.0,3.26,0.0,0.0,0
14,1,0,0,197,1,4,3,3,2.67,0,Python,2024-2026,1.0,98.5,0.6,0.53,0
14,1,0,0,163,56,12,1,11,6.45,0,Python,2024-2026,1.0,2.86,0.08,0.5,0
15,1,0,0,99,0,4,2,1,1.0,0,Python,2024-2026,1.0,99.0,0.4,0.2,0
15,1,0,0,2,2,1,0,1,22.0,0,Python,2024-2026,1.0,0.67,0.0,11.0,0
15,1,0,0,1,3,1,1,0,0.0,0,Python,2024-2026,1.0,0.25,0.5,0.0,0
16,1,0,0,18,15,10,1,0,0.0,0,Python,2024-2026,1.0,1.12,0.09,0.0,0
16,1,0,0,4,0,1,1,0,0.0,0,Python,2024-2026,1.0,4.0,0.5,0.0,0
16,1,0,0,8,1,1,0,1,1.0,0,Python,2024-2026,1.0,4.0,0.0,0.5,0
17,1,0,0,1,1,1,0,1,4.0,0,Python,2024-2026,1.0,0.5,0.0,2.0,0
20,1,0,0,19,1,1,0,1,13.0,0,Python,2024-2026,1.0,9.5,0.0,6.5,0
22,1,0,1,20,8,2,0,3,13.33,0,Python,2024-2026,1.0,2.22,0.0,4.44,0
22,1,0,1,34,3,2,1,3,4.0,0,Python,2024-2026,1.0,8.5,0.33,1.33,0
22,1,0,1,48,13,3,1,3,6.33,0,Python,2024-2026,1.0,3.43,0.25,1.58,0
22,1,0,1,29,8,3,1,2,2.0,0,Python,2024-2026,1.0,3.22,0.25,0.5,0
22,1,0,1,55,16,2,1,10,4.8,0,Python,2024-2026,1.0,3.24,0.33,1.6,0
8,2,0,0,77,14,3,1,8,2.38,0,Python,2024-2026,1.0,5.13,0.25,0.6,0
8,2,0,0,9,3,2,0,1,9.0,0,Python,2024-2026,1.0,2.25,0.0,3.0,0
11,2,0,0,9,18,2,1,5,2.8,0,Python,2024-2026,1.0,0.47,0.33,0.93,0
13,2,0,0,34,34,2,0,0,0.0,0,Python,2024-2026,1.0,0.97,0.0,0.0,0
13,2,0,0,1,1,1,0,0,0.0,0,Python,2024-2026,1.0,0.5,0.0,0.0,0
13,2,0,0,3,3,1,0,0,0.0,0,Python,2024-2026,1.0,0.75,0.0,0.0,0
13,2,0,0,20,20,4,0,0,0.0,0,Python,2024-2026,1.0,0.95,0.0,0.0,0
14,2,0,0,2,2,2,0,0,0.0,0,Python,2024-2026,1.0,0.67,0.0,0.0,0
15,2,0,0,2,2,1,0,0,0.0,0,Python,2024-2026,1.0,0.67,0.0,0.0,0
15,2,0,0,0,81,2,0,5,4.0,0,Python,2024-2026,1.0,0.0,0.0,1.33,0
15,2,0,0,1,1,1,0,0,0.0,0,Python,2024-2026,1.0,0.5,0.0,0.0,0
15,2,0,0,1,1,1,1,1,1.0,0,Python,2024-2026,1.0,0.5,0.5,0.5,0
15,2,0,0,2,0,1,1,1,1.0,0,Python,2024-2026,1.0,2.0,0.5,0.5,0
17,2,0,0,856,2,5,4,67,1.73,0,Python,2024-2026,1.0,285.33,0.67,0.29,0
20,2,0,0,91,0,2,1,8,2.25,0,Python,2024-2026,1.0,91.0,0.33,0.75,0
23,2,0,1,857,53,5,4,13,1.85,0,Python,2024-2026,1.0,15.87,0.67,0.31,0
10,3,0,0,1671,31,5,0,1,11.0,0,Python,2024-2026,1.0,52.22,0.0,1.83,0
11,3,0,0,3,3,1,0,0,0.0,0,Python,2024-2026,1.0,0.75,0.0,0.0,0
11,3,0,0,62,11,2,1,2,3.5,0,Python,2024-2026,1.0,5.17,0.33,1.17,0
12,3,0,0,29,6,2,1,2,1.5,0,Python,2024-2026,1.0,4.14,0.33,0.5,0
12,3,0,0,32,6,3,0,0,0.0,0,Python,2024-2026,1.0,4.57,0.0,0.0,0
12,3,0,0,6,6,2,0,0,0.0,0,Python,2024-2026,1.0,0.86,0.0,0.0,0
14,3,0,0,279,31,19,6,10,1.5,0,Python,2024-2026,1.0,8.72,0.3,0.08,0
17,3,0,0,207,1,3,2,17,1.53,0,Python,2024-2026,1.0,103.5,0.5,0.38,0
21,3,0,0,2159,3,12,3,5,1.2,0,Python,2024-2026,1.0,539.75,0.23,0.09,0
1,4,0,1,171,4,2,1,13,5.77,0,Python,2024-2026,1.0,34.2,0.33,1.92,0
4,4,0,1,2,2,2,0,0,0.0,0,Python,2024-2026,1.0,0.67,0.0,0.0,0
10,4,0,0,8,8,3,0,0,0.0,0,Python,2024-2026,1.0,0.89,0.0,0.0,0
10,4,0,0,9,0,2,0,0,0.0,0,Python,2024-2026,1.0,9.0,0.0,0.0,0
10,4,0,0,430,7199,82,32,415,1.86,0,Python,2024-2026,1.0,0.06,0.39,0.02,0
12,4,0,0,61,3,2,1,2,8.5,0,Python,2024-2026,1.0,15.25,0.33,2.83,0
12,4,0,0,222,204,35,0,51,11.14,0,Python,2024-2026,1.0,1.08,0.0,0.31,0
13,4,0,0,1,1,1,0,0,0.0,0,Python,2024-2026,1.0,0.5,0.0,0.0,0
13,4,0,0,202,0,1,1,0,0.0,0,Python,2024-2026,1.0,202.0,0.5,0.0,0
13,4,0,0,15,14,2,1,4,3.25,0,Python,2024-2026,1.0,1.0,0.33,1.08,0
15,4,0,0,3,3,2,1,2,1.0,0,Python,2024-2026,1.0,0.75,0.33,0.33,0
16,4,0,0,164,70,19,1,4,1.75,0,Python,2024-2026,1.0,2.31,0.05,0.09,0
19,4,0,0,5,1,1,0,0,0.0,0,Python,2024-2026,1.0,2.5,0.0,0.0,0
10,5,1,0,3,3,1,0,0,0.0,0,Python,2024-2026,1.0,0.75,0.0,0.0,0
12,5,1,0,2,2,2,0,0,0.0,0,Python,2024-2026,1.0,0.67,0.0,0.0,0
12,5,1,0,29,29,16,5,0,0.0,0,Python,2024-2026,1.0,0.97,0.29,0.0,0
15,5,1,0,6,6,2,0,0,0.0,0,Python,2024-2026,1.0,0.86,0.0,0.0,0
23,6,1,1,33,2,2,1,6,2.67,0,Python,2024-2026,1.0,11.0,0.33,0.89,0
23,6,1,1,7,0,1,0,0,0.0,0,Python,2024-2026,1.0,7.0,0.0,0.0,0
11,0,0,0,2,2,1,0,3,2.67,0,Python,2024-2026,1.0,0.67,0.0,1.34,0
13,0,0,0,16,20,10,2,12,13.75,0,Python,2024-2026,1.0,0.76,0.18,1.25,1
13,0,0,0,91,146,16,8,36,3.92,0,Python,2024-2026,1.0,0.62,0.47,0.23,1
13,0,0,0,3,3,2,2,2,7.5,0,Python,2024-2026,1.0,0.75,0.67,2.5,1
15,0,0,0,122,119,7,0,0,0.0,0,Python,2024-2026,1.0,1.02,0.0,0.0,0
16,0,0,0,83,64,4,1,3,1.0,0,Python,2024-2026,1.0,1.28,0.2,0.2,0
17,0,0,0,7,7,2,0,0,0.0,0,Python,2024-2026,1.0,0.88,0.0,0.0,0
17,0,0,0,84,78,9,0,0,0.0,0,Python,2024-2026,1.0,1.06,0.0,0.0,0
3,1,0,1,4,4,2,0,0,0.0,0,Python,2024-2026,1.0,0.8,0.0,0.0,0
8,1,0,0,3,11,1,0,0,0.0,0,Python,2024-2026,1.0,0.25,0.0,0.0,0
8,1,0,0,3,3,1,0,0,0.0,0,Python,2024-2026,1.0,0.75,0.0,0.0,0
9,1,0,0,2,2,6,3,0,0.0,0,Python,2024-2026,1.0,0.67,0.43,0.0,0
12,1,0,0,83,83,2,0,0,0.0,0,Python,2024-2026,1.0,0.99,0.0,0.0,0
12,1,0,0,6,6,2,0,0,0.0,0,Python,2024-2026,1.0,0.86,0.0,0.0,0
13,1,0,0,4,0,1,0,0,0.0,0,Python,2024-2026,1.0,4.0,0.0,0.0,0
13,1,0,0,1,1,1,0,0,0.0,0,Python,2024-2026,1.0,0.5,0.0,0.0,0
14,1,0,0,6,32,3,0,0,0.0,0,Python,2024-2026,1.0,0.18,0.0,0.0,0
14,1,0,0,6,6,2,0,0,0.0,0,Python,2024-2026,1.0,0.86,0.0,0.0,0
14,1,0,0,3,3,1,0,0,0.0,0,Python,2024-2026,1.0,0.75,0.0,0.0,0
15,1,0,0,79,71,2,0,0,0.0,0,Python,2024-2026,1.0,1.1,0.0,0.0,0
15,1,0,0,83,83,2,0,0,0.0,0,Python,2024-2026,1.0,0.99,0.0,0.0,0
15,1,0,0,16,16,2,0,0,0.0,0,Python,2024-2026,1.0,0.94,0.0,0.0,0
16,1,0,0,280,30,25,4,19,7.42,0,Python,2024-2026,1.0,9.03,0.15,0.29,0
17,1,0,0,1,2,1,0,0,0.0,0,Python,2024-2026,1.0,0.33,0.0,0.0,0
20,1,0,0,0,2,1,0,0,0.0,0,Python,2024-2026,1.0,0.0,0.0,0.0,0
22,1,0,1,4,9,2,1,1,1.0,0,Python,2024-2026,1.0,0.4,0.33,0.33,0
22,1,0,1,4,2,1,1,1,1.0,0,Python,2024-2026,1.0,1.33,0.5,0.5,0
22,1,0,1,156,4,15,4,6,4.67,0,Python,2024-2026,1.0,31.2,0.25,0.29,0
23,1,0,1,2,3,1,0,1,12.0,0,Python,2024-2026,1.0,0.5,0.0,6.0,0
23,1,0,1,3,5,1,0,3,12.33,0,Python,2024-2026,1.0,0.5,0.0,6.16,0
0,2,0,1,7747,1187,5,0,0,0.0,0,Python,2024-2026,1.0,6.52,0.0,0.0,0
11,2,0,0,2,2,2,0,0,0.0,0,Python,2024-2026,1.0,0.67,0.0,0.0,0
13,2,0,0,12,1,2,0,0,0.0,0,Python,2024-2026,1.0,6.0,0.0,0.0,0
13,2,0,0,6,6,2,0,0,0.0,0,Python,2024-2026,1.0,0.86,0.0,0.0,0
14,2,0,0,206,5,4,2,15,1.93,0,Python,2024-2026,1.0,34.33,0.4,0.39,0
14,2,0,0,0,4,1,0,0,0.0,0,Python,2024-2026,1.0,0.0,0.0,0.0,0
16,2,0,0,297,0,9,5,13,2.31,0,Python,2024-2026,1.0,297.0,0.5,0.23,0
16,2,0,0,208,0,1,1,0,0.0,0,Python,2024-2026,1.0,208.0,0.5,0.0,0
16,2,0,0,2,2,1,0,0,0.0,0,Python,2024-2026,1.0,0.67,0.0,0.0,0
17,2,0,0,600,3,3,3,9,1.22,0,Python,2024-2026,1.0,150.0,0.75,0.3,0
19,2,0,0,816,195,4,4,55,1.15,0,Python,2024-2026,1.0,4.16,0.8,0.23,0
20,2,0,0,165,165,72,0,0,0.0,0,Python,2024-2026,1.0,0.99,0.0,0.0,0
20,2,0,0,21,21,21,0,0,0.0,0,Python,2024-2026,1.0,0.95,0.0,0.0,0
20,2,0,0,28,28,28,0,0,0.0,0,Python,2024-2026,1.0,0.97,0.0,0.0,0
20,2,0,0,3019,2998,4,1,2,1.0,0,Python,2024-2026,1.0,1.01,0.2,0.2,0
9,3,0,0,1,0,1,0,0,0.0,0,Python,2024-2026,1.0,1.0,0.0,0.0,0
9,3,0,0,2,2,2,0,0,0.0,1,Python,2024-2026,0.4,0.67,0.0,0.0,0
10,3,0,0,6,6,1,0,0,0.0,0,Python,2024-2026,1.0,0.86,0.0,0.0,0
10,3,0,0,24,0,2,1,1,1.0,0,Python,2024-2026,1.0,24.0,0.33,0.33,0
12,3,0,0,14,1,1,0,1,4.0,0,Python,2024-2026,1.0,7.0,0.0,2.0,0
12,3,0,0,82,70,3,0,18,1.94,0,Python,2024-2026,1.0,1.15,0.0,0.48,0
12,3,0,0,46,4,6,3,8,1.0,0,Python,2024-2026,1.0,9.2,0.43,0.14,0
12,3,0,0,4100,2,25,0,0,0.0,1,Python,2024-2026,0.4,1366.67,0.0,0.0,0
14,3,0,0,70,30,2,0,10,4.6,0,Python,2024-2026,1.0,2.26,0.0,1.53,0
15,3,0,0,81,8,4,2,13,2.15,0,Python,2024-2026,1.0,9.0,0.4,0.43,0
15,3,0,0,2,1,1,0,0,0.0,0,Python,2024-2026,1.0,1.0,0.0,0.0,0
16,3,0,0,2,2,1,0,0,0.0,0,Python,2024-2026,1.0,0.67,0.0,0.0,0
17,3,0,0,22,0,2,0,0,0.0,0,Python,2024-2026,1.0,22.0,0.0,0.0,0
17,3,0,0,261,0,5,2,0,0.0,1,Python,2024-2026,0.4,261.0,0.33,0.0,0
17,3,0,0,107,2,4,2,13,2.54,1,Python,2024-2026,0.4,35.67,0.4,0.51,0
18,3,0,0,101,0,1,0,2,1.0,1,Python,2024-2026,0.4,101.0,0.0,0.5,1
18,3,0,0,3,3,1,0,0,0.0,0,Python,2024-2026,1.0,0.75,0.0,0.0,1
18,3,0,0,34,28,2,1,10,5.2,0,Python,2024-2026,1.0,1.17,0.33,1.73,0
19,3,0,0,3,4,2,0,6,7.0,0,Python,2024-2026,1.0,0.6,0.0,2.33,0
22,3,0,1,3,3,1,0,0,0.0,1,Python,2024-2026,0.4,0.75,0.0,0.0,1
23,3,0,1,181,0,1,0,0,0.0,0,Python,2024-2026,1.0,181.0,0.0,0.0,0
23,3,0,1,3,2,1,0,0,0.0,0,Python,2024-2026,1.0,1.0,0.0,0.0,0
23,3,0,1,1,1,1,0,0,0.0,0,Python,2024-2026,1.0,0.5,0.0,0.0,0
23,3,0,1,126,0,1,0,0,0.0,0,Python,2024-2026,1.0,126.0,0.0,0.0,0
23,3,0,1,6,0,1,0,0,0.0,0,Python,2024-2026,1.0,6.0,0.0,0.0,0
23,3,0,1,72,72,1,0,0,0.0,0,Python,2024-2026,1.0,0.99,0.0,0.0,0
0,4,0,1,3,3,1,0,0,0.0,1,Python,2024-2026,0.4,0.75,0.0,0.0,2
1,4,0,1,31,4,3,1,9,2.56,0,Python,2024-2026,1.0,6.2,0.25,0.64,0
8,4,0,0,3,3,3,0,0,0.0,1,Python,2024-2026,0.4,0.75,0.0,0.0,0
8,4,0,0,1,1,1,0,0,0.0,0,Python,2024-2026,1.0,0.5,0.0,0.0,3
9,4,0,0,545,61,2,1,14,3.43,0,Python,2024-2026,1.0,8.79,0.33,1.14,0
9,4,0,0,74,0,2,1,1,2.0,0,Python,2024-2026,1.0,74.0,0.33,0.67,0
9,4,0,0,1,0,1,0,0,0.0,0,Python,2024-2026,1.0,1.0,0.0,0.0,1
9,4,0,0,33,4,3,0,0,0.0,0,Python,2024-2026,1.0,6.6,0.0,0.0,0
9,4,0,0,1,1,1,0,0,0.0,0,Python,2024-2026,1.0,0.5,0.0,0.0,1
9,4,0,0,20,4,1,1,1,1.0,0,Python,2024-2026,1.0,4.0,0.5,0.5,0
11,4,0,0,22,0,1,0,0,0.0,0,Python,2024-2026,1.0,22.0,0.0,0.0,1
11,4,0,0,219,74,15,1,0,0.0,0,Python,2024-2026,1.0,2.92,0.06,0.0,0
13,4,0,0,6,6,2,0,0,0.0,1,Python,2024-2026,0.4,0.86,0.0,0.0,3
14,4,0,0,2,2,1,0,0,0.0,0,Python,2024-2026,1.0,0.67,0.0,0.0,1
14,4,0,0,40,6,2,0,0,0.0,0,Python,2024-2026,1.0,5.71,0.0,0.0,0
14,4,0,0,231,0,4,1,6,2.5,0,Python,2024-2026,1.0,231.0,0.2,0.5,0
14,4,0,0,8,2,2,2,2,1.0,1,Python,2024-2026,0.4,2.67,0.67,0.33,1
14,4,0,0,92,28,3,0,7,1.57,0,Python,2024-2026,1.0,3.17,0.0,0.39,0
14,4,0,0,404,280,18,1,0,0.0,0,Python,2024-2026,1.0,1.44,0.05,0.0,0
14,4,0,0,16,3,3,0,0,0.0,0,Python,2024-2026,1.0,4.0,0.0,0.0,2
15,4,0,0,27,0,3,1,1,1.0,0,Python,2024-2026,1.0,27.0,0.25,0.25,0
16,4,0,0,230,3,3,1,12,1.75,0,Python,2024-2026,1.0,57.5,0.25,0.44,0
16,4,0,0,7,0,1,0,0,0.0,0,Python,2024-2026,1.0,7.0,0.0,0.0,2
18,4,0,0,3,3,1,0,0,0.0,1,Python,2024-2026,0.4,0.75,0.0,0.0,4
6,6,1,0,1,1,1,0,0,0.0,0,Python,2024-2026,1.0,0.5,0.0,0.0,0
20,6,1,0,2,2,1,0,0,0.0,0,Python,2024-2026,1.0,0.67,0.0,0.0,0
21,6,1,0,251,12,2,1,15,3.0,0,Python,2024-2026,1.0,19.31,0.33,1.0,0
23,6,1,1,1,1,1,0,0,0.0,0,Python,2024-2026,1.0,0.5,0.0,0.0,0
8,0,0,0,18,3,3,0,0,0.0,0,Python,2024-2026,1.0,4.5,0.0,0.0,0
8,0,0,0,156,31,2,1,13,1.85,0,Python,2024-2026,1.0,4.88,0.33,0.62,0
8,0,0,0,1,1,1,0,0,0.0,0,Python,2024-2026,1.0,0.5,0.0,0.0,2
10,0,0,0,65,3,2,1,9,1.33,0,Python,2024-2026,1.0,16.25,0.33,0.44,0
12,0,0,0,1,1,1,0,0,0.0,0,Python,2024-2026,1.0,0.5,0.0,0.0,0
13,0,0,0,17,85,7,0,0,0.0,0,Python,2024-2026,1.0,0.2,0.0,0.0,0
13,0,0,0,1,1,1,0,1,3.0,0,Python,2024-2026,1.0,0.5,0.0,1.5,0
13,0,0,0,36,0,1,0,0,0.0,0,Python,2024-2026,1.0,36.0,0.0,0.0,0
14,0,0,0,87,73,2,1,3,4.67,0,Python,2024-2026,1.0,1.18,0.33,1.56,0
14,0,0,0,640,21,4,1,59,1.56,0,Python,2024-2026,1.0,29.09,0.2,0.31,0
14,0,0,0,12,2,1,1,1,1.0,0,Python,2024-2026,1.0,4.0,0.5,0.5,0
14,0,0,0,11,2,1,0,1,24.0,0,Python,2024-2026,1.0,3.67,0.0,12.0,0
14,0,0,0,16,17,2,0,0,0.0,1,Python,2024-2026,0.4,0.89,0.0,0.0,5
14,0,0,0,83,83,2,0,0,0.0,1,Python,2024-2026,0.4,0.99,0.0,0.0,6
14,0,0,0,34,34,2,0,0,0.0,1,Python,2024-2026,0.4,0.97,0.0,0.0,7
14,0,0,0,46,0,1,0,2,9.5,0,Python,2024-2026,1.0,46.0,0.0,4.75,0
15,0,0,0,3,3,2,0,0,0.0,0,Python,2024-2026,1.0,0.75,0.0,0.0,0
15,0,0,0,22,0,1,1,2,1.0,0,Python,2024-2026,1.0,22.0,0.5,0.5,0
15,0,0,0,5,5,5,0,0,0.0,1,Python,2024-2026,0.4,0.83,0.0,0.0,8
16,0,0,0,1,0,1,0,0,0.0,0,Python,2024-2026,1.0,1.0,0.0,0.0,0
16,0,0,0,0,4,1,0,0,0.0,0,Python,2024-2026,1.0,0.0,0.0,0.0,0
16,0,0,0,225,0,1,1,0,0.0,0,Python,2024-2026,1.0,225.0,0.5,0.0,2
17,0,0,0,2,2,1,0,2,12.0,0,Python,2024-2026,1.0,0.67,0.0,6.0,0
17,0,0,0,39,7,6,1,8,2.75,0,Python,2024-2026,1.0,4.88,0.14,0.39,0
17,0,0,0,10,16,4,0,0,0.0,0,Python,2024-2026,1.0,0.59,0.0,0.0,0
18,0,0,0,1259,3,4,0,0,0.0,0,Python,2024-2026,1.0,314.75,0.0,0.0,2
21,0,0,0,22,1,1,0,0,0.0,0,Python,2024-2026,1.0,11.0,0.0,0.0,0
21,0,0,0,84,44,8,0,0,0.0,0,Python,2024-2026,1.0,1.87,0.0,0.0,0
21,0,0,0,20,2,3,2,0,0.0,0,Python,2024-2026,1.0,6.67,0.5,0.0,0
22,0,0,1,18,0,3,0,0,0.0,0,Python,2024-2026,1.0,18.0,0.0,0.0,0
22,0,0,1,288,251,31,9,121,2.39,1,Python,2024-2026,0.4,1.14,0.28,0.07,2
22,0,0,1,4,7,2,1,4,1.75,0,Python,2024-2026,1.0,0.5,0.33,0.58,0
22,0,0,1,18,0,2,1,3,2.0,0,Python,2024-2026,1.0,18.0,0.33,0.67,0
22,0,0,1,12,1,2,1,3,3.33,0,Python,2024-2026,1.0,6.0,0.33,1.11,0
23,0,0,1,6,6,1,0,0,0.0,0,Python,2024-2026,1.0,0.86,0.0,0.0,0
23,0,0,1,2,0,1,1,1,1.0,0,Python,2024-2026,1.0,2.0,0.5,0.5,0
7,1,0,0,25,3,5,1,2,2.0,1,Python,2024-2026,0.4,6.25,0.17,0.33,0
8,1,0,0,4,4,3,0,0,0.0,0,Python,2024-2026,1.0,0.8,0.0,0.0,0
8,1,0,0,231,2,3,1,12,1.58,0,Python,2024-2026,1.0,77.0,0.25,0.4,0
8,1,0,0,26,40,2,1,5,6.8,0,Python,2024-2026,1.0,0.63,0.33,2.27,0
8,1,0,0,2,2,6,3,0,0.0,0,Python,2024-2026,1.0,0.67,0.43,0.0,2
8,1,0,0,71,0,2,1,6,1.5,0,Python,2024-2026,1.0,71.0,0.33,0.5,0
8,1,0,0,2,0,1,0,1,1.0,0,Python,2024-2026,1.0,2.0,0.0,0.5,0
8,1,0,0,150,19,4,1,8,1.0,0,Python,2024-2026,1.0,7.5,0.2,0.2,0
8,1,0,0,31,9,2,1,4,5.25,0,Python,2024-2026,1.0,3.1,0.33,1.75,0
8,1,0,0,193,3,4,1,10,1.4,0,Python,2024-2026,1.0,48.25,0.2,0.28,0
8,1,0,0,5,4,1,0,0,0.0,0,Python,2024-2026,1.0,1.0,0.0,0.0,0
9,1,0,0,3,7,1,0,1,7.0,0,Python,2024-2026,1.0,0.38,0.0,3.5,0
9,1,0,0,1025,1,8,1,7,3.0,0,Python,2024-2026,1.0,512.5,0.11,0.33,0
9,1,0,0,1,1,1,0,0,0.0,0,Python,2024-2026,1.0,0.5,0.0,0.0,2
9,1,0,0,14,8,2,1,2,8.0,0,Python,2024-2026,1.0,1.56,0.33,2.67,0
10,1,0,0,3,3,1,0,0,0.0,0,Python,2024-2026,1.0,0.75,0.0,0.0,2
10,1,0,0,310,7,5,1,16,6.5,0,Python,2024-2026,1.0,38.75,0.17,1.08,0
10,1,0,0,19,0,1,0,0,0.0,0,Python,2024-2026,1.0,19.0,0.0,0.0,2
10,1,0,0,1,1,1,1,0,0.0,0,Python,2024-2026,1.0,0.5,0.5,0.0,0
10,1,0,0,1,1,1,0,0,0.0,0,Python,2024-2026,1.0,0.5,0.0,0.0,0
12,1,0,0,47,9,1,0,0,0.0,1,Python,2024-2026,0.4,4.7,0.0,0.0,1
12,1,0,0,47,0,2,1,4,1.0,0,Python,2024-2026,1.0,47.0,0.33,0.33,0
12,1,0,0,5,1,1,0,0,0.0,0,Python,2024-2026,1.0,2.5,0.0,0.0,2
13,1,0,0,83,83,2,0,0,0.0,1,Python,2024-2026,0.4,0.99,0.0,0.0,9
13,1,0,0,87,3,4,2,8,1.62,0,Python,2024-2026,1.0,21.75,0.4,0.32,0
13,1,0,0,5,0,1,0,0,0.0,0,Python,2024-2026,1.0,5.0,0.0,0.0,0
15,1,0,0,3,3,3,0,0,0.0,1,Python,2024-2026,0.4,0.75,0.0,0.0,2
16,1,0,0,10,10,3,0,0,0.0,0,Python,2024-2026,1.0,0.91,0.0,0.0,10
16,1,0,0,53,53,53,0,0,0.0,0,Python,2024-2026,1.0,0.98,0.0,0.0,10
16,1,0,0,27,2,6,0,2,3.5,0,Python,2024-2026,1.0,9.0,0.0,0.5,0
17,1,0,0,18,16,3,0,5,14.8,0,Python,2024-2026,1.0,1.06,0.0,3.7,0
19,1,0,0,1,0,1,0,0,0.0,0,Python,2024-2026,1.0,1.0,0.0,0.0,3
20,1,0,0,3004,2998,3,0,0,0.0,0,Python,2024-2026,1.0,1.0,0.0,0.0,0
21,1,0,0,219,2,2,1,11,2.64,0,Python,2024-2026,1.0,73.0,0.33,0.88,0
21,1,0,0,4,17,1,1,1,1.0,0,Python,2024-2026,1.0,0.22,0.5,0.5,0
21,1,0,0,420,202,10,6,30,3.67,0,Python,2024-2026,1.0,2.07,0.55,0.33,0
21,1,0,0,221,4,6,4,43,1.67,0,Python,2024-2026,1.0,44.2,0.57,0.24,0
21,1,0,0,146,1,2,1,6,14.0,0,Python,2024-2026,1.0,73.0,0.33,4.67,0
21,1,0,0,378,8,9,5,20,3.35,0,Python,2024-2026,1.0,42.0,0.5,0.34,0
22,1,0,1,14,45,1,0,7,2.43,0,Python,2024-2026,1.0,0.3,0.0,1.22,0
22,1,0,1,1,0,1,0,0,0.0,0,Python,2024-2026,1.0,1.0,0.0,0.0,3
22,1,0,1,261,0,2,1,19,3.58,0,Python,2024-2026,1.0,261.0,0.33,1.19,0
22,1,0,1,18,6,1,1,1,26.0,0,Python,2024-2026,1.0,2.57,0.5,13.0,0
22,1,0,1,16,0,1,0,0,0.0,0,Python,2024-2026,1.0,16.0,0.0,0.0,0
22,1,0,1,81,0,1,0,0,0.0,0,Python,2024-2026,1.0,81.0,0.0,0.0,3
23,1,0,1,1,0,1,1,0,0.0,0,Python,2024-2026,1.0,1.0,0.5,0.0,0
7,2,0,0,34,19,3,1,3,4.33,0,Python,2024-2026,1.0,1.7,0.25,1.08,0
9,2,0,0,6,11,1,0,1,6.0,0,Python,2024-2026,1.0,0.5,0.0,3.0,0
9,2,0,0,1,0,1,1,1,1.0,0,Python,2024-2026,1.0,1.0,0.5,0.5,0
9,2,0,0,1,0,1,0,1,6.0,0,Python,2024-2026,1.0,1.0,0.0,3.0,0
11,2,0,0,2,4,1,0,0,0.0,0,Python,2024-2026,1.0,0.4,0.0,0.0,0
11,2,0,0,56,6,1,0,0,0.0,0,Python,2024-2026,1.0,8.0,0.0,0.0,0
11,2,0,0,58,0,1,0,0,0.0,0,Python,2024-2026,1.0,58.0,0.0,0.0,0
11,2,0,0,2,2,1,0,0,0.0,0,Python,2024-2026,1.0,0.67,0.0,0.0,0
13,2,0,0,17,4,1,0,2,9.0,0,Python,2024-2026,1.0,3.4,0.0,4.5,0
14,2,0,0,23,19,2,0,0,0.0,0,Python,2024-2026,1.0,1.15,0.0,0.0,10
14,2,0,0,317,61,20,0,0,0.0,0,Python,2024-2026,1.0,5.11,0.0,0.0,0
16,2,0,0,1,0,1,1,0,0.0,0,Python,2024-2026,1.0,1.0,0.5,0.0,0
18,2,0,0,2,1,1,0,0,0.0,0,Python,2024-2026,1.0,1.0,0.0,0.0,0
19,2,0,0,110,0,1,0,0,0.0,0,Python,2024-2026,1.0,110.0,0.0,0.0,0
21,2,0,0,5,3,2,0,0,0.0,0,Python,2024-2026,1.0,1.25,0.0,0.0,10
23,2,0,1,82,9,2,0,0,0.0,0,Python,2024-2026,1.0,8.2,0.0,0.0,0
23,2,0,1,2,2,7,0,0,0.0,0,Python,2024-2026,1.0,0.67,0.0,0.0,3
23,2,0,1,27,140,5,2,14,7.5,1,Python,2024-2026,0.4,0.19,0.33,1.25,3
0,3,0,1,649,528,1,0,19,2.58,0,Python,2024-2026,1.0,1.23,0.0,1.29,0
0,3,0,1,165,0,1,0,0,0.0,1,Python,2024-2026,0.4,165.0,0.0,0.0,4
0,3,0,1,2,0,1,0,0,0.0,0,Python,2024-2026,1.0,2.0,0.0,0.0,0
0,3,0,1,4,33,2,0,0,0.0,0,Python,2024-2026,1.0,0.12,0.0,0.0,0
0,3,0,1,1,1,1,0,0,0.0,0,Python,2024-2026,1.0,0.5,0.0,0.0,0
6,3,0,0,20,7,2,1,2,3.0,1,Python,2024-2026,0.4,2.5,0.33,1.0,5
8,3,0,0,0,56,2,1,1,4.0,0,Python,2024-2026,1.0,0.0,0.33,1.33,6
8,3,0,0,3,4,1,0,1,3.0,1,Python,2024-2026,0.4,0.6,0.0,1.5,6
8,3,0,0,477,4,5,4,3,1.0,0,Python,2024-2026,1.0,95.4,0.67,0.17,3
8,3,0,0,44,4,2,0,5,11.8,1,Python,2024-2026,0.4,8.8,0.0,3.93,7
9,3,0,0,18,18,6,0,0,0.0,1,Python,2024-2026,0.4,0.95,0.0,0.0,10
9,3,0,0,31,4,4,0,1,42.0,0,Python,2024-2026,1.0,6.2,0.0,8.4,0
10,3,0,0,388,20,13,8,59,1.92,0,Python,2024-2026,1.0,18.48,0.57,0.14,3
10,3,0,0,1,1,1,0,0,0.0,1,Python,2024-2026,0.4,0.5,0.0,0.0,11
10,3,0,0,2,2,2,0,0,0.0,1,Python,2024-2026,0.4,0.67,0.0,0.0,12
10,3,0,0,8,8,3,0,0,0.0,1,Python,2024-2026,0.4,0.89,0.0,0.0,13
11,3,0,0,76,33,39,1,6,4.0,1,Python,2024-2026,0.4,2.24,0.02,0.1,8
11,3,0,0,79,16,2,1,7,1.57,0,Python,2024-2026,1.0,4.65,0.33,0.52,9
13,3,0,0,6,0,1,0,0,0.0,0,Python,2024-2026,1.0,6.0,0.0,0.0,0
13,3,0,0,1,1,1,0,0,0.0,0,Python,2024-2026,1.0,0.5,0.0,0.0,0
13,3,0,0,1,1,1,0,0,0.0,0,Python,2024-2026,1.0,0.5,0.0,0.0,0
14,3,0,0,4,4,3,0,0,0.0,0,Python,2024-2026,1.0,0.8,0.0,0.0,0
14,3,0,0,3,3,1,0,0,0.0,0,Python,2024-2026,1.0,0.75,0.0,0.0,14
14,3,0,0,498,465,2,0,0,0.0,0,Python,2024-2026,1.0,1.07,0.0,0.0,14
14,3,0,0,109,2,2,1,12,3.0,0,Python,2024-2026,1.0,36.33,0.33,1.0,0
15,3,0,0,6,3,1,1,1,1.0,0,Python,2024-2026,1.0,1.5,0.5,0.5,0
15,3,0,0,257,250,4,0,1,6.0,0,Python,2024-2026,1.0,1.02,0.0,1.2,14
15,3,0,0,12,0,1,0,0,0.0,0,Python,2024-2026,1.0,12.0,0.0,0.0,3
15,3,0,0,753,616,10,1,3,2.33,0,Python,2024-2026,1.0,1.22,0.09,0.21,0
15,3,0,0,133,11,2,1,10,4.8,0,Python,2024-2026,1.0,11.08,0.33,1.6,0
15,3,0,0,109,123,25,5,32,4.0,0,Python,2024-2026,1.0,0.88,0.19,0.15,14
16,3,0,0,1,1,1,1,2,3.5,0,Python,2024-2026,1.0,0.5,0.5,1.75,0
17,3,0,0,9,7,1,0,0,0.0,0,Python,2024-2026,1.0,1.12,0.0,0.0,0
17,3,0,0,154,7,2,1,8,8.38,0,Python,2024-2026,1.0,19.25,0.33,2.79,0
17,3,0,0,267,2,4,1,13,1.54,0,Python,2024-2026,1.0,89.0,0.2,0.31,0
17,3,0,0,2,2,1,0,2,3.0,0,Python,2024-2026,1.0,0.67,0.0,1.5,0
18,3,0,0,324,1,2,1,19,3.05,1,Python,2024-2026,0.4,162.0,0.33,1.02,9
19,3,0,0,907,889,6,0,0,0.0,0,Python,2024-2026,1.0,1.02,0.0,0.0,0
19,3,0,0,1,1,1,0,0,0.0,0,Python,2024-2026,1.0,0.5,0.0,0.0,0
20,3,0,0,30,0,2,0,0,0.0,0,Python,2024-2026,1.0,30.0,0.0,0.0,0
9,4,0,0,53,1,2,1,2,4.5,0,Python,2024-2026,1.0,26.5,0.33,1.5,0
9,4,0,0,2,2,1,0,0,0.0,0,Python,2024-2026,1.0,0.67,0.0,0.0,0
12,4,0,0,285,167,10,0,0,0.0,0,Python,2024-2026,1.0,1.7,0.0,0.0,0
12,4,0,0,3176,52,32,0,34,2.88,1,Python,2024-2026,0.4,59.92,0.0,0.09,2
12,4,0,0,19,16,1,0,0,0.0,0,Python,2024-2026,1.0,1.12,0.0,0.0,14
12,4,0,0,426,2,5,2,22,2.45,1,Python,2024-2026,0.4,142.0,0.33,0.41,3
12,4,0,0,44,0,6,3,6,6.17,1,Python,2024-2026,0.4,44.0,0.43,0.88,0
13,4,0,0,6,7,1,0,0,0.0,0,Python,2024-2026,1.0,0.75,0.0,0.0,14
13,4,0,0,13,3,2,0,0,0.0,0,Python,2024-2026,1.0,3.25,0.0,0.0,0
13,4,0,0,3,3,3,0,0,0.0,0,Python,2024-2026,1.0,0.75,0.0,0.0,14
13,4,0,0,1,0,1,0,0,0.0,0,Python,2024-2026,1.0,1.0,0.0,0.0,0
14,4,0,0,4,4,1,0,0,0.0,0,Python,2024-2026,1.0,0.8,0.0,0.0,0
14,4,0,0,2,2,1,0,0,0.0,0,Python,2024-2026,1.0,0.67,0.0,0.0,0
14,4,0,0,361,0,2,0,0,0.0,0,Python,2024-2026,1.0,361.0,0.0,0.0,0
16,4,0,0,11,11,6,0,0,0.0,0,Python,2024-2026,1.0,0.92,0.0,0.0,0
17,4,0,0,1,13,2,0,0,0.0,0,Python,2024-2026,1.0,0.07,0.0,0.0,0
17,4,0,0,28,8,1,0,1,2.0,0,Python,2024-2026,1.0,3.11,0.0,1.0,0
19,4,0,0,519,4,14,4,20,2.8,1,Python,2024-2026,0.4,103.8,0.27,0.19,10
19,4,0,0,26,14,3,1,7,5.57,0,Python,2024-2026,1.0,1.73,0.25,1.39,0
20,4,0,0,693,4,7,3,45,1.98,1,Python,2024-2026,0.4,138.6,0.38,0.25,11
23,4,0,1,5,13,1,0,0,0.0,0,Python,2024-2026,1.0,0.36,0.0,0.0,0
5,5,1,1,2,2,1,0,0,0.0,0,Python,2024-2026,1.0,0.67,0.0,0.0,0
10,5,1,0,24,21,2,0,0,0.0,0,Python,2024-2026,1.0,1.09,0.0,0.0,0
10,6,1,0,3,3,1,0,0,0.0,1,Python,2024-2026,0.4,0.75,0.0,0.0,14
19,6,1,0,58,49,3,0,0,0.0,0,Python,2024-2026,1.0,1.16,0.0,0.0,0
20,6,1,0,3064,19,147,2,51,3.41,0,Python,2024-2026,1.0,153.2,0.01,0.02,0
22,6,1,1,1365,10,3,1,28,2.29,0,Python,2024-2026,1.0,124.09,0.25,0.57,0
22,6,1,1,5,5,1,1,1,9.0,0,Python,2024-2026,1.0,0.83,0.5,4.5,0
22,6,1,1,8,11,2,1,2,1.5,0,Python,2024-2026,1.0,0.67,0.33,0.5,0
22,6,1,1,20,0,1,0,0,0.0,0,Python,2024-2026,1.0,20.0,0.0,0.0,3
10,0,0,0,5,5,4,0,0,0.0,1,Python,2024-2026,0.4,0.83,0.0,0.0,1
15,0,0,0,2,1,1,0,0,0.0,0,Python,2024-2026,1.0,1.0,0.0,0.0,0
15,0,0,0,5111,5124,4,0,0,0.0,0,Python,2024-2026,1.0,1.0,0.0,0.0,0
18,0,0,0,80,80,9,0,0,0.0,1,Python,2024-2026,0.4,0.99,0.0,0.0,15
20,0,0,0,71,0,2,1,5,2.2,0,Python,2024-2026,1.0,71.0,0.33,0.73,0
22,0,0,1,15,5,3,1,8,4.5,0,Python,2024-2026,1.0,2.5,0.25,1.12,0
9,1,0,0,5,5,5,2,0,0.0,0,Python,2024-2026,1.0,0.83,0.33,0.0,16
9,1,0,0,2,2,1,0,0,0.0,0,Python,2024-2026,1.0,0.67,0.0,0.0,0
10,1,0,0,50,50,18,2,23,11.04,0,Python,2024-2026,1.0,0.98,0.11,0.58,1
13,1,0,0,58,2,3,1,3,16.33,0,Python,2024-2026,1.0,19.33,0.25,4.08,0
13,1,0,0,3,3,1,0,0,0.0,0,Python,2024-2026,1.0,0.75,0.0,0.0,3
14,1,0,0,2,2,6,3,0,0.0,0,Python,2024-2026,1.0,0.67,0.43,0.0,3
15,1,0,0,630,0,1,1,0,0.0,0,Python,2024-2026,1.0,630.0,0.5,0.0,1
15,1,0,0,1,1,1,0,0,0.0,1,Python,2024-2026,0.4,0.5,0.0,0.0,16
15,1,0,0,83,83,2,0,0,0.0,0,Python,2024-2026,1.0,0.99,0.0,0.0,17
17,1,0,0,12,1,1,0,0,0.0,0,Python,2024-2026,1.0,6.0,0.0,0.0,0
17,1,0,0,2,2,1,0,0,0.0,0,Python,2024-2026,1.0,0.67,0.0,0.0,0
19,1,0,0,47,2,2,1,3,7.33,0,Python,2024-2026,1.0,15.67,0.33,2.44,0
19,1,0,0,3,3,1,0,0,0.0,0,Python,2024-2026,1.0,0.75,0.0,0.0,0
19,1,0,0,12,12,5,2,0,0.0,1,Python,2024-2026,0.4,0.92,0.33,0.0,12
22,1,0,1,8,8,4,0,0,0.0,0,Python,2024-2026,1.0,0.89,0.0,0.0,0
1,2,0,1,0,181,5,0,0,0.0,0,Python,2024-2026,1.0,0.0,0.0,0.0,0
5,2,0,1,70,0,1,0,0,0.0,0,Python,2024-2026,1.0,70.0,0.0,0.0,0
12,2,0,0,8,8,3,0,0,0.0,1,Python,2024-2026,0.4,0.89,0.0,0.0,17
15,2,0,0,72,62,5,1,18,14.44,0,Python,2024-2026,1.0,1.14,0.17,2.41,0
15,2,0,0,442,0,1,1,0,0.0,1,Python,2024-2026,0.4,442.0,0.5,0.0,13
15,2,0,0,326,0,2,1,0,0.0,1,Python,2024-2026,0.4,326.0,0.33,0.0,14
19,2,0,0,413,2,4,4,27,1.15,1,Python,2024-2026,0.4,137.67,0.8,0.23,3
20,2,0,0,11,11,9,0,0,0.0,0,Python,2024-2026,1.0,0.92,0.0,0.0,0
20,2,0,0,719,1,6,6,12,1.08,0,Python,2024-2026,1.0,359.5,0.86,0.15,4
20,2,0,0,2,2,1,0,0,0.0,0,Python,2024-2026,1.0,0.67,0.0,0.0,15
20,2,0,0,69,69,2,0,0,0.0,0,Python,2024-2026,1.0,0.99,0.0,0.0,18
21,2,0,0,376,371,2,0,0,0.0,0,Python,2024-2026,1.0,1.01,0.0,0.0,18
10,3,0,0,2,0,1,0,0,0.0,0,Python,2024-2026,1.0,2.0,0.0,0.0,4
11,3,0,0,1,1,1,0,0,0.0,0,Python,2024-2026,1.0,0.5,0.0,0.0,18
11,3,0,0,1031,91,8,3,83,3.64,0,Python,2024-2026,1.0,11.21,0.33,0.4,0
11,3,0,0,68,0,1,0,0,0.0,0,Python,2024-2026,1.0,68.0,0.0,0.0,4
12,3,0,0,25,4,1,0,3,1.0,0,Python,2024-2026,1.0,5.0,0.0,0.5,0
12,3,0,0,83,2,1,0,0,0.0,0,Python,2024-2026,1.0,27.67,0.0,0.0,0
12,3,0,0,2,2,1,0,0,0.0,0,Python,2024-2026,1.0,0.67,0.0,0.0,4
12,3,0,0,145,0,1,0,0,0.0,0,Python,2024-2026,1.0,145.0,0.0,0.0,0
12,3,0,0,6,6,2,0,0,0.0,1,Python,2024-2026,0.4,0.86,0.0,0.0,18
12,3,0,0,137,0,1,1,7,2.0,0,Python,2024-2026,1.0,137.0,0.5,1.0,0
12,3,0,0,434,51,6,0,0,0.0,0,Python,2024-2026,1.0,8.35,0.0,0.0,0
12,3,0,0,47,11,2,0,0,0.0,0,Python,2024-2026,1.0,3.92,0.0,0.0,0
16,3,0,0,2,2,2,0,0,0.0,1,Python,2024-2026,0.4,0.67,0.0,0.0,19
16,3,0,0,16,4,4,0,4,2.25,0,Python,2024-2026,1.0,3.2,0.0,0.45,0
16,3,0,0,35,10,11,1,1,4.0,0,Python,2024-2026,1.0,3.18,0.08,0.33,0
16,3,0,0,211,6,3,2,13,1.15,1,Python,2024-2026,0.4,30.14,0.5,0.29,15
16,3,0,0,1,2,1,0,0,0.0,0,Python,2024-2026,1.0,0.33,0.0,0.0,0
17,3,0,0,1,2,2,0,0,0.0,0,Python,2024-2026,1.0,0.33,0.0,0.0,0
18,3,0,0,85,0,1,0,0,0.0,1,Python,2024-2026,0.4,85.0,0.0,0.0,16
18,3,0,0,16,8,3,0,2,13.0,1,Python,2024-2026,0.4,1.78,0.0,3.25,17
19,3,0,0,432,0,1,1,0,0.0,1,Python,2024-2026,0.4,432.0,0.5,0.0,18
19,3,0,0,60,22,4,0,0,0.0,1,Python,2024-2026,0.4,2.61,0.0,0.0,19
19,3,0,0,24,7,1,0,0,0.0,0,Python,2024-2026,1.0,3.0,0.0,0.0,20
21,3,0,0,339,44,101,1,3,11.0,0,Python,2024-2026,1.0,7.53,0.01,0.11,0
8,4,0,0,2,1,1,0,0,0.0,0,Python,2024-2026,1.0,1.0,0.0,0.0,4
8,4,0,0,35,7,1,0,0,0.0,0,Python,2024-2026,1.0,4.38,0.0,0.0,0
9,4,0,0,0,12,1,0,0,0.0,0,Python,2024-2026,1.0,0.0,0.0,0.0,0
10,4,0,0,285,30,8,3,19,3.16,0,Python,2024-2026,1.0,9.19,0.33,0.35,0
10,4,0,0,163,29,3,1,20,2.5,0,Python,2024-2026,1.0,5.43,0.25,0.62,0
10,4,0,0,64,64,2,0,0,0.0,0,Python,2024-2026,1.0,0.98,0.0,0.0,20
10,4,0,0,1,1,1,0,0,0.0,0,Python,2024-2026,1.0,0.5,0.0,0.0,0
11,4,0,0,552,2,4,1,0,0.0,0,Python,2024-2026,1.0,184.0,0.2,0.0,0
11,4,0,0,27,27,4,0,0,0.0,0,Python,2024-2026,1.0,0.96,0.0,0.0,20
11,4,0,0,3,1,1,0,0,0.0,0,Python,2024-2026,1.0,1.5,0.0,0.0,4
11,4,0,0,66,1,2,1,3,3.67,0,Python,2024-2026,1.0,33.0,0.33,1.22,0
11,4,0,0,8,0,1,0,0,0.0,0,Python,2024-2026,1.0,8.0,0.0,0.0,4
12,4,0,0,12,0,1,0,0,0.0,0,Python,2024-2026,1.0,12.0,0.0,0.0,4
13,4,0,0,609,524,64,23,86,4.94,1,Python,2024-2026,0.4,1.16,0.35,0.08,20
13,4,0,0,1,0,1,1,0,0.0,0,Python,2024-2026,1.0,1.0,0.5,0.0,0
13,4,0,0,43,10,2,1,6,4.33,0,Python,2024-2026,1.0,3.91,0.33,1.44,0
13,4,0,0,6,0,1,0,0,0.0,0,Python,2024-2026,1.0,6.0,0.0,0.0,4
13,4,0,0,1957,0,14,1,0,0.0,0,Python,2024-2026,1.0,1957.0,0.07,0.0,0
14,4,0,0,135,31,2,0,0,0.0,0,Python,2024-2026,1.0,4.22,0.0,0.0,0
14,4,0,0,6,6,2,0,0,0.0,0,Python,2024-2026,1.0,0.86,0.0,0.0,21
15,4,0,0,8,8,8,0,0,0.0,0,Python,2024-2026,1.0,0.89,0.0,0.0,4
15,4,0,0,2,2,1,0,0,0.0,0,Python,2024-2026,1.0,0.67,0.0,0.0,0
16,4,0,0,141,135,2,1,4,1.25,0,Python,2024-2026,1.0,1.04,0.33,0.42,21
16,4,0,0,454,56,2,1,18,5.44,1,Python,2024-2026,0.727,7.96,0.33,1.81,0
16,4,0,0,1,1,1,0,0,0.0,0,Python,2024-2026,1.0,0.5,0.0,0.0,4
16,4,0,0,96,61,5,0,0,0.0,0,Python,2024-2026,1.0,1.55,0.0,0.0,0
17,4,0,0,94,2,2,1,3,4.67,1,Python,2024-2026,0.4,31.33,0.33,1.56,2
17,4,0,0,1,1,1,0,0,0.0,1,Python,2024-2026,0.4,0.5,0.0,0.0,3
17,4,0,0,118,118,7,0,0,0.0,1,Python,2024-2026,0.4,0.99,0.0,0.0,21
18,4,0,0,1,1,1,0,0,0.0,0,Python,2024-2026,1.0,0.5,0.0,0.0,22
18,4,0,0,122,121,7,0,0,0.0,1,Python,2024-2026,0.4,1.0,0.0,0.0,22
18,4,0,0,4,4,1,0,0,0.0,0,Python,2024-2026,1.0,0.8,0.0,0.0,23
18,4,0,0,4,4,3,0,0,0.0,0,Python,2024-2026,1.0,0.8,0.0,0.0,23
18,4,0,0,10,10,7,0,0,0.0,0,Python,2024-2026,1.0,0.91,0.0,0.0,23
20,4,0,0,2,2,1,0,0,0.0,0,Python,2024-2026,1.0,0.67,0.0,0.0,0
20,4,0,0,11,2,2,1,3,4.67,0,Python,2024-2026,1.0,3.67,0.33,1.56,0
20,4,0,0,1,1,1,0,0,0.0,0,Python,2024-2026,1.0,0.5,0.0,0.0,23
21,4,0,0,593,654,6,1,5,8.8,1,Python,2024-2026,0.4,0.91,0.14,1.26,23
21,4,0,0,1,1,1,0,0,0.0,0,Python,2024-2026,1.0,0.5,0.0,0.0,24
3,5,1,1,1,1,1,0,1,11.0,1,Python,2024-2026,0.4,0.5,0.0,5.5,0
3,5,1,1,1,1,1,0,1,1.0,1,Python,2024-2026,0.4,0.5,0.0,0.5,1
5,5,1,1,2,2,2,0,0,0.0,0,Python,2024-2026,1.0,0.67,0.0,0.0,24
6,5,1,0,1,1,1,0,0,0.0,0,Python,2024-2026,1.0,0.5,0.0,0.0,24
7,5,1,0,1,1,1,0,0,0.0,0,Python,2024-2026,1.0,0.5,0.0,0.0,24
8,5,1,0,2,2,1,0,0,0.0,0,Python,2024-2026,1.0,0.67,0.0,0.0,24
9,5,1,0,72,85,27,3,34,4.97,1,Python,2024-2026,0.4,0.84,0.11,0.18,4
9,5,1,0,6,0,1,1,2,1.0,1,Python,2024-2026,0.4,6.0,0.5,0.5,4
15,5,1,0,1,1,1,0,0,0.0,0,Python,2024-2026,1.0,0.5,0.0,0.0,5
15,5,1,0,211,2,4,2,10,1.6,0,Python,2024-2026,1.0,70.33,0.4,0.32,0
18,5,1,0,6,0,1,0,0,0.0,0,Python,2024-2026,1.0,6.0,0.0,0.0,0
0,6,1,1,1,1,1,0,0,0.0,0,Python,2024-2026,1.0,0.5,0.0,0.0,24
2,6,1,1,1,1,1,0,0,0.0,0,Python,2024-2026,1.0,0.5,0.0,0.0,24
4,6,1,1,170,1590,13,0,0,0.0,0,Python,2024-2026,1.0,0.11,0.0,0.0,0
4,6,1,1,2,2,1,0,0,0.0,0,Python,2024-2026,1.0,0.67,0.0,0.0,0
7,6,1,0,92,1,9,1,3,11.67,0,Python,2024-2026,1.0,46.0,0.1,1.17,0
9,6,1,0,3,7,2,0,1,16.0,0,Python,2024-2026,1.0,0.38,0.0,5.33,24
11,6,1,0,255,171,15,10,23,2.91,1,Python,2024-2026,0.4,1.48,0.62,0.18,5
21,6,1,0,6,0,1,0,0,0.0,0,Python,2024-2026,1.0,6.0,0.0,0.0,5
9,0,0,0,15,5,2,0,4,21.5,0,Python,2024-2026,1.0,2.5,0.0,7.17,0
9,0,0,0,122,1,3,1,8,2.5,0,Python,2024-2026,1.0,61.0,0.25,0.62,0
9,0,0,0,2989,631,28,9,207,3.0,0,Python,2024-2026,1.0,4.73,0.31,0.1,0
9,0,0,0,62,160,5,1,8,7.12,0,Python,2024-2026,1.0,0.39,0.17,1.19,0
9,0,0,0,1,1,1,0,0,0.0,0,Python,2024-2026,1.0,0.5,0.0,0.0,0
10,0,0,0,1098,0,7,1,78,2.32,0,Python,2024-2026,1.0,1098.0,0.12,0.29,0
10,0,0,0,14,14,3,0,0,0.0,1,Python,2024-2026,0.4,0.93,0.0,0.0,24
10,0,0,0,2734,681,19,1,6,8.0,0,Python,2024-2026,1.0,4.01,0.05,0.4,0
10,0,0,0,2962,171,56,13,128,2.86,0,Python,2024-2026,1.0,17.22,0.23,0.05,0
10,0,0,0,4,0,1,0,0,0.0,0,Python,2024-2026,1.0,4.0,0.0,0.0,5
11,0,0,0,11,5,1,0,2,9.0,0,Python,2024-2026,1.0,1.83,0.0,4.5,0
11,0,0,0,72,72,16,1,10,4.0,0,Python,2024-2026,1.0,0.99,0.06,0.24,0
11,0,0,0,4,3,1,1,1,3.0,0,Python,2024-2026,1.0,1.0,0.5,1.5,0
11,0,0,0,891,68,7,2,30,2.3,0,Python,2024-2026,1.0,12.91,0.25,0.29,0
11,0,0,0,573,0,12,3,23,1.26,0,Python,2024-2026,1.0,573.0,0.23,0.1,0
12,0,0,0,19,19,2,0,0,0.0,0,Python,2024-2026,1.0,0.95,0.0,0.0,0
13,0,0,0,111,59,2,1,8,4.0,0,Python,2024-2026,1.0,1.85,0.33,1.33,0
13,0,0,0,5,3,1,1,1,1.0,0,Python,2024-2026,1.0,1.25,0.5,0.5,0
13,0,0,0,2,0,1,0,0,0.0,0,Python,2024-2026,1.0,2.0,0.0,0.0,5
13,0,0,0,662,14,3,1,30,3.17,0,Python,2024-2026,1.0,44.13,0.25,0.79,0
13,0,0,0,7,4,2,1,3,2.33,0,Python,2024-2026,1.0,1.4,0.33,0.78,0
14,0,0,0,7,2,3,0,0,0.0,0,Python,2024-2026,1.0,2.33,0.0,0.0,0
14,0,0,0,6,2,1,1,2,1.0,0,Python,2024-2026,1.0,2.0,0.5,0.5,0
15,0,0,0,1263,4,5,2,59,1.93,0,Python,2024-2026,1.0,252.6,0.33,0.32,0
15,0,0,0,8,0,2,0,0,0.0,0,Python,2024-2026,1.0,8.0,0.0,0.0,5
15,0,0,0,2,0,1,0,0,0.0,0,Python,2024-2026,1.0,2.0,0.0,0.0,5
15,0,0,0,687,0,4,2,54,1.83,0,Python,2024-2026,1.0,687.0,0.4,0.37,0
16,0,0,0,2,2,1,0,0,0.0,1,Python,2024-2026,0.4,0.67,0.0,0.0,25
16,0,0,0,746,32,7,1,12,4.67,0,Python,2024-2026,1.0,22.61,0.12,0.58,0
16,0,0,0,4,0,1,0,0,0.0,0,Python,2024-2026,1.0,4.0,0.0,0.0,5
16,0,0,0,83,83,2,0,0,0.0,0,Python,2024-2026,1.0,0.99,0.0,0.0,26
16,0,0,0,13,11,6,0,5,13.6,1,Python,2024-2026,0.4,1.08,0.0,1.94,26
17,0,0,0,3,1,1,0,1,1.0,1,Python,2024-2026,0.4,1.5,0.0,0.5,20
17,0,0,0,15,14,10,0,5,2.4,0,Python,2024-2026,1.0,1.0,0.0,0.22,0
17,0,0,0,263,11,6,3,22,2.86,1,Python,2024-2026,0.4,21.92,0.43,0.41,1
17,0,0,0,1037,0,1,1,0,0.0,1,Python,2024-2026,0.4,1037.0,0.5,0.0,2
18,0,0,0,2,2,2,0,0,0.0,1,Python,2024-2026,0.4,0.67,0.0,0.0,27
18,0,0,0,76,0,3,1,10,2.0,0,Python,2024-2026,1.0,76.0,0.25,0.5,0
19,0,0,0,29,2,2,1,1,2.0,0,Python,2024-2026,1.0,9.67,0.33,0.67,0
20,0,0,0,409,38,3,1,22,1.59,1,Python,2024-2026,0.4,10.49,0.25,0.4,21
20,0,0,0,556,52,4,2,33,2.03,0,Python,2024-2026,1.0,10.49,0.4,0.41,0
20,0,0,0,7,2,1,0,0,0.0,0,Python,2024-2026,1.0,2.33,0.0,0.0,5
20,0,0,0,2,0,1,0,0,0.0,0,Python,2024-2026,1.0,2.0,0.0,0.0,5
22,0,0,1,6,6,2,0,0,0.0,0,Python,2024-2026,1.0,0.86,0.0,0.0,28
22,0,0,1,52,173,4,0,0,0.0,1,Python,2024-2026,0.4,0.3,0.0,0.0,28
22,0,0,1,5,5,2,0,0,0.0,1,Python,2024-2026,0.4,0.83,0.0,0.0,29
22,0,0,1,76,0,1,1,2,1.0,0,Python,2024-2026,1.0,76.0,0.5,0.5,0
6,1,0,0,146,53,6,1,12,4.08,0,Python,2024-2026,1.0,2.7,0.14,0.58,0
9,1,0,0,278,81,3,2,16,6.25,0,Python,2024-2026,1.0,3.39,0.5,1.56,0
9,1,0,0,12,4,1,0,0,0.0,0,Python,2024-2026,1.0,2.4,0.0,0.0,0
9,1,0,0,1,1,1,0,0,0.0,0,Python,2024-2026,1.0,0.5,0.0,0.0,0
9,1,0,0,109,12,2,1,7,6.0,0,Python,2024-2026,1.0,8.38,0.33,2.0,0
9,1,0,0,3,3,1,0,0,0.0,0,Python,2024-2026,1.0,0.75,0.0,0.0,5
10,1,0,0,1,1,1,0,0,0.0,0,Python,2024-2026,1.0,0.5,0.0,0.0,5
10,1,0,0,279,1,2,1,31,1.39,0,Python,2024-2026,1.0,139.5,0.33,0.46,0
10,1,0,0,1,1,1,0,0,0.0,0,Python,2024-2026,1.0,0.5,0.0,0.0,5
10,1,0,0,1,0,1,0,0,0.0,0,Python,2024-2026,1.0,1.0,0.0,0.0,5
10,1,0,0,47,8,7,2,4,6.25,0,Python,2024-2026,1.0,5.22,0.25,0.78,0
10,1,0,0,1,7,1,0,0,0.0,0,Python,2024-2026,1.0,0.12,0.0,0.0,0
10,1,0,0,2,2,1,0,0,0.0,0,Python,2024-2026,1.0,0.67,0.0,0.0,0
10,1,0,0,12,2,2,0,0,0.0,0,Python,2024-2026,1.0,4.0,0.0,0.0,0
10,1,0,0,1,2,1,0,0,0.0,0,Python,2024-2026,1.0,0.33,0.0,0.0,0
10,1,0,0,201,0,1,0,0,0.0,0,Python,2024-2026,1.0,201.0,0.0,0.0,0
10,1,0,0,185,0,1,0,0,0.0,0,Python,2024-2026,1.0,185.0,0.0,0.0,0
10,1,0,0,149,0,1,0,0,0.0,0,Python,2024-2026,1.0,149.0,0.0,0.0,0
10,1,0,0,1,1,1,0,2,1.0,0,Python,2024-2026,1.0,0.5,0.0,0.5,0
10,1,0,0,1,1,1,0,0,0.0,0,Python,2024-2026,1.0,0.5,0.0,0.0,0
10,1,0,0,254,2,3,0,0,0.0,0,Python,2024-2026,1.0,84.67,0.0,0.0,0
10,1,0,0,1,1,1,0,0,0.0,0,Python,2024-2026,1.0,0.5,0.0,0.0,0
10,1,0,0,1,1,1,0,0,0.0,0,Python,2024-2026,1.0,0.5,0.0,0.0,0
11,1,0,0,193,6,2,1,12,1.75,0,Python,2024-2026,1.0,27.57,0.33,0.58,0
11,1,0,0,233,3,2,1,15,2.2,0,Python,2024-2026,1.0,58.25,0.33,0.73,0
11,1,0,0,1,0,1,0,0,0.0,0,Python,2024-2026,1.0,1.0,0.0,0.0,5
12,1,0,0,15,5,2,1,3,8.0,0,Python,2024-2026,1.0,2.5,0.33,2.67,0
12,1,0,0,35,22,8,0,15,7.0,0,Python,2024-2026,1.0,1.52,0.0,0.78,1
12,1,0,0,276,266,18,2,19,6.0,1,Python,2024-2026,0.4,1.03,0.11,0.32,30
12,1,0,0,1,0,1,1,0,0.0,0,Python,2024-2026,1.0,1.0,0.5,0.0,0
12,1,0,0,156,1,2,1,12,2.83,0,Python,2024-2026,1.0,78.0,0.33,0.94,0
12,1,0,0,2,0,1,0,0,0.0,0,Python,2024-2026,1.0,2.0,0.0,0.0,5
12,1,0,0,156,415,6,0,0,0.0,1,Python,2024-2026,0.4,0.38,0.0,0.0,31
12,1,0,0,146,146,3,0,0,0.0,1,Python,2024-2026,0.4,0.99,0.0,0.0,32
12,1,0,0,2,0,1,0,0,0.0,0,Python,2024-2026,1.0,2.0,0.0,0.0,5
12,1,0,0,5,0,1,0,0,0.0,0,Python,2024-2026,1.0,5.0,0.0,0.0,5
12,1,0,0,11,10,5,1,0,0.0,0,Python,2024-2026,1.0,1.0,0.17,0.0,0
13,1,0,0,10,17,5,2,0,0.0,0,Python,2024-2026,1.0,0.56,0.33,0.0,0
13,1,0,0,3,3,1,0,0,0.0,0,Python,2024-2026,1.0,0.75,0.0,0.0,0
13,1,0,0,392,0,1,1,0,0.0,1,Python,2024-2026,0.4,392.0,0.5,0.0,22
13,1,0,0,2,0,1,0,0,0.0,0,Python,2024-2026,1.0,2.0,0.0,0.0,0
14,1,0,0,1,1,1,0,0,0.0,0,Python,2024-2026,1.0,0.5,0.0,0.0,5
14,1,0,0,43,30,3,0,9,2.22,0,Python,2024-2026,1.0,1.39,0.0,0.56,0
14,1,0,0,2,2,2,1,0,0.0,0,Python,2024-2026,1.0,0.67,0.33,0.0,33
14,1,0,0,317,17,4,1,23,3.04,0,Python,2024-2026,1.0,17.61,0.2,0.61,0
14,1,0,0,782,71,11,5,57,3.26,0,Python,2024-2026,1.0,10.86,0.42,0.27,0
14,1,0,0,23,0,1,1,3,1.67,0,Python,2024-2026,1.0,23.0,0.5,0.84,0
15,1,0,0,27,7,3,2,1,12.0,0,Python,2024-2026,1.0,3.38,0.5,3.0,0
16,1,0,0,72,14,2032,12,5,1.4,1,Python,2024-2026,0.4,4.8,0.01,0.0,33
17,1,0,0,143,17,4,2,7,2.14,0,Python,2024-2026,1.0,7.94,0.4,0.43,0
17,1,0,0,60,1,2,1,3,3.33,0,Python,2024-2026,1.0,30.0,0.33,1.11,0
17,1,0,0,65,3267,76,13,75,5.08,1,Python,2024-2026,0.4,0.02,0.17,0.07,23
19,1,0,0,1,1,1,0,0,0.0,0,Python,2024-2026,1.0,0.5,0.0,0.0,0
19,1,0,0,1,1,1,0,0,0.0,0,Python,2024-2026,1.0,0.5,0.0,0.0,0
19,1,0,0,69,3,4,2,8,1.75,1,Python,2024-2026,0.4,17.25,0.4,0.35,24
19,1,0,0,84,187,2,1,32,2.03,1,Python,2024-2026,0.4,0.45,0.33,0.68,25
19,1,0,0,73,67,7,1,14,3.5,0,Python,2024-2026,1.0,1.07,0.12,0.44,26
19,1,0,0,6,15,3,0,0,0.0,1,Python,2024-2026,0.4,0.38,0.0,0.0,26
19,1,0,0,685,36,18,6,54,1.81,1,Python,2024-2026,0.4,18.51,0.32,0.1,27
19,1,0,0,344,0,3,0,0,0.0,1,Python,2024-2026,0.4,344.0,0.0,0.0,28
7,2,0,0,442,6,9,3,17,2.59,0,Python,2024-2026,1.0,63.14,0.3,0.26,0
7,2,0,0,32,2,2,1,3,2.0,0,Python,2024-2026,1.0,10.67,0.33,0.67,0
8,2,0,0,2,0,1,0,0,0.0,0,Python,2024-2026,1.0,2.0,0.0,0.0,5
8,2,0,0,3263,2495,79,27,326,2.53,0,Python,2024-2026,1.0,1.31,0.34,0.03,0
8,2,0,0,7,1,1,0,0,0.0,0,Python,2024-2026,1.0,3.5,0.0,0.0,0
9,2,0,0,7,0,1,0,0,0.0,0,Python,2024-2026,1.0,7.0,0.0,0.0,5
9,2,0,0,1603,815,33,6,63,3.89,0,Python,2024-2026,1.0,1.96,0.18,0.11,0
9,2,0,0,1,0,1,0,0,0.0,0,Python,2024-2026,1.0,1.0,0.0,0.0,5
9,2,0,0,129,20,2,1,7,4.0,0,Python,2024-2026,1.0,6.14,0.33,1.33,0
9,2,0,0,540,10,6,4,12,1.0,1,Python,2024-2026,0.4,49.09,0.57,0.14,29
9,2,0,0,1640,901,50,0,0,0.0,0,Python,2024-2026,1.0,1.82,0.0,0.0,0
10,2,0,0,2,0,1,0,0,0.0,0,Python,2024-2026,1.0,2.0,0.0,0.0,5
10,2,0,0,8,3,2,1,1,5.0,1,Python,2024-2026,0.4,2.0,0.33,1.67,30
11,2,0,0,735,315,50,0,0,0.0,0,Python,2024-2026,1.0,2.33,0.0,0.0,0
11,2,0,0,713,57,38,6,47,10.6,1,Python,2024-2026,0.4,12.29,0.15,0.27,31
11,2,0,0,10,10,2,0,0,0.0,0,Python,2024-2026,1.0,0.91,0.0,0.0,34
13,2,0,0,48,15,37,4,3,1.67,1,Python,2024-2026,0.4,3.0,0.11,0.04,5
13,2,0,0,2040,1,38,3,67,1.82,1,Python,2024-2026,0.4,1020.0,0.08,0.05,32
13,2,0,0,64,20,4,2,12,1.42,0,Python,2024-2026,1.0,3.05,0.4,0.28,0
14,2,0,0,6,6,2,0,0,0.0,1,Python,2024-2026,0.4,0.86,0.0,0.0,34
14,2,0,0,263,0,4,1,0,0.0,0,Python,2024-2026,1.0,263.0,0.2,0.0,33
14,2,0,0,6,0,1,0,0,0.0,0,Python,2024-2026,1.0,6.0,0.0,0.0,6
16,2,0,0,1,1,1,0,0,0.0,0,Python,2024-2026,1.0,0.5,0.0,0.0,0
20,2,0,0,68,68,2,0,0,0.0,0,Python,2024-2026,1.0,0.99,0.0,0.0,35
21,2,0,0,1,1,1,1,0,0.0,0,Python,2024-2026,1.0,0.5,0.5,0.0,0
21,2,0,0,171,145,2,0,0,0.0,0,Python,2024-2026,1.0,1.17,0.0,0.0,35
8,3,0,0,3,3,1,0,0,0.0,0,Python,2024-2026,1.0,0.75,0.0,0.0,35
8,3,0,0,311,390,1,0,0,0.0,0,Python,2024-2026,1.0,0.8,0.0,0.0,35
8,3,0,0,1,0,1,0,0,0.0,0,Python,2024-2026,1.0,1.0,0.0,0.0,6
9,3,0,0,3,3,1,0,0,0.0,1,Python,2024-2026,0.4,0.75,0.0,0.0,35
9,3,0,0,85,7,6,1,11,7.73,0,Python,2024-2026,1.0,10.62,0.14,1.1,0
10,3,0,0,468,67,16,6,70,2.8,0,Python,2024-2026,1.0,6.88,0.35,0.16,3
10,3,0,0,6,6,4,1,1,2.0,0,Python,2024-2026,1.0,0.86,0.2,0.4,0
12,3,0,0,57,57,2,0,0,0.0,1,Python,2024-2026,0.4,0.98,0.0,0.0,36
12,3,0,0,57,155,3,0,0,0.0,1,Python,2024-2026,0.4,0.37,0.0,0.0,37
12,3,0,0,20,53,7,2,6,5.0,0,Python,2024-2026,1.0,0.37,0.25,0.62,0
12,3,0,0,6,10,4,0,1,22.0,0,Python,2024-2026,1.0,0.55,0.0,4.4,0
12,3,0,0,3,4,2,0,0,0.0,0,Python,2024-2026,1.0,0.6,0.0,0.0,0
12,3,0,0,0,7,1,0,0,0.0,0,Python,2024-2026,1.0,0.0,0.0,0.0,0
12,3,0,0,45,8,3,1,8,3.38,0,Python,2024-2026,1.0,5.0,0.25,0.84,0
12,3,0,0,1,1,1,0,0,0.0,0,Python,2024-2026,1.0,0.5,0.0,0.0,0
12,3,0,0,2,0,1,0,1,17.0,0,Python,2024-2026,1.0,2.0,0.0,8.5,0
12,3,0,0,2,1,1,0,1,1.0,0,Python,2024-2026,1.0,1.0,0.0,0.5,0
14,3,0,0,6,6,2,0,0,0.0,1,Python,2024-2026,0.4,0.86,0.0,0.0,38
14,3,0,0,6,6,2,0,0,0.0,0,Python,2024-2026,1.0,0.86,0.0,0.0,39
14,3,0,0,8,8,3,0,0,0.0,1,Python,2024-2026,0.4,0.89,0.0,0.0,39
14,3,0,0,62,15,2,1,3,2.33,0,Python,2024-2026,1.0,3.88,0.33,0.78,0
14,3,0,0,7,1,2,0,0,0.0,0,Python,2024-2026,1.0,3.5,0.0,0.0,0
14,3,0,0,2,2,1,0,0,0.0,0,Python,2024-2026,1.0,0.67,0.0,0.0,0
15,3,0,0,277,5,4,1,7,3.57,0,Python,2024-2026,1.0,46.17,0.2,0.71,0
16,3,0,0,155,5,1,0,0,0.0,0,Python,2024-2026,1.0,25.83,0.0,0.0,0
16,3,0,0,2,2,2,0,2,2.0,1,Python,2024-2026,0.4,0.67,0.0,0.67,40
17,3,0,0,34,19,5,0,0,0.0,0,Python,2024-2026,1.0,1.7,0.0,0.0,0
18,3,0,0,1,2,1,0,1,3.0,0,Python,2024-2026,1.0,0.33,0.0,1.5,0
19,3,0,0,50,4,2,1,4,3.5,0,Python,2024-2026,1.0,10.0,0.33,1.17,0
20,3,0,0,15,14,11,0,8,4.0,0,Python,2024-2026,1.0,1.0,0.0,0.33,0
21,3,0,0,51,0,1,1,2,2.0,1,Python,2024-2026,0.4,51.0,0.5,1.0,33
0,4,0,1,16,18,1,0,20,1.9,0,Python,2024-2026,1.0,0.84,0.0,0.95,0
8,4,0,0,42,15,2,1,4,5.75,0,Python,2024-2026,1.0,2.62,0.33,1.92,0
8,4,0,0,159,1,4,3,9,1.89,0,Python,2024-2026,1.0,79.5,0.6,0.38,0
8,4,0,0,2,0,1,0,0,0.0,0,Python,2024-2026,1.0,2.0,0.0,0.0,6
8,4,0,0,1,1,1,0,0,0.0,0,Python,2024-2026,1.0,0.5,0.0,0.0,6
9,4,0,0,17,16,2,0,0,0.0,1,Python,2024-2026,0.4,1.0,0.0,0.0,41
9,4,0,0,10,10,3,0,0,0.0,1,Python,2024-2026,0.4,0.91,0.0,0.0,42
9,4,0,0,4,1,1,0,0,0.0,0,Python,2024-2026,1.0,2.0,0.0,0.0,6
10,4,0,0,3,4,3,0,0,0.0,0,Python,2024-2026,1.0,0.6,0.0,0.0,0
11,4,0,0,84,2,4,2,6,1.0,0,Python,2024-2026,1.0,28.0,0.4,0.2,0
11,4,0,0,1,0,1,0,0,0.0,0,Python,2024-2026,1.0,1.0,0.0,0.0,6
12,4,0,0,500,41,23,12,78,2.67,0,Python,2024-2026,1.0,11.9,0.5,0.11,0
12,4,0,0,2,1,2,0,0,0.0,0,Python,2024-2026,1.0,1.0,0.0,0.0,6
13,4,0,0,29,66,1318,2,12,9.5,0,Python,2024-2026,1.0,0.43,0.0,0.01,0
13,4,0,0,18,0,2,1,2,12.5,0,Python,2024-2026,1.0,18.0,0.33,4.17,0
14,4,0,0,91,4,5,1,6,1.67,0,Python,2024-2026,1.0,18.2,0.17,0.28,0
14,4,0,0,120,8,5,2,11,6.18,0,Python,2024-2026,1.0,13.33,0.33,1.03,0
14,4,0,0,1221,0,2,1,40,1.73,0,Python,2024-2026,1.0,1221.0,0.33,0.58,0
14,4,0,0,2,2,1,0,0,0.0,0,Python,2024-2026,1.0,0.67,0.0,0.0,0
14,4,0,0,1,0,1,0,0,0.0,0,Python,2024-2026,1.0,1.0,0.0,0.0,6
15,4,0,0,12,2,1,0,0,0.0,0,Python,2024-2026,1.0,4.0,0.0,0.0,0
15,4,0,0,7,3,1,0,0,0.0,0,Python,2024-2026,1.0,1.75,0.0,0.0,0
17,4,0,0,10,2,3,0,0,0.0,0,Python,2024-2026,1.0,3.33,0.0,0.0,0
17,4,0,0,1491,758,43,3,30,7.83,0,Python,2024-2026,1.0,1.96,0.07,0.18,0
18,4,0,0,6,12,3,2,2,3.0,0,Python,2024-2026,1.0,0.46,0.5,0.75,0
21,4,0,0,3,1,1,0,0,0.0,0,Python,2024-2026,1.0,1.5,0.0,0.0,43
22,4,0,1,3,3,1,0,0,0.0,1,Python,2024-2026,0.4,0.75,0.0,0.0,43
22,4,0,1,1929,13,14,5,139,2.92,0,Python,2024-2026,1.0,137.79,0.33,0.19,0
22,4,0,1,2,1,2,0,0,0.0,0,Python,2024-2026,1.0,1.0,0.0,0.0,6
23,4,0,1,1,1,1,0,0,0.0,0,Python,2024-2026,1.0,0.5,0.0,0.0,0
1,5,1,1,140,59,9,3,23,11.22,0,Python,2024-2026,1.0,2.33,0.3,1.12,0
11,5,1,0,86,0,3,0,0,0.0,0,Python,2024-2026,1.0,86.0,0.0,0.0,0
12,5,1,0,7,0,1,0,0,0.0,0,Python,2024-2026,1.0,7.0,0.0,0.0,0
