repo,commit_sha_full,commit_sha,commit_message,commit_type,language,author,committed_at,commit_hour,day_of_week,is_weekend,is_night_commit,lines_added,lines_deleted,files_changed,test_files_changed,num_methods,avg_complexity,is_buggy,label_source,language_group,time_period,confidence,linked_issue,churn_ratio,test_ratio,complexity_per_file,prior_bugs_author
mwaskom/seaborn,4e8ca8521537b952a4129c363fb68c2168ce5a1f,4e8ca85215,PEP8 on Py27,other,Python,Michael Waskom,2020-01-19 15:00:29-05:00,15,6,1,0,2,2,1,1,1,19.0,0,clean,Python,2018-2020,1.0,,0.67,0.5,9.5,0
mwaskom/seaborn,477775744ba9c5ba13e7accf9b8468922c2191ad,477775744b,Force alphabetical sort of example gallery thumbs,other,Python,Michael Waskom,2020-01-19 15:02:24-05:00,15,6,1,0,6,10,1,0,3,4.0,0,clean,Python,2018-2020,1.0,,0.55,0.0,2.0,0
mwaskom/seaborn,70ad6ed70e0833152dd1d61461b2f46f0b25b80a,70ad6ed70e,Add file with pinned versions of doc dependencies,feature,Unknown,Michael Waskom,2020-01-19 17:45:54-05:00,17,6,1,0,4,0,1,0,0,0.0,0,clean,Python,2018-2020,1.0,,4.0,0.0,0.0,0
mwaskom/seaborn,a1c19dd3dda9789b3dbd3f0f17023f1c00cea795,a1c19dd3dd,Add v0.9.1 to release notes page,feature,Unknown,Michael Waskom,2020-01-20 13:38:18-05:00,13,0,0,0,5,1,2,0,0,0.0,0,clean,Python,2018-2020,1.0,,2.5,0.0,0.0,0
mwaskom/seaborn,7648a7c0181124de04f4d60e612ecef96ed43a79,7648a7c018,Add a relplot example to line/scatterplot  Closes #1664,feature,Python,Michael Waskom,2020-01-20 14:14:10-05:00,14,0,0,0,18,0,1,0,0,0.0,0,clean,Python,2018-2020,1.0,,18.0,0.0,0.0,0
mwaskom/seaborn,7dece1458fcd2d7e87b0a71a47a85327f27607d7,7dece1458f,Add intersphinx links where kwargs are defined  Closes #1937,feature,Python,Michael Waskom,2020-01-20 15:11:55-05:00,15,0,0,0,55,49,8,0,3,12.67,0,clean,Python,2018-2020,1.0,,1.1,0.0,1.41,0
mwaskom/seaborn,2fec4b3ffa1619f81088383c9f565b51f6171fd6,2fec4b3ffa,Update to reflect new example data,feature,Python,Michael Waskom,2020-01-20 15:38:47-05:00,15,0,0,0,3,2,1,0,1,2.0,0,clean,Python,2018-2020,1.0,,1.0,0.0,1.0,0
mwaskom/seaborn,cae68ac4e04dd4ee883b13cea345e32d413ffaf1,cae68ac4e0,New pytest breaks coverage?,feature,Unknown,Michael Waskom,2020-01-20 15:55:41-05:00,15,0,0,0,1,1,1,0,0,0.0,0,clean,Python,2018-2020,1.0,,0.5,0.0,0.0,0
mwaskom/seaborn,210cf9f43104c62b112471d59a24b34a317cf691,210cf9f431,Update release notes,other,Unknown,Michael Waskom,2020-01-20 20:37:40-05:00,20,0,0,0,10,8,1,0,0,0.0,0,clean,Python,2018-2020,1.0,,1.11,0.0,0.0,0
mwaskom/seaborn,e4e89a0d877e779621cd3e89d3aa394ab5c5b411,e4e89a0d87,Update install docs to reflect new minimum dependencies  [ci skip],feature,Unknown,Michael Waskom,2020-01-20 20:44:16-05:00,20,0,0,0,10,23,1,0,0,0.0,0,clean,Python,2018-2020,1.0,,0.42,0.0,0.0,0
mwaskom/seaborn,de9947a2d1ad96f10480897e1cabb337353f8a13,de9947a2d1,Fix gallery generator,bugfix,Python,Michael Waskom,2020-01-21 07:14:41-05:00,7,1,0,0,2,2,1,0,1,3.0,0,clean,Python,2018-2020,1.0,,0.67,0.0,1.5,0
mwaskom/seaborn,5c4562db19e4bc6ef3f240b6affe7ae56a451585,5c4562db19,Release notes text,other,Unknown,Michael Waskom,2020-01-21 07:15:20-05:00,7,1,0,0,1,1,1,0,0,0.0,0,clean,Python,2018-2020,1.0,,0.5,0.0,0.0,0
mwaskom/seaborn,4739e2e27130044faf4bb32a246d7e8da8bdef54,4739e2e271,More improvements to clustergrid layout  This enables use of tight_layout within clustermap. Ideally most plots will now have everything in the figure and looking nice out of the box. It uses a somewh,feature,Python,Michael Waskom,2020-01-21 14:10:23-05:00,14,1,0,0,35,8,2,1,4,5.5,0,clean,Python,2018-2020,1.0,,3.89,0.33,1.83,0
mwaskom/seaborn,882e761d4b78807e0e08998e3c31e506936f4d4f,882e761d4b,Improve clustermap API examples,other,Python,Michael Waskom,2020-01-21 14:42:01-05:00,14,1,0,0,17,23,1,0,0,0.0,0,clean,Python,2018-2020,1.0,,0.71,0.0,0.0,0
mwaskom/seaborn,cb942cec27029b4c8b049144f9b7dafabe015676,cb942cec27,Remove commented code  [ci skip],other,Python,Michael Waskom,2020-01-21 15:25:24-05:00,15,1,0,0,0,2,1,0,1,9.0,0,clean,Python,2018-2020,1.0,,0.0,0.0,4.5,0
mwaskom/seaborn,350375d59e4ad1407b0b2b7a7308d1fa0bbb9bb3,350375d59e,Add thumbnail images on the tutorial homepage,feature,Unknown,Michael Waskom,2020-01-21 22:33:48-05:00,22,1,0,1,105,9,3,0,0,0.0,0,clean,Python,2018-2020,1.0,,10.5,0.0,0.0,0
mwaskom/seaborn,3020ee7b4e7019b845ee3f5abb0153b38bdc8aa2,3020ee7b4e,Drop Python 2 from setup files,other,Python,Michael Waskom,2020-01-21 22:37:34-05:00,22,1,0,1,6,11,2,0,0,0.0,0,clean,Python,2018-2020,1.0,,0.5,0.0,0.0,0
mwaskom/seaborn,f76e5abbeb747c00c18df321a7211b754c016d8a,f76e5abbeb,Excise six,other,Python,Michael Waskom,2020-01-21 22:50:52-05:00,22,1,0,1,26,936,15,2,66,5.03,0,clean,Python,2018-2020,1.0,,0.03,0.12,0.31,0
mwaskom/seaborn,a0f8a95e76ccc02098976903baf7ece290aa39b2,a0f8a95e76,Drop 2.7 (and 3.5) from travis build,other,Unknown,Michael Waskom,2020-01-22 06:51:11-05:00,6,2,0,0,3,23,1,0,0,0.0,0,clean,Python,2018-2020,1.0,,0.12,0.0,0.0,0
mwaskom/seaborn,0ad290c29927bd9366e8ee3f78f8e032c1637ab1,0ad290c299,Remove references to 2.7 from README/docs,docs,Unknown,Michael Waskom,2020-01-22 07:00:40-05:00,7,2,0,0,5,5,2,0,0,0.0,0,clean,Python,2018-2020,1.0,,0.83,0.0,0.0,0
mwaskom/seaborn,6101805e33dc8e87d9d7e8cc9ce0bd51f41e2f79,6101805e33,Make tutorial thumbnails link to relevant page,other,Unknown,Michael Waskom,2020-01-22 07:08:59-05:00,7,2,0,0,21,7,1,0,0,0.0,0,clean,Python,2018-2020,1.0,,2.62,0.0,0.0,0
mwaskom/seaborn,2ce30c92ab445007687f8b11f652877dcb097774,2ce30c92ab,Modernize minimal dependencies,other,Python,Michael Waskom,2020-01-22 09:12:22-05:00,9,2,0,0,8,8,2,0,0,0.0,0,clean,Python,2018-2020,1.0,,0.89,0.0,0.0,0
mwaskom/seaborn,e6fadeae32358efb1a402699b84d5c7ab2ff7d62,e6fadeae32,Reorganize 0.9.1 feature notes,feature,Unknown,Michael Waskom,2020-01-22 10:33:46-05:00,10,2,0,0,6,6,1,0,0,0.0,0,clean,Python,2018-2020,1.0,,0.86,0.0,0.0,0
mwaskom/seaborn,ab8abaaac4b9187ee7a6fb04414f085d1cb96d5c,ab8abaaac4,Explicitly error in setup on Python < 3.6,other,Python,Michael Waskom,2020-01-22 13:22:17-05:00,13,2,0,0,4,0,1,0,0,0.0,0,clean,Python,2018-2020,1.0,,4.0,0.0,0.0,0
mwaskom/seaborn,3ce9669cf4daee5eb6718d34edc09d9b2de555da,3ce9669cf4,Remove smooth bootstrap,other,Python,Michael Waskom,2020-01-22 13:28:57-05:00,13,2,0,0,0,32,2,1,3,5.33,0,clean,Python,2018-2020,1.0,,0.0,0.33,1.78,0
mwaskom/seaborn,702f561ecc3c1e9e0dd3bcfce446007cbc7132c3,702f561ecc,Remove seaborn.timeseries,other,Python,Michael Waskom,2020-01-22 13:32:22-05:00,13,2,0,0,1,456,3,1,9,6.78,0,clean,Python,2018-2020,1.0,,0.0,0.25,1.7,0
mwaskom/seaborn,abe27707cee99538b91f5eeba9bfde63d6132957,abe27707ce,Remove seaborn.linearmodels,other,Python,Michael Waskom,2020-01-22 13:32:50-05:00,13,2,0,0,0,8,2,1,0,0.0,0,clean,Python,2018-2020,1.0,,0.0,0.33,0.0,0
mwaskom/seaborn,b15ddee50f5fb4024670d884cf6c70e7ad659553,b15ddee50f,Remove seaborn.apionly,other,Python,Michael Waskom,2020-01-22 13:33:52-05:00,13,2,0,0,0,11,2,1,0,0.0,0,clean,Python,2018-2020,1.0,,0.0,0.33,0.0,0
mwaskom/seaborn,6a3fbb7280c1078b574736eae3c6a3e4e42d3f46,6a3fbb7280,Remove top-level import of timeseries module,other,Python,Michael Waskom,2020-01-22 14:02:38-05:00,14,2,0,0,0,1,1,0,0,0.0,0,clean,Python,2018-2020,1.0,,0.0,0.0,0.0,0
mwaskom/seaborn,7420a192cab480b1d20bcd41053828b5c139e02f,7420a192ca,Add link to website footer,feature,Python,Michael Waskom,2020-01-22 14:41:56-05:00,14,2,0,0,24,1,2,0,0,0.0,0,clean,Python,2018-2020,1.0,,12.0,0.0,0.0,0
mwaskom/seaborn,8ef15b4701c4e13b9c1cf1052177fdb59fddb047,8ef15b4701,Add version 0.10 release notes,feature,Unknown,Michael Waskom,2020-01-22 15:54:47-05:00,15,2,0,0,31,1,2,0,0,0.0,0,clean,Python,2018-2020,1.0,,15.5,0.0,0.0,0
mwaskom/seaborn,9579c69a98643cdc11e53b752adf73ba4d400314,9579c69a98,Update version for 0.10.0 release candidate,other,Python,Michael Waskom,2020-01-22 16:06:54-05:00,16,2,0,0,2,2,2,0,0,0.0,0,clean,Python,2018-2020,1.0,,0.67,0.0,0.0,0
mwaskom/seaborn,7618fbd04b76f93fea5952339c1b374f42300dd1,7618fbd04b,Release v0.10.0.rc0,other,Unknown,Michael Waskom,2020-01-22 16:07:21-05:00,16,2,0,0,0,0,0,0,0,0.0,0,clean,Python,2018-2020,1.0,,0.0,0.0,0.0,0
mwaskom/seaborn,b9b0fb028b80a9e7c575eef51742d46395aef001,b9b0fb028b,"Make dogplot more tolerant  I really like this easter egg :-)  However, when you suggest someone to use `dogplot` instead of `catplot`, they will receive a `TypeError` explaining that they provided ",other,Python,Jan Pipek,2020-01-23 08:52:53+01:00,8,3,0,0,1,1,1,0,2,2.0,0,clean,Python,2018-2020,1.0,,0.5,0.0,1.0,0
mwaskom/seaborn,252e463c0d67fb98281ae8bffef5264e3a1340ee,252e463c0d,Add a pandas API link in introduction,feature,Unknown,Michael Waskom,2020-01-23 14:24:38-05:00,14,3,0,0,1,1,1,0,0,0.0,0,clean,Python,2018-2020,1.0,,0.5,0.0,0.0,0
mwaskom/seaborn,9d6bea4e153cdc0ffabb4fd7cab45d547c0b5514,9d6bea4e15,Bump version for v0.10 release,other,Python,Michael Waskom,2020-01-24 07:20:06-05:00,7,4,0,0,2,2,2,0,0,0.0,0,clean,Python,2018-2020,1.0,,0.67,0.0,0.0,0
mwaskom/seaborn,d8ca2a0c99eda58b5cf4280fca457356d61fed84,d8ca2a0c99,Fix a few things in the docs,bugfix,Unknown,Michael Waskom,2020-01-24 07:48:37-05:00,7,4,0,0,12,12,2,0,0,0.0,0,clean,Python,2018-2020,1.0,,0.92,0.0,0.0,0
mwaskom/seaborn,72d6c2ab8c2c538212eab50b3e32aea8d5a71caf,72d6c2ab8c,Release v0.10.0,other,Unknown,Michael Waskom,2020-01-24 08:11:00-05:00,8,4,0,0,0,0,0,0,0,0.0,0,clean,Python,2018-2020,1.0,,0.0,0.0,0.0,0
mwaskom/seaborn,88479dc3a9c5dee00fa697fda73152add0827fc4,88479dc3a9,Tweak release notes,other,Unknown,Michael Waskom,2020-01-24 11:00:26-05:00,11,4,0,0,4,4,3,0,0,0.0,0,clean,Python,2018-2020,1.0,,0.8,0.0,0.0,0
mwaskom/seaborn,6a8398c031105858700d0c889936a15c78298551,6a8398c031,Bump version back to dev on master,other,Python,Michael Waskom,2020-01-24 12:29:40-05:00,12,4,0,0,2,2,2,0,0,0.0,0,clean,Python,2018-2020,1.0,,0.67,0.0,0.0,0
mwaskom/seaborn,13cea30f27a7e22230f9d7bd841225906c5dcbbc,13cea30f27,Add 0.9.1 and 0.10.0 DOI badges,feature,Unknown,Michael Waskom,2020-01-28 10:09:29-05:00,10,1,0,0,9,0,2,0,0,0.0,0,clean,Python,2018-2020,1.0,,9.0,0.0,0.0,0
mwaskom/seaborn,c4f123862fb1a79c8b37dfa70a21081affde6f96,c4f123862f,"Use the correct platform integer type  `np.array.take` requires that the index be the platform integer type (`int32` for 32bit and `int64` for 64bit), but `np.random.RandomState.randint` returns an `i",bugfix,Python,Todd,2020-01-31 15:07:17-05:00,15,4,0,0,3,3,1,0,2,9.0,0,clean,Python,2018-2020,1.0,,0.75,0.0,4.5,0
mwaskom/seaborn,64928c910264579bf406d317242de9d56870ca97,64928c9102,Fix release notes link,bugfix,Unknown,Michael Waskom,2020-01-31 19:17:33-05:00,19,4,0,0,1,1,1,0,0,0.0,0,clean,Python,2018-2020,1.0,,0.5,0.0,0.0,0
mwaskom/seaborn,0ffddcd7dc4be5fe0d4139a7c5466ff3c2f35dda,0ffddcd7dc,Add 0.10.1 release notes file and mention bootstrap fix,bugfix,Unknown,Michael Waskom,2020-02-22 11:41:52-05:00,11,5,1,0,7,0,1,0,0,0.0,0,clean,Python,2018-2020,1.0,,7.0,0.0,0.0,0
mwaskom/seaborn,9503177f80d312856ffd197939e455be0cad1f16,9503177f80,DOC: update truncate parameter string to reflect new default (#1961),feature,Python,Christopher Whelan,2020-02-22 11:43:05-05:00,11,5,1,0,2,3,1,0,0,0.0,0,clean,Python,2018-2020,1.0,,0.5,0.0,0.0,0
mwaskom/seaborn,62667d2249dc776dc0078a4280c258364ceb0992,62667d2249,Use numpy's indexing dtype in bootstrap (#1968)  Follow-up to #1952 that uses the correct dtype,other,Python,Michael Waskom,2020-02-22 12:48:27-05:00,12,5,1,0,3,3,1,0,2,9.0,0,clean,Python,2018-2020,1.0,,0.75,0.0,4.5,0
mwaskom/seaborn,d59ab10d998d4219df21c2c95bd70b1acf9a6232,d59ab10d99,"Don't fail in regplot on singletons, don't fit regression either (#1969)  * FIX: don't squeeze singletons  * Disable regression fit in case of singleton inputs  * Update release notes  [ci skip]",bugfix,Python,Michael Waskom,2020-02-22 17:29:02-05:00,17,5,1,0,17,2,3,1,3,7.0,0,clean,Python,2018-2020,1.0,,5.67,0.25,1.75,0
mwaskom/seaborn,e760254e2e6f996bd031ccccdd05fbec4e7d7ec1,e760254e2e,"Copy props from old cmap when creating new cmap in heatmap (#1948)  * preserve cmap props when centering  * preserve explicitly set extremes",feature,Python,Maoz Gelbart,2020-02-22 18:00:51-05:00,18,5,1,0,58,0,2,1,2,6.5,0,clean,Python,2018-2020,1.0,,58.0,0.33,2.17,0
mwaskom/seaborn,0fba83b47c7a2650f5549bd9b551d4057fb3c97a,0fba83b47c,Update release notes,other,Unknown,Michael Waskom,2020-02-22 18:01:54-05:00,18,5,1,0,2,0,1,0,0,0.0,0,clean,Python,2018-2020,1.0,,2.0,0.0,0.0,0
mwaskom/seaborn,c437938917e3b588fcf3c1b01944bad9c5457df2,c437938917,"added tests for sig_stars() function (#1972)  * added tests for sig_stars() function  Since the `sig_stars()` function in utils.py doesn't have tests. I added the test to increase the coverage test.",bugfix,Python,Iqrar Agalosi Nureyza,2020-02-26 07:19:27-05:00,7,2,0,0,18,0,1,1,1,1.0,0,clean,Python,2018-2020,1.0,,18.0,0.5,0.5,0
mwaskom/seaborn,47570655ccc3780cc3332360b7478993190ce467,47570655cc,"FIX: Ignore masked cells when finding heatmap data limits (#1956)  * respect mask when setting heatmap limits  * respect mask when setting heatmap limits  * improve code style",bugfix,Python,Maoz Gelbart,2020-02-26 07:44:47-05:00,7,2,0,0,30,3,2,1,2,6.5,0,clean,Python,2018-2020,1.0,,7.5,0.33,2.17,0
mwaskom/seaborn,73d0296a28c071695caaed99eee30369c4e2d4a9,73d0296a28,Update release notes,other,Unknown,Michael Waskom,2020-02-26 07:45:34-05:00,7,2,0,0,2,0,1,0,0,0.0,0,clean,Python,2018-2020,1.0,,2.0,0.0,0.0,0
mwaskom/seaborn,b5d2e85da238b212d9cfa49147d58e54fa480a2d,b5d2e85da2,Add deprecation notice for sig_stars (#1973),feature,Python,Michael Waskom,2020-02-27 10:38:50-05:00,10,3,0,0,16,16,2,1,3,2.33,0,clean,Python,2018-2020,1.0,,0.94,0.33,0.78,0
mwaskom/seaborn,5498cdb2f145b15a85adac0c8ff233656f52a943,5498cdb2f1,"MNT: Remove unused code paths (#1965)  * TST: pandas==1.0 compat  * Remove old matplotlib paths  * Remove old scipy paths  * Remove _set_spine_position  The behavior that this function address",feature,Python,Maoz Gelbart,2020-02-27 11:26:14-05:00,11,3,0,0,147,318,20,7,32,5.72,0,clean,Python,2018-2020,1.0,,0.46,0.33,0.27,0
mwaskom/seaborn,53b51ebed73fa59a46550354915ce663b260f77c,53b51ebed7,Make all links possible use https:// (#1985),other,Python,Sebastian Pipping,2020-03-10 08:04:13-04:00,8,1,0,0,13,13,6,0,0,0.0,0,clean,Python,2018-2020,1.0,,0.93,0.0,0.0,0
mwaskom/seaborn,34f02d8ba69e8eb9720829bea32f42b7bf7d0b69,34f02d8ba6,"FIX: avoid error when prop_cycle has no color (#1992)  * Rework get_color_cycle  * No longer fail when cycler has no color (fixes #1977)  * Improves docstring  * Adds tests  * default to dark ",bugfix,Python,Maoz Gelbart,2020-03-17 17:37:43-04:00,17,1,0,0,32,11,3,2,3,1.33,0,clean,Python,2018-2020,1.0,,2.67,0.5,0.33,0
mwaskom/seaborn,6b78153b19ad29c1b0e87f0baff9ca6ba37e3a79,6b78153b19,Avoid error in despine when axis has matplotlib categories (#1991)  Fixes #1978,bugfix,Python,Michael Waskom,2020-03-17 17:38:20-04:00,17,1,0,0,18,2,3,1,3,9.33,0,clean,Python,2018-2020,1.0,,6.0,0.25,2.33,0
mwaskom/seaborn,ab25f01fc9778733f15dd6412e6993105bf2c765,ab25f01fc9,Make remaining links use https:// (#1984) (#1988),other,Unknown,Sebastian Pipping,2020-03-17 17:38:48-04:00,17,1,0,0,1,1,1,0,0,0.0,0,clean,Python,2018-2020,1.0,,0.5,0.0,0.0,0
mwaskom/seaborn,3f7761de1a47eb8b27c2e9c4b2a66979e54856b4,3f7761de1a,python3-only to_utf8 (#1979)  Co-authored-by: Michael Waskom <mwaskom@users.noreply.github.com>,other,Python,Maoz Gelbart,2020-03-17 17:40:43-04:00,17,1,0,0,30,177,3,2,10,1.2,0,clean,Python,2018-2020,1.0,,0.17,0.5,0.3,0
mwaskom/seaborn,7216552848c83b678481d5bca01a180120b0301e,7216552848,Fix `add_legend` to always populate `_legend` (#1999)  Even when `legend_out` is False,bugfix,Python,bennguvaye,2020-03-17 17:42:27-04:00,17,1,0,0,1,0,1,0,1,13.0,0,clean,Python,2018-2020,1.0,,1.0,0.0,6.5,0
mwaskom/seaborn,af4838691203e53030e01aaa59a19d6affde2903,af48386912,Fix test import,bugfix,Python,Michael Waskom,2020-03-17 18:00:05-04:00,18,1,0,0,1,1,1,1,0,0.0,0,clean,Python,2018-2020,1.0,,0.5,0.5,0.0,0
mwaskom/seaborn,b47d84383b4c42e59eea7a36bd7672dd5ac79506,b47d84383b,"Avoid floating point error with maximum husl sat/lum (#2000)  * homogenization to use _color_to_rgb and normalization of husl_to_rgb output in [0,1]  * added better test to husl_to_rgb input and out",feature,Python,Michael Waskom,2020-03-17 18:43:59-04:00,18,1,0,0,11,3,2,1,3,2.67,0,clean,Python,2018-2020,1.0,,2.75,0.33,0.89,0
mwaskom/seaborn,db7ca3414c644f4d0af2306e5adb717c74287425,db7ca3414c,Autoscale in swarmplot to get valid transform (#2017)  Fixes #2013,bugfix,Python,Michael Waskom,2020-04-06 14:29:50-04:00,14,0,0,0,5,0,2,0,1,12.0,0,clean,Python,2018-2020,1.0,,5.0,0.0,4.0,0
mwaskom/seaborn,7c56403ad8f32a711c1df198edbef39140606723,7c56403ad8,"Add optional argument showfliers for boxenplot (#2010)  * Add optional argument showfliers for boxenplot  Same API as matplotlib boxplot to show/hide markers beyond the box(es)  * Remove trailing ",bugfix,Python,Lukas,2020-04-06 16:24:13-04:00,16,0,0,0,35,7,2,1,9,4.89,0,clean,Python,2018-2020,1.0,,4.38,0.33,1.63,0
mwaskom/seaborn,e07c1f17a4a8c3cd1483616e68185f81f27dbc96,e07c1f17a4,Update release notes,other,Unknown,Michael Waskom,2020-04-06 16:25:53-04:00,16,0,0,0,2,0,1,0,0,0.0,0,clean,Python,2018-2020,1.0,,2.0,0.0,0.0,0
mwaskom/seaborn,adb8af04c031a93502d2be9aefccaa83b72a367b,adb8af04c0,Added fix for minor typos in 0.9.1 release notes (#2019),bugfix,Unknown,danyal-s,2020-04-09 17:15:47-04:00,17,3,0,0,2,2,1,0,0,0.0,0,clean,Python,2018-2020,1.0,,0.67,0.0,0.0,0
mwaskom/seaborn,3178471fbb800e6668107be410a4945e3a7b8cf6,3178471fbb,"Housekeeping in utilities module (#2035)  * Tweak some utitlity docstrings and deprecate percentiles function  percentiles is now redundant with numpy.percentile and had not been used internally in",bugfix,Python,Michael Waskom,2020-04-24 15:08:05-04:00,15,4,0,0,87,59,6,2,23,3.52,0,clean,Python,2018-2020,1.0,,1.45,0.29,0.5,0
mwaskom/seaborn,01b28afd2de7b68e1e68429df5e4e713f86133dd,01b28afd2d,"ENH: Handle`legend.title_fontsize` rcparam (#2025)  * test legend title size  * don't ignore legend.title_fontsize rcparam  * add 'legend.title_fontsize' to context",feature,Python,Maoz Gelbart,2020-04-24 15:34:03-04:00,15,4,0,0,44,17,4,1,5,8.6,0,clean,Python,2018-2020,1.0,,2.44,0.2,1.72,0
mwaskom/seaborn,ca9b43b17d4937bf8d6221c945fd41278e4e7499,ca9b43b17d,Update release notes,other,Unknown,Michael Waskom,2020-04-24 15:35:17-04:00,15,4,0,0,2,0,1,0,0,0.0,0,clean,Python,2018-2020,1.0,,2.0,0.0,0.0,0
mwaskom/seaborn,efedefe9ab42a0de86bd00dda2f60646d28e2122,efedefe9ab,Examples of ways to have the same mapping between facets (#2030),other,Python,Paul Rougieux,2020-04-24 15:38:58-04:00,15,4,0,0,5,2,1,0,0,0.0,0,clean,Python,2018-2020,1.0,,1.67,0.0,0.0,0
mwaskom/seaborn,1e1c1d4eaeb03af805809fa52bbe84b93dbeba4a,1e1c1d4eae,PEP8,other,Python,Michael Waskom,2020-04-24 16:13:23-04:00,16,4,0,0,4,6,1,0,0,0.0,0,clean,Python,2018-2020,1.0,,0.57,0.0,0.0,0
mwaskom/seaborn,09fef026ad89a299e13db44fa5b92885fb5b2823,09fef026ad,Avoid seeing an error from statsmodels in kdeplot when data IQR == 0 (#2040),other,Python,Michael Waskom,2020-04-26 12:27:20-04:00,12,6,1,0,44,9,3,1,3,3.0,0,clean,Python,2018-2020,1.0,,4.4,0.25,0.75,0
mwaskom/seaborn,ffbfa65d6ffe47f3d1a0ff790782ceb6ed6f5fa5,ffbfa65d6f,"Handle some small housekeeping items prior to releasing v0.10.1 (#2041)  Document functions supporting example data  Add v0.10.1 release notes to whatsnew page  Avoid matplotlib deprecation warnin",feature,Python,Michael Waskom,2020-04-26 16:02:24-04:00,16,6,1,0,6,2,4,0,0,0.0,0,clean,Python,2018-2020,1.0,,2.0,0.0,0.0,0
mwaskom/seaborn,c397f338a1b7bfcd18263f23fde2ce7abba193ac,c397f338a1,Finalize v0.10.1 release notes,other,Unknown,Michael Waskom,2020-04-26 16:44:20-04:00,16,6,1,0,2,2,1,0,0,0.0,0,clean,Python,2018-2020,1.0,,0.67,0.0,0.0,0
mwaskom/seaborn,55ac74ca618365cb6e94675a05e5c543c779087a,55ac74ca61,Add Zenodo DOI for v0.10.1,feature,Unknown,Michael Waskom,2020-04-26 17:20:25-04:00,17,6,1,0,3,0,1,0,0,0.0,0,clean,Python,2018-2020,1.0,,3.0,0.0,0.0,0
mwaskom/seaborn,a17e605d6094d7635e4d840f88422962cc2d0bea,a17e605d60,"Add explicit warning in swarmplot about gutters (#2045)  Currently set to warn when > 2% of the points overlap; with a little playing around, this seemed like where the distribution started to get ob",feature,Python,Michael Waskom,2020-05-01 11:47:52-04:00,11,4,0,0,22,3,3,1,2,2.5,0,clean,Python,2018-2020,1.0,,5.5,0.25,0.62,0
mwaskom/seaborn,562fd90216d5529ab8f26b388168e6ef260d7e6c,562fd90216,"Make FacetGrid a bit more convenient (#2046)  * Add FacetGrid.axes_dict attribute  * Clear inner labels from FacetGrid when setting x/y labels  * Update release notes",feature,Python,Michael Waskom,2020-05-06 12:36:50-04:00,12,2,0,0,82,22,3,1,9,7.56,0,clean,Python,2018-2020,1.0,,3.57,0.25,1.89,0
mwaskom/seaborn,09b0ebb3f2e72ea4da82549dbb291204b5c09c11,09b0ebb3f2,"Require keyword arguments for most parameters (#2052)  * Enforce keyword-only arguments for all non-semantic parameters in plotting API  * Ignore vscode cruft  * Fix tests that use positional argu",bugfix,Python,Michael Waskom,2020-05-08 15:49:56-04:00,15,4,0,0,532,269,16,6,124,4.95,0,clean,Python,2018-2020,1.0,,1.97,0.35,0.29,0
mwaskom/seaborn,dde9f5ee6bee741ae02c793f27905166846c7bfd,dde9f5ee6b,"Standardize parameter names in distributions module (#2060)  * Standardize parameter names in distributions module  * Compat with older statsmodels  * Improve kdeplot tests",test,Python,Michael Waskom,2020-05-09 12:40:56-04:00,12,5,1,0,119,52,3,1,15,8.53,0,clean,Python,2018-2020,1.0,,2.25,0.25,2.13,0
mwaskom/seaborn,efb806824f344bf3a389926c7b2f9ca02a66c2ee,efb806824f,Stricter code linting  - Define fewer PEP8 exceptions - Define flake8 config centrally - Fix existing issues,bugfix,Python,Michael Waskom,2020-05-09 13:09:33-04:00,13,5,1,0,108,92,14,3,34,5.76,0,clean,Python,2018-2020,1.0,,1.16,0.2,0.38,0
mwaskom/seaborn,06a0ea5b94d5413c8fe8a50a0cf52a0e9e74562c,06a0ea5b94,"Stricter code linting (#2064)  - Define fewer PEP8 exceptions - Define flake8 config centrally - Fix existing issues",bugfix,Python,Michael Waskom,2020-05-09 13:35:56-04:00,13,5,1,0,108,92,14,3,34,5.76,0,clean,Python,2018-2020,1.0,,1.16,0.2,0.38,0
mwaskom/seaborn,3db4d5ac7ff3381bdf56b9727a43bb94ab6607ce,3db4d5ac7f,"Add tight_layout method on FacetGrid and PairGrid (#2073)  * Add Grid.tight_layout for legend-aware automatic layout  * Use Grid.tight_layout internally",feature,Python,Michael Waskom,2020-05-14 14:27:09-04:00,14,3,0,0,33,3,4,1,7,9.86,0,clean,Python,2018-2020,1.0,,8.25,0.2,1.97,0
mwaskom/seaborn,5fbb5c46d17d50c5f4d1d9ff56ebe8af95ff4423,5fbb5c46d1,"Refactor variable processing (#2071)  * Add initial common function for processing long-form inputs  * Attempt to use new core variable processing for longform relational plots  * Create and ignor",bugfix,Python,Michael Waskom,2020-05-15 18:45:57-04:00,18,4,0,0,1497,830,6,3,101,3.67,0,clean,Python,2018-2020,1.0,,1.8,0.43,0.52,0
mwaskom/seaborn,92f160aab364836ae12ec731333d3319784b2c11,92f160aab3,"Programmatically define arbitrarily large style mappings (#2075)  * Programatically define arbitrary dash specs  * Add unique default markers and update tests  * Don't pass MarkerStyle into plt.pl",feature,Python,Michael Waskom,2020-05-16 15:27:18-04:00,15,5,1,0,179,23,5,2,9,3.89,0,clean,Python,2018-2020,1.0,,7.46,0.33,0.65,0
mwaskom/seaborn,7f55378a38b7404549b3840e2878a8b0d8de9b7d,7f55378a38,"Scale the default scatterplot edge width by the point radius (#2078)  * Scale the default scatterplot edge width by the point radius  * Reorder operations in scatterplot plot",other,Python,Michael Waskom,2020-05-17 13:01:37-04:00,13,6,1,0,62,19,3,1,2,6.5,0,clean,Python,2018-2020,1.0,,3.1,0.25,1.62,0
mwaskom/seaborn,a45074854ea6f93815fa7d9d5b67760b7587642e,a45074854e,Allow vectors for c= or s= in scatterplot (#2079),other,Python,Michael Waskom,2020-05-17 14:03:55-04:00,14,6,1,0,25,7,3,1,5,3.6,0,clean,Python,2018-2020,1.0,,3.12,0.25,0.9,0
mwaskom/seaborn,5b25a8df940e879738b8f1d72a1ddcd0e5b51f02,5b25a8df94,"Improve FacetGrid margin titles to not show previous texts (#2083)  * Improve FacetGrid margin titles to not show previous texts  * Add ref to github issue",feature,Python,Michael Waskom,2020-05-18 11:16:47-04:00,11,0,0,0,30,15,3,1,3,19.33,0,clean,Python,2018-2020,1.0,,1.88,0.25,4.83,0
mwaskom/seaborn,968155944e78ead9b4814f589e3f8312ea082ef6,968155944e,"Require keyword arguments almost everywhere (#2081)  * Require all args but `data` to have keywords  * Remove argument __repr__ from keyword warning  Fixes #2066  * Update internal code and docs",bugfix,Python,Michael Waskom,2020-05-18 16:11:07-04:00,16,0,0,0,439,365,26,6,135,3.9,0,clean,Python,2018-2020,1.0,,1.2,0.22,0.14,0
mwaskom/seaborn,56982f9d725cdd3901b3f81a3f18c59127abd5d4,56982f9d72,"Centralize and modify variable type inference (#2084)  * Centralize and modify variable type inference  * Use core.variable_type elsewhere in the library  * Bump pinned pandas to avoid bug  * Te",bugfix,Python,Michael Waskom,2020-05-19 14:37:30-04:00,14,1,0,0,321,151,13,4,22,7.59,0,clean,Python,2018-2020,1.0,,2.11,0.29,0.54,0
mwaskom/seaborn,2d3502b05d91343bd37d8f8074874cfbae9f1e68,2d3502b05d,"Deprecate iqr and axlabel; improve deprecation warning class (#2087)  * Deprecate iqr and axlabel; improve deprecation warning class  * Note deprecations  [ci skip]",other,Python,Michael Waskom,2020-05-19 15:55:18-04:00,15,1,0,0,32,14,4,1,9,2.11,0,clean,Python,2018-2020,1.0,,2.13,0.2,0.42,0
mwaskom/seaborn,0c5c0cc1b145683fbe609d3f4db149052ba5c42d,0c5c0cc1b1,"Refactor semantic mapping operations (#2090)  * Prototype of rugplot that passes original tests  * Update test style  * Implement idea for less-verbose interaction with Plotter classes  * Explor",bugfix,Python,Michael Waskom,2020-05-23 17:37:54-04:00,17,5,1,0,2601,1806,16,7,158,4.44,0,clean,Python,2018-2020,1.0,,1.44,0.41,0.26,0
mwaskom/seaborn,401e69bb3612d665b8899611037786886ea2c1af,401e69bb36,"Improve lineplot handling of mpl kwargs (#2095)  * Improve lineplot handling of mpl kwargs  Fixes #1526  * Update release notes",bugfix,Python,Michael Waskom,2020-05-23 20:13:55-04:00,20,5,1,0,26,5,3,1,2,11.5,0,clean,Python,2018-2020,1.0,,4.33,0.25,2.88,0
mwaskom/seaborn,f5da02c43edcfa210b1ee2817501b72ac0e5f172,f5da02c43e,"Refactor method for getting semantic subsets down to core (#2097)  * Refactor method for getting semantic subsets down to core  * Require explicit grouping semantics",refactor,Python,Michael Waskom,2020-05-24 20:17:43-04:00,20,6,1,0,232,255,4,2,9,7.33,0,clean,Python,2018-2020,1.0,,0.91,0.4,1.47,0
mwaskom/seaborn,47331dc3df366bb97aefa0b47701078d2893ea5a,47331dc3df,Fix ordering bug by maintaining category metadata (#2099),bugfix,Python,Michael Waskom,2020-05-25 08:07:46-04:00,8,0,0,0,53,21,3,2,10,4.8,0,clean,Python,2018-2020,1.0,,2.41,0.5,1.2,0
mwaskom/seaborn,7ef7e9a502165c818a6e74201e3a4a03c4256825,7ef7e9a502,"Update docs (#2098)  * Update kdeplot example to use keyword-only arguments * Update intersphinx path to numpy docs",docs,Python,Maoz Gelbart,2020-05-25 08:08:05-04:00,8,0,0,0,3,3,2,0,0,0.0,0,clean,Python,2018-2020,1.0,,0.75,0.0,0.0,0
mwaskom/seaborn,62c76cb660e40935b0c9be173a13dd28cb0c657e,62c76cb660,Fix typo and dud test (#2100),bugfix,Python,Michael Waskom,2020-05-25 10:02:04-04:00,10,0,0,0,7,4,2,1,2,2.5,0,clean,Python,2018-2020,1.0,,1.4,0.33,0.83,0
mwaskom/seaborn,466e44043254242b663cae0bd350518fad88d93b,466e440432,Add basic CI workflow,feature,Unknown,Michael Waskom,2020-05-31 11:21:29-04:00,11,6,1,0,22,0,1,0,0,0.0,0,clean,Python,2018-2020,1.0,,22.0,0.0,0.0,0
mwaskom/seaborn,214336e9e8ac5ab5fb47172fa15f082c7efef5c8,214336e9e8,Fix CI workflow,bugfix,Unknown,Michael Waskom,2020-05-31 11:27:25-04:00,11,6,1,0,14,10,1,0,0,0.0,0,clean,Python,2018-2020,1.0,,1.27,0.0,0.0,0
mwaskom/seaborn,aa18f467d45f2562483c12f1f00a929f852c3fce,aa18f467d4,Iterate CI,other,Unknown,Michael Waskom,2020-05-31 11:32:41-04:00,11,6,1,0,1,3,1,0,0,0.0,0,clean,Python,2018-2020,1.0,,0.25,0.0,0.0,0
mwaskom/seaborn,698cd4cdbf74c82779e2ca181ae05e2205306759,698cd4cdbf,Add doc build to CI,feature,Unknown,Michael Waskom,2020-05-31 11:42:59-04:00,11,6,1,0,9,1,1,0,0,0.0,0,clean,Python,2018-2020,1.0,,4.5,0.0,0.0,0
mwaskom/seaborn,3427c84cef2895aeed53f5a350649a231b77b34a,3427c84cef,Define kernel for doc build during CI,docs,Python,Michael Waskom,2020-05-31 12:13:22-04:00,12,6,1,0,20,3,3,0,1,2.0,0,clean,Python,2018-2020,1.0,,5.0,0.0,0.5,0
mwaskom/seaborn,a9dc80ee518209d82292c22478ddae982b78b610,a9dc80ee51,Explicit install of deps and utils during CI,other,Unknown,Michael Waskom,2020-05-31 12:18:18-04:00,12,6,1,0,1,0,1,0,0,0.0,0,clean,Python,2018-2020,1.0,,1.0,0.0,0.0,0
mwaskom/seaborn,a76477e74729f70b826b3971a757d71d5eb74b13,a76477e747,"Test docs during CI (#2109)  * Excecute gallery scripts and fail on errors  * Revert change to github ci workflow  * Test doc build with intentionally broken notebook  * Revert broken notebook ",test,Python,Michael Waskom,2020-05-31 18:05:15-04:00,18,6,1,0,30,15,12,2,1,4.0,0,clean,Python,2018-2020,1.0,,1.88,0.15,0.31,0
mwaskom/seaborn,c13d96e9ccd724d974ee1f38c0ef656053a64cc4,c13d96e9cc,Fix dud test. (#2116),bugfix,Python,Roman Werpachowski,2020-06-01 16:18:03-04:00,16,0,0,0,4,4,1,1,1,9.0,0,clean,Python,2018-2020,1.0,,0.8,0.5,4.5,0
mwaskom/seaborn,de53836fcf9f82280dcba0926dcef11aaea2d2e3,de53836fcf,"Modernize kdeplot and rugplot (#2104)  * Add expand_margins parameter to rugplot and make default  * Reorganize handling of mpl kwargs  * Handle deprecated rugplot params and begin specing out kde",bugfix,Python,Michael Waskom,2020-06-02 12:22:14-04:00,12,1,0,0,3410,864,25,5,203,3.7,0,clean,Python,2018-2020,1.0,,3.94,0.19,0.14,0
mwaskom/seaborn,3e091fec834a9f7370bce1b9ba16f63af0aae067,3e091fec83,Don't fail on int input and mask (#2103)  Cast to float before filling with np.nan (fixes #2102),bugfix,Python,Maoz Gelbart,2020-06-02 12:26:31-04:00,12,1,0,0,6,4,2,1,3,4.67,0,clean,Python,2018-2020,1.0,,1.2,0.33,1.56,0
mwaskom/seaborn,4ee5c51900dbd337a9bc9bceac3bdd9de3095dcb,4ee5c51900,"Boxenplot bug fixes, small features and style changes (#2086)  * Avoid drawing unnecessary outliers  * Remove deprecated lvplot  * refactor defaults and internal signatures  * Fix and improve bo",bugfix,Python,Maoz Gelbart,2020-06-04 10:09:48-04:00,10,3,0,0,216,128,3,1,22,4.05,0,clean,Python,2018-2020,1.0,,1.67,0.25,1.01,0
mwaskom/seaborn,1f231436e65dfa490d8e328bd2cd97465daa1f76,1f231436e6,"Store code examples in API docs using notebooks (#2123)  * Add new infrastructure for generating docs from notebooks  * Move rugplot examples into notebook  * More imporvements to new notebook pro",feature,Python,Michael Waskom,2020-06-04 17:24:09-04:00,17,3,0,0,798,252,11,0,7,6.86,0,clean,Python,2018-2020,1.0,,3.15,0.0,0.57,0
mwaskom/seaborn,20dde560d3f758c9176a5e19caea5efadeffb66c,20dde560d3,"Add histplot function (#2125)  * Refactor the KDE plotting so the computation is easier to re-use  * Add univariate histogram computation  * Prototype out much of the innner histogram functionalit",bugfix,Python,Michael Waskom,2020-06-14 17:16:01-04:00,17,6,1,0,3342,496,25,5,156,3.92,0,clean,Python,2018-2020,1.0,,6.72,0.19,0.15,0
mwaskom/seaborn,d1e1701cf862927ede466d6b31ec25ea26218de4,d1e1701cf8,"Fix default color in histplot with datetime variable (#2136)  * Fix default color in histplot with datetime variable  * Fix default color in histplot with datetime variable",bugfix,Python,Michael Waskom,2020-06-14 20:00:12-04:00,20,6,1,0,32,6,4,3,5,17.6,0,clean,Python,2018-2020,1.0,,4.57,0.6,3.52,0
mwaskom/seaborn,ca22f901ee1c1dfd6176569d936443a351061027,ca22f901ee,"Improve support for datetime (and categorical) data in relational plots (#2138)  * Improve support for datetime (and categorical) data in relational plots  Fixes #2130  * Disable pandas unit conve",bugfix,Python,Michael Waskom,2020-06-15 14:21:13-04:00,14,0,0,0,43,5,6,3,9,4.0,0,clean,Python,2018-2020,1.0,,7.17,0.43,0.57,0
mwaskom/seaborn,2d6f86a94efc6e373bc4e15a302ab5c9790f8082,2d6f86a94e,"Clarified documentation of despine (#2140)  * clarified documentation of despine  * improved wording",docs,Python,Emilio Dorigatti,2020-06-15 14:21:35-04:00,14,0,0,0,2,2,1,0,1,25.0,0,clean,Python,2018-2020,1.0,,0.67,0.0,12.5,0
mwaskom/seaborn,eca47b90a9b14155f9f99d7ae9965bc21aa5f73d,eca47b90a9,"Add ecdfplot function (#2141)  * Add basic ecdfplot implementation  * Allow user to override drawstyle  * Add unit tests  * Add docstring content  * Add more docstring information and fix test",bugfix,Python,Michael Waskom,2020-06-17 07:14:13-04:00,7,2,0,0,579,17,9,2,25,4.28,0,clean,Python,2018-2020,1.0,,32.17,0.2,0.43,0
mwaskom/seaborn,ceee0324f9b352c6d4aa9eb145d6ad3f5bcaad41,ceee0324f9,"MNT: fix some failures with matplotlib=3.3.0rc1 (#2144)  * Avoid error on new matplotlib for equal aspect test  * Avoid palplot failure on mpl3.3  * Avoid error for unnamed groups  Mpl3.3 requir",bugfix,Python,Maoz Gelbart,2020-06-23 08:25:22-04:00,8,1,0,0,15,6,3,1,3,5.33,0,clean,Python,2018-2020,1.0,,2.14,0.25,1.33,0
mwaskom/seaborn,eb690eca5ced20de231c0bdc8ed5901b7e0e5f83,eb690eca5c,Delete .mailmap,other,Unknown,Michael Waskom,2020-06-25 13:25:44-04:00,13,3,0,0,0,3,1,0,0,0.0,0,clean,Python,2018-2020,1.0,,0.0,0.0,0.0,0
mwaskom/seaborn,d1bbef1264f42f5d7b75b04fca56100a950d6cb0,d1bbef1264,"TST: Increase testing speed by utilizing multiple cores (#2146)  * utilize multiple CPUs with pytest  * cache test datasets before testing  * avoid pulling qt for non-interactive tests  * cleanu",refactor,Python,Maoz Gelbart,2020-06-28 07:34:29-04:00,7,6,1,0,30,9,4,1,0,0.0,0,clean,Python,2018-2020,1.0,,3.0,0.2,0.0,0
mwaskom/seaborn,a4a95425dd784b7d027fa92443f20b541fef96d5,a4a95425dd,"Dont add null columns in plot_data for unassigned semantics (#2148)  * Dont assign null columns in plot_data for unassigned semantics  * Fix comment wording  [ci skip]",bugfix,Python,Michael Waskom,2020-06-28 07:35:08-04:00,7,6,1,0,44,60,3,1,29,4.48,0,clean,Python,2018-2020,1.0,,0.72,0.25,1.12,0
mwaskom/seaborn,79051edcd81af4ce3c3abd06f01eb28478a9a53a,79051edcd8,"DOC: enable Sphinx rules for linking to GitHub issues, PRs and users (#2151)  * add sphinx-issues extension  * remove unnecessary mpl import  * add links to PRs",feature,Python,Maoz Gelbart,2020-07-05 12:54:10-04:00,12,6,1,0,24,21,3,0,0,0.0,0,clean,Python,2018-2020,1.0,,1.09,0.0,0.0,0
mwaskom/seaborn,a40e49009f1a8c589622a14ea0b95a872faadc29,a40e49009f,Elaborate on how to build the docs,docs,Unknown,Maoz Gelbart,2020-07-13 09:13:05+03:00,9,0,0,0,14,1,2,0,0,0.0,0,clean,Python,2018-2020,1.0,,7.0,0.0,0.0,0
mwaskom/seaborn,1c2952cc31963b771cd90bcfa4faf20451aba0a2,1c2952cc31,"Improve seaborn discoverability (#2160)  * update trove classifiers  * Explicitly install pyqt to allow qt5agg tests  Since not all matplotlib distributions specify pyqt as a dependency",test,Python,Maoz Gelbart,2020-08-02 13:26:49-04:00,13,6,1,0,5,6,2,0,0,0.0,0,clean,Python,2018-2020,1.0,,0.71,0.0,0.0,0
mwaskom/seaborn,d3fd1abcb55dcef46888d937caa4e37175632c8e,d3fd1abcb5,Remove magic number in example script (#2165),other,Python,Daniel Bauer,2020-08-02 13:37:12-04:00,13,6,1,0,1,1,1,0,0,0.0,0,clean,Python,2018-2020,1.0,,0.5,0.0,0.0,0
mwaskom/seaborn,4375cd8f636e49226bf88ac05c32ada9baab34a8,4375cd8f63,Fix typo (#2168),bugfix,Python,Tomas Ojea,2020-08-02 13:39:44-04:00,13,6,1,0,1,1,1,0,0,0.0,0,clean,Python,2018-2020,1.0,,0.5,0.0,0.0,0
mwaskom/seaborn,0c2a4dd12590af066a57b4d7796ca863b69917f5,0c2a4dd125,"Improve matrix functions docstrings (#2188)  * fix matplotlib backends usage path  * add intersphinx links  * Better comply with numpydoc",bugfix,Python,Maoz Gelbart,2020-08-10 17:52:27-04:00,17,0,0,0,22,26,2,0,2,2.0,0,clean,Python,2018-2020,1.0,,0.81,0.0,0.67,0
mwaskom/seaborn,abb82c5cbe0d5a10c320e146fdc911b355c1b008,abb82c5cbe,"Use only stdlib in get_dataset_names (#2190)  * Use only stdlib in get_dataset_names  * Fix import for miscplot tests",bugfix,Python,Michael Waskom,2020-08-10 20:21:22-04:00,20,0,0,0,43,52,3,2,8,2.0,0,clean,Python,2018-2020,1.0,,0.81,0.5,0.5,0
mwaskom/seaborn,7dd9efcd1f57eff8c23455e2e906dbd248f10183,7dd9efcd1f,"Don't test on matplotlib 3.3.1 to avoid scatter bug (#2197)  xref #2194, matplotlib/matplotlib#18254",bugfix,Unknown,Michael Waskom,2020-08-16 13:58:35-04:00,13,6,1,0,2,2,2,1,0,0.0,0,clean,Python,2018-2020,1.0,,0.67,0.33,0.0,0
mwaskom/seaborn,c0c040cc0db547246b58bc7e73202fa2f01453e7,c0c040cc0d,"Add displot, a figure-level distribution function  (#2157)  * Initial pass at prototyping new approach to figure-level functions  * Very messy implementation of new figure-level distplot  * Mostly",bugfix,Python,Michael Waskom,2020-08-17 17:37:57-04:00,17,0,0,0,2133,651,24,4,86,9.31,1,szz,Python,2018-2020,0.455,3058.0,3.27,0.16,0.37,0
mwaskom/seaborn,991afb0ed377271099b0654ee05605b347a62f90,991afb0ed3,Make a few edits to the new doc README,feature,Unknown,Michael Waskom,2020-08-17 18:14:29-04:00,18,0,0,0,12,9,2,0,0,0.0,0,clean,Python,2018-2020,1.0,,1.2,0.0,0.0,1
mwaskom/seaborn,c517470dbaec0b4516dab078384e34d3d89910bc,c517470dba,"Fix and modernize aspects of relational plot docs (#2200)  * Fix relational colors test method  Fixes #2147  * Modernize relational doc inheritence  Fixes #2065, Fixes #2187  * Dedent relplot ",bugfix,Python,Michael Waskom,2020-08-17 20:23:29-04:00,20,0,0,0,721,676,7,1,1,9.0,0,clean,Python,2018-2020,1.0,,1.06,0.12,1.12,1
mwaskom/seaborn,a31f10007163b37ac9d64b793eb21c7dccc9a206,a31f100071,Handle mpl33 deprecations (#2199)  Co-authored-by: Maoz Gelbart <13831112+MaozGelbart@users.noreply.github.com>,other,Python,Michael Waskom,2020-08-17 20:24:49-04:00,20,0,0,0,12,3,2,0,2,17.5,0,clean,Python,2018-2020,1.0,,3.0,0.0,5.83,1
mwaskom/seaborn,bccfb292e66fb8cd47414a45cc89704af40151b2,bccfb292e6,Support wide data with categorical columns (#2202),other,Python,Michael Waskom,2020-08-18 14:31:59-04:00,14,1,0,0,37,13,4,1,2,10.0,0,clean,Python,2018-2020,1.0,,2.64,0.2,2.0,1
mwaskom/seaborn,d6e94a628bf826ba5f9984b2c78166eca9726dc0,d6e94a628b,"Convert relational model API examples to use notebooks (#2201)  * Update scatterplot API docs to use notebook  * Convert lineplot API examples to notebook  * Convert relplot API examples to use no",bugfix,Python,Michael Waskom,2020-08-18 17:52:25-04:00,17,1,0,0,1064,395,10,0,1,10.0,0,clean,Python,2018-2020,1.0,,2.69,0.0,0.91,1
mwaskom/seaborn,e9550413dc552d65dba8d08040720077f8e610a1,e9550413dc,Always set private despine variable in PairGrid (#2203)  Fixes #2166,bugfix,Python,Michael Waskom,2020-08-18 17:59:37-04:00,17,1,0,0,8,2,2,1,2,8.5,0,clean,Python,2018-2020,1.0,,2.67,0.33,2.83,1
mwaskom/seaborn,9d96d8f66c2171080794efdb591774cf05c6aa5e,9d96d8f66c,"Change dropna default to False in axisgrid.py (#2204)  * Change dropna default to False in axisgrid.py  * Update release notes",other,Python,Michael Waskom,2020-08-18 19:04:40-04:00,19,1,0,0,11,5,2,0,10,19.2,0,clean,Python,2018-2020,1.0,,1.83,0.0,6.4,1
mwaskom/seaborn,646bdfc4abd6faae7acf6699d3b2bffa5b086098,646bdfc4ab,"Improve variable assignment feedback (#2205)  * Raise when semantics are set with wide-form data  * Improve error messages when assigning longform data  * Fix tests that trigger new errors",bugfix,Python,Michael Waskom,2020-08-18 20:53:21-04:00,20,1,0,0,62,24,5,3,17,5.35,0,clean,Python,2018-2020,1.0,,2.48,0.5,0.89,1
mwaskom/seaborn,765eb97159ead0b10c2ef53e0ce09454613be8b2,765eb97159,Avoid kde when variance is almost 0 (#2206)  Fixes #2186,bugfix,Python,Michael Waskom,2020-08-19 07:56:15-04:00,7,2,0,0,2,2,1,0,2,23.0,0,clean,Python,2018-2020,1.0,,0.67,0.0,11.5,1
mwaskom/seaborn,8528dbef4a0e808ea10a4eccae8c6854e07cb85e,8528dbef4a,"Address various warnings raised within the test (#2208)  * Fix log warning in comp_data test (and fix comp_data too)  * Avoid numpy ragged array warning when checking flat data  * Adjust code that",bugfix,Python,Michael Waskom,2020-08-19 13:16:30-04:00,13,2,0,0,39,20,8,5,10,6.7,0,clean,Python,2018-2020,1.0,,1.86,0.56,0.74,1
mwaskom/seaborn,fafa8d91e5dd718bf68c826ce27635a5ad0fc149,fafa8d91e5,use scatterplot instead of plt.scatter (#2069)  Co-authored-by: Michael Waskom <mwaskom@users.noreply.github.com>,other,Python,Maoz Gelbart,2020-08-19 20:28:34-04:00,20,2,0,0,25,21,1,0,2,14.5,0,clean,Python,2018-2020,1.0,,1.14,0.0,7.25,0
mwaskom/seaborn,a8167e13f5369f115b2dd259ecf38155c652f51a,a8167e13f5,"FIX: allow un-sharing categories in catplot (#2196)  * add tests for 1702  * unify categories across facets only when required  * document count as allowed kind parameter  * Honor user order inp",bugfix,Python,Maoz Gelbart,2020-08-20 11:41:37-04:00,11,3,0,0,71,10,5,1,4,21.75,0,clean,Python,2018-2020,1.0,,6.45,0.17,3.62,0
mwaskom/seaborn,350c64b70a09586d98c67879206578ef97f9e1f2,350c64b70a,"Scale `legend.title_fontsize` when scaling fonts (#2214)  * add legend.title_fontsize to tested keys  * scale also legend.title_fontsize  * update release notes",feature,Python,Maoz Gelbart,2020-08-22 16:43:57-04:00,16,5,1,0,17,6,3,1,2,7.0,0,clean,Python,2018-2020,1.0,,2.43,0.25,1.75,0
mwaskom/seaborn,1ef94ad576f854c83f779910dadb61e362df6356,1ef94ad576,"Add hue as parameter in JointGrid and ""hist"" as a kind in jointplot (#2210)  * Add 'hist' as a kind in jointplot  * Accept thresh=None in kdeplot  * Add provisional hue support in JointGrid/jointp",bugfix,Python,Michael Waskom,2020-08-22 16:45:52-04:00,16,5,1,0,1055,484,22,3,37,5.0,0,clean,Python,2018-2020,1.0,,2.18,0.13,0.22,1
mwaskom/seaborn,85f97ed5fc1c2fb647776b23d2153918c03d160e,85f97ed5fc,"Fix object-typed numeric hue/size input to relational plots (#2173)  * Test object-typed hue/size  * Soft-convert object-typed arrays  * Satisfy linter  * fix a typo",bugfix,Python,Maoz Gelbart,2020-08-22 17:02:28-04:00,17,5,1,0,33,5,4,2,8,5.25,0,clean,Python,2018-2020,1.0,,5.5,0.4,1.05,0
mwaskom/seaborn,16d8d86ba5163729790e012844ea69f3e920d111,16d8d86ba5,"Change culmen to bill in all examples using penguins (#2215)  Mirrors changes in the R penguins dataset, saves characters, and it's easier to remember how to spell 'bill'",other,Python,Michael Waskom,2020-08-22 17:40:54-04:00,17,5,1,0,45,45,9,0,0,0.0,0,clean,Python,2018-2020,1.0,,0.98,0.0,0.0,1
mwaskom/seaborn,356435e64fd9ee749b5d6d885e5daf623867f278,356435e64f,"Adjust swarmplot overlap warning and avoid in examples (#2216)  * Adjust swarmplot warning to 5% of points  * Adjust examples that trigger swarmplot warning",other,Python,Michael Waskom,2020-08-23 08:06:13-04:00,8,6,1,0,14,16,3,0,1,4.0,0,clean,Python,2018-2020,1.0,,0.82,0.0,1.0,1
mwaskom/seaborn,e504fed7a7fbc334f590570598eb75c4e808869d,e504fed7a7,Remove deprecaed JointGrid annotation code (#2217),other,Python,Michael Waskom,2020-08-23 19:17:47-04:00,19,6,1,0,8,123,4,1,9,6.67,0,clean,Python,2018-2020,1.0,,0.06,0.2,1.33,1
mwaskom/seaborn,ccd56351ce244b3a0268df8cb8090eb30f033e41,ccd56351ce,"Add user guide documentation on plotting functions and data structures (#2218)  * Add more informative error message for bad dataset name  * Add narrative docs on seaborn data structures  * Fix he",bugfix,Python,Michael Waskom,2020-08-25 18:51:02-04:00,18,1,0,0,1243,170,11,1,3,5.0,0,clean,Python,2018-2020,1.0,,7.27,0.08,0.42,1
mwaskom/seaborn,a3a954486f4937269d5caf21c81890b9b5ceecf5,a3a954486f,Use decreasing values for categorical size mapping (#2221)  Fixes #2122,bugfix,Python,Michael Waskom,2020-08-25 20:44:28-04:00,20,1,0,0,12,3,2,1,2,4.5,0,clean,Python,2018-2020,1.0,,3.0,0.33,1.5,1
mwaskom/seaborn,f62a4a51f3195be3860d5282e5f3afc4d438d0f3,f62a4a51f3,Use core axis labeling method in relational plots (#2222),other,Python,Michael Waskom,2020-08-26 11:07:54-04:00,11,2,0,0,25,14,3,1,4,9.25,1,szz,Python,2018-2020,0.009,3352.0,1.67,0.25,2.31,1
mwaskom/seaborn,44751c0ea4e2f259ee0b7b58316413ed6ba31425,44751c0ea4,"Add a rich HTML representation of color palette objects (#2225)  * Add rich html_repr to color palette object  * Update palettes tutorial and notebook",feature,Python,Michael Waskom,2020-08-27 09:31:04-04:00,9,3,0,0,72,76,4,1,2,2.0,0,clean,Python,2018-2020,1.0,,0.94,0.2,0.4,2
mwaskom/seaborn,eba6a57d67e056740c156dde1d26e12bbc7a8d75,eba6a57d67,Reverse direction of default distributions sequential colormap (#2224),other,Python,Michael Waskom,2020-08-27 09:32:06-04:00,9,3,0,0,9,13,3,0,4,5.0,0,clean,Python,2018-2020,1.0,,0.64,0.0,1.25,2
mwaskom/seaborn,4dd57d63e23e4628d8b7f41cdefdf64f7fefcf74,4dd57d63e2,"Reduce surprise about relational plot legends (#2229)  * Fix unknown palette error  * Select better brief ticks  Larger maximum number of ticks and no ticks outside the range of the data  * Add ",bugfix,Python,Michael Waskom,2020-08-28 19:36:52-04:00,19,4,0,0,175,75,11,3,17,11.0,0,clean,Python,2018-2020,1.0,,2.3,0.25,0.92,2
mwaskom/seaborn,954c0183d78d3a3503563dd1123ddfb2fa0562f8,954c0183d7,Don't try to set attributes on removed axes (#2233)  Fixes #2228,bugfix,Python,Michael Waskom,2020-08-29 10:29:06-04:00,10,5,1,0,8,1,2,1,2,2.0,0,clean,Python,2018-2020,1.0,,4.0,0.33,0.67,2
mwaskom/seaborn,d40c0b0147412f37db7ec95c620b5e223c398765,d40c0b0147,"Delegate hue in PairGrid to plotting functions (#2234)  * Add provisional support for delegating hue in PairGrid  * Use histplot on pairplot diagonal  * Update Pairgrid tests  * Return self from",bugfix,Python,Michael Waskom,2020-08-30 21:04:43-04:00,21,6,1,0,747,253,6,1,25,8.28,0,clean,Python,2018-2020,1.0,,2.94,0.14,1.18,2
mwaskom/seaborn,0534e48f9db6bb982405c2522e65a408db465938,0534e48f9d,replace numpy aliases with builtin types (#2236),other,Python,Maoz Gelbart,2020-08-31 14:46:21-04:00,14,0,0,0,20,20,8,2,13,13.85,1,szz,Python,2018-2020,0.667,3406.0,0.95,0.22,1.54,0
mwaskom/seaborn,cf8af7e1c4ffd5d0044d13323731fa5066c057c8,cf8af7e1c4,"Add new palette functionality and new colormaps (#2237)  * Add flare and crest colormaps  * Fix internal link  * Tweak some examples to use new colormaps  * Add as_cmap option to color_palette ",bugfix,Python,Michael Waskom,2020-09-01 14:39:18-04:00,14,1,0,0,747,88,9,1,26,6.42,1,szz,Python,2018-2020,0.091,3058.0,8.39,0.1,0.64,2
mwaskom/seaborn,eee5d3012d21440de63b66bb2b9809bd5cbfb93c,eee5d3012d,"Pre-release docs enhancements (#2239)  * Add colormap html repr to matplotlib colormaps in palette tutorial  * Organize v0.11 release notes by module  * More release note improvements  * Execute",bugfix,Python,Michael Waskom,2020-09-02 17:23:54-04:00,17,2,0,0,1386,794,42,0,17,6.76,0,clean,Python,2018-2020,1.0,,1.74,0.0,0.16,3
mwaskom/seaborn,f123d9b9f46caea4942f392e8f8d1805c121fe01,f123d9b9f4,"Add proper logos to docs (#2245)  * Add proper logos to docs  * Add logo to README  * Left-align logo  [ci skip]",feature,Python,Michael Waskom,2020-09-04 18:36:28-04:00,18,4,0,0,48494,36,26,0,3,5.67,0,clean,Python,2018-2020,1.0,,1310.65,0.0,0.21,3
mwaskom/seaborn,d2a6cac391311b670bba575002f3975d46f155a5,d2a6cac391,Fix discrete string-specified light/dark palettes (#2247),bugfix,Python,Michael Waskom,2020-09-05 13:02:23-04:00,13,5,1,0,21,7,2,1,3,8.0,0,clean,Python,2018-2020,1.0,,2.62,0.33,2.67,3
mwaskom/seaborn,f0b74adebb23cc30f604f9f151c22a6b9c3e918b,f0b74adebb,"DOC: minor fixes (#2242)  * Fix broken link  * tweak  * prefer :doc: over :ref:  * fix broken link  * fix comma",bugfix,Unknown,Maoz Gelbart,2020-09-05 13:25:32-04:00,13,5,1,0,5,5,5,0,0,0.0,0,clean,Python,2018-2020,1.0,,0.83,0.0,0.0,1
mwaskom/seaborn,89f71465c76d447cc5a22e38e4d8813cba2f84dc,89f71465c7,"Better documentation of FacetGrid's access to underlying matplotlib objects (#2248)  * Document FacetGrid axes_dict Correct axes_dict example  * Further clarify FacetGrid's public access to underly",docs,Python,Michael Waskom,2020-09-05 14:01:15-04:00,14,5,1,0,49,20,2,0,6,7.0,0,clean,Python,2018-2020,1.0,,2.33,0.0,2.33,3
mwaskom/seaborn,0547bb1cef8f7a1d9080ec96bb99841afb6bdeba,0547bb1cef,"Pre-release docs updates (#2250)  * Language tweaks in intro  * Add background back to cubehelix palette example  * Add an example of making a heatmap using a scatterplot  * Fix cropping fof fun",bugfix,Python,Michael Waskom,2020-09-07 15:59:15-04:00,15,0,0,0,2857,20213,43,0,3,4.33,0,clean,Python,2018-2020,1.0,,0.14,0.0,0.1,3
mwaskom/seaborn,0b7697dea9f421e65bbd2c6e8fca73fee33e4191,0b7697dea9,"Add set_theme() to replace set() (#2253)  * Add set_theme function and change set to an alias  * Add test  * Change set -> set_theme everywhere  * Update aesthetics tutorial  * Update API page",feature,Python,Michael Waskom,2020-09-08 07:18:28-04:00,7,1,0,0,161,123,81,1,23,4.0,0,clean,Python,2018-2020,1.0,,1.3,0.01,0.05,3
mwaskom/seaborn,9b0a96662bf15f57c0fb26543f93171404ecc81c,9b0a96662b,"Fix bivariate histogram color in displot (#2255)  * Fix bivariate histogram color in displot  * Fix univariate kdeplot color in displot  * Convert coor attribute to rgba in artist tetsts",bugfix,Python,Michael Waskom,2020-09-08 07:35:16-04:00,7,1,0,0,7,4,2,1,3,18.67,0,clean,Python,2018-2020,1.0,,1.4,0.33,6.22,3
mwaskom/seaborn,7a58d8634a162a1d425e8066c10a148cb25720b1,7a58d8634a,"Improve PairGrid tight_layout (#2256)  - Track the layout_pad parameter and use whenever tight_layout is called - Call tight_layout at the end of pairplot",other,Python,Michael Waskom,2020-09-08 09:34:21-04:00,9,1,0,0,8,1,1,0,5,11.4,0,clean,Python,2018-2020,1.0,,4.0,0.0,5.7,3
mwaskom/seaborn,76b9974d129843c7a58e34e09b05ae180c217c5b,76b9974d12,Small formatting fixes in release notes,bugfix,Unknown,Michael Waskom,2020-09-08 09:50:43-04:00,9,1,0,0,8,7,1,0,0,0.0,0,clean,Python,2018-2020,1.0,,1.0,0.0,0.0,3
mwaskom/seaborn,907748868ac8e80d408d920f8753ae24627faf97,907748868a,Fix tutorial links in displot docstring,bugfix,Python,Michael Waskom,2020-09-08 10:23:23-04:00,10,1,0,0,2,2,1,0,0,0.0,0,clean,Python,2018-2020,1.0,,0.67,0.0,0.0,3
mwaskom/seaborn,b5fa6b504ff57e270b17d5c43bff608d4ca72a92,b5fa6b504f,Add new Zenodo DOIs,feature,Unknown,Michael Waskom,2020-09-08 10:52:19-04:00,10,1,0,0,6,3,2,0,0,0.0,0,clean,Python,2018-2020,1.0,,1.5,0.0,0.0,3
mwaskom/seaborn,e7c0d67a3f99930d3a1a0dc5e8363a9a41da1bad,e7c0d67a3f,Update internal version to 0.12.0.dev0,other,Python,Michael Waskom,2020-09-08 14:44:19-04:00,14,1,0,0,2,2,2,0,0,0.0,0,clean,Python,2018-2020,1.0,,0.67,0.0,0.0,3
mwaskom/seaborn,d7cc655f66035884fe0f462f8deed187f8592a86,d7cc655f66,Add links to archived versions of docs,feature,Unknown,Michael Waskom,2020-09-09 19:12:25-04:00,19,2,0,0,10,0,3,0,0,0.0,0,clean,Python,2018-2020,1.0,,10.0,0.0,0.0,3
mwaskom/seaborn,211cabb09bb9228635bdd80f74f7591d36d7b2a7,211cabb09b,Pass `col_order` and `row_order` to FacetGrid in displot (#2262)  Co-authored-by: badge <mbadger@hudsonenergy.co.uk>,other,Python,Matthew Badger,2020-09-11 19:54:54-04:00,19,4,0,0,3,1,1,0,1,21.0,0,clean,Python,2018-2020,1.0,,1.5,0.0,10.5,0
mwaskom/seaborn,3ff2a34504b7483e0c04c5b048abea809ec787ab,3ff2a34504,"Fix PairGrid with non-square grid and non-marginal diagonal axes (#2270)  * Fix PairGrid with non-square grid and non-marginal diagonal axes  Fixes #2260  * Add #2262 to release notes",bugfix,Python,Michael Waskom,2020-10-26 18:04:08-04:00,18,0,0,0,46,10,3,1,2,8.0,0,clean,Python,2018-2020,1.0,,4.18,0.25,2.0,3
mwaskom/seaborn,d348036a913fc3c74014737071f3b9f708703f45,d348036a91,"TST: fix colors and paths comparison in relational tests (#2281)  * test correct collection  * use matplotlib's same_color  * compare paths arrays lengths",bugfix,Python,Maoz Gelbart,2020-10-26 18:05:32-04:00,18,0,0,0,16,35,1,1,6,5.67,0,clean,Python,2018-2020,1.0,,0.44,0.5,2.84,1
mwaskom/seaborn,8002b3d068698dfeecd821243cf576d0ded5c4bd,8002b3d068,Fix: use linewidth when plotting boxes and medians (#2287),bugfix,Python,Maoz Gelbart,2020-10-26 18:07:11-04:00,18,0,0,0,15,5,1,0,2,8.0,0,clean,Python,2018-2020,1.0,,2.5,0.0,4.0,1
mwaskom/seaborn,c9af2977478e524cedd69aaea020dea46f46c6fc,c9af297747,throw a meaningful error message in lmplot in case  kwarg is missing (#2302),other,Python,Clément Robert,2020-10-26 18:08:03-04:00,18,0,0,0,9,0,2,1,2,7.0,0,clean,Python,2018-2020,1.0,,9.0,0.33,2.33,0
mwaskom/seaborn,b9e1fe94d0e29760507a60b6c140229adb5d5799,b9e1fe94d0,Fix: do not annotate clustermap w/ annot=False (#2323)  Co-authored-by: criddell <criddell@ucdvais.edu>,bugfix,Python,Cameron Riddell,2020-10-26 18:24:48-04:00,18,0,0,0,1,1,1,0,1,10.0,0,clean,Python,2018-2020,1.0,,0.5,0.0,5.0,0
mwaskom/seaborn,a9577e705023873de7c7bbf3e9b6ae0dc1880b51,a9577e7050,"Fix `adjust_subtitles` when `legend_out=False`. (#2304)  * Test adjust_subtitles and legend_out interactions  * Fix adjust_subtitles when legend_out is False  * Remove redundant smoke tests",bugfix,Python,Maoz Gelbart,2020-10-26 18:25:44-04:00,18,0,0,0,9,3,2,1,2,8.5,0,clean,Python,2018-2020,1.0,,2.25,0.33,2.83,1
mwaskom/seaborn,00cb1a73beb9ab50a6beb606ec0d81c33822cdcb,00cb1a73be,Force doc CI to use Python 3.8 (#2335)  Relevant matplotlib issue https://github.com/matplotlib/matplotlib/issues/18718,docs,Unknown,Michael Waskom,2020-10-29 08:10:54-04:00,8,3,0,0,3,0,1,0,0,0.0,0,clean,Python,2018-2020,1.0,,3.0,0.0,0.0,3
mwaskom/seaborn,29f5807efdf0544b16c088beac7c1c5eda174084,29f5807efd,"Error if row/col colors are indexed but data isn't (#2313)  * Test pandas row/col colors against nonindexed data  * Error if col/row colors are pandas but data isn't  * Improve matrix docstrings ",test,Python,Maoz Gelbart,2020-10-29 08:12:54-04:00,8,3,0,0,54,22,3,1,4,5.0,0,clean,Python,2018-2020,1.0,,2.35,0.25,1.25,1
scipy/scipy,9b5c3ad0a09a8e6ee85d26490b2a9da52d5517dd,9b5c3ad0a0,CI: Install word list package for refguide-check,other,Unknown,Peter Bell,2020-11-22 01:36:14+00:00,1,6,1,1,3,0,1,0,0,0.0,0,clean,Python,2018-2020,1.0,,3.0,0.0,0.0,0
scipy/scipy,56ad3242f3b9aa2f56322155e3d0fa3df2a73a40,56ad3242f3,"CI: refguide-check shouldn't fail on stderr  All dots are written to stderr, even when check passes.",other,Unknown,Peter Bell,2020-11-22 02:03:38+00:00,2,6,1,1,1,1,1,0,0,0.0,0,clean,Python,2018-2020,1.0,,0.5,0.0,0.0,0
scipy/scipy,9f3a7917a9c35557a1f2e48cc5903434f9521415,9f3a7917a9,CI: Don't report name errors after exception in refguide-check,other,Python,Peter Bell,2020-11-22 11:40:51+00:00,11,6,1,0,9,2,1,0,2,2.0,0,clean,Python,2018-2020,1.0,,3.0,0.0,1.0,0
scipy/scipy,47efe13ee80638999865de329c6f07f7360e31dc,47efe13ee8,MAINT: upgrade python version (drop python 3.6) for docker dev enviroment,docs,Unknown,Atsushi Sakai,2020-11-23 14:37:11+09:00,14,0,0,0,25,15,2,0,0,0.0,0,clean,Python,2018-2020,1.0,,1.56,0.0,0.0,0
mwaskom/seaborn,1b3b4167882b4f1f2ba0d6339ffdfbcf572313ee,1b3b416788,"Fix jointplot reference syntax in distributions tutorial. (#2359)  * Fix jointplot reference syntax in distributions tutorial.  * Fix rST syntax for hue (add space around ``code``).",bugfix,Unknown,Bradley Dice,2020-11-23 17:23:55-05:00,17,0,0,0,2,2,1,0,0,0.0,0,clean,Python,2018-2020,1.0,,0.67,0.0,0.0,0
mwaskom/seaborn,d9c887e171412f6986ce350775253124e4b8ef22,d9c887e171,"better checks for `sharey` and `sharex` in `axesgrid.py` (#2347)  * bugfix issue 2346  * fix",bugfix,Python,Aaron Spring,2020-11-23 17:25:09-05:00,17,0,0,0,2,2,1,0,1,35.0,0,clean,Python,2018-2020,1.0,,0.67,0.0,17.5,0
mwaskom/seaborn,00ead277e3fda54ef8d0ac19af1e733444b13e74,00ead277e3,"MAINT: Drop nose and test on python==3.9 (#2328)  * MAINT: Migrate nose to pytest  * MAINT: Migrate nose to pytest  * MAINT: Migrate nose to pytest  * MAINT: Migrate nose to pytest  * MAINT: M",test,Python,Maoz Gelbart,2020-11-23 18:03:24-05:00,18,0,0,0,858,924,12,9,222,1.84,0,clean,Python,2018-2020,1.0,,0.93,0.69,0.14,1
scipy/scipy,831e28ddeade94effb22492781e5599f8fdda6ef,831e28ddea,Update stats.py,other,Python,ZhihuiChen0903,2020-11-24 16:16:14+08:00,16,1,0,0,1,1,1,0,1,7.0,0,clean,Python,2018-2020,1.0,,0.5,0.0,3.5,0
scipy/scipy,d88290333b270046ea4ec31a1dcf2dcf0f7062d1,d88290333b,BLD: Specify file extension for language standard version tests,test,Python,Peter Bell,2020-11-24 16:29:29+00:00,16,1,0,0,2,2,1,0,2,3.5,0,clean,Python,2018-2020,1.0,,0.67,0.0,1.75,0
scipy/scipy,ca0b4bd7e797d68a62a2e54d047f79be5cbe2418,ca0b4bd7e7,use Py_XDECREF instead of NULL checking error checking for output objects,other,C,pmla,2020-11-24 17:49:32+01:00,17,1,0,0,18,7,1,0,1,12.0,0,clean,Python,2018-2020,1.0,,2.25,0.0,6.0,0
scipy/scipy,660d1cc8f62f23141b639e0833c6899fa1e4e103,660d1cc8f6,proper exception propagation,other,C,pmla,2020-11-24 18:08:38+01:00,18,1,0,0,4,12,1,0,1,11.0,0,clean,Python,2018-2020,1.0,,0.31,0.0,5.5,0
scipy/scipy,d756d73d00d3f5f15b7c6d239e3a0384751392ec,d756d73d00,"DOC: Add developer guidelines for implementing the nan_policy parameter. (#12069)  * DOC: Add developer guidelines for implementing the nan_policy parameter.      * Move page about ufuncs in scipy.s",feature,Unknown,Warren Weckesser,2020-11-24 20:24:23-05:00,20,1,0,0,165,10,5,1,0,0.0,0,clean,Python,2018-2020,1.0,,15.0,0.17,0.0,0
scipy/scipy,0868eae977559baf990ebb563cfd2008025e0503,0868eae977,CI: move sdist/pre-release test Azure  * move the sdist/NumPy pre-release wheel CI entry from Travis CI to Azure CI,test,Unknown,Tyler Reddy,2020-11-24 20:46:40-07:00,20,1,0,0,46,11,2,0,0,0.0,0,clean,Python,2018-2020,1.0,,3.83,0.0,0.0,0
scipy/scipy,0d381620b1b7802d66e86a9c5dcb7efcadec1e01,0d381620b1,MAINT: PR 13117 revisions  * need git submodules for sdist builds,other,Unknown,Tyler Reddy,2020-11-24 21:04:19-07:00,21,1,0,0,4,2,1,0,0,0.0,0,clean,Python,2018-2020,1.0,,1.33,0.0,0.0,0
scipy/scipy,ada65dcf1e9baa42ed9b3a7bf1999771c93bf93e,ada65dcf1e,TST: skip Fortran I/O test for ODR  Closes gh-13127,test,Python,Ralf Gommers,2020-11-24 23:38:40+00:00,23,1,0,1,5,1,1,1,0,0.0,0,clean,Python,2018-2020,1.0,,2.5,0.5,0.0,0
scipy/scipy,f2e112e78b81b17b2f18566b7da9367197deb5b0,f2e112e78b,Don't require keyword params in binomtest.,test,Python,Warren Weckesser,2020-11-25 02:45:56-05:00,2,2,0,1,1,1,1,1,2,8.0,0,clean,Python,2018-2020,1.0,,0.5,0.5,4.0,0
scipy/scipy,c673a146afa0bbba76f8acbb14cb7e1a75f1b36d,c673a146af,Several changes: * Add the function _validate_int to scipy._lib._util. * Use _validate_int to validate the k and n parameters of   binomtest. * Require n to be greater than 0 in binomtest. * Fix a few,bugfix,Python,Warren Weckesser,2020-11-25 03:24:18-05:00,3,2,0,1,66,21,4,3,12,4.58,0,clean,Python,2018-2020,1.0,,3.0,0.6,0.92,0
scipy/scipy,4fae9a272885b8c61eb17ae53bd3834d0dbdff17,4fae9a2728,Fix the Examples in BinomTestResult.proportion_ci docstring.,bugfix,Python,Warren Weckesser,2020-11-25 03:28:55-05:00,3,2,0,1,2,2,1,1,1,4.0,0,clean,Python,2018-2020,1.0,,0.67,0.5,2.0,0
scipy/scipy,ccece737c98073a5c265b4680a1e002e47f90663,ccece737c9,"Create a static method that holds the callable binomial test function for TestBinomP, and create a subclass of TestBinomP that overrides this method with a wrapper of binomtest. The subclass allows th",feature,Python,Warren Weckesser,2020-11-25 04:39:41-05:00,4,2,0,1,37,11,1,1,6,1.67,0,clean,Python,2018-2020,1.0,,3.08,0.5,0.84,0
scipy/scipy,7ca30f0fe7117908477202ed4949c4e7c4b13b20,7ca30f0fe7,Add tests for confidence intervals for the edges cases k = 0 or k = n.,feature,Python,Warren Weckesser,2020-11-25 05:50:32-05:00,5,2,0,1,61,15,1,1,5,1.4,0,clean,Python,2018-2020,1.0,,3.81,0.5,0.7,0
scipy/scipy,6f888fa60d8366748dbbf4403f9e219888ea67f2,6f888fa60d,Add a test for k > n.,feature,Python,Warren Weckesser,2020-11-25 05:53:40-05:00,5,2,0,1,5,0,1,1,1,1.0,0,clean,Python,2018-2020,1.0,,5.0,0.5,0.5,0
scipy/scipy,e9bd86e6f6e4e4ae3627a06d8bfaa6378fb06a29,e9bd86e6f6,Also refer to the 'proportion of successes' in the description of p.,other,Python,Warren Weckesser,2020-11-25 05:54:49-05:00,5,2,0,1,3,2,1,1,1,8.0,0,clean,Python,2018-2020,1.0,,1.0,0.5,4.0,0
scipy/scipy,5c284d515e11cd3e2564200b6145b4e846e8ac33,5c284d515e,Add a test for the case where the estimated prop. equals the hypothesized prop.,feature,Python,Warren Weckesser,2020-11-25 06:10:25-05:00,6,2,0,0,8,0,1,1,1,1.0,0,clean,Python,2018-2020,1.0,,8.0,0.5,0.5,0
scipy/scipy,fbebbccf0592ab2ac26b9384710a1d57988b96c3,fbebbccf05,Include info about when binom_test will be removed in the deprecation message.,test,Python,Warren Weckesser,2020-11-25 06:11:31-05:00,6,2,0,0,2,1,1,0,0,0.0,0,clean,Python,2018-2020,1.0,,1.0,0.0,0.0,0
scipy/scipy,eabd8ea25fe291665f37fd069a1c574cd30d12cc,eabd8ea25f,"GH-13122: Skip factorial() float tests on Python 3.10  special.factorial() argument should be an array of integers. On Python 3.10, math.factorial() reject float. On Python 3.9, a DeprecationWarning i",test,Python,Victor Stinner,2020-11-25 11:47:06+01:00,11,2,0,0,8,0,1,1,0,0.0,0,clean,Python,2018-2020,1.0,,8.0,0.5,0.0,0
scipy/scipy,069adb0e0ed5d75a612f940b4b51e221ce9a4330,069adb0e0e,MAINT: basinhopping callback for initial mininmisation (#13029),other,Python,Andrew Nelson,2020-11-25 13:05:34+01:00,13,2,0,0,12,2,2,1,2,8.0,0,clean,Python,2018-2020,1.0,,4.0,0.33,2.67,0
mwaskom/seaborn,2717408b564994002fe08f72ba2dd7e1acf359b6,2717408b56,"TST: FIX: Consider array length in artist arrays comparison (#2363)  * Add artists length comparison  * Fix jointplot tests  * Fix displot tests",bugfix,Python,Maoz Gelbart,2020-11-25 13:12:10-05:00,13,2,0,0,11,12,3,3,5,2.2,0,clean,Python,2018-2020,1.0,,0.85,0.75,0.55,1
scipy/scipy,ff35a747cc7f0b35663986a2aacd9db7ab70ce0e,ff35a747cc,"fix interpolation for mode=""nearest"" with order>1 and prefilter=False  simplify _get_spline_boundary_mode helper function",bugfix,C,Gregory Lee,2020-11-25 14:26:33-05:00,14,2,0,0,11,23,1,0,3,57.33,0,clean,Python,2018-2020,1.0,,0.46,0.0,28.66,0
scipy/scipy,ccd15e9cd0536ea5fa0ad986eff7838eb797cce7,ccd15e9cd0,TST: add test case for 'nearest' boundary condtion,feature,Python,Gregory Lee,2020-11-25 14:34:07-05:00,14,2,0,0,14,0,1,1,1,1.0,0,clean,Python,2018-2020,1.0,,14.0,0.5,0.5,0
scipy/scipy,8a149f29e230c3072c3e6451a29ebe1bf8ea2a5f,8a149f29e2,BUG: signal: Fix data type of the numerator returned by ss2tf.  Ensure that the data type of the array of coefficients for the numerator returned by ss2tf is floating point.  Also fix a typo in the St,bugfix,Python,Warren Weckesser,2020-11-25 19:20:32-05:00,19,2,0,0,12,3,3,1,2,4.5,0,clean,Python,2018-2020,1.0,,3.0,0.25,1.12,0
scipy/scipy,97c42a65b4233ad51e4d88156fda9ac169c0f284,97c42a65b4,"ENH: stats: Add single-sided p-values to t-tests (#12597)  The 'alternative' parameter is added to ttest_1samp, ttest_ind_from_stats, ttest_ind and ttest_rel, allowing these functions to perform one-",feature,Python,Dominic C,2020-11-25 22:16:35-05:00,22,2,0,1,172,28,3,2,19,3.53,0,clean,Python,2018-2020,1.0,,5.93,0.5,0.88,0
scipy/scipy,03c1d8dc62bb8cf444bb88e005560b1d2f96ee6d,03c1d8dc62,"MAINT: update minimum NumPy version to 1.16.5 in a couple more places  Follow-up to gh-12846, which wasn't quite complete.",other,Python,Ralf Gommers,2020-11-25 22:35:39+00:00,22,2,0,1,9,8,4,0,0,0.0,0,clean,Python,2018-2020,1.0,,1.0,0.0,0.0,0
scipy/scipy,f85b3ee543ef46e4183cc1f649b59dfa821323e6,f85b3ee543,DOC: update toolchain.rst (#13083),docs,Unknown,h-vetinari,2020-11-25 23:49:57+01:00,23,2,0,1,23,13,1,0,0,0.0,0,clean,Python,2018-2020,1.0,,1.64,0.0,0.0,0
scipy/scipy,31abb9b5a661a9da7321ae6a740eb0f3323127e7,31abb9b5a6,TST: stats: remove kendall_tau_large tests that were added back during merge,feature,Python,Matt Haberland,2020-11-25 23:55:37-08:00,23,2,0,1,0,11,1,1,1,1.0,0,clean,Python,2018-2020,1.0,,0.0,0.5,0.5,0
scipy/scipy,84e7ffb0f942e16f5d4c161191b4b4859dd08dbf,84e7ffb0f9,"CI: Port coverage, 64-bit BLAS, GCC 4.8 build to azure  Also refactors reguide and source dist jobs into the same Azure template.",refactor,Unknown,Peter Bell,2020-11-26 14:44:34+00:00,14,3,0,0,257,124,3,0,0,0.0,0,clean,Python,2018-2020,1.0,,2.06,0.0,0.0,0
scipy/scipy,847c8ed2f0f500c765ec341dad7f5c68a2008331,847c8ed2f0,BLD: Add C99 build flags to _lsap_module build,feature,Python,Peter Bell,2020-11-26 14:44:34+00:00,14,3,0,0,3,2,1,0,1,8.0,0,clean,Python,2018-2020,1.0,,1.0,0.0,4.0,0
scipy/scipy,e73597a2238a3950accb2be98a404ffea940ccfe,e73597a223,typo in csr.py,other,Python,Vladimir Philipenko,2020-11-26 16:20:32+03:00,16,3,0,0,1,1,1,0,0,0.0,0,clean,Python,2018-2020,1.0,,0.5,0.0,0.0,0
scipy/scipy,c4c9d4add1292bdded8ceec3db2bcbeb3a9b35dc,c4c9d4add1,CI: Fix coverage upload,bugfix,Unknown,Peter Bell,2020-11-26 16:57:04+00:00,16,3,0,0,4,1,1,0,0,0.0,0,clean,Python,2018-2020,1.0,,2.0,0.0,0.0,0
scipy/scipy,53dcdb303c7e114cd2512a72fec950ff4da52bee,53dcdb303c,DOC: spatial/stats: cross-ref random rotation matrix functions per gh-12874,docs,Python,Matt Haberland,2020-11-26 20:32:10-08:00,20,3,0,0,19,4,2,0,2,2.0,0,clean,Python,2018-2020,1.0,,3.8,0.0,0.67,0
scipy/scipy,7aa5ba924a0e52d2d8d92b585868b3a74e69d0a8,7aa5ba924a,update input validation and its test,test,Python,Atsushi Sakai,2020-11-26 20:46:18+09:00,20,3,0,0,5,1,2,1,2,8.0,0,clean,Python,2018-2020,1.0,,2.5,0.33,2.67,0
scipy/scipy,f7eb3d82f3aa1fb55875a98d18b5b1a8a4b635cb,f7eb3d82f3,"ENH: stats: Add laplace_asymmetric continuous distribution (#12694)   Co-authored-by: Matt Haberland <mhaberla@calpoly.edu> Co-authored-by: Warren Weckesser <warren.weckesser@gmail.com>",feature,Python,Steve Smith,2020-11-27 03:52:49-05:00,3,4,0,1,176,2,8,1,11,1.0,0,clean,Python,2018-2020,1.0,,58.67,0.11,0.11,0
scipy/scipy,03b90caa1fcae341c9269fd918c7a33bf0bfb875,03b90caa1f,MAINT: stats: Fix a test and a couple PEP-8 issues.,bugfix,Python,Warren Weckesser,2020-11-27 04:41:18-05:00,4,4,0,1,4,3,2,1,1,1.0,0,clean,Python,2018-2020,1.0,,1.0,0.33,0.33,0
scipy/scipy,af6d8bde29dc8c3af464538406bb5211f030b565,af6d8bde29,"MAINT: stats: Use np.take_along_axis in the private function _first().  We now require NumPy 1.16 or later, and `take_along_axis` was added to NumPy 1.15, so we can use it to simplify the implementato",feature,Python,Warren Weckesser,2020-11-27 07:20:45-05:00,7,4,0,0,1,6,1,0,1,1.0,0,clean,Python,2018-2020,1.0,,0.14,0.0,0.5,0
scipy/scipy,3625e8da6331509faa075ad90876782300dfe976,3625e8da63,"MAINT: stats: restrict gausshyper z > -1 (#13144)  * MAINT: stats: restrict gausshyper z > -1  * DOC: stats: add reference for gauss hypergeometric",feature,Python,Matt Haberland,2020-11-27 07:55:27+01:00,7,4,0,0,14,4,2,0,1,1.0,0,clean,Python,2018-2020,1.0,,2.8,0.0,0.33,0
numpy/numpy,a37b3a82f1abc3e73287883acfd2b06f88a09f13,a37b3a82f1,MAINT: Update master after 1.20.x branch.  - Update setup.py - Update pavement.py - Add 1.21.0-note.rst - Update npyconfig.h - Clear release/upcoming_changes,feature,Python,Charles Harris,2020-11-27 08:12:20-07:00,8,4,0,0,10,665,60,0,0,0.0,0,clean,Python,2018-2020,1.0,,0.02,0.0,0.0,0
scipy/scipy,87641e3cb49b5da588036aafa89fcbd83e5a1cdc,87641e3cb4,"ENH: stats: Implement defined handling of constant inputs in zscore.  Ensure that when an input is constant, the output of zscore is all nans.  Closes gh-12815.",feature,Python,Warren Weckesser,2020-11-27 12:48:36-05:00,12,4,0,0,134,8,2,1,10,1.8,0,clean,Python,2018-2020,1.0,,14.89,0.33,0.6,0
scipy/scipy,c14505076f9bb0981844627ad24a59addd9ec6c7,c14505076f,DOC: maintain equal display range for ndimage.zoom example,docs,Python,Gregory Lee,2020-11-27 15:10:50-05:00,15,4,0,0,2,2,1,0,1,8.0,0,clean,Python,2018-2020,1.0,,0.67,0.0,4.0,0
numpy/numpy,fd821c8dc5e39879e684467e4326083822e7a796,fd821c8dc5,Make it clearer that np.interp input must be monotonically increasing,other,Python,David Stansby,2020-11-27 20:41:50+00:00,20,4,0,0,3,3,1,0,1,7.0,0,clean,Python,2018-2020,1.0,,0.75,0.0,3.5,0
scipy/scipy,62b31cc03a423f9cda48c8803e52a94df101a390,62b31cc03a,DOC: stats: disambiguate location-shifted/noncentral,docs,Python,Matt Haberland,2020-11-28 08:24:43-08:00,8,5,1,0,22,5,2,0,0,0.0,0,clean,Python,2018-2020,1.0,,3.67,0.0,0.0,0
numpy/numpy,f47b9c1bf62c55d68747bb73ccfad94623a955c2,f47b9c1bf6,DOC: Run towncrier to produce unedited release notes.  This is a separate commit so that it can be cherry-picked to master to cleanup the upcoming_changes directory.,refactor,Unknown,Charles Harris,2020-11-28 12:28:03-07:00,12,5,1,0,867,663,56,0,0,0.0,0,clean,Python,2018-2020,1.0,,1.31,0.0,0.0,0
scipy/scipy,9534e37674117a44eb1d40209f21e9d5de1e5962,9534e37674,fix error message,bugfix,Python,Atsushi Sakai,2020-11-28 13:39:34+09:00,13,5,1,0,2,2,2,1,2,8.0,0,clean,Python,2018-2020,1.0,,0.67,0.33,2.67,0
scipy/scipy,d7a84ba92b3ef50e556c56a13726816a0bf5ac96,d7a84ba92b,DOC: stats: move note to separate line per review in gh-13160  Co-authored-by: Warren Weckesser <warren.weckesser@gmail.com>,docs,Python,Matt Haberland,2020-11-28 13:59:01-08:00,13,5,1,0,9,6,1,0,0,0.0,0,clean,Python,2018-2020,1.0,,1.29,0.0,0.0,0
scipy/scipy,fa37f7525b82db07869874b3cf1aa4e0b4f584c9,fa37f7525b,DOC: stats: see also goes before notes,docs,Python,Matt Haberland,2020-11-28 14:06:09-08:00,14,5,1,0,15,15,1,0,0,0.0,0,clean,Python,2018-2020,1.0,,0.94,0.0,0.0,0
scipy/scipy,eb296af43768ba96977894a309bda832b2d9120f,eb296af437,DOC: stats: see also goes before notes (many more),docs,Python,Matt Haberland,2020-11-28 14:10:15-08:00,14,5,1,0,39,39,1,0,0,0.0,0,clean,Python,2018-2020,1.0,,0.98,0.0,0.0,0
scipy/scipy,791a05da6750380ddf4fa55f61ed39d2b6721000,791a05da67,"CI: Azure: Don't run tests on merge commits, except for coverage",test,Unknown,Peter Bell,2020-11-28 16:10:52+00:00,16,5,1,0,4,1,1,0,0,0.0,0,clean,Python,2018-2020,1.0,,2.0,0.0,0.0,0
scipy/scipy,75fb9c6103e58bc18157fc560203f091845f8948,75fb9c6103,BUG: DifferentialEvolutionSolver.__del__ can fail in garbage collection,bugfix,Python,Peter Bell,2020-11-28 17:09:03+00:00,17,5,1,0,1,12,2,0,3,1.0,0,clean,Python,2018-2020,1.0,,0.08,0.0,0.33,0
numpy/numpy,b999edc3335c994b6dd0de887e6d475232177791,b999edc333,BLD: adapt to pypy37,other,C,mattip,2020-11-28 20:23:55+02:00,20,5,1,0,2,2,2,1,1,15.0,0,clean,Python,2018-2020,1.0,,0.67,0.33,5.0,0
scipy/scipy,820056e11b2a59da96cc5cbdba8f375dd7156af2,820056e11b,MAINT: stats: Handle possible exceptions raised by brentq.  Create a thin wrapper around brentq that will catch the exceptions it might raise and provide a more useful error message for the user. This,other,Python,Warren Weckesser,2020-11-28 23:20:26-05:00,23,5,1,1,16,4,1,1,2,5.5,0,clean,Python,2018-2020,1.0,,3.2,0.5,2.75,0
scipy/scipy,1ac5437addb16222db4ffbb3574b511d6b822133,1ac5437add,MAINT: stats: Rewrite Wilson confidence interval expressions.  Rewrite the expressions for the confidence interval to more closely match the formulas given in Newcombe (1998).,feature,Python,Warren Weckesser,2020-11-29 00:00:13-05:00,0,6,1,1,12,12,1,1,1,11.0,0,clean,Python,2018-2020,1.0,,0.92,0.5,5.5,0
numpy/numpy,252fc19eb92d7575967d2dce0c9a1e0480417f48,252fc19eb9,STY: fix C coding style,bugfix,C,mattip,2020-11-29 00:18:04+02:00,0,6,1,1,1,1,1,0,1,15.0,0,clean,Python,2018-2020,1.0,,0.5,0.0,7.5,0
scipy/scipy,e2896720599679d665bbcc42f46fa4729d5eea7b,e289672059,avoid potential segfault due to floating point truncation,other,C,Gregory Lee,2020-11-29 00:27:52-05:00,0,6,1,1,2,1,1,0,1,29.0,0,clean,Python,2018-2020,1.0,,1.0,0.0,14.5,0
scipy/scipy,068619e70fca1556469a013ac43cc2859a257aa6,068619e70f,MAINT: stats: Change ConfidenceInterval from namedtuple to dataclass.,other,Python,Warren Weckesser,2020-11-29 00:57:34-05:00,0,6,1,1,19,13,2,2,5,1.2,0,clean,Python,2018-2020,1.0,,1.36,0.67,0.4,0
scipy/scipy,a31c8f61b1fa759d0779715f34b52dba9133b083,a31c8f61b1,DOC: stats: Fix description of the return value of proportion_ci(),bugfix,Python,Warren Weckesser,2020-11-29 01:13:19-05:00,1,6,1,1,3,2,1,1,1,4.0,0,clean,Python,2018-2020,1.0,,1.0,0.5,2.0,0
numpy/numpy,dd9b2cbc4a7db7ad6db175a24500362b70ca9f32,dd9b2cbc4a,"BLD, TST: use python-version not PYTHON_VERSION",other,Unknown,mattip,2020-11-29 01:26:17+02:00,1,6,1,1,1,1,1,1,0,0.0,0,clean,Python,2018-2020,1.0,,0.5,0.5,0.0,0
numpy/numpy,b1a61b7642506035f54252f4fd9769c8cac5c2e1,b1a61b7642,DOC: fix typo in glossary.rst  Responsiblity -> Responsibility,bugfix,Unknown,Hollow Man,2020-11-29 02:12:07+08:00,2,6,1,1,1,1,1,0,0,0.0,0,clean,Python,2018-2020,1.0,,0.5,0.0,0.0,0
scipy/scipy,ff177d92b79167eb5de593c9de41d3ceb97ab189,ff177d92b7,"BUG: stats: fix bug in spearmanr nan propagation (#13163)  `spearmanr` with `nan_policy=""propagate""` intends to create logical indices of the rows (or columns, depending on axis) that contain nans, p",bugfix,Python,Matt Haberland,2020-11-29 06:41:02-05:00,6,6,1,0,13,1,2,1,2,11.0,1,keyword_strict,Python,2018-2020,0.4,,6.5,0.33,3.67,0
scipy/scipy,a29000636b7a9bd2843034530ad78616042170b1,a29000636b,"ENH: stats: Add nan_policy to zmap.  The change moves the zscore code to zmap, with the obvious change at the end to compute the z-scores for `scores`. zscore is now just a one-liner that calls zmap. ",feature,Python,Warren Weckesser,2020-11-29 10:19:16-05:00,10,6,1,0,87,45,2,1,9,1.56,0,clean,Python,2018-2020,1.0,,1.89,0.33,0.52,0
scipy/scipy,dc97c9abde1fdac82cc2726519f5789cb9ea3a4b,dc97c9abde,MAINT: stats: Fix a test.  This test of the sample variance has had an incorrect formula for more than 10 years.  The test is based on    https://en.wikipedia.org/wiki/Variance#Distribution_of_the_sam,bugfix,Python,Warren Weckesser,2020-11-29 10:56:12-05:00,10,6,1,0,1,1,1,1,1,1.0,0,clean,Python,2018-2020,1.0,,0.5,0.5,0.5,0
numpy/numpy,fb146432d65e1d63e58529fd420a2f8bdd2a8bcb,fb146432d6,DOC: Prepare NumPy 1.20.0 release notes.,docs,Unknown,Charles Harris,2020-11-29 12:35:00-07:00,12,6,1,0,93,62,1,0,0,0.0,0,clean,Python,2018-2020,1.0,,1.48,0.0,0.0,0
scipy/scipy,b22c8da45dbe2e15ceb331a6641fbd2754e9d602,b22c8da45d,"BUG: stats: Fix handling of misaligned masks in mstats.pearsonr.  After compressing the masked arrays using a common mask for x and y, the data is passed to stats.pearsonr to do the calculation.  Clos",bugfix,Python,Warren Weckesser,2020-11-29 13:21:23-05:00,13,6,1,0,13,19,2,1,2,1.5,0,clean,Python,2018-2020,1.0,,0.65,0.33,0.5,0
numpy/numpy,f351728e9c4963f81fd145e9e8f6e07d9c3e2f95,f351728e9c,DOC: update the release howto for oldest-supported-numpy  [ci skip],docs,Unknown,Ralf Gommers,2020-11-29 13:33:58+00:00,13,6,1,0,9,0,1,0,0,0.0,0,clean,Python,2018-2020,1.0,,9.0,0.0,0.0,0
numpy/numpy,33da69fcb0abb39ff987c148b6b74a02183c60d6,33da69fcb0,BUG: Fix incorrect brackets leading to error leak in mapping.c,bugfix,C,Sebastian Berg,2020-11-29 15:58:14-06:00,15,6,1,0,2,1,1,0,1,70.0,0,clean,Python,2018-2020,1.0,,1.0,0.0,35.0,0
numpy/numpy,4234327caccd76a0fe62a89162cbf0b122e2f83a,4234327cac,"TST: Do not leak reference/object in error-test path  The other path must leak, since dtype registration is permanent (at least I think so).",test,Unknown,Sebastian Berg,2020-11-29 15:58:14-06:00,15,6,1,0,3,2,1,1,0,0.0,0,clean,Python,2018-2020,1.0,,1.0,0.5,0.0,0
numpy/numpy,a8464940ca4f591f4aca2416e2e6173d68251131,a8464940ca,BUG: Fix readonly related scalar buffer exports  The readonly flag was not being set and untested. Also the request for a readonly buffer incorrectly did not set an error.,bugfix,Python,Sebastian Berg,2020-11-29 16:06:11-06:00,16,6,1,0,49,8,3,2,9,1.11,0,clean,Python,2018-2020,1.0,,5.44,0.5,0.28,0
numpy/numpy,3a07bd6ad039f5f2be58c92d7843a112e9f95244,3a07bd6ad0,MAINT: clean up a spurious warning in numpy/typing/setup.py  Warning was:      could not resolve pattern in 'numpy/typing': '*.pyi',refactor,Python,Ralf Gommers,2020-11-29 19:11:11+00:00,19,6,1,0,0,1,1,0,1,1.0,0,clean,Python,2018-2020,1.0,,0.0,0.0,0.5,0
numpy/numpy,2fd82cb2644d35195e11b3b62be56c6d09a77166,2fd82cb264,DOC: Add NumPy 1.20.0-changelog.rst,feature,Unknown,Charles Harris,2020-11-29 19:44:09-07:00,19,6,1,0,845,0,1,0,0,0.0,0,clean,Python,2018-2020,1.0,,845.0,0.0,0.0,0
numpy/numpy,207e07968721f3380f7c71a87909440b6260d0a6,207e079687,"DOC: fixed typo in np-indexing.png explaining [-2:] slice in user guide  In User Guide of NumPy in tutorial for absulute beginners, i.e. in documentation document doc/source/user/absulute_beginners.rs",bugfix,Unknown,sfolje0,2020-11-29 21:17:58+01:00,21,6,1,0,0,0,1,0,0,0.0,0,clean,Python,2018-2020,1.0,,0.0,0.0,0.0,0
numpy/numpy,743290814b5a3f86d33652f5ffd4c7c88e89bd62,743290814b,MAINT: Bump hypothesis from 5.41.3 to 5.41.4  Bumps [hypothesis](https://github.com/HypothesisWorks/hypothesis) from 5.41.3 to 5.41.4. - [Release notes](https://github.com/HypothesisWorks/hypothesis/r,other,Unknown,dependabot-preview[bot],2020-11-30 07:02:17+00:00,7,0,0,0,1,1,1,1,0,0.0,0,clean,Python,2018-2020,1.0,,0.5,0.5,0.0,0
scipy/scipy,d436009e7e3afcccc3f6b8947fbb03da070e0432,d436009e7e,"BUG: raise error for fourier_ellipsoid for ndim > 3  previously, no error was raised, but no filtering would occur because the switch statement only has cases for ndim 1, 2 and 3",bugfix,Python,Gregory Lee,2020-11-30 12:01:26-05:00,12,0,0,0,8,0,2,1,2,2.0,0,clean,Python,2018-2020,1.0,,8.0,0.33,0.67,0
numpy/numpy,2061a7b06acb9e15c889ffcd1b550b379a60fe46,2061a7b06a,removed dict entry  `openblas64_-v0.3.10-win_amd64-gcc_7_1_0.zip` is already given in line 57,other,Python,jakobjakobson13,2020-11-30 12:11:20+01:00,12,0,0,0,0,2,1,0,0,0.0,0,clean,Python,2018-2020,1.0,,0.0,0.0,0.0,0
numpy/numpy,242a1b52fba8e654f3d2a309a6390fac51909df5,242a1b52fb,"ENH: Timestamp development versions.  This adds a timestamp to development versions of NumPy. We used to do this for NumPy nightly builds so that pip would pickup the latest version, but pip 20.3 brea",feature,Python,Charles Harris,2020-11-30 14:33:20-07:00,14,0,0,0,4,1,1,0,1,5.0,0,clean,Python,2018-2020,1.0,,2.0,0.0,2.5,0
numpy/numpy,e4060c39675718ab3b19d02e23ef1644aeb9c6da,e4060c3967,"Correct sentence/statement composition  Incorrect statement spotted   *In the simplest example of broadcasting, the scalar ``b`` is stretched to become an array ~of with the same~ shape as ``a`` so ",other,Unknown,Agbonze Osazuwa,2020-12-01 04:46:39+01:00,4,1,0,1,1,1,1,0,0,0.0,0,clean,Python,2018-2020,1.0,,0.5,0.0,0.0,0
scipy/scipy,67af240556d6b918c82ef57401bbfe1dbea5c12e,67af240556,"BUG: stats: Fix min and max calculation of mstats.describe with an axis.  The function mstats.describe didn't pass the axis argument on to the minimum and maximum functions, so they were always comput",bugfix,Python,Warren Weckesser,2020-12-01 05:02:48-05:00,5,1,0,1,25,1,2,1,2,1.0,0,clean,Python,2018-2020,1.0,,12.5,0.33,0.33,0
numpy/numpy,28aa88312164987462b1e7744e0efb5bee65c724,28aa883121,MAINT: Linting fixes,bugfix,Unknown,Ganesh Kathiresan,2020-12-01 08:52:50+05:30,8,1,0,0,7,7,2,0,0,0.0,0,clean,Python,2018-2020,1.0,,0.88,0.0,0.0,0
scipy/scipy,42da7dc8222d5fed4475252fa6efa2e919bd3a67,42da7dc822,CI: testing.yml --> macos.yml,test,Unknown,Andrew Nelson,2020-12-01 11:26:28+11:00,11,1,0,0,0,0,1,0,0,0.0,0,clean,Python,2018-2020,1.0,,0.0,0.0,0.0,0
scipy/scipy,be3d6aad0bc3c576e0f5f1d0480f3f318dfa595d,be3d6aad0b,CI: fix lint,bugfix,Unknown,Andrew Nelson,2020-12-01 12:16:29+11:00,12,1,0,0,1,1,1,0,0,0.0,0,clean,Python,2018-2020,1.0,,0.5,0.0,0.0,0
scipy/scipy,12892b9a5c3be11686ff14dddf58b553717b3303,12892b9a5c,BUG: nonlin_solve shouldn't pass non-vector dx to tol_norm (#12814),bugfix,Python,G. D. McBain,2020-12-01 13:00:44+01:00,13,1,0,0,17,1,2,1,3,6.33,1,keyword_strict,Python,2018-2020,0.4,,8.5,0.33,2.11,0
scipy/scipy,10b97ad08298fea29444de1685784d0d47dffc15,10b97ad082,CI:Add python dbg run to GH Actions,feature,Unknown,Ilhan Polat,2020-12-01 14:09:22+11:00,14,1,0,0,50,0,1,1,0,0.0,0,clean,Python,2018-2020,1.0,,50.0,0.5,0.0,0
scipy/scipy,f0af1845a35e8ef1937bd4d3ce3e946c23fe8550,f0af1845a3,CI: Combine GHActions files and rename [ci skip]  [skip ci],refactor,Unknown,Ilhan Polat,2020-12-01 14:10:30+11:00,14,1,0,0,35,45,2,1,0,0.0,0,clean,Python,2018-2020,1.0,,0.76,0.33,0.0,0
scipy/scipy,5de436e22048c396fe37cfa874aaeb0306bd9666,5de436e220,CI: Remove dbg entry from TravisCI matrix  [skip ci],other,Unknown,Ilhan Polat,2020-12-01 14:10:30+11:00,14,1,0,0,1,25,2,1,0,0.0,0,clean,Python,2018-2020,1.0,,0.04,0.33,0.0,0
scipy/scipy,3952ef4e56611895acaa660d1e89cdf54ae1984c,3952ef4e56,CI: Combine if statements in GHActions,other,Unknown,Ilhan Polat,2020-12-01 14:10:30+11:00,14,1,0,0,1,2,1,1,0,0.0,0,clean,Python,2018-2020,1.0,,0.33,0.5,0.0,0
scipy/scipy,baf36980327eeff47fb8fad1a8d1e188bedd6d74,baf3698032,CI: GH actions tweaks,other,Unknown,Andrew Nelson,2020-12-01 14:11:57+11:00,14,1,0,0,2,1,2,0,0,0.0,0,clean,Python,2018-2020,1.0,,1.0,0.0,0.0,0
mwaskom/seaborn,607ded2cd65d98a93b09418b1523de71265f360d,607ded2cd6,"Fix pairgrid (#2368)  * Add failing test for #2307  * Fix PairGrid hue mapping logic  Fixes #2307",bugfix,Python,Michael Waskom,2020-12-01 15:48:44-05:00,15,1,0,0,27,4,2,1,4,7.75,0,clean,Python,2018-2020,1.0,,5.4,0.33,2.58,3
scipy/scipy,634d503e2f618ab19ef774c704aa10e68a851d83,634d503e2f,CI: re-add ppc64,feature,Unknown,Andrew Nelson,2020-12-01 18:53:36+11:00,18,1,0,0,8,0,1,0,0,0.0,0,clean,Python,2018-2020,1.0,,8.0,0.0,0.0,0
scipy/scipy,5973db8ed16fc36ca00c4fe459df97ba39cc459c,5973db8ed1,"DOC: stats: Copyedit `stats.describe` docstring.  * Fix indentation in the ""Parameters"" and ""Return Values"" sections. * Refer to `a` instead of ""the data"" or ""the data array"". * For all return values,",bugfix,Python,Warren Weckesser,2020-12-02 04:31:35-05:00,4,2,0,1,24,20,1,0,1,4.0,0,clean,Python,2018-2020,1.0,,1.14,0.0,2.0,0
numpy/numpy,88be44bacffeb336317e51c5199e1ef6e41ee183,88be44bacf,MAINT: Remove remaining uses of Python 3.6.  We missed a few first time around.,other,Python,Charles Harris,2020-12-02 13:35:57-07:00,13,2,0,0,6,9,4,1,1,8.0,0,clean,Python,2018-2020,1.0,,0.6,0.2,1.6,0
numpy/numpy,755ea9a83e410c226c24b95cb892da3f64248d42,755ea9a83e,"ENH: Micro-optimize where=True path for mean, var, any, and all  This removes a 20%-30% overhead, and thus the largest chunk of slowdown incurred by adding the `where` argument. Most other places have",feature,Python,Sebastian Berg,2020-12-02 14:41:59-06:00,14,2,0,0,8,2,1,0,4,6.5,0,clean,Python,2018-2020,1.0,,2.67,0.0,3.25,0
numpy/numpy,8ee149dbbdfdbc0ddd19a40460d9e8061792ed84,8ee149dbbd,"DOC: Add where to all, any, mean, var, and std method docstrings",feature,Python,Sebastian Berg,2020-12-02 15:04:25-06:00,15,2,0,0,5,5,1,0,0,0.0,0,clean,Python,2018-2020,1.0,,0.83,0.0,0.0,0
numpy/numpy,d54e2dcc17e0f0a8702d4b0eb4ac30a5c927a056,d54e2dcc17,"DEP: Finalize unravel_index `dims` alias for `shape` keyword  The argument was renamed to `shape` and deprecated since NumPy 1.16, so the deprecation can now be finalized.",refactor,Python,Sebastian Berg,2020-12-02 20:25:16-06:00,20,2,0,0,7,50,4,1,4,9.0,0,clean,Python,2018-2020,1.0,,0.14,0.2,1.8,0
scipy/scipy,dd00d03853cf17645cd6d23cd14744517dd198da,dd00d03853,BUG: optimize: fix a duplicate key bug for `test_show_options`,bugfix,Python,Atsushi Sakai,2020-12-02 21:29:13+09:00,21,2,0,0,1,1,1,1,1,4.0,0,clean,Python,2018-2020,1.0,,0.5,0.5,2.0,0
scipy/scipy,6c9816d0bf5e198acfbaf8251db58301bdabac60,6c9816d0bf,BUG:linalg: Add overwrite option to gejsv wrapper,bugfix,Python,Ilhan Polat,2020-12-02 22:13:10+01:00,22,2,0,1,8,1,2,1,1,1.0,0,clean,Python,2018-2020,1.0,,4.0,0.33,0.33,0
numpy/numpy,11ee3340218aba1e6873139274f12f212dec5e0d,11ee334021,BUG: merging PR to use -Werror=undef broke another PR,bugfix,Unknown,mattip,2020-12-03 08:26:44+02:00,8,3,0,0,3,1,1,0,0,0.0,0,clean,Python,2018-2020,1.0,,1.5,0.0,0.0,0
numpy/numpy,bd7609c2aa11de9f46d084e607ae42d1bbe17797,bd7609c2aa,Fix AttributeError: 'bool' object has no attribute 'ndim',bugfix,Python,Christoph Gohlke,2020-12-03 12:35:40-08:00,12,3,0,0,1,1,1,0,2,14.0,0,clean,Python,2018-2020,1.0,,0.5,0.0,7.0,0
numpy/numpy,4950fd10e678faea859fc8d8bd5d7ea9df2007b1,4950fd10e6,ENH: add support for fujitsu compiler to numpy. (#17792),feature,Python,"Tomoki, Karatsu",2020-12-03 14:01:43+01:00,14,3,0,0,48,1,3,1,4,1.0,0,clean,Python,2018-2020,1.0,,24.0,0.25,0.25,0
numpy/numpy,1ccb4c6dbfa6194d1627885e39f81823bce44fc7,1ccb4c6dbf,Update gnu.py,other,Python,FX Coudert,2020-12-03 16:44:16+01:00,16,3,0,0,1,1,1,0,1,5.0,0,clean,Python,2018-2020,1.0,,0.5,0.0,2.5,0
scipy/scipy,4a9731f7debab4a70a59b65d3c999b021671c750,4a9731f7de,BUG: slsqp should be able to use rel_step,bugfix,Python,Andrew Nelson,2020-12-03 17:42:08+11:00,17,3,0,0,3,3,1,0,0,0.0,0,clean,Python,2018-2020,1.0,,0.75,0.0,0.0,0
numpy/numpy,b86408552e823a8d2cdc5db9c3a89560b3c462ab,b86408552e,"BUG: np.arange: As only kwarg, allow `stop` and disallow `start`. (gh-17764)  * This matches args behaviour. * Avoids `arange(start=4)` from returning a range from 0 to 4 * Allows `arange(stop=4)` to ",bugfix,C,Maia Kaplan,2020-12-04 08:42:26-08:00,8,4,0,0,29,1,2,1,2,1.0,0,clean,Python,2018-2020,1.0,,14.5,0.33,0.33,0
scipy/scipy,53b423492cc1e86d844c90885d3d30f2f11ccb62,53b423492c,MAINT: stats: make _kendall_p_exact error messages more helpful,other,Python,Matt Haberland,2020-12-04 09:55:06-08:00,9,4,0,0,2,2,1,0,1,16.0,0,clean,Python,2018-2020,1.0,,0.67,0.0,8.0,1
numpy/numpy,d169276c467903be95f1ba94de1cee9bb32b280a,d169276c46,"DOC: Update release notes to mention `type(dtype) is not np.dtype`  This also requires mentioning the C-API macro `#define PyArray_DescrCheck(op) PyObject_TypeCheck(op, &PyArrayDescr_Type)`  which was",docs,Unknown,Sebastian Berg,2020-12-04 11:47:02-06:00,11,4,0,0,29,0,1,0,0,0.0,0,clean,Python,2018-2020,1.0,,29.0,0.0,0.0,0
numpy/numpy,a430fab55823c4420b729f0b990b4c2cc87dddf2,a430fab558,TST: remove stray '+' from f-string upgrade,other,Python,Derek Homeier,2020-12-04 12:26:41+01:00,12,4,0,0,1,1,1,0,0,0.0,0,clean,Python,2018-2020,1.0,,0.5,0.0,0.0,0
numpy/numpy,b2778a8a6d99dfbfee8f09daf6c069d1acf1aa8d,b2778a8a6d,MAINT: Replace `contextlib_nullcontext` with `contextlib.nullcontext`,other,Python,Bas van Beek,2020-12-05 13:22:39+01:00,13,5,1,0,15,15,4,0,4,8.5,0,clean,Python,2018-2020,1.0,,0.94,0.0,1.7,0
numpy/numpy,a99e1a8d3a2d2341bd1c8cf9a30db751fc4481ab,a99e1a8d3a,DOC: Add a note that one should preferably use `contextlib.nullcontext`,feature,Python,Bas van Beek,2020-12-05 13:39:24+01:00,13,5,1,0,3,0,1,0,0,0.0,0,clean,Python,2018-2020,1.0,,3.0,0.0,0.0,0
numpy/numpy,bfceca93325ad801a6dcd4b9fdd5432825618a8f,bfceca9332,DOC: Add information about leak checking and valgrind  This is not meant to be a fool-proof guide. It isn't and I do not want to expect people to use it...  But I realize that I use these things semi-,feature,Unknown,Sebastian Berg,2020-12-05 14:54:01-06:00,14,5,1,0,190,0,3,0,0,0.0,0,clean,Python,2018-2020,1.0,,190.0,0.0,0.0,0
numpy/numpy,312897920dedc683d7693d7eb1a63373262f259c,312897920d,TST: Fixed an issue where the typing tests would fail for comparison operations,bugfix,Python,Bas van Beek,2020-12-05 21:06:54+01:00,21,5,1,0,36,36,1,0,0,0.0,0,clean,Python,2018-2020,1.0,,0.97,0.0,0.0,0
numpy/numpy,7216177bd9a99b70d98f7a48b2f58d38abf26647,7216177bd9,Apply suggestions from code review  Co-authored-by: Matti Picus <matti.picus@gmail.com>,other,Unknown,Sebastian Berg,2020-12-05 22:13:40-06:00,22,5,1,1,10,8,1,0,0,0.0,0,clean,Python,2018-2020,1.0,,1.11,0.0,0.0,0
numpy/numpy,76bbd8846377d4eeed8ec8deabea028b1e3e1e23,76bbd88463,DOC: Move links to the end of the sections in new debugging text,bugfix,Unknown,Sebastian Berg,2020-12-05 22:26:29-06:00,22,5,1,1,6,4,1,0,0,0.0,0,clean,Python,2018-2020,1.0,,1.2,0.0,0.0,0
scipy/scipy,fdd785c0b124116156e0edebd2e7deecf2671230,fdd785c0b1,fix typos,bugfix,Python,Michaël Defferrard,2020-12-06 02:05:31+01:00,2,6,1,1,2,2,1,0,1,55.0,0,clean,Python,2018-2020,1.0,,0.67,0.0,27.5,0
numpy/numpy,709ee27ddea73784f7710c102b72e89e531465b8,709ee27dde,Clarify savez documentation around naming of arrays in output file,docs,Python,Stefan van der Walt,2020-12-06 10:53:52-08:00,10,6,1,0,21,19,1,0,2,1.0,0,clean,Python,2018-2020,1.0,,1.05,0.0,0.5,0
numpy/numpy,5d53d6f88c07670dd8b41888948671d352259475,5d53d6f88c,[DOC]: Wrong length for underline in docstring.  This can trip-up doc parsers like  Numpydoc,docs,Unknown,Matthias Bussonnier,2020-12-06 18:33:52-08:00,18,6,1,0,1,1,1,0,0,0.0,0,clean,Python,2018-2020,1.0,,0.5,0.0,0.0,0
scipy/scipy,34f4db092daf54a729dcf10d3b5cf10798786baa,34f4db092d,REL: set version to 1.7.0.dev0  * also add `1.7.0` release notes  [skip travis] [skip travis-ci] [skip ci],feature,Python,Tyler Reddy,2020-12-06 21:31:19-07:00,21,6,1,0,108,3,5,0,0,0.0,0,clean,Python,2018-2020,1.0,,27.0,0.0,0.0,0
numpy/numpy,45becc44946d42bf2c32028f1691a42d0b03941e,45becc4494,MAINT: Bump hypothesis from 5.41.4 to 5.41.5  Bumps [hypothesis](https://github.com/HypothesisWorks/hypothesis) from 5.41.4 to 5.41.5. - [Release notes](https://github.com/HypothesisWorks/hypothesis/r,other,Unknown,dependabot-preview[bot],2020-12-07 07:03:06+00:00,7,0,0,0,1,1,1,1,0,0.0,0,clean,Python,2018-2020,1.0,,0.5,0.5,0.0,0
scipy/scipy,a4b36cdc768aae03a6125efa08846f48a5f723a5,a4b36cdc76,TST:linalg: set the seed for cossin test,test,Python,Ilhan Polat,2020-12-07 11:03:45+01:00,11,0,0,0,1,0,1,1,1,4.0,0,clean,Python,2018-2020,1.0,,1.0,0.5,2.0,0
numpy/numpy,905075211bb0bae80cb7f837419180f25a253dd5,905075211b,"BUG: numpy.putmask not respecting writeable flag (#17884)  * BUG: numpy.putmask not respecting writeable flag  * Made the code PEP8 compatible.  Fixes gh-17871.",bugfix,C,a-elhag,2020-12-07 11:15:17-06:00,11,0,0,0,11,0,2,1,2,9.5,1,keyword_strict,Python,2018-2020,0.4,,11.0,0.33,3.17,0
numpy/numpy,9c3ac2e3bbe47624ea240fcd63fc8b921393bf99,9c3ac2e3bb,"NEP: Update NEP 42 and 43 according to the current implementation  We modified the `resolve_descriptors` function to not use `context` which is a bit heavy weight, and that also allows removing of DTy",bugfix,Unknown,Sebastian Berg,2020-12-07 13:18:02-06:00,13,0,0,0,53,30,2,0,0,0.0,0,clean,Python,2018-2020,1.0,,1.71,0.0,0.0,0
numpy/numpy,7a075cf7f75c6595ae1aa7d4d3720efa09f6296e,7a075cf7f7,NEP: Accept NEP 42 -- New and extensible DTypes,feature,Unknown,Sebastian Berg,2020-12-07 13:25:11-06:00,13,0,0,0,2,2,1,0,0,0.0,0,clean,Python,2018-2020,1.0,,0.67,0.0,0.0,0
numpy/numpy,03181afa5f57c85a8607d59afaaa5370b127fb1a,03181afa5f,[DOC] Replace {var} in docstrings type annotation with `scalar or None`.  Closes #17944,docs,Python,Matthias Bussonnier,2020-12-07 14:18:31-08:00,14,0,0,0,7,7,1,0,7,4.86,1,keyword_strict,Python,2018-2020,0.4,,0.88,0.0,2.43,0
numpy/numpy,18f0de9fb5dccc677bce390a9158db15503e8465,18f0de9fb5,Removed empty string from nag compiler's flags,other,Python,Christos Efstathiou,2020-12-07 14:30:41+00:00,14,0,0,0,1,1,1,0,1,1.0,0,clean,Python,2018-2020,1.0,,0.5,0.0,0.5,0
numpy/numpy,134bfbb08c5e0d75fa1ac6c66cf1c8402c52caf5,134bfbb08c,BUG: Removed empty String from Nag Compiler's Flags,bugfix,Python,Christos Efstathiou,2020-12-07 14:38:13+00:00,14,0,0,0,1,1,1,0,1,1.0,0,clean,Python,2018-2020,1.0,,0.5,0.0,0.5,0
scipy/scipy,3bc46931cd19f49670bd6a933c996ba58c1b6247,3bc46931cd,"[DOC] Backtick and directive consistency.  Some of the math in those docstrings was not using consistent directive; it was sometime using double-backticks (verbatim), sometime using simple-backticks (",docs,Python,Matthias Bussonnier,2020-12-07 14:52:29-08:00,14,0,0,0,11,11,1,0,1,1.0,0,clean,Python,2018-2020,1.0,,0.92,0.0,0.5,1
numpy/numpy,1c92910a407c097b71bc594ac68d992885304469,1c92910a40,Optimize the performance of countnonzero by using universal intrinsics,other,C,Qiyu8,2020-12-07 15:35:44+08:00,15,0,0,0,74,2,3,0,5,3.4,0,clean,Python,2018-2020,1.0,,24.67,0.0,0.85,0
numpy/numpy,9235016e44f306b61fcc7805956654f65183c785,9235016e44,"TST: Fix crosstalk issues with polynomial str tests.  Polynomial printing tests implicitly depended on calling order, causing the test suite to fail when the test ordering was randomized with the pyte",bugfix,Python,Ross Barnowski,2020-12-07 15:39:54-08:00,15,0,0,0,8,5,1,1,5,1.0,0,clean,Python,2018-2020,1.0,,1.33,0.5,0.5,0
numpy/numpy,4337b25467f41b5ae4c51cf8c7f48356b626a46b,4337b25467,test avx256 result,test,Unknown,Qiyu8,2020-12-07 16:31:10+08:00,16,0,0,0,28,0,3,0,3,1.0,0,clean,Python,2018-2020,1.0,,28.0,0.0,0.25,0
numpy/numpy,d2f477c33f7473c59ebcff4bf57dd4a5efc2742b,d2f477c33f,add AVX512/Neon/VSX intrinsics,feature,Unknown,Qiyu8,2020-12-07 20:04:41+08:00,20,0,0,0,56,7,7,0,9,1.0,0,clean,Python,2018-2020,1.0,,7.0,0.0,0.12,0
numpy/numpy,1ec750059d5953dcfaca22c9270d024261965078,1ec750059d,fix pointer differ in signedness warning,bugfix,C,Qiyu8,2020-12-08 09:18:28+08:00,9,1,0,0,2,2,1,0,3,6.0,0,clean,Python,2018-2020,1.0,,0.67,0.0,3.0,0
numpy/numpy,40fd17e3a2418d54284b53dbcf2ba72dbfbb58ad,40fd17e3a2,"ENH: Use versioneer to manage numpy versions.  The new tags look like '1.21.0.dev0+98.gaa0453721f', where '98' is the number of commits since the 1.21.0 branch was started and 'aa0453721f'. The chosen",feature,Python,Charles Harris,2020-12-08 10:25:28-07:00,10,1,0,0,2479,135,13,1,59,5.68,0,clean,Python,2018-2020,1.0,,18.23,0.07,0.41,0
numpy/numpy,b62059f6cbbf32db0ee513fbdb0182356ac68845,b62059f6cb,fix CI failures,bugfix,C,Qiyu8,2020-12-08 12:16:03+08:00,12,1,0,0,7,5,2,0,3,2.0,0,clean,Python,2018-2020,1.0,,1.17,0.0,0.67,0
numpy/numpy,cb31f35eea66529f51dbc62dde74b3753e676879,cb31f35eea,TST: Ensure `like=` tests are not sensitive to execution order  This moves class creation into a `setup` function and uses `self` instead of the test class all over.  There are probably nicer ways to ,bugfix,Python,Sebastian Berg,2020-12-08 13:01:25-06:00,13,1,0,0,35,37,1,1,12,2.17,0,clean,Python,2018-2020,1.0,,0.92,0.5,1.08,0
numpy/numpy,6f59235f14e8f3f6f5c03d556d2bc7c03ef6e793,6f59235f14,"TST: Do not disable errors globally in ma/timer_comparison.py  This script is meant to be run stand-alone (and should probably just not be at this place), but moving these down is cleaner in any case.",refactor,Python,Sebastian Berg,2020-12-08 13:32:59-06:00,13,1,0,0,10,3,1,0,0,0.0,0,clean,Python,2018-2020,1.0,,2.5,0.0,0.0,0
numpy/numpy,941a82b273e3779af130ffb77f428de3a5bd75ae,941a82b273,The mid loop should subtract 255 to prevent overriding.,other,C,Qiyu8,2020-12-08 15:47:51+08:00,15,1,0,0,2,2,1,0,1,4.0,0,clean,Python,2018-2020,1.0,,0.67,0.0,2.0,0
scipy/scipy,26a09a0d8e7e66e0fdc82c9e7138a87a7d839027,26a09a0d8e,[skip travis] PR 13199 revisions  * update highlights section of `1.6.0` release notes based on feedback from Matt Haberland  * `.mailmap`/author list updates  [skip travis-ci] [skip ci],other,Unknown,Tyler Reddy,2020-12-08 17:41:26-07:00,17,1,0,0,21,14,2,0,0,0.0,0,clean,Python,2018-2020,1.0,,1.4,0.0,0.0,0
scipy/scipy,4a570a23e98295cd8c9e3b08efdf1ec1898968d6,4a570a23e9,[skip travis] MAINT: PR 13199 revisions  * release manager has gone through the `1.6.0` PRs labelled as enhancements and manually added entries that were not present on the wiki release notes page  * ,bugfix,Unknown,Tyler Reddy,2020-12-08 17:41:26-07:00,17,1,0,0,93,10,1,0,0,0.0,0,clean,Python,2018-2020,1.0,,8.45,0.0,0.0,0
scipy/scipy,add51f210b700eee5fe402c9d3acd88a7e6a1e24,add51f210b,"[skip travis] WIP, DOC: 1.6.0 release notes  * add the automatically-generated list of authors for SciPy `1.6.0`, which will almost certainly require some `.mailmap` updates  * add the automatically-g",bugfix,Unknown,Tyler Reddy,2020-12-08 17:41:26-07:00,17,1,0,0,753,10,1,0,0,0.0,0,clean,Python,2018-2020,1.0,,68.45,0.0,0.0,0
scipy/scipy,dc2524e72e1c8cdee7050dea02c2880362905a02,dc2524e72e,[skip travis] MAINT: PR 13199 revisions  * author list update for `1.6.0` release notes  * issue/pr list updates for `1.6.0` release notes,other,Unknown,Tyler Reddy,2020-12-08 17:51:28-07:00,17,1,0,0,8,1,1,0,0,0.0,0,clean,Python,2018-2020,1.0,,4.0,0.0,0.0,0
numpy/numpy,7829237f823ea1d21952bc5bccb435a0782234da,7829237f82,change to npyv_b8 and make loop more clear,other,C,Qiyu8,2020-12-08 20:33:49+08:00,20,1,0,0,3,7,1,0,1,4.0,0,clean,Python,2018-2020,1.0,,0.38,0.0,2.0,0
numpy/numpy,9ba3d421c62eac5cd73fa135e6d93ce892b41be1,9ba3d421c6,"TST, BUILD: Add a native x86 baseline build running on ubuntu-20.04    to build and test NumPy against the maximum supported CPU features   by the compiler and the running machine",feature,Unknown,Sayed Adel,2020-12-08 23:44:37+02:00,23,1,0,1,25,0,1,0,0,0.0,0,clean,Python,2018-2020,1.0,,25.0,0.0,0.0,0
numpy/numpy,3df3da1420418a41884be39a71c31a873d765800,3df3da1420,TST: Fix passing build options when `--debug-info` is enabled,bugfix,Python,Sayed Adel,2020-12-08 23:44:40+02:00,23,1,0,1,3,3,1,1,2,15.0,0,clean,Python,2018-2020,1.0,,0.75,0.5,7.5,0
numpy/numpy,c0bc4dd3633e0fe6db8c4eb351da15065500020e,c0bc4dd363,"Add missing decref to arange, refs 17878",feature,C,Maia Kaplan,2020-12-09 08:12:04-08:00,8,2,0,0,1,0,1,0,0,0.0,0,clean,Python,2018-2020,1.0,,1.0,0.0,0.0,0
mwaskom/seaborn,ae123d79ed341d352d3f29b6936c044350b75e86,ae123d79ed,Fix faceted bivariate KDE normalization (#2378)  Fixes #2377,bugfix,Python,Michael Waskom,2020-12-09 11:50:34-05:00,11,2,0,0,16,1,2,1,2,22.5,0,clean,Python,2018-2020,1.0,,8.0,0.33,7.5,3
numpy/numpy,4fd3d905ea374896b5d91f77a7a4044a200455eb,4fd3d905ea,use splited loops and add unit test for new intrinsics,feature,C,Qiyu8,2020-12-09 16:04:09+08:00,16,2,0,0,140,77,9,1,27,1.37,0,clean,Python,2018-2020,1.0,,1.79,0.1,0.14,0
numpy/numpy,dfbb3f76c4e9252be597107b6e9fc04adc9e8855,dfbb3f76c4,force avx2 in order to test the performance.,test,Unknown,Qiyu8,2020-12-09 16:06:01+08:00,16,2,0,0,6,0,1,0,0,0.0,0,clean,Python,2018-2020,1.0,,6.0,0.0,0.0,0
numpy/numpy,ea92ca96a2eefc25e3cefc3568d393972d2c323b,ea92ca96a2,remove force avx2,other,Unknown,Qiyu8,2020-12-09 16:19:54+08:00,16,2,0,0,0,6,1,0,0,0.0,0,clean,Python,2018-2020,1.0,,0.0,0.0,0.0,0
numpy/numpy,fbdda8f24924ff63b5abf2782e85206dc34405a7,fbdda8f249,ENH: Replace `dtype` with the `_DType` typevar,other,Unknown,Bas van Beek,2020-12-09 17:20:45+01:00,17,2,0,0,4,4,1,0,0,0.0,0,clean,Python,2018-2020,1.0,,0.8,0.0,0.0,0
numpy/numpy,c9dc6784e67c28e56317e40b3d192bc2d2345ce4,c9dc6784e6,MAINT: Use `dtype[Any]` instead of `dtype`,other,Unknown,Bas van Beek,2020-12-09 17:21:40+01:00,17,2,0,0,1,1,1,0,0,0.0,0,clean,Python,2018-2020,1.0,,0.5,0.0,0.0,0
numpy/numpy,ab4252d1ea4bca1d881a44376a693ca8c5a75c1b,ab4252d1ea,TST: Add new tests for `dtype` methods,feature,Python,Bas van Beek,2020-12-09 17:30:55+01:00,17,2,0,0,16,0,2,0,0,0.0,0,clean,Python,2018-2020,1.0,,16.0,0.0,0.0,0
numpy/numpy,6edf451f7fe0e3a77e545733d119d2a03754ee5b,6edf451f7f,"BUG, SIMD: Fix direactive check for AVX512BW of intrinsics npyv_tobits_*",bugfix,Unknown,Sayed Adel,2020-12-09 21:08:06+02:00,21,2,0,0,2,2,1,0,2,3.0,0,clean,Python,2018-2020,1.0,,0.67,0.0,1.5,0
scipy/scipy,e0c7cb7058cd5251e89859c7aff88421186bcc35,e0c7cb7058,Allow inference of output_shape from out in affine_transform,other,Python,Gregory Lee,2020-12-09 22:44:47-05:00,22,2,0,1,20,1,2,1,2,13.0,0,clean,Python,2018-2020,1.0,,10.0,0.33,4.33,0
numpy/numpy,d06d38c10080ebdbc928e69131116e6a9d45100d,d06d38c100,"MAINT: Don't include ""dirty"" in versioneer generated versions.  We patch the LICENSE file for both sdist and wheel releases, making them all ""dirty"", i.e., containing files that have not been committe",bugfix,Python,Charles Harris,2020-12-10 08:52:35-07:00,8,3,0,0,3,3,2,0,2,11.0,0,clean,Python,2018-2020,1.0,,0.75,0.0,3.67,0
numpy/numpy,32465aa8fc2ce2c92b5c9265b8cb2737cb11b2a1,32465aa8fc,add non-AVX512BW instruments,feature,C,Qiyu8,2020-12-10 09:46:09+08:00,9,3,0,0,28,16,8,1,23,1.35,0,clean,Python,2018-2020,1.0,,1.65,0.11,0.15,0
numpy/numpy,fed2509471e77e0357c5252e69fc6159881f6cb2,fed2509471,"BUG: Make sdist use distutils.  If sdist uses setuptools there can be problems, see gh-7127.",bugfix,Python,Charles Harris,2020-12-10 11:58:47-07:00,11,3,0,0,8,5,1,0,1,1.0,0,clean,Python,2018-2020,1.0,,1.33,0.0,0.5,0
numpy/numpy,ede6df18eb78b80ac29e24bf576ab5ed58bfe6b6,ede6df18eb,Add non-AVX512BW expansion,feature,Unknown,Qiyu8,2020-12-10 12:06:25+08:00,12,3,0,0,20,10,1,0,2,2.0,0,clean,Python,2018-2020,1.0,,1.82,0.0,1.0,0
scipy/scipy,d50a6c25627cf845915f8ff4dc18c87b67066bdb,d50a6c2562,Updated docs,docs,Python,Sebastiano Vigna,2020-12-10 14:13:36+01:00,14,3,0,0,8,10,1,0,1,13.0,0,clean,Python,2018-2020,1.0,,0.73,0.0,6.5,0
numpy/numpy,37e429e886efa8eb48f298922a311936a6bff043,37e429e886,Add non-AVX512DQ intrinsics,feature,Unknown,Qiyu8,2020-12-10 16:01:33+08:00,16,3,0,0,8,0,1,0,2,3.0,0,clean,Python,2018-2020,1.0,,8.0,0.0,1.5,0
numpy/numpy,421b54c851826e1362e24f6528d0223656eeb3b7,421b54c851,MAINT: Update test_requirements and release_requirements.  Install the correct versions of wheel and towncrier.,test,Unknown,Charles Harris,2020-12-10 16:09:50-07:00,16,3,0,0,2,2,2,1,0,0.0,0,clean,Python,2018-2020,1.0,,0.67,0.33,0.0,0
numpy/numpy,8caabdf36c63098bc5743306df55e2c45b5808e3,8caabdf36c,DEP: Futurewarn on requiring __len__ on array-likes  This fixes issue gh-17965.  The slightly annoying thing is that there is no simple way to opt-in to the new behaviour and the old behaviour is a bi,bugfix,Python,Sebastian Berg,2020-12-10 16:12:44-06:00,16,3,0,0,192,6,4,2,10,5.1,0,clean,Python,2018-2020,1.0,,27.43,0.4,1.02,0
numpy/numpy,0b553c780c6fd70e315debbd7f0356a5f1e81448,0b553c780c,use current intrinsics instead of create new one.,feature,Unknown,Qiyu8,2020-12-10 16:14:03+08:00,16,3,0,0,9,17,2,0,3,1.67,0,clean,Python,2018-2020,1.0,,0.5,0.0,0.56,0
numpy/numpy,d328bf3c4682dc9f478741c77ee4871bb847176b,d328bf3c46,remove extra input,other,Unknown,Qiyu8,2020-12-10 16:23:26+08:00,16,3,0,0,2,2,1,0,2,2.0,0,clean,Python,2018-2020,1.0,,0.67,0.0,1.0,0
scipy/scipy,a0a2ce15006f3933b7d54079b4298ae8846c656c,a0a2ce1500,Updated docs,docs,Python,Sebastiano Vigna,2020-12-10 16:44:04+01:00,16,3,0,0,8,8,1,0,1,13.0,0,clean,Python,2018-2020,1.0,,0.89,0.0,6.5,0
scipy/scipy,b228912e25fbd3b86c3cd8ceb022a65b67e32884,b228912e25,"BUG: pavement.py fixes  * the changes made to `pavement.py`, as described in gh-13221, modernized some file handling code blocks as suggested by static analysis  * however, this broke the usage of `pa",bugfix,Python,Tyler Reddy,2020-12-10 20:05:05-07:00,20,3,0,0,2,2,1,0,2,2.0,0,clean,Python,2018-2020,1.0,,0.67,0.0,1.0,0
numpy/numpy,7bd6de3d0947c5078c9524739dc08bb5eac49c1e,7bd6de3d09,"MAINT, SIMD: reduce the number of preprocessor CPU runtime dispatcher calls",bugfix,Python,Sayed Adel,2020-12-10 23:53:57+00:00,23,3,0,1,23,15,1,0,2,16.5,0,clean,Python,2018-2020,1.0,,1.44,0.0,8.25,0
numpy/numpy,c6a5c9aaf5a04405246c6a6158ee1e5a8e5d3973,c6a5c9aaf5,Add/remove spaces in snippets and re-format here and there,feature,Unknown,Rin Arakaki,2020-12-11 02:10:09+09:00,2,4,0,1,184,200,1,0,0,0.0,0,clean,Python,2018-2020,1.0,,0.92,0.0,0.0,0
numpy/numpy,f7fde77403acbebcab26118799d23237f137bccc,f7fde77403,fix slow test bug,bugfix,C,Qiyu8,2020-12-11 09:10:03+08:00,9,4,0,0,2,1,2,0,2,2.0,0,clean,Python,2018-2020,1.0,,1.0,0.0,0.67,0
scipy/scipy,be53d8cb7d7fbfdf47a5f46f1ce8be5ac66b48fd,be53d8cb7d,"replace GNU extension DFLOAT with standard, fix array dimensions  1. 0depack uses DFLOAT(), which is a non-standard GNU extension. (Not supported by e.g. NAG's nagfor compiler.) We replace it with the",bugfix,Unknown,Dima Pasechnik,2020-12-11 09:37:26+00:00,9,4,0,0,25,26,6,0,1,12.0,0,clean,Python,2018-2020,1.0,,0.93,0.0,1.71,0
scipy/scipy,ea68d232fda5a43e54fb893f97abc9d85124fc13,ea68d232fd,BUG: zmap and zscore ignored ddof when nan_policy=='omit'.,bugfix,Python,Warren Weckesser,2020-12-11 09:40:21-05:00,9,4,0,0,16,11,2,1,7,2.0,0,clean,Python,2018-2020,1.0,,1.33,0.33,0.67,0
scipy/scipy,5f973016205f98730dd34ca7be6f48b6173d9a33,5f97301620,"replace obsolete intrinsics DC<foo> with <foo>, remove goto into if/else  1. In specfun.f there are many non-standard intrinsics such as DCSIN(), etc, which can be replaced with SIN() with modern comp",other,Unknown,Dima Pasechnik,2020-12-11 09:40:31+00:00,9,4,0,0,229,224,1,1,10,123.2,0,clean,Python,2018-2020,1.0,,1.02,0.5,61.6,0
numpy/numpy,d38a749c232bfa91ac76ab7403a08719f63cc38a,d38a749c23,"Thanks for the unit test, expose the VSX expand error.",test,Unknown,Qiyu8,2020-12-11 10:01:50+08:00,10,4,0,0,4,4,1,0,2,1.0,0,clean,Python,2018-2020,1.0,,0.8,0.0,0.5,0
scipy/scipy,294727f5bce2b10047fec445f09bbf3c27bb6f64,294727f5bc,TST: stats: Test zscore with nan_policy 'omit' and ddof=1,test,Python,Warren Weckesser,2020-12-11 10:38:06-05:00,10,4,0,0,6,0,1,1,1,1.0,0,clean,Python,2018-2020,1.0,,6.0,0.5,0.5,0
numpy/numpy,1237be83356e20f568f28e54bc0099f5acd3e2db,1237be8335,ENH: Add dtype-support for the `__array__` protocol,feature,Python,Bas van Beek,2020-12-11 13:31:39+01:00,13,4,0,0,26,11,2,0,0,0.0,0,clean,Python,2018-2020,1.0,,2.17,0.0,0.0,0
numpy/numpy,597357517617c3a3c3c2d5385d3da2d4433c567f,5973575176,TST: Updated the `__array__` typing tests,test,Python,Bas van Beek,2020-12-11 13:59:51+01:00,13,4,0,0,6,6,2,0,0,0.0,0,clean,Python,2018-2020,1.0,,0.86,0.0,0.0,0
numpy/numpy,347c40a8d677fb8d5c4bf71382bebcb81e4e1cec,347c40a8d6,TST: Updated the `np.flatiter` typing tests,test,Python,Bas van Beek,2020-12-11 13:59:51+01:00,13,4,0,0,14,9,2,0,0,0.0,0,clean,Python,2018-2020,1.0,,1.4,0.0,0.0,0
numpy/numpy,9d36f09cae3b09e61105e9222e0b56c0b1546a0c,9d36f09cae,ENH: Add dtype-support for `np.flatiter`,feature,Unknown,Bas van Beek,2020-12-11 13:59:51+01:00,13,4,0,0,10,7,1,0,0,0.0,0,clean,Python,2018-2020,1.0,,1.25,0.0,0.0,0
numpy/numpy,711482a83beb2c7b92c2249ca992c8d8cc97edd8,711482a83b,Force AVX2 in order to test the performance by using new intrinsics.,feature,C,Qiyu8,2020-12-11 14:36:24+08:00,14,4,0,0,44,21,2,0,2,19.5,0,clean,Python,2018-2020,1.0,,2.0,0.0,6.5,0
numpy/numpy,95cd7065c99ff5f44f47b1d2ac5c8db4ad54989f,95cd7065c9,remove useless intrinsics and forced SIMD.,other,C,Qiyu8,2020-12-11 14:51:45+08:00,14,4,0,0,2,42,7,0,4,7.25,0,clean,Python,2018-2020,1.0,,0.05,0.0,0.91,0
numpy/numpy,0ece23b05376c1069be59b65a6f2ae919f4dd839,0ece23b053,remove extra headers.,other,Unknown,Qiyu8,2020-12-11 15:02:20+08:00,15,4,0,0,0,1,1,0,0,0.0,0,clean,Python,2018-2020,1.0,,0.0,0.0,0.0,0
numpy/numpy,52ecd5a97ce3ff4dad72935b8bf67ba2cfb6908e,52ecd5a97c,BUG: Enforce high >= low on uniform number generators  Check that high is weakly larger than low and raise if now  closes #17905,bugfix,Python,Kevin Sheppard,2020-12-11 15:27:13+00:00,15,4,0,0,28,14,4,2,2,1.0,1,keyword_strict,Python,2018-2020,0.4,,1.87,0.4,0.2,0
numpy/numpy,a3bb19df580454a6b98c34e29a00c271c2e411af,a3bb19df58,Revert changes to mtrand  This doesn't qualify for fixing under the NEP.,bugfix,Python,Kevin Sheppard,2020-12-11 15:30:50+00:00,15,4,0,0,24,20,5,2,2,1.0,0,clean,Python,2018-2020,1.0,,1.14,0.33,0.17,1
numpy/numpy,6139ed42af271d37234320e83a41000d93bdeae1,6139ed42af,STY: Fixed a typo: `ofthe` -> `of the`  Addresses https://github.com/numpy/numpy/pull/17981#discussion_r541018879  Co-Authored-By: Charles Harris <charlesr.harris@gmail.com>,bugfix,Python,Bas van Beek,2020-12-11 17:33:29+01:00,17,4,0,0,1,1,1,0,0,0.0,0,clean,Python,2018-2020,1.0,,0.5,0.0,0.0,0
numpy/numpy,d084917e8f884f43ee172117fe516244ebe728b5,d084917e8f,ENH: add new option 'cfunc_alias' to umath generator,feature,Python,Sayed Adel,2020-12-11 19:38:05+00:00,19,4,0,0,23,16,1,0,5,12.0,0,clean,Python,2018-2020,1.0,,1.35,0.0,6.0,0
numpy/numpy,ca11e4e2ebde67743c3ce09ccd265ffd855dbf4f,ca11e4e2eb,BUG: Replace f-string in root setup.py,bugfix,Python,Charles Harris,2020-12-12 08:17:01-07:00,8,5,1,0,4,4,1,0,0,0.0,0,clean,Python,2018-2020,1.0,,0.8,0.0,0.0,0
mwaskom/seaborn,4560b904f79181cd599d806126294fb9c497c4e9,4560b904f7,"Fix NA propagation in lineplot (#2273)  * Use nanpercentile in ci function  Fixes #2272  * Drop NA inside lineplot  Narrowly fixes #2272  But would like a broader solution here that also addre",bugfix,Python,Michael Waskom,2020-12-12 09:16:42-05:00,9,5,1,0,25,1,3,1,3,11.33,0,clean,Python,2018-2020,1.0,,12.5,0.25,2.83,3
mwaskom/seaborn,3b4c21a160acf5eef95c1a3c6c6ec02d5dce2ed5,3b4c21a160,"FIX: Infer categorical dtypes before boolean resolution (#2379)  * Add test for #2317  * Improve variable_type docstring  * Give precedence to categorical dtype inference",bugfix,Python,Maoz Gelbart,2020-12-12 09:22:35-05:00,9,5,1,0,11,7,2,1,2,4.5,0,clean,Python,2018-2020,1.0,,1.38,0.33,1.5,1
mwaskom/seaborn,975f95ce27732c2cdac5910efb2b60361f318df3,975f95ce27,Run tests on github actions (#2383),test,Unknown,Michael Waskom,2020-12-12 18:24:24-05:00,18,5,1,0,63,68,3,0,0,0.0,0,clean,Python,2018-2020,1.0,,0.91,0.0,0.0,3
mwaskom/seaborn,4fe84d4ff25276f0ef4ea2a18d0a31741547cb0f,4fe84d4ff2,"Assorted fixes for small problems (#2382)  * Fix color_palette docstring (fixes #2372)  * Disable jitter in dotplot example (fixes #2366)  * Raise early in jointplot when selected kind does not su",bugfix,Python,Michael Waskom,2020-12-12 18:42:14-05:00,18,5,1,0,83,24,8,1,11,15.27,0,clean,Python,2018-2020,1.0,,3.32,0.11,1.7,3
scipy/scipy,6148b7c8efa685d114fad5b563e3235279d133a6,6148b7c8ef,"ENH: stats: Add crosstab function. (#11352)  * ENH: stats: Add crosstab function.  crosstab creates a contingency table from a set of input sequences.  In effect, it counts the occurrences of the ",bugfix,Python,Warren Weckesser,2020-12-12 21:11:44-05:00,21,5,1,0,264,2,4,1,6,2.83,1,keyword_strict,Python,2018-2020,0.4,,88.0,0.2,0.57,0
scipy/scipy,d64d19ddb85571bc33f18b0f180053ee7769a4b4,d64d19ddb8,"MAINT: reorganize shared linear assignment tests  As noted by @rgommers in https://github.com/scipy/scipy/pull/12541, `scipy.optimize` already depends on `scipy.sparse.csgraph` through `scipy.sparse`,",feature,Python,Søren Fuglede Jørgensen,2020-12-13 08:43:00+01:00,8,6,1,0,111,100,3,3,6,2.33,0,clean,Python,2018-2020,1.0,,1.1,0.75,0.58,0
scipy/scipy,5acde3984c7d9ab55e88c2a6cca12bbaf98a448a,5acde3984c,MAINT: stats: A few tweaks to binomtest and related code.  * Add `versionadded` markup to the Notes section of `binomtest`. * Bump removal version of `binom_test`. * Copyedit `_validate_int` docstring,feature,Python,Warren Weckesser,2020-12-13 09:31:51-05:00,9,6,1,0,6,2,3,1,2,6.0,0,clean,Python,2018-2020,1.0,,2.0,0.25,1.5,1
numpy/numpy,d2c04e72630b167987368c32d33460baf91e4cdc,d2c04e7263,[DOC] Replace verbatim to reference to local parameter  The rest of the docstring and other function tend to have this convention and sphinx – as well as other tools – will be able to infer this actua,docs,Python,Matthias Bussonnier,2020-12-13 11:17:41-08:00,11,6,1,0,1,1,1,0,1,11.0,0,clean,Python,2018-2020,1.0,,0.5,0.0,5.5,1
scipy/scipy,7e64ca02e3e6ac1fd6f48eb7c4b00ca5f917ca09,7e64ca02e3,TST: stats: Simplify a test of zmap.,test,Python,Warren Weckesser,2020-12-13 11:30:24-05:00,11,6,1,0,7,9,1,1,2,1.0,0,clean,Python,2018-2020,1.0,,0.7,0.5,0.5,1
scipy/scipy,37b7e0081157433f10e9310985c95bd57289f15a,37b7e00811,TST: stats: break up and mark slow tests (#13216),test,Python,Matt Haberland,2020-12-13 11:49:57+01:00,11,6,1,0,46,28,4,4,5,1.6,0,clean,Python,2018-2020,1.0,,1.59,0.8,0.32,1
scipy/scipy,c88177cd5e43117628a440f33ccabc7efd35beac,c88177cd5e,MAINT: stats: 'doc-deprecate' binom_test instead of full deprecation.,test,Python,Warren Weckesser,2020-12-13 15:08:09-05:00,15,6,1,0,61,87,3,2,9,3.22,0,clean,Python,2018-2020,1.0,,0.69,0.5,0.8,1
numpy/numpy,fe582b6e6ef21706ee00fcdad5b97c4430a4616d,fe582b6e6e,"[DOC] np.kron use double backticks for non-refs  Some part of the docstring were between simple backticks which are therefore marked as cross-reference, while I belive the intended role is likely verb",docs,Python,Matthias Bussonnier,2020-12-13 16:51:40-08:00,16,6,1,0,2,2,1,0,1,10.0,0,clean,Python,2018-2020,1.0,,0.67,0.0,5.0,1
numpy/numpy,8e956b4f613d1a7332f0a07f53afe0855ca59f83,8e956b4f61,DOC: Rename basics to fundamentals + added description (#17889),feature,Unknown,Ryan C Cooper,2020-12-13 20:38:52+01:00,20,6,1,0,9,5,1,0,0,0.0,0,clean,Python,2018-2020,1.0,,1.5,0.0,0.0,0
numpy/numpy,0985a73ffa4090b862829b92bf9df09bb2783efc,0985a73ffa,"ENH, SIMD: Ditching the old CPU dispatcher(Arithmetic)     The first patch in a series of pull-requests aims to facilitate the migration    process to our new SIMD interface(NPYV).     It is basically",bugfix,Python,Sayed Adel,2020-12-14 04:25:44+02:00,4,0,0,1,1192,967,10,0,5,7.6,0,clean,Python,2018-2020,1.0,,1.23,0.0,0.69,0
numpy/numpy,37db023706843afdd887f7dd22a38a30196ffea6,37db023706,MAINT: Bump pytest from 6.0.2 to 6.2.0  Bumps [pytest](https://github.com/pytest-dev/pytest) from 6.0.2 to 6.2.0. - [Release notes](https://github.com/pytest-dev/pytest/releases) - [Changelog](https:/,test,Unknown,dependabot-preview[bot],2020-12-14 07:52:54+00:00,7,0,0,0,1,1,1,1,0,0.0,0,clean,Python,2018-2020,1.0,,0.5,0.5,0.0,0
numpy/numpy,adc7e31ef831020e158f26efeab647bb27d3f6a3,adc7e31ef8,MAINT: Update wheel requirement from <=0.35.1 to <0.36.3  Updates the requirements on [wheel](https://github.com/pypa/wheel) to permit the latest version. - [Release notes](https://github.com/pypa/whe,feature,Unknown,dependabot-preview[bot],2020-12-14 07:53:31+00:00,7,0,0,0,1,1,1,1,0,0.0,0,clean,Python,2018-2020,1.0,,0.5,0.5,0.0,0
numpy/numpy,c32f60e38376e438e1d357d03c5699f4fe9c6649,c32f60e383,Optimize the performance of einsum's submodule dot,other,Unknown,Qiyu8,2020-12-14 10:16:58+08:00,10,0,0,0,49,141,2,0,0,0.0,0,clean,Python,2018-2020,1.0,,0.35,0.0,0.0,0
numpy/numpy,77e4bf6acc5346266d66c815d7a94d30507e4e48,77e4bf6acc,Replace Numpy with NumPy,other,Unknown,Stefan van der Walt,2020-12-14 10:32:42-08:00,10,0,0,0,39,39,6,0,0,0.0,0,clean,Python,2018-2020,1.0,,0.98,0.0,0.0,0
numpy/numpy,350670fd661bba7f8cf8baf436f07b3a284b85be,350670fd66,remove force avx2,other,Unknown,Qiyu8,2020-12-14 11:00:09+08:00,11,0,0,0,1,5,1,0,0,0.0,0,clean,Python,2018-2020,1.0,,0.17,0.0,0.0,0
numpy/numpy,bdb67012974c6da18fb00066e81ff903265b95fb,bdb6701297,TST: ignore pytest warning,test,Unknown,mattip,2020-12-14 11:42:24+02:00,11,0,0,0,2,1,1,1,0,0.0,0,clean,Python,2018-2020,1.0,,1.0,0.5,0.0,0
scipy/scipy,a08a3e38bbfe6718283d0bfe4f6092201617fba3,a08a3e38bb,"BUG: stats: fix wrong shape output of _stats method for burr and fisk distributions (#13238)  As described in gh-13234, 'burr' and 'fisk' distributions returned a bad shaped array when scalar argument",bugfix,Python,Tirth Patel,2020-12-14 13:01:00-05:00,13,0,0,0,10,0,2,1,2,1.5,1,keyword_strict,Python,2018-2020,0.4,,10.0,0.33,0.5,0
numpy/numpy,e7709ea4ce04299829e3ce6fc28570f248c66fa0,e7709ea4ce,MAINT: Bump hypothesis from 5.41.5 to 5.43.3  Bumps [hypothesis](https://github.com/HypothesisWorks/hypothesis) from 5.41.5 to 5.43.3. - [Release notes](https://github.com/HypothesisWorks/hypothesis/r,other,Unknown,dependabot-preview[bot],2020-12-14 15:20:18+00:00,15,0,0,0,1,1,1,1,0,0.0,0,clean,Python,2018-2020,1.0,,0.5,0.5,0.0,0
numpy/numpy,3768b8ad352a5595073d1bdb04ea3523affb5732,3768b8ad35,get rid of memcpy.,other,C,Qiyu8,2020-12-14 15:56:06+08:00,15,0,0,0,21,5,1,0,2,26.0,0,clean,Python,2018-2020,1.0,,3.5,0.0,13.0,0
numpy/numpy,ae96df4f897ed07e4190070b8757488b05b1b0df,ae96df4f89,use max value to detect deviation,other,Python,Qiyu8,2020-12-14 16:20:38+08:00,16,0,0,0,10,12,6,1,6,1.17,0,clean,Python,2018-2020,1.0,,0.77,0.14,0.17,0
numpy/numpy,30c01122d2631269fa28f057f6723168b64ca783,30c01122d2,add highest gcc optimization level.,feature,Unknown,Qiyu8,2020-12-14 16:29:11+08:00,16,0,0,0,1,1,1,0,0,0.0,0,clean,Python,2018-2020,1.0,,0.5,0.0,0.0,0
scipy/scipy,60de19a08856331d05a63f24b11b60f43014dd0f,60de19a088,TST: _lib: More unit tests for _validate_int.,test,Python,Warren Weckesser,2020-12-14 18:59:02-05:00,18,0,0,0,7,4,1,1,4,1.0,0,clean,Python,2018-2020,1.0,,1.4,0.5,0.5,1
scipy/scipy,04b48ecb57e580304a106c111eccedbfc83dc1bc,04b48ecb57,"MAINT: add tests of trivial cost matrices for linear sum assignment  Similar tests used to be part of the general test that the method finds the expected results, but as pointed out by @rgommers in ht",feature,Python,Søren Fuglede Jørgensen,2020-12-14 19:50:19+01:00,19,0,0,0,8,0,1,1,1,1.0,0,clean,Python,2018-2020,1.0,,8.0,0.5,0.5,0
numpy/numpy,a08acd460fbe133b316b5e963a54dfa8208c036e,a08acd460f,add ARMV7 macro define header in order to prevent bus error.,feature,C,Qiyu8,2020-12-15 09:49:19+08:00,9,1,0,0,9,1,2,0,1,29.0,0,clean,Python,2018-2020,1.0,,4.5,0.0,9.67,0
numpy/numpy,1342aaa49d9544029f1ff1e56b404adfa1bef468,1342aaa49d,"DOC: Add more information about poly1d -> polynomial to reference guide (#16164)  * Added internal link to polynomial package.  Also uncapitalized Polynomial, to mitigate potential confusion of the ",bugfix,Unknown,Ross Barnowski,2020-12-15 11:09:44-07:00,11,1,0,0,154,10,1,0,0,0.0,1,keyword_strict,Python,2018-2020,0.4,,14.0,0.0,0.0,0
numpy/numpy,7628292e005fd3d6faf1b77434d2224921d49ad8,7628292e00,"DOC: Warn when reloading numpy or using numpy in sub-interpreter  This adds a warning when the main NumPy module is reloaded with the assumption that in this case objects such as `np.matrix`, `np._NoV",feature,Python,Sebastian Berg,2020-12-15 12:39:47-06:00,12,1,0,0,53,5,3,1,2,1.0,0,clean,Python,2018-2020,1.0,,8.83,0.25,0.25,0
numpy/numpy,a209ef9e4e3265efa3ba1c0f090c501fce82845a,a209ef9e4e,Unified code style.,other,C,Qiyu8,2020-12-15 16:14:18+08:00,16,1,0,0,3,3,1,0,1,3.0,0,clean,Python,2018-2020,1.0,,0.75,0.0,1.5,0
scipy/scipy,8a68767f63a22b85c0a8ba895a0a8de5b29f5b08,8a68767f63,ENH: linalg: Add LAPACK wrapper for tgexc.,feature,Python,Sven Baars,2020-12-15 18:48:52+01:00,18,1,0,0,103,0,3,1,1,3.0,0,clean,Python,2018-2020,1.0,,103.0,0.25,0.75,0
scipy/scipy,ab86c93faa171245fe82d72cb42c30978f7f807e,ab86c93faa,BUG: fix cval handling for complex inputs in ndimage.interpolation,bugfix,Python,Gregory Lee,2020-12-15 18:51:25-05:00,18,1,0,0,25,15,1,0,5,13.2,0,clean,Python,2018-2020,1.0,,1.56,0.0,6.6,0
scipy/scipy,36a49d780e01ee7114c9472a87049a4da4437357,36a49d780e,TST: test cval handling in ndimage.interpolation with complex inputs,test,Python,Gregory Lee,2020-12-15 18:52:11-05:00,18,1,0,0,20,0,1,1,1,2.0,0,clean,Python,2018-2020,1.0,,20.0,0.5,1.0,0
scipy/scipy,fe7d609e3d2c63256432dd1346db5d833a5cef83,fe7d609e3d,BUG: fix cval handling for complex inputs in ndimage.filters,bugfix,Python,Gregory Lee,2020-12-15 19:52:41-05:00,19,1,0,0,24,15,1,0,5,7.8,0,clean,Python,2018-2020,1.0,,1.5,0.0,3.9,0
scipy/scipy,84d9d2a1e476db4c76043256495f243c0613c2f5,84d9d2a1e4,BUG: avoid segfault if mode='grid-constant' is passed to ndimage.filter functions,bugfix,C,Gregory Lee,2020-12-15 19:52:46-05:00,19,1,0,0,2,0,1,0,2,45.5,0,clean,Python,2018-2020,1.0,,2.0,0.0,22.75,0
scipy/scipy,58e926d0f357c0d40f251c1713077b86a8e0b8e5,58e926d0f3,TST: test correlate and convolve functions with complex cval,test,Python,Gregory Lee,2020-12-15 19:52:52-05:00,19,1,0,0,101,16,1,1,10,2.9,0,clean,Python,2018-2020,1.0,,5.94,0.5,1.45,0
scipy/scipy,7593d6b6e51d482b94687d79b79befb2d953fd3d,7593d6b6e5,fix copy/paste error in test name,bugfix,Python,Gregory Lee,2020-12-15 20:11:20-05:00,20,1,0,0,2,2,1,1,2,1.0,0,clean,Python,2018-2020,1.0,,0.67,0.5,0.5,0
numpy/numpy,b5c5ad8e542413d1273c5a27fe14f439cabe869c,b5c5ad8e54,add strong alignment definition.which can be used in other areas.,feature,C,Qiyu8,2020-12-16 09:54:05+08:00,9,2,0,0,9,9,3,0,1,29.0,0,clean,Python,2018-2020,1.0,,0.9,0.0,7.25,0
numpy/numpy,3fc052fc6e64c6306974d4606551cc9b4711039f,3fc052fc6e,"DOC: Fix and extend the docstring for np.inner (#18002)  * DOC: fix the docstring for np.inner  * DOC: extend the docstring for np.inner and add an example  * DOC: update numpy/core/multiarray.py",bugfix,Python,Michal W. Tarnowski,2020-12-16 10:39:31+02:00,10,2,0,0,21,6,1,0,1,1.0,1,keyword_strict,Python,2018-2020,0.4,,3.0,0.0,0.5,0
numpy/numpy,e826c1f2616c72b023145fb4842bfbd1b60ddb3f,e826c1f261,add NPY_GCC_OPT_3 to all count_zero functions.,feature,C,Qiyu8,2020-12-16 11:40:44+08:00,11,2,0,0,3,3,1,0,0,0.0,0,clean,Python,2018-2020,1.0,,0.75,0.0,0.0,0
scipy/scipy,463f8a427b0ec04805be5665a533590fef1c1385,463f8a427b,"BUG,MAINT: Ensure all Pool objects are closed by with statements (#13253)",bugfix,Python,peterbell10,2020-12-16 12:43:32-05:00,12,2,0,0,5,12,4,2,4,12.5,1,keyword_strict,Python,2018-2020,0.4,,0.38,0.4,2.5,0
numpy/numpy,768e9e0a3cbe5febf5d7e031d5164b257add6237,768e9e0a3c,DOC: fix for doctests,bugfix,Unknown,mattip,2020-12-16 13:13:43+02:00,13,2,0,0,4,4,1,0,0,0.0,0,clean,Python,2018-2020,1.0,,0.8,0.0,0.0,0
numpy/numpy,6658f0f179ca22526631735194faa5d2c5559bf8,6658f0f179,DOC: Add a brief explanation of float printing  Also link to the overflow docs here.,feature,Unknown,Eric Wieser,2020-12-16 14:19:55+00:00,14,2,0,0,26,0,2,0,0,0.0,0,clean,Python,2018-2020,1.0,,26.0,0.0,0.0,0
numpy/numpy,0a562f37b849d945b99ee2a212b53901601ae9af,0a562f37b8,Update doc/source/reference/arrays.scalars.rst,docs,Unknown,Eric Wieser,2020-12-16 14:24:34+00:00,14,2,0,0,1,1,1,0,0,0.0,0,clean,Python,2018-2020,1.0,,0.5,0.0,0.0,0
numpy/numpy,b156231e40e280658dd1d6582d1d9734e0f56b09,b156231e40,add benchmark test case for little order.,feature,Python,Qiyu8,2020-12-16 16:23:54+08:00,16,2,0,0,5,1,2,0,2,15.0,0,clean,Python,2018-2020,1.0,,2.5,0.0,5.0,0
numpy/numpy,13da291b95fd8a0aad99b1d8ec45a2107526c2e4,13da291b95,Remove spaces around **,other,Unknown,Rin Arakaki,2020-12-16 16:36:14+09:00,16,2,0,0,6,6,1,0,0,0.0,0,clean,Python,2018-2020,1.0,,0.86,0.0,0.0,0
numpy/numpy,4a09b2fe9bc32b33f5411ced65cbec2389e2167f,4a09b2fe9b,only the last accumulation into the 2**32-bit counters needs this adjustment to avoid overflow.,other,C,Qiyu8,2020-12-16 17:30:19+08:00,17,2,0,0,10,9,1,0,3,3.0,0,clean,Python,2018-2020,1.0,,1.0,0.0,1.5,0
scipy/scipy,bfeeab0845abc732ec328ea8d562a3d9ab063390,bfeeab0845,DOC: optimize: add Linear sum assignment problem example tutorial.,feature,Unknown,Atsushi Sakai,2020-12-16 21:36:53+09:00,21,2,0,0,57,0,1,0,0,0.0,0,clean,Python,2018-2020,1.0,,57.0,0.0,0.0,0
scipy/scipy,b7fb78f2cbb5214cb4feb20c4926818e3205573c,b7fb78f2cb,BUG:linalg: Fix heevx wrappers and add new tests,bugfix,Python,Ilhan Polat,2020-12-16 23:53:24+01:00,23,2,0,1,25,22,2,1,2,1.0,0,clean,Python,2018-2020,1.0,,1.09,0.33,0.33,0
numpy/numpy,1d06fcb709c4819cda0321cfd2a0c5935b340f82,1d06fcb709,BLD: update to OpenBLAS 0.3.13,other,Python,mattip,2020-12-17 07:47:31+02:00,7,3,0,0,2,80,1,0,1,11.0,0,clean,Python,2018-2020,1.0,,0.02,0.0,5.5,0
mwaskom/seaborn,bcdac5411a1b71ff8d4a2fd12a937c129513e79e,bcdac5411a,"Add/restore functionality to long-form data processing (#2386)  * Add/restore functionality to long-form data processing  * Add tests for restored functionality  * Update release notes  * Requir",feature,Python,Michael Waskom,2020-12-17 08:05:30-05:00,8,3,0,0,65,18,3,1,4,5.0,0,clean,Python,2018-2020,1.0,,3.42,0.25,1.25,3
numpy/numpy,b80411d2eaf6eda8075764359ea32b59fcc6c468,b80411d2ea,Optimize the performance of einsum's submodule sum.,other,Unknown,Qiyu8,2020-12-17 14:53:43+08:00,14,3,0,0,78,426,1,0,0,0.0,0,clean,Python,2018-2020,1.0,,0.18,0.0,0.0,0
numpy/numpy,f3608c32c2d225dfc0ee0107d6310e6f1caef75f,f3608c32c2,add NPY_GCC_OPT_3 option.,feature,Unknown,Qiyu8,2020-12-17 15:05:18+08:00,15,3,0,0,3,3,1,0,0,0.0,0,clean,Python,2018-2020,1.0,,0.75,0.0,0.0,0
numpy/numpy,5109cbbfcbbc1f61607549484aaf10269b87a261,5109cbbfcb,DOC: random: add some examples for SeedSequence  Based on https://mail.python.org/pipermail/numpy-discussion/2020-December/081323.html,feature,Unknown,Evgeni Burovski,2020-12-17 18:36:52+03:00,18,3,0,0,38,0,1,0,0,0.0,0,clean,Python,2018-2020,1.0,,38.0,0.0,0.0,0
numpy/numpy,c3ffcb33964a708ac8fa1c6ef48c2e7d056a686c,c3ffcb3396,add ascii art to demonstrate the process and fix the lane_max ranges,bugfix,C,Qiyu8,2020-12-17 19:59:30+08:00,19,3,0,0,26,13,1,0,7,2.86,0,clean,Python,2018-2020,1.0,,1.86,0.0,1.43,0
numpy/numpy,5b63f260933672b7182daf4fb15ffcd15bae68bf,5b63f26093,"DOC: Doc for deprecate_with_doc (#17852)  * Add doc for deprecate_with_doc  Co-authored-by: Bas van Beek <43369155+BvB93@users.noreply.github.com> Co-authored-by: Matti Picus <matti.picus@gmail.com",feature,Python,kumudlakara,2020-12-17 20:08:22+02:00,20,3,0,0,37,3,3,2,4,1.25,0,clean,Python,2018-2020,1.0,,9.25,0.5,0.31,0
numpy/numpy,1c0ea7369d908f6c740e6f5fe95e0534938d98d3,1c0ea7369d,add missing opt 3 flag.,feature,Unknown,Qiyu8,2020-12-18 11:42:10+08:00,11,4,0,0,1,1,1,0,0,0.0,0,clean,Python,2018-2020,1.0,,0.5,0.0,0.0,0
numpy/numpy,087cb0015f3c474709720c07cd2fa0a3a4770988,087cb0015f,"DOC, MAINT: Minor fixes to refguide_check.py documentation.  [travis skip]",bugfix,Python,Charles Harris,2020-12-18 14:22:16-07:00,14,4,0,0,3,2,1,0,0,0.0,0,clean,Python,2018-2020,1.0,,1.0,0.0,0.0,0
scipy/scipy,cc39471c1f794104a8f26c0686a9029d1ff3ae62,cc39471c1f,CI: fix macOS,bugfix,Unknown,Andrew Nelson,2020-12-18 16:54:22+11:00,16,4,0,0,34,50,1,0,0,0.0,0,clean,Python,2018-2020,1.0,,0.67,0.0,0.0,0
scipy/scipy,27faacd7dcd136dc0697c40c5a277b31fc7028fb,27faacd7dc,CI: reactivate CI selectivity,other,Unknown,Andrew Nelson,2020-12-18 16:55:16+11:00,16,4,0,0,1,1,1,0,0,0.0,0,clean,Python,2018-2020,1.0,,0.5,0.0,0.0,0
scipy/scipy,ed9b36645613abe71724c06ddf6122031af084c2,ed9b366456,CI: a few other packages,other,Unknown,Andrew Nelson,2020-12-18 16:59:09+11:00,16,4,0,0,7,3,1,0,0,0.0,0,clean,Python,2018-2020,1.0,,1.75,0.0,0.0,0
scipy/scipy,09fc5ea3acb7842e661df103a209346d721e6865,09fc5ea3ac,"fix a minor typo in `stats.anderson` doc  At https://github.com/scipy/scipy/edit/master/scipy/stats/morestats.py#L1745 ""exponenential"" -> exponential  I also searched the repo and made sure that th",bugfix,Python,Falcon Dai,2020-12-18 19:29:04-08:00,19,4,0,0,1,1,1,0,1,6.0,0,clean,Python,2018-2020,1.0,,0.5,0.0,3.0,0
numpy/numpy,7dce0ed00dd406d03705257514e6fac9fa4e25bb,7dce0ed00d,"DOC: Parameter name typo axes -> axis in numpy.fft._pocketfft.  The parameter name seem to have a typo in both those case and reference axis (and not axes), this is likely due to copy-past as some oth",feature,Python,Matthias Bussonnier,2020-12-18 19:56:37-08:00,19,4,0,0,5,5,1,0,5,2.0,0,clean,Python,2018-2020,1.0,,0.83,0.0,1.0,1
numpy/numpy,09cbb7495b92a37ddfb5e7d1bc2e9964bc6a0609,09cbb7495b,DOC: Fix a couple of reference to verbatim and vice versa  This update a coupe of references (single backticks) that actually are not to verbatim/code (double backticks); and a couple of verbatim to r,bugfix,Python,Matthias Bussonnier,2020-12-18 20:49:36-08:00,20,4,0,0,16,16,5,0,4,5.75,0,clean,Python,2018-2020,1.0,,0.94,0.0,0.96,1
scipy/scipy,523acbf456a0f0a5c0826b9a5cf0ba34521fac5f,523acbf456,DOC: optimize: improve statements based on review.  Co-authored-by: Matt Haberland <mhaberla@calpoly.edu>,docs,Unknown,Atsushi Sakai,2020-12-18 21:20:56+09:00,21,4,0,0,1,1,1,0,0,0.0,0,clean,Python,2018-2020,1.0,,0.5,0.0,0.0,0
scipy/scipy,35bbf61eaeb80075d6a50b7b32be4d0a74698194,35bbf61eae,DOC: optimize: improve statements based on review.  Co-authored-by: Matt Haberland <mhaberla@calpoly.edu>,docs,Unknown,Atsushi Sakai,2020-12-18 21:24:00+09:00,21,4,0,0,1,1,1,0,0,0.0,0,clean,Python,2018-2020,1.0,,0.5,0.0,0.0,0
scipy/scipy,e1ed4427eb283f706322a1e2a7726308dc676f21,e1ed4427eb,DOC: optimize: improve statements based on review.  Co-authored-by: Matt Haberland <mhaberla@calpoly.edu>,docs,Unknown,Atsushi Sakai,2020-12-18 21:24:16+09:00,21,4,0,0,1,1,1,0,0,0.0,0,clean,Python,2018-2020,1.0,,0.5,0.0,0.0,0
scipy/scipy,fde717cc750a71c9d25e67e9909356755e896371,fde717cc75,DOC: optimize: add Assignment problems section.,feature,Unknown,Atsushi Sakai,2020-12-18 21:34:03+09:00,21,4,0,0,3,0,1,0,0,0.0,0,clean,Python,2018-2020,1.0,,3.0,0.0,0.0,0
numpy/numpy,ab585e6f8b047a9ca54578eb93e241917227e985,ab585e6f8b,ENH: Added annotations for `np.core.arrayprint`,feature,Unknown,Bas van Beek,2020-12-19 03:58:41+01:00,3,5,1,1,160,9,2,0,0,0.0,0,clean,Python,2018-2020,1.0,,16.0,0.0,0.0,0
numpy/numpy,76336f1cddc0f62d4ad952785877cd2f4c413911,76336f1cdd,DOC: Clarify that `np.array2string` can only take an `ndarray`,docs,Python,Bas van Beek,2020-12-19 03:59:29+01:00,3,5,1,1,1,1,1,0,1,8.0,0,clean,Python,2018-2020,1.0,,0.5,0.0,4.0,0
numpy/numpy,2717731451db52351f3dbf4814a1858a668744f0,2717731451,TST: Added typing tests for `np.core.arrayprint`,feature,Python,Bas van Beek,2020-12-19 03:59:34+01:00,3,5,1,1,69,0,3,0,0,0.0,0,clean,Python,2018-2020,1.0,,69.0,0.0,0.0,0
numpy/numpy,bfbe56caeb056456662309b33510f6b5531d3973,bfbe56caeb,MAINT: Fix typo SeepSequence,bugfix,Unknown,Charles Harris,2020-12-19 09:35:05-07:00,9,5,1,0,1,1,1,0,0,0.0,0,clean,Python,2018-2020,1.0,,0.5,0.0,0.0,0
mwaskom/seaborn,9b57ca13b9681d3a8b2cf6f73d11b46bfb865919,9b57ca13b9,"Allow clustermap row/col colors to be categorical (#2389)  * Test for categorical row/col_colors input  * Allow categorical row/col_colors input  * Remove unreachable code  At this stage colors ",test,Python,Maoz Gelbart,2020-12-19 09:52:31-05:00,9,5,1,0,32,22,2,1,4,9.25,0,clean,Python,2018-2020,1.0,,1.39,0.33,3.08,1
numpy/numpy,dc3fe03617103814d56941b74f4ebbf9b33cf3b2,dc3fe03617,"BUG: make a variable volatile to work around clang compiler bug (#18030)  * BUG: make a variable volatile to work around clang compiler bug  * Adding comments for relevance  * TST: Adding test to ",bugfix,Python,Raghuveer Devulapalli,2020-12-19 09:53:09-06:00,9,5,1,0,15,2,2,1,1,2.0,1,keyword_strict,Python,2018-2020,0.4,,5.0,0.33,0.67,0
numpy/numpy,81bb563172c84eb1eba92b05fa99d902d28af13b,81bb563172,MAINT: Small style fixes.,bugfix,Python,Charles Harris,2020-12-19 13:07:40-07:00,13,5,1,0,1,1,1,0,0,0.0,0,clean,Python,2018-2020,1.0,,0.5,0.0,0.0,0
mwaskom/seaborn,ead5a52a38a487c51478178b725abc8b213f0c53,ead5a52a38,"Reduce usage of global matplotlib state in axisgrid objects (#2388)  * Reduce usage of global matplotlib state in axisgrid objects  * Improve test coverage and legac compat in JointGrid  * Update ",test,Python,Michael Waskom,2020-12-19 13:47:11-05:00,13,5,1,0,99,25,3,1,15,6.0,0,clean,Python,2018-2020,1.0,,3.81,0.25,1.5,3
scipy/scipy,e7c58da8dbe83cf50a1982e645136d2ed98e3971,e7c58da8db,DOC: optimize: improved tutorial based on the review.,docs,Unknown,Atsushi Sakai,2020-12-19 15:00:23+09:00,15,5,1,0,35,8,1,0,0,0.0,0,clean,Python,2018-2020,1.0,,3.89,0.0,0.0,0
numpy/numpy,82e5747dd40cbbde9c728452f21fa4716492c81d,82e5747dd4,"MAINT: Remove any mention of `formatter[""str""]`  It's been non-functional for the past 8 years (xref https://github.com/numpy/numpy/pull/459)",other,Python,Bas van Beek,2020-12-19 15:41:38+01:00,15,5,1,0,4,9,2,0,3,8.67,0,clean,Python,2018-2020,1.0,,0.4,0.0,2.89,0
numpy/numpy,05fa6e4bc219fb4db0808ef5cf9aed96c8ec0844,05fa6e4bc2,MAINT: Added a type-alias for the `floatmode` annotations  Co-Authored-By: Eric Wieser <425260+eric-wieser@users.noreply.github.com>,feature,Unknown,Bas van Beek,2020-12-19 15:43:34+01:00,15,5,1,0,7,9,1,0,0,0.0,0,clean,Python,2018-2020,1.0,,0.7,0.0,0.0,0
scipy/scipy,eade3354629b67a6f67ce4ccb709f807a0bf0126,eade335462,ENH: stats: Add implementation of _entropy for the t distr.,feature,Python,Warren Weckesser,2020-12-19 16:36:48-05:00,16,5,1,0,14,0,2,1,2,1.0,0,clean,Python,2018-2020,1.0,,14.0,0.33,0.33,1
scipy/scipy,3b34042272aca46d709c1c5959f55c3a33aa5ad7,3b34042272,DOC: optimize: fix some doc issues.,bugfix,Unknown,Atsushi Sakai,2020-12-19 16:40:00+09:00,16,5,1,0,7,5,1,0,0,0.0,0,clean,Python,2018-2020,1.0,,1.17,0.0,0.0,0
scipy/scipy,6a5819b34ebb1898de99b78296865f6ec17b9087,6a5819b34e,"CI: github actions: In the linux dbg tests, update apt before install packages.",test,Unknown,Warren Weckesser,2020-12-19 16:52:13-05:00,16,5,1,0,1,0,1,0,0,0.0,0,clean,Python,2018-2020,1.0,,1.0,0.0,0.0,1
scipy/scipy,9347fe00e80ec3614af0b675db1ef9701c37537a,9347fe00e8,MAINT: stats: Put the line break before the binary operator (Knuth-style).  Co-authored-by: Matt Haberland <mhaberla@calpoly.edu>,other,Python,Warren Weckesser,2020-12-19 17:33:56-05:00,17,5,1,0,2,2,1,0,1,1.0,0,clean,Python,2018-2020,1.0,,0.67,0.0,0.5,1
scipy/scipy,797e0d939632238fe67a3db398e72cd3094e8205,797e0d9396,TST: stats: Loosen rel. tol. for test for t.entropy,test,Python,Warren Weckesser,2020-12-19 18:28:36-05:00,18,5,1,0,1,1,1,1,1,1.0,0,clean,Python,2018-2020,1.0,,0.5,0.5,0.5,1
scipy/scipy,babe19d7adf36b68b3eb6ebc57feb2fd1aca39a3,babe19d7ad,DOC: stats: fix typo in Yeo-Johnson LL function documentation,bugfix,Python,Matt Haberland,2020-12-20 12:09:57-08:00,12,6,1,0,5,5,1,0,3,12.0,0,clean,Python,2018-2020,1.0,,0.83,0.0,6.0,1
scipy/scipy,5c5516a72dc41efb8f308f384eb79df57cd87af8,5c5516a72d,"FIX: bounded parameter in cdfchn.f gives bad results (#11477)  BUG: special: Increase search range for X and DF in CDFCHN in CDFLIB.  Increase the search range from 1E4 to 1E9. Change the numerical",bugfix,Python,Benjamin,2020-12-20 14:38:15-05:00,14,6,1,0,120,12,4,3,6,5.33,1,keyword_strict,Python,2018-2020,0.4,,9.23,0.6,1.07,0
mwaskom/seaborn,a586ce8ca8cc30c14c9169b087a106fe14b70225,a586ce8ca8,"Docs tidying for v0.11.1 release (#2393)  * Update doc dependencies  * Suppress function signatures on main API page  * Add conf params for compatability with newer doc theme  * Fix typos and fo",bugfix,Python,Michael Waskom,2020-12-20 14:38:50-05:00,14,6,1,0,49,34,8,0,0,0.0,0,clean,Python,2018-2020,1.0,,1.4,0.0,0.0,3
mwaskom/seaborn,69adad6cd6dd7999fdc510b0ac5a162eed024aef,69adad6cd6,Fix API docs sphinx,bugfix,Unknown,Michael Waskom,2020-12-20 14:47:54-05:00,14,6,1,0,7,7,1,0,0,0.0,0,clean,Python,2018-2020,1.0,,0.88,0.0,0.0,3
scipy/scipy,060eda5c0cd0da31aeb1cde7cd2600e1e273b57e,060eda5c0c,DOC: stats: clarification of interval method documentation,docs,Python,Matt Haberland,2020-12-20 14:56:36-08:00,14,6,1,0,1,1,1,0,0,0.0,0,clean,Python,2018-2020,1.0,,0.5,0.0,0.0,1
mwaskom/seaborn,d5ded462d98f4d5754e157c89cd324c2c657d3e9,d5ded462d9,Reduce doc CI parallelization (#2394)  Can't parallelize over notebooks/html steps without breaking things,docs,Unknown,Michael Waskom,2020-12-20 15:25:46-05:00,15,6,1,0,3,3,1,0,0,0.0,0,clean,Python,2018-2020,1.0,,0.75,0.0,0.0,3
mwaskom/seaborn,76b5f4630cabb12cf6ca4b06936ada0cdfe45729,76b5f4630c,Add v0.11.1 Zenodo badge,feature,Unknown,Michael Waskom,2020-12-20 15:51:45-05:00,15,6,1,0,3,0,1,0,0,0.0,0,clean,Python,2018-2020,1.0,,3.0,0.0,0.0,3
scipy/scipy,347c5d11a9c6f9c7ff59ed5a0aa32df78d17e5b9,347c5d11a9,DOC: stats: fix MGF of arcsine and entropy of t in tutorial (#13233),bugfix,Unknown,Matt Haberland,2020-12-20 16:41:04-05:00,16,6,1,0,15,6,2,0,0,0.0,1,keyword_strict,Python,2018-2020,0.4,,2.14,0.0,0.0,1
numpy/numpy,c5539458a06e79af6b3a96134de39336f44aa1a8,c5539458a0,"BLD, BUG: Fix detecting aarch64 on macOS  Co-authored-by: h-vetinari <h.vetinari@gmx.com>",bugfix,Python,Sayed Adel,2020-12-20 19:19:40+00:00,19,6,1,0,77,81,4,2,6,8.0,0,clean,Python,2018-2020,1.0,,0.94,0.4,1.6,0
numpy/numpy,3944f409884b50c3cb0cf101b54e622e6125a850,3944f40988,"BLD, MAINT: add platform info to the final optimization report",feature,Python,Sayed Adel,2020-12-20 19:20:30+00:00,19,6,1,0,12,10,1,0,1,29.0,0,clean,Python,2018-2020,1.0,,1.09,0.0,14.5,0
numpy/numpy,f5579746f07a4f40d8b9391336fac0ee79659d22,f5579746f0,"DEC: deprecate the decorators in np.testing.dec  Since the decorators in np.testing.dec are intended for nose test framework support, deprecate them by updating the docstring and adding a warning when",feature,Python,Ryan Polley,2020-12-20 20:45:36-06:00,20,6,1,0,41,0,1,0,8,1.75,0,clean,Python,2018-2020,1.0,,41.0,0.0,0.88,0
numpy/numpy,7fb6a0bf6064c5a06440ea188a281e2bb8c49e61,7fb6a0bf60,DEC: update deprecation version to 1.21 and add date comments,feature,Python,Ryan Polley,2020-12-20 21:06:04-06:00,21,6,1,0,18,12,1,0,8,1.75,0,clean,Python,2018-2020,1.0,,1.38,0.0,0.88,0
numpy/numpy,b05294c169438d4e230374f0e9677682d84c0094,b05294c169,TST: move np.testing.dec tests to test_deprecations.py,test,Python,Ryan Polley,2020-12-20 23:25:19-06:00,23,6,1,1,213,211,2,2,62,1.61,0,clean,Python,2018-2020,1.0,,1.0,0.67,0.54,0
scipy/scipy,5fb232730b41b60a79f822db7fd47909dd5f6947,5fb232730b,"MAINT: stats: power_divergence: check sum of observed/expected frequencies (#13193)  * In power_divergence (and therefore chisquare), raise an error if there is a   discrepancy between the total expe",test,Python,Matt Haberland,2020-12-20 23:31:16-05:00,23,6,1,1,67,22,2,1,6,2.67,0,clean,Python,2018-2020,1.0,,2.91,0.33,0.89,2
scipy/scipy,648a32eae454e6e72b5241485060b6e235ffc751,648a32eae4,MAINT: stats: raise error when input to kruskal is not 1-d (#13232)  Closes gh-9981.,other,Python,Matt Haberland,2020-12-20 23:36:42-05:00,23,6,1,1,13,1,2,1,2,8.0,0,clean,Python,2018-2020,1.0,,6.5,0.33,2.67,2
scipy/scipy,cff7a85ccefa80667feecd1e5333212121204e7d,cff7a85cce,MAINT: stats: Correct a comment in the _fitstart method of gamma.,other,Python,Warren Weckesser,2020-12-21 00:37:21-05:00,0,0,0,1,1,1,1,0,1,1.0,0,clean,Python,2018-2020,1.0,,0.5,0.0,0.5,1
numpy/numpy,36d0f17184628377ffa4bfac98a0346d6d10a7da,36d0f17184,MAINT: Bump pytest from 6.2.0 to 6.2.1  Bumps [pytest](https://github.com/pytest-dev/pytest) from 6.2.0 to 6.2.1. - [Release notes](https://github.com/pytest-dev/pytest/releases) - [Changelog](https:/,test,Unknown,dependabot-preview[bot],2020-12-21 07:30:09+00:00,7,0,0,0,1,1,1,1,0,0.0,0,clean,Python,2018-2020,1.0,,0.5,0.5,0.0,0
numpy/numpy,bf1eb1b2965adc75d87e28621b5490dc45768ff0,bf1eb1b296,DOC: Update TESTS.rst.txt  Use python3 style print statements in examples.,test,Unknown,Faris A Chugthai,2020-12-21 10:01:32-05:00,10,0,0,0,5,5,1,1,0,0.0,0,clean,Python,2018-2020,1.0,,0.83,0.5,0.0,0
mwaskom/seaborn,2774f1e9af0616d8a45c6a92f2fb02de103e7d3c,2774f1e9af,"Corrects typo in the diverging palette doc sub-section title (#2397)  * Corrects typo in the doc.  * Fixes the length of the underline",bugfix,Unknown,Robin Scheibler,2020-12-21 10:35:33-05:00,10,0,0,0,2,2,1,0,0,0.0,0,clean,Python,2018-2020,1.0,,0.67,0.0,0.0,0
scipy/scipy,7d0cf5b873282cea823ab69438080ad15e458f5a,7d0cf5b873,ENH: lazy loading direction numbers,other,Python,Pamphile ROY,2020-12-21 11:35:55-08:00,11,0,0,0,14,6,3,1,2,2.0,0,clean,Python,2018-2020,1.0,,2.0,0.25,0.5,0
scipy/scipy,b342fde2462c9edbffda34502c719a424b4783cb,b342fde246,"Update SobolEngine with new direction numbers, supports dimensions up to 21201  Uses 21201-dim numbers with search criterion 6 from https://web.maths.unsw.edu.au/~fkuo/sobol/",feature,Python,Max Balandat,2020-12-21 11:35:55-08:00,11,0,0,0,31,1240,4,0,2,2.0,0,clean,Python,2018-2020,1.0,,0.02,0.0,0.4,0
scipy/scipy,ab921191c560648c07e82389e2599209f39a4e4b,ab921191c5,CLN: tests,test,Python,Pamphile ROY,2020-12-21 11:35:55-08:00,11,0,0,0,387,345,3,2,49,1.33,0,clean,Python,2018-2020,1.0,,1.12,0.5,0.33,0
scipy/scipy,e0cc19a3cec2348e82989fe659c9c103649312d7,e0cc19a3ce,CLN: doc and uniformize params,docs,Python,Pamphile ROY,2020-12-21 11:35:55-08:00,11,0,0,0,262,221,4,2,33,1.91,0,clean,Python,2018-2020,1.0,,1.18,0.4,0.38,0
scipy/scipy,1f95c591da25c11394e7d3dff8b5604bec29e7bb,1f95c591da,MAINT: refactor Sobol with class-based API,refactor,Python,Pamphile ROY,2020-12-21 11:35:55-08:00,11,0,0,0,2375,3,4,1,47,1.66,0,clean,Python,2018-2020,1.0,,593.75,0.2,0.33,0
scipy/scipy,9a71a5e8c5775c2d80e833298cb1fd99f94e592d,9a71a5e8c5,MAINT: refactoring to class-based API,refactor,Python,Pamphile ROY,2020-12-21 11:35:55-08:00,11,0,0,0,389,248,2,1,19,2.21,0,clean,Python,2018-2020,1.0,,1.56,0.33,0.74,0
scipy/scipy,e99d03d2eafe2de340a9ef0d33a3b9338da58bce,e99d03d2ea,"CLN, Fix bounds in _update_discrepancy and coverage",bugfix,Python,Pamphile ROY,2020-12-21 11:35:55-08:00,11,0,0,0,66,34,2,1,14,1.57,0,clean,Python,2018-2020,1.0,,1.89,0.33,0.52,0
scipy/scipy,36f1133338fa0f24a53f9c6744d3d27b17a281b2,36f1133338,FIX: global variables in cython for Sobol and tests,bugfix,Python,Pamphile ROY,2020-12-21 11:35:55-08:00,11,0,0,0,28,35,3,2,10,1.1,0,clean,Python,2018-2020,1.0,,0.78,0.5,0.28,0
scipy/scipy,d1cbcb7bd605cda9766365a44d1c55aa08d5bb7d,d1cbcb7bd6,CLN: remove basinhopping check and doc,docs,Python,Pamphile Roy,2020-12-21 11:35:55-08:00,11,0,0,0,17,18,2,1,9,3.11,0,clean,Python,2018-2020,1.0,,0.89,0.33,1.04,0
scipy/scipy,ffe3eba12fffa7107c6bd97d375d3be975dcf7f3,ffe3eba12f,Seed option in generators,other,Python,Pamphile Roy,2020-12-21 11:35:55-08:00,11,0,0,0,61,23,2,1,9,5.0,0,clean,Python,2018-2020,1.0,,2.54,0.33,1.67,0
scipy/scipy,940b9091700a9404a4b1fbd0eb1dc3003ac32ad3,940b909170,Refactor doe to qmc,refactor,Python,Pamphile Roy,2020-12-21 11:35:55-08:00,11,0,0,0,36,36,3,1,10,1.2,0,clean,Python,2018-2020,1.0,,0.97,0.25,0.3,0
scipy/scipy,7e1efdf691d1a84184d11cf47e79453dfd051eb3,7e1efdf691,ENH: better tests for OptimalDesign and fix,bugfix,Python,Pamphile ROY,2020-12-21 11:35:55-08:00,11,0,0,0,30,41,2,1,2,1.5,0,clean,Python,2018-2020,1.0,,0.71,0.33,0.5,0
scipy/scipy,7caade09d72607e339b19a27ff1c931ce315c942,7caade09d7,"ENH: method param for discrepancy CD, WD, MD, star and remove bounds",other,Python,Pamphile ROY,2020-12-21 11:35:55-08:00,11,0,0,0,105,115,2,1,10,2.7,0,clean,Python,2018-2020,1.0,,0.91,0.33,0.9,0
scipy/scipy,e097237aef642c33ee7c9813425e7d9a4ad65df1,e097237aef,ENH: doe functions,other,Python,Pamphile Roy,2020-12-21 11:35:55-08:00,11,0,0,0,770,0,3,1,20,2.6,0,clean,Python,2018-2020,1.0,,770.0,0.25,0.65,0
scipy/scipy,274ed5f9e2caa431f8d804c1d8376be3861b002d,274ed5f9e2,"DOC, ENH: more doc about engine, examples and add reset",feature,Python,Pamphile ROY,2020-12-21 11:35:55-08:00,11,0,0,0,450,200,4,1,15,2.13,0,clean,Python,2018-2020,1.0,,2.24,0.2,0.43,0
scipy/scipy,7da104e67fcb209912fc4deca62deae2120e6249,7da104e67f,FIX: lint error and refactor k_vars to dim,bugfix,Python,Pamphile ROY,2020-12-21 11:35:55-08:00,11,0,0,0,101,98,4,1,34,1.79,0,clean,Python,2018-2020,1.0,,1.02,0.2,0.36,0
scipy/scipy,376e04a3fa90e26e1f2b466929d16d5799e3360f,376e04a3fa,"Fix typo in data preparation script, add reference.  The `_sobol_direction_numbers` file was generated properly, it was just a typo in the script.",bugfix,Unknown,Max Balandat,2020-12-21 11:37:58-08:00,11,0,0,0,7,1,1,0,0,0.0,0,clean,Python,2018-2020,1.0,,3.5,0.0,0.0,0
scipy/scipy,b58af96e64a235b2446afb4029b19f1acd7108a1,b58af96e64,DOC: Improve reproducibility of SobolEngine,docs,Unknown,Max Balandat,2020-12-21 11:37:58-08:00,11,0,0,0,43,4,1,0,0,0.0,0,clean,Python,2018-2020,1.0,,8.6,0.0,0.0,0
scipy/scipy,acded815bec755819c660c5bdaf70b30c8eaf6d1,acded815be,DOC: refactoring,refactor,Python,Pamphile ROY,2020-12-21 11:37:58-08:00,11,0,0,0,1513,1510,3,1,48,2.21,0,clean,Python,2018-2020,1.0,,1.0,0.25,0.55,0
scipy/scipy,ef21eba721c6bf3e6c3e312becefa6f457b7334e,ef21eba721,"TST, FIX: random_base2 and re-drawing",bugfix,Python,Pamphile ROY,2020-12-21 11:37:58-08:00,11,0,0,0,21,11,2,1,6,1.5,0,clean,Python,2018-2020,1.0,,1.75,0.33,0.5,0
scipy/scipy,f9783d5d9f0c3c9cf2de2b47ded6b3cf95f3c7ef,f9783d5d9f,ENH: scrambled Halton and refactor VDC,refactor,Python,Pamphile ROY,2020-12-21 11:37:58-08:00,11,0,0,0,90,20,2,1,9,1.56,0,clean,Python,2018-2020,1.0,,4.29,0.33,0.52,0
scipy/scipy,9f643acfdebcfdee6256cf5d255737de38e2f0a6,9f643acfde,DOC: refactoring,refactor,Python,Pamphile ROY,2020-12-21 11:37:58-08:00,11,0,0,0,55,17,1,0,0,0.0,0,clean,Python,2018-2020,1.0,,3.06,0.0,0.0,0
scipy/scipy,f3706b23768a161e6b2d4074810f4dba8b436da8,f3706b2376,DOC: move QMC toctree,docs,Python,Pamphile ROY,2020-12-21 11:37:58-08:00,11,0,0,0,1,11,1,0,0,0.0,0,clean,Python,2018-2020,1.0,,0.08,0.0,0.0,0
scipy/scipy,60a19e6658c4d5d2839a6716e1e82ddea4e56ebe,60a19e6658,DOC: linting and refguide fixes,bugfix,Python,Pamphile ROY,2020-12-21 11:37:58-08:00,11,0,0,0,19,10,7,0,0,0.0,0,clean,Python,2018-2020,1.0,,1.73,0.0,0.0,0
scipy/scipy,6a35d9c40558decc452f19967b60e002af2f9e3c,6a35d9c405,"ENH, DOC: random_base2 and doc from Art",docs,Python,Pamphile ROY,2020-12-21 11:37:58-08:00,11,0,0,0,128,52,3,2,12,3.08,0,clean,Python,2018-2020,1.0,,2.42,0.5,0.77,0
scipy/scipy,794ce18c11a8a83d4aee7616f36271d429c7e551,794ce18c11,ENH: scramble Sobol by default,other,Python,Pamphile ROY,2020-12-21 11:37:58-08:00,11,0,0,0,25,14,2,1,11,1.91,0,clean,Python,2018-2020,1.0,,1.67,0.33,0.64,0
scipy/scipy,269c7b0d0233122b4a0b1e65385f5d3a588f9b6a,269c7b0d02,"FIX, ENH: perturb LHS, Sobol' logic and n_samples",bugfix,Python,Pamphile ROY,2020-12-21 11:37:58-08:00,11,0,0,0,36,31,2,1,8,3.12,0,clean,Python,2018-2020,1.0,,1.12,0.33,1.04,0
scipy/scipy,63d1ea80304b03febee9e9bbf330a3cf34c0e330,63d1ea8030,CLN: pep8,other,Python,Pamphile ROY,2020-12-21 11:37:58-08:00,11,0,0,0,93,59,3,2,17,2.71,0,clean,Python,2018-2020,1.0,,1.55,0.5,0.68,0
scipy/scipy,d75006ae62c869f9b07c343a7ba1652df043a39c,d75006ae62,Fix: Sobol start with 0,bugfix,Python,Pamphile ROY,2020-12-21 11:37:58-08:00,11,0,0,0,58,38,3,2,19,2.16,0,clean,Python,2018-2020,1.0,,1.49,0.5,0.54,0
scipy/scipy,14eba51b2e02a213ab03a9b940f12613976dc5b1,14eba51b2e,FIX: Halton start with 0,bugfix,Python,Pamphile ROY,2020-12-21 11:37:58-08:00,11,0,0,0,19,17,2,1,2,1.5,0,clean,Python,2018-2020,1.0,,1.06,0.33,0.5,0
scipy/scipy,b24017ea594a0e32e711c99015fbb27432a96ff0,b24017ea59,DOC: General QMC from Art,docs,Python,Pamphile ROY,2020-12-21 11:37:58-08:00,11,0,0,0,227,51,2,1,6,2.0,0,clean,Python,2018-2020,1.0,,4.37,0.33,0.67,0
scipy/scipy,faf2d813dd6d80caeb3dd8699f0bd4f3e8421be0,faf2d813dd,CLN: review and change constant import,other,Python,Pamphile ROY,2020-12-21 11:37:58-08:00,11,0,0,0,172,178,3,0,5,5.8,0,clean,Python,2018-2020,1.0,,0.96,0.0,1.45,0
scipy/scipy,9f8bf256bc1536c6df5e4ef13e75c207211657b8,9f8bf256bc,Fix bad character in docstring,bugfix,Unknown,Max Balandat,2020-12-21 11:48:55-08:00,11,0,0,0,1,1,1,0,0,0.0,0,clean,Python,2018-2020,1.0,,0.5,0.0,0.0,0
scipy/scipy,cf7f066fef75ee86ccf680ab3c50191afe6a06fc,cf7f066fef,Fix another bad character.,bugfix,Unknown,Max Balandat,2020-12-21 11:54:12-08:00,11,0,0,0,1,1,1,0,0,0.0,0,clean,Python,2018-2020,1.0,,0.5,0.0,0.0,0
numpy/numpy,0e7ca712891b07341fcd6a01b9834807fd12e49c,0e7ca71289,TST: add back sdist test run,feature,Unknown,mattip,2020-12-21 12:21:16+02:00,12,0,0,0,15,0,1,1,0,0.0,0,clean,Python,2018-2020,1.0,,15.0,0.5,0.0,0
numpy/numpy,ac8d17df37d199f9ce664c1e5c7207491b9a6e25,ac8d17df37,"BLD,DOC: pin sphinx to 3.3.1",docs,Unknown,mattip,2020-12-21 13:02:59+02:00,13,0,0,0,1,1,1,0,0,0.0,0,clean,Python,2018-2020,1.0,,0.5,0.0,0.0,0
numpy/numpy,50dce51e9fcbf5d80bfdc1bfe2b41fc9a9e9f9cc,50dce51e9f,"BUG: Fix concatenation when the output is ""S"" or ""U""  Previously, the dtype was used, this now assumes that we want to cast to a string of (unknown) length.  This is a simplified version of what happe",bugfix,C,Sebastian Berg,2020-12-21 18:03:13-06:00,18,0,0,0,116,40,4,1,4,3.25,0,clean,Python,2018-2020,1.0,,2.83,0.2,0.65,0
numpy/numpy,864848ebc58d4eb3a5e79ce1ce3c0f07bf77e8f3,864848ebc5,MAINT: Add aliases for commonly used `ArrayLike` objects,feature,Python,Bas van Beek,2020-12-21 18:33:49+01:00,18,0,0,0,96,7,2,0,0,0.0,0,clean,Python,2018-2020,1.0,,12.0,0.0,0.0,0
mwaskom/seaborn,0a24478a550132f1882e5be5f5dbc0fc446a8a6c,0a24478a55,"Raise minimal supported Python to 3.7 and bump requirements (#2396)  * Raise minimal officially supported Python to 3.7  Following NEP29 and upstream libraries  * Make minor bumps to minimally sup",bugfix,Python,Michael Waskom,2020-12-21 18:44:58-05:00,18,0,0,0,38,76,15,4,9,5.11,0,clean,Python,2018-2020,1.0,,0.49,0.25,0.32,3
scipy/scipy,91b49b726188ae75a03bc909130959c66b57d25f,91b49b7261,"BUG: stats: fix the _cdf method of rv_discrete class  As described in gh-13280, the cdf method failed for 'hypergeom' and 'nhypergeom' distributions when invalid arguments were passed. The fix is to f",bugfix,Python,Tirth Patel,2020-12-22 08:10:53+05:30,8,1,0,0,11,1,2,1,2,2.0,0,clean,Python,2018-2020,1.0,,5.5,0.33,0.67,1
scipy/scipy,c559915e3f316e481b645fe9fc27c55fa442cbff,c559915e3f,DOC: stats: clairify rv_continuous.stats example,docs,Python,Matt Haberland,2020-12-22 09:26:04-08:00,9,1,0,0,2,2,1,0,0,0.0,0,clean,Python,2018-2020,1.0,,0.67,0.0,0.0,2
numpy/numpy,c5daaf0683f360143b16bfe6e0ce83c50f5cb757,c5daaf0683,remove one inner loops in order to save more cycles.,other,C,Qiyu8,2020-12-22 09:44:08+08:00,9,1,0,0,24,26,1,0,4,2.75,0,clean,Python,2018-2020,1.0,,0.89,0.0,1.38,0
numpy/numpy,dd25816ccb9701af74895c95d3f0f2d31abbdf01,dd25816ccb,TST: add stacklevel parameter to test calls to warnings.warn  For whatever reason the build system doesn't like the test calls to warnings.warn with no stacklevel parameter inside the tests that I mov,feature,Python,Ryan Polley,2020-12-22 10:19:00-06:00,10,1,0,0,3,3,1,1,5,1.0,0,clean,Python,2018-2020,1.0,,0.75,0.5,0.5,0
numpy/numpy,ab12dc87f4717fc0fdeca314cd32cd5924928595,ab12dc87f4,DOC: Update examples in stack docstrings (#18054)  The numbers chosen in the stacking examples can make them difficult to interpret. I suggest using different numbers to make it unambiguous.,docs,Python,daaawx,2020-12-22 14:46:24+00:00,14,1,0,0,21,21,1,0,4,4.25,0,clean,Python,2018-2020,1.0,,0.95,0.0,2.12,0
numpy/numpy,a5285349805c5e794700a3dfcb378b391c53b0c8,a528534980,ENH: Added a mypy plugin for handling platform-specific `np.number` precisions,feature,Python,Bas van Beek,2020-12-22 17:24:04+01:00,17,1,0,0,229,37,7,0,4,1.5,0,clean,Python,2018-2020,1.0,,6.03,0.0,0.19,0
numpy/numpy,edacfda3da401c56f1eb32d58de08581e03f84d6,edacfda3da,ENH: Centralize all `DTypeLike` string aliases in `numpy.typing`,other,Python,Bas van Beek,2020-12-22 17:24:04+01:00,17,1,0,0,282,246,3,0,0,0.0,0,clean,Python,2018-2020,1.0,,1.14,0.0,0.0,0
numpy/numpy,dd7e9ad06a2696378f1b501ad44bb3a5094e5a25,dd7e9ad06a,"DOC,STY: Fixed a few typos and the likes",bugfix,Python,Bas van Beek,2020-12-22 17:24:04+01:00,17,1,0,0,5,5,1,0,0,0.0,0,clean,Python,2018-2020,1.0,,0.83,0.0,0.0,0
numpy/numpy,133cf30ad1f34d1d6990133502c5a30209b51e6f,133cf30ad1,ENH: Take the precision of `np.int_` into account arithmetic operations,other,Python,Bas van Beek,2020-12-22 17:24:04+01:00,17,1,0,0,50,48,4,0,0,0.0,0,clean,Python,2018-2020,1.0,,1.02,0.0,0.0,0
numpy/numpy,0917df2953ebe716c45c92671cb652eacd7dd8fd,0917df2953,DOC: Add a docstring to the mypy plugin entry-point,feature,Python,Bas van Beek,2020-12-22 17:24:04+01:00,17,1,0,0,1,0,1,0,1,1.0,0,clean,Python,2018-2020,1.0,,1.0,0.0,0.5,0
numpy/numpy,fd17d1eb73b93facafac84ecc24f3117de5247b4,fd17d1eb73,TST: Add `numpy.typing.mypy_plugin` to the list of public modules,feature,Python,Bas van Beek,2020-12-22 17:24:04+01:00,17,1,0,0,3,0,2,1,0,0.0,0,clean,Python,2018-2020,1.0,,3.0,0.33,0.0,0
numpy/numpy,8685cf3ad8faa3dc2828be59fa45351456f55aee,8685cf3ad8,"MAINT,TST: Fixed a failure due platform-dependent precisions",bugfix,Python,Bas van Beek,2020-12-22 17:24:04+01:00,17,1,0,0,4,4,1,0,0,0.0,0,clean,Python,2018-2020,1.0,,0.8,0.0,0.0,0
numpy/numpy,92e549fc1c02e86363daf9de5945d2fb5259951c,92e549fc1c,MAINT: Import `mypy` via a try/except approach  Fixes an issue where the `pypy` tests would fail,bugfix,Python,Bas van Beek,2020-12-22 17:24:04+01:00,17,1,0,0,23,15,1,0,4,1.25,0,clean,Python,2018-2020,1.0,,1.44,0.0,0.62,0
numpy/numpy,9fa57fd482e113c089cc9aae8ac4200ac877455e,9fa57fd482,ENH: Add unit support to the `datetime64`/`timedelta64` character codes,feature,Python,Bas van Beek,2020-12-22 17:24:04+01:00,17,1,0,0,66,6,1,0,0,0.0,0,clean,Python,2018-2020,1.0,,9.43,0.0,0.0,0
numpy/numpy,ba4ad04b356aac976cf7940d8885c66cdab0b706,ba4ad04b35,DOC: Add a comment about truncating and sub-string matching  Co-Authored-By: Eric Wieser <425260+eric-wieser@users.noreply.github.com>,feature,Python,Bas van Beek,2020-12-22 17:24:04+01:00,17,1,0,0,3,0,1,0,0,0.0,0,clean,Python,2018-2020,1.0,,3.0,0.0,0.0,0
numpy/numpy,4b27d3a54d7c8dd4d2ae502f85a15d8bc529ba86,4b27d3a54d,Update mypy_plugin.py,other,Python,Bas van Beek,2020-12-22 17:24:04+01:00,17,1,0,0,1,1,1,0,1,2.0,0,clean,Python,2018-2020,1.0,,0.5,0.0,1.0,0
numpy/numpy,75c532dd95d7233de5a4f57554a88657380dc1ec,75c532dd95,REL: Added a release note,feature,Unknown,Bas van Beek,2020-12-22 17:24:04+01:00,17,1,0,0,22,0,1,0,0,0.0,0,clean,Python,2018-2020,1.0,,22.0,0.0,0.0,0
numpy/numpy,0daed8701f941945a10daf4969843a346c933baf,0daed8701f,ENH: Use `intp` as return type for all appropiate functions  Since `intp` is now annotated it can be used in place of `signedinteger[Any]`,other,Python,Bas van Beek,2020-12-22 17:24:04+01:00,17,1,0,0,29,28,4,0,0,0.0,0,clean,Python,2018-2020,1.0,,1.0,0.0,0.0,0
numpy/numpy,150d459e0cf7ce8c92c971260e4aa88cbae43a2c,150d459e0c,"ENH, SIMD: Add new NPYV intrinsics pack(1)     - add bitwise logical operations for boolean vectors    - add round conversion for float vectors    - add NAN test for float vectors    - add conditional",feature,Python,Sayed Adel,2020-12-22 20:34:43+00:00,20,1,0,0,598,5,21,1,33,1.45,0,clean,Python,2018-2020,1.0,,99.67,0.05,0.07,0
numpy/numpy,f66d5dbb02f576541133f1108d73ae81f8a8f42f,f66d5dbb02,"BLD: ensure we give the right error message for old Python versions  Before this change, it would give a random syntax error somewhere in `versioneer`.",other,Python,Ralf Gommers,2020-12-22 21:11:50+01:00,21,1,0,0,10,5,1,0,0,0.0,0,clean,Python,2018-2020,1.0,,1.67,0.0,0.0,0
numpy/numpy,e5428f24f0d24080ac01e26b3b99672f9e1cc93e,e5428f24f0,TST: Allow mypy output types to be specified via aliases,other,Python,Bas van Beek,2020-12-23 00:22:36+01:00,0,2,0,1,79,3,1,1,3,2.67,0,clean,Python,2018-2020,1.0,,19.75,0.5,1.34,0
numpy/numpy,47246d2f3867d3d8999d540e2b14dce795c87f45,47246d2f38,TST: Use type-aliases for describing `np.number` subclasses,other,Python,Bas van Beek,2020-12-23 00:22:36+01:00,0,2,0,1,432,434,8,0,0,0.0,0,clean,Python,2018-2020,1.0,,0.99,0.0,0.0,0
scipy/scipy,2e5d9e5eee30bcf29ad6520fbac060fd034616eb,2e5d9e5eee,"MAINT: stats: apply suggestions from code review  Remove `dtype='d'` from `np.array` call when initializing an array of `nan`s.  Co-authored-by: Warren Weckesser <warren.weckesser@gmail.com>",other,Python,Tirth Patel,2020-12-23 05:51:34+05:30,5,2,0,1,2,2,1,1,1,1.0,0,clean,Python,2018-2020,1.0,,0.67,0.5,0.5,1
mwaskom/seaborn,f1852b584c3edb750cfc0ee7c6cf6b34453ca5c9,f1852b584c,"Make scipy an optional dependency (#2398)  * Vendor reduced version of scipy's KDE, adapt existing KDE code  * Adapt violinplot and stripplot to not require scipy  * Remove vendored kde docstring ",bugfix,Python,Michael Waskom,2020-12-23 11:10:16-05:00,11,2,0,0,618,280,21,6,50,3.34,0,clean,Python,2018-2020,1.0,,2.2,0.27,0.15,3
mwaskom/seaborn,596ec61845c385c7c2d7ca6b9deb66f50c84ff57,596ec61845,Use modern canonical way of drawing the figure (#2399)  Closes #2343,other,Python,Michael Waskom,2020-12-23 11:23:27-05:00,11,2,0,0,4,8,2,0,3,11.0,0,clean,Python,2018-2020,1.0,,0.44,0.0,3.67,3
numpy/numpy,9ed8d5dd3dfe7b7945ec2ac5d7c37f1b8c4e4ab7,9ed8d5dd3d,passing pointer not the address.,feature,Unknown,Qiyu8,2020-12-23 11:46:59+08:00,11,2,0,0,14,14,1,0,0,0.0,0,clean,Python,2018-2020,1.0,,0.93,0.0,0.0,0
scipy/scipy,0f1f286208f0804b33c363ff6de0192606d0d4ed,0f1f286208,DOC: stats: partial discrete distribution doc cleanup,refactor,Python,Matt Haberland,2020-12-23 12:17:27-08:00,12,2,0,0,21,20,1,0,1,1.0,0,clean,Python,2018-2020,1.0,,1.0,0.0,0.5,2
scipy/scipy,ca706906f992413c63b87417e2b0f1e173f7d33e,ca706906f9,TST: stats: add tests for all discrete distributions  Add tests for the cdf method of all the discrete distribution.,feature,Python,Tirth Patel,2020-12-23 16:08:18+05:30,16,2,0,0,25,8,1,1,2,1.0,0,clean,Python,2018-2020,1.0,,2.78,0.5,0.5,1
numpy/numpy,b3681b6af3be4220a6f380c0f34f63f77aaf4b07,b3681b6af3,Add docstrings to indicate which intrinsics are tested.,feature,Python,Qiyu8,2020-12-23 17:07:53+08:00,17,2,0,0,11,0,1,1,2,2.0,0,clean,Python,2018-2020,1.0,,11.0,0.5,1.0,0
numpy/numpy,c016f636e175910a2a419bbbfed2944911a10d64,c016f636e1,simplify the index related code.,other,Unknown,Qiyu8,2020-12-23 17:15:59+08:00,17,2,0,0,3,3,1,0,0,0.0,0,clean,Python,2018-2020,1.0,,0.75,0.0,0.0,0
scipy/scipy,9c82477ea0d290facc69f8fe3d64cfc0412442ba,9c82477ea0,"MAINT: signal, stats: Use keepdims where appropriate.",other,Python,Warren Weckesser,2020-12-23 17:54:31-05:00,17,2,0,0,4,4,3,0,4,9.0,0,clean,Python,2018-2020,1.0,,0.8,0.0,2.25,1
scipy/scipy,df9db415607462cbeb934ef457dbbfcd89a8c9e5,df9db41560,DOC: Expand the discussion of the nan_policy API.  Currently the specification for how to handle the nan_policy parameter is focused on functions that take an array and return a scalar.  We are also a,feature,Unknown,Warren Weckesser,2020-12-23 20:02:22-05:00,20,2,0,0,41,11,1,0,0,0.0,0,clean,Python,2018-2020,1.0,,3.42,0.0,0.0,1
scipy/scipy,4594a7941c875e537486af947dc137cde19d833a,4594a7941c,MAINT: fix a build warning in sigtoolsmodule.c  Warning was: ``` gcc: scipy/signal/sigtoolsmodule.c scipy/signal/sigtoolsmodule.c: In function ‘PyArray_OrderFilterND’: scipy/signal/sigtoolsmodule.c:93,bugfix,C,Ralf Gommers,2020-12-23 22:17:56+01:00,22,2,0,1,2,1,1,0,1,30.0,0,clean,Python,2018-2020,1.0,,1.0,0.0,15.0,0
scipy/scipy,ef62eba0e1e2de0ca519c83dffc3684c67808439,ef62eba0e1,"MAINT: stats: apply suggestions from code review  Add comments explaining changes as suggested by the review.  Co-authored-by: Matt Haberland <mhaberla@calpoly.edu>",feature,Python,Tirth Patel,2020-12-24 09:12:23+05:30,9,3,0,0,2,1,1,1,1,1.0,0,clean,Python,2018-2020,1.0,,1.0,0.5,0.5,1
scipy/scipy,4c5d6ab3f9c3bdbf43688f8eb5c715c8fd1f6429,4c5d6ab3f9,MAINT: stats: change array of 'nan's to just 'nan',other,Python,Tirth Patel,2020-12-24 09:15:43+05:30,9,3,0,0,1,1,1,1,1,1.0,0,clean,Python,2018-2020,1.0,,0.5,0.5,0.5,1
scipy/scipy,0e37fe12a0b65d53c4583f1d2fbddfed2987e394,0e37fe12a0,Apply suggestions from code review from mdhaber  Co-authored-by: Matt Haberland <mhaberla@calpoly.edu>,other,Python,Pamphile ROY,2020-12-24 11:52:34+01:00,11,3,0,0,42,43,2,0,2,6.5,0,clean,Python,2018-2020,1.0,,0.95,0.0,2.17,0
scipy/scipy,bd81c2d6e5ffa33f9ac381331aff7995cbcd4633,bd81c2d6e5,DOC: be explicit about types handled in signal.medfilt2d,docs,Python,Rory Yorke,2020-12-24 13:40:35+02:00,13,3,0,0,6,4,1,0,1,6.0,0,clean,Python,2018-2020,1.0,,1.2,0.0,3.0,0
scipy/scipy,702dba36b66dbac1d187d877008c3fab96dbdb4f,702dba36b6,BUG: correct signal.medfilt comparison for dtype=object,bugfix,C,Rory Yorke,2020-12-24 13:40:35+02:00,13,3,0,0,14,4,2,1,3,1.67,0,clean,Python,2018-2020,1.0,,2.8,0.33,0.56,0
scipy/scipy,9cc5ac81729e81b8feac2935b23ba190d5eebc27,9cc5ac8172,BUG: signal.medfilt2d falls back to .medfilt for unhandled dtypes,bugfix,Python,Rory Yorke,2020-12-24 13:40:35+02:00,13,3,0,0,9,0,2,1,2,3.5,0,clean,Python,2018-2020,1.0,,9.0,0.33,1.17,0
scipy/scipy,983be289dc02d5a0caf27858623165ff4bc4227b,983be289dc,BUG: make signal.medfilt output dtype match input dtype,bugfix,Python,Rory Yorke,2020-12-24 13:40:35+02:00,13,3,0,0,36,24,2,1,3,3.0,0,clean,Python,2018-2020,1.0,,1.44,0.33,1.0,0
scipy/scipy,6b92e19462e563404dfc9a1a88e9b76bdf7e8984,6b92e19462,DOC: Change broken link for default values to archived link,docs,Python,Bharat123rox,2020-12-24 16:53:09+05:30,16,3,0,0,1,1,1,0,1,12.0,0,clean,Python,2018-2020,1.0,,0.5,0.0,6.0,0
numpy/numpy,6c65d01705dffb2b285531813dc40cbc71799d8d,6c65d01705,"MAINT: Remove obsolete workaround to set ndarray.__hash__ = None  In Python 3, a type that sets tp_richcompare but leaves tp_hash null is always unhashable. In Python 2, such types used to inherit tp_",other,C,Ronan Lamy,2020-12-24 18:23:46+01:00,18,3,0,0,0,11,2,0,0,0.0,0,clean,Python,2018-2020,1.0,,0.0,0.0,0.0,0
scipy/scipy,20d8272289e23a16fe5fac2fc58760d6e2d248e9,20d8272289,"ENH: stats: Add the function `association`. (#13153)  The function `scipy.stats.contingency.association` computes several different measures of association for a 2-d contingency table: Pearsons cont",feature,Python,Dan Temkin,2020-12-25 00:23:15-05:00,0,4,0,1,137,7,4,2,5,3.2,0,clean,Python,2018-2020,1.0,,17.12,0.4,0.64,0
numpy/numpy,54c37a37dc205ed4d4850d36a7f9aa5d482aa7ba,54c37a37dc,MAINT: crackfortran regex simplify  * remove extraneous character class markers used in `crackline_re_1`: `\w` and `=` on their own have no benefit to character class `[]` inclusion  * `name_match` ha,other,Python,Tyler Reddy,2020-12-25 10:32:41-07:00,10,4,0,0,2,2,1,0,1,162.0,0,clean,Python,2018-2020,1.0,,0.67,0.0,81.0,0
scipy/scipy,d6a5d6bb0ff62731a7d0f4705b6ab063596f2271,d6a5d6bb0f,"Refactor n_samples, dim to n, d",refactor,Python,Pamphile ROY,2020-12-25 18:10:33+01:00,18,4,0,0,277,283,3,1,46,1.89,0,clean,Python,2018-2020,1.0,,0.98,0.25,0.47,0
scipy/scipy,d9b0fc6af4175cb30b8989d1f946faf2f8ea9090,d9b0fc6af4,Fix missing n in random_base2,bugfix,Python,Pamphile ROY,2020-12-25 20:32:13+01:00,20,4,0,0,1,1,1,0,1,2.0,0,clean,Python,2018-2020,1.0,,0.5,0.0,1.0,0
scipy/scipy,3aebd2977840ed74e1d5c5c9fde5ec08f25686e8,3aebd29778,Fix n consistency in LHS,bugfix,Python,Pamphile ROY,2020-12-25 20:48:06+01:00,20,4,0,0,4,4,1,0,0,0.0,0,clean,Python,2018-2020,1.0,,0.8,0.0,0.0,0
scipy/scipy,827dcfc8010050e562744b47f81c7b43b0b15259,827dcfc801,Support numpy Generator,other,Python,Pamphile ROY,2020-12-25 21:05:10+01:00,21,4,0,0,11,6,1,0,2,2.5,0,clean,Python,2018-2020,1.0,,1.57,0.0,1.25,0
scipy/scipy,52cf802af2316d3105b2ec601c31657f1cc10ea9,52cf802af2,Scale and discrepancy doc,docs,Python,Pamphile ROY,2020-12-25 23:00:47+01:00,23,4,0,1,16,5,1,0,2,6.5,0,clean,Python,2018-2020,1.0,,2.67,0.0,3.25,0
scipy/scipy,e44ceff9e1fcf0f083f5a52856545d3d922bb143,e44ceff9e1,Base class engine doc,docs,Python,Pamphile ROY,2020-12-25 23:01:10+01:00,23,4,0,1,20,0,1,0,0,0.0,0,clean,Python,2018-2020,1.0,,20.0,0.0,0.0,0
scipy/scipy,b3ef9920dd47d97f0b39bb4228231488b3e01579,b3ef9920dd,Define defaults in doc,docs,Python,Pamphile ROY,2020-12-25 23:01:31+01:00,23,4,0,1,30,24,1,0,5,2.2,0,clean,Python,2018-2020,1.0,,1.2,0.0,1.1,0
scipy/scipy,2aa4af94b510ecdd780659587504a4bcee45105d,2aa4af94b5,DOC: stats: Fix latex markup in the kstwo docstring.,bugfix,Python,Warren Weckesser,2020-12-26 11:57:31-05:00,11,5,1,0,1,1,1,0,0,0.0,0,clean,Python,2018-2020,1.0,,0.5,0.0,0.0,1
numpy/numpy,7161b771f5a0e0422f24257963ed6c19f7b707b9,7161b771f5,"MAINT: PR 18072 revisions  * `name_match` regular expression now starts by matching a letter only, based on reviewer feedback",other,Python,Tyler Reddy,2020-12-26 16:04:26-07:00,16,5,1,0,1,1,1,0,1,162.0,0,clean,Python,2018-2020,1.0,,0.5,0.0,81.0,0
numpy/numpy,cb7b26d4e18583d7b010425264b9a9a379554606,cb7b26d4e1,"MAINT: exprtype regex simplify  * `determineexprtype_re_1` was modified to remove extraneous character class markers around a single `,`  * a similar change was applied for the word metacharacter in `",other,Python,Tyler Reddy,2020-12-26 16:30:23-07:00,16,5,1,0,3,3,1,0,0,0.0,0,clean,Python,2018-2020,1.0,,0.75,0.0,0.0,0
numpy/numpy,b16288698742e7593db61cf9a618e2d03de6b36e,b162886987,SIMD: Replace raw SIMD of sin/cos with NPYV     The new code improves the performance of non-contiguous memory access    for the output array without any reduction in performance.    For PPC64LE the p,feature,Python,Sayed Adel,2020-12-26 16:32:04+00:00,16,5,1,0,259,290,10,0,1,10.0,0,clean,Python,2018-2020,1.0,,0.89,0.0,0.91,0
numpy/numpy,968288aa5d6db1ee972c4ba5869415ea47b4c27f,968288aa5d,MAINT: Suppress maybe-uninitialized warning in gcc on VSX,other,Unknown,Sayed Adel,2020-12-26 16:32:08+00:00,16,5,1,0,10,0,1,0,0,0.0,0,clean,Python,2018-2020,1.0,,10.0,0.0,0.0,0
numpy/numpy,14706548928f78b31431bcd3eb6bf7d76c914335,1470654892,BENCH: Rename `bench_avx.py` to `bench_ufunc_strides.py`    This test should not be exclusive to AVX. this patch also   extends unary test to cover different sets of output strides.,bugfix,Python,Sayed Adel,2020-12-26 16:32:08+00:00,16,5,1,0,9,7,1,0,4,1.5,0,clean,Python,2018-2020,1.0,,1.12,0.0,0.75,0
scipy/scipy,b01e8557a520d84fd3f690cc436098b754468a69,b01e8557a5,Match error message in raise,other,Python,Pamphile ROY,2020-12-26 20:39:44+01:00,20,5,1,0,16,12,1,1,6,1.0,0,clean,Python,2018-2020,1.0,,1.23,0.5,0.5,0
scipy/scipy,db7174758a24396442ae917d4aed21b34005dce6,db7174758a,Skip _upate_discrepancy doctest,test,Python,Pamphile ROY,2020-12-26 20:40:09+01:00,20,5,1,0,1,1,1,0,1,11.0,0,clean,Python,2018-2020,1.0,,0.5,0.0,5.5,0
scipy/scipy,94118e90345f651921f34845f47ae422dbdd4e88,94118e9034,"TST: mark kde.logpdf overflow test as xslow  I caught this test consistently taken 48 seconds on my machine. It may depend on BLAS version, this was with OpenBLAS 0.3.13. It's not important enough to ",test,Python,Ralf Gommers,2020-12-26 23:13:31+01:00,23,5,1,1,1,1,1,1,0,0.0,0,clean,Python,2018-2020,1.0,,0.5,0.5,0.0,0
numpy/numpy,9b3f65096ee6bee277552da987ce296985baa96d,9b3f65096e,MAINT: Add dist_info to valid setup.py commands.  The follwing changes are made to 'setup.py'.  - Add 'dist_info' to the valid 'setup.py' commands. The 'dist_info'   command was added to setuptools in,feature,Python,Charles Harris,2020-12-27 12:57:19-07:00,12,6,1,0,6,10,1,0,2,11.0,0,clean,Python,2018-2020,1.0,,0.55,0.0,5.5,0
mwaskom/seaborn,8f50c116dd5104f20e24071cb88c012cf86e78bf,8f50c116dd,Add a note about getting offline docs access through the website repo,feature,Unknown,Michael Waskom,2020-12-27 13:52:26-05:00,13,6,1,0,2,0,1,0,0,0.0,0,clean,Python,2018-2020,1.0,,2.0,0.0,0.0,3
numpy/numpy,9aa658ae3800a06fe61f304ca48a7d99a1ed3799,9aa658ae38,Update doc/source/reference/arrays.scalars.rst,docs,Unknown,Eric Wieser,2020-12-27 17:37:33+00:00,17,6,1,0,6,2,1,0,0,0.0,0,clean,Python,2018-2020,1.0,,2.0,0.0,0.0,0
numpy/numpy,7059f0680a97434248d9626a318040adf9531626,7059f0680a,Update doc/source/reference/arrays.scalars.rst,docs,Unknown,Eric Wieser,2020-12-27 17:38:33+00:00,17,6,1,0,11,0,1,0,0,0.0,0,clean,Python,2018-2020,1.0,,11.0,0.0,0.0,0
numpy/numpy,4832edc55ffa7ba66ced716bfebbec05d93f8097,4832edc55f,Update doc/source/reference/arrays.scalars.rst,docs,Unknown,Eric Wieser,2020-12-27 17:40:43+00:00,17,6,1,0,2,2,1,0,0,0.0,0,clean,Python,2018-2020,1.0,,0.67,0.0,0.0,0
numpy/numpy,acfc3f3ee997111042638debb1d49bfe9829b6df,acfc3f3ee9,NEP: mark NEP 28 on website redesign as final  [ci skip],other,Unknown,Ralf Gommers,2020-12-27 21:23:50+01:00,21,6,1,0,4,2,1,0,0,0.0,0,clean,Python,2018-2020,1.0,,1.33,0.0,0.0,0
numpy/numpy,e81922e74097774d12736531e391b7b79bad3b50,e81922e740,DOC: fix build warnings in NEP 35,bugfix,Unknown,Ralf Gommers,2020-12-27 23:48:58+01:00,23,6,1,1,8,3,1,0,0,0.0,0,clean,Python,2018-2020,1.0,,2.0,0.0,0.0,0
numpy/numpy,aed54ec40da57745fd114577b65b61df1bdb0220,aed54ec40d,DOC: fix invalid C code in NEP 10,bugfix,Unknown,Ralf Gommers,2020-12-27 23:49:04+01:00,23,6,1,1,7,3,1,0,0,0.0,0,clean,Python,2018-2020,1.0,,1.75,0.0,0.0,0
numpy/numpy,aa3d08d067affe9ecac73cba44a16f7017ad3081,aa3d08d067,DOC: fix build warning for NEP 36,bugfix,Unknown,Ralf Gommers,2020-12-27 23:49:04+01:00,23,6,1,1,1,1,1,0,0,0.0,0,clean,Python,2018-2020,1.0,,0.5,0.0,0.0,0
numpy/numpy,11d1f13983c95d8f7436dc2d18b79353cdf9da4f,11d1f13983,MAINT: Bump sphinx from 3.3.1 to 3.4.1  Bumps [sphinx](https://github.com/sphinx-doc/sphinx) from 3.3.1 to 3.4.1. - [Release notes](https://github.com/sphinx-doc/sphinx/releases) - [Changelog](https:/,docs,Unknown,dependabot-preview[bot],2020-12-28 07:08:17+00:00,7,0,0,0,1,1,1,0,0,0.0,0,clean,Python,2018-2020,1.0,,0.5,0.0,0.0,0
numpy/numpy,fe2c1015122f66943ef41af09c111a701f0fce0c,fe2c101512,MAINT: Bump pytz from 2020.4 to 2020.5  Bumps [pytz](https://github.com/stub42/pytz) from 2020.4 to 2020.5. - [Release notes](https://github.com/stub42/pytz/releases) - [Commits](https://github.com/st,other,Unknown,dependabot-preview[bot],2020-12-28 07:08:37+00:00,7,0,0,0,1,1,1,1,0,0.0,0,clean,Python,2018-2020,1.0,,0.5,0.5,0.0,0
numpy/numpy,ed4089a248ea7a3609c2d0e02802aa1fd8b2c533,ed4089a248,MAINT: Bump hypothesis from 5.43.3 to 5.43.4  Bumps [hypothesis](https://github.com/HypothesisWorks/hypothesis) from 5.43.3 to 5.43.4. - [Release notes](https://github.com/HypothesisWorks/hypothesis/r,other,Unknown,dependabot-preview[bot],2020-12-28 08:23:19+00:00,8,0,0,0,1,1,1,1,0,0.0,0,clean,Python,2018-2020,1.0,,0.5,0.5,0.0,0
numpy/numpy,e63001a5701da3c3c1ac29c9e4bbe225f062a653,e63001a570,MAINT: regex char class improve  * replace superfluous single-character regex character classes with their literal string equivalents; this avoids the overhead associated with a character class when t,other,Python,Tyler Reddy,2020-12-28 11:00:03-07:00,11,0,0,0,27,27,12,0,2,32.0,0,clean,Python,2018-2020,1.0,,0.96,0.0,2.46,0
scipy/scipy,4cc54dd944417710ef4302977e7379dd145deeb1,4cc54dd944,Refactor test setup and some raises,refactor,Python,Pamphile ROY,2020-12-28 16:18:34+01:00,16,0,0,0,16,24,2,2,12,1.83,0,clean,Python,2018-2020,1.0,,0.64,0.67,0.61,0
numpy/numpy,fcaaf276ee6dc7149a9ef442111748970fa46925,fcaaf276ee,"DOC: Update reference to verbatim in a few location.  Single backticks default role is reference, while here it seem to be for verbatim. Fix it in a couple of places.",bugfix,Python,Matthias Bussonnier,2020-12-28 22:15:34-08:00,22,0,0,1,7,7,7,0,7,1.71,0,clean,Python,2018-2020,1.0,,0.88,0.0,0.21,1
numpy/numpy,31e00f035d217a7237b767c76ed7b8d903367839,31e00f035d,NEP: NumPy sponsorship guidelines (NEP 46),other,Unknown,Ralf Gommers,2020-12-28 22:15:51+01:00,22,0,0,1,241,0,1,0,0,0.0,0,clean,Python,2018-2020,1.0,,241.0,0.0,0.0,0
numpy/numpy,14385cdb4186c0636ad44532afa953473597dab8,14385cdb41,"BUG, SIMD: Fix _simd module build for 64bit ARM/NEON clang",bugfix,Python,Sayed Adel,2020-12-29 03:58:48+00:00,3,1,0,1,18,11,3,1,1,8.0,0,clean,Python,2018-2020,1.0,,1.5,0.25,2.0,0
numpy/numpy,74249e3f8593df5f5af0f8c0888cbfbc9c480658,74249e3f85,MAINT: multiline regex class simplify  * follow up to gh-18083 covering multi-line uses of `re.compile(..` and some cases for `re.match(..` with single (meta)character classes,other,Python,Tyler Reddy,2020-12-29 08:36:29-07:00,8,1,0,0,13,13,6,0,7,37.43,0,clean,Python,2018-2020,1.0,,0.93,0.0,5.35,0
scipy/scipy,c068959434632210af9984e6690b9bc14586bdf5,c068959434,DOC: cluster: Add cluster number note to the docstring of cluster.vq.kmeans (#13301),feature,Python,Atsushi Sakai,2020-12-29 13:58:43+01:00,13,1,0,0,10,0,1,0,1,8.0,0,clean,Python,2018-2020,1.0,,10.0,0.0,4.0,0
scipy/scipy,47df7c7f5d5be452d5711747c336e3bf57884e54,47df7c7f5d,"CI: prevent Codecov giving false CI failures and wrong PR annotations  See, e.g., gh-13040 for an example of a PR with hundreds of comments on lines that weren't even touched.  See also https://docs.c",docs,Unknown,Ralf Gommers,2020-12-29 14:52:41+01:00,14,1,0,0,5,1,1,0,0,0.0,0,clean,Python,2018-2020,1.0,,2.5,0.0,0.0,0
mwaskom/seaborn,42e67d0f8589a0fd21356402b64ac6e37a693fea,42e67d0f85,"Revert change to forced draw command (#2408)  The change in #2399 inadvertantly broke seaborn on the macosx mpl backend.  See https://github.com/matplotlib/matplotlib/issues/19197  This PR revert",other,Python,Michael Waskom,2020-12-29 17:33:18-05:00,17,1,0,0,15,4,2,0,3,12.33,0,clean,Python,2018-2020,1.0,,3.0,0.0,4.11,3
scipy/scipy,f289ab1aa6ebf5344935d5b53769dbee7c90f8a2,f289ab1aa6,Discrepancy doc,docs,Python,Pamphile ROY,2020-12-29 17:43:13+01:00,17,1,0,0,38,14,1,0,2,6.0,0,clean,Python,2018-2020,1.0,,2.53,0.0,3.0,0
numpy/numpy,f36e940a4726abb38c4929259e8eaf00d68c3d18,f36e940a47,"DOC: Avoid using ""set of"" when talking about an ordered list.  ... or when the input isn't/cannot be a set.  I left a few usages, e.g. in random sampling, where ""set"" is reasonable as informal descrip",docs,Python,Antony Lee,2020-12-29 21:18:08+01:00,21,1,0,0,15,15,12,0,11,9.91,0,clean,Python,2018-2020,1.0,,0.94,0.0,0.76,0
numpy/numpy,c002440ff26d9f7f5ac3dfdff27637212ef512ac,c002440ff2,"NEP: update backwards compatibility NEP text, remove examples  The removed examples were ones that one or more people objected to, because they were either not completely settled, or controversial.",other,Unknown,Ralf Gommers,2020-12-29 21:48:52+01:00,21,1,0,0,21,89,1,0,0,0.0,0,clean,Python,2018-2020,1.0,,0.23,0.0,0.0,0
numpy/numpy,c40ced602869c56a915eb7dc86d91a44e9843fe5,c40ced6028,NEP: remove versioning related content from backwards compat NEP  There was agreement in the previous discussion that this doesn't belong in this NEP.,other,Unknown,Ralf Gommers,2020-12-29 21:54:59+01:00,21,1,0,0,2,17,1,0,0,0.0,0,clean,Python,2018-2020,1.0,,0.11,0.0,0.0,0
scipy/scipy,e8d6cbd1ee3903a2c35298b46ab88edc5951e572,e8d6cbd1ee,Type hints,other,Python,Pamphile ROY,2020-12-30 09:49:26+01:00,9,2,0,0,66,31,1,0,38,2.55,0,clean,Python,2018-2020,1.0,,2.06,0.0,1.27,0
scipy/scipy,89dbfeb8f7976d2cc6319d3689d15bfe767f1486,89dbfeb8f7,Refactor OptimalDesign params,refactor,Python,Pamphile ROY,2020-12-30 11:19:04+01:00,11,2,0,0,89,104,2,1,9,2.33,0,clean,Python,2018-2020,1.0,,0.85,0.33,0.78,0
scipy/scipy,7ad370031fe8b2321917f26518c5a33bb7530b55,7ad370031f,Type hint fixes,bugfix,Python,Pamphile ROY,2020-12-30 12:07:18+01:00,12,2,0,0,71,61,1,0,33,2.48,0,clean,Python,2018-2020,1.0,,1.15,0.0,1.24,0
numpy/numpy,ed5dd615732951a596767064cb9d86e7b2f86a38,ed5dd61573,"NEP: rewrite the backwards compatibility NEP contents  Also add examples of how deprecations and future warnings should be done, taken from the current code base.",feature,Unknown,Ralf Gommers,2020-12-30 13:24:29+01:00,13,2,0,0,180,70,1,0,0,0.0,0,clean,Python,2018-2020,1.0,,2.54,0.0,0.0,0
scipy/scipy,7df7d350fb3156d6e1554eec6997be8bb59cb052,7df7d350fb,"Optional Pythran support for scipy.signal.max_len_seq_inner (#8306)  Use the Pythran compiler as an alternative to the Cython compiler to accelerate scipy.signal.max_len_seq_inner.  It introduces a",other,Python,serge-sans-paille,2020-12-30 15:45:46+01:00,15,2,0,0,90,12,12,0,5,5.0,0,clean,Python,2018-2020,1.0,,6.92,0.0,0.38,0
numpy/numpy,c755c91d124ab41616832a26fa2da8205f74aaf5,c755c91d12,"DOC: add missing details to linalg.lstsq docstring  It turns out that lstsq also minimizes the 2-norm of x when a is rank-deficient. I found that by searching the documentation for the LAPACK library,",feature,Python,Nilo Kruchelski,2020-12-30 16:09:08-03:00,16,2,0,0,3,2,1,0,1,13.0,0,clean,Python,2018-2020,1.0,,1.0,0.0,6.5,0
numpy/numpy,860c8b82939d1535351f7b651c284a55efe21b10,860c8b8293,STY: Add spaces around '-'.  [ci skip],feature,Python,Charles Harris,2020-12-30 16:32:49-07:00,16,2,0,0,1,1,1,0,1,13.0,0,clean,Python,2018-2020,1.0,,0.5,0.0,6.5,0
mwaskom/seaborn,1fab16af06c38aeb4edfa833220697adbaddde18,1fab16af06,Update errorbar API in example gallery and add new strip/reg example (#2999),feature,Python,Michael Waskom,2022-09-05 15:15:15-04:00,15,0,0,0,39,15,5,0,0,0.0,0,clean,Python,2021-2023,1.0,,2.44,0.0,0.0,3
mwaskom/seaborn,e150cec6e9cf904c4229589cd33899eed735c255,e150cec6e9,Fix tutorial crossref,bugfix,Unknown,Michael Waskom,2022-09-05 15:57:04-04:00,15,0,0,0,1,1,1,0,0,0.0,0,clean,Python,2021-2023,1.0,,0.5,0.0,0.0,3
mwaskom/seaborn,0dfd322734f929a02eda6de09e78f2a11560709b,0dfd322734,Documentation tweaks upon pre-release review,docs,Unknown,Michael Waskom,2022-09-05 17:04:28-04:00,17,0,0,0,38,55,5,0,0,0.0,0,clean,Python,2021-2023,1.0,,0.68,0.0,0.0,3
mwaskom/seaborn,57a0b54a6e68387b585a6eed5a5a802bd8036894,57a0b54a6e,Add v0.11 docs to archive dropdown,feature,Unknown,Michael Waskom,2022-09-05 18:06:05-04:00,18,0,0,0,1,0,1,0,0,0.0,0,clean,Python,2021-2023,1.0,,1.0,0.0,0.0,3
mwaskom/seaborn,6a17b60d77aaecd54530bc72ac728402d4f1afcf,6a17b60d77,Move position in FAQ page,other,Unknown,Michael Waskom,2022-09-05 21:22:26-04:00,21,0,0,0,2,2,1,0,0,0.0,0,clean,Python,2021-2023,1.0,,0.67,0.0,0.0,3
mwaskom/seaborn,1b6d9bdc5c06039c14ec3560e8dff59862fcd7a5,1b6d9bdc5c,Make doc archive links absolute paths,docs,Unknown,Michael Waskom,2022-09-08 21:45:52-04:00,21,3,0,0,3,3,1,0,0,0.0,0,clean,Python,2021-2023,1.0,,0.75,0.0,0.0,3
mwaskom/seaborn,0929b9aca26dea1e97a08f8ee70b807058d175ed,0929b9aca2,"Use pip extras for installation of dev tools (#3009)  * Use pip extras for installation of dev tools  * Remove requirements caching  * Add pydata_sphinx_theme to requirements",feature,Unknown,Michael Waskom,2022-09-11 14:48:47-04:00,14,6,1,0,23,22,6,0,0,0.0,0,clean,Python,2021-2023,1.0,,1.0,0.0,0.0,3
mwaskom/seaborn,0f5a013e2cf43562deec3b879458e59a73853813,0f5a013e2c,Bump version,other,Python,Michael Waskom,2022-09-11 15:28:48-04:00,15,6,1,0,1,1,1,0,0,0.0,0,clean,Python,2021-2023,1.0,,0.5,0.0,0.0,3
mwaskom/seaborn,15713b387156fc089cb923dced0f60cc13d86edc,15713b3871,"Add pre-commit hook config (#2963)  * Add pre-commit config file.  * Tweak config after running on all files.  * Add exclude to flake8 config.  * Add pre-commit to dev extras in pyproject.toml ",feature,Python,Stefanie Molin,2022-09-11 20:23:25-04:00,20,6,1,0,42,27,20,1,3,1.67,0,clean,Python,2021-2023,1.0,,1.5,0.05,0.08,0
mwaskom/seaborn,c5c5f4a4377f9dd91cc07c5c3e965d7d0d1edd20,c5c5f4a437,"Fix: Make PolyFit stat robust to missing data (#3010)  * Fix: Make PolyFit stat robust to missing data  Fixes #2992  * Update release notes",bugfix,Python,Michael Waskom,2022-09-11 20:24:02-04:00,20,6,1,0,18,1,3,1,2,1.0,0,clean,Python,2021-2023,1.0,,9.0,0.25,0.25,3
mwaskom/seaborn,a25e7cb847a661e45a8582427e781f38e5961863,a25e7cb847,"Silence various warnings in test suite (#3011)  - Update approach to asserting absence of warnings - Ignore expected RuntimeWarning from numpy",test,Python,Michael Waskom,2022-09-11 20:24:16-04:00,20,6,1,0,18,11,4,4,4,3.0,0,clean,Python,2021-2023,1.0,,1.5,0.8,0.6,3
mwaskom/seaborn,0c379538b80a748f1e0224e5161f49777c6a29d1,0c379538b8,CI: Add biweekly scheduled run (#3013)  This commit adds schedule that triggers the CI twice a week (on Monday and Thursday 06:00 UTC). This way changes in the GitHub Actions environment or upstream d,feature,Unknown,Ewout ter Hoeven,2022-09-11 20:24:37-04:00,20,6,1,0,2,0,1,0,0,0.0,0,clean,Python,2021-2023,1.0,,2.0,0.0,0.0,0
mwaskom/seaborn,1e6739fbd41b2ee575f431a189e7866cf46d82b8,1e6739fbd4,"CI: Impove dataset caching and build docs in parallel (#3014)  * CI: Impove dataset caching and build docs in parallel  * Another attempt at enabling make parallelism  * Don't require immediate cl",refactor,Python,Michael Waskom,2022-09-11 20:25:25-04:00,20,6,1,0,39,27,4,1,0,0.0,0,clean,Python,2021-2023,1.0,,1.39,0.2,0.0,3
mwaskom/seaborn,9aca86c3757a323c1b868400721b12136e3cfc2a,9aca86c375,Parallelize sphinx in CI build (#3018),other,Unknown,Michael Waskom,2022-09-12 21:36:27-04:00,21,0,0,0,2,0,1,0,0,0.0,0,clean,Python,2021-2023,1.0,,2.0,0.0,0.0,3
mwaskom/seaborn,54c36b74bbd4f7dfd5f933fcdc5e81fbb3fc0a45,54c36b74bb,"CI: Improve example dataset usage (#3020)  * Convert regression plot docstrings to notebooks  * Convert matrix API exapmles to notebooks  * Remove dataset cache from test workflow and cache using ",test,Python,Michael Waskom,2022-09-12 21:36:36-04:00,21,0,0,0,930,352,8,0,3,3.33,0,clean,Python,2021-2023,1.0,,2.63,0.0,0.37,3
mwaskom/seaborn,867ae56d80460fcbf37844f4c542a7ccd9f3fe62,867ae56d80,errorbar doc patched (#3031)  This change is proposed to make it explicit in the documentation that 'None' can be used to switch off error bar.,bugfix,Python,Tamas Spisak,2022-09-16 18:18:53-04:00,18,4,0,0,2,2,1,0,0,0.0,0,clean,Python,2021-2023,1.0,,0.67,0.0,0.0,0
mwaskom/seaborn,1d4bec6bfdb52a39ed465916ac93e0b5ad828cd2,1d4bec6bfd,Add StackOverflow link to navbar,feature,Python,Michael Waskom,2022-09-18 20:25:25-04:00,20,6,1,0,6,0,1,0,0,0.0,0,clean,Python,2021-2023,1.0,,6.0,0.0,0.0,3
mwaskom/seaborn,e644793f0ac2b1be178425f20f529121f37f29de,e644793f0a,"Convert color palette docstrings to notebooks (#3034)  * Convert color palette docstrings to notebooks and rerun all with py310 kernel  * Add v0.12.1 release notes to index  * Improve failure mode",bugfix,Python,Michael Waskom,2022-09-18 20:26:27-04:00,20,6,1,0,1711,593,80,1,20,3.65,0,clean,Python,2021-2023,1.0,,2.88,0.01,0.05,3
mwaskom/seaborn,ee6475e7d69fb28b034df2f5f01a2a5674998aab,ee6475e7d6,naive fix for #3037 (#3038),bugfix,Python,Daniel McCloy,2022-09-20 18:23:45-04:00,18,1,0,0,2,2,2,0,2,22.5,0,clean,Python,2021-2023,1.0,,0.67,0.0,7.5,0
mwaskom/seaborn,d20332947c0ee544a605c6d82ea91e48dce6fb6d,d20332947c,"CI: Make tests more robust to concurrency (#3039)  * CI: Make tests more robust to concurrency  * MPL backcompat",test,Python,Michael Waskom,2022-09-20 20:27:14-04:00,20,1,0,0,81,73,8,8,32,1.44,0,clean,Python,2021-2023,1.0,,1.09,0.89,0.16,3
mwaskom/seaborn,f2fc4b5d8b9c7a8e0b1aaa34793b4f4e3445f81a,f2fc4b5d8b,Update pandas syntax to avoid deprecated behavior (#3040),other,Python,Michael Waskom,2022-09-21 20:33:54-04:00,20,2,0,0,14,18,4,2,8,7.62,0,clean,Python,2021-2023,1.0,,0.74,0.4,1.52,3
mwaskom/seaborn,ad11bdc4d33793ebc644f58a0c10875bf2455714,ad11bdc4d3,"Typing: use pandas-type-stubs and address arising issues (#3044)  * Add pandas stubs to development dependencies  * Coerce variable_type argument to Series  * Handle typing ambiguity in Plot *args",bugfix,Python,Michael Waskom,2022-09-24 18:08:17-04:00,18,5,1,0,82,81,8,0,29,6.72,0,clean,Python,2021-2023,1.0,,1.0,0.0,0.75,3
mwaskom/seaborn,ed3d367a436aee8782ace920026c2e582057f795,ed3d367a43,"Histogram refactoring and improvements (#3045)  * Transition histplot internatls to use _stats/histogram  * Simplify the way we use Hist  * Note status of Histogram class  * Store stat value in ",feature,Python,Michael Waskom,2022-10-03 20:25:03-04:00,20,0,0,0,386,65,8,3,14,7.86,0,clean,Python,2021-2023,1.0,,5.85,0.33,0.87,3
mwaskom/seaborn,63186a4e6a57890b1aa8455b3dfa78b7a5ce8f7d,63186a4e6a,"Text mark (#3051)  * POC for Text mark  * Add unit tests for Text mark  * Update release notes  * Allow marks to be withheld from legend  * Fix legend creation  * Make text tests compatibile",bugfix,Python,Michael Waskom,2022-10-03 20:25:50-04:00,20,0,0,0,634,7,12,3,17,2.65,0,clean,Python,2021-2023,1.0,,79.25,0.23,0.2,3
mwaskom/seaborn,8ea02f09a40b5f7af73f54a1d3d060444c9c3b5b,8ea02f09a4,"Fix Plot legend with > 2 layers (#3055)  Fixes #3023  This ended up being a simple typo :(",bugfix,Python,Michael Waskom,2022-10-04 19:44:55-04:00,19,1,0,0,18,4,2,1,3,3.67,0,clean,Python,2021-2023,1.0,,3.6,0.33,1.22,3
mwaskom/seaborn,5386adc5a482ef3d0aef958ebf37d39ce0b06b88,5386adc5a4,Update release notes,other,Unknown,Michael Waskom,2022-10-04 19:46:17-04:00,19,1,0,0,2,0,1,0,0,0.0,0,clean,Python,2021-2023,1.0,,2.0,0.0,0.0,3
mwaskom/seaborn,f033f5da0631726fba7bb598dfcaf18e40e70c04,f033f5da06,Mark as non-compatibile with matplotlib 3.6.1 (#3060)  See https://github.com/matplotlib/matplotlib/issues/24127 for details,other,Unknown,Michael Waskom,2022-10-08 10:38:06-04:00,10,5,1,0,1,1,1,0,0,0.0,0,clean,Python,2021-2023,1.0,,0.5,0.0,0.0,3
mwaskom/seaborn,6d6f8d3b520317deba21cab0ed1f44f1cac36bcb,6d6f8d3b52,"Cover full extent of data in Band/Range when not given min/max explicitly (#3056)  * Cover full extent of data in Range when not provided with min/max variables  * Cover full extent of data in Band ",feature,Python,Michael Waskom,2022-10-08 10:41:11-04:00,10,5,1,0,111,17,7,2,8,1.88,0,clean,Python,2021-2023,1.0,,6.17,0.25,0.24,3
mwaskom/seaborn,c412ddf1fede5d8882a6c230826c1d8fbbf61911,c412ddf1fe,"Fix data cache env variable in ci build (#3062)  * Fix data cache env variable in ci build  * Check that datasets are where we expect  * Try to reference as a context property",bugfix,Unknown,Michael Waskom,2022-10-08 11:45:46-04:00,11,5,1,0,2,1,1,0,0,0.0,0,clean,Python,2021-2023,1.0,,1.0,0.0,0.0,3
mwaskom/seaborn,3f623e7499263440491417ca642fdae9e1d3c9dd,3f623e7499,Fix unfilled kdeplot cmap regression (#3065),bugfix,Python,Michael Waskom,2022-10-08 19:02:16-04:00,19,5,1,0,15,11,4,1,3,18.33,0,clean,Python,2021-2023,1.0,,1.25,0.2,3.67,3
mwaskom/seaborn,5013aea0a1a730140c1d1aafa8aef7106593cb6d,5013aea0a1,Use a stable algorithm in sorting marks (#3064),other,Python,Michael Waskom,2022-10-08 19:02:25-04:00,19,5,1,0,5,3,3,0,3,3.33,0,clean,Python,2021-2023,1.0,,1.25,0.0,0.83,3
mwaskom/seaborn,aa56714f7ca39c809126200449f14073eb9fedcd,aa56714f7c,"Add Perc stat for computing percentiles (#3063)  * Add Perc stat  * Add Perc tests  * Fix orientation test  * Add Perc to API docs  * Get Literal from typing_extensions when necessary  * Mak",bugfix,Python,Michael Waskom,2022-10-08 19:04:16-04:00,19,5,1,0,300,2,7,1,10,1.6,0,clean,Python,2021-2023,1.0,,100.0,0.12,0.2,3
mwaskom/seaborn,a23cf31ad410fd81217f278a835918928c589086,a23cf31ad4,Mention stats extra in docs environment setup docs,docs,Unknown,Michael Waskom,2022-10-09 18:03:12-04:00,18,6,1,0,1,1,1,0,0,0.0,0,clean,Python,2021-2023,1.0,,0.5,0.0,0.0,3
mwaskom/seaborn,54cab15bdacfaa05a88fbc5502a5b322d99f148e,54cab15bda,"Make Jitter do something by default (#3066)  * Apply some jitter by default in Jitter  * Add Jitter API examples and update release notes  * Fix docstring",bugfix,Python,Michael Waskom,2022-10-09 19:31:38-04:00,19,6,1,0,236,21,6,1,4,2.5,0,clean,Python,2021-2023,1.0,,10.73,0.14,0.36,3
mwaskom/seaborn,85c8ed632a5e9ec45b7d69d89518bb784a6e05a5,85c8ed632a,"Add label parameter to pointplot (#3016)  * Add label parameter to pointplot  Unbreaks FacetGrid + pointplot (fixes #3004) and is generally useful.  * Update default kws in pointplot tests  * Up",bugfix,Python,Michael Waskom,2022-10-11 20:34:08-04:00,20,1,0,0,26,7,3,1,5,7.2,0,clean,Python,2021-2023,1.0,,3.25,0.25,1.8,3
mwaskom/seaborn,a767d666d45a6f105177e4720669b85c92ee2432,a767d666d4,Tweak nominal scale axes akin to categorical axes in classic seaborn (#3069),other,Python,Michael Waskom,2022-10-11 20:41:33-04:00,20,1,0,0,40,5,3,1,4,12.5,0,clean,Python,2021-2023,1.0,,6.67,0.25,3.12,3
mwaskom/seaborn,549c3267ed2cef9a237da55324bfbf51f0246032,549c3267ed,"Add Dash mark (#3074)  * Add prototype of Dash mark  * Refactor Paths._setup_lines  * Add API examples and update release notes",feature,Python,Michael Waskom,2022-10-11 20:42:11-04:00,20,1,0,0,315,50,6,1,9,2.56,0,clean,Python,2021-2023,1.0,,6.18,0.14,0.37,3
mwaskom/seaborn,876beddb8fe2d2fceae7a0675071de3886634433,876beddb8f,Make tenses consistent in release notes,other,Unknown,Michael Waskom,2022-10-11 20:53:53-04:00,20,1,0,0,3,3,1,0,0,0.0,0,clean,Python,2021-2023,1.0,,0.75,0.0,0.0,3
mwaskom/seaborn,1d70f58faba96a02c9fe403da4d61860de10a3ca,1d70f58fab,"Avoid aggregating in lineplot when not necessary (#3081)  * Avoid aggregating in lineplot when not necessary  * Update release notes",other,Python,Michael Waskom,2022-10-14 21:41:13-04:00,21,4,0,0,18,1,3,1,2,16.0,0,clean,Python,2021-2023,1.0,,9.0,0.25,4.0,3
mwaskom/seaborn,a02b6bf97bc3c66060f78bcc6704627d5638632d,a02b6bf97b,"Fix Plot with no variance in orient dimension (#3084)  * Fix Plot with no variance in orient dimension  * Update release notes  * Update test with new correct behavior",bugfix,Python,Michael Waskom,2022-10-14 21:41:27-04:00,21,4,0,0,19,3,4,2,3,1.33,0,clean,Python,2021-2023,1.0,,4.75,0.4,0.27,3
mwaskom/seaborn,95dc3775227cad3d418d6f8c18318a5233ad1934,95dc377522,"Add Count stat (#3086)  * Add Count stat  * Rename _stats/histogram -> _stats/counting  * Call-out the different handling of numeric variables in Count/Hist  * Simplify Count tests for backcompa",feature,Python,Michael Waskom,2022-10-16 15:01:10-04:00,15,6,1,0,205,7,8,1,7,3.0,0,clean,Python,2021-2023,1.0,,25.62,0.11,0.33,3
mwaskom/seaborn,a42d62de98c4211dc358f0ada389e81dad6a804a,a42d62de98,Allow base=None to disable log formatter in Continuous.label (#3087),other,Python,Michael Waskom,2022-10-16 15:01:53-04:00,15,6,1,0,16,3,3,1,4,6.5,0,clean,Python,2021-2023,1.0,,4.0,0.25,1.62,3
mwaskom/seaborn,0f92224f88ccb732d0485a51640818e9b4e55bf2,0f92224f88,"Add docstrings and API examples for remaining transform objects (#3088)  * Add docstrings for Agg and Est stats  * Add Dodge docstring  * Add docstrings for Stack and Shift  * Add Norm docstring",feature,Python,Michael Waskom,2022-10-17 08:06:35-04:00,8,0,0,0,813,0,8,0,0,0.0,0,clean,Python,2021-2023,1.0,,813.0,0.0,0.0,3
mwaskom/seaborn,d5ffb641c76626336bf83cd1a1d9321260acc69c,d5ffb641c7,Update release notes for v0.12.1 release,other,Unknown,Michael Waskom,2022-10-17 19:21:55-04:00,19,0,0,0,4,2,1,0,0,0.0,0,clean,Python,2021-2023,1.0,,1.33,0.0,0.0,3
mwaskom/seaborn,0d676fbdf92815c3a0d9bb67d1de249566139508,0d676fbdf9,Fix typos in release notes,bugfix,Unknown,Michael Waskom,2022-10-17 19:24:08-04:00,19,0,0,0,2,2,1,0,0,0.0,0,clean,Python,2021-2023,1.0,,0.67,0.0,0.0,3
mwaskom/seaborn,7feb61d06d3d0cdb759c1075ea4952ddd5f8769f,7feb61d06d,Make Text examples look better with new Nominal behavior,feature,Unknown,Michael Waskom,2022-10-17 20:13:18-04:00,20,0,0,0,1,1,1,0,0,0.0,0,clean,Python,2021-2023,1.0,,0.5,0.0,0.0,3
mwaskom/seaborn,0cda814d368e55ca38f27b15d682a77731553a09,0cda814d36,Fix hidden cell in Est docstring,bugfix,Unknown,Michael Waskom,2022-10-17 20:33:05-04:00,20,0,0,0,1,3,1,0,0,0.0,0,clean,Python,2021-2023,1.0,,0.25,0.0,0.0,3
mwaskom/seaborn,df37723107b9b3a117708711ecd7a6264c2293d4,df37723107,Fix objects references,bugfix,Unknown,Michael Waskom,2022-10-17 20:35:06-04:00,20,0,0,0,2,2,1,0,0,0.0,0,clean,Python,2021-2023,1.0,,0.67,0.0,0.0,3
mwaskom/seaborn,6f76be288eb385a2ad96a954fea9f21a9126c221,6f76be288e,Add Flit to dev docs and increment version,feature,Python,Michael Waskom,2022-10-18 19:24:46-04:00,19,1,0,0,2,1,2,0,0,0.0,0,clean,Python,2021-2023,1.0,,1.0,0.0,0.0,3
mwaskom/seaborn,bf4695466d742f301f361b8d0c8168c5c4bdf889,bf4695466d,Update categorical.py (#3097)  nit: Fix / to \,bugfix,Python,Tal Galili,2022-10-18 19:25:22-04:00,19,1,0,0,1,1,1,0,0,0.0,0,clean,Python,2021-2023,1.0,,0.5,0.0,0.0,0
mwaskom/seaborn,aafd54f21ac749fa24dcdfdb639f4f1585fdc812,aafd54f21a,include note in stripplot docstring about edgecolor depending on linewidth (#3110),feature,Python,Mark Baum,2022-10-24 19:34:41-04:00,19,0,0,0,2,1,1,0,0,0.0,0,clean,Python,2021-2023,1.0,,1.0,0.0,0.0,0
mwaskom/seaborn,852ffaf3e28de848c4d07e778c7990924637d046,852ffaf3e2,"Add KDE stat (#3111)  * Add KDE stat  * Add some tests for KDE  * Additional testing coverage  * Fix import  * Add KDE API examples  * Update release notes",bugfix,Python,Michael Waskom,2022-10-28 18:50:01-04:00,18,4,0,0,717,24,11,2,30,2.73,0,clean,Python,2021-2023,1.0,,28.68,0.17,0.23,3
mwaskom/seaborn,021a20f06f41212fd8c55680a8cc3bf0924e1b30,021a20f06f,"Don't pass label when creating color cycle scout (#3116)  * Don't pass label when creating color cycle scout  * Update release notes",other,Python,Michael Waskom,2022-10-28 19:23:01-04:00,19,4,0,0,13,1,3,1,2,7.0,0,clean,Python,2021-2023,1.0,,6.5,0.25,1.75,3
mwaskom/seaborn,8dc5a9cd86cb1cd71c60d89b17a4c14ec8c87190,8dc5a9cd86,"Compute spacing/width separately for unshared axes (#3119)  * Fix spacing with unshared axes  * Add test  * Add test for specified width and fix two minor doc issues  * Update release notes",bugfix,Python,Michael Waskom,2022-10-30 13:32:52-04:00,13,6,1,0,43,9,5,1,5,7.0,0,clean,Python,2021-2023,1.0,,4.3,0.17,1.17,3
mwaskom/seaborn,2676743e1f2fb07d000dc692085e3f117b56e0d9,2676743e1f,Redirect FAQ to docs,docs,Unknown,Michael Waskom,2022-11-01 06:41:59-04:00,6,1,0,0,1,3,1,0,0,0.0,0,clean,Python,2021-2023,1.0,,0.25,0.0,0.0,3
mwaskom/seaborn,d4d27adbdbf8be729e0d588bb60d1fd80f2084a8,d4d27adbdb,Fix implicit optional typing (#3132),bugfix,Python,Michael Waskom,2022-11-10 07:36:43-05:00,7,3,0,0,2,2,1,0,4,4.5,0,clean,Python,2021-2023,1.0,,0.67,0.0,2.25,3
mwaskom/seaborn,d121c9cadf835bd87bc7bd48b62e837ef165ca4d,d121c9cadf,Fix a copy & paste error in the docstring for FacetGrid.set_titles (#3141),bugfix,Python,Christian Hagau,2022-11-14 18:19:51-05:00,18,0,0,0,1,1,1,0,1,22.0,0,clean,Python,2021-2023,1.0,,0.5,0.0,11.0,0
mwaskom/seaborn,0360fcc7c946fcdd863bbbb36b2a7c6e0894750f,0360fcc7c9,Fix a typo in the installing doc (#3156),bugfix,Unknown,Hailin Wang,2022-11-25 08:51:53-05:00,8,4,0,0,1,1,1,0,0,0.0,0,clean,Python,2021-2023,1.0,,0.5,0.0,0.0,0
mwaskom/seaborn,41b77cc7c547317ade980cfb4ecef7faf663fb0f,41b77cc7c5,"Add Dependabot configuration for GitHub Actions updates (#3122)  Add a Dependabot configuration that checks once a week if the GitHub Actions are still using the latest version. If not, it opens a PR ",feature,Unknown,Ewout ter Hoeven,2022-11-26 11:42:22-05:00,11,5,1,0,8,0,1,0,0,0.0,0,clean,Python,2021-2023,1.0,,8.0,0.0,0.0,0
mwaskom/seaborn,fb3a65add8a77334af137dff74176e841c4c1bd9,fb3a65add8,"Bump actions/setup-python from 3 to 4 (#3157)  Bumps [actions/setup-python](https://github.com/actions/setup-python) from 3 to 4. - [Release notes](https://github.com/actions/setup-python/releases) ",other,Unknown,dependabot[bot],2022-11-26 13:49:15-05:00,13,5,1,0,3,3,1,0,0,0.0,0,clean,Python,2021-2023,1.0,,0.75,0.0,0.0,0
mwaskom/seaborn,feb59d250ea92ef143f5aef50ff6e18869affa7f,feb59d250e,"Bump codecov/codecov-action from 2 to 3 (#3158)  Bumps [codecov/codecov-action](https://github.com/codecov/codecov-action) from 2 to 3. - [Release notes](https://github.com/codecov/codecov-action/rel",other,Unknown,dependabot[bot],2022-11-26 13:49:31-05:00,13,5,1,0,1,1,1,0,0,0.0,0,clean,Python,2021-2023,1.0,,0.5,0.0,0.0,0
mwaskom/seaborn,ba786bc14eb255f6b4fb7619c8210c5a8016a26f,ba786bc14e,Fix log scaled histplot kde (#3173)  Fixes #3171,bugfix,Python,Michael Waskom,2022-12-04 12:05:19-05:00,12,6,1,0,15,5,3,1,2,33.5,0,clean,Python,2021-2023,1.0,,2.5,0.25,8.38,3
mwaskom/seaborn,c8badb914bb8eaf5ec2578c0ecd434edb1234375,c8badb914b,COMPAT: Change pandas use_inf_as_null to reflect 2.0 deprecation (#3177),other,Python,Matthew Roeschke,2022-12-05 22:23:35-05:00,22,0,0,1,3,3,3,0,4,9.75,0,clean,Python,2021-2023,1.0,,0.75,0.0,2.44,0
mwaskom/seaborn,22cdfb0c93f8ec78492d87edb810f10cb7f57a31,22cdfb0c93,"Fix inner axis visibility in relplot with unshared axes (#3180)  * Fix inner axis visibility in relplot with unshared axes  * Don't reveal internal names when setting axis labels  * Better test na",bugfix,Python,Michael Waskom,2022-12-10 11:06:39-05:00,11,5,1,0,21,1,3,1,2,17.5,0,clean,Python,2021-2023,1.0,,10.5,0.25,4.38,3
mwaskom/seaborn,9bd166565beea99ab2e43a0576c59efab196940b,9bd166565b,"Don't use offset / scientific notation in numeric legends (#3187)  * Don't show offset / scientific notation in numeric legends  * Update release notes",other,Python,Michael Waskom,2022-12-18 08:04:32-05:00,8,6,1,0,29,0,5,2,4,4.75,0,clean,Python,2021-2023,1.0,,29.0,0.33,0.79,3
mwaskom/seaborn,26b3d0e29ff5286c32e6f934b2ed64cd20207496,26b3d0e29f,Mark numpy 1.24.0 as non-compatible (#3194),other,Unknown,Michael Waskom,2022-12-19 18:58:31-05:00,18,0,0,0,1,1,1,0,0,0.0,0,clean,Python,2021-2023,1.0,,0.5,0.0,0.0,3
mwaskom/seaborn,d25872b0fc99dbf7e666a91f59bd4ed125186aa1,d25872b0fc,fix typos (#3193),bugfix,Unknown,Ivan Kargapoltsev,2022-12-19 18:59:20-05:00,18,0,0,0,2,2,2,0,0,0.0,0,clean,Python,2021-2023,1.0,,0.67,0.0,0.0,0
mwaskom/seaborn,87e097275ce468db8f18c80ef8970310cfef1fe8,87e097275c,"Improve robustness to empty data in Plot and Nominal (#3202)  * Improve robustness to missing data in Plot and Nominal  * Fix Plot.on tests to work with new logic",bugfix,Python,Michael Waskom,2022-12-24 12:02:36-05:00,12,5,1,0,17,9,5,2,8,4.0,0,clean,Python,2021-2023,1.0,,1.7,0.33,0.67,3
mwaskom/seaborn,4a9e54962a29c12a8b103d75f838e0e795a6974d,4a9e54962a,"Improve user feedback for errors during plot compilation (#3203)  * Improve user feedback for errors during plot compilation  * Update release notes and fix flaky test  * Fix pytest.raises usage a",bugfix,Python,Michael Waskom,2022-12-27 20:09:15-05:00,20,1,0,0,114,17,8,3,11,7.55,0,clean,Python,2021-2023,1.0,,6.33,0.33,0.84,3
mwaskom/seaborn,72710354ecc8470683e15f452ba0af841464e84a,72710354ec,Avoid exception from Continuous scale for normed property (#3190),other,Python,Michael Waskom,2022-12-27 20:27:41-05:00,20,1,0,0,9,1,3,1,2,5.0,0,clean,Python,2021-2023,1.0,,4.5,0.25,1.25,3
mwaskom/seaborn,5e565d2a1d8e155a9e54bb93d6e0fc2b310ec336,5e565d2a1d,"Add Boolean scale (#3205)  * Add Boolean scale  * Pandas backcompat  * Add test for new variable_type behavior  * Add tests for scale inference based on boolean data  * Add Boolean scale tests",feature,Python,Michael Waskom,2022-12-30 11:07:03-05:00,11,4,0,0,592,275,100,3,51,2.63,0,clean,Python,2021-2023,1.0,,2.14,0.03,0.03,3
mwaskom/seaborn,bf9fcb307533fad2031ab556f5f0e896bbc31e8d,bf9fcb3075,Explicitly set inline backend when building docs from notebooks,docs,Unknown,Michael Waskom,2022-12-30 12:57:46-05:00,12,4,0,0,2,0,2,0,0,0.0,0,clean,Python,2021-2023,1.0,,2.0,0.0,0.0,3
mwaskom/seaborn,0f5182ee01d28f2daeee805c7d4deb4a05b30bf0,0f5182ee01,"Fix issue when an empty palette is provided for an empty dataset (#3136)  * Fix issue when an empty palette is provided for an empty dataset  * Added test for empty palette with swarmplot or strippl",bugfix,Python,thuiop,2022-12-30 13:15:42-05:00,13,4,0,0,5,2,2,1,3,7.67,0,clean,Python,2021-2023,1.0,,1.67,0.33,2.56,0
mwaskom/seaborn,10c3ed87a42bcaed74b115252eeb4b88ebc1597f,10c3ed87a4,Finalize v0.12.2 release notes,other,Unknown,Michael Waskom,2022-12-30 13:26:55-05:00,13,4,0,0,10,8,1,0,0,0.0,0,clean,Python,2021-2023,1.0,,1.11,0.0,0.0,3
mwaskom/seaborn,fd09815eed491edad014c88aea814396d3e3ded2,fd09815eed,Bump version for 0.13.0 dev,other,Python,Michael Waskom,2023-01-01 17:46:21-05:00,17,6,1,0,1,1,1,0,0,0.0,0,clean,Python,2021-2023,1.0,,0.5,0.0,0.0,3
mwaskom/seaborn,7b70380829417c82478e9c67efc7cd1e5f1b8cb1,7b70380829,"Increase minimally-supported versions of Python and dependencies (#3208)  * Increase minimally-supported versions of Python and dependencies  * Update pinned versions in file that CI workflow reads ",other,Python,Michael Waskom,2023-01-01 19:33:51-05:00,19,6,1,0,22,28,5,1,3,6.0,0,clean,Python,2021-2023,1.0,,0.76,0.17,1.0,3
mwaskom/seaborn,29daaf3aee256926ef242d5b5fa1f2996fd1f687,29daaf3aee,Add helper function for consistent backcompat gates (#3209),feature,Python,Michael Waskom,2023-01-01 21:06:26-05:00,21,6,1,0,81,61,18,11,28,5.71,0,clean,Python,2021-2023,1.0,,1.31,0.58,0.3,3
mwaskom/seaborn,557b0d29cdeae9703576f4bb0eb73dd997a1e4a4,557b0d29cd,Remove dead code branches after minimal dependency bumps (#3210),other,Python,Michael Waskom,2023-01-02 08:16:07-05:00,8,0,0,0,27,181,13,8,22,4.41,0,clean,Python,2021-2023,1.0,,0.15,0.57,0.32,3
mwaskom/seaborn,9b0baf65c879889489a4cce92aef552536e571eb,9b0baf65c8,Fix Continuous.label(like=) documentation (fixes #3213),bugfix,Python,Michael Waskom,2023-01-09 20:10:52-05:00,20,0,0,0,3,2,1,0,1,6.0,0,clean,Python,2021-2023,1.0,,1.0,0.0,3.0,3
mwaskom/seaborn,623b0b723c671e99f04e8ababf19adc563f30168,623b0b723c,"Fix layout engine parameterization when using Plot.on (#3216)  * Fix layout engine parameterization when using Plot.on  * Allow None to be passed as layout engine argument  * Add 'none' as layout ",bugfix,Python,Michael Waskom,2023-01-09 20:15:19-05:00,20,0,0,0,35,7,3,1,6,3.67,0,clean,Python,2021-2023,1.0,,4.38,0.25,0.92,3
mwaskom/seaborn,dce8afd4a7d4145b04d897bf5ad61a72c99d624e,dce8afd4a7,Update references to minimal supported Python version,other,Unknown,Michael Waskom,2023-01-15 23:02:27-05:00,23,6,1,1,3,3,2,0,0,0.0,0,clean,Python,2021-2023,1.0,,0.75,0.0,0.0,3
mwaskom/seaborn,a47b97e4b98c809db55cbd283de21acba89fe186,a47b97e4b9,"Add default theme configuration to Plot (#3223)  * Improve Plot.theme docstring  * First pass at Plot.config and Plot.config.theme  * Validate rc params in Plot.theme  * Add documentation for Pl",bugfix,Python,Michael Waskom,2023-01-16 18:47:49-05:00,18,0,0,0,385,66,6,1,20,1.9,0,clean,Python,2021-2023,1.0,,5.75,0.14,0.27,3
mwaskom/seaborn,e75e303b747ebb9b573d0ddfbd08a141f305d373,e75e303b74,"Add notebook display configuration for Plot, including SVG output (#3225)  * WIP: configurable SVG display for Plot  * Add basic output format tests  * Add more test coverage  * Add docstrings ",feature,Python,Michael Waskom,2023-01-20 20:43:09-05:00,20,4,0,0,216,38,3,1,15,1.13,0,clean,Python,2021-2023,1.0,,5.54,0.25,0.28,3
mwaskom/seaborn,72faf27f440522fa558df33258ae9b4ea59e161f,72faf27f44,Fix Bar(s) width on nonlinear scale (#3217),bugfix,Python,Michael Waskom,2023-01-20 20:43:19-05:00,20,4,0,0,25,16,3,1,3,4.0,0,clean,Python,2021-2023,1.0,,1.47,0.25,1.0,3
mwaskom/seaborn,db7ae11750fc2dfb695457239708448d54e9b8cd,db7ae11750,Update test to reflect change in matplotlib 3.7 (#3236),test,Python,Michael Waskom,2023-01-25 16:58:26-05:00,16,2,0,0,1,1,1,1,1,2.0,0,clean,Python,2021-2023,1.0,,0.5,0.5,1.0,3
mwaskom/seaborn,0ebc82e8580caab55eb7af1f66220eab6654af97,0ebc82e858,Document weights parameter in displot docstring  Fixes #3226,bugfix,Python,Michael Waskom,2023-01-26 20:31:37-05:00,20,3,0,0,2,0,1,0,0,0.0,0,clean,Python,2021-2023,1.0,,2.0,0.0,0.0,3
mwaskom/seaborn,e336f11eb3bdb12ee7ddcd108a4651132c123267,e336f11eb3,"Retrieve list of available datasets from a github url with correct CORS headers set. (#3234)  * Change required for https://github.com/mwaskom/seaborn-data/issues/24  * Remove DATASET_NAMES_URL from",refactor,Python,koenvo,2023-02-02 08:03:55-05:00,8,3,0,0,12,12,2,1,2,8.5,0,clean,Python,2021-2023,1.0,,0.92,0.33,2.83,0
mwaskom/seaborn,17f9788a2f063ca94b5068ffefbbde9eba4c604d,17f9788a2f,Remove container added when inferring default color for bar artist (#3246),feature,Python,Michael Waskom,2023-02-06 20:51:39-05:00,20,0,0,0,8,0,3,1,3,7.33,0,clean,Python,2021-2023,1.0,,8.0,0.25,1.83,3
mwaskom/seaborn,7bec34be9c79320bc524c10afc244f90650cdc1d,7bec34be9c,Update v0.13.0 release notes,other,Unknown,Michael Waskom,2023-02-06 20:59:26-05:00,20,0,0,0,14,0,1,0,0,0.0,0,clean,Python,2021-2023,1.0,,14.0,0.0,0.0,3
mwaskom/seaborn,c44bce1035ee6f004ffc73a41d7d9e8e2b9a1cd8,c44bce1035,Adds kwarg only arguments to pivot in lineplot docs (#3249),feature,Unknown,Thomas J. Fan,2023-02-09 19:25:15-05:00,19,3,0,0,1,1,1,0,0,0.0,0,clean,Python,2021-2023,1.0,,0.5,0.0,0.0,0
mwaskom/seaborn,242a3312b6742f5b255c7ad6bccb7228839c9419,242a3312b6,"Modernize barplot to use common infrastructure (#3255)  * WIP modernize barplot  * Fix orient conditionals in Beeswarm  * Improve empty data robustness  * Don't use itertools to parameterize tes",bugfix,Python,Michael Waskom,2023-02-15 08:52:10-05:00,8,2,0,0,1339,326,9,5,113,4.84,0,clean,Python,2021-2023,1.0,,4.09,0.5,0.48,3
mwaskom/seaborn,3a778baab571e11aebcca82ef4d2c3ba41798e5b,3a778baab5,"Refactor countplot to use common infra and add stat parameter for normalization (#3267)  * Refactor countplot to use common infra and add stat parameter  * Update countplot docstring  * Don't use ",feature,Python,Michael Waskom,2023-02-18 18:31:22-05:00,18,5,1,0,336,116,4,1,21,7.38,0,clean,Python,2021-2023,1.0,,2.87,0.2,1.48,3
mwaskom/seaborn,55c8dc51884f86f94c0e018799c21b8436d33d72,55c8dc5188,Remove double docstring in 'axisgrid.py' (#3269),docs,Python,Yvonne Fröhlich,2023-02-19 21:01:05-05:00,21,6,1,0,0,1,1,0,0,0.0,0,clean,Python,2021-2023,1.0,,0.0,0.0,0.0,0
mwaskom/seaborn,5d9f37159bbd3ac44c8c8a06825583ba25648525,5d9f37159b,"Modernize pointplot and increase its flexibility (#3270)  * Add basic refactored version of pointplot  * Add basic legend and update tests for no scatter artist  * Add unit tests for new pointplot",feature,Python,Michael Waskom,2023-02-21 20:19:35-05:00,20,1,0,0,880,267,7,1,58,5.81,0,clean,Python,2021-2023,1.0,,3.28,0.12,0.73,3
mwaskom/seaborn,11d41696149feb2d3d8c1c5f9a5e98357285af03,11d4169614,docs: fix typo in docstring (#3273)  Change `paltte` to `palette`.,bugfix,Python,David Culley,2023-02-22 18:44:00-05:00,18,2,0,0,1,1,1,0,1,3.0,0,clean,Python,2021-2023,1.0,,0.5,0.0,1.5,0
mwaskom/seaborn,3733590d86a7f2c2a95cd9940a34aa7df5f5a3d2,3733590d86,"Remove vestigial bar/point/countplot code (#3271)  * Remove vestigial bar/point/countplot code  * Remove errant print statement",other,Python,Michael Waskom,2023-02-22 18:44:33-05:00,18,2,0,0,2,1201,2,1,43,4.91,0,clean,Python,2021-2023,1.0,,0.0,0.33,1.64,3
mwaskom/seaborn,8735494e4cd37ee781500e50554df2f3be2ead41,8735494e4c,"Fix heatmap `norm=None` issue (#3276)  * Fix heatmap  issue.  * Update seaborn/matrix.py  Co-authored-by: Michael Waskom <mwaskom@users.noreply.github.com>  * Fix condition  * Add test for exp",bugfix,Python,Ștefan Istrate,2023-02-25 11:47:21-05:00,11,5,1,0,15,1,2,1,2,6.0,0,clean,Python,2021-2023,1.0,,7.5,0.33,2.0,0
mwaskom/seaborn,e1e36cb1c5f02143d33107b5dfe4ec60527c3bf6,e1e36cb1c5,"Avoid matplotlib 3.7.0 warnings (#3278)  * Avoid mpl37 warnings  * Avoid mpl37 warnings in categorical tests",test,Python,Maoz Gelbart,2023-02-26 15:42:50-05:00,15,6,1,0,28,15,8,4,10,3.9,0,clean,Python,2021-2023,1.0,,1.75,0.44,0.43,1
mwaskom/seaborn,7231fc24f6251fbc4b4757a56af7a0622a5b12f5,7231fc24f6,"Modernize boxplot and add a number of enhancements (#3294)  * Refactor most boxplot functionality, save for dodging  * Get accurate widths on a log orient scale  * Define a BoxPlotContainer to hol",bugfix,Python,Michael Waskom,2023-03-14 19:54:33-04:00,19,1,0,0,794,363,3,1,64,4.12,0,clean,Python,2021-2023,1.0,,2.18,0.25,1.03,3
mwaskom/seaborn,35c284e74fbf9ea1802416daa42845eae1e7a30e,35c284e74f,"Docs fix - heatmap.ipynb. (#3290)  * Update heatmap.ipynb  1. Using keyword-arguments on .pivot call, to avoid FutureWarning when executing example. 2. Removed empty code cell in the end of the doc",bugfix,Unknown,Eitan Hemed,2023-03-14 19:55:37-04:00,19,1,0,0,1,9,1,0,0,0.0,0,clean,Python,2021-2023,1.0,,0.1,0.0,0.0,0
mwaskom/seaborn,a69eb55f2d89b00e1d31b9c9ec29982fe0a187cb,a69eb55f2d,"Bump actions/checkout from 2 to 3 (#3279)  Bumps [actions/checkout](https://github.com/actions/checkout) from 2 to 3. - [Release notes](https://github.com/actions/checkout/releases) - [Changelog](ht",other,Unknown,dependabot[bot],2023-03-14 19:55:50-04:00,19,1,0,0,1,1,1,0,0,0.0,0,clean,Python,2021-2023,1.0,,0.5,0.0,0.0,0
mwaskom/seaborn,f9827a3ae2a998aeeb97d1931ae03f8a3f7109c2,f9827a3ae2,"MAINT: address numpy125 deprecations (#3297)  * Handle numpy125 deprecations  * Remove unreachable code paths  * Remove more unreachable code paths  * Remove an unused import",feature,Python,Maoz Gelbart,2023-03-19 21:19:53-04:00,21,6,1,0,9,25,6,4,5,1.4,0,clean,Python,2021-2023,1.0,,0.35,0.57,0.2,1
mwaskom/seaborn,bd480f6280007b2ae6910ce4ee689f213f7a7e10,bd480f6280,"Fixes small inconsistency in seaborn.objects tutorial (#3309)  * Fixes docs on objects  * Fix grammar  * Fix formatting  * Oops  ---------  Co-authored-by: Anton Burenko <burenko@incoretex.d",bugfix,Unknown,Anton Burenko,2023-04-02 14:28:19-04:00,14,6,1,0,1,1,1,0,0,0.0,0,clean,Python,2021-2023,1.0,,0.5,0.0,0.0,0
mwaskom/seaborn,19deb36e17bb1d91a73800c61a8f0381d7f2bf79,19deb36e17,"Refactor to simplify desaturation in categorical plots (#3310)  * Short circuit idenity desaturation to avoid roundoff issues  * Add (de)saturation directly to hue map  * Add test for mapping beha",feature,Python,Michael Waskom,2023-04-03 18:13:49-04:00,18,0,0,0,59,44,5,2,16,13.88,0,clean,Python,2021-2023,1.0,,1.31,0.33,2.31,3
mwaskom/seaborn,cc0997820e84a478632706d0ef6f6e3e4256d5b6,cc0997820e,Pandas 2.0 compat in Area API docs,docs,Unknown,Michael Waskom,2023-04-03 18:34:18-04:00,18,0,0,0,1,1,1,0,0,0.0,0,clean,Python,2021-2023,1.0,,0.5,0.0,0.0,3
mwaskom/seaborn,011caacf7479346cb931ee65c096d2fe0d6ee762,011caacf74,Fix typo,bugfix,Unknown,Michael Waskom,2023-04-03 19:02:32-04:00,19,0,0,0,1,1,1,0,0,0.0,0,clean,Python,2021-2023,1.0,,0.5,0.0,0.0,3
mwaskom/seaborn,4f7255446ed04048e46ff962eb0926351d40680d,4f7255446e,Pandas 2.0 compat in docs,docs,Python,Michael Waskom,2023-04-03 19:29:01-04:00,19,0,0,0,9,3,3,0,0,0.0,0,clean,Python,2021-2023,1.0,,2.25,0.0,0.0,3
mwaskom/seaborn,804662d1fd00008d596cdad2bc0b76593803d984,804662d1fd,Add read-only permissions to ci.yaml (#3319)  Signed-off-by: Pedro Kaj Kjellerup Nacht <pnacht@google.com>,feature,Unknown,Pedro Nacht,2023-04-12 19:19:13-04:00,19,2,0,0,3,0,1,0,0,0.0,0,clean,Python,2021-2023,1.0,,3.0,0.0,0.0,0
mwaskom/seaborn,0b6d6535fb124911ed4f4e74b979e7678f24952e,0b6d6535fb,"Fixed mwaskom/seaborn#3272 (#3317)  * added test for issue #3272 'Layered pointplot getting clipped'  * fixed clipped data after sequential point_plot  * Created implementation that utilized exist",bugfix,Python,Jakal02,2023-04-15 10:08:32-04:00,10,5,1,0,12,1,2,1,2,7.5,0,clean,Python,2021-2023,1.0,,6.0,0.33,2.5,0
mwaskom/seaborn,64ef8cfd563c41341c0309518755ed89c0e1315e,64ef8cfd56,Temporarily restrict sphinx version to unbreak docs build (#3323),docs,Unknown,Michael Waskom,2023-04-15 14:47:13-04:00,14,5,1,0,1,0,1,0,0,0.0,0,clean,Python,2021-2023,1.0,,1.0,0.0,0.0,3
mwaskom/seaborn,bf0cfec0627bee4b757f033ff504c0a520a3cd5b,bf0cfec062,"Bugfix issue 3230 (#3316)  * fix bug 3230  * update 2d dashes test  * Update pr based on feedback  * Update release",bugfix,Python,Jonas Cristens,2023-04-16 17:50:34-04:00,17,6,1,0,8,1,3,1,2,4.5,0,clean,Python,2021-2023,1.0,,4.0,0.25,1.12,0
mwaskom/seaborn,fc03c5d4e11126ff88a28da54bca3a2b691c7cab,fc03c5d4e1,"Refactor new categorical internals (#3337)  * Reosolve merge conflict  * WIP abstract out orient axis rescaling  * Refactor dodge operation  * Matplotlib backcompat",feature,Python,Michael Waskom,2023-04-24 21:36:11-04:00,21,0,0,0,98,82,3,1,17,6.18,0,clean,Python,2021-2023,1.0,,1.18,0.25,1.54,3
mwaskom/seaborn,eb2b5a21dfc9a20f2eeec100490d5c014e689c65,eb2b5a21df,Fix lint rule to run flake8 on test suite (#3348),bugfix,Python,Michael Waskom,2023-04-26 20:47:43-04:00,20,2,0,0,2,2,2,1,1,1.0,0,clean,Python,2021-2023,1.0,,0.67,0.33,0.33,3
mwaskom/seaborn,5666389e1090d3b31ff1c97dca4be04f10e7ecc6,5666389e10,"Add security policy (#3344)  * Add security policy  Signed-off-by: Pedro Kaj Kjellerup Nacht <pnacht@google.com>  * Only use security advisories  Signed-off-by: Pedro Kaj Kjellerup Nacht <pnacht",feature,Unknown,Pedro Nacht,2023-05-04 07:32:08-04:00,7,3,0,0,17,0,1,0,0,0.0,0,clean,Python,2021-2023,1.0,,17.0,0.0,0.0,0
mwaskom/seaborn,2d9bb4f82e36a8fded638ff6b044c4a540567181,2d9bb4f82e,Remove matplotlib cache manipulation (#3332),other,Python,Kyle Sunden,2023-05-04 07:38:49-04:00,7,3,0,0,0,3,2,0,2,6.0,0,clean,Python,2021-2023,1.0,,0.0,0.0,2.0,0
mwaskom/seaborn,971f47e9c1e69c6f14e42d3c0da8aec884f3352b,971f47e9c1,"ecdfplot stat parameter manage percent (#3336)  * ecdfplot stat parameter manage percent  * two first corrections  * revert to the initial example  * mentioning that counts or percents can be sh",feature,Python,gregorystrubel,2023-05-04 08:29:46-04:00,8,3,0,0,19,4,3,1,4,1.75,0,clean,Python,2021-2023,1.0,,3.8,0.25,0.44,0
mwaskom/seaborn,a48601d6bbf8381f9435be48624f1a77d6fbfced,a48601d6bb,pandas compat: address is_categorical_dtype deprecation (#3355)  Co-authored-by: MarcoGorelli <>,feature,Python,Marco Edward Gorelli,2023-05-04 21:50:29-04:00,21,3,0,0,2,2,2,0,2,9.0,0,clean,Python,2021-2023,1.0,,0.67,0.0,3.0,0
mwaskom/seaborn,3fd4146781e56a06065e509f6ce76118e9c33d5f,3fd4146781,Handle statsmodels PerfectSeparationWarning on 0.14.0+ (#3356),other,Python,Michael Waskom,2023-05-06 11:46:47-04:00,11,5,1,0,9,3,1,0,2,2.5,0,clean,Python,2021-2023,1.0,,2.25,0.0,1.25,3
mwaskom/seaborn,1b09ac4f1900317a88db742660faf47d8e71b72d,1b09ac4f19,"Modernize and enhance violinplot (#3353)  * Add very basic new violinplot code  * Break apart violin plotting into two loops  * Update saturation  * Take advantage of new common methods for dodg",bugfix,Python,Michael Waskom,2023-05-07 20:31:04-04:00,20,6,1,0,1108,1269,9,2,89,4.24,1,szz,Python,2021-2023,0.019,3352.0,0.87,0.2,0.42,3
mwaskom/seaborn,f7bd65f430794b9eaebebf509a1c0bfead0d6e0f,f7bd65f430,Fix rst typo,bugfix,Unknown,Michael Waskom,2023-05-07 20:33:09-04:00,20,6,1,0,1,1,1,0,0,0.0,0,clean,Python,2021-2023,1.0,,0.5,0.0,0.0,4
mwaskom/seaborn,16c025dcdcb5010b014dbca473673c78f4c594d7,16c025dcdc,"DOC: Fix typo in include directive (#3357)  The missing second colon prevented the examples from being included in the documentation.",bugfix,Python,Steffen Rehberg,2023-05-09 07:20:55-04:00,7,1,0,0,2,2,2,0,1,6.0,0,clean,Python,2021-2023,1.0,,0.67,0.0,2.0,0
mwaskom/seaborn,b9333f900cc6c27e4f39dea57e0a034ba82ebf8a,b9333f900c,"Add gap/fill parameters to barplot and countplot (#3361)  * Add fill and gap parameters to barplot  * Add params to docstring  * Add gap/fill to catplot  * Add gap/fill to countplot  * Make de",feature,Python,Michael Waskom,2023-05-13 08:35:24-04:00,8,5,1,0,64,15,2,1,10,13.9,0,clean,Python,2021-2023,1.0,,4.0,0.33,4.63,4
mwaskom/seaborn,129ce703052ff56f27014a0d8e4e6203b531b7a8,129ce70305,"TST: Make test_index_alignment_between_series less brittle (#3359)  test_index_alignment_between_series fails on Windows but passes on Linux. The reason is that the indices of the expected Series are",test,Python,Steffen Rehberg,2023-05-13 11:24:52-04:00,11,5,1,0,3,2,1,1,1,1.0,0,clean,Python,2021-2023,1.0,,1.0,0.5,0.5,0
mwaskom/seaborn,824c102525e6a29cde9bca1ce0096d50588fda6b,824c102525,DOC: Fix some typos (#3366),bugfix,Python,Steffen Rehberg,2023-05-21 13:13:59-04:00,13,6,1,0,7,7,5,0,0,0.0,0,clean,Python,2021-2023,1.0,,0.88,0.0,0.0,0
mwaskom/seaborn,b6737d5aec9a91bb8840cdda896a7970e1830d56,b6737d5aec,"Avoid error when determining type of variable containing pd.NA (#3391)  * Avoid error when determining type of variable containing pd.NA  * Remove vestigial tests for non-Series inputs to variable_t",test,Python,Michael Waskom,2023-06-18 19:03:57-04:00,19,6,1,0,4,9,3,1,3,6.33,0,clean,Python,2021-2023,1.0,,0.4,0.25,1.58,4
mwaskom/seaborn,9276e22a424fe2c834eff85231d0c916e293d613,9276e22a42,Always use unit width for categorical axes (#3390),other,Python,Michael Waskom,2023-06-19 10:57:38-04:00,10,0,0,0,13,1,2,1,3,2.33,0,clean,Python,2021-2023,1.0,,6.5,0.33,0.78,4
mwaskom/seaborn,515286e02be3e4c0ff2ef4addb34a53c4a676ee4,515286e02b,"Improve handling of edge cases with nullable dtypes (#3394)  * Improve handling of numeric type edge cases  * Ensure numeric data after scaling in Plot  * Remove some back-compat flexibility aroun",other,Python,Michael Waskom,2023-06-19 20:52:44-04:00,20,0,0,0,37,22,5,2,9,7.89,0,clean,Python,2021-2023,1.0,,1.61,0.33,1.32,4
mwaskom/seaborn,7780305bae63d8be3416858ac35f6fa706bab4d6,7780305bae,Fix PairGrid with column multiindex (#3407),bugfix,Python,Michael Waskom,2023-06-28 06:47:42-04:00,6,2,0,0,9,2,2,1,2,10.0,0,clean,Python,2021-2023,1.0,,3.0,0.33,3.33,4
mwaskom/seaborn,58e0b0511dc157d8bcceb4064725fe296c938832,58e0b0511d,"Modernize boxenplot and address some odd behaviors (#3393)  * WIP port over some of the boxenplot stats computation to its own object  * POC new boxenplot  * Add generic kwargs for boxenplot  * ",bugfix,Python,Michael Waskom,2023-07-03 13:48:28-04:00,13,0,0,0,1274,1209,8,3,91,3.37,1,szz,Python,2021-2023,0.019,3352.0,1.05,0.33,0.37,4
mwaskom/seaborn,a42b894229c14825660ec72f4ead5760076ff9e9,a42b894229,"[Maint] Cleanup of vestigial categorical code (#3416)  * Delete old _CategoricalPlotter class  * Rename _CategoricalPlotterNew to _CategoricalPlotter  * Some docstring update / cleanups  * Move ",feature,Python,Michael Waskom,2023-07-04 22:14:29-04:00,22,1,0,1,117,903,2,1,36,6.25,0,clean,Python,2021-2023,1.0,,0.13,0.33,2.08,5
mwaskom/seaborn,9087437ad28e872ff73e5ff10ce6c2e7d511d650,9087437ad2,Rename _oldcore module to _base (#3418),refactor,Python,Michael Waskom,2023-07-08 19:46:39-04:00,19,5,1,0,13,16,11,5,1,4.0,0,clean,Python,2021-2023,1.0,,0.76,0.42,0.33,5
mwaskom/seaborn,3ef2a0f9580e5a4715be878c73751454089c945d,3ef2a0f958,"Fix Plot.add transforms to accept Move, not Mark (#3425)  Fixes the type in accordance with the intention of #2948",bugfix,Python,Bryan Head,2023-07-22 19:08:18-04:00,19,5,1,0,1,1,1,0,2,10.0,0,clean,Python,2021-2023,1.0,,0.5,0.0,5.0,0
mwaskom/seaborn,54aeb181a1aae54f8bba1c5c79604783956dc198,54aeb181a1,Update type test to satisfy new flake8 (#3433),feature,Python,Michael Waskom,2023-08-01 09:24:12-04:00,9,1,0,0,1,1,1,1,1,1.0,0,clean,Python,2021-2023,1.0,,0.5,0.5,0.5,5
mwaskom/seaborn,aebf7d8dba58b41090cefbfea4074682edf62349,aebf7d8dba,Hash-pin GitHub Actions (#3436)  Signed-off-by: Pedro Kaj Kjellerup Nacht <pnacht@google.com>,other,Unknown,Pedro Nacht,2023-08-08 20:56:45-04:00,20,1,0,0,7,7,1,0,0,0.0,0,clean,Python,2021-2023,1.0,,0.88,0.0,0.0,0
mwaskom/seaborn,23860365816440b050e9211e1c395a966de3c403,2386036581,"Address inf_as_na pandas deprecation (#3424)  * Address inf_as_na pandas deprecation  * Add -np.inf, add import  * flake8  * Make copy  * Use mask instead of replace",feature,Python,Matthew Roeschke,2023-08-19 09:41:57-04:00,9,5,1,0,26,22,2,0,3,9.67,1,szz,Python,2021-2023,0.019,3352.0,1.13,0.0,3.22,0
mwaskom/seaborn,af613f1db95e2ebc02810a985723f7fab19ff01c,af613f1db9,"Generalize internal scaling operation (#3440)  * Small renaming and reorganization  * Convert data using transform attached to axis in _base  * Replace simple inverse scaling patterns  * Fix gen",bugfix,Python,Michael Waskom,2023-08-20 18:08:32-04:00,18,6,1,0,187,138,6,2,34,13.09,0,clean,Python,2021-2023,1.0,,1.35,0.29,1.87,5
mwaskom/seaborn,58cf6285d7299ac6dda83bbd4af8dbd019c58058,58cf6285d7,"Support polars and other data libraries via dataframe interchange (#3369)  * Support dataframe interchange in objects interface  * Add warning for dataframe interchange with pandas<2.0.2  * Fix ty",bugfix,Python,Michael Waskom,2023-08-23 06:46:54-04:00,6,2,0,0,195,147,12,5,25,7.8,0,clean,Python,2021-2023,1.0,,1.32,0.38,0.6,5
mwaskom/seaborn,67a777a54dd1064c3f9038733b1ed71c6d50a6af,67a777a54d,"Add log_scale to categorical plots (#3445)  * Add log_scale to categorical plots  * Fix docstring formatting  [skip ci]",bugfix,Python,Michael Waskom,2023-08-23 21:09:05-04:00,21,2,0,0,75,31,5,2,18,11.06,0,clean,Python,2021-2023,1.0,,2.34,0.33,1.84,5
mwaskom/seaborn,b3e6b8d62194577deabebaa595520a13d55cf269,b3e6b8d621,Update tests for matplotlib 3.8.0rc1 (#3446),test,Python,Kyle Sunden,2023-08-24 19:07:23-04:00,19,3,0,0,48,34,3,2,21,3.29,0,clean,Python,2021-2023,1.0,,1.37,0.5,0.82,0
mwaskom/seaborn,9049ddd2e7676660b61fc19b88e773230f52f521,9049ddd2e7,"Squash a large number of warnings in the tests (#3447)  * Add explicit observed=False to groupby calls per upcoming pandas change  * Remove deprecated approach to setting contour label, which never ",feature,Python,Michael Waskom,2023-08-25 07:48:00-04:00,7,4,0,0,46,34,11,4,19,8.84,0,clean,Python,2021-2023,1.0,,1.31,0.33,0.74,5
mwaskom/seaborn,3d3d715989d1a9cecc2b08fb23c695b6bb686754,3d3d715989,"Simplify some Plotter class method/attributes that haven't proven useful (#3449)  * Remove VectorPlotter.get_semantics  * Simplify semantic mapping setup  * Remove semantics as class-level attribu",other,Python,Michael Waskom,2023-08-27 07:53:11-04:00,7,6,1,0,104,224,12,2,50,7.5,0,clean,Python,2021-2023,1.0,,0.46,0.15,0.58,5
mwaskom/seaborn,20db4d4e14f962267dd1aab3f364cbf70b20d0c1,20db4d4e14,Change get_linestyle to get_dashes for Collections (#3400),other,Python,Oscar Gustafsson,2023-08-27 08:11:51-04:00,8,6,1,0,1,1,1,1,1,1.0,0,clean,Python,2021-2023,1.0,,0.5,0.5,0.5,0
mwaskom/seaborn,07711372d1b7bdd2dd30a1546bbcd1de55232165,07711372d1,"Ignore units= in relplot with kind='scatter' (#3451)  * Ignore units= in relplot with kind='scatter'  Closes #3324  * Issue warning when ignoring units",other,Python,Michael Waskom,2023-08-27 08:25:35-04:00,8,6,1,0,20,10,2,1,2,17.0,0,clean,Python,2021-2023,1.0,,1.82,0.33,5.67,5
mwaskom/seaborn,ce02525ef40f8291165d705343c7cda87981484a,ce02525ef4,"Deprecate accepting an array-typed palette, which is not intentional (#3452)",other,Python,Michael Waskom,2023-08-27 14:59:02-04:00,14,6,1,0,17,0,2,1,2,3.5,0,clean,Python,2021-2023,1.0,,17.0,0.33,1.17,5
mwaskom/seaborn,01fddcfa8724ff0e9aea475d9370051a0f5ef73c,01fddcfa87,"Fail early with a nice message when statsmodels is needed (#3453)  * Fail early with a nice message when statsmodels is needed  * Refactor and test in residplot too",refactor,Python,Michael Waskom,2023-08-27 15:45:00-04:00,15,6,1,0,22,0,2,1,4,4.0,0,clean,Python,2021-2023,1.0,,22.0,0.33,1.33,5
mwaskom/seaborn,0a64c1aec2ecabe8d7f9b3c616f4f793b0b74f94,0a64c1aec2,"Allow move_legend to overwrite the labels (#3454)  * Allow move_legend to overwrite the labels  * Use backwards-compatible method for getting legend handles",other,Python,Michael Waskom,2023-08-28 07:00:00-04:00,7,0,0,0,30,1,2,1,2,10.5,0,clean,Python,2021-2023,1.0,,15.0,0.33,3.5,5
mwaskom/seaborn,082486d8505cee37416a855da65ff6349c7259e2,082486d850,"Add the concept of a ""layer legend"" to so.Plot (#3456)  * Fix Mark._legend_artist type annotations  * Work around possible matplotlib type annotation bug  * Add the concept of a layer legend to so",bugfix,Python,Michael Waskom,2023-08-31 08:54:00-04:00,8,3,0,0,280,33,5,1,11,7.36,0,clean,Python,2021-2023,1.0,,8.24,0.17,1.23,5
mwaskom/seaborn,5d530ac2423d0cc825ef66ab3c8b8563a6441281,5d530ac242,"Bump actions/checkout from 3.5.3 to 3.6.0 (#3455)  Bumps [actions/checkout](https://github.com/actions/checkout) from 3.5.3 to 3.6.0. - [Release notes](https://github.com/actions/checkout/releases) ",other,Unknown,dependabot[bot],2023-08-31 23:20:03-04:00,23,3,0,1,3,3,1,0,0,0.0,0,clean,Python,2021-2023,1.0,,0.75,0.0,0.0,0
mwaskom/seaborn,74a83017fd4114c78854b492f8f1d252083f3146,74a83017fd,Allow x=/y= to control paired scales and limits (#3458),other,Python,Michael Waskom,2023-09-01 07:36:59-04:00,7,4,0,0,26,10,2,1,6,10.33,0,clean,Python,2021-2023,1.0,,2.36,0.33,3.44,5
mwaskom/seaborn,ff446eef75f87253c1e53f0e06f5307d2644ca00,ff446eef75,Also allow Plot.label to control all paired axes (#3459),other,Python,Michael Waskom,2023-09-01 15:46:28-04:00,15,4,0,0,15,5,2,1,2,4.0,0,clean,Python,2021-2023,1.0,,2.5,0.33,1.33,5
mwaskom/seaborn,e71d95b661a069e85473ad347773d35317611486,e71d95b661,"Change categorical auto gray parameter to ""auto"", with warning (#3460)",other,Python,Michael Waskom,2023-09-09 10:16:37-04:00,10,5,1,0,56,64,2,1,18,14.11,0,clean,Python,2021-2023,1.0,,0.86,0.33,4.7,5
mwaskom/seaborn,fbc44d57b34dadbea765da3ae3d52cf4fa6effbf,fbc44d57b3,"Improve relational/categorical legends to show non-semantic properties (#3467)  * Begin refactoring relational legend setup  * Move legend creation methods down to base  VectorPlotter  * Convert R",bugfix,Python,Michael Waskom,2023-09-10 21:18:01-04:00,21,6,1,0,580,493,9,4,70,7.04,0,clean,Python,2021-2023,1.0,,1.17,0.4,0.7,5
mwaskom/seaborn,1f788201822941a3aca7fedf0bcd49d16ebc313b,1f78820182,Normalize matplotlib kwargs in scatterplot / lineplot (#3483),other,Python,Michael Waskom,2023-09-18 10:23:14-04:00,10,0,0,0,12,2,2,1,2,15.5,0,clean,Python,2021-2023,1.0,,4.0,0.33,5.17,5
mwaskom/seaborn,4c90fa9422a65438b9f33c9d780dc72c1a38c3e4,4c90fa9422,Add a batch of release notes for major v0.13 additions,feature,Unknown,Michael Waskom,2023-09-23 10:46:44-04:00,10,5,1,0,114,1,1,0,0,0.0,0,clean,Python,2021-2023,1.0,,57.0,0.0,0.0,5
mwaskom/seaborn,c01e103d79de4f46313abc70df08c8c2ad54bf33,c01e103d79,Mask nonpositive values with log_scale and ignore inf data in histogram range (#3488),other,Python,Michael Waskom,2023-09-23 18:59:24-04:00,18,5,1,0,10,3,3,1,3,12.0,0,clean,Python,2021-2023,1.0,,2.5,0.25,3.0,5
mwaskom/seaborn,65d8692070aa79fca8c29cc715e4ada1a8e8298d,65d8692070,Treat binwidth as approximate to avoid dropping outermost datapoints (#3489),other,Python,Michael Waskom,2023-09-24 20:19:29-04:00,20,6,1,0,6,5,2,1,3,2.67,0,clean,Python,2021-2023,1.0,,1.0,0.33,0.89,5
mwaskom/seaborn,cbac948ef6eed8a86b42e59b18ae5e1f6bd37d77,cbac948ef6,Update examples that use deprecated/changed parameters in gallery (#3492),other,Python,Michael Waskom,2023-09-24 20:19:39-04:00,20,6,1,0,25,29,7,0,0,0.0,0,clean,Python,2021-2023,1.0,,0.83,0.0,0.0,5
mwaskom/seaborn,9af5cfe3cf4bf936aaadfaf42732e78562a04173,9af5cfe3cf,Fix pointplot dodge calculation (#3493),bugfix,Python,Michael Waskom,2023-09-24 20:20:12-04:00,20,6,1,0,2,1,1,0,1,11.0,0,clean,Python,2021-2023,1.0,,1.0,0.0,5.5,5
mwaskom/seaborn,c8459c28da688d1817aaec8acdb564c7acd42a90,c8459c28da,Fix data attached to catplot FacetGrid (#3494),bugfix,Python,Michael Waskom,2023-09-25 06:51:09-04:00,6,0,0,0,15,3,2,1,2,22.0,0,clean,Python,2021-2023,1.0,,3.75,0.33,7.33,5
mwaskom/seaborn,92c22bc69955536947a0f538ae9fb7360223db1c,92c22bc699,Restore implicit hue for wide categorical data (#3496),other,Python,Michael Waskom,2023-09-26 06:53:56-04:00,6,1,0,0,58,22,3,1,19,8.37,0,clean,Python,2021-2023,1.0,,2.52,0.25,2.09,5
mwaskom/seaborn,b2f0de03b1663ecd74b717d023fe5a2578a590d3,b2f0de03b1,Update release notes,other,Unknown,Michael Waskom,2023-09-26 09:19:31-04:00,9,1,0,0,33,14,2,0,0,0.0,0,clean,Python,2021-2023,1.0,,2.2,0.0,0.0,5
mwaskom/seaborn,0d46709b4a96f464070a4c635323b3d10315afed,0d46709b4a,Postpone some removals of deprecated features (#3497),feature,Python,Michael Waskom,2023-09-26 09:39:06-04:00,9,1,0,0,7,7,1,0,2,12.0,0,clean,Python,2021-2023,1.0,,0.88,0.0,6.0,5
mwaskom/seaborn,6b9e2fb93ba3aa73e65a34c684c7cecd8382c749,6b9e2fb93b,Fix catplot with kind='point' to avoid color warning (#3499),bugfix,Python,Michael Waskom,2023-09-26 17:48:30-04:00,17,1,0,0,3,6,1,0,1,47.0,0,clean,Python,2021-2023,1.0,,0.43,0.0,23.5,5
mwaskom/seaborn,782b71ee81bae4c40f861d89f3ecc00d2c1c9543,782b71ee81,Address a couple of warnings that turned up only in the docs (#3500),feature,Python,Michael Waskom,2023-09-26 20:35:31-04:00,20,1,0,0,5,5,3,0,4,6.25,0,clean,Python,2021-2023,1.0,,0.83,0.0,1.56,5
mwaskom/seaborn,4888797c7aa9e77915474d72bfbbe1dcfe196d45,4888797c7a,Avoid a matplotlib warning for strip/swarmplot with unfilled marker (#3501),other,Python,Michael Waskom,2023-09-26 20:35:39-04:00,20,1,0,0,18,0,2,1,3,8.67,0,clean,Python,2021-2023,1.0,,18.0,0.33,2.89,5
mwaskom/seaborn,a8b6cac4c8293b10cd21586387832aa5cb5c3035,a8b6cac4c8,"Assorted small doc updates (#3502)  * Assorted, small documentation updates  * Add v0.12 to archive selector  * Further updates",feature,Python,Michael Waskom,2023-09-29 07:20:53-04:00,7,4,0,0,31,18,6,0,0,0.0,0,clean,Python,2021-2023,1.0,,1.63,0.0,0.0,5
mwaskom/seaborn,3351a17195227b114a2f398241fc66751ad6a8e4,3351a17195,Set version tag for next development cycle,other,Python,Michael Waskom,2023-09-29 15:26:00-04:00,15,4,0,0,1,1,1,0,0,0.0,0,clean,Python,2021-2023,1.0,,0.5,0.0,0.0,5
mwaskom/seaborn,2c2c84e8c5d8fe8ef6b00da5bd47a54c8f5f08da,2c2c84e8c5,"Test on Python 3.12 (#3510)  * Test on Python 3.12  * Fix bitwise inversion on bools deprecations  * Announce Python 3.12 support",bugfix,Python,Jarrod Millman,2023-10-01 13:43:20-04:00,13,6,1,0,6,4,3,1,2,4.5,0,clean,Python,2021-2023,1.0,,1.2,0.25,1.12,0
mwaskom/seaborn,1c0f4a24ade50f278a04e8b4131357488253fa6c,1c0f4a24ad,Update old mpl color tutorial link (#3538),other,Unknown,Boyd Kane,2023-10-22 16:24:22-04:00,16,6,1,0,1,1,1,0,0,0.0,0,clean,Python,2021-2023,1.0,,0.5,0.0,0.0,0
mwaskom/seaborn,7e98bb899508b2a0db5015bb48dd3fdf890d5d98,7e98bb8995,"Bump actions/checkout from 3.6.0 to 4.1.0 (#3495)  Bumps [actions/checkout](https://github.com/actions/checkout) from 3.6.0 to 4.1.0. - [Release notes](https://github.com/actions/checkout/releases) ",other,Unknown,dependabot[bot],2023-10-22 17:28:47-04:00,17,6,1,0,3,3,1,0,0,0.0,0,clean,Python,2021-2023,1.0,,0.75,0.0,0.0,0
mwaskom/seaborn,863539d71e281d88a93de64581827b166d9e2f22,863539d71e,"Bump actions/setup-python from 4.7.0 to 4.7.1 (#3517)  Bumps [actions/setup-python](https://github.com/actions/setup-python) from 4.7.0 to 4.7.1. - [Release notes](https://github.com/actions/setup-py",bugfix,Unknown,dependabot[bot],2023-10-22 17:29:01-04:00,17,6,1,0,3,3,1,0,0,0.0,0,clean,Python,2021-2023,1.0,,0.75,0.0,0.0,0
mwaskom/seaborn,acbb9cf8d447266021d873e06b6c119dae966a9b,acbb9cf8d4,"Fix edgecolor in catplot with kind='bar' (#3547)  * Fix edgecolor in catplot with kind='bar'  Fixes #3542  * Use rule-based default edgecolor closer to where it is defined",bugfix,Python,Michael Waskom,2023-11-04 12:02:27-04:00,12,5,1,0,6,4,2,1,1,48.0,0,clean,Python,2021-2023,1.0,,1.2,0.33,16.0,5
mwaskom/seaborn,2a469a2f5f3b7884536a7acca4c02a61e28628c3,2a469a2f5f,"FIX #3537 Disabling the legend based on the x-axis and hue values (#3540)  * FIX #3537 Disabling the legend based on the x-axis and hue values  * FIX #3537 Disabling the legend based on the x-axis a",bugfix,Python,abdulwaheedsoudagar,2023-11-04 12:03:12-04:00,12,5,1,0,13,3,2,1,3,18.0,0,clean,Python,2021-2023,1.0,,3.25,0.33,6.0,0
mwaskom/seaborn,8ed641f767abf4017f86b61660bb3f84f765c37a,8ed641f767,"Bump actions/checkout from 4.1.0 to 4.1.1 (#3539)  Bumps [actions/checkout](https://github.com/actions/checkout) from 4.1.0 to 4.1.1. - [Release notes](https://github.com/actions/checkout/releases) ",bugfix,Unknown,dependabot[bot],2023-11-04 12:03:30-04:00,12,5,1,0,3,3,1,0,0,0.0,0,clean,Python,2021-2023,1.0,,0.75,0.0,0.0,0
mwaskom/seaborn,ea51c41b51e3cd7da2d431688fce36f329c5b84d,ea51c41b51,"FIX: handle potential TypeError when determining variable type (#3516)  * FIX: handle potential TypeError when determining variable type  * Handle edge case in duplicated _core code  * Add tests ",bugfix,Python,Philipp Schaefer,2023-11-04 13:40:50-04:00,13,5,1,0,26,3,4,2,4,5.5,0,clean,Python,2021-2023,1.0,,6.5,0.4,1.1,0
mwaskom/seaborn,63d91bf0298009effc9de889f7f419f59deb3960,63d91bf029,Fix incorrect statement in the pointsize documentation,bugfix,Unknown,Michael Waskom,2023-11-07 07:02:40-05:00,7,1,0,0,1,1,1,0,0,0.0,0,clean,Python,2021-2023,1.0,,0.5,0.0,0.0,5
scipy/scipy,49858c5fb2bf479b17a0bf42a7397d73f45f1b31,49858c5fb2,STY: `scipyoptdoc` E501 (line length) clean up [skip circle]  Co-authored-by: Matt Haberland <mhaberla@calpoly.edu>,refactor,Python,lucascolley,2023-11-10 21:09:33+00:00,21,4,0,0,4,3,1,0,3,5.67,0,clean,Python,2021-2023,1.0,,1.0,0.0,2.84,0
scipy/scipy,03d0ac36efdb9caf3cdb25023bd98fdc05fee819,03d0ac36ef,MAINT/DOC: stats: fix lint errors,bugfix,Python,lucascolley,2023-11-10 21:19:26+00:00,21,4,0,0,6,4,3,0,2,1.0,0,clean,Python,2021-2023,1.0,,1.2,0.0,0.25,0
scipy/scipy,3428e8506103f473524282f7cf037dc76a5df031,3428e85061,MAINT/DOC/BENCH: optimize: fix linter errors,bugfix,Python,lucascolley,2023-11-10 21:43:59+00:00,21,4,0,0,21,18,6,1,10,1.6,0,clean,Python,2021-2023,1.0,,1.11,0.14,0.23,0
scipy/scipy,472876787c0adb10b67018c3b22ec3aeac92717f,472876787c,MAINT: fix remaining lint errors,bugfix,Python,lucascolley,2023-11-10 22:16:32+00:00,22,4,0,1,7,6,4,2,4,3.0,0,clean,Python,2021-2023,1.0,,1.0,0.4,0.6,0
scipy/scipy,93e96d296d20b9aef61b687dc13d89bb72cc123a,93e96d296d,"MAINT: Fix/parametrize Rotation tests. (#19302)  * MAINT: Fix/parametrize Rotation tests.  The test were slightly incorrect in the sens that they were testing that at least one of the combination o",bugfix,Python,Matthias Bussonnier,2023-11-11 14:44:38-07:00,14,5,1,0,99,139,1,1,10,2.2,1,keyword_strict,Python,2021-2023,0.4,,0.71,0.5,1.1,1
scipy/scipy,bf819ba58a6ccd51cc6d6dacf88ab18a80355148,bf819ba58a,"MAINT: Translate binom to C++ (#19471)  * Translate binomial coefficient to C++  * Fix typos in use of floor  * Avoid polluting global namespace when include cephes.hh  * Use more standard names",bugfix,Unknown,Albert Steppi,2023-11-11 18:34:09-05:00,18,5,1,0,247,1,5,1,2,10.0,1,keyword_strict,Python,2021-2023,0.4,,123.5,0.17,1.67,0
scipy/scipy,d3ff8904fca61ab4f150329279c8ffc98dfa520d,d3ff8904fc,MAINT: blame-ignore for `scipyoptdoc.py` E501 clean up [skip ci],refactor,Unknown,lucascolley,2023-11-13 13:22:23+00:00,13,0,0,0,2,0,1,0,0,0.0,0,clean,Python,2021-2023,1.0,,2.0,0.0,0.0,0
scipy/scipy,20d3047ac50c85f9319f63df548698a5473a44d4,20d3047ac5,"DOC, MAINT: Bump CircleCI Python version to 3.11 (#19504)  * DOC, MAINT: Bump CircleCI Python version to 3.11  * Add pin for myst-nb on CircleCI config to fix doc build issue  [skip azp] [skip cir",bugfix,Unknown,Melissa Weber Mendonça,2023-11-14 11:42:12-07:00,11,1,0,0,6,5,1,0,0,0.0,1,keyword_strict,Python,2021-2023,0.4,,1.0,0.0,0.0,0
scipy/scipy,bdbc9cb595ff865060922d155196ed290acfd09f,bdbc9cb595,"MAINT: NumPy int type shims (#19466)  * MAINT: NumPy int type shims  * a few integer type handling adjustments following the upstream adjustment of `np.int_` to `intp` (and removal of `int_t`)  [",other,Python,Tyler Reddy,2023-11-14 13:21:21-07:00,13,1,0,0,11,9,5,0,2,22.0,0,clean,Python,2021-2023,1.0,,1.1,0.0,3.67,0
scipy/scipy,4b20ba72e4d51ca88d3e111cab044065d3ad6b80,4b20ba72e4,DOC: Fix example used in stats tutorial  [skip azp] [skip cirrus],bugfix,Python,Melissa Weber Mendonça,2023-11-14 16:48:48+00:00,16,1,0,0,1,1,1,0,1,1.0,0,clean,Python,2021-2023,1.0,,0.5,0.0,0.5,1
scipy/scipy,877f1cc34ad2147340684bcadfbf884d47f5a954,877f1cc34a,STY: odr: E501 (line length) clean up,refactor,Python,lucascolley,2023-11-14 19:29:11+00:00,19,1,0,0,10,5,3,1,2,5.5,0,clean,Python,2021-2023,1.0,,1.67,0.25,1.38,0
scipy/scipy,2d0799f03fda4ec1406a16092ac2367b0fcd65d1,2d0799f03f,MAINT: lint: remove E501 ignore for `odr`,other,Unknown,lucascolley,2023-11-14 19:29:11+00:00,19,1,0,0,0,1,1,0,0,0.0,0,clean,Python,2021-2023,1.0,,0.0,0.0,0.0,0
scipy/scipy,8c3162c7cd2355dc1d7172f43444ae73918fbb41,8c3162c7cd,MAINT: blame-ignore for odr E501 clean up [skip ci],refactor,Unknown,lucascolley,2023-11-14 20:55:42+00:00,20,1,0,0,2,0,1,0,0,0.0,0,clean,Python,2021-2023,1.0,,2.0,0.0,0.0,0
scipy/scipy,1d45febbb8eab1344bccd099751f5c8a3940b154,1d45febbb8,"DOC, CI: refguide may vary locs  * add `# may vary` to two doc examples in attempt to repair refguide-check circleCI fails like this one: https://app.circleci.com/pipelines/github/scipy/scipy/23372/wo",bugfix,Unknown,Tyler Reddy,2023-11-15 10:57:17-07:00,10,2,0,0,3,3,2,0,0,0.0,0,clean,Python,2021-2023,1.0,,0.75,0.0,0.0,0
scipy/scipy,a3b02c60a7c0fc9592d924e142da8ebc97b07cd5,a3b02c60a7,switch to format and toarray in sparse tests,test,Python,Dan Schult,2023-11-15 13:49:25-05:00,13,2,0,0,21,21,1,1,14,1.86,0,clean,Python,2021-2023,1.0,,0.95,0.5,0.93,0
scipy/scipy,c04ef213776d27b44a0786b02e89e3dd098978f3,c04ef21377,same changes in test_cs[rc],test,Python,Dan Schult,2023-11-15 13:49:25-05:00,13,2,0,0,14,14,2,2,2,4.0,0,clean,Python,2021-2023,1.0,,0.93,0.67,1.33,0
scipy/scipy,7b7d24c9b89e3ae651a2a77641fcd96255a2001a,7b7d24c9b8,adjust array whitespace,other,Python,Dan Schult,2023-11-15 13:49:25-05:00,13,2,0,0,7,7,1,1,1,1.0,0,clean,Python,2021-2023,1.0,,0.88,0.5,0.5,0
scipy/scipy,c1ff5359c6f6ea861df60eeecf5d390164f12564,c1ff5359c6,MAINT: lint: remove E501 ignore for `fft`,other,Unknown,lucascolley,2023-11-15 14:43:36+00:00,14,2,0,0,0,1,1,0,0,0.0,0,clean,Python,2021-2023,1.0,,0.0,0.0,0.0,0
scipy/scipy,9d41d85c472438cf17211b843de7c770868d25a4,9d41d85c47,STY: fft: E501 (line length) clean up,refactor,Python,lucascolley,2023-11-15 14:43:36+00:00,14,2,0,0,6,3,2,0,3,1.0,0,clean,Python,2021-2023,1.0,,1.5,0.0,0.33,0
scipy/scipy,101c30e3609d9a86bf0fe2808f6d4215171428c5,101c30e360,MAINT: fft: `noqa` clean up,refactor,Python,lucascolley,2023-11-15 14:43:36+00:00,14,2,0,0,3,1,1,0,0,0.0,0,clean,Python,2021-2023,1.0,,1.5,0.0,0.0,0
scipy/scipy,f290f6a5f85367143772300255d5b11c9b6cd967,f290f6a5f8,MAINT: blame-ignore for fft E501 clean up [skip ci],refactor,Unknown,lucascolley,2023-11-15 14:45:23+00:00,14,2,0,0,2,0,1,0,0,0.0,0,clean,Python,2021-2023,1.0,,2.0,0.0,0.0,0
scipy/scipy,a9d1a0f76a9bbce2e2264bcf835eac3db62e0714,a9d1a0f76a,MAINT: restrict E501 ignore for `constants` to `_codata.py`,other,Unknown,lucascolley,2023-11-15 20:15:19+00:00,20,2,0,0,1,1,1,0,0,0.0,0,clean,Python,2021-2023,1.0,,0.5,0.0,0.0,0
scipy/scipy,4a4a3de8bc23ad61299d69517ec73b0b3890a34a,4a4a3de8bc,STY: constants: E501 (line length) clean up,refactor,Python,lucascolley,2023-11-15 20:15:19+00:00,20,2,0,0,3,2,2,0,0,0.0,0,clean,Python,2021-2023,1.0,,1.0,0.0,0.0,0
scipy/scipy,4780bb2cef43fb07d2e5ac54131c45e2f07464bd,4780bb2cef,MAINT: lint: reject blanket `noqa`,other,Unknown,lucascolley,2023-11-15 23:31:21+00:00,23,2,0,1,1,1,1,0,0,0.0,0,clean,Python,2021-2023,1.0,,0.5,0.0,0.0,0
scipy/scipy,08fec5550152ca1ad13ba6edf36d2fb23c7a458d,08fec55501,"MAINT: get rid of more Python 2 left-overs (#19534)  These might have been previously skipped because of the missing space after the colon.  [ci skip]",other,Python,Dimitri Papadopoulos Orfanos,2023-11-16 12:45:22+01:00,12,3,0,0,0,2,2,0,0,0.0,0,clean,Python,2021-2023,1.0,,0.0,0.0,0.0,0
scipy/scipy,b310d99c87a95ef451f36e0c1f729ec67c6de634,b310d99c87,TST: stats.binomtest: update invalid arg tests,test,Python,Matt Haberland,2023-11-16 13:21:51-08:00,13,3,0,0,15,9,2,2,7,2.43,0,clean,Python,2021-2023,1.0,,1.5,0.67,0.81,2
scipy/scipy,664a42c9a7945a0a47f876baa6d27fb4c31c6847,664a42c9a7,MAINT: blanket `noqa` clean-up,refactor,Python,lucascolley,2023-11-16 19:01:46+00:00,19,3,0,0,88,88,41,13,22,7.45,0,clean,Python,2021-2023,1.0,,0.99,0.31,0.18,0
scipy/scipy,4b1eb22ecf601aec952aa940d23f60d17f1bbc0f,4b1eb22ecf,MAINT: lint: remove blanket F401 ignores in `optimize`,other,Unknown,lucascolley,2023-11-16 19:01:51+00:00,19,3,0,0,0,2,1,0,0,0.0,0,clean,Python,2021-2023,1.0,,0.0,0.0,0.0,0
scipy/scipy,05b872da4f498d923dbf5f5f38691b9a21580914,05b872da4f,MAINT: remove unused `noqa`s,other,Python,lucascolley,2023-11-16 19:01:51+00:00,19,3,0,0,34,35,18,2,4,11.75,0,clean,Python,2021-2023,1.0,,0.94,0.11,0.62,0
scipy/scipy,d75813d4a65dc5ad43dd2d1198bbbef1c0136206,d75813d4a6,MAINT: blame ignores for `noqa` clean up [skip ci],refactor,Unknown,lucascolley,2023-11-16 19:39:54+00:00,19,3,0,0,4,0,1,0,0,0.0,0,clean,Python,2021-2023,1.0,,4.0,0.0,0.0,0
scipy/scipy,ed58532750e31f5425dbea1b827ebf394218d9d2,ed58532750,DOC: _binomtest.py: Add clearer error messages  Print actual values if ValueErrors occur in _binomtest.py.,feature,Python,Ewout ter Hoeven,2023-11-16 19:57:08+01:00,19,3,0,0,5,5,1,1,2,6.0,0,clean,Python,2021-2023,1.0,,0.83,0.5,3.0,0
scipy/scipy,d1d4f4bcc4e567550b8236bb46ad3faf92a46237,d1d4f4bcc4,MAINT: lint: enable UP rules,other,Unknown,lucascolley,2023-11-16 21:06:56+00:00,21,3,0,0,1,1,1,0,0,0.0,0,clean,Python,2021-2023,1.0,,0.5,0.0,0.0,0
scipy/scipy,73fc62619bcaa225c9d12b33e1ad0bb80e4461d0,73fc62619b,"DOC, MAINT: more refguide fixes (#19527)  * DOC, MAINT: more refguide fixes  * see: https://github.com/scipy/scipy/pull/19525#issuecomment-1813073890  * this allows the refguide check to pass for me l",bugfix,Python,Tyler Reddy,2023-11-17 01:42:09+02:00,1,4,0,1,2,2,2,0,2,13.0,1,keyword_strict,Python,2021-2023,0.4,,0.67,0.0,4.33,0
scipy/scipy,f3cda9db9ad67cc897953fc2d1786edc651c1d4e,f3cda9db9a,"DOC: fix more typos found by codespell (#19533)  * DOC: fix more typos found by codespell  * DOC: intervals → integrals  * DOC: revert changes to vendored files",bugfix,Python,Dimitri Papadopoulos Orfanos,2023-11-17 10:42:56+00:00,10,4,0,0,51,51,30,5,18,10.5,1,keyword_strict,Python,2021-2023,0.4,,0.98,0.16,0.34,0
scipy/scipy,62a825563c06d00e2781a2fc2cecf0f9b9ebf0a3,62a825563c,"MAINT: Fix interpolate.make_smoothing_spline's size validation message.  ""Greater than 5"" means >5, ""At least 5"" means >=5 (which is the actual test, see the line immediately before the `raise ValueEr",bugfix,Python,Antony Lee,2023-11-17 11:25:22+01:00,11,4,0,0,5,5,2,1,2,6.5,0,clean,Python,2021-2023,1.0,,0.83,0.33,2.17,0
mwaskom/seaborn,132440b1dae70a381136e99de93698303379a05f,132440b1da,Fix typos in 'pointplot.ipynb' (#3557),bugfix,Unknown,Yvonne Fröhlich,2023-11-18 07:52:50-05:00,7,5,1,0,3,3,1,0,0,0.0,0,clean,Python,2021-2023,1.0,,0.75,0.0,0.0,0
mwaskom/seaborn,e00cae60fefd8be271f43d151948eff412b0dd15,e00cae60fe,Fix typo. (#3564),bugfix,Unknown,Charles Lovering,2023-11-18 07:53:07-05:00,7,5,1,0,1,1,1,0,0,0.0,0,clean,Python,2021-2023,1.0,,0.5,0.0,0.0,0
mwaskom/seaborn,01fb7bb1bf20d7bd0335721ab9f5c733baac2fe4,01fb7bb1bf,"doc typo fix in data structures tutorial (#3560)  * typo fix  * Update doc/_tutorial/data_structure.ipynb  ---------  Co-authored-by: Michael Waskom <mwaskom@users.noreply.github.com>",bugfix,Unknown,Gilad Turok,2023-11-18 07:54:06-05:00,7,5,1,0,1,1,1,0,0,0.0,0,clean,Python,2021-2023,1.0,,0.5,0.0,0.0,0
mwaskom/seaborn,aa3da42a006e11a858ffc841a02b183b588730dc,aa3da42a00,"Pass bootstrap option to boxplot stat computation  (#3562)  * Update categorical.py  Fixing bootstrap issue in boxplot  * Update categorical.py  line too long fixed  * Passing bootstrap to mat",bugfix,Python,Utkarsh Patange,2023-11-18 08:09:26-05:00,8,5,1,0,3,2,1,0,1,23.0,0,clean,Python,2021-2023,1.0,,1.0,0.0,11.5,0
mwaskom/seaborn,d4b8de81f74a153bb3c15af760d956d32aad980b,d4b8de81f7,Update CONTRIBUTING.md  GitHub allows direct upload of files with a `.csv` suffix now.,bugfix,Unknown,Michael Waskom,2023-11-18 11:05:22-05:00,11,5,1,0,1,1,1,0,0,0.0,0,clean,Python,2021-2023,1.0,,0.5,0.0,0.0,5
scipy/scipy,b4f64cb4611677b8006339d55ca4b69eb402fa1a,b4f64cb461,MAINT: forward port 1.11.4 relnotes  * forward port SciPy `1.11.4` release notes + version switcher adjustment following the release yesterday  [skip cirrus] [skip actions],other,Unknown,Tyler Reddy,2023-11-19 10:49:49-07:00,10,6,1,0,69,1,3,0,0,0.0,0,clean,Python,2021-2023,1.0,,34.5,0.0,0.0,1
scipy/scipy,3e9642f34c7494c9a109d76ae2117ffaf8f6674d,3e9642f34c,ENH: add beta negative binomial distribution to scipy.stats (#19385),feature,Python,Daniel Schmitz,2023-11-19 11:45:56+01:00,11,6,1,0,176,8,8,2,15,1.8,0,clean,Python,2021-2023,1.0,,19.56,0.22,0.2,0
scipy/scipy,86ab60469451c3bfb8c3e5f150c862b3c50e4f42,86ab604694,"DOC: revert part of bcbb18f / #19533 (#19556)  This really should be approximatively, not approximately.",docs,Unknown,Dimitri Papadopoulos Orfanos,2023-11-19 13:28:47+00:00,13,6,1,0,1,1,1,0,0,0.0,0,clean,Python,2021-2023,1.0,,0.5,0.0,0.0,1
scipy/scipy,7b019ac525d0e269ba2f4434b035a2c8a4c5ed4c,7b019ac525,ENH: stats.power: add function to simulate the power of a hypothesis test,feature,Python,Matt Haberland,2023-11-19 22:30:58-08:00,22,6,1,1,193,1,2,0,2,9.0,0,clean,Python,2021-2023,1.0,,96.5,0.0,3.0,2
scipy/scipy,151480333fed030c3b66131345c52b717a4f1d11,151480333f,ENH: stats.power: support array numbers of observations,other,Python,Matt Haberland,2023-11-19 22:31:04-08:00,22,6,1,1,44,22,1,0,2,10.0,0,clean,Python,2021-2023,1.0,,1.91,0.0,5.0,2
scipy/scipy,37f32e49a01eeb91dba15b46119149c30cb1bbbc,37f32e49a0,ENH: stats.power: add args parameter  [skip actions] [skip cirrus],feature,Python,Matt Haberland,2023-11-19 22:59:59-08:00,22,6,1,1,62,22,1,0,4,10.25,0,clean,Python,2021-2023,1.0,,2.7,0.0,5.12,2
scipy/scipy,ab53b95eb4258ab46f36bf7d55ad233841b270b0,ab53b95eb4,MAINT: Fix typos in references (#19562),bugfix,Unknown,Jessy Lauer,2023-11-20 08:09:22+00:00,8,0,0,0,2,2,1,0,0,0.0,1,keyword_strict,Python,2021-2023,0.4,,0.67,0.0,0.0,0
scipy/scipy,0f099e44fbcbb0fe3806cab490c86a1b9e7a7745,0f099e44fb,MAINT: Mark in ``.gitignore` the directories instead of their contents as ignored.,other,Unknown,Dietrich Brunn,2023-11-20 13:59:05+01:00,13,0,0,0,8,8,1,0,0,0.0,0,clean,Python,2021-2023,1.0,,0.89,0.0,0.0,0
scipy/scipy,ecfbe2ce62f2a562643828850cb592f932bf4b58,ecfbe2ce62,ENH: stats.power: support array significance threshold  [skip cirrus] [skip actions],other,Python,Matt Haberland,2023-11-20 14:11:52-08:00,14,0,0,0,17,7,1,0,3,13.67,0,clean,Python,2021-2023,1.0,,2.12,0.0,6.84,2
scipy/scipy,9cf72e4599e0a22902ef3bc1a42e645240b1734d,9cf72e4599,MAINT: lint: clean-up for UP rules,refactor,Python,lucascolley,2023-11-21 13:18:24+00:00,13,1,0,0,437,630,170,35,220,9.17,0,clean,Python,2021-2023,1.0,,0.69,0.2,0.05,0
scipy/scipy,3b631db5207b6b3525737e8f8d2fcbfa979e4fb9,3b631db520,MAINT: blame-ignore for UP rules clean-up,refactor,Unknown,lucascolley,2023-11-21 13:19:49+00:00,13,1,0,0,2,0,1,0,0,0.0,0,clean,Python,2021-2023,1.0,,2.0,0.0,0.0,0
scipy/scipy,4ff7bc51793b5e0e185d474609141780bf6079a2,4ff7bc5179,"MAINT: Restructure extra_special (working name) as internal library (#19515)  * Add private _get_include for scipy::special scalar functions  * Fix include path  * Remove unnecessary abspath  * ",bugfix,Python,Albert Steppi,2023-11-21 16:18:46-07:00,16,1,0,0,317,299,14,1,18,6.5,1,keyword_strict,Python,2021-2023,0.4,,1.06,0.07,0.43,1
scipy/scipy,e8d46be60907dcdd513ebd3b6cf7ff4d3ca1de52,e8d46be609,DOC: Fixed build instructions in index.rst (#19568) (#19570),bugfix,Unknown,Ashish Bastola,2023-11-21 19:20:08+00:00,19,1,0,0,3,0,1,0,0,0.0,1,keyword_strict,Python,2021-2023,0.4,,3.0,0.0,0.0,0
scipy/scipy,9dcd81b2e8afa285be29d425b0ed09fefef171fc,9dcd81b2e8,"DOC: add `meson-python` as a build dependency under Building from source  The first line changed is a bug/omission, because the next step uses `--no-build-isolation`. For the second line changed, `mes",bugfix,Unknown,Ralf Gommers,2023-11-22 12:07:13+01:00,12,2,0,0,2,2,1,0,0,0.0,0,clean,Python,2021-2023,1.0,,0.67,0.0,0.0,0
scipy/scipy,31e4858b356b7c163c646ddc48cb50e8e0994655,31e4858b35,"DOC: add notes on editable installs under the Building from source  This has been quite stable for some months, so it's time to add this as an option to the docs.  Closes gh-18900  [skip cirrus] [skip",feature,Unknown,Ralf Gommers,2023-11-22 12:43:02+01:00,12,2,0,0,32,0,1,0,0,0.0,0,clean,Python,2021-2023,1.0,,32.0,0.0,0.0,0
scipy/scipy,784e09266092e820370ac36e913fa5e3c2d1e0b3,784e092660,BUG: Use uint32 for cost in NI_WatershedElement  Fixes #19575,bugfix,C,Simon Segerblom Rex,2023-11-22 15:44:36+01:00,15,2,0,0,12,1,2,1,1,1.0,1,keyword_strict,Python,2021-2023,0.4,,6.0,0.33,0.33,0
scipy/scipy,dbc34b1ebb2780420524e7d274c12a2638ce8806,dbc34b1ebb,"CI: add '[lint only]', '[docs only]' skip tags",feature,Unknown,lucascolley,2023-11-22 15:53:59+00:00,15,2,0,0,115,18,9,0,0,0.0,0,clean,Python,2021-2023,1.0,,6.05,0.0,0.0,0
scipy/scipy,e6bf343dc93c1b3a5f0850a1d5adf27055d19c41,e6bf343dc9,ENH: stats.power: replace args with kwargs  [skip actions] [skip cirrus],other,Python,Matt Haberland,2023-11-22 16:04:54-08:00,16,2,0,0,44,24,1,0,6,9.5,0,clean,Python,2021-2023,1.0,,1.76,0.0,4.75,2
scipy/scipy,95f9c7d2bf787537b0801f453e0e7739d9ac4393,95f9c7d2bf,DOC: address review comments on editable installs note  [skip cirrus] [skip actions],feature,Unknown,Ralf Gommers,2023-11-22 17:45:29+01:00,17,2,0,0,15,11,1,0,0,0.0,0,clean,Python,2021-2023,1.0,,1.25,0.0,0.0,0
scipy/scipy,c4a8ce8ca049492f6834023328711c732ecf5ec4,c4a8ce8ca0,DOC: new CI skip tags for docs and lint only [docs only],feature,Unknown,lucascolley,2023-11-22 19:32:41+00:00,19,2,0,0,5,3,1,0,0,0.0,0,clean,Python,2021-2023,1.0,,1.25,0.0,0.0,0
scipy/scipy,0db90e1f09288c9293787407bcd2d4d6485e18e4,0db90e1f09,Use allclose for assert and iinfo instead of bit shift  Based on review comments for the first commit.,other,Python,Simon Segerblom Rex,2023-11-23 11:07:16+01:00,11,3,0,0,11,5,1,1,1,1.0,0,clean,Python,2021-2023,1.0,,1.83,0.5,0.5,1
scipy/scipy,a65cb5c79091ac388d02c0669c989403805c951d,a65cb5c790,BLD:MAINT:Update dev.py message (#19579)  [skip ci],other,Python,Ilhan Polat,2023-11-23 11:22:49+01:00,11,3,0,0,4,1,1,0,1,3.0,0,clean,Python,2021-2023,1.0,,2.0,0.0,1.5,0
scipy/scipy,e1eab2adb97fb50ed96bf8291d06a0137cfcb956,e1eab2adb9,"BUG: interpolate/ndbspline: fix OOB for len(tx) != len(ty) in tensor product splines  To be able to release the GIL, we pack the tuple of 1D knot arrays into a 2D array. Since the lengths of knot arra",bugfix,Python,Evgeni Burovski,2023-11-23 18:35:37+03:00,18,3,0,0,32,5,3,1,2,6.0,0,clean,Python,2021-2023,1.0,,5.33,0.25,1.5,0
scipy/scipy,7e85a8894dca17e3c70747265f090ff620f90a60,7e85a8894d,ENH: Use `np.dot` to speedup `spatial.distance.correlation`,other,Python,Lukas Geiger,2023-11-24 00:58:05+00:00,0,4,0,1,9,3,1,0,1,4.0,0,clean,Python,2021-2023,1.0,,2.25,0.0,2.0,0
scipy/scipy,77f135df810351e959cbb06054a019b9ade4896f,77f135df81,ENH: Use builtin Python math operations for scalar values,other,Python,Lukas Geiger,2023-11-24 02:04:51+00:00,2,4,0,1,3,2,1,0,1,4.0,0,clean,Python,2021-2023,1.0,,1.0,0.0,2.0,0
scipy/scipy,4141d2f46d77329b31915afdfb24c9f72ba16b74,4141d2f46d,ENH: Use np.dot for centered correlation,other,Python,Lukas Geiger,2023-11-24 03:14:56+00:00,3,4,0,1,7,3,1,0,1,5.0,0,clean,Python,2021-2023,1.0,,1.75,0.0,2.5,0
scipy/scipy,f6ceba6b4369bfedf5018a7a901739f1b945a3fa,f6ceba6b43,ENH: stats.power: support test that returns multiple  pvalues  [skip actions] [skip cirrus],test,Python,Matt Haberland,2023-11-24 10:36:17-08:00,10,4,0,0,12,6,1,0,1,6.0,0,clean,Python,2021-2023,1.0,,1.71,0.0,3.0,2
scipy/scipy,435dfac8d30bda7d0bb15e193fcac611564c452f,435dfac8d3,DOC: stats.power: minor documentation/style improvements  [skip actions] [skip cirrus],docs,Python,Matt Haberland,2023-11-24 13:56:20-08:00,13,4,0,0,23,16,1,0,4,7.75,0,clean,Python,2021-2023,1.0,,1.35,0.0,3.88,2
scipy/scipy,257e025d6ad4fd0c3cf23f0ae7856b74ba6c65a2,257e025d6a,BLD:Add missing cstdin include in fast matrix market,feature,Unknown,Ilhan Polat,2023-11-24 18:55:50+01:00,18,4,0,0,1,0,1,0,0,0.0,0,clean,Python,2021-2023,1.0,,1.0,0.0,0.0,0
scipy/scipy,ff2da4a55b5a7a3984d91c4c4d6134c34712507d,ff2da4a55b,ENH: Use `np.dot` to speedup `spatial.distance.hamming`,other,Python,Lukas Geiger,2023-11-24 21:25:30+00:00,21,4,0,0,3,1,1,0,1,4.0,0,clean,Python,2021-2023,1.0,,1.5,0.0,2.0,0
scipy/scipy,2e39b70ecb8d133e2bf32fa3fc2f6a276e2104ee,2e39b70ecb,MAINT:special:Add more noexcept to Cython signatures,feature,Python,Ilhan Polat,2023-11-25 01:19:43+01:00,1,5,1,1,1,1,1,0,1,10.0,0,clean,Python,2021-2023,1.0,,0.5,0.0,5.0,0
scipy/scipy,5ae735d36ef1ecddbe445f9690e74f32356999c5,5ae735d36e,"MAINT: interpolate/RGI: avoid unnecessary validation of data size (#19591)  RegularGridInterpolator allows changing the interpolation method at call site; if it is changed, data sizes need re-validat",feature,Python,Evgeni Burovski,2023-11-25 10:06:53+00:00,10,5,1,0,1,1,1,0,1,16.0,0,clean,Python,2021-2023,1.0,,0.5,0.0,8.0,0
scipy/scipy,42a2406ecdb96b997c264cc885ec35a0d54f945d,42a2406ecd,TST: stats.power: add tests,feature,Python,Matt Haberland,2023-11-25 12:23:22-08:00,12,5,1,0,168,2,2,1,9,3.78,0,clean,Python,2021-2023,1.0,,56.0,0.33,1.26,2
scipy/scipy,6a9a74d17111f13ff72f8a70fd1ef88c700afeaf,6a9a74d171,Apply suggestions from code review,other,Python,Matt Haberland,2023-11-25 13:44:40-08:00,13,5,1,0,19,11,2,1,8,2.12,0,clean,Python,2021-2023,1.0,,1.58,0.33,0.71,2
scipy/scipy,3760e2f4c51c5d957ebe31e6aee07291a671c49b,3760e2f4c5,TST: special._sinpi/_cospi: check real and imaginary parts separately,other,Python,Matt Haberland,2023-11-25 22:02:21-08:00,22,5,1,1,6,2,1,1,1,2.0,0,clean,Python,2021-2023,1.0,,2.0,0.5,1.0,2
scipy/scipy,b121d4580541a61f33ca7f3b93103cc5586f9a92,b121d45805,TST: special._sinpi/_cospi: skip failing test,test,Python,Matt Haberland,2023-11-25 22:04:09-08:00,22,5,1,1,2,0,1,1,0,0.0,0,clean,Python,2021-2023,1.0,,2.0,0.5,0.0,2
scipy/scipy,c1bbf2d6f1c72de0a0f325b6fa4b50986c7f1f39,c1bbf2d6f1,"DOC: doc shim for eig normalization  * this is a documentation shim to at least temporarily avoid the confusion in gh-11550, as discussed in the comments at gh-15340  * perhaps the clearer wording wil",docs,Python,Tyler Reddy,2023-11-27 18:03:18-07:00,18,0,0,0,2,1,1,0,1,18.0,0,clean,Python,2021-2023,1.0,,1.0,0.0,9.0,1
mwaskom/seaborn,9a2196d42a53272e135809f1b042130d0875739a,9a2196d42a,"[Fix issue][#3511]lineplot of empty dataframe with hue in seaborn 0.13.0 (#3569)  * Update _base.py  Corresponds to the case where grouping_var has None object.  * Add a test case  Add a test ca",bugfix,Python,Noko,2023-11-27 19:29:18-05:00,19,0,0,0,5,1,2,1,2,11.5,0,clean,Python,2021-2023,1.0,,2.5,0.33,3.83,0
scipy/scipy,fd01084e8c8c639c2b50bb4a827eb5e110aec396,fd01084e8c,"ENH: Add faster inverse-Wishart rvs and logpdf (#19444)  * ENH: Use faster inverse-Wishart sampling method  Fixes #19432  * ENH: Use faster inverse-Wishart logpdf method  Faster by 1) eliminatin",bugfix,Python,Seth Axen,2023-11-28 18:00:23+01:00,18,1,0,0,179,164,2,1,14,2.07,1,keyword_strict,Python,2021-2023,0.4,,1.08,0.33,0.69,0
scipy/scipy,cbf4e999301a22494b69c094740e42ef0c2c891e,cbf4e99930,MAINT/DOC: refguide-check fixes [docs only],bugfix,Python,lucascolley,2023-11-29 21:01:13+00:00,21,2,0,0,8,8,2,0,2,3.5,0,clean,Python,2021-2023,1.0,,0.89,0.0,1.17,0
mwaskom/seaborn,7e3da70b6b332673aa5f74cc8e03658d0ff990b0,7e3da70b6b,"MAINT: remove obsolete matplotlib version compatibility (#3577)  * Remove code related to unsupported mpl versions  * Remove unused imports  * Remove unnecesarry code blocks  * Update matplotlib",other,Python,Maoz Gelbart,2023-11-30 07:05:42-05:00,7,3,0,0,16,123,10,4,8,9.75,0,clean,Python,2021-2023,1.0,,0.13,0.36,0.89,1
mwaskom/seaborn,e9b5baa9e7e09665207efaf24405f0d417ef5649,e9b5baa9e7,Fix typo 'varaible' to 'variable' (#3574),bugfix,Unknown,Yvonne Fröhlich,2023-11-30 07:06:05-05:00,7,3,0,0,1,1,1,0,0,0.0,0,clean,Python,2021-2023,1.0,,0.5,0.0,0.0,0
scipy/scipy,7da0e7560036aa404369ae4557c56d2e4ce5465b,7da0e75600,"ENH: add exact=False support for stirling2 (#19287)  * ENH: add exact=False support for stirling2    * adding preliminary support for exact=False support to stirling2     for now only adds partial ",bugfix,Python,Lucas Roberts,2023-11-30 16:07:56-05:00,16,3,0,0,287,94,5,1,26,3.5,1,keyword_strict,Python,2021-2023,0.4,,3.02,0.17,0.58,0
scipy/scipy,9a43b5ce85ce0a2ffc7882f698eaccc88adabb33,9a43b5ce85,"ENH: Make special C++ implementations work on CUDA (and beyond!) (#19601)  * Changes to special C++ code to make lambertw work on CUDA  * Undid formatting, saving that for a follow-up PR  * Attemp",feature,Unknown,Irwin Zaid,2023-11-30 16:22:33-05:00,16,3,0,0,133,19,5,0,19,2.26,0,clean,Python,2021-2023,1.0,,6.65,0.0,0.38,0
scipy/scipy,14843433524a130577fa4c88e1874bae7161ab97,1484343352,"DOC: clarify interpolator termionolgy  make documentation mentioning interpolator objects CloughTocher2DInterpolator, LinearNDInterpolator, NearestNDInterpolator, RegularGridInterpolator reference the",docs,Python,mart-mihkel,2023-11-30 21:34:33+02:00,21,3,0,0,19,19,3,0,1,11.0,0,clean,Python,2021-2023,1.0,,0.95,0.0,2.75,0
scipy/scipy,788ed636a33c711490e11c39ef7cf554260e5f35,788ed636a3,BUG: fix overflow in stats.boxcox_normmax when method='mle' (#19604)  * BUG: stats.boxcox_normmax: avoid overflow with method='mle',bugfix,Python,Xuefeng Xu,2023-12-01 10:30:13-08:00,10,4,0,0,62,4,2,1,6,3.17,1,keyword_strict,Python,2021-2023,0.4,,12.4,0.33,1.06,0
scipy/scipy,57725c25bcc26015074d1b380e9912ee513b7a5b,57725c25bc,MAINT: array types: restrict to boolean & numerical dtypes (#19606)  * MAINT: array types: restrict to boolean & numerical dtypes,other,Python,Lucas Colley,2023-12-01 12:13:54-08:00,12,4,0,0,25,16,2,1,2,6.0,0,clean,Python,2021-2023,1.0,,1.47,0.33,2.0,0
scipy/scipy,ecef3490da68a0c53ba543c618bab0c8e15dccee,ecef3490da,"MAINT: Added clang-format formatting for special C++ files (#19613)  * Added .clang-format for special C++ files and formatted them  * Added newlines  ---------  Co-authored-by: izaid <hi@irwinz",feature,Unknown,Irwin Zaid,2023-12-01 12:25:51-05:00,12,4,0,0,159,165,4,0,6,5.0,0,clean,Python,2021-2023,1.0,,0.96,0.0,1.0,0
scipy/scipy,f34c611eb901ba452a28f4f8b039b79bac5e13d7,f34c611eb9,fix numerical stability (#19617)  MAINT: stats.norminvgauss.pdf: fix intermediate over/underflow,bugfix,Python,Maciej Skorski,2023-12-01 14:49:55-08:00,14,4,0,0,13,2,2,1,2,1.0,1,keyword_strict,Python,2021-2023,0.4,,4.33,0.33,0.33,0
scipy/scipy,2aef0ff226e431670f20b21503992df212ca0d55,2aef0ff226,MAINT: qmc permutations win type  * this patch fixes 116 test failures for SciPy with NumPy `main` on Windows; the full suite still passes for SciPy with NumPy `1.26.2` on this branch as well (there a,bugfix,Python,Tyler Reddy,2023-12-01 14:50:12-07:00,14,4,0,0,3,2,2,0,1,4.0,0,clean,Python,2021-2023,1.0,,1.0,0.0,1.33,1
mwaskom/seaborn,908ca95137c0e73bb6ac9ce9a8051577b6453138,908ca95137,Fix typo (#3578),bugfix,Unknown,Eliot Finch,2023-12-01 18:31:01-05:00,18,4,0,0,1,1,1,0,0,0.0,0,clean,Python,2021-2023,1.0,,0.5,0.0,0.0,0
scipy/scipy,3f13b3b0b66a36b2eb2bccea7ee8fc601403bdbd,3f13b3b0b6,"CI: undo cython==0.29.35 pin for the 32-bit Linux job, remove `!=3.0.3` [wheel build]  We're at Cython 3.0.6 now and the relevant upstream bugs have been fixed. We no longer need the `!=3.0.3` conditi",bugfix,Unknown,Ralf Gommers,2023-12-02 12:19:52+01:00,12,5,1,0,19,19,8,0,0,0.0,0,clean,Python,2021-2023,1.0,,0.95,0.0,0.0,0
scipy/scipy,4c9d6dbc102762a978edea71294dee744ffa4010,4c9d6dbc10,MAINT/TST: _lib: use value instead of deprecated s,other,Python,Jake Bowhay,2023-12-02 12:59:46+00:00,12,5,1,0,1,1,1,1,1,11.0,0,clean,Python,2021-2023,1.0,,0.5,0.5,5.5,0
scipy/scipy,619e68f21769a19dd25e35506d25ddf1f960d9e3,619e68f217,"MAINT: more SciPy windows int shims  * fixes another 120 test failures on SciPy `main` built against NumPy `main` on Windows, while still passing full suite on that platform with NumPy `1.26.x` (334 f",bugfix,Python,Tyler Reddy,2023-12-02 17:16:06-07:00,17,5,1,0,11,6,5,2,9,3.11,0,clean,Python,2021-2023,1.0,,1.57,0.33,0.52,1
scipy/scipy,e28cc3841812003a919ae974c7b310074a8deb65,e28cc38418,"DEP: integrate: deprecate romberg and quadrature (#19510)  * DEP: integrate: deprecate romberg and quadrature  * DOC: integrate: add version of quadrature/romberg deprecation  * DOC: integrate: mo",feature,Python,Matt Haberland,2023-12-02 19:54:58+00:00,19,5,1,0,26,1,2,1,1,1.0,0,clean,Python,2021-2023,1.0,,13.0,0.33,0.33,2
scipy/scipy,1e7726d5c00de545e1a7c713a2dcf1431f1dcf7a,1e7726d5c0,"ENH: add max dist to NearestNDInterpolator (#19483)  * ENH: interpolate: KDTree options to speed up interpolate.NearestNDInterpolator  This allows for far quicker queries for large datasets where pr",feature,Python,harshilkamdar,2023-12-03 13:57:00+03:00,13,6,1,0,73,3,2,1,4,1.75,0,clean,Python,2021-2023,1.0,,18.25,0.33,0.58,0
mwaskom/seaborn,f0136337211854b2e63e5d26bee8b12ab60e0f42,f013633721,Update README.md (#3582)  fixes hyperlink to license :),bugfix,Unknown,neuronflow,2023-12-04 06:51:56-05:00,6,0,0,0,1,1,1,0,0,0.0,0,clean,Python,2021-2023,1.0,,0.5,0.0,0.0,0
scipy/scipy,9e985fc1a1647ea88d928549cb6402615e5e2cb3,9e985fc1a1,MAINT: stats.nakagami.stats: improve implementation with special.poch (#19635)  MAINT: stats.nakagami.stats: improve implementation with special.poch,feature,Python,Daniel Schmitz,2023-12-04 15:23:39-08:00,15,0,0,0,13,1,2,1,2,1.0,0,clean,Python,2021-2023,1.0,,6.5,0.33,0.33,0
scipy/scipy,a182c1e6a2f21085124753f61dc17023658e78c0,a182c1e6a2,"DEP: improve deprecation of remaining private modules named without underscore prefix (#19585)  * DEP: improve deprecation of remaining private modules named without underscore prefix  * MAINT: fixe",bugfix,Python,Lucas Colley,2023-12-04 16:28:36+00:00,16,0,0,0,211,393,34,2,34,1.59,1,keyword_strict,Python,2021-2023,0.4,,0.54,0.06,0.05,0
scipy/scipy,4408b8ca1efd769bbce321b7fa80e6c9e19fb428,4408b8ca1e,"Returning NotImplemented in comparisons with sparse arrays (#19593)  * Add files via upload  * Add files via upload  * Add files via upload",feature,Python,emilfrost,2023-12-04 20:05:07-05:00,20,0,0,0,33,3,2,1,10,3.6,0,clean,Python,2021-2023,1.0,,8.25,0.33,1.2,0
numpy/numpy,50b82f7330eaff0a056b59784d490333537b2c03,50b82f7330,MAINT: attempt tp fix windows CI,bugfix,Unknown,Nathan Goldbaum,2023-12-04 21:09:09-07:00,21,0,0,0,4,4,1,0,0,0.0,0,clean,Python,2021-2023,1.0,,0.8,0.0,0.0,0
scipy/scipy,e3bbb6b15752681532e48af769e52f401cd55c14,e3bbb6b157,"ENH: constructors for sparse arrays  (#19171)  * Add remaining sparray constructors: eye_array, random_array, kron, kronsum  Adjust tests and doc_strings This will likely conflict with PR 6848 in t",bugfix,Python,Dan Schult,2023-12-05 08:50:39-05:00,8,1,0,0,675,292,11,4,51,2.84,1,keyword_strict,Python,2021-2023,0.4,,2.3,0.33,0.24,0
scipy/scipy,deeb67ffc68d66a9b3069c1bb9cc3bb195c91b66,deeb67ffc6,"Fix sparse multiply (#19600)  * Add files via upload  * Add files via upload  * Add files via upload  * Avoid calling __eq__ in the test  ---------  Co-authored-by: CJ Carey <perimosocordiae",bugfix,Python,emilfrost,2023-12-05 08:52:17-05:00,8,1,0,0,20,1,2,1,4,9.0,1,keyword_strict,Python,2021-2023,0.4,,10.0,0.33,3.0,0
numpy/numpy,e65d100cfdd6f82a47e42d4488d5469445d258f2,e65d100cfd,"In C++ mode _Complex is a compiler extension, better not rely on it  Using <ccomplex> is deprecated in C++17, and relying solely on <complex.h> as portability issue, see https://godbolt.org/z/nEv1Ehsd",other,C++,serge-sans-paille,2023-12-05 12:41:13+01:00,12,1,0,0,22,58,3,0,0,0.0,0,clean,Python,2021-2023,1.0,,0.37,0.0,0.0,0
numpy/numpy,c91472027b9e0e33369d22a2fe74cfa6cfaf642c,c91472027b,MAINT: expose PyUFunc_AddPromoter in the internal ufunc API,feature,C,Nathan Goldbaum,2023-12-05 13:00:27-07:00,13,1,0,0,30,28,3,0,2,5.0,0,clean,Python,2021-2023,1.0,,1.03,0.0,1.25,0
numpy/numpy,5b28b29bfa6a0b87098654c9f4b7fbd4adb3165f,5b28b29bfa,"DOC: Improve documentation for fill_diagonal (#25310)  Improve clarity of statement involving indices vs. the array values that the indices refer to.  ---------  Co-authored-by: Nathan Goldbaum <",docs,Python,Linus,2023-12-05 13:34:08-08:00,13,1,0,0,3,4,1,0,1,5.0,0,clean,Python,2021-2023,1.0,,0.6,0.0,2.5,0
numpy/numpy,d58cd9a2ebd7d645b887a2bffe8cac77d605ce07,d58cd9a2eb,MAINT: Bump actions/setup-python from 4.7.1 to 4.8.0  Bumps [actions/setup-python](https://github.com/actions/setup-python) from 4.7.1 to 4.8.0. - [Release notes](https://github.com/actions/setup-pyth,other,Unknown,dependabot[bot],2023-12-05 18:00:58+00:00,18,1,0,0,26,26,9,0,0,0.0,0,clean,Python,2021-2023,1.0,,0.96,0.0,0.0,0
numpy/numpy,49fccbc1f11b952486131f8cb4f8007b64211260,49fccbc1f1,API: Add svdvals to numpy.linalg,feature,Python,Mateusz Sokół,2023-12-05 18:04:48+01:00,18,1,0,0,65,9,10,2,5,1.4,0,clean,Python,2021-2023,1.0,,6.5,0.18,0.13,0
numpy/numpy,ffcb2f039d88ed6b1ca5b4ff1fb00ac902b01b39,ffcb2f039d,Address feedback,feature,Python,Lysandros Nikolaou,2023-12-05 18:07:14+01:00,18,1,0,0,55,199,4,0,12,3.17,0,clean,Python,2021-2023,1.0,,0.28,0.0,0.63,0
numpy/numpy,66f8518be4d5a84c8b9b69fe4d809992514b07ac,66f8518be4,API: Add outer to numpy.linalg,feature,Python,Mateusz Sokół,2023-12-05 18:34:00+01:00,18,1,0,0,117,8,11,1,3,1.67,0,clean,Python,2021-2023,1.0,,13.0,0.08,0.14,0
numpy/numpy,742920aef552b27806094f8ed6462d3cf1744785,742920aef5,MAINT: Update environment.yml package versions(#25308)  `pycodestyle` matches the version in `linter_requirements.txt`,other,Unknown,Melissa Weber Mendonça,2023-12-05 21:18:14+01:00,21,1,0,0,3,3,1,0,0,0.0,0,clean,Python,2021-2023,1.0,,0.75,0.0,0.0,1
mwaskom/seaborn,2bb945c01ad0c18f4c9faa516f0a75e7b89043ec,2bb945c01a,"Add support for weights in objects.Est (#3580)  * Add support for weights in objects.Est  * Fix garbled docstring text",bugfix,Python,Michael Waskom,2023-12-05 21:38:16-05:00,21,1,0,0,135,4,5,2,9,1.78,0,clean,Python,2021-2023,1.0,,27.0,0.33,0.3,5
scipy/scipy,7f397e03e0a3554d8c02c8b477e8dc5e0ce7edc9,7f397e03e0,"ENH: integrate: add `cumulative_simpson` (#18151)  * ENH: integrate: add `cumulative_simpson`  Co-authored-by: Matt Haberland <mhaberla@calpoly.edu>",feature,Python,Praveer Nidamaluri,2023-12-05 23:19:11-08:00,23,1,0,1,499,3,4,1,21,3.81,0,clean,Python,2021-2023,1.0,,124.75,0.2,0.76,0
numpy/numpy,306600b14c3546f2320208c873bacca81e1c8461,306600b14c,"Run f2py's meson backend with the same python that ran f2py  On Debian, we sometimes have multiple Python 3 versions in the archive. When using f2py3.X, I'd expect meson to run with the same python, n",other,Python,Stefano Rivera,2023-12-06 09:21:39-04:00,9,2,0,0,6,1,2,0,3,1.0,0,clean,Python,2021-2023,1.0,,3.0,0.0,0.33,0
numpy/numpy,6e130fa90aa0a141096ac5461a67b9597ef79033,6e130fa90a,BUG: fix refcounting for dtypemeta aliases,bugfix,C,Nathan Goldbaum,2023-12-06 09:38:44-07:00,9,2,0,0,29,40,10,2,21,6.86,0,clean,Python,2021-2023,1.0,,0.71,0.18,0.62,0
numpy/numpy,6ea1c247e3ccb28a9a5172168e87e44fef79efab,6ea1c247e3,CI: remove no-blas=true from spin command on macos_arm64 ci [skip actions][skip azp],other,Unknown,Andrew Nelson,2023-12-06 11:22:52+11:00,11,2,0,0,1,1,1,0,0,0.0,0,clean,Python,2021-2023,1.0,,0.5,0.0,0.0,0
numpy/numpy,a585d24c567e61a09b30a924c585a5d5b5e68759,a585d24c56,API: Introduce numpy.astype  Co-authored-by: Bas van Beek <43369155+BvB93@users.noreply.github.com>,other,Python,Mateusz Sokół,2023-12-06 11:33:57+01:00,11,2,0,0,112,23,10,1,3,1.33,0,clean,Python,2021-2023,1.0,,4.67,0.09,0.12,0
numpy/numpy,4ac181b2e9133bad11351c7d1b49ca42d912397f,4ac181b2e9,add examples to as_ctypes_type,feature,Python,Linus,2023-12-06 13:30:34+01:00,13,2,0,0,13,0,1,0,2,5.0,0,clean,Python,2021-2023,1.0,,13.0,0.0,2.5,0
numpy/numpy,705b7fdec0a6eebf56c7411bfbee25d3fc10a81d,705b7fdec0,Update numpy.ctypeslib.py with additional documentation,feature,Python,Linus,2023-12-06 13:41:01+01:00,13,2,0,0,49,2,1,0,2,3.5,0,clean,Python,2021-2023,1.0,,16.33,0.0,1.75,0
numpy/numpy,fd16b06a8664ccc7e5cf8012b5b8c127a7607950,fd16b06a86,edit,other,Python,Linus,2023-12-06 13:46:16+01:00,13,2,0,0,1,1,1,0,1,9.0,0,clean,Python,2021-2023,1.0,,0.5,0.0,4.5,0
numpy/numpy,2bc823468e7f45d5fc862743acfb0b4713c5e10a,2bc823468e,Add examples to numpy char functions,feature,Python,Linus,2023-12-06 14:03:13+01:00,14,2,0,0,34,0,1,0,4,1.25,0,clean,Python,2021-2023,1.0,,34.0,0.0,0.62,0
numpy/numpy,ef3d02ed1d801047d1b5a24b51ef048b537f3ddb,ef3d02ed1d,"Revert ""edit""  This reverts commit fd16b06a8664ccc7e5cf8012b5b8c127a7607950.",other,Python,Linus,2023-12-06 14:09:39+01:00,14,2,0,0,1,1,1,0,1,9.0,0,clean,Python,2021-2023,1.0,,0.5,0.0,4.5,0
numpy/numpy,3a44d52283314d203920940c5d21ce0d20d2158e,3a44d52283,"Revert ""Update numpy.ctypeslib.py with additional""  This reverts commit 705b7fdec0a6eebf56c7411bfbee25d3fc10a81d.",feature,Python,Linus,2023-12-06 14:09:46+01:00,14,2,0,0,2,49,1,0,2,3.5,0,clean,Python,2021-2023,1.0,,0.04,0.0,1.75,0
numpy/numpy,eb8e73d5fed5e1349ed7f40fbf34b42ac20c6a14,eb8e73d5fe,"Revert ""add examples to as_ctypes_type""  This reverts commit 4ac181b2e9133bad11351c7d1b49ca42d912397f.",feature,Python,Linus,2023-12-06 14:09:53+01:00,14,2,0,0,0,13,1,0,2,5.0,0,clean,Python,2021-2023,1.0,,0.0,0.0,2.5,0
scipy/scipy,ab27d3eaba26ab70d6d8f3f2aa9d0ef9b3c1368a,ab27d3eaba,"BUG: stats._axis_nan_policy_factory: respect too_small when detecting empty inputs (#19578)  * BUG: stats._axis_nan_policy_factory: respect too_small when detecting empty inputs  ---------  Co-aut",bugfix,Python,Tirth Patel,2023-12-06 14:15:59-08:00,14,2,0,0,27,14,3,1,11,8.45,1,keyword_strict,Python,2021-2023,0.4,,1.8,0.25,2.11,1
scipy/scipy,20353222a7a8b63bd56067a56b9bf8db4d0d3107,20353222a7,DOC: Clarify error bound in integrate tutorial (#19637),docs,Unknown,David Boetius,2023-12-06 14:24:09+00:00,14,2,0,0,3,3,1,0,0,0.0,0,clean,Python,2021-2023,1.0,,0.75,0.0,0.0,0
numpy/numpy,4792b9f539a6362596a1f7ea389a97d364487c65,4792b9f539,Fix strcmp,bugfix,C++,Lysandros Nikolaou,2023-12-06 14:52:29+01:00,14,2,0,0,59,39,2,0,6,6.33,0,clean,Python,2021-2023,1.0,,1.48,0.0,2.11,0
numpy/numpy,bc5f63308d89912275ff1a400f3be04c102d54b2,bc5f63308d,Rename to _replace and move implementation to np.char,feature,Python,Lysandros Nikolaou,2023-12-06 15:23:15+01:00,15,2,0,0,21,51,5,0,3,15.67,0,clean,Python,2021-2023,1.0,,0.4,0.0,2.61,0
scipy/scipy,b86e1a37eda5b9e626b3618b9757f039bda94bfd,b86e1a37ed,"ENH: stats.cramervonmises/epps_singleton: add axis / nan_policy / keepdims support (#19487)  * ENH: stats.cramervonmises: add axis / nan_policy / keepdims support  * ENH: stats.cramervonmises_2samp:",feature,Python,Matt Haberland,2023-12-06 15:48:30-07:00,15,2,0,0,17,23,3,3,7,3.86,0,clean,Python,2021-2023,1.0,,0.71,0.75,0.96,2
numpy/numpy,bc2b152510a7b7d4cdb65a9e78eb11ec3928f205,bc2b152510,DOC: examples for `np.polynomial.laguerre` funcs,docs,Python,Linus,2023-12-06 16:17:05+01:00,16,2,0,0,48,0,1,0,7,1.43,0,clean,Python,2021-2023,1.0,,48.0,0.0,0.72,0
numpy/numpy,fa0ea96a16dc0e3d4ec78914a0ca9231435ed31b,fa0ea96a16,"Revert ""DOC: examples for `np.polynomial.laguerre` funcs""  This reverts commit bc2b152510a7b7d4cdb65a9e78eb11ec3928f205.",docs,Python,Linus,2023-12-06 16:19:46+01:00,16,2,0,0,0,48,1,0,7,1.43,0,clean,Python,2021-2023,1.0,,0.0,0.0,0.72,0
numpy/numpy,22246dbbd3f456db994d2f433836d9e24b902f67,22246dbbd3,MAINT: Bump actions/setup-python from 4.8.0 to 5.0.0  Bumps [actions/setup-python](https://github.com/actions/setup-python) from 4.8.0 to 5.0.0. - [Release notes](https://github.com/actions/setup-pyth,other,Unknown,dependabot[bot],2023-12-06 17:17:49+00:00,17,2,0,0,26,26,9,0,0,0.0,0,clean,Python,2021-2023,1.0,,0.96,0.0,0.0,0
scipy/scipy,44a6e682530e25abb87bab4f9b63190d81dea516,44a6e68253,MAINT: stats.entropy: silence mypy (#19651),other,Python,Matt Haberland,2023-12-06 22:00:28-08:00,22,2,0,1,2,1,1,0,1,5.0,0,clean,Python,2021-2023,1.0,,1.0,0.0,2.5,2
scipy/scipy,09ecd70bc138f7853dca24a04bc6b7f61166118b,09ecd70bc1,MAINT: stats.chi.mean: improve calculation (#19648)  * MAINT: stats.chi.mean: improve calculation,other,Python,Daniel Schmitz,2023-12-06 22:35:24-08:00,22,2,0,1,14,4,2,1,3,1.0,0,clean,Python,2021-2023,1.0,,2.8,0.33,0.33,0
scipy/scipy,81662226aac5c6b978825b381d2793b16d3b354f,81662226aa,MAINT: lint: enable `stacklevel` warnings check (#19623)  * MAINT: lint: enable `stacklevel` warnings check,other,Python,Lucas Colley,2023-12-07 08:33:14-08:00,8,3,0,0,267,210,65,4,104,11.45,0,clean,Python,2021-2023,1.0,,1.27,0.06,0.17,1
numpy/numpy,a7a97d1cd870eb57dc6211672965a078fc6014c8,a7a97d1cd8,Fix np.char for scalars and add tests,bugfix,Python,Lysandros Nikolaou,2023-12-07 11:25:24+01:00,11,3,0,0,46,0,2,1,9,1.11,0,clean,Python,2021-2023,1.0,,46.0,0.33,0.37,0
numpy/numpy,6c59e6be898a38eae1835ee436f5feb1e4643607,6c59e6be89,Fix tests,bugfix,Python,Lysandros Nikolaou,2023-12-07 11:33:04+01:00,11,3,0,0,3,1,2,0,2,5.0,0,clean,Python,2021-2023,1.0,,1.5,0.0,1.67,0
numpy/numpy,fbd57abffc6f6bb5a82f69f9921328e3a3e6498f,fbd57abffc,BLD: update vendored Meson for AIX shared library fix  Closes gh-25244,bugfix,Unknown,Ralf Gommers,2023-12-07 15:46:42+01:00,15,3,0,0,1,1,1,0,0,0.0,0,clean,Python,2021-2023,1.0,,0.5,0.0,0.0,0
scipy/scipy,fa9f13e6906e7d00510d593f7f982db30e4e4f14,fa9f13e690,"MAINT: lint: enable line-length check (package-wide) (#19609)  * MAINT: `noqa` for awkward UP007 violation  I tried to fix but `mypy` complains along the lines of python/mypy#12393  * MAINT: lint:",bugfix,Python,Lucas Colley,2023-12-07 16:38:54-08:00,16,3,0,0,3320,1860,177,64,496,3.63,1,keyword_strict,Python,2021-2023,0.4,,1.78,0.36,0.02,1
numpy/numpy,a26978cff275744588fec332a9f656ce7394354a,a26978cff2,"DOC: fix some rendering and formatting issues in `unique_*` docstrings  This renders better (table on the Set Routines page, bullet list, code), and removes some Sphinx warnings.  [skip actions] [skip",bugfix,Python,Ralf Gommers,2023-12-07 17:17:51+01:00,17,3,0,0,17,15,1,0,4,1.0,0,clean,Python,2021-2023,1.0,,1.06,0.0,0.5,0
numpy/numpy,8e1def76d04f3f4066550ed37fde6f4b35ad7f32,8e1def76d0,"DOC: devguide cleanup: remove Gitwash and too verbose Git details  Also clean up some outdated info on the CI setup and wheel builds. This is a very straightforward PR, and already pre-discussed in th",bugfix,Unknown,Ralf Gommers,2023-12-07 18:18:06+01:00,18,3,0,0,41,626,15,1,0,0.0,0,clean,Python,2021-2023,1.0,,0.07,0.06,0.0,0
numpy/numpy,97839559793d1c521a42139d5cad1642a5c93342,9783955979,DOC: add `np.char` examples,feature,Python,Linus,2023-12-07 19:26:21+01:00,19,3,0,0,98,3,1,0,18,1.28,0,clean,Python,2021-2023,1.0,,24.5,0.0,0.64,0
numpy/numpy,35b14fe3ffe18ca56c3896d441dd5edffcd177db,35b14fe3ff,"DOC: add `all_requirements.txt`, clarify virtualenv dependency installation (#25302)",feature,Unknown,Zach Rottman,2023-12-08 10:30:19+01:00,10,4,0,0,9,1,2,0,0,0.0,0,clean,Python,2021-2023,1.0,,4.5,0.0,0.0,0
scipy/scipy,ccb5f28d4fa8b508a9f9ed8d2a4060f6fffab74c,ccb5f28d4f,"BUG: Remove unnecessary incref on unrelated type  I was removing it NumPy, because I don't see why we need the type public in the C-API.   That breaks SciPy, which breaks NumPy docs CI. (Now, in prin",bugfix,C,Sebastian Berg,2023-12-08 12:24:23+01:00,12,4,0,0,0,1,1,0,1,6.0,0,clean,Python,2021-2023,1.0,,0.0,0.0,3.0,0
numpy/numpy,aebe922d90befa0896f7b9713e3d1e84f4aaf983,aebe922d90,add example,feature,Python,Linus,2023-12-08 12:34:40+01:00,12,4,0,0,6,1,2,0,1,1.0,0,clean,Python,2021-2023,1.0,,3.0,0.0,0.33,0
numpy/numpy,19f1f478e0fd6f9d7d46871d0e9c8b5200b956a5,19f1f478e0,add example,feature,Python,Linus,2023-12-08 12:40:08+01:00,12,4,0,0,6,0,1,0,1,1.0,0,clean,Python,2021-2023,1.0,,6.0,0.0,0.5,0
numpy/numpy,f1e83d5fbc79c4e295e436679dd9372189273b09,f1e83d5fbc,update,other,Python,Linus,2023-12-08 12:52:05+01:00,12,4,0,0,31,0,1,0,5,1.2,0,clean,Python,2021-2023,1.0,,31.0,0.0,0.6,0
scipy/scipy,1c3700c4b7c9d4609f09a1bd6c25b85a6d700327,1c3700c4b7,"STY: special: use indent width of 4 in clang-format (#19660)  * STY: special: use indent width of 4 in clang-format  was previously 2  * MAINT: git blame ignores for special c++ formatting",other,Unknown,Lucas Colley,2023-12-08 13:01:27-05:00,13,4,0,0,143,137,6,0,13,2.85,0,clean,Python,2021-2023,1.0,,1.04,0.0,0.41,2
scipy/scipy,bf188fbe0a8e30f36381c91d0e6acd4241bcae7f,bf188fbe0a,MAINT: git blame ignores for lint clean-ups (#19658)  [skip ci],refactor,Unknown,Lucas Colley,2023-12-08 13:31:19+00:00,13,4,0,0,5,0,2,0,0,0.0,0,clean,Python,2021-2023,1.0,,5.0,0.0,0.0,2
numpy/numpy,5ce15fd90a6ae2c3905036438ca3405b8c7b93a4,5ce15fd90a,"ENH: Enable SVE detection for Highway VQSort  Leveraging the meson infrastructure to selectively enable SVE specifically for Highway, which already supports SVE.  ``` | Change   | Before [94bc5640] <m",other,C,Chris Sidebottom,2023-12-08 13:40:37+00:00,13,4,0,0,32,3,6,0,2,1.0,0,clean,Python,2021-2023,1.0,,8.0,0.0,0.14,0
numpy/numpy,682d33ca0adbabc407b7da18b8a8c0698fa3d5e2,682d33ca0a,Add test and link SVE to ASIMDHP,feature,Python,Chris Sidebottom,2023-12-08 13:40:39+00:00,13,4,0,0,2,2,2,1,0,0.0,0,clean,Python,2021-2023,1.0,,0.67,0.33,0.0,0
numpy/numpy,2710aa567c6361fa6343fc6161b7a33f3c8eecc1,2710aa567c,"ENH: Enable 16-bit VQSort routines on AArch64  Following the enablement of VQSort, this enables the 16-bit routines, which improves the performance quite a bit:  ``` | Change   | Before [895c7520] <hi",other,C++,Chris Sidebottom,2023-12-08 14:33:43+00:00,14,4,0,0,42,3,5,0,4,2.75,0,clean,Python,2021-2023,1.0,,10.5,0.0,0.46,0
numpy/numpy,7f9549b915791c365390eda1fcd03251fc75637c,7f9549b915,API: Add a batch of Array API aliases  Co-authored-by: Pieter Eendebak <pieter.eendebak@gmail.com>  Co-authored-by: Nathan Goldbaum <nathan.goldbaum@gmail.com>,feature,Python,Mateusz Sokół,2023-12-08 15:07:07+01:00,15,4,0,0,99,76,9,1,1,17.0,0,clean,Python,2021-2023,1.0,,1.29,0.1,1.7,0
numpy/numpy,2c5603c215e4837746c5e5a336981f2778c7f9f4,2c5603c215,API: Add tensordot to linalg,feature,Python,Mateusz Sokół,2023-12-08 15:07:09+01:00,15,4,0,0,33,3,7,1,3,1.0,0,clean,Python,2021-2023,1.0,,8.25,0.12,0.12,0
numpy/numpy,0c3cad6ebeed0bb4f1caa97b1d969e3142bdc236,0c3cad6ebe,API: Add matmul to linalg,feature,Python,Mateusz Sokół,2023-12-08 15:09:24+01:00,15,4,0,0,92,57,11,2,6,1.0,0,clean,Python,2021-2023,1.0,,1.59,0.17,0.08,0
scipy/scipy,da41b036646e48042132449a81006ec50d5dd7a4,da41b03664,CI: fix pre-release job by correct version pin for scipy-openblas32  Closes gh-19640  [skip ci],bugfix,Unknown,Ralf Gommers,2023-12-08 18:01:54+01:00,18,4,0,0,4,1,1,0,0,0.0,0,clean,Python,2021-2023,1.0,,2.0,0.0,0.0,0
numpy/numpy,3e7e5c3cabb8f1a0d940dc6f2058fed4a8c3e284,3e7e5c3cab,"DOC: add ""building from source"" docs  [skip actions] [skip azp] [skip cirrus]",feature,Python,Ralf Gommers,2023-12-08 20:55:27+01:00,20,4,0,0,848,151,12,1,0,0.0,0,clean,Python,2021-2023,1.0,,5.58,0.08,0.0,0
scipy/scipy,1004bb958b43426cd6cfd5cdf5baafa4f138902c,1004bb958b,"ENH: stats.kstests: add axis / nan_policy / keepdims support (#19650)  * ENH: stats.ks_1samp: add axis / nan_policy / keepdims support  * ENH: stats.ks_2samp: add axis / nan_policy / keepdims suppor",feature,Python,Matt Haberland,2023-12-08 21:08:54-07:00,21,4,0,0,46,11,2,1,6,5.67,0,clean,Python,2021-2023,1.0,,3.83,0.33,1.89,2
scipy/scipy,dcf19043f03d83819c86753319da8d73c6fc471a,dcf19043f0,Add Example to lbfgsb docstring,feature,Python,anupriyakkumari,2023-12-09 15:01:44+00:00,15,5,1,0,24,0,1,0,0,0.0,0,clean,Python,2021-2023,1.0,,24.0,0.0,0.0,0
numpy/numpy,4a2ca5fa18629debf12e9b5373433436a870f97f,4a2ca5fa18,Fix typo,bugfix,Unknown,Linus,2023-12-09 16:50:44+01:00,16,5,1,0,3,2,1,0,0,0.0,0,clean,Python,2021-2023,1.0,,1.0,0.0,0.0,0
numpy/numpy,af69792ee71a35a8f2bb19fd02e3a8b059bd559c,af69792ee7,Fix typo,bugfix,Unknown,Linus,2023-12-09 17:10:39+01:00,17,5,1,0,1,1,1,0,0,0.0,0,clean,Python,2021-2023,1.0,,0.5,0.0,0.0,0
mwaskom/seaborn,03d703b80f0fcc20a037d476af0d1fb25b5f3870,03d703b80f,"Add weighted estimation in function interface (#3586)  * Add weighted estimation in function interface  * Add weights to relplot and catplot  * Fix relpot weights  * Matplotlib backcompat in tes",bugfix,Python,Michael Waskom,2023-12-09 18:03:13-05:00,18,5,1,0,127,51,7,3,19,10.84,0,clean,Python,2021-2023,1.0,,2.44,0.38,1.36,5
mwaskom/seaborn,056413d7393e3daec597d430c076e45938d53376,056413d739,"Add extent to Plot.layout configuration (#3552)  * Add corners to Plot.layout configuration  * Rename corners -> extent  * Backcompat for get_layout_engine  * Improve documentation",feature,Python,Michael Waskom,2023-12-09 18:28:13-05:00,18,5,1,0,99,11,5,1,11,7.27,0,clean,Python,2021-2023,1.0,,8.25,0.17,1.21,5
scipy/scipy,9b9b2a0cac769376950eda37f2d91e0f0fb4d200,9b9b2a0cac,Added section with bounds.,feature,Python,anupriyakkumari,2023-12-09 21:51:09+00:00,21,5,1,0,15,7,1,0,0,0.0,0,clean,Python,2021-2023,1.0,,1.88,0.0,0.0,0
numpy/numpy,da678f6cec288fc94b612c1fd5e1c8c64e94f228,da678f6cec,TST: Add one for gh-25337  Co-authored-by: andrea-bia <andrea-bia@users.noreply.github.com>,feature,Python,Rohit Goswami,2023-12-10 01:19:28+00:00,1,6,1,1,25,0,3,1,3,1.0,0,clean,Python,2021-2023,1.0,,25.0,0.25,0.25,0
numpy/numpy,0cbdf62de7db42e47ce69e3f26e1fefb39fc1911,0cbdf62de7,BUG: Fix gh-25337 [f2py],bugfix,Python,Rohit Goswami,2023-12-10 01:20:12+00:00,1,6,1,1,1,1,1,0,1,32.0,0,clean,Python,2021-2023,1.0,,0.5,0.0,16.0,0
scipy/scipy,21f739e1248612821336850094d340a7fbed8d27,21f739e124,"Apply suggestions from code review  towards https://github.com/scipy/scipy/issues/7168  Co-authored-by: Lucas Colley <lucas.colley8@gmail.com>",other,Python,anupriyakkumari,2023-12-10 02:01:05+05:30,2,6,1,1,28,22,1,0,0,0.0,0,clean,Python,2021-2023,1.0,,1.22,0.0,0.0,0
scipy/scipy,54295345b90f21806ff896d01af6a8a5a3364a52,54295345b9,"Apply suggestions from code review  towards https://github.com/scipy/scipy/issues/7168  Co-authored-by: Daniel Schmitz <40656107+dschmitz89@users.noreply.github.com>",other,Python,anupriyakkumari,2023-12-10 02:55:26+05:30,2,6,1,1,5,4,1,0,0,0.0,0,clean,Python,2021-2023,1.0,,1.0,0.0,0.0,0
scipy/scipy,d1c5648fd2f6f9092252269d3e01d65c5c88780a,d1c5648fd2,REL: set version to 1.13.0.dev0  * don't merge until the `1.12.0` release notes have been merged and the `maintenance/1.12.x` branch has been pushed  * check that a clean build from source (`python de,refactor,Python,Tyler Reddy,2023-12-10 10:23:53-07:00,10,6,1,0,133,2,4,0,0,0.0,0,clean,Python,2021-2023,1.0,,44.33,0.0,0.0,1
scipy/scipy,20d131e91b2974d01252f144247465645f6f2c1e,20d131e91b,"DOC: 1.12.0 release notes (#19628)  * Draft release notes/mailmap fixups for SciPy `1.12.0`  ---------  Co-authored-by: Lucas Colley <lucas.colley8@gmail.com> Co-authored-by: Matt Haberland <mhab",bugfix,Unknown,Tyler Reddy,2023-12-10 10:53:18-07:00,10,6,1,0,954,28,2,0,0,0.0,1,keyword_strict,Python,2021-2023,0.4,,32.9,0.0,0.0,1
scipy/scipy,168974ea5b676d0b6da0b7356bdf687f8a302253,168974ea5b,"DEP: signal: remove scipy.signal.{bspline,quadratic,cubic}",other,Python,Jake Bowhay,2023-12-10 21:43:49+00:00,21,6,1,0,8,362,6,1,11,2.36,0,clean,Python,2021-2023,1.0,,0.02,0.14,0.34,0
numpy/numpy,f83e0661682b0f858d29ec3e1b706ad26fc608a1,f83e066168,TST: Add a test for inclusion of files  For gh-25344  Co-authored-by: oliviermattelaer <oliviermattelaer@users.noreply.github.com>,feature,Python,Rohit Goswami,2023-12-11 04:33:04-08:00,4,0,0,1,18,0,3,1,2,1.0,0,clean,Python,2021-2023,1.0,,18.0,0.25,0.25,0
numpy/numpy,679eabefb5ae721da00d22a895c77a9d0242ab00,679eabefb5,ENH: Handle includes in meson [f2py],other,Python,Rohit Goswami,2023-12-11 04:33:46-08:00,4,0,0,1,18,5,2,0,6,2.17,0,clean,Python,2021-2023,1.0,,3.0,0.0,0.72,0
scipy/scipy,e35edb58c6287ea566ab65fe996e6657d30487d6,e35edb58c6,"ENH: stats.normaltest/skewtest/kurtosistest: add axis / nan_policy / keepdims support (#19662)  * ENH: stats.skewtest: add keepdims support and axis / nan_policy tests  * ENH: stats.kurtosistest: ad",feature,Python,Matt Haberland,2023-12-11 05:57:54-07:00,5,0,0,1,8,27,2,1,3,4.67,0,clean,Python,2021-2023,1.0,,0.29,0.33,1.56,2
scipy/scipy,c4d1871d393a4a7c6a2704c5be0a239c2b0c15cb,c4d1871d39,TST: fix tests,bugfix,Python,Jake Bowhay,2023-12-11 08:16:17+00:00,8,0,0,0,3,4,1,0,0,0.0,0,clean,Python,2021-2023,1.0,,0.6,0.0,0.0,0
numpy/numpy,5f4fe1081ba668072c8477118ce187fc8573255d,5f4fe1081b,Update numpy/_core/defchararray.py  Co-authored-by: Pieter Eendebak <pieter.eendebak@gmail.com>,other,Python,Linus Sommer,2023-12-11 10:26:14+01:00,10,0,0,0,1,1,1,0,1,1.0,0,clean,Python,2021-2023,1.0,,0.5,0.0,0.5,0
numpy/numpy,0b0482d5a2153f80b958f569a237fbe04454b015,0b0482d5a2,Update numpy/_core/defchararray.py  Co-authored-by: Pieter Eendebak <pieter.eendebak@gmail.com>,other,Python,Linus Sommer,2023-12-11 10:26:21+01:00,10,0,0,0,1,1,1,0,1,1.0,0,clean,Python,2021-2023,1.0,,0.5,0.0,0.5,0
numpy/numpy,6ae9ed6f77713c30fec3855854889ba5d939ead1,6ae9ed6f77,Update numpy/_core/defchararray.py  Co-authored-by: Pieter Eendebak <pieter.eendebak@gmail.com>,other,Python,Linus Sommer,2023-12-11 10:26:30+01:00,10,0,0,0,1,1,1,0,1,1.0,0,clean,Python,2021-2023,1.0,,0.5,0.0,0.5,0
numpy/numpy,d54e8caea2b031246900d2753c86b444dd534e97,d54e8caea2,DOC: address review comments  [skip actions] [skip cirrus] [skip azp],feature,Unknown,Ralf Gommers,2023-12-11 10:48:05+01:00,10,0,0,0,16,11,3,0,0,0.0,0,clean,Python,2021-2023,1.0,,1.33,0.0,0.0,0
numpy/numpy,29bb5247f2a31dc1e2dab8d7df2be1025389a9fd,29bb5247f2,remove usage of str,other,Python,Linus,2023-12-11 11:09:41+01:00,11,0,0,0,10,12,1,0,4,1.0,0,clean,Python,2021-2023,1.0,,0.77,0.0,0.5,0
numpy/numpy,63a7cd0ca8124fcdde5ce9f5b3cc0fad5614e8ca,63a7cd0ca8,Update numpy/_core/defchararray.py  Co-authored-by: Pieter Eendebak <pieter.eendebak@gmail.com>,other,Python,Linus Sommer,2023-12-11 11:11:20+01:00,11,0,0,0,1,1,1,0,1,1.0,0,clean,Python,2021-2023,1.0,,0.5,0.0,0.5,0
numpy/numpy,670ea181dbdd55dbb5d5afd6ee803d6542e677b4,670ea181db,example with non-alphanumeric characters,other,Python,Linus,2023-12-11 11:12:51+01:00,11,0,0,0,2,1,1,0,1,1.0,0,clean,Python,2021-2023,1.0,,1.0,0.0,0.5,0
scipy/scipy,5721702ee1471bdcbde0b33b850d91a9b4727d23,5721702ee1,"DEP: linalg: remove tri{,u,l} (#19674)  * DEP: linalg: remove tri{,u,l}  * DOC: fix refguide check",bugfix,Python,Jake Bowhay,2023-12-11 11:33:10+01:00,11,0,0,0,4,251,4,3,9,1.33,1,keyword_strict,Python,2021-2023,0.4,,0.02,0.6,0.27,0
numpy/numpy,3b20ad9c5ead16282c530cf48737aa3768a77f91,3b20ad9c5e,"Replace device=""cpu"" with a special object in numpy.array_api  This way, it does not appear that ""cpu"" is a portable device object across different array API compatible libraries. See https://github.c",other,Python,Aaron Meurer,2023-12-11 12:43:39-07:00,12,0,0,0,66,45,5,2,28,1.96,0,clean,Python,2021-2023,1.0,,1.43,0.33,0.33,0
numpy/numpy,5f5d6a8bd6e80680f4c0f329d9b9c29ca11b5bc5,5f5d6a8bd6,MAINT: add npy_gil_error to acquire the GIL and set an error,feature,C,Nathan Goldbaum,2023-12-11 14:43:27-07:00,14,0,0,0,40,17,6,0,2,2.5,0,clean,Python,2021-2023,1.0,,2.22,0.0,0.36,0
scipy/scipy,bf9c8dfd59eec07c666beefc45c02ea1ba6afe7c,bf9c8dfd59,DEP: signal: remove ability to import window functions from signal namespace,other,Python,Jake Bowhay,2023-12-11 15:53:40+00:00,15,0,0,0,3,77,2,1,5,2.2,0,clean,Python,2021-2023,1.0,,0.04,0.33,0.73,1
numpy/numpy,13ab654e46110221b6388aaad606a3625f43db5a,13ab654e46,"Use separate wrapped dtype objects in numpy.array_api  This way there is no ambiguity about the fact the non-portability of NumPy dtype behavior, or the fact that NumPy dtypes are not necessarily allo",bugfix,Python,Aaron Meurer,2023-12-11 16:15:19-07:00,16,0,0,0,106,46,9,2,34,4.41,0,clean,Python,2021-2023,1.0,,2.26,0.2,0.44,0
numpy/numpy,3eae12fd33c286a9cab15f1c63a2fefe79e3b75d,3eae12fd33,ENH: Handle includes consistently across f2py,other,Python,Rohit Goswami,2023-12-11 16:49:44-08:00,16,0,0,0,40,25,2,0,10,14.4,0,clean,Python,2021-2023,1.0,,1.54,0.0,4.8,0
numpy/numpy,8d6506fd87ed52ca839c5f43cb87c92a903f73a4,8d6506fd87,Update defchararray.py,other,Python,Linus Sommer,2023-12-11 16:55:00+01:00,16,0,0,0,21,0,1,0,21,1.29,0,clean,Python,2021-2023,1.0,,21.0,0.0,0.64,0
numpy/numpy,45fb434962529067b202b8a5fe752ada651d62b6,45fb434962,Update defchararray.py,other,Python,Linus Sommer,2023-12-11 16:55:45+01:00,16,0,0,0,1,0,1,0,1,1.0,0,clean,Python,2021-2023,1.0,,1.0,0.0,0.5,0
numpy/numpy,28a15d5c99076c88b2906e8d3e95011ab8ef1c3c,28a15d5c99,"Disallow 0-dimensional arrays in numpy.array_api.nonzero  This is required by the standard, even though np.nonzero does not yet disallow it.",other,Python,Aaron Meurer,2023-12-11 16:56:15-07:00,16,0,0,0,3,0,1,0,1,3.0,0,clean,Python,2021-2023,1.0,,3.0,0.0,1.5,0
numpy/numpy,7cab230a859aa9aa8712085e253eced02be39150,7cab230a85,"Update _polynomial_impl.py  When the polyfit() argument cov=True, the resulting covariance matrix of the polynomial coefficient estimates ""V"" is not of (M,M), as the current documentation states, but ",docs,Python,Lane Votapka,2023-12-11 17:01:02-07:00,17,0,0,0,1,1,1,0,1,19.0,0,clean,Python,2021-2023,1.0,,0.5,0.0,9.5,0
numpy/numpy,84a4605a965540631ca5b1633eaa4c39d715519b,84a4605a96,Update some items in the array_api compatibility document,docs,Unknown,Aaron Meurer,2023-12-11 17:08:56-07:00,17,0,0,0,26,2,1,0,0,0.0,0,clean,Python,2021-2023,1.0,,8.67,0.0,0.0,0
numpy/numpy,1265757864999cadda6c652ab982da941b5b306a,1265757864,"API: Remove undocumented `PyArray_Cast` and `PyArray_CastAnyTo`  These are aliases around CopyInto and CopyAnyInto effectively, so move them to those slots.",docs,Python,Sebastian Berg,2023-12-11 17:53:59+01:00,17,0,0,0,5,38,4,0,2,1.0,0,clean,Python,2021-2023,1.0,,0.13,0.0,0.2,0
numpy/numpy,b6bc9c2f88ce8e5d9acfe15b8cc35130c83799d7,b6bc9c2f88,BUG: Mark flagsobject extern in header,bugfix,Unknown,Sebastian Berg,2023-12-11 17:53:59+01:00,17,0,0,0,1,1,1,0,0,0.0,0,clean,Python,2021-2023,1.0,,0.5,0.0,0.0,0
numpy/numpy,f50689b5205ed73fdb2d33a26490562fe8dda89d,f50689b520,DOC: Add release note for removals,feature,Unknown,Sebastian Berg,2023-12-11 17:53:59+01:00,17,0,0,0,20,0,1,0,0,0.0,0,clean,Python,2021-2023,1.0,,20.0,0.0,0.0,0
numpy/numpy,16add7e931fbe4fd12e75f1604a6463bb2f36d9f,16add7e931,MAINT: Update C-API version for changes,other,Unknown,Sebastian Berg,2023-12-11 17:53:59+01:00,17,0,0,0,1,1,1,0,0,0.0,0,clean,Python,2021-2023,1.0,,0.5,0.0,0.0,0
numpy/numpy,d31eb5fcd1c6bbf18ebe61aadc0248107d85c9c6,d31eb5fcd1,API: Remove flagsobj type and creation functions from public API  There is no need anyone should really need these in C and getting the attribute isn't even so bad even if you do.  I might have been c,docs,C,Sebastian Berg,2023-12-11 17:53:59+01:00,17,0,0,0,33,38,10,0,0,0.0,0,clean,Python,2021-2023,1.0,,0.85,0.0,0.0,0
numpy/numpy,e0893c92ce1b5630fbeaa6ecad095a4c47928325,e0893c92ce,API: Delete `PyArray_MoveInto` as it is identical to `PyArray_CopyInto`,other,C,Sebastian Berg,2023-12-11 17:53:59+01:00,17,0,0,0,9,32,8,0,3,3.67,0,clean,Python,2021-2023,1.0,,0.27,0.0,0.41,0
numpy/numpy,d4a0cab459666f2fd3f16cc0ebe0807c585a3ced,d4a0cab459,"MAINT: Delete `PyBigArray_Type` stub  No idea, I don't think this was ever used in NumPy...",other,Python,Sebastian Berg,2023-12-11 17:53:59+01:00,17,0,0,0,2,5,2,0,0,0.0,0,clean,Python,2021-2023,1.0,,0.33,0.0,0.0,0
numpy/numpy,6952d407ce233a44b2135eeb3a0bf97d9eb7e21b,6952d407ce,"API: Remove `PyDataType_ISPYTHON` and related macros  We never use them, they are an odd concept, as they pretend our doubles are Python doubles which they are not really (maybe once upon a time).  Th",other,Unknown,Sebastian Berg,2023-12-11 17:53:59+01:00,17,0,0,0,0,23,4,0,0,0.0,0,clean,Python,2021-2023,1.0,,0.0,0.0,0.0,0
numpy/numpy,83a7ffde53227edec0de5f685362d9eb59b77d9b,83a7ffde53,"API: Delete CompareUCS4 and CompareString (nothing the stdlib can't do)  We never use this, and it wasn't even documented...",docs,Python,Sebastian Berg,2023-12-11 17:53:59+01:00,17,0,0,0,4,41,4,0,2,4.0,0,clean,Python,2021-2023,1.0,,0.1,0.0,0.8,0
numpy/numpy,c3cae97255c392b6d8af4e328ca80f6e5e4ef76d,c3cae97255,"API: Remove (make private) `PyArray_TypestrConvert`  How likely is it anyone needs to parse this, just use the type number directly.",other,C,Sebastian Berg,2023-12-11 17:53:59+01:00,17,0,0,0,7,15,6,0,0,0.0,0,clean,Python,2021-2023,1.0,,0.44,0.0,0.0,0
numpy/numpy,451b63354e1159aaedf43249e0c0d25b0244f6f9,451b63354e,API: Remove `PyArray_FieldNames` as it has no known reason to exist  It probably is also wrong if you use it on a field dict directly since it mangles up the order.  The logic was designed for a *new*,feature,Python,Sebastian Berg,2023-12-11 17:53:59+01:00,17,0,0,0,5,42,5,0,1,4.0,0,clean,Python,2021-2023,1.0,,0.12,0.0,0.67,0
numpy/numpy,547253d43d394dba0a598c59eee8414cd7c343dd,547253d43d,MAINT: Remove no-op `PyArray_SetDatetimeParseFunction`,other,Python,Sebastian Berg,2023-12-11 17:53:59+01:00,17,0,0,0,1,12,2,0,1,1.0,0,clean,Python,2021-2023,1.0,,0.08,0.0,0.33,0
numpy/numpy,e1d875f45fc2f5b130b4c90eea496fa1316a4ec9,e1d875f45f,API: Remove `PyArray_FillObjectArray` from public API  The function is what ensures that `np.empty()` leaves None objects rather than NULL to help others who don't take care to explicitly support NULL,refactor,Python,Sebastian Berg,2023-12-11 17:53:59+01:00,17,0,0,0,7,14,5,0,0,0.0,0,clean,Python,2021-2023,1.0,,0.47,0.0,0.0,0
numpy/numpy,dde15a6320df672a40b3cfd0659de8fae7496cbc,dde15a6320,"API: Remove `PyArray_TypeNumFromName`  I have not found a single use of this.  In theory, it is designed to give 3rd party extensions access to your type number. In practice, 3rd parties using C doesn",other,Python,Sebastian Berg,2023-12-11 17:53:59+01:00,17,0,0,0,3,49,6,0,1,3.0,0,clean,Python,2021-2023,1.0,,0.06,0.0,0.43,0
numpy/numpy,e755366f5c811291185cc7623877421ea78005c6,e755366f5c,"MAINT: Rename `PyArray_FillObjectArray` and use it only for None  It's still terrible, but at least make it clear what it is used for...",refactor,C,Sebastian Berg,2023-12-11 17:53:59+01:00,17,0,0,0,38,50,4,0,7,12.71,0,clean,Python,2021-2023,1.0,,0.75,0.0,2.54,0
numpy/numpy,0721a51b8046ab2d756800622ceca3ae49c58472,0721a51b80,DOC: Fix refguide check script,bugfix,Python,Mateusz Sokół,2023-12-11 18:22:07+01:00,18,0,0,0,165,110,14,1,13,6.08,0,clean,Python,2021-2023,1.0,,1.49,0.07,0.41,0
mwaskom/seaborn,865618d4f786d02eeedfef578ab2cd96e7351c30,865618d4f7,Update LICENSE.md,other,Unknown,Michael Waskom,2023-12-12 07:21:00-05:00,7,1,0,0,1,1,1,0,0,0.0,0,clean,Python,2021-2023,1.0,,0.5,0.0,0.0,5
scipy/scipy,d41a74b73691bf1188f45d73322f4a9c60e3c4b9,d41a74b736,"MAINT: stats.theilslopes: consistent promotion of `x` and `y` (#19679)  * MAINT: stats.theilslopes: consistent promotion of x and y  * Update scipy/stats/tests/test_mstats_basic.py  [skip ci]  C",test,Python,Matt Haberland,2023-12-12 07:48:33+00:00,7,1,0,0,75,66,2,1,8,2.12,0,clean,Python,2021-2023,1.0,,1.12,0.33,0.71,2
numpy/numpy,1064e13607220c0a0a2832d45afc68f580cd3444,1064e13607,MAINT: add a compatibility shim for pypy,feature,C,Nathan Goldbaum,2023-12-12 09:44:47-07:00,9,1,0,0,14,0,1,0,1,4.0,0,clean,Python,2021-2023,1.0,,14.0,0.0,2.0,0
numpy/numpy,25ae8ab168f7307e05cd347da4bf0f89debce53a,25ae8ab168,DOC: Add examples to ``polynomial.polynomial`` functions  Co-Authored-By: Pieter Eendebak <pieter.eendebak@gmail.com>,feature,Python,Linus,2023-12-12 11:43:48+01:00,11,1,0,0,40,0,1,0,6,1.67,0,clean,Python,2021-2023,1.0,,40.0,0.0,0.84,0
numpy/numpy,13dc37a0c5b9cb027555897da8f46ee5d2dc0483,13dc37a0c5,DOC: Add examples to ``polynomial.laguerre`` functions  Co-Authored-By: Pieter Eendebak <pieter.eendebak@gmail.com>,feature,Python,Linus,2023-12-12 11:45:13+01:00,11,1,0,0,72,3,1,0,11,1.91,0,clean,Python,2021-2023,1.0,,18.0,0.0,0.96,0
numpy/numpy,fd50ccd509340d11a5d4cd3bb6fc250efeed4c7e,fd50ccd509,"DOC: Add examples to ``polynomial.hermite`` functions  Update hermite.py  Update hermite.py  update  Revert ""update""  This reverts commit 1bb71ac4459a1ca4dcf70a5a7cb0eb52538ecaaa.  Update",feature,Python,Linus,2023-12-12 11:46:15+01:00,11,1,0,0,85,0,1,0,9,1.33,0,clean,Python,2021-2023,1.0,,85.0,0.0,0.66,0
scipy/scipy,a54d06177a937df200a77b01d7cac343f7b0afbb,a54d06177a,"DOC: array types: mention partial support in `special` (#19677)  * mention partial support in `special` * address review comments * make capitalisation consistent",feature,Unknown,Lucas Colley,2023-12-12 14:22:15-07:00,14,1,0,0,34,27,1,0,0,0.0,0,clean,Python,2021-2023,1.0,,1.21,0.0,0.0,2
numpy/numpy,64c7478b55f7e06ecad0cb348f428458cd35bced,64c7478b55,Add a release notes entry,feature,Unknown,Aaron Meurer,2023-12-12 15:06:29-07:00,15,1,0,0,14,0,1,0,0,0.0,0,clean,Python,2021-2023,1.0,,14.0,0.0,0.0,0
numpy/numpy,f2ffc113384c7498dc5ba0e8d59c799d8367cb0c,f2ffc11338,"Fix failing test_features on SapphireRapids  The /proc/cpuinfo flag for AVX512FP16 is spelled avx512_fp16 Add the underscore to the mapping to make the test pass",bugfix,Python,Alexander Grund,2023-12-12 16:20:17+01:00,16,1,0,0,1,0,1,1,0,0.0,0,clean,Python,2021-2023,1.0,,1.0,0.5,0.0,0
scipy/scipy,9ea05c029e3e140fa5eea4bd1e57cdc4b8443623,9ea05c029e,"TST: fix incorrect signal.sosfilt tests  This caused failures on macOS arm64 with NumPy main, because clongdouble arrays started to be passed to `np.linalg.eigvals`.  This code, as the deleted comment",bugfix,Python,Ralf Gommers,2023-12-12 18:18:13+01:00,18,1,0,0,7,22,1,1,4,1.5,0,clean,Python,2021-2023,1.0,,0.3,0.5,0.75,0
numpy/numpy,0000e49c29965830e2d3189ff501969b7903af3d,0000e49c29,BUG: fix dispatch for avx512_qsort and qselect float16 functions,bugfix,C++,Raghuveer Devulapalli,2023-12-12 20:48:53-08:00,20,1,0,0,3,44,1,0,8,1.25,0,clean,Python,2021-2023,1.0,,0.07,0.0,0.62,1
numpy/numpy,894a1e3eae226ae3d23ae65ba8d155f0adc63d3c,894a1e3eae,CI: UPdate SDE version to 9.27 and run tests on SPR,test,Unknown,Raghuveer Devulapalli,2023-12-12 20:48:53-08:00,20,1,0,0,10,12,1,0,0,0.0,0,clean,Python,2021-2023,1.0,,0.77,0.0,0.0,1
numpy/numpy,b743ee0b85bdb4b1cf3ee947299b9981d9f2202f,b743ee0b85,Fix SDE file extension name and update cpu-baseline=avx512_spr,bugfix,Unknown,Raghuveer Devulapalli,2023-12-12 20:48:53-08:00,20,1,0,0,2,2,1,0,0,0.0,0,clean,Python,2021-2023,1.0,,0.67,0.0,0.0,1
numpy/numpy,5cb44c56fb324a8b173823987939ac0cf1757835,5cb44c56fb,Update x86-simd-sort to latest  Marks explicit template specializations inline,test,Unknown,Raghuveer Devulapalli,2023-12-12 20:48:53-08:00,20,1,0,0,1,1,1,0,0,0.0,0,clean,Python,2021-2023,1.0,,0.5,0.0,0.0,1
numpy/numpy,7a29f66ce96516f3a6e13c5f22147e47e233b3ba,7a29f66ce9,Add TGL tests and build with cpu-baseline of avx512f,feature,Unknown,Raghuveer Devulapalli,2023-12-12 21:11:14-08:00,21,1,0,0,13,2,1,0,0,0.0,0,clean,Python,2021-2023,1.0,,4.33,0.0,0.0,1
scipy/scipy,1a357805d2386cf8f6880f78f9fe4bada0453edd,1a357805d2,ENH: stats.lmoment: change parameter n_moments to order,other,Python,Matt Haberland,2023-12-12 23:38:09-08:00,23,1,0,1,85,41,3,1,17,3.71,0,clean,Python,2021-2023,1.0,,2.02,0.25,0.93,2
scipy/scipy,cce480e3027ef0601a4b676810c29194a6646ca4,cce480e302,MAINT: moment: rename parameter moment to order,refactor,Python,Matt Haberland,2023-12-12 23:57:58-08:00,23,1,0,1,19,17,3,2,9,2.78,0,clean,Python,2021-2023,1.0,,1.06,0.5,0.7,2
scipy/scipy,8a3319a18467113336e38a6841014b8a8c95cfd9,8a3319a184,STY: stats.lmoment: fix lint errors  [skip ci],bugfix,Python,Matt Haberland,2023-12-13 00:19:19-08:00,0,2,0,1,5,3,1,0,2,2.5,0,clean,Python,2021-2023,1.0,,1.25,0.0,1.25,2
numpy/numpy,f01ee53765d23a339ae5cfcb02e0fbf57ae190c0,f01ee53765,BUG: fix order of arguments to avx512_qselect,bugfix,C++,Raghuveer Devulapalli,2023-12-13 09:22:57-08:00,9,2,0,0,2,2,1,0,2,1.0,0,clean,Python,2021-2023,1.0,,0.67,0.0,0.5,1
scipy/scipy,3970884964899f1dd931184de840ffeb1d0aa01c,3970884964,"BLD: ensure we disable fast-math for oneAPI compilers (icx, ifx)  We did this already for icc/ifort, but the new compilers are completely different and have separate IDs in Meson.",feature,Unknown,Ralf Gommers,2023-12-13 09:42:44+01:00,9,2,0,0,4,4,1,0,0,0.0,0,clean,Python,2021-2023,1.0,,0.8,0.0,0.0,0
scipy/scipy,e53a7dfc720a714a45b94fac336833b1a84a858c,e53a7dfc72,BLD: special: fix up use of deprecated Meson feature in new headers,bugfix,Unknown,Ralf Gommers,2023-12-13 09:57:29+01:00,9,2,0,0,4,11,1,0,0,0.0,0,clean,Python,2021-2023,1.0,,0.33,0.0,0.0,0
numpy/numpy,b043ff6d32a298dc27fb0cdfced39b096f0912b8,b043ff6d32,"MAINT: fix comparison in npysort/selection.cpp so it doesn't emit a warning  That warning was, with clang on macOS: ``` ../numpy/_core/src/npysort/selection.cpp:529:15: warning: result of comparison o",bugfix,C++,Ralf Gommers,2023-12-13 10:11:14+01:00,10,2,0,0,1,1,1,0,1,5.0,0,clean,Python,2021-2023,1.0,,0.5,0.0,2.5,0
numpy/numpy,ceccff0dd51e37d775cc6da06e164cda44036ea4,ceccff0dd5,MAINT: fix unused function warning in `multiarray/item_selection.c`  The warning was: ``` [2/3] Compiling C object numpy/_core/_multiarray_umath.cpython-39-darwin.so.p/src_multiarray_item_selection.c.,bugfix,C,Ralf Gommers,2023-12-13 10:11:14+01:00,10,2,0,0,2,0,1,0,0,0.0,0,clean,Python,2021-2023,1.0,,2.0,0.0,0.0,0
numpy/numpy,2481321f0f71fad31882a7b2258906de00e9f6ce,2481321f0f,MAINT: improve debugging code in `umath_linalg.cpp` so it doesn't emit warnings  Also a simple fix for a `-Wmaybe-uninitialized` warning in `special_integer_comparisons.cpp` (GCC isn't smart enough to,bugfix,C++,Ralf Gommers,2023-12-13 10:11:14+01:00,10,2,0,0,8,12,2,1,3,9.67,0,clean,Python,2021-2023,1.0,,0.62,0.33,3.22,0
numpy/numpy,a9ae89c38e58589a65954835df28ba65179d1e68,a9ae89c38e,"BLD: use C11 rather than C99 as the C standard version we target  In effect we were already using C11 for a long time, because that's where `complex.h` and complex types became optional rather than ma",feature,Unknown,Ralf Gommers,2023-12-13 10:13:10+01:00,10,2,0,0,2,2,2,0,0,0.0,0,clean,Python,2021-2023,1.0,,0.67,0.0,0.0,0
numpy/numpy,95f8b6cde3ef9b1149c2585d8b15454c15920307,95f8b6cde3,"MAINT: delete duplicate `simd_cabsolute_f32/f64` functions  These were yielding unused function warnings with Clang 14, and turned out to indeed be unused. The code was an exact copy of the same funct",bugfix,Unknown,Ralf Gommers,2023-12-13 10:13:15+01:00,10,2,0,0,1,56,1,0,0,0.0,0,clean,Python,2021-2023,1.0,,0.02,0.0,0.0,0
numpy/numpy,5d8a1db44b6390c731387f0216fbdf7cb46cc6d8,5d8a1db44b,MAINT: remove GCC pragmas that cause warnings with Clang  The warning with Clang 14 is:  ``` [3/4] Compiling C object numpy/_core/_multiarray_umath.cpython-39-darwin.so.p/meson-generated_einsum.c.o ..,feature,Unknown,Ralf Gommers,2023-12-13 10:13:15+01:00,10,2,0,0,0,18,2,0,0,0.0,0,clean,Python,2021-2023,1.0,,0.0,0.0,0.0,0
numpy/numpy,0ee0b6f95631d24325b2ce324ef5b18205d6b25f,0ee0b6f956,BLD: update minimum Cython version to 3.0.6  Needed to include the bug fix for using complex types with C11 (Cython PR 5809).,bugfix,Unknown,Ralf Gommers,2023-12-13 10:14:09+01:00,10,2,0,0,4,4,3,0,0,0.0,0,clean,Python,2021-2023,1.0,,0.8,0.0,0.0,0
scipy/scipy,35f3d3f01616210678acf72dcbcb8e720ccd2223,35f3d3f016,"MAINT:linalg: Remove redundant det and lu Fortran files (#19687)  * MAINT:linalg:Remove redundant Fortrancode  * MAINT:linalg:Modify meson file to remove redundant .f files  * MAINT:linalg:Remove ",refactor,Python,Ilhan Polat,2023-12-13 10:37:09+00:00,10,2,0,0,3,605,13,1,7,4.43,0,clean,Python,2021-2023,1.0,,0.0,0.07,0.32,0
numpy/numpy,72f8c600578c090caff976c44a92fd39140836de,72f8c60057,Remove whitespace,other,Python,Linus Sommer,2023-12-13 12:11:49+01:00,12,2,0,0,0,1,1,0,0,0.0,0,clean,Python,2021-2023,1.0,,0.0,0.0,0.0,0
numpy/numpy,d66793e7ad6490b53b86631259d5c9e55056e857,d66793e7ad,Add examples for ``is title``,feature,Python,Linus Sommer,2023-12-13 12:15:31+01:00,12,2,0,0,2,2,1,0,1,1.0,0,clean,Python,2021-2023,1.0,,0.67,0.0,0.5,0
numpy/numpy,4c55afd94c9f78a7c2c18c921beded528ca80e98,4c55afd94c,Fix spacing,bugfix,Python,Linus Sommer,2023-12-13 12:17:58+01:00,12,2,0,0,1,1,1,0,1,1.0,0,clean,Python,2021-2023,1.0,,0.5,0.0,0.5,0
numpy/numpy,16ba05a82921486e9bdc36f6bcd6e51b574f0e1f,16ba05a829,"Init `base` in cpu_avx512_kn  Fix a false negative due to a warning that `base` could be uninitialized, e.g. on GCC 12.3.0",bugfix,C,Alexander Grund,2023-12-13 12:25:37+01:00,12,2,0,0,1,1,1,0,1,1.0,0,clean,Python,2021-2023,1.0,,0.5,0.0,0.5,0
numpy/numpy,ed7f19b29a743c80dadd206a63b8e33592cbc9b1,ed7f19b29a,CI: Split CI jobs on TGL and SPR,other,Unknown,Raghuveer Devulapalli,2023-12-13 12:28:56-08:00,12,2,0,0,37,2,1,0,0,0.0,0,clean,Python,2021-2023,1.0,,12.33,0.0,0.0,1
numpy/numpy,be8e2ccf9bdba1b83e8d7f9fb39c02b2eb48fb7a,be8e2ccf9b,Update C syntax,other,C,Alexander Grund,2023-12-13 12:34:07+01:00,12,2,0,0,1,1,1,0,1,1.0,0,clean,Python,2021-2023,1.0,,0.5,0.0,0.5,0
numpy/numpy,211850621a35fd5d2f18a00ed7e5041f688d3641,211850621a,MAINT: Add missing modules to refguide test,feature,Python,Mateusz Sokół,2023-12-13 13:36:42+01:00,13,2,0,0,19,16,4,1,8,6.12,0,clean,Python,2021-2023,1.0,,1.12,0.2,1.22,0
numpy/numpy,700ded88944ed876e7453159d8441c14516727d5,700ded8894,Fix some type hint aliases for numpy.array_api,bugfix,Python,Aaron Meurer,2023-12-13 15:00:30-07:00,15,2,0,0,4,27,1,0,0,0.0,0,clean,Python,2021-2023,1.0,,0.14,0.0,0.0,0
scipy/scipy,971be315d5d6b31caf4dcf5df79ed0668e26142d,971be315d5,"BUG: Prevent mutation of `w` parameter in `spatial.distance.*` (#19693)  * BUG: Prevent mutation of `w` parameter in `spatial.distance.*`  * TST: Tests spatial.distances with immutable input",bugfix,Python,Lukas Geiger,2023-12-13 18:42:21-07:00,18,2,0,0,12,2,2,1,3,3.67,1,keyword_strict,Python,2021-2023,0.4,,4.0,0.33,1.22,0
numpy/numpy,03ed4e56a6f01771d58b2b34833193a6ede4b0ac,03ed4e56a6,Update defchararray.py,other,Unknown,Linus Sommer,2023-12-13 21:07:58+01:00,21,2,0,0,0,0,0,0,0,0.0,0,clean,Python,2021-2023,1.0,,0.0,0.0,0.0,0
numpy/numpy,5edb11febdb07fe3e9ab7089b0fdfeb5ef1958c4,5edb11febd,DOC: Add examples to ``np.char``,feature,Python,linus-md,2023-12-13 21:17:55+01:00,21,2,0,0,159,6,1,0,29,1.21,0,clean,Python,2021-2023,1.0,,22.71,0.0,0.6,0
numpy/numpy,cf1d4e3deeba09520bf95392c53b455ca4a9ed46,cf1d4e3dee,"ufunc api: update multiarray_umath import path (#25389)  The import_umath utility raises a DeprecationWarning in in the nightly numpy releases; I believe this should fix the issue.  ---------  Co-",bugfix,Python,Jake Vanderplas,2023-12-13 22:34:55+01:00,22,2,0,1,5,1,1,0,0,0.0,1,keyword_strict,Python,2021-2023,0.4,,2.5,0.0,0.0,0
scipy/scipy,931dd4c7db3cd16f7fe7cc9fd17e3388795b73e9,931dd4c7db,"ENH: integrate._nsum: function for finite and infinite summation (#19667)  * ENH: integrate: draft _nsum  * TST: integrate._nsum: add basic tests  * STY: integrate._nsum: refactor  * ENH: integr",bugfix,Python,Matt Haberland,2023-12-14 07:46:42-05:00,7,3,0,0,669,11,2,1,27,2.11,1,keyword_strict,Python,2021-2023,0.4,,55.75,0.33,0.7,2
numpy/numpy,bde29643a418542b0fec8c10e6b809e8292f2d71,bde29643a4,Move SIMD SPR tests to intel_sde_spr job,test,Unknown,Raghuveer Devulapalli,2023-12-14 09:01:19-08:00,9,3,0,0,8,8,1,0,0,0.0,0,clean,Python,2021-2023,1.0,,0.89,0.0,0.0,1
scipy/scipy,452f2b11266a3413441ca107515f1b23489572d9,452f2b1126,MAINT: spatial: Remove PDistWeightedMetricWrapper and CDistWeightedMetricWrapper(#19694),other,Python,Lukas Geiger,2023-12-14 10:15:27+00:00,10,3,0,0,0,51,1,0,2,2.0,0,clean,Python,2021-2023,1.0,,0.0,0.0,1.0,1
numpy/numpy,dd913aa5332f00b8172183de450063069e666aab,dd913aa533,"API: add matrix_norm, vector_norm, vecdot and matrix_transpose",feature,Python,Mateusz Sokół,2023-12-14 13:53:48+01:00,13,3,0,0,437,55,19,2,19,1.74,0,clean,Python,2021-2023,1.0,,7.8,0.1,0.09,0
scipy/scipy,9aba6bdb7edde6268a52eec9709826769b213c47,9aba6bdb7e,MAINT:linalg: Prefer 'np.fill_diagonal' over 'diag_indices' (#19695),other,Python,Lukas Geiger,2023-12-14 14:04:15+01:00,14,3,0,0,2,2,1,0,2,12.0,0,clean,Python,2021-2023,1.0,,0.67,0.0,6.0,1
numpy/numpy,6c59a140b071060e080db5b0ebc46144dd390b77,6c59a140b0,Add spaces back,feature,Python,linus-md,2023-12-14 14:23:54+01:00,14,3,0,0,2,2,1,0,2,1.0,0,clean,Python,2021-2023,1.0,,0.67,0.0,0.5,0
numpy/numpy,d8f8c77178378231126e9a13e99a353146a96906,d8f8c77178,Try to fix leading whitespace error in splitlines,bugfix,Python,linus-md,2023-12-14 14:39:08+01:00,14,3,0,0,1,1,1,0,1,1.0,0,clean,Python,2021-2023,1.0,,0.5,0.0,0.5,0
numpy/numpy,e4164d553ba2eb39e6c7636f0d0b31c3e3b7d620,e4164d553b,remove example for now,other,Python,linus-md,2023-12-14 14:40:22+01:00,14,3,0,0,3,3,1,0,1,1.0,0,clean,Python,2021-2023,1.0,,0.75,0.0,0.5,0
numpy/numpy,c47af37e3d371aa2b3a6ba994fc541217e1d29c9,c47af37e3d,Remove examples with line break,other,Python,linus-md,2023-12-14 14:54:34+01:00,14,3,0,0,4,10,1,0,2,1.0,0,clean,Python,2021-2023,1.0,,0.36,0.0,0.5,0
numpy/numpy,39f1f591cbd5f7e2b4ef7cffe15783bbde8f7752,39f1f591cb,Try other example,other,Python,linus-md,2023-12-14 15:20:32+01:00,15,3,0,0,2,2,1,0,1,1.0,0,clean,Python,2021-2023,1.0,,0.67,0.0,0.5,0
numpy/numpy,08cd74903987dabc0b6c62221d6a6b31cdc33707,08cd749039,Remove ``expandtabs``example,other,Python,linus-md,2023-12-14 15:29:34+01:00,15,3,0,0,0,6,1,0,1,1.0,0,clean,Python,2021-2023,1.0,,0.0,0.0,0.5,0
numpy/numpy,674cb05af568262ffe5480d78d6c9fa874f3f15f,674cb05af5,MAINT: Bump actions/upload-artifact from 3.1.3 to 4.0.0  Bumps [actions/upload-artifact](https://github.com/actions/upload-artifact) from 3.1.3 to 4.0.0. - [Release notes](https://github.com/actions/u,other,Unknown,dependabot[bot],2023-12-14 17:12:35+00:00,17,3,0,0,4,4,3,0,0,0.0,0,clean,Python,2021-2023,1.0,,0.8,0.0,0.0,0
numpy/numpy,fa97e0fea8fcbf1451e86ac54535cd6249a7942d,fa97e0fea8,Add skip for example with tabs,feature,Python,linus-md,2023-12-14 17:49:47+01:00,17,3,0,0,6,0,1,0,1,1.0,0,clean,Python,2021-2023,1.0,,6.0,0.0,0.5,0
numpy/numpy,d09719a17d45f7c6605b00b3b1022833895a589b,d09719a17d,Update,other,Python,linus-md,2023-12-14 17:59:21+01:00,17,3,0,0,1,1,1,0,1,1.0,0,clean,Python,2021-2023,1.0,,0.5,0.0,0.5,0
numpy/numpy,8d3e32cb1f4006b2498dac5dbd160b7fab83263a,8d3e32cb1f,Update,other,Python,linus-md,2023-12-14 17:59:44+01:00,17,3,0,0,1,1,1,0,1,1.0,0,clean,Python,2021-2023,1.0,,0.5,0.0,0.5,0
numpy/numpy,b5d17e902ab9f08e2a697a9be0037fd318555982,b5d17e902a,Update,other,Python,linus-md,2023-12-14 18:03:45+01:00,18,3,0,0,2,2,1,0,1,1.0,0,clean,Python,2021-2023,1.0,,0.67,0.0,0.5,0
numpy/numpy,2c75a4a706c4dec1e2fd7f500179722b037fc781,2c75a4a706,Update,other,Python,linus-md,2023-12-14 18:15:18+01:00,18,3,0,0,2,2,1,0,1,1.0,0,clean,Python,2021-2023,1.0,,0.67,0.0,0.5,0
numpy/numpy,e3b5f0160908c97b029ada55d21f1a62f965aafd,e3b5f01609,Update,other,Python,linus-md,2023-12-14 18:18:36+01:00,18,3,0,0,2,2,1,0,1,1.0,0,clean,Python,2021-2023,1.0,,0.67,0.0,0.5,0
scipy/scipy,d6af943f5102e92d93bf374117561362bacaecd4,d6af943f51,"MAINT: sparse: Stop supporting multi-Ellipsis indexing (#18541)  * MAINT: sparse: Stop supporting multi-Ellipsis indexing  * STY: remove unused import  ---------  Co-authored-by: Jake Bowhay <jb",other,Python,CJ Carey,2023-12-14 20:46:46+00:00,20,3,0,0,13,37,2,1,2,4.0,0,clean,Python,2021-2023,1.0,,0.34,0.33,1.33,0
numpy/numpy,4bc44b405e352daf32380f318eec393b680694f4,4bc44b405e,"DOC: Plot exact distributions in logistic, logseries and weibull example",docs,Unknown,Pieter Eendebak,2023-12-14 20:55:24+01:00,20,3,0,0,17,14,1,0,0,0.0,0,clean,Python,2021-2023,1.0,,1.13,0.0,0.0,0
numpy/numpy,300b0be8d2ccd54fa67ac1def4c59b96ffe71e53,300b0be8d2,fix spacing,bugfix,Unknown,Pieter Eendebak,2023-12-14 20:59:40+01:00,20,3,0,0,4,4,1,0,0,0.0,0,clean,Python,2021-2023,1.0,,0.8,0.0,0.0,0
numpy/numpy,796e07586306c0303fce295c289e88c014f3f778,796e075863,"BUG, SIMD: Fix quicksort build error when Highway/SVE is enabled    Update Highway against the latest commit to SVE compile errors",bugfix,Unknown,Sayed Adel,2023-12-14 23:51:09+04:00,23,3,0,1,1,1,1,0,0,0.0,0,clean,Python,2021-2023,1.0,,0.5,0.0,0.0,0
numpy/numpy,4598f0cc196fb79669ebbbd46bc4fa45c1fc715d,4598f0cc19,API: Introduce np.isdtype function,other,Python,Mateusz Sokół,2023-12-15 14:14:31+01:00,14,4,0,0,190,25,11,1,4,4.5,0,clean,Python,2021-2023,1.0,,7.31,0.08,0.38,0
numpy/numpy,e527492df0ce60eb09cce0a60e3a4216c19336a9,e527492df0,Update defchararray.py,other,Python,Linus Sommer,2023-12-15 18:30:40+01:00,18,4,0,0,1,1,1,0,1,2.0,0,clean,Python,2021-2023,1.0,,0.5,0.0,1.0,0
scipy/scipy,f963595b6918e8e729d27d4ff79d4b19f880ad0b,f963595b69,ENH: stats.shapiro: add axis / nan_policy / keepdims support (#19680),feature,Python,Matt Haberland,2023-12-15 23:38:18-07:00,23,4,0,1,12,3,3,2,2,2.5,0,clean,Python,2021-2023,1.0,,3.0,0.5,0.62,3
scipy/scipy,c4ce0c4560bc635867512c4d2ea6db6f666d3eeb,c4ce0c4560,"MAINT: bump project version (#19698)  * if you do i.e., `pip install -v .` on the latest SciPy `main` branch, the version string reported via `pip list` will be wrong, so fix that here  * I guess ",bugfix,Unknown,Tyler Reddy,2023-12-16 10:00:57+00:00,10,5,1,0,1,1,1,0,0,0.0,1,keyword_strict,Python,2021-2023,0.4,,0.5,0.0,0.0,2
mwaskom/seaborn,d8476676a066c137ac43d50ad49b3ee586ea580f,d8476676a0,Link to error bar tutorial from parameter documentation (#3595),docs,Python,Michael Waskom,2023-12-17 17:43:32-05:00,17,6,1,0,4,2,2,0,1,1.0,0,clean,Python,2021-2023,1.0,,1.33,0.0,0.33,5
numpy/numpy,76eeccd76776e17003c7add212014d336ce52f4a,76eeccd767,DOC: Improve example for ``rng.binomial()``  [skip cirrus] [skip azp] [skip travis] [skip actions],docs,Unknown,Linus,2023-12-17 21:09:32+01:00,21,6,1,0,22,10,1,0,0,0.0,0,clean,Python,2021-2023,1.0,,2.0,0.0,0.0,0
numpy/numpy,4b9838450d7c3e2105339d3c6067ffed47ad7689,4b9838450d,BUG: Handle includes correctly [f2py],bugfix,Python,Rohit Goswami,2023-12-17 21:47:42-08:00,21,6,1,0,21,12,1,0,6,19.5,0,clean,Python,2021-2023,1.0,,1.62,0.0,9.75,0
numpy/numpy,13bf77534a547df7962d1a377ab9ed6ec1425b2d,13bf77534a,DOC: Clean up of ``_generatorpyx``  [skip actions] [skip travis] [skip azp] [skip cirrus],refactor,Unknown,linus-md,2023-12-18 00:06:12+01:00,0,0,0,1,67,39,1,0,0,0.0,0,clean,Python,2021-2023,1.0,,1.68,0.0,0.0,0
numpy/numpy,30839ce9dd0b046b02289413f284b87ea94e5e56,30839ce9dd,DOC: Add example to ``rng.beta(...)``  [skip actions] [skip travis] [skip azp] [skip cirrus],feature,Unknown,linus-md,2023-12-18 00:18:37+01:00,0,0,0,1,36,1,1,0,0,0.0,0,clean,Python,2021-2023,1.0,,18.0,0.0,0.0,0
numpy/numpy,8385ba3c4827b6ca1492ea3929cf1e227f3d299c,8385ba3c48,"DOC: Improve ``np.histogram`` docs (#25404)  Add note to the weight parameter description describing the relationship between the weight dtype and the returned dtype",feature,Python,Pablo,2023-12-18 10:59:42-08:00,10,0,0,0,2,0,1,0,1,15.0,0,clean,Python,2021-2023,1.0,,2.0,0.0,7.5,0
numpy/numpy,a6937becc0f0492a3b71068ba27a46623fb83080,a6937becc0,DOC: Add example for ``rng.exponential()``  [skip actions] [skip azp] [skip cirrus] [skip travis],feature,Unknown,Linus,2023-12-18 11:37:09+01:00,11,0,0,0,20,8,1,0,0,0.0,0,clean,Python,2021-2023,1.0,,2.22,0.0,0.0,0
numpy/numpy,b417c6deed1cf60f7d50dfd293bfa22a66d67df9,b417c6deed,DOC: Add missing examples to ``np.ma``  [skip actions] [skip travis] [skip azp] [skip cirrus],feature,Python,linus-md,2023-12-18 14:55:00+01:00,14,0,0,0,139,33,2,0,19,3.37,0,clean,Python,2021-2023,1.0,,4.09,0.0,1.12,0
scipy/scipy,6e612d3fef4d445a42be02d7e5dc7da7b28e0e4c,6e612d3fef,also apply tol->rtol deprecation for minres / tfqmr,other,Python,H. Vetinari,2023-12-18 16:36:17+11:00,16,0,0,0,49,33,4,1,8,15.88,0,clean,Python,2021-2023,1.0,,1.44,0.2,3.18,0
scipy/scipy,c0201a8533cd59cfde4e9a0efb42c83f108253d0,c0201a8533,"clean up deprecation warnings in _get_atol  numerous problems: various inconsistencies between warnings, spelling errors, f-strings not turned on, no explanation how to keep existing behaviour, etc.",refactor,Python,H. Vetinari,2023-12-18 16:36:17+11:00,16,0,0,0,7,8,1,0,1,4.0,0,clean,Python,2021-2023,1.0,,0.78,0.0,2.0,0
scipy/scipy,7ab030c0269b331f4c5286b9afda07ba8760c936,7ab030c026,adopt deprecations around tol/atol/rtol also for gcrotmk/lgmres,other,Python,H. Vetinari,2023-12-18 16:36:17+11:00,16,0,0,0,65,54,6,2,20,12.4,0,clean,Python,2021-2023,1.0,,1.18,0.29,1.77,0
scipy/scipy,e266e33eaf533fe301448725f345616605711714,e266e33eaf,replace callers of assert_normclose with single-line code used elsewhere,other,Python,H. Vetinari,2023-12-18 16:36:17+11:00,16,0,0,0,6,12,2,2,6,1.0,0,clean,Python,2021-2023,1.0,,0.46,0.67,0.33,0
scipy/scipy,5ae5901e6c177e4be274d829ae3c60417c94ccd6,5ae5901e6c,adapt to tol->rtol renaming in test_iterative.py  very strange that this did not fail before already,test,Python,H. Vetinari,2023-12-18 16:36:17+11:00,16,0,0,0,48,46,1,1,16,2.88,0,clean,Python,2021-2023,1.0,,1.02,0.5,1.44,0
scipy/scipy,5715dd6000b945f26d72952cba90a824c958ab9f,5715dd6000,don't (re)calculate norm of b in _get_atol_rtol; ensure we raise warnings before returning,other,Python,H. Vetinari,2023-12-18 16:36:17+11:00,16,0,0,0,22,20,3,0,10,17.1,0,clean,Python,2021-2023,1.0,,1.05,0.0,4.28,0
scipy/scipy,6937e3b36cb12ad1ee98e43f1ea15d1755975c26,6937e3b36c,avoid spurious complex values in tfqmr,other,Python,H. Vetinari,2023-12-18 16:36:17+11:00,16,0,0,0,2,1,1,0,1,15.0,0,clean,Python,2021-2023,1.0,,1.0,0.0,7.5,0
numpy/numpy,952fac697b8ff1b32e5a2f11274a24e01273c9dd,952fac697b,BUG: avoid seg fault from OOB access in RandomState.set_state(),bugfix,Python,Nathan Goldbaum,2023-12-18 16:44:47-07:00,16,0,0,0,15,9,2,1,1,1.0,0,clean,Python,2021-2023,1.0,,1.5,0.33,0.33,0
scipy/scipy,43f6836e33dde52644105f44ab577a6e809acfea,43f6836e33,fix C&P error,bugfix,Python,H. Vetinari,2023-12-18 17:01:42+11:00,17,0,0,0,1,1,1,0,1,45.0,0,clean,Python,2021-2023,1.0,,0.5,0.0,22.5,0
numpy/numpy,4be0c9b5db5b5bc7fe6e217e3a7fb4bf3283c6f2,4be0c9b5db,MAINT: Bump actions/setup-node from 3.8.1 to 4.0.1  Bumps [actions/setup-node](https://github.com/actions/setup-node) from 3.8.1 to 4.0.1. - [Release notes](https://github.com/actions/setup-node/relea,other,Unknown,dependabot[bot],2023-12-18 17:54:55+00:00,17,0,0,0,1,1,1,0,0,0.0,0,clean,Python,2021-2023,1.0,,0.5,0.0,0.0,0
numpy/numpy,5a0def220789c36762a725f71f4a35f77a6e2381,5a0def2207,MAINT: Bump larsoner/circleci-artifacts-redirector-action  Bumps [larsoner/circleci-artifacts-redirector-action](https://github.com/larsoner/circleci-artifacts-redirector-action) from 7e80b26b4c58b5d3,other,Unknown,dependabot[bot],2023-12-18 17:54:57+00:00,17,0,0,0,1,1,1,0,0,0.0,0,clean,Python,2021-2023,1.0,,0.5,0.0,0.0,0
scipy/scipy,a725b5ae891938492e34817cbb7f310e9346cd60,a725b5ae89,"BUG: fix negative overflow in stats.boxcox_normmax (#19691)  * MAINT: stats.boxcox_normmax: avoid negative overflow  Co-authored-by: Matt Haberland <mhaberla@calpoly.edu>",bugfix,Python,Xuefeng Xu,2023-12-18 18:08:55-08:00,18,0,0,0,25,11,2,1,3,5.33,1,keyword_strict,Python,2021-2023,0.4,,2.08,0.33,1.78,1
numpy/numpy,40c5a4129d8c1935d4e0866b164f9b34788c041a,40c5a4129d,"BUG: Fix two errors related to not checking for failed allocations  Tracking down issues in the 32bit debug run, it turned out to be a memory leak and the crashes were just memory errors that were not",bugfix,C,Sebastian Berg,2023-12-18 22:58:43+01:00,22,0,0,1,5,2,2,0,2,31.5,0,clean,Python,2021-2023,1.0,,1.67,0.0,10.5,0
scipy/scipy,0c583a4a2c109ed85dfc8aba242b6f099cb90f21,0c583a4a2c,DOC: spatial.distance: missing optional param markers [docs only],docs,Python,Lucas Colley,2023-12-19 00:17:33+00:00,0,1,0,1,2,2,1,0,2,5.0,0,clean,Python,2021-2023,1.0,,0.67,0.0,2.5,2
scipy/scipy,704bf8a256d66f903d59b64fca9804ff37bc5dc7,704bf8a256,"DOC: clarify ttest_1samp argument (#19711)  The original has ""Sample observation"" as the description of the first input argument, but this a) implies the value should be a scalar, and b) conflicts w",test,Python,Matthew Brett,2023-12-19 07:17:32-08:00,7,1,0,0,1,1,1,0,1,2.0,0,clean,Python,2021-2023,1.0,,0.5,0.0,1.0,0
numpy/numpy,00a6b963cda31c268fa9a7fa6330104958e7bf37,00a6b963cd,REVERT: revert python vecdot implementation,feature,Python,Marten van Kerkwijk,2023-12-19 10:42:16-05:00,10,1,0,0,9,114,3,1,9,1.89,0,clean,Python,2021-2023,1.0,,0.08,0.25,0.47,0
scipy/scipy,8b5f4681852bcb42cee431dc6a86a52373bd77ce,8b5f468185,remove obsolete warning filter,other,Python,H. Vetinari,2023-12-19 11:41:05+11:00,11,1,0,0,3,3,1,1,0,0.0,0,clean,Python,2021-2023,1.0,,0.75,0.5,0.0,0
scipy/scipy,99367eb56e0147265ef969cb40c31e42656269a1,99367eb56e,homogenize escaping for tol/atol/rtol in docstrings  as well as the format of the SciPy version for which we announce the change,docs,Python,H. Vetinari,2023-12-19 11:41:05+11:00,11,1,0,0,31,28,5,0,11,20.55,0,clean,Python,2021-2023,1.0,,1.07,0.0,3.42,0
numpy/numpy,da05724b7c42497f0117304cfbfd23a503f89040,da05724b7c,DOC: Improve ``beta`` example  [skip actions] [skip travis] [skip azp] [skip cirrus],docs,Unknown,linus-md,2023-12-19 11:53:30+01:00,11,1,0,0,8,6,1,0,0,0.0,0,clean,Python,2021-2023,1.0,,1.14,0.0,0.0,0
scipy/scipy,7b1dc9fef76c4b08bf7e3a3920a7611c4efe2703,7b1dc9fef7,"TST: fix issue with `test_scipy_version.py` and editable installs  This file was installed in a different submodule than it was defined, which led `pytest scipy` to choke on it during test discovery w",bugfix,Python,Ralf Gommers,2023-12-19 12:16:43+01:00,12,1,0,0,1,5,4,1,0,0.0,0,clean,Python,2021-2023,1.0,,0.17,0.2,0.0,0
scipy/scipy,307a3d24a4973a9fb43102c920547440e39dab13,307a3d24a4,"TST: add `norecursedirs` to pytest.ini, avoid picking up vendored tests  The ones in the highs git submodule were actually causing `pytest scipy` to error on discovery. The other added dirs don't cont",feature,Unknown,Ralf Gommers,2023-12-19 12:31:45+01:00,12,1,0,0,2,1,1,1,0,0.0,0,clean,Python,2021-2023,1.0,,1.0,0.5,0.0,0
scipy/scipy,2ddb28bad6c283f237861c1276eb9a564452e837,2ddb28bad6,"TST: fix discovery error of npz files under `special/tests/data`  With editable installs, these generated .npz files will live in a build directory. The only way to access them is through `importlib.r",bugfix,Python,Ralf Gommers,2023-12-19 13:38:11+01:00,13,1,0,0,20,7,3,1,0,0.0,0,clean,Python,2021-2023,1.0,,2.5,0.25,0.0,0
scipy/scipy,8bda22e036fa875009d0d309449e5427a0392d0b,8bda22e036,MAINT: make import of `array_api_compat` nicer,other,Unknown,lucascolley,2023-12-19 15:56:49+00:00,15,1,0,0,47,23,1,0,0,0.0,0,clean,Python,2021-2023,1.0,,1.96,0.0,0.0,0
scipy/scipy,ace4ac47d1d4d46557e780f576a3b052a1ace632,ace4ac47d1,MAINT: use nicer `array_api_compat` import,other,Python,lucascolley,2023-12-19 15:56:55+00:00,15,1,0,0,25,28,4,2,9,4.11,0,clean,Python,2021-2023,1.0,,0.86,0.4,0.82,0
scipy/scipy,09401057668f2fae6916373b9751ea131f86916d,0940105766,"BLD: require Cython >=3.0.4, drop 0.29.X support  This will make maintenance a bit easier, and it's time; NumPy dropped Cython 0.29.X support months ago and this has gone fine.  This also fixes an ann",bugfix,Unknown,Ralf Gommers,2023-12-19 23:52:23+01:00,23,1,0,1,7,7,4,0,0,0.0,0,clean,Python,2021-2023,1.0,,0.88,0.0,0.0,0
mwaskom/seaborn,bd784ca5cfb144610626f9c3ada2c7565fbee7dd,bd784ca5cf,Fix typo in docs,bugfix,Unknown,Michael Waskom,2023-12-20 07:56:31-05:00,7,2,0,0,1,1,1,0,0,0.0,0,clean,Python,2021-2023,1.0,,0.5,0.0,0.0,5
numpy/numpy,86b39ab8a92bb741abf3e3d32a5708cef1da692b,86b39ab8a9,"API,BUG,DEP: treat trailing comma as a tuple and thus a structured dtype.  Previously, `np.dtype(""i"")` and `np.dtype(""i,"")` were treated as identical, even though `np.dtype(""i,i"")` creates a structure",bugfix,Python,Marten van Kerkwijk,2023-12-20 10:04:55-05:00,10,2,0,0,101,49,11,8,21,3.67,0,clean,Python,2021-2023,1.0,,2.02,0.67,0.31,0
numpy/numpy,2d91a3014ad3eaa7b3eaeff85efd48d7bb73fdcb,2d91a3014a,DOC: Add numpy.lib docs page,feature,Python,Mateusz Sokół,2023-12-20 12:44:46+01:00,12,2,0,0,57,31,15,0,0,0.0,0,clean,Python,2021-2023,1.0,,1.78,0.0,0.0,0
scipy/scipy,5867a4caddfba17f3cee4596f8298f7941d6171b,5867a4cadd,"ENH, MAINT: voronoi_plot_2d nicer inf lines  * Fixes #19653  * we currently set the plotted length of infinitely-long Voronoi edges as a function of the largest x-or-y Voronoi generator range; in case",bugfix,Python,Tyler Reddy,2023-12-20 15:15:33-07:00,15,2,0,0,31,14,2,1,5,2.2,1,keyword_strict,Python,2021-2023,0.4,,2.07,0.33,0.73,3
scipy/scipy,b3ba73a1526441824935e0c3d424415892bec84a,b3ba73a152,"DOC: update release version procedure (#19722)  * we now need to adjust `version` in `pyproject.toml` in the release process, so update the release docs accordingly  * if you don't do this, the `s",refactor,Unknown,Tyler Reddy,2023-12-20 17:29:18+00:00,17,2,0,0,3,2,1,0,0,0.0,0,clean,Python,2021-2023,1.0,,1.0,0.0,0.0,4
scipy/scipy,e86ebaf2d4b88dce2d9137c4632e4f5497e42af1,e86ebaf2d4,DOC: add rationale for 88 char line length (#19721),feature,Unknown,Lucas Colley,2023-12-20 17:38:26+01:00,17,2,0,0,7,0,1,0,0,0.0,0,clean,Python,2021-2023,1.0,,7.0,0.0,0.0,2
numpy/numpy,1b35a60a362bb2549d8c313c037086ae46795cf7,1b35a60a36,DOC: Add whitespace,feature,Unknown,Linus Sommer,2023-12-20 18:22:18+01:00,18,2,0,0,1,0,1,0,0,0.0,0,clean,Python,2021-2023,1.0,,1.0,0.0,0.0,0
mwaskom/seaborn,b49e595360ae8c065410691f9f507b7464157ad5,b49e595360,"Bump actions/setup-python from 4.7.1 to 5.0.0 (#3590)  Bumps [actions/setup-python](https://github.com/actions/setup-python) from 4.7.1 to 5.0.0. - [Release notes](https://github.com/actions/setup-py",other,Unknown,dependabot[bot],2023-12-20 20:12:12-05:00,20,2,0,0,3,3,1,0,0,0.0,0,clean,Python,2021-2023,1.0,,0.75,0.0,0.0,0
numpy/numpy,d815ef3431fc6d41f71c407b1dcba39cd16383ac,d815ef3431,DEV: add `ninja` to `test_requirements.txt` and clean up related comment,feature,Unknown,Ralf Gommers,2023-12-20 21:20:38+01:00,21,2,0,0,4,7,5,1,0,0.0,0,clean,Python,2021-2023,1.0,,0.5,0.17,0.0,0
numpy/numpy,1d01aae55ccbf2685d9b2bae31faf447e4773473,1d01aae55c,"BLD: remove `-fno-strict-aliasing`, `--strip-debug` from cibuildwheel config  It's already included in the top-level `meson.build` file, which is more correct. See gh-25004 for where `-fno-strict-alia",bugfix,Unknown,Ralf Gommers,2023-12-20 21:40:38+01:00,21,2,0,0,2,3,1,0,0,0.0,0,clean,Python,2021-2023,1.0,,0.5,0.0,0.0,0
numpy/numpy,ce0ea9d663404657b12c2806bcf47e1870e61daa,ce0ea9d663,"CI: show meson-log.txt in Cirrus wheel builds [wheel build]  To do this, we need to be able to locate the log file in a fixed location, hence the need to add `build-dir=build` to the flags passed to m",bugfix,Unknown,Ralf Gommers,2023-12-20 22:10:38+01:00,22,2,0,1,4,2,2,0,0,0.0,0,clean,Python,2021-2023,1.0,,1.33,0.0,0.0,0
scipy/scipy,f5265e529c088f9affbeb7d9698dbcb48821c58f,f5265e529c,"DEP: execute deprecation of non-integer arrays in factorial(..., exact=True)",other,Python,H. Vetinari,2023-12-21 00:06:42+11:00,0,3,0,1,9,33,2,1,4,8.75,0,clean,Python,2021-2023,1.0,,0.26,0.33,2.92,0
scipy/scipy,18bb04b95df98d5264bd3e522b8adde916f17e05,18bb04b95d,"DEP: also deprecated non-integer scalars for factorial(..., exact=True)",other,Python,H. Vetinari,2023-12-21 00:07:42+11:00,0,3,0,1,18,8,2,1,5,6.2,0,clean,Python,2021-2023,1.0,,2.0,0.33,2.07,0
scipy/scipy,e72de0714f0ad6e9b93c9107be84ee68ef70a5db,e72de0714f,"DEP: signal: remove scipy.signal.{lsim2,impulse2,step2} (#19675)  * DEP: signal: remove scipy.signal.{lsim2,impulse2,step2}",other,Python,Jake Bowhay,2023-12-21 03:57:26+01:00,3,3,0,1,42,560,7,1,26,1.81,0,clean,Python,2021-2023,1.0,,0.07,0.12,0.23,1
numpy/numpy,3f0461ee78f2c331afacb959c59320302543e438,3f0461ee78,"resolve conversations, mainly by removing controversial topics",other,Unknown,Matti Picus,2023-12-21 08:02:47+02:00,8,3,0,0,10,22,1,0,0,0.0,0,clean,Python,2021-2023,1.0,,0.43,0.0,0.0,0
numpy/numpy,20d4941bff634fd9f4e05573b79d70bb90018139,20d4941bff,remove meson considerations from the NEP [skip actions] [skip travis] [skip azp] [skip cirrus],other,Unknown,Matti Picus,2023-12-21 08:15:52+02:00,8,3,0,0,13,95,1,0,0,0.0,0,clean,Python,2021-2023,1.0,,0.14,0.0,0.0,0
numpy/numpy,dfe7fd611459d9d755851af062ad61085d91f9ae,dfe7fd6114,API: Adjust linalg.pinv and linalg.cholesky to Array API,other,Python,Mateusz Sokół,2023-12-21 10:54:13+01:00,10,3,0,0,93,33,5,1,9,2.0,0,clean,Python,2021-2023,1.0,,2.74,0.17,0.33,0
numpy/numpy,843a5e39fb0d79cd1badc27f29002227d47a3433,843a5e39fb,ENH: Define a vecdot gufunc  Also use it in the tests instead of the old inner1d from the test umath functions.,test,Python,Marten van Kerkwijk,2023-12-21 12:41:31-05:00,12,3,0,0,406,102,10,1,19,1.32,0,clean,Python,2021-2023,1.0,,3.94,0.09,0.12,0
numpy/numpy,5a93cfe29f68f7edf26f4b5001474ae775da79d9,5a93cfe29f,"TST: remove `TestNewBufferProtocol.test_error_too_many_dims`  This is failing in the tests for PyPy 3.9 wheel builds, which is blocking the production of nightlies. The test doesn't really do what it ",feature,Python,Ralf Gommers,2023-12-21 16:21:57+01:00,16,3,0,0,0,27,1,1,2,3.0,0,clean,Python,2021-2023,1.0,,0.0,0.5,1.5,0
numpy/numpy,a8e1a278997716f78d10c172bdb22bdde3086a23,a8e1a27899,TST: fix issue with dtype conversion in `test_avx_based_ufunc`  This avoids a deprecation and solves CI log pollution like:  ``` ...    _core/tests/test_umath.py::TestAVXUfuncs::test_avx_based_ufunc  ,bugfix,Python,Ralf Gommers,2023-12-21 16:38:13+01:00,16,3,0,0,12,10,1,1,1,6.0,0,clean,Python,2021-2023,1.0,,1.09,0.5,3.0,0
numpy/numpy,c6bcaaaf75ff5996646eba839249335286b09b79,c6bcaaaf75,BLD: modify macos wheel build to use accelerate [wheel build]  [skip actions] [skip circle] [skip azp],other,Unknown,Andrew Nelson,2023-12-21 16:54:05+01:00,16,3,0,0,53,31,3,0,0,0.0,0,clean,Python,2021-2023,1.0,,1.66,0.0,0.0,0
numpy/numpy,d89f1768a81a21c8d12df1745e37f3677d1aceb8,d89f1768a8,TYP: Explicitly re-export `np.lib.array_utils`  xref #24540,other,Unknown,Bas van Beek,2023-12-21 17:30:37+01:00,17,3,0,0,1,1,1,0,0,0.0,0,clean,Python,2021-2023,1.0,,0.5,0.0,0.0,0
scipy/scipy,bd91a7e0df8d27bd4741845cc29910b00ba84451,bd91a7e0df,MAINT: bs4 deprecation shim  * deals with the following deprecation warnings I've been seeing during the release process for a long time now:  ``` /home/treddy/github_projects/scipy/tools/download-whe,other,Python,Tyler Reddy,2023-12-21 17:36:04-07:00,17,3,0,0,1,1,1,0,1,1.0,0,clean,Python,2021-2023,1.0,,0.5,0.0,0.5,4
scipy/scipy,217748476403a1e5726a921cedb674e7ffbc952e,2177484764,"MNT: use int instead of long in cython code (#19725)  https://github.com/cython/cython/pull/5830 / d7e95912b6ed7d20e190fbf1aecb9f2a997d479 in cython removed long as a valid type in favor of int.",other,Unknown,Thomas A Caswell,2023-12-21 19:20:52+00:00,19,3,0,0,2,2,1,0,0,0.0,0,clean,Python,2021-2023,1.0,,0.67,0.0,0.0,0
numpy/numpy,f2effd0bf6574807f9d5e174fd5765de560b1840,f2effd0bf6,"TYP,CI: bump mypy from 1.5.1 to 1.8.0",other,Unknown,Bas van Beek,2023-12-21 19:44:52+01:00,19,3,0,0,2,2,2,1,0,0.0,0,clean,Python,2021-2023,1.0,,0.67,0.33,0.0,0
numpy/numpy,0c8b8f3f2e5e86e84cb157ad48d5e4d2e3440632,0c8b8f3f2e,MAINT: Remove a now-redundant warning ignore related to mypy,other,Unknown,Bas van Beek,2023-12-21 19:45:30+01:00,19,3,0,0,0,2,1,1,0,0.0,0,clean,Python,2021-2023,1.0,,0.0,0.5,0.0,0
numpy/numpy,d9dd4b53a343a170e64321a946b9b86dd653e025,d9dd4b53a3,CI: Bump the ubuntu-latest python version from 3.10 to 3.12 for the mypy jobs,test,Unknown,Bas van Beek,2023-12-21 19:46:15+01:00,19,3,0,0,1,1,1,0,0,0.0,0,clean,Python,2021-2023,1.0,,0.5,0.0,0.0,0
numpy/numpy,fad52fcadb5a97f8c70780271d5817356c9df35f,fad52fcadb,TYP: Add `np.version` stubs,feature,Unknown,Bas van Beek,2023-12-21 19:49:34+01:00,19,3,0,0,9,1,2,0,0,0.0,0,clean,Python,2021-2023,1.0,,4.5,0.0,0.0,0
numpy/numpy,4d0fdb1c514801f35a50481e34991df4ae698b78,4d0fdb1c51,TYP: Allow the `err_msg` parameter `np.testing` functions to take arbitrary objects  Xref #24877,test,Unknown,Bas van Beek,2023-12-21 19:49:35+01:00,19,3,0,0,11,11,1,0,0,0.0,0,clean,Python,2021-2023,1.0,,0.92,0.0,0.0,0
numpy/numpy,0c259b5bef321a2418b49c23dadd2278a73588f1,0c259b5bef,TYP: Remove remnants of functions deprecated in #24376  Xref #24376,other,Unknown,Bas van Beek,2023-12-21 19:49:35+01:00,19,3,0,0,2,111,5,0,0,0.0,0,clean,Python,2021-2023,1.0,,0.02,0.0,0.0,0
numpy/numpy,97623ced647fc05766ac2cde4360213fa5fa2ed8,97623ced64,"TYP: Remove `trapz`, `in1d` and `row_stack` leftovers  xref #24445",other,Unknown,Bas van Beek,2023-12-21 19:49:35+01:00,19,3,0,0,0,20,4,0,0,0.0,0,clean,Python,2021-2023,1.0,,0.0,0.0,0.0,0
numpy/numpy,166c706c282b70acdbd7f74b43ce95fd09abc494,166c706c28,TYP: Make the `x`/`y` arguments of `assert_array_equal()` and `assert_array_almost_equal()` positional only  xref #24978,other,Unknown,Bas van Beek,2023-12-21 19:49:36+01:00,19,3,0,0,2,0,1,0,0,0.0,0,clean,Python,2021-2023,1.0,,2.0,0.0,0.0,0
numpy/numpy,6a5187ee74f91d189d3da5131d0a0b512802a532,6a5187ee74,TYP: Allow the `rtol` and `atol` parameters of `isclose()` and `allclose()` to take array-likes  xref #248978,other,Unknown,Bas van Beek,2023-12-21 19:49:36+01:00,19,3,0,0,6,6,1,0,0,0.0,0,clean,Python,2021-2023,1.0,,0.86,0.0,0.0,0
numpy/numpy,ade8da875ce562bdf1f2615687e12fd100267999,ade8da875c,TYP: Ensure that `astype` only allows ndarrays and not arbitrary array-likes  xref #25079,other,Unknown,Bas van Beek,2023-12-21 19:49:36+01:00,19,3,0,0,2,2,1,0,0,0.0,0,clean,Python,2021-2023,1.0,,0.67,0.0,0.0,0
scipy/scipy,1c38ce56f2af760459bfa27ce53ca53764d2ea5d,1c38ce56f2,"ENH: add the modified Akima method to `interpolate.Akima1DInterpolator` (#19696)  * ENH: add `modified` arg to `interpolate.Akima1DInterpolator`  * TST: add TestAkima1DInterpolator.test_eval_mod  ",feature,Python,Takumasa N,2023-12-21 19:52:42+00:00,19,3,0,0,103,8,2,1,4,1.5,0,clean,Python,2021-2023,1.0,,11.44,0.33,0.5,0
numpy/numpy,eec0f125b3567a54811b1b6c5580c3d5b40155f5,eec0f125b3,"TYP,CI: Downgrade to mypy 1.7.1 as conda-forge does not have 1.8.0 available yet",other,Unknown,Bas van Beek,2023-12-21 19:53:06+01:00,19,3,0,0,2,2,2,1,0,0.0,0,clean,Python,2021-2023,1.0,,0.67,0.33,0.0,0
numpy/numpy,43313df86bd896e924fb133fccc8babb3c958ad6,43313df86b,MAINT: make the import-time check for old Accelerate more specific  This avoids triggering a hard import error on any warning; something that may be due to other reasons than using old Accelerate (e.g,other,Python,Ralf Gommers,2023-12-21 22:07:53+01:00,22,3,0,1,15,10,1,0,0,0.0,0,clean,Python,2021-2023,1.0,,1.36,0.0,0.0,0
numpy/numpy,fcddf229ebe8de096a65598375224467abe6d3b9,fcddf229eb,DOC: Fix names of subroutine calls.,bugfix,Unknown,Johannes Kaisinger,2023-12-22 00:03:31+01:00,0,4,0,1,2,2,1,1,0,0.0,0,clean,Python,2021-2023,1.0,,0.67,0.5,0.0,0
numpy/numpy,05dd840f22f73ce9c19859f36e8fd000e8c1b933,05dd840f22,"TYP,MAINT: Change more overloads to play nice with pyright",other,Unknown,Takumasa N.,2023-12-22 07:31:55+00:00,7,4,0,0,82,0,1,0,0,0.0,0,clean,Python,2021-2023,1.0,,82.0,0.0,0.0,0
scipy/scipy,9975ae1069aa0572e9aadef4ae948fd20bd30347,9975ae1069,ENH: stats.mood: add nan_policy / keepdims support (#19731)  * ENH: stats.mood: add axis tuple / nan_policy / keepdims support,feature,Python,Matt Haberland,2023-12-22 10:02:38-07:00,10,4,0,0,11,5,2,1,2,7.0,0,clean,Python,2021-2023,1.0,,1.83,0.33,2.33,3
numpy/numpy,bd24ee04c0294a2dfc804f512e8a22fe190ed6ed,bd24ee04c0,"BUG: fix macOS version checks for Accelerate support  This fixes the build for macOS 10.5/10.6, which is still relevant for MacPorts. It also makes version comparisons more robust, so that things won'",bugfix,Unknown,Ralf Gommers,2023-12-22 11:04:53+01:00,11,4,0,0,1,1,1,0,0,0.0,0,clean,Python,2021-2023,1.0,,0.5,0.0,0.0,0
numpy/numpy,274421049719c97f414ce81dbf57b2567e9dc6b1,2744210497,BLD: optimize BLAS and LAPACK search order  Avoids searching for libraries that cannot be installed for a given OS or CPU architecture. The introduction of 'auto' as the default also makes it easier t,feature,Unknown,Ralf Gommers,2023-12-22 11:53:19+01:00,11,4,0,0,30,6,2,0,0,0.0,0,clean,Python,2021-2023,1.0,,4.29,0.0,0.0,0
numpy/numpy,da1a0b5c6ef4899e9efabac767072e0e0e093284,da1a0b5c6e,"CI: fix the Accelerate ILP64 build step, so -Duse-ilp64=true is honored  `git clean xdf` is pragmatic, reconfiguring is a bit more fragile and almost all targets need to be rebuilt anyway.",bugfix,Unknown,Ralf Gommers,2023-12-22 12:08:16+01:00,12,4,0,0,2,1,1,0,0,0.0,0,clean,Python,2021-2023,1.0,,1.0,0.0,0.0,0
numpy/numpy,6363c07dcd439e3bcbee60ad8c6e7ec57ebed711,6363c07dcd,DOC: Improve plot  [skip actions] [skip azp] [skip cirrus] [skip travis],docs,Unknown,linus-md,2023-12-22 12:54:45+01:00,12,4,0,0,1,1,1,0,0,0.0,0,clean,Python,2021-2023,1.0,,0.5,0.0,0.0,0
numpy/numpy,96000c108430da733969b404f7e63551911853a3,96000c1084,"Downgrade Highway to latest released version [wheel build]  We had to pull in some git commits after the initial Highway merge, but it makes way more sense to use their well tested versions :smile_cat",bugfix,Unknown,Chris Sidebottom,2023-12-22 13:23:19+00:00,13,4,0,0,1,1,1,0,0,0.0,0,clean,Python,2021-2023,1.0,,0.5,0.0,0.0,0
scipy/scipy,12fca6bd08a1dfd15a50c174c58df8b155327299,12fca6bd08,TST: remove an obsolete DeprecationWarning filter,other,Python,H. Vetinari,2023-12-22 14:40:58+11:00,14,4,0,0,4,6,1,1,1,14.0,0,clean,Python,2021-2023,1.0,,0.57,0.5,7.0,0
scipy/scipy,0f2a49fab3182c422f5472d9d15eff3d089ccd43,0f2a49fab3,"MAINT: enhance the configuration for the `pull-request-labeler` workflow (#19728)  * MAINT, ENH: move labeler permissions to the level of the job   See #19088. These permissions are moved from the l",other,Unknown,Agriya Khetarpal,2023-12-22 14:44:33+00:00,14,4,0,0,7,6,1,0,0,0.0,0,clean,Python,2021-2023,1.0,,1.0,0.0,0.0,0
numpy/numpy,e6422e3ab21730558d7d9aaee19e52f1fcd6358d,e6422e3ab2,"BLD: fix uninitialized variable warnings from simd/neon/memory.h  The warning was this, repeated many times: ``` In file included from ../numpy/_core/src/common/simd/neon/neon.h:76: ../numpy/_core/src",bugfix,Unknown,Ralf Gommers,2023-12-22 15:52:14+01:00,15,4,0,0,1,1,1,0,1,1.0,0,clean,Python,2021-2023,1.0,,0.5,0.0,0.5,0
numpy/numpy,530c7457dd54e00483dbbe8ac98d2c8e522b63c8,530c7457dd,DOC: fix typo `v_stack` in 2.0 migration guide,bugfix,Unknown,SigureMo,2023-12-22 16:07:26+08:00,16,4,0,0,1,1,1,0,0,0.0,0,clean,Python,2021-2023,1.0,,0.5,0.0,0.0,0
scipy/scipy,ccee92ebe3c215319e77893bfdb33ec4593c09ff,ccee92ebe3,"ENH: sparse: Generalize coo_array to support 1d shapes (#18530)  * Squashed changes  * fix misc test and mypy errors  * Minor tweaks on top of Dan's PR  * manually unravel to avoid 32bit overflo",bugfix,Python,CJ Carey,2023-12-22 16:18:11-08:00,16,4,0,0,612,190,10,4,67,4.46,1,keyword_strict,Python,2021-2023,0.4,,3.2,0.36,0.41,0
numpy/numpy,242d7c54cec0ce5e6d724967f18f488ecfc428e6,242d7c54ce,TST: skip failing `np.log(max_of_longdouble)` test on aarch64  xref gh-25460,test,Python,Ralf Gommers,2023-12-22 16:28:14+01:00,16,4,0,0,10,1,1,1,2,3.0,0,clean,Python,2021-2023,1.0,,5.0,0.5,1.5,0
numpy/numpy,646466b7a543c7a12bff02c1895d4485c669f9df,646466b7a5,TST: skip failing trig test for clongdouble on non x86-64 platforms [wheel build]  xref gh-17554,test,Python,Ralf Gommers,2023-12-22 16:43:05+01:00,16,4,0,0,3,0,1,1,1,10.0,0,clean,Python,2021-2023,1.0,,3.0,0.5,5.0,0
numpy/numpy,189da15a73df4adcec9067d4777b3d15fdc9f5df,189da15a73,ENH: Add np.strings namespace,feature,Python,Lysandros Nikolaou,2023-12-22 16:57:42+01:00,16,4,0,0,449,18,13,1,3,2.0,0,clean,Python,2021-2023,1.0,,23.63,0.07,0.14,0
scipy/scipy,a6d0d659ccabd7a61947261b824c725d63f26be4,a6d0d659cc,BLD: require `pythran>=0.14.0` [skip circle],other,Unknown,lucascolley,2023-12-22 17:27:15+00:00,17,4,0,0,3,0,1,0,0,0.0,0,clean,Python,2021-2023,1.0,,3.0,0.0,0.0,0
mwaskom/seaborn,5051ede2ee9715f41fbbf04323b900eb74ced41c,5051ede2ee,"Crosslink to aesthetics tutorial from set_context/plotting_context (#3599)  * Crosslink to aesthetics tutorial from set_context/plotting_context  * Rephrasing",other,Python,Michael Waskom,2023-12-22 17:36:12-05:00,17,4,0,0,5,6,1,0,2,5.5,0,clean,Python,2021-2023,1.0,,0.71,0.0,2.75,5
numpy/numpy,61f5160f6af240a10f679227682bea7843c5bbd8,61f5160f6a,"BLD: undo change to attempt to show meson-log.txt  This was failing in the aarch64 linux wheel builds, where that wasn't noticed before. They will pass now once this is removed.  Reverts a part of com",other,Unknown,Ralf Gommers,2023-12-22 18:11:24+01:00,18,4,0,0,0,2,1,0,0,0.0,0,clean,Python,2021-2023,1.0,,0.0,0.0,0.0,0
scipy/scipy,457e0f5c6c06a84b7e62396c4e785f1a4f165511,457e0f5c6c,CI: undo `pythran` pin in linux_meson 3.12-dev,other,Unknown,lucascolley,2023-12-22 18:35:00+00:00,18,4,0,0,1,1,1,0,0,0.0,0,clean,Python,2021-2023,1.0,,0.5,0.0,0.0,0
scipy/scipy,5d92dcf4aec5fab409898adce25a57cdfd82275d,5d92dcf4ae,Add min-max 1d support with 1d tests,feature,Python,Dan Schult,2023-12-22 20:52:38-05:00,20,4,0,0,93,8,3,1,7,4.57,0,clean,Python,2021-2023,1.0,,10.33,0.25,1.14,1
numpy/numpy,c06fb9fc3d3f2c50e22909ccb962046ddde845a8,c06fb9fc3d,Fix failing tests after np.strings addition,bugfix,Python,Lysandros Nikolaou,2023-12-22 22:26:39+01:00,22,4,0,1,30,8,4,1,3,17.0,0,clean,Python,2021-2023,1.0,,3.33,0.2,3.4,0
scipy/scipy,6dffb74b7c26c3434445646933e847bd17b8f3f4,6dffb74b7c,ENH: stats.mannwhitneyu: avoid redundant calculation and unnecessary cache growth,other,Python,Matt Haberland,2023-12-22 23:38:27-05:00,23,4,0,1,14,1,2,1,2,3.5,0,clean,Python,2021-2023,1.0,,7.0,0.33,1.17,3
scipy/scipy,6bae45d6f9a76ae42e07f3b0668bf6422ab4f4d3,6bae45d6f9,ENH: stats.mannwhitneyu: exploit symmetry of null distribution,other,Python,Matt Haberland,2023-12-23 01:19:59-05:00,1,5,1,1,35,7,2,1,4,2.25,0,clean,Python,2021-2023,1.0,,4.38,0.33,0.75,3
scipy/scipy,9f9f7110aa37eba00ab59d746ffdd073b9156e75,9f9f7110aa,ENH: stats.mannwhitneyu: add support for PermutationMethod,feature,Python,Matt Haberland,2023-12-23 01:49:44-05:00,1,5,1,1,36,6,2,1,4,4.5,0,clean,Python,2021-2023,1.0,,5.14,0.33,1.5,3
mwaskom/seaborn,cfa74b4c1ab0e17b074c21604073d3152a4a0018,cfa74b4c1a,"Add a missing raise in kdeplot and slightly improve lmplot signature (#3602)  I noticed these while working on the stubs at typeshed. They felt small enough to include in a single PR.  1. There is ",feature,Python,Ali Hamdan,2023-12-23 08:10:45-05:00,8,5,1,0,6,2,3,1,4,9.25,0,clean,Python,2021-2023,1.0,,2.0,0.25,2.31,0
scipy/scipy,f187aa25bbdd7023e9cdedb6c5da7f789742dcf8,f187aa25bb,CI: fix PR labeler config file (#19742),bugfix,Unknown,Lucas Colley,2023-12-23 09:41:58+00:00,9,5,1,0,98,39,1,0,0,0.0,1,keyword_strict,Python,2021-2023,0.4,,2.45,0.0,0.0,2
scipy/scipy,c06dc2a6075e9d237bab55be44a3f1dccb91e223,c06dc2a607,ENH: stats.mannwhitneyu: speed up statistic computation,other,Python,Matt Haberland,2023-12-23 13:53:47-05:00,13,5,1,0,20,10,1,0,3,1.33,0,clean,Python,2021-2023,1.0,,1.82,0.0,0.66,3
scipy/scipy,d29977a8c5c9a1f6085d25fdd5fea50f54ceb59f,d29977a8c5,"TST: fortranfiles fix (#19745)  * Fixes #19737  * the deprecation is obviously coming from https://github.com/numpy/numpy/pull/25434; I picked one of the alternatives Marten suggested there and it ",bugfix,Python,Tyler Reddy,2023-12-23 15:12:46+00:00,15,5,1,0,1,1,1,1,1,1.0,1,keyword_strict,Python,2021-2023,0.4,,0.5,0.5,0.5,4
scipy/scipy,7ff50ff840d78097066a0bf65400a650df7364ed,7ff50ff840,BUG: Make FMM classes `py::module_local`,bugfix,C++,Adam Lugowski,2023-12-23 18:45:40-08:00,18,5,1,0,3,3,1,0,1,1.0,0,clean,Python,2021-2023,1.0,,0.75,0.0,0.5,0
scipy/scipy,ab04993f9b0b33d2d98b1e83293001e55b1d3220,ab04993f9b,ENH: stats.mannwhitneyu: vectorize statistic calculations,other,Python,Matt Haberland,2023-12-23 20:08:23-05:00,20,5,1,0,36,36,1,0,8,2.62,0,clean,Python,2021-2023,1.0,,0.97,0.0,1.31,3
numpy/numpy,5d709061abb5e1864ebbce299a4a63a38258b8ae,5d709061ab,"update Highway support for Z14, Z15 [skp actions][skip travis][skip azp][skip cirrus]",other,Unknown,mattip,2023-12-23 21:36:49+02:00,21,5,1,0,1,1,1,0,0,0.0,0,clean,Python,2021-2023,1.0,,0.5,0.0,0.0,0
scipy/scipy,3983e83028b3976514a2ca4ab66899333c3d8b93,3983e83028,"TST: skip RGI(..., method=""pchip"" for complex values) (#19748)  PchipInterpolator is nonlinear in data, hence does not guarantee that pchip(x, y) == pchip(x, y.real) + 1j*pchip(x, y.imag)  The test",test,Python,Evgeni Burovski,2023-12-23 21:54:40+00:00,21,5,1,0,3,0,1,1,1,2.0,0,clean,Python,2021-2023,1.0,,3.0,0.5,1.0,0
scipy/scipy,bcb7583d7cb20c9fd1110c00a0d9feefe022cb36,bcb7583d7c,MAINT: stats.mannwhitneyu: minor adjustments,other,Python,Matt Haberland,2023-12-24 00:33:07-05:00,0,6,1,1,3,3,2,1,2,2.0,0,clean,Python,2021-2023,1.0,,0.75,0.33,0.67,3
scipy/scipy,5e51fa5df43f10b727369fd60e36afe5e6f78280,5e51fa5df4,STY: stats.mannwhitneyu: light refactor,refactor,Python,Matt Haberland,2023-12-24 00:46:10-05:00,0,6,1,1,16,14,1,0,1,1.0,0,clean,Python,2021-2023,1.0,,1.07,0.0,0.5,3
numpy/numpy,7848a0c70a523bf35053838dcd7cfce73e1c9675,7848a0c70a,BUG: handle scalar input in np.char.replace,bugfix,Python,Nathan Goldbaum,2023-12-24 05:58:13-07:00,5,6,1,1,5,4,1,0,1,2.0,0,clean,Python,2021-2023,1.0,,1.0,0.0,1.0,0
scipy/scipy,1af49500820d1d05c8346b7cb2ec16d9efdd1090,1af4950082,"TST, MAINT: PR 19723 revisions  * apply reviewer-suggested formatting changes  * add another regression test, for reasonable behavior with a less extreme aspect ratio  [skip cirrus]",feature,Python,Tyler Reddy,2023-12-24 11:32:36-07:00,11,6,1,0,30,9,1,1,2,1.0,0,clean,Python,2021-2023,1.0,,3.0,0.5,0.5,5
numpy/numpy,284a2f09bf304ea6a98cc1ad2f3dfc4c203b3c93,284a2f09bf,"DOC: Add example for ``np.random.default_rng().geometric()`` (#25357)  * DOC: Add example for ``rng.geometric()``  [skip actions] [skip travis] [skip azp] [skip cirrus]  * DOC: Improve plot  ",feature,Unknown,Linus Sommer,2023-12-24 20:01:34+02:00,20,6,1,0,21,6,1,0,0,0.0,0,clean,Python,2021-2023,1.0,,3.0,0.0,0.0,0
numpy/numpy,541ad6d92d91d7c287bfeb3bdfb913aa32ec41f6,541ad6d92d,NEP: review from rgommers [skp actions][skip travis][skip azp][skip cirrus],other,Unknown,mattip,2023-12-24 20:05:01+02:00,20,6,1,0,4,3,1,0,0,0.0,0,clean,Python,2021-2023,1.0,,1.0,0.0,0.0,0
mwaskom/seaborn,9a0842d3a8449bc4d034792789495bd16a0f1615,9a0842d3a8,"Change how pandoc gets installed in CI (#3604)  * Change how pandoc gets installed in CI  * Set env var to silence warning",docs,Unknown,Michael Waskom,2023-12-25 09:19:00-05:00,9,0,0,0,3,1,1,0,0,0.0,0,clean,Python,2021-2023,1.0,,1.5,0.0,0.0,5
scipy/scipy,42fdb0ec4a298d108819004298821fabb8021945,42fdb0ec4a,CI: add labeler based on issue/PR titles (#19746),feature,Unknown,Lucas Colley,2023-12-25 10:13:39+00:00,10,0,0,0,74,2,4,0,0,0.0,0,clean,Python,2021-2023,1.0,,24.67,0.0,0.0,3
numpy/numpy,003149a33a8e96f3fd1e2e53121fe4ec53c2b127,003149a33a,two arguement added,feature,Unknown,Dhruv Rawat,2023-12-25 12:18:13+05:30,12,0,0,0,8,1,1,0,0,0.0,0,clean,Python,2021-2023,1.0,,4.0,0.0,0.0,0
scipy/scipy,d29975e72d2b161706b799e202ea66fe1c5989fc,d29975e72d,MAINT: ignore backend import errors when not in array API mode [skip circle],other,Python,lucascolley,2023-12-25 12:58:03+00:00,12,0,0,0,22,3,1,1,2,4.5,0,clean,Python,2021-2023,1.0,,5.5,0.5,2.25,0
scipy/scipy,b391a93997b4d79b8ce932afd5ec9cec24d5ef0e,b391a93997,MAINT: correct inaccurate comment (#19758),other,Python,Lucas Colley,2023-12-26 09:19:33+00:00,9,1,0,0,2,2,1,1,0,0.0,0,clean,Python,2021-2023,1.0,,0.67,0.5,0.0,3
scipy/scipy,120fa26315347d95526e6d4318df1c00b7969846,120fa26315,remove extraneous comments,other,Python,Dan Schult,2023-12-26 10:45:42-05:00,10,1,0,0,2,2,1,1,0,0.0,0,clean,Python,2021-2023,1.0,,0.67,0.5,0.0,1
scipy/scipy,ec98497595cd7eb39069ba5ab9117d306fe89579,ec98497595,MAINT: interpolate: remove dead code (#19760),other,C,Evgeni Burovski,2023-12-26 11:54:21+00:00,11,1,0,0,0,6,1,0,0,0.0,0,clean,Python,2021-2023,1.0,,0.0,0.0,0.0,0
scipy/scipy,1866fedb93acede914edc39255a1e889e12112f8,1866fedb93,update ValueError msgs and tests,test,Python,Dan Schult,2023-12-26 13:43:27-05:00,13,1,0,0,11,8,2,1,4,6.25,0,clean,Python,2021-2023,1.0,,1.22,0.33,2.08,1
numpy/numpy,f0720dec5aa9cbb994d17e85353f4005eae5d278,f0720dec5a,DOC: Update a few interpreted text to verbatim/code.  Single backticks are meant to reference another object and sphinx/docutils is trying to fond those.  In the current sphinx theme those are rendere,docs,Python,Matthias Bussonnier,2023-12-26 20:29:10+01:00,20,1,0,0,14,14,5,0,5,10.0,0,clean,Python,2021-2023,1.0,,0.93,0.0,1.67,2
scipy/scipy,9268664d1552eb8aec2f40e8e0e05a9bd980480e,9268664d15,MAINT: SuperLU upstream fix for compile warnings,bugfix,C,Adam Lugowski,2023-12-26 21:17:31-08:00,21,1,0,0,4,24,4,0,4,17.0,0,clean,Python,2021-2023,1.0,,0.16,0.0,3.4,0
numpy/numpy,61518e2d4debce1f80097f6ec29e7edf87c868a2,61518e2d4d,DOC: add pickleshare to doc dependencies [skip actions][skip azp][skip cirrus],feature,Unknown,mattip,2023-12-27 06:41:35+02:00,6,2,0,0,4,1,1,0,0,0.0,0,clean,Python,2021-2023,1.0,,2.0,0.0,0.0,0
mwaskom/seaborn,1617be03dc8f6c2977dbb31714e3ea9029ea3c9a,1617be03dc,Add v0.13.1 release notes,feature,Unknown,Michael Waskom,2023-12-27 14:34:04-05:00,14,2,0,0,16,0,1,0,0,0.0,0,clean,Python,2021-2023,1.0,,16.0,0.0,0.0,5
mwaskom/seaborn,2c115ed7626a236c772ee8a4eacdfa300c570e68,2c115ed762,"Avoid error when dodge=True, hue=None (#3605)  Fixes #3553",bugfix,Python,Michael Waskom,2023-12-27 14:57:11-05:00,14,2,0,0,15,0,2,1,2,2.0,0,clean,Python,2021-2023,1.0,,15.0,0.33,0.67,5
numpy/numpy,8ddb3f06e58ea0877f6c0e193496c10d2d32b34b,8ddb3f06e5,Clarify alternatives [skip actions][skip azp][skip cirrus]  Co-authored-by: Christopher Sidebottom <chris.sidebottom@arm.com>,other,Unknown,Matti Picus,2023-12-27 20:12:33+02:00,20,2,0,0,1,2,1,0,0,0.0,0,clean,Python,2021-2023,1.0,,0.33,0.0,0.0,0
numpy/numpy,0cee9ce435a13a0e5e44a798625ac1b0df0436ab,0cee9ce435,Sleef has seen some work [skip actions][skip azp][skip cirrus],other,Unknown,Matti Picus,2023-12-27 20:13:46+02:00,20,2,0,0,1,1,1,0,0,0.0,0,clean,Python,2021-2023,1.0,,0.5,0.0,0.0,0
scipy/scipy,d8be39851819cca9e532733c1fb102216130c435,d8be398518,TST: stats.moment: test equivalence of parameter order/moment,test,Python,Matt Haberland,2023-12-28 07:31:57-08:00,7,3,0,0,8,0,1,1,1,1.0,0,clean,Python,2021-2023,1.0,,8.0,0.5,0.5,3
numpy/numpy,dd484ff692804be9c0abdb33f02f95516f6594ae,dd484ff692,"DOC: mention string, bytes, and void dtypes in dtype intro  [skip actions] [skip azp] [skip cirrus]",docs,Unknown,Nathan Goldbaum,2023-12-28 11:06:29-07:00,11,3,0,0,136,78,1,0,0,0.0,0,clean,Python,2021-2023,1.0,,1.72,0.0,0.0,0
numpy/numpy,1c0b2c4e5969f494e79aab1188c66a7a9a156bf4,1c0b2c4e59,"DOC: formatting adjustments, ensure DType classes show up in API docs  [skip actions] [skip azp] [skip cirrus]",docs,Python,Nathan Goldbaum,2023-12-28 12:57:39-07:00,12,3,0,0,44,35,3,0,0,0.0,0,clean,Python,2021-2023,1.0,,1.22,0.0,0.0,0
mwaskom/seaborn,45a098fd254b6b7385e708b29a556017808ecd40,45a098fd25,"FIX: Enable xticklabels for all bottom axes (#3600)  * Test for xticklabels presence in bottom axes  * Enable xticklabels for bottom axes  * Correctly generalize ticklabel presence  * satisfy li",bugfix,Python,Maoz Gelbart,2023-12-28 13:04:16-05:00,13,3,0,0,14,0,2,1,3,16.0,0,clean,Python,2021-2023,1.0,,14.0,0.33,5.33,1
scipy/scipy,bda50bf0e0070d89762971f8c422e1ac59905956,bda50bf0e0,BLD: script to generate requirements files  Co-authored-by: Mike Taves <mwtoews@gmail.com>,other,Python,Lucas Colley,2023-12-28 15:38:46+00:00,15,3,0,0,65,0,1,0,2,6.0,0,clean,Python,2021-2023,1.0,,65.0,0.0,3.0,3
scipy/scipy,8567df4213957e87f104d7116f780711c3d999ca,8567df4213,DEV/BLD/CI: generate `requirements/*` files [skip circle],other,Unknown,Lucas Colley,2023-12-28 15:38:51+00:00,15,3,0,0,52,1,7,1,0,0.0,0,clean,Python,2021-2023,1.0,,26.0,0.12,0.0,3
scipy/scipy,a657e8f3b1e542ade173055174b81d229b17db3b,a657e8f3b1,MAINT: remove redundant `pyproject.toml` entry,other,Unknown,Lucas Colley,2023-12-28 15:38:51+00:00,15,3,0,0,0,1,1,0,0,0.0,0,clean,Python,2021-2023,1.0,,0.0,0.0,0.0,3
scipy/scipy,b8d019d0abb805938b9bf4b0cec421de498b9f41,b8d019d0ab,MAINT/CI: remove `*_requirements.txt` files,other,Unknown,Lucas Colley,2023-12-28 15:38:51+00:00,15,3,0,0,1,16,3,0,0,0.0,0,clean,Python,2021-2023,1.0,,0.06,0.0,0.0,3
scipy/scipy,c217e3d6bae68635450f3c4d8bfd3d1b0f79a589,c217e3d6ba,DOC/DEV: update building from source instructions [docs only],docs,Unknown,Lucas Colley,2023-12-28 15:38:55+00:00,15,3,0,0,11,8,1,0,0,0.0,0,clean,Python,2021-2023,1.0,,1.22,0.0,0.0,3
scipy/scipy,6735ca637bc35b90fdc72770cf0388228d7f0572,6735ca637b,DOC: docstring for scipy.stats.crystalball needs an adjustment (#19773)  Co-authored-by: Francis Allanah <fallanah@uwaterloo.ca>,docs,Python,Francis Allanah,2023-12-28 15:41:56-03:00,15,3,0,0,4,4,1,0,0,0.0,0,clean,Python,2021-2023,1.0,,0.8,0.0,0.0,0
scipy/scipy,617081d9208a6a68ba7c95762b985186c29a9aca,617081d920,ENH: stats.rankdata: vectorize calculation,other,Python,Matt Haberland,2023-12-28 21:54:41-08:00,21,3,0,0,69,48,1,0,3,4.0,0,clean,Python,2021-2023,1.0,,1.41,0.0,2.0,3
scipy/scipy,35e98491fff54cd0fab61988e0fee16e1521aeaf,35e98491ff,"MAINT: Avoid use of aligned_alloc in pocketfft on windows (#19761)  * MSVC is too non-conformant and broken... * Also harden detection of cpp standard on MSVC platforms  Co-Authored-By: H. Vetinari",other,Unknown,Matt Borland,2023-12-29 03:48:49+01:00,3,4,0,1,10,5,4,0,0,0.0,0,clean,Python,2021-2023,1.0,,1.67,0.0,0.0,0
numpy/numpy,d85f9ac030df1be8cdc3d5aef8d314d610aadf41,d85f9ac030,"DOC: Improve description of `axis` parameter for `np.median` (#25228)  * DOC: clarify sequence of axes use in numpy.median  The functionality of passing a sequence of axes to the numpy.median axis ",feature,Python,Sarah Zwiep,2023-12-29 08:39:06-08:00,8,4,0,0,13,5,1,0,1,1.0,0,clean,Python,2021-2023,1.0,,2.17,0.0,0.5,0
scipy/scipy,d4c0eaf0070014bf3ccf1acc91f8a1c8768615f1,d4c0eaf007,DOC: Docstring and examples for Rotation.concatenate (#19775)  Co-authored-by: Jake Bowhay <60778417+j-bowhay@users.noreply.github.com>,docs,Unknown,Scott Shambaugh,2023-12-29 09:13:37+00:00,9,4,0,0,24,1,1,0,0,0.0,0,clean,Python,2021-2023,1.0,,12.0,0.0,0.0,0
numpy/numpy,a57325a104b3ca5e7cce3fca46d70ec2d6b46d49,a57325a104,DOC: respond to review comments  [skip actions] [skip azp] [skip cirrus],docs,Unknown,Nathan Goldbaum,2023-12-29 09:50:53-07:00,9,4,0,0,31,47,3,0,0,0.0,0,clean,Python,2021-2023,1.0,,0.65,0.0,0.0,0
numpy/numpy,dde213e13690b7a5ff753ab9d2235988610d8704,dde213e136,"DOC: Fix description of auto bin_width (#25064)  * DOC: Fix description of auto bin_width  The auto bin width method actually takes the minimum bin width, not the maximum bin width, of `sturges` and",bugfix,Python,Alex Cabrera,2023-12-29 09:56:27-08:00,9,4,0,0,3,3,1,0,1,1.0,1,keyword_strict,Python,2021-2023,0.4,,0.75,0.0,0.5,0
numpy/numpy,ee3124b0eaab21e3abf1bc27812111ffe4728d40,ee3124b0ea,DOC: any: expand example  Expand example to demonstrate a) convention of `np.any` with infinite values and b) the use of `keepdims`,docs,Python,Bhavya Alekhya,2023-12-29 13:18:16-08:00,13,4,0,0,3,2,1,0,1,1.0,0,clean,Python,2021-2023,1.0,,1.0,0.0,0.5,0
numpy/numpy,467c54eb65554b9e8f6269e4c103f09308f1c3da,467c54eb65,BUG:Fix incorrect 'inner' method type annotation in __array_ufunc_ _ Replaced the 'inner' method type annotation with 'at' in the __array_ufunc__ method signature. The 'at' method is a valid universal,bugfix,Unknown,Zach Brugh,2023-12-29 17:40:36-05:00,17,4,0,0,1,1,1,0,0,0.0,0,clean,Python,2021-2023,1.0,,0.5,0.0,0.0,0
scipy/scipy,fc715ba7ac0323ff3358d7eb5fbdf028e04c0865,fc715ba7ac,"DOC, MAINT: fix make dist in rel process (#19778)  * gh-19750 broke the `make dist` doc building used in the release process, so fixing it here",bugfix,Unknown,Tyler Reddy,2023-12-29 20:26:36+00:00,20,4,0,0,1,1,1,0,0,0.0,1,keyword_strict,Python,2021-2023,0.4,,0.5,0.0,0.0,5
scipy/scipy,ae3ca70a72ef04547fbc28501009246cef5ee6c8,ae3ca70a72,BUG: stats.nbinom.logcdf: fix IndexError  * BUG: stats.nbinom.logcdf: fix IndexError,bugfix,Python,Daniel Schmitz,2023-12-30 08:15:13-08:00,8,5,1,0,8,1,2,1,2,1.0,0,clean,Python,2021-2023,1.0,,4.0,0.33,0.33,0
scipy/scipy,47e5b4e82a46a2bb6b76432a748bbe61c54534c6,47e5b4e82a,MAINT: stats.moment: change remaining occurences of keyword 'moment' to 'order',other,Python,Matt Haberland,2023-12-30 13:13:33-08:00,13,5,1,0,6,6,3,1,3,4.67,0,clean,Python,2021-2023,1.0,,0.86,0.25,1.17,3
numpy/numpy,65e6c390c451f24ca4b7ef8fe35006cccfa895d5,65e6c390c4,"DOC: add warning to `allclose`, revise ""Notes"" in `isclose` (#24407)  * DOC: add warning to `allclose`, revise ""Notes"" in `isclose`  1: Add `isclose`'s warning to `allclose` 2: Revise `isclose`'s """,feature,Python,John Muradeli,2023-12-30 14:13:34-08:00,14,5,1,0,21,8,1,0,2,4.0,0,clean,Python,2021-2023,1.0,,2.33,0.0,2.0,0
scipy/scipy,843d938a6f37ad8200bfa7ab0bcdda1c0a1a7132,843d938a6f,DOC: stats.moment: correct 'moments' -> 'order'  [skip ci],docs,Python,Matt Haberland,2023-12-30 14:27:38-08:00,14,5,1,0,1,1,1,0,0,0.0,0,clean,Python,2021-2023,1.0,,0.5,0.0,0.0,3
mwaskom/seaborn,785708f4a4b5a4497958fa611df78da96b311879,785708f4a4,Cleanup compat code for obsolete versions of dependencies (#3607),refactor,Python,Ali Hamdan,2023-12-30 18:55:56-05:00,18,5,1,0,44,115,12,3,22,10.5,0,clean,Python,2021-2023,1.0,,0.38,0.23,0.81,0
mwaskom/seaborn,a3cb0f1b33551eb25fed1907d0abdd0237fac215,a3cb0f1b33,"microscopic typofix: ""swaarms"" (#3611)  appears here: https://seaborn.pydata.org/generated/seaborn.swarmplot.html",bugfix,Python,Aalok | आलोक,2024-01-13 10:46:08-05:00,10,5,1,0,1,1,1,0,0,0.0,0,clean,Python,2024-2026,1.0,,0.5,0.0,0.0,0
mwaskom/seaborn,7aed2a044ce2754a53729251184d65b723ada892,7aed2a044c,"Adapt to deprecations in pandas 2.2.0 (#3620)  * Adapt to deprecations in pandas 2.2.0  * Backcompat for bug where the fix was deprecated?  * More multi-version support",bugfix,Python,Michael Waskom,2024-01-20 20:46:00-05:00,20,5,1,0,42,14,8,2,12,10.83,0,clean,Python,2024-2026,1.0,,2.8,0.22,1.2,5
mwaskom/seaborn,5ef7c27aac9f96e97fa1aac0ba106bac7d3febf0,5ef7c27aac,Add v0.13.2 release notes,feature,Unknown,Michael Waskom,2024-01-25 08:02:45-05:00,8,3,0,0,5,0,2,0,0,0.0,0,clean,Python,2024-2026,1.0,,5.0,0.0,0.0,5
mwaskom/seaborn,b95d6d1ce9dfed6970015d8bdad9068b5749868a,b95d6d1ce9,Tweak language,other,Unknown,Michael Waskom,2024-01-25 08:04:48-05:00,8,3,0,0,1,1,1,0,0,0.0,0,clean,Python,2024-2026,1.0,,0.5,0.0,0.0,5
mwaskom/seaborn,9bdfc7484c15894dd35d58d3f16475389dfe4fe5,9bdfc7484c,Fix minor boxenplot docs misspelling (#3637),bugfix,Unknown,Matthew Andres Moreno,2024-02-25 11:31:25-05:00,11,6,1,0,1,1,1,0,0,0.0,0,clean,Python,2024-2026,1.0,,0.5,0.0,0.0,0
mwaskom/seaborn,ae7acf0ce6e30ae773f513e0ccadbb7341cf5e90,ae7acf0ce6,Fix typo (#3665),bugfix,Unknown,Yvonne Fröhlich,2024-03-30 14:50:26-04:00,14,5,1,0,1,1,1,0,0,0.0,0,clean,Python,2024-2026,1.0,,0.5,0.0,0.0,0
mwaskom/seaborn,58f170fe799ef496adae19925d7d4f0f14f8da95,58f170fe79,Remove reference to deprecated numpy error class in tests (#3685),test,Python,Michael Waskom,2024-04-25 07:02:02-04:00,7,3,0,0,0,3,1,1,1,4.0,0,clean,Python,2024-2026,1.0,,0.0,0.5,2.0,5
mwaskom/seaborn,d767578eceafe5feb84817fcdc56296bf2731a6d,d767578ece,Relax typing strictness for Plot.theme (#3684),other,Python,Michael Quinn,2024-04-25 07:02:23-04:00,7,3,0,0,2,2,1,0,2,1.0,0,clean,Python,2024-2026,1.0,,0.67,0.0,0.5,0
mwaskom/seaborn,f0b48e891a1bb573b7a46cfc9936dcd35d7d4f24,f0b48e891a,Fix docstrings (#3678),bugfix,Python,Maoz Gelbart,2024-04-25 10:36:49-04:00,10,3,0,0,22,5,2,0,0,0.0,0,clean,Python,2024-2026,1.0,,3.67,0.0,0.0,1
mwaskom/seaborn,09195d4c314d9477866ba4bd5cb650c3a7c01e41,09195d4c31,Fix typo in docstring: trusthworthy->trustworthy (#3712),bugfix,Python,Stuart Geiger,2024-06-16 11:43:29-04:00,11,6,1,0,1,1,1,0,0,0.0,0,clean,Python,2024-2026,1.0,,0.5,0.0,0.0,0
mwaskom/seaborn,2f5ea60930b96b461107a564ee706aca9d00a6d3,2f5ea60930,Try pinning pillow to fix ci (#3727),bugfix,Unknown,Michael Waskom,2024-07-11 07:23:32-04:00,7,3,0,0,1,0,1,0,0,0.0,0,clean,Python,2024-2026,1.0,,1.0,0.0,0.0,5
mwaskom/seaborn,b4e5f8d261d6d5524a00b7dd35e00a40e4855872,b4e5f8d261,Pin mypy (#3732),other,Unknown,Michael Waskom,2024-07-22 07:32:48-04:00,7,0,0,0,1,1,1,0,0,0.0,0,clean,Python,2024-2026,1.0,,0.5,0.0,0.0,5
mwaskom/seaborn,385e54676ca16d0132434bc9df6bc41ea8b2a0d4,385e54676c,Fix tick visibility introspection on 3.10 (#3802),bugfix,Python,Michael Waskom,2024-12-16 07:54:02-05:00,7,0,0,0,13,12,1,1,3,6.33,0,clean,Python,2024-2026,1.0,,1.0,0.5,3.16,5
mwaskom/seaborn,5023f2ee885a45200f5b63156a158ddf7272c29e,5023f2ee88,Address some upcoming deprecations (#3820)  * Address matplotlib bxp vert= deprecation  * Address np.in1d deprecation  * Address converter attribute deprecation  * Address parameterized fixture deprec,bugfix,Python,Michael Waskom,2025-01-26 10:17:21-05:00,10,6,1,0,23,10,4,2,5,6.0,0,clean,Python,2024-2026,1.0,,2.09,0.4,1.2,5
mwaskom/seaborn,e0c2431789384559050cc81b8cd97dfbf7738bdc,e0c2431789,Fix typo (#3757),bugfix,Unknown,Sarah Brown,2025-01-26 10:18:53-05:00,10,6,1,0,1,1,1,0,0,0.0,0,clean,Python,2024-2026,1.0,,0.5,0.0,0.0,0
mwaskom/seaborn,eb0b5cc1c331d8ef7358caeb5c85df2781f69bb1,eb0b5cc1c3,Support array-like mask in heatmaps (#3803)  * Support array-like mask in heatmaps  * Nit,other,Python,Mario Šaško,2025-01-26 10:24:34-05:00,10,6,1,0,26,8,2,1,4,2.5,0,clean,Python,2024-2026,1.0,,2.89,0.33,0.83,0
mwaskom/seaborn,86b5481ca47cb46d3b3e079a5ed9b9fb46e315ef,86b5481ca4,Fix mock __array__ interface (#3821)  Addresses a backwards compatibility bug introduced in #3803,bugfix,Python,Michael Waskom,2025-01-26 11:55:13-05:00,11,6,1,0,2,2,1,1,3,1.0,0,clean,Python,2024-2026,1.0,,0.67,0.5,0.5,5
mwaskom/seaborn,7001ebe72423238e99c0434a2ef0a0ebc9cb55c1,7001ebe724,Fix small typo in docstring (#3863),bugfix,Python,Janik,2025-07-10 09:20:45-04:00,9,3,0,0,1,1,1,0,0,0.0,0,clean,Python,2024-2026,1.0,,0.5,0.0,0.0,0
mwaskom/seaborn,794bc902c56544047362a58ca1372783a4fe7c08,794bc902c5,Bump minimal Python and pinned dependencies (#3895),other,Unknown,Michael Waskom,2025-12-24 09:57:05-05:00,9,2,0,0,10,15,4,0,0,0.0,0,clean,Python,2024-2026,1.0,,0.62,0.0,0.0,5
mwaskom/seaborn,03d80c1dc2d3551f99ae7d595b07aeb1c42c7576,03d80c1dc2,Address deprecation warnings with pandas 3.0 release candidate (#3894)  * Standardize pandas freq capitalization  * Avoid categorical deprecation warning  * Avoid pandas copy= warning  * Drop pandas i,feature,Python,Michael Waskom,2025-12-24 10:21:16-05:00,10,2,0,0,37,69,7,3,12,6.0,0,clean,Python,2024-2026,1.0,,0.53,0.38,0.75,5
mwaskom/seaborn,32088bbc3adc611b7118e57fce6d4ed096a76a29,32088bbc3a,Fix docs with pandas 3 (#3904),bugfix,Unknown,Michael Waskom,2026-01-22 08:03:04-05:00,8,3,0,0,1,1,1,0,0,0.0,0,clean,Python,2024-2026,1.0,,0.5,0.0,0.0,5
numpy/numpy,54d9fd17ae9fc42fc180cc90bcb6ddf3dfd6240c,54d9fd17ae,DOC: Apply Marten's comments and rephrase slightly,docs,C,Nathan Goldbaum,2026-03-21 09:19:43-06:00,9,5,1,0,8,9,3,1,1,3.0,0,clean,Python,2024-2026,1.0,,0.8,0.25,0.75,0
numpy/numpy,c145f7a28dc64416e1828ff7f2f349348839f77b,c145f7a28d,ENH: bump array API version to 2025.12,other,Python,Evgeni Burovski,2026-03-21 13:33:23+00:00,13,5,1,0,3,3,2,0,0,0.0,0,clean,Python,2024-2026,1.0,,0.75,0.0,0.0,0
numpy/numpy,2ec716d8b050bac4e971e18b7913775d069e550d,2ec716d8b0,CI: bump the array-api-tests version to v2026.02.26,test,Unknown,Evgeni Burovski,2026-03-21 13:37:15+00:00,13,5,1,0,1,1,1,0,0,0.0,0,clean,Python,2024-2026,1.0,,0.5,0.0,0.0,0
numpy/numpy,634f2a67761e720375effdda33001c24a8304ba8,634f2a6776,MAINT: __array_namespace_info__().devices() returns a tuple from 2025.12 on,other,Python,Evgeni Burovski,2026-03-21 13:49:45+00:00,13,5,1,0,4,4,2,1,2,1.0,0,clean,Python,2024-2026,1.0,,0.8,0.33,0.33,0
numpy/numpy,2adb31fd137d119da6e342e1230fb995299c7fd7,2adb31fd13,TST: add xfails for the Array API test failures  The failures are now new and are due to the test suite updates.,feature,Unknown,Evgeni Burovski,2026-03-21 14:27:54+00:00,14,5,1,0,13,0,1,0,0,0.0,0,clean,Python,2024-2026,1.0,,13.0,0.0,0.0,0
numpy/numpy,41afc3b0c4f6b8142849247a9594b0da5b6ff5a0,41afc3b0c4,"BUG: avoid warning on ufunc with where=True and no output  Alternative fix for gh-31030. This does not change that `out=None` is removed from what is passed to the ufunc, but ensures that if from the ",bugfix,Python,Marten Henric van Kerkwijk,2026-03-22 15:17:01+01:00,15,6,1,0,19,1,3,2,3,18.33,0,clean,Python,2024-2026,1.0,,9.5,0.5,4.58,0
scipy/scipy,2eb37bc5aadf52a9cf8ada7786c582d90b8431ab,2eb37bc5aa,DOC: fix typos in tutorial/stats (#24809),bugfix,Unknown,Florian Bourgey,2026-03-22 20:57:24-07:00,20,6,1,0,103,104,16,0,0,0.0,1,keyword_strict,Python,2024-2026,0.4,,0.98,0.0,0.0,0
numpy/numpy,964ea6fe0d50e89b1cd95dc31f41bb976a099f20,964ea6fe0d,fix: f2py map complex_long_double to NPY_CLONGDOUBLE,bugfix,Python,aaronzuo,2026-03-22 23:20:59+08:00,23,6,1,1,11,1,2,1,2,1.0,0,clean,Python,2024-2026,1.0,,5.5,0.33,0.33,0
scipy/scipy,9b018f279b935437dbaf537b148548e8cb4f6f94,9b018f279b,MAINT: linalg: rename `type_traits` and `numeric_limits` to avoid std clash  The custom `type_traits` and `numeric_limits` structs in the global namespace of `_npymath.hh` clash with the C++ standard ,refactor,Unknown,Ralf Gommers,2026-03-23 07:45:26+01:00,7,0,0,0,115,108,8,0,0,0.0,0,clean,Python,2024-2026,1.0,,1.06,0.0,0.0,0
scipy/scipy,b2e88afcf982fcc17886793bcd130fdba7eb61b5,b2e88afcf9,"MAINT: linalg/svd: re-enable overwrite_a  We only implement ?gesvd/?gesdd options job{u,vt} = 'A', 'S', 'N' and do not implement 'O', so we never reuse A for U or Vh. Implementing 'O' would be an enha",feature,Python,Evgeni Burovski,2026-03-23 09:46:39+01:00,9,0,0,0,125,30,4,1,3,17.0,0,clean,Python,2024-2026,1.0,,4.03,0.2,3.4,0
scipy/scipy,9109889225768e243172fd508de7a45298edb2c3,9109889225,ENH: linalg/eig: overwrite_a for eig,other,Python,Evgeni Burovski,2026-03-23 09:47:42+01:00,9,0,0,0,63,26,3,0,2,28.0,0,clean,Python,2024-2026,1.0,,2.33,0.0,7.0,0
scipy/scipy,02aa44f5842363d096fa32a26918f3113c243e0c,02aa44f584,"TST: linalg/eig: add tests for overwrite_{a,b}",feature,Python,Evgeni Burovski,2026-03-23 09:48:43+01:00,9,0,0,0,72,0,1,1,2,7.0,0,clean,Python,2024-2026,1.0,,72.0,0.5,3.5,0
scipy/scipy,7d0211e980df8b0e3d4d018bf7178f9ecbdebb5a,7d0211e980,MAINT: Apply suggestions from code review  Co-authored-by: BasilLiekens <100433776+BasilLiekens@users.noreply.github.com>,other,Unknown,Evgeni Burovski,2026-03-23 09:48:43+01:00,9,0,0,0,4,5,1,0,0,0.0,0,clean,Python,2024-2026,1.0,,0.67,0.0,0.0,0
scipy/scipy,8245f09b6f0b1de8d07c79f76088f5ccc1254cf1,8245f09b6f,"MAINT: linalg/eig: reimplement overwrite_{a,b}",feature,Python,Evgeni Burovski,2026-03-23 09:49:37+01:00,9,0,0,0,84,35,3,1,2,22.5,0,clean,Python,2024-2026,1.0,,2.33,0.25,5.62,0
numpy/numpy,0f16a041348a51251f6bca3ba34b661e1dcc857c,0f16a04134,BUG: Add test to reproduce problem described in #30816 (#30818)  Co-authored-by: mattip <matti.picus@gmail.com>,bugfix,Python,Daniel Haag,2026-03-23 10:13:08+01:00,10,0,0,0,11,3,3,1,1,1.0,0,clean,Python,2024-2026,1.0,,2.75,0.25,0.25,0
numpy/numpy,8a1ff58b6577e16b991376f68c47fa446fce632a,8a1ff58b65,Update numpy/_core/src/multiarray/shape.c  Co-authored-by: Matti Picus <matti.picus@gmail.com>,other,C,Nathan Goldbaum,2026-03-23 11:10:06-06:00,11,0,0,0,1,1,1,0,0,0.0,0,clean,Python,2024-2026,1.0,,0.5,0.0,0.0,0
scipy/scipy,4f84a43c5b3601a42dd9b6083fa4b2ebf1deb403,4f84a43c5b,"ENH: stats.mannwhitneyu: add zstatistic to result object; declare `ranksums` ""legacy"" (#24464)  * ENH: stats.mannwhitneyu: add zstatistic to result object  * DOC/TST: stats.ranksums: declare legacy  *",feature,Python,Matt Haberland,2026-03-23 13:19:02+00:00,13,0,0,0,132,51,5,3,14,3.14,0,clean,Python,2024-2026,1.0,,2.54,0.5,0.52,3
scipy/scipy,ad87e6a61d3ce173a97c0dc5eaca7c595c1b3e5c,ad87e6a61d,BENCH: switch spmatrix to sparray in benchmarks that don't compare the two (#24891),other,Python,Dan Schult,2026-03-23 18:11:12+00:00,18,0,0,0,18,18,6,0,14,1.5,0,clean,Python,2024-2026,1.0,,0.95,0.0,0.21,1
numpy/numpy,7266a8a1dc98a01050e956cf0a3124606032281a,7266a8a1dc,MAINT: Bump astral-sh/setup-uv from 7.3.1 to 7.6.0  Bumps [astral-sh/setup-uv](https://github.com/astral-sh/setup-uv) from 7.3.1 to 7.6.0. - [Release notes](https://github.com/astral-sh/setup-uv/relea,other,Unknown,dependabot[bot],2026-03-23 18:13:36+00:00,18,0,0,0,3,3,2,1,0,0.0,0,clean,Python,2024-2026,1.0,,0.75,0.33,0.0,0
numpy/numpy,a2123c2a823d8e6c68079d5ad49b468e209b5294,a2123c2a82,MAINT: Bump egor-tensin/cleanup-path from 4.0.3 to 5.0.1  Bumps [egor-tensin/cleanup-path](https://github.com/egor-tensin/cleanup-path) from 4.0.3 to 5.0.1. - [Release notes](https://github.com/egor-t,refactor,Unknown,dependabot[bot],2026-03-23 18:13:42+00:00,18,0,0,0,1,1,1,0,0,0.0,0,clean,Python,2024-2026,1.0,,0.5,0.0,0.0,0
numpy/numpy,7c8dd3c40c86ca5da62948f0aeb9dfe9c58c52d1,7c8dd3c40c,MAINT: Fix typo in test_multiarray.py  AsseritonError -> AssertionError.,bugfix,Python,Charles Harris,2026-03-23 19:58:18-06:00,19,0,0,0,1,1,1,1,1,3.0,0,clean,Python,2024-2026,1.0,,0.5,0.5,1.5,0
scipy/scipy,774bdba46c72c4b19cb1949cdd06f8eb359b1e8b,774bdba46c,MAINT: linalg: remove mentions of cblas/clapack modules which we do not build anyway,other,Python,Evgeni Burovski,2026-03-23 21:10:39+01:00,21,0,0,0,20,248,8,2,9,4.56,0,clean,Python,2024-2026,1.0,,0.08,0.22,0.51,0
scipy/scipy,28416ef7b2c494714534e2c56245026ddba00bfc,28416ef7b2,MAINT: linalg.lstsq: reenable overwrite_x,other,Python,Basil Liekens,2026-03-23 21:12:02+01:00,21,0,0,0,187,52,4,1,3,17.33,0,clean,Python,2024-2026,1.0,,3.53,0.2,3.47,0
scipy/scipy,a2b79bdb12bc9116d84c67927f23f2cf8565c20b,a2b79bdb12,applied review suggestion,other,Unknown,Basil Liekens,2026-03-23 21:12:04+01:00,21,0,0,0,3,3,1,0,0,0.0,0,clean,Python,2024-2026,1.0,,0.75,0.0,0.0,0
scipy/scipy,1d9ed31f78d1b19ccae47a67b15c9beb10638010,1d9ed31f78,MAINT: appease linter + add correctness checks in testsuite,feature,Python,Basil Liekens,2026-03-23 21:12:04+01:00,21,0,0,0,23,6,3,1,2,13.5,0,clean,Python,2024-2026,1.0,,3.29,0.25,3.38,0
scipy/scipy,7ba315936b3ac6001efdb35141a5bcae356eddf4,7ba315936b,"MAINT: improved residuals handling + restored backwards compat with 1.17  - Previously residuals were computed from the output, but no longer   possible due to possible overwrites. - Returned residual",other,Python,Basil Liekens,2026-03-23 21:12:04+01:00,21,0,0,0,90,40,5,1,3,19.0,0,clean,Python,2024-2026,1.0,,2.2,0.17,3.17,0
scipy/scipy,9c29af09a3f28eaa71d98b0f90d6e2518c6ff915,9c29af09a3,"ENH: linalg: add HAS_LP64 config variable  If HAS_LP64 is False, 'bare' blas/lapack functions are ILP64!  >>> from scipy.linalg.blas import dgemm  Now dgemm is LP64 or ILP64, depending on HAS_ILP64 va",feature,Python,Evgeni Burovski,2026-03-24 09:10:49+01:00,9,1,0,0,34,13,5,1,2,2.0,0,clean,Python,2024-2026,1.0,,2.43,0.17,0.33,0
numpy/numpy,7baf0e7c71dfc2de9fa5022cf51cb4873efd4285,7baf0e7c71,ENH: TSan pixi package definitions (#30510)  Co-authored-by: Guido Imperiale <crusaderky@gmail.com>,other,Unknown,Nathan Goldbaum,2026-03-24 14:12:25-06:00,14,1,0,0,313,23,10,0,0,0.0,0,clean,Python,2024-2026,1.0,,13.04,0.0,0.0,0
numpy/numpy,b996b34012a8625cc922e0ac3e1e440343e6691a,b996b34012,ENH: add getters for accessing struct fields in cython (#30994)  This PR adds getters for accessing struct fields in cython. In future these would call an ABI function to get the actual fields struct ,feature,Unknown,Kumar Aditya,2026-03-24 14:41:06+01:00,14,1,0,0,160,46,7,0,3,1.0,0,clean,Python,2024-2026,1.0,,3.4,0.0,0.12,0
numpy/numpy,e582cddd1cb41d5ea984e26e65f9ede81d8969bc,e582cddd1c,DOC: replace name in doc for numpy.place,docs,Python,Antareep Sarkar,2026-03-24 16:05:09+05:30,16,1,0,0,3,3,1,0,1,1.0,0,clean,Python,2024-2026,1.0,,0.75,0.0,0.5,0
numpy/numpy,e87d0e0132d8559e16653a069dd82306bf8dc934,e87d0e0132,BUG: np.take out dtype (#30615)  This PR addresses the issue in np.take where an error was raised when input and output dtypes were different during casting.  Key changes:      Allows 'same-kind' cast,bugfix,Python,Yoshimura,2026-03-24 17:25:24+01:00,17,1,0,0,58,8,5,3,6,8.83,0,clean,Python,2024-2026,1.0,,6.44,0.5,1.47,0
scipy/scipy,e4f1a676f3538dae09acd656537f3e00fdaf503c,e4f1a676f3,ENH: add ILP64 BLAS/LAPACK support to SuperLU (#24875)  * ENH: add ILP64 BLAS/LAPACK support to SuperLU  Add ILP64 BLAS integer type (`slu_blasint`) and name mangling (`SLU_BLAS_FUNC`) to vendored Sup,bugfix,C,Ralf Gommers,2026-03-24 18:52:58+01:00,18,1,0,0,1770,209,46,0,36,44.22,1,keyword_strict,Python,2024-2026,0.4,,8.43,0.0,0.94,0
scipy/scipy,d3fa9799f028c7885a1124220c881c2d0f5b3523,d3fa9799f0,TST: added a multidimensional shape to the tests for lstsq,feature,Python,Basil Liekens,2026-03-24 22:53:06+01:00,22,1,0,1,14,8,1,1,1,9.0,0,clean,Python,2024-2026,1.0,,1.56,0.5,4.5,0
scipy/scipy,c7266ae738dbafb4685fcae80eb211010f9147ae,c7266ae738,ENH: stats.cumfreq/relfreq: add array API support (#24460)  * TST: stats.cumfreq/relfreq: more comprehensive testing  * ENH: stats.cumfreq/relfreq: add array API support  * MAINT: stats.cumfreq/relfre,bugfix,Python,Matt Haberland,2026-03-25 09:25:27+00:00,9,2,0,0,175,57,3,1,11,4.64,1,keyword_strict,Python,2024-2026,0.4,,3.02,0.25,1.16,3
scipy/scipy,bc1dae89b56ce6c7fc3cd420b7afbe9dbcca33b7,bc1dae89b5,Merge pull request #24845 from ev-br/npy_cblas_split_off  MAINT: split ILP64 defines to a separate header,other,C,Evgeni Burovski,2026-03-25 10:08:11+01:00,10,2,0,0,104,82,18,0,0,0.0,0,clean,Python,2024-2026,1.0,,1.25,0.0,0.0,0
scipy/scipy,902565f69bd1a6a5dc386f69d0ab69e9f3d8eb20,902565f69b,Use `scipy_blas_defines.h` instead of `npy_cblas.h`,other,Unknown,Ralf Gommers,2026-03-25 10:12:36+01:00,10,2,0,0,1,1,1,0,0,0.0,0,clean,Python,2024-2026,1.0,,0.5,0.0,0.0,1
scipy/scipy,47676eccc3c8a377c7819f0bd2cc81acbf6e02de,47676eccc3,TST: linalg: skip a test which was failing on armhf in Debian testing  closes gh-24831  Debian testing reported that the dtype test was failing for linalg.det and longdoubles on armhf. We do not test ,test,Python,Evgeni Burovski,2026-03-25 11:18:44+01:00,11,2,0,0,2,1,1,1,1,5.0,0,clean,Python,2024-2026,1.0,,1.0,0.5,2.5,0
numpy/numpy,f105cf2d7c20c9829b431c2ae0cdb1f07efaccf2,f105cf2d7c,BUG: Raise BufferError instead of RuntimeError in from_dlpack (#31000)  Co-authored-by: joshuaswanson <joshuaswanson@users.noreply.github.com>,bugfix,C,Joshua Swanson,2026-03-25 13:39:53+01:00,13,2,0,0,12,4,2,0,1,50.0,0,clean,Python,2024-2026,1.0,,2.4,0.0,16.67,0
scipy/scipy,e2cb15687b78358c8f2632bb0ae15c5eee09453a,e2cb15687b,TST: sparse.linalg: prepare `test_iterative` for batching  (#24745),test,Python,Lucas Colley,2026-03-25 14:55:20+00:00,14,2,0,0,244,174,3,1,44,4.5,0,clean,Python,2024-2026,1.0,,1.39,0.25,1.12,3
numpy/numpy,f765c6397dcae9abaa7471751ea13792cb4d21be,f765c6397d,MAINT: Bump actions/cache from 5.0.3 to 5.0.4  Bumps [actions/cache](https://github.com/actions/cache) from 5.0.3 to 5.0.4. - [Release notes](https://github.com/actions/cache/releases) - [Changelog](h,bugfix,Unknown,dependabot[bot],2026-03-25 17:55:22+00:00,17,2,0,0,4,4,2,0,0,0.0,0,clean,Python,2024-2026,1.0,,0.8,0.0,0.0,0
scipy/scipy,608773fd3f31ead7dde6f926eb1bcc64b1f65657,608773fd3f,MAINT: migrate nrdtrimn and nrdtrisd to xsf,other,Python,dschmitz89,2026-03-25 22:18:35+01:00,22,2,0,1,62,322,9,3,10,3.1,0,clean,Python,2024-2026,1.0,,0.19,0.3,0.31,0
pola-rs/polars,019d66f2c90f7d5a4fbf087220037c8487307eaa,019d66f2c9,fix: Make `test_group_by_arg_max_boolean_26978` non-flaky for `max_by` ties (#27048),bugfix,Python,Azim Afroozeh,2026-03-25 22:22:57+01:00,22,2,0,1,5,1,1,1,1,1.0,0,clean,Python,2024-2026,1.0,,2.5,0.5,0.5,0
scipy/scipy,54fa6d212ee6791c1a3b3981ded438459c14fdbe,54fa6d212e,"MAINT: `__package__` → `__spec__.parent` (#24906)  Remove deprecated __package__, scheduled for removal in Python 3.15: https://docs.python.org/3.15/reference/datamodel.html#module.__package__",docs,Python,Dimitri Papadopoulos Orfanos,2026-03-25 22:39:59+00:00,22,2,0,1,1,1,1,0,0,0.0,0,clean,Python,2024-2026,1.0,,0.5,0.0,0.0,1
numpy/numpy,5bf1efdaf559c4722fad8d0fd4b8b1c9b75bdd5f,5bf1efdaf5,ENH: make bound array method immortal to reduce reference counting contention (#31004)  Co-authored-by: Nathan Goldbaum <nathan.goldbaum@gmail.com>,other,C,Kumar Aditya,2026-03-26 09:43:10-06:00,9,3,0,0,8,3,1,0,1,10.0,0,clean,Python,2024-2026,1.0,,2.0,0.0,5.0,0
numpy/numpy,a575a3bb2717c4feb189d7aa5a398bebbb2474fb,a575a3bb27,"MAINT,BUG: refactor ``PyArray_DescrFromScalar`` for parametric support (#31067)  Co-authored-by: Maarten Baert <maarten.baert@keysight.com>",bugfix,C,Maarten Baert,2026-03-26 10:08:31+01:00,10,3,0,0,38,65,3,0,2,3.0,0,clean,Python,2024-2026,1.0,,0.58,0.0,0.75,0
numpy/numpy,0419105da9cd0a15a4e02bc22019c2b65272c68a,0419105da9,DOC: Small darkmode theme fixes (#31028),bugfix,Unknown,Neofelis,2026-03-26 10:14:20+01:00,10,3,0,0,10,66,6,0,0,0.0,0,clean,Python,2024-2026,1.0,,0.15,0.0,0.0,0
scipy/scipy,8f4f8af31384df58dcf1eb4519b604fc2a91f2d0,8f4f8af313,BLD: ensure include paths for `blas_dep` and `lapack_dep` are complete,other,Unknown,Ralf Gommers,2026-03-26 10:51:18+01:00,10,3,0,0,10,24,7,0,0,0.0,0,clean,Python,2024-2026,1.0,,0.4,0.0,0.0,1
scipy/scipy,c962dbaa813c882a5bb110ebb0b0dbbd110ca769,c962dbaa81,BLD: fix deprecation warnings for `HAS_LP64` config variable,bugfix,Unknown,Ralf Gommers,2026-03-26 10:57:04+01:00,10,3,0,0,2,2,1,0,0,0.0,0,clean,Python,2024-2026,1.0,,0.67,0.0,0.0,1
numpy/numpy,d6b70c4c338929ab9f5870e4dedfe02791e150ba,d6b70c4c33,TST: fix POWER VSX feature mapping (#30801),bugfix,Python,Harshith J,2026-03-26 11:29:55-06:00,11,3,0,0,33,1,1,1,2,6.0,0,clean,Python,2024-2026,1.0,,16.5,0.5,3.0,0
pola-rs/polars,777245e16ec6eba3bd10f3b5d60c53143f47bf19,777245e16e,chore: Pin maturin due to compile time regression (#27062),other,Unknown,Orson Peters,2026-03-26 12:35:20+01:00,12,3,0,0,4,4,4,0,0,0.0,0,clean,Python,2024-2026,1.0,,0.8,0.0,0.0,0
pola-rs/polars,85d7d38d161c8bee3e307f185b321121f6fa7413,85d7d38d16,feat(python): Make unnest() effective on all columns by default (#27029)  Co-authored-by: gabriel <gabriel.g.robin@airbus.com>,feature,Python,gab23r,2026-03-26 13:14:43+01:00,13,3,0,0,67,5,3,1,5,1.6,0,clean,Python,2024-2026,1.0,,11.17,0.25,0.4,0
pola-rs/polars,0f3a1d570df6f3ace8268a4e085bfbe7a6079724,0f3a1d570d,perf: Streaming `cov` and `corr` (#27008),other,Rust,Gijs Burghoorn,2026-03-26 13:20:04+01:00,13,3,0,0,416,4,9,1,18,12.94,0,clean,Python,2024-2026,1.0,,83.2,0.1,1.29,0
numpy/numpy,82a86f1aa4667fd1942d57b024d3a6df4a2f7e94,82a86f1aa4,MAINT: Bump pyrefly from 0.57.0 to 0.57.1 in /requirements (#31078)  Signed-off-by: dependabot[bot] <support@github.com> Co-authored-by: dependabot[bot] <49699333+dependabot[bot]@users.noreply.github.,other,Unknown,dependabot[bot],2026-03-26 13:26:26-06:00,13,3,0,0,1,1,1,0,0,0.0,0,clean,Python,2024-2026,1.0,,0.5,0.0,0.0,0
numpy/numpy,d69bddc2c40a457f3e9a5072181b67d3af7e285e,d69bddc2c4,MAINT: Fix typos,bugfix,Python,Dimitri Papadopoulos,2026-03-26 18:31:18+02:00,18,3,0,0,75,75,54,24,63,6.27,0,clean,Python,2024-2026,1.0,,0.99,0.44,0.11,0
numpy/numpy,9b6f36ba4a539aa413adbf04b402e1d6aaed9d8a,9b6f36ba4a,MAINT: Fix typos in NEPs,bugfix,Unknown,Dimitri Papadopoulos,2026-03-26 18:32:17+02:00,18,3,0,0,5,5,5,0,0,0.0,0,clean,Python,2024-2026,1.0,,0.83,0.0,0.0,0
scipy/scipy,dd419176441af0c9577f3c30f2f69bbcdba9d1a0,dd41917644,MAINT: `_build_utils`: remove vendored `npy_cblas.h` header (#24902),other,Python,Evgeni Burovski,2026-03-26 22:16:54+01:00,22,3,0,1,14,646,5,0,5,1.6,0,clean,Python,2024-2026,1.0,,0.02,0.0,0.27,0
scipy/scipy,1733d53c1d50a5ebbc8c454b90fa57016a8d6973,1733d53c1d,BLD: fix issue with manual caching function in `_generate_pyx.py` scripts (#24912)  This was a latent bug that showed up when `npy_cblas.h` was removed from the generated `_blas_subroutines.h` and the,bugfix,Python,Ralf Gommers,2026-03-26 22:47:01+00:00,22,3,0,1,3,72,5,0,7,3.71,1,keyword_strict,Python,2024-2026,0.4,,0.04,0.0,0.62,1
scipy/scipy,045fd2d8e0c1742fcce4f9e7023b8464e140212f,045fd2d8e0,MAINT: optimize: lbfgs: docstring of task and task_msg (#24883),docs,C,Christian Lorentzen,2026-03-27 10:23:53+00:00,10,4,0,0,11,8,1,0,3,26.0,0,clean,Python,2024-2026,1.0,,1.22,0.0,13.0,0
pola-rs/polars,95691e960cce347d5a6c5a79d6e44188f2fc4ac7,95691e960c,fix: Regression in replace_strict for enums (#27066),bugfix,Rust,Orson Peters,2026-03-27 11:34:01+01:00,11,4,0,0,10,0,2,1,2,8.5,0,clean,Python,2024-2026,1.0,,10.0,0.33,2.83,0
numpy/numpy,f368632dfc77d50660f5d2dd8dba24c18c3b3b08,f368632dfc,Remove reference to distutils  Co-authored-by: Joren Hammudoglu <jhammudoglu@gmail.com>,other,Unknown,Dimitri Papadopoulos Orfanos,2026-03-27 12:04:35+02:00,12,4,0,0,1,1,1,0,0,0.0,0,clean,Python,2024-2026,1.0,,0.5,0.0,0.0,1
numpy/numpy,7d00fa00c37e9b3b0c441858fa691382eb7149c1,7d00fa00c3,Ouch... I had replaced a typo with a different typo!,other,C,Dimitri Papadopoulos,2026-03-27 12:06:24+02:00,12,4,0,0,1,1,1,0,1,28.0,0,clean,Python,2024-2026,1.0,,0.5,0.0,14.0,0
pola-rs/polars,3e16e784fb8c7d1017ee5f2f4db8ae23406a6cea,3e16e784fb,refactor: Add sinked paths callback (#26995),feature,Rust,nameexhaustion,2026-03-27 12:46:41+01:00,12,4,0,0,271,24,12,1,11,6.09,0,clean,Python,2024-2026,1.0,,10.84,0.08,0.47,0
pola-rs/polars,7335a6c8f66d4560acd0e40c3a91ee4507169e69,7335a6c8f6,perf: Streaming is_first_distinct and unique(maintain_order=True) (#27052),other,Rust,Orson Peters,2026-03-27 12:52:43+01:00,12,4,0,0,346,82,10,1,10,49.0,0,clean,Python,2024-2026,1.0,,4.17,0.09,4.45,0
scipy/scipy,986b8b3035dbbcb8d6d9f2eef090fe3841b10a16,986b8b3035,"DOC: interpolate: Add tutorial for ""extrapolate"" keyword and standardize docstrings  Reviewed at https://github.com/scipy/scipy/pull/24643",feature,Python,Florian Bourgey,2026-03-27 16:21:49+01:00,16,4,0,0,155,10,4,0,0,0.0,0,clean,Python,2024-2026,1.0,,14.09,0.0,0.0,1
scipy/scipy,f251008d899b6abf9d4d2007cb59b6c8458015b4,f251008d89,TYP: fix type alias declarations (#24917)  * TYP: fix type alias declarations  * TYP: un-type-alias `np_[u]long`,bugfix,Python,Joren Hammudoglu,2026-03-27 23:53:14+00:00,23,4,0,1,9,22,3,0,0,0.0,1,keyword_strict,Python,2024-2026,0.4,,0.39,0.0,0.0,0
scipy/scipy,e5bf7c058688a8f25495e13ac29431712ccde6bc,e5bf7c0586,TYP: use modern generic standard collection types (#24920),other,Python,Joren Hammudoglu,2026-03-28 00:13:56+00:00,0,5,1,1,13,14,7,0,5,10.6,0,clean,Python,2024-2026,1.0,,0.87,0.0,1.32,1
scipy/scipy,65485f8e4033eef70c1cc676cc403a7e965584f5,65485f8e40,TYP: remove unnecessary ``from __future__ import annotations`` in ``signal._signaltools`` (#24918),other,Python,Joren Hammudoglu,2026-03-28 00:14:34+00:00,0,5,1,1,0,1,1,0,0,0.0,0,clean,Python,2024-2026,1.0,,0.0,0.0,0.0,1
numpy/numpy,e13e931465415da97890ea6d4c95b14d4d2e68c3,e13e931465,MAINT: numpy.i: Replace deprecated `sprintf` with `snprintf` (#31056),other,Unknown,Denis Prokopenko,2026-03-28 11:04:08-06:00,11,5,1,0,10,9,1,0,0,0.0,0,clean,Python,2024-2026,1.0,,1.0,0.0,0.0,0
scipy/scipy,2f285c8c457121d5d696ef39ae0f7c840758aed0,2f285c8c45,"DOC: tutorial/interpolate: move the ""extrapolate"" section",docs,Unknown,Florian Bourgey,2026-03-28 11:06:25+01:00,11,5,1,0,133,133,1,0,0,0.0,0,clean,Python,2024-2026,1.0,,0.99,0.0,0.0,1
scipy/scipy,d613130386ad0c769539710865d838ecd6c40e42,d613130386,"DOC: interpolate/tutorial: small tweaks to the ""interpolate"" section  [docs only]",docs,Unknown,Evgeni Burovski,2026-03-28 11:08:59+01:00,11,5,1,0,23,7,1,0,0,0.0,0,clean,Python,2024-2026,1.0,,2.88,0.0,0.0,0
scipy/scipy,69b86b57f0519b28c7e29c94dcb677b7003f671f,69b86b57f0,MAINT: bump `mypy` to `1.19.1` (#24922),other,Unknown,Joren Hammudoglu,2026-03-28 13:20:04+00:00,13,5,1,0,4,4,4,0,0,0.0,0,clean,Python,2024-2026,1.0,,0.8,0.0,0.0,1
scipy/scipy,7b67444a6a3f8b76bbbf0b069dda326f09c85422,7b67444a6a,"BUG: signal: fix peak widths zero division error (#24817)  In cases where the user provides a negative prominence, this can cause a division by zero when interpolating peak widths. Fix this by skippin",bugfix,Python,Jake Bowhay,2026-03-28 16:52:11-06:00,16,5,1,0,17,2,2,1,1,1.0,1,keyword_strict,Python,2024-2026,0.4,,5.67,0.33,0.33,1
scipy/scipy,543d5628766ea0eaee873c373589c72bad19a8e5,543d562876,ENH: stats.rankdata: CuPy support via `repeat` workaround (#24919)  * Try out hack to make rankdata work in cupy  * Add comment explaining change  * Remove CuPy from skip_backends list for rankdata  *,bugfix,Python,Albert Steppi,2026-03-28 19:52:14+00:00,19,5,1,0,30,28,9,5,2,10.5,1,keyword_strict,Python,2024-2026,0.4,,1.03,0.5,1.05,2
numpy/numpy,3af177c5779ecf58b0d24137db68725d9ab35bcc,3af177c577,MAINT: Update main after 2.4.4 release.  - Forward port 2.4.4-notes.rst - Forward port 2.4.4-changelog.rst - Update release.rst  [skip azp] [skip cirrus] [skip actions],other,Unknown,Charles Harris,2026-03-29 09:01:18-06:00,9,6,1,0,71,0,3,0,0,0.0,0,clean,Python,2024-2026,1.0,,71.0,0.0,0.0,0
numpy/numpy,30dcf3cf9e844c6e36f780cb19fb6153ff74a59d,30dcf3cf9e,"ENH: Add internal real/imag ufuncs, use for attributes and refine object dtype (#30984)  Restructure real/imag attributes to use an `ArrayMethod` that can be registered similar to other ufuncs and sor",feature,C,Sebastian Berg,2026-03-29 11:48:00+02:00,11,6,1,0,754,191,26,2,34,4.68,0,clean,Python,2024-2026,1.0,,3.93,0.07,0.17,0
numpy/numpy,5de81a539d5affd7e5fecb2b1f53f88f23c7eab2,5de81a539d,ENH: Improve performance of ufuncs using NPY_METH_NO_FLOATINGPOINT_ERRORS (#30987),other,C,Pieter Eendebak,2026-03-29 11:49:18+02:00,11,6,1,0,64,5,5,0,5,12.2,0,clean,Python,2024-2026,1.0,,10.67,0.0,2.03,0
scipy/scipy,9d88ff1739705d8c9f483eca014d6293d499c260,9d88ff1739,BUG: integrate: fix VODE Jacobian transposition in dvode_jacobian_thunk (#24934)  dvode_jacobian_thunk() had a memcpy fast-path that was silently transposing the Jacobian on every call. Remove this an,bugfix,C,Alex Lubbock,2026-03-29 11:58:31+01:00,11,6,1,0,24,21,2,1,4,7.75,1,keyword_strict,Python,2024-2026,0.4,,1.09,0.33,2.58,0
numpy/numpy,feeaad6bfc632602bfdac1061cc606f963650187,feeaad6bfc,DEP: Deprecate 'generic' unit in np.timedelta64 (#29619)  This PR deprecates the generic unit in np.timedelta64. Using this unit can lead to unexpected behavior in some cases. Using generic unit now r,other,Python,riku-sakamoto,2026-03-29 12:37:03+02:00,12,6,1,0,453,203,23,19,50,4.14,0,clean,Python,2024-2026,1.0,,2.22,0.79,0.17,0
scipy/scipy,d43e6f1d8a6480414ef23407080f2586d4c3c49d,d43e6f1d8a,"Apply suggestions from code review  Thanks, updated to take your review suggestion along.  Co-authored-by: Florian Bourgey <bourgeyflorian@gmail.com>",other,Unknown,Evgeni Burovski,2026-03-29 13:37:26+02:00,13,6,1,0,5,5,1,0,0,0.0,0,clean,Python,2024-2026,1.0,,0.83,0.0,0.0,0
numpy/numpy,d56649bb2bef8c5035d69de45d32277a08d3b81b,d56649bb2b,TYP: deprecate unitless ``timedelta64`` construction,other,Python,jorenham,2026-03-29 18:51:55+02:00,18,6,1,0,55,20,4,0,0,0.0,0,clean,Python,2024-2026,1.0,,2.62,0.0,0.0,0
scipy/scipy,dccfec6008c82193b0d6a87069619627ce3ba3c9,dccfec6008,MAINT: rework of 'overwrite_b' situation to be more faithful to old implementation  - Now works the same as in old versions: just return the entire `b`   array returned by LAPACK and then postprocess ,feature,Python,Basil Liekens,2026-03-29 20:45:19+02:00,20,6,1,0,57,75,5,1,3,21.0,0,clean,Python,2024-2026,1.0,,0.75,0.17,3.5,0
scipy/scipy,7a05f13b66fd46019640ea90b98cc65d5cb916d8,7a05f13b66,"TST: add a test for Cython ABI stability  The test generator needs to be run against a previously released SciPy version. We check in the result, so it's available when running locally (the checks are",feature,Python,Ralf Gommers,2026-03-29 20:51:37+02:00,20,6,1,0,248,0,1,1,2,4.0,0,clean,Python,2024-2026,1.0,,248.0,0.5,2.0,2
scipy/scipy,4e096486676fc29c0de256b70d451924904018dd,4e09648667,TST: optimize: add the generated files for Cython ABI checks  Generated against a SciPy 1.17.1 installed from PyPI,feature,Python,Ralf Gommers,2026-03-29 20:51:42+02:00,20,6,1,0,97,0,3,1,2,4.0,0,clean,Python,2024-2026,1.0,,97.0,0.25,1.0,2
scipy/scipy,ca148f16d50cc5b1762276d9ff8118c6410fc9b9,ca148f16d5,TST: linalg: add the generated files for Cython ABI checks  Generated against a SciPy 1.17.1 installed from PyPI.,feature,Python,Ralf Gommers,2026-03-29 20:51:42+02:00,20,6,1,0,1772,0,3,1,3,4.33,0,clean,Python,2024-2026,1.0,,1772.0,0.25,1.08,2
scipy/scipy,a23989a51c17d0ebdf8d2d081330fa11224ba2be,a23989a51c,"BUG: fix `cython_blas`/`cython_lapack` ABI breakage from blas_int typedef  Cython encodes typedef names into `__pyx_capi__` PyCapsule signature strings, so replacing `int` with `blas_int` in function ",bugfix,Python,Ralf Gommers,2026-03-29 22:07:05+02:00,22,6,1,1,56,30,2,0,4,4.25,0,clean,Python,2024-2026,1.0,,1.81,0.0,1.42,2
scipy/scipy,8416875870e078ef25a30720069104ce2dfa857a,8416875870,"DOC: fix Rotation.apply docstring matrix formula  The docs stated the application was equivalent to `self.as_matrix() @ vectors`, but this has mismatched dimensions for vectors of shape (N, 3): the ro",bugfix,Python,Leo Ji,2026-03-30 00:46:34+00:00,0,0,0,1,1,1,1,0,1,6.0,0,clean,Python,2024-2026,1.0,,0.5,0.0,3.0,0
scipy/scipy,1251c016e2629d90fcdf32c5ad560141b0122157,1251c016e2,DOC: use newaxis form to match implementation  Made-with: Cursor,feature,Python,Leo Ji,2026-03-30 12:25:23+00:00,12,0,0,0,1,1,1,0,1,6.0,0,clean,Python,2024-2026,1.0,,0.5,0.0,3.0,0
scipy/scipy,a8c66e69c55b93a685380da230e56e5b1b923fe5,a8c66e69c5,DOC: keep_feasible explanation,docs,Python,Andrew Nelson,2026-03-30 12:31:21+11:00,12,0,0,0,30,0,1,0,0,0.0,0,clean,Python,2024-2026,1.0,,30.0,0.0,0.0,0
numpy/numpy,57a247674104858e3322cafe277bc5e5ffe84d94,57a2476741,"MAINT: f2py: Stop setting re._MAXCACHE to 50.  The value has been set to 50 for more than 20 years.  Computers generally have much more memory now than they did 20 years ago, so we should be able to l",other,Python,Warren Weckesser,2026-03-30 12:54:21-04:00,12,0,0,0,0,1,1,0,0,0.0,0,clean,Python,2024-2026,1.0,,0.0,0.0,0.0,1
pola-rs/polars,e3d880a7874f0930184eb34f3a7aae0049b3af3a,e3d880a787,fix: Reject invalid input to `sql_expr` (#27084),bugfix,Rust,Alexander Beedie,2026-03-30 14:04:36+04:00,14,0,0,0,83,12,3,1,5,2.8,0,clean,Python,2024-2026,1.0,,6.38,0.25,0.7,0
pola-rs/polars,0f9aee0c91760e6ed14bd11b92567b80f7343a0a,0f9aee0c91,test(python): Add explicit `ResourceWarning` coverage (#27083),feature,Python,Alexander Beedie,2026-03-30 14:05:16+04:00,14,0,0,0,33,7,3,2,3,1.0,0,clean,Python,2024-2026,1.0,,4.12,0.5,0.25,0
pola-rs/polars,052d4b8dcd086ce4f5c5563ceb62efce4d9d3030,052d4b8dcd,docs(python): Normalise `Series` docstring whitespace indents (#27082),docs,Python,Alexander Beedie,2026-03-30 14:05:33+04:00,14,0,0,0,340,340,1,0,60,1.27,0,clean,Python,2024-2026,1.0,,1.0,0.0,0.64,0
pola-rs/polars,b535c62295c73712d4e779dccbbf3b8e669bce14,b535c62295,chore(python): Improve internal typing ahead of using `ty` / `pyrefly` (#27050),other,Python,Marco Edward Gorelli,2026-03-30 14:48:14+02:00,14,0,0,0,37,18,5,1,6,16.83,0,clean,Python,2024-2026,1.0,,1.95,0.17,2.8,0
pola-rs/polars,0a5a8a0ab03682688843e2a402e658a29019bed0,0a5a8a0ab0,perf: Take into account size per row in join sampling (#27098),other,Rust,Orson Peters,2026-03-30 15:41:58+02:00,15,0,0,0,14,2,1,0,2,13.5,0,clean,Python,2024-2026,1.0,,4.67,0.0,6.75,0
numpy/numpy,38fb93db6e83689033b0770c067e5480b315f830,38fb93db6e,MAINT: Bump pytest-cov from 7.0.0 to 7.1.0 in /requirements  Bumps [pytest-cov](https://github.com/pytest-dev/pytest-cov) from 7.0.0 to 7.1.0. - [Changelog](https://github.com/pytest-dev/pytest-cov/bl,test,Unknown,dependabot[bot],2026-03-30 19:22:07+00:00,19,0,0,0,1,1,1,1,0,0.0,0,clean,Python,2024-2026,1.0,,0.5,0.5,0.0,0
pola-rs/polars,dd821ae04dbadb975fc7510f2678492079960608,dd821ae04d,fix: Ensure SQL `COUNT(<lit>)` expressions return the correct value (#27085),bugfix,Rust,Alexander Beedie,2026-03-30 20:53:31+11:00,20,0,0,0,30,2,2,1,3,7.0,0,clean,Python,2024-2026,1.0,,10.0,0.33,2.33,0
numpy/numpy,86378b1a926e28498e77b7ff1711d14eae6755b4,86378b1a92,fix dir structure  Signed-off-by: aaronzuo <anarionzuo@outlook.com>,bugfix,Python,aaronzuo,2026-03-30 21:56:59+08:00,21,0,0,0,0,0,1,1,0,0.0,0,clean,Python,2024-2026,1.0,,0.0,0.5,0.0,0
pola-rs/polars,b920d237c02d85b13c0b9cbc03a05cbd0f06538d,b920d237c0,docs(python): Add missing docstrings for Expr.struct.__getitem__ and Series.__setitem__ (#27092),feature,Python,Chung Yi Huang,2026-03-30 22:44:29+11:00,22,0,0,1,85,0,4,0,2,9.0,0,clean,Python,2024-2026,1.0,,85.0,0.0,1.8,0
scipy/scipy,8e9c63408472ae99c2dfd17a9f1d45a9d15544dc,8e9c634084,[skip ci],other,Python,Jake Bowhay,2026-03-30 22:44:33+01:00,22,0,0,1,1,0,1,1,1,3.0,0,clean,Python,2024-2026,1.0,,1.0,0.5,1.5,2
scipy/scipy,b99b760a103ddd7bc055229c03698641baedbd89,b99b760a10,[skip ci],other,Python,Jake Bowhay,2026-03-30 22:45:08+01:00,22,0,0,1,1,1,1,1,1,3.0,0,clean,Python,2024-2026,1.0,,0.5,0.5,1.5,2
scipy/scipy,8e3dbe7b46a404bb978c3bab1988e9dd38c27e97,8e3dbe7b46,"MAINT: linalg: fix test_dtypes for ""m"" deprecation (#24946)",bugfix,Python,Evgeni Burovski,2026-03-31 01:30:26+02:00,1,1,0,1,4,0,1,1,2,4.0,1,keyword_strict,Python,2024-2026,0.4,,4.0,0.5,2.0,0
pola-rs/polars,4cbbdfa3d9fafcece07d57dc096b3070dde1c9c6,4cbbdfa3d9,docs: Put first-time contribution requirements in its own linkable section (#27113),docs,Unknown,Orson Peters,2026-03-31 11:09:20+02:00,11,1,0,0,9,7,1,0,0,0.0,0,clean,Python,2024-2026,1.0,,1.12,0.0,0.0,0
pola-rs/polars,58a8364e3ec4183497f1ec09e284eb4d85f3bc04,58a8364e3e,fix: Ignore `ddof` parameter in `rolling_corr` and deprecate (#27104)  Co-authored-by: Orson Peters <orsonpeters@gmail.com>,bugfix,Python,Kevin Patyk,2026-03-31 11:09:39+02:00,11,1,0,0,34,3,3,1,3,7.67,0,clean,Python,2024-2026,1.0,,8.5,0.25,1.92,0
pola-rs/polars,8bdbabbaacadc65815a0da94bda7837d4284a05c,8bdbabbaac,fix: Apply scalar bound in `clip` when the Series bound contains nulls (#27087)  Co-authored-by: nameexhaustion <simonlin.rqmmw@slmail.me>,bugfix,Rust,GAUTAM V DATLA,2026-03-31 11:11:27+02:00,11,1,0,0,86,18,2,1,5,4.0,0,clean,Python,2024-2026,1.0,,4.53,0.33,1.33,0
pola-rs/polars,e7b96168f6472679bf093d45952edf9e992981a2,e7b96168f6,refactor(rust): Add memory usage tracking to global allocator (#27103),feature,Rust,Orson Peters,2026-03-31 13:25:12+02:00,13,1,0,0,122,34,8,0,12,2.0,0,clean,Python,2024-2026,1.0,,3.49,0.0,0.22,0
numpy/numpy,24dc6539dcad490540b7ee858506fdd8e44af1b1,24dc6539dc,BUG: fix heap buffer overflow in timedelta to string casts,bugfix,C,Nathan Goldbaum,2026-03-31 15:23:08-06:00,15,1,0,0,7,0,2,1,2,5.0,0,clean,Python,2024-2026,1.0,,7.0,0.33,1.67,0
pola-rs/polars,67d0022a6dcbab63a1fa61d3f8c51c386f3b7366,67d0022a6d,"feat(python): Change default scan/read_lines column name from ""lines"" to ""line"" (#27122)",feature,Python,nameexhaustion,2026-03-31 15:36:56+02:00,15,1,0,0,22,22,4,3,8,3.5,0,clean,Python,2024-2026,1.0,,0.96,0.6,0.7,0
pola-rs/polars,bedd8960edfa2715ad8e373ea7fe116433b389fa,bedd8960ed,docs: Make the files used in docs available locally (#27121),docs,Python,Thijs Nieuwdorp,2026-03-31 15:39:52+02:00,15,1,0,0,240,20,7,0,0,0.0,0,clean,Python,2024-2026,1.0,,11.43,0.0,0.0,0
pola-rs/polars,659815c3e6fa93ee25cc155c3095948343af9f7c,659815c3e6,fix: Fix incorrect IO metrics on multi-phase streaming execution (#27123),bugfix,Rust,nameexhaustion,2026-03-31 18:42:49+02:00,18,1,0,0,238,86,15,1,43,11.23,0,clean,Python,2024-2026,1.0,,2.74,0.06,0.7,0
pola-rs/polars,89b1646de38d4237f4d4a1c314bfb3569f9aa67a,89b1646de3,fix: Preserve casts for horizontal ops with untyped literals (#27011),bugfix,Rust,abhidotsh,2026-03-31 19:31:39+11:00,19,1,0,0,105,7,2,1,4,3.25,0,clean,Python,2024-2026,1.0,,13.12,0.33,1.08,0
scipy/scipy,95c22b5b79a5941d2ba69f48b7ae9f8cc4cf87dd,95c22b5b79,DOC: add link to AI policy in CONTRIBUTING.rst  [docs only],feature,Unknown,Jake Bowhay,2026-03-31 21:20:37+01:00,21,1,0,0,4,0,1,0,0,0.0,0,clean,Python,2024-2026,1.0,,4.0,0.0,0.0,2
scipy/scipy,2f1a3b7f5a665ad739e42139aeb077b137b071d7,2f1a3b7f5a,[skip ci]  Co-authored-by: Matt Haberland <matt.haberland@gmail.com>,other,Unknown,Jake Bowhay,2026-03-31 22:37:43+01:00,22,1,0,1,2,2,1,0,0,0.0,0,clean,Python,2024-2026,1.0,,0.67,0.0,0.0,2
pola-rs/polars,264dc831fdf6661f0b1c76edf65762b96644fadf,264dc831fd,perf: Use delta stats for mixed hive and non-hive predicate pushdown (#27102),other,Rust,Koen Denecker,2026-04-01 00:57:36+11:00,0,2,0,1,121,59,2,1,2,9.5,0,clean,Python,2024-2026,1.0,,2.02,0.33,3.17,0
pola-rs/polars,bdb989d0e3a78c698bc05bbd02c4b08c7194abeb,bdb989d0e3,chore(python): Add None & Dataframe to FrameInitTypes (#27126)  Co-authored-by: Dani Pinyol <dani@avatarcognition.com>,feature,Python,Daniel Pinyol,2026-04-01 15:35:28+02:00,15,2,0,0,4,1,1,0,0,0.0,0,clean,Python,2024-2026,1.0,,2.0,0.0,0.0,0
pola-rs/polars,a4d366fdbe6d984dbb993d10647e1bf6ea75d3d2,a4d366fdbe,fix(python): Address a potential overflow in `from_epoch` scaling (#27118)  Co-authored-by: Orson Peters <orsonpeters@gmail.com>,bugfix,Python,Alexander Beedie,2026-04-01 15:35:51+02:00,15,2,0,0,72,2,2,1,2,5.0,0,clean,Python,2024-2026,1.0,,24.0,0.33,1.67,0
pola-rs/polars,c05981b7be03b4be31404f8a72cec32029ebe8d9,c05981b7be,chore(python): Make internal typing more precise (part ii) (#27117),other,Python,Marco Edward Gorelli,2026-04-01 15:45:51+02:00,15,2,0,0,29,34,4,0,3,2.67,0,clean,Python,2024-2026,1.0,,0.83,0.0,0.53,0
numpy/numpy,bb16d6c195dcaaacf6cc943aa6212cd42ba885e9,bb16d6c195,"MAINT: Gitignore personal AI config files.  This only covers cursor and claude, copilot has other options.  Grok (xAI) generated the list of files to ignore.  [skip azp] [skip cirrus] [skip actions]",other,Unknown,Charles Harris,2026-04-01 17:10:29-06:00,17,2,0,0,67,0,1,0,0,0.0,0,clean,Python,2024-2026,1.0,,67.0,0.0,0.0,0
pola-rs/polars,c508c560630edb1b9ad9541d91887e1fa2545661,c508c56063,refactor: Simplify pyarrow scan and process in batches (#26982),refactor,Python,Ritchie Vink,2026-04-01 19:38:33+02:00,19,2,0,0,44,65,5,1,6,8.0,0,clean,Python,2024-2026,1.0,,0.67,0.17,1.33,0
pola-rs/polars,27694e4302aa292ac4f7f971106df87fad47095f,27694e4302,fix: Skip extension types for min/max in describe (#27120),bugfix,Python,Orson Peters,2026-04-01 19:39:15+02:00,19,2,0,0,14,1,2,0,3,11.0,0,clean,Python,2024-2026,1.0,,7.0,0.0,3.67,0
pola-rs/polars,a15b6d93c01cc9f8089398baf57e91a598a8adac,a15b6d93c0,fix: Output SVG if output_path ends with '.svg' in show_graph (#27144),bugfix,Python,Orson Peters,2026-04-01 19:39:39+02:00,19,2,0,0,2,1,1,0,1,13.0,0,clean,Python,2024-2026,1.0,,1.0,0.0,6.5,0
pola-rs/polars,67422be64b3eb737a6c671aeb5826caf1651fbeb,67422be64b,chore: Update nightly Rust compiler version (#27145),other,Rust,Kevin Patyk,2026-04-01 19:41:40+02:00,19,2,0,0,153,121,35,1,32,13.94,0,clean,Python,2024-2026,1.0,,1.25,0.03,0.39,0
pola-rs/polars,21b24fc92b0f9cc50ddfc259fac71f43dc77a721,21b24fc92b,perf: Remove unused expression sorts (#27075),other,Rust,nameexhaustion,2026-04-01 21:14:42+11:00,21,2,0,0,1815,1191,16,1,43,8.19,0,clean,Python,2024-2026,1.0,,1.52,0.06,0.48,0
scipy/scipy,2d223a718f13ab5e09eccab2f1da46af16529bcd,2d223a718f,"ENH: return `NaN` for non full column rank inputs instead of empty residuals  - Previously empty residuals were returned if the slice was to be non   full-column rank. However, in batched inputs this ",other,Python,Basil Liekens,2026-04-01 21:28:33+02:00,21,2,0,0,42,2,2,1,2,13.0,0,clean,Python,2024-2026,1.0,,14.0,0.33,4.33,0
numpy/numpy,c34626dc9403ed5594bf7e98411d696ab025106a,c34626dc94,MAINT: Bump pyrefly from 0.57.1 to 0.58.0 in /requirements  Bumps [pyrefly](https://github.com/facebook/pyrefly) from 0.57.1 to 0.58.0. - [Release notes](https://github.com/facebook/pyrefly/releases) ,other,Unknown,dependabot[bot],2026-04-01 22:47:46+00:00,22,2,0,1,1,1,1,0,0,0.0,0,clean,Python,2024-2026,1.0,,0.5,0.0,0.0,0
numpy/numpy,a2850ae6c3da64643103523df310d57ee73448e9,a2850ae6c3,MAINT: Enable linting with ruff E501,other,Python,nakul-krishnakumar,2026-04-02 01:58:27+05:30,1,3,0,1,65,19,3,2,1,1.0,0,clean,Python,2024-2026,1.0,,3.25,0.5,0.25,0
numpy/numpy,901a3dc333167bb4e874787676204288eb97afc9,901a3dc333,MAINT: Enable linting with ruff E501,other,Python,nakul-krishnakumar,2026-04-02 02:17:25+05:30,2,3,0,1,10,9,1,1,0,0.0,0,clean,Python,2024-2026,1.0,,1.0,0.5,0.0,0
pola-rs/polars,a06064c39d7e2d0f34f14fbcb8c891a33fd42c78,a06064c39d,feat: Allow `group_by()` without key exprs (#27141),feature,Rust,nameexhaustion,2026-04-02 09:50:48+02:00,9,3,0,0,148,22,4,2,6,36.0,0,clean,Python,2024-2026,1.0,,6.43,0.4,7.2,0
numpy/numpy,4a0422470278dd78012f387bf99d2f32e9bc1350,4a04224702,"TYP: ``cum{sum,prod}`` and ``cumulative_{sum,prod}`` shape-typing",other,Unknown,jorenham,2026-04-02 10:55:31+02:00,10,3,0,0,209,102,3,0,0,0.0,0,clean,Python,2024-2026,1.0,,2.03,0.0,0.0,0
numpy/numpy,e08c138ca7eda0aa5a85eab0a1e115e27c8ae15d,e08c138ca7,"Revert ""MAINT: Enable linting with ruff E501""  This reverts commit 901a3dc333167bb4e874787676204288eb97afc9.",other,Python,nakul-krishnakumar,2026-04-02 11:23:42+05:30,11,3,0,0,9,10,1,1,0,0.0,0,clean,Python,2024-2026,1.0,,0.82,0.5,0.0,0
numpy/numpy,f4643677a29deadec963906f00982432d92663bf,f4643677a2,revert: MAINT: Enable ruff linting in test_linalg.py,test,Python,nakul-krishnakumar,2026-04-02 11:35:46+05:30,11,3,0,0,14,48,2,1,1,1.0,0,clean,Python,2024-2026,1.0,,0.29,0.33,0.33,0
scipy/scipy,4dc9c5700f93875326206473db1c638f45cdf2c8,4dc9c5700f,ENH: add Pixi package definition (#24839)  * ENH: add Pixi package definition  [skip circle]  * try clang 22 [skip circle]  * Update pixi-packages.yml [skip circle],feature,Unknown,Lucas Colley,2026-04-02 13:17:05+01:00,13,3,0,0,75,4,3,0,0,0.0,0,clean,Python,2024-2026,1.0,,15.0,0.0,0.0,3
numpy/numpy,9363f0ab63e8f08bf52b9ffbec65145c5ca82256,9363f0ab63,DOC: Add release note for polyvalnd feature,feature,Unknown,Rishabh Dewangan,2026-04-02 13:30:16+05:30,13,3,0,0,5,0,1,0,0,0.0,0,clean,Python,2024-2026,1.0,,5.0,0.0,0.0,0
numpy/numpy,8c8bd16daccd2e0b869aa82d26a023b41adb7136,8c8bd16dac,ENH: Add N-D evaluation (valnd) to polynomial sibling classes,feature,Python,Rishabh Dewangan,2026-04-02 13:30:16+05:30,13,3,0,0,361,5,16,5,10,1.0,0,clean,Python,2024-2026,1.0,,60.17,0.29,0.06,0
numpy/numpy,f5f877122ea019b872327677f43f6a883793123d,f5f877122e,ENH: Add polyvalnd to base polynomial module,feature,Python,Rishabh Dewangan,2026-04-02 13:30:16+05:30,13,3,0,0,119,1,4,1,3,1.0,0,clean,Python,2024-2026,1.0,,59.5,0.2,0.2,0
numpy/numpy,5b37d23bbb236f92c35833785948d32f9845a402,5b37d23bbb,MAINT: Fix ruff linting errors for line length and escape sequences,bugfix,Python,Rishabh Dewangan,2026-04-02 13:30:17+05:30,13,3,0,0,54,30,8,2,7,1.0,0,clean,Python,2024-2026,1.0,,1.74,0.22,0.11,0
pola-rs/polars,d9d384edc04d14b965ae06bb9ab66383e9bba137,d9d384edc0,fix: Reset IO metrics instead of consuming (#27156),bugfix,Rust,nameexhaustion,2026-04-02 13:52:40+02:00,13,3,0,0,26,32,2,0,4,2.5,0,clean,Python,2024-2026,1.0,,0.79,0.0,0.83,0
pola-rs/polars,9a5f99c9b841ff57e27cce7fac9c15b8e581d136,9a5f99c9b8,feat(rust): Add a GPU slot to OptFlags so we can control CSE (similar to streaming) (#27026),feature,Rust,Lawrence Mitchell,2026-04-02 14:07:25+01:00,14,3,0,0,21,6,4,0,5,10.0,0,clean,Python,2024-2026,1.0,,3.0,0.0,2.0,0
numpy/numpy,89f607150fc92b6284d03bb9c31ee4f9fc2a0a89,89f607150f,DOC: Update valnd docstrings and math formatting based on review,docs,Python,Rishabh Dewangan,2026-04-02 14:23:53+05:30,14,3,0,0,24,18,6,0,6,1.0,0,clean,Python,2024-2026,1.0,,1.26,0.0,0.14,0
scipy/scipy,089d589fc8600d5ddc5f052b6f4cf6b6931ec301,089d589fc8,"CI: fix issue with pkgconf-pypi no longer finding openblas  This is a band aid to fix CI. This should probably be done better in a follow-up, integrating this in `.spin/cmds.py`.  See https://github.c",bugfix,Unknown,Ralf Gommers,2026-04-02 14:53:06+02:00,14,3,0,0,1,0,1,0,0,0.0,0,clean,Python,2024-2026,1.0,,1.0,0.0,0.0,2
numpy/numpy,8a0557f40b6085751b3ba321c6cfe699b28c67d7,8a0557f40b,"CI/BUG: add native jobs for s390x, fix bug in `pack_inner` (#30819)",bugfix,C,Aleksei Nikiforov,2026-04-02 15:40:22+02:00,15,3,0,0,63,32,6,1,2,1.0,0,clean,Python,2024-2026,1.0,,1.91,0.14,0.14,0
numpy/numpy,a0338f2f999d4b61fdcb6bf4646e5c77ed159991,a0338f2f99,BUG: avoid precision loss when printing user-defined floating dtypes (#30798)  Uses `str()` as a default for formatting user dtypes for whch the `dtype.type`'s module isn't `numpy`.  The NumPy variabl,bugfix,Python,Shreya Ghorui,2026-04-02 16:53:02+02:00,16,3,0,0,40,0,3,2,2,9.5,0,clean,Python,2024-2026,1.0,,40.0,0.5,2.38,0
numpy/numpy,14ace212068de09548930b9dd48970d704683a36,14ace21206,Merge pull request #30952 from jeanwsr/f2py-doc-win  DOC: f2py: update info about conda compilers,docs,Unknown,Shirong Wang,2026-04-02 17:45:32+02:00,17,3,0,0,2,9,2,0,0,0.0,0,clean,Python,2024-2026,1.0,,0.2,0.0,0.0,0
pola-rs/polars,06aeef8ee5c0ef2683a582b515f3ed381a998492,06aeef8ee5,"Revert ""feat: Support casting Duration to String in ISO 8601 format"" (#27161)",feature,Rust,nameexhaustion,2026-04-02 22:12:59+02:00,22,3,0,1,0,142,3,1,9,5.33,0,clean,Python,2024-2026,1.0,,0.0,0.25,1.33,0
numpy/numpy,6376466ebcf039a6328f579f9bfaba68db06222d,6376466ebc,TYP: ``transpose`` and ``matrix_transpose`` shape-typing,other,Unknown,jorenham,2026-04-02 23:59:58+02:00,23,3,0,1,16,11,3,0,0,0.0,0,clean,Python,2024-2026,1.0,,1.33,0.0,0.0,0
numpy/numpy,aa1d556eadd2f565d11ed851a834bf4e3a43c5f2,aa1d556ead,TYP: ``sort`` and ``argsort`` shape-typing,other,Unknown,jorenham,2026-04-03 00:20:49+02:00,0,4,0,1,77,12,3,0,0,0.0,0,clean,Python,2024-2026,1.0,,5.92,0.0,0.0,0
numpy/numpy,fc3f5f5d4e9fc4d36ba103abb3f1f8ba87ae474d,fc3f5f5d4e,update according to code review,other,Python,nakul-krishnakumar,2026-04-03 00:42:09+05:30,0,4,0,1,4,14,1,1,0,0.0,0,clean,Python,2024-2026,1.0,,0.27,0.5,0.0,0
scipy/scipy,fde07b0575114dce9ffa64fac8aeb1c9cc822348,fde07b0575,DOC: interpolate: add tutorial on how to fill an image from its boundary (#23951)  * DOC: Add a tutorial covering how to fill an image from its boundary.  The original query was about estimating the b,feature,Unknown,DWesl,2026-04-03 09:31:21+02:00,9,4,0,0,566,0,2,0,0,0.0,0,clean,Python,2024-2026,1.0,,566.0,0.0,0.0,0
scipy/scipy,bab01d323309c683e6b08ef6c0ff6844924d462d,bab01d3233,MAINT: linalg: refactor sanity checks,refactor,Unknown,Evgeni Burovski,2026-04-03 09:33:55+02:00,9,4,0,0,64,104,1,0,10,18.6,0,clean,Python,2024-2026,1.0,,0.61,0.0,9.3,1
numpy/numpy,09d26055d17f53d1844dd06811ae9514c47da530,09d26055d1,TYP: ``clip`` and ``[a]round`` shape-typing,other,Unknown,jorenham,2026-04-03 10:36:47+02:00,10,4,0,0,9,7,3,0,0,0.0,0,clean,Python,2024-2026,1.0,,1.12,0.0,0.0,0
scipy/scipy,ce1f46f895c4e06f4aafcd0bb43f84f93b81cc3a,ce1f46f895,ENH: linalg.cholesky: leverage symmetry for performance (#24913)  * ENH: Improve Cholesky performance  Reviewed at https://github.com/scipy/scipy/pull/24913,other,Python,Jonathan Brodrick,2026-04-03 12:32:29+02:00,12,4,0,0,127,62,5,1,6,4.83,0,clean,Python,2024-2026,1.0,,2.02,0.17,0.8,0
pola-rs/polars,1b011ff36b2d834984dd923fcbf8ee49d331ee4d,1b011ff36b,perf: Make `cut` output `Enum` and mark as elementwise (#27173),other,Python,Gijs Burghoorn,2026-04-03 17:49:51+02:00,17,4,0,0,163,57,7,2,18,5.17,0,clean,Python,2024-2026,1.0,,2.81,0.25,0.65,0
pola-rs/polars,cf3e1909ad8330bcd2efebd6adf1ce44769a7ac5,cf3e1909ad,fix(python): Replace multiprocessing.dummy.Pool with ThreadPoolExecutor (#27175),bugfix,Python,yonatan-genai,2026-04-03 17:51:36+02:00,17,4,0,0,15,28,1,0,1,23.0,0,clean,Python,2024-2026,1.0,,0.52,0.0,11.5,0
pola-rs/polars,a07deb2e2cc802aef8821331550dd3d21293bfe0,a07deb2e2c,fix: Streaming sort by-expressions were lowered incorrectly (#27158),bugfix,Rust,Orson Peters,2026-04-03 17:52:14+02:00,17,4,0,0,51,38,2,1,1,149.0,0,clean,Python,2024-2026,1.0,,1.31,0.33,49.67,0
numpy/numpy,b8232c5b6de09dfbd75ddfd09002d14bc4effdd8,b8232c5b6d,MAINT: Bump github/codeql-action from 4.32.6 to 4.35.1  Bumps [github/codeql-action](https://github.com/github/codeql-action) from 4.32.6 to 4.35.1. - [Release notes](https://github.com/github/codeql-,other,Unknown,dependabot[bot],2026-04-03 17:55:06+00:00,17,4,0,0,4,4,2,0,0,0.0,0,clean,Python,2024-2026,1.0,,0.8,0.0,0.0,0
numpy/numpy,c9137919564daa91c132e0700a68453482bed3a5,c913791956,MAINT: Bump ruff from 0.15.7 to 0.15.8 in /requirements  Bumps [ruff](https://github.com/astral-sh/ruff) from 0.15.7 to 0.15.8. - [Release notes](https://github.com/astral-sh/ruff/releases) - [Changel,bugfix,Unknown,dependabot[bot],2026-04-03 17:55:31+00:00,17,4,0,0,1,1,1,0,0,0.0,0,clean,Python,2024-2026,1.0,,0.5,0.0,0.0,0
numpy/numpy,206b77ec052475ca212a7d79b0fa9d3a12bafb8c,206b77ec05,TYP: ``inner`` shape-typing and transparent dtypes,other,Unknown,jorenham,2026-04-03 21:42:15+02:00,21,4,0,0,95,3,2,0,0,0.0,0,clean,Python,2024-2026,1.0,,23.75,0.0,0.0,0
scipy/scipy,04ffb0364bb5534535c5e5a30a00e0f1a81e67c1,04ffb0364b,CI: respect commit message skips in Pixi Packages workflow (#24970)  [skip circle],other,Unknown,Lucas Colley,2026-04-03 21:51:58+01:00,21,4,0,0,8,1,1,0,0,0.0,0,clean,Python,2024-2026,1.0,,4.0,0.0,0.0,3
numpy/numpy,07f410177d56af92c153c44c6e602acfe75a6b46,07f410177d,TYP: sync ``inner`` with ``ma.inner``,other,Unknown,jorenham,2026-04-03 22:00:42+02:00,22,4,0,1,36,1,1,0,0,0.0,0,clean,Python,2024-2026,1.0,,18.0,0.0,0.0,0
numpy/numpy,1dab0a7f0c81a923fa34574f471b136a4c2b050c,1dab0a7f0c,TYP: ``fromiter`` shape-typing and more dtype overloads,other,Unknown,jorenham,2026-04-03 22:20:05+02:00,22,4,0,1,61,13,2,0,0,0.0,0,clean,Python,2024-2026,1.0,,4.36,0.0,0.0,0
numpy/numpy,f6909f110da8aea0377b2674e75a5951fd5ffb3e,f6909f110d,TYP: ``ascontiguousarray`` and ``asfortranarray`` preliminary shape-typing,other,Unknown,jorenham,2026-04-03 23:06:22+02:00,23,4,0,1,34,14,2,0,0,0.0,0,clean,Python,2024-2026,1.0,,2.27,0.0,0.0,0
numpy/numpy,c08e4a2aaa75a7b34291c0ba40b8702a39582108,c08e4a2aaa,TYP: ``asarray`` shape-typing,other,Unknown,jorenham,2026-04-03 23:06:22+02:00,23,4,0,1,196,19,2,0,0,0.0,0,clean,Python,2024-2026,1.0,,9.8,0.0,0.0,0
numpy/numpy,19484f0ae79581b1dbb00f8817ff2dd317505e64,19484f0ae7,TYP: revert ``fromiter`` narrowed input type,other,Unknown,jorenham,2026-04-03 23:10:43+02:00,23,4,0,1,7,7,1,0,0,0.0,0,clean,Python,2024-2026,1.0,,0.88,0.0,0.0,0
numpy/numpy,106ecff89a80130a587c3ac07ea5d4fcbc68428e,106ecff89a,MAINT: Replace %-formatting with f-strings in remaining modules (UP031),other,Python,Noxaster,2026-04-04 05:10:01+02:00,5,5,1,1,66,70,19,6,34,7.47,0,clean,Python,2024-2026,1.0,,0.93,0.3,0.37,0
pola-rs/polars,dc672654005214c1572dc8516ac6899a63cd4d27,dc67265400,chore: Avoid unnecessary recompilation due to changing env vars (#27166),other,Python,Orson Peters,2026-04-04 09:57:18+02:00,9,5,1,0,57,14,4,0,0,0.0,0,clean,Python,2024-2026,1.0,,3.8,0.0,0.0,0
numpy/numpy,f05310478b07064ac9ecc7d715294215222877b2,f05310478b,TYP: ``nonzero`` and single-arg ``where`` shape-typing (#31143),other,Unknown,Joren Hammudoglu,2026-04-04 11:33:44-06:00,11,5,1,0,112,16,8,0,0,0.0,0,clean,Python,2024-2026,1.0,,6.59,0.0,0.0,1
numpy/numpy,873f5025bd9e06a52178ebb058216f8a872fe62a,873f5025bd,TYP: ``dot`` shape-typing,other,Unknown,jorenham,2026-04-04 12:38:50+02:00,12,5,1,0,91,12,2,0,0,0.0,0,clean,Python,2024-2026,1.0,,7.0,0.0,0.0,0
scipy/scipy,1c178d98ba9077198a8c8de53e3f7f149757e5ac,1c178d98ba,CI: win_arm64 removes LLVM install step (#24981)  * CI: refactor windows_arm64_steps,refactor,Unknown,Andrew Nelson,2026-04-04 15:56:03-06:00,15,5,1,0,5,37,3,0,0,0.0,0,clean,Python,2024-2026,1.0,,0.13,0.0,0.0,0
numpy/numpy,88052204859eb0e533d5d65802c0287d866f80bf,8805220485,CI: pin pkgconf,other,Unknown,Andrew Nelson,2026-04-04 16:17:36+11:00,16,5,1,0,2,2,1,0,0,0.0,0,clean,Python,2024-2026,1.0,,0.67,0.0,0.0,0
numpy/numpy,939e08482329d4adbb55be6cb540e67f3d9aa095,939e084823,TYP: ``mean`` and ``ndarray.mean`` shape-typing and improved dtypes (#31151),other,Unknown,Joren Hammudoglu,2026-04-04 16:38:40-06:00,16,5,1,0,300,75,4,0,0,0.0,0,clean,Python,2024-2026,1.0,,3.95,0.0,0.0,1
numpy/numpy,025cf8dab69b3749f1146e1be44c3bc96039295b,025cf8dab6,TYP: deprecate ``timedelta64`` unitless arithmetic,other,Python,jorenham,2026-04-04 16:54:23+02:00,16,5,1,0,86,44,5,0,0,0.0,0,clean,Python,2024-2026,1.0,,1.91,0.0,0.0,0
numpy/numpy,ca2823345a1535e6c0161417c08dcdd4a13baa8d,ca2823345a,"TYP: ``atleast_{1,2,3}d`` shape-typing",other,Unknown,jorenham,2026-04-04 18:08:55+02:00,18,5,1,0,40,0,2,0,0,0.0,0,clean,Python,2024-2026,1.0,,40.0,0.0,0.0,0
scipy/scipy,249ddd9e12fe483cdf3148e5443830ac7577b951,249ddd9e12,"MAINT: fix abs() truncation warnings for fblas_64.pyf.src in ILP64 builds  f2py passes abs() from pyf expressions verbatim into generated C code. In the ILP64 build, `F_INT` is `npy_int64` (long), so ",bugfix,Unknown,Ralf Gommers,2026-04-04 18:20:29+02:00,18,5,1,0,8,0,1,0,0,0.0,0,clean,Python,2024-2026,1.0,,8.0,0.0,0.0,2
numpy/numpy,b52dc9616e8c26b759d1f6d2b52fbffbf73b2b8b,b52dc9616e,TYP: ``fromregex`` shape-typing,other,Unknown,jorenham,2026-04-04 18:54:43+02:00,18,5,1,0,11,7,2,0,0,0.0,0,clean,Python,2024-2026,1.0,,1.38,0.0,0.0,0
scipy/scipy,fdd907f1b78a8a059f63dc5f92bdedba01e7d945,fdd907f1b7,CI: move c-cpp build mode to manual for codeql (#24964)  * DEV: move c-cpp build mode to manual for codeql  * DEV: create directory for codeql finalize  * DEV: remove codeql runs on PRs    * codeql wi,other,Unknown,Lucas Roberts,2026-04-04 19:47:46+01:00,19,5,1,0,15,12,1,0,0,0.0,0,clean,Python,2024-2026,1.0,,1.15,0.0,0.0,1
numpy/numpy,3da6343c331a58419b3dbe9cc34b034f894688eb,3da6343c33,CI: refactor windows_arm64_steps,refactor,Unknown,Andrew Nelson,2026-04-05 07:05:58+10:00,7,6,1,0,6,2,3,0,0,0.0,0,clean,Python,2024-2026,1.0,,2.0,0.0,0.0,0
numpy/numpy,e9827645c55b13d2f1cd98be751939fbc95bd4a3,e9827645c5,CI: refactor windows_arm64_steps,refactor,Unknown,Andrew Nelson,2026-04-05 07:06:26+10:00,7,6,1,0,7,26,2,0,0,0.0,0,clean,Python,2024-2026,1.0,,0.26,0.0,0.0,0
numpy/numpy,7c6283a1fb0bb745e17af925e97b1daa4cca59c8,7c6283a1fb,CI: change the platform detection,other,Unknown,Andrew Nelson,2026-04-05 07:18:03+10:00,7,6,1,0,1,1,1,0,0,0.0,0,clean,Python,2024-2026,1.0,,0.5,0.0,0.0,0
numpy/numpy,e495f00151207fab28b548926125ad07a3bdb497,e495f00151,CI: correct the pkgconf_requirements name,other,Unknown,Andrew Nelson,2026-04-05 07:25:54+10:00,7,6,1,0,1,1,1,0,0,0.0,0,clean,Python,2024-2026,1.0,,0.5,0.0,0.0,0
numpy/numpy,adb35e4938b09b6686052819b34b47e72ab078ee,adb35e4938,MAINT: bump ``mypy`` to ``1.20.0`` (#31153),other,Unknown,Joren Hammudoglu,2026-04-05 07:36:15-06:00,7,6,1,0,101,254,13,0,0,0.0,0,clean,Python,2024-2026,1.0,,0.4,0.0,0.0,1
numpy/numpy,5af314d0a5c5455302a9c2c34b61c9c36cf2f74e,5af314d0a5,TYP: ``std`` and ``var`` shape-typing and improved dtypes (#31154),other,Unknown,Joren Hammudoglu,2026-04-05 07:38:42-06:00,7,6,1,0,778,106,4,0,0,0.0,0,clean,Python,2024-2026,1.0,,7.27,0.0,0.0,1
pola-rs/polars,f64db8b258c00b0627262165e1ba0c2e62ffcd46,f64db8b258,perf: Always process pyarrow scan in batches (#27183),other,Python,Ritchie Vink,2026-04-05 09:20:47+02:00,9,6,1,0,28,10,1,0,2,8.0,0,clean,Python,2024-2026,1.0,,2.55,0.0,4.0,0
pola-rs/polars,fa2ed7e1a995e5a84a3949f008fdd12e9f0110cd,fa2ed7e1a9,fix(python): Support all integer dtypes for Series index assignment (#27188),bugfix,Python,Kevin Patyk,2026-04-05 10:02:20+02:00,10,6,1,0,29,4,2,1,4,4.25,0,clean,Python,2024-2026,1.0,,5.8,0.33,1.42,0
pola-rs/polars,7eb80ee27ab83f94f0a2f178ce2fc4df647f3e2d,7eb80ee27a,"perf: Optimize `drop_nulls().{first,last}()` to `{first,last}(ignore_nulls=True)` (#27187)",other,Rust,Gijs Burghoorn,2026-04-05 10:08:10+02:00,10,6,1,0,37,0,2,1,2,11.5,0,clean,Python,2024-2026,1.0,,37.0,0.33,3.83,0
pola-rs/polars,57454b8e0f16abd6a1ddcbd21b0fab17e4137218,57454b8e0f,fix: Don't trigger csv fast count if predicate is pushed down (#27190),bugfix,Rust,Ritchie Vink,2026-04-05 11:24:51+02:00,11,6,1,0,10,1,2,1,2,7.5,0,clean,Python,2024-2026,1.0,,5.0,0.33,2.5,0
pola-rs/polars,00d12e6977df506a33d5c309a0b2f87d43c80cf5,00d12e6977,chore: Remove unused attributes (#27191),other,Rust,Ritchie Vink,2026-04-05 11:25:06+02:00,11,6,1,0,2,7,2,0,0,0.0,0,clean,Python,2024-2026,1.0,,0.25,0.0,0.0,0
pola-rs/polars,bb93ba8e67a1f38951506ce044245560009fe55a,bb93ba8e67,perf: Post apply pyarrow filter in Polars' engine instead of pyarrow (#27192),other,Python,Ritchie Vink,2026-04-05 14:24:30+02:00,14,6,1,0,60,54,3,1,4,6.5,0,clean,Python,2024-2026,1.0,,1.09,0.25,1.62,0
numpy/numpy,d6dc07e5887bd16b9ab2f53911b1d1e2c493b0ff,d6dc07e588,"DOC: Fix typos  This is done via a script I wrote to report typos and after I checked them multiple times manually, I applied the correct ones.",bugfix,Python,Amir Sarabadani,2026-04-05 16:42:02+02:00,16,6,1,0,7,7,4,1,5,10.4,0,clean,Python,2024-2026,1.0,,0.88,0.2,2.08,0
numpy/numpy,b2b8d7cdd364ce92500eec1ad6c4d9c6ce97ea85,b2b8d7cdd3,Revert memoize change  It is correct: https://en.wikipedia.org/wiki/Memoization,other,Python,Amir Sarabadani,2026-04-05 17:31:09+02:00,17,6,1,0,3,3,1,0,2,1.0,0,clean,Python,2024-2026,1.0,,0.75,0.0,0.5,0
numpy/numpy,33ea714bab8165cf028a3aadfec2a7c78026dc0a,33ea714bab,TYP: ``sum`` and ``prod`` shape-typing and improved dtypes (#31160),other,Unknown,Joren Hammudoglu,2026-04-05 19:49:41-06:00,19,6,1,0,1213,259,5,0,0,0.0,0,clean,Python,2024-2026,1.0,,4.67,0.0,0.0,1
numpy/numpy,8203da6e4cdad722664fa740c7a9514104483f07,8203da6e4c,TYP: ``tile``: accept numpy scalars and arrays as second argument (#31161),other,Unknown,Joren Hammudoglu,2026-04-05 19:50:49-06:00,19,6,1,0,3,2,1,0,0,0.0,0,clean,Python,2024-2026,1.0,,1.0,0.0,0.0,1
scipy/scipy,86623d4dc9732995235917b11f7c5a56a8669201,86623d4dc9,CI: place upper limit on ccache size (#24948)  * CI: zero ccache stats counter before build  ccache keeps its stats in the same directory that it keeps the cache. This means that restoring the cache a,bugfix,Unknown,Nick ODell,2026-04-05 21:27:37+01:00,21,6,1,0,37,8,5,0,0,0.0,1,keyword_strict,Python,2024-2026,0.4,,4.11,0.0,0.0,0
scipy/scipy,be189786b9135a8f06a00bacda9266d9871122af,be189786b9,"DEV: avoid byte-compiling every .py file on a `spin build` call. (#24983)  This makes a `spin build` on an already-built scipy more than twice faster. Which also applies to `spin test`, and every othe",test,Python,Ralf Gommers,2026-04-05 21:31:29+01:00,21,6,1,0,3,0,1,0,1,20.0,0,clean,Python,2024-2026,1.0,,3.0,0.0,10.0,2
scipy/scipy,6127aa262546fcf0cc24e9f34858157ff73f99b3,6127aa2625,Fix AIX build break due to RAW Macro defined.  This PR fixes the AIX CI build break of scipy.  The build of Scipy in AIX breaks with the below error:  fdiagnostics-color=always -D_GLIBCXX_ASSERTIONS=1,bugfix,Unknown,Aditya Kamath,2026-04-06 03:41:40-05:00,3,0,0,1,10,10,3,0,1,24.0,0,clean,Python,2024-2026,1.0,,0.91,0.0,6.0,0
numpy/numpy,e58fd1f5cea606890441d83d12c274955e3a0ac6,e58fd1f5ce,MAINT: Bump astral-sh/setup-uv from 7.6.0 to 8.0.0  Bumps [astral-sh/setup-uv](https://github.com/astral-sh/setup-uv) from 7.6.0 to 8.0.0. - [Release notes](https://github.com/astral-sh/setup-uv/relea,feature,Unknown,dependabot[bot],2026-04-06 17:55:16+00:00,17,0,0,0,3,3,2,1,0,0.0,0,clean,Python,2024-2026,1.0,,0.75,0.33,0.0,0
numpy/numpy,bf699d071887cc7a0937b3f24375f027bddb7433,bf699d0718,MAINT: Bump int128/hide-comment-action from 1.53.0 to 1.54.0  Bumps [int128/hide-comment-action](https://github.com/int128/hide-comment-action) from 1.53.0 to 1.54.0. - [Release notes](https://github.,other,Unknown,dependabot[bot],2026-04-06 17:55:53+00:00,17,0,0,0,1,1,1,0,0,0.0,0,clean,Python,2024-2026,1.0,,0.5,0.0,0.0,0
scipy/scipy,673a23d9c52d10950dd4c69baec76360461debc5,673a23d9c5,TST: special: fix extremely slow `TestSystematic.test_gegenbauer_int` (#24984),bugfix,Python,Warren Weckesser,2026-04-06 17:59:21+01:00,17,0,0,0,1,1,1,1,1,1.0,1,keyword_strict,Python,2024-2026,0.4,,0.5,0.5,0.5,1
pola-rs/polars,efe654e437518e97acee1e545837fe3bfe65f4fb,efe654e437,fix(rust): Using checked arithmetic in `int96_to_i64_ns` to prevent overflow panic (#27129),bugfix,Rust,Kevin Patyk,2026-04-06 19:37:00+10:00,19,0,0,0,18,12,5,0,7,8.0,0,clean,Python,2024-2026,1.0,,1.38,0.0,1.33,0
numpy/numpy,cb0b58356554680beae240f3d42ad23a0e1cce36,cb0b583565,"TYP: ``[a]min``, ``[a]max``, ``ptp``: shape-typing and improved dtypes (#31163)",other,Unknown,Joren Hammudoglu,2026-04-06 19:46:59-06:00,19,0,0,0,708,82,4,0,0,0.0,0,clean,Python,2024-2026,1.0,,8.53,0.0,0.0,1
numpy/numpy,8c55907dc14287f09a723a4437871899b2201171,8c55907dc1,"TYP: ``ndarray.cum{prod,sum}`` shape-typing and improved dtypes (#31164)",other,Unknown,Joren Hammudoglu,2026-04-06 20:30:19-06:00,20,0,0,0,381,31,4,0,0,0.0,0,clean,Python,2024-2026,1.0,,11.91,0.0,0.0,1
numpy/numpy,cc3b09b7a98b0c281e71691d4bf48bb1a793ea3c,cc3b09b7a9,TYP: ``diagonal`` and ``ndarray.diagonal`` shape-typing (#31165),other,Unknown,Joren Hammudoglu,2026-04-06 20:31:40-06:00,20,0,0,0,73,5,5,0,0,0.0,0,clean,Python,2024-2026,1.0,,12.17,0.0,0.0,1
numpy/numpy,282d065c947161d34d28f418d008fce4587c1c37,282d065c94,"TYP: ``arg{min,max}`` shape-typing (#31166)",other,Unknown,Joren Hammudoglu,2026-04-06 20:32:32-06:00,20,0,0,0,222,80,6,0,0,0.0,0,clean,Python,2024-2026,1.0,,2.74,0.0,0.0,1
numpy/numpy,f2cffb4ee77b39f3ad62369dba3a90a9687a7bfd,f2cffb4ee7,TYP: ``partition`` shape-typing (#31169),other,Unknown,Joren Hammudoglu,2026-04-06 20:34:02-06:00,20,0,0,0,31,13,2,0,0,0.0,0,clean,Python,2024-2026,1.0,,2.21,0.0,0.0,1
numpy/numpy,af6be5de9040a77a841bde78acc9bf8f135834da,af6be5de90,DOC: release notes for the latest shape-typing improvements (#31172),test,Unknown,Joren Hammudoglu,2026-04-06 20:38:59-06:00,20,0,0,0,22,0,1,0,0,0.0,0,clean,Python,2024-2026,1.0,,22.0,0.0,0.0,1
scipy/scipy,99a805bf59dd82bc91af224ef2325b0fecdb59f9,99a805bf59,ENH: stats.contingency.crosstab: return `sparray` when `sparse=True`  Allow >2 input seqs in crosstab with sparse output. Use sparse arrays. Add tests.,feature,Python,Dan Schult,2026-04-07 05:36:29-07:00,5,1,0,1,22,25,2,1,6,3.17,0,clean,Python,2024-2026,1.0,,0.85,0.33,1.06,1
numpy/numpy,1d6144c8bebb97a23d011ffdb48b4bfc3664d575,1d6144c8be,TYP: ``all`` and ``any`` shape-typing (#31170),other,Unknown,Joren Hammudoglu,2026-04-07 09:22:29-06:00,9,1,0,0,151,65,4,0,0,0.0,0,clean,Python,2024-2026,1.0,,2.29,0.0,0.0,1
numpy/numpy,8868f644abcd323df00cf3d75a7774973f6f2ecd,8868f644ab,TYP: fix ``np.shape`` assignability issue for python lists (#31171),bugfix,Unknown,Joren Hammudoglu,2026-04-07 09:57:36-06:00,9,1,0,0,17,9,2,0,0,0.0,1,keyword_strict,Python,2024-2026,0.4,,1.7,0.0,0.0,1
numpy/numpy,bee41a195099419d569e5d7e7b841759a2161cab,bee41a1950,REV: Manual revert of float16 svml use (#31178),other,Python,Sebastian Berg,2026-04-07 10:00:42-06:00,10,1,0,0,1,45,2,1,1,2.0,0,clean,Python,2024-2026,1.0,,0.02,0.33,0.67,0
scipy/scipy,ba7d2623e5439c50e110db0fb0ace99bf68979b9,ba7d2623e5,ENH: integrate: support `sparray` in IVP and BVP (#24656)  * update ivp and bvp to use sparse arrays instead of sparse matrices  * try safely casting index arrays for LSODA routines  * tweak docs  * c,bugfix,Python,Dan Schult,2026-04-07 10:06:35+01:00,10,1,0,0,56,46,6,2,19,3.32,1,keyword_strict,Python,2024-2026,0.4,,1.19,0.29,0.47,1
numpy/numpy,3b024185c3dc2a89cd266174d78a29431131be0e,3b024185c3,DEP: Deprecate setting the dtype of an numpy.ndarray (#29575)  Co-authored-by: Sebastian Berg <sebastian@sipsolutions.net>,other,Python,Pieter Eendebak,2026-04-07 10:16:45+02:00,10,1,0,0,81,24,12,4,12,8.25,1,szz,Python,2024-2026,0.071,31281.0,3.24,0.31,0.63,0
scipy/scipy,4f8c40cdbb00318440afdd71db5a2cf8a739306f,4f8c40cdbb,MAINT: interpolate: Refactor BSpline class (#24947)  reviewed at https://github.com/scipy/scipy/pull/24947,refactor,Python,Albert Steppi,2026-04-07 10:42:50+02:00,10,1,0,0,494,385,3,1,29,3.28,0,clean,Python,2024-2026,1.0,,1.28,0.25,0.82,3
pola-rs/polars,e00c3a27dbdc8a43ce507541d4d32436998ea897,e00c3a27db,fix: Overflow panic in interpolate nearest (#27205),bugfix,Rust,Orson Peters,2026-04-07 11:48:59+02:00,11,1,0,0,17,23,3,1,4,2.25,0,clean,Python,2024-2026,1.0,,0.71,0.25,0.56,0
pola-rs/polars,1f086d1f0be4ecb1e1a082958d993634c1a04932,1f086d1f0b,fix(rust): Fix scalar handling in `str.replace` during streaming (#27182),bugfix,Rust,farouk-01,2026-04-07 13:37:03+02:00,13,1,0,0,17,0,2,1,2,3.0,0,clean,Python,2024-2026,1.0,,17.0,0.33,1.0,0
pola-rs/polars,f9d9f4eacf835a9cb8b7a0323322c314dfc76cc5,f9d9f4eacf,refactor(python): Move/genericize `_balanced_reduce` to Python utils (#27100),refactor,Python,nameexhaustion,2026-04-07 14:05:19+02:00,14,1,0,0,52,18,3,1,6,12.67,0,clean,Python,2024-2026,1.0,,2.74,0.25,3.17,0
pola-rs/polars,8097dc9448129c3c65d27f176c533f6e7e2cbd1f,8097dc9448,refactor(rust): Add zip_eq to itertools (#27210),feature,Rust,Orson Peters,2026-04-07 14:28:44+02:00,14,1,0,0,72,8,3,0,6,2.0,0,clean,Python,2024-2026,1.0,,8.0,0.0,0.5,0
pola-rs/polars,5e049662ae561f1d15276f741f8a3c0259286e18,5e049662ae,fix: Correct grouped `Binary` `arg_min`/`arg_max` and `String` single-element arg indices (#27172)  Co-authored-by: Orson Peters <orsonpeters@gmail.com>,bugfix,Rust,GAUTAM V DATLA,2026-04-07 14:47:14+02:00,14,1,0,0,84,40,3,1,8,3.25,0,clean,Python,2024-2026,1.0,,2.05,0.25,0.81,0
numpy/numpy,6cb0da6350fe1871b20322063de335da02e4e4b3,6cb0da6350,DEV: avoid byte-compiling every .py file on a `spin build` call. (#31173),other,Python,Ralf Gommers,2026-04-07 14:55:31+02:00,14,1,0,0,6,2,1,0,2,2.0,0,clean,Python,2024-2026,1.0,,2.0,0.0,1.0,2
pola-rs/polars,4c173120b9043327d1a56527da19059b2a33534f,4c173120b9,perf: Lower `skew` / `kurtosis` to streaming aggregations (#27176),other,Rust,Gijs Burghoorn,2026-04-07 14:59:06+02:00,14,1,0,0,301,1,8,1,14,16.43,0,clean,Python,2024-2026,1.0,,150.5,0.11,1.83,0
pola-rs/polars,56781bf4886b96b8105e70a3908fd708b7f19508,56781bf488,fix: Do not prune sort nodes containing slice with dyn predicate (#27140)  Co-authored-by: Orson Peters <orsonpeters@gmail.com>,bugfix,Rust,Amber Sprenkels,2026-04-07 15:17:57+02:00,15,1,0,0,61,11,7,0,10,2.4,0,clean,Python,2024-2026,1.0,,5.08,0.0,0.3,0
pola-rs/polars,5008b629975c1587b6d26f38d9bc2e2da1a6a20f,5008b62997,"feat(rust): Add fast_alloc feature flag, remove default_alloc (#27206)",feature,Rust,Orson Peters,2026-04-07 15:27:30+02:00,15,1,0,0,49,25,10,0,0,0.0,0,clean,Python,2024-2026,1.0,,1.88,0.0,0.0,0
pola-rs/polars,6f3be7543480d37c93aacf34fa636c6185235f13,6f3be75434,feat: Add `pl.merge_sorted` operating on multiple frames (#27014)  Co-authored-by: Amber Sprenkels <amber@electricdusk.com>,feature,Python,Koen Denecker,2026-04-07 15:44:23+02:00,15,1,0,0,125,1,4,1,3,5.0,0,clean,Python,2024-2026,1.0,,62.5,0.2,1.0,0
numpy/numpy,86662bfb4f8947a7c814fbf5a3cfdd6f18c279f3,86662bfb4f,"DEP: Undo deprecation for ``np.dtype()`` signature used by old pickles  Some (very) old pickles pass align=0, copy=1 as integers rather than bools. This just assumes no user will really do that, and a",other,Python,Sebastian Berg,2026-04-07 15:58:10+02:00,15,1,0,0,23,38,3,2,2,16.0,0,clean,Python,2024-2026,1.0,,0.59,0.5,4.0,0
numpy/numpy,628813c5b6b6eb1be6ae293cb854fc3f83336296,628813c5b6,MAINT: Rename ppc64le and s390x workflow (#31121),refactor,Unknown,Aleksei Nikiforov,2026-04-07 17:28:14+02:00,17,1,0,0,0,0,1,0,0,0.0,0,clean,Python,2024-2026,1.0,,0.0,0.0,0.0,0
numpy/numpy,cc3332d46573608a4fc86337130a523931735291,cc3332d465,MAINT: Bump prefix-dev/setup-pixi from 0.9.4 to 0.9.5  Bumps [prefix-dev/setup-pixi](https://github.com/prefix-dev/setup-pixi) from 0.9.4 to 0.9.5. - [Release notes](https://github.com/prefix-dev/setu,bugfix,Unknown,dependabot[bot],2026-04-07 17:55:15+00:00,17,1,0,0,1,1,1,0,0,0.0,0,clean,Python,2024-2026,1.0,,0.5,0.0,0.0,0
pola-rs/polars,c38aef00372d4681eb2abe9dde2001b7ca0e3389,c38aef0037,fix: Resolve multiple files deadlock in NDJSON async reader (#27204),bugfix,Rust,Koen Denecker,2026-04-07 20:15:31+10:00,20,1,0,0,200,73,4,0,11,10.82,0,clean,Python,2024-2026,1.0,,2.7,0.0,2.16,0
numpy/numpy,d12adf8d19932a3c9d10d23dd6aad7591bc3a638,d12adf8d19,"BUG: Fix matvec/vecmat in-place aliasing (out=input produces zeros) (#31150)  `np.matvec(A, b, out=b)` returns all zeros because matvec and vecmat are missing the ~NPY_ITER_OVERLAP_ASSUME_ELEMENTWISE ",bugfix,C,Ijtihed Kilani,2026-04-07 22:07:28+02:00,22,1,0,1,32,13,2,1,2,2.0,1,keyword_strict,Python,2024-2026,0.4,,2.29,0.33,0.67,0
scipy/scipy,8a4633fa0e01d62e9ccdd06ebe5bb30551cfa056,8a4633fa0e,DOC: separate sparse spmatrix docs to their own pages and add doc warnings  (#24961)  * split spmatrix from rest of sparse docs and reword [docs only]  * switch spmatrix from tutorials to sparray [doc,bugfix,Python,Dan Schult,2026-04-07 22:08:23+01:00,22,1,0,1,268,95,16,0,8,4.5,1,keyword_strict,Python,2024-2026,0.4,,2.79,0.0,0.26,2
scipy/scipy,3b5a1b5e0bc8609cbfbbabc18196fd5526467901,3b5a1b5e0b,Merge pull request #24967 from ilayn/bandwidth_to_c  ENH:MAINT:linalg: Move `bandwidth` function from Cython to C,other,Python,Ilhan Polat,2026-04-07 22:31:02+02:00,22,1,0,1,390,230,9,1,20,15.95,0,clean,Python,2024-2026,1.0,,1.69,0.1,1.6,0
pola-rs/polars,d4547c2d464f1a4a0037c767f4c981d50844ffb9,d4547c2d46,fix: Fix statistics for Null columns in Parquet (#27021),bugfix,Rust,0xRozier,2026-04-07 23:57:11+10:00,23,1,0,1,23,4,2,1,2,11.0,0,clean,Python,2024-2026,1.0,,4.6,0.33,3.67,0
pola-rs/polars,b4954665fa9318be87988405e4915ceaef050cf8,b4954665fa,fix: Write field ID from `sink_parquet` (#27196),bugfix,Rust,Oliver Borchert,2026-04-08 04:27:16+10:00,4,2,0,1,7,1,1,0,1,19.0,0,clean,Python,2024-2026,1.0,,3.5,0.0,9.5,0
pola-rs/polars,d7d336b1711c6aa73be0344f19910a2574db6931,d7d336b171,depr(python): Deprecate support for dataframe interchange protocol (#27214),other,Python,Marco Edward Gorelli,2026-04-08 09:05:41+02:00,9,2,0,0,13,0,2,0,2,3.0,0,clean,Python,2024-2026,1.0,,13.0,0.0,1.0,0
pola-rs/polars,ec233dd2ad5036d6dd9c67af86f97990b4c5686a,ec233dd2ad,fix: Prevent `DataFrame` creation panic on `list[struct]` with heterogenous types (#27217),bugfix,Rust,Kevin Patyk,2026-04-08 09:10:45+02:00,9,2,0,0,21,15,3,1,5,6.2,0,clean,Python,2024-2026,1.0,,1.31,0.25,1.55,0
pola-rs/polars,339d2f68aa07b398a8a1c3ebd05f74e9e3d47b01,339d2f68aa,docs: Fix typo in `json_normalize` docstring (#27212),bugfix,Python,Orson Peters,2026-04-08 09:22:09+02:00,9,2,0,0,1,1,1,0,1,8.0,0,clean,Python,2024-2026,1.0,,0.5,0.0,4.0,0
numpy/numpy,e8fd3579ea3c76159a9bb7e995a6d129ff2fc14a,e8fd3579ea,DEPR: adjust dtype setter deprecation warning (incorrect numpy version),other,C,Clément Robert,2026-04-08 10:22:24+02:00,10,2,0,0,1,1,1,0,1,4.0,0,clean,Python,2024-2026,1.0,,0.5,0.0,2.0,0
pola-rs/polars,12bd24911e6d4860cdf7245c769bda2465c1a3e5,12bd24911e,docs: Add docs entry for `merge_sorted` (#27224),feature,Unknown,Koen Denecker,2026-04-08 13:27:36+02:00,13,2,0,0,1,0,1,0,0,0.0,0,clean,Python,2024-2026,1.0,,1.0,0.0,0.0,0
pola-rs/polars,41a1d2340ae4a5fd9cbfd746b121ec727037ed33,41a1d2340a,fix: Fix panic with empty order_by in over expression (#27088),bugfix,Rust,Joaquin Hui,2026-04-08 14:35:49+10:00,14,2,0,0,96,40,14,1,23,5.74,0,clean,Python,2024-2026,1.0,,2.34,0.07,0.38,0
pola-rs/polars,e993deb4d20975880c86a01865e878aefb39b6b2,e993deb4d2,chore(python): Remove dead code in `test_scan_lines` (#27213),test,Python,Marco Edward Gorelli,2026-04-08 14:36:57+10:00,14,2,0,0,1,4,1,1,3,3.67,0,clean,Python,2024-2026,1.0,,0.2,0.5,1.84,0
pola-rs/polars,e642b6bcb869a5c3c955416e2d9e7f43d0db9ae3,e642b6bcb8,fix: Skip `null` group entries when collecting AsOf-by groups (#27215),bugfix,Rust,Amber Sprenkels,2026-04-08 14:37:24+10:00,14,2,0,0,20,3,2,1,2,4.5,0,clean,Python,2024-2026,1.0,,5.0,0.33,1.5,0
pola-rs/polars,c590b67a214857b00c0bc2aa9a74e5c046288638,c590b67a21,fix(python): Named aggregation `__structify` was being ignored (#27148),bugfix,Python,Marco Edward Gorelli,2026-04-08 14:38:31+10:00,14,2,0,0,54,42,5,1,10,1.4,0,clean,Python,2024-2026,1.0,,1.26,0.17,0.23,0
pola-rs/polars,38ec245d3208f3307e82ee14fa7a00b0f8c722cf,38ec245d32,chore(python): Fix `test_dtype_concat_3735` not actually iterating through numeric dtypes (#27178),bugfix,Python,Marco Edward Gorelli,2026-04-08 14:38:58+10:00,14,2,0,0,5,5,1,1,1,2.0,0,clean,Python,2024-2026,1.0,,0.83,0.5,1.0,0
numpy/numpy,97f255f747f103447de958cd3b681397740de024,97f255f747,MAINT: Bump pyrefly from 0.58.0 to 0.59.0 in /requirements  Bumps [pyrefly](https://github.com/facebook/pyrefly) from 0.58.0 to 0.59.0. - [Release notes](https://github.com/facebook/pyrefly/releases) ,other,Unknown,dependabot[bot],2026-04-08 17:56:30+00:00,17,2,0,0,1,1,1,0,0,0.0,0,clean,Python,2024-2026,1.0,,0.5,0.0,0.0,0
numpy/numpy,bd9fc5da7d3ee987a0e474f1fab2ad2c81704c41,bd9fc5da7d,MAINT: Bump delvewheel from 1.11.2 to 1.12.0 in /requirements  Bumps [delvewheel](https://github.com/adang1345/delvewheel) from 1.11.2 to 1.12.0. - [Changelog](https://github.com/adang1345/delvewheel/,other,Unknown,dependabot[bot],2026-04-08 17:56:38+00:00,17,2,0,0,1,1,1,0,0,0.0,0,clean,Python,2024-2026,1.0,,0.5,0.0,0.0,0
numpy/numpy,8b2219a514b86386ca685b1e18531607105f3132,8b2219a514,Apply suggestions from code review  Co-authored-by: Joren Hammudoglu <jhammudoglu@gmail.com>,other,Python,Noxaster,2026-04-08 22:59:57+02:00,22,2,0,1,2,3,2,1,2,7.5,0,clean,Python,2024-2026,1.0,,0.5,0.33,2.5,0
numpy/numpy,6dfe60ef3e459e71e9721e3ec5517b1dd6d13d3d,6dfe60ef3e,DOC: clarify wording in quickstart ix_() section (#31149),docs,Unknown,agp19d,2026-04-09 10:57:10-06:00,10,3,0,0,2,2,1,0,0,0.0,0,clean,Python,2024-2026,1.0,,0.67,0.0,0.0,0
numpy/numpy,6a8599103202609be3dc6516c602c018a4ae2cef,6a85991032,ENH: tweak timedelta deprecation message  (#31107)  Co-authored-by: Davis Bennett <davis.v.bennett@gmail.com>,other,Python,riku-sakamoto,2026-04-09 11:00:34-06:00,11,3,0,0,88,31,11,9,23,4.74,0,clean,Python,2024-2026,1.0,,2.75,0.75,0.4,0
pola-rs/polars,f12b0185e17a435bc91bd412d5a110775019e9f4,f12b0185e1,perf: Streaming `strptime` with `format=None` (#27056),other,Rust,Gijs Burghoorn,2026-04-09 11:30:06+02:00,11,3,0,0,466,36,8,1,26,16.42,0,clean,Python,2024-2026,1.0,,12.59,0.11,1.82,0
numpy/numpy,849a584e06b2ab98f02b1600bc643b01e9aa8047,849a584e06,BUG: raise OverflowError on datetime64 unit conversion overflow (#31085)  Co-authored-by: Claude Opus 4.6 (1M context) <noreply@anthropic.com>,bugfix,C,jbrockmendel,2026-04-09 11:33:46-06:00,11,3,0,0,157,25,5,2,7,6.86,1,keyword_strict,Python,2024-2026,0.4,,6.04,0.33,1.14,0
pola-rs/polars,b42cbdff08eff8a56d4fa751785c5b6a5daef31b,b42cbdff08,docs: Add link to concepts in index.md (#27077),feature,Unknown,andyjessen,2026-04-09 11:47:48+02:00,11,3,0,0,1,0,1,0,0,0.0,0,clean,Python,2024-2026,1.0,,1.0,0.0,0.0,0
pola-rs/polars,5c608f7f4bbb26a551f036fafc424ea8a7eca170,5c608f7f4b,fix(rust): Off-by-one in `lp.with_inputs` length assertion (#27209)  Co-authored-by: Orson Peters <orsonpeters@gmail.com>,bugfix,Rust,nameexhaustion,2026-04-09 12:29:18+02:00,12,3,0,0,5,21,2,0,3,2.67,0,clean,Python,2024-2026,1.0,,0.23,0.0,0.89,0
pola-rs/polars,b8f379ef7e317822b7639a6356b03cb34a64e8d8,b8f379ef7e,refactor: Consolidate reordered compare functions (#27229),refactor,Rust,Amber Sprenkels,2026-04-09 13:14:31+02:00,13,3,0,0,79,84,6,0,15,2.27,0,clean,Python,2024-2026,1.0,,0.93,0.0,0.32,0
pola-rs/polars,dda8152226ff0116a02369b95225ea18d2c77e59,dda8152226,refactor: Mark `scan_ipc` cache arguments as deprecated (#27216),refactor,Python,Koen Denecker,2026-04-09 13:17:46+02:00,13,3,0,0,14,8,1,0,1,7.0,0,clean,Python,2024-2026,1.0,,1.56,0.0,3.5,0
pola-rs/polars,89f868ffaaccffd9ed383839ed7a4ee55b8328d8,89f868ffaa,chore(python): Use more precise internal typing (pt. iii) (#27232),other,Python,Marco Edward Gorelli,2026-04-09 13:25:15+02:00,13,3,0,0,123,93,24,13,40,3.58,0,clean,Python,2024-2026,1.0,,1.31,0.52,0.14,0
pola-rs/polars,d39a0e86092715eb0204b352e9ee2f5b1f3f838e,d39a0e8609,fix: Preserve nulls when casting from all-null `Series` to `Struct` (#27241),bugfix,Rust,Kevin Patyk,2026-04-09 13:46:29+02:00,13,3,0,0,10,6,2,1,2,2.0,0,clean,Python,2024-2026,1.0,,1.43,0.33,0.67,0
pola-rs/polars,99bc5167334f189577146676f1e04a9d937a0f0e,99bc516733,fix(rust): Prevent panic when casting `Array` to extension type with same inner type (#27220),bugfix,Rust,dydev012,2026-04-09 14:05:07+02:00,14,3,0,0,11,2,2,1,2,1.5,0,clean,Python,2024-2026,1.0,,3.67,0.33,0.5,0
pola-rs/polars,880651f782d17c9477b25902ab4107f80ed51b2e,880651f782,feat(python): Streaming pyarrow datasets sources (#27230),feature,Python,Ritchie Vink,2026-04-09 15:00:26+02:00,15,3,0,0,74,74,9,4,11,31.36,0,clean,Python,2024-2026,1.0,,0.99,0.4,3.14,0
numpy/numpy,563c6049923e52f37a31198019b53ec564a50c7a,563c604992,BUG: Use dict to store ufunc loops (fixes thread-safety) (#31184),bugfix,C,Sebastian Berg,2026-04-09 15:28:49-06:00,15,3,0,0,72,99,5,0,8,15.75,1,keyword_strict,Python,2024-2026,0.4,,0.72,0.0,2.62,0
numpy/numpy,17d6e99560f9ed9e8d2e6e08cf30921412f04dd8,17d6e99560,MAINT: Bump pypa/cibuildwheel from 3.4.0 to 3.4.1  Bumps [pypa/cibuildwheel](https://github.com/pypa/cibuildwheel) from 3.4.0 to 3.4.1. - [Release notes](https://github.com/pypa/cibuildwheel/releases),bugfix,Unknown,dependabot[bot],2026-04-09 17:55:21+00:00,17,3,0,0,2,2,2,0,0,0.0,0,clean,Python,2024-2026,1.0,,0.67,0.0,0.0,0
numpy/numpy,f0bd9d47ea4e880d14bd5d9aaa1eb2affbdcd036,f0bd9d47ea,MAINT: Bump pyrefly from 0.59.0 to 0.59.1 in /requirements  Bumps [pyrefly](https://github.com/facebook/pyrefly) from 0.59.0 to 0.59.1. - [Release notes](https://github.com/facebook/pyrefly/releases) ,bugfix,Unknown,dependabot[bot],2026-04-09 17:56:21+00:00,17,3,0,0,1,1,1,0,0,0.0,0,clean,Python,2024-2026,1.0,,0.5,0.0,0.0,0
pola-rs/polars,4879a23b009e919af20ad8e2ebcf0dcccaec6dc6,4879a23b00,fix: Fix `scan_delta` filter on empty dataframe (#27244),bugfix,Rust,Koen Denecker,2026-04-09 19:59:12+10:00,19,3,0,0,12,0,2,1,2,4.0,0,clean,Python,2024-2026,1.0,,12.0,0.33,1.33,0
numpy/numpy,1edf7b6d52d19926d9917f3c60aed667c7425f56,1edf7b6d52,Refine int checks (a bit annoyingly).,other,C,Sebastian Berg,2026-04-09 21:28:04+02:00,21,3,0,0,17,2,2,1,3,10.67,0,clean,Python,2024-2026,1.0,,5.67,0.33,3.56,1
numpy/numpy,8df456689d93d62a4843796a4a1f52f02ad58d92,8df456689d,TST: Add tests for PyUFunc_ReplaceLoopBySignature (#31097)  Co-authored-by: Claude Opus 4.6 (1M context) <noreply@anthropic.com> Co-authored-by: Sebastian Berg <sebastian@sipsolutions.net>,feature,Python,Pieter Eendebak,2026-04-10 09:46:34+02:00,9,4,0,0,96,0,3,3,1,2.0,0,clean,Python,2024-2026,1.0,,96.0,0.75,0.5,1
pola-rs/polars,2315170799ea2487851697521cef9422e28f6c37,2315170799,docs: Slurm quickstart (#27259),docs,Unknown,Clément Arnarez,2026-04-10 12:55:51+02:00,12,4,0,0,349,0,2,0,0,0.0,0,clean,Python,2024-2026,1.0,,349.0,0.0,0.0,0
pola-rs/polars,86f9210cd215caf4c7d82d1e43d986718c336c8d,86f9210cd2,fix: Extend `StructEval` schema context in `StackOptimizer` (#27243),bugfix,Rust,Koen Denecker,2026-04-10 13:50:53+02:00,13,4,0,0,56,8,2,1,2,10.0,0,clean,Python,2024-2026,1.0,,6.22,0.33,3.33,0
pola-rs/polars,a5b9137c19c52e7f056526e84e9287cb79c0904f,a5b9137c19,fix(python): Default `LazyFrame.map_batches` to no optimizations (#27262)  Co-authored-by: gabriel <gabriel.g.robin@airbus.com>,bugfix,Python,gab23r,2026-04-10 16:21:21+02:00,16,4,0,0,14,9,1,0,2,2.0,0,clean,Python,2024-2026,1.0,,1.4,0.0,1.0,0
pola-rs/polars,3291151b5a0e6fa82658cbad5f9b9c6aec3905a6,3291151b5a,fix: Correct lf.remote type (#27261),bugfix,Python,Jop Zitman,2026-04-10 16:22:43+02:00,16,4,0,0,2,2,1,0,2,1.0,0,clean,Python,2024-2026,1.0,,0.67,0.0,0.5,0
scipy/scipy,c77e804b9efb8e8ca4ce5970303f33f56998a987,c77e804b9e,TST: spatial: skip `test_ckdtree_memuse` for ASan builds  [skip circle],test,Python,Lucas Colley,2026-04-10 16:24:21+01:00,16,4,0,0,2,0,1,1,1,5.0,0,clean,Python,2024-2026,1.0,,2.0,0.5,2.5,3
numpy/numpy,121f1ccb595e7dec8e50eac75bdb057d26fceb94,121f1ccb59,"DEP: remove warnings from `read_rows` (#31113)  Removed a warning from `read_rows` and its related tests, that was given about a change in empty line handling in NumPy 1.23.",test,C,Joseph Mehdiyev,2026-04-10 19:42:58+02:00,19,4,0,0,8,36,2,1,2,27.0,0,clean,Python,2024-2026,1.0,,0.22,0.33,9.0,0
numpy/numpy,3be3f69cb57d1d89018dc3666286aaaf376f2892,3be3f69cb5,MAINT: bump ``ruff`` to ``0.15.10``,other,Unknown,jorenham,2026-04-10 20:01:05+02:00,20,4,0,0,2,2,2,0,0,0.0,0,clean,Python,2024-2026,1.0,,0.67,0.0,0.0,0
numpy/numpy,124111ebb8f5183589bddac4a0b702af23c77d7f,124111ebb8,STY: fix two new ruff errors (``UP018``),bugfix,Python,jorenham,2026-04-10 20:02:29+02:00,20,4,0,0,2,2,2,0,0,0.0,0,clean,Python,2024-2026,1.0,,0.67,0.0,0.0,0
scipy/scipy,f9252a3fd7ed7b43b3aded834b1dbd38a065bddb,f9252a3fd7,DEV: bump spin to v0.18 from v0.15 (#24999),other,Unknown,Lucas Colley,2026-04-11 10:30:18+01:00,10,5,1,0,79,110,1,0,0,0.0,0,clean,Python,2024-2026,1.0,,0.71,0.0,0.0,3
scipy/scipy,be6aa872befa6233b7907dda2f162344a3896a54,be6aa872be,TYP: ``stats``: generic ``DunnettResult`` type (#25000),other,Python,Joren Hammudoglu,2026-04-11 10:31:01+01:00,10,5,1,0,4,0,1,0,0,0.0,0,clean,Python,2024-2026,1.0,,4.0,0.0,0.0,2
numpy/numpy,eb47e0ae7e9507ed139e86cb99164698ceed2784,eb47e0ae7e,ENH: Improve performance of PyArray_FromAny and cleanup PyArray_ExtractDTypeAndDescriptor (#31099)  Co-authored-by: Claude Opus 4.6 (1M context) <noreply@anthropic.com> Co-authored-by: Sebastian Berg ,refactor,C,Pieter Eendebak,2026-04-11 10:57:38+02:00,10,5,1,0,51,65,9,0,17,12.06,0,clean,Python,2024-2026,1.0,,0.77,0.0,1.21,1
numpy/numpy,a17c7fd32cde532aafde858b2b031a847f35d9c3,a17c7fd32c,TYP: ``pad`` shape-typing,other,Unknown,jorenham,2026-04-11 13:06:55+02:00,13,5,1,0,24,1,2,0,0,0.0,0,clean,Python,2024-2026,1.0,,12.0,0.0,0.0,0
numpy/numpy,b8e0988b21a9326ea8fc45161b40f40ffa0a3811,b8e0988b21,TYP: ``ix_`` shape-typing and fix for boolean input,bugfix,Unknown,jorenham,2026-04-11 14:12:36+02:00,14,5,1,0,141,20,2,0,0,0.0,0,clean,Python,2024-2026,1.0,,6.71,0.0,0.0,0
numpy/numpy,76ddd632dfe29d06386d98689859aa29836a64fa,76ddd632df,TYP: ``expand_dims`` shape-typing,other,Unknown,jorenham,2026-04-11 15:15:57+02:00,15,5,1,0,72,6,2,0,0,0.0,0,clean,Python,2024-2026,1.0,,10.29,0.0,0.0,0
scipy/scipy,7c9cf82bd553818e0b66337f0bd7d52ab1f377fb,7c9cf82bd5,ENH: fft: switch from `pocketfft` to `ducc0.fft` (#23436)  Co-authored-by: Lucas Colley <lucas.colley8@gmail.com>,other,Python,mreineck,2026-04-11 16:40:33+01:00,16,5,1,0,12210,420,55,5,932,2.48,0,clean,Python,2024-2026,1.0,,29.0,0.09,0.04,0
numpy/numpy,ff41520a2aa6142dd08251ea9cd136745be446bc,ff41520a2a,TYP: ``diag_indices[_from]`` shape-typing (#31219),other,Unknown,Joren Hammudoglu,2026-04-12 09:45:32-06:00,9,6,1,0,47,7,3,0,0,0.0,0,clean,Python,2024-2026,1.0,,5.88,0.0,0.0,2
numpy/numpy,2f6071f464093561d3c498de18a68b5c15d00832,2f6071f464,TYP: ``real_if_close`` and ``nan_to_num`` shape-typing (#31223),other,Unknown,Joren Hammudoglu,2026-04-12 09:46:48-06:00,9,6,1,0,137,25,2,0,0,0.0,0,clean,Python,2024-2026,1.0,,5.27,0.0,0.0,2
numpy/numpy,64d60eed82b1c578631e51109ce76b9da1c4c3b5,64d60eed82,TYP: ``lib.NumpyVersion`` final instance attributes and pos-only dunder params (#31224),other,Unknown,Joren Hammudoglu,2026-04-12 09:48:33-06:00,9,6,1,0,19,14,1,0,0,0.0,0,clean,Python,2024-2026,1.0,,1.27,0.0,0.0,2
numpy/numpy,3cd33b12bd6682b04a6443951031cfe795d8accf,3cd33b12bd,TYP: ``fft.[i]fftshift`` shape-typing (#31225),other,Unknown,Joren Hammudoglu,2026-04-12 09:50:20-06:00,9,6,1,0,17,4,2,0,0,0.0,0,clean,Python,2024-2026,1.0,,3.4,0.0,0.0,2
pola-rs/polars,c6e189cc354e210a4c7c72baed343ae2d6c05aa7,c6e189cc35,fix: Widen decimal precision on sum aggregation (#27270),bugfix,Rust,Kevin Patyk,2026-04-12 10:23:19+02:00,10,6,1,0,12,0,2,1,2,35.5,0,clean,Python,2024-2026,1.0,,12.0,0.33,11.83,0
scipy/scipy,c63df706760c8c9d9bb56c69898795236c5aae3b,c63df70676,ENH: signal: add Whittaker-Henderson smoothing (#22580),feature,Python,Christian Lorentzen,2026-04-12 11:41:43+01:00,11,6,1,0,1063,12,11,1,23,2.83,0,clean,Python,2024-2026,1.0,,81.77,0.08,0.24,0
scipy/scipy,fd3dbd8e6d5449bf4cc169fdb29f084a8c786719,fd3dbd8e6d,MAINT: linalg.qr: re-enable `overwrite_a` (#24969)  * MAINT: re-enable `overwrite_a` for QR  - purged an unnecessary remaining comment from previous PR in testfile - removed the `extract_upper_triangl,feature,Python,BasilLiekens,2026-04-12 16:07:21+02:00,16,6,1,0,249,82,7,2,4,20.5,0,clean,Python,2024-2026,1.0,,3.0,0.25,2.56,0
scipy/scipy,209226bb6067b6de6433821066cc5bf2d6bcd496,209226bb60,MAINT/ENH: linalg: add `overwrite_b` argument to `eigvals` (#25001)  Reviewed at https://github.com/scipy/scipy/pull/25001,feature,Python,BasilLiekens,2026-04-12 21:17:55+02:00,21,6,1,0,8,6,2,1,3,3.33,0,clean,Python,2024-2026,1.0,,1.14,0.33,1.11,0
scipy/scipy,36a27cdaca96767687452df15a8e6db9bcccc39c,36a27cdaca,MAINT: linalg: hide names into a namespace,other,Unknown,Evgeni Burovski,2026-04-12 21:25:04+02:00,21,6,1,0,154,105,11,0,0,0.0,0,clean,Python,2024-2026,1.0,,1.45,0.0,0.0,1
scipy/scipy,39f55c25b5efc88e4c31cc82934c1fcfdadc514e,39f55c25b5,BUG: linalg: fix typos in numeric_limits,bugfix,Unknown,Evgeni Burovski,2026-04-12 21:25:04+02:00,21,6,1,0,2,2,1,0,0,0.0,0,clean,Python,2024-2026,1.0,,0.67,0.0,0.0,1
scipy/scipy,88e80a7c004cd17d138f7d05466ffb2c6e31f9bd,88e80a7c00,MAINT: linalg: drop the sp_ prefix,bugfix,Unknown,Evgeni Burovski,2026-04-12 21:28:55+02:00,21,6,1,0,106,105,8,0,0,0.0,0,clean,Python,2024-2026,1.0,,1.0,0.0,0.0,1
scipy/scipy,b8149b06b10c5c0a3e87143d1ee99714bca3ea89,b8149b06b1,"Remove duplicated ""to"" in ""wrt to"" and ""w.r.t. to"" (#25004)",other,Python,Christian Veenhuis,2026-04-12 23:18:52+01:00,23,6,1,1,8,8,3,1,7,9.86,0,clean,Python,2024-2026,1.0,,0.89,0.25,2.46,0
scipy/scipy,e223fef39d39bdae79f982cba268f4c56a4a7a05,e223fef39d,"CI: Enable xdist and kernel caching for JAX step of GPU job (#25002)  * CI: turn on xdist for the JAX job  * CI: use worksteal to prevent unbalanced work  Currently, the CPU usage is unbalanced in the",other,Unknown,Nick ODell,2026-04-13 08:12:30-06:00,8,0,0,0,19,1,1,0,0,0.0,0,clean,Python,2024-2026,1.0,,9.5,0.0,0.0,1
scipy/scipy,0d8d011d84868815e336fce237bfc5b737cea36a,0d8d011d84,MAINT follow-up for whittaker_henderson (#25010),other,Python,Christian Lorentzen,2026-04-13 08:20:02+01:00,8,0,0,0,4,9,2,0,0,0.0,0,clean,Python,2024-2026,1.0,,0.4,0.0,0.0,0
pola-rs/polars,f8c0706a56f91bdd07b7b7e570c5187d86698afb,f8c0706a56,perf: Add native streaming `interpolate` (#27185),feature,Rust,Gijs Burghoorn,2026-04-13 09:24:00+02:00,9,0,0,0,340,1,9,1,10,36.8,0,clean,Python,2024-2026,1.0,,170.0,0.1,3.68,0
pola-rs/polars,daccd9609351c4371ea5a6d0fb52456cccbe6a21,daccd96093,fix: Fix `pivot` dropping data for null `on` values (#27273),bugfix,Rust,GAUTAM V DATLA,2026-04-13 11:00:44+02:00,11,0,0,0,38,1,2,1,3,59.67,0,clean,Python,2024-2026,1.0,,19.0,0.33,19.89,0
scipy/scipy,dc87a75a0bdf25e6b2f1971424aabdd61e4be05c,dc87a75a0b,MAINT: optimize: lbfgs: replace goto LINE222 (#25011),other,C,Christian Lorentzen,2026-04-13 12:42:18+01:00,12,0,0,0,237,236,1,0,1,36.0,0,clean,Python,2024-2026,1.0,,1.0,0.0,18.0,0
numpy/numpy,7a0dfadc88c7a21746d827767cad5296df765e6e,7a0dfadc88,BUG: incorrect temp elision for new-style (NEP 43) user-defined dtypes (#31193)  Co-authored-by: Maarten Baert <maarten.baert@keysight.com> Co-authored-by: Sebastian Berg <sebastianb@nvidia.com>,bugfix,C,Maarten Baert,2026-04-13 13:23:30+02:00,13,0,0,0,4,3,2,0,1,9.0,1,keyword_strict,Python,2024-2026,0.4,,1.0,0.0,3.0,0
pola-rs/polars,e199bf9f07d4c8516c5ecd10fe6422c02f016ab7,e199bf9f07,docs: Add `deny_anonymous_users` to scheduler config (#27287),feature,Unknown,Jop Zitman,2026-04-13 13:32:44+02:00,13,0,0,0,64,31,4,0,0,0.0,0,clean,Python,2024-2026,1.0,,2.0,0.0,0.0,0
pola-rs/polars,aa360e3701c5766ffc0c9e76d7b88d9a4551778c,aa360e3701,fix: Resolve multiple files deadlock in CSV async reader (#27073)  Co-authored-by: nameexhaustion <simonlin.rqmmw@slmail.me>,bugfix,Rust,Koen Denecker,2026-04-13 13:34:36+10:00,13,0,0,0,271,113,2,0,9,8.0,0,clean,Python,2024-2026,1.0,,2.38,0.0,2.67,0
scipy/scipy,3660bfbcca6729267eb85148275f539729e541a5,3660bfbcca,DOC: fix typos in `_morphology.py` (#25005),bugfix,Python,Christian Veenhuis,2026-04-13 15:23:51+01:00,15,0,0,0,11,11,1,0,8,11.12,1,keyword_strict,Python,2024-2026,0.4,,0.92,0.0,5.56,0
scipy/scipy,171bf06526803423162e039848ae0533cadec8f6,171bf06526,"ENH: BLD: refactor BLAS support, and introduce an ILP64-only build option (#24977)  reviewed at https://github.com/scipy/scipy/pull/24977",refactor,Python,Ralf Gommers,2026-04-13 16:29:48+02:00,16,0,0,0,410,438,16,3,9,3.22,0,clean,Python,2024-2026,1.0,,0.93,0.18,0.19,2
scipy/scipy,50a585ee5e7b3b491d0156e1a248617710ddb92b,50a585ee5e,DOC: special.roots_sh_legendre: add example (#24911)   Co-authored-by: Florian Bourgey <bourgeyflorian@gmail.com> Co-authored-by: Lucas Colley <lucas.colley8@gmail.com>,feature,Python,Dan,2026-04-13 20:33:58+01:00,20,0,0,0,26,0,1,0,1,2.0,0,clean,Python,2024-2026,1.0,,26.0,0.0,1.0,0
pola-rs/polars,43e946698a828f5d4e17f2f754677e97eeeb01d6,43e946698a,fix: Do not skip nulls when enumerating over rows in grouped AsOf join (#27275),bugfix,Rust,Amber Sprenkels,2026-04-13 20:35:49+10:00,20,0,0,0,104,3,2,1,4,2.75,0,clean,Python,2024-2026,1.0,,26.0,0.33,0.92,0
scipy/scipy,43fe8b8b67867d2f6d4e813c4b161ed4e93297fa,43fe8b8b67,"BUG: fix dummy g77 ABI wrappers for ILP64 builds  Include `_blas64_defines.h` in `wrap_dummy_g77_abi.c` to redefine `F_FUNC` to `BLAS_FUNC` for ILP64 builds, matching what `wrap_g77_abi.c` already doe",bugfix,C,Ralf Gommers,2026-04-13 23:06:32+02:00,23,0,0,1,5,0,1,0,0,0.0,0,clean,Python,2024-2026,1.0,,5.0,0.0,0.0,2
pola-rs/polars,afe498d52d26c0884fd8658c5939ebd02c3030b3,afe498d52d,fix(python): Fix always-true filter conversion to Iceberg filter (#27119)  Signed-off-by: Mridankan Mandal <xerontitan90@gmail.com> Co-authored-by: Mridankan Mandal <xerontitan90@gmail.com>,bugfix,Python,Mridankan Mandal,2026-04-14 05:14:01+10:00,5,1,0,1,37,1,2,1,4,2.0,0,clean,Python,2024-2026,1.0,,18.5,0.33,0.67,0
pola-rs/polars,2f7fc8398f572c0231d02314c9589e5c9e530408,2f7fc8398f,fix: Raise on non-numeric inputs in `pl.int_ranges` (#27294)  Co-authored-by: gabriel <gabriel.g.robin@airbus.com>,bugfix,Rust,gab23r,2026-04-14 05:15:28+10:00,5,1,0,1,22,1,2,1,2,66.0,0,clean,Python,2024-2026,1.0,,11.0,0.33,22.0,0
pola-rs/polars,3b2a8950e16f2a17a4fdbfb62cf4b74a14b3e262,3b2a8950e1,docs(python): Fix outdated `LazyGroupBy.map_groups` docstring (#27292)  Co-authored-by: gabriel <gabriel.g.robin@airbus.com>,bugfix,Python,gab23r,2026-04-14 05:17:05+10:00,5,1,0,1,1,1,1,0,1,1.0,0,clean,Python,2024-2026,1.0,,0.5,0.0,0.5,0
pola-rs/polars,4538ae5615f5a02e2d78b3a85eff9986bf30905f,4538ae5615,feat: Add `is_unique` to list/array dtypes (#27290)  Co-authored-by: gabriel <gabriel.g.robin@airbus.com>,feature,Rust,gab23r,2026-04-14 05:20:29+10:00,5,1,0,1,57,0,2,1,4,2.25,0,clean,Python,2024-2026,1.0,,57.0,0.33,0.75,0
numpy/numpy,4a126b31f5d1c03d4cea052abc49d31b8667cff3,4a126b31f5,BUG: Remove thread-local allocator cache implementation (#31237),bugfix,Python,Nathan Goldbaum,2026-04-14 08:08:41-06:00,8,1,0,0,60,63,6,0,7,2.14,1,keyword_strict,Python,2024-2026,0.4,,0.94,0.0,0.31,0
numpy/numpy,90637009f716d847d8fa0383d55cedfd8eade64b,90637009f7,"TYP: fix sliding_window_view axis parameter typing  The axis parameter now accepts int | tuple[int, ...] instead of just SupportsIndex, matching the documentation and implementation.  Fixes #31233",bugfix,Unknown,RoomWithOutRoof,2026-04-14 09:25:12+08:00,9,1,0,0,2,2,1,0,0,0.0,1,keyword_strict,Python,2024-2026,0.4,,0.67,0.0,0.0,0
pola-rs/polars,ba510a7af1b24187c2d637a07f499178faad7e7f,ba510a7af1,perf: Lower `entropy` to streaming reductions (#27174),other,Rust,Gijs Burghoorn,2026-04-14 11:03:28+02:00,11,1,0,0,112,1,4,0,2,87.5,0,clean,Python,2024-2026,1.0,,56.0,0.0,17.5,0
pola-rs/polars,9e2657ce3c9f852916ede8e9765bc1e3038a3c5b,9e2657ce3c,"perf: Lower `drop_{nulls,nans}` in streaming `group_by` aggregations (#27296)",other,Rust,Gijs Burghoorn,2026-04-14 11:27:04+02:00,11,1,0,0,49,0,1,0,1,13.0,0,clean,Python,2024-2026,1.0,,49.0,0.0,6.5,0
pola-rs/polars,ee1ea03b8682524e1240fdc10760c0f136a30dfc,ee1ea03b86,chore: Wait for morsel consumption in merge_sorted streaming node (#27288),other,Rust,Amber Sprenkels,2026-04-14 11:31:57+02:00,11,1,0,0,8,5,1,0,1,47.0,0,clean,Python,2024-2026,1.0,,1.33,0.0,23.5,0
pola-rs/polars,c2d429ff9025e5e775e8ece77e216f97862abb01,c2d429ff90,feat: Lock-free memory manager with spill-to-disk and fully OOC multiplexer (#26774)  Co-authored-by: Orson Peters <orsonpeters@gmail.com>,feature,Rust,Azim Afroozeh,2026-04-14 12:40:27+02:00,12,1,0,0,2424,585,33,1,220,2.77,0,clean,Python,2024-2026,1.0,,4.14,0.03,0.08,0
scipy/scipy,d9b40be80596985c959626bd5123bca1851a864b,d9b40be805,CI: add MKL and scipy-openblas64 jobs with ILP64-only build mode  Also add support for `--with-scipy-openblas=64` (matching how NumPy implements this).  The `spin build --with-scipy-openblas` option n,feature,Python,Ralf Gommers,2026-04-14 13:17:34+02:00,13,1,0,0,3264,484,7,0,2,11.5,0,clean,Python,2024-2026,1.0,,6.73,0.0,1.44,2
pola-rs/polars,0a0732d4ca4d8fb430bba6dd44f6498d2d6abd4d,0a0732d4ca,perf: Lower basic over() to streaming primitives (#27303),other,Rust,Orson Peters,2026-04-14 14:23:51+02:00,14,1,0,0,103,5,3,1,7,41.0,0,clean,Python,2024-2026,1.0,,17.17,0.25,10.25,0
numpy/numpy,b065cce2ca8b390c7f289896bcdc8c0e5decc95a,b065cce2ca,MAINT: fix ruff error (#31246),bugfix,Unknown,Joren Hammudoglu,2026-04-14 14:43:56-06:00,14,1,0,0,1,1,1,0,0,0.0,1,keyword_strict,Python,2024-2026,0.4,,0.5,0.0,0.0,2
numpy/numpy,4f74f0adcfd3637a48da0ba9bf3b1a7e088db843,4f74f0adcf,"TYP: ``fft.*fft``, ``fft.*fftn`` and ``fft.*fft2`` shape-typing and improved dtype support (#31226)",other,Unknown,Joren Hammudoglu,2026-04-14 17:18:17-06:00,17,1,0,0,1125,53,3,0,0,0.0,0,clean,Python,2024-2026,1.0,,20.83,0.0,0.0,3
scipy/scipy,7a7fbca0b9baa1b709e4a5e0afaf9f94bd34941c,7a7fbca0b9,DOC: Fix 'accomodate' typo in comments (#25017)  Co-authored-by: MukundaKatta <mukundakatta@users.noreply.github.com>,bugfix,C,Mukunda Rao Katta,2026-04-15 10:40:17+01:00,10,2,0,0,6,6,5,0,3,17.67,1,keyword_strict,Python,2024-2026,0.4,,0.86,0.0,2.94,0
pola-rs/polars,c2a2a2cbc53f47d96c930cbdf75841fc9eabe52d,c2a2a2cbc5,perf: Avoid unnecessary rechunk when sorting already sorted DataFrame (#27264)  Co-authored-by: gabriel <gabriel.g.robin@airbus.com>,other,Rust,gab23r,2026-04-15 13:07:50+02:00,13,2,0,0,12,6,2,1,3,3.67,0,clean,Python,2024-2026,1.0,,1.71,0.33,1.22,0
pola-rs/polars,bf1ff09cf42c352fd2bc0a4e788f2f592af97340,bf1ff09cf4,refactor: Sink DSL and callback for Iceberg (#27258),refactor,Rust,nameexhaustion,2026-04-15 13:29:03+02:00,13,2,0,0,416,196,16,1,34,8.62,0,clean,Python,2024-2026,1.0,,2.11,0.06,0.51,0
pola-rs/polars,09d07edb331b940e8f861dfa813647da7052267b,09d07edb33,"feat: Add `ignore_nulls` to `{list,arr}.{any,all}` (#27186)",feature,Rust,Gijs Burghoorn,2026-04-15 13:29:38+02:00,13,2,0,0,115,346,36,1,53,4.25,0,clean,Python,2024-2026,1.0,,0.33,0.03,0.11,0
pola-rs/polars,b3dac8b42e8cbd04e941e8d9f39c0f2c38f7f5a7,b3dac8b42e,refactor(rust): Utility for identifying expr projection heights (#27198),refactor,Rust,nameexhaustion,2026-04-15 15:29:28+02:00,15,2,0,0,303,145,8,0,15,9.67,0,clean,Python,2024-2026,1.0,,2.08,0.0,1.07,0
pola-rs/polars,518b9a3f5da2403d5b20fe0feb7faa2a336eb68b,518b9a3f5d,chore: Bump Python Polars version (#27315),other,Rust,Ritchie Vink,2026-04-15 15:32:02+02:00,15,2,0,0,13,13,8,0,0,0.0,0,clean,Python,2024-2026,1.0,,0.93,0.0,0.0,0
pola-rs/polars,4b216a89fc691a2ece5ca8511cc978e1aba2079f,4b216a89fc,perf: Add streaming support for grouped AsOf join (#27293),feature,Rust,Amber Sprenkels,2026-04-15 16:52:12+02:00,16,2,0,0,746,256,21,1,46,11.67,0,clean,Python,2024-2026,1.0,,2.9,0.05,0.53,0
scipy/scipy,bdbad5893db6268656c4fb4cc7c7ab19ba7ec9cc,bdbad5893d,TST: bump relative tolerance for precision of estimated covariance,other,Python,dschmitz89,2026-04-15 22:00:43+02:00,22,2,0,1,1,1,1,1,1,1.0,0,clean,Python,2024-2026,1.0,,0.5,0.5,0.5,0
pola-rs/polars,0b22debf3bd8c80c75874bf15855ea6c850c6120,0b22debf3b,chore(python): Resolve bad instantiations in test_iceberg (#27314),test,Python,Marco Edward Gorelli,2026-04-15 22:06:25+10:00,22,2,0,1,13,13,1,1,0,0.0,0,clean,Python,2024-2026,1.0,,0.93,0.5,0.0,0
numpy/numpy,df889e7b545f0ba5b9552d797662eacb058c26b4,df889e7b54,"BUG: Make a bug sweep for missing error handling, etc. (#31251)",bugfix,C,Sebastian Berg,2026-04-16 06:18:56-06:00,6,3,0,0,107,20,14,0,24,14.75,1,keyword_strict,Python,2024-2026,0.4,,5.1,0.0,0.98,1
numpy/numpy,d333067878bf77c809283cdf178917630f9f0b8d,d333067878,MAINT: Bump pyrefly from 0.59.1 to 0.60.0 in /requirements (#31245)  Signed-off-by: dependabot[bot] <support@github.com> Co-authored-by: dependabot[bot] <49699333+dependabot[bot]@users.noreply.github.,other,Unknown,dependabot[bot],2026-04-16 06:20:39-06:00,6,3,0,0,1,1,1,0,0,0.0,0,clean,Python,2024-2026,1.0,,0.5,0.0,0.0,0
pola-rs/polars,d1165c074ebfb3bc8a3a19efb21ce09cb34877e0,d1165c074e,docs: Update uv pip install polars-on-premises cmd (#27330),docs,Unknown,Jop Zitman,2026-04-16 10:13:27+02:00,10,3,0,0,2,2,2,0,0,0.0,0,clean,Python,2024-2026,1.0,,0.67,0.0,0.0,0
scipy/scipy,d524fe38be6d9b72507a2c05b3404d3a62b73015,d524fe38be,"DOC: integrate.{RK23, RK45}: Add examples (#24904)  * DOC: integrate.{RK23, RK45}: add examples  Add docstring examples to the Runge-Kutta solver pages.  [docs only]  * Change >>> to ...",feature,Python,Elle Musoke,2026-04-16 14:08:29-04:00,14,3,0,0,157,0,1,0,0,0.0,0,clean,Python,2024-2026,1.0,,157.0,0.0,0.0,0
pola-rs/polars,f81f8f8b1caef5d86d9adcf01ae18aa228dd38a1,f81f8f8b1c,refactor(rust): Add generic tree traversal with edge value propagation (#27249),feature,Rust,nameexhaustion,2026-04-16 17:11:36+02:00,17,3,0,0,591,168,12,0,46,2.35,0,clean,Python,2024-2026,1.0,,3.5,0.0,0.18,0
scipy/scipy,9004cdb8d385b17fd8c13e605a04d6a44febc269,9004cdb8d3,CI: add `zizmor` (#25003),feature,Unknown,Lucas Colley,2026-04-16 17:52:46+01:00,17,3,0,0,151,35,20,0,0,0.0,0,clean,Python,2024-2026,1.0,,4.19,0.0,0.0,3
numpy/numpy,927c7bff607a2c8123a53ee71da774652ebad21c,927c7bff60,MAINT: Bump actions/github-script from 8.0.0 to 9.0.0 (#31260)  Signed-off-by: dependabot[bot] <support@github.com> Co-authored-by: dependabot[bot] <49699333+dependabot[bot]@users.noreply.github.com>,other,Unknown,dependabot[bot],2026-04-16 17:56:28-06:00,17,3,0,0,4,4,2,0,0,0.0,0,clean,Python,2024-2026,1.0,,0.8,0.0,0.0,0
numpy/numpy,67a64d172eb95fa51a1c719bb227fa0033fcedef,67a64d172e,ENH: mark ``_import_array`` function as inline (#31258),other,Python,Kumar Aditya,2026-04-16 22:12:21+02:00,22,3,0,1,1,1,1,0,0,0.0,0,clean,Python,2024-2026,1.0,,0.5,0.0,0.0,0
scipy/scipy,cf7b5219e7a72e4928e0a4a1ebe0da9ba72ff63d,cf7b5219e7,DOC: special.struve: fix variable (#25027),bugfix,C++,Florian Bourgey,2026-04-16 22:42:52+01:00,22,3,0,1,8,8,1,1,0,0.0,1,keyword_strict,Python,2024-2026,0.4,,0.89,0.5,0.0,1
scipy/scipy,0bb5e1924775b89312f5651fc617b5823b776897,0bb5e19247,[docs only]  Co-authored-by: Jake Bowhay <60778417+j-bowhay@users.noreply.github.com>,docs,Python,Jake Bowhay,2026-04-16 23:09:57+01:00,23,3,0,1,3,3,1,0,3,4.33,0,clean,Python,2024-2026,1.0,,0.75,0.0,2.16,2
pola-rs/polars,f9dfa217361aa3ee9866a8532904d58668a6fcad,f9dfa21736,perf: Create IR slice from expr slice pushdown (#27200),other,Rust,nameexhaustion,2026-04-17 07:29:00+02:00,7,4,0,0,931,135,7,1,31,5.81,0,clean,Python,2024-2026,1.0,,6.85,0.12,0.73,0
pola-rs/polars,bdf73dc7991754b7e4025a7760d3a0f7c7f2914c,bdf73dc799,docs: Release page (#27335),docs,Unknown,Clément Arnarez,2026-04-17 11:21:54+02:00,11,4,0,0,90,20,2,0,0,0.0,0,clean,Python,2024-2026,1.0,,4.29,0.0,0.0,0
numpy/numpy,12e16ab322390059fffee12a153f10c92881f29d,12e16ab322,BUG: Fix Stirling correction sign error in the BTPE algorithm (#31238),bugfix,C,Kate Hudson,2026-04-17 13:58:08-06:00,13,4,0,0,259,10,5,2,7,8.14,1,keyword_strict,Python,2024-2026,0.4,,23.55,0.33,1.36,0
pola-rs/polars,fad784c03ada4eb23c75985eac3e254d6b5977bc,fad784c03a,fix: Fix scan_csv missing_columns='insert' overwrote existing data with NULLs (#27297),bugfix,Rust,nameexhaustion,2026-04-17 16:31:57+02:00,16,4,0,0,33,1,2,1,2,18.0,0,clean,Python,2024-2026,1.0,,16.5,0.33,6.0,0
pola-rs/polars,5fd657e420147284358e8388c389a566ae13ff38,5fd657e420,docs: Add documentation for openlineage on-premises (#27334),feature,Unknown,Koen Denecker,2026-04-17 16:32:09+02:00,16,4,0,0,105,0,3,0,0,0.0,0,clean,Python,2024-2026,1.0,,105.0,0.0,0.0,0
pola-rs/polars,aeb677d8598fc3032458751b53bd04c0e1963401,aeb677d859,test(python): Add regression test for instantiating polars DataFrame from pandas Timestamp (#27332),feature,Python,Marco Edward Gorelli,2026-04-17 16:56:05+02:00,16,4,0,0,9,0,1,1,1,1.0,0,clean,Python,2024-2026,1.0,,9.0,0.5,0.5,0
pola-rs/polars,bf6a425f4ecdc53fd5d0c4b47ef4a08ca61f8d87,bf6a425f4e,fix: Update `groups` to correct length for `Implode` (#27282),bugfix,Rust,Koen Denecker,2026-04-17 17:09:53+02:00,17,4,0,0,30,3,2,1,2,12.0,1,szz,Python,2024-2026,0.111,27443.0,7.5,0.33,4.0,0
numpy/numpy,1c3b43524b0fa6d354fba010c4e67945ed58ef58,1c3b43524b,MAINT: Expose ufunc vectorcall function on Limited API >= 3.12  Minor improvement to the Limited API - `vectorcallfunc` is part of the Limited API from Python 3.12 onwards so the guard can be adjusted,other,Unknown,da-woods,2026-04-17 17:53:00+01:00,17,4,0,0,1,1,1,0,0,0.0,0,clean,Python,2024-2026,1.0,,0.5,0.0,0.0,0
numpy/numpy,3d9a4515be0cc4d501095474ed63810523d0b3a9,3d9a4515be,MAINT: Bump int128/hide-comment-action from 1.54.0 to 1.55.0  Bumps [int128/hide-comment-action](https://github.com/int128/hide-comment-action) from 1.54.0 to 1.55.0. - [Release notes](https://github.,other,Unknown,dependabot[bot],2026-04-17 17:53:36+00:00,17,4,0,0,1,1,1,0,0,0.0,0,clean,Python,2024-2026,1.0,,0.5,0.0,0.0,0
numpy/numpy,641c0096b068bffb1755e31d681f1b51589a6501,641c0096b0,MAINT: Bump actions/upload-artifact from 7.0.0 to 7.0.1  Bumps [actions/upload-artifact](https://github.com/actions/upload-artifact) from 7.0.0 to 7.0.1. - [Release notes](https://github.com/actions/u,bugfix,Unknown,dependabot[bot],2026-04-17 17:53:47+00:00,17,4,0,0,6,6,4,0,0,0.0,0,clean,Python,2024-2026,1.0,,0.86,0.0,0.0,0
numpy/numpy,5ebb902144d3c09a9cc1655c49a54a87cd85cb0e,5ebb902144,MAINT: Bump pyrefly from 0.60.0 to 0.60.1 in /requirements  Bumps [pyrefly](https://github.com/facebook/pyrefly) from 0.60.0 to 0.60.1. - [Release notes](https://github.com/facebook/pyrefly/releases) ,bugfix,Unknown,dependabot[bot],2026-04-17 17:58:35+00:00,17,4,0,0,1,1,1,0,0,0.0,0,clean,Python,2024-2026,1.0,,0.5,0.0,0.0,0
scipy/scipy,bb0add122074c07353d187769065f3c9241fc644,bb0add1220,DOC: constants: remove duplicate `grain` (#25032),docs,Python,Florian Bourgey,2026-04-17 21:19:49+01:00,21,4,0,0,0,1,1,0,0,0.0,0,clean,Python,2024-2026,1.0,,0.0,0.0,0.0,2
scipy/scipy,f2f51953f603aa7ac14fcda6fadfd3c62a3a2aa6,f2f51953f6,DEP: spatial: deprecate tsearch (#25028),other,Python,Jake Bowhay,2026-04-18 08:35:21+01:00,8,5,1,0,15,2,4,2,1,2.0,0,clean,Python,2024-2026,1.0,,5.0,0.4,0.4,2
scipy/scipy,af1a4b6d42a77033622ecf429864a3c4d0639d5c,af1a4b6d42,ENH: sparse.csgraph.connected_components: state-of-the-art implementation of Tarjan's algorithm (#24996),feature,Python,Sebastiano Vigna,2026-04-18 08:36:20+01:00,8,5,1,0,193,115,4,1,3,2.0,0,clean,Python,2024-2026,1.0,,1.66,0.2,0.4,0
scipy/scipy,0b041036a3bc86ff6abb8d107f4c28203069cfcc,0b041036a3,TST: integrate: increase tolerance for 32 bit float,other,Python,Nick ODell,2026-04-18 20:54:30+00:00,20,5,1,0,1,0,1,1,1,1.0,0,clean,Python,2024-2026,1.0,,1.0,0.5,0.5,1
scipy/scipy,996ddfd5ebb141b838ff36042e4761aa84e3ef8c,996ddfd5eb,ENH: add a worked example of downstream usage of ILP64 `cython_lapack` (#25025)  Add a meson-python test package that exercises the downstream ILP64 BLAS/LAPACK patterns used by scikit-learn and stats,feature,Python,Evgeni Burovski,2026-04-18 21:38:11+02:00,21,5,1,0,612,12,15,2,18,1.44,0,clean,Python,2024-2026,1.0,,47.08,0.12,0.09,1
scipy/scipy,bf8703571047fa4952e4ec9d56aec738ca5ecb81,bf87035710,DOC: improve documentation for special.erf and related functions (#25031)  * [docs only] DOC: improve doc for erf and related functions  * [docs only] DOC: fix operator,bugfix,Python,Florian Bourgey,2026-04-18 22:48:53+01:00,22,5,1,1,64,29,2,1,0,0.0,1,keyword_strict,Python,2024-2026,0.4,,2.13,0.33,0.0,2
scipy/scipy,b6107de06511cad1878b5c073bfb5766aa02aeb0,b6107de065,DOC: special: ensure MultiUFunc has text_signature and standardize docstrings,docs,Python,Jake Bowhay,2026-04-18 23:21:06+01:00,23,5,1,1,121,59,2,0,1,9.0,0,clean,Python,2024-2026,1.0,,2.02,0.0,3.0,2
scipy/scipy,87a6d10b775ed22808df8f35d92ee1b16c647610,87a6d10b77,CI: Enable xdist and JAX caching for Array API CPU job  (#25037),other,Unknown,Nick ODell,2026-04-19 07:12:25+01:00,7,6,1,0,19,4,2,0,0,0.0,0,clean,Python,2024-2026,1.0,,3.8,0.0,0.0,1
pola-rs/polars,2e9aee4bd6fdc46c9b2fddb9528f3c5b9fc3ff5b,2e9aee4bd6,fix(python): Fix typing for `DataFrame.__init__` and `Series.__init__` so they don't require all optional dependencies to be installed (#27348),bugfix,Python,Marco Edward Gorelli,2026-04-19 14:18:36+02:00,14,6,1,0,188,43,13,10,17,2.76,0,clean,Python,2024-2026,1.0,,4.27,0.71,0.2,0
scipy/scipy,b07f147b0a200d887de3122c33ecd20ef3c49f76,b07f147b0a,TYP: fix all (600+) mypy errors (#24930)  ---------  Co-authored-by: Lucas Colley <lucas.colley8@gmail.com>,bugfix,Python,Joren Hammudoglu,2026-04-19 21:49:44+01:00,21,6,1,0,178,149,53,13,39,7.26,1,keyword_strict,Python,2024-2026,0.4,,1.19,0.24,0.13,3
scipy/scipy,f7b690e58c66d3182a944d9997449d82956f7084,f7b690e58c,DOC: special: Update URLs to use HTTPS (#25042)  fix URL redirects from HTTP -> HTTPS,bugfix,Python,partev,2026-04-20 08:50:55+01:00,8,0,0,0,18,18,1,0,0,0.0,1,keyword_strict,Python,2024-2026,0.4,,0.95,0.0,0.0,0
numpy/numpy,c7c1d23b13282f77403686a83902cefe2c26333a,c7c1d23b13,DOC/TYP: Improved typing docs for ``ndarray`` (#31277),docs,Python,Joren Hammudoglu,2026-04-20 08:57:20-06:00,8,0,0,0,18,4,1,0,0,0.0,0,clean,Python,2024-2026,1.0,,3.6,0.0,0.0,4
numpy/numpy,b6bc683cce907d21575536c12b2ad993939fd556,b6bc683cce,"ENH: Allow user-dtypes return views on `.conjugate()` (#31264)  This uses the fact that if something doesn't define an imag, then conjugate() should be defined as a simple view (similar to .real).  Th",feature,C,Sebastian Berg,2026-04-20 09:26:13+02:00,9,0,0,0,13,5,2,1,2,3.5,0,clean,Python,2024-2026,1.0,,2.17,0.33,1.17,2
numpy/numpy,49d0be449e43a871a08ef1f991f0cf6cf419e4b6,49d0be449e,BUG: raise warning when `np.timedelta64()` is called (#31213)  Also raise a DeprecationWarning when following codes are called without specific unit:     np.timedelta()     np.datetime()     np.dateti,bugfix,Python,riku-sakamoto,2026-04-20 09:32:10+02:00,9,0,0,0,129,52,16,11,20,5.85,1,keyword_strict,Python,2024-2026,0.4,,2.43,0.65,0.34,0
numpy/numpy,d3a73173a9ef321d014e10255b62ace2104af6f2,d3a73173a9,"BUG,DEP: Change logic for ``arr.view()`` to use ``_set_dtype`` (#31234)  This modifies the logic for `arr.view()` to: 1. Use `arr._set_dtype(new_dtype)` for subclasses to have a simple way to migrate ",bugfix,Python,Sebastian Berg,2026-04-20 09:38:29+02:00,9,0,0,0,220,58,10,4,15,3.47,1,szz,Python,2024-2026,0.286,31281.0,3.73,0.36,0.32,2
pola-rs/polars,6a8db1dfe7a1b5ec052da852746573b470b77a4c,6a8db1dfe7,feat: Add `maintain_order` parameter to `merge_sorted` (#27263),feature,Rust,Jonathan Chang,2026-04-20 09:57:45+02:00,9,0,0,0,166,26,26,1,34,30.94,0,clean,Python,2024-2026,1.0,,6.15,0.04,1.15,0
scipy/scipy,cc860691345567c9599658579c1d198f1075b21e,cc86069134,CI: turn off deployment for circleci-redirector environment (#25043),other,Unknown,Lucas Colley,2026-04-20 11:44:43+01:00,11,0,0,0,3,1,1,0,0,0.0,0,clean,Python,2024-2026,1.0,,1.5,0.0,0.0,3
pola-rs/polars,f313090f2246ad0b6808ce14c0cbe04555fdbb7b,f313090f22,docs: Add explanation on the observatory sqlite db file (#27354)  Co-authored-by: Clément Arnarez <clement@polars.tech>,feature,Unknown,Jop Zitman,2026-04-20 13:13:41+02:00,13,0,0,0,35,1,4,0,0,0.0,0,clean,Python,2024-2026,1.0,,17.5,0.0,0.0,0
scipy/scipy,f081c8fedbd6af1574dc7ef3ec222c968c9183a6,f081c8fedb,MAINT: special: avoid deprecated implicit datetime unit (#25045)  [skip circle],other,Python,Lucas Colley,2026-04-20 14:37:28+01:00,14,0,0,0,2,2,1,1,0,0.0,0,clean,Python,2024-2026,1.0,,0.67,0.5,0.0,3
scipy/scipy,12f1365ad05b5af19b71ff08624efd9e6463d51b,12f1365ad0,DOC: interpolate: fix imbalanced double backticks (#25046)  This breaks some RST parsers.  [skip ci],bugfix,Python,M Bussonnier,2026-04-20 14:39:00+01:00,14,0,0,0,1,1,1,0,0,0.0,1,keyword_strict,Python,2024-2026,0.4,,0.5,0.0,0.0,0
pola-rs/polars,3f0dc9a0264dac5fc0a11bf7e2dae87745663dbe,3f0dc9a026,"fix: Always rechunk sorts, prune sorts even in eager execution (#27356)",bugfix,Rust,Amber Sprenkels,2026-04-20 14:39:33+02:00,14,0,0,0,13,5,3,0,4,12.25,0,clean,Python,2024-2026,1.0,,2.17,0.0,3.06,0
scipy/scipy,c5e11ad6f79123f310d0ce4be4474c47870235e7,c5e11ad6f7,"DOC: stats.binomtest: fix unbalanced backticks (#25047)  Breaks rst parsing.  Introduced in #24501 (planed for 1.18.0), so unrealesed should not break anything or anyone relying on exact message forma",bugfix,Python,M Bussonnier,2026-04-20 14:39:48+01:00,14,0,0,0,4,4,2,2,3,6.33,1,keyword_strict,Python,2024-2026,0.4,,0.8,0.67,2.11,1
scipy/scipy,c2e88270285f50f76099f4c602bed07a84bdf267,c2e8827028,DOC: spatial.transform.Rotation.apply: fix formula (#24518)  * DOC: Fix Rotation.apply doc to use vectors @ as_matrix().T  * DOC: Fix apply() doc and add matrix-equivalence tests (gh-24517)  * [skip c,bugfix,Python,Sabaa Siddique,2026-04-20 14:41:28+01:00,14,0,0,0,41,4,5,3,4,3.0,1,keyword_strict,Python,2024-2026,0.4,,8.2,0.5,0.5,0
scipy/scipy,763dbc855c539b5e286ed1b3abf88d644e66942e,763dbc855c,"DOC: stats.yeojohnson_llf: fix invalid RST (#25048)  You need a space or docutils keeps parsing. This is even true for things like ""`None`s"" which is found in many places in scipy, is technically wron",bugfix,Python,M Bussonnier,2026-04-20 14:42:23+01:00,14,0,0,0,1,1,1,0,1,4.0,1,keyword_strict,Python,2024-2026,0.4,,0.5,0.0,2.0,2
pola-rs/polars,bf938a1a1288e323e7477d32a837f08f93f16760,bf938a1a12,fix: Ensure `append()` errors when `upcast=False` (#27346),bugfix,Rust,Kevin Patyk,2026-04-20 16:10:12+02:00,16,0,0,0,11,1,2,1,2,38.0,0,clean,Python,2024-2026,1.0,,5.5,0.33,12.67,0
pola-rs/polars,dd9be47e385e55b7ed2b7bf09cbe21fc2c23c139,dd9be47e38,perf: Skip validity mask processing in __array_ufunc__ when no inputs have nulls (#27358)  Co-authored-by: gabriel <gabriel.g.robin@airbus.com>,other,Python,gab23r,2026-04-20 17:50:03+01:00,17,0,0,0,2,2,1,0,1,22.0,0,clean,Python,2024-2026,1.0,,0.67,0.0,11.0,0
numpy/numpy,91c5a4f198d77bd546f423eabd15581b967422f2,91c5a4f198,MAINT: Bump pyrefly from 0.60.1 to 0.61.0 in /requirements (#31289)  Signed-off-by: dependabot[bot] <support@github.com> Co-authored-by: dependabot[bot] <49699333+dependabot[bot]@users.noreply.github.,other,Unknown,dependabot[bot],2026-04-20 18:15:53-06:00,18,0,0,0,1,1,1,0,0,0.0,0,clean,Python,2024-2026,1.0,,0.5,0.0,0.0,0
numpy/numpy,de10b50273e0f5e98834422b48ac897942464758,de10b50273,DOC/TYP: remove outdated subsection on 0D arrays (#31288),docs,Python,Joren Hammudoglu,2026-04-20 18:17:05-06:00,18,0,0,0,0,14,1,0,0,0.0,0,clean,Python,2024-2026,1.0,,0.0,0.0,0.0,4
scipy/scipy,f7820819bc0160a6d538ce02027374bf9a8a2ecf,f7820819bc,DOC: special: expand acronym to avoid bug in expit description (#25053),bugfix,C++,Aditya Rawat,2026-04-20 19:47:12-06:00,19,0,0,0,1,1,1,1,0,0.0,1,keyword_strict,Python,2024-2026,0.4,,0.5,0.5,0.0,0
pola-rs/polars,21f150fdee9dc9dd7623e7f56b1a833f546f95bf,21f150fdee,ci(rust): Cargo deny (#27363),other,Unknown,Clément Arnarez,2026-04-20 20:02:51+02:00,20,0,0,0,100,1,10,0,0,0.0,0,clean,Python,2024-2026,1.0,,50.0,0.0,0.0,0
numpy/numpy,d0054199c2e45e1dd4432fdb5f9fdf4cc7abfdc2,d0054199c2,MAINT: Bump actions/cache from 5.0.4 to 5.0.5  Bumps [actions/cache](https://github.com/actions/cache) from 5.0.4 to 5.0.5. - [Release notes](https://github.com/actions/cache/releases) - [Changelog](h,bugfix,Unknown,dependabot[bot],2026-04-20 20:13:54+00:00,20,0,0,0,4,4,2,0,0,0.0,0,clean,Python,2024-2026,1.0,,0.8,0.0,0.0,0
scipy/scipy,77497d7eb0c8156e4c15504e017848195723f335,77497d7eb0,DOC: fix see also section (#25051),bugfix,C++,Florian Bourgey,2026-04-21 07:18:05+01:00,7,1,0,0,3,3,1,1,0,0.0,1,keyword_strict,Python,2024-2026,0.4,,0.75,0.5,0.0,3
scipy/scipy,61259e7ac6eed2755abcf827a1994ebe19efb55d,61259e7ac6,DOC: optimize: add some references to line search algorithms (#25030),feature,Python,Christian Lorentzen,2026-04-21 09:44:13+01:00,9,1,0,0,23,9,1,0,1,6.0,0,clean,Python,2024-2026,1.0,,2.3,0.0,3.0,0
pola-rs/polars,2436421f7c2a1da360f5021eeceb85dddbebcfee,2436421f7c,fix: Ensure `list.sample()` allows `fraction` > 1 when `with_replacement=True` (#27350),bugfix,Rust,Kevin Patyk,2026-04-21 10:03:36+02:00,10,1,0,0,14,5,2,1,2,6.5,0,clean,Python,2024-2026,1.0,,2.33,0.33,2.17,0
scipy/scipy,e94fb58a7121632959a25022a9eb8ac0f69bfb5d,e94fb58a71,DOC: optimize.curve_fit: raising `TypeError` (#25013),docs,Python,Zhang Maiyun,2026-04-21 10:04:56+01:00,10,1,0,0,3,0,1,0,0,0.0,0,clean,Python,2024-2026,1.0,,3.0,0.0,0.0,0
scipy/scipy,54acbc7f906e801afd92a0caffadfe392a58e694,54acbc7f90,BENCH: signal: better comparison between `fftconvolve` and `oaconvolve` (#24835),other,Python,Taylor,2026-04-21 10:10:26+01:00,10,1,0,0,7,20,1,0,4,1.0,0,clean,Python,2024-2026,1.0,,0.33,0.0,0.5,0
scipy/scipy,50669a01da77ae335042a45b4cea628d935472cf,50669a01da,BUG: use `CMPLX()`/`CMPLXF()` instead of `real + imag * I` (#24929)  * BUG: use CMPLX()/CMPLXF() instead of real + imag * I in 4 headers  The `real + imag * I` pattern corrupts the real part when the ,bugfix,C,devdanzin,2026-04-21 10:17:02+01:00,10,1,0,0,108,33,7,0,0,0.0,1,keyword_strict,Python,2024-2026,0.4,,3.18,0.0,0.0,0
scipy/scipy,916de565cc64d2a525e91f378720a93bc8eddfa9,916de565cc,DOC: linalg: discuss/illustrate `overwrite_a` arguments (#24963),docs,Python,Evgeni Burovski,2026-04-21 10:21:55+01:00,10,1,0,0,151,27,10,0,33,11.0,0,clean,Python,2024-2026,1.0,,5.39,0.0,1.0,1
pola-rs/polars,fb70396676aac37aa974644956998f2e95aff828,fb70396676,docs: Split out openlineage docs into guide and configuration (#27371),docs,Unknown,Jop Zitman,2026-04-21 11:26:15+02:00,11,1,0,0,108,84,4,0,0,0.0,0,clean,Python,2024-2026,1.0,,1.27,0.0,0.0,0
scipy/scipy,3eb1328ff0bcadaa72632f948f41bf1785b8d083,3eb1328ff0,add output size formulas for convolution modes,feature,Python,Aniket Singh Yadav,2026-04-21 14:41:46+02:00,14,1,0,0,31,5,1,0,5,15.8,0,clean,Python,2024-2026,1.0,,5.17,0.0,7.9,0
scipy/scipy,15b0dd0f9a87cae1edf68ff4654080c8d9ad33e8,15b0dd0f9a,"DOC: signal: clarify 1-D input requirement for lp2lp, lp2hp, lp2bp, lp2bs, tf2zpk, tf2sos (#24993)",docs,Python,Aniket,2026-04-21 15:29:55+01:00,15,1,0,0,24,24,1,0,6,4.33,0,clean,Python,2024-2026,1.0,,0.96,0.0,2.16,0
scipy/scipy,7ae03097986c61233cdfd1c373b3edcbc9d8e9a1,7ae0309798,DOC: fix typo in tutorial (#25055),bugfix,Unknown,Isaiah Zimmerman,2026-04-21 15:31:04+01:00,15,1,0,0,1,1,1,0,0,0.0,1,keyword_strict,Python,2024-2026,0.4,,0.5,0.0,0.0,0
numpy/numpy,388bd75829842d8230147f57eba5f86bb3ad6c3c,388bd75829,DEP: Correct dtype in `__array_finalize__` if _set_dtype=None (#31293)  This avoids using the correct dtype in array_finalize unless _set_dtype = None is set on the class. We also use this new path to,feature,Python,Sebastian Berg,2026-04-21 16:57:21+02:00,16,1,0,0,62,18,6,3,6,7.0,0,clean,Python,2024-2026,1.0,,3.26,0.43,1.0,3
pola-rs/polars,6bb1cf819eefb8f07707c7dbcd999e563349abf0,6bb1cf819e,fix(python): Address bug in `reduce_balanced` for certain input length lists affecting `pl.concat` (#27352)  Co-authored-by: Simon Lin <simonlin.rqmmw@slmail.me>,bugfix,Python,Zain Patel,2026-04-21 22:50:03+10:00,22,1,0,1,91,20,3,2,5,2.6,0,clean,Python,2024-2026,1.0,,4.33,0.5,0.65,0
scipy/scipy,f82b3f9d3c30cc6e7f906b0d00b8b43bfea02e5c,f82b3f9d3c,"DOC: misc typos in syntax, (#25054)",docs,Python,M Bussonnier,2026-04-22 08:06:40+01:00,8,2,0,0,9,8,5,1,4,7.25,0,clean,Python,2024-2026,1.0,,1.0,0.17,1.21,3
numpy/numpy,c1f6b30d39ef2648789db51a8493d06d1363695b,c1f6b30d39,MAINT: Update dependabot configuration  Dependabot is not updating pytest even though pytest 9.0.3 was released April 7. Grok suggests this is a known dependabot problem with multiple files pinning th,test,Unknown,Charles Harris,2026-04-22 08:15:47-06:00,8,2,0,0,7,2,1,0,0,0.0,0,clean,Python,2024-2026,1.0,,2.33,0.0,0.0,0
scipy/scipy,273db3a31a65ea07117c5569ff66930520f23ce0,273db3a31a,"CI: When lockfile changes, don't attempt to restore old Pixi cache (#25057)",other,Unknown,Nick ODell,2026-04-22 08:28:50+02:00,8,2,0,0,2,7,1,0,0,0.0,0,clean,Python,2024-2026,1.0,,0.25,0.0,0.0,1
pola-rs/polars,44948d32fb5090abca376493ef2602a0a8dadc74,44948d32fb,fix: Use the physical dtype for `NumUnorderedImplodeReducer` arrow `ListArray` (#27375),bugfix,Rust,Amber Sprenkels,2026-04-22 09:40:33+02:00,9,2,0,0,37,1,2,1,2,1.5,0,clean,Python,2024-2026,1.0,,18.5,0.33,0.5,0
pola-rs/polars,17f907458d5e4481f8d8d1be5629f90419976762,17f907458d,chore: Disable debug symbols in macos coverage tests (#27361)  Co-authored-by: jonathanchang31 <55106972+jonathanchang31@users.noreply.github.com>,bugfix,Unknown,Amber Sprenkels,2026-04-22 09:41:36+02:00,9,2,0,0,4,0,1,1,0,0.0,0,clean,Python,2024-2026,1.0,,4.0,0.5,0.0,0
numpy/numpy,fa558407446c9bd2f37e0e25fac200e0156a9c80,fa55840744,MAINT: Bump github/codeql-action from 4.35.1 to 4.35.2 (#31305)  Signed-off-by: dependabot[bot] <support@github.com> Co-authored-by: dependabot[bot] <49699333+dependabot[bot]@users.noreply.github.com>,other,Unknown,dependabot[bot],2026-04-22 09:44:00-06:00,9,2,0,0,4,4,2,0,0,0.0,0,clean,Python,2024-2026,1.0,,0.8,0.0,0.0,0
numpy/numpy,e514ba849d8a6c27864e6eb44a296ffdfd43ede1,e514ba849d,MAINT: Bump the python-deps group in /requirements with 7 updates (#31306)  Signed-off-by: dependabot[bot] <support@github.com> Co-authored-by: dependabot[bot] <49699333+dependabot[bot]@users.noreply.,other,Unknown,dependabot[bot],2026-04-22 09:56:44-06:00,9,2,0,0,8,8,4,0,0,0.0,0,clean,Python,2024-2026,1.0,,0.89,0.0,0.0,0
numpy/numpy,1794bb75675108eda13ac61c029a0a8580882fde,1794bb7567,MAINT: Use Python 3.12 for dependabot pip updates.  Seems pytest has dropped support for older python version. Make dependabot use a newer version. This is only needed for the pip ecosystem.  [skip az,feature,Unknown,Charles Harris,2026-04-22 09:58:12-06:00,9,2,0,0,1,0,1,0,0,0.0,0,clean,Python,2024-2026,1.0,,1.0,0.0,0.0,0
pola-rs/polars,f992305b9db6c87b9ca535cf717461a6c8966312,f992305b9d,chore(python): Disable mypy type checking for `pyarrow` calls (#27377),other,Python,Amber Sprenkels,2026-04-22 11:08:56+02:00,11,2,0,0,4,3,2,0,1,2.0,0,clean,Python,2024-2026,1.0,,1.0,0.0,0.67,0
numpy/numpy,e02facfc8fd2f70d7ea77e6a3405268a8fbd7d9d,e02facfc8f,DOC: Extra open parens in :math: polyvander (#31310),docs,Python,M Bussonnier,2026-04-22 11:22:22-07:00,11,2,0,0,2,2,1,0,2,1.0,0,clean,Python,2024-2026,1.0,,0.67,0.0,0.5,3
numpy/numpy,9546c7fe4d81a0a02ae224aa60a3c493db2ba92a,9546c7fe4d,"REV: ""MAINT: Use Python 3.12 for dependabot pip updates."" (#31311)",other,Unknown,Charles Harris,2026-04-22 13:02:54-06:00,13,2,0,0,0,1,1,0,0,0.0,0,clean,Python,2024-2026,1.0,,0.0,0.0,0.0,0
numpy/numpy,95dfe3da93d0a74d93fca067011d1864a391ffcc,95dfe3da93,DOC: wrong underline length and closing backtick (#31300),docs,Python,M Bussonnier,2026-04-22 13:12:01+02:00,13,2,0,0,6,3,2,0,0,0.0,0,clean,Python,2024-2026,1.0,,1.5,0.0,0.0,3
pola-rs/polars,4856eb3213e68bedcf24e62926cce19595973610,4856eb3213,fix: Honor `having` predicate in `GroupBy` iter (#27370),bugfix,Python,Koen Denecker,2026-04-22 13:53:22+02:00,13,2,0,0,31,9,2,1,2,1.5,0,clean,Python,2024-2026,1.0,,3.1,0.33,0.5,1
pola-rs/polars,344a0ea39753771f893144939f2b70c3144f8ebf,344a0ea397,Python Polars 1.40.1 (#27381),other,Rust,Ritchie Vink,2026-04-22 14:27:45+02:00,14,2,0,0,13,13,8,0,0,0.0,0,clean,Python,2024-2026,1.0,,0.93,0.0,0.0,0
pola-rs/polars,d828a2d3e908b5987f733a8bcf996f7556da6c8e,d828a2d3e9,chore(rust): Bump rustls-webpki (#27382),other,Unknown,Jesse,2026-04-22 15:43:39+02:00,15,2,0,0,29,150,2,0,0,0.0,0,clean,Python,2024-2026,1.0,,0.19,0.0,0.0,0
numpy/numpy,b7282420a6bea2c4c15b05f7300890a47460c796,b7282420a6,"DOC: update datetime documentation to explain that ""NaT"" also requires specific unit (#31282)",docs,Unknown,riku-sakamoto,2026-04-22 18:38:32-06:00,18,2,0,0,36,14,1,0,0,0.0,0,clean,Python,2024-2026,1.0,,2.4,0.0,0.0,1
numpy/numpy,065874ccab620c3d467fe99854dad707f2000faa,065874ccab,DOC/TYP: Move ``ndarray`` typing docs to a more appropriate section (#31313),docs,Python,Joren Hammudoglu,2026-04-22 18:40:42-06:00,18,2,0,0,21,22,1,0,0,0.0,0,clean,Python,2024-2026,1.0,,0.91,0.0,0.0,4
numpy/numpy,3883a82b99418152aabcb0116c18ccaa36515e81,3883a82b99,Remove LICENSE workaround from pixi recipes (#31304),other,Unknown,Guido Imperiale,2026-04-22 18:46:20-06:00,18,2,0,0,9,141,9,0,0,0.0,0,clean,Python,2024-2026,1.0,,0.06,0.0,0.0,0
numpy/numpy,1bcc77c7f02b0cd119f089c46daa416349f04bb8,1bcc77c7f0,MAINT: Update some requirements. (#31312),other,Unknown,Charles Harris,2026-04-22 19:12:09-06:00,19,2,0,0,9,9,6,2,0,0.0,0,clean,Python,2024-2026,1.0,,0.9,0.29,0.0,0
scipy/scipy,c1ee62b49622c98f57445bcf86247866e9a48442,c1ee62b496,"ENH: spatial: faster SphericalVoronoi 3D area (#25058)  * Use a vectorized approach to Voronoi region vertex counting rather than a pure Python iteration.  * Similarly, `point_indices` in the 3D Voron",other,Python,Tyler Reddy,2026-04-23 07:02:24+01:00,7,3,0,0,8,9,1,0,2,2.5,0,clean,Python,2024-2026,1.0,,0.8,0.0,1.25,6
scipy/scipy,58d174ce4a2f194421a4aa54459ec8793b8bacab,58d174ce4a,DOC: interpolate.interpn: Example with extrapolation added (#25064),feature,Python,Dan,2026-04-23 09:15:50+02:00,9,3,0,0,41,0,1,0,1,17.0,0,clean,Python,2024-2026,1.0,,41.0,0.0,8.5,0
numpy/numpy,ca4aa145deac9886f1f2f77e275d18d52419c323,ca4aa145de,DOC: use base min and max rather than aliases amin and amax in see-also (#31315),docs,Python,Ed Bennett,2026-04-23 10:26:21-06:00,10,3,0,0,2,2,1,0,2,1.0,0,clean,Python,2024-2026,1.0,,0.67,0.0,0.5,0
numpy/numpy,a253537e7a06e8e41a96d17b3f0ece62d93071ad,a253537e7a,BUG: Prevent deadlock due to downstream importing NumPy in dlopen (#31303)  Downstream should probably never import numpy (i.e. activate the C-API) during dlopen (rather than the Python module init fu,bugfix,Python,Sebastian Berg,2026-04-23 10:39:17+02:00,10,3,0,0,8,1,1,0,1,4.0,1,keyword_strict,Python,2024-2026,0.4,,4.0,0.0,2.0,3
numpy/numpy,a9c745972cd7c76c6135005403a763e2ed6da60c,a9c745972c,MAINT: Bump astral-sh/setup-uv from 8.0.0 to 8.1.0 (#31318)  Signed-off-by: dependabot[bot] <support@github.com> Co-authored-by: dependabot[bot] <49699333+dependabot[bot]@users.noreply.github.com>,other,Unknown,dependabot[bot],2026-04-23 14:23:30-06:00,14,3,0,0,3,3,2,1,0,0.0,0,clean,Python,2024-2026,1.0,,0.75,0.33,0.0,0
numpy/numpy,e751d2889df4321ec72d378cd4dfbe65e53235e1,e751d2889d,MAINT: use new dtype in view creation rather than going through two views.  This includes moving the new dtype checking stuff to common.c and use that in dtype setting as well.,feature,C,Marten Henric van Kerkwijk,2026-04-23 15:50:57+02:00,15,3,0,0,212,178,4,0,3,16.33,1,szz,Python,2024-2026,0.036,31295.0,1.18,0.0,3.27,0
numpy/numpy,fa6d67432de1e7d5868c285b4076495d3614d227,fa6d67432d,BUG: Fix segfault in nditer.multi_index when __getitem__ raises (#31314),bugfix,C,Breno Favaretto,2026-04-23 16:44:01-06:00,16,3,0,0,19,0,2,1,4,3.75,1,keyword_strict,Python,2024-2026,0.4,,19.0,0.33,1.25,0
numpy/numpy,137c0797a132c3a48820de695cbc479bd62eda0b,137c0797a1,MAINT: simplify view implementations in MaskedArray and MaskedRecords.  Possible after the changes in ndarray.view().,feature,Python,Marten Henric van Kerkwijk,2026-04-23 17:02:14+02:00,17,3,0,0,17,56,2,0,2,8.5,0,clean,Python,2024-2026,1.0,,0.3,0.0,2.83,1
pola-rs/polars,1de44549911da2170c40194d5ac147bebca0c432,1de4454991,build: Bump deltalake to 1.5.1 in CI (#27387),other,Python,Koen Denecker,2026-04-24 08:34:34+02:00,8,4,0,0,19,13,2,1,1,1.0,0,clean,Python,2024-2026,1.0,,1.36,0.33,0.33,1
pola-rs/polars,bd849753f64f66d245e645bb7f7f9b0d447a9c63,bd849753f6,fix: Raise `DuplicateError` on parquet files with duplicate column names (#27399),bugfix,Rust,Azim Afroozeh,2026-04-24 14:36:02+02:00,14,4,0,0,29,6,2,1,2,2.5,0,clean,Python,2024-2026,1.0,,4.14,0.33,0.83,0
numpy/numpy,863dedfc3f2738bea50bb011e060f4661fa01d26,863dedfc3f,MAINT: Bump ruff in /requirements in the python-deps group  Bumps the python-deps group in /requirements with 1 update: [ruff](https://github.com/astral-sh/ruff).   Updates `ruff` from 0.15.10 to 0.15,bugfix,Unknown,dependabot[bot],2026-04-24 17:56:36+00:00,17,4,0,0,1,1,1,0,0,0.0,0,clean,Python,2024-2026,1.0,,0.5,0.0,0.0,0
numpy/numpy,36a770324c192ae23370fc271a83f54d11a61c38,36a770324c,"MAINT: export _update_descr_and_dimensions for use in descr setting.  Put it in common.c under a new name, which also does the copying of dims & strides.",feature,C,Marten Henric van Kerkwijk,2026-04-24 21:09:04+02:00,21,4,0,0,81,98,4,0,4,20.25,0,clean,Python,2024-2026,1.0,,0.82,0.0,4.05,1
scipy/scipy,f01e3289059a9cd0fac99919ea4afdae1412d3ef,f01e328905,DOC: add array api extra_note for PPoly,feature,Python,steppi,2026-04-24 21:49:38-04:00,21,4,0,0,11,2,1,0,0,0.0,0,clean,Python,2024-2026,1.0,,3.67,0.0,0.0,0
scipy/scipy,832415ac4914cf33232b34e29ab54b474f23bd22,832415ac49,TST: add xp fixture to more BPoly tests,bugfix,Python,steppi,2026-04-24 21:49:38-04:00,21,4,0,0,87,57,1,1,30,1.73,0,clean,Python,2024-2026,1.0,,1.5,0.5,0.86,0
scipy/scipy,8cb0471b49d50690b0c92aa40281fcea5a10870c,8cb0471b49,MAINT: fix unpacking in from_derivatives,bugfix,Python,steppi,2026-04-24 21:49:38-04:00,21,4,0,0,4,1,1,0,1,3.0,0,clean,Python,2024-2026,1.0,,2.0,0.0,1.5,0
scipy/scipy,4d87f1475747228c66d2c828a9fc21711b024469,4d87f14757,TST: add xp fixture to more PPoly/BPoly tests,bugfix,Python,steppi,2026-04-24 21:49:38-04:00,21,4,0,0,28,27,1,1,13,1.31,0,clean,Python,2024-2026,1.0,,1.0,0.5,0.66,0
scipy/scipy,99277c6f19e04e881f113c6c556751cec05ddb14,99277c6f19,TST: add xp fixture to more BPoly tests,bugfix,Python,steppi,2026-04-24 21:49:38-04:00,21,4,0,0,19,16,1,1,6,2.33,0,clean,Python,2024-2026,1.0,,1.12,0.5,1.16,0
scipy/scipy,7b6473e157ca41dba07d3619859d23f2d8625d83,7b6473e157,TST: fix mistake in test update,bugfix,Python,steppi,2026-04-24 21:49:38-04:00,21,4,0,0,2,2,1,1,1,5.0,0,clean,Python,2024-2026,1.0,,0.67,0.5,2.5,0
scipy/scipy,60508a072ced9cf84a7e71f6547f7433d9e8b068,60508a072c,TST: Add xp fixture to more PPoly tests,bugfix,Python,steppi,2026-04-24 21:49:38-04:00,21,4,0,0,159,110,1,1,30,1.87,0,clean,Python,2024-2026,1.0,,1.43,0.5,0.94,0
scipy/scipy,869e67a2ae0366aef78aec59a7df2d2215fc98fe,869e67a2ae,TST: Add make_xp_test_case needed for cupy skip,feature,Python,steppi,2026-04-24 21:49:38-04:00,21,4,0,0,1,0,1,1,0,0.0,0,clean,Python,2024-2026,1.0,,1.0,0.5,0.0,0
scipy/scipy,f8613b6f03f4b009d824f245f54f042c9691db96,f8613b6f03,Make PPoly method_caps express solve/roots not in cupy,other,Python,steppi,2026-04-24 21:49:38-04:00,21,4,0,0,19,1,1,0,0,0.0,0,clean,Python,2024-2026,1.0,,9.5,0.0,0.0,0
scipy/scipy,2f0645c9419ca29b7ba557eb3b3baa8091e4e9b3,2f0645c941,"TST: use xp.flip instead of [:, ::-1]",other,Python,steppi,2026-04-24 21:49:38-04:00,21,4,0,0,1,1,1,1,1,3.0,0,clean,Python,2024-2026,1.0,,0.5,0.5,1.5,0
scipy/scipy,56558bf1e995f22184320e20f9d9a7118bc0cb64,56558bf1e9,ENH: set up cupy delegation for PPoly and BPoly,other,Python,steppi,2026-04-24 21:49:38-04:00,21,4,0,0,969,596,1,0,33,3.67,0,clean,Python,2024-2026,1.0,,1.62,0.0,1.84,0
scipy/scipy,ede3c32bfa36faaa5de6368ccca4e57cc88411ae,ede3c32bfa,TST: add xp fixture to more tests in TestPPolyCommon,bugfix,Python,steppi,2026-04-24 21:49:38-04:00,21,4,0,0,19,15,1,1,7,2.14,0,clean,Python,2024-2026,1.0,,1.19,0.5,1.07,0
scipy/scipy,10cc425cf2f8b7e36341973ab7d3c8f28d41bdb7,10cc425cf2,TST: Add xp fixture to more tests in TestPPoly,bugfix,Python,steppi,2026-04-24 21:49:38-04:00,21,4,0,0,34,27,1,1,10,1.8,0,clean,Python,2024-2026,1.0,,1.21,0.5,0.9,0
scipy/scipy,07f60ef23b92ce689b65ab1e08a7d95c3f0a94ee,07f60ef23b,TST: add explicit dtypes in tests to handle xp_default_dtype,feature,Python,steppi,2026-04-24 22:05:56-04:00,22,4,0,1,12,7,1,1,3,1.0,0,clean,Python,2024-2026,1.0,,1.5,0.5,0.5,0
scipy/scipy,4417995fa3c6caf8c14e230625c25f2c91f68c8f,4417995fa3,MAINT: remove unused import,other,Python,steppi,2026-04-24 22:56:38-04:00,22,4,0,1,1,2,1,0,0,0.0,0,clean,Python,2024-2026,1.0,,0.33,0.0,0.0,0
scipy/scipy,f1f7a63f990660662841c326cf4951b44298d20d,f1f7a63f99,BUG: special: fix refcount mistake for py_SpecialFunctionWarning  (#24928)  sf_error_v in sf_error.cc obtains a new reference to SpecialFunctionWarning (or SpecialFunctionError) via PyObject_GetAttrSt,bugfix,Unknown,devdanzin,2026-04-25 00:20:55-06:00,0,5,1,1,1,0,1,0,1,14.0,1,keyword_strict,Python,2024-2026,0.4,,1.0,0.0,7.0,1
pola-rs/polars,693c52035689e150c2c70fc6d48c952c564ec940,693c520356,chore(python): Resolve type-ignores in `udfs.py` (#27341)  Co-authored-by: Alexander Beedie <alexander-beedie@users.noreply.github.com>,other,Python,Marco Edward Gorelli,2026-04-25 10:31:03+01:00,10,5,1,0,21,5,1,0,0,0.0,0,clean,Python,2024-2026,1.0,,3.5,0.0,0.0,0
scipy/scipy,c4bf8dbe098b85acd5a8b49af1d687f90d712eaa,c4bf8dbe09,DOC: Add missing . in docstring,feature,Python,steppi,2026-04-25 12:54:27-04:00,12,5,1,0,1,1,1,0,0,0.0,0,clean,Python,2024-2026,1.0,,0.5,0.0,0.0,0
scipy/scipy,e2e26a21454e087b308d37a5cc83cac4538ff799,e2e26a2145,MAINT: let from_derivatives take any indexable sequence for yi,other,Python,steppi,2026-04-25 13:03:29-04:00,13,5,1,0,11,3,1,0,1,3.0,0,clean,Python,2024-2026,1.0,,2.75,0.0,1.5,0
numpy/numpy,a0a039d9ae3fd75cbf5385eeec12e770b819f1c5,a0a039d9ae,BLD: use batched C99 function detection to speed up configure stage of build  This reintroduces the `feature_detection_math.h` and `feature_detection_cmath.h` that we had in the distutils build (files,feature,Unknown,Ralf Gommers,2026-04-25 21:27:00+02:00,21,5,1,0,234,31,3,0,0,0.0,0,clean,Python,2024-2026,1.0,,7.31,0.0,0.0,2
scipy/scipy,7e4c45a0f8078c292f43d9d0849e6ea6a9345964,7e4c45a0f8,Respond to review comments,other,Python,steppi,2026-04-27 11:54:42-04:00,11,0,0,0,2,1,1,0,1,3.0,0,clean,Python,2024-2026,1.0,,1.0,0.0,1.5,0
numpy/numpy,bab58ec3127f95d7e63e305711bbd19f57cd0907,bab58ec312,Merge pull request #31320 from MaartenBaert/main  BUG: fix memory leak in np.zeros when fill-zero loop raises,bugfix,C,Maarten Baert,2026-04-27 16:45:44+02:00,16,0,0,0,9,5,2,0,2,35.0,1,keyword_strict,Python,2024-2026,0.4,,1.5,0.0,11.67,1
scipy/scipy,2c6af64796651d89654dca69a0954a999f5d1da2,2c6af64796,ENH: add a blas_bint typedef to cython_blas,feature,Python,Evgeni Burovski,2026-04-27 19:11:55+02:00,19,0,0,0,2,0,1,0,0,0.0,0,clean,Python,2024-2026,1.0,,2.0,0.0,0.0,1
numpy/numpy,b33f4d2b694baf9876864503a5d41fe11b9a34dd,b33f4d2b69,BUG/DEPR: Disallow noninteger types for the k parameter in rot90().  Closes gh-31342.,bugfix,Python,Warren Weckesser,2026-04-27 19:42:39-04:00,19,0,0,0,19,0,2,1,2,6.5,0,clean,Python,2024-2026,1.0,,19.0,0.33,2.17,2
numpy/numpy,a6df9950bb0501e0572ae05aefef93fc26cb25d2,a6df9950bb,MAINT: Bump int128/hide-comment-action from 1.55.0 to 1.56.0  Bumps [int128/hide-comment-action](https://github.com/int128/hide-comment-action) from 1.55.0 to 1.56.0. - [Release notes](https://github.,other,Unknown,dependabot[bot],2026-04-27 21:50:16+00:00,21,0,0,0,1,1,1,0,0,0.0,0,clean,Python,2024-2026,1.0,,0.5,0.0,0.0,0
numpy/numpy,cbda3c53eb8d45f6cff16708c00e64831335b89e,cbda3c53eb,MAINT: Bump pyrefly in /requirements in the python-deps group  Bumps the python-deps group in /requirements with 1 update: [pyrefly](https://github.com/facebook/pyrefly).   Updates `pyrefly` from 0.61,other,Unknown,dependabot[bot],2026-04-27 21:54:04+00:00,21,0,0,0,1,1,1,0,0,0.0,0,clean,Python,2024-2026,1.0,,0.5,0.0,0.0,0
pola-rs/polars,1a9be46bc66665a65bf9d96aaa65ee0f6bd1a5b3,1a9be46bc6,chore(rust): Bump `apache-avro` version (#27419),other,Rust,Kevin Patyk,2026-04-28 11:08:41+02:00,11,1,0,0,90,95,4,0,2,1.0,0,clean,Python,2024-2026,1.0,,0.94,0.0,0.2,0
pola-rs/polars,58ce3b80e6aea67f51b2e7683a86e785113e1195,58ce3b80e6,fix: Read parquet `MAP` columns without `LogicalType` annotation (#27404),bugfix,Rust,Azim Afroozeh,2026-04-28 11:09:32+02:00,11,1,0,0,73,4,3,1,2,1.5,0,clean,Python,2024-2026,1.0,,14.6,0.25,0.38,0
pola-rs/polars,08eea5eaa93f2a3d09b49b117357ee717e3df2be,08eea5eaa9,refactor: Remove redundant `PhysNodeKind::AsOfJoin::{left_right}_by` fields (#27400),refactor,Rust,Amber Sprenkels,2026-04-28 11:10:11+02:00,11,1,0,0,28,24,4,0,11,32.0,0,clean,Python,2024-2026,1.0,,1.12,0.0,6.4,0
numpy/numpy,570b65858e85bca3b88c4429ab97026f3dbb3784,570b65858e,"DEP: Narrow dtype deprecation subclass handling even further (#31316)  This goes to a bit extreme lengths, but avoids regressions for weird subclasses. Is it pretty? No, but the worst of it is just a ",bugfix,C,Sebastian Berg,2026-04-28 11:36:22+02:00,11,1,0,0,162,34,2,1,6,6.17,1,keyword_strict,Python,2024-2026,0.4,,4.63,0.33,2.06,4
pola-rs/polars,c0a963af765d5d9033a671793bedd6a5fa12921b,c0a963af76,chore(python): Remove unused `type: ignore` statements (#27360)  Co-authored-by: Orson Peters <orsonpeters@gmail.com>,other,Python,Marco Edward Gorelli,2026-04-28 12:54:49+02:00,12,1,0,0,19,18,13,9,17,4.59,0,clean,Python,2024-2026,1.0,,1.0,0.64,0.33,0
pola-rs/polars,0a0aef9f78bedbe3a2e4b64b67ef288c1bbd7242,0a0aef9f78,docs(python): Document `write_ipc` buffer behavior with `file=None` (#27430),docs,Python,Raul Estrada,2026-04-28 12:58:28+02:00,12,1,0,0,10,0,1,0,1,3.0,0,clean,Python,2024-2026,1.0,,10.0,0.0,1.5,0
pola-rs/polars,e429514f063ca1dfeedcb26eb5d2f9b7b4992839,e429514f06,fix: Return empty `DataFrame` from `concat_list` with `lit` and empty column (#27305),bugfix,Rust,Kevin Patyk,2026-04-28 13:10:39+02:00,13,1,0,0,8,1,2,1,2,3.0,0,clean,Python,2024-2026,1.0,,4.0,0.33,1.0,0
pola-rs/polars,f303afad8338757240dee6ad9581f654d1fe9c9c,f303afad83,fix: Ensure `sample()` respects `shuffle=False` (#27248),bugfix,Python,Kevin Patyk,2026-04-28 14:37:13+02:00,14,1,0,0,22,15,3,2,5,2.0,0,clean,Python,2024-2026,1.0,,1.38,0.5,0.5,0
numpy/numpy,6ec400a4683e5be68569e9b6a2203397df6893ad,6ec400a468,MAINT: Simplify C++ sorting tags (#31352),other,Unknown,Sebastian Berg,2026-04-28 14:40:15-06:00,14,1,0,0,209,594,2,0,95,1.83,0,clean,Python,2024-2026,1.0,,0.35,0.0,0.61,5
pola-rs/polars,019ca80884705c8c3dc423e3a13cfcee2e272d72,019ca80884,perf: Speed up parquet metadata decode with hand-written Thrift (#27427),other,Rust,Azim Afroozeh,2026-04-28 14:46:54+02:00,14,1,0,0,2825,292,22,0,146,3.88,0,clean,Python,2024-2026,1.0,,9.64,0.0,0.17,0
pola-rs/polars,f412ec1fee13f925301824f2fa7dee05ee96b159,f412ec1fee,fix(rust): Ensure index column is sorted in streaming rolling aggs (#27234),bugfix,Rust,Lawrence Mitchell,2026-04-28 15:14:35+02:00,15,1,0,0,26,1,2,1,2,14.0,0,clean,Python,2024-2026,1.0,,13.0,0.33,4.67,0
scipy/scipy,890fcf0f36e4cb9b862ebca37ec30b8f8515472d,890fcf0f36,order='C',other,Python,Jake Bowhay,2026-04-28 15:48:03+01:00,15,1,0,0,4,4,1,0,2,6.0,0,clean,Python,2024-2026,1.0,,0.8,0.0,3.0,2
numpy/numpy,0f79a3a0921873c3d7a85c7b3d7cf1411b7d2143,0f79a3a092,BUG: Fix copy performance regression for structured arrays (#29270)  This adds a new dtype flag used by structured dtypes to indicate that they _cannot_ trivially copy (`NPY_NOT_TRIVIALLY_COPYABLE`). ,bugfix,C,bonpyt,2026-04-28 16:44:34+02:00,16,1,0,0,90,6,6,0,10,24.1,1,keyword_strict,Python,2024-2026,0.4,,12.86,0.0,3.44,0
numpy/numpy,425f631926c3ae6c817774b4e079ffdf207e3907,425f631926,"BUG: np.einsum() fails with a 0-dimensional out argument and optimize='optimal' (#31354)  It replaces the expression out[:] found in bmm_einsum() with the more universal out[...], which is also valid ",bugfix,Python,Igor Krivenko,2026-04-28 17:47:17+02:00,17,1,0,0,9,1,2,1,2,7.5,1,keyword_strict,Python,2024-2026,0.4,,4.5,0.33,2.5,0
scipy/scipy,193a95ea842d8e1b69f1d67a8908e9bcfb534ffc,193a95ea84,DOC: special.hermitenorm: add example (#25024)  Co-authored-by: Florian Bourgey <bourgeyflorian@gmail.com> Co-authored-by: Lucas Colley <lucas.colley8@gmail.com>,feature,Python,Dan,2026-04-28 19:34:57+01:00,19,1,0,0,27,0,1,0,1,4.0,0,clean,Python,2024-2026,1.0,,27.0,0.0,2.0,0
pola-rs/polars,577933b7571e0be69602c2f41ed5f09ada5331f0,577933b757,docs(python): Clarify null handling in unique operations (#27431),docs,Python,Raul Estrada,2026-04-28 19:43:30+02:00,19,1,0,0,10,2,3,0,4,1.25,0,clean,Python,2024-2026,1.0,,3.33,0.0,0.31,0
numpy/numpy,a2d43cb44e858ce51d92cffe3b3f7886932ef6fd,a2d43cb44e,"ENH: fast path for full contiguous reductions (#31274)  Adds a fast path in PyUFunc_Reduce for the common case of a full reduction (axis=None) over a trivially-iterable, aligned, non-object/reference ",feature,Python,Pieter Eendebak,2026-04-29 08:41:23+02:00,8,2,0,0,155,20,3,0,9,4.56,0,clean,Python,2024-2026,1.0,,7.38,0.0,1.14,1
numpy/numpy,aafacc6f4fa9e00522a45a81a167533df5d58a55,aafacc6f4f,PERF: branchless calendar algorithms for datetime conversions (#31126)  Replace `get_datetimestruct_days` (ymd→days) with Hinnant's loop-free public-domain algorithm and `set_datetimestruct_days` (day,feature,C,jbrockmendel,2026-04-29 09:38:55+02:00,9,2,0,0,108,72,2,1,4,2.75,0,clean,Python,2024-2026,1.0,,1.48,0.33,0.92,1
numpy/numpy,4d213572cfb96b95c83693bbada3ebb65d7c9627,4d213572cf,BUG: Fix build failure with --latex-doc by filtering flag from backend args (#30331),bugfix,Python,Rupesh,2026-04-29 10:01:42+02:00,10,2,0,0,18,1,2,1,2,24.5,1,keyword_strict,Python,2024-2026,0.4,,9.0,0.33,8.17,0
pola-rs/polars,f27a79cc3ccf35c74acfe9552dc07a6a57f9efb5,f27a79cc3c,docs: Rename to Polars On-Prem (#27435),refactor,Unknown,Ritchie Vink,2026-04-29 10:09:30+02:00,10,2,0,0,80,77,18,0,0,0.0,0,clean,Python,2024-2026,1.0,,1.03,0.0,0.0,0
numpy/numpy,d4e5fafa28f4198c535e64ec18584f9ffd180d4d,d4e5fafa28,MAINT: Enable linting with ruff E501 #28947 (test_linalg.py) (#30195)  Co-authored-by: Joren Hammudoglu <jhammudoglu@gmail.com> Co-authored-by: Sebastian Berg <sebastianb@nvidia.com>,test,Python,Daniel Koronthály,2026-04-29 10:29:54+02:00,10,2,0,0,36,15,2,1,1,1.0,0,clean,Python,2024-2026,1.0,,2.25,0.33,0.33,0
pola-rs/polars,7afe302295b195da0753cb531c1bfe45fec062db,7afe302295,fix: Export enum as ordered dictionary to arrow (#27432),bugfix,Rust,Orson Peters,2026-04-29 11:37:51+02:00,11,2,0,0,174,110,23,3,67,2.66,1,szz,Python,2024-2026,0.185,27396.0,1.57,0.12,0.11,0
pola-rs/polars,005b1112543effdb3c82a5bd7e51018fd0aa1662,005b111254,fix: Handle column indexing in `read_parquet`/`read_csv` with pyarrow reader (#27397),bugfix,Python,Azim Afroozeh,2026-04-29 12:57:49+02:00,12,2,0,0,53,4,4,2,4,23.0,0,clean,Python,2024-2026,1.0,,10.6,0.4,4.6,0
pola-rs/polars,d12d8e8a6a84f599970c89b3ea24244dfcbb2e8b,d12d8e8a6a,docs: Polars On-Prem release (#27439),docs,Unknown,Ritchie Vink,2026-04-29 13:34:35+02:00,13,2,0,0,26,2,2,0,0,0.0,0,clean,Python,2024-2026,1.0,,8.67,0.0,0.0,0
pola-rs/polars,88d700ff8c708fd5bab021793173b0336974cf57,88d700ff8c,docs: Add See Also sections for datetime docstrings (#27316)  Co-authored-by: Ned Western <Ned.Western@bom.gov.au>,feature,Python,Ned Western,2026-04-29 14:13:01+02:00,14,2,0,0,8,0,1,0,2,1.0,0,clean,Python,2024-2026,1.0,,8.0,0.0,0.5,0
numpy/numpy,fc3fff253fcece69d135ef77fcc11b9eb6c5e2b3,fc3fff253f,MAINT: Combine the subarray stuff with the other dtype setting stuff.,other,C,Marten Henric van Kerkwijk,2026-04-29 14:32:31+02:00,14,2,0,0,157,113,5,0,8,18.0,0,clean,Python,2024-2026,1.0,,1.38,0.0,3.0,1
pola-rs/polars,3179f2c6033fe1fda748f62626c1db1b170d3841,3179f2c603,docs(python): Document gzip support in read_csv (#27434),docs,Python,Raul Estrada,2026-04-29 14:49:54+02:00,14,2,0,0,3,2,1,0,1,79.0,0,clean,Python,2024-2026,1.0,,1.0,0.0,39.5,0
numpy/numpy,a3b68e8dfa5f592dcd36a8ac3457a63484714a24,a3b68e8dfa,MAINT: ensure order F is respected also for scalar subarray.,other,C,Marten Henric van Kerkwijk,2026-04-29 14:54:57+02:00,14,2,0,0,12,2,2,1,2,28.0,0,clean,Python,2024-2026,1.0,,4.0,0.33,9.33,1
pola-rs/polars,6be9a5fad55849c6b3c5160ee54a02ae635afb7b,6be9a5fad5,refactor: Keep the schema ordered in scan projection pushdown (#27429),refactor,Rust,Amber Sprenkels,2026-04-29 16:25:39+02:00,16,2,0,0,50,95,4,1,7,29.14,0,clean,Python,2024-2026,1.0,,0.52,0.2,5.83,0
pola-rs/polars,b4ad1442df0636bcd577fc0c69afda3b0cb2482a,b4ad1442df,docs(python): Document null propagation in pl.format (#27447),docs,Python,Raul Estrada,2026-04-29 17:30:33+02:00,17,2,0,0,17,0,1,0,1,2.0,0,clean,Python,2024-2026,1.0,,17.0,0.0,1.0,0
pola-rs/polars,f663839dd181993f13814657c0e4eeed6e6da733,f663839dd1,fix: Struct rechunk bug and add Series::with_validity (#27446),bugfix,Rust,Orson Peters,2026-04-29 17:30:53+02:00,17,2,0,0,167,83,22,0,29,2.69,0,clean,Python,2024-2026,1.0,,1.99,0.0,0.12,1
numpy/numpy,001a3861b538e042acca4acbfa05c965e3390957,001a3861b5,MAINT: Update gitpython requirement  Updates the requirements on [gitpython](https://github.com/gitpython-developers/GitPython) to permit the latest version.  Updates `gitpython` to 3.1.47 - [Release ,test,Unknown,dependabot[bot],2026-04-29 17:57:14+00:00,17,2,0,0,2,2,2,0,0,0.0,0,clean,Python,2024-2026,1.0,,0.67,0.0,0.0,0
scipy/scipy,8e8a9cc70ace7913e060f7bea730d6f2ee6aa111,8e8a9cc70a,TST: linalg: add smoke test coverage of blas_bint,feature,Python,Evgeni Burovski,2026-04-29 18:27:15+02:00,18,2,0,0,46,0,3,2,2,3.0,0,clean,Python,2024-2026,1.0,,46.0,0.5,0.75,1
scipy/scipy,876fda7817b27576182a50baaf094e4d65686731,876fda7817,DOC: linalg: document blas_bint,docs,Python,Evgeni Burovski,2026-04-29 18:40:02+02:00,18,2,0,0,29,6,2,0,0,0.0,0,clean,Python,2024-2026,1.0,,4.14,0.0,0.0,1
scipy/scipy,ab882999a844755963096acb8d6337841181cee1,ab882999a8,MAINT: be less permissive about yi in from_derivatives,other,Python,steppi,2026-04-30 11:34:08-04:00,11,3,0,0,6,8,1,0,1,3.0,0,clean,Python,2024-2026,1.0,,0.67,0.0,1.5,0
scipy/scipy,1e5037ef83731dd702141f10330d769be97d76ad,1e5037ef83,DOC: Add extra_notes about mixed namespace behavior,feature,Python,steppi,2026-04-30 11:43:04-04:00,11,3,0,0,22,1,1,0,0,0.0,0,clean,Python,2024-2026,1.0,,11.0,0.0,0.0,0
scipy/scipy,0706a1b1868cccf62a2b87fe724d81017d846828,0706a1b186,DOC: reword extra notes for clarity,docs,Python,steppi,2026-04-30 11:53:32-04:00,11,3,0,0,8,8,1,0,0,0.0,0,clean,Python,2024-2026,1.0,,0.89,0.0,0.0,0
numpy/numpy,5cba3b4aa6c4847c6595d7e0a8e9f2f077296c79,5cba3b4aa6,MAINT: Bump conda-incubator/setup-miniconda from 3.3.0 to 4.0.0 (#31368)  Signed-off-by: dependabot[bot] <support@github.com> Co-authored-by: dependabot[bot] <49699333+dependabot[bot]@users.noreply.gi,other,Unknown,dependabot[bot],2026-04-30 15:18:26-06:00,15,3,0,0,1,1,1,0,0,0.0,0,clean,Python,2024-2026,1.0,,0.5,0.0,0.0,0
numpy/numpy,451309f539a0ffa1b6bd8c8cff407c8b3d694410,451309f539,BUG: Fix signed overflow issue in npy_gcd for INT_MIN on s390x (#31360)  This PR fixes signed overflow issue in npy_gcd when one of the inputs is the minimum value of a signed integer type (INT_MIN) o,bugfix,Python,AnkitAhlawat,2026-04-30 15:48:10+02:00,15,3,0,0,18,5,2,1,1,2.0,1,keyword_strict,Python,2024-2026,0.4,,3.0,0.33,0.67,0
pola-rs/polars,cce211556dff3c4ec17c5314c0e0ca86fe15d48e,cce211556d,refactor(rust): Schema per port for PhysNode (#27302),refactor,Rust,nameexhaustion,2026-04-30 18:03:11+02:00,18,3,0,0,173,157,5,0,22,24.91,0,clean,Python,2024-2026,1.0,,1.09,0.0,4.15,0
pola-rs/polars,32e7ee9f96e628fc92da65ef505cfa2c8c48c167,32e7ee9f96,fix: Prevent deadlock when using `to_pandas()` in multithreaded context (#27451),bugfix,Rust,Kevin Patyk,2026-04-30 18:05:56+02:00,18,3,0,0,81,77,2,1,3,4.67,0,clean,Python,2024-2026,1.0,,1.04,0.33,1.56,0
pola-rs/polars,85f98fd2831148a4d7db161fd4059a0d49de3abb,85f98fd283,perf: Lower non-elementwise FunctionExprIR to ColumnarFunctionNode (#27462),other,Rust,Orson Peters,2026-04-30 18:47:08+02:00,18,3,0,0,442,33,23,0,35,31.91,0,clean,Python,2024-2026,1.0,,13.0,0.0,1.33,1
pola-rs/polars,62674c45eb7d1e46e112eea7dab4da1aa113f539,62674c45eb,chore: Fix merge conflict in ColumnarFunction (#27464),bugfix,Rust,Orson Peters,2026-04-30 20:27:56+02:00,20,3,0,0,6,6,3,0,3,149.0,0,clean,Python,2024-2026,1.0,,0.86,0.0,37.25,1
pola-rs/polars,6db01a8f06bc73307b2246f415a4e2cdb55c31de,6db01a8f06,perf: Add streaming GatherNode (#27465),feature,Rust,Orson Peters,2026-05-01 08:45:17+02:00,8,4,0,0,214,116,7,0,14,28.64,0,clean,Python,2024-2026,1.0,,1.83,0.0,3.58,1
pola-rs/polars,f58a0ab0df7237a2cf8a6cf864edd18280af109d,f58a0ab0df,fix: Do not flatten sliced union (#27466),bugfix,Rust,nameexhaustion,2026-05-01 08:53:06+02:00,8,4,0,0,10,1,2,1,2,4.0,0,clean,Python,2024-2026,1.0,,5.0,0.33,1.33,0
pola-rs/polars,d93c523f54758c67c8ba71118dd1810832286ce7,d93c523f54,feat: Print `SLICED UNION` in LazyFrame explain (#27467),feature,Rust,nameexhaustion,2026-05-01 08:53:24+02:00,8,4,0,0,191,194,1,0,1,6.0,0,clean,Python,2024-2026,1.0,,0.98,0.0,3.0,0
scipy/scipy,44b28e07caf94f122f76b25ad61a9ec3bd6de86c,44b28e07ca,simplify,other,Python,Jake Bowhay,2026-05-01 09:23:17+01:00,9,4,0,0,5,5,1,0,4,1.0,0,clean,Python,2024-2026,1.0,,0.83,0.0,0.5,2
pola-rs/polars,93d22aff1ec615667758d5c525e1c339326f98bf,93d22aff1e,chore: Deduplicate interns (#27470),other,Rust,Ritchie Vink,2026-05-01 11:01:20+02:00,11,4,0,0,35,17,9,0,9,7.67,0,clean,Python,2024-2026,1.0,,1.94,0.0,0.77,0
pola-rs/polars,1322669eba567c717b4de22d83a748ba63010151,1322669eba,fix(rust): Rebalance deep merge_sorted chains (#27065),bugfix,Rust,Pablo Galindo Salgado,2026-05-01 14:12:42+02:00,14,4,0,0,237,0,4,2,10,6.3,0,clean,Python,2024-2026,1.0,,237.0,0.4,1.26,0
scipy/scipy,c6341bb9886fa01dcf6a4dfa0aba15e6f112a1ef,c6341bb988,"ENH: add `condition` to {skip,xfail}_xp_backends (#24782)  ---------  Co-authored-by: Jake Bowhay <60778417+j-bowhay@users.noreply.github.com>",feature,Python,Evgeni Burovski,2026-05-01 14:32:16+01:00,14,4,0,0,46,13,2,2,8,6.62,0,clean,Python,2024-2026,1.0,,3.29,0.67,2.21,1
pola-rs/polars,d2bef542167a4539d1098b587984ebfaf6c70637,d2bef54216,perf: Make `is_in` row-group pruning precise on multi-value lists (#27475),other,Rust,Azim Afroozeh,2026-05-01 15:58:38+02:00,15,4,0,0,132,37,4,1,5,19.2,0,clean,Python,2024-2026,1.0,,3.47,0.2,3.84,0
pola-rs/polars,923d5de6727ba52624a8da470f6d8583bd5b81e2,923d5de672,fix: Prevent deadlock when using `to_arrow()` in a multithreaded context (#27472),bugfix,Python,Kevin Patyk,2026-05-01 16:26:40+02:00,16,4,0,0,17,6,3,2,5,3.6,0,clean,Python,2024-2026,1.0,,2.43,0.5,0.9,0
numpy/numpy,2d004114eb05d021c896b41b2bf497776d717a0d,2d004114eb,MAINT: Bump int128/hide-comment-action from 1.56.0 to 1.57.0 (#31372)  Signed-off-by: dependabot[bot] <support@github.com> Co-authored-by: dependabot[bot] <49699333+dependabot[bot]@users.noreply.githu,other,Unknown,dependabot[bot],2026-05-01 16:38:49-06:00,16,4,0,0,1,1,1,0,0,0.0,0,clean,Python,2024-2026,1.0,,0.5,0.0,0.0,0
pola-rs/polars,d1112cd11b65fb859d9fe64e27a030b3a8474dc4,d1112cd11b,fix: Harden extend strictness (#27476),bugfix,Rust,Ritchie Vink,2026-05-01 16:53:04+02:00,16,4,0,0,18,7,3,1,3,6.0,0,clean,Python,2024-2026,1.0,,2.25,0.25,1.5,0
scipy/scipy,668b071b9c5f5a4415d748811b892aef767513a7,668b071b9c,DOC: special: fix formulas and examples (#25077)  * [docs only] DOC: improve special doc  * DOC/MAINT: fix returns section for betaincc [docs only],bugfix,Python,Florian Bourgey,2026-05-01 16:57:15+01:00,16,4,0,0,61,46,1,0,0,0.0,1,keyword_strict,Python,2024-2026,0.4,,1.3,0.0,0.0,4
numpy/numpy,78515a7ebe285a8edb046b954acb7c825ff48576,78515a7ebe,MAINT: Bump ruff from 0.15.11 to 0.15.12 in /requirements in the python-deps group (#31374)  Signed-off-by: dependabot[bot] <support@github.com> Co-authored-by: dependabot[bot] <49699333+dependabot[bo,other,Unknown,dependabot[bot],2026-05-01 17:07:51-06:00,17,4,0,0,1,1,1,0,0,0.0,0,clean,Python,2024-2026,1.0,,0.5,0.0,0.0,0
numpy/numpy,a572cd9d4bceefbda6a5542f201e9e77670a4322,a572cd9d4b,MAINT: Bump conda-incubator/setup-miniconda from 4.0.0 to 4.0.1 (#31373)  Signed-off-by: dependabot[bot] <support@github.com> Co-authored-by: dependabot[bot] <49699333+dependabot[bot]@users.noreply.gi,other,Unknown,dependabot[bot],2026-05-01 17:08:34-06:00,17,4,0,0,1,1,1,0,0,0.0,0,clean,Python,2024-2026,1.0,,0.5,0.0,0.0,0
numpy/numpy,8d78a99c0bb441ebea2487aa5ac4f6a19cb9a34b,8d78a99c0b,BUG: Avoid optimization causing astropy regression (#31371),bugfix,C,Sebastian Berg,2026-05-01 20:23:20-06:00,20,4,0,0,22,0,2,1,2,32.0,1,keyword_strict,Python,2024-2026,0.4,,22.0,0.33,10.67,5
pola-rs/polars,1e9a63b95923291cd8849d70d96b8cec4e96da6a,1e9a63b959,perf: List full fast path (#27477),other,Rust,Ritchie Vink,2026-05-02 13:20:58+02:00,13,5,1,0,12,0,2,1,1,4.0,0,clean,Python,2024-2026,1.0,,12.0,0.33,1.33,0
scipy/scipy,19ebb89591c01e363abb00790cab027446499dbb,19ebb89591,Prevent crash on empty Bounds,other,Python,J Berg,2026-05-02 15:07:13+01:00,15,5,1,0,28,1,4,2,4,3.25,0,clean,Python,2024-2026,1.0,,14.0,0.4,0.65,0
scipy/scipy,0b3dbeffbf4098cde6898452bb2174a25a9ae4b1,0b3dbeffbf,improve test case a little,test,Python,J Berg,2026-05-02 15:12:54+01:00,15,5,1,0,3,3,1,1,1,1.0,0,clean,Python,2024-2026,1.0,,0.75,0.5,0.5,0
scipy/scipy,66e297b1523eac292b12aeefe1380341c58b983d,66e297b152,cleanup,refactor,Python,J Berg,2026-05-02 15:15:15+01:00,15,5,1,0,0,2,1,1,1,1.0,0,clean,Python,2024-2026,1.0,,0.0,0.5,0.5,0
numpy/numpy,32ba7b65473abbb852c82deedd0a655ec9059752,32ba7b6547,MAINT: clarify why a structured dtype might not be trivially copyable,other,C,Marten Henric van Kerkwijk,2026-05-03 10:27:49+02:00,10,6,1,0,10,18,2,1,2,32.0,0,clean,Python,2024-2026,1.0,,0.53,0.33,10.67,1
scipy/scipy,bb0447c797972a49b36f5ccf6c7d2f44a5a2f69c,bb0447c797,Update scipy/fftpack/_realtransforms.py  Co-authored-by: Jake Bowhay <60778417+j-bowhay@users.noreply.github.com>,other,Python,Elle Musoke,2026-05-03 12:51:23+02:00,12,6,1,0,0,1,1,0,1,1.0,0,clean,Python,2024-2026,1.0,,0.0,0.0,0.5,0
scipy/scipy,fe60ded08bcc233289008b5dbdfce449b6852a0b,fe60ded08b,DOC: Add example to fft.idst and fftpack.idst  [docs only],feature,Python,Elle Musoke,2026-05-03 12:51:23+02:00,12,6,1,0,46,1,2,0,2,1.0,0,clean,Python,2024-2026,1.0,,23.0,0.0,0.33,0
scipy/scipy,4f0850c9a0cd6c3432ddd69257290aeaa14c5192,4f0850c9a0,DOC: Revert legacy function page.  [docs only],docs,Python,Elle Musoke,2026-05-03 12:51:23+02:00,12,6,1,0,1,22,1,0,1,1.0,0,clean,Python,2024-2026,1.0,,0.04,0.0,0.5,0
scipy/scipy,ddf966eb7578bc1f8c5311e396612a904197eea6,ddf966eb75,DOCS: Update idst example  Overwrite example with reviewer example and add commentary.  [docs only],feature,Python,Elle Musoke,2026-05-03 12:51:23+02:00,12,6,1,0,31,19,1,0,2,1.0,0,clean,Python,2024-2026,1.0,,1.55,0.0,0.5,0
scipy/scipy,8abaf4f10b9426328deae6b3cf3ae45ce673debe,8abaf4f10b,DOCS: Add link to DST and IDST tutorial from idst page  [docs only],feature,Python,Elle Musoke,2026-05-03 12:51:23+02:00,12,6,1,0,4,1,2,0,1,1.0,0,clean,Python,2024-2026,1.0,,2.0,0.0,0.33,0
scipy/scipy,13b30fafe759fdd5e38dede1de20195af89b68d7,13b30fafe7,"Update scipy/fft/_realtransforms.py  [docs only]  Co-authored-by: Dietrich Brunn <12721170+DietBru@users.noreply.github.com>",docs,Python,Elle Musoke,2026-05-03 12:51:23+02:00,12,6,1,0,1,1,1,0,1,1.0,0,clean,Python,2024-2026,1.0,,0.5,0.0,0.5,0
scipy/scipy,9c08752b51a28d273974f5379e38c4e56c8b687c,9c08752b51,"Update scipy/fft/_realtransforms.py  [docs only]  Co-authored-by: Dietrich Brunn <12721170+DietBru@users.noreply.github.com>",docs,Python,Elle Musoke,2026-05-03 12:51:23+02:00,12,6,1,0,23,19,1,0,1,1.0,0,clean,Python,2024-2026,1.0,,1.15,0.0,0.5,0
scipy/scipy,c3388c93f0b3a72d1b5cd7f00a29df8d0ca75626,c3388c93f0,Fixed small typo in `idst` docstr.  [docs only],bugfix,Python,Dietrich Brunn,2026-05-03 12:51:23+02:00,12,6,1,0,3,2,1,0,2,1.0,0,clean,Python,2024-2026,1.0,,1.0,0.0,0.5,0
scipy/scipy,292fa14956863385ce17d1f3dbe84bac22542a28,292fa14956,Update scipy/signal/tests/test_windows.py  Co-authored-by: Dietrich Brunn <12721170+DietBru@users.noreply.github.com>,test,Python,LudmilaGolomozin,2026-05-03 13:54:59+02:00,13,6,1,0,1,1,1,1,1,1.0,0,clean,Python,2024-2026,1.0,,0.5,0.5,0.5,0
scipy/scipy,a00e45fb75c85e403b2d04e2d7b268d2dd560e1e,a00e45fb75,Update scipy/signal/tests/test_windows.py  Co-authored-by: Dietrich Brunn <12721170+DietBru@users.noreply.github.com>,test,Python,LudmilaGolomozin,2026-05-03 13:54:59+02:00,13,6,1,0,10,5,1,1,1,1.0,0,clean,Python,2024-2026,1.0,,1.67,0.5,0.5,0
scipy/scipy,6c29a398bb588783bd349c4270ecbbd6fab5346f,6c29a398bb,Update scipy/signal/tests/test_windows.py  Co-authored-by: Dietrich Brunn <12721170+DietBru@users.noreply.github.com>,test,Python,LudmilaGolomozin,2026-05-03 13:54:59+02:00,13,6,1,0,18,13,1,1,3,1.33,0,clean,Python,2024-2026,1.0,,1.29,0.5,0.66,0
scipy/scipy,ecf982c9e1b83337bf28b5c2f3340503abd5257a,ecf982c9e1,Update scipy/signal/tests/test_windows.py  Co-authored-by: Dietrich Brunn <12721170+DietBru@users.noreply.github.com>,test,Python,LudmilaGolomozin,2026-05-03 13:54:59+02:00,13,6,1,0,9,4,1,1,3,1.0,0,clean,Python,2024-2026,1.0,,1.8,0.5,0.5,0
scipy/scipy,43d2070074f97d76e815853a5db97dbb44a4e4de,43d2070074,TST: Added tests for general_gaussian window (related to #3432),feature,Python,MilaGolomozin,2026-05-03 13:54:59+02:00,13,6,1,0,31,0,1,1,3,1.0,0,clean,Python,2024-2026,1.0,,31.0,0.5,0.5,0
scipy/scipy,548f4a0cebadc77c9fbfe6295b562292570432f4,548f4a0ceb,Update scipy/signal/tests/test_windows.py  Co-authored-by: Dietrich Brunn <12721170+DietBru@users.noreply.github.com>,test,Python,LudmilaGolomozin,2026-05-03 13:54:59+02:00,13,6,1,0,2,1,1,1,1,1.0,0,clean,Python,2024-2026,1.0,,1.0,0.5,0.5,0
scipy/scipy,76931fa9d13e2349d1bbf0bb93c4ab28c5c763d2,76931fa9d1,Update scipy/signal/tests/test_windows.py  Co-authored-by: Dietrich Brunn <12721170+DietBru@users.noreply.github.com>,test,Python,LudmilaGolomozin,2026-05-03 13:54:59+02:00,13,6,1,0,20,12,1,1,3,1.33,0,clean,Python,2024-2026,1.0,,1.54,0.5,0.66,0
scipy/scipy,a34e72d356ca4443252d04befc7cc1ac41184498,a34e72d356,Fix indentation error,bugfix,Python,MilaGolomozin,2026-05-03 13:54:59+02:00,13,6,1,0,1,1,1,1,3,1.0,0,clean,Python,2024-2026,1.0,,0.5,0.5,0.5,0
scipy/scipy,f3be5dcbbaeb51715179e9ad721f533e31b1c096,f3be5dcbba,Update scipy/signal/tests/test_windows.py  Co-authored-by: Dietrich Brunn <12721170+DietBru@users.noreply.github.com>,test,Python,LudmilaGolomozin,2026-05-03 13:54:59+02:00,13,6,1,0,1,1,1,1,1,1.0,0,clean,Python,2024-2026,1.0,,0.5,0.5,0.5,0
scipy/scipy,3a4f40f2c8017941bf19d0599672ec1069eef011,3a4f40f2c8,Fixed the use of len(),bugfix,Python,MilaGolomozin,2026-05-03 13:54:59+02:00,13,6,1,0,2,2,1,1,1,1.0,0,clean,Python,2024-2026,1.0,,0.67,0.5,0.5,0
scipy/scipy,86fed46921af7de9a7ca64538fb85601a0cabc07,86fed46921,TST: Added tests for cosine window and extend general_gaussian tests (part of #3432),feature,Python,MilaGolomozin,2026-05-03 13:54:59+02:00,13,6,1,0,37,1,1,1,2,1.0,0,clean,Python,2024-2026,1.0,,18.5,0.5,0.5,0
scipy/scipy,51ccb693cdb87eaab49e1a0647fa6ccabfb5ceaa,51ccb693cd,Fixed linter error and removed superfluous spaces in file `test_windows.py`  [docs only],bugfix,Python,Dietrich Brunn,2026-05-03 13:54:59+02:00,13,6,1,0,14,18,1,1,3,1.0,0,clean,Python,2024-2026,1.0,,0.74,0.5,0.5,0
scipy/scipy,ddfb16dad6433ebb8efc44692ecaf64f44651152,ddfb16dad6,STY: stats.UnivariateDistribution: more comment adjustments (#24616),other,Python,Matt Haberland,2026-05-03 14:52:02-07:00,14,6,1,0,31,44,1,0,1,7.0,0,clean,Python,2024-2026,1.0,,0.69,0.0,3.5,4
scipy/scipy,51bd5b6ec38fc5f47d6430fc2b83f39b7308489d,51bd5b6ec3,MAINT: stats: use xsf gufunc in pmf and cdf calculation for `poisson_binom` (#24894)  * MAINT: add private _poisson_pmf_all gufunc  * MAINT: write python wrappers for poisson_pmf_all gufunc  * MAINT: ,bugfix,Python,Albert Steppi,2026-05-03 16:54:59-05:00,16,6,1,0,364,39,8,0,17,2.53,1,keyword_strict,Python,2024-2026,0.4,,9.1,0.0,0.28,3
scipy/scipy,9e3d07131274925394ab3dcf3cc0ebd26d3078d4,9e3d071312,TYP/CI: Type checking with Pyrefly (#25044),other,Python,Joren Hammudoglu,2026-05-03 18:52:14+01:00,18,6,1,0,207,101,41,1,47,6.34,0,clean,Python,2024-2026,1.0,,2.03,0.02,0.15,4
scipy/scipy,70bf1c4e4494b07e4e214dc32e6b316eb3ed871c,70bf1c4e44,remove sparse test_marix_io.py::test_py23_compatibility and its data files,test,Python,Dan Schult,2026-05-03 21:21:07-04:00,21,6,1,0,0,24,4,1,1,1.0,0,clean,Python,2024-2026,1.0,,0.0,0.2,0.2,3
numpy/numpy,27b26e9e3f95e8af3611891ccd0ff53f3169cde2,27b26e9e3f,CI: remove Cirrus CI FreeBSD job (#31380),other,Unknown,Ralf Gommers,2026-05-04 08:03:12-06:00,8,0,0,0,2,106,3,0,0,0.0,0,clean,Python,2024-2026,1.0,,0.02,0.0,0.0,2
scipy/scipy,ade55d24b9d80b9a6c073ae2ca1b097a560eb5c1,ade55d24b9,BLD: bump boost version to 1.91,other,Unknown,dschmitz89,2026-05-04 08:24:01+02:00,8,0,0,0,25,24,5,0,0,0.0,0,clean,Python,2024-2026,1.0,,1.0,0.0,0.0,0
scipy/scipy,34b67876b455681b7ffcd72c7fcb603afa4e9580,34b67876b4,TST: update edge case test following boost update,test,Python,dschmitz89,2026-05-04 08:24:26+02:00,8,0,0,0,4,7,1,1,1,1.0,0,clean,Python,2024-2026,1.0,,0.5,0.5,0.5,0
pola-rs/polars,bf3d0a3490651a372982721463fa7f1f6a6239f0,bf3d0a3490,feat: Process batched `list.eval` on overflow boundaries (#27483),feature,Rust,Ritchie Vink,2026-05-04 08:57:23+02:00,8,0,0,0,97,23,4,1,10,4.8,0,clean,Python,2024-2026,1.0,,4.04,0.2,0.96,0
pola-rs/polars,136214c326baa14ee203a482db73d76f4d3b00c3,136214c326,perf: Don't do fused-multiply-add on scalars (#27479),feature,Rust,Orson Peters,2026-05-04 13:21:32+02:00,13,0,0,0,46,103,3,1,8,4.25,0,clean,Python,2024-2026,1.0,,0.44,0.25,1.06,1
pola-rs/polars,12bceab6e7fed8b03e1613a1f56be3d96f64c017,12bceab6e7,feat: Process batched `arr.eval` on overflow boundaries (#27496),feature,Python,Ritchie Vink,2026-05-04 13:23:37+02:00,13,0,0,0,87,11,4,2,6,12.83,0,clean,Python,2024-2026,1.0,,7.25,0.4,2.57,0
pola-rs/polars,62f38efa96e47260852cfa781d0a15712d8b1fb0,62f38efa96,refactor(rust): Refactor CSPE (#27425)  Co-authored-by: Orson Peters <orsonpeters@gmail.com>,refactor,Rust,nameexhaustion,2026-05-04 13:30:29+02:00,13,0,0,0,566,457,15,1,48,3.35,0,clean,Python,2024-2026,1.0,,1.24,0.06,0.21,0
pola-rs/polars,cde27ea182a6a9c852d05a28257e6c8f84bd30c1,cde27ea182,perf: Make `is_in` row-group pruning precise on null-containing haystacks (#27495),other,Rust,Azim Afroozeh,2026-05-04 14:27:13+02:00,14,0,0,0,93,46,4,1,5,21.2,0,clean,Python,2024-2026,1.0,,1.98,0.2,4.24,0
scipy/scipy,32ecffa3fac43372c6569e9fc26e1d5650dbd7c0,32ecffa3fa,DEP: sparse: Deprecate default output type of input dependent construction functions (#24886)  * Add construct with sparse or ndarray input default output deprecation warnings  * Filter deprecation wa,feature,Python,Dan Schult,2026-05-04 14:42:49-04:00,14,0,0,0,157,18,8,5,11,10.0,0,clean,Python,2024-2026,1.0,,8.26,0.56,1.11,3
pola-rs/polars,83d97455e88db2d8adc60719b37ea46d2c62c0d3,83d97455e8,feat: Stabilize streaming engine (#27497),feature,Python,Ritchie Vink,2026-05-04 15:15:58+02:00,15,0,0,0,1,13,2,0,4,5.75,0,clean,Python,2024-2026,1.0,,0.07,0.0,1.92,0
pola-rs/polars,e44f171fe5dce4f463acd736c618c96f5f8fab11,e44f171fe5,docs(python): Clarify join output columns (#27449),docs,Python,Raul Estrada,2026-05-04 15:25:50+02:00,15,0,0,0,4,4,2,0,2,7.0,0,clean,Python,2024-2026,1.0,,0.8,0.0,2.33,0
pola-rs/polars,81df1409a32aebb69b465736923a56efb6a66cda,81df1409a3,refactor(rust): Refactored projection pushdown with cache handling (#27422),refactor,Rust,nameexhaustion,2026-05-04 15:29:55+02:00,15,0,0,0,2742,368,23,3,86,5.64,0,clean,Python,2024-2026,1.0,,7.43,0.12,0.24,0
pola-rs/polars,3b6875ae98794c200b2227f303b69b1c9219debd,3b6875ae98,feat: Add `null_on_oob` in {Expr/Series}.gather (#27327)  Co-authored-by: gabriel <gabriel.g.robin@airbus.com> Co-authored-by: Orson Peters <orsonpeters@gmail.com>,feature,Rust,gab23r,2026-05-04 16:35:24+02:00,16,0,0,0,67,11,8,1,12,3.0,0,clean,Python,2024-2026,1.0,,5.58,0.11,0.33,0
scipy/scipy,bbb0a86be114c910a047139b950f442c9f42ef31,bbb0a86be1,"ENH: stats: Implement _munp() for halfgennorm. (#25094)  * ENH: stats: Implement _munp() for halfgennorm.  halfgennorm is a special case of gengamma:      halfgennorm(beta) = gengamma(a=1/beta, c=beta",feature,Python,Warren Weckesser,2026-05-04 17:16:33+02:00,17,0,0,0,57,5,5,4,7,4.86,0,clean,Python,2024-2026,1.0,,9.5,0.67,0.81,2
pola-rs/polars,11560248945664d943b6f9388ec5b70955246a35,1156024894,refactor(rust): Remove old projection pushdown code (#27499),refactor,Rust,nameexhaustion,2026-05-04 18:50:08+02:00,18,0,0,0,1865,3908,17,0,69,9.07,0,clean,Python,2024-2026,1.0,,0.48,0.0,0.5,0
scipy/scipy,4a75fc3b81c15b685893ac9da4aa4fe8e67760f2,4a75fc3b81,"DEP: spatial: deprecate `minkowsi_distance`,`minkowsi_distance_p`, and `distance_matrix`",other,Python,Jake Bowhay,2026-05-04 21:39:21+01:00,21,0,0,0,53,10,2,1,9,2.22,0,clean,Python,2024-2026,1.0,,4.82,0.33,0.74,2
scipy/scipy,d67d776e20afd609cbb3b722e051b19b6e18027b,d67d776e20,DEP: linalg: deprecate using linalg functions with LAPACK-incompatible dtypes (#24682)  * DEP: linalg: deprecate using linalg functions with LAPACK-incompatible dtypes  The rules are: - integers are u,bugfix,Python,Evgeni Burovski,2026-05-04 21:57:00+01:00,21,0,0,0,306,8,20,10,21,13.24,1,keyword_strict,Python,2024-2026,0.4,,34.0,0.48,0.63,1
numpy/numpy,626596a6facfa364346983183d7a791b453dc236,626596a6fa,update openblas to 0.3.33,other,Unknown,mattip,2026-05-04 23:41:41+03:00,23,0,0,1,3,3,2,0,0,0.0,0,clean,Python,2024-2026,1.0,,0.75,0.0,0.0,0
scipy/scipy,815ef31f7e664927071c9eeab0c97f99d12836b2,815ef31f7e,MAINT: sparse.linalg: resave propack test dataset objects as sparray (#25099),test,Unknown,Dan Schult,2026-05-05 09:35:42+01:00,9,1,0,0,0,0,1,1,0,0.0,0,clean,Python,2024-2026,1.0,,0.0,0.5,0.0,3
scipy/scipy,0cafe3d34d62e13cbc8908da423208976351ce6c,0cafe3d34d,TST: fix smoke docs [docs only],bugfix,Python,Jake Bowhay,2026-05-05 09:38:17+01:00,9,1,0,0,6,0,2,1,0,0.0,0,clean,Python,2024-2026,1.0,,6.0,0.33,0.0,2
numpy/numpy,b8f46acaf157be60ed714015d4728d86ce451a19,b8f46acaf1,"BLD/MAINT: improve support for Intel LLVM compilers  With these changes, downstream users wanting to use the Intel compilers can do so when linking against NumPy headers.  Also include a build change ",other,Unknown,Ralf Gommers,2026-05-05 11:14:10+02:00,11,1,0,0,3,3,2,0,0,0.0,0,clean,Python,2024-2026,1.0,,0.75,0.0,0.0,2
pola-rs/polars,6820c1210262669e26034cefec5fac8c90227196,6820c12102,perf: Nested common subplan elimination (#27340),other,Rust,nameexhaustion,2026-05-05 11:30:04+02:00,11,1,0,0,30,13,3,1,4,4.0,0,clean,Python,2024-2026,1.0,,2.14,0.25,1.0,0
scipy/scipy,974e95b7216b49174b5090235ad143259f3e1790,974e95b721,DOC: update examples [docs only],docs,Python,Jake Bowhay,2026-05-05 11:42:35+01:00,11,1,0,0,4,4,2,0,1,1.0,0,clean,Python,2024-2026,1.0,,0.8,0.0,0.33,2
numpy/numpy,ebb9a67884df64995799eeecb4eac435a0c0fd46,ebb9a67884,BUILD: newer MKL uses so.3,feature,Unknown,mattip,2026-05-05 11:45:55+03:00,11,1,0,0,1,0,1,0,0,0.0,0,clean,Python,2024-2026,1.0,,1.0,0.0,0.0,0
pola-rs/polars,54ecaed8de088ca5991c45c3fa93477d9a3d1b87,54ecaed8de,fix: Fix perf regression in `scan_csv` `select(len())` when collected on streaming engine (#27504),bugfix,Rust,nameexhaustion,2026-05-05 12:59:42+02:00,12,1,0,0,32,6,2,0,4,39.5,0,clean,Python,2024-2026,1.0,,4.57,0.0,13.17,0
pola-rs/polars,6e65bc29682dd9719b26950451d7b2d5b46e16d5,6e65bc2968,fix: Respect `nulls_last` for descending over(order_by) in `group_by().agg()` (#27486)  Co-authored-by: Orson Peters <orsonpeters@gmail.com>,bugfix,Rust,GAUTAM V DATLA,2026-05-05 13:07:28+02:00,13,1,0,0,19,14,2,1,2,29.0,0,clean,Python,2024-2026,1.0,,1.27,0.33,9.67,0
pola-rs/polars,6c4ca10e5feff18fe0ffe11060e974992b6cef88,6c4ca10e5f,fix(python): Remove invalid type annotation `Sequence[int]` from `DataFrame.__setitem__` `key` (#27355),bugfix,Python,Marco Edward Gorelli,2026-05-05 13:43:39+02:00,13,1,0,0,2,4,2,1,3,9.67,0,clean,Python,2024-2026,1.0,,0.4,0.33,3.22,0
pola-rs/polars,e291b4b3234a02d8d29552274a0a0c17b3349137,e291b4b323,perf: Don't infer CSV schema if schema is set (#27507),other,Rust,Orson Peters,2026-05-05 15:31:32+02:00,15,1,0,0,20,12,1,0,2,21.0,0,clean,Python,2024-2026,1.0,,1.54,0.0,10.5,1
numpy/numpy,3d88bcbb1b75b9764676ab73a7fd6426c9be6b90,3d88bcbb1b,MAINT: Bump the python-deps group in /requirements with 2 updates  Updates the requirements on [gitpython](https://github.com/gitpython-developers/GitPython) and [pyrefly](https://github.com/facebook/,test,Unknown,dependabot[bot],2026-05-05 17:59:42+00:00,17,1,0,0,3,3,3,0,0,0.0,0,clean,Python,2024-2026,1.0,,0.75,0.0,0.0,0
scipy/scipy,81f1dae57095164c67f86b70bced861da565dec1,81f1dae570,DOC: fix docstring [docs only],bugfix,Python,Jake Bowhay,2026-05-05 21:55:17+01:00,21,1,0,0,7,7,1,0,0,0.0,0,clean,Python,2024-2026,1.0,,0.88,0.0,0.0,2
pola-rs/polars,a5bda92d237920640e01a5e3d53ad93e7b81157e,a5bda92d23,perf: Pushdown slices to inputs on left/right/full join (#27508),other,Rust,nameexhaustion,2026-05-06 09:07:23+02:00,9,2,0,0,180,80,4,1,12,8.92,0,clean,Python,2024-2026,1.0,,2.22,0.2,1.78,0
pola-rs/polars,e04e4a4738ceeaf6e1393004a90bcc39bd5f548a,e04e4a4738,refactor(rust): Move Quantile to FunctionIRExpr (#27498),refactor,Rust,Orson Peters,2026-05-06 10:28:19+02:00,10,2,0,0,141,271,25,0,40,20.65,0,clean,Python,2024-2026,1.0,,0.52,0.0,0.79,1
pola-rs/polars,ac889a669bb2f1a1128908b2a2d68b455cf258e2,ac889a669b,feat: Add LazyFrame.gather (#27501)  Co-authored-by: Simon Lin <simonlin.rqmmw@slmail.me>,feature,Rust,Orson Peters,2026-05-06 10:28:35+02:00,10,2,0,0,552,79,37,1,38,34.79,0,clean,Python,2024-2026,1.0,,6.9,0.03,0.92,1
pola-rs/polars,7b88769a6463c5b7540140c5e4d551237781ba2a,7b88769a64,fix: Incorrect length check on streaming zip (#27505),bugfix,Rust,Orson Peters,2026-05-06 10:57:40+02:00,10,2,0,0,28,28,2,1,2,7.0,0,clean,Python,2024-2026,1.0,,0.97,0.33,2.33,1
pola-rs/polars,6c048803e1f9ee90aab2beb64dae6383e5aed7ef,6c048803e1,fix: Do not reverse dataframes when sorting with all-null key columns (#27517),bugfix,Rust,Amber Sprenkels,2026-05-06 10:58:24+02:00,10,2,0,0,19,8,2,1,3,2.67,0,clean,Python,2024-2026,1.0,,2.11,0.33,0.89,0
pola-rs/polars,1cd33c3b33239ceb7c6ce1eee8a4727cb30fa959,1cd33c3b33,docs(python): Improve `over:order_by` description (#27520),docs,Python,Ritchie Vink,2026-05-06 11:54:47+02:00,11,2,0,0,3,2,1,0,1,3.0,0,clean,Python,2024-2026,1.0,,1.0,0.0,1.5,0
pola-rs/polars,807e9b8120ba849fcf0ab87276a59f0ddaef0ad2,807e9b8120,perf: Optimize `select(len())` for non-strict horizontal concat (#27516),other,Rust,nameexhaustion,2026-05-06 13:10:38+02:00,13,2,0,0,117,13,2,1,2,76.0,0,clean,Python,2024-2026,1.0,,8.36,0.33,25.33,0
pola-rs/polars,ce899103b83fc2f29cb9aab621bd40b9a4e60de3,ce899103b8,refactor(rust): Add AnonymousColumnsUdf to UnoptimizedOperation (#27513),feature,Rust,Orson Peters,2026-05-06 13:16:25+02:00,13,2,0,0,63,0,3,0,4,41.0,0,clean,Python,2024-2026,1.0,,63.0,0.0,10.25,1
numpy/numpy,15a344dcce52a0e17d3d8f7af37f858f98a9f058,15a344dcce,ENH: Implement opaque PyObject ABI support  (#31091),feature,C,Kumar Aditya,2026-05-06 13:58:12-06:00,13,2,0,0,1090,459,18,1,70,1.7,0,clean,Python,2024-2026,1.0,,2.37,0.05,0.09,0
pola-rs/polars,8a4bc4f35352651111bc024e492cb47b72096ad0,8a4bc4f353,docs: Document struct field order (#27492),docs,Unknown,Raul Estrada,2026-05-06 17:35:23+02:00,17,2,0,0,3,2,1,0,0,0.0,0,clean,Python,2024-2026,1.0,,1.0,0.0,0.0,0
numpy/numpy,bff2957bce128a047e9ef7768f071a2b49085a06,bff2957bce,MAINT: Bump the python-deps group in /requirements with 2 updates  Updates the requirements on [gitpython](https://github.com/gitpython-developers/GitPython) and [pyrefly](https://github.com/facebook/,bugfix,Unknown,dependabot[bot],2026-05-06 17:58:04+00:00,17,2,0,0,3,3,3,0,0,0.0,0,clean,Python,2024-2026,1.0,,0.75,0.0,0.0,0
scipy/scipy,6c8f4598d7c81ac4d6fde176dd401501c5bbb9b1,6c8f4598d7,add comment about tocsc copy,feature,Python,Dan Schult,2026-05-06 21:32:18-04:00,21,2,0,0,1,0,1,0,1,4.0,0,clean,Python,2024-2026,1.0,,1.0,0.0,2.0,3
scipy/scipy,da0163c2449018717f0d565c72b28a2429cd006f,da0163c244,update docs for tocsr and tocsc,docs,Python,Dan Schult,2026-05-06 21:41:42-04:00,21,2,0,0,3,2,1,0,2,4.0,0,clean,Python,2024-2026,1.0,,1.0,0.0,2.0,3
pola-rs/polars,f4a0556851e1b4669b5b8e5aa9fe31eb6cb5b91b,f4a0556851,perf: Speed up `to_numpy` C-order via cache-blocked transpose (#27522),other,Rust,Azim Afroozeh,2026-05-06 22:31:53+02:00,22,2,0,1,242,55,1,0,1,33.0,0,clean,Python,2024-2026,1.0,,4.32,0.0,16.5,0
numpy/numpy,11b1baa054d4df8984c3480d31ecdd52c761d720,11b1baa054,"BUG: Avoid UB in safe_[add,sub,mul] helpers (#31396)",bugfix,Unknown,Nathan Goldbaum,2026-05-07 06:32:05-06:00,6,3,0,0,52,3,3,0,3,8.33,1,keyword_strict,Python,2024-2026,0.4,,13.0,0.0,2.08,1
numpy/numpy,5b4f1dedd53f509c1a5e69c98370adcdd4b93adc,5b4f1dedd5,BUG: exclude __pycache__ directories from wheels (#31397),bugfix,Unknown,Praneeth Kodumagulla,2026-05-07 06:36:08-06:00,6,3,0,0,18,3,1,0,0,0.0,1,keyword_strict,Python,2024-2026,0.4,,4.5,0.0,0.0,0
pola-rs/polars,7d600f69f63504e5dd7db8dbc361f1ff8bab8945,7d600f69f6,feat(python): Add `LazyFrame.execute` (#27525),feature,Python,Ritchie Vink,2026-05-07 09:10:09+02:00,9,3,0,0,224,0,7,1,8,1.0,0,clean,Python,2024-2026,1.0,,224.0,0.12,0.12,0
scipy/scipy,0cfd31c4f36bbf3b6884dd00d749aa484e6999f8,0cfd31c4f3,DOC: scipy.special: improve documentation for orthogonal polynomials (#25092)  * doc: improve description assoc_laguerre  * doc: add example assoc_laguerre  * doc: fix typo weight function in S_n  * d,bugfix,Python,Florian Bourgey,2026-05-07 09:42:59+01:00,9,3,0,0,279,47,3,0,20,3.95,1,keyword_strict,Python,2024-2026,0.4,,5.81,0.0,0.99,5
pola-rs/polars,c1beae1b61f754c9a68b748d09a3e432faa985bd,c1beae1b61,build: Bump openssl from 0.10.75 to 0.10.79 (#27529)  Signed-off-by: dependabot[bot] <support@github.com> Co-authored-by: dependabot[bot] <49699333+dependabot[bot]@users.noreply.github.com>,other,Unknown,dependabot[bot],2026-05-07 09:48:03+02:00,9,3,0,0,4,5,1,0,0,0.0,0,clean,Python,2024-2026,1.0,,0.67,0.0,0.0,0
pola-rs/polars,c4a6f3cfb47f52e27ac15d58d02f45ef5bc4fd26,c4a6f3cfb4,docs: Make expressions operations RNG deterministic (#27494),docs,Rust,Raul Estrada,2026-05-07 09:48:36+02:00,9,3,0,0,3,2,1,0,1,11.0,0,clean,Python,2024-2026,1.0,,1.0,0.0,5.5,0
numpy/numpy,4d711763f8c5b978abd88cea710147c14d802675,4d711763f8,TST: Validate warning message content in _DeprecationTestCase (#31370),test,Python,Rishabh Dewangan,2026-05-07 09:51:06-06:00,9,3,0,0,7,0,1,1,1,14.0,0,clean,Python,2024-2026,1.0,,7.0,0.5,7.0,0
pola-rs/polars,4808230c9d4e8011defc20fa9b9651ea0efc5e65,4808230c9d,docs(python): Clarify full join description (#27530),docs,Python,Raul Estrada,2026-05-07 09:51:42+02:00,9,3,0,0,4,2,2,0,2,7.0,0,clean,Python,2024-2026,1.0,,1.33,0.0,2.33,0
pola-rs/polars,7fe21f6f349d13bfbc7fd8615145405554cd8594,7fe21f6f34,fix: Reassign sequence numbers when distributing input morsels in streaming AsOf join node (#27538),bugfix,Rust,Amber Sprenkels,2026-05-07 13:53:48+02:00,13,3,0,0,63,27,3,1,7,6.57,0,clean,Python,2024-2026,1.0,,2.25,0.25,1.64,0
pola-rs/polars,97050c38ddb7d4aead0c9363f83a0ce26cd7db43,97050c38dd,docs: Use Polars random seed in sample example (#27537),docs,Python,Raul Estrada,2026-05-07 16:26:20+02:00,16,3,0,0,1,3,1,0,0,0.0,0,clean,Python,2024-2026,1.0,,0.25,0.0,0.0,0
pola-rs/polars,144f8e3dfca09a99a7cbdacea967bffde1d677d9,144f8e3dfc,fix: Support duplicate names in `over` (#27544),bugfix,Rust,Koen Denecker,2026-05-08 08:43:26+02:00,8,4,0,0,69,43,7,1,11,14.82,0,clean,Python,2024-2026,1.0,,1.57,0.12,1.85,1
numpy/numpy,7acf88c9ff8386969fe66b6f30692f1148a39779,7acf88c9ff,TYP: `_NestedSequence` type parameter default to work around a mypy issue (#31399),other,Python,Joren Hammudoglu,2026-05-08 09:29:33-06:00,9,4,0,0,12,4,1,0,3,1.0,0,clean,Python,2024-2026,1.0,,2.4,0.0,0.5,4
pola-rs/polars,45ba2846d83e01035ad1d4930ddff0da076283e3,45ba2846d8,chore: Add contributing note about conventional comments (#27543),feature,Unknown,Amber Sprenkels,2026-05-08 09:45:35+02:00,9,4,0,0,5,0,1,0,0,0.0,0,clean,Python,2024-2026,1.0,,5.0,0.0,0.0,0
pola-rs/polars,a8ed42d0f49128e7b97f0aef7fd3c575cca2ad16,a8ed42d0f4,fix: Fix lazy concat horizontal didn't raise on mismatching heights after projection pushdown (#27506),bugfix,Rust,nameexhaustion,2026-05-08 10:05:42+02:00,10,4,0,0,154,112,4,1,7,24.86,0,clean,Python,2024-2026,1.0,,1.36,0.2,4.97,0
numpy/numpy,b530f83a4011f2d6beb6c67338176ac2fb7fd01a,b530f83a40,TST: fix test_limited_opaque for 3.15 PySlot (#31403),bugfix,C,Kumar Aditya,2026-05-08 10:21:08-06:00,10,4,0,0,6,6,1,0,0,0.0,1,keyword_strict,Python,2024-2026,0.4,,0.86,0.0,0.0,0
scipy/scipy,bb406b029bff51525a2e53fdbef9c01a590f99e7,bb406b029b,"MAINT: restore `cython_special` ABI to match 1.17.0, add test coverage (#25108)  * BUG: special: restore plain-double ABI for bdtrik/bdtrin/nbdtrik/nbdtrin  These four cython_special cpdefs were widen",bugfix,Python,Ralf Gommers,2026-05-08 10:22:55-05:00,10,4,0,0,501,38,5,3,2,4.0,1,keyword_strict,Python,2024-2026,0.4,,12.85,0.5,0.67,2
pola-rs/polars,633d3d2e7922bf6f988bfcd27cb0e2b95bad1f4e,633d3d2e79,fix(rust): Set HEAD_RESPONSE_SIZE_ESTIMATE to 0 (#27548),bugfix,Rust,Louis Wyborn,2026-05-08 11:22:21+02:00,11,4,0,0,2,8,2,0,1,5.0,0,clean,Python,2024-2026,1.0,,0.22,0.0,1.67,0
scipy/scipy,603434f06051062d83274dc573f96b7d5a595b4a,603434f060,DEV: bump to Pixi v0.68.0 (#25107),other,Unknown,Lucas Colley,2026-05-08 11:31:03+01:00,11,4,0,0,17134,17193,9,0,0,0.0,0,clean,Python,2024-2026,1.0,,1.0,0.0,0.0,3
pola-rs/polars,a84168f0a4f13c24d931c0d2986bcfff58b16a2b,a84168f0a4,fix: Fix panic on reading IPC with 0-row compressed bitmap (#27551),bugfix,Rust,nameexhaustion,2026-05-08 13:56:05+02:00,13,4,0,0,22,0,2,1,2,6.5,0,clean,Python,2024-2026,1.0,,22.0,0.33,2.17,0
pola-rs/polars,7870853bd45da4ad393f845404ad928512251da9,7870853bd4,fix: Do not make a `FastCount` for csv if `pre_slice` is set (#27536),bugfix,Rust,Amber Sprenkels,2026-05-08 17:32:20+10:00,17,4,0,0,45,0,2,1,2,77.5,0,clean,Python,2024-2026,1.0,,45.0,0.33,25.83,0
pola-rs/polars,e6a6f786b9ba80f0f5aa593e3f378b7736997daa,e6a6f786b9,"fix: Prevent join panic when `suffix=""""` and `coalesce=True` (#27376)",bugfix,Rust,Kevin Patyk,2026-05-08 17:32:39+10:00,17,4,0,0,34,6,3,1,4,5.0,0,clean,Python,2024-2026,1.0,,4.86,0.25,1.25,0
numpy/numpy,1f294ec3359d156f52c218f9ef7f297e10e7c1a6,1f294ec335,MAINT: Bump github/codeql-action from 4.35.2 to 4.35.3  Bumps [github/codeql-action](https://github.com/github/codeql-action) from 4.35.2 to 4.35.3. - [Release notes](https://github.com/github/codeql-,bugfix,Unknown,dependabot[bot],2026-05-08 17:55:26+00:00,17,4,0,0,4,4,2,0,0,0.0,0,clean,Python,2024-2026,1.0,,0.8,0.0,0.0,0
numpy/numpy,83bac4c23243f8f223f7e76bfdc0c250a9b2a51a,83bac4c232,MAINT: Bump int128/hide-comment-action from 1.57.0 to 1.58.0  Bumps [int128/hide-comment-action](https://github.com/int128/hide-comment-action) from 1.57.0 to 1.58.0. - [Release notes](https://github.,other,Unknown,dependabot[bot],2026-05-08 17:55:42+00:00,17,4,0,0,1,1,1,0,0,0.0,0,clean,Python,2024-2026,1.0,,0.5,0.0,0.0,0
scipy/scipy,771d831ee90710631b82978a7964dff2264e429f,771d831ee9,DOC: sparse: add doc-string warnings to match kron/kronsum/block_diag dep warnings (#25109),feature,Python,Dan Schult,2026-05-08 23:48:25+01:00,23,4,0,1,39,0,1,0,3,14.67,0,clean,Python,2024-2026,1.0,,39.0,0.0,7.34,3
