commit_hour,day_of_week,is_weekend,is_night_commit,lines_added,lines_deleted,files_changed,test_files_changed,num_methods,avg_complexity,is_buggy,language_group,time_period,confidence,churn_ratio,test_ratio,complexity_per_file,prior_bugs_author
22,2,0,1,2,0,1,0,1,11.0,0,Python,2018-2020,1.0,2.0,0.0,5.5,0
17,6,1,0,96,36,3,0,4,22.5,1,Python,2018-2020,0.4,2.59,0.0,5.62,0
22,6,1,1,53,18,4,0,8,12.75,0,Python,2018-2020,1.0,2.79,0.0,2.55,1
22,6,1,1,6,2,1,0,4,10.5,0,Python,2018-2020,1.0,2.0,0.0,5.25,0
3,0,0,1,87,198,5,2,10,7.1,1,Python,2018-2020,0.4,0.44,0.33,1.18,1
4,0,0,1,3,3,1,0,1,3.0,1,Python,2018-2020,0.4,0.75,0.0,1.5,2
4,0,0,1,6,1,1,0,1,3.0,0,Python,2018-2020,1.0,3.0,0.0,1.5,3
14,0,0,0,2,0,1,0,1,18.0,0,Python,2018-2020,1.0,2.0,0.0,9.0,3
17,0,0,0,3,1,1,0,0,0.0,0,Python,2018-2020,1.0,1.5,0.0,0.0,3
17,0,0,0,185,1,1,0,0,0.0,0,Python,2018-2020,1.0,92.5,0.0,0.0,0
2,1,0,1,59,12,6,4,8,20.75,1,Python,2018-2020,0.4,4.54,0.57,2.96,3
2,1,0,1,3,2,2,0,0,0.0,0,Python,2018-2020,1.0,1.0,0.0,0.0,4
13,1,0,0,25,13,4,0,4,35.25,1,Python,2018-2020,0.4,1.79,0.0,7.05,4
18,1,0,0,1,0,1,0,0,0.0,0,Python,2018-2020,1.0,1.0,0.0,0.0,5
18,1,0,0,2,2,1,0,1,16.0,0,Python,2018-2020,1.0,0.67,0.0,8.0,5
21,1,0,0,75,65,8,0,13,9.69,1,Python,2018-2020,0.4,1.14,0.0,1.08,5
21,1,0,0,78,0,1,0,0,0.0,0,Python,2018-2020,1.0,78.0,0.0,0.0,0
21,1,0,0,2,1,1,0,1,5.0,1,Python,2018-2020,0.4,1.0,0.0,2.5,6
1,2,0,1,3,0,1,0,1,7.0,1,Python,2018-2020,0.4,3.0,0.0,3.5,7
1,2,0,1,250,103,5,0,3,4.67,1,Python,2018-2020,0.4,2.4,0.0,0.78,8
2,2,0,1,2,3,1,0,0,0.0,0,Python,2018-2020,1.0,0.5,0.0,0.0,9
12,2,0,0,3,2,1,0,0,0.0,0,Python,2018-2020,1.0,1.0,0.0,0.0,9
23,3,0,1,7,5,2,0,3,3.67,0,Python,2018-2020,1.0,1.17,0.0,1.22,9
0,4,0,1,21,6,2,0,4,14.5,0,Python,2018-2020,1.0,3.0,0.0,4.83,9
13,4,0,0,9,7,5,0,2,8.0,1,Python,2018-2020,0.4,1.12,0.0,1.33,9
15,5,1,0,7,0,1,0,1,68.0,0,Python,2018-2020,1.0,7.0,0.0,34.0,10
18,5,1,0,33,7,1,0,4,5.25,0,Python,2018-2020,1.0,4.12,0.0,2.62,10
14,6,1,0,15,3,1,0,2,8.0,0,Python,2018-2020,1.0,3.75,0.0,4.0,10
20,0,0,0,4,2,1,0,1,14.0,0,Python,2018-2020,1.0,1.33,0.0,7.0,0
20,0,0,0,1,1,1,0,1,32.0,0,Python,2018-2020,1.0,0.5,0.0,16.0,0
13,1,0,0,4,2,1,0,1,7.0,0,Python,2018-2020,1.0,1.33,0.0,3.5,0
13,1,0,0,4,0,1,0,1,18.0,1,Python,2018-2020,0.4,4.0,0.0,9.0,10
13,1,0,0,6,7,1,0,1,2.0,1,Python,2018-2020,0.4,0.75,0.0,1.0,11
15,1,0,0,40,19,2,1,4,23.25,0,Python,2018-2020,1.0,2.0,0.33,7.75,12
16,1,0,0,144,3,2,0,0,0.0,0,Python,2018-2020,1.0,36.0,0.0,0.0,12
11,3,0,0,1,0,1,0,1,7.0,1,Python,2018-2020,0.4,1.0,0.0,3.5,0
10,3,0,0,21,5,2,0,3,9.67,1,Python,2018-2020,0.4,3.5,0.0,3.22,0
14,4,0,0,0,20,1,0,0,0.0,0,Python,2018-2020,1.0,0.0,0.0,0.0,0
22,4,0,1,1,1,1,0,1,10.0,1,Python,2018-2020,0.4,0.5,0.0,5.0,1
22,5,1,1,12,6,3,0,1,6.0,1,Python,2018-2020,0.4,1.71,0.0,1.5,12
23,5,1,1,8,1,1,0,1,11.0,0,Python,2018-2020,1.0,4.0,0.0,5.5,13
6,6,1,0,26,19,1,0,4,6.75,0,Python,2018-2020,1.0,1.3,0.0,3.38,13
16,6,1,0,15,0,1,0,5,5.0,1,Python,2018-2020,0.4,15.0,0.0,2.5,13
23,0,0,1,272,78,4,2,36,2.11,1,Python,2018-2020,0.4,3.44,0.4,0.42,0
14,4,0,0,105,13,3,1,15,6.53,1,Python,2018-2020,0.4,7.5,0.25,1.63,1
18,4,0,0,2,2,1,0,1,7.0,1,Python,2018-2020,0.4,0.67,0.0,3.5,0
5,4,0,1,4,3,1,0,0,0.0,0,Python,2018-2020,1.0,1.0,0.0,0.0,0
22,4,0,1,44,12,6,2,7,18.14,0,Python,2018-2020,1.0,3.38,0.29,2.59,0
23,1,0,1,1,0,1,0,1,18.0,1,Python,2018-2020,0.4,1.0,0.0,9.0,14
23,1,0,1,101,0,2,1,9,1.0,0,Python,2018-2020,1.0,101.0,0.33,0.33,2
23,1,0,1,34,0,2,0,1,20.0,0,Python,2018-2020,1.0,34.0,0.0,6.67,0
0,3,0,1,17,7,1,0,1,69.0,1,Python,2018-2020,0.4,2.12,0.0,34.5,15
1,4,0,1,672,2,8,2,27,3.33,0,Python,2018-2020,1.0,224.0,0.22,0.37,2
0,6,1,1,3,5,1,0,1,13.0,1,Python,2018-2020,0.4,0.5,0.0,6.5,16
1,6,1,1,18,5,3,1,4,10.25,1,Python,2018-2020,0.4,3.0,0.25,2.56,17
1,6,1,1,1,4,2,0,0,0.0,0,Python,2018-2020,1.0,0.2,0.0,0.0,18
2,6,1,1,1,1,1,0,1,3.0,0,Python,2018-2020,1.0,0.5,0.0,1.5,18
4,6,1,1,7,3,2,0,0,0.0,0,Python,2018-2020,1.0,1.75,0.0,0.0,18
15,0,0,0,13,7,1,0,2,17.0,0,Python,2018-2020,1.0,1.62,0.0,8.5,18
15,0,0,0,16,6,1,0,4,34.5,1,Python,2018-2020,0.4,2.29,0.0,17.25,18
2,1,0,1,13,1,2,1,3,1.0,1,Python,2018-2020,0.4,6.5,0.33,0.33,2
13,1,0,0,6,0,1,0,1,4.0,0,Python,2018-2020,1.0,6.0,0.0,2.0,19
22,1,0,1,167,31,5,1,14,7.64,1,Python,2018-2020,0.4,5.22,0.17,1.27,19
23,1,0,1,2,2,1,0,1,60.0,0,Python,2018-2020,1.0,0.67,0.0,30.0,20
0,2,0,1,26,0,2,1,4,16.5,0,Python,2018-2020,1.0,26.0,0.33,5.5,20
2,2,0,1,3,3,1,0,2,10.0,0,Python,2018-2020,1.0,0.75,0.0,5.0,20
3,2,0,1,5,6,1,0,1,9.0,1,Python,2018-2020,0.4,0.71,0.0,4.5,20
3,2,0,1,19,19,1,0,0,0.0,0,Python,2018-2020,1.0,0.95,0.0,0.0,21
5,3,0,1,45,25,4,1,2,9.5,1,Python,2018-2020,0.4,1.73,0.2,1.9,21
13,3,0,0,2,0,1,0,0,0.0,0,Python,2018-2020,1.0,2.0,0.0,0.0,22
14,3,0,0,2,0,1,0,0,0.0,0,Python,2018-2020,1.0,2.0,0.0,0.0,22
22,3,0,1,4,4,1,0,0,0.0,0,Python,2018-2020,1.0,0.8,0.0,0.0,22
1,4,0,1,19,2,2,1,2,19.0,1,Python,2018-2020,0.4,6.33,0.33,6.33,22
2,4,0,1,45,5,1,0,2,1.0,0,Python,2018-2020,1.0,7.5,0.0,0.5,23
9,4,0,0,2,1,1,0,1,2.0,1,Python,2018-2020,0.4,1.0,0.0,1.0,23
12,4,0,0,4,1,1,0,1,11.0,0,Python,2018-2020,1.0,2.0,0.0,5.5,24
13,1,0,0,2,1,1,0,1,7.0,0,Python,2018-2020,1.0,1.0,0.0,3.5,24
13,1,0,0,130,1,2,0,0,0.0,0,Python,2018-2020,1.0,65.0,0.0,0.0,24
13,1,0,0,2,1,1,0,0,0.0,0,Python,2018-2020,1.0,1.0,0.0,0.0,24
19,1,0,0,2,1,1,0,0,0.0,0,Python,2018-2020,1.0,1.0,0.0,0.0,24
0,2,0,1,2,2,1,0,1,13.0,1,Python,2018-2020,0.4,0.67,0.0,6.5,24
0,2,0,1,3,1,1,0,0,0.0,0,Python,2018-2020,1.0,1.5,0.0,0.0,25
15,3,0,0,4,4,1,0,1,13.0,0,Python,2018-2020,1.0,0.8,0.0,6.5,25
7,4,0,0,76,3,7,0,4,10.25,0,Python,2018-2020,1.0,19.0,0.0,1.28,25
17,0,0,0,7,5,3,0,1,2.0,1,Python,2018-2020,0.4,1.17,0.0,0.5,25
11,1,0,0,3,3,2,0,0,0.0,0,Python,2018-2020,1.0,0.75,0.0,0.0,26
16,1,0,0,2,0,1,0,1,40.0,1,Python,2018-2020,0.4,2.0,0.0,20.0,26
17,2,0,0,7,3,2,0,0,0.0,1,Python,2018-2020,0.4,1.75,0.0,0.0,27
12,3,0,0,11,3,1,0,1,13.0,0,Python,2018-2020,1.0,2.75,0.0,6.5,28
12,3,0,0,2,0,1,0,1,4.0,0,Python,2018-2020,1.0,2.0,0.0,2.0,0
13,3,0,0,3,0,1,0,1,10.0,0,Python,2018-2020,1.0,3.0,0.0,5.0,28
12,4,0,0,50,11,1,0,10,3.8,0,Python,2018-2020,1.0,4.17,0.0,1.9,28
17,3,0,0,1,1,1,0,1,11.0,0,Python,2018-2020,1.0,0.5,0.0,5.5,0
18,3,0,0,20,16,7,0,2,18.5,1,Python,2018-2020,0.4,1.18,0.0,2.31,0
12,4,0,0,6,0,1,0,1,19.0,1,Python,2018-2020,0.4,6.0,0.0,9.5,28
14,0,0,0,17,7,3,0,4,53.75,1,Python,2018-2020,0.4,2.12,0.0,13.44,29
14,0,0,0,555,199,9,3,58,3.6,0,Python,2018-2020,1.0,2.78,0.3,0.36,3
12,1,0,0,1,1,1,0,0,0.0,0,Python,2018-2020,1.0,0.5,0.0,0.0,30
21,6,1,0,4,0,1,0,0,0.0,0,Python,2018-2020,1.0,4.0,0.0,0.0,0
22,1,0,1,1,1,1,0,0,0.0,0,Python,2018-2020,1.0,0.5,0.0,0.0,0
22,1,0,1,1,1,1,0,0,0.0,0,Python,2018-2020,1.0,0.5,0.0,0.0,0
22,1,0,1,1,1,1,0,0,0.0,0,Python,2018-2020,1.0,0.5,0.0,0.0,0
22,1,0,1,1,1,1,0,0,0.0,0,Python,2018-2020,1.0,0.5,0.0,0.0,0
22,1,0,1,1,1,1,0,0,0.0,0,Python,2018-2020,1.0,0.5,0.0,0.0,0
22,1,0,1,1,1,1,0,0,0.0,0,Python,2018-2020,1.0,0.5,0.0,0.0,0
22,1,0,1,1,1,1,0,0,0.0,0,Python,2018-2020,1.0,0.5,0.0,0.0,0
14,2,0,0,2,2,2,0,3,29.0,0,Python,2018-2020,1.0,0.67,0.0,9.67,30
14,2,0,0,1,1,1,0,0,0.0,0,Python,2018-2020,1.0,0.5,0.0,0.0,30
20,3,0,0,1,1,1,0,0,0.0,0,Python,2018-2020,1.0,0.5,0.0,0.0,0
9,4,0,0,2,2,1,0,0,0.0,0,Python,2018-2020,1.0,0.67,0.0,0.0,0
11,4,0,0,1,1,1,0,0,0.0,0,Python,2018-2020,1.0,0.5,0.0,0.0,0
11,4,0,0,1,1,1,0,0,0.0,0,Python,2018-2020,1.0,0.5,0.0,0.0,0
13,5,1,0,3,3,1,0,0,0.0,0,Python,2018-2020,1.0,0.75,0.0,0.0,0
11,6,1,0,2,2,1,0,0,0.0,0,Python,2018-2020,1.0,0.67,0.0,0.0,0
19,2,0,0,9,0,1,0,0,0.0,0,Python,2018-2020,1.0,9.0,0.0,0.0,0
21,2,0,0,54,7,4,0,0,0.0,0,Python,2018-2020,1.0,6.75,0.0,0.0,0
21,2,0,0,63,26,4,0,0,0.0,0,Python,2018-2020,1.0,2.33,0.0,0.0,0
21,2,0,0,50,0,1,0,0,0.0,0,Python,2018-2020,1.0,50.0,0.0,0.0,0
9,3,0,0,18,25,4,0,0,0.0,0,Python,2018-2020,1.0,0.69,0.0,0.0,0
17,3,0,0,50,4,2,1,5,2.4,0,Python,2018-2020,1.0,10.0,0.33,0.8,0
20,3,0,0,4,0,1,0,0,0.0,0,Python,2018-2020,1.0,4.0,0.0,0.0,0
23,3,0,1,8,8,2,2,7,1.0,1,Python,2018-2020,0.4,0.89,0.67,0.33,30
23,3,0,1,73,32,1,0,4,4.25,0,Python,2018-2020,1.0,2.21,0.0,2.12,31
11,4,0,0,160,158,1,0,2,1.5,0,Python,2018-2020,1.0,1.01,0.0,0.75,0
12,4,0,0,1,1,1,0,0,0.0,0,Python,2018-2020,1.0,0.5,0.0,0.0,0
12,4,0,0,90,7,2,0,0,0.0,0,Python,2018-2020,1.0,11.25,0.0,0.0,0
13,4,0,0,157,157,1,0,1,1.0,0,Python,2018-2020,1.0,0.99,0.0,0.5,0
13,4,0,0,2,2,1,0,0,0.0,0,Python,2018-2020,1.0,0.67,0.0,0.0,0
17,4,0,0,2265,193,17,4,63,3.94,0,Python,2018-2020,1.0,11.68,0.22,0.22,0
18,4,0,0,0,0,1,0,0,0.0,0,Python,2018-2020,1.0,0.0,0.0,0.0,0
23,6,1,1,35,13,4,0,5,17.4,1,Python,2018-2020,0.4,2.5,0.0,3.48,31
0,0,0,1,8,4,1,0,2,34.0,0,Python,2018-2020,1.0,1.6,0.0,17.0,32
10,0,0,0,23,14,1,0,1,9.0,0,Python,2018-2020,1.0,1.53,0.0,4.5,0
10,0,0,0,4,13,1,0,1,5.0,0,Python,2018-2020,1.0,0.29,0.0,2.5,0
11,0,0,0,92,1,2,1,13,2.0,0,Python,2018-2020,1.0,46.0,0.33,0.67,0
12,0,0,0,770,331,8,2,71,3.59,0,Python,2018-2020,1.0,2.32,0.22,0.4,0
12,0,0,0,0,28,1,0,0,0.0,0,Python,2018-2020,1.0,0.0,0.0,0.0,0
16,0,0,0,106,0,1,0,0,0.0,0,Python,2018-2020,1.0,106.0,0.0,0.0,0
18,0,0,0,1,1,1,0,2,2.5,0,Python,2018-2020,1.0,0.5,0.0,1.25,0
18,0,0,0,2,0,2,0,0,0.0,0,Python,2018-2020,1.0,2.0,0.0,0.0,0
19,0,0,0,1,2,2,0,0,0.0,0,Python,2018-2020,1.0,0.33,0.0,0.0,0
10,1,0,0,1,1,1,0,1,10.0,0,Python,2018-2020,1.0,0.5,0.0,5.0,0
10,1,0,0,4,0,1,0,0,0.0,0,Python,2018-2020,1.0,4.0,0.0,0.0,0
11,1,0,0,262,270,2,0,45,3.0,0,Python,2018-2020,1.0,0.97,0.0,1.0,0
11,1,0,0,36,0,1,1,4,4.75,0,Python,2018-2020,1.0,36.0,0.5,2.38,0
13,1,0,0,52,17,2,0,3,5.67,0,Python,2018-2020,1.0,2.89,0.0,1.89,0
13,1,0,0,90,2,2,1,3,9.0,0,Python,2018-2020,1.0,30.0,0.33,3.0,0
13,1,0,0,4,0,1,0,0,0.0,0,Python,2018-2020,1.0,4.0,0.0,0.0,0
17,1,0,0,1,1,1,0,0,0.0,0,Python,2018-2020,1.0,0.5,0.0,0.0,0
11,2,0,0,6,4,1,0,0,0.0,0,Python,2018-2020,1.0,1.2,0.0,0.0,0
13,2,0,0,9,25,3,2,2,2.5,0,Python,2018-2020,1.0,0.35,0.5,0.62,0
14,2,0,0,46,7,2,0,0,0.0,0,Python,2018-2020,1.0,5.75,0.0,0.0,0
15,2,0,0,48,24,2,0,7,10.86,0,Python,2018-2020,1.0,1.92,0.0,3.62,0
18,2,0,0,124,0,2,0,0,0.0,0,Python,2018-2020,1.0,124.0,0.0,0.0,0
18,2,0,0,770,398,6,3,116,1.72,0,Python,2018-2020,1.0,1.93,0.43,0.25,0
10,3,0,0,2,2,1,0,1,12.0,0,Python,2018-2020,1.0,0.67,0.0,6.0,0
10,3,0,0,68,0,1,0,0,0.0,0,Python,2018-2020,1.0,68.0,0.0,0.0,0
12,3,0,0,52,15,1,0,4,13.25,0,Python,2018-2020,1.0,3.25,0.0,6.62,0
14,3,0,0,60,0,1,1,4,1.75,0,Python,2018-2020,1.0,60.0,0.5,0.88,0
14,3,0,0,1,0,1,1,1,2.0,0,Python,2018-2020,1.0,1.0,0.5,1.0,0
16,3,0,0,90,7,2,0,0,0.0,0,Python,2018-2020,1.0,11.25,0.0,0.0,0
16,3,0,0,2,2,1,0,0,0.0,0,Python,2018-2020,1.0,0.67,0.0,0.0,0
16,3,0,0,6,4,1,0,0,0.0,0,Python,2018-2020,1.0,1.2,0.0,0.0,0
16,3,0,0,68,0,1,0,0,0.0,0,Python,2018-2020,1.0,68.0,0.0,0.0,0
17,3,0,0,78,13,3,2,7,8.71,0,Python,2018-2020,1.0,5.57,0.5,2.18,0
18,3,0,0,6,0,1,0,0,0.0,0,Python,2018-2020,1.0,6.0,0.0,0.0,0
21,3,0,0,42,105,2,0,0,0.0,0,Python,2018-2020,1.0,0.4,0.0,0.0,0
22,3,0,1,106,0,1,0,0,0.0,0,Python,2018-2020,1.0,106.0,0.0,0.0,0
8,4,0,0,11,11,7,0,2,3.0,0,Python,2018-2020,1.0,0.92,0.0,0.38,0
9,4,0,0,16,8,5,0,0,0.0,0,Python,2018-2020,1.0,1.78,0.0,0.0,0
9,4,0,0,2,2,1,0,0,0.0,0,Python,2018-2020,1.0,0.67,0.0,0.0,0
11,4,0,0,1,1,1,0,0,0.0,0,Python,2018-2020,1.0,0.5,0.0,0.0,0
11,4,0,0,10,6,3,0,2,6.0,0,Python,2018-2020,1.0,1.43,0.0,1.5,0
11,4,0,0,1,0,1,0,2,6.0,0,Python,2018-2020,1.0,1.0,0.0,3.0,0
11,4,0,0,1,0,1,0,0,0.0,0,Python,2018-2020,1.0,1.0,0.0,0.0,0
11,4,0,0,2,2,1,0,2,6.0,0,Python,2018-2020,1.0,0.67,0.0,3.0,0
11,4,0,0,1,1,1,0,0,0.0,0,Python,2018-2020,1.0,0.5,0.0,0.0,0
13,4,0,0,11,2,2,1,2,5.0,1,Python,2018-2020,0.4,3.67,0.33,1.67,32
13,4,0,0,27,4,1,0,0,0.0,0,Python,2018-2020,1.0,5.4,0.0,0.0,0
13,4,0,0,2,2,1,0,1,9.0,0,Python,2018-2020,1.0,0.67,0.0,4.5,0
15,4,0,0,204,96,8,2,25,4.2,0,Python,2018-2020,1.0,2.1,0.22,0.47,33
15,4,0,0,257,604,3,0,0,0.0,0,Python,2018-2020,1.0,0.42,0.0,0.0,0
16,4,0,0,34,1,2,1,2,7.0,0,Python,2018-2020,1.0,17.0,0.33,2.33,0
16,4,0,0,1,1,1,0,1,3.0,0,Python,2018-2020,1.0,0.5,0.0,1.5,0
16,4,0,0,0,3,1,1,0,0.0,0,Python,2018-2020,1.0,0.0,0.5,0.0,0
17,4,0,0,86,2,2,0,0,0.0,1,Python,2018-2020,0.4,28.67,0.0,0.0,0
17,4,0,0,5,3,1,0,2,11.5,1,Python,2018-2020,0.4,1.25,0.0,5.75,33
18,4,0,0,1,0,1,0,0,0.0,1,Python,2018-2020,0.4,1.0,0.0,0.0,34
18,4,0,0,1,1,1,0,0,0.0,0,Python,2018-2020,1.0,0.5,0.0,0.0,35
19,4,0,0,3,7,2,0,0,0.0,0,Python,2018-2020,1.0,0.38,0.0,0.0,35
20,4,0,0,3,3,2,0,0,0.0,0,Python,2018-2020,1.0,0.75,0.0,0.0,35
21,4,0,0,2,1,1,0,0,0.0,0,Python,2018-2020,1.0,1.0,0.0,0.0,35
11,5,1,0,3,1,1,0,0,0.0,0,Python,2018-2020,1.0,1.5,0.0,0.0,35
9,0,0,0,94,24,3,1,9,2.56,0,Python,2018-2020,1.0,3.76,0.25,0.64,35
10,0,0,0,1,1,1,0,1,16.0,0,Python,2018-2020,1.0,0.5,0.0,8.0,0
10,0,0,0,52,0,1,0,0,0.0,0,Python,2018-2020,1.0,52.0,0.0,0.0,0
11,0,0,0,11,9,1,0,0,0.0,0,Python,2018-2020,1.0,1.1,0.0,0.0,0
11,0,0,0,0,6,1,0,0,0.0,0,Python,2018-2020,1.0,0.0,0.0,0.0,0
11,0,0,0,3,3,1,0,0,0.0,0,Python,2018-2020,1.0,0.75,0.0,0.0,0
23,0,0,1,2,2,2,0,0,0.0,0,Python,2018-2020,1.0,0.67,0.0,0.0,0
16,2,0,0,5,0,1,0,0,0.0,0,Python,2018-2020,1.0,5.0,0.0,0.0,0
16,2,0,0,2,2,1,0,0,0.0,0,Python,2018-2020,1.0,0.67,0.0,0.0,0
17,2,0,0,1,0,1,0,0,0.0,0,Python,2018-2020,1.0,1.0,0.0,0.0,0
17,2,0,0,0,1,1,0,0,0.0,0,Python,2018-2020,1.0,0.0,0.0,0.0,0
7,3,0,0,30,1,1,0,0,0.0,0,Python,2018-2020,1.0,15.0,0.0,0.0,0
8,3,0,0,4,0,1,0,0,0.0,0,Python,2018-2020,1.0,4.0,0.0,0.0,0
8,3,0,0,124,0,2,0,0,0.0,0,Python,2018-2020,1.0,124.0,0.0,0.0,0
8,3,0,0,5,0,1,0,0,0.0,0,Python,2018-2020,1.0,5.0,0.0,0.0,0
8,3,0,0,4,0,1,0,0,0.0,0,Python,2018-2020,1.0,4.0,0.0,0.0,0
9,3,0,0,359,109,4,2,3,1.67,0,Python,2018-2020,1.0,3.26,0.4,0.33,0
17,3,0,0,426,150,4,0,70,2.09,0,Python,2018-2020,1.0,2.82,0.0,0.42,0
9,4,0,0,1,0,1,0,0,0.0,0,Python,2018-2020,1.0,1.0,0.0,0.0,0
12,4,0,0,33,5,2,0,3,66.33,0,Python,2018-2020,1.0,5.5,0.0,22.11,0
12,4,0,0,28,0,2,2,2,1.0,0,Python,2018-2020,1.0,28.0,0.67,0.33,0
13,4,0,0,24,0,2,0,0,0.0,0,Python,2018-2020,1.0,24.0,0.0,0.0,0
16,4,0,0,6,1,1,1,1,2.0,0,Python,2018-2020,1.0,3.0,0.5,1.0,0
12,5,1,0,2,2,1,0,1,10.0,0,Python,2018-2020,1.0,0.67,0.0,5.0,0
12,5,1,0,20,23,3,1,1,1.0,0,Python,2018-2020,1.0,0.83,0.25,0.25,0
12,5,1,0,9,4,2,1,1,1.0,0,Python,2018-2020,1.0,1.8,0.33,0.33,0
0,6,1,1,13,13,1,0,0,0.0,1,Python,2018-2020,0.4,0.93,0.0,0.0,0
7,6,1,0,1,1,1,0,0,0.0,0,Python,2018-2020,1.0,0.5,0.0,0.0,0
9,1,0,0,51,1,1,0,0,0.0,0,Python,2018-2020,1.0,25.5,0.0,0.0,0
10,1,0,0,3,3,1,0,0,0.0,0,Python,2018-2020,1.0,0.75,0.0,0.0,0
10,1,0,0,1,1,1,0,0,0.0,0,Python,2018-2020,1.0,0.5,0.0,0.0,0
13,1,0,0,105,41,6,1,3,7.33,0,Python,2018-2020,1.0,2.5,0.14,1.05,0
15,1,0,0,294,158,14,2,19,11.21,0,Python,2018-2020,1.0,1.85,0.13,0.75,0
16,1,0,0,182,22,10,1,4,1.0,0,Python,2018-2020,1.0,7.91,0.09,0.09,0
17,1,0,0,1,1,1,0,0,0.0,0,Python,2018-2020,1.0,0.5,0.0,0.0,0
17,1,0,0,18,9,1,0,0,0.0,0,Python,2018-2020,1.0,1.8,0.0,0.0,0
17,1,0,0,1,0,1,0,0,0.0,0,Python,2018-2020,1.0,1.0,0.0,0.0,0
18,1,0,0,5,5,1,0,0,0.0,0,Python,2018-2020,1.0,0.83,0.0,0.0,0
13,2,0,0,18,21,1,1,2,1.5,0,Python,2018-2020,1.0,0.82,0.5,0.75,0
15,2,0,0,6,8,2,0,2,5.0,0,Python,2018-2020,1.0,0.67,0.0,1.67,0
16,2,0,0,14,14,3,2,5,4.4,0,Python,2018-2020,1.0,0.93,0.5,1.1,0
17,2,0,0,19,9,1,0,4,6.5,0,Python,2018-2020,1.0,1.9,0.0,3.25,0
18,2,0,0,61,50,2,1,11,7.82,0,Python,2018-2020,1.0,1.2,0.33,2.61,0
22,2,0,1,2,2,2,0,0,0.0,0,Python,2018-2020,1.0,0.67,0.0,0.0,0
9,3,0,0,36,35,2,1,5,1.0,0,Python,2018-2020,1.0,1.0,0.33,0.33,0
9,3,0,0,107,0,2,0,1,11.0,0,Python,2018-2020,1.0,107.0,0.0,3.67,0
9,3,0,0,66,64,1,0,0,0.0,0,Python,2018-2020,1.0,1.02,0.0,0.0,0
9,3,0,0,66,64,1,0,0,0.0,0,Python,2018-2020,1.0,1.02,0.0,0.0,0
9,3,0,0,1,1,1,0,1,16.0,0,Python,2018-2020,1.0,0.5,0.0,8.0,0
10,3,0,0,4314,0,2,0,0,0.0,0,Python,2018-2020,1.0,4314.0,0.0,0.0,0
10,3,0,0,210,210,52,0,54,1.0,0,Python,2018-2020,1.0,1.0,0.0,0.02,0
12,3,0,0,11614,0,3,0,0,0.0,0,Python,2018-2020,1.0,11614.0,0.0,0.0,0
13,3,0,0,4,0,1,0,0,0.0,0,Python,2018-2020,1.0,4.0,0.0,0.0,0
18,3,0,0,59,1,2,1,3,4.0,0,Python,2018-2020,1.0,29.5,0.33,1.33,0
18,3,0,0,11,7,1,1,1,3.0,0,Python,2018-2020,1.0,1.38,0.5,1.5,0
13,4,0,0,7,3,1,0,0,0.0,0,Python,2018-2020,1.0,1.75,0.0,0.0,0
17,5,1,0,1064,5,7,3,23,6.22,0,Python,2018-2020,1.0,177.33,0.38,0.78,3
13,6,1,0,179,67,10,0,7,2.57,0,Python,2018-2020,1.0,2.63,0.0,0.23,0
15,6,1,0,1,1,2,0,0,0.0,0,Python,2018-2020,1.0,0.5,0.0,0.0,0
8,0,0,0,4,3,2,0,0,0.0,0,Python,2018-2020,1.0,1.0,0.0,0.0,0
12,0,0,0,5,0,1,0,0,0.0,0,Python,2018-2020,1.0,5.0,0.0,0.0,0
12,0,0,0,1,1,1,0,0,0.0,0,Python,2018-2020,1.0,0.5,0.0,0.0,0
12,0,0,0,19,23,4,0,0,0.0,0,Python,2018-2020,1.0,0.79,0.0,0.0,0
13,0,0,0,3,0,1,0,1,7.0,0,Python,2018-2020,1.0,3.0,0.0,3.5,0
13,0,0,0,39,21,2,1,7,5.43,0,Python,2018-2020,1.0,1.77,0.33,1.81,0
14,0,0,0,10,8,1,0,1,3.0,0,Python,2018-2020,1.0,1.11,0.0,1.5,0
18,0,0,0,103,34,2,0,7,2.71,0,Python,2018-2020,1.0,2.94,0.0,0.9,0
21,0,0,0,15,12,3,0,2,6.0,0,Python,2018-2020,1.0,1.15,0.0,1.5,0
9,1,0,0,50,54,1,0,3,4.33,0,Python,2018-2020,1.0,0.91,0.0,2.16,0
9,1,0,0,30,1,1,0,0,0.0,0,Python,2018-2020,1.0,15.0,0.0,0.0,0
9,1,0,0,3,0,1,0,0,0.0,0,Python,2018-2020,1.0,3.0,0.0,0.0,0
11,1,0,0,171,0,1,1,26,1.15,0,Python,2018-2020,1.0,171.0,0.5,0.57,0
15,1,0,0,70,9,3,1,11,3.82,0,Python,2018-2020,1.0,7.0,0.25,0.96,0
16,1,0,0,74,21,1,1,14,2.0,0,Python,2018-2020,1.0,3.36,0.5,1.0,0
17,1,0,0,3,5,1,0,2,7.0,0,Python,2018-2020,1.0,0.5,0.0,3.5,0
17,1,0,0,17,3,1,0,0,0.0,0,Python,2018-2020,1.0,4.25,0.0,0.0,0
18,1,0,0,15,4,2,0,3,9.67,0,Python,2018-2020,1.0,3.0,0.0,3.22,35
18,1,0,0,44,42,3,1,13,4.0,0,Python,2018-2020,1.0,1.02,0.25,1.0,0
20,1,0,0,6,3,2,0,4,5.0,0,Python,2018-2020,1.0,1.5,0.0,1.67,0
20,1,0,0,28,11,2,1,1,16.0,0,Python,2018-2020,1.0,2.33,0.33,5.33,0
20,1,0,0,22,0,3,2,2,8.0,0,Python,2018-2020,1.0,22.0,0.5,2.0,0
10,2,0,0,1,1,1,0,0,0.0,0,Python,2018-2020,1.0,0.5,0.0,0.0,0
10,2,0,0,2,2,1,0,0,0.0,0,Python,2018-2020,1.0,0.67,0.0,0.0,0
10,2,0,0,10,0,1,1,1,2.0,0,Python,2018-2020,1.0,10.0,0.5,1.0,0
15,2,0,0,24,0,2,0,2,3.0,0,Python,2018-2020,1.0,24.0,0.0,1.0,0
17,2,0,0,2,4,1,0,0,0.0,0,Python,2018-2020,1.0,0.4,0.0,0.0,0
17,2,0,0,59,9,4,0,0,0.0,0,Python,2018-2020,1.0,5.9,0.0,0.0,0
21,2,0,0,1,7,1,0,0,0.0,0,Python,2018-2020,1.0,0.12,0.0,0.0,0
21,2,0,0,13,11,2,0,0,0.0,0,Python,2018-2020,1.0,1.08,0.0,0.0,0
21,2,0,0,1,9,2,0,0,0.0,0,Python,2018-2020,1.0,0.1,0.0,0.0,0
18,3,0,0,87,0,2,1,3,36.67,0,Python,2018-2020,1.0,87.0,0.33,12.22,0
18,3,0,0,89,15,5,0,0,0.0,0,Python,2018-2020,1.0,5.56,0.0,0.0,0
18,3,0,0,1,1,1,0,2,51.5,0,Python,2018-2020,1.0,0.5,0.0,25.75,0
15,4,0,0,112,34,4,2,8,19.12,0,Python,2018-2020,1.0,3.2,0.4,3.82,0
12,5,1,0,4,4,1,0,0,0.0,0,Python,2018-2020,1.0,0.8,0.0,0.0,0
18,6,1,0,16,6,1,0,0,0.0,0,Python,2018-2020,1.0,2.29,0.0,0.0,0
10,0,0,0,29,1,1,0,0,0.0,0,Python,2018-2020,1.0,14.5,0.0,0.0,0
10,0,0,0,0,1,1,0,0,0.0,0,Python,2018-2020,1.0,0.0,0.0,0.0,0
10,0,0,0,5,0,1,0,0,0.0,0,Python,2018-2020,1.0,5.0,0.0,0.0,0
10,0,0,0,3,1,1,0,0,0.0,0,Python,2018-2020,1.0,1.5,0.0,0.0,0
16,0,0,0,80,15,5,0,0,0.0,0,Python,2018-2020,1.0,5.0,0.0,0.0,0
21,0,0,0,20,15,3,0,2,18.5,1,Python,2018-2020,0.4,1.25,0.0,4.62,35
21,0,0,0,2,2,1,0,1,6.0,1,Python,2018-2020,0.4,0.67,0.0,3.0,36
11,1,0,0,74,1,3,1,3,8.0,0,Python,2018-2020,1.0,37.0,0.25,2.0,3
14,1,0,0,1,1,1,1,0,0.0,0,Python,2018-2020,1.0,0.5,0.5,0.0,37
14,1,0,0,46,3,3,1,2,2.5,0,Python,2018-2020,1.0,11.5,0.25,0.62,0
14,1,0,0,1,1,1,0,0,0.0,0,Python,2018-2020,1.0,0.5,0.0,0.0,0
14,1,0,0,31,0,1,0,0,0.0,0,Python,2018-2020,1.0,31.0,0.0,0.0,0
14,1,0,0,31,0,1,0,0,0.0,0,Python,2018-2020,1.0,31.0,0.0,0.0,0
14,1,0,0,3,17,1,0,0,0.0,0,Python,2018-2020,1.0,0.17,0.0,0.0,0
15,1,0,0,1,1,1,0,0,0.0,0,Python,2018-2020,1.0,0.5,0.0,0.0,0
15,1,0,0,1,1,1,0,0,0.0,0,Python,2018-2020,1.0,0.5,0.0,0.0,0
15,1,0,0,78,76,4,0,3,40.33,0,Python,2018-2020,1.0,1.01,0.0,8.07,0
17,1,0,0,78,14,5,0,0,0.0,0,Python,2018-2020,1.0,5.2,0.0,0.0,0
19,1,0,0,86,11,2,1,3,32.67,0,Python,2018-2020,1.0,7.17,0.33,10.89,0
11,2,0,0,12,8,1,0,2,11.0,1,Python,2018-2020,0.4,1.33,0.0,5.5,37
12,2,0,0,1,1,1,0,0,0.0,0,Python,2018-2020,1.0,0.5,0.0,0.0,38
12,2,0,0,1974,306,29,9,158,3.89,0,Python,2018-2020,1.0,6.43,0.3,0.13,3
15,2,0,0,41,18,1,0,7,4.29,0,Python,2018-2020,1.0,2.16,0.0,2.14,0
15,2,0,0,40,35,1,0,8,3.5,0,Python,2018-2020,1.0,1.11,0.0,1.75,0
15,2,0,0,156,108,4,0,58,2.31,0,Python,2018-2020,1.0,1.43,0.0,0.46,0
15,2,0,0,32,0,1,1,2,1.0,0,Python,2018-2020,1.0,32.0,0.5,0.5,0
15,2,0,0,24,0,1,1,2,2.5,0,Python,2018-2020,1.0,24.0,0.5,1.25,0
15,2,0,0,2,2,1,0,1,2.0,0,Python,2018-2020,1.0,0.67,0.0,1.0,0
15,2,0,0,59,0,1,1,3,4.67,0,Python,2018-2020,1.0,59.0,0.5,2.34,0
15,2,0,0,15,4,3,2,6,5.0,0,Python,2018-2020,1.0,3.0,0.5,1.25,0
15,2,0,0,2,2,1,0,1,11.0,0,Python,2018-2020,1.0,0.67,0.0,5.5,0
15,2,0,0,19,31,1,0,1,15.0,0,Python,2018-2020,1.0,0.59,0.0,7.5,0
21,2,0,0,12,17,1,0,10,7.2,0,Python,2018-2020,1.0,0.67,0.0,3.6,0
10,3,0,0,17,8,1,0,0,0.0,0,Python,2018-2020,1.0,1.89,0.0,0.0,0
13,3,0,0,132,0,2,0,0,0.0,0,Python,2018-2020,1.0,132.0,0.0,0.0,0
13,3,0,0,132,0,2,0,0,0.0,0,Python,2018-2020,1.0,132.0,0.0,0.0,0
14,3,0,0,5,5,1,0,0,0.0,0,Python,2018-2020,1.0,0.83,0.0,0.0,0
14,3,0,0,19,0,1,0,0,0.0,0,Python,2018-2020,1.0,19.0,0.0,0.0,0
17,3,0,0,3,2,1,0,1,3.0,1,Python,2018-2020,0.4,1.0,0.0,1.5,3
21,3,0,0,88,13,5,0,0,0.0,0,Python,2018-2020,1.0,6.29,0.0,0.0,0
10,4,0,0,23,8,2,0,0,0.0,0,Python,2018-2020,1.0,2.56,0.0,0.0,0
11,4,0,0,42,42,25,0,0,0.0,0,Python,2018-2020,1.0,0.98,0.0,0.0,0
11,4,0,0,51,4,2,0,0,0.0,1,Python,2018-2020,0.4,10.2,0.0,0.0,1
14,4,0,0,18,17,1,0,3,8.0,0,Python,2018-2020,1.0,1.0,0.0,4.0,0
15,4,0,0,154,68,1,0,0,0.0,0,Python,2018-2020,1.0,2.23,0.0,0.0,0
15,4,0,0,108,102,1,0,0,0.0,0,Python,2018-2020,1.0,1.05,0.0,0.0,0
17,4,0,0,113,85,2,1,10,10.8,1,Python,2018-2020,0.4,1.31,0.33,3.6,4
18,4,0,0,1028,217,15,2,99,3.86,1,Python,2018-2020,0.006,4.72,0.12,0.24,38
21,4,0,0,80,59,1,0,0,0.0,0,Python,2018-2020,1.0,1.33,0.0,0.0,0
22,4,0,1,22,22,1,0,0,0.0,0,Python,2018-2020,1.0,0.96,0.0,0.0,0
22,4,0,1,11,11,1,0,0,0.0,0,Python,2018-2020,1.0,0.92,0.0,0.0,0
22,4,0,1,1,1,1,0,0,0.0,0,Python,2018-2020,1.0,0.5,0.0,0.0,0
12,5,1,0,42,31,2,0,8,14.62,0,Python,2018-2020,1.0,1.31,0.0,4.87,0
15,5,1,0,0,2,1,0,1,1.0,0,Python,2018-2020,1.0,0.0,0.0,0.5,0
15,5,1,0,25,2,2,0,0,0.0,0,Python,2018-2020,1.0,8.33,0.0,0.0,0
15,5,1,0,1,1,1,0,0,0.0,0,Python,2018-2020,1.0,0.5,0.0,0.0,0
16,5,1,0,2,2,1,0,0,0.0,0,Python,2018-2020,1.0,0.67,0.0,0.0,0
16,5,1,0,30,41,2,0,6,5.67,0,Python,2018-2020,1.0,0.71,0.0,1.89,0
21,5,1,0,12,2,4,0,4,1.0,0,Python,2018-2020,1.0,4.0,0.0,0.2,0
21,5,1,0,15,10,2,0,0,0.0,0,Python,2018-2020,1.0,1.36,0.0,0.0,0
21,6,1,0,107,1,2,0,0,0.0,0,Python,2018-2020,1.0,53.5,0.0,0.0,0
22,6,1,1,107,1,2,0,0,0.0,0,Python,2018-2020,1.0,53.5,0.0,0.0,0
8,0,0,0,12,12,8,0,2,3.0,0,Python,2018-2020,1.0,0.92,0.0,0.33,0
9,0,0,0,7,7,4,0,0,0.0,0,Python,2018-2020,1.0,0.88,0.0,0.0,0
9,0,0,0,44,21,5,0,0,0.0,0,Python,2018-2020,1.0,2.0,0.0,0.0,0
10,0,0,0,3,0,1,0,0,0.0,0,Python,2018-2020,1.0,3.0,0.0,0.0,0
10,0,0,0,0,29,2,0,0,0.0,0,Python,2018-2020,1.0,0.0,0.0,0.0,0
10,0,0,0,2,2,2,0,0,0.0,0,Python,2018-2020,1.0,0.67,0.0,0.0,0
10,0,0,0,11,12,3,0,0,0.0,0,Python,2018-2020,1.0,0.85,0.0,0.0,0
11,0,0,0,12,10208,30,0,59,1.92,0,Python,2018-2020,1.0,0.0,0.0,0.06,0
11,0,0,0,11,4,2,1,6,7.33,0,Python,2018-2020,1.0,2.2,0.33,2.44,5
12,0,0,0,8,6,2,1,2,4.0,0,Python,2018-2020,1.0,1.14,0.33,1.33,0
12,0,0,0,34,5,2,1,9,4.44,1,Python,2018-2020,0.4,5.67,0.33,1.48,39
13,0,0,0,1,1,1,0,0,0.0,0,Python,2018-2020,1.0,0.5,0.0,0.0,0
20,0,0,0,2,2,2,0,3,5.33,1,Python,2018-2020,0.4,0.67,0.0,1.78,40
10,1,0,0,1,1,1,0,0,0.0,0,Python,2018-2020,1.0,0.5,0.0,0.0,0
13,1,0,0,4,5,1,0,1,111.0,0,Python,2018-2020,1.0,0.67,0.0,55.5,0
13,1,0,0,3,3,1,0,1,13.0,0,Python,2018-2020,1.0,0.75,0.0,6.5,0
14,1,0,0,1,1,1,0,1,13.0,0,Python,2018-2020,1.0,0.5,0.0,6.5,0
14,1,0,0,3,3,1,0,0,0.0,0,Python,2018-2020,1.0,0.75,0.0,0.0,0
14,1,0,0,29,21,1,0,0,0.0,0,Python,2018-2020,1.0,1.32,0.0,0.0,0
16,1,0,0,106,0,1,0,0,0.0,0,Python,2018-2020,1.0,106.0,0.0,0.0,0
16,1,0,0,14,14,1,0,0,0.0,0,Python,2018-2020,1.0,0.93,0.0,0.0,0
16,1,0,0,106,0,1,0,0,0.0,0,Python,2018-2020,1.0,106.0,0.0,0.0,0
16,1,0,0,14,14,1,0,0,0.0,0,Python,2018-2020,1.0,0.93,0.0,0.0,0
17,1,0,0,9,0,1,0,1,129.0,0,Python,2018-2020,1.0,9.0,0.0,64.5,0
17,1,0,0,5,3,1,0,1,129.0,0,Python,2018-2020,1.0,1.25,0.0,64.5,0
17,1,0,0,3,5,1,0,1,129.0,0,Python,2018-2020,1.0,0.5,0.0,64.5,0
21,1,0,0,29,6,2,0,1,129.0,0,Python,2018-2020,1.0,4.14,0.0,43.0,0
22,1,0,1,1,1,1,0,0,0.0,0,Python,2018-2020,1.0,0.5,0.0,0.0,0
11,2,0,0,3,3,1,0,0,0.0,0,Python,2018-2020,1.0,0.75,0.0,0.0,0
12,2,0,0,3,3,1,0,0,0.0,0,Python,2018-2020,1.0,0.75,0.0,0.0,0
13,2,0,0,4,0,1,0,0,0.0,0,Python,2018-2020,1.0,4.0,0.0,0.0,0
14,2,0,0,122,8,2,1,7,2.86,1,Python,2018-2020,0.4,13.56,0.33,0.95,41
21,2,0,0,4,4,2,0,0,0.0,0,Python,2018-2020,1.0,0.8,0.0,0.0,0
8,3,0,0,1,1,1,0,0,0.0,0,Python,2018-2020,1.0,0.5,0.0,0.0,0
11,3,0,0,5,0,1,0,0,0.0,1,Python,2018-2020,0.4,5.0,0.0,0.0,5
12,3,0,0,43,7,1,0,5,15.0,0,Python,2018-2020,1.0,5.38,0.0,7.5,6
12,3,0,0,11,5,1,0,3,15.33,0,Python,2018-2020,1.0,1.83,0.0,7.66,6
16,3,0,0,8,8,2,0,0,0.0,0,Python,2018-2020,1.0,0.89,0.0,0.0,2
19,3,0,0,82,17,5,0,0,0.0,0,Python,2018-2020,1.0,4.56,0.0,0.0,0
14,4,0,0,8,1,2,0,1,5.0,0,Python,2018-2020,1.0,4.0,0.0,1.67,0
15,4,0,0,1,1,1,0,2,2.5,0,Python,2018-2020,1.0,0.5,0.0,1.25,0
15,4,0,0,2,5,2,0,1,9.0,0,Python,2018-2020,1.0,0.33,0.0,3.0,0
17,4,0,0,4,4,1,0,1,129.0,0,Python,2018-2020,1.0,0.8,0.0,64.5,0
13,5,1,0,42,10,3,1,5,4.0,1,Python,2018-2020,0.4,3.82,0.25,1.0,6
14,5,1,0,4,14,3,0,1,3.0,0,Python,2018-2020,1.0,0.27,0.0,0.75,0
14,5,1,0,14,15,3,2,12,1.75,0,Python,2018-2020,1.0,0.88,0.5,0.44,42
18,5,1,0,0,2,1,0,0,0.0,0,Python,2018-2020,1.0,0.0,0.0,0.0,0
9,0,0,0,3,2,1,0,1,10.0,0,Python,2018-2020,1.0,1.0,0.0,5.0,0
9,0,0,0,37,24,3,1,0,0.0,0,Python,2018-2020,1.0,1.48,0.25,0.0,0
9,0,0,0,14,5,2,1,1,4.0,0,Python,2018-2020,1.0,2.33,0.33,1.33,0
9,0,0,0,8,8,1,0,0,0.0,0,Python,2018-2020,1.0,0.89,0.0,0.0,0
13,0,0,0,4,0,1,0,1,18.0,0,Python,2018-2020,1.0,4.0,0.0,9.0,0
16,0,0,0,13,6,1,0,5,19.2,0,Python,2018-2020,1.0,1.86,0.0,9.6,7
16,0,0,0,4,5,1,0,1,13.0,0,Python,2018-2020,1.0,0.67,0.0,6.5,42
16,0,0,0,1,1,1,0,1,129.0,0,Python,2018-2020,1.0,0.5,0.0,64.5,0
16,0,0,0,12,4,1,0,2,7.5,1,Python,2018-2020,0.006,2.4,0.0,3.75,42
16,0,0,0,22,24,1,0,1,5.0,1,Python,2018-2020,0.4,0.88,0.0,2.5,43
20,0,0,0,6,4,3,1,4,6.25,0,Python,2018-2020,1.0,1.2,0.25,1.56,7
20,0,0,0,9,0,1,0,1,2.0,0,Python,2018-2020,1.0,9.0,0.0,1.0,1
20,0,0,0,60,17,5,0,7,46.71,1,Python,2018-2020,0.4,3.33,0.0,7.78,44
12,1,0,0,0,1,1,0,0,0.0,0,Python,2018-2020,1.0,0.0,0.0,0.0,0
13,1,0,0,91,12,6,0,0,0.0,0,Python,2018-2020,1.0,7.0,0.0,0.0,0
16,1,0,0,1,1,1,0,0,0.0,0,Python,2018-2020,1.0,0.5,0.0,0.0,0
17,1,0,0,876,335,51,12,143,5.62,1,Python,2018-2020,0.045,2.61,0.23,0.11,45
17,1,0,0,37,37,21,2,18,5.89,1,Python,2018-2020,0.4,0.97,0.09,0.27,2
17,1,0,0,7,0,1,0,1,19.0,0,Python,2018-2020,1.0,7.0,0.0,9.5,46
18,1,0,0,212,9,2,0,0,0.0,0,Python,2018-2020,1.0,21.2,0.0,0.0,1
5,2,0,1,1,1,1,0,0,0.0,0,Python,2018-2020,1.0,0.5,0.0,0.0,1
6,2,0,0,1,1,1,0,1,1.0,1,Python,2018-2020,0.4,0.5,0.0,0.5,1
7,2,0,0,2,2,2,0,2,14.5,1,Python,2018-2020,0.4,0.67,0.0,4.83,46
9,2,0,0,127,31,6,2,13,25.46,1,Python,2018-2020,0.4,3.97,0.29,3.64,47
10,2,0,0,43,36,2,0,0,0.0,0,Python,2018-2020,1.0,1.16,0.0,0.0,0
10,2,0,0,1,1,1,0,0,0.0,0,Python,2018-2020,1.0,0.5,0.0,0.0,48
11,2,0,0,1,1,1,0,0,0.0,0,Python,2018-2020,1.0,0.5,0.0,0.0,48
11,2,0,0,280,133,1,0,0,0.0,0,Python,2018-2020,1.0,2.09,0.0,0.0,3
12,2,0,0,13,1,1,0,1,8.0,1,Python,2018-2020,0.4,6.5,0.0,4.0,48
12,2,0,0,1,13,1,0,1,5.0,1,Python,2018-2020,0.4,0.07,0.0,2.5,2
12,2,0,0,2,2,2,0,1,12.0,1,Python,2018-2020,0.4,0.67,0.0,4.0,49
12,2,0,0,24,19,2,2,3,3.0,0,Python,2018-2020,1.0,1.2,0.67,1.0,0
13,2,0,0,36,3,3,0,6,8.5,0,Python,2018-2020,1.0,9.0,0.0,2.12,50
15,2,0,0,6,0,2,0,0,0.0,0,Python,2018-2020,1.0,6.0,0.0,0.0,0
15,2,0,0,7,7,5,0,0,0.0,0,Python,2018-2020,1.0,0.88,0.0,0.0,3
15,2,0,0,1,1,1,0,0,0.0,0,Python,2018-2020,1.0,0.5,0.0,0.0,50
15,2,0,0,1,1,1,0,0,0.0,0,Python,2018-2020,1.0,0.5,0.0,0.0,50
16,2,0,0,1,1,1,0,0,0.0,0,Python,2018-2020,1.0,0.5,0.0,0.0,50
17,2,0,0,1,1,1,0,0,0.0,0,Python,2018-2020,1.0,0.5,0.0,0.0,50
19,2,0,0,1,0,1,0,1,5.0,0,Python,2018-2020,1.0,1.0,0.0,2.5,3
21,2,0,0,4,0,1,0,0,0.0,0,Python,2018-2020,1.0,4.0,0.0,0.0,0
21,2,0,0,4,4,1,0,0,0.0,0,Python,2018-2020,1.0,0.8,0.0,0.0,0
22,2,0,1,2,6,2,0,1,129.0,0,Python,2018-2020,1.0,0.29,0.0,43.0,0
22,2,0,1,4,4,1,0,0,0.0,0,Python,2018-2020,1.0,0.8,0.0,0.0,0
22,2,0,1,7,1,2,0,0,0.0,0,Python,2018-2020,1.0,3.5,0.0,0.0,0
22,2,0,1,1,1,1,0,0,0.0,0,Python,2018-2020,1.0,0.5,0.0,0.0,0
22,2,0,1,23,10,1,0,0,0.0,0,Python,2018-2020,1.0,2.09,0.0,0.0,0
22,2,0,1,100,6,3,1,0,0.0,1,Python,2018-2020,0.4,14.29,0.25,0.0,50
23,2,0,1,2,2,1,0,0,0.0,0,Python,2018-2020,1.0,0.67,0.0,0.0,0
23,2,0,1,2,1,1,0,0,0.0,0,Python,2018-2020,1.0,1.0,0.0,0.0,51
23,2,0,1,2,2,1,0,0,0.0,0,Python,2018-2020,1.0,0.67,0.0,0.0,51
0,3,0,1,1,1,1,0,0,0.0,0,Python,2018-2020,1.0,0.5,0.0,0.0,51
0,3,0,1,1,1,1,1,1,2.0,0,Python,2018-2020,1.0,0.5,0.5,1.0,51
10,3,0,0,4,0,1,0,0,0.0,0,Python,2018-2020,1.0,4.0,0.0,0.0,0
10,3,0,0,9,6,7,0,1,7.0,0,Python,2018-2020,1.0,1.29,0.0,0.88,0
10,3,0,0,6,9,2,0,0,0.0,0,Python,2018-2020,1.0,0.6,0.0,0.0,0
13,3,0,0,3,0,1,0,1,5.0,0,Python,2018-2020,1.0,3.0,0.0,2.5,51
14,3,0,0,108,176,5,1,0,0.0,0,Python,2018-2020,1.0,0.61,0.17,0.0,51
15,3,0,0,2,2,1,0,1,129.0,0,Python,2018-2020,1.0,0.67,0.0,64.5,0
16,3,0,0,10,3,2,0,0,0.0,1,Python,2018-2020,0.4,2.5,0.0,0.0,51
21,3,0,0,1,1,1,0,1,3.0,0,Python,2018-2020,1.0,0.5,0.0,1.5,0
9,4,0,0,1,1,1,0,1,3.0,0,Python,2018-2020,1.0,0.5,0.0,1.5,0
9,4,0,0,1,1,1,0,1,6.0,0,Python,2018-2020,1.0,0.5,0.0,3.0,0
11,4,0,0,19,2,3,1,2,8.5,0,Python,2018-2020,1.0,6.33,0.25,2.12,0
13,4,0,0,1,1,1,0,1,3.0,0,Python,2018-2020,1.0,0.5,0.0,1.5,0
12,5,1,0,193,18,3,0,10,6.9,0,Python,2018-2020,1.0,10.16,0.0,1.72,7
13,5,1,0,5,5,2,0,3,7.33,0,Python,2018-2020,1.0,0.83,0.0,2.44,7
13,5,1,0,8,6,1,0,1,8.0,0,Python,2018-2020,1.0,1.14,0.0,4.0,7
13,5,1,0,1,1,1,0,2,4.0,0,Python,2018-2020,1.0,0.5,0.0,2.0,7
14,5,1,0,74,4,4,0,9,4.56,0,Python,2018-2020,1.0,14.8,0.0,0.91,7
15,5,1,0,7,7,1,0,6,4.33,0,Python,2018-2020,1.0,0.88,0.0,2.16,7
15,5,1,0,25,16,1,0,4,12.5,0,Python,2018-2020,1.0,1.47,0.0,6.25,7
13,6,1,0,2,0,1,0,1,5.0,0,Python,2018-2020,1.0,2.0,0.0,2.5,7
13,6,1,0,241,209,4,1,71,1.86,0,Python,2018-2020,1.0,1.15,0.2,0.37,0
5,0,0,1,2,2,2,0,0,0.0,0,Python,2018-2020,1.0,0.67,0.0,0.0,7
9,0,0,0,93,329,7,0,4,579.75,0,Python,2018-2020,1.0,0.28,0.0,72.47,0
9,0,0,0,68,307,9,0,2,3.0,0,Python,2018-2020,1.0,0.22,0.0,0.3,0
10,0,0,0,7,7,4,0,0,0.0,0,Python,2018-2020,1.0,0.88,0.0,0.0,0
16,0,0,0,172,32,11,0,0,0.0,0,Python,2018-2020,1.0,5.21,0.0,0.0,0
20,0,0,0,3,3,2,0,1,12.0,0,Python,2018-2020,1.0,0.75,0.0,4.0,0
8,1,0,0,0,4,2,0,1,111.0,0,Python,2018-2020,1.0,0.0,0.0,37.0,0
10,1,0,0,5,1,1,0,1,16.0,0,Python,2018-2020,1.0,2.5,0.0,8.0,0
14,1,0,0,1,0,1,0,0,0.0,0,Python,2018-2020,1.0,1.0,0.0,0.0,0
14,1,0,0,4,4,1,0,2,4.5,0,Python,2018-2020,1.0,0.8,0.0,2.25,0
14,1,0,0,17,6,2,1,1,1.0,0,Python,2018-2020,1.0,2.43,0.33,0.33,0
14,1,0,0,18,1,2,1,1,1.0,0,Python,2018-2020,1.0,9.0,0.33,0.33,0
14,1,0,0,30,24,3,0,0,0.0,0,Python,2018-2020,1.0,1.2,0.0,0.0,0
14,1,0,0,158,95,7,1,15,2.33,0,Python,2018-2020,1.0,1.65,0.12,0.29,0
14,1,0,0,43,6,6,1,3,2.0,0,Python,2018-2020,1.0,6.14,0.14,0.29,0
14,1,0,0,8,7,1,0,1,14.0,0,Python,2018-2020,1.0,1.0,0.0,7.0,0
15,1,0,0,18,13,4,0,0,0.0,0,Python,2018-2020,1.0,1.29,0.0,0.0,0
17,1,0,0,8,5,2,1,3,3.67,0,Python,2018-2020,1.0,1.33,0.33,1.22,0
18,1,0,0,14,8,2,0,3,6.0,0,Python,2018-2020,1.0,1.56,0.0,2.0,0
18,1,0,0,7,9,1,0,0,0.0,0,Python,2018-2020,1.0,0.7,0.0,0.0,0
20,1,0,0,7,0,1,0,2,1.5,0,Python,2018-2020,1.0,7.0,0.0,0.75,0
20,1,0,0,156,118,9,0,17,4.06,0,Python,2018-2020,1.0,1.31,0.0,0.41,0
20,1,0,0,1,1,1,0,1,10.0,0,Python,2018-2020,1.0,0.5,0.0,5.0,0
6,2,0,0,10,3,3,0,2,6.5,0,Python,2018-2020,1.0,2.5,0.0,1.62,0
6,2,0,0,54,10,2,1,3,6.0,0,Python,2018-2020,1.0,4.91,0.33,2.0,0
8,2,0,0,16,3,2,0,0,0.0,0,Python,2018-2020,1.0,4.0,0.0,0.0,0
8,2,0,0,163,73,12,0,14,189.5,0,Python,2018-2020,1.0,2.2,0.0,14.58,0
8,2,0,0,9,9,4,0,0,0.0,0,Python,2018-2020,1.0,0.9,0.0,0.0,0
8,2,0,0,6,6,3,0,2,3.0,0,Python,2018-2020,1.0,0.86,0.0,0.75,0
8,2,0,0,7,7,4,0,0,0.0,0,Python,2018-2020,1.0,0.88,0.0,0.0,0
8,2,0,0,1,5,1,0,0,0.0,0,Python,2018-2020,1.0,0.17,0.0,0.0,0
9,2,0,0,18,5,5,0,6,14.33,0,Python,2018-2020,1.0,3.0,0.0,2.39,0
10,2,0,0,1,1,1,0,1,13.0,0,Python,2018-2020,1.0,0.5,0.0,6.5,0
10,2,0,0,4,5,1,0,3,6.0,0,Python,2018-2020,1.0,0.67,0.0,3.0,0
11,2,0,0,6,6,2,0,3,6.0,0,Python,2018-2020,1.0,0.86,0.0,2.0,0
11,2,0,0,3,1,1,0,0,0.0,0,Python,2018-2020,1.0,1.5,0.0,0.0,0
11,2,0,0,0,11509,2,0,0,0.0,0,Python,2018-2020,1.0,0.0,0.0,0.0,0
11,2,0,0,0,46,1,0,1,6.0,0,Python,2018-2020,1.0,0.0,0.0,3.0,0
11,2,0,0,1,1,1,1,1,1.0,0,Python,2018-2020,1.0,0.5,0.5,0.5,0
11,2,0,0,1,1,1,1,1,1.0,0,Python,2018-2020,1.0,0.5,0.5,0.5,0
11,2,0,0,4,3,1,0,0,0.0,0,Python,2018-2020,1.0,1.0,0.0,0.0,0
12,2,0,0,9,9,1,0,0,0.0,0,Python,2018-2020,1.0,0.9,0.0,0.0,0
12,2,0,0,1,1,1,0,0,0.0,0,Python,2018-2020,1.0,0.5,0.0,0.0,0
12,2,0,0,1,1,1,0,0,0.0,0,Python,2018-2020,1.0,0.5,0.0,0.0,0
12,2,0,0,2,0,1,0,0,0.0,0,Python,2018-2020,1.0,2.0,0.0,0.0,0
13,2,0,0,0,8,1,0,0,0.0,0,Python,2018-2020,1.0,0.0,0.0,0.0,0
13,2,0,0,2,2,2,0,0,0.0,1,Python,2018-2020,0.4,0.67,0.0,0.0,3
10,3,0,0,1,1,1,0,0,0.0,0,Python,2018-2020,1.0,0.5,0.0,0.0,0
13,3,0,0,1,1,1,0,0,0.0,0,Python,2018-2020,1.0,0.5,0.0,0.0,0
15,3,0,0,106,48,4,0,2,1.0,0,Python,2018-2020,1.0,2.16,0.0,0.2,0
17,3,0,0,1,1,1,0,0,0.0,0,Python,2018-2020,1.0,0.5,0.0,0.0,0
19,3,0,0,7,6,1,0,0,0.0,0,Python,2018-2020,1.0,1.0,0.0,0.0,0
20,3,0,0,2,2,1,0,0,0.0,0,Python,2018-2020,1.0,0.67,0.0,0.0,0
20,3,0,0,4,3,1,0,0,0.0,0,Python,2018-2020,1.0,1.0,0.0,0.0,0
20,3,0,0,117,42,6,0,3,14.67,0,Python,2018-2020,1.0,2.72,0.0,2.1,0
20,3,0,0,8,9,2,0,0,0.0,0,Python,2018-2020,1.0,0.8,0.0,0.0,0
20,3,0,0,2,2,2,0,0,0.0,0,Python,2018-2020,1.0,0.67,0.0,0.0,0
10,4,0,0,6,7,1,0,0,0.0,0,Python,2018-2020,1.0,0.75,0.0,0.0,0
10,4,0,0,9,6,1,0,0,0.0,0,Python,2018-2020,1.0,1.29,0.0,0.0,0
10,4,0,0,19,26,4,0,0,0.0,0,Python,2018-2020,1.0,0.7,0.0,0.0,0
10,4,0,0,1,1,1,0,0,0.0,0,Python,2018-2020,1.0,0.5,0.0,0.0,0
10,4,0,0,41,45,8,0,0,0.0,0,Python,2018-2020,1.0,0.89,0.0,0.0,0
10,4,0,0,2,0,1,0,0,0.0,0,Python,2018-2020,1.0,2.0,0.0,0.0,0
13,4,0,0,16,13,2,0,0,0.0,0,Python,2018-2020,1.0,1.14,0.0,0.0,0
10,5,1,0,1,1,1,0,0,0.0,0,Python,2018-2020,1.0,0.5,0.0,0.0,0
23,5,1,1,6,3,2,2,2,1.5,0,Python,2018-2020,1.0,1.5,0.67,0.5,0
23,5,1,1,87,12,3,1,8,5.25,0,Python,2018-2020,1.0,6.69,0.25,1.31,0
23,5,1,1,3,0,1,0,0,0.0,0,Python,2018-2020,1.0,3.0,0.0,0.0,0
23,5,1,1,1,1,1,1,0,0.0,0,Python,2018-2020,1.0,0.5,0.5,0.0,0
23,5,1,1,1,3,1,0,1,1.0,0,Python,2018-2020,1.0,0.25,0.0,0.5,0
23,5,1,1,5,3,1,0,0,0.0,0,Python,2018-2020,1.0,1.25,0.0,0.0,0
23,5,1,1,26,23,6,2,8,4.88,0,Python,2018-2020,1.0,1.08,0.29,0.7,0
9,6,1,0,1520,766,24,7,37,1.65,0,Python,2018-2020,1.0,1.98,0.28,0.07,0
8,0,0,0,112,44,4,0,2,1.0,0,Python,2018-2020,1.0,2.49,0.0,0.2,0
22,0,0,1,106,0,1,0,0,0.0,0,Python,2018-2020,1.0,106.0,0.0,0.0,0
22,0,0,1,7,5,1,0,0,0.0,0,Python,2018-2020,1.0,1.17,0.0,0.0,0
9,1,0,0,8,3,1,0,1,31.0,0,Python,2018-2020,1.0,2.0,0.0,15.5,0
16,1,0,0,4,2,1,0,1,96.0,1,Python,2018-2020,0.4,1.33,0.0,48.0,0
16,1,0,0,23,28,7,2,12,8.0,0,Python,2018-2020,1.0,0.79,0.25,1.0,0
17,1,0,0,3,1,1,0,1,14.0,0,Python,2018-2020,1.0,1.5,0.0,7.0,52
19,1,0,0,3,1,1,0,0,0.0,0,Python,2018-2020,1.0,1.5,0.0,0.0,0
20,1,0,0,34,7,4,1,6,14.83,1,Python,2018-2020,0.4,4.25,0.2,2.97,52
20,1,0,0,6,3,2,0,3,2.0,1,Python,2018-2020,0.4,1.5,0.0,0.67,53
20,1,0,0,106,0,1,0,0,0.0,0,Python,2018-2020,1.0,106.0,0.0,0.0,0
21,1,0,0,2,2,1,0,0,0.0,0,Python,2018-2020,1.0,0.67,0.0,0.0,0
7,2,0,0,1,1,1,0,0,0.0,0,Python,2018-2020,1.0,0.5,0.0,0.0,4
12,2,0,0,1,1,1,0,0,0.0,0,Python,2018-2020,1.0,0.5,0.0,0.0,0
15,2,0,0,2,2,1,0,0,0.0,0,Python,2018-2020,1.0,0.67,0.0,0.0,0
8,3,0,0,1,4,1,0,0,0.0,0,Python,2018-2020,1.0,0.2,0.0,0.0,0
8,3,0,0,18,19,1,0,0,0.0,0,Python,2018-2020,1.0,0.9,0.0,0.0,0
10,3,0,0,6,6,3,0,0,0.0,0,Python,2018-2020,1.0,0.86,0.0,0.0,0
17,3,0,0,1,1,1,0,0,0.0,0,Python,2018-2020,1.0,0.5,0.0,0.0,0
22,3,0,1,1,0,1,0,0,0.0,0,Python,2018-2020,1.0,1.0,0.0,0.0,0
9,4,0,0,1,1,1,0,0,0.0,0,Python,2018-2020,1.0,0.5,0.0,0.0,0
9,4,0,0,1,1,1,0,0,0.0,0,Python,2018-2020,1.0,0.5,0.0,0.0,0
18,4,0,0,5,9,1,0,0,0.0,0,Python,2018-2020,1.0,0.5,0.0,0.0,0
18,4,0,0,41,1,2,1,2,2.5,0,Python,2018-2020,1.0,20.5,0.33,0.83,0
18,4,0,0,195,64,8,2,20,3.55,0,Python,2018-2020,1.0,3.0,0.22,0.39,0
8,0,0,0,3,3,2,1,2,8.5,0,Python,2018-2020,1.0,0.75,0.33,2.83,0
8,0,0,0,3,2,1,0,0,0.0,0,Python,2018-2020,1.0,1.0,0.0,0.0,4
9,1,0,0,1,1,1,0,1,11.0,0,Python,2018-2020,1.0,0.5,0.0,5.5,0
10,1,0,0,1,1,1,0,1,11.0,0,Python,2018-2020,1.0,0.5,0.0,5.5,0
12,1,0,0,9,14,1,0,1,85.0,0,Python,2018-2020,1.0,0.6,0.0,42.5,0
16,1,0,0,661,1,21,5,10,2.8,0,Python,2018-2020,1.0,330.5,0.23,0.13,0
20,1,0,0,30,31,6,0,0,0.0,0,Python,2018-2020,1.0,0.94,0.0,0.0,3
21,1,0,0,15,10,4,0,2,13.5,1,Python,2018-2020,0.4,1.36,0.0,2.7,54
10,2,0,0,1,1,1,0,0,0.0,0,Python,2018-2020,1.0,0.5,0.0,0.0,0
14,2,0,0,38,7,2,1,3,5.67,0,Python,2018-2020,1.0,4.75,0.33,1.89,0
22,6,1,1,17,17,1,0,0,0.0,0,Python,2018-2020,1.0,0.94,0.0,0.0,0
22,6,1,1,17,17,1,0,0,0.0,0,Python,2018-2020,1.0,0.94,0.0,0.0,0
22,6,1,1,8,8,1,0,0,0.0,0,Python,2018-2020,1.0,0.89,0.0,0.0,0
22,6,1,1,8,8,1,0,0,0.0,0,Python,2018-2020,1.0,0.89,0.0,0.0,0
0,0,0,1,52,1,2,0,0,0.0,0,Python,2018-2020,1.0,26.0,0.0,0.0,55
11,1,0,0,18,1,3,1,2,7.0,0,Python,2018-2020,1.0,9.0,0.25,1.75,0
14,1,0,0,6,0,1,0,0,0.0,0,Python,2018-2020,1.0,6.0,0.0,0.0,0
14,1,0,0,4,4,1,0,0,0.0,0,Python,2018-2020,1.0,0.8,0.0,0.0,0
14,1,0,0,8,1,1,0,0,0.0,0,Python,2018-2020,1.0,4.0,0.0,0.0,0
14,1,0,0,7,7,1,0,0,0.0,0,Python,2018-2020,1.0,0.88,0.0,0.0,0
15,1,0,0,2,2,2,0,0,0.0,0,Python,2018-2020,1.0,0.67,0.0,0.0,0
15,1,0,0,4,0,1,0,1,5.0,0,Python,2018-2020,1.0,4.0,0.0,2.5,0
16,1,0,0,7,2,1,0,0,0.0,0,Python,2018-2020,1.0,2.33,0.0,0.0,0
18,1,0,0,3,3,1,0,1,3.0,0,Python,2018-2020,1.0,0.75,0.0,1.5,0
12,2,0,0,19,9,1,0,6,6.67,0,Python,2018-2020,1.0,1.9,0.0,3.34,0
12,2,0,0,14,1,2,1,2,1.0,0,Python,2018-2020,1.0,7.0,0.33,0.33,0
12,2,0,0,2,2,1,1,0,0.0,0,Python,2018-2020,1.0,0.67,0.5,0.0,0
14,2,0,0,16,10,2,1,1,1.0,0,Python,2018-2020,1.0,1.45,0.33,0.33,0
18,2,0,0,1,12,5,5,0,0.0,0,Python,2018-2020,1.0,0.08,0.83,0.0,0
10,3,0,0,17,18,3,1,4,5.5,0,Python,2018-2020,1.0,0.89,0.25,1.38,0
13,4,0,0,18,18,1,0,0,0.0,0,Python,2021-2023,1.0,0.95,0.0,0.0,0
11,0,0,0,0,4,1,0,0,0.0,0,Python,2021-2023,1.0,0.0,0.0,0.0,0
15,0,0,0,24,2,4,2,3,4.0,0,Python,2021-2023,1.0,8.0,0.4,0.8,0
15,0,0,0,54,33,5,1,8,5.25,0,Python,2021-2023,1.0,1.59,0.17,0.88,0
20,1,0,0,1,1,1,0,0,0.0,0,Python,2021-2023,1.0,0.5,0.0,0.0,0
11,3,0,0,13,1,2,0,0,0.0,0,Python,2021-2023,1.0,6.5,0.0,0.0,0
11,3,0,0,2,0,1,0,0,0.0,0,Python,2021-2023,1.0,2.0,0.0,0.0,0
15,4,0,0,1,1,1,0,0,0.0,0,Python,2021-2023,1.0,0.5,0.0,0.0,0
13,0,0,0,44,44,2,0,0,0.0,0,Python,2021-2023,1.0,0.98,0.0,0.0,0
13,0,0,0,4,4,1,0,0,0.0,0,Python,2021-2023,1.0,0.8,0.0,0.0,0
10,2,0,0,1,1,1,0,1,101.0,0,Python,2021-2023,1.0,0.5,0.0,50.5,0
11,3,0,0,4,2,1,0,0,0.0,0,Python,2021-2023,1.0,1.33,0.0,0.0,0
14,3,0,0,14,7,4,1,1,1.0,0,Python,2021-2023,1.0,1.75,0.2,0.2,0
16,3,0,0,178,68,6,1,7,3.43,0,Python,2021-2023,1.0,2.58,0.14,0.49,0
10,4,0,0,2,8,1,0,0,0.0,0,Python,2021-2023,1.0,0.22,0.0,0.0,0
15,4,0,0,0,238,2,0,0,0.0,0,Python,2021-2023,1.0,0.0,0.0,0.0,0
12,1,0,0,27,0,1,0,0,0.0,0,Python,2021-2023,1.0,27.0,0.0,0.0,0
14,2,0,0,16,0,1,0,0,0.0,0,Python,2021-2023,1.0,16.0,0.0,0.0,0
15,3,0,0,4,4,1,0,1,3.0,0,Python,2021-2023,1.0,0.8,0.0,1.5,0
13,4,0,0,5,4,1,0,1,16.0,0,Python,2021-2023,1.0,1.0,0.0,8.0,0
14,4,0,0,1,0,1,1,0,0.0,0,Python,2021-2023,1.0,1.0,0.5,0.0,0
14,4,0,0,75,0,2,1,3,6.0,0,Python,2021-2023,1.0,75.0,0.33,2.0,0
15,4,0,0,3,3,1,0,1,13.0,0,Python,2021-2023,1.0,0.75,0.0,6.5,0
12,1,0,0,1,1,1,0,0,0.0,0,Python,2021-2023,1.0,0.5,0.0,0.0,0
10,3,0,0,35,8,4,3,4,4.25,0,Python,2021-2023,1.0,3.89,0.6,0.85,0
10,3,0,0,1,1,1,0,1,14.0,0,Python,2021-2023,1.0,0.5,0.0,7.0,0
10,3,0,0,8,4,2,0,3,14.33,0,Python,2021-2023,1.0,1.6,0.0,4.78,55
12,3,0,0,2,15,3,1,2,1.5,0,Python,2021-2023,1.0,0.12,0.25,0.38,0
12,3,0,0,2,2,1,0,0,0.0,0,Python,2021-2023,1.0,0.67,0.0,0.0,0
14,3,0,0,2,2,1,0,0,0.0,0,Python,2021-2023,1.0,0.67,0.0,0.0,0
17,3,0,0,0,3,1,0,1,3.0,0,Python,2021-2023,1.0,0.0,0.0,1.5,0
10,4,0,0,1,1,1,0,0,0.0,0,Python,2021-2023,1.0,0.5,0.0,0.0,0
11,5,1,0,445,205,5,0,13,10.23,1,Python,2021-2023,0.333,2.16,0.0,1.7,55
9,0,0,0,1,1,1,0,0,0.0,0,Python,2021-2023,1.0,0.5,0.0,0.0,0
9,0,0,0,27,27,1,1,0,0.0,0,Python,2021-2023,1.0,0.96,0.5,0.0,0
12,0,0,0,79,8,4,2,7,1.43,0,Python,2021-2023,1.0,8.78,0.4,0.29,0
14,0,0,0,31,73,3,1,5,2.8,0,Python,2021-2023,1.0,0.42,0.25,0.7,0
16,0,0,0,5,4,1,0,1,12.0,0,Python,2021-2023,1.0,1.0,0.0,6.0,0
18,0,0,0,209,5,2,0,0,0.0,0,Python,2021-2023,1.0,34.83,0.0,0.0,0
9,1,0,0,26,26,18,0,18,11.94,0,Python,2021-2023,1.0,0.96,0.0,0.63,0
12,1,0,0,27,0,1,0,0,0.0,0,Python,2021-2023,1.0,27.0,0.0,0.0,0
15,1,0,0,1,1,1,0,0,0.0,0,Python,2021-2023,1.0,0.5,0.0,0.0,0
13,2,0,0,50,0,1,0,0,0.0,0,Python,2021-2023,1.0,50.0,0.0,0.0,0
13,2,0,0,24,1,1,0,0,0.0,0,Python,2021-2023,1.0,12.0,0.0,0.0,0
13,2,0,0,1,1,1,0,0,0.0,0,Python,2021-2023,1.0,0.5,0.0,0.0,0
11,3,0,0,8,79,4,2,7,1.43,0,Python,2021-2023,1.0,0.1,0.4,0.29,0
9,4,0,0,1,2,1,0,0,0.0,0,Python,2021-2023,1.0,0.33,0.0,0.0,0
15,4,0,0,111,67,8,1,9,7.56,0,Python,2021-2023,1.0,1.63,0.11,0.84,0
8,0,0,0,2,2,2,0,0,0.0,0,Python,2021-2023,1.0,0.67,0.0,0.0,0
11,0,0,0,11,6,1,0,0,0.0,0,Python,2021-2023,1.0,1.57,0.0,0.0,0
12,0,0,0,6,6,2,0,0,0.0,0,Python,2021-2023,1.0,0.86,0.0,0.0,0
14,0,0,0,18,16,1,0,0,0.0,0,Python,2021-2023,1.0,1.06,0.0,0.0,0
10,2,0,0,1,3,1,0,0,0.0,0,Python,2021-2023,1.0,0.25,0.0,0.0,0
10,2,0,0,1,1,1,0,0,0.0,0,Python,2021-2023,1.0,0.5,0.0,0.0,0
10,2,0,0,1,1,1,0,0,0.0,0,Python,2021-2023,1.0,0.5,0.0,0.0,0
12,2,0,0,1,1,1,0,0,0.0,0,Python,2021-2023,1.0,0.5,0.0,0.0,0
12,2,0,0,3936,0,13,4,22,2.0,0,Python,2021-2023,1.0,3936.0,0.29,0.14,0
13,2,0,0,5,0,1,0,0,0.0,0,Python,2021-2023,1.0,5.0,0.0,0.0,0
14,2,0,0,3,2,1,0,0,0.0,0,Python,2021-2023,1.0,1.0,0.0,0.0,0
9,4,0,0,2,1,2,0,0,0.0,1,Python,2021-2023,0.4,1.0,0.0,0.0,0
9,4,0,0,9,7,3,0,2,2.0,0,Python,2021-2023,1.0,1.12,0.0,0.5,1
14,4,0,0,52,14,4,0,0,0.0,0,Python,2021-2023,1.0,3.47,0.0,0.0,0
9,0,0,0,1,1,1,0,0,0.0,0,Python,2021-2023,1.0,0.5,0.0,0.0,0
8,1,0,0,12,5,1,0,0,0.0,0,Python,2021-2023,1.0,2.0,0.0,0.0,0
10,1,0,0,1,1,1,1,0,0.0,0,Python,2021-2023,1.0,0.5,0.5,0.0,0
13,1,0,0,2,2,1,0,0,0.0,0,Python,2021-2023,1.0,0.67,0.0,0.0,0
10,2,0,0,3,4,2,0,2,18.0,0,Python,2021-2023,1.0,0.6,0.0,6.0,0
10,4,0,0,1,1,1,1,0,0.0,0,Python,2021-2023,1.0,0.5,0.5,0.0,0
17,2,0,0,1,1,1,1,2,1.0,0,Python,2021-2023,1.0,0.5,0.5,0.5,0
17,3,0,0,31,0,1,0,0,0.0,0,Python,2021-2023,1.0,31.0,0.0,0.0,0
19,3,0,0,51,9,6,3,6,2.0,0,Python,2021-2023,1.0,5.1,0.43,0.29,0
10,4,0,0,57,0,2,0,2,2.0,0,Python,2021-2023,1.0,57.0,0.0,0.67,0
10,4,0,0,1,2,1,0,0,0.0,0,Python,2021-2023,1.0,0.33,0.0,0.0,56
12,4,0,0,15,26,4,2,0,0.0,0,Python,2021-2023,1.0,0.56,0.4,0.0,0
12,4,0,0,6,0,1,0,2,9.5,0,Python,2021-2023,1.0,6.0,0.0,4.75,0
12,4,0,0,14,167,7,0,0,0.0,0,Python,2021-2023,1.0,0.08,0.0,0.0,56
13,4,0,0,2,0,1,0,0,0.0,0,Python,2021-2023,1.0,2.0,0.0,0.0,0
14,4,0,0,8,3,2,0,4,4.0,0,Python,2021-2023,1.0,2.0,0.0,1.33,0
16,4,0,0,29,2,3,0,3,4.33,0,Python,2021-2023,1.0,9.67,0.0,1.08,0
16,4,0,0,8,3,2,0,3,15.33,0,Python,2021-2023,1.0,2.0,0.0,5.11,0
17,4,0,0,1,1,1,0,0,0.0,0,Python,2021-2023,1.0,0.5,0.0,0.0,1
17,4,0,0,2,0,1,0,0,0.0,0,Python,2021-2023,1.0,2.0,0.0,0.0,0
18,4,0,0,1,0,1,0,0,0.0,0,Python,2021-2023,1.0,1.0,0.0,0.0,1
19,4,0,0,63,2,4,0,0,0.0,0,Python,2021-2023,1.0,21.0,0.0,0.0,0
16,5,1,0,2,6,1,1,1,1.0,0,Python,2021-2023,1.0,0.29,0.5,0.5,0
17,5,1,0,1,1,1,1,0,0.0,0,Python,2021-2023,1.0,0.5,0.5,0.0,0
17,5,1,0,6,2,1,1,1,1.0,0,Python,2021-2023,1.0,2.0,0.5,0.5,0
17,5,1,0,1,0,1,1,1,1.0,0,Python,2021-2023,1.0,1.0,0.5,0.5,0
17,5,1,0,2,1,1,1,1,1.0,0,Python,2021-2023,1.0,1.0,0.5,0.5,0
17,5,1,0,16,8,1,1,2,2.0,0,Python,2021-2023,1.0,1.78,0.5,1.0,0
17,5,1,0,7,2,1,1,2,2.0,0,Python,2021-2023,1.0,2.33,0.5,1.0,0
14,6,1,0,27,0,1,1,1,1.0,0,Python,2021-2023,1.0,27.0,0.5,0.5,0
14,6,1,0,1,0,1,0,0,0.0,0,Python,2021-2023,1.0,1.0,0.0,0.0,0
11,1,0,0,29,3,1,0,0,0.0,0,Python,2021-2023,1.0,7.25,0.0,0.0,0
11,1,0,0,4,4,1,0,0,0.0,0,Python,2021-2023,1.0,0.8,0.0,0.0,0
11,1,0,0,2,2,1,0,0,0.0,0,Python,2021-2023,1.0,0.67,0.0,0.0,0
13,1,0,0,2,1,1,0,0,0.0,0,Python,2021-2023,1.0,1.0,0.0,0.0,0
15,1,0,0,7,1,2,1,0,0.0,0,Python,2021-2023,1.0,3.5,0.33,0.0,0
15,1,0,0,23,3,1,0,0,0.0,0,Python,2021-2023,1.0,5.75,0.0,0.0,0
15,1,0,0,2,2,1,0,0,0.0,0,Python,2021-2023,1.0,0.67,0.0,0.0,0
16,1,0,0,32,4,1,0,0,0.0,0,Python,2021-2023,1.0,6.4,0.0,0.0,0
20,1,0,0,24,2,1,0,0,0.0,0,Python,2021-2023,1.0,8.0,0.0,0.0,0
20,1,0,0,28,4,1,0,0,0.0,0,Python,2021-2023,1.0,5.6,0.0,0.0,0
20,1,0,0,24,19,4,0,0,0.0,0,Python,2021-2023,1.0,1.2,0.0,0.0,0
20,1,0,0,1,1,1,0,0,0.0,0,Python,2021-2023,1.0,0.5,0.0,0.0,0
10,2,0,0,1,0,1,0,0,0.0,0,Python,2021-2023,1.0,1.0,0.0,0.0,0
12,2,0,0,5,1,1,0,1,14.0,0,Python,2021-2023,1.0,2.5,0.0,7.0,0
12,2,0,0,0,1,1,0,1,14.0,0,Python,2021-2023,1.0,0.0,0.0,7.0,0
15,2,0,0,11,11,4,0,66,4.24,0,Python,2021-2023,1.0,0.92,0.0,0.85,0
15,2,0,0,1,1,1,0,0,0.0,0,Python,2021-2023,1.0,0.5,0.0,0.0,0
15,2,0,0,1134,25,12,2,25,3.0,0,Python,2021-2023,1.0,43.62,0.15,0.23,0
16,2,0,0,1,1,1,0,0,0.0,0,Python,2021-2023,1.0,0.5,0.0,0.0,0
16,2,0,0,4,4,1,0,1,4.0,0,Python,2021-2023,1.0,0.8,0.0,2.0,0
16,2,0,0,3,0,1,0,1,14.0,0,Python,2021-2023,1.0,3.0,0.0,7.0,0
16,2,0,0,1,0,1,0,1,14.0,0,Python,2021-2023,1.0,1.0,0.0,7.0,0
18,2,0,0,1,1,1,0,0,0.0,0,Python,2021-2023,1.0,0.5,0.0,0.0,0
9,3,0,0,0,2,1,0,1,4.0,0,Python,2021-2023,1.0,0.0,0.0,2.0,0
10,3,0,0,46,48,26,0,27,9.78,1,Python,2021-2023,0.04,0.94,0.0,0.36,0
10,3,0,0,10,9,5,0,0,0.0,0,Python,2021-2023,1.0,1.0,0.0,0.0,0
11,3,0,0,7,11,1,1,2,1.0,0,Python,2021-2023,1.0,0.58,0.5,0.5,0
12,3,0,0,6,6,4,0,0,0.0,0,Python,2021-2023,1.0,0.86,0.0,0.0,0
14,3,0,0,1,1,1,0,0,0.0,0,Python,2021-2023,1.0,0.5,0.0,0.0,1
15,3,0,0,53,21,4,1,16,6.44,0,Python,2021-2023,1.0,2.41,0.2,1.29,1
17,3,0,0,52,0,2,0,0,0.0,0,Python,2021-2023,1.0,52.0,0.0,0.0,1
11,4,0,0,213,275,50,3,78,13.59,0,Python,2021-2023,1.0,0.77,0.06,0.27,1
17,4,0,0,1,1,1,0,0,0.0,0,Python,2021-2023,1.0,0.5,0.0,0.0,0
13,0,0,0,15,10,1,0,0,0.0,0,Python,2021-2023,1.0,1.36,0.0,0.0,0
13,0,0,0,4,4,1,0,0,0.0,0,Python,2021-2023,1.0,0.8,0.0,0.0,0
13,0,0,0,10,6,1,0,0,0.0,0,Python,2021-2023,1.0,1.43,0.0,0.0,0
13,0,0,0,8,5,1,0,0,0.0,0,Python,2021-2023,1.0,1.33,0.0,0.0,0
16,0,0,0,2,2,2,2,0,0.0,0,Python,2021-2023,1.0,0.67,0.67,0.0,0
16,0,0,0,6,1,1,0,1,11.0,0,Python,2021-2023,1.0,3.0,0.0,5.5,1
16,0,0,0,4,0,1,0,1,14.0,0,Python,2021-2023,1.0,4.0,0.0,7.0,1
18,0,0,0,24,1,2,1,2,53.5,0,Python,2021-2023,1.0,12.0,0.33,17.83,0
18,0,0,0,12,9,2,1,2,54.0,0,Python,2021-2023,1.0,1.2,0.33,18.0,0
18,0,0,0,16,10,1,1,3,1.0,0,Python,2021-2023,1.0,1.45,0.5,0.5,0
20,0,0,0,13,1,1,1,3,1.33,0,Python,2021-2023,1.0,6.5,0.5,0.66,0
20,0,0,0,6,2,1,1,3,1.33,0,Python,2021-2023,1.0,2.0,0.5,0.66,0
1,1,0,1,37,24,1,0,7,24.57,0,Python,2021-2023,1.0,1.48,0.0,12.28,0
1,1,0,1,2,0,1,0,0,0.0,0,Python,2021-2023,1.0,2.0,0.0,0.0,0
2,1,0,1,24,37,1,0,7,24.43,0,Python,2021-2023,1.0,0.63,0.0,12.22,0
3,1,0,1,30,20,1,0,5,33.6,0,Python,2021-2023,1.0,1.43,0.0,16.8,0
9,1,0,0,1,1,1,0,0,0.0,0,Python,2021-2023,1.0,0.5,0.0,0.0,0
20,1,0,0,2,1,1,0,0,0.0,0,Python,2021-2023,1.0,1.0,0.0,0.0,0
22,1,0,1,2,2,1,0,1,60.0,0,Python,2021-2023,1.0,0.67,0.0,30.0,0
10,2,0,0,2,2,1,0,0,0.0,0,Python,2021-2023,1.0,0.67,0.0,0.0,0
10,2,0,0,2,2,1,0,0,0.0,0,Python,2021-2023,1.0,0.67,0.0,0.0,0
11,2,0,0,2,2,1,0,0,0.0,0,Python,2021-2023,1.0,0.67,0.0,0.0,0
17,2,0,0,2818,1845,542,150,5,8.4,0,Python,2021-2023,1.0,1.53,0.28,0.02,0
18,3,0,0,1,4,1,1,1,1.0,0,Python,2021-2023,1.0,0.2,0.5,0.5,0
20,3,0,0,31,7,1,0,0,0.0,0,Python,2021-2023,1.0,3.88,0.0,0.0,0
23,3,0,1,1,0,1,1,1,1.0,0,Python,2021-2023,1.0,1.0,0.5,0.5,0
23,3,0,1,4,0,1,1,0,0.0,0,Python,2021-2023,1.0,4.0,0.5,0.0,0
14,4,0,0,39,39,4,0,66,4.24,0,Python,2021-2023,1.0,0.98,0.0,0.85,0
14,4,0,0,6,0,1,0,0,0.0,0,Python,2021-2023,1.0,6.0,0.0,0.0,0
19,4,0,0,28,28,1,0,0,0.0,0,Python,2021-2023,1.0,0.97,0.0,0.0,0
9,0,0,0,11,9,1,0,1,23.0,0,Python,2021-2023,1.0,1.1,0.0,11.5,0
11,0,0,0,1,2,1,0,0,0.0,0,Python,2021-2023,1.0,0.33,0.0,0.0,0
13,0,0,0,2,2,1,0,0,0.0,0,Python,2021-2023,1.0,0.67,0.0,0.0,0
15,0,0,0,55,10,1,0,0,0.0,0,Python,2021-2023,1.0,5.0,0.0,0.0,0
12,1,0,0,44,1,3,1,4,4.5,0,Python,2021-2023,1.0,22.0,0.25,1.12,1
16,1,0,0,31,0,1,0,0,0.0,0,Python,2021-2023,1.0,31.0,0.0,0.0,0
9,2,0,0,2,4,1,0,2,4.5,0,Python,2021-2023,1.0,0.4,0.0,2.25,1
10,2,0,0,1,1,1,0,0,0.0,0,Python,2021-2023,1.0,0.5,0.0,0.0,0
12,2,0,0,2,0,1,1,0,0.0,0,Python,2021-2023,1.0,2.0,0.5,0.0,0
12,2,0,0,1,1,1,0,0,0.0,0,Python,2021-2023,1.0,0.5,0.0,0.0,0
18,2,0,0,138,97,42,14,76,7.01,0,Python,2021-2023,1.0,1.41,0.33,0.16,1
18,2,0,0,104,15,6,3,4,3.75,0,Python,2021-2023,1.0,6.5,0.43,0.54,1
18,2,0,0,1,1,1,0,0,0.0,0,Python,2021-2023,1.0,0.5,0.0,0.0,1
18,2,0,0,4,4,1,0,1,5.0,0,Python,2021-2023,1.0,0.8,0.0,2.5,1
18,2,0,0,7,1,2,1,2,13.5,1,Python,2021-2023,0.4,3.5,0.33,4.5,1
10,3,0,0,13,22,8,2,2,8.0,0,Python,2021-2023,1.0,0.57,0.22,0.89,2
13,3,0,0,17,3,2,1,3,9.0,1,Python,2021-2023,0.4,4.25,0.33,3.0,2
15,3,0,0,1,1,1,0,0,0.0,0,Python,2021-2023,1.0,0.5,0.0,0.0,0
10,4,0,0,2,2,1,1,0,0.0,0,Python,2021-2023,1.0,0.67,0.5,0.0,3
10,0,0,0,6,5,2,1,5,35.8,0,Python,2021-2023,1.0,1.0,0.33,11.93,0
15,0,0,0,17,0,5,1,1,1.0,0,Python,2021-2023,1.0,17.0,0.17,0.17,0
15,0,0,0,1,0,1,0,0,0.0,0,Python,2021-2023,1.0,1.0,0.0,0.0,0
15,0,0,0,1,1,1,0,0,0.0,0,Python,2021-2023,1.0,0.5,0.0,0.0,0
15,0,0,0,1,0,1,0,0,0.0,0,Python,2021-2023,1.0,1.0,0.0,0.0,0
17,0,0,0,6,1,2,1,0,0.0,0,Python,2021-2023,1.0,3.0,0.33,0.0,0
17,0,0,0,1,1,1,0,0,0.0,0,Python,2021-2023,1.0,0.5,0.0,0.0,0
18,0,0,0,0,4,4,0,0,0.0,0,Python,2021-2023,1.0,0.0,0.0,0.0,0
19,0,0,0,8,3,2,1,2,1.5,0,Python,2021-2023,1.0,2.0,0.33,0.5,0
10,1,0,0,105,33,3,1,12,8.58,0,Python,2021-2023,1.0,3.09,0.25,2.14,0
17,1,0,0,97,8,3,2,8,2.38,0,Python,2021-2023,1.0,10.78,0.5,0.6,0
19,1,0,0,7,7,2,1,2,2.5,0,Python,2021-2023,1.0,0.88,0.33,0.83,0
9,2,0,0,146,35,13,1,7,7.29,0,Python,2021-2023,1.0,4.06,0.07,0.52,0
17,2,0,0,0,72,1,0,0,0.0,0,Python,2021-2023,1.0,0.0,0.0,0.0,0
22,3,0,1,11,1,1,0,1,110.0,0,Python,2021-2023,1.0,5.5,0.0,55.0,0
23,3,0,1,1,1,1,0,1,110.0,0,Python,2021-2023,1.0,0.5,0.0,55.0,0
12,4,0,0,11,11,7,0,9,3.44,0,Python,2021-2023,1.0,0.92,0.0,0.43,3
10,0,0,0,3,1,1,0,2,3.5,0,Python,2021-2023,1.0,1.5,0.0,1.75,0
11,1,0,0,1,1,1,0,1,1.0,0,Python,2021-2023,1.0,0.5,0.0,0.5,0
11,1,0,0,29,30,17,2,11,5.18,0,Python,2021-2023,1.0,0.94,0.11,0.29,3
11,1,0,0,1,1,1,0,0,0.0,0,Python,2021-2023,1.0,0.5,0.0,0.0,0
17,1,0,0,1,1,1,0,1,3.0,0,Python,2021-2023,1.0,0.5,0.0,1.5,3
13,2,0,0,44,14,3,0,1,13.0,0,Python,2021-2023,1.0,2.93,0.0,3.25,0
13,2,0,0,2,5,1,0,1,19.0,0,Python,2021-2023,1.0,0.33,0.0,9.5,3
9,3,0,0,3,3,2,0,0,0.0,0,Python,2021-2023,1.0,0.75,0.0,0.0,0
12,3,0,0,0,2,1,1,0,0.0,0,Python,2021-2023,1.0,0.0,0.5,0.0,0
12,3,0,0,27,27,1,1,0,0.0,0,Python,2021-2023,1.0,0.96,0.5,0.0,0
12,3,0,0,154,5,4,0,0,0.0,0,Python,2021-2023,1.0,25.67,0.0,0.0,0
16,3,0,0,81,10,3,0,7,4.14,0,Python,2021-2023,1.0,7.36,0.0,1.03,0
17,3,0,0,10,81,3,0,7,4.71,0,Python,2021-2023,1.0,0.12,0.0,1.18,0
17,3,0,0,46,20,2,1,6,5.17,0,Python,2021-2023,1.0,2.19,0.33,1.72,3
17,3,0,0,1,1,1,0,0,0.0,0,Python,2021-2023,1.0,0.5,0.0,0.0,3
17,3,0,0,5,1,3,0,4,2.25,0,Python,2021-2023,1.0,2.5,0.0,0.56,3
18,3,0,0,1,1,1,0,0,0.0,0,Python,2021-2023,1.0,0.5,0.0,0.0,0
8,4,0,0,1,1,1,0,0,0.0,0,Python,2021-2023,1.0,0.5,0.0,0.0,0
8,4,0,0,29,27,2,2,0,0.0,0,Python,2021-2023,1.0,1.04,0.67,0.0,0
9,4,0,0,9,2113,18,1,75,4.61,0,Python,2021-2023,1.0,0.0,0.05,0.24,0
10,4,0,0,1,1,1,0,0,0.0,0,Python,2021-2023,1.0,0.5,0.0,0.0,0
10,4,0,0,8,6,1,0,0,0.0,0,Python,2021-2023,1.0,1.14,0.0,0.0,0
10,4,0,0,6,7,1,0,0,0.0,0,Python,2021-2023,1.0,0.75,0.0,0.0,0
10,4,0,0,1,1,1,0,0,0.0,0,Python,2021-2023,1.0,0.5,0.0,0.0,0
11,4,0,0,40,6,1,0,0,0.0,0,Python,2021-2023,1.0,5.71,0.0,0.0,0
11,4,0,0,1,3,1,0,0,0.0,0,Python,2021-2023,1.0,0.25,0.0,0.0,0
11,4,0,0,1,1,1,0,0,0.0,0,Python,2021-2023,1.0,0.5,0.0,0.0,0
11,4,0,0,1,1,1,0,0,0.0,0,Python,2021-2023,1.0,0.5,0.0,0.0,0
11,4,0,0,1,0,1,0,0,0.0,0,Python,2021-2023,1.0,1.0,0.0,0.0,0
13,4,0,0,10,7,1,0,2,7.5,0,Python,2021-2023,1.0,1.25,0.0,3.75,3
15,4,0,0,3,3,1,0,0,0.0,0,Python,2021-2023,1.0,0.75,0.0,0.0,0
11,1,0,0,5,11,1,0,0,0.0,0,Python,2021-2023,1.0,0.42,0.0,0.0,0
20,1,0,0,81,6,4,1,3,3.67,0,Python,2021-2023,1.0,11.57,0.2,0.73,0
8,2,0,0,4,0,1,0,1,1.0,0,Python,2021-2023,1.0,4.0,0.0,0.5,3
12,2,0,0,33,42,6,1,2,1.5,0,Python,2021-2023,1.0,0.77,0.14,0.21,3
13,2,0,0,1,0,1,0,0,0.0,0,Python,2021-2023,1.0,1.0,0.0,0.0,0
11,3,0,0,1,1,1,0,0,0.0,0,Python,2021-2023,1.0,0.5,0.0,0.0,0
12,3,0,0,5,8,1,0,0,0.0,0,Python,2021-2023,1.0,0.56,0.0,0.0,3
17,3,0,0,20,2,2,1,2,2.5,1,Python,2021-2023,0.1,6.67,0.33,0.83,0
9,4,0,0,2,2,2,0,1,11.0,0,Python,2021-2023,1.0,0.67,0.0,3.67,0
16,4,0,0,3,6,2,1,0,0.0,0,Python,2021-2023,1.0,0.43,0.33,0.0,3
21,4,0,0,13,2,1,1,0,0.0,0,Python,2021-2023,1.0,4.33,0.5,0.0,3
21,4,0,0,3,3,1,1,0,0.0,0,Python,2021-2023,1.0,0.75,0.5,0.0,3
13,5,1,0,14,3,3,1,3,28.0,0,Python,2021-2023,1.0,3.5,0.25,7.0,0
17,0,0,0,3,9,1,0,0,0.0,0,Python,2021-2023,1.0,0.3,0.0,0.0,0
9,1,0,0,4,4,2,0,0,0.0,0,Python,2021-2023,1.0,0.8,0.0,0.0,0
10,1,0,0,2,1,1,1,0,0.0,0,Python,2021-2023,1.0,1.0,0.5,0.0,0
14,1,0,0,0,1,1,0,1,40.0,0,Python,2021-2023,1.0,0.0,0.0,20.0,0
12,2,0,0,849,597,61,2,1,14.0,0,Python,2021-2023,1.0,1.42,0.03,0.23,0
15,2,0,0,1,1,1,0,0,0.0,0,Python,2021-2023,1.0,0.5,0.0,0.0,0
16,2,0,0,2,1,1,0,0,0.0,0,Python,2021-2023,1.0,1.0,0.0,0.0,3
16,2,0,0,2,2,1,0,1,22.0,0,Python,2021-2023,1.0,0.67,0.0,11.0,0
17,2,0,0,74,0,2,1,3,2.67,0,Python,2021-2023,1.0,74.0,0.33,0.89,0
17,2,0,0,67,29,2,1,9,17.0,0,Python,2021-2023,1.0,2.23,0.33,5.67,0
8,3,0,0,36,8,2,1,6,20.5,0,Python,2021-2023,1.0,4.0,0.33,6.83,0
11,3,0,0,2,0,1,0,0,0.0,0,Python,2021-2023,1.0,2.0,0.0,0.0,0
13,3,0,0,1,1,1,0,0,0.0,0,Python,2021-2023,1.0,0.5,0.0,0.0,1
13,3,0,0,4,1,1,0,1,78.0,1,Python,2021-2023,0.4,2.0,0.0,39.0,56
13,3,0,0,33,2,3,2,3,7.33,0,Python,2021-2023,1.0,11.0,0.5,1.83,3
8,4,0,0,1,1,1,0,0,0.0,0,Python,2021-2023,1.0,0.5,0.0,0.0,3
8,4,0,0,33,6,2,1,3,5.67,0,Python,2021-2023,1.0,4.71,0.33,1.89,0
8,4,0,0,551,9,11,3,21,4.67,0,Python,2021-2023,1.0,55.1,0.25,0.39,57
14,4,0,0,3,34,1,0,0,0.0,0,Python,2021-2023,1.0,0.09,0.0,0.0,0
15,4,0,0,3,3,3,0,0,0.0,1,Python,2021-2023,0.4,0.75,0.0,0.0,0
16,4,0,0,3,5,1,0,0,0.0,0,Python,2021-2023,1.0,0.5,0.0,0.0,1
17,4,0,0,1,8,2,1,0,0.0,0,Python,2021-2023,1.0,0.11,0.33,0.0,3
17,4,0,0,145,3,4,1,7,13.29,0,Python,2021-2023,1.0,36.25,0.2,2.66,3
17,4,0,0,9,0,1,1,0,0.0,0,Python,2021-2023,1.0,9.0,0.5,0.0,3
20,4,0,0,868,324,18,2,81,8.05,0,Python,2021-2023,1.0,2.67,0.11,0.42,57
9,0,0,0,1,1,1,0,0,0.0,0,Python,2021-2023,1.0,0.5,0.0,0.0,0
9,0,0,0,5,11,1,0,0,0.0,0,Python,2021-2023,1.0,0.42,0.0,0.0,1
9,0,0,0,1,1,1,0,0,0.0,0,Python,2021-2023,1.0,0.5,0.0,0.0,0
9,0,0,0,19,10,1,0,0,0.0,0,Python,2021-2023,1.0,1.73,0.0,0.0,0
9,0,0,0,2,4,1,0,0,0.0,0,Python,2021-2023,1.0,0.4,0.0,0.0,1
9,0,0,0,1,0,1,0,0,0.0,0,Python,2021-2023,1.0,1.0,0.0,0.0,0
9,0,0,0,1,1,1,0,0,0.0,0,Python,2021-2023,1.0,0.5,0.0,0.0,0
10,0,0,0,2,2,1,0,0,0.0,0,Python,2021-2023,1.0,0.67,0.0,0.0,1
10,0,0,0,14,10,1,0,0,0.0,0,Python,2021-2023,1.0,1.27,0.0,0.0,1
10,0,0,0,48,21,1,0,0,0.0,0,Python,2021-2023,1.0,2.18,0.0,0.0,1
10,0,0,0,91,12,1,0,0,0.0,0,Python,2021-2023,1.0,7.0,0.0,0.0,1
10,0,0,0,14,8,5,1,1,14.0,0,Python,2021-2023,1.0,1.56,0.17,2.33,0
10,0,0,0,35,37,1,0,0,0.0,0,Python,2021-2023,1.0,0.92,0.0,0.0,0
12,0,0,0,1,1,1,0,1,4.0,0,Python,2021-2023,1.0,0.5,0.0,2.0,3
12,0,0,0,192,25,2,1,10,8.3,0,Python,2021-2023,1.0,7.38,0.33,2.77,3
13,0,0,0,86,14,1,0,0,0.0,0,Python,2021-2023,1.0,5.73,0.0,0.0,1
13,0,0,0,1,1,1,0,0,0.0,0,Python,2021-2023,1.0,0.5,0.0,0.0,1
14,0,0,0,2060,56,4,0,1,8.0,0,Python,2021-2023,1.0,36.14,0.0,1.6,0
16,0,0,0,3,28,1,0,2,5.0,0,Python,2021-2023,1.0,0.1,0.0,2.5,0
18,0,0,0,127,1,2,1,3,1.33,1,Python,2021-2023,0.4,63.5,0.33,0.44,57
19,0,0,0,182,0,2,0,0,0.0,0,Python,2021-2023,1.0,182.0,0.0,0.0,3
19,0,0,0,52,5,2,1,3,6.67,0,Python,2021-2023,1.0,8.67,0.33,2.22,58
9,1,0,0,121,25,5,2,10,8.4,0,Python,2021-2023,1.0,4.65,0.33,1.4,58
12,1,0,0,1,1,1,0,0,0.0,0,Python,2021-2023,1.0,0.5,0.0,0.0,1
13,1,0,0,28,0,1,1,1,5.0,0,Python,2021-2023,1.0,28.0,0.5,2.5,0
13,1,0,0,6116,2281,284,0,805,14.86,0,Python,2021-2023,1.0,2.68,0.0,0.05,1
13,1,0,0,2,2,1,0,0,0.0,0,Python,2021-2023,1.0,0.67,0.0,0.0,1
13,1,0,0,3,5,1,0,0,0.0,0,Python,2021-2023,1.0,0.5,0.0,0.0,1
17,1,0,0,164,75,4,1,18,8.78,0,Python,2021-2023,1.0,2.16,0.2,1.76,58
17,1,0,0,1,1,1,0,1,13.0,0,Python,2021-2023,1.0,0.5,0.0,6.5,58
18,1,0,0,9,4,2,0,0,0.0,0,Python,2021-2023,1.0,1.8,0.0,0.0,58
13,2,0,0,0,1,1,0,0,0.0,0,Python,2021-2023,1.0,0.0,0.0,0.0,0
16,2,0,0,27,0,1,0,0,0.0,0,Python,2021-2023,1.0,27.0,0.0,0.0,0
16,3,0,0,10,2,1,0,1,121.0,0,Python,2021-2023,1.0,3.33,0.0,60.5,1
16,3,0,0,1,0,1,0,0,0.0,0,Python,2021-2023,1.0,1.0,0.0,0.0,1
10,4,0,0,1,1,1,0,0,0.0,0,Python,2021-2023,1.0,0.5,0.0,0.0,1
12,4,0,0,25,1,1,0,2,1.0,0,Python,2021-2023,1.0,12.5,0.0,0.5,0
14,4,0,0,3,2,1,0,1,121.0,0,Python,2021-2023,1.0,1.0,0.0,60.5,1
15,4,0,0,0,2,1,0,0,0.0,0,Python,2021-2023,1.0,0.0,0.0,0.0,0
9,0,0,0,133,7,4,1,4,3.0,0,Python,2021-2023,1.0,16.62,0.2,0.6,0
10,0,0,0,200,1,4,1,4,3.75,0,Python,2021-2023,1.0,100.0,0.2,0.75,0
10,0,0,0,25,0,1,0,0,0.0,0,Python,2021-2023,1.0,25.0,0.0,0.0,0
14,0,0,0,172,8,5,1,8,4.0,0,Python,2021-2023,1.0,19.11,0.17,0.67,0
18,0,0,0,6,0,1,0,1,124.0,0,Python,2021-2023,1.0,6.0,0.0,62.0,1
10,1,0,0,1,1,1,0,0,0.0,0,Python,2021-2023,1.0,0.5,0.0,0.0,1
15,1,0,0,425,16,12,0,3,22.0,0,Python,2021-2023,1.0,25.0,0.0,1.69,0
21,1,0,0,1,0,1,0,1,24.0,0,Python,2021-2023,1.0,1.0,0.0,12.0,0
21,1,0,0,3,7,1,0,1,122.0,0,Python,2021-2023,1.0,0.38,0.0,61.0,1
8,2,0,0,1,1,1,0,1,12.0,0,Python,2021-2023,1.0,0.5,0.0,6.0,0
8,2,0,0,74,2,3,0,1,2.0,0,Python,2021-2023,1.0,24.67,0.0,0.5,0
9,2,0,0,1,1,1,0,0,0.0,0,Python,2021-2023,1.0,0.5,0.0,0.0,0
14,2,0,0,126,20,1,0,0,0.0,0,Python,2021-2023,1.0,6.0,0.0,0.0,1
14,2,0,0,2,3,1,0,0,0.0,0,Python,2021-2023,1.0,0.5,0.0,0.0,1
15,2,0,0,38,5,1,0,0,0.0,0,Python,2021-2023,1.0,6.33,0.0,0.0,1
16,2,0,0,1,1,1,0,0,0.0,0,Python,2021-2023,1.0,0.5,0.0,0.0,0
16,2,0,0,3,11,1,0,3,1.33,0,Python,2021-2023,1.0,0.25,0.0,0.66,0
8,3,0,0,1,1,1,0,0,0.0,0,Python,2021-2023,1.0,0.5,0.0,0.0,0
10,4,0,0,4,4,3,1,3,7.0,0,Python,2021-2023,1.0,0.8,0.25,1.75,0
12,0,0,0,3,0,1,0,0,0.0,0,Python,2021-2023,1.0,3.0,0.0,0.0,0
14,0,0,0,1,1,1,0,0,0.0,0,Python,2021-2023,1.0,0.5,0.0,0.0,3
14,0,0,0,1,1,1,0,0,0.0,0,Python,2021-2023,1.0,0.5,0.0,0.0,0
11,1,0,0,54,20,7,3,0,0.0,0,Python,2021-2023,1.0,2.57,0.38,0.0,0
12,1,0,0,11,5,2,0,0,0.0,0,Python,2021-2023,1.0,1.83,0.0,0.0,0
15,1,0,0,1,1,1,0,0,0.0,0,Python,2021-2023,1.0,0.5,0.0,0.0,0
10,2,0,0,6,0,2,1,3,3.67,0,Python,2021-2023,1.0,6.0,0.33,1.22,3
11,3,0,0,1,1,1,0,0,0.0,0,Python,2021-2023,1.0,0.5,0.0,0.0,0
14,3,0,0,15,12,5,0,66,4.24,0,Python,2021-2023,1.0,1.15,0.0,0.71,1
14,3,0,0,10,3,1,0,0,0.0,0,Python,2021-2023,1.0,2.5,0.0,0.0,1
10,4,0,0,2,2,2,0,0,0.0,0,Python,2021-2023,1.0,0.67,0.0,0.0,0
12,4,0,0,12,12,5,0,66,4.24,0,Python,2021-2023,1.0,0.92,0.0,0.71,1
13,4,0,0,4,4,3,0,0,0.0,0,Python,2021-2023,1.0,0.8,0.0,0.0,0
14,4,0,0,1,1,1,0,0,0.0,0,Python,2021-2023,1.0,0.5,0.0,0.0,1
15,4,0,0,12,9,5,0,0,0.0,0,Python,2021-2023,1.0,1.2,0.0,0.0,1
15,4,0,0,3,0,1,0,0,0.0,0,Python,2021-2023,1.0,3.0,0.0,0.0,0
16,4,0,0,6,6,4,0,0,0.0,0,Python,2021-2023,1.0,0.86,0.0,0.0,1
17,4,0,0,1,0,1,0,0,0.0,0,Python,2021-2023,1.0,1.0,0.0,0.0,1
16,6,1,0,35,1,2,1,2,64.5,0,Python,2021-2023,1.0,17.5,0.33,21.5,0
16,0,0,0,25,0,1,0,0,0.0,0,Python,2021-2023,1.0,25.0,0.0,0.0,0
1,1,0,1,6,5,2,1,3,43.67,0,Python,2021-2023,1.0,1.0,0.33,14.56,0
10,1,0,0,9,9,2,1,2,64.0,0,Python,2021-2023,1.0,0.9,0.33,21.33,0
11,1,0,0,4,0,1,0,0,0.0,0,Python,2021-2023,1.0,4.0,0.0,0.0,0
11,1,0,0,1,1,1,1,1,1.0,0,Python,2021-2023,1.0,0.5,0.5,0.5,0
8,2,0,0,137,134,41,7,73,13.81,0,Python,2021-2023,1.0,1.01,0.17,0.33,3
8,2,0,0,5,2,1,0,1,51.0,1,Python,2021-2023,0.4,1.67,0.0,25.5,58
12,2,0,0,9,9,5,0,0,0.0,0,Python,2021-2023,1.0,0.9,0.0,0.0,1
12,2,0,0,35,82,7,0,12,12.17,0,Python,2021-2023,1.0,0.42,0.0,1.52,3
12,2,0,0,30,0,2,1,2,8.0,0,Python,2021-2023,1.0,30.0,0.33,2.67,3
12,2,0,0,18,4,1,0,3,30.67,0,Python,2021-2023,1.0,3.6,0.0,15.34,3
15,2,0,0,6,6,4,0,0,0.0,0,Python,2021-2023,1.0,0.86,0.0,0.0,1
16,2,0,0,13,6,3,1,3,7.33,1,Python,2021-2023,0.4,1.86,0.25,1.83,3
16,2,0,0,4,0,1,0,1,62.0,0,Python,2021-2023,1.0,4.0,0.0,31.0,0
16,2,0,0,105,6,4,1,3,4.67,0,Python,2021-2023,1.0,15.0,0.2,0.93,4
17,2,0,0,3,3,2,0,0,0.0,0,Python,2021-2023,1.0,0.75,0.0,0.0,0
17,2,0,0,4,8,3,1,0,0.0,0,Python,2021-2023,1.0,0.44,0.25,0.0,0
18,2,0,0,86,3,2,0,0,0.0,0,Python,2021-2023,1.0,21.5,0.0,0.0,4
15,3,0,0,41,3,2,1,4,33.75,0,Python,2021-2023,1.0,10.25,0.33,11.25,0
15,3,0,0,2,0,1,0,0,0.0,0,Python,2021-2023,1.0,2.0,0.0,0.0,0
16,4,0,0,25,2,1,0,2,1.0,0,Python,2021-2023,1.0,8.33,0.0,0.5,0
20,4,0,0,3,2,1,0,0,0.0,0,Python,2021-2023,1.0,1.0,0.0,0.0,0
8,5,1,0,1,1,1,0,0,0.0,0,Python,2021-2023,1.0,0.5,0.0,0.0,0
10,0,0,0,3,3,2,0,1,2.0,0,Python,2021-2023,1.0,0.75,0.0,0.67,1
16,0,0,0,4,6,1,0,2,1.0,0,Python,2021-2023,1.0,0.57,0.0,0.5,0
9,1,0,0,14,0,3,1,1,1.0,0,Python,2021-2023,1.0,14.0,0.25,0.25,0
10,1,0,0,9,2,2,0,1,1.0,0,Python,2021-2023,1.0,3.0,0.0,0.33,0
10,3,0,0,1,1,1,0,0,0.0,0,Python,2021-2023,1.0,0.5,0.0,0.0,0
9,0,0,0,1,1,1,0,1,51.0,1,Python,2021-2023,0.4,0.5,0.0,25.5,0
11,0,0,0,22,5,2,2,5,2.0,0,Python,2021-2023,1.0,3.67,0.67,0.67,0
13,0,0,0,2,2,1,0,1,3.0,0,Python,2021-2023,1.0,0.67,0.0,1.5,59
22,0,0,1,2,8,2,0,2,10.0,0,Python,2021-2023,1.0,0.22,0.0,3.33,59
11,1,0,0,1,1,1,0,0,0.0,0,Python,2021-2023,1.0,0.5,0.0,0.0,0
17,1,0,0,919,7,4,0,0,0.0,0,Python,2021-2023,1.0,114.88,0.0,0.0,0
11,2,0,0,6,0,1,0,0,0.0,0,Python,2021-2023,1.0,6.0,0.0,0.0,0
11,2,0,0,11,11,1,0,0,0.0,0,Python,2021-2023,1.0,0.92,0.0,0.0,0
11,4,0,0,3,3,1,0,0,0.0,0,Python,2021-2023,1.0,0.75,0.0,0.0,0
13,4,0,0,11,10,1,0,0,0.0,0,Python,2021-2023,1.0,1.0,0.0,0.0,0
9,0,0,0,1,1,1,0,0,0.0,0,Python,2021-2023,1.0,0.5,0.0,0.0,0
10,1,0,0,2,1,2,0,1,7.0,0,Python,2021-2023,1.0,1.0,0.0,2.33,4
10,1,0,0,2,1,1,1,1,2.0,0,Python,2021-2023,1.0,1.0,0.5,1.0,0
9,2,0,0,130,8,9,6,5,3.8,0,Python,2021-2023,1.0,14.44,0.6,0.38,4
9,2,0,0,15,13,8,0,18,12.78,0,Python,2021-2023,1.0,1.07,0.0,1.42,4
16,2,0,0,11,10,1,0,0,0.0,0,Python,2021-2023,1.0,1.0,0.0,0.0,0
10,4,0,0,595,884,2,0,0,0.0,0,Python,2021-2023,1.0,0.67,0.0,0.0,0
10,4,0,0,4660,133,118,0,312,7.94,0,Python,2021-2023,1.0,34.78,0.0,0.07,1
11,4,0,0,10,14,1,0,0,0.0,0,Python,2021-2023,1.0,0.67,0.0,0.0,0
12,4,0,0,7,7,1,0,0,0.0,0,Python,2021-2023,1.0,0.88,0.0,0.0,1
12,4,0,0,2,2,1,0,0,0.0,0,Python,2021-2023,1.0,0.67,0.0,0.0,1
13,4,0,0,1,1,1,0,0,0.0,0,Python,2021-2023,1.0,0.5,0.0,0.0,1
13,4,0,0,0,1,1,0,0,0.0,0,Python,2021-2023,1.0,0.0,0.0,0.0,4
9,1,0,0,95,25,9,2,13,4.31,0,Python,2021-2023,1.0,3.65,0.2,0.43,4
10,1,0,0,6,0,1,0,0,0.0,0,Python,2021-2023,1.0,6.0,0.0,0.0,1
10,1,0,0,15,0,1,0,0,0.0,0,Python,2021-2023,1.0,15.0,0.0,0.0,1
10,1,0,0,1,5,1,0,0,0.0,0,Python,2021-2023,1.0,0.17,0.0,0.0,1
10,1,0,0,1,1,1,0,0,0.0,0,Python,2021-2023,1.0,0.5,0.0,0.0,1
13,2,0,0,4,0,1,1,0,0.0,0,Python,2021-2023,1.0,4.0,0.5,0.0,0
13,2,0,0,2,2,1,0,0,0.0,0,Python,2021-2023,1.0,0.67,0.0,0.0,0
16,2,0,0,6,0,1,1,0,0.0,0,Python,2021-2023,1.0,6.0,0.5,0.0,4
20,3,0,0,923,145,19,6,44,4.8,0,Python,2021-2023,1.0,6.32,0.3,0.24,4
20,3,0,0,38,4,5,1,6,5.17,0,Python,2021-2023,1.0,7.6,0.17,0.86,0
10,4,0,0,9,9,5,0,0,0.0,0,Python,2021-2023,1.0,0.9,0.0,0.0,1
11,4,0,0,6,6,4,0,0,0.0,0,Python,2021-2023,1.0,0.86,0.0,0.0,1
12,4,0,0,1,1,1,0,0,0.0,0,Python,2021-2023,1.0,0.5,0.0,0.0,1
12,4,0,0,1,0,1,0,0,0.0,0,Python,2021-2023,1.0,1.0,0.0,0.0,1
12,4,0,0,0,1,1,0,0,0.0,0,Python,2021-2023,1.0,0.0,0.0,0.0,1
14,4,0,0,41,362,108,32,11,6.18,0,Python,2021-2023,1.0,0.11,0.29,0.06,1
14,4,0,0,1,1,1,0,1,1.0,0,Python,2021-2023,1.0,0.5,0.0,0.5,0
14,4,0,0,0,3,1,0,0,0.0,0,Python,2021-2023,1.0,0.0,0.0,0.0,0
13,5,1,0,3,4,3,0,1,61.0,1,Python,2021-2023,0.4,0.6,0.0,15.25,4
13,6,1,0,53,43,3,3,2,4.0,0,Python,2021-2023,1.0,1.2,0.75,1.0,5
8,0,0,0,35,1,6,3,3,2.0,0,Python,2021-2023,1.0,17.5,0.43,0.29,1
10,0,0,0,1311,6,16,3,40,1.9,0,Python,2021-2023,1.0,187.29,0.18,0.11,4
22,0,0,1,1,1,1,0,0,0.0,0,Python,2021-2023,1.0,0.5,0.0,0.0,0
10,1,0,0,5,10,3,0,0,0.0,0,Python,2021-2023,1.0,0.45,0.0,0.0,5
11,1,0,0,1,1,1,0,0,0.0,1,Python,2021-2023,0.4,0.5,0.0,0.0,0
8,3,0,0,8,2,2,1,2,3.5,0,Python,2021-2023,1.0,2.67,0.33,1.17,5
9,3,0,0,26,15,5,2,14,3.5,0,Python,2021-2023,1.0,1.62,0.33,0.58,5
11,3,0,0,34,34,1,0,0,0.0,0,Python,2021-2023,1.0,0.97,0.0,0.0,0
13,3,0,0,9,7,1,0,3,25.33,0,Python,2021-2023,1.0,1.12,0.0,12.66,5
9,4,0,0,2,1,1,0,0,0.0,0,Python,2021-2023,1.0,1.0,0.0,0.0,1
11,0,0,0,4,1,2,0,1,1.0,0,Python,2021-2023,1.0,2.0,0.0,0.33,0
11,0,0,0,2,2,1,0,2,11.5,0,Python,2021-2023,1.0,0.67,0.0,5.75,0
11,0,0,0,1,1,1,0,0,0.0,0,Python,2021-2023,1.0,0.5,0.0,0.0,0
13,0,0,0,29,10,5,1,6,16.5,0,Python,2021-2023,1.0,2.64,0.17,2.75,59
14,0,0,0,10,17,6,1,0,0.0,0,Python,2021-2023,1.0,0.56,0.14,0.0,0
18,0,0,0,6,15,1,1,0,0.0,0,Python,2021-2023,1.0,0.38,0.5,0.0,5
18,0,0,0,29,29,1,0,0,0.0,0,Python,2021-2023,1.0,0.97,0.0,0.0,0
8,1,0,0,5,5,2,1,0,0.0,0,Python,2021-2023,1.0,0.83,0.33,0.0,5
18,1,0,0,515,19,4,1,26,13.62,0,Python,2021-2023,1.0,25.75,0.2,2.72,59
11,3,0,0,31,0,1,0,0,0.0,0,Python,2021-2023,1.0,31.0,0.0,0.0,0
11,3,0,0,10,1,2,1,2,1.0,0,Python,2021-2023,1.0,5.0,0.33,0.33,0
17,3,0,0,4,1,1,0,1,3.0,0,Python,2021-2023,1.0,2.0,0.0,1.5,0
17,3,0,0,23,1,23,0,0,0.0,0,Python,2021-2023,1.0,11.5,0.0,0.0,0
17,3,0,0,1,0,1,0,0,0.0,0,Python,2021-2023,1.0,1.0,0.0,0.0,0
17,3,0,0,22,24,24,0,0,0.0,0,Python,2021-2023,1.0,0.88,0.0,0.0,0
17,3,0,0,2,1,2,1,0,0.0,0,Python,2021-2023,1.0,1.0,0.33,0.0,0
17,3,0,0,6,4,4,0,4,5.75,0,Python,2021-2023,1.0,1.2,0.0,1.15,0
17,3,0,0,1,1,1,1,0,0.0,0,Python,2021-2023,1.0,0.5,0.5,0.0,0
21,3,0,0,1,1,1,0,0,0.0,0,Python,2021-2023,1.0,0.5,0.0,0.0,0
8,4,0,0,1,1,1,0,0,0.0,0,Python,2021-2023,1.0,0.5,0.0,0.0,0
18,6,1,0,27,29,2,2,0,0.0,0,Python,2021-2023,1.0,0.9,0.67,0.0,0
21,6,1,0,145,4,4,0,0,0.0,0,Python,2021-2023,1.0,29.0,0.0,0.0,0
11,0,0,0,4,1,2,0,2,27.0,0,Python,2021-2023,1.0,2.0,0.0,9.0,5
11,0,0,0,48,1,2,1,4,2.5,0,Python,2021-2023,1.0,24.0,0.33,0.83,5
12,0,0,0,1,1,1,0,0,0.0,0,Python,2021-2023,1.0,0.5,0.0,0.0,0
8,1,0,0,174,201,51,14,96,12.94,0,Python,2021-2023,1.0,0.86,0.27,0.25,5
9,1,0,0,1,1,1,0,0,0.0,0,Python,2021-2023,1.0,0.5,0.0,0.0,5
17,1,0,0,1,1,1,0,1,33.0,0,Python,2021-2023,1.0,0.5,0.0,16.5,59
9,2,0,0,30,14,5,0,0,0.0,0,Python,2021-2023,1.0,2.0,0.0,0.0,5
12,2,0,0,21,10,6,0,3,9.67,0,Python,2021-2023,1.0,1.91,0.0,1.38,0
12,2,0,0,1,10,2,1,2,1.0,0,Python,2021-2023,1.0,0.09,0.33,0.33,0
18,2,0,0,1,1,1,0,0,0.0,0,Python,2021-2023,1.0,0.5,0.0,0.0,0
8,3,0,0,162,109,1,0,0,0.0,0,Python,2021-2023,1.0,1.47,0.0,0.0,0
8,3,0,0,6,12,5,0,0,0.0,0,Python,2021-2023,1.0,0.46,0.0,0.0,0
8,3,0,0,10,2,2,0,0,0.0,0,Python,2021-2023,1.0,3.33,0.0,0.0,0
13,3,0,0,53,33,2,0,0,0.0,0,Python,2021-2023,1.0,1.56,0.0,0.0,0
14,3,0,0,4,2,2,0,0,0.0,0,Python,2021-2023,1.0,1.33,0.0,0.0,0
18,3,0,0,17,6,2,1,1,5.0,0,Python,2021-2023,1.0,2.43,0.33,1.67,5
14,4,0,0,273,570,20,0,2,1.0,0,Python,2021-2023,1.0,0.48,0.0,0.05,0
14,4,0,0,4,9,2,0,0,0.0,0,Python,2021-2023,1.0,0.4,0.0,0.0,0
22,5,1,1,9,5,2,1,0,0.0,0,Python,2021-2023,1.0,1.5,0.33,0.0,5
15,0,0,0,72,4,4,2,7,9.86,1,Python,2021-2023,0.4,14.4,0.4,1.97,1
15,1,0,0,24,2,11,1,1,1.0,0,Python,2021-2023,1.0,8.0,0.08,0.08,0
10,2,0,0,69,267,15,7,36,11.33,0,Python,2021-2023,1.0,0.26,0.44,0.71,5
12,2,0,0,19,0,1,0,0,0.0,0,Python,2021-2023,1.0,19.0,0.0,0.0,0
12,2,0,0,5,4,1,0,1,68.0,1,Python,2021-2023,0.4,1.0,0.0,34.0,5
14,2,0,0,47,25,7,3,3,7.0,0,Python,2021-2023,1.0,1.81,0.38,0.88,6
14,2,0,0,22,13,5,4,14,1.57,1,Python,2021-2023,0.4,1.57,0.67,0.26,6
14,2,0,0,11,11,6,1,2,13.5,0,Python,2021-2023,1.0,0.92,0.14,1.93,7
18,2,0,0,33,25,4,1,6,11.5,0,Python,2021-2023,1.0,1.27,0.2,2.3,7
21,2,0,0,27,4,3,1,3,25.33,0,Python,2021-2023,1.0,5.4,0.25,6.33,0
9,3,0,0,1,1,1,0,0,0.0,0,Python,2021-2023,1.0,0.5,0.0,0.0,1
11,3,0,0,35,6,5,2,2,1.0,0,Python,2021-2023,1.0,5.0,0.33,0.17,0
18,3,0,0,30,11,2,1,5,3.4,0,Python,2021-2023,1.0,2.5,0.33,1.13,7
1,4,0,1,1,0,1,0,0,0.0,0,Python,2021-2023,1.0,1.0,0.0,0.0,0
10,4,0,0,90,90,42,18,75,9.75,1,Python,2021-2023,0.006,0.99,0.42,0.23,7
14,4,0,0,1,1,1,0,1,1.0,0,Python,2021-2023,1.0,0.5,0.0,0.5,1
19,4,0,0,1729,1130,262,133,36,12.47,0,Python,2021-2023,1.0,1.53,0.51,0.05,8
8,5,1,0,6,6,5,0,0,0.0,0,Python,2021-2023,1.0,0.86,0.0,0.0,1
10,0,0,0,36,2,5,0,0,0.0,0,Python,2021-2023,1.0,12.0,0.0,0.0,0
12,0,0,0,4,190,7,2,22,4.09,0,Python,2021-2023,1.0,0.02,0.25,0.51,8
12,0,0,0,373,133,58,9,228,8.59,1,Python,2021-2023,0.4,2.78,0.15,0.15,8
12,0,0,0,12,16,5,1,0,0.0,0,Python,2021-2023,1.0,0.71,0.17,0.0,9
12,0,0,0,10,9,1,0,1,5.0,1,Python,2021-2023,0.4,1.0,0.0,2.5,9
12,0,0,0,65,4,4,2,6,2.33,1,Python,2021-2023,0.4,13.0,0.4,0.47,10
12,0,0,0,3,3,3,0,0,0.0,0,Python,2021-2023,1.0,0.75,0.0,0.0,1
14,0,0,0,485,55,5,2,26,3.27,0,Python,2021-2023,1.0,8.66,0.33,0.55,0
15,0,0,0,1,1,1,0,0,0.0,0,Python,2021-2023,1.0,0.5,0.0,0.0,0
18,0,0,0,51,49,9,3,8,1.75,0,Python,2021-2023,1.0,1.02,0.3,0.18,11
9,1,0,0,27,25,8,0,7,15.86,0,Python,2021-2023,1.0,1.04,0.0,1.76,11
20,1,0,0,58,4,3,1,4,5.0,0,Python,2021-2023,1.0,11.6,0.25,1.25,11
12,2,0,0,23,7,3,0,3,29.67,1,Python,2021-2023,0.667,2.88,0.0,7.42,11
16,2,0,0,8,12,2,0,3,9.67,0,Python,2021-2023,1.0,0.62,0.0,3.22,59
16,2,0,0,194,0,2,0,0,0.0,0,Python,2021-2023,1.0,194.0,0.0,0.0,12
15,4,0,0,197,11,14,0,80,8.22,0,Python,2021-2023,1.0,16.42,0.0,0.55,1
15,4,0,0,9,0,1,0,0,0.0,0,Python,2021-2023,1.0,9.0,0.0,0.0,1
16,4,0,0,17,0,1,0,0,0.0,0,Python,2021-2023,1.0,17.0,0.0,0.0,1
16,4,0,0,1,1,1,0,0,0.0,0,Python,2021-2023,1.0,0.5,0.0,0.0,1
17,4,0,0,2,0,1,0,0,0.0,0,Python,2021-2023,1.0,2.0,0.0,0.0,1
11,0,0,0,1,1,1,0,0,0.0,0,Python,2021-2023,1.0,0.5,0.0,0.0,0
9,1,0,0,19,3,2,1,4,18.75,0,Python,2021-2023,1.0,4.75,0.33,6.25,12
14,2,0,0,7,14,3,1,0,0.0,0,Python,2021-2023,1.0,0.47,0.25,0.0,12
14,2,0,0,9,9,5,0,0,0.0,0,Python,2021-2023,1.0,0.9,0.0,0.0,0
15,2,0,0,6,6,4,0,0,0.0,0,Python,2021-2023,1.0,0.86,0.0,0.0,0
9,4,0,0,2,0,1,0,0,0.0,0,Python,2021-2023,1.0,2.0,0.0,0.0,0
10,4,0,0,1,1,1,0,0,0.0,0,Python,2021-2023,1.0,0.5,0.0,0.0,0
17,0,0,0,14,0,1,0,0,0.0,0,Python,2021-2023,1.0,14.0,0.0,0.0,0
13,1,0,0,5,0,1,0,0,0.0,0,Python,2021-2023,1.0,5.0,0.0,0.0,0
13,1,0,0,2,1,1,0,0,0.0,0,Python,2021-2023,1.0,1.0,0.0,0.0,0
21,1,0,0,6,4,1,0,0,0.0,0,Python,2021-2023,1.0,1.2,0.0,0.0,0
22,1,0,1,14,9,1,0,0,0.0,0,Python,2021-2023,1.0,1.4,0.0,0.0,0
11,3,0,0,14,21,3,1,9,1.11,1,Python,2021-2023,0.4,0.64,0.25,0.28,12
11,3,0,0,3,22,2,1,4,11.5,0,Python,2021-2023,1.0,0.13,0.33,3.83,59
12,3,0,0,51,10,2,1,3,4.33,0,Python,2021-2023,1.0,4.64,0.33,1.44,0
10,4,0,0,11,2,3,1,2,4.5,0,Python,2021-2023,1.0,3.67,0.25,1.12,13
15,4,0,0,3,1,1,1,0,0.0,0,Python,2021-2023,1.0,1.5,0.5,0.0,0
11,5,1,0,7,2,2,0,1,7.0,0,Python,2021-2023,1.0,2.33,0.0,2.33,0
15,5,1,0,208,135,5,1,15,2.6,1,Python,2021-2023,0.4,1.53,0.17,0.43,13
8,0,0,0,180,4,3,0,2,4.0,0,Python,2021-2023,1.0,36.0,0.0,1.0,0
9,0,0,0,4,3,1,0,2,5.5,0,Python,2021-2023,1.0,1.0,0.0,2.75,14
11,0,0,0,0,3,1,1,0,0.0,0,Python,2021-2023,1.0,0.0,0.5,0.0,0
12,0,0,0,41,20,4,1,1,1.0,0,Python,2021-2023,1.0,1.95,0.2,0.2,14
17,0,0,0,26,4,2,1,2,3.0,0,Python,2021-2023,1.0,5.2,0.33,1.0,0
14,2,0,0,1,1,1,0,1,24.0,0,Python,2021-2023,1.0,0.5,0.0,12.0,0
17,2,0,0,4,2,1,0,0,0.0,0,Python,2021-2023,1.0,1.33,0.0,0.0,0
17,2,0,0,55,8,2,0,3,15.0,0,Python,2021-2023,1.0,6.11,0.0,5.0,0
17,2,0,0,2,0,1,0,0,0.0,0,Python,2021-2023,1.0,2.0,0.0,0.0,0
19,2,0,0,60,0,2,0,0,0.0,0,Python,2021-2023,1.0,60.0,0.0,0.0,14
8,4,0,0,53,8,3,0,3,5.0,0,Python,2021-2023,1.0,5.89,0.0,1.25,0
11,4,0,0,1,1,1,0,0,0.0,0,Python,2021-2023,1.0,0.5,0.0,0.0,0
17,4,0,0,1,0,1,0,0,0.0,0,Python,2021-2023,1.0,1.0,0.0,0.0,0
17,1,0,0,4,4,4,3,0,0.0,0,Python,2021-2023,1.0,0.8,0.6,0.0,14
11,3,0,0,2,2,1,1,1,1.0,0,Python,2021-2023,1.0,0.67,0.5,0.5,14
16,3,0,0,34,9,1,0,3,15.0,0,Python,2021-2023,1.0,3.4,0.0,7.5,0
7,4,0,0,21,1,2,1,2,54.5,0,Python,2021-2023,1.0,10.5,0.33,18.17,0
9,4,0,0,17,0,1,0,0,0.0,0,Python,2021-2023,1.0,17.0,0.0,0.0,0
13,4,0,0,77,56,10,3,3,3.0,0,Python,2021-2023,1.0,1.35,0.27,0.27,14
15,4,0,0,2,1,1,0,0,0.0,0,Python,2021-2023,1.0,1.0,0.0,0.0,0
19,4,0,0,1,26,2,1,1,5.0,0,Python,2021-2023,1.0,0.04,0.33,1.67,14
11,5,1,0,1,0,1,0,0,0.0,0,Python,2021-2023,1.0,1.0,0.0,0.0,14
14,6,1,0,26,1,2,1,1,5.0,0,Python,2021-2023,1.0,13.0,0.33,1.67,14
7,0,0,0,529,0,12,3,4,2.0,0,Python,2021-2023,1.0,529.0,0.23,0.15,0
14,0,0,0,6,0,2,0,0,0.0,0,Python,2021-2023,1.0,6.0,0.0,0.0,0
17,0,0,0,7,2,2,0,0,0.0,0,Python,2021-2023,1.0,2.33,0.0,0.0,14
10,1,0,0,50,50,24,0,35,8.6,1,Python,2021-2023,0.4,0.98,0.0,0.34,14
19,1,0,0,18,3,2,1,2,13.0,0,Python,2021-2023,1.0,4.5,0.33,4.33,15
9,2,0,0,250,247,7,4,101,1.36,0,Python,2021-2023,1.0,1.01,0.5,0.17,15
12,2,0,0,1,0,1,0,0,0.0,0,Python,2021-2023,1.0,1.0,0.0,0.0,0
19,2,0,0,2,1,2,0,0,0.0,1,Python,2021-2023,0.4,1.0,0.0,0.0,15
20,2,0,0,3,1,1,0,1,21.0,0,Python,2021-2023,1.0,1.5,0.0,10.5,0
20,2,0,0,8,0,1,1,1,1.0,0,Python,2021-2023,1.0,8.0,0.5,0.5,0
21,2,0,0,1,1,1,1,1,1.0,0,Python,2021-2023,1.0,0.5,0.5,0.5,0
9,3,0,0,41,0,2,0,0,0.0,0,Python,2021-2023,1.0,41.0,0.0,0.0,16
9,3,0,0,1,0,1,0,0,0.0,0,Python,2021-2023,1.0,1.0,0.0,0.0,0
11,3,0,0,12,85,3,1,2,27.5,1,Python,2021-2023,0.4,0.14,0.25,6.88,16
22,0,0,1,5,1,1,0,1,127.0,0,Python,2021-2023,1.0,2.5,0.0,63.5,0
22,1,0,1,13,3,2,1,3,1.67,0,Python,2021-2023,1.0,3.25,0.33,0.56,0
23,1,0,1,6,6,1,1,1,2.0,0,Python,2021-2023,1.0,0.86,0.5,1.0,0
8,2,0,0,3,2,1,0,1,10.0,0,Python,2021-2023,1.0,1.0,0.0,5.0,0
9,2,0,0,144,50,13,4,7,1.71,0,Python,2021-2023,1.0,2.82,0.29,0.12,0
11,2,0,0,4,4,1,0,0,0.0,1,Python,2021-2023,0.4,0.8,0.0,0.0,2
17,3,0,0,9,9,3,0,4,29.5,0,Python,2021-2023,1.0,0.9,0.0,7.38,0
17,3,0,0,2,2,2,0,0,0.0,0,Python,2021-2023,1.0,0.67,0.0,0.0,0
16,4,0,0,1,0,1,0,0,0.0,0,Python,2021-2023,1.0,1.0,0.0,0.0,0
15,0,0,0,37,8,3,0,0,0.0,0,Python,2021-2023,1.0,4.11,0.0,0.0,0
15,0,0,0,168,1,2,0,0,0.0,0,Python,2021-2023,1.0,84.0,0.0,0.0,0
12,1,0,0,9,8,1,0,0,0.0,0,Python,2021-2023,1.0,1.0,0.0,0.0,0
13,1,0,0,1,1,1,0,1,3.0,0,Python,2021-2023,1.0,0.5,0.0,1.5,17
15,2,0,0,25,2,2,1,3,11.67,0,Python,2021-2023,1.0,8.33,0.33,3.89,17
13,0,0,0,19,5,2,1,3,30.33,0,Python,2021-2023,1.0,3.17,0.33,10.11,17
13,0,0,0,2,2,2,0,0,0.0,1,Python,2021-2023,0.4,0.67,0.0,0.0,0
15,0,0,0,1,0,1,0,0,0.0,0,Python,2021-2023,1.0,1.0,0.0,0.0,0
15,0,0,0,1,2,1,0,0,0.0,0,Python,2021-2023,1.0,0.33,0.0,0.0,0
17,0,0,0,61,0,1,0,0,0.0,0,Python,2021-2023,1.0,61.0,0.0,0.0,0
17,0,0,0,53,1,1,0,0,0.0,0,Python,2021-2023,1.0,26.5,0.0,0.0,0
10,1,0,0,1,2,1,0,0,0.0,0,Python,2021-2023,1.0,0.33,0.0,0.0,0
10,1,0,0,43,8,3,1,7,1.57,1,Python,2021-2023,0.4,4.78,0.25,0.39,3
10,1,0,0,5,2,2,0,2,5.5,0,Python,2021-2023,1.0,1.67,0.0,1.83,0
14,3,0,0,11,11,4,0,0,0.0,0,Python,2021-2023,1.0,0.92,0.0,0.0,1
15,3,0,0,1,1,1,0,0,0.0,0,Python,2021-2023,1.0,0.5,0.0,0.0,1
17,3,0,0,1,1,1,0,0,0.0,0,Python,2021-2023,1.0,0.5,0.0,0.0,17
17,3,0,0,13,1,1,0,0,0.0,0,Python,2021-2023,1.0,6.5,0.0,0.0,0
13,4,0,0,57,6,5,2,6,6.83,0,Python,2021-2023,1.0,8.14,0.33,1.14,17
10,5,1,0,29,3,1,1,0,0.0,0,Python,2021-2023,1.0,7.25,0.5,0.0,17
11,5,1,0,33,27,1,1,0,0.0,0,Python,2021-2023,1.0,1.18,0.5,0.0,17
12,5,1,0,8,14,2,1,0,0.0,0,Python,2021-2023,1.0,0.53,0.33,0.0,17
9,0,0,0,14,21,2,0,0,0.0,0,Python,2021-2023,1.0,0.64,0.0,0.0,0
9,0,0,0,1,1,1,0,0,0.0,0,Python,2021-2023,1.0,0.5,0.0,0.0,17
9,0,0,0,6,0,1,0,0,0.0,0,Python,2021-2023,1.0,6.0,0.0,0.0,0
11,0,0,0,20,15,3,1,2,6.5,0,Python,2021-2023,1.0,1.25,0.25,1.62,17
12,0,0,0,30,41,18,0,0,0.0,1,Python,2021-2023,0.4,0.71,0.0,0.0,0
14,0,0,0,16,6,1,0,1,22.0,0,Python,2021-2023,1.0,2.29,0.0,11.0,0
15,0,0,0,1,1,1,0,1,2.0,0,Python,2021-2023,1.0,0.5,0.0,1.0,0
15,0,0,0,433,93,8,2,38,3.26,0,Python,2021-2023,1.0,4.61,0.22,0.36,0
3,1,0,1,10,0,2,0,2,5.0,0,Python,2021-2023,1.0,10.0,0.0,1.67,0
8,1,0,0,1338,1381,10,1,0,0.0,0,Python,2021-2023,1.0,0.97,0.09,0.0,17
9,1,0,0,1,1,1,1,1,1.0,0,Python,2021-2023,1.0,0.5,0.5,0.5,0
13,1,0,0,92,21,6,1,8,1.38,0,Python,2021-2023,1.0,4.18,0.14,0.2,0
13,1,0,0,3,1,1,0,1,39.0,0,Python,2021-2023,1.0,1.5,0.0,19.5,0
9,2,0,0,17,0,2,1,2,26.5,0,Python,2021-2023,1.0,17.0,0.33,8.83,0
11,2,0,0,69,0,2,1,6,1.5,0,Python,2021-2023,1.0,69.0,0.33,0.5,0
13,2,0,0,37,68,3,1,12,2.42,0,Python,2021-2023,1.0,0.54,0.25,0.6,0
13,2,0,0,82,66,4,3,11,4.27,0,Python,2021-2023,1.0,1.22,0.6,0.85,17
13,2,0,0,14,3,2,1,2,2.5,0,Python,2021-2023,1.0,3.5,0.33,0.83,0
14,2,0,0,4,4,2,1,2,2.5,0,Python,2021-2023,1.0,0.8,0.33,0.83,0
14,2,0,0,4,3,1,0,2,2.5,0,Python,2021-2023,1.0,1.0,0.0,1.25,0
15,2,0,0,71,138,3,0,14,8.14,0,Python,2021-2023,1.0,0.51,0.0,2.04,0
19,2,0,0,12,19,2,1,6,2.67,0,Python,2021-2023,1.0,0.6,0.33,0.89,0
19,2,0,0,4,4,1,1,1,1.0,0,Python,2021-2023,1.0,0.8,0.5,0.5,0
22,2,0,1,12,12,6,3,10,6.8,0,Python,2021-2023,1.0,0.92,0.43,0.97,0
8,3,0,0,61,29,1,1,0,0.0,0,Python,2021-2023,1.0,2.03,0.5,0.0,17
11,3,0,0,223,82,8,2,3,3.67,0,Python,2021-2023,1.0,2.69,0.22,0.41,0
16,3,0,0,29,61,1,1,0,0.0,0,Python,2021-2023,1.0,0.47,0.5,0.0,17
16,3,0,0,1,1,1,0,0,0.0,0,Python,2021-2023,1.0,0.5,0.0,0.0,1
19,3,0,0,71,0,2,1,9,2.33,0,Python,2021-2023,1.0,71.0,0.33,0.78,0
13,4,0,0,6,2,2,0,0,0.0,0,Python,2021-2023,1.0,2.0,0.0,0.0,4
16,4,0,0,82,32,1,1,0,0.0,0,Python,2021-2023,1.0,2.48,0.5,0.0,17
17,4,0,0,3,3,1,1,0,0.0,0,Python,2021-2023,1.0,0.75,0.5,0.0,17
22,5,1,1,4,3,2,1,2,3.5,0,Python,2021-2023,1.0,1.0,0.33,1.17,0
22,5,1,1,360,0,3,1,20,2.2,0,Python,2021-2023,1.0,360.0,0.25,0.55,0
22,5,1,1,23,21,2,1,3,3.0,0,Python,2021-2023,1.0,1.05,0.33,1.0,0
22,5,1,1,37,15,3,1,5,3.0,0,Python,2021-2023,1.0,2.31,0.25,0.75,0
2,6,1,1,54,9,3,1,5,2.2,0,Python,2021-2023,1.0,5.4,0.25,0.55,0
2,6,1,1,74,3,2,1,7,2.14,0,Python,2021-2023,1.0,18.5,0.33,0.71,0
1,0,0,1,1,1,1,0,0,0.0,0,Python,2021-2023,1.0,0.5,0.0,0.0,0
13,1,0,0,109,35,4,0,21,5.1,0,Python,2021-2023,1.0,3.03,0.0,1.02,0
13,1,0,0,45,29,4,3,6,3.17,0,Python,2021-2023,1.0,1.5,0.6,0.63,0
14,2,0,0,23,0,1,0,0,0.0,0,Python,2021-2023,1.0,23.0,0.0,0.0,0
13,3,0,0,298,109,6,1,84,2.4,1,Python,2021-2023,0.333,2.71,0.14,0.34,0
13,0,0,0,6,1,1,1,1,1.0,0,Python,2024-2026,1.0,3.0,0.5,0.5,0
13,1,0,0,3,4,1,0,0,0.0,0,Python,2024-2026,1.0,0.6,0.0,0.0,0
13,1,0,0,2,2,2,2,0,0.0,0,Python,2024-2026,1.0,0.67,0.67,0.0,0
13,4,0,0,87,1,3,1,8,1.12,0,Python,2024-2026,1.0,43.5,0.25,0.28,0
13,4,0,0,1,1,1,0,0,0.0,0,Python,2024-2026,1.0,0.5,0.0,0.0,0
10,0,0,0,5,2,1,0,2,11.5,0,Python,2024-2026,1.0,1.67,0.0,5.75,0
19,6,1,0,6,2,1,0,0,0.0,0,Python,2024-2026,1.0,2.0,0.0,0.0,0
14,0,0,0,14,3,3,1,3,10.67,0,Python,2024-2026,1.0,3.5,0.25,2.67,0
14,2,0,0,1,1,1,0,0,0.0,0,Python,2024-2026,1.0,0.5,0.0,0.0,0
13,1,0,0,33,2,3,1,3,4.67,0,Python,2024-2026,1.0,11.0,0.25,1.17,0
18,4,0,0,0,2,2,0,0,0.0,0,Python,2024-2026,1.0,0.0,0.0,0.0,0
10,0,0,0,6,3,3,0,1,1.0,0,Python,2024-2026,1.0,1.5,0.0,0.25,0
9,1,0,0,2,2,2,2,0,0.0,0,Python,2024-2026,1.0,0.67,0.67,0.0,0
12,1,0,0,2,0,1,0,0,0.0,0,Python,2024-2026,1.0,2.0,0.0,0.0,0
12,3,0,0,2,2,2,0,0,0.0,0,Python,2024-2026,1.0,0.67,0.0,0.0,0
11,1,0,0,684,603,7,0,0,0.0,0,Python,2024-2026,1.0,1.13,0.0,0.0,0
12,1,0,0,145,27,3,1,11,5.45,0,Python,2024-2026,1.0,5.18,0.25,1.36,0
10,0,0,0,1,3,3,1,0,0.0,0,Python,2024-2026,1.0,0.25,0.25,0.0,0
10,0,0,0,1,1,1,0,0,0.0,0,Python,2024-2026,1.0,0.5,0.0,0.0,0
11,0,0,0,69,66,14,1,3,6.33,0,Python,2024-2026,1.0,1.03,0.07,0.42,0
13,0,0,0,8,8,7,2,0,0.0,0,Python,2024-2026,1.0,0.89,0.25,0.0,0
9,1,0,0,1,1,1,0,0,0.0,0,Python,2024-2026,1.0,0.5,0.0,0.0,0
16,3,0,0,4,3,1,0,0,0.0,0,Python,2024-2026,1.0,1.0,0.0,0.0,0
12,2,0,0,1,1,1,0,0,0.0,0,Python,2024-2026,1.0,0.5,0.0,0.0,0
19,4,0,0,0,2,2,0,0,0.0,0,Python,2024-2026,1.0,0.0,0.0,0.0,0
14,4,0,0,0,0,2,2,0,0.0,0,Python,2024-2026,1.0,0.0,0.67,0.0,0
9,2,0,0,2,2,1,0,0,0.0,0,Python,2024-2026,1.0,0.67,0.0,0.0,0
12,1,0,0,175,1,4,0,0,0.0,0,Python,2024-2026,1.0,87.5,0.0,0.0,0
12,1,0,0,1,1,1,0,0,0.0,0,Python,2024-2026,1.0,0.5,0.0,0.0,0
11,0,0,0,2386,0,3,0,0,0.0,0,Python,2024-2026,1.0,2386.0,0.0,0.0,0
11,0,0,0,239,1,9,3,4,3.75,0,Python,2024-2026,1.0,119.5,0.3,0.38,0
11,0,0,0,293,0,9,3,3,3.0,0,Python,2024-2026,1.0,293.0,0.3,0.3,0
11,0,0,0,232,49,8,1,3,1.0,0,Python,2024-2026,1.0,4.64,0.11,0.11,0
11,0,0,0,1,1,1,0,0,0.0,0,Python,2024-2026,1.0,0.5,0.0,0.0,0
11,0,0,0,68,18,7,3,1,1.0,0,Python,2024-2026,1.0,3.58,0.38,0.12,0
13,0,0,0,76,71,9,0,1,5.0,0,Python,2024-2026,1.0,1.06,0.0,0.5,0
20,0,0,0,1,1,1,0,1,5.0,0,Python,2024-2026,1.0,0.5,0.0,2.5,0
20,0,0,0,0,7,1,0,1,2.0,0,Python,2024-2026,1.0,0.0,0.0,1.0,0
14,1,0,0,28,0,1,0,0,0.0,0,Python,2024-2026,1.0,28.0,0.0,0.0,0
14,1,0,0,34,0,1,0,0,0.0,0,Python,2024-2026,1.0,34.0,0.0,0.0,0
14,1,0,0,20,1,1,0,0,0.0,0,Python,2024-2026,1.0,10.0,0.0,0.0,0
14,1,0,0,1076,314,1,0,0,0.0,0,Python,2024-2026,1.0,3.42,0.0,0.0,0
14,1,0,0,43,0,1,0,0,0.0,0,Python,2024-2026,1.0,43.0,0.0,0.0,0
14,1,0,0,40,0,1,0,0,0.0,0,Python,2024-2026,1.0,40.0,0.0,0.0,0
14,1,0,0,45,0,1,0,0,0.0,0,Python,2024-2026,1.0,45.0,0.0,0.0,0
14,1,0,0,41,0,1,0,0,0.0,0,Python,2024-2026,1.0,41.0,0.0,0.0,0
14,1,0,0,42,0,1,0,0,0.0,0,Python,2024-2026,1.0,42.0,0.0,0.0,0
15,2,0,0,8,8,3,0,0,0.0,0,Python,2024-2026,1.0,0.89,0.0,0.0,0
15,2,0,0,1,1,1,0,0,0.0,0,Python,2024-2026,1.0,0.5,0.0,0.0,0
16,2,0,0,1,1,1,0,0,0.0,0,Python,2024-2026,1.0,0.5,0.0,0.0,0
21,2,0,0,1,1,1,0,0,0.0,0,Python,2024-2026,1.0,0.5,0.0,0.0,0
10,4,0,0,1,1,1,0,0,0.0,0,Python,2024-2026,1.0,0.5,0.0,0.0,0
10,4,0,0,8,1,1,0,0,0.0,0,Python,2024-2026,1.0,4.0,0.0,0.0,0
12,4,0,0,1,1,1,0,0,0.0,0,Python,2024-2026,1.0,0.5,0.0,0.0,0
14,4,0,0,1,1,1,0,0,0.0,0,Python,2024-2026,1.0,0.5,0.0,0.0,0
0,5,1,1,1,1,1,0,0,0.0,0,Python,2024-2026,1.0,0.5,0.0,0.0,0
11,5,1,0,2,0,1,1,0,0.0,0,Python,2024-2026,1.0,2.0,0.5,0.0,0
11,5,1,0,1,1,1,0,0,0.0,0,Python,2024-2026,1.0,0.5,0.0,0.0,0
11,5,1,0,1,0,1,0,0,0.0,0,Python,2024-2026,1.0,1.0,0.0,0.0,0
11,5,1,0,1,1,1,0,0,0.0,0,Python,2024-2026,1.0,0.5,0.0,0.0,0
12,5,1,0,8,2,1,0,3,3.0,0,Python,2024-2026,1.0,2.67,0.0,1.5,0
12,5,1,0,2,2,1,0,2,14.5,0,Python,2024-2026,1.0,0.67,0.0,7.25,0
13,5,1,0,1,1,1,0,0,0.0,0,Python,2024-2026,1.0,0.5,0.0,0.0,0
13,5,1,0,1,1,1,0,1,1.0,0,Python,2024-2026,1.0,0.5,0.0,0.5,0
13,6,1,0,16,2,1,0,4,26.0,0,Python,2024-2026,1.0,5.33,0.0,13.0,0
13,6,1,0,1,1,1,0,1,2.0,0,Python,2024-2026,1.0,0.5,0.0,1.0,0
14,6,1,0,3,3,1,0,2,30.0,0,Python,2024-2026,1.0,0.75,0.0,15.0,0
14,6,1,0,12,13,1,0,3,16.33,0,Python,2024-2026,1.0,0.86,0.0,8.16,0
14,6,1,0,1,1,1,0,1,5.0,0,Python,2024-2026,1.0,0.5,0.0,2.5,0
14,6,1,0,1,1,1,0,1,2.0,0,Python,2024-2026,1.0,0.5,0.0,1.0,0
15,6,1,0,4,4,1,0,3,28.0,0,Python,2024-2026,1.0,0.8,0.0,14.0,0
15,6,1,0,1,1,1,0,1,2.0,0,Python,2024-2026,1.0,0.5,0.0,1.0,0
17,0,0,0,1,1,1,0,0,0.0,0,Python,2024-2026,1.0,0.5,0.0,0.0,0
10,1,0,0,1,1,1,0,0,0.0,0,Python,2024-2026,1.0,0.5,0.0,0.0,0
12,1,0,0,1,1,1,0,0,0.0,0,Python,2024-2026,1.0,0.5,0.0,0.0,0
12,1,0,0,9,3,1,0,3,3.0,0,Python,2024-2026,1.0,2.25,0.0,1.5,0
12,1,0,0,1,1,1,0,0,0.0,0,Python,2024-2026,1.0,0.5,0.0,0.0,0
13,1,0,0,5,5,1,1,0,0.0,0,Python,2024-2026,1.0,0.83,0.5,0.0,0
15,1,0,0,1,12,1,1,0,0.0,0,Python,2024-2026,1.0,0.08,0.5,0.0,0
15,1,0,0,0,1,1,1,0,0.0,0,Python,2024-2026,1.0,0.0,0.5,0.0,0
15,1,0,0,1,1,1,0,0,0.0,0,Python,2024-2026,1.0,0.5,0.0,0.0,0
16,1,0,0,3,1,1,1,0,0.0,0,Python,2024-2026,1.0,1.5,0.5,0.0,0
16,1,0,0,1,1,1,0,0,0.0,0,Python,2024-2026,1.0,0.5,0.0,0.0,0
16,1,0,0,1,1,1,1,0,0.0,0,Python,2024-2026,1.0,0.5,0.5,0.0,0
22,1,0,1,0,7,2,1,0,0.0,0,Python,2024-2026,1.0,0.0,0.33,0.0,0
22,1,0,1,2,6,1,1,0,0.0,0,Python,2024-2026,1.0,0.29,0.5,0.0,0
22,1,0,1,1,1,1,1,0,0.0,0,Python,2024-2026,1.0,0.5,0.5,0.0,0
22,1,0,1,0,7,1,1,0,0.0,0,Python,2024-2026,1.0,0.0,0.5,0.0,0
22,1,0,1,11,4,1,1,0,0.0,0,Python,2024-2026,1.0,2.2,0.5,0.0,0
23,1,0,1,1,1,1,0,0,0.0,0,Python,2024-2026,1.0,0.5,0.0,0.0,0
23,1,0,1,1,1,1,0,0,0.0,0,Python,2024-2026,1.0,0.5,0.0,0.0,0
0,2,0,1,1,3,1,0,0,0.0,0,Python,2024-2026,1.0,0.25,0.0,0.0,0
1,2,0,1,0,0,1,1,0,0.0,0,Python,2024-2026,1.0,0.0,0.5,0.0,0
11,4,0,0,3,0,1,0,0,0.0,0,Python,2024-2026,1.0,3.0,0.0,0.0,0
11,4,0,0,1,1,1,0,0,0.0,0,Python,2024-2026,1.0,0.5,0.0,0.0,0
11,4,0,0,14,0,1,0,0,0.0,0,Python,2024-2026,1.0,14.0,0.0,0.0,0
11,4,0,0,2,2,1,0,0,0.0,0,Python,2024-2026,1.0,0.67,0.0,0.0,0
11,4,0,0,1,1,1,0,0,0.0,0,Python,2024-2026,1.0,0.5,0.0,0.0,0
11,4,0,0,41,0,1,0,0,0.0,0,Python,2024-2026,1.0,41.0,0.0,0.0,0
12,2,0,0,1,1,1,0,0,0.0,0,Python,2024-2026,1.0,0.5,0.0,0.0,0
12,2,0,0,1,1,1,0,0,0.0,0,Python,2024-2026,1.0,0.5,0.0,0.0,0
12,2,0,0,454,75,3,0,0,0.0,0,Python,2024-2026,1.0,5.97,0.0,0.0,0
10,1,0,0,44,2,2,0,0,0.0,0,Python,2024-2026,1.0,14.67,0.0,0.0,0
13,2,0,0,64,53,6,2,0,0.0,0,Python,2024-2026,1.0,1.19,0.29,0.0,0
13,2,0,0,1,1,1,0,0,0.0,0,Python,2024-2026,1.0,0.5,0.0,0.0,0
14,2,0,0,3,8,3,0,0,0.0,0,Python,2024-2026,1.0,0.33,0.0,0.0,0
14,2,0,0,1,2,1,0,0,0.0,0,Python,2024-2026,1.0,0.33,0.0,0.0,0
14,2,0,0,1,1,1,0,0,0.0,0,Python,2024-2026,1.0,0.5,0.0,0.0,0
16,0,0,0,71,51,9,6,1,5.0,0,Python,2024-2026,1.0,1.37,0.6,0.5,0
18,0,0,0,1,1,1,0,0,0.0,0,Python,2024-2026,1.0,0.5,0.0,0.0,0
9,0,0,0,5,9,5,0,0,0.0,0,Python,2024-2026,1.0,0.5,0.0,0.0,0
9,0,0,0,5,2,1,0,0,0.0,0,Python,2024-2026,1.0,1.67,0.0,0.0,0
9,0,0,0,1,1,1,0,0,0.0,0,Python,2024-2026,1.0,0.5,0.0,0.0,0
9,0,0,0,1,0,1,0,0,0.0,0,Python,2024-2026,1.0,1.0,0.0,0.0,0
18,0,0,0,1,1,1,0,0,0.0,0,Python,2024-2026,1.0,0.5,0.0,0.0,0
9,1,0,0,1,1,1,0,0,0.0,0,Python,2024-2026,1.0,0.5,0.0,0.0,0
23,3,0,1,1,1,1,0,0,0.0,0,Python,2024-2026,1.0,0.5,0.0,0.0,0
20,4,0,0,1,1,1,0,0,0.0,0,Python,2024-2026,1.0,0.5,0.0,0.0,0
7,0,0,0,6,1,1,0,0,0.0,0,Python,2024-2026,1.0,3.0,0.0,0.0,0
7,0,0,0,1,1,1,0,0,0.0,0,Python,2024-2026,1.0,0.5,0.0,0.0,0
12,6,1,0,1,1,1,0,0,0.0,0,Python,2024-2026,1.0,0.5,0.0,0.0,0
12,6,1,0,1,1,1,0,0,0.0,0,Python,2024-2026,1.0,0.5,0.0,0.0,0
12,6,1,0,1,1,1,0,0,0.0,0,Python,2024-2026,1.0,0.5,0.0,0.0,0
13,3,0,0,2226,1272,84,7,77,1.9,0,Python,2024-2026,1.0,1.75,0.08,0.02,0
13,3,0,0,0,4,1,1,1,3.0,0,Python,2024-2026,1.0,0.0,0.5,1.5,0
13,3,0,0,1,1,1,0,0,0.0,0,Python,2024-2026,1.0,0.5,0.0,0.0,0
14,3,0,0,20,0,1,0,0,0.0,0,Python,2024-2026,1.0,20.0,0.0,0.0,0
16,0,0,0,2,2,2,0,0,0.0,0,Python,2024-2026,1.0,0.67,0.0,0.0,0
16,0,0,0,4,4,4,2,3,8.67,0,Python,2024-2026,1.0,0.8,0.4,1.73,0
1,1,0,1,4,1,1,0,1,17.0,0,Python,2024-2026,1.0,2.0,0.0,8.5,0
1,1,0,1,69,0,1,0,0,0.0,0,Python,2024-2026,1.0,69.0,0.0,0.0,0
17,2,0,0,18,5,2,1,2,2.0,0,Python,2024-2026,1.0,3.0,0.33,0.67,0
17,2,0,0,5,2,1,1,1,1.0,0,Python,2024-2026,1.0,1.67,0.5,0.5,0
17,2,0,0,102,64,8,1,2,3.5,0,Python,2024-2026,1.0,1.57,0.11,0.39,0
17,2,0,0,3,3,3,0,0,0.0,0,Python,2024-2026,1.0,0.75,0.0,0.0,0
17,2,0,0,803,0,15,5,41,2.02,0,Python,2024-2026,1.0,803.0,0.31,0.13,0
6,3,0,0,1,1,1,0,0,0.0,0,Python,2024-2026,1.0,0.5,0.0,0.0,17
9,3,0,0,2,0,1,0,0,0.0,0,Python,2024-2026,1.0,2.0,0.0,0.0,17
12,1,0,0,127,28,5,2,7,6.43,0,Python,2024-2026,1.0,4.38,0.33,1.07,17
15,2,0,0,16,10,3,2,4,1.5,0,Python,2024-2026,1.0,1.45,0.5,0.38,17
17,2,0,0,52,8,1,0,3,5.33,0,Python,2024-2026,1.0,5.78,0.0,2.66,17
22,2,0,1,38,9,7,4,8,20.88,0,Python,2024-2026,1.0,3.8,0.5,2.61,59
17,3,0,0,65,53,3,1,6,2.67,0,Python,2024-2026,1.0,1.2,0.25,0.67,17
10,4,0,0,18,379,8,1,1,16.0,0,Python,2024-2026,1.0,0.05,0.11,1.78,17
11,4,0,0,103,19,5,0,9,5.89,0,Python,2024-2026,1.0,5.15,0.0,0.98,59
11,4,0,0,21,1,2,1,2,1.5,0,Python,2024-2026,1.0,10.5,0.33,0.5,17
11,4,0,0,149,18,6,1,10,14.5,0,Python,2024-2026,1.0,7.84,0.14,2.07,17
13,4,0,0,2,2,1,0,0,0.0,0,Python,2024-2026,1.0,0.67,0.0,0.0,17
10,0,0,0,17,2,3,1,2,18.5,0,Python,2024-2026,1.0,5.67,0.25,4.62,17
12,0,0,0,60,12,2,0,2,3.5,0,Python,2024-2026,1.0,4.62,0.0,1.17,4
12,0,0,0,7,0,1,0,1,6.0,0,Python,2024-2026,1.0,7.0,0.0,3.0,0
12,0,0,0,16,2,2,1,2,3.0,0,Python,2024-2026,1.0,5.33,0.33,1.0,0
13,0,0,0,21,43,2,1,3,10.33,0,Python,2024-2026,1.0,0.48,0.33,3.44,4
14,0,0,0,125,54,10,1,17,5.12,0,Python,2024-2026,1.0,2.27,0.09,0.47,17
15,0,0,0,271,8,4,2,17,2.0,0,Python,2024-2026,1.0,30.11,0.4,0.4,17
16,0,0,0,71,5,3,0,0,0.0,0,Python,2024-2026,1.0,11.83,0.0,0.0,0
16,0,0,0,27,0,2,1,2,2.5,0,Python,2024-2026,1.0,27.0,0.33,0.83,59
8,3,0,0,17,11,3,0,1,6.0,0,Python,2024-2026,1.0,1.42,0.0,1.5,17
8,3,0,0,10,2,1,0,0,0.0,0,Python,2024-2026,1.0,3.33,0.0,0.0,17
13,4,0,0,24,14,5,1,7,8.29,0,Python,2024-2026,1.0,1.6,0.17,1.38,17
14,4,0,0,366,561,111,0,30,6.23,0,Python,2024-2026,1.0,0.65,0.0,0.06,0
14,4,0,0,2,0,1,0,0,0.0,0,Python,2024-2026,1.0,2.0,0.0,0.0,17
15,4,0,0,37,6,3,0,5,8.6,0,Python,2024-2026,1.0,5.29,0.0,2.15,59
16,4,0,0,75,9,2,1,5,4.6,0,Python,2024-2026,1.0,7.5,0.33,1.53,17
16,4,0,0,22,17,16,1,16,14.94,0,Python,2024-2026,1.0,1.22,0.06,0.88,17
12,1,0,0,1,1,7,0,0,0.0,0,Python,2024-2026,1.0,0.5,0.0,0.0,17
19,1,0,0,2,2,1,0,0,0.0,0,Python,2024-2026,1.0,0.67,0.0,0.0,17
21,1,0,0,2,4,1,0,0,0.0,0,Python,2024-2026,1.0,0.4,0.0,0.0,17
10,2,0,0,94,0,2,0,0,0.0,0,Python,2024-2026,1.0,94.0,0.0,0.0,17
14,3,0,0,2,2,1,0,0,0.0,0,Python,2024-2026,1.0,0.67,0.0,0.0,17
13,2,0,0,10,10,1,0,0,0.0,0,Python,2024-2026,1.0,0.91,0.0,0.0,17
13,3,0,0,1,6,1,0,1,15.0,0,Python,2024-2026,1.0,0.14,0.0,7.5,17
21,3,0,0,8,8,6,0,0,0.0,0,Python,2024-2026,1.0,0.89,0.0,0.0,0
12,0,0,0,9,10,9,0,7,15.71,0,Python,2024-2026,1.0,0.82,0.0,1.57,17
12,1,0,0,17,2,2,1,2,5.0,0,Python,2024-2026,1.0,5.67,0.33,1.67,17
10,4,0,0,10,2,1,0,1,3.0,0,Python,2024-2026,1.0,3.33,0.0,1.5,17
11,4,0,0,96,31,3,1,8,10.5,0,Python,2024-2026,1.0,3.0,0.25,2.62,59
11,0,0,0,1,1,1,1,1,1.0,0,Python,2024-2026,1.0,0.5,0.5,0.5,17
11,0,0,0,85,17,4,2,7,8.29,0,Python,2024-2026,1.0,4.72,0.4,1.66,17
11,0,0,0,33,2,3,1,1,2.0,0,Python,2024-2026,1.0,11.0,0.25,0.5,17
11,0,0,0,276,4,4,1,13,1.62,0,Python,2024-2026,1.0,55.2,0.2,0.32,17
15,1,0,0,6,4,2,1,2,6.5,0,Python,2024-2026,1.0,1.2,0.33,2.17,17
18,1,0,0,199,17,7,2,13,14.31,0,Python,2024-2026,1.0,11.06,0.25,1.79,0
17,2,0,0,1,1,1,1,0,0.0,0,Python,2024-2026,1.0,0.5,0.5,0.0,17
7,3,0,0,12,1,2,1,1,2.0,0,Python,2024-2026,1.0,6.0,0.33,0.67,0
16,0,0,0,11,6,2,1,1,2.0,0,Python,2024-2026,1.0,1.57,0.33,0.67,17
14,2,0,0,43,4,3,1,3,8.67,0,Python,2024-2026,1.0,8.6,0.25,2.17,0
11,3,0,0,105,1,3,1,4,2.75,0,Python,2024-2026,1.0,52.5,0.25,0.69,0
15,3,0,0,3,3,1,0,0,0.0,0,Python,2024-2026,1.0,0.75,0.0,0.0,0
12,2,0,0,59,2,2,1,5,3.0,0,Python,2024-2026,1.0,19.67,0.33,1.0,59
8,3,0,0,84,95,47,26,74,8.47,0,Python,2024-2026,1.0,0.88,0.54,0.18,0
9,0,0,0,2,0,1,1,0,0.0,0,Python,2024-2026,1.0,2.0,0.5,0.0,0
7,4,0,0,58,1,2,1,5,4.6,0,Python,2024-2026,1.0,29.0,0.33,1.53,0
9,0,0,0,4,2,2,0,1,6.0,0,Python,2024-2026,1.0,1.33,0.0,2.0,0
17,1,0,0,11,0,1,0,0,0.0,0,Python,2024-2026,1.0,11.0,0.0,0.0,0
14,2,0,0,61,2,4,2,4,3.0,0,Python,2024-2026,1.0,20.33,0.4,0.6,0
11,3,0,0,100,4,4,1,7,24.43,0,Python,2024-2026,1.0,20.0,0.2,4.89,0
11,0,0,0,1483,320,61,10,212,8.3,0,Python,2024-2026,1.0,4.62,0.16,0.13,0
15,0,0,0,150,21,4,2,12,4.08,0,Python,2024-2026,1.0,6.82,0.4,0.82,17
10,3,0,0,14,0,1,0,1,8.0,0,Python,2024-2026,1.0,14.0,0.0,4.0,17
10,3,0,0,3,3,2,0,1,6.0,0,Python,2024-2026,1.0,0.75,0.0,2.0,17
12,3,0,0,64,6,5,2,0,0.0,0,Python,2024-2026,1.0,9.14,0.33,0.0,17
14,2,0,0,6,4,1,1,3,2.0,0,Python,2024-2026,1.0,1.2,0.5,1.0,17
13,2,0,0,43,6,3,2,4,6.75,0,Python,2024-2026,1.0,6.14,0.5,1.69,0
6,3,0,0,1,1,1,1,0,0.0,0,Python,2024-2026,1.0,0.5,0.5,0.0,17
9,3,0,0,9,1,1,0,1,2.0,0,Python,2024-2026,1.0,4.5,0.0,1.0,17
8,4,0,0,238,3,4,1,11,6.82,0,Python,2024-2026,1.0,59.5,0.2,1.36,1
10,4,0,0,1,1,1,0,0,0.0,0,Python,2024-2026,1.0,0.5,0.0,0.0,17
13,4,0,0,98,2,3,2,8,2.12,0,Python,2024-2026,1.0,32.67,0.5,0.53,4
17,4,0,0,157,47,6,1,20,9.8,0,Python,2024-2026,1.0,3.27,0.14,1.4,17
13,5,1,0,1,0,1,0,0,0.0,0,Python,2024-2026,1.0,1.0,0.0,0.0,17
11,0,0,0,5,9,1,0,2,21.0,0,Python,2024-2026,1.0,0.5,0.0,10.5,17
11,0,0,0,241,38,4,2,12,6.42,0,Python,2024-2026,1.0,6.18,0.4,1.28,59
9,1,0,0,1,14,1,0,0,0.0,0,Python,2024-2026,1.0,0.07,0.0,0.0,0
9,1,0,0,1,1,1,0,0,0.0,0,Python,2024-2026,1.0,0.5,0.0,0.0,0
9,1,0,0,2,1,1,0,1,17.0,0,Python,2024-2026,1.0,1.0,0.0,8.5,0
9,1,0,0,10,5,2,0,5,5.6,0,Python,2024-2026,1.0,1.67,0.0,1.87,0
11,1,0,0,39,5,1,0,0,0.0,0,Python,2024-2026,1.0,6.5,0.0,0.0,17
12,2,0,0,5,2,1,0,0,0.0,0,Python,2024-2026,1.0,1.67,0.0,0.0,17
16,3,0,0,38,23,1,0,7,7.43,0,Python,2024-2026,1.0,1.58,0.0,3.72,59
9,4,0,0,50,35,22,3,14,2.93,0,Python,2024-2026,1.0,1.39,0.13,0.13,17
10,4,0,0,2,2,1,0,0,0.0,0,Python,2024-2026,1.0,0.67,0.0,0.0,17
10,5,1,0,1,4,1,0,0,0.0,0,Python,2024-2026,1.0,0.2,0.0,0.0,17
11,0,0,0,38,7,5,2,7,15.0,0,Python,2024-2026,1.0,4.75,0.33,2.5,17
16,0,0,0,19,26,4,1,6,16.67,0,Python,2024-2026,1.0,0.7,0.2,3.33,0
8,1,0,0,3,4,1,0,1,6.0,0,Python,2024-2026,1.0,0.6,0.0,3.0,17
11,1,0,0,23,7,2,1,5,12.8,0,Python,2024-2026,1.0,2.88,0.33,4.27,17
13,1,0,0,3,3,3,0,0,0.0,0,Python,2024-2026,1.0,0.75,0.0,0.0,1
15,1,0,0,1,1,1,0,0,0.0,0,Python,2024-2026,1.0,0.5,0.0,0.0,1
15,1,0,0,277,285,93,10,48,3.38,0,Python,2024-2026,1.0,0.97,0.11,0.04,0
15,1,0,0,1,1,1,0,0,0.0,0,Python,2024-2026,1.0,0.5,0.0,0.0,0
15,1,0,0,219,18,4,1,15,3.0,0,Python,2024-2026,1.0,11.53,0.2,0.6,59
15,1,0,0,15,14,6,1,0,0.0,0,Python,2024-2026,1.0,1.0,0.14,0.0,0
10,2,0,0,2,2,2,0,2,9.0,0,Python,2024-2026,1.0,0.67,0.0,3.0,0
10,2,0,0,1,1,1,1,0,0.0,0,Python,2024-2026,1.0,0.5,0.5,0.0,0
14,2,0,0,1,1,1,0,0,0.0,0,Python,2024-2026,1.0,0.5,0.0,0.0,0
14,2,0,0,1,1,1,0,0,0.0,0,Python,2024-2026,1.0,0.5,0.0,0.0,0
14,2,0,0,1,1,1,0,0,0.0,0,Python,2024-2026,1.0,0.5,0.0,0.0,0
1,3,0,1,1,1,1,0,0,0.0,0,Python,2024-2026,1.0,0.5,0.0,0.0,0
11,0,0,0,8,86,2,0,0,0.0,0,Python,2024-2026,1.0,0.09,0.0,0.0,0
11,0,0,0,1,1,1,0,0,0.0,0,Python,2024-2026,1.0,0.5,0.0,0.0,0
11,0,0,0,0,1,1,0,0,0.0,0,Python,2024-2026,1.0,0.0,0.0,0.0,0
18,0,0,0,60,0,1,0,0,0.0,0,Python,2024-2026,1.0,60.0,0.0,0.0,17
19,0,0,0,1,1,1,0,0,0.0,0,Python,2024-2026,1.0,0.5,0.0,0.0,17
11,1,0,0,16,2,1,0,2,8.5,0,Python,2024-2026,1.0,5.33,0.0,4.25,0
11,1,0,0,16,0,1,1,1,1.0,0,Python,2024-2026,1.0,16.0,0.5,0.5,0
15,1,0,0,21,24,7,7,0,0.0,0,Python,2024-2026,1.0,0.84,0.88,0.0,17
14,2,0,0,1,1,1,0,1,3.0,0,Python,2024-2026,1.0,0.5,0.0,1.5,0
14,3,0,0,1,1,1,0,0,0.0,0,Python,2024-2026,1.0,0.5,0.0,0.0,0
14,3,0,0,1,1,1,0,0,0.0,0,Python,2024-2026,1.0,0.5,0.0,0.0,0
14,3,0,0,1,1,1,0,0,0.0,0,Python,2024-2026,1.0,0.5,0.0,0.0,0
14,3,0,0,495,0,1,0,0,0.0,0,Python,2024-2026,1.0,495.0,0.0,0.0,1
14,3,0,0,1,1,1,0,0,0.0,0,Python,2024-2026,1.0,0.5,0.0,0.0,1
15,3,0,0,2,2,1,0,1,4.0,0,Python,2024-2026,1.0,0.67,0.0,2.0,17
16,3,0,0,1,33,1,0,0,0.0,0,Python,2024-2026,1.0,0.03,0.0,0.0,1
10,4,0,0,2,2,1,0,0,0.0,0,Python,2024-2026,1.0,0.67,0.0,0.0,1
10,4,0,0,2,2,1,0,0,0.0,0,Python,2024-2026,1.0,0.67,0.0,0.0,1
10,4,0,0,329,313,1,0,0,0.0,0,Python,2024-2026,1.0,1.05,0.0,0.0,1
14,4,0,0,1,1,1,0,0,0.0,0,Python,2024-2026,1.0,0.5,0.0,0.0,1
11,0,0,0,728,66,11,0,230,2.77,0,Python,2024-2026,1.0,10.87,0.0,0.23,0
11,0,0,0,2,2,1,0,1,15.0,0,Python,2024-2026,1.0,0.67,0.0,7.5,0
11,0,0,0,71,43,3,1,11,21.09,0,Python,2024-2026,1.0,1.61,0.25,5.27,17
11,0,0,0,36,4,3,1,3,10.33,0,Python,2024-2026,1.0,7.2,0.25,2.58,17
11,0,0,0,15,4,3,1,4,5.5,0,Python,2024-2026,1.0,3.0,0.25,1.38,17
11,0,0,0,41,3,3,1,2,34.0,0,Python,2024-2026,1.0,10.25,0.25,8.5,17
11,0,0,0,1,1,1,0,1,18.0,0,Python,2024-2026,1.0,0.5,0.0,9.0,0
11,0,0,0,5041,5041,1,0,0,0.0,0,Python,2024-2026,1.0,1.0,0.0,0.0,0
11,0,0,0,4,4,1,0,0,0.0,0,Python,2024-2026,1.0,0.8,0.0,0.0,0
12,0,0,0,5,5,5,0,51,2.75,0,Python,2024-2026,1.0,0.83,0.0,0.46,0
13,0,0,0,15,6,4,0,0,0.0,0,Python,2024-2026,1.0,2.14,0.0,0.0,0
13,0,0,0,1,1,1,0,0,0.0,0,Python,2024-2026,1.0,0.5,0.0,0.0,0
13,0,0,0,1,1,1,0,0,0.0,0,Python,2024-2026,1.0,0.5,0.0,0.0,0
13,0,0,0,1,1,1,0,0,0.0,0,Python,2024-2026,1.0,0.5,0.0,0.0,0
13,0,0,0,2,2,1,0,0,0.0,0,Python,2024-2026,1.0,0.67,0.0,0.0,0
14,0,0,0,1,1,1,0,0,0.0,0,Python,2024-2026,1.0,0.5,0.0,0.0,0
14,0,0,0,1,1,1,0,0,0.0,0,Python,2024-2026,1.0,0.5,0.0,0.0,0
14,0,0,0,1,1,1,0,0,0.0,0,Python,2024-2026,1.0,0.5,0.0,0.0,0
14,0,0,0,1,1,1,0,0,0.0,0,Python,2024-2026,1.0,0.5,0.0,0.0,0
14,0,0,0,1,1,1,0,0,0.0,0,Python,2024-2026,1.0,0.5,0.0,0.0,0
16,0,0,0,2,2,2,0,0,0.0,0,Python,2024-2026,1.0,0.67,0.0,0.0,1
18,0,0,0,1,1,1,0,0,0.0,0,Python,2024-2026,1.0,0.5,0.0,0.0,0
18,0,0,0,1,1,1,0,0,0.0,0,Python,2024-2026,1.0,0.5,0.0,0.0,0
7,1,0,0,9,2,1,0,0,0.0,0,Python,2024-2026,1.0,3.0,0.0,0.0,17
14,1,0,0,0,9,1,1,0,0.0,0,Python,2024-2026,1.0,0.0,0.5,0.0,0
15,1,0,0,2,2,1,0,0,0.0,0,Python,2024-2026,1.0,0.67,0.0,0.0,1
15,1,0,0,16,167,1,1,13,1.62,0,Python,2024-2026,1.0,0.1,0.5,0.81,0
15,1,0,0,1,3,1,1,0,0.0,0,Python,2024-2026,1.0,0.25,0.5,0.0,0
10,2,0,0,3,1,1,1,1,2.0,0,Python,2024-2026,1.0,1.5,0.5,1.0,17
13,2,0,0,3,0,1,0,0,0.0,0,Python,2024-2026,1.0,3.0,0.0,0.0,0
13,2,0,0,1,1,1,0,0,0.0,0,Python,2024-2026,1.0,0.5,0.0,0.0,0
9,0,0,0,1,1,1,1,1,1.0,0,Python,2024-2026,1.0,0.5,0.5,0.5,17
10,2,0,0,9,9,2,0,2,5.5,0,Python,2024-2026,1.0,0.9,0.0,1.83,0
17,2,0,0,21,2,1,0,3,58.33,0,Python,2024-2026,1.0,7.0,0.0,29.16,0
17,2,0,0,94,5,2,1,2,23.5,0,Python,2024-2026,1.0,15.67,0.33,7.83,0
21,2,0,0,25,68,2,1,2,23.5,0,Python,2024-2026,1.0,0.36,0.33,7.83,0
11,3,0,0,0,1,1,0,1,42.0,0,Python,2024-2026,1.0,0.0,0.0,21.0,0
12,3,0,0,4,5,3,0,1,17.0,0,Python,2024-2026,1.0,0.67,0.0,4.25,0
15,3,0,0,4,1,1,0,1,43.0,0,Python,2024-2026,1.0,2.0,0.0,21.5,0
12,4,0,0,1,0,1,0,0,0.0,0,Python,2024-2026,1.0,1.0,0.0,0.0,17
11,0,0,0,3,0,1,0,0,0.0,0,Python,2024-2026,1.0,3.0,0.0,0.0,0
13,0,0,0,1,1,1,0,0,0.0,0,Python,2024-2026,1.0,0.5,0.0,0.0,0
10,1,0,0,24,2,2,0,2,116.5,0,Python,2024-2026,1.0,8.0,0.0,38.83,0
11,1,0,0,40,4,4,2,4,58.75,0,Python,2024-2026,1.0,8.0,0.4,11.75,0
12,1,0,0,3,0,1,0,0,0.0,1,Python,2024-2026,0.4,3.0,0.0,0.0,0
10,2,0,0,66,9,3,0,0,0.0,0,Python,2024-2026,1.0,6.6,0.0,0.0,0
11,2,0,0,18,7,2,0,4,64.75,0,Python,2024-2026,1.0,2.25,0.0,21.58,0
16,3,0,0,6,2,1,0,2,43.5,0,Python,2024-2026,1.0,2.0,0.0,21.75,1
19,3,0,0,35,1,2,1,1,2.0,0,Python,2024-2026,1.0,17.5,0.33,0.67,0
21,3,0,0,0,5,1,0,1,44.0,0,Python,2024-2026,1.0,0.0,0.0,22.0,1
21,3,0,0,13,9,1,1,1,1.0,0,Python,2024-2026,1.0,1.3,0.5,0.5,1
21,3,0,0,4,5,2,1,2,21.5,0,Python,2024-2026,1.0,0.67,0.33,7.17,1
8,4,0,0,9,9,2,0,0,0.0,0,Python,2024-2026,1.0,0.9,0.0,0.0,17
14,4,0,0,1,1,1,0,1,132.0,0,Python,2024-2026,1.0,0.5,0.0,66.0,1
14,4,0,0,55,5,2,1,3,18.33,0,Python,2024-2026,1.0,9.17,0.33,6.11,17
14,4,0,0,139,49,16,5,21,9.14,0,Python,2024-2026,1.0,2.78,0.29,0.54,17
14,4,0,0,3,1,2,0,0,0.0,0,Python,2024-2026,1.0,1.5,0.0,0.0,17
14,4,0,0,96,0,1,0,0,0.0,0,Python,2024-2026,1.0,96.0,0.0,0.0,0
15,4,0,0,26,0,1,0,0,0.0,0,Python,2024-2026,1.0,26.0,0.0,0.0,17
18,4,0,0,3,3,1,0,3,6.67,0,Python,2024-2026,1.0,0.75,0.0,3.34,0
18,4,0,0,4,0,1,0,0,0.0,0,Python,2024-2026,1.0,4.0,0.0,0.0,17
14,5,1,0,159,27,2,1,7,41.29,0,Python,2024-2026,1.0,5.68,0.33,13.76,0
16,5,1,0,3,1,1,0,1,147.0,0,Python,2024-2026,1.0,1.5,0.0,73.5,0
11,1,0,0,18,18,14,0,0,0.0,0,Python,2024-2026,1.0,0.95,0.0,0.0,1
12,1,0,0,5,5,4,0,0,0.0,0,Python,2024-2026,1.0,0.83,0.0,0.0,1
12,1,0,0,7,5,7,0,0,0.0,0,Python,2024-2026,1.0,1.17,0.0,0.0,1
11,2,0,0,20,12,4,1,4,3.75,0,Python,2024-2026,1.0,1.54,0.2,0.75,17
19,2,0,0,1,1,1,0,0,0.0,0,Python,2024-2026,1.0,0.5,0.0,0.0,0
8,3,0,0,1,6,2,1,1,1.0,0,Python,2024-2026,1.0,0.14,0.33,0.33,17
11,0,0,0,9944,8756,177,170,3627,1.25,0,Python,2024-2026,1.0,1.14,0.96,0.01,17
11,0,0,0,10,0,2,1,2,23.5,0,Python,2024-2026,1.0,10.0,0.33,7.83,17
11,0,0,0,15,4,2,1,2,3.0,0,Python,2024-2026,1.0,3.0,0.33,1.0,17
9,1,0,0,5,2,1,0,1,9.0,0,Python,2024-2026,1.0,1.67,0.0,4.5,17
9,1,0,0,434,526,37,34,85,1.74,0,Python,2024-2026,1.0,0.82,0.89,0.05,17
18,1,0,0,71,17,3,1,9,4.67,0,Python,2024-2026,1.0,3.94,0.25,1.17,17
14,2,0,0,250,122,4,2,18,7.0,0,Python,2024-2026,1.0,2.03,0.4,1.4,17
14,2,0,0,31,0,5,0,0,0.0,0,Python,2024-2026,1.0,31.0,0.0,0.0,17
14,2,0,0,227,6,4,2,3,10.33,0,Python,2024-2026,1.0,32.43,0.4,2.07,17
11,3,0,0,8,7,1,0,1,17.0,0,Python,2024-2026,1.0,1.0,0.0,8.5,0
7,4,0,0,13,13,5,2,5,6.6,0,Python,2024-2026,1.0,0.93,0.33,1.1,0
10,4,0,0,2,2,2,1,2,1.5,0,Python,2024-2026,1.0,0.67,0.33,0.5,0
10,5,1,0,1,1,1,0,0,0.0,0,Python,2024-2026,1.0,0.5,0.0,0.0,17
10,0,0,0,98094,97967,8,0,216,2.95,0,Python,2024-2026,1.0,1.0,0.0,0.33,0
10,0,0,0,4,4,1,0,0,0.0,0,Python,2024-2026,1.0,0.8,0.0,0.0,0
11,0,0,0,5,5,5,0,52,2.77,0,Python,2024-2026,1.0,0.83,0.0,0.46,0
9,2,0,0,9,5,4,0,0,0.0,0,Python,2024-2026,1.0,1.5,0.0,0.0,0
9,3,0,0,3,2,1,0,0,0.0,0,Python,2024-2026,1.0,1.0,0.0,0.0,17
11,4,0,0,6,7,1,0,0,0.0,0,Python,2024-2026,1.0,0.75,0.0,0.0,1
11,4,0,0,6,6,1,0,0,0.0,0,Python,2024-2026,1.0,0.86,0.0,0.0,1
15,0,0,0,28,1,2,1,2,6.5,0,Python,2024-2026,1.0,14.0,0.33,2.17,1
16,0,0,0,7,6,1,0,0,0.0,0,Python,2024-2026,1.0,1.0,0.0,0.0,1
16,0,0,0,2,1,1,0,0,0.0,0,Python,2024-2026,1.0,1.0,0.0,0.0,0
13,2,0,0,1,1,1,0,1,11.0,0,Python,2024-2026,1.0,0.5,0.0,5.5,0
9,4,0,0,47,4,2,1,7,2.29,0,Python,2024-2026,1.0,9.4,0.33,0.76,0
14,0,0,0,81,16,2,1,9,3.56,0,Python,2024-2026,1.0,4.76,0.33,1.19,0
14,0,0,0,3,3,1,1,6,2.0,0,Python,2024-2026,1.0,0.75,0.5,1.0,0
14,0,0,0,16,5,2,1,3,2.67,0,Python,2024-2026,1.0,2.67,0.33,0.89,0
11,1,0,0,3,10,1,0,1,2.0,0,Python,2024-2026,1.0,0.27,0.0,1.0,0
11,1,0,0,18,16,1,0,3,7.33,0,Python,2024-2026,1.0,1.06,0.0,3.66,0
11,1,0,0,14,1,1,1,2,1.0,0,Python,2024-2026,1.0,7.0,0.5,0.5,0
14,1,0,0,1,4,1,1,1,1.0,0,Python,2024-2026,1.0,0.2,0.5,0.5,0
10,2,0,0,1888,1886,323,0,863,1.0,0,Python,2024-2026,1.0,1.0,0.0,0.0,0
13,2,0,0,8,3,4,0,0,0.0,0,Python,2024-2026,1.0,2.0,0.0,0.0,0
14,2,0,0,2,2,2,0,0,0.0,0,Python,2024-2026,1.0,0.67,0.0,0.0,0
16,3,0,0,27,11,2,1,2,1.0,0,Python,2024-2026,1.0,2.25,0.33,0.33,0
9,0,0,0,11,23,3,1,2,1.0,0,Python,2024-2026,1.0,0.46,0.25,0.25,17
13,0,0,0,1,1,1,0,0,0.0,0,Python,2024-2026,1.0,0.5,0.0,0.0,0
16,0,0,0,7,6,2,0,0,0.0,0,Python,2024-2026,1.0,1.0,0.0,0.0,1
15,4,0,0,14,2,2,1,2,2.0,0,Python,2024-2026,1.0,4.67,0.33,0.67,17
9,5,1,0,20,2065,19,10,110,2.65,0,Python,2024-2026,1.0,0.01,0.5,0.13,17
9,5,1,0,22,109,7,0,5,8.4,0,Python,2024-2026,1.0,0.2,0.0,1.05,17
9,5,1,0,14,0,2,1,2,4.0,0,Python,2024-2026,1.0,14.0,0.33,1.33,17
9,5,1,0,59,0,2,1,6,2.67,0,Python,2024-2026,1.0,59.0,0.33,0.89,17
9,5,1,0,475,11,1,0,37,2.41,0,Python,2024-2026,1.0,39.58,0.0,1.2,17
8,0,0,0,3,9,3,1,1,1.0,0,Python,2024-2026,1.0,0.3,0.25,0.25,17
9,2,0,0,18,18,11,1,10,16.3,0,Python,2024-2026,1.0,0.95,0.08,1.36,17
15,2,0,0,18,1,2,0,0,0.0,0,Python,2024-2026,1.0,9.0,0.0,0.0,0
8,3,0,0,1,3,2,0,0,0.0,0,Python,2024-2026,1.0,0.25,0.0,0.0,17
17,3,0,0,0,16,2,0,2,1.0,0,Python,2024-2026,1.0,0.0,0.0,0.33,0
4,4,0,1,3,3,1,0,1,1.0,1,Python,2024-2026,0.4,0.75,0.0,0.5,0
13,1,0,0,1,1,1,0,0,0.0,0,Python,2024-2026,1.0,0.5,0.0,0.0,1
14,1,0,0,1,1,1,0,0,0.0,0,Python,2024-2026,1.0,0.5,0.0,0.0,1
14,1,0,0,1,1,1,0,0,0.0,0,Python,2024-2026,1.0,0.5,0.0,0.0,1
14,1,0,0,1,1,1,0,0,0.0,0,Python,2024-2026,1.0,0.5,0.0,0.0,1
14,2,0,0,61,2,1,0,0,0.0,0,Python,2024-2026,1.0,20.33,0.0,0.0,1
13,3,0,0,26,2,1,0,0,0.0,0,Python,2024-2026,1.0,8.67,0.0,0.0,1
14,3,0,0,20,1,1,0,0,0.0,0,Python,2024-2026,1.0,10.0,0.0,0.0,1
0,5,1,1,122,1,2,1,9,2.22,0,Python,2024-2026,1.0,61.0,0.33,0.74,0
0,5,1,1,1,1,1,0,2,9.0,0,Python,2024-2026,1.0,0.5,0.0,4.5,0
0,5,1,1,1,1,1,0,0,0.0,0,Python,2024-2026,1.0,0.5,0.0,0.0,0
12,0,0,0,59,2,1,0,0,0.0,0,Python,2024-2026,1.0,19.67,0.0,0.0,1
19,0,0,0,2,2,2,2,2,2.0,0,Python,2024-2026,1.0,0.67,0.67,0.67,0
19,0,0,0,0,24,1,1,1,4.0,0,Python,2024-2026,1.0,0.0,0.5,2.0,0
10,3,0,0,1,1,1,0,0,0.0,0,Python,2024-2026,1.0,0.5,0.0,0.0,1
17,4,0,0,1152,189,17,0,288,2.64,0,Python,2024-2026,1.0,6.06,0.0,0.15,0
17,4,0,0,4,4,1,0,0,0.0,0,Python,2024-2026,1.0,0.8,0.0,0.0,0
17,4,0,0,425,425,7,0,374,3.28,0,Python,2024-2026,1.0,1.0,0.0,0.41,0
11,0,0,0,2,2,1,1,0,0.0,0,Python,2024-2026,1.0,0.67,0.5,0.0,0
11,0,0,0,2,2,1,1,0,0.0,0,Python,2024-2026,1.0,0.67,0.5,0.0,0
11,0,0,0,7,0,1,0,0,0.0,0,Python,2024-2026,1.0,7.0,0.0,0.0,0
14,0,0,0,84,397,40,18,3,2.67,0,Python,2024-2026,1.0,0.21,0.44,0.07,0
15,0,0,0,7,0,1,0,0,0.0,0,Python,2024-2026,1.0,7.0,0.0,0.0,0
15,0,0,0,25,3,1,0,0,0.0,0,Python,2024-2026,1.0,6.25,0.0,0.0,17
15,0,0,0,5,5,3,0,0,0.0,0,Python,2024-2026,1.0,0.83,0.0,0.0,0
17,0,0,0,11,17,1,1,1,2.0,0,Python,2024-2026,1.0,0.61,0.5,1.0,0
17,0,0,0,1,1,1,0,0,0.0,0,Python,2024-2026,1.0,0.5,0.0,0.0,1
8,1,0,0,5,5,3,0,0,0.0,0,Python,2024-2026,1.0,0.83,0.0,0.0,17
9,1,0,0,50,16,2,2,4,2.0,0,Python,2024-2026,1.0,2.94,0.67,0.67,0
9,1,0,0,207,403,92,2,9,4.44,0,Python,2024-2026,1.0,0.51,0.02,0.05,0
10,1,0,0,189,44,6,3,15,8.13,0,Python,2024-2026,1.0,4.2,0.43,1.16,0
11,1,0,0,1,1,1,0,0,0.0,0,Python,2024-2026,1.0,0.5,0.0,0.0,1
12,1,0,0,9,9,5,0,0,0.0,0,Python,2024-2026,1.0,0.9,0.0,0.0,0
14,1,0,0,145,77,4,1,9,9.67,0,Python,2024-2026,1.0,1.86,0.2,1.93,0
16,1,0,0,36,0,1,0,0,0.0,0,Python,2024-2026,1.0,36.0,0.0,0.0,0
16,1,0,0,26,35,1,0,0,0.0,0,Python,2024-2026,1.0,0.72,0.0,0.0,0
16,1,0,0,8,7,1,0,0,0.0,0,Python,2024-2026,1.0,1.0,0.0,0.0,0
16,1,0,0,1,1,1,0,0,0.0,0,Python,2024-2026,1.0,0.5,0.0,0.0,0
18,1,0,0,14,1,3,0,1,44.0,0,Python,2024-2026,1.0,7.0,0.0,11.0,0
8,2,0,0,239,5,2,1,43,2.14,0,Python,2024-2026,1.0,39.83,0.33,0.71,0
9,2,0,0,1088,193,38,7,13,4.08,0,Python,2024-2026,1.0,5.61,0.18,0.1,17
10,2,0,0,0,5,1,0,0,0.0,0,Python,2024-2026,1.0,0.0,0.0,0.0,0
11,2,0,0,29,2,2,1,2,7.0,0,Python,2024-2026,1.0,9.67,0.33,2.33,17
17,2,0,0,5336,5674,174,172,3050,1.29,0,Python,2024-2026,1.0,0.94,0.98,0.01,17
11,3,0,0,26,0,1,1,0,0.0,0,Python,2024-2026,1.0,26.0,0.5,0.0,1
11,3,0,0,1,1,1,0,0,0.0,0,Python,2024-2026,1.0,0.5,0.0,0.0,1
11,3,0,0,150,94,4,2,17,2.59,0,Python,2024-2026,1.0,1.58,0.4,0.52,0
11,3,0,0,1,0,1,0,0,0.0,0,Python,2024-2026,1.0,1.0,0.0,0.0,1
11,3,0,0,26,0,1,1,0,0.0,0,Python,2024-2026,1.0,26.0,0.5,0.0,1
13,3,0,0,435,575,14,4,13,2.08,0,Python,2024-2026,1.0,0.76,0.27,0.14,0
14,3,0,0,4,1,1,0,0,0.0,0,Python,2024-2026,1.0,2.0,0.0,0.0,0
16,3,0,0,1,1,1,0,0,0.0,0,Python,2024-2026,1.0,0.5,0.0,0.0,1
16,3,0,0,1,1,1,1,1,1.0,0,Python,2024-2026,1.0,0.5,0.5,0.5,1
16,3,0,0,1,1,1,1,1,1.0,0,Python,2024-2026,1.0,0.5,0.5,0.5,1
10,4,0,0,35,0,1,0,0,0.0,0,Python,2024-2026,1.0,35.0,0.0,0.0,1
10,4,0,0,5,0,1,0,0,0.0,0,Python,2024-2026,1.0,5.0,0.0,0.0,1
10,4,0,0,0,52,1,1,0,0.0,0,Python,2024-2026,1.0,0.0,0.5,0.0,1
10,4,0,0,18,0,1,0,0,0.0,0,Python,2024-2026,1.0,18.0,0.0,0.0,1
10,4,0,0,4,3,1,0,0,0.0,0,Python,2024-2026,1.0,1.0,0.0,0.0,1
10,4,0,0,334,45,7,2,16,5.69,0,Python,2024-2026,1.0,7.26,0.25,0.71,0
10,4,0,0,5,26,3,1,0,0.0,0,Python,2024-2026,1.0,0.19,0.25,0.0,17
11,4,0,0,1,1,1,0,0,0.0,0,Python,2024-2026,1.0,0.5,0.0,0.0,1
11,4,0,0,30,10,2,0,0,0.0,0,Python,2024-2026,1.0,2.73,0.0,0.0,1
13,4,0,0,1,0,1,0,0,0.0,0,Python,2024-2026,1.0,1.0,0.0,0.0,1
14,4,0,0,5,2,1,0,0,0.0,0,Python,2024-2026,1.0,1.67,0.0,0.0,1
16,4,0,0,2,2,1,0,0,0.0,0,Python,2024-2026,1.0,0.67,0.0,0.0,1
16,5,1,0,491,54,9,2,17,1.88,0,Python,2024-2026,1.0,8.93,0.2,0.19,0
10,0,0,0,5,5,4,0,2,10.5,0,Python,2024-2026,1.0,0.83,0.0,2.1,0
10,0,0,0,5,5,1,1,0,0.0,0,Python,2024-2026,1.0,0.83,0.5,0.0,0
10,0,0,0,246,245,12,4,0,0.0,0,Python,2024-2026,1.0,1.0,0.31,0.0,0
10,0,0,0,2,2,1,1,0,0.0,0,Python,2024-2026,1.0,0.67,0.5,0.0,0
11,0,0,0,10,0,2,0,0,0.0,0,Python,2024-2026,1.0,10.0,0.0,0.0,1
12,0,0,0,20,16,3,1,3,7.0,0,Python,2024-2026,1.0,1.18,0.25,1.75,0
12,0,0,0,7,1,1,0,0,0.0,0,Python,2024-2026,1.0,3.5,0.0,0.0,0
14,0,0,0,43,43,1,1,0,0.0,0,Python,2024-2026,1.0,0.98,0.5,0.0,0
16,0,0,0,514,30,10,4,19,5.68,1,Python,2024-2026,1.0,16.58,0.36,0.52,0
10,1,0,0,20,4,3,1,2,2.0,0,Python,2024-2026,1.0,4.0,0.25,0.5,0
17,1,0,0,12,1,2,1,2,45.0,0,Python,2024-2026,1.0,6.0,0.33,15.0,0
18,1,0,0,85,25,6,1,13,3.77,0,Python,2024-2026,1.0,3.27,0.14,0.54,0
5,2,0,1,43,5,3,1,2,2.0,0,Python,2024-2026,1.0,7.17,0.25,0.5,0
7,2,0,0,1123,508,99,32,211,5.35,0,Python,2024-2026,1.0,2.21,0.32,0.05,0
13,2,0,0,16,8,2,1,5,3.0,0,Python,2024-2026,1.0,1.78,0.33,1.0,0
13,2,0,0,1,1,1,1,1,3.0,0,Python,2024-2026,1.0,0.5,0.5,1.5,0
15,2,0,0,40540,32663,342,183,5577,3.49,0,Python,2024-2026,1.0,1.24,0.53,0.01,17
15,2,0,0,8,0,1,0,0,0.0,0,Python,2024-2026,1.0,8.0,0.0,0.0,17
16,2,0,0,36,3,2,1,5,13.6,0,Python,2024-2026,1.0,9.0,0.33,4.53,0
16,2,0,0,21,2,2,1,1,1.0,0,Python,2024-2026,1.0,7.0,0.33,0.33,0
16,2,0,0,1,1,1,0,1,1.0,0,Python,2024-2026,1.0,0.5,0.0,0.5,17
16,2,0,0,2,2,2,1,1,1.0,0,Python,2024-2026,1.0,0.67,0.33,0.33,17
17,2,0,0,15,7,2,1,5,4.2,0,Python,2024-2026,1.0,1.88,0.33,1.4,0
17,2,0,0,6,6,1,0,3,1.33,0,Python,2024-2026,1.0,0.86,0.0,0.66,0
18,2,0,0,15,4,3,1,3,14.67,0,Python,2024-2026,1.0,3.0,0.25,3.67,0
11,3,0,0,42,24,4,2,9,1.22,0,Python,2024-2026,1.0,1.68,0.4,0.24,17
11,3,0,0,1,1,1,0,0,0.0,0,Python,2024-2026,1.0,0.5,0.0,0.0,0
6,4,0,0,13,0,1,1,0,0.0,0,Python,2024-2026,1.0,13.0,0.5,0.0,0
8,4,0,0,24,2,4,2,6,21.83,0,Python,2024-2026,1.0,8.0,0.4,4.37,0
11,4,0,0,1,0,1,1,1,4.0,0,Python,2024-2026,1.0,1.0,0.5,2.0,17
17,4,0,0,12,0,2,1,2,5.0,0,Python,2024-2026,1.0,12.0,0.33,1.67,0
14,5,1,0,18,18,5,1,0,0.0,0,Python,2024-2026,1.0,0.95,0.17,0.0,17
16,5,1,0,0,3,1,1,0,0.0,0,Python,2024-2026,1.0,0.0,0.5,0.0,0
16,5,1,0,5,2,1,1,2,2.0,0,Python,2024-2026,1.0,1.67,0.5,1.0,0
18,5,1,0,2,2,1,0,0,0.0,0,Python,2024-2026,1.0,0.67,0.0,0.0,0
11,6,1,0,35,8,3,1,1,2.0,0,Python,2024-2026,1.0,3.89,0.25,0.5,0
7,0,0,0,2,2,1,0,0,0.0,0,Python,2024-2026,1.0,0.67,0.0,0.0,0
8,0,0,0,3,3,1,1,0,0.0,0,Python,2024-2026,1.0,0.75,0.5,0.0,0
8,0,0,0,3,3,1,1,0,0.0,0,Python,2024-2026,1.0,0.75,0.5,0.0,0
8,0,0,0,45,44,1,1,0,0.0,0,Python,2024-2026,1.0,1.0,0.5,0.0,0
8,0,0,0,111,109,12,4,0,0.0,0,Python,2024-2026,1.0,1.01,0.31,0.0,0
9,0,0,0,1,0,1,0,0,0.0,0,Python,2024-2026,1.0,1.0,0.0,0.0,17
10,0,0,0,655,649,15,0,0,0.0,0,Python,2024-2026,1.0,1.01,0.0,0.0,17
10,0,0,0,0,32,3,0,0,0.0,0,Python,2024-2026,1.0,0.0,0.0,0.0,17
10,0,0,0,21,38,3,1,0,0.0,0,Python,2024-2026,1.0,0.54,0.25,0.0,17
11,0,0,0,1,0,1,1,1,2.0,0,Python,2024-2026,1.0,1.0,0.5,1.0,0
13,0,0,0,0,120,1,0,0,0.0,0,Python,2024-2026,1.0,0.0,0.0,0.0,1
13,0,0,0,93,0,1,0,0,0.0,0,Python,2024-2026,1.0,93.0,0.0,0.0,1
14,0,0,0,0,13,1,0,0,0.0,0,Python,2024-2026,1.0,0.0,0.0,0.0,1
14,0,0,0,199,37,10,5,25,6.0,0,Python,2024-2026,1.0,5.24,0.45,0.55,0
2,1,0,1,2,1,1,0,1,20.0,0,Python,2024-2026,1.0,1.0,0.0,10.0,0
8,1,0,0,1,1,1,1,1,4.0,0,Python,2024-2026,1.0,0.5,0.5,2.0,17
10,1,0,0,30,29,1,0,0,0.0,0,Python,2024-2026,1.0,1.0,0.0,0.0,1
10,1,0,0,1,0,1,0,0,0.0,0,Python,2024-2026,1.0,1.0,0.0,0.0,1
12,1,0,0,18,22,1,0,0,0.0,0,Python,2024-2026,1.0,0.78,0.0,0.0,1
12,1,0,0,18,5,2,1,3,6.0,0,Python,2024-2026,1.0,3.0,0.33,2.0,0
13,1,0,0,0,3,1,0,1,23.0,0,Python,2024-2026,1.0,0.0,0.0,11.5,0
14,1,0,0,458,172,9,2,44,3.14,0,Python,2024-2026,1.0,2.65,0.2,0.31,0
14,1,0,0,2,1,1,0,1,3.0,0,Python,2024-2026,1.0,1.0,0.0,1.5,17
14,1,0,0,0,1,1,0,0,0.0,0,Python,2024-2026,1.0,0.0,0.0,0.0,1
14,1,0,0,0,1,1,0,0,0.0,0,Python,2024-2026,1.0,0.0,0.0,0.0,1
16,1,0,0,2,2,1,0,0,0.0,0,Python,2024-2026,1.0,0.67,0.0,0.0,0
16,1,0,0,4,0,1,0,0,0.0,0,Python,2024-2026,1.0,4.0,0.0,0.0,0
16,1,0,0,3,3,1,0,0,0.0,0,Python,2024-2026,1.0,0.75,0.0,0.0,0
6,2,0,0,40,4,2,1,2,16.0,0,Python,2024-2026,1.0,8.0,0.33,5.33,0
10,2,0,0,18,48,2,0,0,0.0,0,Python,2024-2026,1.0,0.37,0.0,0.0,0
10,2,0,0,1,1,1,0,11,3.27,0,Python,2024-2026,1.0,0.5,0.0,1.64,0
10,2,0,0,2,7,1,0,0,0.0,0,Python,2024-2026,1.0,0.25,0.0,0.0,0
10,2,0,0,5,5,3,0,0,0.0,0,Python,2024-2026,1.0,0.83,0.0,0.0,0
10,2,0,0,2,0,1,0,0,0.0,0,Python,2024-2026,1.0,2.0,0.0,0.0,0
10,2,0,0,1,0,1,0,0,0.0,0,Python,2024-2026,1.0,1.0,0.0,0.0,0
10,2,0,0,17,5,8,0,62,2.84,0,Python,2024-2026,1.0,2.83,0.0,0.32,0
10,2,0,0,1,1,1,0,0,0.0,0,Python,2024-2026,1.0,0.5,0.0,0.0,0
10,2,0,0,7,89,1,0,0,0.0,0,Python,2024-2026,1.0,0.08,0.0,0.0,0
10,2,0,0,14,2,1,0,0,0.0,0,Python,2024-2026,1.0,4.67,0.0,0.0,0
10,2,0,0,4,4,3,0,0,0.0,0,Python,2024-2026,1.0,0.8,0.0,0.0,0
10,2,0,0,2,1,2,0,0,0.0,0,Python,2024-2026,1.0,1.0,0.0,0.0,0
12,2,0,0,2,3,3,0,0,0.0,0,Python,2024-2026,1.0,0.5,0.0,0.0,0
13,2,0,0,33,10,2,0,6,7.67,0,Python,2024-2026,1.0,3.0,0.0,2.56,0
16,2,0,0,2,2,1,0,0,0.0,0,Python,2024-2026,1.0,0.67,0.0,0.0,0
18,2,0,0,2,4,1,0,0,0.0,0,Python,2024-2026,1.0,0.4,0.0,0.0,0
8,3,0,0,64,4,3,1,9,1.44,0,Python,2024-2026,1.0,12.8,0.25,0.36,0
8,3,0,0,1,2,1,1,0,0.0,0,Python,2024-2026,1.0,0.33,0.5,0.0,17
11,3,0,0,7,20,1,0,0,0.0,0,Python,2024-2026,1.0,0.33,0.0,0.0,0
11,3,0,0,1,0,1,0,0,0.0,0,Python,2024-2026,1.0,1.0,0.0,0.0,0
17,3,0,0,65,30,5,2,6,8.17,0,Python,2024-2026,1.0,2.1,0.33,1.36,0
18,3,0,0,15,15,1,0,0,0.0,0,Python,2024-2026,1.0,0.94,0.0,0.0,0
19,3,0,0,124,12,2,0,7,2.0,1,Python,2024-2026,0.25,9.54,0.0,0.67,0
23,3,0,1,39,39,30,3,14,13.0,0,Python,2024-2026,1.0,0.98,0.1,0.42,0
8,4,0,0,10,12,3,1,1,1.0,0,Python,2024-2026,1.0,0.77,0.25,0.25,17
9,4,0,0,3,3,3,0,0,0.0,0,Python,2024-2026,1.0,0.75,0.0,0.0,0
9,4,0,0,2,2,2,0,0,0.0,0,Python,2024-2026,1.0,0.67,0.0,0.0,0
9,4,0,0,16,1,1,0,2,4.0,0,Python,2024-2026,1.0,8.0,0.0,2.0,0
9,4,0,0,2,0,2,0,0,0.0,0,Python,2024-2026,1.0,2.0,0.0,0.0,0
9,4,0,0,9,9,2,1,2,10.0,0,Python,2024-2026,1.0,0.9,0.33,3.33,0
10,4,0,0,547,526,31,29,177,3.07,0,Python,2024-2026,1.0,1.04,0.91,0.1,0
10,4,0,0,98,23,1,0,5,3.0,1,Python,2024-2026,0.75,4.08,0.0,1.5,1
11,4,0,0,84,126,9,3,6,5.17,0,Python,2024-2026,1.0,0.66,0.3,0.52,0
11,4,0,0,0,6,3,3,0,0.0,0,Python,2024-2026,1.0,0.0,0.75,0.0,0
11,4,0,0,15,0,1,0,0,0.0,0,Python,2024-2026,1.0,15.0,0.0,0.0,2
11,4,0,0,1,1,1,0,0,0.0,0,Python,2024-2026,1.0,0.5,0.0,0.0,0
14,4,0,0,4,4,2,0,0,0.0,0,Python,2024-2026,1.0,0.8,0.0,0.0,0
14,4,0,0,2,2,2,0,0,0.0,0,Python,2024-2026,1.0,0.67,0.0,0.0,0
14,4,0,0,130,82,7,3,6,5.17,0,Python,2024-2026,1.0,1.57,0.38,0.65,0
14,4,0,0,45,99,5,3,3,6.0,0,Python,2024-2026,1.0,0.45,0.5,1.0,0
14,4,0,0,1,1,1,0,0,0.0,0,Python,2024-2026,1.0,0.5,0.0,0.0,0
15,4,0,0,23,2,2,1,1,1.0,0,Python,2024-2026,1.0,7.67,0.33,0.33,0
20,4,0,0,18,18,2,1,0,0.0,0,Python,2024-2026,1.0,0.95,0.33,0.0,0
8,5,1,0,14,25,4,0,0,0.0,0,Python,2024-2026,1.0,0.54,0.0,0.0,0
8,5,1,0,1,1,1,0,0,0.0,0,Python,2024-2026,1.0,0.5,0.0,0.0,0
8,5,1,0,2,1,1,0,0,0.0,0,Python,2024-2026,1.0,1.0,0.0,0.0,0
8,5,1,0,1279,432,139,10,57,6.25,0,Python,2024-2026,1.0,2.95,0.07,0.04,0
8,5,1,0,7,18,1,1,0,0.0,0,Python,2024-2026,1.0,0.37,0.5,0.0,0
8,5,1,0,2,2,1,1,0,0.0,0,Python,2024-2026,1.0,0.67,0.5,0.0,0
8,5,1,0,60,131,64,18,8,8.5,0,Python,2024-2026,1.0,0.45,0.28,0.13,0
8,5,1,0,3,13,8,5,1,14.0,0,Python,2024-2026,1.0,0.21,0.56,1.56,0
8,5,1,0,17,20,9,3,0,0.0,0,Python,2024-2026,1.0,0.81,0.3,0.0,0
13,5,1,0,5,2,1,0,1,147.0,0,Python,2024-2026,1.0,1.67,0.0,73.5,0
13,5,1,0,3,0,1,0,0,0.0,0,Python,2024-2026,1.0,3.0,0.0,0.0,0
10,0,0,0,7,7,1,1,0,0.0,0,Python,2024-2026,1.0,0.88,0.5,0.0,0
10,0,0,0,7,7,1,1,0,0.0,0,Python,2024-2026,1.0,0.88,0.5,0.0,0
10,0,0,0,40,40,1,1,0,0.0,0,Python,2024-2026,1.0,0.98,0.5,0.0,0
10,0,0,0,206,208,11,4,0,0.0,0,Python,2024-2026,1.0,0.99,0.33,0.0,0
13,0,0,0,93,64,33,5,15,17.8,0,Python,2024-2026,1.0,1.43,0.15,0.52,0
15,0,0,0,1,1,1,1,0,0.0,0,Python,2024-2026,1.0,0.5,0.5,0.0,0
16,0,0,0,1,1,1,0,0,0.0,0,Python,2024-2026,1.0,0.5,0.0,0.0,0
16,0,0,0,1,1,1,0,0,0.0,0,Python,2024-2026,1.0,0.5,0.0,0.0,0
18,0,0,0,83,0,1,0,0,0.0,0,Python,2024-2026,1.0,83.0,0.0,0.0,0
19,0,0,0,18,2,2,1,2,2.5,0,Python,2024-2026,1.0,6.0,0.33,0.83,1
8,1,0,0,36,7,6,1,7,15.43,0,Python,2024-2026,1.0,4.5,0.14,2.2,0
10,1,0,0,35,8,2,1,3,4.0,0,Python,2024-2026,1.0,3.89,0.33,1.33,1
11,1,0,0,1,1,1,0,0,0.0,0,Python,2024-2026,1.0,0.5,0.0,0.0,1
11,1,0,0,0,5,1,0,0,0.0,0,Python,2024-2026,1.0,0.0,0.0,0.0,1
11,1,0,0,8,47,2,1,7,5.57,0,Python,2024-2026,1.0,0.17,0.33,1.86,0
8,2,0,0,198,178,40,23,63,5.51,0,Python,2024-2026,1.0,1.11,0.56,0.13,0
14,2,0,0,458,64,16,5,31,2.65,0,Python,2024-2026,1.0,7.05,0.29,0.16,0
10,3,0,0,9,7,3,1,2,5.0,0,Python,2024-2026,1.0,1.12,0.25,1.25,17
12,3,0,0,18,3,1,0,1,4.0,0,Python,2024-2026,1.0,4.5,0.0,2.0,17
13,3,0,0,10,3,2,1,3,2.67,0,Python,2024-2026,1.0,2.5,0.33,0.89,17
15,3,0,0,4,4,3,1,1,3.0,0,Python,2024-2026,1.0,0.8,0.25,0.75,17
15,3,0,0,5,5,2,0,0,0.0,0,Python,2024-2026,1.0,0.83,0.0,0.0,0
17,3,0,0,2,2,1,0,1,2.0,0,Python,2024-2026,1.0,0.67,0.0,1.0,0
19,3,0,0,16,0,4,1,4,2.75,0,Python,2024-2026,1.0,16.0,0.2,0.55,0
21,3,0,0,5,31,4,3,0,0.0,0,Python,2024-2026,1.0,0.16,0.6,0.0,0
7,4,0,0,81,3,2,1,11,4.64,0,Python,2024-2026,1.0,20.25,0.33,1.55,0
8,4,0,0,9,6,3,0,3,9.33,0,Python,2024-2026,1.0,1.29,0.0,2.33,0
8,4,0,0,2,2,2,0,0,0.0,0,Python,2024-2026,1.0,0.67,0.0,0.0,0
8,4,0,0,4,2,2,1,0,0.0,0,Python,2024-2026,1.0,1.33,0.33,0.0,0
9,4,0,0,8,2,1,0,2,1.0,0,Python,2024-2026,1.0,2.67,0.0,0.5,0
9,4,0,0,17,23,2,2,1,8.0,0,Python,2024-2026,1.0,0.71,0.67,2.67,0
10,4,0,0,10,0,1,1,1,1.0,0,Python,2024-2026,1.0,10.0,0.5,0.5,0
10,4,0,0,1,0,1,0,0,0.0,0,Python,2024-2026,1.0,1.0,0.0,0.0,0
11,4,0,0,209,0,1,0,0,0.0,0,Python,2024-2026,1.0,209.0,0.0,0.0,0
11,4,0,0,110,5,3,1,11,3.82,0,Python,2024-2026,1.0,18.33,0.25,0.96,0
13,4,0,0,2,3,1,0,0,0.0,0,Python,2024-2026,1.0,0.5,0.0,0.0,0
13,4,0,0,98,23,1,0,0,0.0,0,Python,2024-2026,1.0,4.08,0.0,0.0,0
14,4,0,0,155,130,7,4,21,2.48,0,Python,2024-2026,1.0,1.18,0.5,0.31,17
14,4,0,0,16,11,1,0,2,5.0,0,Python,2024-2026,1.0,1.33,0.0,2.5,0
14,4,0,0,1,0,1,0,0,0.0,0,Python,2024-2026,1.0,1.0,0.0,0.0,0
15,4,0,0,3,2,3,0,4,5.0,0,Python,2024-2026,1.0,1.0,0.0,1.25,0
15,4,0,0,3,0,1,0,0,0.0,0,Python,2024-2026,1.0,3.0,0.0,0.0,0
16,4,0,0,316,4,2,1,1,9.0,0,Python,2024-2026,1.0,63.2,0.33,3.0,0
16,4,0,0,64,23,21,21,27,1.11,0,Python,2024-2026,1.0,2.67,0.95,0.05,0
16,4,0,0,2,4,1,0,0,0.0,0,Python,2024-2026,1.0,0.4,0.0,0.0,0
17,4,0,0,8,2,3,1,2,10.5,0,Python,2024-2026,1.0,2.67,0.25,2.62,0
19,4,0,0,220,1,2,0,0,0.0,0,Python,2024-2026,1.0,110.0,0.0,0.0,0
20,4,0,0,1,1,1,0,1,10.0,0,Python,2024-2026,1.0,0.5,0.0,5.0,0
20,4,0,0,2,2,1,0,0,0.0,0,Python,2024-2026,1.0,0.67,0.0,0.0,0
20,4,0,0,2,2,2,0,0,0.0,0,Python,2024-2026,1.0,0.67,0.0,0.0,0
21,4,0,0,194,44,2,0,0,0.0,0,Python,2024-2026,1.0,4.31,0.0,0.0,0
21,4,0,0,0,0,0,0,0,0.0,0,Python,2024-2026,1.0,0.0,0.0,0.0,0
21,4,0,0,1,7,1,0,0,0.0,0,Python,2024-2026,1.0,0.12,0.0,0.0,0
22,4,0,1,190,101,2,0,0,0.0,0,Python,2024-2026,1.0,1.86,0.0,0.0,0
22,4,0,1,0,283,1,0,0,0.0,0,Python,2024-2026,1.0,0.0,0.0,0.0,0
22,4,0,1,38,8,1,0,0,0.0,0,Python,2024-2026,1.0,4.22,0.0,0.0,0
12,5,1,0,32,39,3,1,6,7.17,0,Python,2024-2026,1.0,0.8,0.25,1.79,0
21,5,1,0,2,1,1,0,1,3.0,0,Python,2024-2026,1.0,1.0,0.0,1.5,0
21,5,1,0,1,1,1,0,0,0.0,0,Python,2024-2026,1.0,0.5,0.0,0.0,0
9,6,1,0,157,155,5,1,8,6.5,0,Python,2024-2026,1.0,1.01,0.17,1.08,0
10,6,1,0,157,7,6,3,28,2.71,0,Python,2024-2026,1.0,19.62,0.43,0.39,0
10,0,0,0,219,214,12,4,0,0.0,0,Python,2024-2026,1.0,1.02,0.31,0.0,0
10,0,0,0,50,47,1,1,0,0.0,0,Python,2024-2026,1.0,1.04,0.5,0.0,0
10,0,0,0,27,198,88,88,9,6.67,0,Python,2024-2026,1.0,0.14,0.99,0.07,0
10,0,0,0,7,7,1,1,0,0.0,0,Python,2024-2026,1.0,0.88,0.5,0.0,0
10,0,0,0,3,3,1,1,0,0.0,0,Python,2024-2026,1.0,0.75,0.5,0.0,0
10,0,0,0,3,2,1,0,0,0.0,0,Python,2024-2026,1.0,1.0,0.0,0.0,0
11,0,0,0,10,10,7,2,3,2.67,0,Python,2024-2026,1.0,0.91,0.25,0.33,0
13,0,0,0,370,56,2,1,32,2.62,0,Python,2024-2026,1.0,6.49,0.33,0.87,0
13,0,0,0,67,0,1,0,1,1.0,0,Python,2024-2026,1.0,67.0,0.0,0.5,0
13,0,0,0,34,4,3,1,4,1.25,0,Python,2024-2026,1.0,6.8,0.25,0.31,0
15,0,0,0,167,33,4,3,15,2.67,0,Python,2024-2026,1.0,4.91,0.6,0.53,17
17,0,0,0,3,0,1,1,1,6.0,0,Python,2024-2026,1.0,3.0,0.5,3.0,0
9,1,0,0,13,8,2,1,2,1.0,0,Python,2024-2026,1.0,1.44,0.33,0.33,0
9,1,0,0,0,82,1,1,0,0.0,0,Python,2024-2026,1.0,0.0,0.5,0.0,0
11,1,0,0,178,17,6,3,11,6.09,0,Python,2024-2026,1.0,9.89,0.43,0.87,0
11,1,0,0,38,2,2,1,6,2.17,0,Python,2024-2026,1.0,12.67,0.33,0.72,0
12,1,0,0,8,4,1,0,1,53.0,0,Python,2024-2026,1.0,1.6,0.0,26.5,0
12,1,0,0,5,5,2,0,0,0.0,0,Python,2024-2026,1.0,0.83,0.0,0.0,0
13,1,0,0,100,89,10,9,22,5.36,0,Python,2024-2026,1.0,1.11,0.82,0.49,0
14,1,0,0,8,2,2,1,2,2.0,0,Python,2024-2026,1.0,2.67,0.33,0.67,0
14,1,0,0,13,8,2,1,2,1.0,0,Python,2024-2026,1.0,1.44,0.33,0.33,0
15,1,0,0,49,0,2,1,3,4.67,0,Python,2024-2026,1.0,49.0,0.33,1.56,0
15,1,0,0,496,507,52,49,244,1.79,0,Python,2024-2026,1.0,0.98,0.92,0.03,0
15,1,0,0,4,3,1,0,1,7.0,0,Python,2024-2026,1.0,1.0,0.0,3.5,0
15,1,0,0,4,0,1,0,1,6.0,0,Python,2024-2026,1.0,4.0,0.0,3.0,0
16,1,0,0,118,4,1,0,5,3.8,0,Python,2024-2026,1.0,23.6,0.0,1.9,0
18,1,0,0,6,6,3,2,0,0.0,0,Python,2024-2026,1.0,0.86,0.5,0.0,0
10,2,0,0,4,4,2,2,2,4.5,0,Python,2024-2026,1.0,0.8,0.67,1.5,0
11,2,0,0,23,23,9,2,0,0.0,0,Python,2024-2026,1.0,0.96,0.2,0.0,0
11,2,0,0,26,10,2,1,1,11.0,0,Python,2024-2026,1.0,2.36,0.33,3.67,0
11,2,0,0,2,4,1,0,0,0.0,0,Python,2024-2026,1.0,0.4,0.0,0.0,0
11,2,0,0,35,34,2,1,30,2.2,0,Python,2024-2026,1.0,1.0,0.33,0.73,0
11,2,0,0,19,0,2,2,2,2.5,0,Python,2024-2026,1.0,19.0,0.67,0.83,0
12,2,0,0,3,6,1,0,0,0.0,0,Python,2024-2026,1.0,0.43,0.0,0.0,0
13,2,0,0,1475,4,14,3,73,1.93,0,Python,2024-2026,1.0,295.0,0.2,0.13,1
15,2,0,0,10,0,1,1,1,12.0,0,Python,2024-2026,1.0,10.0,0.5,6.0,0
17,2,0,0,2,7,3,0,1,16.0,0,Python,2024-2026,1.0,0.25,0.0,4.0,0
18,2,0,0,262,21,1,0,0,0.0,0,Python,2024-2026,1.0,11.91,0.0,0.0,0
18,2,0,0,1,1,1,0,0,0.0,0,Python,2024-2026,1.0,0.5,0.0,0.0,0
18,2,0,0,49,15,1,0,0,0.0,0,Python,2024-2026,1.0,3.06,0.0,0.0,0
19,2,0,0,0,1,1,0,1,2.0,0,Python,2024-2026,1.0,0.0,0.0,1.0,0
20,2,0,0,189,0,12,2,11,1.64,0,Python,2024-2026,1.0,189.0,0.15,0.13,0
11,3,0,0,1,1,1,1,1,19.0,0,Python,2024-2026,1.0,0.5,0.5,9.5,0
14,3,0,0,116,209,1,0,0,0.0,0,Python,2024-2026,1.0,0.55,0.0,0.0,0
14,3,0,0,9,0,1,0,0,0.0,0,Python,2024-2026,1.0,9.0,0.0,0.0,0
8,4,0,0,258,181,5,5,31,2.19,0,Python,2024-2026,1.0,1.42,0.83,0.36,0
12,4,0,0,339,368,5,1,0,0.0,0,Python,2024-2026,1.0,0.92,0.17,0.0,2
12,4,0,0,11,0,1,1,0,0.0,0,Python,2024-2026,1.0,11.0,0.5,0.0,2
12,4,0,0,7,4,4,1,0,0.0,0,Python,2024-2026,1.0,1.4,0.2,0.0,2
12,4,0,0,3,3,4,1,0,0.0,0,Python,2024-2026,1.0,0.75,0.2,0.0,2
12,4,0,0,7,7,2,1,0,0.0,0,Python,2024-2026,1.0,0.88,0.33,0.0,2
12,4,0,0,28,4,1,1,0,0.0,0,Python,2024-2026,1.0,5.6,0.5,0.0,2
12,4,0,0,1,15,1,0,0,0.0,0,Python,2024-2026,1.0,0.06,0.0,0.0,2
12,4,0,0,8,12,1,0,5,2.2,0,Python,2024-2026,1.0,0.62,0.0,1.1,0
13,4,0,0,14,0,2,1,2,2.0,0,Python,2024-2026,1.0,14.0,0.33,0.67,0
13,4,0,0,64,2,1,0,3,3.0,0,Python,2024-2026,1.0,21.33,0.0,1.5,0
13,4,0,0,205,161,36,1,0,0.0,0,Python,2024-2026,1.0,1.27,0.03,0.0,0
14,4,0,0,40,2,4,1,2,2.5,0,Python,2024-2026,1.0,13.33,0.2,0.5,0
14,4,0,0,3,9,2,1,1,6.0,0,Python,2024-2026,1.0,0.3,0.33,2.0,0
14,4,0,0,8,4,2,1,1,2.0,0,Python,2024-2026,1.0,1.6,0.33,0.67,0
14,4,0,0,40,3,1,0,0,0.0,0,Python,2024-2026,1.0,10.0,0.0,0.0,0
14,4,0,0,39,19,3,1,5,8.0,0,Python,2024-2026,1.0,1.95,0.25,2.0,0
14,4,0,0,145,8,3,2,0,0.0,0,Python,2024-2026,1.0,16.11,0.5,0.0,0
14,4,0,0,68,1,3,0,0,0.0,0,Python,2024-2026,1.0,34.0,0.0,0.0,0
16,4,0,0,43,42,5,0,13,5.0,0,Python,2024-2026,1.0,1.0,0.0,0.83,0
16,4,0,0,10,1,2,0,0,0.0,0,Python,2024-2026,1.0,5.0,0.0,0.0,0
17,4,0,0,30,30,6,2,0,0.0,0,Python,2024-2026,1.0,0.97,0.29,0.0,2
18,4,0,0,13,7,4,1,8,2.75,0,Python,2024-2026,1.0,1.62,0.2,0.55,0
23,4,0,1,1,1,1,1,0,0.0,0,Python,2024-2026,1.0,0.5,0.5,0.0,0
23,4,0,1,101,64,1,0,1,1.0,0,Python,2024-2026,1.0,1.55,0.0,0.5,0
23,4,0,1,1,1,1,1,0,0.0,0,Python,2024-2026,1.0,0.5,0.5,0.0,0
2,5,1,1,3,3,1,0,1,6.0,0,Python,2024-2026,1.0,0.75,0.0,3.0,0
19,5,1,0,10,8,1,1,7,1.86,0,Python,2024-2026,1.0,1.11,0.5,0.93,0
10,0,0,0,1,1,1,0,0,0.0,0,Python,2024-2026,1.0,0.5,0.0,0.0,0
11,0,0,0,315,71,5,3,10,4.8,0,Python,2024-2026,1.0,4.38,0.5,0.8,0
12,0,0,0,466,11,3,1,12,5.17,0,Python,2024-2026,1.0,38.83,0.25,1.29,0
12,0,0,0,7,3,2,0,2,7.5,0,Python,2024-2026,1.0,1.75,0.0,2.5,0
14,0,0,0,1,1,1,1,0,0.0,0,Python,2024-2026,1.0,0.5,0.5,0.0,0
14,0,0,0,3,3,1,1,0,0.0,0,Python,2024-2026,1.0,0.75,0.5,0.0,0
14,0,0,0,5,5,1,1,0,0.0,0,Python,2024-2026,1.0,0.83,0.5,0.0,0
14,0,0,0,43,43,10,4,0,0.0,0,Python,2024-2026,1.0,0.98,0.36,0.0,0
18,0,0,0,64,6,3,1,6,1.33,0,Python,2024-2026,1.0,9.14,0.25,0.33,0
20,0,0,0,48,1,2,1,3,2.33,0,Python,2024-2026,1.0,24.0,0.33,0.78,0
20,0,0,0,564,0,12,2,15,4.0,0,Python,2024-2026,1.0,564.0,0.15,0.31,0
20,0,0,0,77,17,1,0,0,0.0,0,Python,2024-2026,1.0,4.28,0.0,0.0,0
21,0,0,0,1,1,1,0,0,0.0,0,Python,2024-2026,1.0,0.5,0.0,0.0,0
0,1,0,1,6,6,1,0,0,0.0,0,Python,2024-2026,1.0,0.86,0.0,0.0,0
1,1,0,1,1,1,1,1,0,0.0,0,Python,2024-2026,1.0,0.5,0.5,0.0,0
1,1,0,1,11,5,2,0,1,3.0,0,Python,2024-2026,1.0,1.83,0.0,1.0,0
10,1,0,0,6,6,1,1,3,1.0,0,Python,2024-2026,1.0,0.86,0.5,0.5,0
10,1,0,0,70,5,2,1,2,1.5,0,Python,2024-2026,1.0,11.67,0.33,0.5,0
10,1,0,0,37,16,3,1,5,3.4,0,Python,2024-2026,1.0,2.18,0.25,0.85,0
12,1,0,0,77,2,2,1,3,7.33,0,Python,2024-2026,1.0,25.67,0.33,2.44,0
12,1,0,0,61,0,2,1,3,2.0,0,Python,2024-2026,1.0,61.0,0.33,0.67,0
12,1,0,0,44,3,3,1,2,10.5,0,Python,2024-2026,1.0,11.0,0.25,2.62,0
15,1,0,0,7,0,2,0,0,0.0,0,Python,2024-2026,1.0,7.0,0.0,0.0,2
15,1,0,0,15,14,6,2,0,0.0,0,Python,2024-2026,1.0,1.0,0.29,0.0,2
16,1,0,0,32,64,2,1,0,0.0,0,Python,2024-2026,1.0,0.49,0.33,0.0,2
16,1,0,0,62,35,1,0,0,0.0,0,Python,2024-2026,1.0,1.72,0.0,0.0,0
16,1,0,0,34,2,1,0,0,0.0,0,Python,2024-2026,1.0,11.33,0.0,0.0,0
10,2,0,0,664,3,327,193,0,0.0,0,Python,2024-2026,1.0,166.0,0.59,0.0,17
11,2,0,0,56,25,3,1,8,2.5,0,Python,2024-2026,1.0,2.15,0.25,0.62,17
11,2,0,0,47,2,3,2,4,10.25,0,Python,2024-2026,1.0,15.67,0.5,2.56,17
12,2,0,0,47,15,3,1,4,5.75,0,Python,2024-2026,1.0,2.94,0.25,1.44,0
13,2,0,0,13,2,3,1,3,8.67,0,Python,2024-2026,1.0,4.33,0.25,2.17,0
14,2,0,0,20,5,2,1,2,4.0,0,Python,2024-2026,1.0,3.33,0.33,1.33,0
15,2,0,0,0,38,1,1,0,0.0,0,Python,2024-2026,1.0,0.0,0.5,0.0,0
16,2,0,0,40,45,1,0,0,0.0,0,Python,2024-2026,1.0,0.87,0.0,0.0,0
16,2,0,0,29,15,2,2,14,1.64,0,Python,2024-2026,1.0,1.81,0.67,0.55,0
17,2,0,0,9,6,1,0,0,0.0,0,Python,2024-2026,1.0,1.29,0.0,0.0,0
18,2,0,0,1,0,1,0,0,0.0,0,Python,2024-2026,1.0,1.0,0.0,0.0,0
10,3,0,0,1459,1328,448,0,832,1.7,0,Python,2024-2026,1.0,1.1,0.0,0.0,0
10,3,0,0,18,18,5,0,52,2.77,0,Python,2024-2026,1.0,0.95,0.0,0.46,0
11,3,0,0,31,12,3,0,5,6.8,0,Python,2024-2026,1.0,2.38,0.0,1.7,17
12,3,0,0,74,14,5,0,2,1.0,0,Python,2024-2026,1.0,4.93,0.0,0.17,0
13,3,0,0,18,8,6,0,0,0.0,0,Python,2024-2026,1.0,2.0,0.0,0.0,0
13,3,0,0,3,3,2,0,11,3.27,0,Python,2024-2026,1.0,0.75,0.0,1.09,0
14,3,0,0,3,3,1,0,0,0.0,0,Python,2024-2026,1.0,0.75,0.0,0.0,0
14,3,0,0,2,2,1,0,0,0.0,0,Python,2024-2026,1.0,0.67,0.0,0.0,0
15,3,0,0,4,2,1,0,1,4.0,0,Python,2024-2026,1.0,1.33,0.0,2.0,0
15,3,0,0,30,1,3,1,2,2.5,0,Python,2024-2026,1.0,15.0,0.25,0.62,0
16,3,0,0,5,1,2,0,1,10.0,0,Python,2024-2026,1.0,2.5,0.0,3.33,0
17,3,0,0,50,97,3,1,9,2.89,0,Python,2024-2026,1.0,0.51,0.25,0.72,0
18,3,0,0,19,5,2,0,4,2.25,0,Python,2024-2026,1.0,3.17,0.0,0.75,2
21,3,0,0,3,0,2,0,0,0.0,0,Python,2024-2026,1.0,3.0,0.0,0.0,0
9,4,0,0,33,8,2,1,2,27.5,0,Python,2024-2026,1.0,3.67,0.33,9.17,0
11,4,0,0,178,117,2,1,14,5.36,0,Python,2024-2026,1.0,1.51,0.33,1.79,0
18,4,0,0,23,11,7,2,0,0.0,0,Python,2024-2026,1.0,1.92,0.25,0.0,2
9,0,0,0,51,51,8,2,0,0.0,0,Python,2024-2026,1.0,0.98,0.22,0.0,2
10,0,0,0,159,159,12,4,0,0.0,0,Python,2024-2026,1.0,0.99,0.31,0.0,0
10,0,0,0,7,7,1,1,0,0.0,0,Python,2024-2026,1.0,0.88,0.5,0.0,0
10,0,0,0,8,8,1,1,0,0.0,0,Python,2024-2026,1.0,0.89,0.5,0.0,0
10,0,0,0,56,58,2,1,0,0.0,0,Python,2024-2026,1.0,0.95,0.33,0.0,0
11,0,0,0,33,0,2,1,2,2.0,0,Python,2024-2026,1.0,33.0,0.33,0.67,0
11,0,0,0,105,5,2,1,4,1.5,0,Python,2024-2026,1.0,17.5,0.33,0.5,0
11,0,0,0,252,4,3,1,2,21.5,0,Python,2024-2026,1.0,50.4,0.25,5.38,0
14,0,0,0,2,2,2,0,0,0.0,0,Python,2024-2026,1.0,0.67,0.0,0.0,0
16,0,0,0,107,0,2,0,0,0.0,0,Python,2024-2026,1.0,107.0,0.0,0.0,0
17,0,0,0,5,0,3,2,0,0.0,0,Python,2024-2026,1.0,5.0,0.5,0.0,0
18,0,0,0,4,4,4,1,0,0.0,0,Python,2024-2026,1.0,0.8,0.2,0.0,2
18,0,0,0,1,0,1,0,0,0.0,0,Python,2024-2026,1.0,1.0,0.0,0.0,2
19,0,0,0,8,0,4,1,0,0.0,0,Python,2024-2026,1.0,8.0,0.2,0.0,2
2,1,0,1,153,40,3,1,5,15.2,0,Python,2024-2026,1.0,3.73,0.25,3.8,0
11,1,0,0,4338,2161,3,1,0,0.0,0,Python,2024-2026,1.0,2.01,0.25,0.0,2
11,1,0,0,54,15,1,1,3,2.0,0,Python,2024-2026,1.0,3.38,0.5,1.0,2
11,1,0,0,31,3,1,1,5,2.8,0,Python,2024-2026,1.0,7.75,0.5,1.4,2
11,1,0,0,10,1,1,0,0,0.0,0,Python,2024-2026,1.0,5.0,0.0,0.0,2
11,1,0,0,5688,2341,1,0,0,0.0,0,Python,2024-2026,1.0,2.43,0.0,0.0,2
11,1,0,0,3,0,1,0,0,0.0,0,Python,2024-2026,1.0,3.0,0.0,0.0,2
13,1,0,0,593,345,4,1,32,5.72,0,Python,2024-2026,1.0,1.71,0.2,1.14,0
16,1,0,0,0,69,2,1,6,2.33,0,Python,2024-2026,1.0,0.0,0.33,0.78,0
16,1,0,0,12,78,2,1,11,3.09,0,Python,2024-2026,1.0,0.15,0.33,1.03,0
16,1,0,0,13,236,2,1,15,3.73,0,Python,2024-2026,1.0,0.05,0.33,1.24,0
16,1,0,0,10,10,2,2,2,10.0,0,Python,2024-2026,1.0,0.91,0.67,3.33,0
20,1,0,0,333,68,3,1,11,9.82,0,Python,2024-2026,1.0,4.83,0.25,2.46,0
20,1,0,0,0,48,5,0,5,2.0,0,Python,2024-2026,1.0,0.0,0.0,0.33,0
9,2,0,0,411,3,2,1,1,6.0,0,Python,2024-2026,1.0,102.75,0.33,2.0,0
12,2,0,0,152,139,20,19,71,1.54,0,Python,2024-2026,1.0,1.09,0.9,0.07,0
13,2,0,0,14,6,2,0,1,5.0,0,Python,2024-2026,1.0,2.0,0.0,1.67,0
14,2,0,0,20,63,2,1,3,11.33,0,Python,2024-2026,1.0,0.31,0.33,3.78,0
15,2,0,0,69,40,4,1,3,16.0,0,Python,2024-2026,1.0,1.68,0.2,3.2,0
15,2,0,0,40,7,3,1,2,7.5,0,Python,2024-2026,1.0,5.0,0.25,1.88,0
16,2,0,0,43,1,3,1,2,3.0,0,Python,2024-2026,1.0,21.5,0.25,0.75,0
16,2,0,0,2,6,2,0,2,123.0,0,Python,2024-2026,1.0,0.29,0.0,41.0,2
18,2,0,0,551,35,13,3,28,4.39,1,Python,2024-2026,1.0,15.31,0.21,0.31,1
18,2,0,0,7,5,1,0,3,10.67,0,Python,2024-2026,1.0,1.17,0.0,5.34,0
22,2,0,1,143,30,4,1,11,4.64,0,Python,2024-2026,1.0,4.61,0.2,0.93,0
3,3,0,1,2,0,1,0,0,0.0,0,Python,2024-2026,1.0,2.0,0.0,0.0,0
13,3,0,0,2,14,1,1,2,6.0,0,Python,2024-2026,1.0,0.13,0.5,3.0,0
18,3,0,0,247,132,5,1,19,2.68,0,Python,2024-2026,1.0,1.86,0.17,0.45,0
10,4,0,0,67,58,5,2,2,4.5,0,Python,2024-2026,1.0,1.14,0.33,0.75,0
11,4,0,0,31,44,2,1,4,7.0,0,Python,2024-2026,1.0,0.69,0.33,2.33,0
11,4,0,0,4,0,1,0,0,0.0,0,Python,2024-2026,1.0,4.0,0.0,0.0,0
12,4,0,0,1,27,2,1,3,2.0,0,Python,2024-2026,1.0,0.04,0.33,0.67,0
13,4,0,0,18,34,2,1,3,15.67,0,Python,2024-2026,1.0,0.51,0.33,5.22,0
14,4,0,0,31,1,3,1,2,2.0,0,Python,2024-2026,1.0,15.5,0.25,0.5,0
14,4,0,0,0,45,4,2,4,4.5,0,Python,2024-2026,1.0,0.0,0.4,0.9,0
14,4,0,0,129,9,2,1,4,3.0,0,Python,2024-2026,1.0,12.9,0.33,1.0,0
16,4,0,0,3,3,1,0,0,0.0,0,Python,2024-2026,1.0,0.75,0.0,0.0,0
16,4,0,0,19,9,5,0,0,0.0,0,Python,2024-2026,1.0,1.9,0.0,0.0,0
18,4,0,0,14,21,1,1,7,2.0,0,Python,2024-2026,1.0,0.64,0.5,1.0,0
18,4,0,0,42,4,3,2,2,8.5,0,Python,2024-2026,1.0,8.4,0.5,2.12,0
9,5,1,0,55,2,4,2,3,5.0,0,Python,2024-2026,1.0,18.33,0.4,1.0,0
21,6,1,0,2,2,1,0,1,110.0,0,Python,2024-2026,1.0,0.67,0.0,55.0,0
10,0,0,0,18,16,1,1,0,0.0,0,Python,2024-2026,1.0,1.06,0.5,0.0,0
10,0,0,0,3,3,1,1,0,0.0,0,Python,2024-2026,1.0,0.75,0.5,0.0,0
10,0,0,0,3,3,1,1,0,0.0,0,Python,2024-2026,1.0,0.75,0.5,0.0,0
15,0,0,0,58,4,6,1,6,4.33,0,Python,2024-2026,1.0,11.6,0.14,0.62,0
15,0,0,0,1,0,1,0,1,3.0,0,Python,2024-2026,1.0,1.0,0.0,1.5,0
15,0,0,0,3,3,2,1,1,5.0,0,Python,2024-2026,1.0,0.75,0.33,1.67,0
15,0,0,0,32,3,3,1,2,6.0,0,Python,2024-2026,1.0,8.0,0.25,1.5,0
15,0,0,0,926,55,2,1,22,2.77,0,Python,2024-2026,1.0,16.54,0.33,0.92,0
15,0,0,0,42,0,2,1,3,5.33,0,Python,2024-2026,1.0,42.0,0.33,1.78,0
20,0,0,0,290,0,12,2,11,1.64,0,Python,2024-2026,1.0,290.0,0.15,0.13,0
21,0,0,0,2,2,1,0,0,0.0,0,Python,2024-2026,1.0,0.67,0.0,0.0,0
9,1,0,0,41,6,2,1,5,1.4,0,Python,2024-2026,1.0,5.86,0.33,0.47,0
9,1,0,0,12,0,1,1,1,16.0,0,Python,2024-2026,1.0,12.0,0.5,8.0,0
9,1,0,0,6,1,2,1,1,1.0,0,Python,2024-2026,1.0,3.0,0.33,0.33,0
12,1,0,0,99,3,5,2,2,7.5,0,Python,2024-2026,1.0,24.75,0.33,1.25,0
13,1,0,0,0,479,1,0,0,0.0,0,Python,2024-2026,1.0,0.0,0.0,0.0,0
16,1,0,0,1,4,1,1,1,2.0,0,Python,2024-2026,1.0,0.2,0.5,1.0,0
16,1,0,0,1,1,1,0,0,0.0,0,Python,2024-2026,1.0,0.5,0.0,0.0,0
16,1,0,0,1,1,1,0,0,0.0,0,Python,2024-2026,1.0,0.5,0.0,0.0,0
17,1,0,0,28,1,2,1,2,4.0,0,Python,2024-2026,1.0,14.0,0.33,1.33,0
17,1,0,0,77,0,2,1,4,2.0,0,Python,2024-2026,1.0,77.0,0.33,0.67,0
9,2,0,0,78,16,8,4,19,5.21,0,Python,2024-2026,1.0,4.59,0.44,0.58,0
10,2,0,0,3,80,3,2,7,2.57,0,Python,2024-2026,1.0,0.04,0.5,0.64,0
11,2,0,0,3,2,1,0,1,5.0,0,Python,2024-2026,1.0,1.0,0.0,2.5,0
14,2,0,0,1,4,1,0,1,22.0,0,Python,2024-2026,1.0,0.2,0.0,11.0,0
14,2,0,0,0,20,2,1,1,28.0,0,Python,2024-2026,1.0,0.0,0.33,9.33,0
16,2,0,0,3,1,2,0,0,0.0,0,Python,2024-2026,1.0,1.5,0.0,0.0,17
17,2,0,0,7,28,2,1,7,1.14,0,Python,2024-2026,1.0,0.24,0.33,0.38,0
18,2,0,0,28,0,1,1,1,1.0,0,Python,2024-2026,1.0,28.0,0.5,0.5,0
23,2,0,1,10,1,2,0,1,3.0,0,Python,2024-2026,1.0,5.0,0.0,1.0,2
23,2,0,1,12,12,1,0,0,0.0,0,Python,2024-2026,1.0,0.92,0.0,0.0,0
23,2,0,1,0,1,1,0,0,0.0,0,Python,2024-2026,1.0,0.0,0.0,0.0,0
23,2,0,1,12,12,1,0,0,0.0,0,Python,2024-2026,1.0,0.92,0.0,0.0,0
0,3,0,1,21,7,2,1,2,18.0,0,Python,2024-2026,1.0,2.62,0.33,6.0,2
0,3,0,1,71,37,4,0,0,0.0,0,Python,2024-2026,1.0,1.87,0.0,0.0,0
9,3,0,0,1,1,1,0,1,3.0,0,Python,2024-2026,1.0,0.5,0.0,1.5,0
10,3,0,0,10,3,1,1,1,12.0,0,Python,2024-2026,1.0,2.5,0.5,6.0,0
11,3,0,0,23,1,2,1,2,2.0,0,Python,2024-2026,1.0,11.5,0.33,0.67,2
11,3,0,0,87,43,7,2,16,9.19,0,Python,2024-2026,1.0,1.98,0.25,1.15,0
12,3,0,0,86,83,12,4,0,0.0,0,Python,2024-2026,1.0,1.02,0.31,0.0,0
15,3,0,0,110,45,4,3,7,5.57,0,Python,2024-2026,1.0,2.39,0.6,1.11,0
16,3,0,0,255,1,12,2,14,1.71,0,Python,2024-2026,1.0,127.5,0.15,0.13,0
16,3,0,0,14,0,2,1,2,4.0,0,Python,2024-2026,1.0,14.0,0.33,1.33,0
17,3,0,0,62,5,3,1,3,26.0,0,Python,2024-2026,1.0,10.33,0.25,6.5,0
17,3,0,0,1,1,1,0,0,0.0,0,Python,2024-2026,1.0,0.5,0.0,0.0,0
18,3,0,0,7,13,3,2,3,6.67,0,Python,2024-2026,1.0,0.5,0.5,1.67,0
18,3,0,0,0,8,2,1,1,2.0,0,Python,2024-2026,1.0,0.0,0.33,0.67,0
18,3,0,0,231,6,3,2,2,4.0,0,Python,2024-2026,1.0,33.0,0.5,1.0,0
18,3,0,0,16,27,2,1,9,3.78,0,Python,2024-2026,1.0,0.57,0.33,1.26,0
18,3,0,0,4,2,2,1,1,10.0,0,Python,2024-2026,1.0,1.33,0.33,3.33,0
18,3,0,0,3,9,2,1,2,1.0,0,Python,2024-2026,1.0,0.3,0.33,0.33,0
18,3,0,0,1,2,1,0,0,0.0,0,Python,2024-2026,1.0,0.33,0.0,0.0,0
21,3,0,0,4,4,1,0,0,0.0,0,Python,2024-2026,1.0,0.8,0.0,0.0,0
9,4,0,0,8,5,1,0,1,9.0,0,Python,2024-2026,1.0,1.33,0.0,4.5,0
10,4,0,0,82,0,3,1,5,5.2,0,Python,2024-2026,1.0,82.0,0.25,1.3,0
10,4,0,0,41,22,2,1,4,11.25,0,Python,2024-2026,1.0,1.78,0.33,3.75,0
10,4,0,0,2,4,2,1,1,1.0,0,Python,2024-2026,1.0,0.4,0.33,0.33,0
10,4,0,0,7,5,2,1,4,3.25,0,Python,2024-2026,1.0,1.17,0.33,1.08,0
10,4,0,0,15,2,3,1,3,2.67,0,Python,2024-2026,1.0,5.0,0.25,0.67,0
11,4,0,0,67,2,5,0,9,4.11,0,Python,2024-2026,1.0,22.33,0.0,0.68,0
13,4,0,0,13,3,1,0,1,4.0,0,Python,2024-2026,1.0,3.25,0.0,2.0,0
13,4,0,0,15,16,3,1,5,4.8,0,Python,2024-2026,1.0,0.88,0.25,1.2,0
16,4,0,0,68,3,2,0,0,0.0,0,Python,2024-2026,1.0,17.0,0.0,0.0,0
16,4,0,0,97,18,2,1,5,6.6,0,Python,2024-2026,1.0,5.11,0.33,2.2,0
17,4,0,0,6,2,1,0,0,0.0,0,Python,2024-2026,1.0,2.0,0.0,0.0,0
1,5,1,1,237,70,8,1,12,13.33,0,Python,2024-2026,1.0,3.34,0.11,1.48,0
13,5,1,0,2,1,2,1,1,19.0,0,Python,2024-2026,1.0,1.0,0.33,6.33,0
15,5,1,0,73,37,4,2,0,0.0,0,Python,2024-2026,1.0,1.92,0.4,0.0,0
15,5,1,0,3,5,1,0,2,3.0,0,Python,2024-2026,1.0,0.5,0.0,1.5,0
10,0,0,0,25,24,1,1,0,0.0,0,Python,2024-2026,1.0,1.0,0.5,0.0,0
10,0,0,0,3,3,1,1,0,0.0,0,Python,2024-2026,1.0,0.75,0.5,0.0,0
12,0,0,0,12,7,3,1,1,2.0,0,Python,2024-2026,1.0,1.5,0.25,0.5,0
12,0,0,0,1,0,1,0,0,0.0,0,Python,2024-2026,1.0,1.0,0.0,0.0,17
16,0,0,0,2,2,1,1,0,0.0,0,Python,2024-2026,1.0,0.67,0.5,0.0,0
18,0,0,0,140,31,2,1,14,5.86,0,Python,2024-2026,1.0,4.38,0.33,1.95,0
18,0,0,0,7,7,2,2,0,0.0,0,Python,2024-2026,1.0,0.88,0.67,0.0,0
19,0,0,0,41,32,1,0,1,31.0,0,Python,2024-2026,1.0,1.24,0.0,15.5,0
19,0,0,0,226,133,2,1,6,9.17,0,Python,2024-2026,1.0,1.69,0.33,3.06,0
19,0,0,0,107,0,2,1,9,3.56,0,Python,2024-2026,1.0,107.0,0.33,1.19,0
19,0,0,0,412,56,2,1,19,4.21,0,Python,2024-2026,1.0,7.23,0.33,1.4,0
9,1,0,0,7,12,1,0,0,0.0,0,Python,2024-2026,1.0,0.54,0.0,0.0,0
9,1,0,0,139,0,12,2,10,1.3,0,Python,2024-2026,1.0,139.0,0.15,0.1,0
11,1,0,0,12,0,1,0,2,5.0,0,Python,2024-2026,1.0,12.0,0.0,2.5,0
11,1,0,0,42,108,3,0,5,10.4,0,Python,2024-2026,1.0,0.39,0.0,2.6,0
11,1,0,0,25,18,2,1,2,15.0,0,Python,2024-2026,1.0,1.32,0.33,5.0,0
11,1,0,0,6,10,4,3,2,2.0,0,Python,2024-2026,1.0,0.55,0.6,0.4,0
11,1,0,0,46,18,3,2,2,17.0,0,Python,2024-2026,1.0,2.42,0.5,4.25,0
11,1,0,0,17,5,2,1,2,3.0,0,Python,2024-2026,1.0,2.83,0.33,1.0,0
11,1,0,0,74,23,1,0,1,22.0,0,Python,2024-2026,1.0,3.08,0.0,11.0,0
11,1,0,0,4,4,1,0,2,5.5,0,Python,2024-2026,1.0,0.8,0.0,2.75,0
11,1,0,0,12,12,1,0,7,2.71,0,Python,2024-2026,1.0,0.92,0.0,1.36,0
11,1,0,0,27,18,2,1,5,2.8,0,Python,2024-2026,1.0,1.42,0.33,0.93,0
11,1,0,0,259,0,9,1,17,1.76,0,Python,2024-2026,1.0,259.0,0.1,0.18,0
11,1,0,0,348,0,4,1,14,1.64,0,Python,2024-2026,1.0,348.0,0.2,0.33,0
12,1,0,0,838,780,69,27,218,7.4,0,Python,2024-2026,1.0,1.07,0.39,0.11,17
12,1,0,0,3,0,1,1,1,4.0,0,Python,2024-2026,1.0,3.0,0.5,2.0,0
12,1,0,0,57,3,2,1,1,6.0,0,Python,2024-2026,1.0,14.25,0.33,2.0,0
12,1,0,0,17,15,1,1,2,9.0,0,Python,2024-2026,1.0,1.06,0.5,4.5,0
16,1,0,0,7,6,2,1,7,1.14,0,Python,2024-2026,1.0,1.0,0.33,0.38,0
17,1,0,0,2,0,1,0,0,0.0,0,Python,2024-2026,1.0,2.0,0.0,0.0,0
22,1,0,1,72,66,3,1,21,1.29,0,Python,2024-2026,1.0,1.07,0.25,0.32,0
7,2,0,0,9,9,4,0,2,5.0,0,Python,2024-2026,1.0,0.9,0.0,1.0,17
9,2,0,0,43,8,15,5,0,0.0,0,Python,2024-2026,1.0,4.78,0.31,0.0,0
9,2,0,0,41,6,2,1,5,1.4,0,Python,2024-2026,1.0,5.86,0.33,0.47,0
11,2,0,0,124,61,8,2,0,0.0,0,Python,2024-2026,1.0,2.0,0.22,0.0,17
14,2,0,0,4,4,1,0,2,2.0,0,Python,2024-2026,1.0,0.8,0.0,1.0,17
14,2,0,0,45,9,3,1,7,9.43,0,Python,2024-2026,1.0,4.5,0.25,2.36,0
15,2,0,0,81,20,2,1,4,5.75,0,Python,2024-2026,1.0,3.86,0.33,1.92,0
17,2,0,0,139,0,12,2,12,1.25,0,Python,2024-2026,1.0,139.0,0.15,0.1,0
17,2,0,0,774,24,7,1,36,2.92,0,Python,2024-2026,1.0,30.96,0.12,0.36,0
18,2,0,0,235,27,4,2,16,4.88,0,Python,2024-2026,1.0,8.39,0.4,0.98,0
9,3,0,0,231,9,2,1,8,2.0,0,Python,2024-2026,1.0,23.1,0.33,0.67,0
12,3,0,0,97,75,29,28,67,3.97,0,Python,2024-2026,1.0,1.28,0.93,0.13,0
15,3,0,0,24,2,3,1,2,10.0,0,Python,2024-2026,1.0,8.0,0.25,2.5,0
15,3,0,0,78,20,1,0,4,3.75,0,Python,2024-2026,1.0,3.71,0.0,1.88,0
15,3,0,0,144,91,3,0,22,6.77,0,Python,2024-2026,1.0,1.57,0.0,1.69,0
17,3,0,0,4,0,1,0,0,0.0,0,Python,2024-2026,1.0,4.0,0.0,0.0,2
9,4,0,0,4,3,2,0,0,0.0,0,Python,2024-2026,1.0,1.0,0.0,0.0,17
9,4,0,0,17,20,1,0,0,0.0,0,Python,2024-2026,1.0,0.81,0.0,0.0,0
11,4,0,0,225,15,2,1,23,4.13,0,Python,2024-2026,1.0,14.06,0.33,1.38,0
11,4,0,0,11,11,6,0,0,0.0,0,Python,2024-2026,1.0,0.92,0.0,0.0,0
12,4,0,0,1,1,1,0,0,0.0,0,Python,2024-2026,1.0,0.5,0.0,0.0,0
12,4,0,0,22,1,3,1,3,2.0,0,Python,2024-2026,1.0,11.0,0.25,0.5,0
12,4,0,0,4,4,1,0,1,1.0,0,Python,2024-2026,1.0,0.8,0.0,0.5,0
14,4,0,0,206,241,66,16,94,12.54,0,Python,2024-2026,1.0,0.85,0.24,0.19,17
16,4,0,0,2,3,2,0,2,3.5,0,Python,2024-2026,1.0,0.5,0.0,1.17,0
19,4,0,0,135,70,8,3,19,8.63,0,Python,2024-2026,1.0,1.9,0.33,0.96,0
7,0,0,0,80,110,15,3,15,9.73,0,Python,2024-2026,1.0,0.72,0.19,0.61,17
8,0,0,0,98,95,31,3,71,8.31,0,Python,2024-2026,1.0,1.02,0.09,0.26,17
10,0,0,0,9,9,1,1,0,0.0,0,Python,2024-2026,1.0,0.9,0.5,0.0,0
10,0,0,0,2,2,1,1,0,0.0,0,Python,2024-2026,1.0,0.67,0.5,0.0,0
10,0,0,0,37,32,4,0,7,1.43,0,Python,2024-2026,1.0,1.12,0.0,0.29,17
10,0,0,0,2,2,1,1,0,0.0,0,Python,2024-2026,1.0,0.67,0.5,0.0,0
11,0,0,0,18,6,2,1,2,2.5,0,Python,2024-2026,1.0,2.57,0.33,0.83,0
12,0,0,0,20,0,3,1,2,1.5,0,Python,2024-2026,1.0,20.0,0.25,0.38,0
12,0,0,0,76,4,6,3,15,1.53,0,Python,2024-2026,1.0,15.2,0.43,0.22,0
12,0,0,0,13,3,3,0,2,1.0,0,Python,2024-2026,1.0,3.25,0.0,0.25,17
13,0,0,0,3,3,1,1,3,6.67,0,Python,2024-2026,1.0,0.75,0.5,3.34,0
13,0,0,0,11,4,1,1,0,0.0,0,Python,2024-2026,1.0,2.2,0.5,0.0,0
16,0,0,0,123,123,75,36,82,3.27,0,Python,2024-2026,1.0,0.99,0.47,0.04,0
16,0,0,0,74,173,3,1,10,2.8,0,Python,2024-2026,1.0,0.43,0.25,0.7,0
16,0,0,0,4,4,1,0,2,5.5,0,Python,2024-2026,1.0,0.8,0.0,2.75,0
16,0,0,0,5,1,1,0,1,1.0,0,Python,2024-2026,1.0,2.5,0.0,0.5,0
16,0,0,0,206,203,12,4,0,0.0,0,Python,2024-2026,1.0,1.01,0.31,0.0,0
17,0,0,0,31,0,1,0,0,0.0,0,Python,2024-2026,1.0,31.0,0.0,0.0,17
17,0,0,0,14,5,3,2,4,7.25,0,Python,2024-2026,1.0,2.33,0.5,1.81,0
18,0,0,0,30,2,2,1,2,1.5,0,Python,2024-2026,1.0,10.0,0.33,0.5,2
18,0,0,0,336,0,12,1,13,4.85,0,Python,2024-2026,1.0,336.0,0.08,0.37,0
19,0,0,0,75,1,1,1,1,1.0,0,Python,2024-2026,1.0,37.5,0.5,0.5,0
20,0,0,0,60,4,3,1,5,13.4,0,Python,2024-2026,1.0,12.0,0.25,3.35,0
7,1,0,0,6,2,1,0,0,0.0,0,Python,2024-2026,1.0,2.0,0.0,0.0,17
8,1,0,0,13,13,5,2,0,0.0,0,Python,2024-2026,1.0,0.93,0.33,0.0,0
8,1,0,0,9,14,5,0,1,4.0,0,Python,2024-2026,1.0,0.6,0.0,0.67,17
9,1,0,0,168,0,4,2,14,5.0,0,Python,2024-2026,1.0,168.0,0.4,1.0,0
10,1,0,0,3,2,1,0,0,0.0,0,Python,2024-2026,1.0,1.0,0.0,0.0,17
10,1,0,0,781,18,8,2,41,3.66,0,Python,2024-2026,1.0,41.11,0.22,0.41,0
11,1,0,0,39,53,1,1,15,2.13,0,Python,2024-2026,1.0,0.72,0.5,1.06,0
12,1,0,0,2,3,1,0,0,0.0,0,Python,2024-2026,1.0,0.5,0.0,0.0,0
14,1,0,0,28,8,4,2,0,0.0,0,Python,2024-2026,1.0,3.11,0.4,0.0,0
14,1,0,0,1,1,1,0,0,0.0,0,Python,2024-2026,1.0,0.5,0.0,0.0,0
16,1,0,0,1,1,1,0,0,0.0,0,Python,2024-2026,1.0,0.5,0.0,0.0,0
16,1,0,0,408,418,16,0,0,0.0,0,Python,2024-2026,1.0,0.97,0.0,0.0,0
17,1,0,0,112,0,10,2,10,2.2,0,Python,2024-2026,1.0,112.0,0.18,0.2,0
17,1,0,0,7,0,1,0,1,25.0,0,Python,2024-2026,1.0,7.0,0.0,12.5,0
19,1,0,0,32,1,3,1,2,5.0,0,Python,2024-2026,1.0,16.0,0.25,1.25,0
20,1,0,0,130,146,2,2,6,1.83,0,Python,2024-2026,1.0,0.88,0.67,0.61,0
20,1,0,0,221,15,7,1,16,9.25,0,Python,2024-2026,1.0,13.81,0.12,1.16,0
20,1,0,0,54,11,2,1,6,5.83,0,Python,2024-2026,1.0,4.5,0.33,1.94,0
20,1,0,0,132,22,3,1,9,13.78,0,Python,2024-2026,1.0,5.74,0.25,3.44,0
21,1,0,0,12,11,1,0,0,0.0,0,Python,2024-2026,1.0,1.0,0.0,0.0,0
10,2,0,0,123,48,3,1,17,2.35,0,Python,2024-2026,1.0,2.51,0.25,0.59,0
10,2,0,0,1,1,1,1,0,0.0,0,Python,2024-2026,1.0,0.5,0.5,0.0,0
13,2,0,0,19,0,2,2,2,1.0,0,Python,2024-2026,1.0,19.0,0.67,0.33,0
13,2,0,0,0,27,1,0,0,0.0,0,Python,2024-2026,1.0,0.0,0.0,0.0,0
14,2,0,0,6,0,1,0,1,1.0,0,Python,2024-2026,1.0,6.0,0.0,0.5,0
17,2,0,0,27,12,1,0,0,0.0,0,Python,2024-2026,1.0,2.08,0.0,0.0,0
17,2,0,0,17,11,1,0,0,0.0,0,Python,2024-2026,1.0,1.42,0.0,0.0,0
0,3,0,1,1,1,2,0,0,0.0,0,Python,2024-2026,1.0,0.5,0.0,0.0,0
1,3,0,1,190,17,9,0,4,4.75,0,Python,2024-2026,1.0,10.56,0.0,0.48,0
10,3,0,0,658,764,48,17,32,6.0,0,Python,2024-2026,1.0,0.86,0.35,0.12,0
21,3,0,0,5,3,1,0,1,3.0,0,Python,2024-2026,1.0,1.25,0.0,1.5,0
2,4,0,1,12,18,7,0,0,0.0,0,Python,2024-2026,1.0,0.63,0.0,0.0,0
3,4,0,1,2,2,1,0,0,0.0,0,Python,2024-2026,1.0,0.67,0.0,0.0,0
11,4,0,0,53,47,12,0,14,6.5,0,Python,2024-2026,1.0,1.1,0.0,0.5,0
12,4,0,0,6,1,1,1,5,1.0,0,Python,2024-2026,1.0,3.0,0.5,0.5,2
12,4,0,0,1,3,1,1,1,1.0,0,Python,2024-2026,1.0,0.25,0.5,0.5,2
12,4,0,0,3,8,1,1,3,1.0,0,Python,2024-2026,1.0,0.33,0.5,0.5,2
12,4,0,0,0,1,1,1,0,0.0,0,Python,2024-2026,1.0,0.0,0.5,0.0,2
12,4,0,0,199,112,3,1,5,11.0,0,Python,2024-2026,1.0,1.76,0.25,2.75,0
14,4,0,0,190,0,10,2,16,2.5,0,Python,2024-2026,1.0,190.0,0.18,0.23,0
16,4,0,0,6,5,1,1,2,5.0,0,Python,2024-2026,1.0,1.0,0.5,2.5,0
