repo,commit_sha_full,commit_sha,commit_message,commit_type,language,author,committed_at,commit_hour,day_of_week,is_weekend,is_night_commit,lines_added,lines_deleted,files_changed,test_files_changed,num_methods,avg_complexity,is_buggy,label_source,language_group,time_period,confidence,linked_issue,churn_ratio,test_ratio,complexity_per_file,prior_bugs_author
typeorm/typeorm,a595fedc2e159e2eb0c4c5d76bff31ac98da3df2,a595fedc2e,"fix: SqlQueryRunner.hasColumn was not working (#6146)  * fixed #5718  * removed .only",bugfix,TypeScript,Umed Khudoiberdiev,2020-05-27 23:53:36+03:00,23,2,0,1,34,1,2,0,2,2.0,0,clean,TypeScript,2018-2020,1.0,,17.0,0.0,0.67,0
typeorm/typeorm,007214986e421621eb4ec858907e51ae083c1cf7,007214986e,"feat: add postgres connection timeout option (#6160)  There was no documented way of setting a connection timeout for the postgres driver. We recently ran into an issue with our network that caused ",bugfix,TypeScript,Jack Wink,2020-06-06 23:39:59+03:00,23,5,1,1,11,1,3,0,0,0.0,0,clean,TypeScript,2018-2020,1.0,,5.5,0.0,0.0,0
typeorm/typeorm,defa9bced0b5d1258e4f50d5c590978e6d3324d3,defa9bced0,docs: fix undefined `repository` variable on docs (#6221)  The `repository` variable is not defined in the first Data Mapper pattern example,bugfix,Unknown,Giancarlos Isasi,2020-06-07 12:32:15+03:00,12,6,1,0,2,0,1,0,0,0.0,0,clean,TypeScript,2018-2020,1.0,,2.0,0.0,0.0,0
typeorm/typeorm,fc7a4f13f6270c9d5206358ebd78adb0ca690b3d,fc7a4f13f6,added sap hana note,feature,Unknown,Umed Khudoiberdiev,2020-06-22 19:28:20+03:00,19,0,0,0,2,0,1,0,0,0.0,0,clean,TypeScript,2018-2020,1.0,,2.0,0.0,0.0,0
typeorm/typeorm,9a887518f58f6a5917f39ee5db19351e067686e6,9a887518f5,docs: fixed small error (#6258),bugfix,Unknown,0xflotus,2020-07-03 00:58:58+03:00,0,4,0,1,1,1,1,0,0,0.0,0,clean,TypeScript,2018-2020,1.0,,0.5,0.0,0.0,0
typeorm/typeorm,1c09dc31f3e4d64657bf711228741ae7b10f4088,1c09dc31f3,"docs: replace body-parser with express built-in parser (#6257)  JSON body parser is now built-in by default (>4.16.0), hence no need for body-parser",docs,Unknown,Mustapha Yusuff,2020-07-03 01:00:26+03:00,1,4,0,1,3,7,1,0,0,0.0,0,clean,TypeScript,2018-2020,1.0,,0.38,0.0,0.0,0
typeorm/typeorm,4073a8dafaeebeb559b1e260e75761eb40150204,4073a8dafa,docs: fix markdown typo (#6359),bugfix,Unknown,Nipodemos,2020-07-07 00:21:31+03:00,0,1,0,1,1,1,1,0,0,0.0,0,clean,TypeScript,2018-2020,1.0,,0.5,0.0,0.0,0
typeorm/typeorm,1bc56588be598e9a17fb9ddf870311809a034bdc,1bc56588be,docs: update relations-faq.md (#6355)  Grammatical error,docs,Unknown,Rahul Soni,2020-07-07 00:21:58+03:00,0,1,0,1,1,1,1,0,0,0.0,0,clean,TypeScript,2018-2020,1.0,,0.5,0.0,0.0,0
typeorm/typeorm,8e2d97dd1fa036bd83479c457e58d9ea49c8f151,8e2d97dd1f,fix: resolve missing decorators on shim (#6354)  Closes: #6093,bugfix,JavaScript,Pedro Silveira Lopes,2020-07-07 00:23:24+03:00,0,1,0,1,34,2,2,0,11,1.0,0,clean,TypeScript,2018-2020,1.0,,11.33,0.0,0.33,0
typeorm/typeorm,60711c292422cb3b9cf3843613d4cb3977a8f124,60711c2924,docs: Add advance subdocument query documentation (#6344)  Example for querying subdocuments and array of subdocuments,feature,Unknown,IAGO BRAYHAM,2020-07-07 00:29:22+03:00,0,1,0,1,29,0,1,0,0,0.0,0,clean,TypeScript,2018-2020,1.0,,29.0,0.0,0.0,0
typeorm/typeorm,0d99b4662518c8489e9aeba9d87a8028e16c3899,0d99b46625,fix: remove unnecessary optionality from Raw operator's columnAlias argument (#6321),bugfix,TypeScript,yokomotod,2020-07-07 01:37:13+03:00,1,1,0,1,1,1,1,0,0,0.0,0,clean,TypeScript,2018-2020,1.0,,0.5,0.0,0.0,0
typeorm/typeorm,0ba2a48efdf18977ff5df55b950e763255c75ffc,0ba2a48efd,"fix: properly override database url properties (#6247)  * fix: properly override database url properties  Closes #4878  * test: add test for overriding url options",bugfix,TypeScript,Angel J Piscola,2020-07-07 01:56:14+03:00,1,1,0,1,20,1,2,0,2,2.5,0,clean,TypeScript,2018-2020,1.0,,10.0,0.0,0.83,0
typeorm/typeorm,6eeb03aa95018e37b0bd09f72296b1fdc17cbbd3,6eeb03aa95,"feat: support cjs extension for ormconfig (#6285)  * support cjs extension for ormconfig  * fix linting errors  * handle cjs extensions in class loader",bugfix,TypeScript,Dan Pickett,2020-07-07 03:12:17+03:00,3,1,0,1,40,4,3,0,4,2.5,0,clean,TypeScript,2018-2020,1.0,,8.0,0.0,0.62,0
typeorm/typeorm,6f6bdbd2b760ab3ca56013c4789ddc8f72c63dc6,6f6bdbd2b7,"fix: insert IN(null) instead of IN() when In([]) empty array for mysqlDriver (#6237)  fix: lint warning  Co-authored-by: shitong.zheng <shitong.zheng@shopee.com>",bugfix,TypeScript,Ryan,2020-07-07 03:54:05+03:00,3,1,0,1,4,3,1,0,1,18.0,0,clean,TypeScript,2018-2020,1.0,,1.0,0.0,9.0,0
typeorm/typeorm,51af310b2104fe1f2dd619f63fdda9699bdd47a2,51af310b21,"chore(deps): bump lodash from 4.17.15 to 4.17.19 (#6408)  Bumps [lodash](https://github.com/lodash/lodash) from 4.17.15 to 4.17.19. - [Release notes](https://github.com/lodash/lodash/releases) - [Co",other,Unknown,dependabot[bot],2020-07-16 14:53:47+03:00,14,3,0,0,46,27,1,0,0,0.0,0,clean,TypeScript,2018-2020,1.0,,1.64,0.0,0.0,0
typeorm/typeorm,c9f184e887baa87d92790a91e495c6d2e52ff12f,c9f184e887,docs: update using-cli.md (#6407),docs,Unknown,Fernando Moreira,2020-07-16 14:54:30+03:00,14,3,0,0,1,1,1,0,0,0.0,0,clean,TypeScript,2018-2020,1.0,,0.5,0.0,0.0,0
typeorm/typeorm,afc62fdfffe60b32b7db322268c738fc9a35ec59,afc62fdfff,"docs: Added one-to-one-relations.md & many-to-one-one-to-many-relations.md cascades link (#6406)  * docs: one-to-one-relations.md cascades link  * docs: many-to-one-one-to-many-relations.md cascades",feature,Unknown,Pouria Tajdivand,2020-07-16 14:55:29+03:00,14,3,0,0,2,2,2,0,0,0.0,0,clean,TypeScript,2018-2020,1.0,,0.67,0.0,0.0,0
typeorm/typeorm,874e5736776cb94635e4d6e2486aade4d797ed10,874e573677,"fix: Query builder makes query with joins, without limit for inherited entities (#6402)  Closes: #6399  Co-authored-by: Gregory Komagurov <Komagurov.GV@gazprom-neft.ru>",bugfix,TypeScript,Gregory,2020-07-17 04:32:21+03:00,4,4,0,1,118,9,3,0,3,1.0,0,clean,TypeScript,2018-2020,1.0,,11.8,0.0,0.25,0
typeorm/typeorm,c23c88802cee33e377bc2ce85ed9aa2e6e1c14c8,c23c88802c,fix: decorators should implement the official TypeScript interface (#6398)  Closes: #5922,bugfix,TypeScript,SakirSoft,2020-07-17 04:52:33+03:00,4,4,0,1,111,96,39,0,79,1.71,0,clean,TypeScript,2018-2020,1.0,,1.14,0.0,0.04,0
typeorm/typeorm,911ac9361f25c390d0917ceff986f3575d58506a,911ac9361f,docs: fixed small typo error (#6418),bugfix,Unknown,0xflotus,2020-07-17 23:27:21+03:00,23,4,0,1,1,1,1,0,0,0.0,0,clean,TypeScript,2018-2020,1.0,,0.5,0.0,0.0,0
typeorm/typeorm,c6336aa4c3bbdc4c7907db605c5bd497c0eb42a3,c6336aa4c3,fix: exporting missing load event (#6396),bugfix,TypeScript,Saulo S. Toledo,2020-07-17 23:56:21+03:00,23,4,0,1,1,0,1,0,0,0.0,0,clean,TypeScript,2018-2020,1.0,,1.0,0.0,0.0,0
typeorm/typeorm,298a3b9c8b8cb793b4ceb7f101c8f6d8c7239a7c,298a3b9c8b,"fix: support multiple `JoinColumn`s in EntitySchema (#6397)  update type definition and schema transformer so that - like the decorator - the EntitySchema can define composite `JoinColumn` definitio",bugfix,TypeScript,James Ward,2020-07-18 00:13:49+03:00,0,5,1,1,146,8,5,0,5,4.8,0,clean,TypeScript,2018-2020,1.0,,16.22,0.0,0.8,0
typeorm/typeorm,54a3a15c4c1afc9a2cc42103d4498847f67820f9,54a3a15c4c,"fix: correctly parse connection URI with query params (#6390)  ref #6389  Co-authored-by: Coroliov Oleg <coroliov.o@goparrot.ai>",bugfix,TypeScript,Coroliov Oleg,2020-07-18 00:17:39+03:00,0,5,1,1,32,2,2,0,2,3.5,0,clean,TypeScript,2018-2020,1.0,,10.67,0.0,1.17,0
typeorm/typeorm,7c0da1cbe5a5d4bb0aea0321cea6df7bfad9ef75,7c0da1cbe5,fix: getPendingMigrations isn't properly working (#6372)  getPendingMigrations currently returns the executed migrations instead of the non-executed ones.,bugfix,TypeScript,Akos Vandra,2020-07-18 02:18:56+03:00,2,5,1,1,1,1,1,0,2,1.0,0,clean,TypeScript,2018-2020,1.0,,0.5,0.0,0.5,0
typeorm/typeorm,22414510f9c4f69cb0e48b8c2fce1b4910353d6b,22414510f9,"feat: add better-sqlite3 driver (#6224)  * feat: better-sqlite3 driver which is significantly faster than node-sqlite3 * test: added all tests for sqlite to better-sqlite3 * test: ""query runner > dr",feature,TypeScript,K024,2020-07-18 02:32:16+03:00,2,5,1,1,691,44,58,0,57,3.39,0,clean,TypeScript,2018-2020,1.0,,15.36,0.0,0.06,0
typeorm/typeorm,c6ae601fcb459c9df2da7f093071fd44b530ebfd,c6ae601fcb,style: use LF instead of CRLF in BetterSqlite3 modules (#6433),other,TypeScript,James Ward,2020-07-21 05:26:22+03:00,5,1,0,1,246,246,2,0,10,3.0,0,clean,TypeScript,2018-2020,1.0,,1.0,0.0,1.0,0
typeorm/typeorm,9abab82d51e3b76d717f2f473cbf3e4d96f51488,9abab82d51,"fix: pass formatOptions to Data API Client, fix extensions (#6404)  * fix(aurora): pass formatOptions to Data API Client, fix UUID type support and all other extensions  * fix(aurora): refactored th",bugfix,TypeScript,Arseny Yankovsky,2020-07-21 05:49:35+03:00,5,1,0,1,101,58,5,0,7,3.57,0,clean,TypeScript,2018-2020,1.0,,1.71,0.0,0.6,0
typeorm/typeorm,9d82a45fadc8d7e593afbe85212191dee7f22529,9d82a45fad,added sponsors section,feature,Unknown,Umed Khudoiberdiev,2020-07-24 12:10:33+03:00,12,4,0,0,6,1,1,0,0,0.0,0,clean,TypeScript,2018-2020,1.0,,3.0,0.0,0.0,0
typeorm/typeorm,83eb25ef23b8579cb3b343ebca4db8f588886ac0,83eb25ef23,updated sponsors section,other,Unknown,Umed Khudoiberdiev,2020-07-24 14:19:57+03:00,14,4,0,0,3,3,1,0,0,0.0,0,clean,TypeScript,2018-2020,1.0,,0.75,0.0,0.0,0
typeorm/typeorm,feeb7d1cd7fdda75b0c5668b1907c57f86a446a2,feeb7d1cd7,Update README.md,docs,Unknown,Umed Khudoiberdiev,2020-07-24 14:21:23+03:00,14,4,0,0,1,1,1,0,0,0.0,0,clean,TypeScript,2018-2020,1.0,,0.5,0.0,0.0,0
typeorm/typeorm,5e47caf4bde05323c4dcf2267dd46c580e0d84a0,5e47caf4bd,ads styling fixes,bugfix,Unknown,Umed Khudoiberdiev,2020-07-24 19:22:25+03:00,19,4,0,0,2,2,1,0,0,0.0,0,clean,TypeScript,2018-2020,1.0,,0.67,0.0,0.0,0
typeorm/typeorm,cc23ba2dd9dba30fed82613dd4d9e3d10a2e1519,cc23ba2dd9,docs: fix grammatical error (#6458),bugfix,Unknown,Nathan Lapierre,2020-07-24 19:41:17+03:00,19,4,0,0,1,1,1,0,0,0.0,0,clean,TypeScript,2018-2020,1.0,,0.5,0.0,0.0,0
typeorm/typeorm,259ad0ee18a4f1a27c311b7405ef0c12c09e096c,259ad0ee18,chore: use eslint instead of tslint (#6452),other,JavaScript,James Ward,2020-07-24 19:45:43+03:00,19,4,0,0,1298,283,5,0,2,1.0,0,clean,TypeScript,2018-2020,1.0,,4.57,0.0,0.17,0
typeorm/typeorm,f642a9efd53cbb1b7e49fa536d73b7b5619735cb,f642a9efd5,"fix: @JoinTable does not respect inverseJoinColumns referenced column width (#6444)  * fix: provide width to ColumnMetadataArgs for JoinTable  @JoinTable does not respect inverseJoinColumns referenc",bugfix,TypeScript,Michael,2020-07-24 19:55:47+03:00,19,4,0,0,120,0,4,0,4,3.75,0,clean,TypeScript,2018-2020,1.0,,120.0,0.0,0.75,0
typeorm/typeorm,1c52ccf15062d84f100f099a874a70dab7a9bd8e,1c52ccf150,chore: update slack invite link (#6447),other,Unknown,James Ward,2020-07-24 20:08:25+03:00,20,4,0,0,2,2,2,0,0,0.0,0,clean,TypeScript,2018-2020,1.0,,0.67,0.0,0.0,0
typeorm/typeorm,275061bb2c74ab7831899ce60a8d258e854dcbee,275061bb2c,"chore: update pg to 8.3.0 (#6462)  update pg to the currently latest version which has support for node 14",test,Unknown,James Ward,2020-07-26 15:26:40+05:00,15,6,1,0,27,20,2,0,0,0.0,0,clean,TypeScript,2018-2020,1.0,,1.29,0.0,0.0,0
typeorm/typeorm,906d97fc8dbf1dba8f4e579a4f5bfead83af36ab,906d97fc8d,fix: mysql migration: make sure the indices sql which left-join be the same database (#6426),bugfix,TypeScript,Carlos,2020-07-26 15:30:49+05:00,15,6,1,0,1,1,1,0,0,0.0,0,clean,TypeScript,2018-2020,1.0,,0.5,0.0,0.0,0
typeorm/typeorm,86a31a804cf2204a549cf2c8b99e058eb0ea9717,86a31a804c,"chore: use circleci for all builds (#6460)  drop travis-ci from the builds by using the matrix functionality in circleci to run multiple node versions plus refactor the way builds work to allow spli",refactor,Unknown,James Ward,2020-08-02 19:32:05+05:00,19,6,1,0,136,411,6,0,0,0.0,0,clean,TypeScript,2018-2020,1.0,,0.33,0.0,0.0,0
typeorm/typeorm,0d6191b17739c3a1479954b04989872f435d01ee,0d6191b177,doc: change @types/node install to install in dev dependencies (#6485),docs,Unknown,Alcides Augusto,2020-08-02 19:32:46+05:00,19,6,1,0,1,1,1,0,0,0.0,0,clean,TypeScript,2018-2020,1.0,,0.5,0.0,0.0,0
typeorm/typeorm,43a7386719280a11cfd0495748189799bc51b7d6,43a7386719,"feat: implement postgres ltree (#6480)  This new feature implements support for the postgres extension ltree  Closes: #4193",feature,TypeScript,Thomas Sawkins,2020-08-02 19:34:01+05:00,19,6,1,0,169,4,5,0,5,25.6,0,clean,TypeScript,2018-2020,1.0,,33.8,0.0,4.27,0
typeorm/typeorm,f270c0bbafa3628b5ba8cfa54bc9f8f216279255,f270c0bbaf,docs: remove out-of-place 'example:' (#6468)  * modify docs/relational-query-builder.md,docs,Unknown,Izzuddin Ahsanujunda,2020-08-02 19:35:35+05:00,19,6,1,0,0,1,1,0,0,0.0,0,clean,TypeScript,2018-2020,1.0,,0.0,0.0,0.0,0
typeorm/typeorm,33041ccde5e46b95e1d10b1a15ad798b3a972651,33041ccde5,"test: remove hardcoded test from github issue tst 2096 (#6463)  the test had assumed the username, password, host, and port of the mysql server  this update changes that so the test instead uses th",test,TypeScript,James Ward,2020-08-02 19:36:32+05:00,19,6,1,0,16,3,2,0,2,1.5,0,clean,TypeScript,2018-2020,1.0,,4.0,0.0,0.5,0
typeorm/typeorm,9750e3842cd28081ff16faf24e83fc9cccb10ccd,9750e3842c,"doc: use CircleCI for CI badge (#6516)  * use CircleCI for CI badge  Updates the badge to point at CircleCI for the passing / failing status  * doc: use circleci badge in README (zh_CN)  * doc: ",docs,Unknown,James Ward,2020-08-07 13:55:13+05:00,13,4,0,0,8,8,4,0,0,0.0,0,clean,TypeScript,2018-2020,1.0,,0.89,0.0,0.0,0
typeorm/typeorm,21b51f3f0159c333c55bc2bb6e7b508d29182885,21b51f3f01,docs: Update slack invite link for typeorm.io support page (#6524)  closes #6523,docs,Unknown,James Ward,2020-08-07 13:55:36+05:00,13,4,0,0,1,1,1,0,0,0.0,0,clean,TypeScript,2018-2020,1.0,,0.5,0.0,0.0,0
typeorm/typeorm,6b795a8b997801d5f9c01cd9a33747262da40a15,6b795a8b99,docs: update supported-platforms.md (#6545),docs,Unknown,Ilan,2020-08-16 15:46:43+05:00,15,6,1,0,1,1,1,0,0,0.0,0,clean,TypeScript,2018-2020,1.0,,0.5,0.0,0.0,0
typeorm/typeorm,92f2554f098eed50a39b977bc96dedff059be09a,92f2554f09,docs: fix typos (#6538),bugfix,TypeScript,Ashwin Ramaswami,2020-08-16 15:47:18+05:00,15,6,1,0,3,3,1,0,0,0.0,0,clean,TypeScript,2018-2020,1.0,,0.75,0.0,0.0,0
typeorm/typeorm,15afef3c9e41e93b42644d577161453fe4e6cd65,15afef3c9e,chore: discourage questions as issues (#6535),other,Unknown,James Ward,2020-08-16 16:15:14+05:00,16,6,1,0,8,2,2,0,0,0.0,0,clean,TypeScript,2018-2020,1.0,,2.67,0.0,0.0,0
typeorm/typeorm,31029bdfd4164b4056f48c4905a8aa64e60b6a98,31029bdfd4,"chore(deps-dev): bump class-transformer from 0.2.3 to 0.3.1 (#6532)  Bumps [class-transformer](https://github.com/typestack/class-transformer) from 0.2.3 to 0.3.1. - [Release notes](https://github.co",other,Unknown,dependabot[bot],2020-08-16 16:21:06+05:00,16,6,1,0,70,70,2,0,0,0.0,0,clean,TypeScript,2018-2020,1.0,,0.99,0.0,0.0,0
typeorm/typeorm,c96ab43f3cef0d38f4107401e040c355c5df7d95,c96ab43f3c,"build: use `npm install` to work around npm/cli#558 (#6571)  the lockfile we use was generated on a mac & includes `fsevents` as a dependency. while this is optional for OSX it's not available for l",other,Unknown,James Ward,2020-08-18 00:21:13+05:00,0,1,0,1,6,1,1,0,0,0.0,0,clean,TypeScript,2018-2020,1.0,,3.0,0.0,0.0,0
typeorm/typeorm,10d0aea9c0cbfec99088ed6fa392fa15b8e57961,10d0aea9c0,chore: pin version of cockroach to a known good version (#6585),other,Unknown,James Ward,2020-08-19 22:15:18+05:00,22,2,0,1,2,2,2,0,0,0.0,0,clean,TypeScript,2018-2020,1.0,,0.67,0.0,0.0,0
typeorm/typeorm,5a9150e65e413cd1f5fd50788efe233ae9f09e0b,5a9150e65e,chore: remove uneccessary cockroachdriver calls in view-entity tests (#6587)  this is a backport of changes from the `next` branch,test,TypeScript,James Ward,2020-08-20 00:04:19+05:00,0,3,0,1,10,25,5,0,5,1.0,0,clean,TypeScript,2018-2020,1.0,,0.38,0.0,0.17,0
typeorm/typeorm,9d2df28b4c8c22024566a86a231db64ae2c09161,9d2df28b4c,fix: change InsertQueryBuilder.values() with an empty array into a no-op (#6584)  Change InsertQueryBuilder.values() with an empty array into a no-op instead of the current behavior of inserting a row,bugfix,TypeScript,Lachlan McCarty,2020-08-23 13:29:30+05:00,13,6,1,0,59,15,4,1,3,9.0,0,clean,TypeScript,2018-2020,1.0,,3.69,0.2,1.8,0
typeorm/typeorm,8d90d403627f949dc8bf1bf32dc33c918b55f6eb,8d90d40362,"fix: DeepPartial with any and {[k: string]: any} (#6581)  * test: Test DeepPartial with any and {[k: string]: any}  This tests #6580.  * fix: DeepPartial with any and {[k: string]: any}  Fixes #",bugfix,TypeScript,Matthias Kunnen,2020-08-23 13:35:16+05:00,13,6,1,0,29,1,3,0,2,1.0,0,clean,TypeScript,2018-2020,1.0,,14.5,0.0,0.25,0
typeorm/typeorm,d1ed5723bb55d4124be13b21e57d9f729d0bae1a,d1ed5723bb,build: use docker-compose for database services (#6602),docs,Unknown,James Ward,2020-08-24 13:12:03+05:00,13,0,0,0,100,58,2,0,0,0.0,0,clean,TypeScript,2018-2020,1.0,,1.69,0.0,0.0,0
typeorm/typeorm,10b05a9210e085e5e3634e740ab7975925bf962c,10b05a9210,removing gitads,other,Unknown,Umed Khudoiberdiev,2020-09-02 12:15:27+05:00,12,2,0,0,0,5,1,0,0,0.0,0,clean,TypeScript,2018-2020,1.0,,0.0,0.0,0.0,0
typeorm/typeorm,85c07fda2fe79a3556b9c06e014bbaea5f74cf3b,85c07fda2f,"docs: update zh_CN link path (#6652)  * update zh_CN link path  * Update README-zh_CN.md",docs,Unknown,xgqfrms,2020-09-02 18:49:00+05:00,18,2,0,0,46,46,1,0,0,0.0,0,clean,TypeScript,2018-2020,1.0,,0.98,0.0,0.0,0
typeorm/typeorm,c99ba4052d71637c0b0a1982541acdd4b5e74a7f,c99ba4052d,"feat: FileLogger accepts custom file path (#6642)  This allows users to override default log filepath and save typeorm logs in a custom location  Closes: #4410",feature,TypeScript,Arty,2020-09-02 19:41:55+05:00,19,2,0,0,114,4,4,0,5,1.6,0,clean,TypeScript,2018-2020,1.0,,22.8,0.0,0.32,0
typeorm/typeorm,4f7481b55af021f5ffe12ff3d5d4d0ea6cb13f1c,4f7481b55a,"chore: instead of require, import chalk from chalk (#6637)",other,TypeScript,James Ward,2020-09-02 19:47:36+05:00,19,2,0,0,16,18,15,0,1,4.0,0,clean,TypeScript,2018-2020,1.0,,0.84,0.0,0.25,0
typeorm/typeorm,cf3ad6211af988822e9f6328fb6933ce4b4b887c,cf3ad6211a,fix: pass `ids_` to alias builder to prevent length overflow (#6624),bugfix,TypeScript,James Ward,2020-09-02 20:46:14+05:00,20,2,0,0,15,2,1,0,1,2.0,0,clean,TypeScript,2018-2020,1.0,,5.0,0.0,1.0,0
typeorm/typeorm,2b5f139cea281aa9752ccc0898ddf7664a87ce9a,2b5f139cea,"feat: support absolute paths in migrationsDir for the CLI (#6660)  Right now the CLI will ALWAYS prepend the CWD to `options.cli.migrationsDir`.   This prevents us from using absolute paths there. ",feature,TypeScript,Tomas Reimers,2020-09-03 12:50:37+05:00,12,3,0,0,1,1,1,0,1,6.0,0,clean,TypeScript,2018-2020,1.0,,0.5,0.0,3.0,0
typeorm/typeorm,490ad0d424e674de5be38b0c3bc83b9a14a383a5,490ad0d424,refactor: only use PlatformTools.load for optional dependencies (#6630),refactor,TypeScript,James Ward,2020-09-03 13:07:49+05:00,13,3,0,0,142,95,15,0,13,3.38,0,clean,TypeScript,2018-2020,1.0,,1.48,0.0,0.21,0
typeorm/typeorm,0397e44817c4cc6ad5b9f284e861ff85ccb90530,0397e44817,"fix: Migration issues with scale & precision in sqlite/sql.js (#6638)  * fix: Migration issues with scale & precision in sqlite/sql.js  Specifying precision or scale properties on columns with SQLit",bugfix,TypeScript,Michael Bromley,2020-09-03 17:47:16+05:00,17,3,0,0,78,5,4,1,2,8.0,0,clean,TypeScript,2018-2020,1.0,,13.0,0.2,1.6,0
typeorm/typeorm,a50e09ab66ac828fe3e8348a814f0e1a46d9aca0,a50e09ab66,added directory typing,feature,TypeScript,Umed Khudoiberdiev,2020-09-04 13:07:02+05:00,13,4,0,0,1,1,1,0,1,6.0,0,clean,TypeScript,2018-2020,1.0,,0.5,0.0,3.0,0
typeorm/typeorm,df70dc39b5ab018a5ababb1df157205b8f88231e,df70dc39b5,added directory typing,feature,TypeScript,Umed Khudoiberdiev,2020-09-04 13:20:43+05:00,13,4,0,0,2,2,1,0,1,7.0,0,clean,TypeScript,2018-2020,1.0,,0.67,0.0,3.5,0
typeorm/typeorm,c81b405a365067e9ab8854317a659f99df9830b4,c81b405a36,"fix: Unnecessary migrations for fulltext indices (#6634)  * fix: Unnecessary migrations for fulltext indices  Fixes #6633 (see issue for root cause explanation)  * test: Enable all tests  * refa",bugfix,TypeScript,Michael Bromley,2020-09-04 15:37:04+05:00,15,4,0,0,112,4,14,1,10,1.7,0,clean,TypeScript,2018-2020,1.0,,22.4,0.07,0.11,0
typeorm/typeorm,ef2011d7e98abf59767bb0315ccf6acdc9e23c2d,ef2011d7e9,"fix: get correct insert ids for multiple entities inserted (#6668)  * fix: (sqlite) get correct increment primary key for mutiple entities inserted  Closes: #2131  * fix: (mysql) get correct incre",bugfix,TypeScript,Json Choi,2020-09-04 15:37:41+05:00,15,4,0,0,75,6,6,0,9,2.89,0,clean,TypeScript,2018-2020,1.0,,10.71,0.0,0.41,0
typeorm/typeorm,4fc4a1b4eb4e7d54d52e8559b9f04a94cd3ad154,4fc4a1b4eb,"fix: make only a single SELECT to get inserted default and generated values of multiple entities (#6669)  * fix: re-select inserted default and generated values with a single SELECT  closes #6266 ",bugfix,TypeScript,Json Choi,2020-09-04 15:56:46+05:00,15,4,0,0,96,19,3,0,3,1.67,0,clean,TypeScript,2018-2020,1.0,,4.8,0.0,0.42,0
typeorm/typeorm,16a2d8023d3ab3682a5f9b777e5723daea7b917c,16a2d8023d,"fix: Child entities not being saved correctly with cascade actions (#6219)  * fix: Child entities not being saved correctly with cascade actions  * fixes tslint complains",bugfix,TypeScript,ZBAGI,2020-09-04 21:39:00+05:00,21,4,0,0,9,2,1,0,2,1.5,0,clean,TypeScript,2018-2020,1.0,,3.0,0.0,0.75,0
typeorm/typeorm,23110d164620dd0ee0bd3a63a6a5ba9720ee9d52,23110d1646,fix: update query deep partial TypeScript definition (#6085)  User should be able to pass function if field is an array,bugfix,TypeScript,Sebastian Domagała,2020-09-04 22:25:01+05:00,22,4,0,1,5,3,1,0,0,0.0,0,clean,TypeScript,2018-2020,1.0,,1.25,0.0,0.0,0
typeorm/typeorm,fa21f874a5aed50e9722dfc74ae47e7043ca1d05,fa21f874a5,"build: add oracle to CI (#6623)  * build: add oracle to build database services  * only enable test 1972 for MySQL  * disable github issue 3118 for oracle",feature,TypeScript,James Ward,2020-09-05 04:20:54+05:00,4,5,1,1,45,2,7,0,2,1.0,0,clean,TypeScript,2018-2020,1.0,,15.0,0.0,0.12,0
typeorm/typeorm,802e0f6e8ac1466fea4fb9cbb85ba361c677532c,802e0f6e8a,test: escape table name for Github #4410 (#6672),test,TypeScript,James Ward,2020-09-05 19:25:40+05:00,19,5,1,0,7,2,1,0,1,1.0,0,clean,TypeScript,2018-2020,1.0,,2.33,0.0,0.5,0
typeorm/typeorm,8b8bc353d0ffb38bcf8a2658f64be170f759833c,8b8bc353d0,fix: add missing schema for OracleDriver (#6673),bugfix,TypeScript,Michael,2020-09-06 19:38:35+05:00,19,6,1,0,3,2,1,0,2,7.5,0,clean,TypeScript,2018-2020,1.0,,1.0,0.0,3.75,0
typeorm/typeorm,a8b2845d08ff1c896c1124f18d45a52958d98e29,a8b2845d08,"docs: update select-query-builder.md (#6681)  Found a typo on the ""Adding WHERE expression"" section: user.firstName is used in the SQL snippet where you actually meant user.id",feature,Unknown,Tulio Molina,2020-09-08 18:37:13+05:00,18,1,0,0,1,1,1,0,0,0.0,0,clean,TypeScript,2018-2020,1.0,,0.5,0.0,0.0,0
typeorm/typeorm,620a2432ba0deb4e0935604bea1322f847b73ade,620a2432ba,"docs: update query runner examples (#6680)  * refactor: add two examples to use timesteamp when create migration using js/ts  * refactor: add two examples to use timesteamp when create migration usi",feature,Unknown,Cristian Magalhães,2020-09-08 18:38:55+05:00,18,1,0,0,11,6,1,0,0,0.0,0,clean,TypeScript,2018-2020,1.0,,1.57,0.0,0.0,0
typeorm/typeorm,2d4a8d7f48c98bc59ef00b6e4984d35434141182,2d4a8d7f48,"test: Testing that the discriminatorValue gets saved for ChildEntity when saved by cascade (#6671)  * test: Testing that the discriminatorValue gets saved for ChildEntity when saved by cascade  * te",test,TypeScript,Gareth Parker,2020-09-08 18:39:33+05:00,18,1,0,0,108,0,5,0,3,1.0,0,clean,TypeScript,2018-2020,1.0,,108.0,0.0,0.17,0
typeorm/typeorm,ae3cf0efb1bd05418a7c3f0a8249a867d1e19a93,ae3cf0efb1,fix: handle 'error' events from pool connection (#6262),bugfix,TypeScript,Jaan Oras,2020-09-08 19:31:12+05:00,19,1,0,0,12,2,1,0,5,2.4,0,clean,TypeScript,2018-2020,1.0,,4.0,0.0,1.2,0
typeorm/typeorm,7ddaf23e4794f463e67691cd30bde10b963f8d7c,7ddaf23e47,"fix: unnecessary migrations for unsigned numeric types (#6632)  * fix: Unnecessary migrations for unsigned numeric types  In MariaDB, unsigned numeric types (``<tiny,small,medium>int`) without an ex",bugfix,TypeScript,Michael Bromley,2020-09-10 12:21:19+05:00,12,3,0,0,106,23,5,1,2,4.0,0,clean,TypeScript,2018-2020,1.0,,4.42,0.17,0.67,0
typeorm/typeorm,716790322908cb377c1eb552ed2604cc84c4afe0,7167903229,version bump,other,Unknown,Umed Khudoiberdiev,2020-09-10 12:30:30+05:00,12,3,0,0,50,9,3,0,0,0.0,0,clean,TypeScript,2018-2020,1.0,,5.0,0.0,0.0,0
typeorm/typeorm,ea59b8d46b2a36ac251f43c8a8fb98ff15ab4e2d,ea59b8d46b,"fix: sql.js v1.2+ don't support undefined parameters (#6698)  before sql.js 1.2 it seems undefined were treated as if they were null, but as of 1.2 they cause a query error & fail to execute  this ",bugfix,TypeScript,James Ward,2020-09-11 18:34:58+05:00,18,4,0,0,6,4,3,0,2,2.0,0,clean,TypeScript,2018-2020,1.0,,1.2,0.0,0.5,0
typeorm/typeorm,9583430e8282d1ad758724957971a5d5d9664f63,9583430e82,fix: hdb-pool is not namespaced under @sap (#6700)  closes #6697,bugfix,TypeScript,James Ward,2020-09-11 18:36:57+05:00,18,4,0,0,1,1,1,0,1,19.0,0,clean,TypeScript,2018-2020,1.0,,0.5,0.0,9.5,0
typeorm/typeorm,8b68f40a01b6cdc0e8d21492d988fe21cbef64de,8b68f40a01,feat: create EntityTarget and use instead of EntitySchema / ObjectType / etc (#6701),feature,TypeScript,James Ward,2020-09-11 18:39:37+05:00,18,4,0,0,199,455,17,0,129,1.78,0,clean,TypeScript,2018-2020,1.0,,0.44,0.0,0.1,0
typeorm/typeorm,330262d9a4a8a5e261885ec546bd3976d78bb9d9,330262d9a4,chore: bump all package versions except typescript (#6696)  also updates some tests to support typing changes,test,TypeScript,James Ward,2020-09-13 01:31:26+05:00,1,6,1,1,4618,3060,9,0,7,2.43,0,clean,TypeScript,2018-2020,1.0,,1.51,0.0,0.24,0
typeorm/typeorm,370442c27a0aecd67eeb44f6077922dda16bcef8,370442c27a,"feat: Beautify generated SQL for migrations (#6685)  * feat: Beautify generated SQL for migrations  Allows user to pass an optional flag to beautify generated SQL for migrations  Closes: #4415  ",bugfix,TypeScript,Arty,2020-09-13 01:36:05+05:00,1,6,1,1,326,1,8,0,8,2.5,0,clean,TypeScript,2018-2020,1.0,,163.0,0.0,0.28,0
typeorm/typeorm,7a52f18c86613292c3503484eac332f59141a6e3,7a52f18c86,"feat: backport SQLite Busy handler & WAL mode enable (#6588)  * added sqlitebusy handling logic  * added sqlite wal mode enable logic  * cleaner if block  * move pragma journal mode setting to d",feature,TypeScript,James Ward,2020-09-13 02:57:33+05:00,2,6,1,1,72,11,4,0,6,3.0,0,clean,TypeScript,2018-2020,1.0,,6.0,0.0,0.6,0
typeorm/typeorm,208cf6b0511a2d565c7999837497bb6cf8f8e7c7,208cf6b051,"fix: prevent multiple `release` listeners in PostgresQueryRunner (#6708)  move on-error-release code to the queryRunner connect function so we only need to have one listener per query runner on each",bugfix,TypeScript,James Ward,2020-09-14 16:10:13+05:00,16,0,0,0,49,12,2,0,9,2.22,0,clean,TypeScript,2018-2020,1.0,,3.77,0.0,0.74,0
typeorm/typeorm,b50576e1022ff773739429c8fe2672cc3bf059bb,b50576e102,docs: correct the comment of OneToMany decorator (#6712),docs,TypeScript,Juuso Mikkonen,2020-09-14 16:12:10+05:00,16,0,0,0,2,2,1,0,0,0.0,0,clean,TypeScript,2018-2020,1.0,,0.67,0.0,0.0,0
typeorm/typeorm,2b3780836f5fd737fdc58fe4e0eb2ea4200cae66,2b3780836f,"fix: backport FindOperator return types (#6717)  the `next` branch added return types to `FindOperator`s and this backports that change",bugfix,TypeScript,James Ward,2020-09-15 16:27:24+05:00,16,1,0,0,8,8,4,0,0,0.0,0,clean,TypeScript,2018-2020,1.0,,0.89,0.0,0.0,0
typeorm/typeorm,4baac7108652d11af2e06a7702c18179e556adbd,4baac71086,"style: backport style fixes in next to cut down on churn (#6715)  the `next` branch has a number of style fixes for the project aroundnd whitespaces - this pulls them into `master` to cut down on the",bugfix,TypeScript,James Ward,2020-09-15 16:33:27+05:00,16,1,0,0,76,75,35,0,12,3.92,0,clean,TypeScript,2018-2020,1.0,,1.0,0.0,0.11,0
typeorm/typeorm,96eddfba85be4b0934a568558d7bea5b96f44e8c,96eddfba85,"chore: explicitly pull in typescript 3.9 (#6724)  this bumps the version of typescript accepted to >=3.9.7,<4.0 we were implicitly pulling in that version (per the package-lock.json) so this just co",other,Unknown,James Ward,2020-09-17 16:09:55+05:00,16,3,0,0,2,3,2,0,0,0.0,0,clean,TypeScript,2018-2020,1.0,,0.5,0.0,0.0,0
typeorm/typeorm,8820d4a871fb1071228520f8f3f27d2877b90fe3,8820d4a871,"test: disable logging for test 1960 (#6721)  this test was emitting logs for no real reason so this removes the `logging: true` when creating the testing connection",test,TypeScript,James Ward,2020-09-17 16:11:31+05:00,16,3,0,0,1,2,1,0,1,1.0,0,clean,TypeScript,2018-2020,1.0,,0.33,0.0,0.5,0
typeorm/typeorm,6e28322ca65ba739bf0d767075016bc0cae7a48c,6e28322ca6,"fix: migration:generate issue with onUpdate using mariadb 10.4 (#6714)  * Update MysqlQueryRunner.ts  In Mariadb the extra information of a DDL is in upper case and in javascript String.indexOf() fu",bugfix,TypeScript,jesussegado,2020-09-17 16:12:51+05:00,16,3,0,0,94,1,4,0,3,1.0,0,clean,TypeScript,2018-2020,1.0,,47.0,0.0,0.2,0
typeorm/typeorm,4bc7431043bda81b4725634d78088f1044fb921a,4bc7431043,"docs: update many-to-many-relations.md (#6725)  * Update many-to-many-relations.md  * Update many-to-many-relations.md  Co-authored-by: Umed Khudoiberdiev <pleerock.me@gmail.com>",docs,Unknown,Louai Hamada,2020-09-17 16:16:16+05:00,16,3,0,0,1,1,1,0,0,0.0,0,clean,TypeScript,2018-2020,1.0,,0.5,0.0,0.0,0
typeorm/typeorm,5084e47be4fd42316ad47e6102645534fae45d9f,5084e47be4,"feat: add option to pass postgres server notices to client logger (#6215)  This feature for postgres connections means when you pass the logNotifications option, db notices and notifications will be p",feature,TypeScript,Arty,2020-09-17 16:40:28+05:00,16,3,0,0,162,0,5,0,2,1.0,0,clean,TypeScript,2018-2020,1.0,,162.0,0.0,0.17,0
typeorm/typeorm,c714867d3d0c43ccbb7ca8fb3ce969207e4d5c04,c714867d3d,"fix: ensure browser builds don't include any non-browser modules (#6743)  currently we pull in BetterSqlite3Driver, SqliteDriver, and a few other drivers & files that aren't possible to use in a brow",bugfix,TypeScript,James Ward,2020-09-19 13:02:03+05:00,13,5,1,0,89,13,7,0,5,1.0,0,clean,TypeScript,2018-2020,1.0,,6.36,0.0,0.12,0
typeorm/typeorm,dfe8259ef53a432f1c02607e6ffee662dd4fd8a9,dfe8259ef5,"fix: count() method for multiple primary keys for cockroachdb (#6745)  * fix: count() method for multiple primary keys for cockroachdb  Cockroachdb does not support concat() for different types at t",bugfix,TypeScript,Temnov Aleksey,2020-09-21 11:34:34+05:00,11,0,0,0,46,0,3,1,2,1.0,0,clean,TypeScript,2018-2020,1.0,,46.0,0.25,0.25,0
typeorm/typeorm,f2356dc628c807f3ab4a5e1cdd3fe64b730e1286,f2356dc628,"refactor: create a ReplicationMode type and update function defs (#6747)  create a type to track ReplicationMode instead of writing out `""master""|""slave""` everywhere.  update to drop the default fr",feature,TypeScript,James Ward,2020-09-21 14:40:18+05:00,14,0,0,0,93,64,38,0,62,2.27,0,clean,TypeScript,2018-2020,1.0,,1.43,0.0,0.06,0
typeorm/typeorm,1b29591880cf44e28998d63c0dcd77dc80d2e6ff,1b29591880,"refactor: drop promise utils (#6746)  * stop using PromiseUtils.create & extractValue as they're doing nothing  because we never use PromiseUtils.create, PromiseUtils.extract was technically never ",refactor,TypeScript,James Ward,2020-09-21 15:32:14+05:00,15,0,0,0,419,439,37,1,89,2.94,0,clean,TypeScript,2018-2020,1.0,,0.95,0.03,0.08,0
typeorm/typeorm,b55a417ea4852ad2e66091cfa800534f7ccdd3c9,b55a417ea4,"fix: resolve issues ora-00972:identifier is too long (#6751)  * fix: resolve issues ora-00972:identifier is too long  Closes: #5067  * fix: ensure that this changes applies just for Oracle Driver",bugfix,TypeScript,James Ward,2020-09-22 17:42:54+05:00,17,1,0,0,21,1,2,0,2,1.0,0,clean,TypeScript,2018-2020,1.0,,10.5,0.0,0.33,0
typeorm/typeorm,55fbb696c6c2324a67a08061322dc5726844b7d1,55fbb696c6,"fix: coerce port to number in ConnectionOptionsEnvReader (#6786)  the expected type of `port` in all drivers is a number - and in MSSQL this is a problem as the underlying driver does not properly h",bugfix,TypeScript,James Ward,2020-09-26 07:56:41+05:00,7,5,1,0,11,1,1,0,2,3.0,0,clean,TypeScript,2018-2020,1.0,,5.5,0.0,1.5,0
typeorm/typeorm,89d83b3f477ed85ed3f16b68ecddb2998d71fed1,89d83b3f47,"refactor: move aurora-pg driver to the aurora-pg driver directory (#6785)  for some reason the aurora postgres driver was living with the postgres driver - instead of in the directory explicitly for ",refactor,TypeScript,James Ward,2020-09-26 07:57:27+05:00,7,5,1,0,131,125,4,0,8,1.12,0,clean,TypeScript,2018-2020,1.0,,1.04,0.0,0.22,0
typeorm/typeorm,180fbd415da80ce383b426f6d38486aa3826296d,180fbd415d,"fix: add dummy for FileLogger, ConnectionOptionsReaders, and update gulpfile (#6763)",bugfix,TypeScript,James Ward,2020-09-26 08:03:30+05:00,8,5,1,0,124,34,7,0,9,1.44,1,szz,TypeScript,2018-2020,0.143,11946.0,3.54,0.0,0.18,0
typeorm/typeorm,dfcb2db216d6ed33946dfa190e19eb14c0fed390,dfcb2db216,"fix: enforce name argument of migration generate command (#2719) (#6690)  * fix: enforce name argument of migration generate command  enforce the type of the name argument in order to return a more ",bugfix,TypeScript,Akosua,2020-09-26 12:57:13+05:00,12,5,1,0,3,2,1,0,2,7.0,0,clean,TypeScript,2018-2020,1.0,,1.0,0.0,3.5,0
typeorm/typeorm,44aff1712c168825827b5695cc3de70bde88d23e,44aff1712c,refactor: Move `FindOperator` SQL generation into QueryBuilder (#6797),refactor,TypeScript,James Ward,2020-09-29 21:28:05+05:00,21,1,0,0,60,50,2,0,4,6.75,0,clean,TypeScript,2018-2020,1.0,,1.18,0.0,2.25,1
typeorm/typeorm,c1c8e88f8945bf6a03bde728de370f5c61c5bdb8,c1c8e88f89,"fix: prevent wrong returned entity in ReturningResultsEntityUpdator (#6440)  in the `ReturningResultsEntityUpdator` we have to check that the `entityId` we pull from the entity is actually there.  if",bugfix,TypeScript,James Ward,2020-09-29 21:39:37+05:00,21,1,0,0,7,0,1,0,2,2.5,0,clean,TypeScript,2018-2020,1.0,,7.0,0.0,1.25,1
typeorm/typeorm,45b980cf7fd61b0ee2e9560d9aadb96ce331d5cb,45b980cf7f,"Revert ""fix: properly override database url properties (#6247)"" (#6802)  This reverts commit 0ba2a48efdf18977ff5df55b950e763255c75ffc.",bugfix,TypeScript,Umed Khudoiberdiev,2020-09-29 21:40:16+05:00,21,1,0,0,1,20,2,0,2,2.5,0,clean,TypeScript,2018-2020,1.0,,0.05,0.0,0.83,0
typeorm/typeorm,78a6ee90854f361bc0721ed338460b563b1fc119,78a6ee9085,version bump,other,Unknown,Umed Khudoiberdiev,2020-09-29 22:09:45+05:00,22,1,0,1,35,7,3,0,0,0.0,0,clean,TypeScript,2018-2020,1.0,,4.38,0.0,0.0,0
typeorm/typeorm,7f7e4d53119506bdbb86999606707cd740859fe7,7f7e4d5311,"fix: lock Typescript to 3.6.0 (#6810)  Because of a breaking feature in Typescript 3.7.0 we cannot upgrade past that without marooning users of Typescript 3.5 / 3.6 & 4.0+  this locks typescript to",bugfix,TypeScript,James Ward,2020-09-30 12:16:33+05:00,12,2,0,0,20,16,5,0,4,7.25,0,clean,TypeScript,2018-2020,1.0,,1.18,0.0,1.21,1
typeorm/typeorm,51608aebccd31570fc33ba0cd90c3147cdfc70b8,51608aebcc,fix: FindManyOptions order in parameter typing is important,bugfix,TypeScript,Umed Khudoiberdiev,2020-09-30 19:00:38+05:00,19,2,0,0,17,17,1,0,0,0.0,0,clean,TypeScript,2018-2020,1.0,,0.94,0.0,0.0,0
typeorm/typeorm,4eb5f107cca8c9e031ffe97e6e1145f753a24cac,4eb5f107cc,version bump,other,Unknown,Umed Khudoiberdiev,2020-09-30 19:37:23+05:00,19,2,0,0,8,1,2,0,0,0.0,0,clean,TypeScript,2018-2020,1.0,,4.0,0.0,0.0,0
typeorm/typeorm,f3de0f6fe7bff1b973c0b4613295eb5fcf55b552,f3de0f6fe7,test: Fix typo in github issue 6442 test name (#6554)  the test for #6442 was accidentally named `6642`,bugfix,TypeScript,Dan Manastireanu,2020-10-01 12:27:10-04:00,12,3,0,0,1,1,3,0,1,1.0,0,clean,TypeScript,2018-2020,1.0,,0.5,0.0,0.25,0
typeorm/typeorm,d9a76e91bed06037ff28ec132893f40c09004438,d9a76e91be,feat: add absolute path support to other CLI commands (#6807),feature,TypeScript,Tomas Reimers,2020-10-01 12:29:54-04:00,12,3,0,0,4,4,2,0,2,5.5,0,clean,TypeScript,2018-2020,1.0,,0.8,0.0,1.83,0
typeorm/typeorm,cf8a2a4470ee751ecaaabadf2e573002f307c83e,cf8a2a4470,docs: remove stable release date temporarily (#6818),docs,Unknown,Gaurav Sharma,2020-10-01 12:47:59+05:00,12,3,0,0,1,1,1,0,0,0.0,0,clean,TypeScript,2018-2020,1.0,,0.5,0.0,0.0,0
typeorm/typeorm,5ef94509b89f11f8337e18046c3f9d9632d234df,5ef94509b8,fix: subscribers should use the subscribersDir  accidentally pulled over the entitiesDir instead - this fixes the subscribers generation command writing to the correct directory,bugfix,TypeScript,James Ward,2020-10-01 15:42:24-04:00,15,3,0,0,1,1,1,0,1,6.0,0,clean,TypeScript,2018-2020,1.0,,0.5,0.0,3.0,1
typeorm/typeorm,1a6383cecd74ee90388db313a74432f7ba12cfdf,1a6383cecd,fix: use `require` in `ReactNativeDriver` (#6814)  Because react native uses the browser context we can't use `PlatformTools.load` so this reverts the behavior for this file to use a standard `require,bugfix,TypeScript,James Ward,2020-10-01 17:12:19+05:00,17,3,0,0,1,2,1,0,1,2.0,0,clean,TypeScript,2018-2020,1.0,,0.33,0.0,1.0,1
typeorm/typeorm,0221a933d19125cc0703a7fdd2a243b494ac5e72,0221a933d1,"fix: fixes the typescript errors in EntityCreateCommand & SubscriberCreateCommand (#6824)  somehow #6807 passed as a PR but failed when merged in - this fixes the issues that cropped up after it was ",bugfix,TypeScript,James Ward,2020-10-02 00:25:56+05:00,0,4,0,1,2,2,2,0,2,6.5,0,clean,TypeScript,2018-2020,1.0,,0.67,0.0,2.17,1
typeorm/typeorm,c060f95db0e261b02c4b28b19541cabcb1ac4a75,c060f95db0,"fix: wrong FK loaded in multi-database environment (#6828)  Fixes an edge case where the wrong foreign key  would be loaded when multiple databases exist  with foreign keys that have the same name.",bugfix,TypeScript,Ronit Steinberg,2020-10-04 03:12:16-04:00,3,6,1,1,107,1,2,0,2,1.0,0,clean,TypeScript,2018-2020,1.0,,53.5,0.0,0.33,0
typeorm/typeorm,161432a149eb380cf12911c801997102753efd41,161432a149,chore: bump sql.js from 1.3.0 to 1.3.2  bumps sql.js to 1.3.2 because 1.3.0 has a number of issues in the compiled versions of the package,other,Unknown,James Ward,2020-10-05 02:47:14-04:00,2,0,0,1,5,5,2,0,0,0.0,0,clean,TypeScript,2018-2020,1.0,,0.83,0.0,0.0,1
typeorm/typeorm,7ebca2b9b1fd21e546b3a345a069637d6aab4b3e,7ebca2b9b1,feat: support ESM in ormconfig js & ts (#6853)  fixes #5003,bugfix,TypeScript,James Ward,2020-10-05 21:12:25+05:00,21,0,0,0,31,4,4,1,1,1.0,0,clean,TypeScript,2018-2020,1.0,,6.2,0.2,0.2,1
typeorm/typeorm,d2b914da6a425d47916c72ac50bfa69bea4847fb,d2b914da6a,"fix: check mysql constraint schema on join (#6851)  in #6268 we pulled in a change that fixed the wrong FK getting loaded in a multi-database / multi-schema environment but in #6169 the approach was",bugfix,TypeScript,James Ward,2020-10-05 22:26:27+05:00,22,0,0,1,2,2,1,0,0,0.0,0,clean,TypeScript,2018-2020,1.0,,0.67,0.0,0.0,1
typeorm/typeorm,7147a0dbe7f2622a21c51edefa3b921f42e04b49,7147a0dbe7,"fix: return null for nullable RelationId() column (#6848)  Fix issue where attempting to cast bigints to strings also did it for null values.  Fix issue where transformRelationIds() filtered out nu",bugfix,TypeScript,Antti Mäki,2020-10-05 22:31:20+05:00,22,0,0,1,81,3,5,0,7,4.14,0,clean,TypeScript,2018-2020,1.0,,20.25,0.0,0.69,0
typeorm/typeorm,91b85bfe6e73ff93db2684a13935b9bd6a9abcfd,91b85bfe6e,"feat: add ability for escaping for Raw() find operator (#6850)  * feat: add ability for escaping for Raw() find operator  * fix: update Raw() find operator  * fix: fix tests for Raw() find operato",bugfix,TypeScript,Temnov Aleksey,2020-10-06 13:08:54+05:00,13,1,0,0,155,12,4,0,7,2.14,0,clean,TypeScript,2018-2020,1.0,,11.92,0.0,0.43,0
typeorm/typeorm,e9f9e1cae69d2e58dbf8f5c75abdac2e5e37407e,e9f9e1cae6,docs: docker-compose generation option in typeorm init command (#6841),docs,Unknown,Gaurav Sharma,2020-10-06 13:23:23+05:00,13,1,0,0,5,2,1,0,0,0.0,0,clean,TypeScript,2018-2020,1.0,,1.67,0.0,0.0,0
typeorm/typeorm,08ec0a8ed922225ff529790ad5ff19c0e463954e,08ec0a8ed9,"fix: prevent create-type commands edge-case TypeErrors (#6836)  in some cases - where the connection options couldn't be read - we would end up with the migration:create and similar commands failing",bugfix,TypeScript,James Ward,2020-10-06 13:25:15+05:00,13,1,0,0,15,6,3,0,6,4.83,0,clean,TypeScript,2018-2020,1.0,,2.14,0.0,1.21,1
typeorm/typeorm,f95e9d8f9a6c7a1117564b3e3f65b5294f8d5ff5,f95e9d8f9a,"fix: allow for complex jsonb primary key columns  (#6834)  * fix: allow for complex jsonb primary key columns  When using PrimaryColumn with a 'jsonb' type column ( on a postgres database ) the Raw",bugfix,TypeScript,maddimax,2020-10-06 13:32:28+05:00,13,1,0,0,97,0,3,1,3,2.0,0,clean,TypeScript,2018-2020,1.0,,97.0,0.25,0.5,0
typeorm/typeorm,2d9a3ce737996152f52872d5461860dbf6ef3900,2d9a3ce737,docs: update many-to-one-one-to-many-relations.md (#6832)  Changing this as it would give an linting error (no unused variable),docs,Unknown,Jakob Wagner,2020-10-06 13:33:43+05:00,13,1,0,0,2,2,1,0,0,0.0,0,clean,TypeScript,2018-2020,1.0,,0.67,0.0,0.0,0
typeorm/typeorm,21c41663ccecfa5f2d94f94424f1a9a53e5d817c,21c41663cc,fix: postgresql connection URL can use an UNIX Socket (#2614) (#6042),bugfix,TypeScript,Le Couteur Paul,2020-10-07 00:58:43-04:00,0,2,0,1,2,2,1,0,0,0.0,0,clean,TypeScript,2018-2020,1.0,,0.67,0.0,0.0,0
typeorm/typeorm,bc60dd559ba42af083ddea17f01205c78c83c7e0,bc60dd559b,docs: improve the doc about Raw operator and add missing test (#6863)  * docs: improve raw documentation  * test: add missing test case,feature,TypeScript,Tycho Tatitscheff,2020-10-07 04:11:24-04:00,4,2,0,1,43,2,2,0,1,1.0,0,clean,TypeScript,2018-2020,1.0,,14.33,0.0,0.33,0
typeorm/typeorm,e37eb1e8e8544f91c3d0a44b55322966e121b3af,e37eb1e8e8,fix: Fix Mongodb delete by ObjectId. Closes #6552 (#6553)  * fix: Fix Mongodb delete by ObjectId. Closes #6552  * add regression test,bugfix,TypeScript,Dan Manastireanu,2020-10-07 04:34:45-04:00,4,2,0,1,165,3,4,0,2,1.0,0,clean,TypeScript,2018-2020,1.0,,41.25,0.0,0.2,0
typeorm/typeorm,4a0faf0ae46fc534db03e89aedd0ac9408f506d5,4a0faf0ae4,"test: adds test to prevent #4958 from recurring (#6835)  in #4958 we found that the PR #4804 caused issues in a variety of situations.  this adds a test to prevent the issue from recurring where sim",feature,TypeScript,James Ward,2020-10-07 11:25:11-04:00,11,2,0,0,46,0,3,0,1,1.0,0,clean,TypeScript,2018-2020,1.0,,46.0,0.0,0.25,1
typeorm/typeorm,c8bf81ed2d47ba0822f8d6267ae1997180db2e31,c8bf81ed2d,"feat: backport ilike from next (#6862)  the next branch has support for ilike and this backports the FindOperator into the main branch",feature,TypeScript,James Ward,2020-10-07 11:32:15+05:00,11,2,0,0,58,0,5,0,1,2.0,0,clean,TypeScript,2018-2020,1.0,,58.0,0.0,0.33,1
typeorm/typeorm,2bf15ca913016ad07080c38c9fc3ee848b60ca4f,2bf15ca913,fix: remove @DiscriminatorValue from error message (#5256)  Closes: #5255,bugfix,TypeScript,Saulo S. Toledo,2020-10-07 12:27:31-04:00,12,2,0,0,1,1,1,0,1,16.0,0,clean,TypeScript,2018-2020,1.0,,0.5,0.0,8.0,0
typeorm/typeorm,990442e891e91cd829f9f34eff2114d4c623d24b,990442e891,"feat: schema synchronization for partitioned tables with PostgreSQL 12+ (#6780)  * feat: ignore foreign keys on partitions of partitioned tables when syncing schema on postgresql 12+  * feat: consid",feature,TypeScript,Nicolas Lenepveu,2020-10-07 14:16:09+05:00,14,2,0,0,14,3,1,0,0,0.0,0,clean,TypeScript,2018-2020,1.0,,3.5,0.0,0.0,0
typeorm/typeorm,b22c27feb2dd3892d47a9e82b0d7b11650d059b5,b22c27feb2,feat: support `autoEncryption` option for MongoDB (#6865),feature,TypeScript,NthMetal,2020-10-08 01:33:31-04:00,1,3,0,1,8,2,2,0,0,0.0,0,clean,TypeScript,2018-2020,1.0,,2.67,0.0,0.0,0
typeorm/typeorm,d86671cb179751730d0324b23d9f4bcb21010728,d86671cb17,perf: Improve replacePropertyNames (#4760)  Reduce the number of regular expressions created & strings created when replacing the property names in a statement.,other,TypeScript,Mohamed Akram,2020-10-08 02:10:29-04:00,2,3,0,1,44,20,1,0,2,1.0,0,clean,TypeScript,2018-2020,1.0,,2.1,0.0,0.5,0
typeorm/typeorm,0280cdc451c35ef73c830eb1191c95d34f6ce06e,0280cdc451,fix: Cannot read property 'hasMetadata' of undefined (#5659)  fixes #3685,bugfix,TypeScript,hahahu,2020-10-08 02:29:50-04:00,2,3,0,1,80,0,3,0,1,1.0,0,clean,TypeScript,2018-2020,1.0,,80.0,0.0,0.25,0
typeorm/typeorm,645176fe9b88df26f49646358de56ce631e0e9f6,645176fe9b,test: Pull correct entity in test for #6633,test,TypeScript,James Ward,2020-10-08 23:54:03-04:00,23,3,0,1,2,2,1,0,1,1.0,0,clean,TypeScript,2018-2020,1.0,,0.67,0.0,0.5,1
typeorm/typeorm,2ec1e11f31f3c86c93dec4906d3fc2aa433e4e01,2ec1e11f31,docs: clarify how to query replicas in the documentation (#6173),docs,Unknown,Zhixing Zhang,2020-10-09 04:00:26-04:00,4,4,0,1,14,1,1,0,0,0.0,0,clean,TypeScript,2018-2020,1.0,,7.0,0.0,0.0,0
typeorm/typeorm,ec9392222821e1fdd459f0b064b1631acf58a9d0,ec93922228,docs: adds note regarding dangerous findOne behavior (#4921)  Calling `findOne(undefined)` or `findOne(null)` results in potentially unexpected and dangerous behavior.,feature,Unknown,TJ,2020-10-09 04:32:06-04:00,4,4,0,1,2,0,1,0,0,0.0,0,clean,TypeScript,2018-2020,1.0,,2.0,0.0,0.0,0
typeorm/typeorm,5c407deed4016c7eacb9cf25e4de7bade4a88407,5c407deed4,"chore: add `funding` to the package manifest (#6873)  adds the funding key to the manifest as the opencollective per https://docs.npmjs.com/configuring-npm/package-json.html#funding  fixes #4649",bugfix,Unknown,James Ward,2020-10-09 10:52:04+05:00,10,4,0,0,1,0,1,0,0,0.0,0,clean,TypeScript,2018-2020,1.0,,1.0,0.0,0.0,1
typeorm/typeorm,4abfb342aa390ab4643a1133daaf90c0996b61c2,4abfb342aa,"fix: handle count multiple PK & edge cases more gracefully (#6870)  currently we use concatenation of multiple primary keys and a COUNT DISTINCT of that to figure out how many records we have matche",bugfix,TypeScript,James Ward,2020-10-09 11:22:08+05:00,11,4,0,0,151,34,3,0,3,1.0,0,clean,TypeScript,2018-2020,1.0,,4.31,0.0,0.25,1
typeorm/typeorm,54067be59d47ac26339bea2b59272cdfd9775816,54067be59d,"test: remove console logging from tests (#6880)  we have a bunch of console loggers in our tests that cause extra output to be emitted when we don't need it.  because these were for debugging & not ",bugfix,TypeScript,James Ward,2020-10-09 16:57:37-04:00,16,4,0,0,16,22,8,3,11,1.18,0,clean,TypeScript,2018-2020,1.0,,0.7,0.33,0.13,1
typeorm/typeorm,0aedf43874a6f950614134967bf4b173e4513ba0,0aedf43874,fix: Allows valid non-object JSON to be retrieved in simple-json columns (#6574)  Fixes #5501,bugfix,TypeScript,Matt Kornatz,2020-10-10 15:23:57-04:00,15,5,1,0,114,51,4,0,7,1.0,0,clean,TypeScript,2018-2020,1.0,,2.19,0.0,0.2,0
typeorm/typeorm,3e8ddca19f4815e9cd279e0e64d25c2d5394bee2,3e8ddca19f,test: multiple primary keys many-to-many can fail with 'Specified key was too long' (#5925),test,TypeScript,Marko Kaznovac,2020-10-10 17:29:00-04:00,17,5,1,0,14,6,2,0,0,0.0,0,clean,TypeScript,2018-2020,1.0,,2.0,0.0,0.0,0
typeorm/typeorm,6ff67f71fa7ad2bcf8a89c01ead7f54386e35f3a,6ff67f71fa,"fix: redundant migration with decimal default (#6879)  MySQL/MariaDB decimal column is represented like '0.0'. MysqlDriver.normalizeDefault didn't consider trailing zeros. User can bypass this by pa",bugfix,TypeScript,jeiea,2020-10-11 19:21:35-04:00,19,6,1,0,82,9,7,0,10,17.4,0,clean,TypeScript,2018-2020,1.0,,8.2,0.0,2.17,0
typeorm/typeorm,68bb9dcc9f55e4ba2128470c5f7c9cf7b534545e,68bb9dcc9f,chore: Update link to sql.js (#6895),other,Unknown,Ophir LOJKINE,2020-10-12 14:13:47-04:00,14,0,0,0,1,1,1,0,0,0.0,0,clean,TypeScript,2018-2020,1.0,,0.5,0.0,0.0,0
typeorm/typeorm,e08d9c61aab72f16ecd8bd790cb32bf0d164a5af,e08d9c61aa,"fix: resolves issue proto-less object validation (#6884)  Due to `instanceof` comparison, object without prototype is mistaken for a privative value, throwing `TypeError: Cannot convert object to prim",bugfix,TypeScript,maayanbar13,2020-10-12 14:55:07-04:00,14,0,0,0,41,1,3,0,3,1.67,0,clean,TypeScript,2018-2020,1.0,,20.5,0.0,0.42,0
typeorm/typeorm,1ed7f50b88eba728db20ae14a6b3649c82195f30,1ed7f50b88,test: remove logging from migration functional test,test,TypeScript,James Ward,2020-10-13 01:13:43-04:00,1,1,0,1,0,1,1,0,1,1.0,0,clean,TypeScript,2018-2020,1.0,,0.0,0.0,0.5,1
typeorm/typeorm,c72e48b9c7b893f8a2483ba1ddaa7ded039fe349,c72e48b9c7,"fix: sync the typeorm-model-shim (#6891)  this updates the shim to include all current decorators exported from index.ts - adding @Unique and a few others  fixes: #6288 fixes: #5920",bugfix,JavaScript,James Ward,2020-10-13 09:07:14+05:00,9,1,0,0,145,128,1,0,78,1.0,0,clean,TypeScript,2018-2020,1.0,,1.12,0.0,0.5,1
typeorm/typeorm,4475d8067592b91b857f2b456dc31c5850a21081,4475d80675,"fix: explicitly define `query` command's param (#6899)  the CLI command `query` had an implicit `query` positional parameter and in earlier versions of yargs that was okay - but in the later version",bugfix,TypeScript,James Ward,2020-10-14 14:07:25-04:00,14,2,0,0,5,1,1,0,1,1.0,0,clean,TypeScript,2018-2020,1.0,,2.5,0.0,0.5,1
typeorm/typeorm,84c18a9cab2e87b28eb046b5688bfca4d3ce9da6,84c18a9cab,"feat: support query comments in the query builder (#6892)  add a `comment` method to the QueryBuilder so we can include an arbitrary comment in our queries for a variety of purposes -  from query pl",bugfix,TypeScript,James Ward,2020-10-15 13:15:44+05:00,13,3,0,0,131,4,8,1,5,1.2,0,clean,TypeScript,2018-2020,1.0,,26.2,0.11,0.13,1
typeorm/typeorm,0f0e0b660c83409bb59f806b9f6e099ca8dbc61c,0f0e0b660c,perf: Improve MySQL LoadTables Performance (#6886)  fixes #6800,bugfix,TypeScript,James Ward,2020-10-15 13:27:53-04:00,13,3,0,0,162,26,1,0,1,7.0,1,szz,TypeScript,2018-2020,0.261,12046.0,6.0,0.0,3.5,1
typeorm/typeorm,96350805fb9f02b8fb2c90b5528a15d5cdb9faeb,96350805fb,"fix: support empty `IN` clause across all dialects (#6887)  we were supporting an empty `IN` clause for MySQL and Oracle and this updates the handling to be for all other dialects as well by making ",bugfix,TypeScript,James Ward,2020-10-15 13:29:32-04:00,13,3,0,0,10,3,2,0,1,1.0,0,clean,TypeScript,2018-2020,1.0,,2.5,0.0,0.33,2
typeorm/typeorm,da70b405498b142ecc29f7ff01e7a37f88227360,da70b40549,fix: use correct type for MongoQueryRunner.databaseConnection (#6906)  fixes #6453,bugfix,TypeScript,James Ward,2020-10-15 13:39:36+05:00,13,3,0,0,3,3,1,0,2,1.0,0,clean,TypeScript,2018-2020,1.0,,0.75,0.0,0.5,2
typeorm/typeorm,920e7812cd9d405df921f9ae9ce52ba0a9743bea,920e7812cd,"feat: Add SelectQueryBuilder.getOneOrFail() (#6885)  This adds a `getOneOrFail` which which is to `getOne` as `findOneOrFail` is to `findOne` - it never returns `undefined`, it will instead throw an",feature,TypeScript,James Ward,2020-10-15 22:54:57-04:00,22,3,0,1,67,0,3,0,1,1.0,0,clean,TypeScript,2018-2020,1.0,,67.0,0.0,0.25,2
typeorm/typeorm,d7c15e1829b4ab0ca070fb871415270b828f88d6,d7c15e1829,docs: correct grammar error in cache description (#6913)  Correct the description for setting a custom table name for the typeorm cache.,docs,Unknown,Samuel Okoroafor,2020-10-16 02:37:30-04:00,2,4,0,1,2,2,1,0,0,0.0,0,clean,TypeScript,2018-2020,1.0,,0.67,0.0,0.0,0
typeorm/typeorm,6f285dce1ac315707fe01a892c1c74521a98aae2,6f285dce1a,fix: Handle undefined querysets in QueryCommand (#6910)  fixes #6612,bugfix,TypeScript,James Ward,2020-10-16 09:34:04+05:00,9,4,0,0,7,2,1,0,1,5.0,0,clean,TypeScript,2018-2020,1.0,,2.33,0.0,2.5,2
typeorm/typeorm,60a5dd5c2924c97874a9381204411189f474811f,60a5dd5c29,test: make test for query comment less restrictive (#6921)  the query comment test was causing problems in a few other PRs because it expects a very specific comment then verb pattern - which may or m,test,TypeScript,James Ward,2020-10-16 14:52:20-04:00,14,4,0,0,8,8,1,0,1,1.0,0,clean,TypeScript,2018-2020,1.0,,0.89,0.0,0.5,2
typeorm/typeorm,a09fb7fb919e7ebb1c174ba4b0abe09b245e0442,a09fb7fb91,"fix: correct reading of custom ormconfig.env files (#6922)  update the ConnectionOptionsReader so that ormconfig.env files are loaded as expected from the filesystem & included as a dotenv configura",bugfix,TypeScript,James Ward,2020-10-17 05:05:29-04:00,5,5,1,1,51,17,5,1,2,1.0,0,clean,TypeScript,2018-2020,1.0,,2.83,0.17,0.17,2
typeorm/typeorm,6fa2df5ade71a3fee550e3c8fb7bcd7cd02080a8,6fa2df5ade,"fix: handle Undefined values in driver URL options (#6925)  the `buildDriverOptions` parses the URL & will have undefined values which it ends up overwriting non-undefined values with - which isn't g",bugfix,TypeScript,James Ward,2020-10-17 12:18:58-04:00,12,5,1,0,122,25,4,0,8,2.88,0,clean,TypeScript,2018-2020,1.0,,4.69,0.0,0.58,2
typeorm/typeorm,dee17589cfe26a86c9a68d28d08c5dfe82ad8363,dee17589cf,style: double quotes in `DriverUtils`,other,TypeScript,James Ward,2020-10-17 12:26:20-04:00,12,5,1,0,1,1,1,0,1,7.0,0,clean,TypeScript,2018-2020,1.0,,0.5,0.0,3.5,2
typeorm/typeorm,0956ffcdacd88c29e36d7c09c4600859cfa2513f,0956ffcdac,"test: fix test 6900 in CI (#6928)  test 6900 only ran correctly in local testing & didn't correctly handle the different hostnames in CI / CD",bugfix,TypeScript,James Ward,2020-10-17 16:02:56-04:00,16,5,1,0,7,2,1,0,1,3.0,0,clean,TypeScript,2018-2020,1.0,,2.33,0.0,1.5,2
typeorm/typeorm,c5143aab08a04e96aebb55996ed7683d48542bbd,c5143aab08,"fix: support changing comments in MySQL columns (#6903)  in the mysql driver, column comments were only half supported - adding them to new columns & new tables was possible, but updating existing c",bugfix,TypeScript,James Ward,2020-10-18 12:34:19-04:00,12,6,1,0,133,6,6,1,6,8.5,0,clean,TypeScript,2018-2020,1.0,,19.0,0.14,1.21,2
typeorm/typeorm,f9caf5d90bb59d6490423eeb456588e2df9bdd15,f9caf5d90b,docs: fix decorators in example class using adjacency list (#6932)  Closes: #6527,bugfix,Unknown,Manuel Nucci,2020-10-18 21:19:26-04:00,21,6,1,0,3,3,1,0,0,0.0,0,clean,TypeScript,2018-2020,1.0,,0.75,0.0,0.0,0
typeorm/typeorm,bc623a42a868eae7c988779abc4cdc0bbf775def,bc623a42a8,"feat: Support column comments in Postgres and CockroachDB (#6902)  adds support for column comments to both the Postgres and CockroachDB driver - for migrations & in metadata.  also includes new tes",bugfix,TypeScript,James Ward,2020-10-19 12:45:53-04:00,12,0,0,0,77,13,6,0,8,15.0,0,clean,TypeScript,2018-2020,1.0,,5.5,0.0,2.14,2
typeorm/typeorm,c0d691d5d5d8043af4882edc25c345389c09b94b,c0d691d5d5,"Allow Error to be a type of logQueryError param (#6934)  I haven't inspected the code to know if string or any other type does get returned, but this can at least inform people without needing to insp",other,TypeScript,Omar Diab,2020-10-19 12:59:01-04:00,12,0,0,0,2,2,1,0,0,0.0,0,clean,TypeScript,2018-2020,1.0,,0.67,0.0,0.0,0
typeorm/typeorm,06903d1c914e8082620dbf16551caa302862d328,06903d1c91,"fix: Only check for discriminator conflicts on STI entities (#2985)  If an entity has the same discriminator value as one using `TableInheritance` this should be allowed as  there is no way for them ",bugfix,TypeScript,Travis Watkins,2020-10-20 00:31:18-04:00,0,1,0,1,75,2,7,0,3,7.67,0,clean,TypeScript,2018-2020,1.0,,25.0,0.0,0.96,0
typeorm/typeorm,37f0d8f7938ee5dbcf899a7f2855ea6dc6dc604e,37f0d8f793,fix: ILike operator generally available for any driver (#6945),bugfix,TypeScript,Leonardo Falk,2020-10-21 01:18:23-04:00,1,2,0,1,9,7,2,0,1,2.0,0,clean,TypeScript,2018-2020,1.0,,1.12,0.0,0.67,0
typeorm/typeorm,7ec1b75f12832e4d99e1ed0cef40755f2b6d650a,7ec1b75f12,"fix: TreeRepository based entities primary column supports custom name. (#6942)  Previously ""id"" was hardcoded, thus errors when an entity has a custom primary column name other than ""id"". Now it fe",bugfix,TypeScript,Ilyas Foo,2020-10-21 01:56:38-04:00,1,2,0,1,72,1,3,0,3,1.33,0,clean,TypeScript,2018-2020,1.0,,36.0,0.0,0.33,0
typeorm/typeorm,9a0497b533b2f6896b8e7d189b36dd3892e58007,9a0497b533,"fix: support combination of many-to-one/cacade/composte PK (#6417)  handle setting values deeply in entities with relations in ColumnMetadata, also check for a virtual relationship column in rawsqlre",bugfix,TypeScript,James Ward,2020-10-21 04:17:47-04:00,4,2,0,1,219,3,7,0,12,2.42,0,clean,TypeScript,2018-2020,1.0,,54.75,0.0,0.3,2
typeorm/typeorm,d624ca3b4efa7bbffe4802d04c5950aa5ac1e488,d624ca3b4e,docs: update usage-with-javascript.md (#6952),docs,Unknown,Abdüssamet Özay,2020-10-21 16:18:25+05:00,16,2,0,0,2,2,1,0,0,0.0,0,clean,TypeScript,2018-2020,1.0,,0.67,0.0,0.0,0
typeorm/typeorm,43e7f394932a510e50f92911c22f9e61c4e192ab,43e7f39493,"docs: Remove unused variable (#6957)  * docs: remove unused variable in many-to-many-relations.md  * docs: remove unused variable in one-to-one-relations.md",docs,Unknown,Duong Le,2020-10-22 13:10:25+05:00,13,3,0,0,11,11,2,0,0,0.0,0,clean,TypeScript,2018-2020,1.0,,0.92,0.0,0.0,0
typeorm/typeorm,fa23f36313d80a76539d7fa9d065a96dc5086fb4,fa23f36313,docs: update usage-with-javascript.md (#6955),docs,Unknown,Abdüssamet Özay,2020-10-22 13:10:59+05:00,13,3,0,0,4,2,1,0,0,0.0,0,clean,TypeScript,2018-2020,1.0,,1.33,0.0,0.0,0
typeorm/typeorm,82df614c6eaf821672e978fd27e5d41a4419b0eb,82df614c6e,docs: fix typo in entities.md : hustle --> hassle (#6963),bugfix,Unknown,Rohan Talip,2020-10-22 20:01:34-04:00,20,3,0,0,1,1,1,0,0,0.0,0,clean,TypeScript,2018-2020,1.0,,0.5,0.0,0.0,0
typeorm/typeorm,6ed990666604ca9b8c0029d4fe972a039ef28570,6ed9906666,fix: use pg ^8 in `init` command  without postgres v8+ nodejs 14+ will hang,bugfix,TypeScript,Dr Nic Williams,2020-10-24 20:18:14-04:00,20,5,1,0,1,1,1,0,1,14.0,0,clean,TypeScript,2018-2020,1.0,,0.5,0.0,7.0,0
typeorm/typeorm,877e343f73326a2c6b0e0c35d7ee296e7c3e8992,877e343f73,chore: include support message on templates & create PR template,other,Unknown,James Ward,2020-10-26 02:12:00-04:00,2,0,0,1,75,8,4,0,0,0.0,0,clean,TypeScript,2018-2020,1.0,,8.33,0.0,0.0,2
typeorm/typeorm,e71ff10b9e466455fc807d718cfd6ca6001bcff0,e71ff10b9e,chore: add issue type templates & link to support (#6972),feature,Unknown,James Ward,2020-10-26 10:41:54+05:00,10,0,0,0,299,42,5,0,0,0.0,0,clean,TypeScript,2018-2020,1.0,,6.95,0.0,0.0,2
typeorm/typeorm,343042dc6736c93f41eb0efe9f185e4a533b4a0b,343042dc67,docs: Remove unused variable (#6971),docs,Unknown,Duong Le,2020-10-26 10:43:39+05:00,10,0,0,0,8,8,3,0,0,0.0,0,clean,TypeScript,2018-2020,1.0,,0.89,0.0,0.0,0
typeorm/typeorm,3902fd1c9bbc75ee441347497fb448479d54480f,3902fd1c9b,"docs: photo.views/isPublished are required fields (#6970)  * photo.views is required field  In the many-to-many photos/albums example - photo.views is required field  * photo.isPublished must be p",bugfix,Unknown,Dr Nic Williams,2020-10-26 10:51:32+05:00,10,0,0,0,2,0,1,0,0,0.0,0,clean,TypeScript,2018-2020,1.0,,2.0,0.0,0.0,0
typeorm/typeorm,fa86413a7f82f19fc4857665e2e8ad62e15dad43,fa86413a7f,refactor: export LoggerOptions interface (#6976),refactor,TypeScript,Piotr Kuczynski,2020-10-26 17:39:40+05:00,17,0,0,0,1,0,1,0,0,0.0,0,clean,TypeScript,2018-2020,1.0,,1.0,0.0,0.0,0
typeorm/typeorm,5f6bbecd6166f1e80ed87d7e6c2c181fe463bdef,5f6bbecd61,fix: check if the connection is closed before executing a query. This prevents SQLITE_MISUSE errors (https://sqlite.org/rescode.html#misuse) originating from sqlite itself (#6975),bugfix,TypeScript,Jurriaan BW,2020-10-26 17:40:42+05:00,17,0,0,0,26,0,2,0,2,2.0,0,clean,TypeScript,2018-2020,1.0,,26.0,0.0,0.67,0
typeorm/typeorm,f3ba2420396341ad3b808ea8540ea6a2272ff916,f3ba242039,"fix: allow falsey discriminator values (#6973)  allow discriminator values in Single Table Inheritance like 0, """", or `null`  fixes #3891",bugfix,TypeScript,James Ward,2020-10-26 17:42:03+05:00,17,0,0,0,138,5,10,0,8,6.5,0,clean,TypeScript,2018-2020,1.0,,23.0,0.0,0.59,2
typeorm/typeorm,a5eb946117a18d94c0157188b6a39542c8d50756,a5eb946117,"fix: support multiple row insert on oracle (#6927)  change generated insert query to allow inserting an array of objects to oracle  fixes: #2434",bugfix,TypeScript,Wilson Pena,2020-10-26 20:00:51+05:00,20,0,0,0,149,8,4,0,5,13.6,0,clean,TypeScript,2018-2020,1.0,,16.56,0.0,2.72,0
typeorm/typeorm,8244ea1371d5cf37e3f80e1b141f5945af38cb5e,8244ea1371,feat: Exit with code 1 on empty migration:generate (#6978)  This makes the `migration:generate` cli command exit with code 1 if no changes were found between the database and the schema from the code.,feature,TypeScript,Christian Holm,2020-10-30 10:23:00+05:00,10,4,0,0,35,33,2,0,2,6.5,0,clean,TypeScript,2018-2020,1.0,,1.03,0.0,2.17,0
typeorm/typeorm,f2ba9012fe4e851bc667dfdfedc3fd4af665d52b,f2ba9012fe,"fix: findRoots should get the defined primary key column (#6982)  * test: added failing test for github issue #6948  * fix: findRoots should get the actual primary key column, fixes #6948",bugfix,TypeScript,Ilyas Foo,2020-10-30 11:16:00+05:00,11,4,0,0,56,1,3,0,2,1.0,0,clean,TypeScript,2018-2020,1.0,,28.0,0.0,0.25,0
typeorm/typeorm,0e4b2397a6e62f5f2c35e5890bba53abe40a49ac,0e4b2397a6,"feat: transactional events in subscriber interface + ""transaction"" option in FindOptions (#6996)  * added new decorators  * added hooks to etnity subscriber interface  * added test code in one que",bugfix,TypeScript,Umed Khudoiberdiev,2020-11-02 20:54:27+05:00,20,0,0,0,875,43,23,0,52,4.13,0,clean,TypeScript,2018-2020,1.0,,19.89,0.0,0.17,0
typeorm/typeorm,c683c8eeecea9b849a960a8bd5cd7cbb9a4eb4b1,c683c8eeec,version bump,other,Unknown,Umed Khudoiberdiev,2020-11-02 21:06:23+05:00,21,0,0,0,59,1,2,0,0,0.0,0,clean,TypeScript,2018-2020,1.0,,29.5,0.0,0.0,0
typeorm/typeorm,aa99150ed68bc001f91e86da8af996a5f1d35b5b,aa99150ed6,refactor: Use ES6 style in postgres driver when making a query (#6991),refactor,TypeScript,Bogdan Gusiev,2020-11-08 22:24:10-05:00,22,6,1,1,26,34,1,0,2,4.5,0,clean,TypeScript,2018-2020,1.0,,0.74,0.0,2.25,0
typeorm/typeorm,6ef8ffe387980c51f9f20e9cc03d6199c7068ac5,6ef8ffe387,fix: use default import of yargs for --help (#6986),bugfix,TypeScript,Emily Marigold Klassen,2020-11-08 22:25:14-05:00,22,6,1,1,1,1,1,0,0,0.0,0,clean,TypeScript,2018-2020,1.0,,0.5,0.0,0.0,0
typeorm/typeorm,b35397ea07982a21d3b263cb0b7c04d5aa057d1a,b35397ea07,fix: Fix CLI query command TypeError (#7043)  Switch to using named args property now that it is explicitly defined in the command.,bugfix,TypeScript,Peter Roberts,2020-11-09 13:56:04-05:00,13,0,0,0,3,2,1,0,1,5.0,0,clean,TypeScript,2018-2020,1.0,,1.0,0.0,2.5,0
typeorm/typeorm,b518fa15f9b2183545b3c0daa2447ecd38ecc859,b518fa15f9,"fix: handle overlapping property / database names in querybuilder (#7042)  we should always prioritize replacement of any property path first, then property names, then database names, then relation ",bugfix,TypeScript,James Ward,2020-11-10 15:46:45+05:00,15,1,0,0,82,12,3,0,1,1.0,0,clean,TypeScript,2018-2020,1.0,,6.31,0.0,0.25,2
typeorm/typeorm,296eb390627c684998b28467a494ea686139cea9,296eb39062,docs: add missing connection options for mongodb (#7046)  Closes: #7037,feature,Unknown,Radosław Kłos,2020-11-10 15:47:09+05:00,15,1,0,0,4,0,1,0,0,0.0,0,clean,TypeScript,2018-2020,1.0,,4.0,0.0,0.0,0
typeorm/typeorm,6ce65fbf6be5e696c3ae907d3f8e63b1e7332a1e,6ce65fbf6b,fix(data-api): Fixed how data api driver uses and reuses a client (#6869)  Now each queryRunner will have it's own client which will allow it to handle transactions correctly.,bugfix,TypeScript,Arseny Yankovsky,2020-11-11 03:16:16-05:00,3,2,0,1,48,42,5,0,20,2.4,0,clean,TypeScript,2018-2020,1.0,,1.12,0.0,0.4,0
typeorm/typeorm,c4a36da62593469436b074873eba186f0f8b990d,c4a36da625,docs: added typeorm-uml to the extensions list. (#7066),feature,Unknown,Eugene Manuilov,2020-11-15 11:49:21+05:00,11,6,1,0,1,0,1,0,0,0.0,0,clean,TypeScript,2018-2020,1.0,,1.0,0.0,0.0,0
typeorm/typeorm,f27622daf9784d06496975bbbcacdb0938fd2c82,f27622daf9,docs: fix grammatical error (#7133),bugfix,Unknown,ericcrosson-bitgo,2020-12-02 20:24:16+05:00,20,2,0,0,1,1,1,0,0,0.0,0,clean,TypeScript,2018-2020,1.0,,0.5,0.0,0.0,0
typeorm/typeorm,f730bb9fc1908a65edacc07e5e364648efb48768,f730bb9fc1,"fix: support MongoDB DNS seed list connection (#7136)  As described in [MongoDB Docs](https://docs.mongodb.com/manual/reference/connection-string/#dns-seed-list-connection-format), an additional conne",bugfix,TypeScript,nocheintobi,2020-12-22 12:45:07+05:00,12,1,0,0,6,2,1,0,1,1.0,0,clean,TypeScript,2018-2020,1.0,,2.0,0.0,0.5,0
typeorm/typeorm,f0197710ab986b474ce0b6c260d57e8234a5bb4f,f0197710ab,"fix: add missing ""comment"" field to QB clone method (#7205)  Closes: #7203  Co-authored-by: Astrit Shehu <a.shehu@linkplus-ks.com>",bugfix,TypeScript,Astrit Shehu,2020-12-22 12:46:43+05:00,12,1,0,0,24,0,2,0,2,1.0,0,clean,TypeScript,2018-2020,1.0,,24.0,0.0,0.33,0
typeorm/typeorm,01941937df11abd63fad9da082e1b5cf6a1300ce,01941937df,"fix: order should allow only model fields, not methods (#7188)  Closes: #7178  Co-authored-by: Tomasz Rychlewicz <tomasz.rychlewicz@explaineverything.com>",bugfix,TypeScript,rysi3k,2020-12-22 12:48:22+05:00,12,1,0,0,8,1,2,0,0,0.0,0,clean,TypeScript,2018-2020,1.0,,4.0,0.0,0.0,0
typeorm/typeorm,66df9f1e5332fc47d8a47a8f50d74ea44bd339f8,66df9f1e53,"chore(deps): bump ini from 1.3.5 to 1.3.7 (#7176)  Bumps [ini](https://github.com/isaacs/ini) from 1.3.5 to 1.3.7. - [Release notes](https://github.com/isaacs/ini/releases) - [Commits](https://githu",other,Unknown,dependabot[bot],2020-12-22 12:51:20+05:00,12,1,0,0,7,7,1,0,0,0.0,0,clean,TypeScript,2018-2020,1.0,,0.88,0.0,0.0,0
typeorm/typeorm,9abe0076f65afba9034fb48ba3ebd43be7e7557a,9abe0076f6,"fix: avoid early release of PostgresQueryRunner (#7109) (#7185)  * fix: avoid early release of PostgresQueryRunner (#7109)  If the QueryRunner is not connected yet, release is a no-op  * fix: avoi",bugfix,TypeScript,Alvise Trevisan,2020-12-29 14:09:42+05:00,14,1,0,0,75,3,5,0,3,1.0,0,clean,TypeScript,2018-2020,1.0,,18.75,0.0,0.17,0
typeorm/typeorm,f47b8773bf89851d12a608fa6d65df44aee856a2,f47b8773bf,docs: remove SAP registry (#7224)  This registry is deprecated now: <https://blogs.sap.com/2017/05/16/sap-npm-registry-launched-making-the-lives-of-node.js-developers-easier/>,docs,Unknown,Marius Obert,2020-12-29 20:23:17+05:00,20,1,0,0,0,1,1,0,0,0.0,0,clean,TypeScript,2018-2020,1.0,,0.0,0.0,0.0,0
typeorm/typeorm,81fc9a9553938c4be3f959dbf68fd2e6c567ace9,81fc9a9553,fix: assign isInitialized: true at the end of .initialize() method (#9455),bugfix,TypeScript,Gentilhomme,2022-12-03 19:48:22+05:00,19,5,1,0,3,3,1,0,1,7.0,0,clean,TypeScript,2021-2023,1.0,,0.75,0.0,3.5,0
typeorm/typeorm,93e6b3dd8e6c26c64a30350a6dcd486c47d7e516,93e6b3dd8e,"fix: cacheId not used when loading relations with take (#9469)  * fix: cacheId not used loading relations  The cacheId is set to undefined for the main request used for pagination when we load relat",bugfix,TypeScript,4l3ss,2022-12-03 20:16:50+05:00,20,5,1,0,82,3,4,0,3,1.0,0,clean,TypeScript,2021-2023,1.0,,20.5,0.0,0.2,0
typeorm/typeorm,2473ff0a8eca2fafffdabd6fa4cc46b76347f0c2,2473ff0a8e,"feat: add parseInt8 option to postgres driver. Closes #9341 (#9435)  * feat: add parseInt8 option to postgres driver  * chore: formatting",feature,TypeScript,Dan Manastireanu,2022-12-03 20:28:43+05:00,20,5,1,0,106,1,5,1,1,1.0,0,clean,TypeScript,2021-2023,1.0,,53.0,0.17,0.17,0
typeorm/typeorm,7fbc3ad084bd9309f9b781fe629d09f02439125f,7fbc3ad084,"Revert ""fix: assign isInitialized: true at the end of .initialize() method (#9455)"" (#9591)  This reverts commit 81fc9a9553938c4be3f959dbf68fd2e6c567ace9.",bugfix,TypeScript,Umed Khudoiberdiev,2022-12-03 20:38:55+05:00,20,5,1,0,3,3,1,0,1,7.0,0,clean,TypeScript,2021-2023,1.0,,0.75,0.0,3.5,0
typeorm/typeorm,09843078bec2e8bccece0807847ba0bc100aef5f,09843078be,"fix: fixed outdated `init` command (#9422)  * fix: Updating the samples current version of typeorm.  The cli sample was using the getRepository version in the UserController and in the current versi",bugfix,TypeScript,userUndefined ✌️,2022-12-03 20:48:34+05:00,20,5,1,0,32,5,1,0,1,1.0,0,clean,TypeScript,2021-2023,1.0,,5.33,0.0,0.5,0
typeorm/typeorm,f215e2d16f75c730d0f2bdbd9abdbccd3b69865e,f215e2d16f,feat: migration:generate successful exit the process with zero code (#9288),feature,TypeScript,Nedim Arabacı,2022-12-03 20:52:16+05:00,20,5,1,0,1,0,1,0,1,11.0,0,clean,TypeScript,2021-2023,1.0,,1.0,0.0,5.5,0
typeorm/typeorm,53fad8f235140b5625d0f2fb738c74d33fa31ea2,53fad8f235,"fix: disable transactionSupport option for CordovaDriver (#9391)  * fix: disable transaction support for cordova driver  the cordova-sqlite-storage plugin does not support transactions. fc4133c int",bugfix,TypeScript,Michael Wolz,2022-12-03 20:54:23+05:00,20,5,1,0,71,5,4,0,2,11.0,0,clean,TypeScript,2021-2023,1.0,,11.83,0.0,2.2,0
typeorm/typeorm,598e26980d0ae8431f53c14afe8f1f3ba93e43c1,598e26980d,"feat: implement exists query method (#9303)  Adding `Exists` method to query builder and EntityManager, to check whether a row exists given the conditions  Closes: #2815  Co-authored-by: mortzprk ",feature,TypeScript,Morteza PRK,2022-12-03 21:00:18+05:00,21,5,1,0,296,0,10,1,4,1.0,0,clean,TypeScript,2021-2023,1.0,,296.0,0.09,0.09,0
typeorm/typeorm,93e14a928bc8755742ddbe81dffd44eac21c05e4,93e14a928b,"feat: Add synchronize to @JoinTable (#9442)  * feat: Add synchronize option to @JoinTable  Add synchronize option to @JoinTable. It allows to ignore JoinTable when syncing and generating migrations.",bugfix,TypeScript,Bartłomiej Rutkowski,2022-12-03 21:05:24+05:00,21,5,1,0,125,19,11,0,7,4.71,0,clean,TypeScript,2021-2023,1.0,,6.25,0.0,0.39,0
typeorm/typeorm,2241b27e75e9d07ea95274bd9606a0a4c20c9517,2241b27e75,lint fix,bugfix,TypeScript,Dmitry Zotov,2022-12-03 21:09:14+05:00,21,5,1,0,7,3,3,0,0,0.0,0,clean,TypeScript,2021-2023,1.0,,1.75,0.0,0.0,0
typeorm/typeorm,2c543818158ecf0a3425b2bc7c5b26f6aff95b03,2c54381815,"feat: allow for partial index conditions for on conflict statments in postgres (#8971)  * feat: allow for partial index conditions for on conflict statments in postgres  * fix: change variable to ma",bugfix,TypeScript,Derek Bonner,2022-12-03 21:11:10+05:00,21,5,1,0,231,1,9,0,5,10.6,0,clean,TypeScript,2021-2023,1.0,,115.5,0.0,1.06,0
typeorm/typeorm,738631885810796ceece12f3c9c090b4988b698f,7386318858,fixed latest typescript-related issue,bugfix,TypeScript,Umed Khudoiberdiev,2022-12-03 21:15:46+05:00,21,5,1,0,1,1,1,0,0,0.0,0,clean,TypeScript,2021-2023,1.0,,0.5,0.0,0.0,0
typeorm/typeorm,6ba48bdc1bf032540256f6435327e70204bdfd6e,6ba48bdc1b,feat: allow per-migration control over transaction behavior (#9459)  Closes #7087,feature,TypeScript,Tim Beyer,2022-12-03 21:35:41+05:00,21,5,1,0,260,15,11,0,12,2.92,0,clean,TypeScript,2021-2023,1.0,,16.25,0.0,0.24,0
typeorm/typeorm,a176c8bad37b30c82036ed4f3456ec7e676cdd10,a176c8bad3,"fix : primary constraint name undefined error (#9576)  * fix : primary constraint name undefined erorr for PostgresQueryRunner.ts  * Update src/driver/postgres/PostgresQueryRunner.ts  Co-authored-",bugfix,TypeScript,Kadir,2022-12-03 23:16:34+05:00,23,5,1,1,1,1,1,0,0,0.0,0,clean,TypeScript,2021-2023,1.0,,0.5,0.0,0.0,0
typeorm/typeorm,0d72317b3db3f93ce9d4c2f6f027c7486bbed08b,0d72317b3d,version bump,other,Unknown,Umed Khudoiberdiev,2022-12-03 23:24:38+05:00,23,5,1,1,39,1,2,0,0,0.0,0,clean,TypeScript,2021-2023,1.0,,19.5,0.0,0.0,0
typeorm/typeorm,82518125e40476f6c47b769cc744a7c43ee4cc01,82518125e4,docs: fix missing ) (#9629),bugfix,Unknown,Saad A. Bazaz,2022-12-16 20:50:31+05:00,20,4,0,0,1,1,1,0,0,0.0,0,clean,TypeScript,2021-2023,1.0,,0.5,0.0,0.0,0
typeorm/typeorm,a95bed7c05d10eb4b508e225faa4cb3c7ea7944f,a95bed7c05,"fix: DataSource.setOptions doesn't properly update the database in the drivers (#9635)  * make sure we update database in the driver if it was dynamically set (via dataSource.setOptions)  * removed ",bugfix,TypeScript,Umed Khudoiberdiev,2022-12-18 08:04:17+05:00,8,6,1,0,12,49,8,0,8,3.25,0,clean,TypeScript,2021-2023,1.0,,0.24,0.0,0.36,0
typeorm/typeorm,6c928a4aa002cf5db0733055c0a754e97e4b43b3,6c928a4aa0,fix: multiple select queries during db sync in sqlite (#9639)  * fixed multiple select queries during db sync in sqlite,bugfix,TypeScript,AlexMesser,2022-12-19 18:02:14+05:00,18,0,0,0,33,17,1,0,7,7.71,0,clean,TypeScript,2021-2023,1.0,,1.83,0.0,3.86,0
typeorm/typeorm,648222a00654528bb8518206e30e52b9712c4fc0,648222a006,docs: correct typo (#9655),docs,Unknown,r-shirasu,2022-12-27 14:08:30+05:00,14,1,0,0,8,8,3,0,0,0.0,0,clean,TypeScript,2021-2023,1.0,,0.89,0.0,0.0,0
typeorm/typeorm,95421ca62dcd8a233a02a37021e902993ccb2198,95421ca62d,docs: correct a typo (#9651),docs,TypeScript,Mahmoud Almontasser,2022-12-27 14:09:14+05:00,14,1,0,0,1,1,1,0,0,0.0,0,clean,TypeScript,2021-2023,1.0,,0.5,0.0,0.0,0
typeorm/typeorm,ae91c050a4c7437fb8b1d471cb6f5b4f2b8d0428,ae91c050a4,docs: correct typo (#9643),docs,Unknown,JesseNeon,2022-12-27 14:09:52+05:00,14,1,0,0,1,1,1,0,0,0.0,0,clean,TypeScript,2021-2023,1.0,,0.5,0.0,0.0,0
typeorm/typeorm,b97633b6ce246926fb00090db3dfa9dffbcd430f,b97633b6ce,Create SECURITY.md,other,Unknown,AlexMesser,2022-12-28 16:47:07+05:00,16,2,0,0,23,0,1,0,0,0.0,0,clean,TypeScript,2021-2023,1.0,,23.0,0.0,0.0,0
typeorm/typeorm,4eda5df8693d1a659ff5c3461124cf05619fdd72,4eda5df869,fix: allow to pass ObjectLiteral in mongo find where condition (#9632)  Closes: #9518,bugfix,TypeScript,ayuvlasenko,2022-12-29 18:51:54+05:00,18,3,0,0,61,2,3,0,1,1.0,0,clean,TypeScript,2021-2023,1.0,,20.33,0.0,0.25,0
typeorm/typeorm,8668c29d83765001d68918f0fbe663061eee9373,8668c29d83,feat: support busy_timeout param parameter for sqlite (#9623)  Co-authored-by: sinkhaha <1468709606@qq.com>,feature,TypeScript,sinkhaha,2022-12-29 18:52:55+05:00,18,3,0,0,50,2,4,0,2,4.5,0,clean,TypeScript,2021-2023,1.0,,16.67,0.0,0.9,0
typeorm/typeorm,67973b4726500fc835639ffc302e0b6b20093df4,67973b4726,"fix: materialized hints support for cte (#9605)  Fix implementation of materialized hints in common table expressions Previous behavior did not account for NOT MATERIALIZED hints, also placed materi",bugfix,TypeScript,Adrian Parry,2022-12-29 19:55:54+05:00,19,3,0,0,149,5,2,0,3,34.33,0,clean,TypeScript,2021-2023,1.0,,24.83,0.0,11.44,0
typeorm/typeorm,18b659d1298a4606da0ea54ebd852f1c726ed4f2,18b659d129,"fix: synchronizing View with schema broken for oracle (#9602)  * fix view+schema broken for oracle  * apply prettier  * fixed missing schema in loadViews(); added test (with .only)  * removed .",bugfix,TypeScript,James Jurach,2022-12-29 20:06:48+05:00,20,3,0,0,87,7,4,0,4,1.75,0,clean,TypeScript,2021-2023,1.0,,10.88,0.0,0.35,0
typeorm/typeorm,15a4eb942e2d794eb5975e7a9e8b16cfe478a026,15a4eb942e,removed titles from issue templates,other,Unknown,Dmitry Zotov,2022-12-29 22:01:16+05:00,22,3,0,1,0,3,3,0,0,0.0,0,clean,TypeScript,2021-2023,1.0,,0.0,0.0,0.0,0
typeorm/typeorm,3e1caf0ff3436ccd46962322f172179c4ca93bed,3e1caf0ff3,docs: fix some typo in migration document (#9667),bugfix,Unknown,Sho Ogawa,2023-01-03 13:12:24+05:00,13,1,0,0,1,1,1,0,0,0.0,0,clean,TypeScript,2021-2023,1.0,,0.5,0.0,0.0,0
typeorm/typeorm,defb409f5650fed0b7a4ff2933208282a45572fb,defb409f56,"feat: support time travel queries, upsert, enums, spatial types in cockroachdb (#9128)  * feature: adds support for enum type (fixes #9068)  * temporarily ran package to test on different repo  * ",bugfix,TypeScript,Mattias Fjellvang,2023-01-03 19:25:22+05:00,19,1,0,0,2555,297,53,2,31,10.42,1,szz,TypeScript,2021-2023,0.034,11930.0,8.57,0.04,0.19,0
typeorm/typeorm,74f7f796aa1d5d241687197f504d2786bee271e1,74f7f796aa,refactor: remove a deprecated function (#9702),refactor,TypeScript,summer-boythink,2023-01-11 14:30:02+05:00,14,2,0,0,1,1,1,0,1,7.0,0,clean,TypeScript,2021-2023,1.0,,0.5,0.0,3.5,0
typeorm/typeorm,6b37e3818bd74541cadbd44e55c84df510e41e3a,6b37e3818b,"fix: remove unnecessary .js extension in imports (#9713)  * fix: remove extension when importing file  * removed unnecessary .js extension in imports  ---------  Co-authored-by: Dmitry Zotov <dm",bugfix,TypeScript,변경연,2023-01-28 16:01:24+05:00,16,5,1,0,5,5,4,0,0,0.0,0,clean,TypeScript,2021-2023,1.0,,0.83,0.0,0.0,0
typeorm/typeorm,de84014509f67d62c01e217ef786785d3bb93ae4,de84014509,chore: add *.iml to .gitignore (#9707),feature,Unknown,Filip Wróbel,2023-01-28 16:03:13+05:00,16,5,1,0,1,1,1,0,0,0.0,0,clean,TypeScript,2021-2023,1.0,,0.5,0.0,0.0,0
typeorm/typeorm,b937ae4afdcaf7883106549fed63c50672b9ab9f,b937ae4afd,test: Add test to prove that issue #2331 is resolved (#9688),feature,TypeScript,Lukas Spiss,2023-01-28 16:07:55+05:00,16,5,1,0,72,0,2,0,1,1.0,0,clean,TypeScript,2021-2023,1.0,,72.0,0.0,0.33,0
typeorm/typeorm,ef64bfc6c5e0e56d2c7fc08a4cb17be7ca3b3a0b,ef64bfc6c5,"test: update multiple nested embedded entities (#9696)  * test: update multiple nested embedded entities  Closes: #1200  * test: update multiple nested embedded entities - fix for ORA-00972 - shor",bugfix,TypeScript,Filip Wróbel,2023-01-28 16:11:10+05:00,16,5,1,0,174,0,5,0,7,1.0,0,clean,TypeScript,2021-2023,1.0,,174.0,0.0,0.17,0
typeorm/typeorm,4df969ea6254f9f69c371a72d80e857ab7c1f62d,4df969ea62,"fix: overriding caching settings when alwaysEnabled is true (#9731)  * 9023-2 Fix cache overriding option  * 9023-2 Fix format",bugfix,TypeScript,Pavel Kolpakov,2023-01-28 19:52:00+05:00,19,5,1,0,7,5,1,0,0,0.0,0,clean,TypeScript,2021-2023,1.0,,1.17,0.0,0.0,0
typeorm/typeorm,c669f50bddadb00d0f896e16ccfe5e1ecad16d3c,c669f50bdd,docs: update many-to-many-relations.md (#9736),docs,Unknown,Zeeshan Haider Khan,2023-01-28 21:00:14+05:00,21,5,1,0,8,8,1,0,0,0.0,0,clean,TypeScript,2021-2023,1.0,,0.89,0.0,0.0,0
typeorm/typeorm,63ab05fca1fe4925b07e9f2e3f0c7189b93220c6,63ab05fca1,"build(deps): bump http-cache-semantics from 4.1.0 to 4.1.1 (#9758)  Bumps [http-cache-semantics](https://github.com/kornelski/http-cache-semantics) from 4.1.0 to 4.1.1. - [Release notes](https://gith",other,Unknown,dependabot[bot],2023-02-05 13:16:05+05:00,13,6,1,0,6,6,1,0,0,0.0,0,clean,TypeScript,2021-2023,1.0,,0.86,0.0,0.0,0
typeorm/typeorm,6fb212187fdf97c07c41aad20d4f5503dfd44215,6fb212187f,fix: Fix grammar error in no migrations found log (#9754),bugfix,TypeScript,Josh Heng,2023-02-05 13:31:28+05:00,13,6,1,0,1,1,1,0,1,13.0,0,clean,TypeScript,2021-2023,1.0,,0.5,0.0,6.5,0
typeorm/typeorm,ca315f0ad2bbbb3bbc9469d2e604d73c09a75144,ca315f0ad2,docs: Fix grammar error in the first paragraph. (#9759)  docs: Fix grammar (verbal agreement) error in the first paragraph.,bugfix,Unknown,Vítor L. Brasil,2023-02-06 02:28:57+05:00,2,0,0,1,1,1,1,0,0,0.0,0,clean,TypeScript,2021-2023,1.0,,0.5,0.0,0.0,0
typeorm/typeorm,6c9010e466ef103685ad842b5bcfef8ad8ace0c2,6c9010e466,feat: allow mysql2 v3 as peerDependency (#9747)  Closes #9714,feature,Unknown,Dev Aggarwal,2023-02-06 15:53:50+05:00,15,0,0,0,2,2,2,0,0,0.0,0,clean,TypeScript,2021-2023,1.0,,0.67,0.0,0.0,0
typeorm/typeorm,1a9b9fbcd683b2a28acbd26e39ac98dc6b60f001,1a9b9fbcd6,"fix: make sure ""require"" is defined in the environment",bugfix,Unknown,Umed Khudoiberdiev,2023-02-06 15:59:00+05:00,15,0,0,0,2,2,1,0,0,0.0,0,clean,TypeScript,2021-2023,1.0,,0.67,0.0,0.0,0
typeorm/typeorm,b8704f87d2e06c048dea3f0b408ab18738acf7d7,b8704f87d2,"fix: redundant Unique constraint on primary join column in Postgres (#9677)  * test: one migration for PrimaryColumn and JoinColumn in pg  * fix: stop postgres from creating unique on PrimaryColumn ",bugfix,TypeScript,Kilian Finger,2023-02-06 18:28:07+05:00,18,0,0,0,63,1,4,0,4,3.75,0,clean,TypeScript,2021-2023,1.0,,31.5,0.0,0.75,0
typeorm/typeorm,c77c43e2423201bdc2ede85ae921447570685585,c77c43e242,"fix: resolve issue with ""simple-enum"" synchronization in SQLite (#9716)  * fix: resolve issue with ""simple-enum"" in sqlite  Closes: #9715  * trying to re-trigger CircleCI tests  ---------  Co-",bugfix,TypeScript,Vista1nik,2023-02-06 18:36:34+05:00,18,0,0,0,94,0,4,0,5,6.4,0,clean,TypeScript,2021-2023,1.0,,94.0,0.0,1.28,0
typeorm/typeorm,7726f5ad1ec0c826510202a0f2cbeea705547eee,7726f5ad1e,"fix: improved `FindOptionsWhere` behavior with union types (#9607)  * test: add test that where condition can accepts LessThan with Union  * fix: allow FindOptionsWhere to accept LessThan with Union",bugfix,TypeScript,Toshinori Tsugita,2023-02-06 21:28:36+05:00,21,0,0,0,68,12,3,1,1,1.0,0,clean,TypeScript,2021-2023,1.0,,5.23,0.25,0.25,0
typeorm/typeorm,7df2ccf69d13f8f0769e614638d8badd89c181b0,7df2ccf69d,"fix: sql expression when `where` parameter is empty array (#9691)  Closes: #9690  Co-authored-by: Dmitry Zotov <dmzt08@gmail.com>",bugfix,TypeScript,PronDmytro,2023-02-06 22:15:32+05:00,22,0,0,1,39,2,3,0,1,1.0,0,clean,TypeScript,2021-2023,1.0,,13.0,0.0,0.25,0
typeorm/typeorm,0eb74411d62f9132ba45154040b204f31a98c779,0eb74411d6,"feat: naming strategy for legacy Oracle (#9703)  * feat: naming strategy for legacy Oracle  This feature is LegacyOracleNamingStrategy which can be used to handle Oracle error ORA-00972.  * feat: ",feature,TypeScript,Filip Wróbel,2023-02-07 11:58:09+05:00,11,1,0,0,197,0,6,0,7,1.57,0,clean,TypeScript,2021-2023,1.0,,197.0,0.0,0.22,0
typeorm/typeorm,d2f37f6e72f3f7566bcd312a256c652ea5dc5508,d2f37f6e72,"feat: add find operator json contains (#9665)  * feature: add find operator json contains  * add test  ---------  Co-authored-by: Игорь Сары <isary@MacBook-Pro-Igor.local> Co-authored-by: dzvya",feature,TypeScript,ISary-ge,2023-02-07 12:33:18+05:00,12,1,0,0,110,0,7,0,1,1.0,0,clean,TypeScript,2021-2023,1.0,,110.0,0.0,0.12,0
typeorm/typeorm,c418aae39a118d474cefeb60e206aa6247f9ed32,c418aae39a,"docs: update cli related docs (#9659)  - remove cli.entitiesDir description - remove cli.subscribersDir description - remove cli from Data Source Options example - extend migration:run examples wit",docs,Unknown,StefanZivkovic,2023-02-07 12:34:37+05:00,12,1,0,0,22,103,6,0,0,0.0,0,clean,TypeScript,2021-2023,1.0,,0.21,0.0,0.0,0
typeorm/typeorm,8731858fbc88150f935b9a853f533d5c217d9d0e,8731858fbc,feat: support enableWal for the better-sqlite3 driver (#9619),feature,TypeScript,Aritz,2023-02-07 12:44:36+05:00,12,1,0,0,43,1,3,0,2,3.0,0,clean,TypeScript,2021-2023,1.0,,21.5,0.0,0.75,0
typeorm/typeorm,7c00bb8e0ef39c0e8c85cb8c92f94cf4c17dfc6e,7c00bb8e0e,fixed wrong callback definition in tests,bugfix,TypeScript,Dmitry Zotov,2023-02-07 12:51:06+05:00,12,1,0,0,18,27,2,0,2,1.0,0,clean,TypeScript,2021-2023,1.0,,0.64,0.0,0.33,0
typeorm/typeorm,b3b0c118a40441b31ac18ee7ce0cea0696b701ab,b3b0c118a4,"fix: Incorrect enum default value when table name contains dash character (#9685)  * fix: get enum default value  * chore: format",bugfix,TypeScript,Khaled Sameer,2023-02-07 12:55:56+05:00,12,1,0,0,47,1,3,0,1,1.0,0,clean,TypeScript,2021-2023,1.0,,23.5,0.0,0.25,0
typeorm/typeorm,8150525354a7a66e68152ef7bd894ad93266d2af,8150525354,"fix: add support for mongodb v4 (#9450)  * fix: add support for mongodb driver v4  This new fix allow support to mongodb driver v4  Closes: #7907  * fix: add support for mongodb driver v4 This ",bugfix,TypeScript,Matheus Melo Antiquera,2023-02-07 12:57:35+05:00,12,1,0,0,1008,927,48,0,237,1.49,0,clean,TypeScript,2021-2023,1.0,,1.09,0.0,0.03,0
typeorm/typeorm,adce6985d899dac29f174e6c828e3042cbea6bdc,adce6985d8,"Revert ""fix: add support for mongodb v4 (#9450)"" (#9762)  This reverts commit 8150525354a7a66e68152ef7bd894ad93266d2af.",bugfix,TypeScript,Umed Khudoiberdiev,2023-02-07 13:08:41+05:00,13,1,0,0,927,1008,48,0,237,1.48,0,clean,TypeScript,2021-2023,1.0,,0.92,0.0,0.03,0
typeorm/typeorm,54ca9dd801a77e011c2faf056b9e12845ccde82b,54ca9dd801,"fix: incorrect sorting of entities with multi-inheritances (#9406)  * Fixed sorting of entities with multi-inheritances  * prettier  * added test case  ---------  Co-authored-by: Alex Messer <",bugfix,TypeScript,ZBAGI,2023-02-07 15:42:32+05:00,15,1,0,0,95,2,6,0,5,2.0,0,clean,TypeScript,2021-2023,1.0,,31.67,0.0,0.29,0
typeorm/typeorm,9bd3a641ccfa3c6a9025a67996d0c9e00abdc86d,9bd3a641cc,removed unnecessary .js extension in imports,other,TypeScript,Dmitry Zotov,2023-02-07 17:18:19+05:00,17,1,0,0,17,17,10,0,0,0.0,0,clean,TypeScript,2021-2023,1.0,,0.94,0.0,0.0,0
typeorm/typeorm,12fdd73e25bbeb1efeb9d85f60a04d6941e24358,12fdd73e25,"refactor: use abstract logger to reduce duplicate code (#9751)  * feat(platform-tools): add more logging functions  * refactor(logger): add `AbstractLogger` to reduce duplicate code  ---------  ",feature,TypeScript,Christian Forgács,2023-02-07 17:34:37+05:00,17,1,0,0,698,502,10,0,43,4.79,0,clean,TypeScript,2021-2023,1.0,,1.39,0.0,0.44,0
typeorm/typeorm,4555211bcb71dce59b418a185141cc413a910352,4555211bcb,"feat: update mssql dependency and other dependencies as well (#9763)  * updating dependencies  * fixing circleci config  * reverting mongodb version back  * increasing cli commands test timeout",bugfix,TypeScript,Umed Khudoiberdiev,2023-02-07 18:20:09+05:00,18,1,0,0,6711,15078,7,0,4,1.0,0,clean,TypeScript,2021-2023,1.0,,0.45,0.0,0.12,0
typeorm/typeorm,7d1f1d69588b771c5ec393c86976008a352ddcc0,7d1f1d6958,"feat: support for SQL aggregate functions SUM, AVG, MIN, and MAX to the Repository API (#9737)  * feat: Add support for SQL aggregate functions SUM, AVG, MIN, and MAX to the Repository API  * rename",bugfix,TypeScript,कारतोफ्फेलस्क्रिप्ट™,2023-02-07 19:01:04+05:00,19,1,0,0,280,0,7,0,5,1.0,0,clean,TypeScript,2021-2023,1.0,,280.0,0.0,0.12,0
typeorm/typeorm,f07bdd0dac88a00c01602c57a407cb204b2e07d2,f07bdd0dac,version bump,other,Unknown,Umed Khudoiberdiev,2023-02-07 19:53:47+05:00,19,1,0,0,343,394,3,0,0,0.0,0,clean,TypeScript,2021-2023,1.0,,0.87,0.0,0.0,0
typeorm/typeorm,099fcd9b104bc930faea08f97ee3d5610118e0c4,099fcd9b10,fix: react-native doesn't properly work in ESM projects because of circular dependency (#9765),bugfix,TypeScript,Umed Khudoiberdiev,2023-02-07 21:27:15+05:00,21,1,0,0,873,14,2,0,13,2.23,0,clean,TypeScript,2021-2023,1.0,,58.2,0.0,0.74,0
typeorm/typeorm,58fc08840a4a64ca1935391f4709a784c3f0b373,58fc08840a,fix: use forward slashes when normalizing path (#9768)  Fixes #9766,bugfix,TypeScript,0x269,2023-02-09 21:31:44+05:00,21,3,0,0,5,2,1,0,0,0.0,0,clean,TypeScript,2021-2023,1.0,,1.67,0.0,0.0,0
typeorm/typeorm,f7b210bedb253eda9e38f5072f38ec79ca5deaff,f7b210bedb,"docs: documented getCount() method (#9847)  * documented getCount()  getCount() is currently only mentioned in the documentation once, and you're never shown how to use it. This patch adds a little ",bugfix,Unknown,JT Smith,2023-04-05 15:42:30+05:00,15,2,0,0,19,0,1,0,0,0.0,0,clean,TypeScript,2021-2023,1.0,,19.0,0.0,0.0,0
typeorm/typeorm,3f1142b5deeed49d2755ca9bf86eef3b4a829716,3f1142b5de,docs: update relations-faq (#9879)  Proposed a better safe-type workaround for circular dependencies.,docs,Unknown,Ihor Levchenko,2023-04-05 15:46:58+05:00,15,2,0,0,2,2,1,0,0,0.0,0,clean,TypeScript,2021-2023,1.0,,0.67,0.0,0.0,0
typeorm/typeorm,e0e7d2c12560260fd5eeda1a355be6fd1484ea3c,e0e7d2c125,docs: update many-to-many-relations.md (#9861)  Fixing typescript code.,bugfix,Unknown,Peter Hostačný,2023-04-05 15:51:10+05:00,15,2,0,0,6,1,1,0,0,0.0,0,clean,TypeScript,2021-2023,1.0,,3.0,0.0,0.0,0
typeorm/typeorm,98f22052be81e7df1ca33343fb4a9c04a485a5dc,98f22052be,"docs: added a documentation section on debugging query builder (#9846)  * Added a section on debugging query builder  It covers using getQuery() and getQueryAndParameters() which are both useful whe",bugfix,Unknown,JT Smith,2023-04-05 15:55:10+05:00,15,2,0,0,41,0,1,0,0,0.0,0,clean,TypeScript,2021-2023,1.0,,41.0,0.0,0.0,0
typeorm/typeorm,1fcd9f38848c13ba2fa6fd30c4176c1bb20fbd40,1fcd9f3884,"refactor: remove date-fns package (#9634)  * refactor: remove date-fns  Since TypeORM only uses one function from the date-fns library it is unnecessary to install this large package.  * refactor",feature,TypeScript,jdgjsag67251,2023-04-05 16:29:25+05:00,16,2,0,0,11067,1688,3,0,1,4.0,0,clean,TypeScript,2021-2023,1.0,,6.55,0.0,1.0,0
typeorm/typeorm,4fa14e396a49006a4610a59378932e55201cf221,4fa14e396a,build(deps): bump jsonwebtoken and mssql (#9700)  Bumps [jsonwebtoken](https://github.com/auth0/node-jsonwebtoken) to 9.0.0 and updates ancestor dependency [mssql](https://github.com/tediousjs/node-ms,other,Unknown,dependabot[bot],2023-04-05 16:45:53+05:00,16,2,0,0,1,1,1,0,0,0.0,0,clean,TypeScript,2021-2023,1.0,,0.5,0.0,0.0,0
typeorm/typeorm,cb154d4ca36cda251fcb9eb05a29b7758ae813cf,cb154d4ca3,"fix: resolve issues for mssql migration when simple-enum was changed  * fix: resolve issues for mssql migration when simple-enum was changed  - Changes are now detected - Incorrect update Statement",bugfix,TypeScript,ertl,2023-04-05 21:12:29+05:00,21,2,0,0,158,9,6,0,6,25.33,0,clean,TypeScript,2021-2023,1.0,,15.8,0.0,3.62,0
typeorm/typeorm,07221a364682b567533c93130efb4f5189e009a9,07221a3646,"fix: resolves issue with mssql column recreation (#9773)  * fix: resolves issue with mssql column recreation when length max is in lower case  Closes: #9399  * removed redundant question mark  -",bugfix,TypeScript,ertl,2023-04-05 21:13:57+05:00,21,2,0,0,51,1,3,0,2,1.5,0,clean,TypeScript,2021-2023,1.0,,25.5,0.0,0.38,0
typeorm/typeorm,0814970a9cc2c958199c9d74d1ef313de43dab50,0814970a9c,"feat: allow type FindOptionsOrderValue for order by object property (#9895) (#9896)  When using an Entity column transformer for an object type, the underlying database column may be sortable, despit",bugfix,TypeScript,Dylan Seago,2023-04-06 10:51:17+05:00,10,3,0,0,65,1,3,0,5,1.0,0,clean,TypeScript,2021-2023,1.0,,32.5,0.0,0.25,0
typeorm/typeorm,af4f15c5aa5b6a2bb3981f78018aeeceafccdaa1,af4f15c5aa,fixing failing test,bugfix,TypeScript,Dmitry Zotov,2023-04-06 10:57:00+05:00,10,3,0,0,12,10,1,0,1,1.0,0,clean,TypeScript,2021-2023,1.0,,1.09,0.0,0.5,0
typeorm/typeorm,f530811b0da2863711db3467e55bf815c66b4b4b,f530811b0d,"feat: Broadcast identifier for removed related entities  (#9913)  * Initial commit  * Pending changes exported from your codespace  * Revert changes  * Fix format",bugfix,TypeScript,Philipp Dyck,2023-04-06 11:13:16+05:00,11,3,0,0,30,6,2,0,15,4.4,0,clean,TypeScript,2021-2023,1.0,,4.29,0.0,1.47,0
typeorm/typeorm,0619aca174801d8a443f499b96af155f778e7a74,0619aca174,"test: when calling AVG on an integer column, MS SQL Server returns an int. (#9784)  In this case, 50 instead of 50.5. Apparently the ANSI standard for SQL is silent on this issue, so either behavior ",test,TypeScript,Leon Miller-Out,2023-04-06 11:15:16+05:00,11,3,0,0,3,1,1,0,1,1.0,0,clean,TypeScript,2021-2023,1.0,,1.5,0.0,0.5,0
typeorm/typeorm,4997da054b5cfafdbdf374b3e554e5c4e0590da7,4997da054b,fix: loading tables with fk in sqlite query runner (#9875)  Closes: #9266,bugfix,TypeScript,GP4cK,2023-04-06 11:31:32+05:00,11,3,0,0,49,1,3,0,4,1.5,0,clean,TypeScript,2021-2023,1.0,,24.5,0.0,0.38,0
typeorm/typeorm,f7f68178640120d8c1e92b8c9be0eeaa8262b4f3,f7f6817864,"fix: improve EntityNotFound error message in QueryBuilder.findOneOrFail (#9872)  * fix: EntityNotFound error message in QueryBuilder.findOneOrFail  * change test  * change test  * change test",bugfix,TypeScript,Daniel Huth,2023-04-06 11:34:00+05:00,11,3,0,0,3,9,2,0,1,1.0,0,clean,TypeScript,2021-2023,1.0,,0.3,0.0,0.33,0
typeorm/typeorm,bebba05388a40a9f278a450d4a988865c158abb7,bebba05388,fix: proper default value on generating migration when default value is a function calling [Postgres] (#9830)  Co-authored-by: Dmytro Boiko <dmitriy.b@tracktica.com>,bugfix,TypeScript,dmytroboiko,2023-04-06 11:49:25+05:00,11,3,0,0,51,1,3,0,2,1.0,0,clean,TypeScript,2021-2023,1.0,,25.5,0.0,0.25,0
typeorm/typeorm,97280fc82532a649b18a0cb65934fbe95d4fc446,97280fc825,docs: update migrations docs (#9828),docs,Unknown,Alexander Kraev,2023-04-06 11:59:35+05:00,11,3,0,0,1,1,1,0,0,0.0,0,clean,TypeScript,2021-2023,1.0,,0.5,0.0,0.0,0
typeorm/typeorm,bc306fb5a2c4dc02d04632af2b2f6c697a684356,bc306fb5a2,"feat: add support for STI on EntitySchema (#9834)  * feat: add support for STI on EntitySchema  Closes: #9833  * fix: run prettier  ---------  Co-authored-by: Umed Khudoiberdiev <pleerock.me@g",bugfix,TypeScript,Gabriel Kim,2023-04-06 12:23:45+05:00,12,3,0,0,324,6,16,0,6,2.17,0,clean,TypeScript,2021-2023,1.0,,46.29,0.0,0.13,0
typeorm/typeorm,a8689795dad796338e2a291a6a2fda89b00ef243,a8689795da,fix: use object create if entity skip constructor is set (#9831),bugfix,TypeScript,Joe Mizzi,2023-04-06 12:26:00+05:00,12,3,0,0,3,3,1,0,1,4.0,0,clean,TypeScript,2021-2023,1.0,,0.75,0.0,2.0,0
typeorm/typeorm,4ac8c00117417ae622368aabe36d0fd5c676bd00,4ac8c00117,feat: add support for json datatype for sqlite (#9744),feature,TypeScript,Nguyen Ba Hung,2023-04-06 12:31:46+05:00,12,3,0,0,15,0,3,0,1,1.0,0,clean,TypeScript,2021-2023,1.0,,15.0,0.0,0.25,0
typeorm/typeorm,197cc05e90c0182357d85aa1ce7ae45de99d9d98,197cc05e90,"fix: prevent foreign key support during migration batch under sqlite (#9775)  * fix: prevent foreign keys support during migration batch under sqlite  Schema changes in migrations batch cannot be do",bugfix,TypeScript,sinopsysHK,2023-04-06 13:12:10+05:00,13,3,0,0,150,3,6,0,7,4.57,0,clean,TypeScript,2021-2023,1.0,,37.5,0.0,0.65,0
typeorm/typeorm,de1228deace974eca3e9dd3956208ebe4cd9347f,de1228deac,"fix: transform values for FindOperators #9381 (#9777)  * fix: transform values for FindOperators  Closes: #9381  * refactor: simplify correction  do not transform value, when it is a FindOperato",bugfix,TypeScript,ertl,2023-04-06 13:12:50+05:00,13,3,0,0,202,5,5,0,12,1.33,0,clean,TypeScript,2021-2023,1.0,,33.67,0.0,0.22,0
typeorm/typeorm,947ffc34324c1d692496804e43dafa6302efc1db,947ffc3432,"feat: leftJoinAndMapOne and innerJoinAndMapOne map result to entity (#9354)  * feat: leftJoinAndMapOne and innerJoinAndMapOne now map correctly with QueryBuilder  When joining to a query builder ins",feature,TypeScript,acuthbert,2023-04-06 13:51:43+05:00,13,3,0,0,78,0,3,0,1,1.0,0,clean,TypeScript,2021-2023,1.0,,78.0,0.0,0.25,0
typeorm/typeorm,a11809e1b20cc77fd2767b8bab2500a0c7e20d23,a11809e1b2,"fix: handles ""query"" relation loading strategy for TreeRepositories (#9680)  Adds support to loading entities' relationships with ""query"" strategy for TreeRepositories Previously the default method w",bugfix,TypeScript,Jose Toscano,2023-04-06 13:59:30+05:00,13,3,0,0,250,34,7,0,9,2.89,0,clean,TypeScript,2021-2023,1.0,,7.14,0.0,0.36,0
typeorm/typeorm,f1330ad6e23bea65a16b4f1c4199f10f3fa7282b,f1330ad6e2,fix: firstCapital=true not working in camelCase() function,bugfix,TypeScript,AlexMesser,2023-04-06 14:10:38+05:00,14,3,0,0,48,9,2,0,4,2.25,0,clean,TypeScript,2021-2023,1.0,,4.8,0.0,0.75,0
typeorm/typeorm,12e9db07b6b9676e63fff5f55a45b1d269716ed9,12e9db07b6,"feat: QueryBuilder performance optimizations (#9914)  * small optimization in driver utils - shortening alias become a bit faster  * added entity metadatas as a map into DataSource for search optimi",bugfix,TypeScript,Umed Khudoiberdiev,2023-04-06 14:21:40+05:00,14,3,0,0,356,142,20,0,33,3.73,0,clean,TypeScript,2021-2023,1.0,,2.49,0.0,0.18,0
typeorm/typeorm,0194f179fee8f346bbf82325716df6935aebda5e,0194f179fe,version bump,other,Unknown,Umed Khudoiberdiev,2023-04-06 14:25:06+05:00,14,3,0,0,27,1,2,0,0,0.0,0,clean,TypeScript,2021-2023,1.0,,13.5,0.0,0.0,0
typeorm/typeorm,daf1b47a609cb5090b71e537668ee115a98b1dc9,daf1b47a60,fix: wrong dependency version in init command,bugfix,TypeScript,Dmitry Zotov,2023-04-06 15:30:05+05:00,15,3,0,0,2,2,1,0,1,1.0,0,clean,TypeScript,2021-2023,1.0,,0.67,0.0,0.5,0
typeorm/typeorm,7dac12c2b18be34fb63ebfde988eb0825ec21384,7dac12c2b1,fix: drop xml & yml connection option support (#9930),bugfix,TypeScript,Umed Khudoiberdiev,2023-04-09 11:30:28+05:00,11,6,1,0,1196,24266,14,0,9,2.89,0,clean,TypeScript,2021-2023,1.0,,0.05,0.0,0.19,0
typeorm/typeorm,5e3c565dce843b2deeefa3327340a79e0fc54e66,5e3c565dce,version bump,other,Unknown,Umed Khudoiberdiev,2023-04-09 11:39:56+05:00,11,6,1,0,11,1,2,0,0,0.0,0,clean,TypeScript,2021-2023,1.0,,5.5,0.0,0.0,0
typeorm/typeorm,115059de9147df2b4d65921ae400279c9ca4ee8f,115059de91,added package lock,feature,Unknown,Umed Khudoiberdiev,2023-04-10 10:45:26+05:00,10,0,0,0,20434,0,1,0,0,0.0,0,clean,TypeScript,2021-2023,1.0,,20434.0,0.0,0.0,0
typeorm/typeorm,4240258b50d99c1a9c119d127c5ad4259d66dcca,4240258b50,ci: wait if oracle db is enabled in test suite (#9946),test,Unknown,mptr,2023-04-13 05:21:36+05:00,5,3,0,1,21,2,1,0,0,0.0,0,clean,TypeScript,2021-2023,1.0,,7.0,0.0,0.0,0
typeorm/typeorm,3a72e350813d30f02b2cc1a276964f22813c6e85,3a72e35081,"test: cli init with local typeorm package (#9926)  * test: cli init with local typeorm package  Uses the locally built files instead of the typeorm package published to npmjs. This enables testing ",bugfix,TypeScript,mptr,2023-04-13 05:24:44+05:00,5,3,0,1,20,10,3,0,1,1.0,0,clean,TypeScript,2021-2023,1.0,,1.82,0.0,0.25,0
typeorm/typeorm,f6a3ce732d86fd01807fc13c049ab51df785d772,f6a3ce732d,"feat: support for the latest mongodb v5 (#9925)  * fix: add support for mongodb driver v5  This new fix allow support to mongodb driver v5  Closes: #7907  * refactor: remove callback from MongoD",bugfix,TypeScript,mptr,2023-04-15 13:30:01+05:00,13,5,1,0,13932,8589,97,1,595,1.24,0,clean,TypeScript,2021-2023,1.0,,1.62,0.01,0.01,0
typeorm/typeorm,83c6c0ed803f72c872fa40a740eb6fabe2102cbb,83c6c0ed80,"fix: SelectQueryBuilder builds incorrectly escaped alias in Oracle when used on entity with composite key (#9668)  * Update SelectQueryBuilder.ts  Bug fix, In case a unique alias is created in first",bugfix,TypeScript,Alankarsharma,2023-04-15 14:23:32+05:00,14,5,1,0,7,3,1,0,1,1.0,0,clean,TypeScript,2021-2023,1.0,,1.75,0.0,0.5,0
typeorm/typeorm,80ae9043aef666f8063b90b8257cb2f6a9749db0,80ae9043ae,chore: better console.log (#9924),other,TypeScript,Stafford Williams,2023-04-15 14:33:34+05:00,14,5,1,0,1,1,1,0,1,8.0,0,clean,TypeScript,2021-2023,1.0,,0.5,0.0,4.0,0
typeorm/typeorm,7ee6232143c48e25108dab7463d9df4874c43a9a,7ee6232143,refactor: combine sqlite json and simple-json handling (#9937),refactor,TypeScript,Bengt Weiße,2023-04-15 14:37:46+05:00,14,5,1,0,10,8,1,0,0,0.0,0,clean,TypeScript,2021-2023,1.0,,1.11,0.0,0.0,0
typeorm/typeorm,06291cfb31655a85d7d31e90b4501d9fdb52f039,06291cfb31,docs: wrong documentation on QueryBuilder.getCount() (#9935),docs,TypeScript,☃ Elliot Shepherd,2023-04-15 14:38:31+05:00,14,5,1,0,1,1,1,0,0,0.0,0,clean,TypeScript,2021-2023,1.0,,0.5,0.0,0.0,0
typeorm/typeorm,159c60a6e8cedbd32766fdca9694ec28cde9f6f7,159c60a6e8,"fix: make cache optional fields optional (#9942)  This patch allows the getFromCache caller to only pass in identifier or query field, as getFromCache already handles the identifier and query field ",bugfix,TypeScript,RustySol,2023-04-15 14:47:12+05:00,14,5,1,0,4,4,3,0,0,0.0,0,clean,TypeScript,2021-2023,1.0,,0.8,0.0,0.0,0
typeorm/typeorm,51eecc2aa07bfe3cfdd649fefadea3d719436d5e,51eecc2aa0,fix: prevent unique index identical to primary key (all sql dialects) (#9940)  Co-authored-by: Lucian Mocanu <lucian.mocanu@nexontis.com>,bugfix,TypeScript,Lucian Mocanu,2023-04-15 14:52:59+05:00,14,5,1,0,26,29,2,0,3,4.0,0,clean,TypeScript,2021-2023,1.0,,0.87,0.0,1.33,0
typeorm/typeorm,f1c56626b92ad24267522a4bf216110a095620c7,f1c56626b9,fixed compiler error,bugfix,TypeScript,Umed Khudoiberdiev,2023-04-15 15:22:14+05:00,15,5,1,0,1,0,1,0,1,1.0,0,clean,TypeScript,2021-2023,1.0,,1.0,0.0,0.5,0
typeorm/typeorm,589056162c8ae3d964dd15bf5c05ea5f81b6c34c,589056162c,version bump,other,Unknown,Umed Khudoiberdiev,2023-04-15 18:26:02+05:00,18,5,1,0,14,2,2,0,0,0.0,0,clean,TypeScript,2021-2023,1.0,,4.67,0.0,0.0,0
typeorm/typeorm,68aa573262229898b3396598e2077efd451c1820,68aa573262,"docs: issue #8860 (#9951)  * fixed: issue #8860  * example looks rough  ---------  Co-authored-by: Umed Khudoiberdiev <pleerock.me@gmail.com>",bugfix,Unknown,Ezekiel Adetoro,2023-04-15 18:29:15+05:00,18,5,1,0,8,0,1,0,0,0.0,0,clean,TypeScript,2021-2023,1.0,,8.0,0.0,0.0,0
typeorm/typeorm,e0165e75ee818c759b51a7fa3b0b3adc6befa347,e0165e75ee,fix: add directConnection options to MongoDB connection (#9955)  Co-authored-by: afournier <afournier@solocal.com>,bugfix,TypeScript,Alexis Fournier,2023-04-17 21:03:00+05:00,21,0,0,0,10,0,4,0,0,0.0,0,clean,TypeScript,2021-2023,1.0,,10.0,0.0,0.0,0
typeorm/typeorm,b06404962b026a53f52ba0e5bbd06647e47ffaef,b06404962b,"docs: update entity-manager-api.md (#9956)  typo: const timber = await manager.findOne(User, { firstName: ""Timber"" })   →   const timber = await manager.findOneBy(User, { firstName: ""Timber"" })  Co",docs,Unknown,Jo YoHan,2023-04-18 12:07:10+05:00,12,1,0,0,1,1,1,0,0,0.0,0,clean,TypeScript,2021-2023,1.0,,0.5,0.0,0.0,0
typeorm/typeorm,3d67901fde2750a8c10521bedc3eee3d57065b43,3d67901fde,fix: resolve duplicate subscriber updated columns (#9958)  Closes: #9948,bugfix,TypeScript,spotykatch,2023-04-18 14:40:28+05:00,14,1,0,0,88,1,4,0,7,6.29,1,szz,TypeScript,2021-2023,0.062,11951.0,44.0,0.0,1.26,0
typeorm/typeorm,0e56f0fcf8ec3f2ec37fee92f75ba09262801655,0e56f0fcf8,"fix: select + addOrderBy broke in 0.3.14 (#9961)  * added test for #9960 * fixing the issue * limiting only to postgres because of NULLS FIRST syntax * lint",bugfix,TypeScript,Umed Khudoiberdiev,2023-04-18 22:52:05+05:00,22,1,0,1,55,3,3,0,3,3.33,0,clean,TypeScript,2021-2023,1.0,,13.75,0.0,0.83,0
typeorm/typeorm,f5b93c14b5efa1a55aed0211a4757af1b3d6e66b,f5b93c14b5,"refactor: query methods should accept generic for return type (#9957)  * query should accept generics  * Update DataSource.ts",refactor,TypeScript,Eliya Cohen,2023-04-18 22:54:08+05:00,22,1,0,1,3,3,2,0,2,3.5,0,clean,TypeScript,2021-2023,1.0,,0.75,0.0,1.17,0
typeorm/typeorm,d8a2e3730f12bb2b8e521635e176a284594121f3,d8a2e3730f,"feat: mariadb uuid inet4 inet6 column data type support (#9845)  * feat: mariadb inet4, inet6, uuid data type support  * refactor: cleanup unnecessary methods  * style: mysqldriver formatting  *",bugfix,TypeScript,smith-xyz,2023-04-25 11:36:20+05:00,11,1,0,0,376,6,14,0,8,7.25,0,clean,TypeScript,2021-2023,1.0,,53.71,0.0,0.48,0
typeorm/typeorm,99bef491280aedb6b337a14e6723b33e67b048d0,99bef49128,"fix: mongodb typings breaks the browser version (#9962)  * fix: exclude mongodb typings from browser  Closes: #9959  fix: delete unnessecary dummy file  * another fix for bson typings problem in",bugfix,Unknown,spotykatch,2023-05-09 13:42:23+05:00,13,1,0,0,2,0,1,0,0,0.0,0,clean,TypeScript,2021-2023,1.0,,2.0,0.0,0.0,1
typeorm/typeorm,54f4f8986adf197eb96ec0bc6d9d5a44d6552bcc,54f4f8986a,"revert: ""refactor: remove date-fns package (#9634)""  This reverts commit 1fcd9f38",refactor,TypeScript,Umed Khudoiberdiev,2023-05-09 13:45:13+05:00,13,1,0,0,597,11227,3,0,1,4.0,0,clean,TypeScript,2021-2023,1.0,,0.05,0.0,1.0,0
typeorm/typeorm,2a2bb4bdc11915966a65dc144189b33d410d9d57,2a2bb4bdc1,fix: allow json as alias for longtext mariadb (#10018),bugfix,TypeScript,smith-xyz,2023-05-09 14:54:52+05:00,14,1,0,0,118,2,3,0,2,12.5,0,clean,TypeScript,2021-2023,1.0,,39.33,0.0,3.12,0
typeorm/typeorm,5be20e2bcd18431e457090a63a99dc06f9c2d3d2,5be20e2bcd,"fix: express option bug in init command (#10022)  * Fix express option bug in init command  * fixed esm support in command  * fix linter  ---------  Co-authored-by: Umed Khudoiberdiev <pleeroc",bugfix,TypeScript,YoungKi Lyu,2023-05-09 15:23:01+05:00,15,1,0,0,3,1,1,0,1,1.0,0,clean,TypeScript,2021-2023,1.0,,1.5,0.0,0.5,0
typeorm/typeorm,21a9d67fcf294e805c416d55394d55b238860b7d,21a9d67fcf,fix: RelationIdLoader has access to queryPlanner when wrapped in transaction (#9990)  fix issue - createQueryBuilder in repository loses queryplanner when wrapped in txn upsteam until RelationIdLoader,bugfix,TypeScript,Riqwan Thamir,2023-05-09 15:28:30+05:00,15,1,0,0,140,6,5,0,13,3.54,0,clean,TypeScript,2021-2023,1.0,,20.0,0.0,0.59,0
typeorm/typeorm,03058055df78034a4544e52cfd277ed1c0cbdcb2,03058055df,"fix: add `trustServerCertificate` option to `SqlServerConnectionOptions` (#9985)  * fix: add missing 'trustServerCertificate' option to SqlServerConnectionOptions interface  Closes: #8093  * docs:",bugfix,TypeScript,Joe Rybarczyk,2023-05-09 15:31:27+05:00,15,1,0,0,8,0,2,0,0,0.0,0,clean,TypeScript,2021-2023,1.0,,8.0,0.0,0.0,0
typeorm/typeorm,7c5627f2728500bb45a2586a3bfd34ab39d46fad,7c5627f272,"fix: added instanceName to options (#9968)  * added instanceName to options  * run prettier  ---------  Co-authored-by: Jens Horch <horch@hector.de>",bugfix,TypeScript,Jens Horch,2023-05-09 15:41:50+05:00,15,1,0,0,5,0,1,0,0,0.0,0,clean,TypeScript,2021-2023,1.0,,5.0,0.0,0.0,0
typeorm/typeorm,a188b1d9f4cc0bdc36a30be1380104e5f38ccb24,a188b1d9f4,"fix: for running cli-ts-node-esm use exit code from child process (#10030)  Use child process exit code in parent process to properly indicate that child process (migration running) fails  Closes: #",bugfix,TypeScript,Sergey Pahuta,2023-05-09 15:45:50+05:00,15,1,0,0,5,2,1,0,0,0.0,0,clean,TypeScript,2021-2023,1.0,,1.67,0.0,0.0,0
typeorm/typeorm,938f94bded92b272bdcecc04534ffb879186dc44,938f94bded,"fix: add onDelete option validation for oracle (#9786)  * fix: add onDelete option validation for oracle  Closes: #9189  * refactor: move fk validation logic to EntityMetadataValidator.ts  * fix",bugfix,TypeScript,ertl,2023-05-09 15:49:22+05:00,15,1,0,0,119,4,7,0,4,9.0,0,clean,TypeScript,2021-2023,1.0,,23.8,0.0,1.12,0
typeorm/typeorm,9460296147b8117e414ca311828615d87f5ab283,9460296147,"fix: convert the join table ID to the referenceColumn ID type (#9887)  * fix: Convert the join table ID to the referenceColumn ID type  * test: add auto-increment-id-as-string test  * style: forma",bugfix,TypeScript,tqh177,2023-05-09 15:59:06+05:00,15,1,0,0,113,1,4,0,8,2.62,0,clean,TypeScript,2021-2023,1.0,,56.5,0.0,0.52,0
typeorm/typeorm,96b7ee44b2538f65c77c7d168e4f10316cc123fa,96b7ee44b2,"fix: correct encode mongodb auth credentials (#10024)  * fix: correct encode mongodb auth credentials  when use the special character `@` into mongodb password result in unauthorized because the it ",bugfix,TypeScript,leoojg,2023-05-09 16:25:49+05:00,16,1,0,0,27,1,2,0,2,9.0,0,clean,TypeScript,2021-2023,1.0,,13.5,0.0,3.0,0
typeorm/typeorm,06c1e98ae20cf516f4f5afc53fec4df91209f121,06c1e98ae2,"fix: create correct children during cascade saving entities with STI (#9034)  * test: test saving disciminators STI, cascading  This commit adds an test for checking whether discriminators are saved",bugfix,TypeScript,Felix Gohla,2023-05-09 22:14:01+05:00,22,1,0,1,507,39,18,0,14,4.64,0,clean,TypeScript,2021-2023,1.0,,12.68,0.0,0.24,0
typeorm/typeorm,8795c864e835a875e78577b5737da42d78e19247,8795c864e8,"fix: support More/LessThanOrEqual in relations  (#9978)  * test(select-buildwhere): exercise More/LessThanOrEqual for relations  Extract the relevant test suite from functional/find-options, modifyi",bugfix,TypeScript,LoneRifle,2023-05-09 22:32:41+05:00,22,1,0,1,352,3,8,1,7,1.0,0,clean,TypeScript,2021-2023,1.0,,88.0,0.11,0.11,0
typeorm/typeorm,607d6f959525b7c01bad5fe14364e4af82d878bb,607d6f9595,"fix: added transaction retry logic in cockroachdb (#10032)  * added transaction retry logic in cockroachdb  * added option to control max transaction retries; added delay before transaction retry;",bugfix,TypeScript,AlexMesser,2023-05-09 23:46:07+05:00,23,1,0,1,144,22,5,0,7,4.14,0,clean,TypeScript,2021-2023,1.0,,6.26,0.0,0.69,0
typeorm/typeorm,abb9079f2b2c5e02253b4c83ba10358d1a1f373f,abb9079f2b,version bump,other,Unknown,Umed Khudoiberdiev,2023-05-09 23:57:55+05:00,23,1,0,1,114,115,3,0,0,0.0,0,clean,TypeScript,2021-2023,1.0,,0.98,0.0,0.0,0
typeorm/typeorm,d4607a86723eef07e62e6d7321a07f3ae5ed1f90,d4607a8672,"test: fix test from #9034 with STI for Oracle (#10037)  Oracle does not have a `onUpdate: 'CASCADE'` option. Thus, the test fixtures had to be adapted. Checking for the correct `onUpdate` actions fo",bugfix,TypeScript,Felix Gohla,2023-05-10 14:40:15+05:00,14,2,0,0,1,1,1,0,1,1.0,0,clean,TypeScript,2021-2023,1.0,,0.5,0.0,0.5,0
typeorm/typeorm,f5d43975dbbf02d0e40d64d01265105d4018cf7a,f5d43975db,fix: add missing await (#10084),bugfix,TypeScript,pro100kryto,2023-06-19 11:10:47-07:00,11,0,0,0,1,1,1,0,1,9.0,0,clean,TypeScript,2021-2023,1.0,,0.5,0.0,4.5,0
typeorm/typeorm,7108cc6f7157b0fedd609cdf4ea384e2add64315,7108cc6f71,"chore: use new CircleCI convenience images (#10101)  This commit updates the CircleCI images to the new convenience images (cimg/... instead of circleci/...), as the old ones were deprecated. Sadly,",bugfix,Unknown,Felix Gohla,2023-06-20 07:36:35-07:00,7,1,0,0,12,11,1,0,0,0.0,0,clean,TypeScript,2021-2023,1.0,,1.0,0.0,0.0,0
typeorm/typeorm,b1a3a395049052f3f031e9fd27b99769b03b9011,b1a3a39504,"fix: #10040 TypeORM synchronize database even if it is up to date (#10041)  * test: #10040 TypeORM synchronize database even if it is up to date  * formating  * fix: TypeORM synchronize database e",bugfix,TypeScript,juliengbt,2023-06-20 12:38:55-07:00,12,1,0,0,75,1,4,0,3,1.0,0,clean,TypeScript,2021-2023,1.0,,37.5,0.0,0.2,0
typeorm/typeorm,a909d5b6975f0feb0c8759dd146dba8f1e3ad168,a909d5b697,version bump,other,Unknown,Umed Khudoiberdiev,2023-06-20 12:47:22-07:00,12,1,0,0,8,1,2,0,0,0.0,0,clean,TypeScript,2021-2023,1.0,,4.0,0.0,0.0,0
typeorm/typeorm,dff2d53b4e5375398c86bd231ef524c041172249,dff2d53b4e,"build(deps-dev): bump word-wrap from 1.2.3 to 1.2.4 (#10220)  Bumps [word-wrap](https://github.com/jonschlinkert/word-wrap) from 1.2.3 to 1.2.4. - [Release notes](https://github.com/jonschlinkert/wor",other,Unknown,dependabot[bot],2023-07-22 12:45:12+05:00,12,5,1,0,5,5,1,0,0,0.0,0,clean,TypeScript,2021-2023,1.0,,0.83,0.0,0.0,0
typeorm/typeorm,ff6e8751d98dfe9999ee21906cca7d20b1c6b15d,ff6e8751d9,docs: change `implements` to `extends` (#10219),feature,Unknown,Cody Tseng,2023-07-22 12:52:43+05:00,12,5,1,0,1,1,1,0,0,0.0,0,clean,TypeScript,2021-2023,1.0,,0.5,0.0,0.0,0
typeorm/typeorm,8740adbe9e40182df4de4227301c5dc329602691,8740adbe9e,docs: update usage of query runner with query builder (#10093)  Co-authored-by: Murali <murali.kambhampati@agxworld.com>,docs,Unknown,Murali,2023-08-19 17:20:37+05:00,17,5,1,0,2,2,1,0,0,0.0,0,clean,TypeScript,2021-2023,1.0,,0.67,0.0,0.0,0
typeorm/typeorm,fcb9904f247d9ddf21bad07101b488d33e0a1fd2,fcb9904f24,fix: upgrade ts-node version to latest(10.9.1) version (#10143),bugfix,TypeScript,YoungKi Lyu,2023-08-19 17:22:50+05:00,17,5,1,0,1,1,1,0,0,0.0,0,clean,TypeScript,2021-2023,1.0,,0.5,0.0,0.0,0
typeorm/typeorm,6b61724cf42e5bff8025ea8324adaa5c03da0b16,6b61724cf4,docs: corrected the typos and grammatical errors in README.md (#10145)  Corrected the typos and grammatical errors.,docs,Unknown,Lidhya Jeejan,2023-08-19 17:24:45+05:00,17,5,1,0,23,23,1,0,0,0.0,0,clean,TypeScript,2021-2023,1.0,,0.96,0.0,0.0,0
typeorm/typeorm,e36aa6ccc3d53983d0ab2daa6d056fc7e16ed5ff,e36aa6ccc3,"docs: typo on given example (#10166)  fix typo on given example. it should log `entity`, instead of `post`",bugfix,Unknown,richardvinc,2023-08-19 17:27:17+05:00,17,5,1,0,2,2,1,0,0,0.0,0,clean,TypeScript,2021-2023,1.0,,0.67,0.0,0.0,0
typeorm/typeorm,e72a9da30e973fa772876b67d3cf2700e7536c48,e72a9da30e,"docs: add the some options on Oracle documentation (#10182)  This commit adds the options serviceName and sid on data-source-options documentation.  Related to #10181",feature,Unknown,Raphael Pinto,2023-08-19 17:29:17+05:00,17,5,1,0,19,0,1,0,0,0.0,0,clean,TypeScript,2021-2023,1.0,,19.0,0.0,0.0,0
typeorm/typeorm,df7c06948cc53efda8b2d519338c8a5dc5159607,df7c06948c,"feat: add MSSQL disableAsciiToUnicodeParamConversion option and tests (#10161)  This adds a new property `disableAsciiToUnicodeParamConversion` to `SqlServerConnectionOptions` to control whether the ",feature,TypeScript,Nadia Karlinsky,2023-08-19 17:51:39+05:00,17,5,1,0,149,0,4,0,1,1.0,0,clean,TypeScript,2021-2023,1.0,,149.0,0.0,0.2,0
typeorm/typeorm,7adbc9bdc7e3e5a4bd3db9c5cf980b71c74fc8fa,7adbc9bdc7,fix: add missing export for View class (#10261),bugfix,TypeScript,Matthias Lindinger,2023-08-19 17:56:54+05:00,17,5,1,0,1,0,1,0,0,0.0,0,clean,TypeScript,2021-2023,1.0,,1.0,0.0,0.0,0
typeorm/typeorm,c8ee5b1d1a77cc08c358d8c7f2a96e53ecb83872,c8ee5b1d1a,feat: add support for mssql server DefaultAzureCredential usage (#10246),feature,TypeScript,Daniel Stumme,2023-08-19 18:02:43+05:00,18,5,1,0,14,0,2,0,0,0.0,0,clean,TypeScript,2021-2023,1.0,,14.0,0.0,0.0,0
typeorm/typeorm,f8fa1fd821a0ca61b09079625e04583f9e1a0403,f8fa1fd821,fix: ignore changes for columns with `update: false` in persistence (#10250)  Closes: #10249,bugfix,TypeScript,grainrigi,2023-08-19 20:22:35+05:00,20,5,1,0,81,1,3,0,3,3.0,0,clean,TypeScript,2021-2023,1.0,,40.5,0.0,0.75,0
typeorm/typeorm,fbd45dba32cd92ddcb00cc4f3c745d247ad27bae,fbd45dba32,"fix: using async datasource to configure typeorm (#10170)  Rather than trying to detect wheter the passed in thing is a promise, we can simply await it. The `await` operator is defined in such way th",bugfix,TypeScript,Nicklas Laine Overgaard,2023-08-19 20:28:18+05:00,20,5,1,0,3,2,1,0,1,8.0,0,clean,TypeScript,2021-2023,1.0,,1.0,0.0,4.0,0
typeorm/typeorm,ca29c0ff8e40e5bfa29d769b59c405509060cacc,ca29c0ff8e,"feat: modify repository.extend method for chaining repositories (#10256)  * modify repository.extend method. so chainning call this method is possible  * npm run format  * add @ts-ignore at a line",feature,TypeScript,hunjin-choi,2023-08-19 20:32:35+05:00,20,5,1,0,14,9,1,0,4,1.25,0,clean,TypeScript,2021-2023,1.0,,1.4,0.0,0.62,0
typeorm/typeorm,9f8899f56cb95fbee70eed73d507530e8b6c74ff,9f8899f56c,"fix: improve helper for cli for commands missing positionals (#10133)  * fix: improve helper for cli for commands missing positionals  Add positionals to:  - MigrationCreateCommand  - MigrationGen",bugfix,TypeScript,Nicolas ROGER,2023-08-19 20:34:32+05:00,20,5,1,0,74,29,7,0,10,2.4,0,clean,TypeScript,2021-2023,1.0,,2.47,0.0,0.3,0
typeorm/typeorm,d937f6106a1c0a5770de7c06c315009c5549c4d5,d937f6106a,"fix: scrub all comment end markers from comments (#10163)  This was only removing the first comment end marker, so it was still possible to generate invalid SQL with the comment method.",bugfix,TypeScript,Sean McGivern,2023-08-19 20:36:33+05:00,20,5,1,0,3,3,2,0,1,1.0,0,clean,TypeScript,2021-2023,1.0,,0.75,0.0,0.33,0
typeorm/typeorm,201342d1509938925b90deeac1d974cd01fe3d3c,201342d150,fix: loading datasource unable to process a regular default export (#10184)  The solution to `loadDataSource` was probably designed to adapt to various forms of exports coming from ormconfig.js howeve,bugfix,TypeScript,Juraj Čarnogurský,2023-08-19 20:39:16+05:00,20,5,1,0,4,0,1,0,1,9.0,0,clean,TypeScript,2021-2023,1.0,,4.0,0.0,4.5,0
typeorm/typeorm,78b2f4805ca5f1302b3cf91f4c7affd851bcc801,78b2f4805c,"feat: implements QueryFailedError generic for driverError typing (#10253)  * chore: linting result  * feat: implements generic to driver error",feature,TypeScript,Guilherme Nogueira,2023-08-19 20:40:15+05:00,20,5,1,0,3,3,2,0,2,2.0,0,clean,TypeScript,2021-2023,1.0,,0.75,0.0,0.67,0
typeorm/typeorm,c6f608d3e8f9c28646240ac67e20e6567be1aab6,c6f608d3e8,"fix: resolve issue building eager relation alias for nested relations (#10004)  * fix: resolve issue building eager relation alias for nested relations  Fix alias error for nested relations. When lo",bugfix,TypeScript,Jose Toscano,2023-08-19 20:44:22+05:00,20,5,1,0,113,24,10,1,11,3.0,0,clean,TypeScript,2021-2023,1.0,,4.52,0.09,0.27,0
typeorm/typeorm,022d2b5f622771349355f00a087c26c930db0d25,022d2b5f62,"fix: aggregate function throw error when column alias name is set (#10035)  * fix: aggregate function throw error when column alias name is set  Closes: #9927",bugfix,TypeScript,Zivvvv,2023-08-19 20:52:03+05:00,20,5,1,0,92,1,3,0,2,1.0,0,clean,TypeScript,2021-2023,1.0,,46.0,0.0,0.25,0
typeorm/typeorm,6378b21119baff84f94a8be099ede3cf93cafd80,6378b21119,docs: update select-query-builder.md (#10297)  In the line 315 there was a mistake due to which the technical sense of the sentence was lost. I corrected the typo.,docs,Unknown,Mohammad Rayyan,2023-09-02 14:49:44+05:00,14,5,1,0,1,1,1,0,0,0.0,0,clean,TypeScript,2021-2023,1.0,,0.5,0.0,0.0,0
typeorm/typeorm,befe4f9cbf17139bfaba83ae8a00e56b071df334,befe4f9cbf,"build(deps-dev): bump mongodb from 5.4.0 to 5.8.0 (#10321)  Bumps [mongodb](https://github.com/mongodb/node-mongodb-native) from 5.4.0 to 5.8.0. - [Release notes](https://github.com/mongodb/node-mong",other,Unknown,dependabot[bot],2023-09-02 14:52:09+05:00,14,5,1,0,31,26,2,0,0,0.0,0,clean,TypeScript,2021-2023,1.0,,1.15,0.0,0.0,0
typeorm/typeorm,9471bfcebc6d6d6d193106a6076757338e15fa53,9471bfcebc,build: update CockroachDB version to v23.1.9 (#10346)  The previous version is going out of support.,other,Unknown,Rafi Shamim,2023-09-22 18:50:52+05:00,18,4,0,0,1,1,1,0,0,0.0,0,clean,TypeScript,2021-2023,1.0,,0.5,0.0,0.0,0
typeorm/typeorm,35a3a7f0490d57caab6cb85f04ff147a460b2c42,35a3a7f049,docs: added missing import in select-query-builder.md (#10385)  The example for the deleteAt was missing from the import in example of soft delete,feature,Unknown,Mohammad Rayyan,2023-09-30 14:44:06+05:00,14,5,1,0,1,1,1,0,0,0.0,0,clean,TypeScript,2021-2023,1.0,,0.5,0.0,0.0,0
typeorm/typeorm,8d0e7f98c36802d68b0b421f7d0c590efcc75150,8d0e7f98c3,docs: fix naming consistency (#10383),bugfix,Unknown,Erik McKelvey,2023-09-30 14:44:38+05:00,14,5,1,0,4,4,1,0,0,0.0,0,clean,TypeScript,2021-2023,1.0,,0.8,0.0,0.0,0
typeorm/typeorm,ba7ad3c69b4d7813cf71503c130ae9ef248ea28d,ba7ad3c69b,fix: circular dependency breaking node.js 20.6 (#10344)  Closes: #10338,bugfix,TypeScript,Mohamed Akram,2023-09-30 14:47:07+05:00,14,5,1,0,1,1,1,0,0,0.0,0,clean,TypeScript,2021-2023,1.0,,0.5,0.0,0.0,0
typeorm/typeorm,b8af97a31d4f2d0d9ba3e7bbc8e07f73341d35d8,b8af97a31d,docs: update example-with-express.md (#10374),docs,Unknown,Akshay Barad,2023-09-30 14:48:08+05:00,14,5,1,0,1,1,1,0,0,0.0,0,clean,TypeScript,2021-2023,1.0,,0.5,0.0,0.0,0
typeorm/typeorm,e296063b128318ddd3b59ae1e23e104d0ed524b0,e296063b12,"fix: ManyToMany ER_DUP_ENTRY error (#10343)  * fix: ensure comparing EntityMapIds in `buildForSubjectRelation`  I have found the issue (for me at least). In the method `buildForSubjectRelation` of `",bugfix,TypeScript,growms,2023-09-30 15:04:27+05:00,15,5,1,0,132,2,5,0,7,1.57,0,clean,TypeScript,2021-2023,1.0,,44.0,0.0,0.26,0
typeorm/typeorm,ebd61d14400e2769517e1afaa1c9b00d95b14ec5,ebd61d1440,feat: expose countDocuments in mongodb (#10314),feature,TypeScript,Corey Shupe,2023-09-30 15:09:58+05:00,15,5,1,0,36,0,3,0,2,1.5,0,clean,TypeScript,2021-2023,1.0,,36.0,0.0,0.38,0
typeorm/typeorm,d184d8598c057ce8fa54815e669b567238f3a86e,d184d8598c,"test: stop using unsafe CockroachDB setting (#10404)  Disabling the raft log is going to be disallowed in CockroachDB. Also, this setting wasn't having any effect, since the tests use an in-memory c",test,TypeScript,Rafi Shamim,2023-10-05 09:03:51+05:00,9,3,0,0,0,3,1,1,2,4.5,0,clean,TypeScript,2021-2023,1.0,,0.0,0.5,2.25,0
spacedriveapp/spacedrive,2b95905808c96767872404274ecc54a547d45d24,2b95905808,[ENG-1301]  mouse4 mouse5 dont work when hovering (#1601)  * Fix mouse navigation bug when file/folder is hovered  * remove imports,bugfix,TypeScript,ameer2468,2023-10-16 15:29:18+00:00,15,0,0,0,48,10,8,0,12,13.67,1,keyword_strict,TypeScript,2021-2023,0.4,,4.36,0.0,1.52,0
spacedriveapp/spacedrive,ad5ef02c624176b7af10d639f7879f288b18bacc,ad5ef02c62,[ENG-1304] hidden files shortcut (#1603)  hidden files shortcut,other,Unknown,ameer2468,2023-10-16 21:03:35+00:00,21,0,0,0,23,6,3,0,2,7.0,0,clean,TypeScript,2021-2023,1.0,,3.29,0.0,1.75,1
spacedriveapp/spacedrive,aa354f684ebf1db2edaf71855dd4ac18bc620b82,aa354f684e,[ENG-1267] Move thumbnails generation away from media processor (#1585)  * New vscode task to start developing  * Updating db in case of library updates just in case  * Done  * Forgot to remove some d,bugfix,Rust,"Ericson ""Fogo"" Soares",2023-10-17 02:09:36+00:00,2,1,0,1,960,826,16,0,55,6.73,1,keyword_strict,TypeScript,2021-2023,0.4,,1.16,0.0,0.4,0
spacedriveapp/spacedrive,bbe0bd1bb787fc885b74b2149a72cdbfc3f7a083,bbe0bd1bb7,[END-1309] Fix explorer query invalidation (#1604)  fix,bugfix,Rust,Jamie Pine,2023-10-17 03:54:41+00:00,3,1,0,1,18,1,6,0,12,17.92,1,keyword_strict,TypeScript,2021-2023,0.4,,9.0,0.0,2.56,0
spacedriveapp/spacedrive,f7f640c9824b38aba6c2bc3e5e2bcbdcf84cbc58,f7f640c982,Bump `.nvmrc` version (#1605)  Update .nvmrc,other,Unknown,Oscar Beaumont,2023-10-17 03:58:50+00:00,3,1,0,1,1,1,1,0,0,0.0,0,clean,TypeScript,2021-2023,1.0,,0.5,0.0,0.0,0
spacedriveapp/spacedrive,62903df2281cdd5c1a47d3c37f74bf6c8dc2ae72,62903df228,[ENG-625] Spacedrop improvements (#1447)  * Fist fight with the abstraction  * Prevent opening multiple Spacedrop dialogues  * Infinite renders = infinite power  * Comment be gone  * Spacedrop multipl,bugfix,Rust,Oscar Beaumont,2023-10-17 04:31:42+00:00,4,1,0,1,526,309,10,0,26,3.92,1,keyword_strict,TypeScript,2021-2023,0.4,,1.7,0.0,0.36,0
spacedriveapp/spacedrive,fbc804244a88bf234f22a46224afb13dbb6a2cb8,fbc804244a,"[ENG-1310, ENG-1300] Spacedrop better testing + fix zero-sized files (#1606)  * unit tests save lives  * Support for zero-sized files  * fix: clippy  ---------  Co-authored-by: jake <77554505+brxken12",bugfix,Rust,Oscar Beaumont,2023-10-17 06:12:38+00:00,6,1,0,0,419,147,6,0,19,2.47,1,keyword_strict,TypeScript,2021-2023,0.4,,2.83,0.0,0.35,1
spacedriveapp/spacedrive,ce8894b72518e7286690fa2ed33e37bff1590b66,ce8894b725,[ENG-1289] Reload webview support for Windows and Linux (#1590)  * full webview reload for linux/windows  * cleanup platform-specific code  * code cleanup & bindings  * add reload to the debug popover,bugfix,Rust,jake,2023-10-17 07:17:56+00:00,7,1,0,0,76,24,7,0,6,3.83,1,keyword_strict,TypeScript,2021-2023,0.4,,3.04,0.0,0.48,0
spacedriveapp/spacedrive,dda8b7cad52ea6e048c7decb5e870a697f5e144c,dda8b7cad5,[ENG-1316] Better explorer count handling (#1610)  count,other,Unknown,nikec,2023-10-17 10:34:02+00:00,10,1,0,0,4,2,2,0,1,27.0,0,clean,TypeScript,2021-2023,1.0,,1.33,0.0,9.0,0
spacedriveapp/spacedrive,d7d17e0db28a25d3f05c8ade3afabacbc4b3f222,d7d17e0db2,[ENG-1226] Link locations button in inspector (#1612)  Link locations button in inspector,other,Unknown,ameer2468,2023-10-17 15:30:28+00:00,15,1,0,0,6,8,1,0,3,5.0,0,clean,TypeScript,2021-2023,1.0,,0.67,0.0,2.5,1
spacedriveapp/spacedrive,e06ccbbffe6b8c5bb467a35606ab0fe0910582e8,e06ccbbffe,Get mobile app to build on Android (#1617)  Add sourceSets to module build.gradle,feature,Unknown,Arnab Chakraborty,2023-10-18 03:33:27+00:00,3,2,0,1,5,0,1,0,0,0.0,0,clean,TypeScript,2021-2023,1.0,,5.0,0.0,0.0,0
spacedriveapp/spacedrive,38b9022805735c194bfdbfad95fc60c9240450f0,38b9022805,[ENG-1291] enable/disable P2P & configurable port (#1609)  * it works pog  * UI for when networking is disabled  * Fix Clippy issues  * clippy tings,bugfix,Rust,Oscar Beaumont,2023-10-18 03:52:54+00:00,3,2,0,1,396,163,14,0,28,3.36,1,keyword_strict,TypeScript,2021-2023,0.4,,2.41,0.0,0.22,2
spacedriveapp/spacedrive,62a9eb073530e0a8881845e2a0fc2bdf00af753c,62a9eb0735,[ENG-1314] Re-enable cache factory on all main commits (#1608)  re-enable cache factory on all main commits,other,Unknown,Brendan Allan,2023-10-18 04:22:41+00:00,4,2,0,1,4,12,2,0,0,0.0,0,clean,TypeScript,2021-2023,1.0,,0.31,0.0,0.0,0
spacedriveapp/spacedrive,cbfba9ba5b7a437619fcfe7425af318adf784290,cbfba9ba5b,[ENG-1290] In-app changelog + GitHub releases as CMS (#1602)  * improve docs  * in-app changelog  * derive site changelogs from github releases  * cleanup + static changelog generation  * metadata  * ,bugfix,TypeScript,Brendan Allan,2023-10-18 04:26:20+00:00,4,2,0,1,135,121,15,0,15,2.4,1,keyword_strict,TypeScript,2021-2023,0.4,,1.11,0.0,0.15,0
spacedriveapp/spacedrive,e0bfe6e8ba0d43e1f6c04939978e6e917124666f,e0bfe6e8ba,"Fix casing switch in ""Log in"" button (#1619)  Fix casing inconsistency",bugfix,Unknown,Julian Braha,2023-10-18 04:26:39+00:00,4,2,0,1,1,1,1,0,0,0.0,1,keyword_strict,TypeScript,2021-2023,0.4,,0.5,0.0,0.0,0
spacedriveapp/spacedrive,7bc07eeaff6bbf9b55ec16135b2fefacc1b986c0,7bc07eeaff,/release slack command (#1613)  * /release slack command  * use signing secret from env  * restrict /releases to specific channel  * add note about version number increment  * stupid  * remember comma,feature,Unknown,Brendan Allan,2023-10-18 05:27:31+00:00,5,2,0,1,0,0,1,0,0,0.0,0,clean,TypeScript,2021-2023,1.0,,0.0,0.0,0.0,1
spacedriveapp/spacedrive,4a0b3bf79d0428ce82ab49031461f06950155be8,4a0b3bf79d,Update README.md (#1521)  * Update README.md  adding links for available realses  * Update README.md  done i believe  * Update README.md  * reformat  ---------  Co-authored-by: Brendan Allan <brendono,feature,Unknown,AhmedKaram,2023-10-18 05:59:09+00:00,5,2,0,1,11,18,1,0,0,0.0,0,clean,TypeScript,2021-2023,1.0,,0.58,0.0,0.0,0
spacedriveapp/spacedrive,75b2a1383ab3cae1de183cbbcae4506c7de43f93,75b2a1383a,OS check for mouse navigate (#1621)  Update useMouseNavigate.ts,other,TypeScript,ameer2468,2023-10-18 08:32:25+00:00,8,2,0,0,16,14,1,0,2,5.0,0,clean,TypeScript,2021-2023,1.0,,1.07,0.0,2.5,1
spacedriveapp/spacedrive,a2c18389736ce754efe9956764343866bc762045,a2c1838973,"[ENG-1305] ""Add Locations"" onboarding flow (#1611)  * locations onboarding flow  * optional  * Backend for default location on library creation  * Rust fmt  * Enhancing error handling and introducing ",feature,Rust,nikec,2023-10-19 03:18:36+00:00,3,3,0,1,621,144,17,0,37,5.62,0,clean,TypeScript,2021-2023,1.0,,4.28,0.0,0.31,0
spacedriveapp/spacedrive,70c965d2121978ac3d4d1bb0f2de21baef21b1fc,70c965d212,job manager: utils/formatNumber all numbers (#1511),other,Unknown,pr,2023-10-19 03:23:27+00:00,3,3,0,1,7,2,2,0,2,23.0,0,clean,TypeScript,2021-2023,1.0,,2.33,0.0,7.67,0
spacedriveapp/spacedrive,64e2d6c089687b9b68bd3443cd48241440658423,64e2d6c089,"[ENG-1308] Jobs shouldn't get stuck forever (#1625)  Look mom, unstuckable jobs!",other,Rust,"Ericson ""Fogo"" Soares",2023-10-19 03:50:45+00:00,3,3,0,1,791,493,3,0,11,8.45,0,clean,TypeScript,2021-2023,1.0,,1.6,0.0,2.11,1
spacedriveapp/spacedrive,a412e8eac273494339239196ead4f407d7a93ed2,a412e8eac2,[ENG-1229] Show hidden files not working correctly (#1583)  * Ensure hidden prop is updated when file is modified  * Fix show hidden files in ephemeral locations  * Restore hidden prop for NonIndexedP,bugfix,Rust,Vítor Vasconcellos,2023-10-19 05:14:42+00:00,5,3,0,1,60,26,7,0,15,10.8,1,keyword_strict,TypeScript,2021-2023,0.4,,2.22,0.0,1.35,0
spacedriveapp/spacedrive,d4f34c495df345705ebe12b6b916c9dbdc38f689,d4f34c495d,really small typo fix (#1631),bugfix,Unknown,Gedeon,2023-10-19 18:32:32+00:00,18,3,0,0,1,1,1,0,0,0.0,1,keyword_strict,TypeScript,2021-2023,0.4,,0.5,0.0,0.0,0
spacedriveapp/spacedrive,6999aa961f6b9fb6827950493862a270c10fbb01,6999aa961f,[ENG-1224] Duplicate folder duplicates files inside (#1635)  Properly handling directory renaming duplicates,other,Rust,"Ericson ""Fogo"" Soares",2023-10-19 21:28:41+00:00,21,3,0,0,14,9,2,0,2,7.5,0,clean,TypeScript,2021-2023,1.0,,1.4,0.0,2.5,1
spacedriveapp/spacedrive,f890fd0003dfbb02659e0db3c107959dd6f09373,f890fd0003,"[ENG-955] Hide media view on network, ephemeral, and nodes explorer (#1630)  layouts option",other,TypeScript,nikec,2023-10-19 23:43:53+00:00,23,3,0,1,77,60,7,0,11,3.73,0,clean,TypeScript,2021-2023,1.0,,1.26,0.0,0.47,0
spacedriveapp/spacedrive,b78f8726ca0a5240a28bbb3713e493d157a36cd9,b78f8726ca,Enable thumbnail support for webp images (#1634)  * Enable thumbnail support for webp images  * Remove webp optional dep from sd-images crate,other,Rust,Vítor Vasconcellos,2023-10-20 03:33:55+00:00,3,4,0,1,5,4,4,0,1,2.0,0,clean,TypeScript,2021-2023,1.0,,1.0,0.0,0.4,1
spacedriveapp/spacedrive,4558d4829119c9c27f36158e2d99d3832dd4372e,4558d48291,[ENG-1317] Ephemeral location notice (#1628)  * wip  * ephemeral notice,other,Unknown,nikec,2023-10-20 04:11:54+00:00,4,4,0,1,138,4,3,0,5,2.2,0,clean,TypeScript,2021-2023,1.0,,27.6,0.0,0.55,0
spacedriveapp/spacedrive,6a63f01e06e129330166dea7bf822b6ab3ec9e60,6a63f01e06,[ENG-1324] Fix show object size on ephemeral locations (#1629)  Fix show object size on ephemeral locations,bugfix,Unknown,nikec,2023-10-20 04:30:15+00:00,4,4,0,1,16,22,4,0,7,3.86,1,keyword_strict,TypeScript,2021-2023,0.4,,0.7,0.0,0.77,0
spacedriveapp/spacedrive,e43602d3c72e5d46f85f93c69ef74e0fa059dac0,e43602d3c7,[ENG-1328] Persist window position (#1637)  add tauri-plugin-window-state,feature,Rust,Brendan Allan,2023-10-20 08:09:41+00:00,8,4,0,0,2,0,3,0,1,9.0,0,clean,TypeScript,2021-2023,1.0,,2.0,0.0,2.25,1
spacedriveapp/spacedrive,99faecacc4a2d87006dc810611dd709707f4552d,99faecacc4,"[ENG-1325]  Vendor openssl in tauri (#1636)  * Vendor openssl dependency  * Remove bindgen, seems like windows don't like it  - Add OPENSSL_RUST_USE_NASM to force windows to use nasm  * Add native-tls",feature,Unknown,Vítor Vasconcellos,2023-10-20 08:22:36+00:00,8,4,0,0,21,11,6,0,0,0.0,0,clean,TypeScript,2021-2023,1.0,,1.75,0.0,0.0,1
spacedriveapp/spacedrive,2ffb1a8fa344eec16a85da20608ed4469012c4ba,2ffb1a8fa3,[ENG-1315] Port buttons (#1639)  * port ui  * Update general.tsx,other,Unknown,ameer2468,2023-10-20 08:27:36+00:00,8,4,0,0,76,19,3,0,4,6.0,0,clean,TypeScript,2021-2023,1.0,,3.8,0.0,1.5,1
spacedriveapp/spacedrive,b885f7e2243ede749da560eefeb0a666f7da647f,b885f7e224,[ENG-1331] Fix app startup without IPv6 network stack (#1638)  can i haz ipv6,bugfix,Rust,Oscar Beaumont,2023-10-20 08:56:42+00:00,8,4,0,0,21,15,1,0,1,8.0,1,keyword_strict,TypeScript,2021-2023,0.4,,1.31,0.0,4.0,3
spacedriveapp/spacedrive,9a2e30471166a86ff9a7b32ad3cc1f4f0ededf55,9a2e304711,"[ENG-1332] Fix regression causing P2P to be disabled by default (#1641)  lol, lmao, rofl",bugfix,Rust,Oscar Beaumont,2023-10-20 08:57:19+00:00,8,4,0,0,16,7,2,0,3,2.0,1,keyword_strict,TypeScript,2021-2023,0.4,,2.0,0.0,0.67,4
spacedriveapp/spacedrive,6eec92d50555ef381716681aaac2d3de6b90fb12,6eec92d505,Set shortDescription to Spacedrive (#1642)  set shortDescription to Spacedrive,other,Unknown,Brendan Allan,2023-10-20 09:41:05+00:00,9,4,0,0,1,1,1,0,0,0.0,0,clean,TypeScript,2021-2023,1.0,,0.5,0.0,0.0,1
spacedriveapp/spacedrive,a77b06aa84dc999dc393adee3372f77733a53517,a77b06aa84,Job text tabular-nums to reduce jumpiness (#1647)  job text tabular-nums to reduce jumpiness & swap Scanning: and Found: text to also reduce jumpiness,other,Rust,pr,2023-10-20 16:56:34+00:00,16,4,0,0,7,2,2,0,3,2.33,0,clean,TypeScript,2021-2023,1.0,,2.33,0.0,0.78,0
spacedriveapp/spacedrive,38004a162e6c16464068b002d9c38fb2ad00f218,38004a162e,[ENG-1210] Navigate to location after adding it (#1454)  * remove annoying log  * return location id on creation  * add checkbox to open new location once it's been added  * redirect if checkbox was t,bugfix,TypeScript,jake,2023-10-20 21:01:13+00:00,21,4,0,0,165,47,11,0,12,5.92,1,keyword_strict,TypeScript,2021-2023,0.4,,3.44,0.0,0.49,1
spacedriveapp/spacedrive,cc6466a5d0a21e9083a246520814fc29dcaa1a8c,cc6466a5d0,"[ENG-1283, ENG-1284, partially ENG-1303] Fix MacOS window bar showing when full-screen (#1582)  * fix(UI): remove the swift code that was causing the top bar to show when the window is maximized  * fi",bugfix,TypeScript,jake,2023-10-21 11:57:04+00:00,11,5,1,0,328,126,21,0,35,3.26,1,keyword_strict,TypeScript,2021-2023,0.4,,2.58,0.0,0.15,2
spacedriveapp/spacedrive,7e421350534ab5c2cdf9f30dcc4a074dee14591e,7e42135053,[ENG-1338] Fix fresh Spacedrive install failing to start due to attempting to query a nonexistent Library (#1649)  Fix Spacedrive failing to start due to attempting to query a nonexistent Library  - R,bugfix,TypeScript,Vítor Vasconcellos,2023-10-21 15:02:54+00:00,15,5,1,0,53,79,7,0,8,5.38,1,keyword_strict,TypeScript,2021-2023,0.4,,0.66,0.0,0.67,1
spacedriveapp/spacedrive,35982e007adb7c4662a9fc67b28455f8d51af8db,35982e007a,Show hidden files false by default (#1652)  bool,other,TypeScript,Jamie Pine,2023-10-21 15:14:58+00:00,15,5,1,0,1,1,1,0,1,3.0,0,clean,TypeScript,2021-2023,1.0,,0.5,0.0,1.5,1
spacedriveapp/spacedrive,2328c7411495222ee92a1c28f82ecef15e1292cc,2328c74114,bump core and tauri to 0.1.2 (#1651)  core and tauri to 0.1.2,other,Unknown,jake,2023-10-21 15:19:38+00:00,15,5,1,0,15,15,3,0,0,0.0,0,clean,TypeScript,2021-2023,1.0,,0.94,0.0,0.0,3
spacedriveapp/spacedrive,fa43374278ea266a233f7bed38425eca71c563b1,fa43374278,Fix account card shrink + overview scrollbar (#1643)  * don't shrink account card  * fix perma-scroll on overview  * Update SpacedriveAccount.tsx,bugfix,Unknown,Brendan Allan,2023-10-21 17:26:24+00:00,17,5,1,0,2,2,2,0,2,1.5,1,keyword_strict,TypeScript,2021-2023,0.4,,0.67,0.0,0.5,1
spacedriveapp/spacedrive,e73e29bf6c3f47040dffda73f0930d1f6762c0af,e73e29bf6c,check correction for mouse navigation (#1653)  Update useMouseNavigate.ts,other,TypeScript,ameer2468,2023-10-21 18:36:56+00:00,18,5,1,0,1,1,1,0,2,5.0,0,clean,TypeScript,2021-2023,1.0,,0.5,0.0,2.5,1
spacedriveapp/spacedrive,f0907dcefc9cda67c48b119b8c6fcefc6323391e,f0907dcefc,major fix: hide frame and border if macos is fullscreen (#1655)  hide frame and border if macos is fullscreen,bugfix,Unknown,jake,2023-10-21 23:01:32+00:00,23,5,1,1,7,2,1,0,2,8.0,1,keyword_strict,TypeScript,2021-2023,0.4,,2.33,0.0,4.0,3
spacedriveapp/spacedrive,d4f9c501f1f76156af298397ab997515dc7f76cf,d4f9c501f1,Use www.spacedrive.com instead of spacedrive.com (#1658)  use www.spacedrive,other,TypeScript,Brendan Allan,2023-10-22 05:34:17+00:00,5,6,1,1,1,1,1,0,0,0.0,0,clean,TypeScript,2021-2023,1.0,,0.5,0.0,0.0,2
spacedriveapp/spacedrive,fb3f672c6a0573e6799d6d77493210daa338622e,fb3f672c6a,Improve error message with rustup not found (#1659)  * Improve error message with rustup not found  * Improve error message with rustup not found on the mobile devices  * Fix `err` function in setup.s,bugfix,Unknown,devqore,2023-10-22 15:42:37+00:00,15,6,1,0,8,2,1,0,0,0.0,1,keyword_strict,TypeScript,2021-2023,0.4,,2.67,0.0,0.0,0
spacedriveapp/spacedrive,91138f42c5a7420251b0b12fff6033ef57cfd190,91138f42c5,[ENG-1327] Loading indicator if a location is indexing (#1663)  * Loading indicator if a location is indexing  * Change check to completed_task_count rather than complete,other,TypeScript,ameer2468,2023-10-23 12:22:07+00:00,12,0,0,0,49,15,4,0,4,4.5,0,clean,TypeScript,2021-2023,1.0,,3.06,0.0,0.9,1
spacedriveapp/spacedrive,f8d00832f7c38b43fbe9a6ab4c7fde6b6db7f7b3,f8d00832f7,[ENG-1354] Shortcut to reveal in finder/explorer (#1665)  * Shortcut to reveal in finder/explorer  * Update useKeyRevealFinder.ts  * update keybinds page  * move hook  * fix import paths,bugfix,TypeScript,ameer2468,2023-10-23 14:48:49+00:00,14,0,0,0,80,0,3,0,3,7.0,1,keyword_strict,TypeScript,2021-2023,0.4,,80.0,0.0,1.75,1
spacedriveapp/spacedrive,3f39991482d80d02eacb4029807f763d1137ffac,3f39991482,"[ENG-870] Fix wording for delete dialog (#1516)  * The Delete-Dialog now accepts two props, which specify the type of files to be deleted. Based on this information the wording is adjusted.  * Added v",bugfix,Unknown,Tilo,2023-10-23 16:07:05+00:00,16,0,0,0,59,6,4,0,8,3.25,1,keyword_strict,TypeScript,2021-2023,0.4,,8.43,0.0,0.65,0
spacedriveapp/spacedrive,62e3648ba9d590f928865ccd4b6bbf29d3ee8196,62e3648ba9,remove import (#1667),other,Unknown,ameer2468,2023-10-23 16:28:08+00:00,16,0,0,0,11,6,1,0,3,3.33,0,clean,TypeScript,2021-2023,1.0,,1.57,0.0,1.66,2
spacedriveapp/spacedrive,1181cd2709acd3153147b86769c6ca8348a6ec2e,1181cd2709,Frontend misc fixes and deps update (#1650)  Dependencies overhaul  - Update dependencies for all projects (except Mobile-only deps)  - Remove unused dependencies from all projects (except Mobile-only,bugfix,TypeScript,Vítor Vasconcellos,2023-10-24 07:51:58+00:00,7,1,0,0,302,281,58,1,47,3.34,1,keyword_strict,TypeScript,2021-2023,0.4,,1.07,0.02,0.06,2
spacedriveapp/spacedrive,81421b5ba8e5b0e20a1159865959fa58d70a12ba,81421b5ba8,[ENG-1206] Account page (#1673)  * account page  * Remove spacedrive account from general,other,TypeScript,ameer2468,2023-10-25 18:29:21+00:00,18,2,0,0,200,16,5,0,7,4.0,0,clean,TypeScript,2021-2023,1.0,,11.76,0.0,0.67,2
spacedriveapp/spacedrive,a40c709660ec3ccb2d3518238cf96736b8670bae,a40c709660,Missed edge case (#1674)  Update account.tsx,other,Unknown,ameer2468,2023-10-25 19:00:28+00:00,19,2,0,0,9,8,1,0,1,14.0,0,clean,TypeScript,2021-2023,1.0,,1.0,0.0,7.0,2
spacedriveapp/spacedrive,02afab97e2ddcb4c86362519b0260aa255ccd826,02afab97e2,Fix landing analytics (#1675)  fixerino,bugfix,Unknown,Utku,2023-10-25 19:52:18+00:00,19,2,0,0,0,0,1,0,0,0.0,1,keyword_strict,TypeScript,2021-2023,0.4,,0.0,0.0,0.0,0
spacedriveapp/spacedrive,9adf088010ce0531ed6eb91fcee29755eb051807,9adf088010,[ENG-1320 | ENG-1340] Separate thumbnails FS location by library | Make the thumbnails actor report back its progress (#1656)  * Renaming error type on ffmpeg subcrate  * Version manager overhaul  * R,bugfix,Rust,"Ericson ""Fogo"" Soares",2023-10-26 04:48:29+00:00,4,3,0,1,2417,1400,33,0,114,6.96,1,keyword_strict,TypeScript,2021-2023,0.4,,1.73,0.0,0.2,1
spacedriveapp/spacedrive,c4d9439cca04dc0964f8c0bc50e3a8f35a276ad5,c4d9439cca,Quick fix for isLocationIndexing (#1679)  Update useIsLocationIndexing.ts,bugfix,TypeScript,ameer2468,2023-10-26 11:22:03+00:00,11,3,0,0,1,1,1,0,2,3.5,1,keyword_strict,TypeScript,2021-2023,0.4,,0.5,0.0,1.75,2
spacedriveapp/spacedrive,a3dfcb1635383f76dd534c4deda6e867820cc806,a3dfcb1635,Fix mobile onboarding (#1670)  * attempts  * expo stop using spaces pls  * attempt  * you used to work without this sir  * fixed  * use serde instead of specta  * remove `serde(default`) and update bi,bugfix,Rust,Utku,2023-10-26 17:38:15+00:00,17,3,0,0,28,22,8,0,5,4.6,1,keyword_strict,TypeScript,2021-2023,0.4,,1.22,0.0,0.51,1
spacedriveapp/spacedrive,1e7c5cda9de71e5c4038d002e97016e28fcd7c98,1e7c5cda9d,"[ENG-1361] MacOS fix copy, paste, undo, redo, select all functionality (#1684)  * Update menu.rs  * ts gaurd and correct plural for Locations title",bugfix,Rust,ameer2468,2023-10-27 15:22:26+00:00,15,4,0,0,49,47,2,0,3,7.67,1,keyword_strict,TypeScript,2021-2023,0.4,,1.02,0.0,2.56,3
spacedriveapp/spacedrive,615a83615ae8b7a1d023315a4116bb535aad03e3,615a83615a,[ENG-1362] Logging in loading state improvement (#1686)  Update AuthRequiredOverlay.tsx,other,Unknown,ameer2468,2023-10-27 16:08:26+00:00,16,4,0,0,5,1,1,0,1,4.0,0,clean,TypeScript,2021-2023,1.0,,2.5,0.0,2.0,4
spacedriveapp/spacedrive,0f2512a5674c087ae4b402968aba41d1ad935654,0f2512a567,Add installation of libvips for arch systems to setup script (#1688)  Add libvips package for arch systems to setup script,feature,Unknown,Julian Braha,2023-10-27 20:31:30+00:00,20,4,0,0,3,0,1,0,0,0.0,0,clean,TypeScript,2021-2023,1.0,,3.0,0.0,0.0,1
spacedriveapp/spacedrive,7819428e6b9d1316adf35623b8da784d6c8a509e,7819428e6b,"fix: changed ""Twitter"" Logo ""𝕏"" in README.md (#1692)  * Update README.md  changed ""Twitter"" Logo ""𝕏""  * Update README.md  removed 𝕏 as per suggested",bugfix,Unknown,HardikBandhiya,2023-10-28 19:31:09+00:00,19,5,1,0,1,1,1,0,0,0.0,1,keyword_strict,TypeScript,2021-2023,0.4,,0.5,0.0,0.0,0
spacedriveapp/spacedrive,609e7e12282cfd22747ed18b2ef990b84d967b5c,609e7e1228,Fix Windows CI (#1695)  * Add Nasm to setup.ps1  - Nasm is now required to compile the `openssl-sys` crate  * Run Clippy CI when setup or prep scripts change  * Ensure nasm is also installed in Window,bugfix,Unknown,Vítor Vasconcellos,2023-10-29 00:25:26+00:00,0,6,1,1,32,15,4,0,0,0.0,1,keyword_strict,TypeScript,2021-2023,0.4,,2.0,0.0,0.0,3
spacedriveapp/spacedrive,ce8b362ded7130dd16c7ba44eaf526199e8f55e2,ce8b362ded,Remove unused dependencies from server (#1694)  * Remove unused dependencies from Cargo.lock  * Remove unused dependencies from Cargo.toml,other,Unknown,Julian Braha,2023-10-29 05:59:16+00:00,5,6,1,1,0,2,2,0,0,0.0,0,clean,TypeScript,2021-2023,1.0,,0.0,0.0,0.0,1
spacedriveapp/spacedrive,b97abebfa2874a31114dc4c8ce915227aa5a50d9,b97abebfa2,[ENG-1378] Add gridGap to preferences (#1696)  Add gridGap to preferences,feature,TypeScript,nikec,2023-10-29 14:19:15+00:00,14,6,1,0,8,15,5,0,3,6.67,0,clean,TypeScript,2021-2023,1.0,,0.5,0.0,1.11,1
spacedriveapp/spacedrive,fef0ec2b08fcbca8362da463ff765c297bd01c4d,fef0ec2b08,[ENG-1368] - Web shouldn't have rounded corners (#1697)  fix it,bugfix,Unknown,Oscar Beaumont,2023-10-29 15:07:28+00:00,15,6,1,0,2,2,2,0,1,15.0,1,keyword_strict,TypeScript,2021-2023,0.4,,0.67,0.0,5.0,5
spacedriveapp/spacedrive,84a46e0906e443a20cf68098f50df486eabfbbb6,84a46e0906,[ENG-1379] Library showing up twice in switcher after onboarding (#1700)  optimistic UI bug,bugfix,Unknown,Oscar Beaumont,2023-10-30 00:42:21+00:00,0,0,0,1,12,8,2,0,5,4.0,1,keyword_strict,TypeScript,2021-2023,0.4,,1.33,0.0,1.33,6
spacedriveapp/spacedrive,72adc4d931c1ae1fa28151d4355d4c5370c799f5,72adc4d931,[ENG-1367] TypeError: null is not an object (#1698)  strickter types pog,other,TypeScript,Oscar Beaumont,2023-10-30 00:43:18+00:00,0,0,0,1,14,4,4,0,3,4.33,0,clean,TypeScript,2021-2023,1.0,,2.8,0.0,0.87,7
spacedriveapp/spacedrive,8efff52708cf0bf333dcb3625eeaeaeb90c7949a,8efff52708,[ENG-1366] Improve ErrorBoundary so user can't get stuck on it (#1701)  improve error boundary,other,Unknown,Oscar Beaumont,2023-10-30 00:44:33+00:00,0,0,0,1,58,10,2,0,6,1.17,0,clean,TypeScript,2021-2023,1.0,,5.27,0.0,0.39,7
spacedriveapp/spacedrive,967ac6abb5d27f8731e01da4b1eb08d23e11913d,967ac6abb5,"[ENG-1318, ENG-1199, ENG-931, ENG-1046] Ability to disable mDNS discovery (#1620)  * let me create pr  * a whole lotta changes  * split `p2p_manager.rs` into smaller files  * the arcpocalypse is over ",bugfix,Rust,Oscar Beaumont,2023-10-30 08:24:04+00:00,8,0,0,0,2589,1973,51,0,178,2.99,1,keyword_strict,TypeScript,2021-2023,0.4,,1.31,0.0,0.06,7
spacedriveapp/spacedrive,577a9e0709bfa6f4fc81cf9154b07b3528688c79,577a9e0709,[ENG-1383] Account page - more stats + coming soon services (#1706)  * Added coming soon services + more stats  * update with new icons  * cleanup  * Update account.tsx  * import  * Update settings.js,feature,Unknown,ameer2468,2023-10-30 11:44:23+00:00,11,0,0,0,53,4,1,0,3,7.67,0,clean,TypeScript,2021-2023,1.0,,10.6,0.0,3.84,4
spacedriveapp/spacedrive,f3a2eefe25d1340c01b78a96d3f9b0109a5e4cc7,f3a2eefe25,[ENG-1384] Replace GridList with @virtual-grid/react (#1707)  replace GridList with @virtual-grid/react,other,TypeScript,nikec,2023-10-30 15:56:03+00:00,15,0,0,0,14,295,5,0,8,12.38,0,clean,TypeScript,2021-2023,1.0,,0.05,0.0,2.06,1
spacedriveapp/spacedrive,de6655b78b6ce36758c05474e6d856a40781836a,de6655b78b,[ENG-1387] Only dismiss ephemeral notice with notice interaction (#1709)  only dismiss with click,other,Unknown,nikec,2023-10-30 16:37:34+00:00,16,0,0,0,1,4,1,0,1,2.0,0,clean,TypeScript,2021-2023,1.0,,0.2,0.0,1.0,1
spacedriveapp/spacedrive,3dc20bdd71d2c6ab65a7b15c92f9103bd42cec0c,3dc20bdd71,[ENG-1193] Added icons to dialogs (#1708)  * Added icons to dialogs  * update file/folder icon when deleting  * tweaks  * ts  * ts,feature,TypeScript,ameer2468,2023-10-30 16:46:12+00:00,16,0,0,0,75,34,25,0,8,5.12,0,clean,TypeScript,2021-2023,1.0,,2.14,0.0,0.2,4
spacedriveapp/spacedrive,2b82ca307c9825c44f6fb14729f39f4027021e84,2b82ca307c,[ENG-1369] Remove broadcast-stream from `sd-p2p` (#1704)  * let me create pr  * a whole lotta changes  * split `p2p_manager.rs` into smaller files  * the arcpocalypse is over  * minor generic cleanup ,bugfix,Rust,Oscar Beaumont,2023-10-31 04:27:25+00:00,4,1,0,1,75,206,11,0,24,2.71,1,keyword_strict,TypeScript,2021-2023,0.4,,0.36,0.0,0.23,8
spacedriveapp/spacedrive,1bfcdc808ec41032f734f76ef8d03deb85cd4c23,1bfcdc808e,[ENG-1380] Stabilise p2p settings (#1703)  * let me create pr  * a whole lotta changes  * split `p2p_manager.rs` into smaller files  * the arcpocalypse is over  * minor generic cleanup  * wip removing,bugfix,Unknown,Oscar Beaumont,2023-10-31 04:29:25+00:00,4,1,0,1,69,74,2,0,4,4.0,1,keyword_strict,TypeScript,2021-2023,0.4,,0.92,0.0,1.33,9
spacedriveapp/spacedrive,5f398453c6163053ba70175b621af7a6a311142e,5f398453c6,quick keybinding page fix (#1714)  Update keybindings.tsx,bugfix,Unknown,ameer2468,2023-10-31 13:54:40+00:00,13,1,0,0,3,3,1,0,3,3.67,1,keyword_strict,TypeScript,2021-2023,0.4,,0.75,0.0,1.84,4
spacedriveapp/spacedrive,c7ea2f5979daae5ece845d5137d2c2411a4c0468,c7ea2f5979,[ENG-1391] Fix app frame (#1715)  fix app frame,bugfix,Unknown,nikec,2023-10-31 17:47:11+00:00,17,1,0,0,5,8,1,0,2,6.0,1,keyword_strict,TypeScript,2021-2023,0.4,,0.56,0.0,3.0,1
spacedriveapp/spacedrive,9799321d36f454cddc9d9de761bf339d63ffdc3c,9799321d36,[ENG-443] Allow folders to be tagged (#1712)  * allow folders to be tagged  * remove bruh  * custom useAssignItems hook  * fix types,bugfix,Rust,Brendan Allan,2023-11-01 05:23:56+00:00,5,2,0,1,306,150,10,0,19,6.32,1,keyword_strict,TypeScript,2021-2023,0.4,,2.03,0.0,0.57,2
spacedriveapp/spacedrive,9dcbafb39b06b78cc5abe805f52e1e3d96e876ce,9dcbafb39b,Fix adding locations to mobile application (#1681)  * Fix for android location adding fails  Added a fix for the file path error when creating locations on Android.  * Check for read-only folders  Wel,bugfix,Unknown,Arnab Chakraborty,2023-11-01 14:28:23+00:00,14,2,0,0,255,38,8,0,14,2.21,1,keyword_strict,TypeScript,2021-2023,0.4,,6.54,0.0,0.25,0
spacedriveapp/spacedrive,963dce5e693a0886975c44df0faec378273190df,963dce5e69,[ENG-1246] Fix icons on light theme (#1502)  * Fix icons on light theme  * more icons  * more icons  * update icons  * assets gen,bugfix,TypeScript,nikec,2023-11-01 15:24:09+00:00,15,2,0,0,87,101,27,0,18,4.39,1,keyword_strict,TypeScript,2021-2023,0.4,,0.85,0.0,0.16,2
spacedriveapp/spacedrive,47e7a97981bd7797f5bf9d6d6ebb2a6a2a8677b9,47e7a97981,cleanup (#1723),refactor,TypeScript,Utku,2023-11-03 02:08:11+00:00,2,4,0,1,149,179,11,0,17,2.18,0,clean,TypeScript,2021-2023,1.0,,0.83,0.0,0.18,2
spacedriveapp/spacedrive,96b4dacfddcbee4e9fbf42ff973374bda0532824,96b4dacfdd,fix: traffic light placement when non-fullscreen (#1680)  * fix macos traffic lights (round 2)  * fix typo,bugfix,Rust,jake,2023-11-03 08:43:38+00:00,8,4,0,0,27,11,4,0,5,5.2,1,keyword_strict,TypeScript,2021-2023,0.4,,2.25,0.0,1.04,4
spacedriveapp/spacedrive,a1f952ef5e3deac03ea553116d068971eecf5cd9,a1f952ef5e,[ENG-1181] File System actions for Ephemeral Files (#1677)  * Backend side  * Rust fmt  * Removing uneeded duplicate files rspc route  * Create folder for ephemeral files  * Ephemeral delete files  * ,bugfix,Rust,"Ericson ""Fogo"" Soares",2023-11-03 17:06:34+00:00,17,4,0,0,1131,344,28,0,56,7.14,1,keyword_strict,TypeScript,2021-2023,0.4,,3.28,0.0,0.25,2
spacedriveapp/spacedrive,685ad907901b030665d4c39030a614854204dddd,685ad90790,Remove < 21 node restriction (#1728),other,Unknown,"Ericson ""Fogo"" Soares",2023-11-04 03:44:07+00:00,3,5,1,1,33,33,11,0,0,0.0,0,clean,TypeScript,2021-2023,1.0,,0.97,0.0,0.0,3
spacedriveapp/spacedrive,204688a2aeb676e7a211d1a96152759c0d8a86a2,204688a2ae,Remove unused dependencies in src-tauri and p2p (#1726)  * Remove unused dependency: window-shadows  * Remove unused dependencies: rmp-serde and arc-swap  * Update Cargo.lock  * remove all unused depe,other,Unknown,Julian Braha,2023-11-04 04:56:53+00:00,4,5,1,1,0,19,9,0,0,0.0,0,clean,TypeScript,2021-2023,1.0,,0.0,0.0,0.0,1
spacedriveapp/spacedrive,deb89ef476bf275586d905fd8eaaaecf81357254,deb89ef476,[ENG-1344] Limit node name length (#1730)  limit length,other,Rust,Oscar Beaumont,2023-11-04 09:16:15+00:00,9,5,1,0,13,10,3,0,3,8.33,0,clean,TypeScript,2021-2023,1.0,,1.18,0.0,2.08,10
spacedriveapp/spacedrive,73687fd2bd30c81ce6cc008fd27bb789530b13ad,73687fd2bd,[ENG-1399] Upgrade Rust workspace + IPv6 mDNS (#1729)  Upgrade Rust workspace + IPv6 mDNS,other,Rust,Oscar Beaumont,2023-11-04 10:20:22+00:00,10,5,1,0,72,67,18,0,4,6.25,0,clean,TypeScript,2021-2023,1.0,,1.06,0.0,0.33,10
spacedriveapp/spacedrive,cb8de5fa43c78050d99653fee62900792770d680,cb8de5fa43,Replace deprecated ConnectionHandler::Error (#1733)  Replace deprecated error type,other,Rust,Julian Braha,2023-11-04 16:10:02+00:00,16,5,1,0,2,4,1,0,1,3.0,0,clean,TypeScript,2021-2023,1.0,,0.4,0.0,1.5,1
spacedriveapp/spacedrive,f36c35eb1945c69e3ce1ec4cbc8e66aa2b347d02,f36c35eb19,[ENG-1240] New folder context menu (#1741)  * New folder in context menu  * Update TopBarOptions.tsx,feature,Unknown,ameer2468,2023-11-05 20:11:13+00:00,20,6,1,0,113,130,2,0,8,5.12,0,clean,TypeScript,2021-2023,1.0,,0.86,0.0,1.71,5
spacedriveapp/spacedrive,1858f58407a8ecbcd15b4fa982372137e3c8b1ab,1858f58407,[ENG-303] Search on Docs (#1735)  * implement search  * fix pnpm lock  * indexer action and added some alerts  * test action  * oops  * styles pls  * disable input ring,bugfix,Unknown,Utku,2023-11-05 20:15:24+00:00,20,6,1,0,32,10,5,0,4,7.0,1,keyword_strict,TypeScript,2021-2023,0.4,,2.91,0.0,1.17,2
spacedriveapp/spacedrive,2d6db56d2964e6749123be29961e5c40737942e4,2d6db56d29,"No placeholder buttons (#1744)  Add Android permission, organize imports, add toast for tag assign button",feature,TypeScript,Utku,2023-11-05 21:59:52+00:00,21,6,1,0,16,11,8,0,4,5.0,0,clean,TypeScript,2021-2023,1.0,,1.33,0.0,0.56,3
spacedriveapp/spacedrive,5b1237b348ff326def1b9941a30ccc229a508ad9,5b1237b348,Fix changelog size (#1745)  * fix size  * maybe works?  * already good,bugfix,Unknown,Utku,2023-11-06 04:23:00+00:00,4,0,0,1,1,1,1,0,2,1.5,1,keyword_strict,TypeScript,2021-2023,0.4,,0.5,0.0,0.75,3
spacedriveapp/spacedrive,4eba80af6229e3f0558064e9cc66b58141f0fbaa,4eba80af62,"[ENG-1190] New shortcuts system (#1718)  * wip new shortcuts system  * Shortcuts system and cleanup  add duplicate short, fix delete object windows context menu symbol, shortcuts system  Add cut to Ed",bugfix,TypeScript,ameer2468,2023-11-06 10:37:24+00:00,10,0,0,0,449,222,17,0,31,9.48,1,keyword_strict,TypeScript,2021-2023,0.4,,2.01,0.0,0.53,5
spacedriveapp/spacedrive,0a32a7f68d163a4dcc7ee040ab62e4c39ac2ca02,0a32a7f68d,"[ENG-1355] Telemetry docs (#1746)  * add privacy info to docs  * add ""More info"" button to onboarding privacy page  * add `infoUrl` option to `Setting` component to add relevant info  * Update privacy",feature,Unknown,jake,2023-11-06 11:00:07+00:00,11,0,0,0,36,4,4,0,3,3.0,0,clean,TypeScript,2021-2023,1.0,,7.2,0.0,0.6,5
spacedriveapp/spacedrive,9e06c6d4cf091ccc817c1fc8a41f150f966bb159,9e06c6d4cf,fix quickpreview shortcut (#1747),bugfix,TypeScript,ameer2468,2023-11-06 12:11:00+00:00,12,0,0,0,1,2,2,0,1,2.0,1,keyword_strict,TypeScript,2021-2023,0.4,,0.33,0.0,0.67,6
spacedriveapp/spacedrive,6195302707a1989f4588bc68acca40f3b1b51247,6195302707,[ENG-1405] Remove black bars around thumbs (#1748)  remove black bars,other,Unknown,nikec,2023-11-06 15:50:33+00:00,15,0,0,0,0,3,3,0,3,1.33,0,clean,TypeScript,2021-2023,1.0,,0.0,0.0,0.33,3
spacedriveapp/spacedrive,d1ba06207afce7341f4539ad57008c6259211de6,d1ba06207a,[ENG-1407] Inspector load original only when one item is selected (#1752)  load original,other,Unknown,nikec,2023-11-07 08:53:40+00:00,8,1,0,0,1,1,1,0,3,7.0,0,clean,TypeScript,2021-2023,1.0,,0.5,0.0,3.5,3
spacedriveapp/spacedrive,61746f60e972180e0da9646aa2d4103d888a1509,61746f60e9,[ENG-1408] Remove frame from video thumbs (#1753)  remove frame from video,other,Unknown,nikec,2023-11-07 08:54:13+00:00,8,1,0,0,9,2,1,0,0,0.0,0,clean,TypeScript,2021-2023,1.0,,3.0,0.0,0.0,3
spacedriveapp/spacedrive,86a130e34fcf841f944750e474cfd929c2b7fbb2,86a130e34f,[ENG-1409] Add frame to list view thumbs (#1754)  Add frame to list view thumbs,feature,Unknown,nikec,2023-11-07 08:54:28+00:00,8,1,0,0,3,0,1,0,3,1.33,0,clean,TypeScript,2021-2023,1.0,,3.0,0.0,0.66,3
spacedriveapp/spacedrive,de60c9463e4d6208920ae425db544f9f5e4c67e6,de60c9463e,[ENG-1386] Fix explorer view scrollBy (#1755)  remove scroll behavior,bugfix,Unknown,nikec,2023-11-07 19:58:50+00:00,19,1,0,0,10,23,2,0,3,73.67,1,keyword_strict,TypeScript,2021-2023,0.4,,0.42,0.0,24.56,3
spacedriveapp/spacedrive,175957fe674f24471082ffddbfbb8509858f934a,175957fe67,[ENG-1167] Explorer path tags route (#1757)  * Tags explorer path  * Update ExplorerPath.tsx,other,Unknown,ameer2468,2023-11-08 19:21:00+00:00,19,2,0,0,150,55,2,0,3,3.33,0,clean,TypeScript,2021-2023,1.0,,2.68,0.0,1.11,7
spacedriveapp/spacedrive,29189a311c7e2292d68561329e5cda8609215df8,29189a311c,[ENG-1412] Fix blog/docs image sizes (#1758)  * fix  * Add image placeholder to NextImage component,bugfix,Unknown,Utku,2023-11-09 07:33:47+00:00,7,3,0,0,0,0,1,0,0,0.0,1,keyword_strict,TypeScript,2021-2023,0.4,,0.0,0.0,0.0,4
spacedriveapp/spacedrive,cabad17c4dd07d39da163e2273307ef2d65a1bdc,cabad17c4d,[ENG-1360] Not always unlink objects from file_paths on update (#1751)  * Small warnings  * Introducing file and line number into tracing logs  * Update walker to account for existing object_ids  * On,bugfix,Rust,"Ericson ""Fogo"" Soares",2023-11-09 13:47:38+00:00,13,3,0,0,332,155,10,0,19,7.53,1,keyword_strict,TypeScript,2021-2023,0.4,,2.13,0.0,0.68,3
spacedriveapp/spacedrive,1a1eb33feb665a75bd2cd99f94b9ebfab50b1f46,1a1eb33feb,[ENG-1416] Add black bars back to grid and list view (#1760)  Add black bars back to grid and list view,feature,Unknown,Utku,2023-11-09 18:25:29+00:00,18,3,0,0,2,0,2,0,3,1.33,0,clean,TypeScript,2021-2023,1.0,,2.0,0.0,0.44,5
spacedriveapp/spacedrive,a607fa30b00e8de98648624ef80c04f7615d9eb2,a607fa30b0,[ENG-1417] Explorer path nav fix from tag routes (#1763)  * initial navigation fix for explorer path from tag routes  * fix hover effect,bugfix,Unknown,ameer2468,2023-11-10 09:06:59+00:00,9,4,0,0,20,14,1,0,2,16.5,1,keyword_strict,TypeScript,2021-2023,0.4,,1.33,0.0,8.25,7
spacedriveapp/spacedrive,6655506ee6475d7c0523b6ba37871b02db352c79,6655506ee6,[ENG-1418] Explorer settings (#1764)  * preferences  * useShortcut and move location id to function  * void  * rescan,other,TypeScript,nikec,2023-11-10 10:23:51+00:00,10,4,0,0,123,88,6,0,16,3.44,0,clean,TypeScript,2021-2023,1.0,,1.38,0.0,0.49,4
spacedriveapp/spacedrive,b219c32df0756b12e9e6e0cb08a4c5292e6543a5,b219c32df0,Update tokio's version (#1761),other,Unknown,"Ericson ""Fogo"" Soares",2023-11-10 20:37:21+00:00,20,4,0,0,1,1,2,0,0,0.0,0,clean,TypeScript,2021-2023,1.0,,0.5,0.0,0.0,4
spacedriveapp/spacedrive,c865dc188857487ba9cc3d5310bff8830852152e,c865dc1888,[ENG-1419] Table sorting (#1765)  table sorting,other,Unknown,nikec,2023-11-10 22:14:20+00:00,22,4,0,1,70,49,2,0,8,27.62,0,clean,TypeScript,2021-2023,1.0,,1.4,0.0,9.21,4
spacedriveapp/spacedrive,a6d834e4ee66638499c82be553255596447b960e,a6d834e4ee,[ENG-1422] Explorer pathbar nested locations bug (#1767)  * Update ExplorerPath.tsx  * Update ExplorerPath.tsx  * Update ExplorerPath.tsx,bugfix,Unknown,ameer2468,2023-11-12 12:37:30+00:00,12,6,1,0,35,4,1,0,1,25.0,1,keyword_strict,TypeScript,2021-2023,0.4,,7.0,0.0,12.5,8
spacedriveapp/spacedrive,96cda576bce2a7ca23d5b1e7d607188db4c6de29,96cda576bc,"[ENG-1359] Revert ""Fix pdf thumb crashing app (#1460)"" (#1766)  Revert ""[ENG-1220] Fix pdf thumb crashing app (#1460)""  This reverts commit 9be7d93e98e39cc42b341aec77ec453db4673c55.",bugfix,Rust,Vítor Vasconcellos,2023-11-12 22:47:10+00:00,22,6,1,1,50,50,3,0,1,5.0,1,keyword_strict,TypeScript,2021-2023,0.4,,0.98,0.0,1.25,4
spacedriveapp/spacedrive,96bb55274773f58829789c0ff8f7ae0c8a76c0b7,96bb552747,[ENG-1201] P2P Error Handling (#1705)  * squash  * wip  * wip  * wip  * wip  * finish it up,other,Rust,Oscar Beaumont,2023-11-13 06:58:01+00:00,6,0,0,0,570,236,27,0,47,6.09,0,clean,TypeScript,2021-2023,1.0,,2.41,0.0,0.22,10
spacedriveapp/spacedrive,222e25dc644013a9fbf49a3b2b494ec3b2bc36b0,222e25dc64,[ENG-1333] Display active P2P listeners (#1644)  * wip  * share the actual port  * fixes  * wip: remove it  * cargo fmt  * thanks @niikeec,bugfix,Rust,Oscar Beaumont,2023-11-13 07:02:03+00:00,7,0,0,0,174,34,8,0,11,6.0,1,keyword_strict,TypeScript,2021-2023,0.4,,4.97,0.0,0.67,10
spacedriveapp/spacedrive,8279a21e269cb4cf42d0646a24afdfb684a9cda0,8279a21e26,Clarify error that occurs when getting the hash of an on-demand file (#1722)  * Clarify Error  - Clarifies error that occurs when attempting to read the metadata from an on-demand file  * Make error m,feature,Rust,Carter,2023-11-13 17:39:22+00:00,17,0,0,0,16,1,1,0,1,10.0,0,clean,TypeScript,2021-2023,1.0,,8.0,0.0,5.0,0
spacedriveapp/spacedrive,4c82a45b15eaa4b8e36ddb924844b4c274be2ecb,4c82a45b15,"Work-around broken webgl (#1645)  * Check if we can instantiate WebGLRenderer in `hasWebGLContext`  - Work-around broken webgl support  * Instantiate WebGLRenderer manually, in Space background, so we",other,Unknown,Vítor Vasconcellos,2023-11-13 17:51:44+00:00,17,0,0,0,0,0,1,0,0,0.0,0,clean,TypeScript,2021-2023,1.0,,0.0,0.0,0.0,5
spacedriveapp/spacedrive,428edb8d99fee2bf77efa4c1a5e30195f37ee6ef,428edb8d99,[ENG-1276] move assigned tags to top of tag assign list (#1768)  * move assigned tags to top of tag assign list  * sort tags by most recently assigned  * console.log  * error boundary,other,Rust,Brendan Allan,2023-11-14 09:35:50+00:00,9,1,0,0,149,69,7,0,11,3.73,0,clean,TypeScript,2021-2023,1.0,,2.13,0.0,0.47,3
spacedriveapp/spacedrive,9d4bbe7a82c6b17c041acf57893eb55a967284cd,9d4bbe7a82,Fix closing tag window (#1771)  * fix closing tag window  * remove onsubmit,bugfix,Unknown,Utku,2023-11-14 17:15:14+00:00,17,1,0,0,1,2,1,0,0,0.0,1,keyword_strict,TypeScript,2021-2023,0.4,,0.33,0.0,0.0,5
spacedriveapp/spacedrive,510804248485515dc25c2ea31145837088430209,5108042484,[ENG-1424] Link sd-server build/docker push action with release action (#1772)  Trigger server docker build action after a public release,docs,Unknown,Vítor Vasconcellos,2023-11-14 20:26:14+00:00,20,1,0,0,14,11,1,0,0,0.0,0,clean,TypeScript,2021-2023,1.0,,1.17,0.0,0.0,5
spacedriveapp/spacedrive,3c264205e1781a52635a533038547dd3b78edc1e,3c264205e1,Fix Clippy Warnings (#1776)  Fix Warnings,bugfix,Rust,Carter,2023-11-14 20:48:17+00:00,20,1,0,0,5,3,2,0,2,7.0,1,keyword_strict,TypeScript,2021-2023,0.4,,1.25,0.0,2.33,0
spacedriveapp/spacedrive,367a2bc71a97111611b1993d67ea5d381f02df2b,367a2bc71a,[ENG-1026] Full Disk Access (#1778)  * basic FDA start  * FDA checks and prompt  * lockfile  * misc clippy  * Some small warnings  ---------  Co-authored-by: Ericson Fogo Soares <ericson.ds999@gmail.c,other,Rust,jake,2023-11-15 19:59:50+00:00,19,2,0,0,158,8,10,0,7,1.71,0,clean,TypeScript,2021-2023,1.0,,17.56,0.0,0.16,5
spacedriveapp/spacedrive,0c17613bd8cf76a11179e6d81cf7d8c80fb9c8ba,0c17613bd8,[ENG-1429] Disable show inspector shortcut if quick preview is open (#1783)  disable show inspector shortcut if quick preview is open,other,Unknown,nikec,2023-11-16 12:40:33+00:00,12,3,0,0,2,0,1,0,2,7.0,0,clean,TypeScript,2021-2023,1.0,,2.0,0.0,3.5,4
spacedriveapp/spacedrive,d4ce90628bb13c063b4104e872324d3f85865608,d4ce90628b,[ENG-1397] Quickpreview images slider (#1773)  * wip  * wip  * wip  * Update ImageSlider.tsx  * wip  * wip  * wip  * Update ImageSlider.tsx  * bump virtual-grid version for horizontal support  * quick,bugfix,TypeScript,ameer2468,2023-11-16 13:16:29+00:00,13,3,0,0,357,106,12,0,15,19.6,1,keyword_strict,TypeScript,2021-2023,0.4,,3.34,0.0,1.51,9
spacedriveapp/spacedrive,e92669e25a50052bafdab5bee63d1afae9dbf2c6,e92669e25a,[ENG-1423] Multiple tabs (#1777)  * tabs w/ multiple router instances  * fix router switching  * keybinds  * manual history tracking  * eslint  * remove scroll restoration  * fix tab removal  * route ,bugfix,TypeScript,Brendan Allan,2023-11-16 15:14:47+00:00,15,3,0,0,691,291,36,0,75,5.6,1,keyword_strict,TypeScript,2021-2023,0.4,,2.37,0.0,0.15,3
spacedriveapp/spacedrive,ce984d44eecba26c488b377f77bf424bcb927947,ce984d44ee,[ENG-1269] Search options (#1561)  * search options start  * small progress  * more  * bunch of stuff  * semi functioning filters  * cleanup setup api  * progress  * remove filters  * hooked up to que,bugfix,Rust,Jamie Pine,2023-11-17 06:58:44+00:00,6,4,0,0,3489,1765,98,2,187,3.15,1,keyword_strict,TypeScript,2021-2023,0.4,,1.98,0.02,0.03,1
spacedriveapp/spacedrive,82ea083cf223c31646427a6b20ec4306f5062037,82ea083cf2,fix dialogs (#1786),bugfix,Unknown,Brendan Allan,2023-11-17 10:26:44+00:00,10,4,0,0,2,1,1,0,2,3.0,1,keyword_strict,TypeScript,2021-2023,0.4,,1.0,0.0,1.5,4
spacedriveapp/spacedrive,8281d6f57fc00802c8eec5da2b954ead6f145272,8281d6f57f,Move search to top bar (#1787)  * move search to top bar  * maybe eslint isn't so bad,other,Unknown,Brendan Allan,2023-11-17 11:59:04+00:00,11,4,0,0,26,38,7,0,10,5.5,0,clean,TypeScript,2021-2023,1.0,,0.67,0.0,0.69,5
spacedriveapp/spacedrive,d28db4356a7492fcd519339a097a9d9b3042125f,d28db4356a,[ENG-1439] Align search option internals (#1788)  align internals,other,Unknown,nikec,2023-11-17 15:52:20+00:00,15,4,0,0,1,1,1,0,1,2.0,0,clean,TypeScript,2021-2023,1.0,,0.5,0.0,1.0,4
spacedriveapp/spacedrive,02a658c0eabf8c998ae042e2429c4b1003896f07,02a658c0ea,[ENG-1437] don't render tab bar if <2 tabs (#1789)  don't render tab bar if <2 tabs,other,Unknown,Brendan Allan,2023-11-17 16:32:40+00:00,16,4,0,0,2,0,1,0,2,3.5,0,clean,TypeScript,2021-2023,1.0,,2.0,0.0,1.75,5
spacedriveapp/spacedrive,047192a49def3bf95353a4f0aa7b06c74010b48a,047192a49d,[ENG-1440] Move tab bar to below main top bar content (#1790)  * move tab bar below top bar  * center text inside tabs,other,Unknown,Brendan Allan,2023-11-17 16:32:57+00:00,16,4,0,0,3,2,1,0,3,3.33,0,clean,TypeScript,2021-2023,1.0,,1.0,0.0,1.66,5
spacedriveapp/spacedrive,66e0d8c30e5d5743ec53918039ee27a0a164ab57,66e0d8c30e,[ENG-1441] Fix search filters overflow (#1792)  * Fix search filters overflow  * comment out save search,bugfix,Unknown,nikec,2023-11-17 18:07:04+00:00,18,4,0,0,139,122,2,0,7,1.71,1,keyword_strict,TypeScript,2021-2023,0.4,,1.13,0.0,0.57,4
spacedriveapp/spacedrive,c2dd3661f9bf617028cd671652abb43ae9eb5139,c2dd3661f9,[ENG-1444] Fix list view observer (#1793)  Fix observer,bugfix,Unknown,nikec,2023-11-17 18:17:18+00:00,18,4,0,0,22,12,1,0,1,215.0,1,keyword_strict,TypeScript,2021-2023,0.4,,1.69,0.0,107.5,5
spacedriveapp/spacedrive,48afea5a4b7a69624d49dbc46cff4243dfd7574d,48afea5a4b,"[ENG-1184, ENG-1286, ENG-1330] Rework native dependencies (+ deb fixes) (#1685)  * Almost working  * Downgrade libplacebo  - FFMpeg 6.0 uses some now removed deprecated functions  * Use -Oz for zimg  ",bugfix,Rust,Vítor Vasconcellos,2023-11-17 19:20:14+00:00,19,4,0,0,547,3377,63,0,31,7.32,1,keyword_strict,TypeScript,2021-2023,0.4,,0.16,0.0,0.11,5
spacedriveapp/spacedrive,8005436a8ce73fb2716db6c954c6d524c8779c08,8005436a8c,[ENG-1443] Reset search store on search bar unmount (#1794)  reset search store on search bar unmount,other,Unknown,Brendan Allan,2023-11-17 20:08:34+00:00,20,4,0,0,7,1,2,0,3,1.67,0,clean,TypeScript,2021-2023,1.0,,3.5,0.0,0.56,5
spacedriveapp/spacedrive,a4522d65a7314c4bb2cf28d56a9d9dd79643e963,a4522d65a7,[ENG-1436] Store search state in search params (#1795)  * source search query from search params  * store filters in search params with round trip  * the rest bc apparently i forgot some?  * remove al,feature,TypeScript,Brendan Allan,2023-11-17 21:07:33+00:00,21,4,0,0,308,183,18,0,32,3.69,0,clean,TypeScript,2021-2023,1.0,,1.67,0.0,0.19,5
spacedriveapp/spacedrive,4e555232c84ce9e16c1b14113fc058a8e84a53d6,4e555232c8,Pin rust to 1.73 (Workaround Internal Compiler Error) (#1796)  * Pin rust to 1.73 - Clippy fixes  * Don't install cargo-watch on CI,bugfix,Rust,Vítor Vasconcellos,2023-11-17 22:47:06+00:00,22,4,0,1,13,9,7,0,2,6.5,1,keyword_strict,TypeScript,2021-2023,0.4,,1.3,0.0,0.81,6
spacedriveapp/spacedrive,70a6b65aa5877752c50c3d6773eafba27f97fe48,70a6b65aa5,Use raw search params for search data in url (#1797)  use raw search params,other,TypeScript,Brendan Allan,2023-11-18 11:53:24+00:00,11,5,1,0,33,14,3,0,5,1.6,0,clean,TypeScript,2021-2023,1.0,,2.2,0.0,0.4,5
spacedriveapp/spacedrive,355b7c829b9e8dffa7097c25f632e743c1565a74,355b7c829b,[ENG-1452] Default to Home (#1801)  * use React.children for SeeMore  * use Home dir as default route when available,other,TypeScript,Brendan Allan,2023-11-21 05:22:52+00:00,5,1,0,1,112,130,7,0,12,3.92,0,clean,TypeScript,2021-2023,1.0,,0.85,0.0,0.49,5
spacedriveapp/spacedrive,07b45fe824192d829bbff86684eca5d17b6dc3f9,07b45fe824,[ENG-433] removeTab on middle click (#1802)  removeTab on middle click,other,Unknown,Brendan Allan,2023-11-21 05:31:47+00:00,5,1,0,1,4,1,1,0,3,3.33,0,clean,TypeScript,2021-2023,1.0,,2.0,0.0,1.66,5
spacedriveapp/spacedrive,c8dbf715fd28cd26fad5ccbe6df0a89f42521542,c8dbf715fd,"Mobile changes (#1784)  * privacy link  * remove spacedrop screens, add browse  * icon  * changes and network screen  * bump react native",feature,Unknown,Utku,2023-11-22 00:49:52+00:00,0,2,0,1,95,201,13,0,17,2.41,0,clean,TypeScript,2021-2023,1.0,,0.47,0.0,0.17,6
FlowiseAI/Flowise,d5af16fcfa38abe423daf9b6a76a4675dc3baba8,d5af16fcfa,add mongodb atlas,feature,TypeScript,Henry,2023-11-22 20:06:32+00:00,20,2,0,0,197,1,5,0,5,5.2,0,clean,TypeScript,2021-2023,1.0,,98.5,0.0,0.87,0
FlowiseAI/Flowise,db2a1d3be8d4047d70ddc33083da4d5bb668bae5,db2a1d3be8,expand accordian upon filter search,other,JavaScript,Henry,2023-11-22 23:07:25+00:00,23,2,0,1,4,2,1,0,4,6.0,0,clean,TypeScript,2021-2023,1.0,,1.33,0.0,3.0,0
FlowiseAI/Flowise,0d1cc487a7e1e764f6e15eecafdeb67391b9f813,0d1cc487a7,slight ui update,other,JavaScript,Henry,2023-11-22 23:55:00+00:00,23,2,0,1,53,39,1,0,2,4.5,0,clean,TypeScript,2021-2023,1.0,,1.32,0.0,2.25,0
FlowiseAI/Flowise,0f09faa1bce930a86ca1e0fa4e20b03a7ea3bf9b,0f09faa1bc,- Updated .js files to .jsx on frontend. - Removed Yarn dependency and replaced with PNPM - Changed Frontend to render via vite,other,JavaScript,Greg L,2023-11-23 08:17:06-05:00,8,3,0,0,25959,385,120,0,3,1.0,0,clean,TypeScript,2021-2023,1.0,,67.25,0.0,0.01,0
FlowiseAI/Flowise,e2b63e06d631ab795f2b51f1117e6c9063068986,e2b63e06d6,- fixing paths after merge,bugfix,Unknown,Greg L,2023-11-23 08:31:13-05:00,8,3,0,0,53,53,5,0,0,0.0,0,clean,TypeScript,2021-2023,1.0,,0.98,0.0,0.0,0
FlowiseAI/Flowise,a27da2375ba8519287c4a11f8b0a3b522ca420a0,a27da2375b,Conversation Starters: - Updates to use the chatbot config for persistence.,other,TypeScript,vinodkiran,2023-11-23 10:30:18+05:30,10,3,0,0,16,54,11,0,13,4.23,0,clean,TypeScript,2021-2023,1.0,,0.29,0.0,0.35,0
FlowiseAI/Flowise,b3f44e04954fa205bdbcfbd55b99641e46d9a28e,b3f44e0495,ResponsibleAI - Input Moderation - Renaming of files for better clarity and alignment to functionality,other,TypeScript,vinodkiran,2023-11-23 10:48:00+05:30,10,3,0,0,14,16,9,0,2,1.0,0,clean,TypeScript,2021-2023,1.0,,0.82,0.0,0.1,0
FlowiseAI/Flowise,f953e9fd9c7b86175120940d95bf29e77d956033,f953e9fd9c,GitGuardian - Fix for MongoDB False Positive Alert,bugfix,TypeScript,vinodkiran,2023-11-23 11:13:36+05:30,11,3,0,0,1,1,1,0,1,1.0,0,clean,TypeScript,2021-2023,1.0,,0.5,0.0,0.5,0
spacedriveapp/spacedrive,7a40ae856c1985bf2f1e4b14d7726784b1115e3f,7a40ae856c,[ENG-1398] Make thumbnailer parallelism configurable (#1780)  * Removing migrator  * Adding serde_repr dep  * Generalizing version manager  * Updating library config to use version manager  * Updating,feature,Rust,"Ericson ""Fogo"" Soares",2023-11-23 11:23:32+00:00,11,3,0,0,1736,1285,35,0,106,6.13,0,clean,TypeScript,2021-2023,1.0,,1.35,0.0,0.17,4
FlowiseAI/Flowise,e0a0c830e9371a3cdf6b5934f24411d7b877ca6a,e0a0c830e9,update apache 2.0 licensing,other,Unknown,Henry Heng,2023-11-23 11:29:02+00:00,11,3,0,0,17,1,1,0,0,0.0,0,clean,TypeScript,2021-2023,1.0,,8.5,0.0,0.0,0
spacedriveapp/spacedrive,499d6c585c6be49ec69127e1e4a68ea6baff5dac,499d6c585c,[ENG-1395] Use data from shortcuts hook (#1805)  use data from shortcuts hook,other,TypeScript,ameer2468,2023-11-23 11:39:36+00:00,11,3,0,0,435,506,2,0,11,2.55,0,clean,TypeScript,2021-2023,1.0,,0.86,0.0,0.85,10
FlowiseAI/Flowise,35ad74f8a32c00855377bb73c735d4deaccab092,35ad74f8a3,"- Updated workflow and pre-commit to work with PNPM, modified package.json to preinstall PNPM only.",other,Unknown,Greg L,2023-11-23 13:33:52-05:00,13,3,0,0,10,6,6,0,0,0.0,0,clean,TypeScript,2021-2023,1.0,,1.43,0.0,0.0,0
FlowiseAI/Flowise,292b90ccb10b298b3519f3631e48d0d989e66806,292b90ccb1,refactor: move api key utilities to seperate file,refactor,TypeScript,Avin,2023-11-23 15:14:01+05:30,15,3,0,0,159,160,3,0,22,1.45,0,clean,TypeScript,2021-2023,1.0,,0.99,0.0,0.36,0
spacedriveapp/spacedrive,b27686860d59d6d99fd62e68aceef23a0d36b088,b27686860d,Thumbnailer channel with capacity 0 bug (#1808)  Solve,bugfix,Rust,"Ericson ""Fogo"" Soares",2023-11-23 18:10:44+00:00,18,3,0,0,9,5,1,0,1,2.0,1,keyword_strict,TypeScript,2021-2023,0.4,,1.5,0.0,1.0,4
FlowiseAI/Flowise,4061dd0abb472cd209989bd4a65245afdbbafece,4061dd0abb,- Missed a few files that needed to be .jsx - seperated out package locks per package,other,TypeScript,Greg L,2023-11-23 18:34:19-05:00,18,3,0,0,34466,23192,19,0,0,0.0,0,clean,TypeScript,2021-2023,1.0,,1.49,0.0,0.0,0
FlowiseAI/Flowise,2c379b299a8d09dcc2dbcdaf637683e93328c427,2c379b299a,- Bring files up to date with latest merge,test,Unknown,Greg L,2023-11-23 18:38:02-05:00,18,3,0,0,40,40,3,0,0,0.0,0,clean,TypeScript,2021-2023,1.0,,0.98,0.0,0.0,0
FlowiseAI/Flowise,f0959fe3bf456b7bbdc90d7f79a192fdf244db72,f0959fe3bf,- Minor fixes to pass eslint checks.,bugfix,Unknown,Greg L,2023-11-23 18:56:50-05:00,18,3,0,0,0,2,2,0,0,0.0,0,clean,TypeScript,2021-2023,1.0,,0.0,0.0,0.0,0
FlowiseAI/Flowise,c07c86e71bc8345802443cd4acf1d6cbb3817502,c07c86e71b,- fixed new files that should be .jsx,bugfix,Unknown,Greg L,2023-11-23 19:07:55-05:00,19,3,0,0,19,19,2,0,0,0.0,0,clean,TypeScript,2021-2023,1.0,,0.95,0.0,0.0,0
FlowiseAI/Flowise,4390734854e2725572ebafdacbf7d3df217129e7,4390734854,- updated docker file to build with pnpm,docs,Unknown,Greg L,2023-11-23 19:08:14-05:00,19,3,0,0,8,17,1,0,0,0.0,0,clean,TypeScript,2021-2023,1.0,,0.44,0.0,0.0,0
FlowiseAI/Flowise,ee39ce26c12296d0f8882025589167b5e5c3d9c9,ee39ce26c1,- Added VitePWA,feature,JavaScript,Greg L,2023-11-23 19:22:36-05:00,19,3,0,0,193,128,3,0,0,0.0,0,clean,TypeScript,2021-2023,1.0,,1.5,0.0,0.0,0
spacedriveapp/spacedrive,26a31ce15e243576cdd472cc39ce8210eca00f66,26a31ce15e,Fix some possible pdf thumb rendering concurrency bugs (#1809),bugfix,Rust,Vítor Vasconcellos,2023-11-23 19:38:17+00:00,19,3,0,0,21,24,2,0,1,5.0,1,keyword_strict,TypeScript,2021-2023,0.4,,0.84,0.0,1.67,7
spacedriveapp/spacedrive,7cbbaefee8af9562f7b3fd6e98d67da62bc0a481,7cbbaefee8,[ENG-1413] Full disk access perms (#1791)  * fda wip  * clippy  * add tauri invoke fns for FDA  * fda wip  * clippy  * add tauri invoke fns for FDA  * wip  * fda wip  * clippy  * add tauri invoke fns ,bugfix,Rust,ameer2468,2023-11-23 20:54:45+00:00,20,3,0,0,209,165,23,0,30,3.17,1,keyword_strict,TypeScript,2021-2023,0.4,,1.26,0.0,0.13,10
spacedriveapp/spacedrive,c1c25320e8b73c4f8fe3777f7efff738e531093a,c1c25320e8,Release: Alpha 0.1.3 (#1813)  release: 0.1.3,other,Unknown,jake,2023-11-23 21:24:14+00:00,21,3,0,0,21,21,3,0,0,0.0,0,clean,TypeScript,2021-2023,1.0,,0.95,0.0,0.0,5
FlowiseAI/Flowise,6881231ea40c73018199b4450e7566b333e81fb5,6881231ea4,Conversation Starter: Setup of prompts from the chatflow dashboard and other refactorings.,refactor,JavaScript,vinodkiran,2023-11-23 22:38:45+05:30,22,3,0,1,104,42,7,0,10,4.8,0,clean,TypeScript,2021-2023,1.0,,2.42,0.0,0.6,0
FlowiseAI/Flowise,262ef7fd0c266d3a734554ffdb3a06d3b8902b9c,262ef7fd0c,Link to Langfuse integration doc instead of get-started,docs,TypeScript,Marc Klingen,2023-11-23 22:58:14+01:00,22,3,0,1,1,1,1,0,1,1.0,0,clean,TypeScript,2021-2023,1.0,,0.5,0.0,0.5,0
spacedriveapp/spacedrive,2b9a3834108ddbe31470681c9e5d0aa6e203eeca,2b9a383410,fix: app going blank when the last library is deleted (#1814)  fix app going blank when the last library is deleted,bugfix,Unknown,jake,2023-11-24 04:30:48+00:00,4,4,0,1,6,2,2,0,3,2.0,1,keyword_strict,TypeScript,2021-2023,0.4,,2.0,0.0,0.67,5
spacedriveapp/spacedrive,fd3eb9fde21cafcdb5f0b2b3af76d1efcaada420,fd3eb9fde2,[ENG-1459] Tabs visual tweak (#1818)  Update index.tsx,other,Unknown,ameer2468,2023-11-24 10:57:28+00:00,10,4,0,0,3,3,1,0,3,3.33,0,clean,TypeScript,2021-2023,1.0,,0.75,0.0,1.66,11
FlowiseAI/Flowise,92ca62c4a288041cf40f7db9d82e2e309ddda92e,92ca62c4a2,Conversation Starter: Changes to ensure that the chatbotConfig is not overwritten between the starter prompts and share chatbot dialogs,other,JavaScript,vinodkiran,2023-11-24 11:20:35+05:30,11,4,0,0,19,4,3,0,8,10.62,0,clean,TypeScript,2021-2023,1.0,,3.8,0.0,2.66,0
FlowiseAI/Flowise,0d7b916b86ab8a5d43b6d78e9bb126cfed82fcbe,0d7b916b86,update models for openai function,other,TypeScript,Henry,2023-11-24 11:55:56+00:00,11,4,0,0,27,27,6,0,4,5.25,0,clean,TypeScript,2021-2023,1.0,,0.96,0.0,0.75,0
FlowiseAI/Flowise,12c688aae01c04ccf698f27ff3a30a869fcc32aa,12c688aae0,update langchain version,other,TypeScript,Henry,2023-11-24 14:29:50+00:00,14,4,0,0,47,29,12,0,18,4.33,0,clean,TypeScript,2021-2023,1.0,,1.57,0.0,0.33,0
spacedriveapp/spacedrive,0233a51bf1e4ea10f5772ec5bb15f15187962fb1,0233a51bf1,[ENG-1456] General UI Tweaks (#1819)  * General UI Tweaks  * Update general.tsx  * Update general.tsx,other,Unknown,ameer2468,2023-11-24 14:46:57+00:00,14,4,0,0,17,15,3,0,4,7.25,0,clean,TypeScript,2021-2023,1.0,,1.06,0.0,1.81,11
FlowiseAI/Flowise,19e9c67d12190e80869a6ca338fb2082430614fd,19e9c67d12,update momento sdk,other,Unknown,Henry,2023-11-24 16:29:25+00:00,16,4,0,0,2,1,1,0,0,0.0,0,clean,TypeScript,2021-2023,1.0,,1.0,0.0,0.0,0
spacedriveapp/spacedrive,ee17331e3ef44b35ba071a99581c3934cf9ac106,ee17331e3e,Concurrency crash for ephemeral thumbs (#1821)  Solve,other,Rust,"Ericson ""Fogo"" Soares",2023-11-24 16:31:45+00:00,16,4,0,0,5,2,1,0,1,19.0,0,clean,TypeScript,2021-2023,1.0,,1.67,0.0,9.5,5
FlowiseAI/Flowise,9f2c01dc3759a9d2ab79ddd6312baf2ade09ae7d,9f2c01dc37,🥳 flowise@1.4.3 release,other,Unknown,Henry,2023-11-24 17:08:16+00:00,17,4,0,0,2,2,2,0,0,0.0,0,clean,TypeScript,2021-2023,1.0,,0.67,0.0,0.0,0
FlowiseAI/Flowise,aad91112042e77b20f45b95b688ef99c14701523,aad9111204,🥳 flowise-ui@1.4.1 release,other,Unknown,Henry,2023-11-24 17:08:41+00:00,17,4,0,0,1,1,1,0,0,0.0,0,clean,TypeScript,2021-2023,1.0,,0.5,0.0,0.0,0
FlowiseAI/Flowise,17198d8524659a6e21a92710af4af68802f93672,17198d8524,🥳 flowise-components@1.4.3 release,other,Unknown,Henry,2023-11-24 17:09:13+00:00,17,4,0,0,1,1,1,0,0,0.0,0,clean,TypeScript,2021-2023,1.0,,0.5,0.0,0.0,0
FlowiseAI/Flowise,2356cc7abd80304d35bb2f23a37d6e96f1d8d861,2356cc7abd,update component pnpm-lock.yaml,other,Unknown,Henry,2023-11-24 18:03:33+00:00,18,4,0,0,11784,11704,1,0,0,0.0,0,clean,TypeScript,2021-2023,1.0,,1.01,0.0,0.0,0
spacedriveapp/spacedrive,b8bcfed7d38c3aee36783cbbcbebeee08c0de590,b8bcfed7d3,"[ENG-1414] Docker Server Installation Dialog (#1774)  * docker dialog  * move tooltip inner  * types  * rename ""production"" tag to latest  * fix dialog with and url  * pnpm-lock",bugfix,TypeScript,Utku,2023-11-24 19:30:19+00:00,19,4,0,0,8,1,4,0,0,0.0,1,keyword_strict,TypeScript,2021-2023,0.4,,4.0,0.0,0.0,6
spacedriveapp/spacedrive,ea1e4d748a6cadeca49ac1a704d0226a0616c34b,ea1e4d748a,[ENG-1095] HEIF* and PDF thumbnail orientation (#1815)  * fix horizontal pdf rendering  * don't rotate certain formats (heif*)  * return `u32` from scaling function  * add `avifs` as a valid extension,bugfix,Rust,jake,2023-11-24 22:07:25+00:00,22,4,0,1,96,32,8,0,11,4.45,1,keyword_strict,TypeScript,2021-2023,0.4,,2.91,0.0,0.49,6
spacedriveapp/spacedrive,d4190aab98a0d052a119aa709477eafd123adbfb,d4190aab98,[ENG-1435] Saved Searches (#1810)  * saved search CRUD (not perfect)  * saved search settings page  * minor improvements  * fix search filter text apply  * serach in setting  * reduce new tab flicker ,bugfix,TypeScript,Brendan Allan,2023-11-25 00:16:26+00:00,0,5,1,1,1940,1967,57,0,150,2.91,1,keyword_strict,TypeScript,2021-2023,0.4,,0.99,0.0,0.05,5
spacedriveapp/spacedrive,e8cd0201d199502666961fa34961dfb337cfa960,e8cd0201d1,Bump versions (#1823)  release,other,Unknown,Utku,2023-11-25 01:12:00+00:00,1,5,1,1,2,2,3,0,0,0.0,0,clean,TypeScript,2021-2023,1.0,,0.67,0.0,0.0,7
spacedriveapp/spacedrive,124a9152d024921a92e3ebddaada594cc483bc2d,124a9152d0,"Small improvements to sd-server (#1822)  * Fix web spacedrive  - Replace useOperatingSystem from App.tsx to directly using the 'browser' value, as we can't access usePlatform yet and the frontend cras",bugfix,Unknown,Vítor Vasconcellos,2023-11-25 01:23:10+00:00,1,5,1,1,19,15,2,0,1,3.0,1,keyword_strict,TypeScript,2021-2023,0.4,,1.19,0.0,1.0,8
spacedriveapp/spacedrive,abda5ffb59bbb166f6f7d4a0b8633296b60f0610,abda5ffb59,0.1.4 (#1825)  prettier and tag,other,TypeScript,Utku,2023-11-25 01:49:52+00:00,1,5,1,1,13,8,5,0,4,3.25,0,clean,TypeScript,2021-2023,1.0,,1.44,0.0,0.54,7
spacedriveapp/spacedrive,df88c28b266491364082eb88f9e0c81db3be526b,df88c28b26,Fix pdf thumbs having incorrect colors (#1826)  Fix BGR being interpreted as RGB when generation pdf thumbs  - Disabled some pdf render configs for better performance,bugfix,Rust,Vítor Vasconcellos,2023-11-25 05:09:40+00:00,5,5,1,1,20,9,1,0,1,1.0,1,keyword_strict,TypeScript,2021-2023,0.4,,2.0,0.0,0.5,9
FlowiseAI/Flowise,c96572e10ff8fa954d973f10748c603a00d49ef9,c96572e10f,GPT Vision - OpenAIVisionChain,other,TypeScript,vinodkiran,2023-11-25 16:39:02+05:30,16,5,1,0,388,0,3,0,10,4.9,0,clean,TypeScript,2021-2023,1.0,,388.0,0.0,1.23,0
spacedriveapp/spacedrive,8a7fab0c54aac9b5330a82a9b644b19fdbf5cf05,8a7fab0c54,[ENG-1465] Search filters: padding fix and submit (#1830)  Update Filters.tsx,bugfix,Unknown,ameer2468,2023-11-25 22:02:28+00:00,22,5,1,1,20,7,1,0,2,1.0,1,keyword_strict,TypeScript,2021-2023,0.4,,2.5,0.0,0.5,11
spacedriveapp/spacedrive,416e370f668d4e52a9c054f506da9c0076505c5c,416e370f66,[ENG-1464] Fix changelog color for light mode and icon in about (#1831)  fix changelog color for light mode and icon in about,bugfix,Unknown,ameer2468,2023-11-25 22:08:03+00:00,22,5,1,1,8,4,2,0,3,4.33,1,keyword_strict,TypeScript,2021-2023,0.4,,1.6,0.0,1.44,12
spacedriveapp/spacedrive,69f363ef01fe9304fe5f4b2e7976fc1f6b6258ad,69f363ef01,[ENG-1461] Fda layout update (#1832)  fda layout update,other,Unknown,ameer2468,2023-11-25 22:38:09+00:00,22,5,1,1,8,28,2,0,3,1.0,0,clean,TypeScript,2021-2023,1.0,,0.28,0.0,0.33,13
spacedriveapp/spacedrive,a78324eb6e3b16a92895486fdf3f964b8f4db3a8,a78324eb6e,remove fda setting (#1833)  remove setting,other,Unknown,Utku,2023-11-25 22:47:22+00:00,22,5,1,1,1,16,1,0,1,18.0,0,clean,TypeScript,2021-2023,1.0,,0.06,0.0,9.0,7
spacedriveapp/spacedrive,6bcbdce6ecd8a97e02ae8fa57e801f0d6a720c27,6bcbdce6ec,[ENG-1430] Improve keymatcher hook (#1835)  * improve keymatcher hook  * fix delete context menu icon,bugfix,TypeScript,ameer2468,2023-11-26 08:51:43+00:00,8,6,1,0,91,44,3,0,3,3.67,1,keyword_strict,TypeScript,2021-2023,0.4,,2.02,0.0,0.92,13
spacedriveapp/spacedrive,f0e9ae7f44754b3e4d144a955363c0ca6d49173e,f0e9ae7f44,[ENG-1463] Move statistics to a new usage page (#1834)  * Move statistics to a new usage page  * Update usage.tsx  * remove free pill,feature,TypeScript,ameer2468,2023-11-26 17:28:38+00:00,17,6,1,0,163,154,5,0,9,4.22,0,clean,TypeScript,2021-2023,1.0,,1.05,0.0,0.7,14
FlowiseAI/Flowise,4a3e1784d8f8b4532587bfb5ddce61eb29c35977,4a3e1784d8,LS Prompt Hub: Initial Commit,other,JavaScript,vinodkiran,2023-11-27 06:06:18+05:30,6,0,0,0,397,0,2,0,12,1.75,0,clean,TypeScript,2021-2023,1.0,,397.0,0.0,0.58,0
spacedriveapp/spacedrive,0796071f353744ddb5bc685d18e2071aa9055569,0796071f35,"[ENG-1466] dont open quick preview while renaming (#1836)  while renaming a file, don't open quick preview",other,Unknown,ameer2468,2023-11-27 08:08:12+00:00,8,0,0,0,7,10,2,0,2,2.0,0,clean,TypeScript,2021-2023,1.0,,0.64,0.0,0.67,14
spacedriveapp/spacedrive,66099f3840c87c7ced96908458e1ea215064913c,66099f3840,move filter options to AddFilterButton (#1837),feature,Unknown,Brendan Allan,2023-11-27 09:11:01+00:00,9,0,0,0,15,10,2,0,3,1.33,0,clean,TypeScript,2021-2023,1.0,,1.36,0.0,0.44,6
spacedriveapp/spacedrive,99cb607eea3152a6892c57472f1576fa29fbb514,99cb607eea,"[ENG-1468] Center ""delete saved search"" button (#1838)  fix position",bugfix,Unknown,nikec,2023-11-27 09:27:16+00:00,9,0,0,0,1,1,1,0,2,4.0,1,keyword_strict,TypeScript,2021-2023,0.4,,0.5,0.0,2.0,6
FlowiseAI/Flowise,8ce32179ee72a333b3bee5afc54882a08a727288,8ce32179ee,"add turbo, changes to make it work across docker, docker-compose, npx",feature,JavaScript,Henry,2023-11-27 11:56:40+00:00,11,0,0,0,25796,36881,15,0,0,0.0,0,clean,TypeScript,2021-2023,1.0,,0.7,0.0,0.0,0
FlowiseAI/Flowise,4e3f219e2d4c1778783042f0c1c5bf33433047ab,4e3f219e2d,update readme and vite port,docs,TypeScript,Henry,2023-11-27 12:24:11+00:00,12,0,0,0,41,34,11,0,2,11.0,0,clean,TypeScript,2021-2023,1.0,,1.17,0.0,0.92,0
FlowiseAI/Flowise,3536c2afec7775189016534dfedc53371d2d5e76,3536c2afec,fix memory nodes,bugfix,TypeScript,Henry,2023-11-27 15:34:28+00:00,15,0,0,0,292,285,21,0,13,5.23,0,clean,TypeScript,2021-2023,1.0,,1.02,0.0,0.24,0
FlowiseAI/Flowise,8897dd9c5f50fd50e1f1cb623105c8066219b816,8897dd9c5f,LS Prompt Hub: Moving calls to server side and adding functionality to show the detailed prompt,feature,TypeScript,vinodkiran,2023-11-27 22:42:04+05:30,22,0,0,1,144,43,4,0,11,2.64,0,clean,TypeScript,2021-2023,1.0,,3.27,0.0,0.53,0
FlowiseAI/Flowise,7362dec5c13d3170558141fc6cfdc980b8754b09,7362dec5c1,add disable file download and regex to remove citation,feature,TypeScript,Henry,2023-11-28 16:08:35+00:00,16,1,0,0,29,11,1,0,2,16.5,0,clean,TypeScript,2021-2023,1.0,,2.42,0.0,8.25,0
spacedriveapp/spacedrive,078554dd2875063a54428529288bed36c8d9c25b,078554dd28,[ENG-1470] Search filters masking & fade (#1839)  * Fading out search filters  * remove memo,other,Unknown,ameer2468,2023-11-28 16:14:43+00:00,16,1,0,0,72,41,2,0,5,3.6,0,clean,TypeScript,2021-2023,1.0,,1.71,0.0,1.2,14
spacedriveapp/spacedrive,d65b58d929fc12326a07e22031d492487ae5e339,d65b58d929,[ENG-1469] Show slider button (#1840)  * hide slider button in quick preview  * change to icon,other,Unknown,ameer2468,2023-11-28 16:15:00+00:00,16,1,0,0,29,15,2,0,2,1.5,0,clean,TypeScript,2021-2023,1.0,,1.81,0.0,0.5,14
FlowiseAI/Flowise,1cd465a08ead29087932def8d640e71363106ae1,1cd465a08e,update openai assistant version,other,TypeScript,Henry,2023-11-28 16:23:11+00:00,16,1,0,0,11,2,2,0,1,1.0,0,clean,TypeScript,2021-2023,1.0,,3.67,0.0,0.33,0
FlowiseAI/Flowise,0ee47c2ccf87716cd954b1f09dc429e568636fdb,0ee47c2ccf,remove import/export database,other,TypeScript,Henry,2023-11-28 16:58:16+00:00,16,1,0,0,3,166,4,0,9,2.22,0,clean,TypeScript,2021-2023,1.0,,0.02,0.0,0.44,0
FlowiseAI/Flowise,147526ff72802a00132d41eedcc2ef9ee0d1c7c7,147526ff72,remove zapier NLA as its not supported anymore,other,TypeScript,Henry,2023-11-28 17:00:10+00:00,17,1,0,0,0,60,2,0,2,2.0,0,clean,TypeScript,2021-2023,1.0,,0.0,0.0,0.67,0
spacedriveapp/spacedrive,cf629931acc4bd3a1de4ec3523c8746ff8ad3fe2,cf629931ac,[ENG-1426] Apply `clippy --fix` with moderate lints (#1779)  * chore(clippy): fix  * chore: formatting  * fix: add cfg back to macos crate  * remove cfg to see if clippy works  * Restore macOS crate l,bugfix,Rust,jake,2023-11-28 17:50:11+00:00,17,1,0,0,181,139,40,0,48,5.21,1,keyword_strict,TypeScript,2021-2023,0.4,,1.29,0.0,0.13,7
spacedriveapp/spacedrive,a337e6ae62a2ae0c7f96628444eda4f69c853dc6,a337e6ae62,fix quick preview image slider icon size (#1841)  Update index.tsx,bugfix,Unknown,ameer2468,2023-11-28 19:15:55+00:00,19,1,0,0,1,1,1,0,0,0.0,1,keyword_strict,TypeScript,2021-2023,0.4,,0.5,0.0,0.0,14
FlowiseAI/Flowise,0693a8b4cacb2c67d4259eddc5a1e8edc997e969,0693a8b4ca,LS Prompt Hub: Prompt Display and sending back selected prompt to the prompt node,other,JavaScript,vinodkiran,2023-11-28 19:27:39+05:30,19,1,0,0,37,7,3,0,8,3.75,0,clean,TypeScript,2021-2023,1.0,,4.62,0.0,0.94,0
FlowiseAI/Flowise,887b003cdd9bfdd9a064bf65879ef4322b9d47db,887b003cdd,"Bugfix: Simple Moderation, making the checks case-insensitive",bugfix,TypeScript,vinodkiran,2023-11-28 20:53:33+05:30,20,1,0,0,1,1,1,0,2,2.5,0,clean,TypeScript,2021-2023,1.0,,0.5,0.0,1.25,0
FlowiseAI/Flowise,549a68d118aa0ba1fa79d2cc0ead227813731988,549a68d118,Bugfix: UI Fix - left align long chat flow names for consistency.,bugfix,JavaScript,vinodkiran,2023-11-28 20:58:39+05:30,20,1,0,0,3,1,1,0,2,3.0,0,clean,TypeScript,2021-2023,1.0,,1.5,0.0,1.5,0
FlowiseAI/Flowise,464a23e0f49b63553faca6222e42c733b78fbc2a,464a23e0f4,update agent model,other,TypeScript,Henry,2023-11-29 00:25:08+00:00,0,2,0,1,15,15,5,0,2,1.0,0,clean,TypeScript,2021-2023,1.0,,0.94,0.0,0.17,0
FlowiseAI/Flowise,6a7726956c76c27da01413520c534339243ad229,6a7726956c,update marketplace templates,other,Unknown,Henry,2023-11-29 00:52:48+00:00,0,2,0,1,4,4,2,0,0,0.0,0,clean,TypeScript,2021-2023,1.0,,0.8,0.0,0.0,0
FlowiseAI/Flowise,5a5097e9970be804642c714d99c99ababc1b82d9,5a5097e997,update flowise-components to 1.4.5,other,Unknown,Henry,2023-11-29 13:42:17+00:00,13,2,0,0,1,1,1,0,0,0.0,0,clean,TypeScript,2021-2023,1.0,,0.5,0.0,0.0,0
FlowiseAI/Flowise,b62a506edb38af04769086b27ff9fd44fd81988a,b62a506edb,fix where prompt deleted index is not passed correctly,bugfix,JavaScript,Henry,2023-11-29 15:04:24+00:00,15,2,0,0,42,29,4,0,4,3.25,0,clean,TypeScript,2021-2023,1.0,,1.4,0.0,0.65,0
FlowiseAI/Flowise,8df93fa789163e6c0ad338af97a6edac89898f9a,8df93fa789,update chat message layout and fix when first start prompt clicked but not sent,bugfix,JavaScript,Henry,2023-11-29 16:05:59+00:00,16,2,0,0,25,17,3,0,7,7.14,0,clean,TypeScript,2021-2023,1.0,,1.39,0.0,1.78,0
FlowiseAI/Flowise,77dc7520d7146e9385300020b89ad9fd08e9ea87,77dc7520d7,update wording,other,JavaScript,Henry,2023-11-29 16:17:54+00:00,16,2,0,0,1,1,1,0,1,3.0,0,clean,TypeScript,2021-2023,1.0,,0.5,0.0,1.5,0
FlowiseAI/Flowise,e7583c30363c0de5684060f2d388ba1b27345e07,e7583c3036,LS Prompt hub: right side details display changes,other,TypeScript,vinodkiran,2023-11-29 20:16:32+05:30,20,2,0,0,111,41,2,0,6,1.83,0,clean,TypeScript,2021-2023,1.0,,2.64,0.0,0.61,0
spacedriveapp/spacedrive,bc29daa60f7b618959773ef1ffb8a92b8d4024c3,bc29daa60f,Cloud connection (#1842)  * actual cloud connection wow  * Preliminary cloud library joining  * remove dev overrides  * add back library caching  * re-enable vendored openssl,feature,Rust,Brendan Allan,2023-11-30 07:39:39+00:00,7,3,0,0,413,17,17,0,16,2.38,0,clean,TypeScript,2021-2023,1.0,,22.94,0.0,0.13,6
FlowiseAI/Flowise,4b5f7028e3320d72d92d60deb55ebee44b56deb8,4b5f7028e3,fix chat history,bugfix,TypeScript,Henry,2023-11-30 16:01:16+00:00,16,3,0,0,261,97,12,0,26,7.58,0,clean,TypeScript,2021-2023,1.0,,2.66,0.0,0.58,0
FlowiseAI/Flowise,674b8996f013ec8d9ea3c3db9f13ddf43dac0b38,674b8996f0,add back accidentally removed about dialog,feature,JavaScript,Henry,2023-11-30 16:57:34+00:00,16,3,0,0,13,1,1,0,1,1.0,0,clean,TypeScript,2021-2023,1.0,,6.5,0.0,0.5,0
spacedriveapp/spacedrive,7a456bfc9c92a1912424e2b28ce62096312d6741,7a456bfc9c,[ENG-1471] Fix PDF transparent background (#1844)  Fix PDF transparent background,bugfix,Rust,Vítor Vasconcellos,2023-12-01 00:20:09+00:00,0,4,0,1,1,1,1,0,1,1.0,1,keyword_strict,TypeScript,2021-2023,0.4,,0.5,0.0,0.5,10
FlowiseAI/Flowise,51cb61f60a35cb83daf7ce842de8a3bb30e359a3,51cb61f60a,LS Prompt hub: adding credentials to the filtering logic,feature,TypeScript,vinodkiran,2023-12-01 10:30:56+05:30,10,4,0,0,13,1,1,0,2,4.5,0,clean,TypeScript,2021-2023,1.0,,6.5,0.0,2.25,0
FlowiseAI/Flowise,86b236182b920c5332af6713173641eabd315a51,86b236182b,added fix to restart flow when prompt is question prefix,bugfix,TypeScript,Henry,2023-12-01 15:35:00+00:00,15,4,0,0,41,2,1,0,4,8.5,0,clean,TypeScript,2021-2023,1.0,,13.67,0.0,4.25,0
FlowiseAI/Flowise,7df2e3fe6d7058649ac2c33d9dc5bf548043fe23,7df2e3fe6d,Fix for issue#1323 - delete duplicate chatflow,bugfix,JavaScript,automaton82,2023-12-01 20:23:29-05:00,20,4,0,0,1,1,1,0,2,4.5,0,clean,TypeScript,2021-2023,1.0,,0.5,0.0,2.25,0
FlowiseAI/Flowise,f60360f3b94ba8e2ec080f44d683902eebb5e16e,f60360f3b9,Fixing #1324 by lifting ConfirmDialog up.,bugfix,JavaScript,automaton82,2023-12-01 21:07:43-05:00,21,4,0,0,2,2,2,0,2,7.0,0,clean,TypeScript,2021-2023,1.0,,0.67,0.0,2.33,0
FlowiseAI/Flowise,14c506adb34552717fc476c6e6d22de9e8a3b6f4,14c506adb3,XSS Fixes,bugfix,TypeScript,vinodkiran,2023-12-02 11:10:37+05:30,11,5,1,0,298,123,2,0,2,4.0,0,clean,TypeScript,2021-2023,1.0,,2.4,0.0,1.33,0
FlowiseAI/Flowise,c856d94f7c46aea8428ce649c80feefc7442525d,c856d94f7c,Dependabot Alerts,other,Unknown,vinodkiran,2023-12-02 11:21:06+05:30,11,5,1,0,2,2,2,0,0,0.0,0,clean,TypeScript,2021-2023,1.0,,0.67,0.0,0.0,0
spacedriveapp/spacedrive,95d7699274f1380d670150e60a88b21839274928,95d7699274,"Replace tauri with new link (#1852)  Tauri apps have new URL, that is Tauri.app instead of tauri.studio!  So, it should be updated here in the README  Thank You",feature,Unknown,Naman Garg,2023-12-03 14:35:01+00:00,14,6,1,0,1,1,1,0,0,0.0,0,clean,TypeScript,2021-2023,1.0,,0.5,0.0,0.0,0
spacedriveapp/spacedrive,1fdb0d680b62c64efa731c7488ff93ba77cefb7a,1fdb0d680b,[ENG-1486] Fix location explorer settings (#1853)  fix update,bugfix,Unknown,nikec,2023-12-04 16:12:03+00:00,16,0,0,0,17,18,1,0,3,9.67,1,keyword_strict,TypeScript,2021-2023,0.4,,0.89,0.0,4.84,7
FlowiseAI/Flowise,40f8371de955f3401f2263382de0c1c4505a9473,40f8371de9,add llamaindex,feature,TypeScript,Henry,2023-12-04 20:04:09+00:00,20,0,0,0,4510,537,56,0,196,3.92,0,clean,TypeScript,2021-2023,1.0,,8.38,0.0,0.07,0
FlowiseAI/Flowise,264a571abf5eff51702079ff43b5936c8a96e609,264a571abf,update UI,other,JavaScript,Henry,2023-12-05 03:01:13+00:00,3,1,0,1,368,225,3,0,12,3.0,0,clean,TypeScript,2021-2023,1.0,,1.63,0.0,0.75,0
FlowiseAI/Flowise,d3877e76d4ec41c11637ff2ca84531e02ca4121b,d3877e76d4,bugfix_console_warning,bugfix,JavaScript,takuabonn,2023-12-05 09:16:40+09:00,9,1,0,0,3,3,2,0,1,11.0,0,clean,TypeScript,2021-2023,1.0,,0.75,0.0,3.67,0
spacedriveapp/spacedrive,c32e60927b3d6669dab899e005da77d832172fde,c32e60927b,[ENG-1400] Normalised caching (#1734)  * prototype  * `.normalise` helper + only `String` keys  * implement it for 'search.paths'  * redux devtools  * fix  * refactor backend  * wip: upgrade to rspc f,bugfix,Rust,Oscar Beaumont,2023-12-05 13:16:03+00:00,13,1,0,0,1842,644,88,0,174,4.4,1,keyword_strict,TypeScript,2021-2023,0.4,,2.86,0.0,0.05,11
FlowiseAI/Flowise,0ad9b9ae3d106970b985196801d349ce91960069,0ad9b9ae3d,- Bring PR current with main branch.,other,Unknown,Greg L,2023-12-05 17:41:03-05:00,17,1,0,0,25871,25719,5,0,0,0.0,0,clean,TypeScript,2021-2023,1.0,,1.01,0.0,0.0,0
FlowiseAI/Flowise,53c330a53be77d9f180721cca167a5ab1ed232f4,53c330a53b,Minor changes to running in dev mode.,other,Unknown,Greg L,2023-12-05 18:05:38-05:00,18,1,0,0,8,4,4,0,0,0.0,0,clean,TypeScript,2021-2023,1.0,,1.6,0.0,0.0,0
FlowiseAI/Flowise,bfeebcd229477b95bf67b404a234e1d9416704fa,bfeebcd229,update Zep version,other,TypeScript,Henry,2023-12-05 19:02:33+00:00,19,1,0,0,51,75,3,0,9,3.0,0,clean,TypeScript,2021-2023,1.0,,0.67,0.0,0.75,0
spacedriveapp/spacedrive,f2f98f4ebaec066224c594d327b2f7e53ca5530c,f2f98f4eba,move cache provider (#1857),other,Unknown,Brendan Allan,2023-12-05 21:25:23+00:00,21,1,0,0,91,91,2,0,7,1.57,0,clean,TypeScript,2021-2023,1.0,,0.99,0.0,0.52,6
spacedriveapp/spacedrive,9f240c14c9dcaa8f530066d14277a929e6737d6e,9f240c14c9,[ENG-1490] List view: Quick preview image slider performance (#1859)  Remove un-necessary code,other,Unknown,ameer2468,2023-12-05 21:58:30+00:00,21,1,0,0,3,15,1,0,1,213.0,0,clean,TypeScript,2021-2023,1.0,,0.19,0.0,106.5,15
FlowiseAI/Flowise,d397adb47a1c363e44b1ddcd3b2965ad8466cf09,d397adb47a,avoid button showing up for other systemprompt like conversation chain,other,JavaScript,Henry,2023-12-06 00:30:51+00:00,0,2,0,1,24,23,1,0,0,0.0,0,clean,TypeScript,2021-2023,1.0,,1.0,0.0,0.0,0
FlowiseAI/Flowise,2da6f598340593556bc40860babbf474a52fae62,2da6f59834,fix ttl parseInt error,bugfix,TypeScript,Henry,2023-12-06 01:51:14+00:00,1,2,0,1,1,1,1,0,3,4.0,0,clean,TypeScript,2021-2023,1.0,,0.5,0.0,2.0,0
spacedriveapp/spacedrive,0eaeb98a02e701d41237a144169c60cf17dd1b4f,0eaeb98a02,fix pagination (#1860)  use cache nodes for pagination,bugfix,TypeScript,Brendan Allan,2023-12-06 03:10:00+00:00,3,2,0,1,2,2,2,0,4,2.75,1,keyword_strict,TypeScript,2021-2023,0.4,,0.67,0.0,0.92,6
spacedriveapp/spacedrive,19d474d04b4d1ba5845f58979cacffef719783fb,19d474d04b,Resolve warnings instead of suppressing them (#1848)  * Eliminate 'unused mut' warning and suppression  * Eliminate 'unreachable code' warning and suppression  * Fix formatting,bugfix,Rust,Julian Braha,2023-12-06 06:16:14+00:00,6,2,0,0,11,3,2,0,2,8.5,1,keyword_strict,TypeScript,2021-2023,0.4,,2.75,0.0,2.83,1
FlowiseAI/Flowise,59308665c2b8c83b2b77ecd2a0753a86847ea037,59308665c2,remove_props,other,JavaScript,takuabonn,2023-12-06 07:32:45+09:00,7,2,0,0,0,1,1,0,1,11.0,0,clean,TypeScript,2021-2023,1.0,,0.0,0.0,5.5,0
spacedriveapp/spacedrive,ad3493c10d8777c48df118e92215d60dde323c21,ad3493c10d,List view effect adjustment (#1863)  Update index.tsx,other,Unknown,ameer2468,2023-12-06 09:18:28+00:00,9,2,0,0,10,0,1,0,1,216.0,0,clean,TypeScript,2021-2023,1.0,,10.0,0.0,108.0,15
FlowiseAI/Flowise,73f7046316ac8cf6645515332b0c3f3b8aed7c95,73f7046316,GPT Vision: Initial implementation of the OpenAI Vision API,feature,TypeScript,vinodkiran,2023-12-06 12:31:33+05:30,12,2,0,0,447,22,15,0,28,4.07,0,clean,TypeScript,2021-2023,1.0,,19.43,0.0,0.25,0
FlowiseAI/Flowise,8122377bbb794564d89fa79096fcff6a209a2f9e,8122377bbb,LS Prompt Hub: Minor fixes,bugfix,TypeScript,vinodkiran,2023-12-06 12:53:43+05:30,12,2,0,0,2,3,2,0,6,5.17,0,clean,TypeScript,2021-2023,1.0,,0.5,0.0,1.72,0
FlowiseAI/Flowise,cc1a3101e26d22642ac4d74d63528f474f0bd43f,cc1a3101e2,S3 File Loader: Region missing fix,bugfix,TypeScript,vinodkiran,2023-12-06 15:01:30+05:30,15,2,0,0,5,2,1,0,0,0.0,0,clean,TypeScript,2021-2023,1.0,,1.67,0.0,0.0,0
spacedriveapp/spacedrive,554456748e2b39e45e28f9706fde9e77932ff8f6,554456748e,Cloud Sync Basics (#1856)  * cloud operation models  * please clippy  * cloud sync table  * cloud ingest works very simply  * move stuff around + stop invalidation from triggering every 10ms  * cleanu,bugfix,Rust,Brendan Allan,2023-12-06 16:47:51+00:00,16,2,0,0,1312,556,27,0,38,3.55,1,keyword_strict,TypeScript,2021-2023,0.4,,2.36,0.0,0.13,7
FlowiseAI/Flowise,275540d1830575c56679666e759ba35f74699f91,275540d183,add default limit to 100,feature,TypeScript,Henry,2023-12-06 17:39:18+00:00,17,2,0,0,3,1,2,0,2,4.5,0,clean,TypeScript,2021-2023,1.0,,1.5,0.0,1.5,0
spacedriveapp/spacedrive,0acd0c5f1348f57b4ac1d2f2c33deb0e592151eb,0acd0c5f13,Fix sync tests (#1866)  fix sync tests,bugfix,Rust,Brendan Allan,2023-12-06 18:00:57+00:00,18,2,0,0,1,1,1,0,0,0.0,1,keyword_strict,TypeScript,2021-2023,0.4,,0.5,0.0,0.0,8
spacedriveapp/spacedrive,0aa13159aae532a3e7c30aed300f003232f9356d,0aa13159aa,Reorganise file thumb renderer to use more memos (#1865)  * reorganise file thumb renderer to use more memos  * account for original load error  * key grid list items by id,other,TypeScript,Brendan Allan,2023-12-06 19:06:54+00:00,19,2,0,0,205,186,5,0,13,4.69,0,clean,TypeScript,2021-2023,1.0,,1.1,0.0,0.78,9
spacedriveapp/spacedrive,a198a5281a9b036848a50f495f244e23673a39c8,a198a5281a,[ENG-1462] Visual improvements for search (#1864)  * light mode correction and visual improvements for search  * Update AppliedFilters.tsx,other,TypeScript,ameer2468,2023-12-06 19:07:35+00:00,19,2,0,0,341,348,7,0,13,4.85,0,clean,TypeScript,2021-2023,1.0,,0.98,0.0,0.61,15
spacedriveapp/spacedrive,ac1aeafae1128a99d8a112adc1f7650fb488d8ac,ac1aeafae1,fix(landing):Fixed the style of the mobile navigation bar menu bar (#1869),bugfix,Unknown,Lemming,2023-12-07 04:38:03+00:00,4,3,0,1,2,2,1,0,0,0.0,1,keyword_strict,TypeScript,2021-2023,0.4,,0.67,0.0,0.0,0
spacedriveapp/spacedrive,d82717f52e3ca25cd891b2e3a29642bf5d2847d2,d82717f52e,[ENG-1493] Fix navigation buttons with @remix-run/router patch (#1871)  * patch @remix-run/router  * add replace to a bunch of redirects  * updates + lockfile,bugfix,Unknown,Brendan Allan,2023-12-07 08:10:38+00:00,8,3,0,0,23,14,10,0,5,2.8,1,keyword_strict,TypeScript,2021-2023,0.4,,1.53,0.0,0.25,9
spacedriveapp/spacedrive,9aed135c6cf309b8c931ca46b896d3119f6a301a,9aed135c6c,Only handle idle history events (#1872)  only handle idle history events,other,Unknown,Brendan Allan,2023-12-07 09:10:21+00:00,9,3,0,0,3,0,1,0,3,1.33,0,clean,TypeScript,2021-2023,1.0,,3.0,0.0,0.66,10
spacedriveapp/spacedrive,5a57f40ab2581c64febd40dc7bdf8daa6fea8071,5a57f40ab2,[ENG-1496] Add location checkbox  (#1873)  Update AddLocationDialog.tsx,feature,Unknown,ameer2468,2023-12-07 09:57:14+00:00,9,3,0,0,25,5,1,0,0,0.0,0,clean,TypeScript,2021-2023,1.0,,4.17,0.0,0.0,15
spacedriveapp/spacedrive,191ca503aa33e2b9a0ff54c6d296a54aa48730d4,191ca503aa,Unify sidebar styling (#1874)  * consisten top of sidebar padding  * only show navigation buttons in tauri  * ignore non-idle router events on web,feature,Unknown,Brendan Allan,2023-12-07 09:58:25+00:00,9,3,0,0,32,32,5,0,6,3.67,0,clean,TypeScript,2021-2023,1.0,,0.97,0.0,0.61,10
spacedriveapp/spacedrive,f82186e17402ed9c0222925b345da2ff7e1c07eb,f82186e174,Upgrade tracing (#1870)  * Upgrade tracing Thank the lord it's finally here  * Fix excessive logs from mdns_sd & prisma  * fix excessive logs again,bugfix,Rust,Oscar Beaumont,2023-12-07 10:22:26+00:00,10,3,0,0,35,48,5,0,1,4.0,1,keyword_strict,TypeScript,2021-2023,0.4,,0.71,0.0,0.67,12
FlowiseAI/Flowise,b492153f8a6f4ec642e5c0efabb38a80908171a2,b492153f8a,GPT Vision: Storing filenames only in chat message,other,TypeScript,vinodkiran,2023-12-07 14:26:17+05:30,14,3,0,0,57,36,3,0,10,12.0,0,clean,TypeScript,2021-2023,1.0,,1.54,0.0,3.0,0
FlowiseAI/Flowise,e67c43157a53cc208776431c1fad829f5170d9fd,e67c43157a,XSS: Simplified by adding XSS middleware,feature,TypeScript,vinodkiran,2023-12-07 16:06:32+05:30,16,3,0,0,139,289,3,0,3,3.0,0,clean,TypeScript,2021-2023,1.0,,0.48,0.0,0.75,0
FlowiseAI/Flowise,7578183ac25e74518e07f06a61b3eec8609ac2ed,7578183ac2,add custom analytics,feature,TypeScript,Henry,2023-12-07 18:46:03+00:00,18,3,0,0,522,4,4,0,15,12.47,0,clean,TypeScript,2021-2023,1.0,,104.4,0.0,2.49,0
FlowiseAI/Flowise,68fbe0ea12c89632fa50fc1f58c80e352edc0dc8,68fbe0ea12,GPT Vision: Vision Chain Node update along with addition of chatid folder on the server side when saving messages.,feature,TypeScript,vinodkiran,2023-12-07 22:32:07+05:30,22,3,0,1,112,42,4,0,13,10.23,0,clean,TypeScript,2021-2023,1.0,,2.6,0.0,2.05,0
FlowiseAI/Flowise,c9a7ee2ad4c1d23471b926babf848e18c22d7f1b,c9a7ee2ad4,update hyde retriever,other,TypeScript,Henry,2023-12-07 23:17:27+00:00,23,3,0,1,36,11,1,0,1,1.0,0,clean,TypeScript,2021-2023,1.0,,3.0,0.0,0.5,0
FlowiseAI/Flowise,da2fe78e4491a3d611266325ba9b2b2e06c1b732,da2fe78e44,Update handler.ts,other,TypeScript,Henry Heng,2023-12-08 12:09:29+00:00,12,4,0,0,1,1,1,0,0,0.0,0,clean,TypeScript,2021-2023,1.0,,0.5,0.0,0.0,0
FlowiseAI/Flowise,b91cf551288016855407c5f22ac9cc1027e0f855,b91cf55128,🥳 flowise-components@1.4.6 release,other,Unknown,Henry,2023-12-08 14:14:22+00:00,14,4,0,0,1,1,1,0,0,0.0,0,clean,TypeScript,2021-2023,1.0,,0.5,0.0,0.0,0
FlowiseAI/Flowise,1e5a37ad0f673d1ee8e2ed2d13b3b5711b86578f,1e5a37ad0f,🥳 flowise-ui@1.4.2 release,other,Unknown,Henry,2023-12-08 14:16:04+00:00,14,4,0,0,1,1,1,0,0,0.0,0,clean,TypeScript,2021-2023,1.0,,0.5,0.0,0.0,0
FlowiseAI/Flowise,a0c2b8b26a3721fff503aa17a210cb298ffee1fb,a0c2b8b26a,🥳 flowise@1.4.4 release,other,Unknown,Henry,2023-12-08 14:19:57+00:00,14,4,0,0,2,2,2,0,0,0.0,0,clean,TypeScript,2021-2023,1.0,,0.67,0.0,0.0,0
FlowiseAI/Flowise,32575828cdf49b976480912b50d9391477e7bed1,32575828cd,GPT Vision: Converting vision into Multi Modal. Base Changes.,other,TypeScript,vinodkiran,2023-12-08 17:21:53+05:30,17,4,0,0,127,43,9,0,11,4.82,0,clean,TypeScript,2021-2023,1.0,,2.89,0.0,0.48,0
FlowiseAI/Flowise,99bc9d64fbd79aacfd2d488ace0044dcb61fb391,99bc9d64fb,XSS: replacing deprecated sanitize-js with sanitize-html,other,TypeScript,vinodkiran,2023-12-08 18:50:58+05:30,18,4,0,0,6,4,2,0,1,2.0,0,clean,TypeScript,2021-2023,1.0,,1.2,0.0,0.67,0
FlowiseAI/Flowise,d2d21c45fe36128a0d299f2eb349c93520902c45,d2d21c45fe,fix upser vector API,bugfix,TypeScript,Henry,2023-12-08 18:51:40+00:00,18,4,0,0,15,7,3,0,5,12.6,0,clean,TypeScript,2021-2023,1.0,,1.88,0.0,3.15,0
FlowiseAI/Flowise,9a5d5720f9fa67f6f90d0cb5b482967a61d1d16f,9a5d5720f9,get rid of credential for langchain hub,other,JavaScript,Henry,2023-12-09 13:49:53+00:00,13,5,1,0,140,190,3,0,10,3.6,0,clean,TypeScript,2021-2023,1.0,,0.73,0.0,0.9,0
FlowiseAI/Flowise,c06c25b0af75c6a94c7a22bfac8992470d529039,c06c25b0af,add sanitize html types,feature,TypeScript,Henry,2023-12-09 14:12:30+00:00,14,5,1,0,3,2,2,0,1,2.0,0,clean,TypeScript,2021-2023,1.0,,1.0,0.0,0.67,0
FlowiseAI/Flowise,c26e37a923b39a07ac81b2da23409b8efbc8c85c,c26e37a923,🥳 flowise-ui@1.4.3 release,other,Unknown,Henry,2023-12-09 14:44:01+00:00,14,5,1,0,1,1,1,0,0,0.0,0,clean,TypeScript,2021-2023,1.0,,0.5,0.0,0.0,0
FlowiseAI/Flowise,bac91eed00bd6a97567c245798818f93b681a152,bac91eed00,🥳 flowise@1.4.5 release,other,Unknown,Henry,2023-12-09 14:44:53+00:00,14,5,1,0,2,2,2,0,0,0.0,0,clean,TypeScript,2021-2023,1.0,,0.67,0.0,0.0,0
FlowiseAI/Flowise,1b308a8b54d02c37efb20dd2071a39be0e704216,1b308a8b54,making the chain multi-modal. now we accept audio and image uploads and can run inference,other,TypeScript,vinodkiran,2023-12-09 22:07:16+05:30,22,5,1,1,96,38,4,0,12,5.58,0,clean,TypeScript,2021-2023,1.0,,2.46,0.0,1.12,0
FlowiseAI/Flowise,1d1bd4f5562a34f91ca0bb390ee08f4337e420cb,1d1bd4f556,Environment Variables: Dashboard along with CRUD Operations on variables.,other,TypeScript,vinodkiran,2023-12-10 22:38:18+05:30,22,6,1,1,742,6,15,0,32,2.0,0,clean,TypeScript,2021-2023,1.0,,106.0,0.0,0.12,0
FlowiseAI/Flowise,0bf5536095a31c8493e13e30e371258232052d58,0bf5536095,Environment Variables: injection of variables into the custom script,other,TypeScript,vinodkiran,2023-12-10 22:39:06+05:30,22,6,1,1,3,2,2,0,1,6.0,0,clean,TypeScript,2021-2023,1.0,,1.0,0.0,2.0,0
spacedriveapp/spacedrive,0a41e7f24cfd467b7bb5f706b014eb8674960682,0a41e7f24c,"[ENG-1497] Save search enter key support, no duplicate queries (#1884)  prevent duplicate queries, submit pressing enter on save search",other,Unknown,ameer2468,2023-12-11 12:29:08+00:00,12,0,0,0,34,30,3,0,7,1.57,0,clean,TypeScript,2021-2023,1.0,,1.1,0.0,0.39,15
spacedriveapp/spacedrive,b76bad0b1f95328dc324f6bc5213420249c25bfb,b76bad0b1f,Better file thumb handling (#1883)  * handle file thumb error and types better  * Update Thumb.tsx,other,Unknown,Brendan Allan,2023-12-11 12:32:38+00:00,12,0,0,0,30,29,1,0,6,4.0,0,clean,TypeScript,2021-2023,1.0,,1.0,0.0,2.0,10
FlowiseAI/Flowise,f51c1d5b7a53cd877b000786d221298ed1766187,f51c1d5b7a,check for array query parameter,other,TypeScript,Henry,2023-12-11 20:35:30+00:00,20,0,0,0,9,2,1,0,1,4.0,0,clean,TypeScript,2021-2023,1.0,,3.0,0.0,2.0,0
spacedriveapp/spacedrive,8feaa85e6d5f529819adef57547cea12126a76e5,8feaa85e6d,[ENG-1495] Pull new instance data when receiving cloud sync operations (#1882)  * add sd-cloud-api  * consume sd-cloud-api & leave instance writing to receiving  * module-ise api crate  * put back log,feature,Rust,Brendan Allan,2023-12-12 07:47:21+00:00,7,1,0,0,354,239,20,0,24,2.88,0,clean,TypeScript,2021-2023,1.0,,1.48,0.0,0.14,10
FlowiseAI/Flowise,bfa870e56b0371e661ef5d980ded8140b78de42a,bfa870e56b,Environment Variables: injection of variables ($env) into the custom tool and addition of ($flow) object,feature,TypeScript,vinodkiran,2023-12-12 12:19:35+05:30,12,1,0,0,69,12,5,0,9,4.89,0,clean,TypeScript,2021-2023,1.0,,5.31,0.0,0.82,0
FlowiseAI/Flowise,8e1ef2d5337f8140e8789830b7c5844ee854cc24,8e1ef2d533,fix sanitized &amp,bugfix,TypeScript,Henry,2023-12-12 12:44:42+00:00,12,1,0,0,2,2,1,0,2,5.0,0,clean,TypeScript,2021-2023,1.0,,0.67,0.0,2.5,0
FlowiseAI/Flowise,947ab9dae656a472a3cba0f470409a86926009dc,947ab9dae6,Environment Variables: handling of environment variables in user input,other,TypeScript,vinodkiran,2023-12-12 14:15:41+05:30,14,1,0,0,32,1,2,0,2,29.0,0,clean,TypeScript,2021-2023,1.0,,16.0,0.0,9.67,0
FlowiseAI/Flowise,c2e97b54acfa741f091881287e744a38b713c522,c2e97b54ac,Environment Variables: Validations and minor fixes,bugfix,JavaScript,vinodkiran,2023-12-12 16:19:52+05:30,16,1,0,0,43,32,3,0,10,4.0,0,clean,TypeScript,2021-2023,1.0,,1.3,0.0,1.0,0
FlowiseAI/Flowise,790c7eabeb7d218639700ce265abda081f7cf813,790c7eabeb,Environment Variables: Validations and minor fixes,bugfix,JavaScript,vinodkiran,2023-12-12 16:20:32+05:30,16,1,0,0,0,1,1,0,0,0.0,0,clean,TypeScript,2021-2023,1.0,,0.0,0.0,0.0,0
spacedriveapp/spacedrive,a6d0de003f19f9532928cfc1d9d0efc062778998,a6d0de003f,Mobile design changes (#1886)  * bump sdk version  * move drawer  * black & blur is the way  * bottom tab height  * fix tests and cache,bugfix,TypeScript,Utku,2023-12-12 22:14:59+00:00,22,1,0,1,201,336,32,1,49,2.12,1,keyword_strict,TypeScript,2021-2023,0.4,,0.6,0.03,0.06,7
FlowiseAI/Flowise,ef3f1b34b149edb2064bc862abf6397522738cc1,ef3f1b34b1,Environment Variables: renaming overrideConfig node to envVars,other,TypeScript,vinodkiran,2023-12-12 22:22:25+05:30,22,1,0,1,4,8,2,0,2,30.0,0,clean,TypeScript,2021-2023,1.0,,0.44,0.0,10.0,0
FlowiseAI/Flowise,2110e1146b5d7ca024411f5ec26be3dcee540972,2110e1146b,add a public endpoint to retrieve chatbotconfig,feature,TypeScript,Henry,2023-12-12 23:14:52+00:00,23,1,0,1,18,0,1,0,2,4.5,0,clean,TypeScript,2021-2023,1.0,,18.0,0.0,2.25,0
FlowiseAI/Flowise,a504e4b38f72345d5be9c4f527f7f959eaa9d292,a504e4b38f,"Add windowSize input to avoid ""token exceeded error""",feature,TypeScript,kzhang,2023-12-12 23:46:15-06:00,23,1,0,1,10,1,1,0,3,5.0,0,clean,TypeScript,2021-2023,1.0,,5.0,0.0,2.5,0
spacedriveapp/spacedrive,f83249dc091886ee77e6c4aafb8b0aaf491c4b0e,f83249dc09,Fix image originals in quick preivew (#1889)  * render original images  * separate original component + error boundary  * types,bugfix,TypeScript,Brendan Allan,2023-12-13 10:20:02+00:00,10,2,0,0,392,311,5,0,10,4.9,1,keyword_strict,TypeScript,2021-2023,0.4,,1.26,0.0,0.82,10
FlowiseAI/Flowise,8f4dd8b50926842d6efc4b9600f4a52ef7892de2,8f4dd8b509,Fix wrong elasti client setup when use custom URL,bugfix,TypeScript,tirongi,2023-12-13 10:47:39+01:00,10,2,0,0,20,7,1,0,1,4.0,0,clean,TypeScript,2021-2023,1.0,,2.5,0.0,2.0,0
FlowiseAI/Flowise,1bd1fd58280c2a524baea346ab9e21e817484033,1bd1fd5828,MultiModal: Minor adjustments to layout and categorization of node,other,TypeScript,vinodkiran,2023-12-13 10:47:45+05:30,10,2,0,0,58,31,4,0,6,13.83,0,clean,TypeScript,2021-2023,1.0,,1.81,0.0,2.77,0
spacedriveapp/spacedrive,afeeb32ea9df3c48d39f3e08b5a874615afe47ba,afeeb32ea9,[ENG-1353] explorer dnd (#1737)  * locations dnd  * fix icon  * reduce navigate timeout  * fix types  * another  * fix drag overlay count  * Update pnpm-lock.yaml  * merge  * ephemeral support and oth,bugfix,TypeScript,nikec,2023-12-13 11:59:27+00:00,11,2,0,0,2767,1779,68,0,144,6.03,1,keyword_strict,TypeScript,2021-2023,0.4,,1.55,0.0,0.09,8
FlowiseAI/Flowise,d214ddfe5bb985d508b6a209d56fd88a9ca6fc15,d214ddfe5b,Initial Icon Tests,test,TypeScript,abhishekshankr,2023-12-13 12:45:00-05:00,12,2,0,0,43,11,9,0,4,1.0,0,clean,TypeScript,2021-2023,1.0,,3.58,0.0,0.1,0
FlowiseAI/Flowise,966a7dc861bbe3ff02bfd0e4b1dc94b961dc9182,966a7dc861,Added additional test icons,feature,TypeScript,abhishekshankr,2023-12-13 12:52:27-05:00,12,2,0,0,4,7,2,0,1,1.0,0,clean,TypeScript,2021-2023,1.0,,0.5,0.0,0.33,0
spacedriveapp/spacedrive,ccc18fc43e312346e9b99848f403ce8569acde9f,ccc18fc43e,[ENG-1505] fix windows explorer path (#1891)  fix windows explorer path,bugfix,Unknown,nikec,2023-12-13 17:48:33+00:00,17,2,0,0,23,12,1,0,1,9.0,1,keyword_strict,TypeScript,2021-2023,0.4,,1.77,0.0,4.5,9
spacedriveapp/spacedrive,27f196c947557193af48cafa8232ff617eff7dec,27f196c947,Basic actor manager (#1888)  * basic declared actor manager  * put actors in separate file  * clippy  * hopefully clean up some clippy warnings  ---------  Co-authored-by: jake <77554505+brxken128@use,refactor,Rust,Brendan Allan,2023-12-13 17:49:22+00:00,17,2,0,0,402,151,25,0,35,3.71,0,clean,TypeScript,2021-2023,1.0,,2.64,0.0,0.14,11
FlowiseAI/Flowise,871dea249cdaa2ce2dcaf1e48577c03de5ff8471,871dea249c,Added boolean flag which enables ssl connection for redis nodes.  This is needed for example connecting to the azure redis sever.,feature,TypeScript,tuxBurner,2023-12-13 18:47:25+01:00,18,2,0,0,20,3,4,0,4,7.5,0,clean,TypeScript,2021-2023,1.0,,5.0,0.0,1.5,0
FlowiseAI/Flowise,c609c63f44f61267ba97dba8a8924f4692320681,c609c63f44,MultiModal: start integration of audio input (live recording) for MultiModal.,other,JavaScript,vinodkiran,2023-12-13 22:10:00+05:30,22,2,0,1,1232,16,3,0,48,2.31,0,clean,TypeScript,2021-2023,1.0,,72.47,0.0,0.58,0
FlowiseAI/Flowise,a2404afc41c7dcbbfbf3e3a13a94d5ccb02212f9,a2404afc41,#1385 fixed linting,bugfix,TypeScript,tuxBurner,2023-12-14 10:43:50+01:00,10,3,0,0,3,3,3,0,3,9.67,0,clean,TypeScript,2021-2023,1.0,,0.75,0.0,2.42,0
spacedriveapp/spacedrive,f6274aea30a0354ac6f16b211438cbe9488102ca,f6274aea30,[ENG-1503] Close search bar when navigating into folder (#1890)  * track search state differently and key location explorer to path  * Update ViewItem.tsx  * remove useless memoisation,other,TypeScript,Brendan Allan,2023-12-14 19:30:42+00:00,19,3,0,0,165,90,7,0,17,4.65,0,clean,TypeScript,2021-2023,1.0,,1.81,0.0,0.58,11
FlowiseAI/Flowise,826de70c6c73560b88dce0d7c070fc0947280aeb,826de70c6c,MultiModal: addition of live recording...,feature,JavaScript,vinodkiran,2023-12-15 13:21:10+05:30,13,4,0,0,118,631,3,0,50,1.92,0,clean,TypeScript,2021-2023,1.0,,0.19,0.0,0.48,0
FlowiseAI/Flowise,87233a0e365e7949b8d58aff270768f37ebf1f2d,87233a0e36,Update GoogleGenerativeAIEmbedding.ts,other,TypeScript,Henry Heng,2023-12-15 16:59:08+00:00,16,4,0,0,0,1,1,0,0,0.0,0,clean,TypeScript,2021-2023,1.0,,0.0,0.0,0.0,0
FlowiseAI/Flowise,911b4fe7fb77c9cfbf34d4929358c34a847e435c,911b4fe7fb,"add new utilties - customfunction, setter/getter, replace code editor",feature,JavaScript,Henry,2023-12-15 17:15:00+00:00,17,4,0,0,543,710,22,0,27,4.74,1,szz,TypeScript,2021-2023,0.062,5991.0,0.76,0.0,0.21,0
FlowiseAI/Flowise,6e4822c3bb9d4062528817dc157f69e86bebeda2,6e4822c3bb,update bedrock,other,TypeScript,Henry,2023-12-15 17:49:29+00:00,17,4,0,0,39,11,3,0,6,4.67,0,clean,TypeScript,2021-2023,1.0,,3.25,0.0,1.17,1
FlowiseAI/Flowise,05db5333968012abb18ea9e41c825c1e23b3f93f,05db533396,add mistral,feature,TypeScript,Henry,2023-12-15 18:59:11+00:00,18,4,0,0,276,3,9,0,8,4.38,0,clean,TypeScript,2021-2023,1.0,,69.0,0.0,0.44,1
FlowiseAI/Flowise,e7f13c87d8b76909b31234447802aa7061b09038,e7f13c87d8,"Addition of Google Gemini Chat Model, Credential and Associated Embeddings",feature,TypeScript,vinodkiran,2023-12-15 20:58:08+05:30,20,4,0,0,239,0,6,0,5,3.6,0,clean,TypeScript,2021-2023,1.0,,239.0,0.0,0.51,0
FlowiseAI/Flowise,f475732e6ba1aa5e78d6b352519e86cca5f13a08,f475732e6b,Support for Google Gemini Models: Minor fixes,bugfix,TypeScript,vinodkiran,2023-12-15 22:20:51+05:30,22,4,0,1,5,5,2,0,3,3.0,0,clean,TypeScript,2021-2023,1.0,,0.83,0.0,1.0,0
FlowiseAI/Flowise,5a66d238699212e1a759aa7d86261fbb8f065aeb,5a66d23869,Update package.json,other,Unknown,Henry Heng,2023-12-15 23:53:47+00:00,23,4,0,1,1,1,1,0,0,0.0,0,clean,TypeScript,2021-2023,1.0,,0.5,0.0,0.0,0
FlowiseAI/Flowise,0707072a3e389dbeddf42a2a339ed40eb58fe6ca,0707072a3e,Update ChatMistral.ts,other,TypeScript,Henry Heng,2023-12-15 23:54:39+00:00,23,4,0,1,1,1,1,0,1,10.0,0,clean,TypeScript,2021-2023,1.0,,0.5,0.0,5.0,0
FlowiseAI/Flowise,e8af8b007a8f8b06d5014f59f2bacd0bf6376414,e8af8b007a,add marketplace template,feature,TypeScript,Henry,2023-12-17 18:58:37+00:00,18,6,1,0,1242,3,3,0,2,4.5,0,clean,TypeScript,2021-2023,1.0,,310.5,0.0,1.12,1
FlowiseAI/Flowise,b5dd970460d46741600e12c2daa9fb817bb21eff,b5dd970460,Update ChatMistral.ts,other,TypeScript,Henry Heng,2023-12-17 19:04:01+00:00,19,6,1,0,0,1,1,0,1,10.0,0,clean,TypeScript,2021-2023,1.0,,0.0,0.0,5.0,0
FlowiseAI/Flowise,5917a9af515c6376070071321b6ba09579ecd5b9,5917a9af51,Updated Agent Icons,other,TypeScript,abhishekshankr,2023-12-18 03:09:35-05:00,3,0,0,1,74,54,14,0,4,1.0,0,clean,TypeScript,2021-2023,1.0,,1.35,0.0,0.07,0
FlowiseAI/Flowise,47eea06895c63c39ed304203d4fd51dbf7bd7372,47eea06895,Removed Existing Icons,other,Unknown,abhishekshankr,2023-12-18 03:10:04-05:00,3,0,0,1,0,0,5,0,0,0.0,0,clean,TypeScript,2021-2023,1.0,,0.0,0.0,0.0,0
FlowiseAI/Flowise,64c63c61c2bd923a045f25260c953a23107b45e3,64c63c61c2,Updated Analytics Icons,other,TypeScript,abhishekshankr,2023-12-18 03:10:46-05:00,3,0,0,1,15,2,4,0,2,1.0,0,clean,TypeScript,2021-2023,1.0,,5.0,0.0,0.2,0
FlowiseAI/Flowise,538b30027976fa58cfe93dc3b8265bbb2e49b5b8,538b300279,Removed Existing Analytics Icons,other,Unknown,abhishekshankr,2023-12-18 03:11:34-05:00,3,0,0,1,0,0,2,0,0,0.0,0,clean,TypeScript,2021-2023,1.0,,0.0,0.0,0.0,0
FlowiseAI/Flowise,6402bac0796e36dd68e79f1a52d913b246faa214,6402bac079,Updated Cache Icons,other,TypeScript,abhishekshankr,2023-12-18 03:12:10-05:00,3,0,0,1,45,5,9,0,4,1.0,0,clean,TypeScript,2021-2023,1.0,,7.5,0.0,0.1,0
FlowiseAI/Flowise,9c3d193432c1427e4d87ecf963babdce85aec006,9c3d193432,Removed existing cache icons,other,Unknown,abhishekshankr,2023-12-18 03:12:38-05:00,3,0,0,1,0,0,2,0,0,0.0,0,clean,TypeScript,2021-2023,1.0,,0.0,0.0,0.0,0
FlowiseAI/Flowise,557bdb0ef79fdab8ac75f7894e82143af1a0f22c,557bdb0ef7,Update Chain Icons,other,TypeScript,abhishekshankr,2023-12-18 03:19:43-05:00,3,0,0,1,82,19,18,0,7,1.0,0,clean,TypeScript,2021-2023,1.0,,4.1,0.0,0.05,0
FlowiseAI/Flowise,ffa964df16ec701efe6893c2c3607339af6ed340,ffa964df16,Removed existing icons,other,Unknown,abhishekshankr,2023-12-18 03:20:01-05:00,3,0,0,1,0,34,7,0,0,0.0,0,clean,TypeScript,2021-2023,1.0,,0.0,0.0,0.0,0
FlowiseAI/Flowise,33cda28e2d7c719ed9f1a9af3a7b76cb5e48ae34,33cda28e2d,Updated chatmodel icons,other,TypeScript,abhishekshankr,2023-12-18 03:22:36-05:00,3,0,0,1,14,3,6,0,3,1.0,0,clean,TypeScript,2021-2023,1.0,,3.5,0.0,0.14,0
FlowiseAI/Flowise,033df260a503744b8ebbfe3eebcdc30ea4c794e2,033df260a5,removed existing chatmodel icons,other,Unknown,abhishekshankr,2023-12-18 03:22:51-05:00,3,0,0,1,0,0,3,0,0,0.0,0,clean,TypeScript,2021-2023,1.0,,0.0,0.0,0.0,0
FlowiseAI/Flowise,4b8ebd494a3bb448831a59315948753b1c33ab9c,4b8ebd494a,Updated chain icons,other,TypeScript,abhishekshankr,2023-12-18 03:27:10-05:00,3,0,0,1,2,11,4,0,2,1.0,0,clean,TypeScript,2021-2023,1.0,,0.17,0.0,0.2,0
FlowiseAI/Flowise,c079781d184f3cadde85b0886f6dca57a7e22114,c079781d18,Updated embeddings and llm icons,other,TypeScript,abhishekshankr,2023-12-18 03:30:07-05:00,3,0,0,1,24,5,15,0,5,1.0,0,clean,TypeScript,2021-2023,1.0,,4.0,0.0,0.06,0
FlowiseAI/Flowise,739b8f08be38d8313bf93e3ce712c636253427cc,739b8f08be,Updated moderation icons,other,TypeScript,abhishekshankr,2023-12-18 03:33:53-05:00,3,0,0,1,9,2,6,0,2,1.0,0,clean,TypeScript,2021-2023,1.0,,3.0,0.0,0.14,0
FlowiseAI/Flowise,5847f2546419efcf534e9ff4d8ded89bdaf5bc35,5847f25464,updated memory and out parser icons,other,TypeScript,abhishekshankr,2023-12-18 03:42:06-05:00,3,0,0,1,109,57,17,0,4,1.25,0,clean,TypeScript,2021-2023,1.0,,1.88,0.0,0.07,0
FlowiseAI/Flowise,2b00acfbea7c483a798bd69b9e6b3ad7e1b2b694,2b00acfbea,Updated vector store icons,other,Unknown,abhishekshankr,2023-12-18 03:51:08-05:00,3,0,0,1,25,7,3,0,0,0.0,0,clean,TypeScript,2021-2023,1.0,,3.12,0.0,0.0,0
FlowiseAI/Flowise,6e68df0d274d57111a7ff47cee23ef24e0f5d9db,6e68df0d27,Update icons,other,Unknown,abhishekshankr,2023-12-18 03:51:21-05:00,3,0,0,1,64,90,13,0,0,0.0,0,clean,TypeScript,2021-2023,1.0,,0.7,0.0,0.0,0
FlowiseAI/Flowise,37030b9acec9230063751cf1bfe1f138445fe0af,37030b9ace,Updated tools and utilities icons,other,TypeScript,abhishekshankr,2023-12-18 04:05:51-05:00,4,0,0,1,127,77,26,0,4,1.0,0,clean,TypeScript,2021-2023,1.0,,1.63,0.0,0.04,0
FlowiseAI/Flowise,886e0af59b74700a9e33a7db76c98e3a5b2da2ec,886e0af59b,Updated document loader icons,docs,TypeScript,abhishekshankr,2023-12-18 04:22:10-05:00,4,0,0,1,157,113,36,0,6,1.0,0,clean,TypeScript,2021-2023,1.0,,1.38,0.0,0.03,0
FlowiseAI/Flowise,c6842e1cb8be220d00a866356ba39ec5c34ce508,c6842e1cb8,Updated icons,other,TypeScript,abhishekshankr,2023-12-18 12:13:22-05:00,12,0,0,0,65,12,24,0,10,1.0,0,clean,TypeScript,2021-2023,1.0,,5.0,0.0,0.04,0
FlowiseAI/Flowise,9c7f981933b260376d3ffb4a58e1bf91172c12b2,9c7f981933,🥳 flowise@1.4.6 release,other,Unknown,Henry,2023-12-18 12:24:56+00:00,12,0,0,0,2,2,2,0,0,0.0,0,clean,TypeScript,2021-2023,1.0,,0.67,0.0,0.0,1
FlowiseAI/Flowise,42ed616f2d688bb99cd656623f5a1a917b13032a,42ed616f2d,🥳 flowise-components@1.4.7 release,other,Unknown,Henry,2023-12-18 12:25:43+00:00,12,0,0,0,1,1,1,0,0,0.0,0,clean,TypeScript,2021-2023,1.0,,0.5,0.0,0.0,1
FlowiseAI/Flowise,a1fb5b8ef6a4c4cbc0694bcfa49924f7a067e5ff,a1fb5b8ef6,🥳 flowise-ui@1.4.4 release,other,Unknown,Henry,2023-12-18 12:26:09+00:00,12,0,0,0,1,1,1,0,0,0.0,0,clean,TypeScript,2021-2023,1.0,,0.5,0.0,0.0,1
FlowiseAI/Flowise,bd60ae1eddb9556cffc38209ccc56cd183174cca,bd60ae1edd,Updated Icons,other,TypeScript,abhishekshankr,2023-12-18 12:37:49-05:00,12,0,0,0,23,12,5,0,2,1.0,0,clean,TypeScript,2021-2023,1.0,,1.77,0.0,0.17,0
FlowiseAI/Flowise,bc459df0677b844e23692f085c2b1e774e2c535b,bc459df067,Updated icons,other,TypeScript,abhishekshankr,2023-12-18 12:52:27-05:00,12,0,0,0,18,19,6,0,3,1.0,0,clean,TypeScript,2021-2023,1.0,,0.9,0.0,0.14,0
FlowiseAI/Flowise,7d0935cf3f05b22632a96012fa9ee12d7b37d45c,7d0935cf3f,Updated Zep Icons,other,TypeScript,abhishekshankr,2023-12-18 14:17:08-05:00,14,0,0,0,45,7,8,0,7,1.43,0,clean,TypeScript,2021-2023,1.0,,5.62,0.0,0.16,0
FlowiseAI/Flowise,7952ef8df5976d7474d6755326b58e8a551e85d9,7952ef8df5,fix bedrock model empty bug,bugfix,TypeScript,Henry,2023-12-19 01:31:09+00:00,1,1,0,1,3,3,3,0,3,7.33,0,clean,TypeScript,2021-2023,1.0,,0.75,0.0,1.83,1
FlowiseAI/Flowise,9840a2df7e2cbafc794e410f09c50102484e90be,9840a2df7e,🥳 flowise-components@1.4.8 bug fix release,bugfix,Unknown,Henry,2023-12-19 01:38:59+00:00,1,1,0,1,1,1,1,0,0,0.0,0,clean,TypeScript,2021-2023,1.0,,0.5,0.0,0.0,1
spacedriveapp/spacedrive,8af3a5f2862f0b6cbff88f6a9517689e5fe79aba,8af3a5f286,[ENG-1479] AI Prototype (#1845)  * First draft on image labeling  * Fixing execution providers for other OSs  * Better error handling and shutdown  * Working with shallow media processor  * bruh  * Fi,bugfix,Rust,"Ericson ""Fogo"" Soares",2023-12-19 09:28:57+00:00,9,1,0,0,3547,1093,181,0,107,6.17,1,keyword_strict,TypeScript,2021-2023,0.4,,3.24,0.0,0.03,5
FlowiseAI/Flowise,0e8f3ea572d581718187fe7223d46e5c53f80c98,0e8f3ea572,add if else node and logic,feature,JavaScript,Henry,2023-12-19 17:48:45+00:00,17,1,0,0,2085,143,11,0,20,11.1,0,clean,TypeScript,2021-2023,1.0,,14.48,0.0,0.92,1
FlowiseAI/Flowise,0842937e16d222a996bfa71b95ccfdf0ebae5c44,0842937e16,Updated Langfuse and LLMonitor logos,other,JavaScript,abhishekshankr,2023-12-19 17:52:22-05:00,17,1,0,0,16,4,3,0,0,0.0,0,clean,TypeScript,2021-2023,1.0,,3.2,0.0,0.0,0
FlowiseAI/Flowise,4ce79acdf63faa3a2f97f5172ab8def5b51184e3,4ce79acdf6,Update OpenAI Icons,other,Unknown,abhishekshankr,2023-12-19 17:52:50-05:00,17,1,0,0,54,14,8,0,0,0.0,0,clean,TypeScript,2021-2023,1.0,,3.6,0.0,0.0,0
FlowiseAI/Flowise,f5536377d5b77dcc1dcd69687fe13407d66ee2f9,f5536377d5,Update Icons,other,Unknown,abhishekshankr,2023-12-19 17:53:05-05:00,17,1,0,0,4,4,2,0,0,0.0,0,clean,TypeScript,2021-2023,1.0,,0.8,0.0,0.0,0
FlowiseAI/Flowise,5917256e5762d5fecbdff3ca931b30f03e9c0d94,5917256e57,add fix to avoid running duplicated nodes when vector upsert,bugfix,TypeScript,Henry,2023-12-19 23:48:18+00:00,23,1,0,1,120,29,4,0,8,23.62,0,clean,TypeScript,2021-2023,1.0,,4.0,0.0,4.72,1
FlowiseAI/Flowise,46571c796f652000ac4a7d851cef4420ad872735,46571c796f,Update index.ts,other,TypeScript,Henry Heng,2023-12-20 01:16:15+00:00,1,2,0,1,2,0,1,0,1,24.0,0,clean,TypeScript,2021-2023,1.0,,2.0,0.0,12.0,0
spacedriveapp/spacedrive,572d589808012e970430dce2744b4bd3cf496709,572d589808,Building dependencies with optimization on dev builds (#1902)  Update Cargo.toml,other,Unknown,"Ericson ""Fogo"" Soares",2023-12-20 02:16:05+00:00,2,2,0,1,9,0,1,0,0,0.0,0,clean,TypeScript,2021-2023,1.0,,9.0,0.0,0.0,6
spacedriveapp/spacedrive,6e00d17449eba0d5e95bb09a2a5f5c95cf84c1af,6e00d17449,Fix `pnpm prep` on Linux (#1904)  * Fix pnpm-prep on linux  * update archive-wasm to 1.6.1,bugfix,Unknown,Vítor Vasconcellos,2023-12-20 09:12:49+00:00,9,2,0,0,2,2,2,0,0,0.0,1,keyword_strict,TypeScript,2021-2023,0.4,,0.67,0.0,0.0,11
FlowiseAI/Flowise,9a312d8923732c7560299d2f6077bec6cd78d5b1,9a312d8923,🥳 flowise@1.4.7 release,other,Unknown,Henry,2023-12-20 16:51:07+00:00,16,2,0,0,2,2,2,0,0,0.0,0,clean,TypeScript,2021-2023,1.0,,0.67,0.0,0.0,1
FlowiseAI/Flowise,c6a82156c12ac276418adbacd39581e5fd732f82,c6a82156c1,🥳 flowise-ui@1.4.5 release,other,Unknown,Henry,2023-12-20 16:51:46+00:00,16,2,0,0,1,1,1,0,0,0.0,0,clean,TypeScript,2021-2023,1.0,,0.5,0.0,0.0,1
FlowiseAI/Flowise,250465497b8d46fccf7533dfdadf7c62f6996581,250465497b,🥳 flowise-components@1.4.9,other,Unknown,Henry,2023-12-20 18:45:58+00:00,18,2,0,0,1,1,1,0,0,0.0,0,clean,TypeScript,2021-2023,1.0,,0.5,0.0,0.0,1
FlowiseAI/Flowise,8c694e79875eba88cdc58a5a885883fc915932cd,8c694e7987,change encryption key path,other,TypeScript,Henry,2023-12-20 21:28:22+00:00,21,2,0,0,2,11,2,0,2,8.0,0,clean,TypeScript,2021-2023,1.0,,0.17,0.0,2.67,1
FlowiseAI/Flowise,48b17fc78554c02a7ab0ea3f0edaa8578d8441bf,48b17fc785,pass sessionId to custom tool,other,TypeScript,Henry,2023-12-20 23:59:04+00:00,23,2,0,1,464,51,5,0,21,6.29,0,clean,TypeScript,2021-2023,1.0,,8.92,0.0,1.05,1
FlowiseAI/Flowise,aac0546a7f1ad824beeaf392c50ce3993aae96db,aac0546a7f,update all memory nodes,other,TypeScript,Henry,2023-12-21 00:50:24+00:00,0,3,0,1,579,78,9,0,56,3.21,0,clean,TypeScript,2021-2023,1.0,,7.33,0.0,0.32,1
FlowiseAI/Flowise,19f2989c8317b88e1ec3cb57cb6513069273fdad,19f2989c83,rename agent executor name,refactor,TypeScript,Henry,2023-12-21 01:14:53+00:00,1,3,0,1,11,10,1,0,4,1.75,0,clean,TypeScript,2021-2023,1.0,,1.0,0.0,0.88,1
FlowiseAI/Flowise,cc7debda0e1275c4c5a01e4222526dda873cf7da,cc7debda0e,update openai assistant tool,other,TypeScript,Henry,2023-12-21 01:52:03+00:00,1,3,0,1,1,1,1,0,3,14.33,0,clean,TypeScript,2021-2023,1.0,,0.5,0.0,7.16,1
spacedriveapp/spacedrive,21a279cecdac778c78e181e50624c6d3c8336a2c,21a279cecd,[ENG-1512] Replace sync operation types with single type (#1900)  * replace multiple op types with crdt_operation  * cleanup,refactor,Rust,Brendan Allan,2023-12-21 05:58:03+00:00,5,3,0,1,279,842,19,0,49,2.9,0,clean,TypeScript,2021-2023,1.0,,0.33,0.0,0.14,11
FlowiseAI/Flowise,d67cf332d8e442a78985f8c290ff6489e5ec2eae,d67cf332d8,Update icons,other,TypeScript,abhishekshankr,2023-12-21 11:57:09-05:00,11,3,0,0,116,248,71,0,22,1.0,0,clean,TypeScript,2021-2023,1.0,,0.47,0.0,0.01,0
FlowiseAI/Flowise,d8af8ccb092404e4ba1a5001b86e097b6bbec045,d8af8ccb09,Update icons,other,TypeScript,abhishekshankr,2023-12-21 12:00:14-05:00,12,3,0,0,116,248,71,0,22,1.0,0,clean,TypeScript,2021-2023,1.0,,0.47,0.0,0.01,0
FlowiseAI/Flowise,8cf34dfda80b740f0994b64b97fa0101068ee455,8cf34dfda8,Fix file extension,bugfix,TypeScript,abhishekshankr,2023-12-21 12:04:48-05:00,12,3,0,0,1,1,1,0,1,1.0,0,clean,TypeScript,2021-2023,1.0,,0.5,0.0,0.5,0
FlowiseAI/Flowise,d22e772febfe2feb6a906c496368b4f93fbf225d,d22e772feb,Fix stretched out logo,bugfix,Unknown,abhishekshankr,2023-12-21 12:20:37-05:00,12,3,0,0,1,1,1,0,0,0.0,0,clean,TypeScript,2021-2023,1.0,,0.5,0.0,0.0,0
FlowiseAI/Flowise,f0cdf48d54fb73af7440744dd303aa8d0d6ff465,f0cdf48d54,update ui changes,other,JavaScript,Henry,2023-12-21 17:28:25+00:00,17,3,0,0,223,42,10,0,8,5.38,0,clean,TypeScript,2021-2023,1.0,,5.19,0.0,0.49,1
FlowiseAI/Flowise,44294d00677e5b3df97370164af64caadcadbccc,44294d0067,update default location for encryption key,other,TypeScript,Henry,2023-12-21 20:37:04+00:00,20,3,0,0,15,13,2,0,3,6.67,0,clean,TypeScript,2021-2023,1.0,,1.07,0.0,2.22,1
FlowiseAI/Flowise,1a4ead3544fa0be086cb8ec174b2da4d2c0cd647,1a4ead3544,update S3 loader,other,TypeScript,Henry,2023-12-22 01:58:40+00:00,1,4,0,1,68,9,1,0,2,1.0,0,clean,TypeScript,2021-2023,1.0,,6.8,0.0,0.5,1
FlowiseAI/Flowise,1ffa56897446cb36bd1e0a5699b6bc9c89e844a4,1ffa568974,Addition of Pinecone MMR search,feature,TypeScript,vinodkiran,2023-12-22 09:08:53+05:30,9,4,0,0,59,4,1,0,2,9.0,0,clean,TypeScript,2021-2023,1.0,,11.8,0.0,4.5,0
FlowiseAI/Flowise,579f66e57e3da71e0a53db10cf1baeb986d4bb31,579f66e57e,Updating langchain to 0.0.198,other,Unknown,vinodkiran,2023-12-22 09:20:55+05:30,9,4,0,0,1,1,1,0,0,0.0,0,clean,TypeScript,2021-2023,1.0,,0.5,0.0,0.0,0
FlowiseAI/Flowise,56b043264a5370ac041f8fde1adf928b5068eace,56b043264a,"MMR Search for Pinecone, Weaviate, Zep and Supabase",other,TypeScript,vinodkiran,2023-12-22 12:08:48+05:30,12,4,0,0,98,109,5,0,14,4.07,0,clean,TypeScript,2021-2023,1.0,,0.89,0.0,0.68,0
FlowiseAI/Flowise,94236c4b5fe80a3449eed29f36ddb9e620077abe,94236c4b5f,Compression Retriever - Cohere Rerank,other,TypeScript,vinodkiran,2023-12-22 12:12:04+05:30,12,4,0,0,135,0,3,0,5,1.8,0,clean,TypeScript,2021-2023,1.0,,135.0,0.0,0.45,0
FlowiseAI/Flowise,fb02632f4b682b8b0ee2d1ec1a79330118318eaa,fb02632f4b,Compression Retriever - Embeddings Filter,other,TypeScript,vinodkiran,2023-12-22 12:12:16+05:30,12,4,0,0,104,0,2,0,2,3.0,0,clean,TypeScript,2021-2023,1.0,,104.0,0.0,1.0,0
FlowiseAI/Flowise,f2f8ed6a9ce1ab41bd69193ce283757cd28cb16e,f2f8ed6a9c,Compression Retriever - LLM filter,other,TypeScript,vinodkiran,2023-12-22 12:12:25+05:30,12,4,0,0,67,0,2,0,2,1.5,0,clean,TypeScript,2021-2023,1.0,,67.0,0.0,0.5,0
FlowiseAI/Flowise,be79adb07c22586d4debd5384268463a874b878e,be79adb07c,lint fixes,bugfix,TypeScript,vinodkiran,2023-12-22 12:13:52+05:30,12,4,0,0,3,4,2,0,2,4.0,0,clean,TypeScript,2021-2023,1.0,,0.6,0.0,1.33,0
FlowiseAI/Flowise,f6ee137ca3e60b350f794181b43453eff520474b,f6ee137ca3,lint fixes,bugfix,TypeScript,vinodkiran,2023-12-22 12:14:10+05:30,12,4,0,0,1,1,1,0,0,0.0,0,clean,TypeScript,2021-2023,1.0,,0.5,0.0,0.0,0
FlowiseAI/Flowise,fd90fef94c289271eb1781205b0d6afc764c4f8a,fd90fef94c,Bugfix: Unncessary load of Prompts on chatflow open. This fix loads them on dialog open.,bugfix,JavaScript,vinodkiran,2023-12-22 14:50:10+05:30,14,4,0,0,19,6,1,0,3,7.33,0,clean,TypeScript,2021-2023,1.0,,2.71,0.0,3.66,0
FlowiseAI/Flowise,3126442e67cfccdf14772eb6f539c765c2b9171d,3126442e67,update variables option,other,JavaScript,Henry,2023-12-22 16:53:20+00:00,16,4,0,0,14,7,1,0,2,7.0,0,clean,TypeScript,2021-2023,1.0,,1.75,0.0,3.5,1
FlowiseAI/Flowise,a7632976764a1bf648bae6f8c7253cb35fc54ffa,a763297676,Fixed icons borders,bugfix,Unknown,abhishekshankr,2023-12-23 11:27:32-05:00,11,5,1,0,0,2,2,0,0,0.0,0,clean,TypeScript,2021-2023,1.0,,0.0,0.0,0.0,0
FlowiseAI/Flowise,e3282526624ce45925e4a4df3d8d0eb286273e5a,e328252662,Update AWSChatBedrock logo,other,TypeScript,Henry Heng,2023-12-23 17:41:43+00:00,17,5,1,0,1,1,1,0,1,1.0,0,clean,TypeScript,2021-2023,1.0,,0.5,0.0,0.5,0
FlowiseAI/Flowise,735edab9ae5d85be3999978d1ae24b984cfcb5a1,735edab9ae,"Adds ENV boolean flag (DATABASE_SSL) for postgres ssl support This is needed if hosting flowise data on a postgres server that requires ssl. In PostgreSQL v15, the default rds.force_ssl is 1 (on)",feature,TypeScript,Jared Tracy,2023-12-24 23:02:49-06:00,23,6,1,1,1,0,1,0,1,10.0,0,clean,TypeScript,2021-2023,1.0,,1.0,0.0,5.0,0
FlowiseAI/Flowise,6306904cfcf02facee9a7896aad0f35ee628c9b8,6306904cfc,"add missing methods, abstract classes",feature,TypeScript,Henry,2023-12-26 15:54:50+00:00,15,1,0,0,13,37,6,0,6,3.5,0,clean,TypeScript,2021-2023,1.0,,0.34,0.0,0.5,1
FlowiseAI/Flowise,5a76076ce4f449c83679e2bf44e50f9108889c57,5a76076ce4,ability to use flow.input within custom tool,other,JavaScript,Henry,2023-12-26 16:00:46+00:00,16,1,0,0,7,3,3,0,3,5.33,0,clean,TypeScript,2021-2023,1.0,,1.75,0.0,1.33,1
FlowiseAI/Flowise,b6d08268d48b2ff3122f90342e5f45d89cac09c3,b6d08268d4,add abstract methods,feature,TypeScript,Henry,2023-12-26 16:13:14+00:00,16,1,0,0,18,2,4,0,3,1.0,0,clean,TypeScript,2021-2023,1.0,,6.0,0.0,0.2,1
FlowiseAI/Flowise,25f43f2a3098c8ac5fed237a28386d67315950ac,25f43f2a30,includes DATABASE_SSL in other necessary files,other,TypeScript,Jared Tracy,2023-12-27 19:07:43-06:00,19,2,0,0,6,0,5,0,1,25.0,0,clean,TypeScript,2021-2023,1.0,,6.0,0.0,4.17,0
FlowiseAI/Flowise,c9a6622df72779d5eb6f424b0f7df89a0e83da6a,c9a6622df7,added LLM to moderation to detect similar deny sentences,feature,TypeScript,Henry,2023-12-28 01:07:45+00:00,1,3,0,1,32,9,2,0,6,2.5,0,clean,TypeScript,2021-2023,1.0,,3.2,0.0,0.83,1
FlowiseAI/Flowise,85e6fad0aa223ba46d9cf32f1f88a13619c322d0,85e6fad0aa,"added input moderation to assistant, prevent app from crashing by using try catch",feature,TypeScript,Henry,2023-12-28 01:11:00+00:00,1,3,0,1,67,18,2,0,4,10.25,0,clean,TypeScript,2021-2023,1.0,,3.53,0.0,3.42,1
FlowiseAI/Flowise,4f940b0d910d61172f6b143a9b4ff518ee35e99c,4f940b0d91,chck for empty string,other,TypeScript,Henry,2023-12-28 02:02:49+00:00,2,3,0,1,1,0,1,0,1,6.0,0,clean,TypeScript,2021-2023,1.0,,1.0,0.0,3.0,1
FlowiseAI/Flowise,ab556b71cf8ea95a9fb76b71bc95d0662c474926,ab556b71cf,avoid submitting tool outputs when in_progress,other,TypeScript,Henry,2023-12-29 01:43:30+00:00,1,4,0,1,4,1,1,0,3,17.67,0,clean,TypeScript,2021-2023,1.0,,2.0,0.0,8.84,1
typeorm/typeorm,c8ec5429ebd2592370aae8dce06dbbf04b59085c,c8ec5429eb,"docs: update select-query-builder.md (#10520)  To use alias as the first argument in the createQueryBuilder method, the entity must be imported into the getRepository method to be used.",docs,Unknown,seungwonleee,2023-12-29 13:11:16+05:00,13,4,0,0,2,0,1,0,0,0.0,0,clean,TypeScript,2021-2023,1.0,,2.0,0.0,0.0,0
typeorm/typeorm,3cf938efc04bf73129d2e755e2bb8a243be19e24,3cf938efc0,fix: add BaseEntity to model-shim (#10503),bugfix,JavaScript,Jonathan Dumaine,2023-12-29 13:13:16+05:00,13,4,0,0,61,53,1,0,55,1.0,0,clean,TypeScript,2021-2023,1.0,,1.13,0.0,0.5,0
typeorm/typeorm,48f5f85d687e1a4d4d4ee83741759d70990985f7,48f5f85d68,"feat: allow to use custom type witch extends object type for find where argument (#10475)  * Allow to use with custom types  * Fix  ---------  Co-authored-by: Ivan Shabanov <mail@ivanshabanov.pr",bugfix,TypeScript,Shabanov Ivan,2023-12-29 13:20:06+05:00,13,4,0,0,1,0,1,0,0,0.0,0,clean,TypeScript,2021-2023,1.0,,1.0,0.0,0.0,0
FlowiseAI/Flowise,5ab2d63de8b066a6ca09df2d23f3aae502f40e42,5ab2d63de8,only submitting tool outputs when requiresaction,other,TypeScript,Henry,2023-12-29 13:29:24+00:00,13,4,0,0,1,1,1,0,3,17.67,0,clean,TypeScript,2021-2023,1.0,,0.5,0.0,8.84,1
FlowiseAI/Flowise,8eabd8f0c26e060c7651b02c3166a52fd2ed6f66,8eabd8f0c2,wrap in a try catch block,other,TypeScript,Henry,2023-12-29 13:50:33+00:00,13,4,0,0,13,8,1,0,3,18.0,0,clean,TypeScript,2021-2023,1.0,,1.44,0.0,9.0,1
typeorm/typeorm,b240d87f347de49975f87a42b885c2d103bbff12,b240d87f34,"feat: custom STI discriminator value for EntitySchema (#10508)  add discriminator value metadata to EntitySchema  Closes: #10494",feature,TypeScript,Gabriel Kim,2023-12-29 14:43:59+05:00,14,4,0,0,211,0,14,0,6,2.5,0,clean,TypeScript,2021-2023,1.0,,211.0,0.0,0.17,0
typeorm/typeorm,89c525761d6979d1f876b09adb9b3fc08097fe86,89c525761d,"feat: user-defined index name for STI discriminator column (#10509)  avoid index duplication on the discriminator column when using STI and explicitly defining an index for it  Closes: #10496",feature,TypeScript,Gabriel Kim,2023-12-29 14:50:52+05:00,14,4,0,0,155,0,7,0,6,1.83,0,clean,TypeScript,2021-2023,1.0,,155.0,0.0,0.23,0
typeorm/typeorm,4173e51dd81ba20ad5cdf28d9b1b9db4e39d3bb7,4173e51dd8,docs: update delete-query-builder.md (#10519)  For previous examples typescript error occurs in createQueryBuilder that says “Argument of type 'string' is not assignable to parameter of type 'QueryRun,docs,Unknown,seungwonleee,2023-12-29 14:52:03+05:00,14,4,0,0,1,1,1,0,0,0.0,0,clean,TypeScript,2021-2023,1.0,,0.5,0.0,0.0,0
typeorm/typeorm,7e9cead8a3bfe36bdec4d6146cb1ab6681d5b556,7e9cead8a3,feat: implement streaming for SAP HANA (#10512),feature,TypeScript,Lucian Mocanu,2023-12-29 14:53:30+05:00,14,4,0,0,30,4,4,0,3,32.0,0,clean,TypeScript,2021-2023,1.0,,6.0,0.0,6.4,0
typeorm/typeorm,45e31cc57aac636ec4f13101a8a5ac0a1a12b8d1,45e31cc57a,"feat: implement column comments for SAP HANA (#10502)  * feat: implement column comments for SAP HANA  * test: improve schema tests for SAP HANA",feature,TypeScript,Lucian Mocanu,2023-12-29 15:01:23+05:00,15,4,0,0,132,126,8,0,6,16.83,0,clean,TypeScript,2021-2023,1.0,,1.04,0.0,1.87,0
typeorm/typeorm,ccb9aff89a161d7ada510102b1b41e78aec0a254,ccb9aff89a,"test: fix migration-generate test suite (#10361)  * test: fix migration-generate test suite  WIP  Closes: #10360  * fixed mssql test hang; added option to disable process exit;  ---------  ",bugfix,TypeScript,Dinko Osrecki,2023-12-29 15:02:44+05:00,15,4,0,0,292,49,9,0,2,7.5,0,clean,TypeScript,2021-2023,1.0,,5.84,0.0,0.75,0
typeorm/typeorm,d76b54692903741036fa97df730fada4ac9243cf,d76b546929,"docs: update redis cache client options (#10521)  Between v3 and v4 in node-redis the client options changed for a collection of socket related paramaters. In the caching documentation the v3 format ",docs,Unknown,Steve Foster,2023-12-29 15:03:02+05:00,15,4,0,0,8,4,1,0,0,0.0,0,clean,TypeScript,2021-2023,1.0,,1.6,0.0,0.0,0
typeorm/typeorm,122c897a2ff4cc6f5e8149d488f18bf5c21b5ca9,122c897a2f,fix: add error handling for missing join columns (#10525)  Closes: #7034,bugfix,TypeScript,SeongBin Kim,2023-12-29 15:10:31+05:00,15,4,0,0,5,0,1,0,2,6.5,0,clean,TypeScript,2021-2023,1.0,,5.0,0.0,3.25,0
typeorm/typeorm,ae006af501025f709fe585b821f0da683628eec3,ae006af501,feat: entityId in InsertEvent (#10540)  Co-authored-by: Paul Potsides <paul@koble.ai>,feature,TypeScript,strongpauly,2023-12-29 15:16:32+05:00,15,4,0,0,112,1,8,0,9,2.22,0,clean,TypeScript,2021-2023,1.0,,56.0,0.0,0.25,0
FlowiseAI/Flowise,da18b6a5c0eceb9f15d71c66083e5cf0daafa1c3,da18b6a5c0,Update 1702200925471-AddVariableEntity.ts,feature,TypeScript,Henry Heng,2023-12-29 15:17:26+00:00,15,4,0,0,1,1,1,0,1,1.0,0,clean,TypeScript,2021-2023,1.0,,0.5,0.0,0.5,0
typeorm/typeorm,8af533f79f993e97f8c5608eec1da1d2f5e23156,8af533f79f,"fix: caching always enabled not caching queries (#10524)  * Update SelectQueryBuilder.ts  fix https://github.com/typeorm/typeorm/issues/10500  * fix formatting  ---------  Co-authored-by: Umed",bugfix,TypeScript,krylovaaleksandra,2023-12-29 15:18:26+05:00,15,4,0,0,2,1,1,0,0,0.0,0,clean,TypeScript,2021-2023,1.0,,1.0,0.0,0.0,0
typeorm/typeorm,39fdcf651fc0b690febbe11fa39892034529fd03,39fdcf651f,fix: resolve issue of generating migration for numeric arrays repeatedly (#10471)  Closes: #10043,bugfix,TypeScript,michaelzaytsev,2023-12-29 15:19:46+05:00,15,4,0,0,89,12,4,0,3,1.0,0,clean,TypeScript,2021-2023,1.0,,6.85,0.0,0.2,0
typeorm/typeorm,3647b269ccb1f236595bf8ff3adcca5460a0d205,3647b269cc,"feat: support for MongoDB 6.x (#10545)  The return value of `findOneAndX` family of MongoDB methods now includes `null` when no document is found. This is a breaking change from the previous behavio",feature,TypeScript,Alec Brunelle,2023-12-29 15:22:28+05:00,15,4,0,0,64,60,6,0,12,1.25,0,clean,TypeScript,2021-2023,1.0,,1.05,0.0,0.18,0
typeorm/typeorm,cf37f1370bb0a180bedf0a2e2fedd8047ae4ef78,cf37f1370b,"fix: migrations on indexed TIMESTAMP WITH TIME ZONE Oracle columns (#10506)  ignore auto-generated virtual columns and attempt to map them into their respective reference columns  Closes: #10493",bugfix,TypeScript,Gabriel Kim,2023-12-29 15:26:12+05:00,15,4,0,0,121,2,3,0,2,6.5,0,clean,TypeScript,2021-2023,1.0,,40.33,0.0,1.62,0
typeorm/typeorm,aa8d24cf0059639d25309bfb781bc1c54c2b4e55,aa8d24cf00,build: removed Node.js 14 from CircleCi (#10576),other,Unknown,Dmitry Zotov,2023-12-29 15:30:42+05:00,15,4,0,0,0,1,1,0,0,0.0,0,clean,TypeScript,2021-2023,1.0,,0.0,0.0,0.0,0
typeorm/typeorm,af77a5d0acf0c9661c4d61c38fd57bca9a1b65fc,af77a5d0ac,fix: default value in child table/entity column decorator for multiple table inheritance is ignored for inherited columns (#10563) (#10564),bugfix,TypeScript,Marco Ellwanger,2023-12-29 15:37:13+05:00,15,4,0,0,82,0,3,0,3,10.33,0,clean,TypeScript,2021-2023,1.0,,82.0,0.0,2.58,0
typeorm/typeorm,ad5bf11a918170b50e3251410004f75c1811eb01,ad5bf11a91,fix: mongodb - undefined is not constructor (#10559),bugfix,TypeScript,Tomas Heky Hekrla,2023-12-29 15:40:27+05:00,15,4,0,0,1,1,1,0,1,29.0,0,clean,TypeScript,2021-2023,1.0,,0.5,0.0,14.5,0
typeorm/typeorm,95a733714305f43749179451d48c57d26982051f,95a7337143,docs: fix orderBy of Spatial columns (#10568),bugfix,Unknown,YoungKi Lyu,2023-12-29 15:47:07+05:00,15,4,0,0,8,11,2,0,0,0.0,0,clean,TypeScript,2021-2023,1.0,,0.67,0.0,0.0,0
typeorm/typeorm,75ec8f2032657560fed7418a6ca4a059a58d18ee,75ec8f2032,fix: bump better-sqlite3 version range (#10452),bugfix,Unknown,Peter,2023-12-29 15:48:19+05:00,15,4,0,0,2,2,2,0,0,0.0,0,clean,TypeScript,2021-2023,1.0,,0.67,0.0,0.0,0
typeorm/typeorm,f4e6eaf15597cf387a268ab1c7e81eaaecefdd6a,f4e6eaf155,feat: add concurrent indexes for postgres (#10442),feature,TypeScript,Samuel Lukes,2023-12-29 15:52:49+05:00,15,4,0,0,63,5,8,0,2,17.0,0,clean,TypeScript,2021-2023,1.0,,10.5,0.0,1.89,0
typeorm/typeorm,7a58bbf4eabd0d5ca22f2e8e4a31599bfe26caa6,7a58bbf4ea,docs: typo fixed in the manager.findAndCountBy documentation (#10396),bugfix,Unknown,Alperen Serkan Aksöz,2023-12-29 15:56:32+05:00,15,4,0,0,1,1,1,0,0,0.0,0,clean,TypeScript,2021-2023,1.0,,0.5,0.0,0.0,0
typeorm/typeorm,7de4890265d5045e21c0ea1db7c45cea826f9e31,7de4890265,fix: deletedAt column leaking as side effect of object update while creating a row (#10435),bugfix,TypeScript,Muhammad Salman Afzal,2023-12-29 16:11:16+05:00,16,4,0,0,3,0,1,0,2,4.5,0,clean,TypeScript,2021-2023,1.0,,3.0,0.0,2.25,0
typeorm/typeorm,6d5b5d9ba698fd2c510fe01ab9c9fe49f8cc0686,6d5b5d9ba6,docs: update the docs to keep in line with the example (#10387),docs,Unknown,Christopher Kiessling,2023-12-29 16:13:43+05:00,16,4,0,0,14,14,1,0,0,0.0,0,clean,TypeScript,2021-2023,1.0,,0.93,0.0,0.0,0
typeorm/typeorm,bfc1cc5ab4232459a1d11b82fd131e7e2e9c2aa4,bfc1cc5ab4,"fix: serialize bigint when building a query id #10336 (#10337)  * fix: serialize bigint when building a query id  * style: update formatting",bugfix,TypeScript,ales-albert-kilbergr,2023-12-29 16:16:03+05:00,16,4,0,0,6,1,1,0,1,1.0,0,clean,TypeScript,2021-2023,1.0,,3.0,0.0,0.5,0
typeorm/typeorm,6c918ea3923488e3744cf4a09f01b21117674fe5,6c918ea392,fix: resolve issue queryBuilder makes different parameter identifiers for same parameter (#10327)  Closes: #7308,bugfix,TypeScript,Fawzi Abdulfattah,2023-12-29 16:19:55+05:00,16,4,0,0,146,6,9,0,8,5.25,0,clean,TypeScript,2021-2023,1.0,,20.86,0.0,0.52,0
typeorm/typeorm,cf7147fa7c0231089b45078abc813f0e56e5dd9e,cf7147fa7c,"fix: remove `date-fns` in favor of `DayJs` (#10306)  * Migration of DateUtils to DayJs  * lint  ---------  Co-authored-by: julien.munio-ext <julien.munio-ext@arkema.com>",bugfix,TypeScript,Julien MUNIO,2023-12-29 16:22:55+05:00,16,4,0,0,11,16,3,0,1,4.0,0,clean,TypeScript,2021-2023,1.0,,0.65,0.0,1.0,0
typeorm/typeorm,b6b46fb133559c8c5508fc0cdabc8f1a02683409,b6b46fb133,feat: add exists and exists by (#10291)  This PR deprecates `exist` in favor of `exists` and `existsBy`.,feature,TypeScript,Nemanja Stanic,2023-12-29 16:29:02+05:00,16,4,0,0,102,17,7,0,5,1.2,0,clean,TypeScript,2021-2023,1.0,,5.67,0.0,0.15,0
typeorm/typeorm,65858f3a1759a950325e830ab9d4e0b2f519e455,65858f3a17,feat: enabled CTE for oracle driver (#10319),feature,TypeScript,sschneider-ihre-pvs,2023-12-29 16:31:48+05:00,16,4,0,0,1,1,1,0,0,0.0,0,clean,TypeScript,2021-2023,1.0,,0.5,0.0,0.0,0
typeorm/typeorm,72b1d1b865d7d67f4609740be0db325804a600b5,72b1d1b865,"feat: ability to change default replication mode (#10419)  * Add a replication test suite  * Allow overriding the default destination for read queries when using replication  For many applications",feature,TypeScript,Harry Brundage,2023-12-29 19:06:58+05:00,19,4,0,0,321,35,11,0,5,43.0,0,clean,TypeScript,2021-2023,1.0,,8.92,0.0,3.58,0
typeorm/typeorm,a4900ae15feb6727f085cbeae09000566b15081e,a4900ae15f,"fix: extend GiST index with range types for Postgres driver (#10572)  * fix: extend spatial column types for postgres driver  Extend spatial column type with range types for postgres. This fixes a b",bugfix,TypeScript,Joren Vandeweyer,2023-12-29 19:09:30+05:00,19,4,0,0,99,7,3,0,1,1.0,0,clean,TypeScript,2021-2023,1.0,,12.38,0.0,0.25,0
typeorm/typeorm,696e688d0072eb54608eaf081be1a6d9c40910e3,696e688d00,fix: SQLite simple-enum column parsing (#10550),bugfix,TypeScript,Szymon Bretner,2023-12-29 19:16:33+05:00,19,4,0,0,153,13,3,0,2,10.0,0,clean,TypeScript,2021-2023,1.0,,10.93,0.0,2.5,0
typeorm/typeorm,fdb9866ad2359aa37fed1e7e99b3736a4dc9dc74,fdb9866ad2,fix: update UpdateDateColumn on upsert (#10458)  Closes: #9015,bugfix,TypeScript,Lukas Spiss,2023-12-29 19:21:57+05:00,19,4,0,0,120,11,3,0,3,17.67,1,szz,TypeScript,2021-2023,0.069,11930.0,10.0,0.0,4.42,0
typeorm/typeorm,f6bb6711e2c5b05db656568bee5152ed800ea9f7,f6bb6711e2,"feat: support mssql@10 (#10356)  * feat: add support for mssql@10  Add mssql@10 to peerDependency, alongside mssql@9. Update tests to use latest version of mssql and Node v16.  Closes: #10340  ",bugfix,TypeScript,Dinko Osrecki,2023-12-29 19:46:52+05:00,19,4,0,0,472,221,4,0,1,1.0,0,clean,TypeScript,2021-2023,1.0,,2.13,0.0,0.2,0
typeorm/typeorm,d41930f0d6b8f672a5242da4a4b5568d90090d59,d41930f0d6,"fix: logMigration has incorrect logging condition (#10323)  * fix: logMigration has correct logging condition  Closes: #10322  * fix: add test description  Closes: #10322",bugfix,TypeScript,kyoungmin kim,2023-12-29 20:16:40+05:00,20,4,0,0,74,1,3,0,6,1.83,0,clean,TypeScript,2021-2023,1.0,,37.0,0.0,0.46,0
typeorm/typeorm,3af891a8e69a921c0fd83a2fcc3d1739c0360a8d,3af891a8e6,"feat: use node-oracledb 6 (#10285)  * chore: increase oracledb version  * feat: optionally use thick client  BREAKING CHANGE: With node-oracledb the thin client is used as default. Added a option ",bugfix,TypeScript,ertl,2023-12-29 20:20:34+05:00,20,4,0,0,35,2,4,0,0,0.0,0,clean,TypeScript,2021-2023,1.0,,11.67,0.0,0.0,0
typeorm/typeorm,2dc9624d0016447b0738d85c6ddeace1110eb56f,2dc9624d00,"fix: mongodb resolves leaked cursor (#10316)  This change resolves a leaked cursor used to avoid     a stack overflow during entity transformation.      Closes: #10315",bugfix,TypeScript,Corey Shupe,2023-12-29 20:20:49+05:00,20,4,0,0,13,13,1,0,5,2.8,0,clean,TypeScript,2021-2023,1.0,,0.93,0.0,1.4,0
FlowiseAI/Flowise,4dd2f245ffdfb2fac5a169c97f9c825e7aa04828,4dd2f245ff,Compression Retriever: Reciprocal Rank Fusion,other,TypeScript,vinodkiran,2023-12-29 20:35:42+05:30,20,4,0,0,186,0,3,0,6,1.83,0,clean,TypeScript,2021-2023,1.0,,186.0,0.0,0.46,0
FlowiseAI/Flowise,d0ab21e733d03098a1faa3f0fd50b5d5baa9d381,d0ab21e733,Compression Retriever: Addition of topK to Cohere Rerank Retriever,feature,TypeScript,vinodkiran,2023-12-29 20:37:25+05:30,20,4,0,0,23,4,2,0,5,2.2,0,clean,TypeScript,2021-2023,1.0,,4.6,0.0,0.73,0
typeorm/typeorm,b53e410e5abe930ab489ff4c8c16f62306910f6a,b53e410e5a,"fix: empty objects being hydrated when eager loading relations that have a `@VirtualColumn` (#10432)  * test: add scenario for #10431  * fix: empty objects being hydrated by unselected virtual prope",bugfix,TypeScript,Tolga Paksoy,2023-12-29 21:18:11+05:00,21,4,0,0,100,0,5,0,5,45.0,0,clean,TypeScript,2021-2023,1.0,,100.0,0.0,7.5,0
typeorm/typeorm,bafcd1709b7c88b5140bb38e5536c3b4b28dad3d,bafcd1709b,feat: exposed entity and criteria properties on EntityNotFoundError (#10202)  These properties can be used by consumers to aid in rendering human-readable error messages.,feature,TypeScript,Clinton Blackburn,2023-12-29 21:30:06+05:00,21,4,0,0,21,9,2,0,2,2.0,0,clean,TypeScript,2021-2023,1.0,,2.1,0.0,0.67,0
typeorm/typeorm,f6b87e3ee1ab218edd93061bbec84a42ed6ac481,f6b87e3ee1,"perf: improve SapQueryRunner performance (#10198)  Use async API exposed by SAP driver  Co-authored-by: Lukasz Otczyk <lukasz.otczyk@nexontis.com>",other,TypeScript,Lukasz Otczyk,2023-12-29 21:30:45+05:00,21,4,0,0,17,8,1,0,2,6.0,0,clean,TypeScript,2021-2023,1.0,,1.89,0.0,3.0,0
typeorm/typeorm,a939654c95804b172276ba26769c43af97469d5d,a939654c95,fix: remove dynamic require calls (#10196),bugfix,TypeScript,Dukezo,2023-12-29 21:35:14+05:00,21,4,0,0,57,30,4,0,9,2.78,0,clean,TypeScript,2021-2023,1.0,,1.84,0.0,0.56,0
FlowiseAI/Flowise,1bd3b5d0ee9395ed5bce48eadc5c4e58f5385099,1bd3b5d0ee,Compression Retriever: Addition of constant to RRF Retriever,feature,TypeScript,vinodkiran,2023-12-30 08:07:15+05:30,8,5,1,0,19,3,2,0,5,2.2,0,clean,TypeScript,2021-2023,1.0,,4.75,0.0,0.73,0
FlowiseAI/Flowise,fd55fa62dd6ba7d0679adb494bfb3f14070cdce3,fd55fa62dd,fixes for lint failures,bugfix,TypeScript,vinodkiran,2023-12-30 08:08:15+05:30,8,5,1,0,0,1,1,0,1,3.0,0,clean,TypeScript,2021-2023,1.0,,0.0,0.0,1.5,0
FlowiseAI/Flowise,28e32f0ae68a18905b52921be2bc97e4447386a2,28e32f0ae6,Initial support for Airtable views,other,TypeScript,Darien Kindlund,2023-12-30 09:46:44-05:00,9,5,1,0,18,3,1,0,6,2.5,0,clean,TypeScript,2021-2023,1.0,,4.5,0.0,1.25,0
FlowiseAI/Flowise,75b5b33d8d9b92c4ef9458b81dc7f1e8c949532a,75b5b33d8d,update langchain version,other,TypeScript,Henry,2023-12-30 12:29:00+00:00,12,5,1,0,13,14,7,0,5,12.4,0,clean,TypeScript,2021-2023,1.0,,0.87,0.0,1.55,1
FlowiseAI/Flowise,3fb800190778a67deb46928708ad8e8773154fd3,3fb8001907,Added support to exclude specific Airtable Field Ids,feature,TypeScript,Darien Kindlund,2023-12-30 14:13:39-05:00,14,5,1,0,24,2,1,0,6,2.33,0,clean,TypeScript,2021-2023,1.0,,8.0,0.0,1.16,0
FlowiseAI/Flowise,6006157958f21347c6feff68ca56a313e813712b,6006157958,Updated Airtable field exclusion support to use field names instead of field ids,other,TypeScript,Darien Kindlund,2023-12-30 15:17:33-05:00,15,5,1,0,11,11,1,0,6,2.33,0,clean,TypeScript,2021-2023,1.0,,0.92,0.0,1.16,0
FlowiseAI/Flowise,543c41b5c5c685df09b8682972d5341f2f76371a,543c41b5c5,Update ChatMistral.ts,other,TypeScript,Henry Heng,2023-12-30 16:07:05+00:00,16,5,1,0,0,2,1,0,1,12.0,0,clean,TypeScript,2021-2023,1.0,,0.0,0.0,6.0,0
FlowiseAI/Flowise,fe0c22255baf2cc5865a5acfa9bdd9ce07a55ef6,fe0c22255b,"Bugfix: Upsert successful, but failed to insert documents",bugfix,TypeScript,vinodkiran,2023-12-30 16:17:03+05:30,16,5,1,0,4,0,1,0,1,7.0,0,clean,TypeScript,2021-2023,1.0,,4.0,0.0,3.5,0
FlowiseAI/Flowise,9e7f3587f14881e5192ff4a2ef8f85d83b969fad,9e7f3587f1,Upgrading of analytic dependencies - langfuse and langsmith.,other,TypeScript,vinodkiran,2023-12-30 18:22:21+05:30,18,5,1,0,7,6,2,0,3,8.0,0,clean,TypeScript,2021-2023,1.0,,1.0,0.0,2.67,0
FlowiseAI/Flowise,573863ae6c071e7e2f02d8cd632524919772bab7,573863ae6c,🥳 flowise@1.4.8 minor release,other,Unknown,Henry,2023-12-30 23:39:05+00:00,23,5,1,1,2,2,2,0,0,0.0,0,clean,TypeScript,2021-2023,1.0,,0.67,0.0,0.0,1
FlowiseAI/Flowise,8b4793b317bae87e9304979871bbd8bf5061217c,8b4793b317,🥳 flowise-components@1.5.0 minor release,other,Unknown,Henry,2023-12-30 23:39:34+00:00,23,5,1,1,1,1,1,0,0,0.0,0,clean,TypeScript,2021-2023,1.0,,0.5,0.0,0.0,1
FlowiseAI/Flowise,45a42c4404c82872861110606d69cb8ac3f27f14,45a42c4404,🥳 flowise-ui@1.4.6 minor release,other,Unknown,Henry,2023-12-30 23:39:53+00:00,23,5,1,1,1,1,1,0,0,0.0,0,clean,TypeScript,2021-2023,1.0,,0.5,0.0,0.0,1
spacedriveapp/spacedrive,4309ca0e97b2ed9a3d0d057ce67c0bea4588c6e3,4309ca0e97,fix: handle config changes in summarize_event,bugfix,Rust,Baran Mordoğan,2026-01-23 09:26:02+03:00,9,4,0,0,5,0,1,0,1,7.0,0,clean,TypeScript,2024-2026,1.0,,5.0,0.0,3.5,0
spacedriveapp/spacedrive,eb1de30d268041103193b1163f7bb35ad090db13,eb1de30d26,remove pairing expiration,other,Rust,Jamie Pine,2026-01-24 11:06:02-08:00,11,5,1,0,24,29,3,0,4,9.0,0,clean,TypeScript,2024-2026,1.0,,0.8,0.0,2.25,2
spacedriveapp/spacedrive,26a730c0f21d2f78412c03166f9aec9106dddc6f,26a730c0f2,add sd sync partners CLI,feature,Rust,Jamie Pine,2026-01-24 11:09:09-08:00,11,5,1,0,312,28,13,1,29,8.9,0,clean,TypeScript,2024-2026,1.0,,10.76,0.07,0.64,2
spacedriveapp/spacedrive,cb51a6c1fb752a4f4bd6150fe82e6b51bb890d4f,cb51a6c1fb,add better ConnectionInfo,feature,Rust,Jamie Pine,2026-01-24 12:13:26-08:00,12,5,1,0,139,32,4,0,5,2.6,0,clean,TypeScript,2024-2026,1.0,,4.21,0.0,0.52,2
spacedriveapp/spacedrive,67ce501b4d8a5b6139a618b72cbc49d881c195a6,67ce501b4d,"fixed the infinite loop bug. The bidirectional   registration now only triggers when a new device is created   (messaging.rs:395-448), not when updating an existing device.    What changed:   - Moved ",bugfix,Rust,Jamie Pine,2026-01-24 12:37:44-08:00,12,5,1,0,55,58,1,0,1,33.0,0,clean,TypeScript,2024-2026,1.0,,0.93,0.0,16.5,2
spacedriveapp/spacedrive,7a6d79011a3ea4d44a4a147d34e4ea01562b9324,7a6d79011a,"refactor(device): improve device data handling and UI components  - Enhanced the device model to handle null values more gracefully during data extraction, ensuring robust error handling for OS versio",feature,Rust,Jamie Pine,2026-01-24 13:23:41-08:00,13,5,1,0,234,121,4,0,4,17.25,0,clean,TypeScript,2024-2026,1.0,,1.92,0.0,3.45,2
spacedriveapp/spacedrive,421883d7d0f04647a60c1625a1cd35607e47d4b7,421883d7d0,"fix(DevicePanel): handle optional config icon safely  Updated the DevicePanel component to use optional chaining when accessing the config icon, ensuring that it handles cases where the config may be ",bugfix,Unknown,Jamie Pine,2026-01-24 13:30:45-08:00,13,5,1,0,1,1,1,0,0,0.0,0,clean,TypeScript,2024-2026,1.0,,0.5,0.0,0.0,2
spacedriveapp/spacedrive,499710ec1a4e7bf8cb075960c4802e8b56ef07ad,499710ec1a,openSSL on linux fix,bugfix,Unknown,Jamie Pine,2026-01-24 13:54:28-08:00,13,5,1,0,11,1,1,0,0,0.0,0,clean,TypeScript,2024-2026,1.0,,5.5,0.0,0.0,2
spacedriveapp/spacedrive,f00b0f0fbb4f69ea560aee3d5eff914e6d350ed3,f00b0f0fbb,Update GitHub workflows for core tests and release process  - Commented out pull request trigger in core_tests.yml to simplify workflow. - Enhanced release.yml for ARM cross-compilation by adding APT ,feature,Unknown,Jamie Pine,2026-01-24 14:15:43-08:00,14,5,1,0,13,15,3,1,0,0.0,0,clean,TypeScript,2024-2026,1.0,,0.81,0.25,0.0,2
spacedriveapp/spacedrive,58ab28e69031f6547930705e5405ae126ec4293e,58ab28e690,"Update ARM APT sources in release workflow for cross-compilation  - Replaced existing APT source modifications with a new configuration file for ARM architecture, ensuring proper package sources for U",feature,Unknown,Jamie Pine,2026-01-24 14:51:23-08:00,14,5,1,0,6,2,1,0,0,0.0,0,clean,TypeScript,2024-2026,1.0,,2.0,0.0,0.0,2
spacedriveapp/spacedrive,c09cc5942da46110bc5dc18e75f26f2e009cc601,c09cc5942d,refactor(network): update to use EndpointId and EndpointAddr  - Replaced NodeId with EndpointId in various components to align with the new Iroh v0.95+ API. - Updated connection handling to utilize En,feature,Rust,Jamie Pine,2026-01-24 15:41:10-08:00,15,5,1,0,81,105,13,0,27,10.81,0,clean,TypeScript,2024-2026,1.0,,0.76,0.0,0.77,2
spacedriveapp/spacedrive,f31b96f312c17439b0c7b0093224aae543e6b585,f31b96f312,Enhance Rust toolchain configuration and installation process  - Added target specifications for multiple architectures in rust-toolchain.toml to support cross-compilation. - Updated GitHub Actions se,feature,Unknown,Jamie Pine,2026-01-24 15:44:39-08:00,15,5,1,0,9,1,2,0,0,0.0,0,clean,TypeScript,2024-2026,1.0,,4.5,0.0,0.0,2
spacedriveapp/spacedrive,b4605710c86b90f472ea94e6cf60118b7025b711,b4605710c8,"Enhance Rust installation verification in GitHub Actions  - Added a check to determine if Rust is already installed before proceeding with the installation step, improving the efficiency of the setup ",feature,Unknown,Jamie Pine,2026-01-24 15:47:14-08:00,15,5,1,0,12,2,1,0,0,0.0,0,clean,TypeScript,2024-2026,1.0,,4.0,0.0,0.0,2
spacedriveapp/spacedrive,0bee40bcce0bc16152162f923a8804929f69f80c,0bee40bcce,refactor(network): update connection handling in ListLibraryDevicesQuery  - Modified the connection type retrieval to use the .borrow() method for improved compatibility with the updated Iroh API. - E,feature,Rust,Jamie Pine,2026-01-24 16:08:48-08:00,16,5,1,0,14,6,1,0,1,22.0,0,clean,TypeScript,2024-2026,1.0,,2.0,0.0,11.0,2
spacedriveapp/spacedrive,388b4dde28aceae95c090b2a8547e5ca2360fe42,388b4dde28,cargo fmt,other,Rust,Jamie Pine,2026-01-24 16:14:21-08:00,16,5,1,0,874,604,73,16,123,11.84,0,clean,TypeScript,2024-2026,1.0,,1.44,0.22,0.16,2
spacedriveapp/spacedrive,d960db8fd983d0ad3ee04b6078da6a5e7a64dae4,d960db8fd9,Update APT sources for ARM architecture in release workflow  - Mark existing sources as amd64-only to prevent apt from searching for arm64 packages. - Add new APT sources for arm64 architecture pointi,feature,Unknown,Jamie Pine,2026-01-24 16:18:41-08:00,16,5,1,0,4,0,1,0,0,0.0,0,clean,TypeScript,2024-2026,1.0,,4.0,0.0,0.0,2
spacedriveapp/spacedrive,85cf0bd3509e9470a3be7c21ea290ded18a7d1af,85cf0bd350,"Enhance Rust setup in GitHub Actions  - Added a step to ensure that rustup binaries are prioritized in the PATH, improving the reliability of Rust toolchain usage. - Included checks to verify the inst",feature,Unknown,Jamie Pine,2026-01-24 16:24:58-08:00,16,5,1,0,10,0,1,0,0,0.0,0,clean,TypeScript,2024-2026,1.0,,10.0,0.0,0.0,2
spacedriveapp/spacedrive,7c024d853782772f6d7e7bf78c0e9eaceb193374,7c024d8537,Update Rust toolchain configuration and GitHub Actions setup  - Removed unnecessary target specifications from rust-toolchain.toml to streamline the configuration. - Added a new step in the GitHub Act,feature,Unknown,Jamie Pine,2026-01-24 16:43:18-08:00,16,5,1,0,6,1,2,0,0,0.0,0,clean,TypeScript,2024-2026,1.0,,3.0,0.0,0.0,2
spacedriveapp/spacedrive,d4dd39cdb3f629862a246f2ce65c01b5d91314c1,d4dd39cdb3,"fix(DevicePanel): safely access optional config color  Updated the DevicePanel component to use optional chaining when accessing the config color, enhancing the robustness of the component by preventi",bugfix,Unknown,Jamie Pine,2026-01-24 16:43:28-08:00,16,5,1,0,1,1,1,0,0,0.0,0,clean,TypeScript,2024-2026,1.0,,0.5,0.0,0.0,2
spacedriveapp/spacedrive,f6cf446dad6f8b53a9ce2662c12e15751b8c1bcb,f6cf446dad,"Enhance GitHub Actions workflow for server binary builds  - Added conditional steps to build server binaries for both x86_64 and aarch64 architectures, improving cross-compilation support. - Updated e",feature,Unknown,Jamie Pine,2026-01-24 17:13:07-08:00,17,5,1,0,9,3,1,0,0,0.0,0,clean,TypeScript,2024-2026,1.0,,2.25,0.0,0.0,2
spacedriveapp/spacedrive,234518d17d501c2f9ffb81f0fd45f4bb27941a77,234518d17d,"Update GitHub Actions workflow to include g++ for aarch64 builds  - Added g++-aarch64-linux-gnu to the installation step for aarch64 architecture, ensuring C++ support during the build process. - Upda",feature,Unknown,Jamie Pine,2026-01-24 17:43:04-08:00,17,5,1,0,3,1,1,0,0,0.0,0,clean,TypeScript,2024-2026,1.0,,1.5,0.0,0.0,2
spacedriveapp/spacedrive,16517fde88506dd258549b290b3fe3f2ef15893d,16517fde88,"Add FFmpeg libraries installation for ARM architecture in GitHub Actions workflow  - Included a new step to install FFmpeg libraries specifically for the aarch64 architecture, enhancing multimedia pro",feature,Unknown,Jamie Pine,2026-01-24 18:47:06-08:00,18,5,1,0,12,0,1,0,0,0.0,0,clean,TypeScript,2024-2026,1.0,,12.0,0.0,0.0,2
spacedriveapp/spacedrive,87889e5a7ffc23a30dfdbd2765a021d5ed5d02da,87889e5a7f,Enhance native dependencies verification in GitHub Actions workflow  - Improved the verification step for native dependencies by checking the existence of the apps/.deps/lib directory and ensuring tha,feature,Unknown,Jamie Pine,2026-01-24 19:14:41-08:00,19,5,1,0,19,6,2,0,0,0.0,0,clean,TypeScript,2024-2026,1.0,,2.71,0.0,0.0,2
spacedriveapp/spacedrive,f1f0a0419a1c54bd0d1634b24d52bf3c32635e8f,f1f0a0419a,Implement cross-compilation support by detecting system architecture from TARGET_TRIPLE  - Enhanced the system detection logic to utilize the TARGET_TRIPLE environment variable for cross-compilation s,feature,Rust,Jamie Pine,2026-01-24 20:03:32-08:00,20,5,1,0,39,2,2,0,2,21.0,0,clean,TypeScript,2024-2026,1.0,,13.0,0.0,7.0,2
spacedriveapp/spacedrive,13f7eeb9aebfc22af50de657046fa3d5340b6b87,13f7eeb9ae,Enhance cross-compilation support in build process  - Added CARGO_BUILD_TARGET environment variable to the GitHub Actions workflow for better target management during builds. - Updated package.json sc,feature,Rust,Jamie Pine,2026-01-24 20:41:39-08:00,20,5,1,0,18,12,3,0,1,34.0,0,clean,TypeScript,2024-2026,1.0,,1.38,0.0,8.5,2
spacedriveapp/spacedrive,d7b3cc94d51edd062f86b52cd032f88f6bd77e67,d7b3cc94d5,Enhance aarch64 cross-compilation support in GitHub Actions workflow  - Added environment variables for aarch64 architecture to configure the linker and compiler settings dynamically based on the targ,feature,Unknown,Jamie Pine,2026-01-24 21:18:29-08:00,21,5,1,0,7,0,1,0,0,0.0,0,clean,TypeScript,2024-2026,1.0,,7.0,0.0,0.0,2
spacedriveapp/spacedrive,19ca8ef3205bbfba4bdeee47a4504319bde56a0d,19ca8ef320,"fix(ci): split server native deps setup for cross-compilation  The x86_64 build was getting empty env vars that broke openssl-sys, and the aarch64 build needed cross-compiler env vars during xtask set",bugfix,Unknown,Jamie Pine,2026-01-24 21:46:27-08:00,21,5,1,0,13,6,1,0,0,0.0,0,clean,TypeScript,2024-2026,1.0,,1.86,0.0,0.0,2
spacedriveapp/spacedrive,d4d912bc3f68ad995bf79f3056e9556203ac9114,d4d912bc3f,chore(iroh): upgrade to v0.95.1 with breaking changes and migration steps,other,Rust,tembo[bot],2026-01-24 21:58:43+00:00,21,5,1,0,228,236,20,0,116,6.54,0,clean,TypeScript,2024-2026,1.0,,0.96,0.0,0.31,0
spacedriveapp/spacedrive,19ebcfae23238ccac5cab31f3c48e55d0b249607,19ebcfae23,Reconfigure xtask to properly recognize Windows paths,other,Rust,Gedeon Sainrival,2026-01-25 17:02:51-05:00,17,6,1,0,2,1,1,0,1,11.0,0,clean,TypeScript,2024-2026,1.0,,1.0,0.0,5.5,0
spacedriveapp/spacedrive,97594aab7ff54070cb60020b017484a537c833d6,97594aab7f,Specify type in inode closure,other,Rust,Gedeon Sainrival,2026-01-25 18:24:06-05:00,18,6,1,0,3,3,1,0,1,20.0,0,clean,TypeScript,2024-2026,1.0,,0.75,0.0,10.0,0
spacedriveapp/spacedrive,723379a31b063fd59ae6b5cd2b1138131cb50d55,723379a31b,use windows_sys api rather than unstable windows_by_handle Metadata method.,other,Rust,Gedeon Sainrival,2026-01-25 18:25:07-05:00,18,6,1,0,17,4,1,0,1,84.0,0,clean,TypeScript,2024-2026,1.0,,3.4,0.0,42.0,0
spacedriveapp/spacedrive,342ea1548488866f3654d8ff94c01ab0f5bcb8ce,342ea15484,detect Windows volumes,other,Rust,Gedeon Sainrival,2026-01-25 18:25:45-05:00,18,6,1,0,76,24,2,0,4,14.25,0,clean,TypeScript,2024-2026,1.0,,3.04,0.0,4.75,0
spacedriveapp/spacedrive,991956b8cd122e0a4e43cab9645535b8bc7a1f4b,991956b8cd,Enhance Tauri application with updater functionality  - Integrated the tauri-plugin-updater to enable automatic updates for the application. - Updated tauri configuration to include updater artifacts ,refactor,TypeScript,Jamie Pine,2026-01-28 16:38:40-08:00,16,2,0,0,898,62,17,0,24,4.0,0,clean,TypeScript,2024-2026,1.0,,14.25,0.0,0.22,2
spacedriveapp/spacedrive,52f10732384b57eed57f303d11013517d2a4c57f,52f1073238,"Refactor GitHub Actions workflow for release process  - Commented out the pull_request trigger to simplify the workflow. - Re-enabled Windows build steps for x86_64 architecture, ensuring proper confi",refactor,Unknown,Jamie Pine,2026-01-28 17:04:21-08:00,17,2,0,0,9,9,1,0,0,0.0,0,clean,TypeScript,2024-2026,1.0,,0.9,0.0,0.0,2
spacedriveapp/spacedrive,83daefd3bc98ea88160aa78a0bddb573dd07bac6,83daefd3bc,Update GitHub Actions workflow for release process  - Re-enabled the pull_request trigger for specific paths to enhance workflow automation. - Updated macOS build hosts to use specific versions (macos,other,Unknown,Jamie Pine,2026-01-28 17:28:00-08:00,17,2,0,0,6,6,1,0,0,0.0,0,clean,TypeScript,2024-2026,1.0,,0.86,0.0,0.0,2
spacedriveapp/spacedrive,4b5ad6508a99e9a3669532fe61449187b407aa8b,4b5ad6508a,Refactor Windows file handling in location manager and processing phases  - Updated the handling of file IDs for Windows to use `None::<u64>` for clarity. - Adjusted the inode assignment in the proces,feature,Rust,Jamie Pine,2026-01-28 18:00:47-08:00,18,2,0,0,8,6,3,0,3,36.67,0,clean,TypeScript,2024-2026,1.0,,1.14,0.0,9.17,2
spacedriveapp/spacedrive,61d6acef1df11abb711817231fdf67cd0d9a9c57,61d6acef1d,Update core/src/ops/indexing/phases/processing.rs  Co-authored-by: tembo[bot] <208362400+tembo[bot]@users.noreply.github.com>,other,Rust,Gedeon,2026-01-28 19:42:20-05:00,19,2,0,0,21,1,1,0,1,70.0,0,clean,TypeScript,2024-2026,1.0,,10.5,0.0,35.0,1
spacedriveapp/spacedrive,14901455b2bf31f8f57800d07f582fe318f8f78e,14901455b2,fix tembo's bad commit,bugfix,Rust,Gedeon Sainrival,2026-01-28 20:10:17-05:00,20,2,0,0,20,31,1,0,1,84.0,0,clean,TypeScript,2024-2026,1.0,,0.62,0.0,42.0,0
spacedriveapp/spacedrive,d31fc97c8ca2520059a4d2feb447aac71dced2f5,d31fc97c8c,Canonicalize Windows paths,other,Rust,Gedeon Sainrival,2026-01-28 21:42:57-05:00,21,2,0,0,18,1,1,0,1,6.0,0,clean,TypeScript,2024-2026,1.0,,9.0,0.0,3.0,0
spacedriveapp/spacedrive,74d3b82a8789c15ffc2c778eb5337d08d434133a,74d3b82a87,"feat(core): add speech-to-text feature flag for optional AI dependencies  Introduces a proper feature flag hierarchy for AI-related dependencies, allowing lite builds without heavy speech-to-text depe",feature,Rust,StarbirdTech,2026-01-29 00:07:07-05:00,0,3,0,1,50,29,10,0,3,21.33,0,clean,TypeScript,2024-2026,1.0,,1.67,0.0,1.94,0
spacedriveapp/spacedrive,6003e8b1e39a6a6bece7a7fe7ef5806bb9866b6e,6003e8b1e3,Migrate workflows to Blacksmith,other,Unknown,blacksmith-sh[bot],2026-01-29 01:06:58+00:00,1,3,0,1,8,8,4,1,0,0.0,0,clean,TypeScript,2024-2026,1.0,,0.89,0.2,0.0,0
spacedriveapp/spacedrive,e4e53b751c34509f402eadd5c11510a68839bdec,e4e53b751c,Fix volume indexing  Previous implementation of `reconstruct_path` was Unix-specific and did not work as intended on Windows. It has now been reworked to operate well enough on all platforms and can w,bugfix,Rust,Gedeon Sainrival,2026-01-31 19:12:52-05:00,19,5,1,0,198,153,7,0,24,9.5,0,clean,TypeScript,2024-2026,1.0,,1.29,0.0,1.19,0
spacedriveapp/spacedrive,25b1423df87f9ec87843aebea6b7b56b1b99d726,25b1423df8,Update GitHub Actions workflow to use self-hosted runners and specific configurations  - Changed build hosts for various platforms to utilize self-hosted runners and specific configurations for improv,feature,Unknown,Jamie Pine,2026-02-05 18:53:52-08:00,18,3,0,0,6,6,1,0,0,0.0,0,clean,TypeScript,2024-2026,1.0,,0.86,0.0,0.0,2
spacedriveapp/spacedrive,9a540db1a5a4c5615cb20dd9110aa6a69dcb5025,9a540db1a5,Refactor GitHub Actions workflow for ARM64 cross-compilation  - Updated the release workflow to improve ARM64 cross-compilation support by modifying host configurations and installation steps. - Chang,refactor,Unknown,Jamie Pine,2026-02-05 19:09:35-08:00,19,3,0,0,11,45,1,0,0,0.0,0,clean,TypeScript,2024-2026,1.0,,0.24,0.0,0.0,2
spacedriveapp/spacedrive,50ff7302cb312377a31b9e426ae4b6c4cfc5691f,50ff7302cb,"Enhance ARM64 library installation in GitHub Actions workflow  - Updated the installation step for FFmpeg libraries in the ARM64 section of the release workflow to include additional VA-API libraries,",feature,Unknown,Jamie Pine,2026-02-05 19:36:50-08:00,19,3,0,0,5,2,1,0,0,0.0,0,clean,TypeScript,2024-2026,1.0,,1.67,0.0,0.0,2
spacedriveapp/spacedrive,bbfa798d7ae8462b79e4ac828df3515e83ef0ca3,bbfa798d7a,Update GitHub Actions workflow to include gnutls library for native dependencies  - Added the installation of the `libgnutls28-dev` package to the x86_64 native dependencies setup in the release workf,feature,Unknown,Jamie Pine,2026-02-05 20:10:46-08:00,20,3,0,0,2,1,1,0,0,0.0,0,clean,TypeScript,2024-2026,1.0,,1.0,0.0,0.0,2
spacedriveapp/spacedrive,ae0e0d04403708fb2016b169c75425e692598dc9,ae0e0d0440,Refactor GitHub Actions workflow for native dependencies setup  - Replaced the Rust toolchain setup action with a custom action for improved maintainability. - Consolidated the native dependencies set,refactor,Unknown,Jamie Pine,2026-02-05 20:36:07-08:00,20,3,0,0,4,48,1,0,0,0.0,0,clean,TypeScript,2024-2026,1.0,,0.08,0.0,0.0,2
spacedriveapp/spacedrive,350e7760b2607644e32d61e489e989b8aa733da6,350e7760b2,"Update GitHub Actions workflow for ARM and x86_64 builds  - Modified host and target configurations for ARM builds to use `blacksmith-4vcpu-ubuntu-2204-arm` and `aarch64-unknown-linux-gnu`, enhancing ",other,Unknown,Jamie Pine,2026-02-05 21:17:30-08:00,21,3,0,0,4,4,1,0,0,0.0,0,clean,TypeScript,2024-2026,1.0,,0.8,0.0,0.0,2
spacedriveapp/spacedrive,d25ca1e63bcca4260f73952a42da0a41be6ba2db,d25ca1e63b,"Refactor inode mapping in LocationManager  - Updated the inode mapping in the LocationManager to simplify the conversion process, enhancing code clarity and maintainability.",refactor,Rust,Jamie Pine,2026-02-05 21:27:19-08:00,21,3,0,0,1,1,1,0,1,20.0,0,clean,TypeScript,2024-2026,1.0,,0.5,0.0,10.0,2
spacedriveapp/spacedrive,ab9c39526dad2c942388d9c01d71e480df460bc2,ab9c39526d,"Update GitHub Actions workflow to install VA-API libraries for ARM64  - Added a step to install VA-API libraries in the release workflow specifically for the ARM64 target, enhancing multimedia process",feature,Unknown,Jamie Pine,2026-02-05 21:59:50-08:00,21,3,0,0,5,1,2,0,0,0.0,0,clean,TypeScript,2024-2026,1.0,,2.5,0.0,0.0,2
spacedriveapp/spacedrive,92020cdc9ebd45f0f94ab1d36adb989eb1af5dad,92020cdc9e,"Refactor GitHub Actions workflow for CLI builds  - Removed commented-out sections for CLI builds to clean up the workflow file, enhancing readability and maintainability. - Updated the server build co",refactor,Unknown,Jamie Pine,2026-02-05 22:40:56-08:00,22,3,0,1,3,87,1,0,0,0.0,0,clean,TypeScript,2024-2026,1.0,,0.03,0.0,0.0,2
spacedriveapp/spacedrive,9de7ee88edaf76003fabb46a63111bcbe5a0695c,9de7ee88ed,"Update versioning across multiple packages and enhance GitHub Actions workflow  - Changed versioning from ""2.0.0-pre.1"" to ""2.0.0-alpha.1"" in various Cargo.toml files and package.json to reflect a new",feature,Rust,Jamie Pine,2026-02-05 22:58:11-08:00,22,3,0,1,234,8,12,0,6,8.33,0,clean,TypeScript,2024-2026,1.0,,26.0,0.0,0.64,2
spacedriveapp/spacedrive,91f2566f1cfea4af65f937b8e7f0e0e955f333bd,91f2566f1c,Remove support for lld-link in get_best_linker function,other,Rust,Jamie Pine,2026-02-05 22:59:09-08:00,22,3,0,1,0,2,1,0,1,7.0,0,clean,TypeScript,2024-2026,1.0,,0.0,0.0,3.5,2
spacedriveapp/spacedrive,28ac407164aa2f8710e1539b6263e99ffbaf8fbe,28ac407164,Remove pull request trigger from GitHub Actions release workflow,other,Unknown,Jamie Pine,2026-02-05 23:00:55-08:00,23,3,0,1,0,4,1,0,0,0.0,0,clean,TypeScript,2024-2026,1.0,,0.0,0.0,0.0,2
spacedriveapp/spacedrive,b23ae40a016309c6912c588a60af7e54ff7e77ca,b23ae40a01,v2.0.0-alpha.2,other,Unknown,Jamie Pine,2026-02-05 23:12:55-08:00,23,3,0,1,164,14,10,0,0,0.0,0,clean,TypeScript,2024-2026,1.0,,10.93,0.0,0.0,2
spacedriveapp/spacedrive,711d75c285773c77162d235b7aec47f66c2b149a,711d75c285,"Update GitHub Actions workflow to exclude ARM64 architecture from build space maximization step  - Modified the condition for maximizing build space to exclude ARM64 architecture, ensuring compatibili",other,Unknown,Jamie Pine,2026-02-05 23:15:39-08:00,23,3,0,1,1,1,2,0,0,0.0,0,clean,TypeScript,2024-2026,1.0,,0.5,0.0,0.0,2
spacedriveapp/spacedrive,08ad5537c94f6c43f05d356d0a056fbf0373fa5c,08ad5537c9,Implement mobile release workflow for iOS and Android builds  - Added a new GitHub Actions workflow (`mobile.yml`) for manual dispatch to build and release the React Native app for iOS and Android. - ,bugfix,JavaScript,Jamie Pine,2026-02-05 23:50:22-08:00,23,3,0,1,252,6,4,0,0,0.0,0,clean,TypeScript,2024-2026,1.0,,36.0,0.0,0.0,2
spacedriveapp/spacedrive,5082a694dc29b957211590bdb9f2801fb922413f,5082a694dc,Add NASM installation step for Windows in release workflow,feature,Unknown,Jamie Pine,2026-02-06 00:13:15-08:00,0,4,0,1,4,0,1,0,0,0.0,0,clean,TypeScript,2024-2026,1.0,,4.0,0.0,0.0,2
spacedriveapp/spacedrive,ac62d00e01bce2daff05f0a0f5b6e2e33ed4fc95,ac62d00e01,Enhance release workflow by adding fail-fast option and setting compiler variables for Windows builds  - Added `fail-fast: false` to the desktop build strategy to allow all jobs to run even if one fai,feature,Unknown,Jamie Pine,2026-02-06 00:41:21-08:00,0,4,0,1,3,0,1,0,0,0.0,0,clean,TypeScript,2024-2026,1.0,,3.0,0.0,0.0,2
spacedriveapp/spacedrive,7741f970e566c0df992f45ec4fc8e13e75230c9e,7741f970e5,build: unify mobile core into root workspace  Merge sd-mobile-core into the root Cargo workspace so desktop and mobile share a single dependency tree and target directory. Remove dead [patch.crates-io,bugfix,Rust,StarbirdTech,2026-02-06 01:01:27-05:00,1,4,0,1,45,40,9,0,4,9.75,0,clean,TypeScript,2024-2026,1.0,,1.1,0.0,0.98,0
spacedriveapp/spacedrive,e6da072104715bbeb1f050b28c8fb3bbb306bbf3,e6da072104,Update shared-key in setup-rust action to version 2 for improved cache management,other,Unknown,Jamie Pine,2026-02-06 01:10:35-08:00,1,4,0,1,1,1,1,0,0,0.0,0,clean,TypeScript,2024-2026,1.0,,0.5,0.0,0.0,2
spacedriveapp/spacedrive,454267df18c468e115a7202e31939deb6ffed49f,454267df18,build: check xcrun exit status before using sdk path  Co-Authored-By: Claude Opus 4.6 <noreply@anthropic.com>,other,Rust,StarbirdTech,2026-02-06 01:13:33-05:00,1,4,0,1,1,0,1,0,1,12.0,0,clean,TypeScript,2024-2026,1.0,,1.0,0.0,6.0,0
spacedriveapp/spacedrive,98a55b83af4d2c8249166a9aa7bdd85199f79518,98a55b83af,feat: add contributors list and update settings page  - Introduced a new contributors.json file containing a list of contributors with their GitHub usernames. - Updated AboutSettings component to disp,feature,Rust,Jamie Pine,2026-02-06 01:46:39-08:00,1,4,0,1,641,2,6,0,7,4.71,0,clean,TypeScript,2024-2026,1.0,,213.67,0.0,0.67,2
spacedriveapp/spacedrive,05f3654863b6b13f8908aeb49ab4d077e1b7b3bc,05f3654863,Enhance Windows build configuration in release workflow by adding CMake compiler variables  - Introduced `CMAKE_C_COMPILER` and `CMAKE_CXX_COMPILER` environment variables for Windows builds to specify,feature,Unknown,Jamie Pine,2026-02-06 01:56:31-08:00,1,4,0,1,2,0,1,0,0,0.0,0,clean,TypeScript,2024-2026,1.0,,2.0,0.0,0.0,2
spacedriveapp/spacedrive,abedb6a6e6ccc1bc120738f59014ff8bfce2863f,abedb6a6e6,"chore: fix package exports, hoist types, remove stale lockfiles  Clean up package.json files: hoist @types/react to root devDependencies with overrides, add proper exports and type declarations to @sd",bugfix,Rust,StarbirdTech,2026-02-06 02:19:00-05:00,2,4,0,1,75,7241,9,0,1,20.0,0,clean,TypeScript,2024-2026,1.0,,0.01,0.0,2.0,0
spacedriveapp/spacedrive,53868e02b211a2269ecbd63593f92f55364a49b5,53868e02b2,"Configure LLVM for Windows in setup-system action to improve build compatibility  - Added steps to set `LIBCLANG_PATH`, `CC`, and `CXX` environment variables for Windows builds. - Updated PATH to excl",feature,Unknown,Jamie Pine,2026-02-06 02:23:30-08:00,2,4,0,1,12,0,1,0,0,0.0,0,clean,TypeScript,2024-2026,1.0,,12.0,0.0,0.0,2
spacedriveapp/spacedrive,bf6d3795d237476cfbf370a754060668dd17403b,bf6d3795d2,Refactor Windows LLVM configuration in setup-system action and release workflow  - Changed the shell for LLVM configuration from bash to PowerShell to align with Windows environment. - Updated environ,refactor,Unknown,Jamie Pine,2026-02-06 02:33:09-08:00,2,4,0,1,6,12,2,0,0,0.0,0,clean,TypeScript,2024-2026,1.0,,0.46,0.0,0.0,2
spacedriveapp/spacedrive,c9749f557ccd338ef3b3975f3d199abb5ce409c4,c9749f557c,Update packages/interface/src/Settings/pages/AboutSettings.tsx  Co-authored-by: tembo[bot] <208362400+tembo[bot]@users.noreply.github.com>,other,Unknown,Jamie Pine,2026-02-06 02:36:28-08:00,2,4,0,1,2,2,1,0,2,1.5,0,clean,TypeScript,2024-2026,1.0,,0.67,0.0,0.75,2
spacedriveapp/spacedrive,b678e5e2faa5b3fc7e3f8dec5a3be0df8aa92288,b678e5e2fa,Update xtask/src/contributors.rs  Co-authored-by: tembo[bot] <208362400+tembo[bot]@users.noreply.github.com>,other,Rust,Jamie Pine,2026-02-06 02:36:39-08:00,2,4,0,1,1,0,1,0,1,12.0,0,clean,TypeScript,2024-2026,1.0,,1.0,0.0,6.0,2
spacedriveapp/spacedrive,54e478a73a1eb4642474c942b2548d59a3fa07e4,54e478a73a,Update xtask/src/contributors.rs  Co-authored-by: tembo[bot] <208362400+tembo[bot]@users.noreply.github.com>,other,Rust,Jamie Pine,2026-02-06 02:36:49-08:00,2,4,0,1,2,0,1,0,1,4.0,0,clean,TypeScript,2024-2026,1.0,,2.0,0.0,2.0,2
spacedriveapp/spacedrive,dcf09ce44c3baf6c1e0633dfd71dbef28ea0b875,dcf09ce44c,"Enhance README.md with detailed component descriptions and architecture updates  - Expanded the Core section to include new technologies like Tokio, Wasmer, and Axum. - Added Cryptography & Security a",feature,Unknown,Jamie Pine,2026-02-06 02:55:56-08:00,2,4,0,1,94,30,1,0,0,0.0,0,clean,TypeScript,2024-2026,1.0,,3.03,0.0,0.0,2
spacedriveapp/spacedrive,819e8566a6b7c748c4a28126b818e1c226f5fa45,819e8566a6,Remove experimental native prototypes section from README.md,docs,Unknown,Jamie Pine,2026-02-06 02:56:50-08:00,2,4,0,1,0,4,1,0,0,0.0,0,clean,TypeScript,2024-2026,1.0,,0.0,0.0,0.0,2
spacedriveapp/spacedrive,0a878b56f5ec1e60e427f4b131e3e1e90ae76672,0a878b56f5,Refactor LLVM configuration for Windows in setup-system action  - Updated the step to hide Clang compilers by renaming executables instead of modifying environment variables. - Ensured `libclang.dll` ,refactor,Unknown,Jamie Pine,2026-02-06 02:58:42-08:00,2,4,0,1,7,6,1,0,0,0.0,0,clean,TypeScript,2024-2026,1.0,,1.0,0.0,0.0,2
spacedriveapp/spacedrive,3899373bca936cb2d1064a1dd8243580937f6966,3899373bca,Update shared-key in setup-rust action to version 3 for improved cache management and add verification step for Clang in setup-system action,feature,Unknown,Jamie Pine,2026-02-06 03:17:55-08:00,3,4,0,1,7,1,2,0,0,0.0,0,clean,TypeScript,2024-2026,1.0,,3.5,0.0,0.0,2
spacedriveapp/spacedrive,5c4b0007658910093158d06e264b710741570ec3,5c4b000765,"build: add mobile-dev profile, fix metro watcher and NDK config  Add a mobile-dev Cargo profile for faster mobile development builds (parallel codegen, no LTO, opt-level 2) — available opt-in via `car",bugfix,JavaScript,StarbirdTech,2026-02-06 03:34:44-05:00,3,4,0,1,45,21,6,0,1,11.0,0,clean,TypeScript,2024-2026,1.0,,2.05,0.0,1.57,0
spacedriveapp/spacedrive,e16069f6df8030c8161932892ba283e9d934af4b,e16069f6df,"Update shared-key in setup-rust action to version 4 for improved cache management and enhance Clang removal process in setup-system action to ensure no Clang executables are discoverable, setting MSVC",other,Unknown,Jamie Pine,2026-02-06 04:08:48-08:00,4,4,0,1,57,11,2,0,0,0.0,0,clean,TypeScript,2024-2026,1.0,,4.75,0.0,0.0,2
spacedriveapp/spacedrive,53a626c9777300d2d97edd1291560bd744bdf4a8,53a626c977,"Update shared-key in setup-rust action to version 5 for improved cache management and enhance compiler detection in setup-system action by forcing MSVC's cl.exe for both detection and compilation, ens",other,Unknown,Jamie Pine,2026-02-06 04:47:02-08:00,4,4,0,1,9,3,2,0,0,0.0,0,clean,TypeScript,2024-2026,1.0,,2.25,0.0,0.0,2
spacedriveapp/spacedrive,38452a4c7c111c1ebcc2a35e6c406b9fad3fd40f,38452a4c7c,"Update shared-key in setup-rust action to version 6 for improved cache management and modify setup-system action to restore and install libclang for Windows, ensuring compatibility with bindgen while ",other,Unknown,Jamie Pine,2026-02-06 06:56:00-08:00,6,4,0,0,27,81,2,0,0,0.0,0,clean,TypeScript,2024-2026,1.0,,0.33,0.0,0.0,2
spacedriveapp/spacedrive,de2373b7d6719d7ebe4259a00428bcbc27af59d2,de2373b7d6,"Add ARM crypto flags for aarch64 architecture in release workflow  - Introduced steps to set CFLAGS and CXXFLAGS for ARM architecture, enhancing build configuration for ARM-based systems.",feature,Unknown,Jamie Pine,2026-02-06 07:56:11-08:00,7,4,0,0,7,2,1,0,0,0.0,0,clean,TypeScript,2024-2026,1.0,,2.33,0.0,0.0,2
spacedriveapp/spacedrive,55a132c89035626e01b8e4adaab83f7485c9087e,55a132c890,"Enhance DLL copying process in setup function  - Updated the setup function to copy DLLs to additional target-triple directories for CI cross-compilation, improving build flexibility. - Modified the l",feature,Rust,Jamie Pine,2026-02-06 15:36:40-08:00,15,4,0,0,18,6,2,0,1,36.0,0,clean,TypeScript,2024-2026,1.0,,2.57,0.0,12.0,2
spacedriveapp/spacedrive,abb88f79fe9e82f80664a6cd7d4c5240a139cfa7,abb88f79fe,"Update Ubuntu hosts in release workflow for improved build performance  - Changed the host for Linux builds from `blacksmith-8vcpu-ubuntu-2204` to `blacksmith-16vcpu-ubuntu-2404`, enhancing build capa",other,Unknown,Jamie Pine,2026-02-06 15:42:45-08:00,15,4,0,0,2,2,1,0,0,0.0,0,clean,TypeScript,2024-2026,1.0,,0.67,0.0,0.0,2
spacedriveapp/spacedrive,f7358524109ca17ba4de645a0f84d12a25244a49,f735852410,Refactor Tauri configuration for Windows and streamline resource management  - Updated the release workflow to conditionally include a Windows-specific configuration file for Tauri builds. - Simplifie,feature,Unknown,Jamie Pine,2026-02-06 18:13:24-08:00,18,4,0,0,12,3,3,0,0,0.0,0,clean,TypeScript,2024-2026,1.0,,3.0,0.0,0.0,2
spacedriveapp/spacedrive,20036ce664b50f2ba2031998f041622a2ef74595,20036ce664,Disable branch push trigger in core tests workflow and standardize YAML formatting for removal flags,test,Unknown,Jamie Pine,2026-02-06 19:36:01-08:00,19,4,0,0,5,5,1,1,0,0.0,0,clean,TypeScript,2024-2026,1.0,,0.83,0.5,0.0,2
spacedriveapp/spacedrive,a3ef815a473a00ff7d00c0732945a4b6b681aec6,a3ef815a47,Update core tests workflow to enable manual trigger and disable automatic push events,test,Unknown,Jamie Pine,2026-02-06 19:37:41-08:00,19,4,0,0,3,2,1,1,0,0.0,0,clean,TypeScript,2024-2026,1.0,,1.0,0.5,0.0,2
spacedriveapp/spacedrive,8ea57396bc083578da5f24f40621008c69083316,8ea57396bc,"Refactor daemon binary resolution in Tauri application  - Introduced a new function `find_daemon_binary` to streamline the process of locating the daemon binary, accommodating both target-triple-suffi",bugfix,Rust,Jamie Pine,2026-02-06 19:59:09-08:00,19,4,0,0,34,67,2,0,2,16.5,0,clean,TypeScript,2024-2026,1.0,,0.5,0.0,5.5,2
spacedriveapp/spacedrive,e44261d42591de51ad802bc0d513d2bd0a6d7e3c,e44261d425,"Update file operation statuses and introduce path intersection task  - Changed the status of the ""Epic: File Operations"" from Done to In Progress to reflect ongoing work. - Added a new task ""Path Inte",feature,Unknown,Jamie Pine,2026-02-07 02:23:12-08:00,2,5,1,1,1248,7,8,0,0,0.0,0,clean,TypeScript,2024-2026,1.0,,156.0,0.0,0.0,2
spacedriveapp/spacedrive,9e6b296ab819596ab5ddc80bbb89a007ae672914,9e6b296ab8,fix(whitepaper): text overflow in two-column layout  Add line break hints for monospace URI strings and code listings that overflow into adjacent column in ACM sigconf two-column layout.  Fixes sectio,bugfix,Unknown,StarbirdTech,2026-02-08 16:28:26-05:00,16,6,1,0,9,7,2,0,0,0.0,0,clean,TypeScript,2024-2026,1.0,,1.12,0.0,0.0,0
spacedriveapp/spacedrive,3cef7332aaa862bbcb2f9ab21c4cecf6f2313304,3cef7332aa,fix(whitepaper): use single-line URLs with shellstyle breaklines  Address review feedback: keep URLs as single source lines and rely on lstlisting breaklines for visual wrapping instead of manual line,bugfix,Unknown,StarbirdTech,2026-02-08 17:08:08-05:00,17,6,1,0,2,4,2,0,0,0.0,0,clean,TypeScript,2024-2026,1.0,,0.4,0.0,0.0,0
FlowiseAI/Flowise,09f2a15310d7d6db057f7fbe41d92782ff80613f,09f2a15310,feat(workflow): add GitHub Actions workflow for publishing agentflow sdk (#5908)  * feat(workflow): add GitHub Actions workflow for publishing @flowiseai/agentflow  - Introduced a new workflow to hand,bugfix,Unknown,Jocelyn Lin,2026-03-05 10:27:36-08:00,10,3,0,0,152,0,1,0,0,0.0,0,clean,TypeScript,2024-2026,1.0,,152.0,0.0,0.0,0
FlowiseAI/Flowise,11a393600a062d60a1e23878632e5c1055f91fff,11a393600a,"feat(agentflow): enhance validation and feedback mechanisms (#5915)  * feat(agentflow): enhance validation and feedback mechanisms  - Added constraint validation functions to ensure flow integrity, in",feature,TypeScript,Jocelyn Lin,2026-03-06 10:37:40-08:00,10,4,0,0,1079,190,20,5,35,4.97,0,clean,TypeScript,2024-2026,1.0,,5.65,0.24,0.24,0
FlowiseAI/Flowise,73b0b1550c87e3f6ca5101a25a9e48affe38ea28,73b0b1550c,feat(agentflow): axios client includes cookies in requests (#5919),feature,TypeScript,Ginna,2026-03-06 12:46:44-07:00,12,4,0,0,2,1,1,0,1,2.0,0,clean,TypeScript,2024-2026,1.0,,1.0,0.0,1.0,0
FlowiseAI/Flowise,a2451e26090cdeb817faa1316a80297166e72652,a2451e2609,feat(agentflow) - create array input component and add test cases (#5887)  * feat(agentflow): Add array input component with field visibility  - Add ArrayInput component for managing lists of structur,bugfix,TypeScript,j-sanaa,2026-03-06 14:20:21-08:00,14,4,0,0,844,20,12,2,18,2.56,0,clean,TypeScript,2024-2026,1.0,,40.19,0.15,0.2,0
FlowiseAI/Flowise,a8189346ec8298a687dd9e62ef864ac08aece96a,a8189346ec,task(agentflow): Bump agentflow version 0.0.0-dev.2 (#5920)  Bump agentflow version 0.0.0-dev.2  Co-authored-by: Ginna Baker <ginna.baker@workday.com>,other,Unknown,Ginna,2026-03-06 16:42:36-07:00,16,4,0,0,1,1,1,0,0,0.0,0,clean,TypeScript,2024-2026,1.0,,0.5,0.0,0.0,0
spacedriveapp/spacedrive,e8fc67de674173b0172f8d8442138d969fffe21e,e8fc67de67,"fix(volume): normalize mount point path in VolumeFingerprint::from_primary_volume  On Windows and macOS, volume paths are case-insensitive but the OS can return them in different cases (e.g. ""C:\"" vs ",bugfix,Rust,slvnlrt,2026-03-06 23:48:37+01:00,23,4,0,1,15,1,1,0,1,4.0,0,clean,TypeScript,2024-2026,1.0,,7.5,0.0,2.0,0
spacedriveapp/spacedrive,a7757d391dfd66b8dbf9f6549316722332ae952f,a7757d391d,perf(refs): replace PowerShell with native Win32 IOCTL for ReFS detection  PowerShell process spawning for ReFS block-cloning checks caused visible latency on every volume operation. Replace with:  - ,bugfix,Rust,slvnlrt,2026-03-06 23:50:38+01:00,23,4,0,1,223,229,2,0,17,3.24,0,clean,TypeScript,2024-2026,1.0,,0.97,0.0,1.08,0
spacedriveapp/spacedrive,e8c15dd1cf448a0e93976c5fa4d06ee871341fd4,e8c15dd1cf,fix(files): use native trash crate for cross-platform recycle bin support  The previous Windows implementation moved files to a temp directory (spacedrive_trash) rather than the actual Recycle Bin. Th,bugfix,Rust,slvnlrt,2026-03-06 23:51:49+01:00,23,4,0,1,19,98,2,0,5,5.6,0,clean,TypeScript,2024-2026,1.0,,0.19,0.0,1.87,0
spacedriveapp/spacedrive,c77985d11e0b1a8c5e2eadb0ddfe4b6fed240532,c77985d11e,"fix(ui): normalize Windows path separators in useNormalizedQuery  On Windows, physical file paths use backslashes (e.g. C:\Users\file.txt). filterBatchResources was calling pathStr.lastIndexOf(""/"") wh",bugfix,TypeScript,slvnlrt,2026-03-06 23:52:40+01:00,23,4,0,1,6,3,1,0,2,5.5,0,clean,TypeScript,2024-2026,1.0,,1.5,0.0,2.75,0
spacedriveapp/spacedrive,507ac326916b27d8a3344be0869a86f34f4c55c6,507ac32691,fix(tests): align progress.rs tests with actual implementation  The upstream tests had assertions that didn't match the implementation: - completion.completed/total used phase-specific values but the ,bugfix,Rust,slvnlrt,2026-03-07 00:09:37+01:00,0,5,1,1,14,9,1,0,3,1.0,0,clean,TypeScript,2024-2026,1.0,,1.4,0.0,0.5,0
typeorm/typeorm,57a6c9d3d55876857a0899a091a3030f2ad2e40c,57a6c9d3d5,ci(tests): limit push trigger to master branch only (#12122),test,Unknown,Piotr Kuczynski,2026-03-07 22:50:04+00:00,22,5,1,1,2,0,1,1,0,0.0,0,clean,TypeScript,2024-2026,1.0,,2.0,0.5,0.0,0
typeorm/typeorm,b6fab4f9128761818732819bd0a0e3ca31575c43,b6fab4f912,refactor(Repository)!: remove deprecated exist() method (#12131),refactor,TypeScript,Piotr Kuczynski,2026-03-07 23:05:04+00:00,23,5,1,1,12,11,2,0,1,1.0,0,clean,TypeScript,2024-2026,1.0,,1.0,0.0,0.33,0
typeorm/typeorm,e4718e25afa14f2d11ff1199f404c6860f5b1419,e4718e25af,refactor(columns)!: remove deprecated unsigned from ColumnNumericOptions (#12133),refactor,TypeScript,Piotr Kuczynski,2026-03-08 09:07:26+00:00,9,6,1,0,4,7,2,0,0,0.0,0,clean,TypeScript,2024-2026,1.0,,0.5,0.0,0.0,0
typeorm/typeorm,e33a3804a7c19bf9df97bc5c457ff44cf7e87fb0,e33a3804a7,refactor(columns)!: remove deprecated readonly column option (#12132),refactor,TypeScript,Piotr Kuczynski,2026-03-08 10:03:33+01:00,10,6,1,0,14,87,7,1,3,7.0,0,clean,TypeScript,2024-2026,1.0,,0.16,0.12,0.88,0
typeorm/typeorm,26cce0f9c3b949e2d21d5307e117b64f293f3681,26cce0f9c3,refactor(broadcaster): remove deprecated broadcastLoadEventsForAll method (#12137),refactor,TypeScript,Piotr Kuczynski,2026-03-08 11:11:36+00:00,11,6,1,0,0,14,1,0,1,1.0,0,clean,TypeScript,2024-2026,1.0,,0.0,0.0,0.5,0
typeorm/typeorm,c325ec460a4936ac5b9fd3b090d729b7557048fd,c325ec460a,refactor(DriverUtils): remove deprecated buildColumnAlias method (#12138),refactor,TypeScript,Piotr Kuczynski,2026-03-08 13:08:12+02:00,13,6,1,0,0,28,1,0,1,2.0,0,clean,TypeScript,2024-2026,1.0,,0.0,0.0,1.0,0
typeorm/typeorm,b3a27e527eb00ee12ad0d484204f98cc827df6f4,b3a27e527e,refactor(ConnectionOptionsReader)!: remove ConnectionOptionsEnvReader and TYPEORM_* env variable support (#12134),refactor,TypeScript,Piotr Kuczynski,2026-03-08 13:27:17+00:00,13,6,1,0,19,324,13,1,3,2.0,0,clean,TypeScript,2024-2026,1.0,,0.06,0.07,0.14,0
typeorm/typeorm,7b1b85e901fd5edbd066af61fbc4559222e4a461,7b1b85e901,refactor(MigrationExecutor)!: remove deprecated getAllMigrations method (#12142),refactor,TypeScript,Piotr Kuczynski,2026-03-08 14:06:03+01:00,14,6,1,0,14,8,2,0,1,1.0,0,clean,TypeScript,2024-2026,1.0,,1.56,0.0,0.33,0
typeorm/typeorm,62eb617db92f9252f31b3da0515f82858e21f572,62eb617db9,ci(milestones): add workflow to auto-assign milestones on merge (#12139),feature,Unknown,Piotr Kuczynski,2026-03-08 14:18:24+01:00,14,6,1,0,114,0,1,0,0,0.0,0,clean,TypeScript,2024-2026,1.0,,114.0,0.0,0.0,0
typeorm/typeorm,52d2d7fff8b2b037203cf96d4777fb1f967de2e8,52d2d7fff8,refactor(EntityMetadata)!: remove deprecated static createPropertyPath method (#12141),refactor,TypeScript,Piotr Kuczynski,2026-03-08 14:24:03+01:00,14,6,1,0,1,33,2,1,3,2.0,0,clean,TypeScript,2024-2026,1.0,,0.03,0.33,0.67,0
typeorm/typeorm,056ee2da87c9ff4f886162ac465ff290516eb531,056ee2da87,ci: do not skip detect-changes on pull requests (#12145),other,Unknown,Piotr Kuczynski,2026-03-08 18:45:59+01:00,18,6,1,0,0,1,1,1,0,0.0,0,clean,TypeScript,2024-2026,1.0,,0.0,0.5,0.0,0
typeorm/typeorm,46d5b843d62ea80192b443a5683736238ac94637,46d5b843d6,fix: scope invalidWhereValuesBehavior to high-level abstractions only (#11878)  Co-authored-by: Claude Opus 4.6 <noreply@anthropic.com> Co-authored-by: Giorgio Boa <35845425+gioboa@users.noreply.githu,bugfix,TypeScript,Naor Peled,2026-03-08 19:31:42+00:00,19,6,1,0,609,244,8,2,3,1.0,0,clean,TypeScript,2024-2026,1.0,,2.49,0.22,0.11,0
typeorm/typeorm,a5c9b4ccbcdb92efac5edf83dc3a27b761b834a9,a5c9b4ccbc,feat(mongo)!: remove exported internal types (#12037),feature,TypeScript,Lucian Mocanu,2026-03-08 19:55:04+01:00,19,6,1,0,135,165,41,4,8,3.62,0,clean,TypeScript,2024-2026,1.0,,0.81,0.1,0.09,0
typeorm/typeorm,cd72d2a0390c10548ffdd1873ea9642bee42b918,cd72d2a039,ci(tests): add detect-changes to all-passed job needs (#12146),feature,Unknown,Piotr Kuczynski,2026-03-08 20:11:00+00:00,20,6,1,0,1,0,1,1,0,0.0,0,clean,TypeScript,2024-2026,1.0,,1.0,0.5,0.0,0
typeorm/typeorm,151b16622525f8b0c5f3e68ee2f538c2634ff75d,151b166225,docs: remove GSoC documentation (#12147),docs,TypeScript,Naor Peled,2026-03-08 23:03:56+00:00,23,6,1,1,1,270,3,0,0,0.0,0,clean,TypeScript,2024-2026,1.0,,0.0,0.0,0.0,0
typeorm/typeorm,fc229f03bff9712231eb19e957299d6bee5da2c9,fc229f03bf,ci(publish): skip publish-package workflow in forks (#12148)  Co-authored-by: Giorgio Boa <35845425+gioboa@users.noreply.github.com>,other,Unknown,Piotr Kuczynski,2026-03-08 23:59:12+00:00,23,6,1,1,1,0,1,0,0,0.0,0,clean,TypeScript,2024-2026,1.0,,1.0,0.0,0.0,0
typeorm/typeorm,3e47ee21431a9de8465e9f4b5c39c6b6de01a481,3e47ee2143,feat(QueryRunner): add ifExists parameter to all drop methods (#12121),feature,TypeScript,Piotr Kuczynski,2026-03-09 00:26:57+00:00,0,0,0,1,1156,388,23,11,238,4.39,0,clean,TypeScript,2024-2026,1.0,,2.97,0.46,0.18,0
typeorm/typeorm,bcf80e56a7ce5a3ff0fb5f2751bfbe4d2cf7ab33,bcf80e56a7,docs: add roadmap page linking to GitHub milestones (#12140),feature,TypeScript,Piotr Kuczynski,2026-03-09 08:12:02+00:00,8,0,0,0,18,0,2,0,0,0.0,0,clean,TypeScript,2024-2026,1.0,,18.0,0.0,0.0,0
typeorm/typeorm,bdcbeadf0fe4c3527f1b9006b93a0cfec27301be,bdcbeadf0f,docs: add Docusaurus blog (#12156),feature,TypeScript,David Höck,2026-03-09 08:35:57+01:00,8,0,0,0,51,5,5,0,0,0.0,0,clean,TypeScript,2024-2026,1.0,,8.5,0.0,0.0,0
typeorm/typeorm,f60972194fd1ebd590bf93188e8c821b087a02d5,f60972194f,refactor!: remove internal nativeParameters plumbing from drivers and query builders (#12104),refactor,TypeScript,Piotr Kuczynski,2026-03-09 10:07:41+00:00,10,0,0,0,10,123,16,1,10,1.9,0,clean,TypeScript,2024-2026,1.0,,0.08,0.06,0.11,0
typeorm/typeorm,4a7c781b98ccf59d5479a9c0efd4007bce0f7a70,4a7c781b98,"refactor(QueryBuilder)!: remove onConflict(), deprecated orUpdate() overload, and setNativeParameters() (#12090)",refactor,TypeScript,Piotr Kuczynski,2026-03-09 10:31:56+01:00,10,0,0,0,77,426,9,3,5,1.2,0,clean,TypeScript,2024-2026,1.0,,0.18,0.3,0.12,0
typeorm/typeorm,2c7ca34b8c21d3904eedb3ff9b5461a4b83bbc47,2c7ca34b8c,refactor(SqlServer)!: remove deprecated domain connection option (#12135),refactor,TypeScript,Piotr Kuczynski,2026-03-09 10:51:10+00:00,10,0,0,0,32,20,3,0,1,4.0,0,clean,TypeScript,2024-2026,1.0,,1.52,0.0,1.0,0
typeorm/typeorm,e1b2bca2235256bee0581a4d211acba37045e656,e1b2bca223,docs: update contact email to maintainers@typeorm.io (#12161),docs,Unknown,Piotr Kuczynski,2026-03-09 11:06:11+00:00,11,0,0,0,2,2,2,0,0,0.0,0,clean,TypeScript,2024-2026,1.0,,0.67,0.0,0.0,0
FlowiseAI/Flowise,605f9ee1d85c388f7d20c69c5cdfa2e10374d0e9,605f9ee1d8,refactor(agentflow): use design tokens for validation colors (#5934)  * refactor(agentflow): use design tokens for validation colors  Replace hardcoded '#FFB938' validation color with tokens.colors.bo,refactor,TypeScript,Jocelyn Lin,2026-03-09 11:16:34-07:00,11,0,0,0,12,5,3,0,3,8.0,0,clean,TypeScript,2024-2026,1.0,,2.0,0.0,2.0,0
typeorm/typeorm,8a9f0b92d7d77c99be62bd0920204e9939b4400e,8a9f0b92d7,refactor(ConnectionOptionsReader)!: remove deprecated DataSource.name and simplify API (#12136),refactor,TypeScript,Piotr Kuczynski,2026-03-09 12:22:09+00:00,12,0,0,0,124,233,43,25,38,3.37,0,clean,TypeScript,2024-2026,1.0,,0.53,0.57,0.08,0
typeorm/typeorm,ae596fe463360d638df09733e47a8f6c5d617b05,ae596fe463,test: remove skipped github-issue-114 test (#12144),test,TypeScript,Piotr Kuczynski,2026-03-09 13:24:04+00:00,13,0,0,0,0,24,1,1,1,1.0,0,clean,TypeScript,2024-2026,1.0,,0.0,0.5,0.5,0
typeorm/typeorm,4dced4cf323993d6bb34e1ac13005b1e8673ad59,4dced4cf32,ci(tests): add merge_group trigger to tests workflow (#12163),feature,Unknown,Piotr Kuczynski,2026-03-09 14:15:40+00:00,14,0,0,0,1,0,1,1,0,0.0,0,clean,TypeScript,2024-2026,1.0,,1.0,0.5,0.0,0
FlowiseAI/Flowise,9a772b6154a7af9327a35f6ffd9ebc1da91c0763,9a772b6154,Bugfix/TTS Invalid WorkspaceId (#5917)  fix TTS Invalid WorkspaceId,bugfix,TypeScript,Henry Heng,2026-03-09 14:28:00+08:00,14,0,0,0,12,3,1,0,1,14.0,0,clean,TypeScript,2024-2026,1.0,,3.0,0.0,7.0,0
typeorm/typeorm,dad8ece8dee0f2c977f20a7ccdec9f5d31ce6024,dad8ece8de,test: move github-issue-108 test to schema-builder/sync-unique-constraint-names (#12143),test,TypeScript,Piotr Kuczynski,2026-03-09 15:13:06+00:00,15,0,0,0,30,30,5,1,1,1.0,0,clean,TypeScript,2024-2026,1.0,,0.97,0.17,0.17,0
FlowiseAI/Flowise,9d6a41677759699e886750683ce7753f026b8418,9d6a416777,feat(agentflow): add requestInterceptor prop for API customization (#5936)  * feat(agentflow): add requestInterceptor prop for API customization  - Introduced a new `requestInterceptor` prop in the Ag,feature,TypeScript,Jocelyn Lin,2026-03-09 15:40:19-07:00,15,0,0,0,473,339,15,2,13,4.23,0,clean,TypeScript,2024-2026,1.0,,1.39,0.12,0.26,0
typeorm/typeorm,428457ad594840edbe4e70d7f79e1ed47b6d76b7,428457ad59,ci(cockroachdb): add health check for CockroachDB service (#12157),feature,Unknown,Piotr Kuczynski,2026-03-09 17:01:32+00:00,17,0,0,0,10,0,2,1,0,0.0,0,clean,TypeScript,2024-2026,1.0,,10.0,0.33,0.0,0
typeorm/typeorm,c6745f3df4f93d2ea93acd59182edac079474118,c6745f3df4,feat(invalid-where-values-behavior): make throw the default (#11710),feature,TypeScript,Naor Peled,2026-03-09 19:07:27+00:00,19,0,0,0,421,293,10,3,5,3.0,0,clean,TypeScript,2024-2026,1.0,,1.43,0.27,0.27,0
FlowiseAI/Flowise,18705402b6d24410f553bb73083c04c70cd92a96,18705402b6,Upgrade GitHub Actions for Node 24 compatibility (#5911)  Signed-off-by: Salman Muin Kayser Chishti <13schishti@gmail.com>,other,Unknown,Salman Chishti,2026-03-09 23:53:06+08:00,23,0,0,1,6,6,5,1,0,0.0,0,clean,TypeScript,2024-2026,1.0,,0.86,0.17,0.0,0
FlowiseAI/Flowise,3ad8a5a829e70a9148e9180f943ce4fc17303561,3ad8a5a829,Upgrade GitHub Actions to latest versions (#5912)  Signed-off-by: Salman Muin Kayser Chishti <13schishti@gmail.com>,test,Unknown,Salman Chishti,2026-03-09 23:53:19+08:00,23,0,0,1,12,12,3,0,0,0.0,0,clean,TypeScript,2024-2026,1.0,,0.92,0.0,0.0,0
FlowiseAI/Flowise,840d2ae14d25230579a58aa4305f8506672a0a45,840d2ae14d,Prevent IDOR Takeover of DocumentStores (#5914)  * Prevent IDOR Takeover of DocumentStores  * Update packages/server/src/controllers/documentstore/index.ts  Co-authored-by: gemini-code-assist[bot] <17,bugfix,TypeScript,christopherholland-workday,2026-03-10 13:04:34+08:00,13,1,0,0,18,4,3,0,3,10.67,0,clean,TypeScript,2024-2026,1.0,,3.6,0.0,2.67,0
FlowiseAI/Flowise,20eac8f1eca9ef4697e6da9e357d70bec0ed16c5,20eac8f1ec,feat(agentflow) Create Async Data Fetching Infrastructure in agentflow (#5937)  * initial flow  * Fixed  export types and added example application to test end to end flow  * Fix build errors  * fix g,bugfix,TypeScript,j-sanaa,2026-03-10 17:17:04-07:00,17,1,0,0,371,4,13,5,18,1.06,0,clean,TypeScript,2024-2026,1.0,,74.2,0.36,0.08,0
typeorm/typeorm,655809eaf82d7392c170227ef1b97c8e3fbcad03,655809eaf8,test(github-issue): move test 190 to query-builder/take/sqlite-high-take-limit (#12176),test,TypeScript,Piotr Kuczynski,2026-03-10 21:23:30+00:00,21,1,0,0,35,35,5,1,3,1.0,0,clean,TypeScript,2024-2026,1.0,,0.97,0.17,0.17,0
FlowiseAI/Flowise,c7f18f51bb2e729e34f8301f0fb633a873fe946e,c7f18f51bb,Use secureFetch and secureAxiosRequest for more URLs (#5886)  * Use secureFetch and secureAxiosRequest for URL's controlled by user input  * Use secureFetch and secureAxiosRequest for more URLs  * Use,other,TypeScript,christopherholland-workday,2026-03-10 22:27:58+08:00,22,1,0,1,76,61,10,0,20,8.35,0,clean,TypeScript,2024-2026,1.0,,1.23,0.0,0.76,0
typeorm/typeorm,37df1285c73a2b4f2dd2e9a9ee5f2bb2fc7b6845,37df1285c7,refactor(container): remove deprecated IoC container system (#12180),refactor,TypeScript,Piotr Kuczynski,2026-03-10 22:47:01+00:00,22,1,0,1,27,107,5,0,3,1.33,0,clean,TypeScript,2024-2026,1.0,,0.25,0.0,0.22,0
typeorm/typeorm,9aafb048b985e6a8a7b6af08d0c4f55de44435f2,9aafb048b9,refactor(QueryBuilder): remove deprecated replacePropertyNames method (#12178),refactor,TypeScript,Piotr Kuczynski,2026-03-10 23:25:55+00:00,23,1,0,1,32,60,5,0,3,5.33,0,clean,TypeScript,2024-2026,1.0,,0.52,0.0,0.89,0
typeorm/typeorm,7c8025c67502d114dc00199f0c2ab002fbe4fb38,7c8025c675,refactor(mongodb): remove deprecated connection options (#12179),refactor,TypeScript,Piotr Kuczynski,2026-03-11 00:10:27+00:00,0,2,0,1,91,135,6,0,0,0.0,0,clean,TypeScript,2024-2026,1.0,,0.67,0.0,0.0,0
typeorm/typeorm,636994bcd1923ef88921cf8df9aa3972ca0a1f0d,636994bcd1,test(github-issue): move test 175 to relations/empty-relation-returns-array (#12171),test,TypeScript,Piotr Kuczynski,2026-03-11 00:58:10+00:00,0,2,0,1,43,43,5,1,5,1.0,0,clean,TypeScript,2024-2026,1.0,,0.98,0.17,0.17,0
typeorm/typeorm,c9916c9f63386cd0568c60fbfc9c7e689033aa46,c9916c9f63,test(github-issue): remove duplicate test 134 (#12168),test,TypeScript,Piotr Kuczynski,2026-03-11 06:16:47+00:00,6,2,0,0,0,72,2,1,1,1.0,0,clean,TypeScript,2024-2026,1.0,,0.0,0.33,0.33,0
typeorm/typeorm,4daeab74f9a67700b4bf3759fc2b07f514953bc8,4daeab74f9,test(github-issue): move test 163 to relations/many-to-many/save-from-both-sides (#12169),test,TypeScript,Piotr Kuczynski,2026-03-11 06:45:39+01:00,6,2,0,0,36,38,4,1,3,1.0,0,clean,TypeScript,2024-2026,1.0,,0.92,0.2,0.2,0
typeorm/typeorm,29ad659f073cb10553e9859010044ee34e207b9e,29ad659f07,feat(redis)!: remove support for legacy redis client versions (#12057)  Co-authored-by: Giorgio Boa <35845425+gioboa@users.noreply.github.com>,feature,TypeScript,Mohammed Gomaa,2026-03-11 08:49:07+00:00,8,2,0,0,878,195,7,2,7,3.29,0,clean,TypeScript,2024-2026,1.0,,4.48,0.25,0.41,0
FlowiseAI/Flowise,08e6a791c27f3c9e4faa0dad3ee60f4d6cf90746,08e6a791c2,fix(ci): avoid workspace: protocol error in publish-agentflow workflow (#5946)  * fix(ci): avoid workspace: protocol error in publish-agentflow workflow  Use working-directory instead of pnpm exec for,bugfix,Unknown,Jocelyn Lin,2026-03-11 09:15:24-07:00,9,2,0,0,17,11,2,0,0,0.0,0,clean,TypeScript,2024-2026,1.0,,1.42,0.0,0.0,0
FlowiseAI/Flowise,8799c7a309e1c2aefc8651cd9a36c64efcafb3c2,8799c7a309,"Sanitize flowData in getSinglePublicChatflow (#5938)  * Sanitize flowData in getSinglePublicChatflow  * Fixes to password reset functionality  * Revert ""Fixes to password reset functionality""  This re",bugfix,TypeScript,christopherholland-workday,2026-03-11 09:15:46-07:00,9,2,0,0,18,3,3,1,3,11.0,0,clean,TypeScript,2024-2026,1.0,,4.5,0.25,2.75,0
typeorm/typeorm,66e7a0fee53221595d6da7103ee73cac946ac7b8,66e7a0fee5,test(github-issue): remove duplicate test 131 (#12167)  Co-authored-by: Giorgio Boa <35845425+gioboa@users.noreply.github.com>,test,TypeScript,Piotr Kuczynski,2026-03-11 09:48:07+00:00,9,2,0,0,0,66,4,1,1,1.0,0,clean,TypeScript,2024-2026,1.0,,0.0,0.2,0.2,0
FlowiseAI/Flowise,e00876ad36e37ae8d6a9ecd0cdc85f5ceebf6ceb,e00876ad36,chore: bump @flowiseai/agentflow to 0.0.0-dev.3 (#5952)  Co-authored-by: github-actions[bot] <github-actions[bot]@users.noreply.github.com>,other,Unknown,github-actions[bot],2026-03-11 11:02:57-07:00,11,2,0,0,1,1,1,0,0,0.0,0,clean,TypeScript,2024-2026,1.0,,0.5,0.0,0.0,0
typeorm/typeorm,ab749417276f1eb605911c59658907ac0b57ff71,ab74941727,test(github-issue): move test 174 to embedded/order-by-duplicate-column-name (#12170),test,TypeScript,Piotr Kuczynski,2026-03-11 11:23:43+01:00,11,2,0,0,20,20,4,1,3,1.0,0,clean,TypeScript,2024-2026,1.0,,0.95,0.2,0.2,0
typeorm/typeorm,6aa28411af4a1a3da64448b0fd8447093de4cd07,6aa28411af,test(github-issue): remove duplicate test 184 (#12175),test,TypeScript,Piotr Kuczynski,2026-03-11 12:35:07+00:00,12,2,0,0,0,130,5,1,4,1.0,0,clean,TypeScript,2024-2026,1.0,,0.0,0.17,0.17,0
typeorm/typeorm,7d24c4249b3c10adce1bc5f140a4959871f79eea,7d24c4249b,test(github-issue): move test 197 to schema-builder/drop-column-with-index (#12177),test,TypeScript,Piotr Kuczynski,2026-03-11 13:04:57+00:00,13,2,0,0,41,25,3,1,1,1.0,0,clean,TypeScript,2024-2026,1.0,,1.58,0.25,0.25,0
typeorm/typeorm,3b4313e6d4b4272d0b5b56fa5bfc67388e98f5bb,3b4313e6d4,test(github-issue): remove duplicate test 182 (#12173),test,TypeScript,Piotr Kuczynski,2026-03-11 13:35:20+00:00,13,2,0,0,0,108,3,1,1,1.0,0,clean,TypeScript,2024-2026,1.0,,0.0,0.25,0.25,0
typeorm/typeorm,c4dc4312bc8465285901fa11ffa55d9ad19a42e9,c4dc4312bc,perf(postgres): batch DROP statements in clearDatabase() (#12164)  Co-authored-by: Giorgio Boa <35845425+gioboa@users.noreply.github.com>,other,TypeScript,Piotr Kuczynski,2026-03-11 14:07:58+00:00,14,2,0,0,32,27,1,0,0,0.0,0,clean,TypeScript,2024-2026,1.0,,1.14,0.0,0.0,0
typeorm/typeorm,d494489c456e1c7c8eac57e5ae308510e1ca96f8,d494489c45,perf(cockroachdb): batch DROP statements in clearDatabase() (#12159),other,TypeScript,Piotr Kuczynski,2026-03-11 15:10:01+00:00,15,2,0,0,42,25,1,0,2,88.0,0,clean,TypeScript,2024-2026,1.0,,1.62,0.0,44.0,0
typeorm/typeorm,d4cf256f1c3543d0f84c0588c807a4f1d6e03280,d4cf256f1c,refactor(QueryRunner): remove deprecated loadedTables and loadedViews properties (#12183),refactor,TypeScript,Piotr Kuczynski,2026-03-11 16:26:57+00:00,16,2,0,0,59,58,4,0,9,5.78,0,clean,TypeScript,2024-2026,1.0,,1.0,0.0,1.16,0
typeorm/typeorm,cd4c47bcc05787d66b0482941e74fb56ec0df485,cd4c47bcc0,refactor(decorator): remove deprecated @RelationCount decorator (#12181),refactor,TypeScript,Piotr Kuczynski,2026-03-11 19:05:06+00:00,19,2,0,0,21,3325,43,6,65,2.54,0,clean,TypeScript,2024-2026,1.0,,0.01,0.14,0.06,0
typeorm/typeorm,aa4c2f206a1270ea17a7ba012bd6822acb5471cb,aa4c2f206a,refactor!: remove deprecated findByIds from Repository and EntityManager (#12114),refactor,TypeScript,Piotr Kuczynski,2026-03-11 19:49:08+00:00,19,2,0,0,123,236,13,5,8,1.12,0,clean,TypeScript,2024-2026,1.0,,0.52,0.36,0.08,0
typeorm/typeorm,1abf6e719b6ad19f854dc56a94f149c9c4385769,1abf6e719b,"fix(postgres,cockroachdb): use parameterized queries in clearDatabase() (#12185)  Co-authored-by: Giorgio Boa <35845425+gioboa@users.noreply.github.com>",bugfix,TypeScript,Piotr Kuczynski,2026-03-11 20:29:12+00:00,20,2,0,0,36,24,2,0,4,43.25,0,clean,TypeScript,2024-2026,1.0,,1.44,0.0,14.42,0
typeorm/typeorm,467b49a7a7d889ff3ef4a8e3c59ce0189e598364,467b49a7a7,ci(qodo): removed extra comment from PR agent (#12186),other,Unknown,Guy Vago,2026-03-11 20:32:05+00:00,20,2,0,0,2,1,1,0,0,0.0,0,clean,TypeScript,2024-2026,1.0,,1.0,0.0,0.0,0
typeorm/typeorm,21664d53c8e0b5928e02b5c4ef59fbeed9191fbf,21664d53c8,fix(upsert): handle update false or generatedType properly (#12030),bugfix,TypeScript,Giorgio Boa,2026-03-11 21:47:05+00:00,21,2,0,0,70,9,7,1,2,1.0,0,clean,TypeScript,2024-2026,1.0,,7.0,0.12,0.12,0
typeorm/typeorm,3eb101dbdd187748bb3e98c502122f5d96ffc412,3eb101dbdd,ci: consolidate test configs into ormconfig.sample.json (#12162),test,TypeScript,Piotr Kuczynski,2026-03-11 22:26:35+00:00,22,2,0,1,138,304,17,7,2,7.0,0,clean,TypeScript,2024-2026,1.0,,0.45,0.39,0.39,0
typeorm/typeorm,d756cc0751701fb97dbc3c0ccbedbd0cb3e8258c,d756cc0751,test(github-issue): remove duplicate test 176 (#12172),test,TypeScript,Piotr Kuczynski,2026-03-11 23:07:06+00:00,23,2,0,1,0,74,2,1,1,1.0,0,clean,TypeScript,2024-2026,1.0,,0.0,0.33,0.33,0
FlowiseAI/Flowise,6c78e1c36f4cf08874b9b7a444d61ab63441d78a,6c78e1c36f,Fixes to password reset functionality (#5913)  * Fix Reset Password Auth Bypass  * Fix auth bypass in password reset  * Fix unauthorized password reset  * Update packages/server/src/enterprise/service,bugfix,TypeScript,christopherholland-workday,2026-03-11 23:13:33+08:00,23,2,0,1,11,10,1,0,2,8.5,0,clean,TypeScript,2024-2026,1.0,,1.0,0.0,4.25,0
typeorm/typeorm,3432ac825d39a42018464b846c86ef91ab5fc669,3432ac825d,ci(publish): overhaul publish package strategy with tagging (#12154),other,Unknown,Piotr Kuczynski,2026-03-12 00:07:34+00:00,0,3,0,1,118,88,2,0,0,0.0,0,clean,TypeScript,2024-2026,1.0,,1.33,0.0,0.0,0
typeorm/typeorm,a671e9c68270559c996479f2db40a4243e87786f,a671e9c682,ci(qodo): remove final_update_message config (#12191),other,Unknown,Naor Peled,2026-03-12 00:41:26+00:00,0,3,0,1,0,1,1,0,0,0.0,0,clean,TypeScript,2024-2026,1.0,,0.0,0.0,0.0,0
typeorm/typeorm,658e27589ab5f4982b1b55d339f696dde171a130,658e27589a,refactor(find-options): un-deprecate OrderByCondition type (#12187),refactor,TypeScript,Piotr Kuczynski,2026-03-12 01:19:45+00:00,1,3,0,1,0,1,1,0,0,0.0,0,clean,TypeScript,2024-2026,1.0,,0.0,0.0,0.0,0
typeorm/typeorm,ce21d3112390f81a13da2293c23a69f1ce491413,ce21d31123,test(github-issue): move test 211 to query-builder/parameters/spread-in-parameters (#12196)  Co-authored-by: Giorgio Boa <35845425+gioboa@users.noreply.github.com>,test,TypeScript,Piotr Kuczynski,2026-03-12 08:10:09+00:00,8,3,0,0,55,63,3,2,2,1.0,0,clean,TypeScript,2024-2026,1.0,,0.86,0.5,0.25,0
typeorm/typeorm,824eae4c98df68d5d9def2ed7c7f78f249ca9389,824eae4c98,ci(docs): remove unused docsearch workflow and scraper config (#12194)  Co-authored-by: Giorgio Boa <35845425+gioboa@users.noreply.github.com>,docs,Unknown,Piotr Kuczynski,2026-03-12 08:19:34+00:00,8,3,0,0,0,89,2,0,0,0.0,0,clean,TypeScript,2024-2026,1.0,,0.0,0.0,0.0,0
FlowiseAI/Flowise,4ed8a5715c5da7a9aa4cef7626e5c4105d365cc1,4ed8a5715c,feat(agentflow): ConditionBuilder + dynamic output ports (FLOWISE-261) (#5957)  * feat(agentflow): add ConditionBuilder component and dynamic output ports (FLOWISE-261)  Implement condition node editi,bugfix,TypeScript,Jocelyn Lin,2026-03-12 09:57:24-07:00,9,3,0,0,992,13,15,5,29,4.21,0,clean,TypeScript,2024-2026,1.0,,70.86,0.31,0.26,0
FlowiseAI/Flowise,0973446cfa7d3732abbc8655c7d43a68f63b6fbf,0973446cfa,Feat/agentflow async input handlers (#5956)  * initial flow  * Removed unused imports  * fix endpoint for chatModels from 'assistants/components/chatmodels' to '/node-load-method/agentAgentflow'  * Re,bugfix,TypeScript,j-sanaa,2026-03-12 11:28:20-07:00,11,3,0,0,1328,51,22,8,53,2.45,0,clean,TypeScript,2024-2026,1.0,,25.54,0.35,0.11,0
typeorm/typeorm,54cc6c4c57927e59c5b054c0ae7e748f1fd93ae4,54cc6c4c57,fix(ValueTransformer): transform FindOperators in ApplyValueTransformers (#11172)  Co-authored-by: Piotr Kuczynski <piotr.kuczynski@gmail.com>,bugfix,TypeScript,Gil Tichon,2026-03-12 16:11:52+00:00,16,3,0,0,100,9,4,1,5,1.4,0,clean,TypeScript,2024-2026,1.0,,10.0,0.2,0.28,0
typeorm/typeorm,8ac34279362a2e5ab27a653d56269b22d9624f6d,8ac3427936,ci: restore npm upgrade and bump Node to 24 for trusted publishing (#12199),other,Unknown,Piotr Kuczynski,2026-03-12 19:27:59+01:00,19,3,0,0,4,1,1,0,0,0.0,0,clean,TypeScript,2024-2026,1.0,,2.0,0.0,0.0,0
typeorm/typeorm,3b471985a0290eafad01d3fb16397ccfbff3d7c4,3b471985a0,refactor(query-builder): replace deprecated substr with modern alternatives (#12149),refactor,TypeScript,Naor Peled,2026-03-12 20:12:16+00:00,20,3,0,0,4,5,2,0,0,0.0,0,clean,TypeScript,2024-2026,1.0,,0.67,0.0,0.0,0
typeorm/typeorm,6b7101d560c2c8667ef11c58ab7bace969f16268,6b7101d560,ci: update github actions to latest versions (#12201),test,Unknown,Piotr Kuczynski,2026-03-13 00:08:24+00:00,0,4,0,1,17,19,6,4,0,0.0,0,clean,TypeScript,2024-2026,1.0,,0.85,0.57,0.0,0
typeorm/typeorm,5692d6daea31fb52662e567b03445c89bdbd4c3a,5692d6daea,docs(container): expand migration guide with DI patterns and alternatives (#12192)  Co-authored-by: Giorgio Boa <35845425+gioboa@users.noreply.github.com>,docs,Unknown,Piotr Kuczynski,2026-03-13 07:14:16+00:00,7,4,0,0,64,11,3,0,0,0.0,0,clean,TypeScript,2024-2026,1.0,,5.33,0.0,0.0,0
FlowiseAI/Flowise,9d075343ce1f27d5d921e345d4825d69c2d3c9ab,9d075343ce,Fix/agentflow multiOptions rendering (#5964)  * added support fo multi options  * add support for store amad embeddings api  * Changed naming of all apiClients to be consistent  * Add correct index to,bugfix,TypeScript,j-sanaa,2026-03-13 09:27:02-07:00,9,4,0,0,254,61,17,5,28,1.57,0,clean,TypeScript,2024-2026,1.0,,4.1,0.28,0.09,0
typeorm/typeorm,201c0787d06dfe1adfd24003dcf176f9be6edc22,201c0787d0,ci(qodo): turn off `feedback_or_draft_pr` (#12204),other,Unknown,Guy Vago,2026-03-13 15:13:44+01:00,15,4,0,0,1,0,1,0,0,0.0,0,clean,TypeScript,2024-2026,1.0,,1.0,0.0,0.0,0
FlowiseAI/Flowise,65bfd318306b77f7b1a461943297809408df3786,65bfd31830,"feat(agentflow): MessagesInput, StructuredOutputBuilder + ExpandTextDialog (FLOWISE-263, FLOWISE-267) (#5965)  * feat(agentflow): MessagesInput, StructuredOutputBuilder + ExpandTextDialog (FLOWISE-263",feature,TypeScript,Jocelyn Lin,2026-03-13 15:29:29-07:00,15,4,0,0,1854,4,12,5,26,2.35,0,clean,TypeScript,2024-2026,1.0,,370.8,0.38,0.18,0
FlowiseAI/Flowise,9e92d60e6ca6b8c78f4a2caf341928a7ad4490d1,9e92d60e6c,feat(agentflow): strip server-only metadata from node data (#5966)  * feat(agentflow): strip server-only metadata from node data  * feat(agentflow): enhance export flow data handling by stripping sens,feature,TypeScript,Jocelyn Lin,2026-03-13 16:42:48-07:00,16,4,0,0,206,16,4,2,8,2.5,0,clean,TypeScript,2024-2026,1.0,,12.12,0.4,0.5,0
typeorm/typeorm,f9dbf8ff233880f0d7f2be683f772df93994ca8d,f9dbf8ff23,refactor!: remove `Buffer` polyfill and replace `Buffer` with `Uint8Array` on non-node platforms (#11935),refactor,TypeScript,Julian Pufler,2026-03-13 17:07:15+00:00,17,4,0,0,221,54,26,3,22,10.0,0,clean,TypeScript,2024-2026,1.0,,4.02,0.11,0.37,0
typeorm/typeorm,c433c04c812c37c778bfe5bcabf13cf29eff538a,c433c04c81,test(sql-injection): add regression tests for SQL injection prevention (#12203),feature,TypeScript,Piotr Kuczynski,2026-03-13 17:26:14+01:00,17,4,0,0,972,1,7,3,6,1.0,0,clean,TypeScript,2024-2026,1.0,,486.0,0.38,0.12,0
typeorm/typeorm,3515d00576836cdff31f63e61c57db3c80371d60,3515d00576,ci: use typeorm org Docker images for CI (#12189),docs,Unknown,Naor Peled,2026-03-13 17:46:08+00:00,17,4,0,0,6,5,3,2,0,0.0,0,clean,TypeScript,2024-2026,1.0,,1.0,0.5,0.0,0
typeorm/typeorm,c0b4a15aa9a248e23e60771eec2f548fc4783f5a,c0b4a15aa9,ci(cockroachdb): split tests into parallel shards (#12184),test,Unknown,Naor Peled,2026-03-13 19:42:29+00:00,19,4,0,0,25,3,1,1,0,0.0,0,clean,TypeScript,2024-2026,1.0,,6.25,0.5,0.0,0
typeorm/typeorm,f532c9586e0b7ece93dfdc9d1d80adf95c27f51b,f532c9586e,ci(qodo): fix placement of publish_output_progress setting (#12206),bugfix,Unknown,Naor Peled,2026-03-13 20:15:14+00:00,20,4,0,0,0,2,1,0,0,0.0,0,clean,TypeScript,2024-2026,1.0,,0.0,0.0,0.0,0
typeorm/typeorm,9c0176019a927088a6f23e6caa309074df3c6ea8,9c0176019a,refactor(query-builder)!: rename printSql to logQuery (#12151),refactor,TypeScript,Naor Peled,2026-03-13 20:31:07+00:00,20,4,0,0,27,6,3,0,0,0.0,0,clean,TypeScript,2024-2026,1.0,,3.86,0.0,0.0,0
typeorm/typeorm,1c8b736ac582bc065b654822e09a7f737bf2dead,1c8b736ac5,ci: improve path filters for format and test jobs (#12205),test,Unknown,Piotr Kuczynski,2026-03-14 00:06:42+00:00,0,5,1,1,8,9,1,1,0,0.0,0,clean,TypeScript,2024-2026,1.0,,0.8,0.5,0.0,0
FlowiseAI/Flowise,06f4156d0aece2a2fab2269ff73745a347a38483,06f4156d0a,feat: add include tabs content option for Google Docs get actions (#5883)  * feat: add include tabs content option for Google Docs get actions  * refactor: use URLSearchParams for query string constru,feature,TypeScript,Renzo,2026-03-14 06:16:22+08:00,6,5,1,0,39,4,2,0,4,5.0,0,clean,TypeScript,2024-2026,1.0,,7.8,0.0,1.67,0
typeorm/typeorm,4decab50d5780664eb47fb5a6158af3962d52b4f,4decab50d5,fix(mongodb): translate ObjectIdColumn property name to _id in find queries (#12200),bugfix,TypeScript,Piotr Kuczynski,2026-03-14 09:49:39+01:00,9,5,1,0,284,20,3,2,6,3.5,0,clean,TypeScript,2024-2026,1.0,,13.52,0.5,0.88,0
typeorm/typeorm,c7ea070adc7b1676658518b839809289b2e1f6e6,c7ea070adc,fix(query-runner): parameterize SQL queries across all drivers (#12197),bugfix,TypeScript,Piotr Kuczynski,2026-03-14 10:29:26+00:00,10,5,1,0,161,76,9,1,19,14.84,0,clean,TypeScript,2024-2026,1.0,,2.09,0.1,1.48,0
typeorm/typeorm,e1b76c9c5ac51dfb42636c152ceca0fdcc823c1a,e1b76c9c5a,"refactor(mongo)!: drop MongoDB driver v6 support, require v7 (#12208)",refactor,TypeScript,Naor Peled,2026-03-14 22:02:49+00:00,22,5,1,1,6404,3948,9,0,371,1.04,0,clean,TypeScript,2024-2026,1.0,,1.62,0.0,0.1,0
typeorm/typeorm,d770c113483884454d98ca59d729928ef9843113,d770c11348,style(docs): prettify search results dropdown (#12213),docs,Unknown,Naor Peled,2026-03-14 22:41:54+01:00,22,5,1,1,225,3,1,0,0,0.0,0,clean,TypeScript,2024-2026,1.0,,56.25,0.0,0.0,0
spacedriveapp/spacedrive,89e5e9854f1225410e1a81e6bdd0e656526afc01,89e5e9854f,fix(db): add PRAGMA busy_timeout=5000 to prevent SQLITE_BUSY on contention  SQLite returns SQLITE_BUSY immediately when another connection holds a write lock. This is triggered during location removal,bugfix,Rust,slvnlrt,2026-03-14 23:51:45+01:00,23,5,1,1,16,0,1,0,2,4.0,0,clean,TypeScript,2024-2026,1.0,,16.0,0.0,2.0,0
spacedriveapp/spacedrive,60734802356a0413db621b27bce9a3fa9701e1bb,6073480235,"perf(ntfs): remove remaining dead code from NtfsHandler  Remove supports_hardlinks(), supports_junctions(), get_ntfs_features(), resolve_ntfs_path() and NtfsFeatures — none are called outside the modu",bugfix,Rust,slvnlrt,2026-03-14 23:51:45+01:00,23,5,1,1,2,38,1,0,4,1.0,0,clean,TypeScript,2024-2026,1.0,,0.05,0.0,0.5,0
spacedriveapp/spacedrive,9d3f9795fe73bb1d82652d84957980b68ddb571f,9d3f9795fe,"perf(ntfs): replace PowerShell with native implementations  get_ntfs_features() spawned PowerShell to query compression/encryption flags, but all modern NTFS volumes support these features uncondition",feature,Rust,slvnlrt,2026-03-14 23:51:45+01:00,23,5,1,1,26,321,1,0,17,2.18,0,clean,TypeScript,2024-2026,1.0,,0.08,0.0,1.09,0
spacedriveapp/spacedrive,febe4aa0d33f99c2bdf64ad00c496e7fc7f74cd0,febe4aa0d3,"fix(locations): use exact match for root paths in system directory check  path.starts_with(PathBuf::from(""C:\\"")) returns true for every path on drive C:, causing OneDrive and other user folders to be",bugfix,Rust,slvnlrt,2026-03-14 23:51:45+01:00,23,5,1,1,5,3,1,0,1,14.0,0,clean,TypeScript,2024-2026,1.0,,1.25,0.0,7.0,0
spacedriveapp/spacedrive,adc2147dcfa47f8204e1875f8762f97e53508a05,adc2147dcf,"fix(volume): use Win32 APIs for same_physical_storage on Windows  GenericFilesystemHandler::same_physical_storage() returned hardcoded false on Windows, causing same-volume file copies to always fall ",bugfix,Rust,slvnlrt,2026-03-14 23:51:45+01:00,23,5,1,1,84,10,2,0,4,3.0,0,clean,TypeScript,2024-2026,1.0,,7.64,0.0,1.0,0
spacedriveapp/spacedrive,f653dfc4969811a11974e808df695439d4b9c6a0,f653dfc496,"fix(indexing): detect hidden files using FILE_ATTRIBUTE_HIDDEN on Windows  On Windows, files can be hidden via the FILE_ATTRIBUTE_HIDDEN attribute without using a dot-prefix. The existing code only ch",bugfix,Rust,slvnlrt,2026-03-14 23:51:45+01:00,23,5,1,1,43,57,4,0,9,5.11,0,clean,TypeScript,2024-2026,1.0,,0.74,0.0,1.02,0
spacedriveapp/spacedrive,8ab1e10b3a2ee9a85470145b3172d5b232a365c3,8ab1e10b3a,fix(networking): normalize path separators for cross-platform file transfer  PathBuf is serialized with native OS separators (backslash on Windows). When a PullRequest is sent from Windows to macOS/Li,bugfix,Rust,slvnlrt,2026-03-14 23:51:45+01:00,23,5,1,1,13,2,2,0,2,34.5,0,clean,TypeScript,2024-2026,1.0,,4.33,0.0,11.5,0
spacedriveapp/spacedrive,7fab21da0f98ac48a91a5ede494bcd8a6eea5ad6,7fab21da0f,"perf(volume): replace PowerShell with sysinfo for Windows volume detection  PowerShell Get-Volume | ConvertTo-Json fails on many Windows systems: it returns non-JSON output (BOM, encoding artifacts, o",feature,Rust,slvnlrt,2026-03-14 23:51:45+01:00,23,5,1,1,63,265,1,0,11,4.82,0,clean,TypeScript,2024-2026,1.0,,0.24,0.0,2.41,0
spacedriveapp/spacedrive,18bf94baecc49d4c1f08d8afc1da63f5aebb084a,18bf94baec,fix(ui): install maplibre-gl at root for vite module resolution  maplibre-gl was declared as a dependency in packages/interface/package.json but bun installed it only in packages/interface/node_module,bugfix,Unknown,slvnlrt,2026-03-14 23:51:45+01:00,23,5,1,1,1,0,2,0,0,0.0,0,clean,TypeScript,2024-2026,1.0,,1.0,0.0,0.0,0
spacedriveapp/spacedrive,816e641648028652eabe9b835ee9c07577033715,816e641648,"fix(watcher): downgrade expected startup warning to debug  During startup, locations are loaded from the database before the FsWatcher service connects. This triggers a warn!() for every location sayi",bugfix,Rust,slvnlrt,2026-03-14 23:51:45+01:00,23,5,1,1,2,2,1,0,1,5.0,0,clean,TypeScript,2024-2026,1.0,,0.67,0.0,2.5,0
spacedriveapp/spacedrive,9cf733334399372072fb24116863cd5f83586f4b,9cf7333343,"fix(tauri): use DaemonRequest format for daemon RPC calls  Two code paths in main.rs sent JSON-RPC 2.0 formatted messages ({""jsonrpc"":""2.0"",""id"":1,""method"":""query:...""}) but the daemon expects serde-t",bugfix,Rust,slvnlrt,2026-03-14 23:51:45+01:00,23,5,1,1,13,13,1,0,1,11.0,0,clean,TypeScript,2024-2026,1.0,,0.93,0.0,5.5,0
spacedriveapp/spacedrive,71719533d20fe401b52ae7a112792b583db3220a,71719533d2,"fix(networking): use temp_dir() instead of hardcoded /tmp paths  Two places hardcoded Unix-only /tmp paths that break on Windows:  - file_transfer.rs: TransferSession::destination_path defaulted to ""/",bugfix,Rust,slvnlrt,2026-03-14 23:51:45+01:00,23,5,1,1,2,2,2,0,2,2.5,0,clean,TypeScript,2024-2026,1.0,,0.67,0.0,0.83,0
spacedriveapp/spacedrive,4c43ab497174f83461edbe8bc361df69d9a8965e,4c43ab4971,fix(ephemeral): handle Windows path separators in tree operations  Three Windows incompatibilities in the ephemeral path index:  1. count_entries_under_path() only checked for b'/' as child separator.,bugfix,Rust,slvnlrt,2026-03-14 23:51:45+01:00,23,5,1,1,4,3,1,0,3,7.0,0,clean,TypeScript,2024-2026,1.0,,1.0,0.0,3.5,0
spacedriveapp/spacedrive,4f387eede9daa7e5a649bfb179dc9e6c4fb684a3,4f387eede9,"fix(volume): restore UUID from database at startup  Volume UUIDs were randomly generated (Uuid::new_v4()) on every startup, causing the frontend to flash/reset on every app launch because React uses v",bugfix,Rust,slvnlrt,2026-03-14 23:51:45+01:00,23,5,1,1,4,2,1,0,1,35.0,0,clean,TypeScript,2024-2026,1.0,,1.33,0.0,17.5,0
spacedriveapp/spacedrive,b5ff6842939348d754306d370b47d11536af5610,b5ff684293,chore: update Cargo.lock for trash crate dependency  Cargo.lock was not included in the previous trash crate commit (e8c15dd). Add it now to ensure reproducible builds with the pinned trash v3.3 versi,feature,Unknown,slvnlrt,2026-03-14 23:51:45+01:00,23,5,1,1,0,0,1,0,0,0.0,0,clean,TypeScript,2024-2026,1.0,,0.0,0.0,0.0,0
spacedriveapp/spacedrive,1fb58d55ef9098b8181503ef2356c885a20e7b58,1fb58d55ef,fix(tauri): use correct registry method names for daemon RPC calls  The daemon handler registry stores methods with their full prefix: - Queries: query:<name> (e.g. query:libraries.list) - Actions: ac,bugfix,Rust,slvnlrt,2026-03-14 23:51:45+01:00,23,5,1,1,2,2,1,0,1,11.0,0,clean,TypeScript,2024-2026,1.0,,0.67,0.0,5.5,0
spacedriveapp/spacedrive,6785a807e26c5c3fb092bcc215d87dd8dfb58c89,6785a807e2,fix(ntfs): remove dead code supports_hardlinks and supports_junctions  These methods always returned true unconditionally and had no callers. NTFS always supports hardlinks and junction points by defi,bugfix,Rust,slvnlrt,2026-03-14 23:51:46+01:00,23,5,1,1,0,12,1,0,2,1.0,0,clean,TypeScript,2024-2026,1.0,,0.0,0.0,0.5,0
spacedriveapp/spacedrive,37dc0c97cd9900240ead84acafc7d49348251551,37dc0c97cd,perf(device): replace wmic/powershell with native Win32 APIs on Windows  - detect_hardware_model: registry HKLM\HARDWARE\DESCRIPTION\System\BIOS\SystemProductName - detect_manufacturer: registry HKLM\,feature,Rust,slvnlrt,2026-03-14 23:51:46+01:00,23,5,1,1,142,119,2,0,8,12.38,0,clean,TypeScript,2024-2026,1.0,,1.18,0.0,4.13,0
spacedriveapp/spacedrive,bd428bf1310512dad11bda42c8df11d86233b6ce,bd428bf131,perf(device): replace wmic in device/manager.rs with registry API  detect_hardware_model() in manager.rs still used wmic to get the computer model. Replace with direct registry read from HKLM\HARDWARE,other,Rust,slvnlrt,2026-03-14 23:51:46+01:00,23,5,1,1,41,10,1,0,1,11.0,0,clean,TypeScript,2024-2026,1.0,,3.73,0.0,5.5,0
spacedriveapp/spacedrive,cfa31cc04d2041cc9b921c27c3a2bceb6c822f96,cfa31cc04d,"fix(ephemeral): fix volume browsing — race condition, event filter, sync listing  Three bugs caused ephemeral volume browsing to either show nothing or require navigation away and back before content ",bugfix,Rust,slvnlrt,2026-03-14 23:51:46+01:00,23,5,1,1,161,94,5,0,7,9.43,0,clean,TypeScript,2024-2026,1.0,,1.69,0.0,1.57,0
spacedriveapp/spacedrive,e2bda37b655842afb14976ac8d439df6f76a849a,e2bda37b65,"fix(locations): use delete_subtree_in_txn to prevent database deadlock  remove_location() was calling delete_subtree() with library.db().conn() while holding a transaction, causing SQLITE_BUSY (databa",bugfix,Rust,slvnlrt,2026-03-14 23:51:46+01:00,23,5,1,1,2,3,1,0,1,10.0,0,clean,TypeScript,2024-2026,1.0,,0.5,0.0,5.0,0
spacedriveapp/spacedrive,27eefd1c67fba7fdf8d29bdeb8a2a38ea380a780,27eefd1c67,fix(addressing): accept device UUID as device_slug in SdPath  The frontend VolumesGroup was sending volume.device_id (UUID) instead of device.slug when constructing Physical SdPaths. This caused as_lo,bugfix,Rust,slvnlrt,2026-03-14 23:51:46+01:00,23,5,1,1,28,9,2,0,8,2.88,0,clean,TypeScript,2024-2026,1.0,,2.8,0.0,0.96,0
spacedriveapp/spacedrive,dc2754e573ba8cbd820f4dbe084ce1c47cccdf4a,dc2754e573,"fix(build): exclude MSI target on Windows to avoid semver pre-release error  MSI bundler rejects semver versions with non-numeric pre-release identifiers (e.g. ""2.0.0-alpha.2""). The CI already works a",bugfix,Unknown,slvnlrt,2026-03-15 11:00:58+01:00,11,6,1,0,1,0,1,0,0,0.0,0,clean,TypeScript,2024-2026,1.0,,1.0,0.0,0.0,0
typeorm/typeorm,0b8e93743afdc60bd96e53916a85cbe9cc0c5166,0b8e93743a,feat(sqlite): add support for jsonb column type in SQLite (#11933),feature,TypeScript,Prakhar Chhalotre,2026-03-15 13:22:17+01:00,13,6,1,0,679,47,17,5,10,8.0,0,clean,TypeScript,2024-2026,1.0,,14.15,0.28,0.44,0
spacedriveapp/spacedrive,f93f9c8754f73b1cd4fe61a186fdc6d35530186a,f93f9c8754,fix(ui): set job progress to 100% on completion event  JobProgress events are throttled to 100ms intervals (manager.rs:233). Jobs that complete before the second tick only emit the initial 0% progress,bugfix,TypeScript,slvnlrt,2026-03-15 14:49:23+01:00,14,6,1,0,13,0,1,0,2,11.0,0,clean,TypeScript,2024-2026,1.0,,13.0,0.0,5.5,0
spacedriveapp/spacedrive,ea970d39f407f8bffd2f2cb09111605160678b2a,ea970d39f4,"fix: address review feedback from Tembo bot  - transport.ts: clean up event listener if subscribe_to_events throws - is_hidden_path: use FILE_ATTRIBUTE_HIDDEN only on Windows, dot-prefix   only on Uni",bugfix,Rust,slvnlrt,2026-03-15 16:36:38+01:00,16,6,1,0,45,20,8,0,9,5.11,0,clean,TypeScript,2024-2026,1.0,,2.14,0.0,0.57,0
spacedriveapp/spacedrive,1ff018454c353e710b658934ad13ddde45934bee,1ff018454c,fix: address CodeRabbit review feedback  - BatteryFlag: use bitmask check instead of exact equality (0x80 = no battery) - SystemDrive: use %SystemDrive% env var instead of hardcoded C:\ - SQLite PRAGM,bugfix,Rust,slvnlrt,2026-03-15 19:09:55+01:00,19,6,1,0,323,363,15,0,36,6.47,0,clean,TypeScript,2024-2026,1.0,,0.89,0.0,0.4,0
spacedriveapp/spacedrive,e6b9a630df2281812b50a162c56ffa8b6ddbccbb,e6b9a630df,"fix(volume): preserve DB UUID on cache refresh  When a tracked volume gets updated in the cache (mount status change, space change, etc.), line 741 was overwriting the ID with existing.id which could ",bugfix,Rust,slvnlrt,2026-03-15 19:20:56+01:00,19,6,1,0,5,2,1,0,1,35.0,0,clean,TypeScript,2024-2026,1.0,,1.67,0.0,17.5,0
spacedriveapp/spacedrive,602a6d2b5b46a81e0769412fa525095f40c69bae,602a6d2b5b,"fix(tauri): resolve target-dir from Cargo config in dev script  The dev-with-daemon script hardcoded `target/debug` as the daemon binary path, which breaks when a custom target-dir is configured in .c",bugfix,TypeScript,slvnlrt,2026-03-15 19:26:39+01:00,19,6,1,0,17,3,1,0,1,2.0,0,clean,TypeScript,2024-2026,1.0,,4.25,0.0,1.0,0
spacedriveapp/spacedrive,251088ed6fe431a5faa2ed5e4b72de17b1af9686,251088ed6f,"fix(volume): use stable DB UUID in volumes.list query response  Commit e6b9a630d correctly injects DB UUIDs into the VolumeManager cache during refresh, but the volumes.list query was still returning ",bugfix,Rust,slvnlrt,2026-03-15 21:45:40+01:00,21,6,1,0,2,0,1,0,1,20.0,0,clean,TypeScript,2024-2026,1.0,,2.0,0.0,10.0,0
spacedriveapp/spacedrive,90659c13dca8f888c238fd02d73e38e796ee5113,90659c13dc,"fix(ui): only lower-case Windows paths in scope matching  The unconditional .toLowerCase() broke case-sensitive matching on Linux/macOS (ext4, APFS, etc.) where README and readme are distinct files. N",bugfix,TypeScript,slvnlrt,2026-03-15 22:28:09+01:00,22,6,1,1,12,7,1,0,2,6.5,0,clean,TypeScript,2024-2026,1.0,,1.5,0.0,3.25,0
spacedriveapp/spacedrive,274ad09a20f83723fe3db327f626d7edcb18702a,274ad09a20,fix(volume): use dynamic buffer sizes in volume_guid Win32 calls  Use root_buf.len() and guid_buf.len() instead of hardcoded literals to avoid size mismatches. Increased root_buf to 1024 to handle fol,bugfix,Rust,slvnlrt,2026-03-15 22:32:48+01:00,22,6,1,1,3,3,1,0,1,3.0,0,clean,TypeScript,2024-2026,1.0,,0.75,0.0,1.5,0
spacedriveapp/spacedrive,adad8c638fdb3975762936d9e15fc6d0baf14ba8,adad8c638f,"fix(core): clamp SQLite pool size and fix Win32 buffer in generic.rs  - Clamp pool_size to at least 1 and min_connections to min(pool_size, 5)   to prevent panic when pool_size < 5 - Use dynamic buffe",bugfix,Rust,slvnlrt,2026-03-15 22:45:03+01:00,22,6,1,1,4,3,2,0,2,3.0,0,clean,TypeScript,2024-2026,1.0,,1.0,0.0,1.0,0
FlowiseAI/Flowise,aff06479aa9ec24847bd65ac786b46ac85ae7e03,aff06479aa,Control Path Traversal Protections via Env Var (#5962)  * Fix isPathTraversal method to be less strict  * Fix isPathTraversal method to be less strict  * Control isPathTraversal via an Env Var  * Path,bugfix,TypeScript,christopherholland-workday,2026-03-16 08:40:26-07:00,8,0,0,0,146,9,9,1,5,6.0,0,clean,TypeScript,2024-2026,1.0,,14.6,0.1,0.6,0
typeorm/typeorm,b9d1175154857a42cdf251e19491bfa898ae4c33,b9d1175154,ci(publish): use node 20 for v0.3 nightly builds (#12216),other,Unknown,Piotr Kuczynski,2026-03-16 09:51:36+01:00,9,0,0,0,5,3,1,0,0,0.0,0,clean,TypeScript,2024-2026,1.0,,1.25,0.0,0.0,0
FlowiseAI/Flowise,d9b683d42fbfa7bb776ea35f1a39c4227a911e86,d9b683d42f,Fix/agentflow model parameters (#5967)  * Initial flow  * Add support for listRegions api endpoint  * Added support for loading credentials in model parameters  * Call the right end point for model un,bugfix,TypeScript,j-sanaa,2026-03-16 14:27:55-07:00,14,0,0,0,940,14,15,4,40,3.35,0,clean,TypeScript,2024-2026,1.0,,62.67,0.25,0.21,0
FlowiseAI/Flowise,0c6924bb08a2156513b447d0e600651f29ea5aa8,0c6924bb08,"Feat/Reasoning Support, Migrate LangChain to v1, Upgrade AI SDKs and Models (#5893)  * update langchain and all related scoped packages to v1, deprecate agents and llms, rename and upgrade chat models",bugfix,TypeScript,Henry Heng,2026-03-16 19:21:29+08:00,19,0,0,0,7622,6176,281,2,321,7.67,0,clean,TypeScript,2024-2026,1.0,,1.23,0.01,0.03,0
FlowiseAI/Flowise,57e08207de4428e3b2b3ae701c9e686c2227009c,57e08207de,Release/3.1.0 (#5981)  flowise@3.1.0 release,other,Unknown,Henry Heng,2026-03-16 20:37:41+08:00,20,0,0,0,4,4,4,0,0,0.0,0,clean,TypeScript,2024-2026,1.0,,0.8,0.0,0.0,0
FlowiseAI/Flowise,0f3b3d62d6fbf4ace74a63a3c70654bccc6dc9eb,0f3b3d62d6,update pnpm lock file for embed sdk@3.1.0 (#5983),other,Unknown,Henry Heng,2026-03-16 22:24:19+08:00,22,0,0,1,68,51,1,0,0,0.0,0,clean,TypeScript,2024-2026,1.0,,1.31,0.0,0.0,0
FlowiseAI/Flowise,378d3ec3bd2d4157d6aa694bbc5ffa50c4159b97,378d3ec3bd,Chore/Remove Redundant Check for Image Processing (#5980)  get rid of redundant check for model during image processing,other,TypeScript,Henry Heng,2026-03-16 22:35:57+08:00,22,0,0,1,8,208,20,0,27,3.93,0,clean,TypeScript,2024-2026,1.0,,0.04,0.0,0.19,0
typeorm/typeorm,2a1633102cba8de153897d75b24530dd85870635,2a1633102c,ci(qodo): turn off progress comments and agentic describe (#12225),other,Unknown,Guy Vago,2026-03-16 23:57:23+01:00,23,0,0,1,5,4,1,0,0,0.0,0,clean,TypeScript,2024-2026,1.0,,1.0,0.0,0.0,0
typeorm/typeorm,bf6e1efd5ded29999366bde2a145390439e5d9f2,bf6e1efd5d,fix(query-builder): resolve alias collision for self-referencing relations with query load strategy (#11066)  Co-authored-by: gioboa <giorgiob.boa@gmail.com> Co-authored-by: Piotr Kuczynski <piotr.kuc,bugfix,TypeScript,Marc,2026-03-17 00:37:23+00:00,0,1,0,1,108,5,4,1,4,2.25,0,clean,TypeScript,2024-2026,1.0,,18.0,0.2,0.45,0
FlowiseAI/Flowise,b38a4161c3d333a8b825cc9ff08f2d24ffef21a8,b38a4161c3,feat(agentflow): add Rich Text editor for Content Editing (FLOWISE-342) (#5988)  * Add TipTap RichTextEditor atom for expandable content editing  Introduce a RichTextEditor atom wrapping TipTap with c,bugfix,TypeScript,Jocelyn Lin,2026-03-17 09:21:34-07:00,9,1,0,0,695,117,20,3,29,2.07,0,clean,TypeScript,2024-2026,1.0,,5.89,0.14,0.1,0
FlowiseAI/Flowise,8d5780e0e807bccc5db31d7a62019be7311af2e0,8d5780e0e8,chore: bump @flowiseai/agentflow to 0.0.0-dev.4 (#5997)  Co-authored-by: github-actions[bot] <github-actions[bot]@users.noreply.github.com>,other,Unknown,github-actions[bot],2026-03-17 09:47:47-07:00,9,1,0,0,1,1,1,0,0,0.0,0,clean,TypeScript,2024-2026,1.0,,0.5,0.0,0.0,0
typeorm/typeorm,3abd1413b5f1d98c45fafd0b9692c9fb23bf4798,3abd1413b5,test(json): merge github-issue-204 into json/basic-jsonb (#12190),test,TypeScript,Piotr Kuczynski,2026-03-17 10:49:00+00:00,10,1,0,0,43,161,5,2,3,1.0,0,clean,TypeScript,2024-2026,1.0,,0.27,0.33,0.17,0
typeorm/typeorm,e2284d81ef198948245ba77a614a9d45536f13d4,e2284d81ef,fix(query-runner): parameterize queries and escape identifiers to prevent SQL injection (#12207),bugfix,TypeScript,Piotr Kuczynski,2026-03-17 11:18:53+00:00,11,1,0,0,311,183,21,2,19,19.26,0,clean,TypeScript,2024-2026,1.0,,1.69,0.09,0.88,0
FlowiseAI/Flowise,b2afa109d9e9402833480c9db0263a3a7a436cec,b2afa109d9,update README and remove mocks in dist (#6000),docs,TypeScript,Jocelyn Lin,2026-03-17 12:11:06-07:00,12,1,0,0,55,1,2,0,1,1.0,0,clean,TypeScript,2024-2026,1.0,,27.5,0.0,0.33,0
FlowiseAI/Flowise,e39b9ff037cad659a109d5215cf9513f3ecad7ec,e39b9ff037,fix (AgentFlow) - generate ArrayInput item keys synchronously to prevent missing React keys (#6001)  * Fix to remove useEffect  * Fix gemini comment,bugfix,Unknown,j-sanaa,2026-03-17 13:12:19-07:00,13,1,0,0,28,11,1,0,2,3.0,0,clean,TypeScript,2024-2026,1.0,,2.33,0.0,1.5,0
FlowiseAI/Flowise,787a7bbca96b2f6a707680878c7c7101fcd10c6c,787a7bbca9,chore: bump @flowiseai/agentflow to 0.0.0-dev.5 (#6002)  Co-authored-by: github-actions[bot] <github-actions[bot]@users.noreply.github.com>,other,Unknown,github-actions[bot],2026-03-17 13:25:46-07:00,13,1,0,0,1,1,1,0,0,0.0,0,clean,TypeScript,2024-2026,1.0,,0.5,0.0,0.0,0
typeorm/typeorm,4c5b3077ea0f4a0bf2a04755929570f128e7dbfc,4c5b3077ea,ci(publish): serialize nightly publish jobs to avoid npm 409 conflict (#12228),other,Unknown,Piotr Kuczynski,2026-03-17 16:32:01+01:00,16,1,0,0,1,0,1,0,0,0.0,0,clean,TypeScript,2024-2026,1.0,,1.0,0.0,0.0,0
FlowiseAI/Flowise,07e7604af53fbbc34a99710bd20f166e76ff8ba9,07e7604af5,Feat/agentflow Support for Additional Load Methods (#6003)  * Generate itemKeys synchronously  * Support for listActions and listTables  * Have generic fallback method for loadMethods which are not re,bugfix,TypeScript,j-sanaa,2026-03-17 16:52:15-07:00,16,1,0,0,339,93,9,2,19,2.26,0,clean,TypeScript,2024-2026,1.0,,3.61,0.2,0.23,0
FlowiseAI/Flowise,52e140851fcfcf01cb82b8e3ea6b7e76effc46e4,52e140851f,"feat(agentflow): implement deduplication for API client (#6004)  * feat(agentflow): implement deduplication for API client  - Updated bindApiClient to return a deduplicated client, enhancing request e",bugfix,TypeScript,Jocelyn Lin,2026-03-17 16:58:13-07:00,16,1,0,0,380,3,4,1,9,2.78,0,clean,TypeScript,2024-2026,1.0,,95.0,0.2,0.56,0
typeorm/typeorm,8e528035b1c50f1185ba8f69f06c68b5703b3133,8e528035b1,build(gulp): remove gulpclass dependency and modernize build pipeline (#12224),other,TypeScript,Piotr Kuczynski,2026-03-17 21:17:41+00:00,21,1,0,0,468,2422,10,1,22,1.0,0,clean,TypeScript,2024-2026,1.0,,0.19,0.09,0.09,0
typeorm/typeorm,e88f8a69f2704e3122e6f1b9b6742f61049af4c8,e88f8a69f2,docs: improve migration guide and add v1.0 release notes (#12229),feature,Unknown,Piotr Kuczynski,2026-03-17 22:51:19+02:00,22,1,0,1,424,163,2,0,0,0.0,0,clean,TypeScript,2024-2026,1.0,,2.59,0.0,0.0,0
FlowiseAI/Flowise,8d9ec99d2277f165ceb5a8e460f152b016c88671,8d9ec99d22,fix: migrate Weaviate to weaviate-client v3 for agentKnowledgeVSEmbeddings compatibility (#5991) (#5993)  * fix: migrate Weaviate to weaviate-client v3 for @langchain/weaviate 1.0.1 compatibility (#59,bugfix,TypeScript,Ayush Baluni,2026-03-18 00:17:10+08:00,0,2,0,1,207,114,4,0,5,9.8,0,clean,TypeScript,2024-2026,1.0,,1.8,0.0,1.96,0
typeorm/typeorm,b2cba0b048ad118e96fe836bd2bb644f50caaea6,b2cba0b048,test(entity-listeners): add tests for listeners with entity inheritance (#12219),feature,TypeScript,Prakhar Chhalotre,2026-03-18 09:42:55+00:00,9,2,0,0,71,1,5,1,2,1.0,0,clean,TypeScript,2024-2026,1.0,,35.5,0.17,0.17,0
FlowiseAI/Flowise,6d1eeb8e970e29a818472094f9b013949d284c6b,6d1eeb8e97,feat(agentFlow) - Add support for listFlows (#6005)  * Add support for listFlows  * Fix gemini comments,bugfix,TypeScript,j-sanaa,2026-03-18 10:12:32-07:00,10,2,0,0,85,1,4,2,9,2.44,0,clean,TypeScript,2024-2026,1.0,,42.5,0.4,0.49,0
typeorm/typeorm,981d601115e863dd8c5781cf8461dbaf57012b71,981d601115,fix: propagate schema and database to closure junction table (#12110)  Co-authored-by: Navid Nikpour <navid.nikpour@echospaces.de> Co-authored-by: Claude Opus 4.6 <noreply@anthropic.com> Co-authored-b,bugfix,TypeScript,Navid Nikpour,2026-03-18 14:32:41+00:00,14,2,0,0,63,2,4,1,4,3.75,0,clean,TypeScript,2024-2026,1.0,,21.0,0.2,0.75,0
typeorm/typeorm,e863026e99f9816d6bc2c51bb271d20d4e0c3d52,e863026e99,refactor(find-options)!: remove deprecated join option from find methods (#12188),refactor,TypeScript,Piotr Kuczynski,2026-03-18 23:13:36+00:00,23,2,0,1,242,378,26,15,30,1.87,0,clean,TypeScript,2024-2026,1.0,,0.64,0.56,0.07,0
typeorm/typeorm,8c6d003009187bcaf55ae68afd47eb3b2af13305,8c6d003009,refactor(find-options)!: remove deprecated string-based select from find methods (#12214),refactor,TypeScript,Piotr Kuczynski,2026-03-19 01:18:33+00:00,1,3,0,1,103,48,7,1,5,2.8,0,clean,TypeScript,2024-2026,1.0,,2.1,0.12,0.35,0
FlowiseAI/Flowise,e548b403bf58db85992ddb00b98ec8931ffba8aa,e548b403bf,Bugfix/Update qdrant dep (#6014)  update qdrant dep,bugfix,Unknown,Henry Heng,2026-03-19 04:00:46+08:00,4,3,0,1,60,44,2,0,0,0.0,0,clean,TypeScript,2024-2026,1.0,,1.33,0.0,0.0,0
FlowiseAI/Flowise,172523f25cc468ba45d9001d6b81fcd3134a84b5,172523f25c,"chore: Co-locate server / components unit tests and update Contributing.MD for testing (#6017)  co-located all the unit tests in components and server, removed the test folders. Updated the contributi",test,TypeScript,jchui-wd,2026-03-19 09:38:37-07:00,9,3,0,0,40,18,12,8,1,1.0,0,clean,TypeScript,2024-2026,1.0,,2.11,0.62,0.08,0
FlowiseAI/Flowise,21e6106abb06c75e70c4bf1b9fa2bf526edd5ce0,21e6106abb,FLOWISE-262 Add ConditionAgent ScenariosInput with dynamic output ports (#6018)  * feat(agentflow): add ConditionAgent ScenariosInput with dynamic output ports  Implement FLOWISE-262: port ConditionAg,bugfix,TypeScript,Jocelyn Lin,2026-03-19 09:59:23-07:00,9,3,0,0,922,157,20,7,35,3.4,0,clean,TypeScript,2024-2026,1.0,,5.84,0.33,0.16,0
FlowiseAI/Flowise,0ceac0f987883e0bcb312bd63bb7d278b903eb79,0ceac0f987,chore: bump @flowiseai/agentflow to 0.0.0-dev.6 (#6022)  Co-authored-by: github-actions[bot] <github-actions[bot]@users.noreply.github.com>,other,Unknown,github-actions[bot],2026-03-19 11:10:18-07:00,11,3,0,0,1,1,1,0,0,0.0,0,clean,TypeScript,2024-2026,1.0,,0.5,0.0,0.0,0
FlowiseAI/Flowise,fff4b80c431a7081cf94e8b67c3061b608f5f5e0,fff4b80c43,chore: update contributing.md with additional test options (#6023)  update contributing.md with additional test command options,feature,Unknown,jchui-wd,2026-03-19 11:23:59-07:00,11,3,0,0,8,0,1,0,0,0.0,0,clean,TypeScript,2024-2026,1.0,,8.0,0.0,0.0,0
typeorm/typeorm,7c259e65d74dc506f5a584e06c599f12db9be953,7c259e65d7,refactor(find-options)!: remove deprecated string-based relations from find methods (#12215),refactor,TypeScript,Piotr Kuczynski,2026-03-19 13:53:43+01:00,13,3,0,0,56,35,9,3,6,2.67,0,clean,TypeScript,2024-2026,1.0,,1.56,0.3,0.27,0
FlowiseAI/Flowise,03a0cf6b3fbd61e4f56a9f1c351ecd6bc9743b97,03a0cf6b3f,"Feat/agentflow Add JSON, code, and SelectVariable input types to NodeInputHandler (#6016)  * Initial flow  * enhance JSON input handling with dialog support and improve variable selection UI  * Fix sy",bugfix,TypeScript,j-sanaa,2026-03-19 14:23:12-07:00,14,3,0,0,1490,293,20,8,43,3.07,0,clean,TypeScript,2024-2026,1.0,,5.07,0.38,0.15,0
typeorm/typeorm,ff00a3cda2e6e4b9c34d705f879a5553e540a9bb,ff00a3cda2,refactor(repository)!: remove deprecated findOneById methods (#12198),refactor,TypeScript,Piotr Kuczynski,2026-03-19 16:27:14+00:00,16,3,0,0,106,178,18,4,11,1.0,0,clean,TypeScript,2024-2026,1.0,,0.59,0.21,0.05,0
FlowiseAI/Flowise,f9d91245165cede713c50ea6aa254fe68d452956,f9d9124516,Replace zai-glm-4.6 (deprecated) with zai-glm-4.7 cerebras (#6020)  Update zai-glm model from 4.6 to 4.7  Made-with: Cursor,other,Unknown,Sunny Modi,2026-03-19 23:58:01+08:00,23,3,0,1,2,2,1,0,0,0.0,0,clean,TypeScript,2024-2026,1.0,,0.67,0.0,0.0,0
FlowiseAI/Flowise,ff875b9daca5a81a9f61d74fef42bc0f4fa644b3,ff875b9dac,fix(components): add missing opik key to returnIds in AnalyticHandler.onLLMStart (#6006)  fix(components): add missing opik key to returnIds in onLLMStart  The onLLMStart method in AnalyticHandler was,bugfix,TypeScript,huang yutong,2026-03-19 23:59:18+08:00,23,3,0,1,2,1,1,0,1,20.0,0,clean,TypeScript,2024-2026,1.0,,1.0,0.0,10.0,0
typeorm/typeorm,7038fa166bc0b8b882914293d7480ad989586356,7038fa166b,perf(relations)!: use inner join for non-nullable ManyToOne and OneToOne relations (#12064)  Co-authored-by: Piotr Kuczynski <piotr.kuczynski@gmail.com>,other,TypeScript,Chunghyun Lee,2026-03-20 01:48:46+01:00,1,4,0,1,1015,8,13,1,12,3.58,0,clean,TypeScript,2024-2026,1.0,,112.78,0.07,0.26,0
FlowiseAI/Flowise,1473702b9d72f274e4204b38d15a28e371a6884f,1473702b9d,"feat(agentflow): update behaviour for Start node, Http Node, and validation fixes (FLOWISE-265, FLOWISE-264) (#6027)  * feat(agentflow): update behaviour for Start node, Http Node, and validation fixe",bugfix,TypeScript,Jocelyn Lin,2026-03-20 15:33:42-07:00,15,4,0,0,524,16,10,5,12,3.83,0,clean,TypeScript,2024-2026,1.0,,30.82,0.45,0.35,0
FlowiseAI/Flowise,5daf8a3e44e6cce3766c6fcd72f5a932906226c7,5daf8a3e44,Feat/Add Markdown support to RichInput with Edit/Source toggle (#6021)  * update @tiptap dependencies and enhance RichTextEditor functionality  * feat(customMention): add Markdown support for custom m,feature,TypeScript,Henry Heng,2026-03-20 18:51:41+08:00,18,4,0,0,645,64,6,0,16,7.81,0,clean,TypeScript,2024-2026,1.0,,9.92,0.0,1.12,0
FlowiseAI/Flowise,d9233373017e3e83d5aa9eb5f83dae3fb8ed841f,d923337301,chore: add OpenAI gpt-5.4-mini and gpt-5.4-nano models (#6028)  chore: add OpenAI gpt-5.4-mini and gpt-5.4-nano models to ChatOpenAI model list  Add gpt-5.4-mini and gpt-5.4-nano to the OpenAI models ,feature,Unknown,Asharib Ali,2026-03-21 22:22:49+08:00,22,5,1,1,12,0,1,0,0,0.0,0,clean,TypeScript,2024-2026,1.0,,12.0,0.0,0.0,0
spacedriveapp/spacedrive,5cf644f6be0e67191fbd8d14b735e8ee420a3e87,5cf644f6be,"fix(windows,ui): dark titlebar via DWM API and sidebar hover effects  Windows titlebar: - Use DwmSetWindowAttribute to force dark caption color (#1E1E1E),   dark mode icons, and matching border on all",bugfix,Rust,slvnlrt,2026-03-22 23:00:31+01:00,23,6,1,1,81,4,4,0,6,6.0,0,clean,TypeScript,2024-2026,1.0,,16.2,0.0,1.2,0
spacedriveapp/spacedrive,4dd83734e8d5cfb05964ffaca819c01f6951dc8d,4dd83734e8,"refactor: extract shared useDeleteFiles hook, fix review issues  - Extract delete logic into useDeleteFiles hook (DRY: used by both   useExplorerKeyboard and useFileContextMenu) - Add isPending guard ",bugfix,TypeScript,slvnlrt,2026-03-22 23:21:13+01:00,23,6,1,1,60,130,4,0,8,8.0,0,clean,TypeScript,2024-2026,1.0,,0.46,0.0,1.6,0
spacedriveapp/spacedrive,489fe31c7d9d1c1876d3e10bc6f4ef52a5b5b733,489fe31c7d,"fix(delete): resolve Content paths to Physical before deletion  DeleteJob now calls resolve_in_job() on each target path before strategy selection, converting SdPath::Content to SdPath::Physical via D",bugfix,Rust,slvnlrt,2026-03-22 23:21:13+01:00,23,6,1,1,89,2,3,0,3,8.67,0,clean,TypeScript,2024-2026,1.0,,29.67,0.0,2.17,0
spacedriveapp/spacedrive,c27febadbd6ac26f59a20a36849e502c516aa7d3,c27febadbd,"fix(jobs): emit progress updates during delete job execution  DeleteJob now emits GenericProgress at 4 phases: Preparing (validation), Preparing (path resolution), Deleting (strategy execution), and C",bugfix,Rust,slvnlrt,2026-03-22 23:21:13+01:00,23,6,1,1,47,7,1,0,1,8.0,0,clean,TypeScript,2024-2026,1.0,,5.88,0.0,4.0,0
spacedriveapp/spacedrive,1b18f11f7dfd63ced1e6f85155d6422f095a404f,1b18f11f7d,feat(explorer): wire DEL and Shift+DEL keybinds for file deletion  Register explorer.delete (DEL / Cmd+Backspace) and explorer.permanentDelete (Shift+DEL / Cmd+Alt+Backspace) handlers in useExplorerKe,feature,TypeScript,slvnlrt,2026-03-22 23:21:13+01:00,23,6,1,1,62,0,1,0,2,6.5,0,clean,TypeScript,2024-2026,1.0,,62.0,0.0,3.25,0
spacedriveapp/spacedrive,219459b5fa1f45d87468a3124736a0258101c26b,219459b5fa,"fix(windows): apply dark titlebar to all decorated windows, log DWM errors  Address CodeRabbit review feedback: - Apply dark titlebar to ContextMenu (direct-build window with decorations) - Log HRESUL",bugfix,Rust,slvnlrt,2026-03-22 23:24:53+01:00,23,6,1,1,17,6,1,0,1,8.0,0,clean,TypeScript,2024-2026,1.0,,2.43,0.0,4.0,0
FlowiseAI/Flowise,3ffa96457f164432f170c7e49fcca861a754d7bf,3ffa96457f,fix: disable Generate button when required fields are not filled (#5927)  * fix: disable Generate button when required fields are not filled  * add onBlur handler to Input component and simplify data ,bugfix,Unknown,Mykhailo,2026-03-23 01:20:25+08:00,1,0,0,1,12,5,2,0,3,28.33,0,clean,TypeScript,2024-2026,1.0,,2.0,0.0,9.44,0
typeorm/typeorm,5797d972bdb602d302d92aa29d2e19aeb584962c,5797d972bd,fix: eager load relation strategy (#11326)  Co-authored-by: Piotr Kuczynski <piotr.kuczynski@gmail.com>,bugfix,TypeScript,Arthur Frederico Neves,2026-03-23 09:44:49+01:00,9,0,0,0,901,148,15,3,32,3.09,0,clean,TypeScript,2024-2026,1.0,,6.05,0.19,0.19,0
typeorm/typeorm,b780e04c610d012a0aca6cdd7b408608a0df3f1a,b780e04c61,refactor: rename `connection` to `dataSource` in the `EntityManager` and `QueryBuilder` classes (#12245),refactor,TypeScript,Lucian Mocanu,2026-03-23 10:28:19+00:00,10,0,0,0,366,349,19,1,73,3.01,0,clean,TypeScript,2024-2026,1.0,,1.05,0.05,0.15,0
FlowiseAI/Flowise,7176dcb409b197ee1eeec0ebec389b6db36340f8,7176dcb409,Additional Improvements to MCP Server Config security (#5943),feature,TypeScript,christopherholland-workday,2026-03-23 10:36:42-07:00,10,0,0,0,127,4,2,1,4,7.25,0,clean,TypeScript,2024-2026,1.0,,25.4,0.33,2.42,0
typeorm/typeorm,38cd769770abf458b50fedad4aa3edb8951ff342,38cd769770,refactor: rename `connection` to `dataSource` in the `Driver` and `QueryRunner` classes (#12244),refactor,TypeScript,Lucian Mocanu,2026-03-23 10:54:19+01:00,10,0,0,0,868,864,56,1,241,5.8,0,clean,TypeScript,2024-2026,1.0,,1.0,0.02,0.1,0
typeorm/typeorm,77c4216875c939c4c75f0461ad6a61ae55ce0f73,77c4216875,refactor: rename `connection` to `dataSource` in all `*Event` interfaces (#12246),refactor,TypeScript,Lucian Mocanu,2026-03-23 11:09:47+00:00,11,0,0,0,95,200,17,1,26,2.88,0,clean,TypeScript,2024-2026,1.0,,0.47,0.06,0.16,0
typeorm/typeorm,445793802b770273f9fa0b875f997c394ea958ae,445793802b,refactor!: rename `connection` to `dataSource` in the metadata classes (#12249),refactor,TypeScript,Lucian Mocanu,2026-03-23 13:03:41+00:00,13,0,0,0,63,97,13,3,21,7.95,0,clean,TypeScript,2024-2026,1.0,,0.64,0.21,0.57,0
FlowiseAI/Flowise,34cf28546b700998e88a8f14d6f6d0754f572da4,34cf28546b,release/3.1.1 (#6037)  release@3.1.1,other,Unknown,Henry Heng,2026-03-23 18:38:19+08:00,18,0,0,0,4,4,4,0,0,0.0,0,clean,TypeScript,2024-2026,1.0,,0.8,0.0,0.0,0
typeorm/typeorm,3f4d2b5f4da31d89585dadfbb14c83501f8fdc99,3f4d2b5f4d,docs(relations): document relationLoadStrategy and loadEagerRelations (#12254),docs,TypeScript,Piotr Kuczynski,2026-03-23 18:44:59+00:00,18,0,0,0,44,2,4,0,0,0.0,0,clean,TypeScript,2024-2026,1.0,,14.67,0.0,0.0,0
FlowiseAI/Flowise,d2acf4ced8f02ae0799ee1cbf3169a647b87defc,d2acf4ced8,Hardcoded CORS wildcard on TTS endpoint enables cross-origin credential abuse from any webpage (#5901)  * Stop text-to-speach endpoint from accepting arbitrary creds  * Stop text-to-speach endpoint fr,feature,TypeScript,christopherholland-workday,2026-03-23 21:25:18+05:30,21,0,0,0,22,6,3,0,6,6.33,0,clean,TypeScript,2024-2026,1.0,,3.14,0.0,1.58,0
FlowiseAI/Flowise,f7d86912fa43b2c77a7cba1b4171a0a236a72bdb,f7d86912fa,Fix Chatflow Query to Protect Against Cross-Workspace Chatflow Disclosure (#6043)  Co-authored-by: christopherholland-workday <christopher.holland+evisort@workday.com>,bugfix,TypeScript,christopherholland-workday,2026-03-24 08:59:23-07:00,8,1,0,0,12,7,2,0,5,5.0,0,clean,TypeScript,2024-2026,1.0,,1.5,0.0,1.67,0
FlowiseAI/Flowise,c93d6c0617acc12856ec70555b42e79e8a6a17c9,c93d6c0617,Add dynamic headers option to MCP core for tool call-time (#6044)  * add dynamic headers option to MCP core,feature,TypeScript,michaell-workday,2026-03-24 11:01:41-07:00,11,1,0,0,16,8,1,0,6,2.83,0,clean,TypeScript,2024-2026,1.0,,1.78,0.0,1.42,0
typeorm/typeorm,a746e483a5bdff569d313f6219a501bf64e0d3b3,a746e483a5,test(tree): consolidate tree tests from github-issues into tree-tables (#12259),test,TypeScript,Piotr Kuczynski,2026-03-24 11:10:20+00:00,11,1,0,0,428,442,66,22,28,1.0,0,clean,TypeScript,2024-2026,1.0,,0.97,0.33,0.01,0
typeorm/typeorm,a4d6573bdc388fb638f1b4e552da18b41102ccbc,a4d6573bdc,test(tree): simplify tree test entities and remove unused fields (#12260),test,TypeScript,Piotr Kuczynski,2026-03-24 12:00:46+00:00,12,1,0,0,2325,2284,27,14,14,1.0,0,clean,TypeScript,2024-2026,1.0,,1.02,0.5,0.04,0
typeorm/typeorm,93eec630630b219b162ba4e0c072afa851697cff,93eec63063,fix(query-builder): validate orderBy condition values at runtime (#12217),bugfix,TypeScript,Piotr Kuczynski,2026-03-24 12:44:12+00:00,12,1,0,0,273,21,9,4,6,2.67,0,clean,TypeScript,2024-2026,1.0,,12.41,0.4,0.27,0
FlowiseAI/Flowise,db40c5a952c1b1e9f22838ef15e4b19ed2d03514,db40c5a952,Fix Mass Assignment in Dataset and DatasetRow Operations,bugfix,TypeScript,christopherholland-workday,2026-03-24 13:43:08-07:00,13,1,0,0,11,9,1,0,4,3.75,0,clean,TypeScript,2024-2026,1.0,,1.1,0.0,1.88,0
FlowiseAI/Flowise,27dc52f5e07b04fbf2033915849e98e57da4f933,27dc52f5e0,fix: session cleanup when using mysql for storing sessions (#5984),bugfix,TypeScript,Ilango,2026-03-24 13:57:49+05:30,13,1,0,0,1,1,1,0,1,17.0,0,clean,TypeScript,2024-2026,1.0,,0.5,0.0,8.5,0
FlowiseAI/Flowise,60e2ecbead9df5f3fb0befe3e223adef548d9e69,60e2ecbead,Fix Mass Assignment in Dataset and DatasetRow Operations,bugfix,TypeScript,christopherholland-workday,2026-03-24 14:09:00-07:00,14,1,0,0,14,3,2,0,5,4.2,0,clean,TypeScript,2024-2026,1.0,,3.5,0.0,1.4,0
spacedriveapp/spacedrive,aff09bb087f46c91be6c63d4cd204f21ea007ee8,aff09bb087,init,other,Rust,James Pine,2026-03-24 14:23:55-07:00,14,1,0,0,799,642,23,0,8,6.88,0,clean,TypeScript,2024-2026,1.0,,1.24,0.0,0.29,0
spacedriveapp/spacedrive,53b030c492e05498dc0f7fd9cb4271a5edd0e449,53b030c492,fsl,other,Unknown,James Pine,2026-03-24 14:32:31-07:00,14,1,0,0,128,669,6,0,1,1.0,0,clean,TypeScript,2024-2026,1.0,,0.19,0.0,0.14,0
spacedriveapp/spacedrive,73ec35656b273e10e488eafbf5d2b32e7e4118ba,73ec35656b,plans,other,Unknown,James Pine,2026-03-24 16:37:09-07:00,16,1,0,0,991,1,4,0,0,0.0,0,clean,TypeScript,2024-2026,1.0,,495.5,0.0,0.0,0
FlowiseAI/Flowise,6f325b0c0f403a2dbd4a12fe8143370017285b96,6f325b0c0f,Support CORS credentials (cookies) via env var (#6029),other,TypeScript,Justin Head,2026-03-24 16:48:53-07:00,16,1,0,0,9,5,6,0,6,4.5,0,clean,TypeScript,2024-2026,1.0,,1.5,0.0,0.64,0
FlowiseAI/Flowise,5cfda919a8edfa0c42d4371d54aea625e934c7ba,5cfda919a8,"feat(agentflow): Node Info Icon on Toolbar Action (FLOWISE-375) (#6053)  - Reintroduced NodeInfoDialog component with improved structure and functionality. - Added new properties (badge, tags, documen",feature,TypeScript,Jocelyn Lin,2026-03-24 17:06:26-07:00,17,1,0,0,744,65,15,4,18,2.56,0,clean,TypeScript,2024-2026,1.0,,11.27,0.25,0.16,0
spacedriveapp/spacedrive,2e778e90db600bf83a4f152fa1a77d27317d7ed0,2e778e90db,fix(locations): canonicalize paths and register watcher on location add  Two upstream bugs fixed:  1. LocationManager::add_location() stored paths as-is without    canonicalization. Relative paths (e.,bugfix,Rust,slvnlrt,2026-03-24 17:14:54+01:00,17,1,0,0,59,0,2,0,2,15.5,0,clean,TypeScript,2024-2026,1.0,,59.0,0.0,5.17,0
spacedriveapp/spacedrive,b7bbf29dbd096df090fcd15d7981bf36d98f2a8b,b7bbf29dbd,"fix(ephemeral): restore streaming design, fix event delivery race conditions  Reverts the query/response approach from #3037 and fixes the actual bugs that caused empty ephemeral directories:  - direc",bugfix,Rust,James Pine,2026-03-24 18:38:46-07:00,18,1,0,0,554,147,6,2,10,6.6,1,keyword_strict,TypeScript,2024-2026,0.4,,3.74,0.29,0.94,0
spacedriveapp/spacedrive,9004d868fbc05cf152fb06cf06be65df816f3051,9004d868fb,"fix(windows): handle UNC network paths in canonicalize normalization  canonicalize() on Windows can produce \?\UNC\server\share\... for network paths. The previous strip_prefix(r""\?\"") would produce U",bugfix,Rust,slvnlrt,2026-03-24 22:07:48+01:00,22,1,0,1,29,6,2,0,2,15.5,0,clean,TypeScript,2024-2026,1.0,,4.14,0.0,5.17,0
spacedriveapp/spacedrive,f6c5985211f09efdb2f7e28fc01049ae2e74c54f,f6c5985211,"fix(core): reject entries with no parent_id instead of building relative paths  addressing.rs: when resolving SdPath::Physical, entries with parent_id=None produced a relative path like ""file.txt"" whi",bugfix,Rust,slvnlrt,2026-03-24 22:14:14+01:00,22,1,0,1,6,5,1,0,1,15.0,0,clean,TypeScript,2024-2026,1.0,,1.0,0.0,7.5,0
spacedriveapp/spacedrive,e4955bf59ab2d3309046be1d12fc0b03ce9530fe,e4955bf59a,ui magic,other,Rust,James Pine,2026-03-24 22:19:31-07:00,22,1,0,1,1981,264,46,0,63,7.6,0,clean,TypeScript,2024-2026,1.0,,7.48,0.0,0.16,1
FlowiseAI/Flowise,f8defac0d64c8a03928781235ddafa0d889a832a,f8defac0d6,Fix Mass Assignment in Tools Endpoint (#5954)  Co-authored-by: christopherholland-workday <christopher.holland+evisort@workday.com> Co-authored-by: yau-wd <yau.ong@workday.com>,bugfix,TypeScript,christopherholland-workday,2026-03-24 22:53:21+08:00,22,1,0,1,21,3,2,0,3,8.67,0,clean,TypeScript,2024-2026,1.0,,5.25,0.0,2.89,0
FlowiseAI/Flowise,97b96f60d3f7225f262dd50a4e41dcc5a6eab8ff,97b96f60d3,Fix Credential Data Leak (#6042)  Co-authored-by: christopherholland-workday <christopher.holland+evisort@workday.com> Co-authored-by: yau-wd <yau.ong@workday.com>,bugfix,TypeScript,christopherholland-workday,2026-03-24 23:00:19+08:00,23,1,0,1,12,2,2,1,3,5.67,0,clean,TypeScript,2024-2026,1.0,,4.0,0.33,1.89,0
spacedriveapp/spacedrive,5bc60cf4c41bc62a28c186707604922b03964ffa,5bc60cf4c4,more interface,other,TypeScript,James Pine,2026-03-24 23:52:43-07:00,23,1,0,1,928,191,12,0,28,3.96,0,clean,TypeScript,2024-2026,1.0,,4.83,0.0,0.3,1
typeorm/typeorm,50ba2dba8668c3db68014eb63567df09f83cd58e,50ba2dba86,refactor(query-builder)!: remove logQuery method (#12220),refactor,TypeScript,Piotr Kuczynski,2026-03-25 00:10:23+00:00,0,2,0,1,35,20,3,0,0,0.0,0,clean,TypeScript,2024-2026,1.0,,1.67,0.0,0.0,0
spacedriveapp/spacedrive,01e5bba6438f2b2a614db47badcd2094276e3a0e,01e5bba643,router,other,TypeScript,James Pine,2026-03-25 00:17:14-07:00,0,2,0,1,1153,609,14,0,46,3.17,0,clean,TypeScript,2024-2026,1.0,,1.89,0.0,0.21,1
spacedriveapp/spacedrive,f7bb42aa954322725a996812f5a8f63f24fdac90,f7bb42aa95,better chat,other,Unknown,James Pine,2026-03-25 00:42:29-07:00,0,2,0,1,82,40,3,0,8,3.5,0,clean,TypeScript,2024-2026,1.0,,2.0,0.0,0.88,1
spacedriveapp/spacedrive,9a00cef50ca5612932988b03f2f4d5f85e3bcc0d,9a00cef50c,more ui,other,Unknown,James Pine,2026-03-25 01:20:15-07:00,1,2,0,1,734,62,9,0,37,5.19,0,clean,TypeScript,2024-2026,1.0,,11.65,0.0,0.52,1
spacedriveapp/spacedrive,71e8201ee25ff3b681ab8fa3ae8e74f7d5cbb9d8,71e8201ee2,worker,other,Unknown,James Pine,2026-03-25 01:34:27-07:00,1,2,0,1,84,78,1,0,2,8.5,0,clean,TypeScript,2024-2026,1.0,,1.06,0.0,4.25,1
spacedriveapp/spacedrive,1d7097d64c9ba5e4de0f9fe7e16c52699a06b344,1d7097d64c,"refactor(locations): extract UNC path helper, add unwatch on removal  - Extract duplicated Windows extended path normalization into shared   `common::utils::strip_windows_extended_prefix()` helper (wa",bugfix,Rust,slvnlrt,2026-03-25 14:45:48+01:00,14,2,0,0,45,48,5,0,5,9.2,0,clean,TypeScript,2024-2026,1.0,,0.92,0.0,1.53,0
FlowiseAI/Flowise,02813aa70356f9f3626a586f33d899b39909310a,02813aa703,"Feat/agentflow Add support for create credential (#6048)  * Initial flow  * Fix styling to look the same as v2  * Add new atoms - SwitxhInput, Dropdown and ToolTipWithParser similar to v2  * Add test ",bugfix,TypeScript,j-sanaa,2026-03-25 15:00:22-07:00,15,2,0,0,2353,460,38,11,73,2.85,0,clean,TypeScript,2024-2026,1.0,,5.1,0.28,0.07,0
spacedriveapp/spacedrive,7b867ef4f1ca1f393e51ec093ecdcd2f435612d6,7b867ef4f1,fix(windows): only strip \?\ prefix on drive-letter paths  Volume GUIDs (\?\Volume{...}\) and other verbatim forms are invalid without the prefix. Only strip when followed by a drive letter (X:\).  Co,bugfix,Rust,slvnlrt,2026-03-25 15:05:13+01:00,15,2,0,0,9,1,1,0,1,5.0,0,clean,TypeScript,2024-2026,1.0,,4.5,0.0,2.5,0
spacedriveapp/spacedrive,63add551c9a715360b844b9bdaf723b4f450288e,63add551c9,progress,other,Rust,James Pine,2026-03-25 17:29:12-07:00,17,2,0,0,655,140,13,0,15,3.53,0,clean,TypeScript,2024-2026,1.0,,4.65,0.0,0.25,1
spacedriveapp/spacedrive,28e91b67f68fbc79dd5a9e288303e15495475356,28e91b67f6,spacedrive spacebot contract,other,Unknown,James Pine,2026-03-25 18:00:58-07:00,18,2,0,0,506,0,1,0,0,0.0,0,clean,TypeScript,2024-2026,1.0,,506.0,0.0,0.0,1
spacedriveapp/spacedrive,f7f505fc21b21428dffc47288f5a21fda63328a8,f7f505fc21,shared-ui,other,Unknown,James Pine,2026-03-25 18:39:56-07:00,18,2,0,0,250,0,1,0,0,0.0,0,clean,TypeScript,2024-2026,1.0,,250.0,0.0,0.0,1
spacedriveapp/spacedrive,8b8ce2b26a573caa52f18ff57a023ce4bb6ea949,8b8ce2b26a,integrate SpaceUI AI components into interface,other,Unknown,James Pine,2026-03-25 20:33:27-07:00,20,2,0,0,564,490,6,0,13,6.08,0,clean,TypeScript,2024-2026,1.0,,1.15,0.0,0.87,1
spacedriveapp/spacedrive,1206da1b8cacc00ade611599db27fff265426ab1,1206da1b8c,ui lib stuff,other,JavaScript,James Pine,2026-03-25 22:35:34-07:00,22,2,0,1,322,867,22,0,19,2.53,0,clean,TypeScript,2024-2026,1.0,,0.37,0.0,0.11,1
spacedriveapp/spacedrive,dfe60b5a82d53e650f3057508b721971fd35e1e7,dfe60b5a82,color test,test,Unknown,James Pine,2026-03-25 23:01:32-07:00,23,2,0,1,104,2,1,0,3,1.0,0,clean,TypeScript,2024-2026,1.0,,34.67,0.0,0.5,1
typeorm/typeorm,2a184c054b2299aa0f64aeae4144849770545ba4,2a184c054b,ci(qodo): disable persistent review notification (#12263),other,Unknown,Naor Peled,2026-03-25 23:04:08+02:00,23,2,0,1,1,0,1,0,0,0.0,0,clean,TypeScript,2024-2026,1.0,,1.0,0.0,0.0,0
spacedriveapp/spacedrive,f893dee59ff049945a155dfe9d4157f1c2c806d4,f893dee59f,Revise project description for clarity  Updated project description in README.md.,docs,Unknown,Jamie Pine,2026-03-25 23:29:19-07:00,23,2,0,1,1,2,1,0,0,0.0,0,clean,TypeScript,2024-2026,1.0,,0.33,0.0,0.0,2
spacedriveapp/spacedrive,658f642ddaf9f559164ea61266c234cea546ab9e,658f642dda,readme,docs,Unknown,Jamie Pine,2026-03-26 00:57:38-07:00,0,3,0,1,70,53,1,0,0,0.0,0,clean,TypeScript,2024-2026,1.0,,1.3,0.0,0.0,2
spacedriveapp/spacedrive,49353e9c1b0f2d713d10b8c29c23c52f0554e5c2,49353e9c1b,readme,docs,Unknown,Jamie Pine,2026-03-26 01:40:56-07:00,1,3,0,1,26,3,2,0,0,0.0,0,clean,TypeScript,2024-2026,1.0,,6.5,0.0,0.0,2
FlowiseAI/Flowise,106f2113a6f5208c3e0ec0bac8abfae9ae21b751,106f2113a6,fix(ui): limit Markdown rendering on RichInput (#6061)  - Added a new `useMarkdown` prop to RichInput for toggling between Markdown and HTML content. - Updated the `extensions` function to conditional,bugfix,Unknown,Jocelyn Lin,2026-03-26 12:18:17-07:00,12,3,0,0,22,7,1,0,5,3.0,0,clean,TypeScript,2024-2026,1.0,,2.75,0.0,1.5,0
spacedriveapp/spacedrive,c02e3404b1a76fa34027f7d63c73e6e589bdfb4d,c02e3404b1,data,other,Rust,Jamie Pine,2026-03-26 12:19:56-07:00,12,3,0,0,9374,477,72,0,201,5.32,0,clean,TypeScript,2024-2026,1.0,,19.61,0.0,0.07,2
spacedriveapp/spacedrive,bb5076776d9162ed3b1274510e263722dba39d49,bb5076776d,tailwind upgrade,other,JavaScript,James Pine,2026-03-26 17:29:55-07:00,17,3,0,0,124,212,18,0,5,1.2,0,clean,TypeScript,2024-2026,1.0,,0.58,0.0,0.06,1
spacedriveapp/spacedrive,a8b1f4d2a483ae6b3a3d1eb0abe30a9aec1c0d49,a8b1f4d2a4,migration,other,TypeScript,James Pine,2026-03-26 19:32:01-07:00,19,3,0,0,825,620,50,2,31,3.19,0,clean,TypeScript,2024-2026,1.0,,1.33,0.04,0.06,1
spacedriveapp/spacedrive,edebc7423f2ce5e0e29c866dd6f49ab12896dc77,edebc7423f,yes,other,Unknown,James Pine,2026-03-26 19:48:47-07:00,19,3,0,0,39,34,8,0,4,7.75,0,clean,TypeScript,2024-2026,1.0,,1.11,0.0,0.86,1
spacedriveapp/spacedrive,1c3d7d2a4c7644be2f4278ba77a9ce9ad83e001b,1c3d7d2a4c,ui,other,Unknown,James Pine,2026-03-26 21:09:37-07:00,21,3,0,0,182,264,31,1,33,4.42,0,clean,TypeScript,2024-2026,1.0,,0.69,0.03,0.14,1
spacedriveapp/spacedrive,e36ee3a625a3354d20cd2e5e90dcc0f9ae558e8b,e36ee3a625,delete old ui,other,TypeScript,James Pine,2026-03-26 21:10:31-07:00,21,3,0,0,0,3859,56,0,108,2.3,0,clean,TypeScript,2024-2026,1.0,,0.0,0.0,0.04,1
spacedriveapp/spacedrive,22020cf592386b3706634897f7ff395fe7fbcab5,22020cf592,ui tweaks,other,Unknown,James Pine,2026-03-26 22:06:43-07:00,22,3,0,1,257,184,4,0,18,3.61,0,clean,TypeScript,2024-2026,1.0,,1.39,0.0,0.72,1
spacedriveapp/spacedrive,0c19c64a17b822034ce6fa8097dfc75fbdea5e1b,0c19c64a17,ui,other,Unknown,James Pine,2026-03-26 22:23:29-07:00,22,3,0,1,787,661,3,0,22,3.05,0,clean,TypeScript,2024-2026,1.0,,1.19,0.0,0.76,1
spacedriveapp/spacedrive,457833ee19adb0f31186abeb50963f3050b12c64,457833ee19,remove ui refs,other,TypeScript,Jamie Pine,2026-03-26 22:48:27-07:00,22,3,0,1,141,131,4,0,1,2.0,0,clean,TypeScript,2024-2026,1.0,,1.07,0.0,0.4,2
spacedriveapp/spacedrive,f93a34ca73ca16a27b4f0d54f5da9ef92a50e682,f93a34ca73,remove sub modules,other,Unknown,Jamie Pine,2026-03-27 00:38:27-07:00,0,4,0,1,0,20,10,0,0,0.0,0,clean,TypeScript,2024-2026,1.0,,0.0,0.0,0.0,2
typeorm/typeorm,2ee2190ac912c9526d03a97cfda94afee195e98e,2ee2190ac9,feat: add codemod package for automated v1 migration (#12233),feature,TypeScript,Piotr Kuczynski,2026-03-27 00:58:31+00:00,0,4,0,1,7613,174,155,15,175,2.7,0,clean,TypeScript,2024-2026,1.0,,43.5,0.1,0.02,0
FlowiseAI/Flowise,7dc48adbf02072d9b8ba406426cd8330a854943a,7dc48adbf0,Fix Mass Assignment in Variables Endpoints (#5955)  * Fix Mass Assignment in Variables Endpoints  * Update packages/server/src/services/variables/index.ts  Co-authored-by: gemini-code-assist[bot] <176,bugfix,TypeScript,christopherholland-workday,2026-03-27 15:50:00+08:00,15,4,0,0,11,3,2,0,3,7.33,0,clean,TypeScript,2024-2026,1.0,,2.75,0.0,2.44,0
FlowiseAI/Flowise,06dc0e1e9629936389df196ecfd3cdeb73e960bd,06dc0e1e96,Fix IDOR Takeover in PUT /api/v1/user (#5986)  Co-authored-by: christopherholland-workday <christopher.holland+evisort@workday.com> Co-authored-by: yau-wd <yau.ong@workday.com>,bugfix,TypeScript,christopherholland-workday,2026-03-27 16:55:33+08:00,16,4,0,0,19,9,2,0,2,13.5,0,clean,TypeScript,2024-2026,1.0,,1.9,0.0,4.5,0
typeorm/typeorm,8692a9435f6dbe7aa08463455b3703deea689e8e,8692a9435f,ci: extract reusable composite actions for consistency and fix missing frozen-lockfile (#12202),bugfix,Unknown,Piotr Kuczynski,2026-03-27 17:34:11+01:00,17,4,0,0,100,197,9,4,0,0.0,0,clean,TypeScript,2024-2026,1.0,,0.51,0.4,0.0,0
typeorm/typeorm,6e45749380669bb3980af5666690f597abcb1ad6,6e45749380,fix(mssql)!: rename dataSource isolation options and assign proper values during `createPool` (#12231)  Co-authored-by: Piotr Kuczynski <piotr.kuczynski@gmail.com>,bugfix,TypeScript,Prakhar Chhalotre,2026-03-28 00:48:09+00:00,0,5,1,1,1450,552,46,11,36,3.33,0,clean,TypeScript,2024-2026,1.0,,2.62,0.23,0.07,0
typeorm/typeorm,0801b85c4e78166ebaffe90b2024c9cf6fcb295d,0801b85c4e,fix(query-builder): follow-up fixes for eager load relation strategy (#12256),bugfix,TypeScript,Piotr Kuczynski,2026-03-28 02:00:12+00:00,2,5,1,1,50,6,3,1,5,4.4,0,clean,TypeScript,2024-2026,1.0,,7.14,0.25,1.1,0
spacedriveapp/spacedrive,9f0685abc909f90f416d8d83c440434d2818cac4,9f0685abc9,ui,other,Unknown,Jamie Pine,2026-03-28 18:19:48-07:00,18,5,1,0,533,391,16,0,29,3.41,0,clean,TypeScript,2024-2026,1.0,,1.36,0.0,0.2,2
spacedriveapp/spacedrive,907ab4e267d16eced888a4e558e8ec2d31311ae6,907ab4e267,Add archive sources UI with full Rust integration  - Create core/src/data/ module with SourceManager wrapping sd-archive Engine - Add Sources to GroupType and Source to ItemType enums - Add default So,bugfix,Rust,James Pine,2026-03-29 03:24:53-07:00,3,6,1,1,2737,218,43,0,74,5.24,0,clean,TypeScript,2024-2026,1.0,,12.5,0.0,0.12,1
typeorm/typeorm,1085ae0554913c2270c90e6aa01ea4712140ce5c,1085ae0554,test: unskip cascade soft-remove and add recovery tests (#12252),feature,TypeScript,Richard Adams,2026-03-30 07:32:48+00:00,7,0,0,0,62,3,1,1,1,1.0,0,clean,TypeScript,2024-2026,1.0,,15.5,0.5,0.5,0
FlowiseAI/Flowise,3491e2bfe11e3a86d249a4c1edaf9f9aed93cf7a,3491e2bfe1,chore: bump @flowiseai/agentflow to 0.0.0-dev.7 (#6087)  Co-authored-by: github-actions[bot] <github-actions[bot]@users.noreply.github.com>,other,Unknown,github-actions[bot],2026-03-30 11:16:55-07:00,11,0,0,0,1,1,1,0,0,0.0,0,clean,TypeScript,2024-2026,1.0,,0.5,0.0,0.0,0
FlowiseAI/Flowise,b44031e2a216b6224f4250348a3a2a467811cfeb,b44031e2a2,Update README.md for @flowiseai/agentflow (#6088),docs,Unknown,Jocelyn Lin,2026-03-30 11:33:18-07:00,11,0,0,0,259,273,1,0,0,0.0,0,clean,TypeScript,2024-2026,1.0,,0.95,0.0,0.0,0
typeorm/typeorm,c6f0aa5119fe7c5ab5b602ae8bfbf798278ce443,c6f0aa5119,chore: remove integration tests and migrate cascade coverage to functional (#12273),test,TypeScript,Piotr Kuczynski,2026-03-30 15:30:17+02:00,15,0,0,0,256,2468,36,6,49,1.22,0,clean,TypeScript,2024-2026,1.0,,0.1,0.16,0.03,0
FlowiseAI/Flowise,c6062d7fed8522ac752999b02fd051b3f39c2fc8,c6062d7fed,Fix/agentflow fix field name mismatch between SDK internal representation and server expectation (#6092)  * Intial changes  * Test changes  * Fix gemini suggestion  * revert changes to RichTextEditor ,bugfix,TypeScript,j-sanaa,2026-03-30 17:57:59-07:00,17,0,0,0,523,490,50,18,93,3.97,0,clean,TypeScript,2024-2026,1.0,,1.07,0.35,0.08,0
FlowiseAI/Flowise,1b4b9facfb5ef9f43c783923231293ca633eb825,1b4b9facfb,chore: bump @flowiseai/agentflow to 0.0.0-dev.8 (#6096)  Co-authored-by: github-actions[bot] <github-actions[bot]@users.noreply.github.com>,other,Unknown,github-actions[bot],2026-03-30 18:15:42-07:00,18,0,0,0,1,1,1,0,0,0.0,0,clean,TypeScript,2024-2026,1.0,,0.5,0.0,0.0,0
FlowiseAI/Flowise,34aa82e3a02b744ba061ee0a183fe0a372cfbc56,34aa82e3a0,fix: redis pub/sub and streaming response issue (#6008)  * fix: unsubscribe redis pubsub when connection closes during prediction or after successful response  * update: add heartbeat to keep connecti,bugfix,TypeScript,Ilango,2026-03-30 20:18:23+08:00,20,0,0,0,361,511,7,0,66,2.89,0,clean,TypeScript,2024-2026,1.0,,0.71,0.0,0.36,0
FlowiseAI/Flowise,3ecb97865a76741390b4fc3d474d86b33b970d0c,3ecb97865a,"Revert ""fix: redis pub/sub and streaming response issue"" (#6084)  Revert ""fix: redis pub/sub and streaming response issue (#6008)""  This reverts commit 34aa82e3a02b744ba061ee0a183fe0a372cfbc56.",bugfix,TypeScript,yau-wd,2026-03-30 21:00:47+08:00,21,0,0,0,511,361,7,0,66,3.18,0,clean,TypeScript,2024-2026,1.0,,1.41,0.0,0.4,0
typeorm/typeorm,7e579cf3b916226df1d93d1814c728a6f20b428d,7e579cf3b9,docs: move inline code examples to JSDoc @example tags (#12275),docs,TypeScript,Piotr Kuczynski,2026-03-31 08:44:10+00:00,8,1,0,0,1951,101,206,0,56,12.61,0,clean,TypeScript,2024-2026,1.0,,19.13,0.0,0.06,0
typeorm/typeorm,ed4eee44377a6af1e52474fa39bf694f65a0d7bd,ed4eee4437,test(cascades): consolidate cascade tests together (#12276),test,TypeScript,Piotr Kuczynski,2026-03-31 11:55:59+00:00,11,1,0,0,563,566,79,20,46,1.13,0,clean,TypeScript,2024-2026,1.0,,0.99,0.25,0.01,0
FlowiseAI/Flowise,e2351c58218a05f567e4331704de53dee5183667,e2351c5821,Feat/agentflow add support for Variable System & Syntax Support (#6067)  * Initial flow  * Add tiptap - mention dependency similar to v2  * Add functionalities similiar to V2  * update to tiptap to 3.,bugfix,TypeScript,j-sanaa,2026-03-31 14:15:52-07:00,14,1,0,0,1753,539,33,9,76,2.7,0,clean,TypeScript,2024-2026,1.0,,3.25,0.26,0.08,0
typeorm/typeorm,5bed32937008d4e86e533b0354071066c3e1ce71,5bed329370,style(tests): standardize test setup hooks to async/await pattern (#12271),test,TypeScript,Piotr Kuczynski,2026-03-31 14:23:09+00:00,14,1,0,0,202,363,10,10,12,1.25,0,clean,TypeScript,2024-2026,1.0,,0.55,0.91,0.11,0
FlowiseAI/Flowise,6565c9090e02248461edacd5daa3ca5418cd21dc,6565c9090e,chore: bump @flowiseai/agentflow to 0.0.0-dev.9 (#6106)  Co-authored-by: github-actions[bot] <github-actions[bot]@users.noreply.github.com>,other,Unknown,github-actions[bot],2026-03-31 14:36:20-07:00,14,1,0,0,1,1,1,0,0,0.0,0,clean,TypeScript,2024-2026,1.0,,0.5,0.0,0.0,0
typeorm/typeorm,c3b771c5139080b7670a50bc1cdcac0f34b1530f,c3b771c513,fix(cli): preserve devDependencies needed by init command in published package (#12281),bugfix,TypeScript,Piotr Kuczynski,2026-03-31 15:58:46+02:00,15,1,0,0,10,2,2,0,2,2.0,0,clean,TypeScript,2024-2026,1.0,,3.33,0.0,0.67,0
FlowiseAI/Flowise,d8b7fefe366437abe6d5a8ae0d7f3c9ff491cf8f,d8b7fefe36,feat: add Pipedream MCP support (#5858)  * feat: add Pipedream MCP support  * fix: applied reviewer suggestions  * chore: unwanted console log cleanup,bugfix,TypeScript,Rohan Patil,2026-03-31 20:50:04+08:00,20,1,0,0,434,0,4,0,5,10.0,0,clean,TypeScript,2024-2026,1.0,,434.0,0.0,2.0,0
FlowiseAI/Flowise,47511669ed2d128695ae796ec5fa8f1a5b79c368,47511669ed,fix(models): correct sonar-deep-research model name in Perplexity config (#6069)  The sonar-deep-research entry under chatPerplexity had its name field incorrectly set to 'sonar' instead of 'sonar-dee,bugfix,Unknown,Abdul Samad Siddiqui,2026-03-31 20:57:10+08:00,20,1,0,0,1,1,1,0,0,0.0,0,clean,TypeScript,2024-2026,1.0,,0.5,0.0,0.0,0
FlowiseAI/Flowise,6412c204c8e411e8d66d1432b6bc27596eda57bd,6412c204c8,fix(models): correct o4-mini pricing under chatOpenAI (#6079)  fix(models): correct o4-mini pricing to fix 86% underbilling bug,bugfix,Unknown,Abdul Samad Siddiqui,2026-03-31 20:58:32+08:00,20,1,0,0,2,2,1,0,0,0.0,0,clean,TypeScript,2024-2026,1.0,,0.67,0.0,0.0,0
FlowiseAI/Flowise,24e713b99edeb793b9b5b38593a37fc8de3a283d,24e713b99e,"mini-feat: Store page sizes of views in local storage (#5830)  * page sizes for agent execution view, agentflow view, chatflow view and docstore view are now stored in local storage.  * Code improveme",feature,Unknown,Mewyii,2026-03-31 21:33:34+08:00,21,1,0,0,46,42,4,0,14,2.07,0,clean,TypeScript,2024-2026,1.0,,1.07,0.0,0.41,0
typeorm/typeorm,b9aa8355c050d4212be0bc3aacd19e1898e4a15d,b9aa8355c0,fix(persistence): handle non-nullable FK in orphaned row nullification (#11982)  Co-authored-by: Piotr Kuczynski <piotr.kuczynski@gmail.com>,bugfix,TypeScript,Giorgio Boa,2026-03-31 22:31:39+00:00,22,1,0,1,75,70,5,1,4,4.25,0,clean,TypeScript,2024-2026,1.0,,1.06,0.17,0.71,0
FlowiseAI/Flowise,faa571c961ee0ebe6fb9f4d060beb54e293ad39b,faa571c961,Mass Assignment in Assistant Update Endpoint (#5945)  * Mass Assignment in Assistant Update Endpoint Allows Cross-Workspace Resource Reassignment  * Mass Assignment in Assistant Update Endpoint Allows,other,TypeScript,christopherholland-workday,2026-03-31 23:02:05+08:00,23,1,0,1,128,13,4,1,5,14.6,0,clean,TypeScript,2024-2026,1.0,,9.14,0.2,2.92,0
FlowiseAI/Flowise,b93ccf3109d9d70e121a752411b28a7a36131556,b93ccf3109,Add Permission Checks to Vector Store API's (#6045)  * Add Permission Checks to Vector Store API's  * Update packages/server/src/routes/openai-assistants-vector-store/index.ts  Co-authored-by: gemini-,feature,TypeScript,christopherholland-workday,2026-04-01 09:51:56-07:00,9,2,0,0,25,13,2,0,0,0.0,0,clean,TypeScript,2024-2026,1.0,,1.79,0.0,0.0,0
FlowiseAI/Flowise,0d29e4d0dfa3119c4ace89f615340d40b0615c9e,0d29e4d0df,"Fix Mass Assignment in Chatflow Endpoints (#5953)  * Fix Mass Assignment in Chatflow Endpoints  * Fix Mass Assignment in Tools Endpoint  * Revert ""Fix Mass Assignment in Tools Endpoint""  This reverts ",bugfix,TypeScript,christopherholland-workday,2026-04-01 18:26:36+08:00,18,2,0,0,11,8,3,1,4,9.0,0,clean,TypeScript,2024-2026,1.0,,1.22,0.25,2.25,0
FlowiseAI/Flowise,4fc67b153a4b3f52fd9073fe3167fdcc95f6723a,4fc67b153a,"fix(models): correct multiple model label typos (Groq, Mistral, Bedrock) (#6104)  * fix(models): correct multiple model label typos in dropdown menus  * review resolved",bugfix,Unknown,Abdul Samad Siddiqui,2026-04-01 18:40:16+08:00,18,2,0,0,5,5,1,0,0,0.0,0,clean,TypeScript,2024-2026,1.0,,0.83,0.0,0.0,0
typeorm/typeorm,4c645f0393c66f3b68a50e7696094ee3d2e1fbd6,4c645f0393,fix(codemod): exclude type declarations from build (#12292),bugfix,Unknown,Piotr Kuczynski,2026-04-01 19:09:20+02:00,19,2,0,0,1,1,1,0,0,0.0,0,clean,TypeScript,2024-2026,1.0,,0.5,0.0,0.0,0
FlowiseAI/Flowise,6d668fbba172724f77c26fe65d413eb0ae319f42,6d668fbba1,"feat: email change confirmation flow (#5992)  * fix: update stripe email when changing email in account settings  * fix: review feedback  * fix: circular dependency, destroy all sessions on email chan",bugfix,TypeScript,Ilango,2026-04-01 20:16:13+05:30,20,2,0,0,2712,31,18,1,28,6.96,0,clean,TypeScript,2024-2026,1.0,,84.75,0.05,0.37,0
FlowiseAI/Flowise,dc07f4062b852033554543a3cff3daf3433b0dac,dc07f4062b,Fix IDOR in Evaluators and Evaluations Endpoints (#6050)  * Fix IDOR in Evaluators and Evaluations Endpoints  * chore(services/evaluations & EvaluatorDTO): replace explicit field assignment with strip,bugfix,TypeScript,christopherholland-workday,2026-04-01 22:32:43+08:00,22,2,0,1,21,16,4,0,3,9.0,0,clean,TypeScript,2024-2026,1.0,,1.24,0.0,1.8,0
FlowiseAI/Flowise,cc2a87eb9e822735ad19eba58ca1efb98596443d,cc2a87eb9e,fix(gmail): include draft id in update_draft tool schema (#5925)  * fix(gmail): require draft id in update_draft schema  * fix(gmail): validate update_draft id format,bugfix,TypeScript,Frank,2026-04-01 22:48:45+08:00,22,2,0,1,8,1,1,0,0,0.0,0,clean,TypeScript,2024-2026,1.0,,4.0,0.0,0.0,0
FlowiseAI/Flowise,9f96992d7e26e28f341b493247914d8ce34738db,9f96992d7e,"fix: skip empty metadata filter in RetrieverTool to prevent vector store error (#5976)  * fix: skip empty metadata filter in RetrieverTool to prevent vector store error  When a user adds an ""Additiona",bugfix,TypeScript,lif,2026-04-02 00:46:01+08:00,0,3,0,1,6,4,1,0,2,4.0,0,clean,TypeScript,2024-2026,1.0,,1.2,0.0,2.0,0
FlowiseAI/Flowise,0527333be0446d01c717b2d23757b6247a5fa99a,0527333be0,fix: preserve sourceDocuments and metadata in ExecuteFlow node (#5972)  * fix: preserve sourceDocuments and metadata in ExecuteFlow node  The Execute Flow node in AgentFlow V2 was only extracting the ,bugfix,TypeScript,lif,2026-04-02 01:10:15+08:00,1,3,0,1,32,2,1,0,1,39.0,0,clean,TypeScript,2024-2026,1.0,,10.67,0.0,19.5,0
FlowiseAI/Flowise,76c4fc97233925eaef48b496f812316794ee42c4,76c4fc9723,fix: lint issues (#6115),bugfix,TypeScript,Ilango,2026-04-02 05:45:22+08:00,5,3,0,1,1,1,1,0,1,4.0,0,clean,TypeScript,2024-2026,1.0,,0.5,0.0,2.0,0
FlowiseAI/Flowise,45e3ad6824ec6abf6f8d93c5195e88a013ff502f,45e3ad6824,feat(ChatOllama): add 'think' input option for reasoning support (#6116),feature,TypeScript,Henry Heng,2026-04-02 06:45:42+08:00,6,3,0,0,12,0,1,0,2,12.0,0,clean,TypeScript,2024-2026,1.0,,12.0,0.0,6.0,0
FlowiseAI/Flowise,d16c97eb2371c9e908c0feea3b0b3d24bb3f46ec,d16c97eb23,Fix: restore token-by-token streaming for chains using createTextOnlyOutputParser (#6086)  fix: restore token-by-token streaming for chains using createTextOnlyOutputParser,bugfix,TypeScript,Henry Heng,2026-04-02 06:45:53+08:00,6,3,0,0,45,15,1,0,2,19.0,0,clean,TypeScript,2024-2026,1.0,,2.81,0.0,9.5,0
FlowiseAI/Flowise,14b6e4159e02c4eaa1e719552d546d616e564303,14b6e4159e,fix(components): reuse extracted response content for ConditionAgent JSON parsing (#6072)  * fix: normalize conditionagent response content before parsing  * fix(components): reuse normalized response,bugfix,TypeScript,jslim-23,2026-04-02 06:46:28+08:00,6,3,0,0,5,7,1,0,1,48.0,0,clean,TypeScript,2024-2026,1.0,,0.62,0.0,24.0,0
typeorm/typeorm,7d2ea607a5502a7b9687254e518286911b3e673f,7d2ea607a5,chore(codemod): add homepage field to package.json (#12291),feature,Unknown,Piotr Kuczynski,2026-04-02 07:15:57+00:00,7,3,0,0,1,0,1,0,0,0.0,0,clean,TypeScript,2024-2026,1.0,,1.0,0.0,0.0,0
FlowiseAI/Flowise,7df6e95c40fa84050cf7e598fe46b273f7d7d0c3,7df6e95c40,fix(ui): allow XML tag for markdown rich input (#6095)  * fix(ui): allow XML tag for rich input  - Introduced utilities for escaping and unescaping non-standard XML/HTML tags to preserve them during m,bugfix,JavaScript,Jocelyn Lin,2026-04-02 09:02:07-07:00,9,3,0,0,568,81,9,1,16,7.38,0,clean,TypeScript,2024-2026,1.0,,6.93,0.1,0.74,0
typeorm/typeorm,94ccfd8ce8198cbcd42ce51d51ca284e720b386d,94ccfd8ce8,"docs(deps): upgrade React to 19, lucide-react to 1.x (#12294)",docs,Unknown,Piotr Kuczynski,2026-04-02 09:14:04+02:00,9,3,0,0,1175,1188,3,0,1,1.0,0,clean,TypeScript,2024-2026,1.0,,0.99,0.0,0.25,0
FlowiseAI/Flowise,7a744ea60021cb9ae1893c3aeb7ef55e2ceca54f,7a744ea600,Fix Mass Assignment in Dataset and DatasetRow Operations,bugfix,TypeScript,christopherholland-workday,2026-04-02 09:39:35-07:00,9,3,0,0,14,3,2,0,5,4.2,0,clean,TypeScript,2024-2026,1.0,,3.5,0.0,1.4,0
FlowiseAI/Flowise,106920010cc25280d353f2dc3a0ce962bf1081a8,106920010c,Fix Mass Assignment in Dataset and DatasetRow Operations,bugfix,TypeScript,christopherholland-workday,2026-04-02 09:39:35-07:00,9,3,0,0,11,9,1,0,4,3.75,0,clean,TypeScript,2024-2026,1.0,,1.1,0.0,1.88,0
typeorm/typeorm,ba590ecbbfd34af84b65ddc5bb9a0c1fb1d2abf6,ba590ecbbf,docs: add Releases section with v1.0 announcement bar (#12293),feature,TypeScript,Piotr Kuczynski,2026-04-02 09:47:29+00:00,9,3,0,0,49,19,10,0,1,3.0,0,clean,TypeScript,2024-2026,1.0,,2.45,0.0,0.27,0
FlowiseAI/Flowise,18bb02fcdcf87d2900f45a41509fca8759d5d9b7,18bb02fcdc,Fix Mass Assignment in Dataset and DatasetRow Operations,bugfix,TypeScript,christopherholland-workday,2026-04-02 10:10:07-07:00,10,3,0,0,7,7,1,0,4,5.25,0,clean,TypeScript,2024-2026,1.0,,0.88,0.0,2.62,0
typeorm/typeorm,4f18b3474e7342cd70b36afc3a756b274b7e5d19,4f18b3474e,fix(test): replace hardcoded IDs and names with entity references in closure-table test (#12289),bugfix,TypeScript,Piotr Kuczynski,2026-04-02 10:49:46+00:00,10,3,0,0,75,75,1,1,1,1.0,0,clean,TypeScript,2024-2026,1.0,,0.99,0.5,0.5,0
FlowiseAI/Flowise,fedc6ebc82f28e0ab0fdc9d434986de0a08964a1,fedc6ebc82,feat(agentflow): enhance state management with StateKeyValueInput and variable support (#6119)  * feat(agentflow): enhance state management with StateKeyValueInput and variable support  - Added StateK,bugfix,TypeScript,Jocelyn Lin,2026-04-02 12:10:51-07:00,12,3,0,0,868,117,29,7,45,3.58,0,clean,TypeScript,2024-2026,1.0,,7.36,0.23,0.12,0
typeorm/typeorm,9bf815e403b3942a1f045d9b642ee80e2bba4d32,9bf815e403,docs: add social links to maintainer cards (#12296),feature,Unknown,Piotr Kuczynski,2026-04-02 12:21:05+02:00,12,3,0,0,182,177,7,0,8,1.0,0,clean,TypeScript,2024-2026,1.0,,1.02,0.0,0.12,0
FlowiseAI/Flowise,1707688e62be94811ef977e701c071bc2d16d605,1707688e62,"fix: streaming response due to high number of redis pub/sub channels, better handling of connection issues (#6114)  * fix: unsubscribe redis pubsub when connection closes during prediction or after su",bugfix,TypeScript,Ilango,2026-04-02 13:14:40+05:30,13,3,0,0,356,529,7,0,65,2.92,0,clean,TypeScript,2024-2026,1.0,,0.67,0.0,0.36,0
FlowiseAI/Flowise,56f272a47645a71fe007d96cd952fb93d4a2dcd9,56f272a476,Feat/agentflow Port Markdown Editor & Edit/Source Toggle from legacy UI to agentflow (#6125)  * Initial flow  * Fix markdown import shape  * Add support to check for HTML or markdown  * Fix values not,bugfix,TypeScript,j-sanaa,2026-04-02 15:15:17-07:00,15,3,0,0,713,141,16,6,47,2.47,0,clean,TypeScript,2024-2026,1.0,,5.02,0.35,0.15,0
typeorm/typeorm,5b5058c4a2aacffd4e3f7c72833803df3707cf1c,5b5058c4a2,"chore: remove dead comments, debug blocks, and stale TODOs (#12284)",bugfix,TypeScript,Naor Peled,2026-04-02 19:14:02+00:00,19,3,0,0,3,231,13,0,7,8.14,0,clean,TypeScript,2024-2026,1.0,,0.01,0.0,0.58,0
FlowiseAI/Flowise,c4e689b97aca6cc0fa5f7cad737d4c8e6790a625,c4e689b97a,Feature/Add Audit and Deletion  (#5994)  * feat(audit): add emitEvent and file-based audit logging  * fix(sanitize.util.ts): correct IPv6 sanitization for audit log IP masking  * feat(account): add ac,bugfix,TypeScript,yau-wd,2026-04-02 22:15:05+08:00,22,3,0,1,2156,27,28,5,31,7.35,0,clean,TypeScript,2024-2026,1.0,,77.0,0.17,0.25,0
typeorm/typeorm,cfba9e77cc098f37896f935681dee70a20757830,cfba9e77cc,fix(cascade): propagate withDeleted to relation-id loader for many-to-many recover (#12287),bugfix,TypeScript,Piotr Kuczynski,2026-04-03 13:05:05+00:00,13,4,0,0,220,4,8,1,7,4.14,0,clean,TypeScript,2024-2026,1.0,,44.0,0.11,0.46,0
typeorm/typeorm,250e01922503b66b77d228e0758212d8749bf2e7,250e019225,fix(query-builder): reject semicolons in raw SQL expression methods (#12209),bugfix,TypeScript,Piotr Kuczynski,2026-04-03 13:34:30+02:00,13,4,0,0,249,77,6,1,2,3.0,0,clean,TypeScript,2024-2026,1.0,,3.19,0.14,0.43,0
FlowiseAI/Flowise,cb1e1e3363dd5c2c75a32aa82ea948a4ec31708f,cb1e1e3363,fix: better errors for sso login (#6113)  * add: logs for sso  * revert: logs but throw better login error for sso  * Update packages/server/src/enterprise/sso/SSOBase.ts  Co-authored-by: gemini-code-,bugfix,TypeScript,Ilango,2026-04-03 16:20:31+05:30,16,4,0,0,2,4,1,0,0,0.0,0,clean,TypeScript,2024-2026,1.0,,0.4,0.0,0.0,0
FlowiseAI/Flowise,2827e01e0663273ad1250ecdc4bb75ebbc6847a2,2827e01e06,fix(agentflow): resolve stale $flow.state reads in iteration node (#6099)  fix(agentflow): prioritize updated runtime state in iteration merge,bugfix,TypeScript,Manoj Kumar,2026-04-03 18:50:55+08:00,18,4,0,0,2,2,1,0,2,44.5,0,clean,TypeScript,2024-2026,1.0,,0.67,0.0,22.25,0
FlowiseAI/Flowise,2555f10c11fcf0115b5fc2ff3230976abe462623,2555f10c11,feat(ui): add document store rename/delete actions for cards and table (#6041)  * feat(ui): add document store rename/delete actions for cards and table  * refactor(docstore): simplify local rename st,feature,Unknown,Sahil Yuvraj kamble,2026-04-03 19:50:31+08:00,19,4,0,0,301,17,4,0,22,6.68,0,clean,TypeScript,2024-2026,1.0,,16.72,0.0,1.34,0
spacedriveapp/spacedrive,adac2f3c454e9f6a8bf8b5fc75bdc5d091dde4d9,adac2f3c45,"Source sync jobs, voice overlay rewrite, TabBar migration, docs  - Refactor source sync to dispatch SourceSyncJob instead of inline sync - Rewrite VoiceOverlay with audio recorder and TTS playback hoo",bugfix,Rust,James Pine,2026-04-04 01:12:52-07:00,1,5,1,1,1267,317,13,0,48,4.15,0,clean,TypeScript,2024-2026,1.0,,3.98,0.0,0.3,1
typeorm/typeorm,e8b7f50a260f77107c8e107507479876a84beaaa,e8b7f50a26,docs: simplify upgrading guide and remove internal implementation details (#12305),feature,Unknown,Piotr Kuczynski,2026-04-04 01:24:38+07:00,1,5,1,1,18,14,1,0,0,0.0,0,clean,TypeScript,2024-2026,1.0,,1.2,0.0,0.0,0
spacedriveapp/spacedrive,3383fb7cdb8624668d1c34d9db046d3ad4a9f5cc,3383fb7cdb,"Remove deprecated explorer sidebar (replaced by SpacesSidebar)  Delete Sidebar.tsx, SidebarItem.tsx, Section.tsx, LocationsSection.tsx from the old explorer sidebar. The active sidebar is SpacesSideba",other,TypeScript,James Pine,2026-04-04 03:49:55-07:00,3,5,1,1,0,408,6,0,13,2.31,0,clean,TypeScript,2024-2026,1.0,,0.0,0.0,0.33,1
spacedriveapp/spacedrive,efa8d07992f451dfee41cab38d683c91008275ca,efa8d07992,Rename @spaceui/* deps to @spacedrive/*,refactor,TypeScript,Jamie Pine,2026-04-04 21:35:20-07:00,21,5,1,0,141,141,64,2,1,2.0,0,clean,TypeScript,2024-2026,1.0,,0.99,0.03,0.03,2
FlowiseAI/Flowise,2aeb9fff6526135e7c468e6d6ab30f322889738f,2aeb9fff65,feat(agentflow): Add refresh button for Available Actions dropdown (#6134)  * feat(agentflow): Add refresh button for Available Actions dropdown  - Introduced a refresh button in AsyncInput and AsyncM,feature,TypeScript,Jocelyn Lin,2026-04-06 08:45:08-07:00,8,0,0,0,698,529,5,2,11,5.18,0,clean,TypeScript,2024-2026,1.0,,1.32,0.33,0.86,0
FlowiseAI/Flowise,8985c5ec557cc9a341b1a81a30846d0fb1117b62,8985c5ec55,feat: add client-scoped filtering to node input params (#6107)  * feat: add client-scoped filtering to node input params  Adds a `client` field to `INodeParams` and `INodeOptionsValue` so node authors,bugfix,TypeScript,jchui-wd,2026-04-06 09:41:21-07:00,9,0,0,0,254,21,8,2,23,2.3,0,clean,TypeScript,2024-2026,1.0,,11.55,0.22,0.26,0
FlowiseAI/Flowise,833f911220cd64388d508f11f3c422bb05309d0e,833f911220,Add barrel export and exports map to packages/components (#6130)  * add barrel export and exports map  * pin dep for pre commit hook  * remove catch all as no need to support dist imports,feature,TypeScript,michaell-workday,2026-04-06 10:08:47-07:00,10,0,0,0,155,30,4,0,0,0.0,0,clean,TypeScript,2024-2026,1.0,,5.0,0.0,0.0,0
FlowiseAI/Flowise,e2ecc0b0a6f9f5746282c9e8edd6bf0a4b73d82a,e2ecc0b0a6,Fix/agentflow Add support for XML tag in markdown input and render markdown conditionally (#6145)  * Changes to limit markdown  * Remove extra content  * Test changes  * Add support to escape XML tags,bugfix,TypeScript,j-sanaa,2026-04-06 11:52:25-07:00,11,0,0,0,896,186,11,4,41,2.29,0,clean,TypeScript,2024-2026,1.0,,4.79,0.33,0.19,0
FlowiseAI/Flowise,567bfe3ffac60c0dce6cebcb74675e6e5b3770b4,567bfe3ffa,chore: bump @flowiseai/agentflow to 0.0.0-dev.10 (#6162)  Co-authored-by: github-actions[bot] <github-actions[bot]@users.noreply.github.com>,other,Unknown,github-actions[bot],2026-04-06 14:52:18-07:00,14,0,0,0,2,2,1,0,0,0.0,0,clean,TypeScript,2024-2026,1.0,,0.67,0.0,0.0,0
FlowiseAI/Flowise,5f85387e3872f1d6e2e82a5a5f136b8ffe55cef3,5f85387e38,chore: update GitHub Actions dependency version (#6165)  - also fix a type error on agentflow example app,bugfix,Unknown,Jocelyn Lin,2026-04-06 17:30:17-07:00,17,0,0,0,7,8,2,0,1,6.0,0,clean,TypeScript,2024-2026,1.0,,0.78,0.0,2.0,0
FlowiseAI/Flowise,1cf247eab35c7c3d4db381d23e4dca682fba527b,1cf247eab3,Fix Mass Assignment in Assistants Endpoints (#6128)  Co-authored-by: christopherholland-workday <christopher.holland+evisort@workday.com>,bugfix,TypeScript,christopherholland-workday,2026-04-06 20:27:47+08:00,20,0,0,0,2,2,2,0,2,13.5,0,clean,TypeScript,2024-2026,1.0,,0.67,0.0,4.5,0
FlowiseAI/Flowise,f64047bdcf4cbd6a30ec348b9e3f2899ff514e89,f64047bdcf,Fix Mass Assignment on Save Custom Template (#6129)  Co-authored-by: christopherholland-workday <christopher.holland+evisort@workday.com>,bugfix,TypeScript,christopherholland-workday,2026-04-06 21:07:12+08:00,21,0,0,0,8,6,2,0,2,6.0,0,clean,TypeScript,2024-2026,1.0,,1.14,0.0,2.0,0
FlowiseAI/Flowise,b9b4827e8ac4600718b0bc26f4f9580f56acefea,b9b4827e8a,fix(agentflow): $flow.state inaccessible inside iteration node execution (#6142)  fix(agentflow): Fix $flow.state inaccessible inside iteration node execution,bugfix,TypeScript,Manoj Kumar,2026-04-07 00:37:48+01:00,0,1,0,1,1,0,1,0,2,44.5,0,clean,TypeScript,2024-2026,1.0,,1.0,0.0,22.25,0
FlowiseAI/Flowise,57ac7bee92f29d898489ac93d637d540d5fabdd5,57ac7bee92,docs: fix Hugging Face deployment links (#6124),bugfix,Unknown,ming1523,2026-04-07 00:39:45+01:00,0,1,0,1,7,7,7,0,0,0.0,0,clean,TypeScript,2024-2026,1.0,,0.88,0.0,0.0,0
FlowiseAI/Flowise,deb13307278ddb8edafe57ceea88a0c9baad7cb0,deb1330727,update eslint-plugin-jsx-a11y and remove pinned version for es-iterat… (#6159)  update eslint-plugin-jsx-a11y and remove pinned version for es-iterator-helpers,other,Unknown,mmattu-wd,2026-04-07 08:34:59-07:00,8,1,0,0,639,188,3,0,0,0.0,0,clean,TypeScript,2024-2026,1.0,,3.38,0.0,0.0,0
FlowiseAI/Flowise,140f1d35a0273e033e08d5b03dcfc62f7da4a1ed,140f1d35a0,feat(ui): add accessible show/hide password toggle on signin (#6098),feature,Unknown,Sahil Yuvraj kamble,2026-04-07 14:27:58+05:30,14,1,0,0,49,3,2,0,4,13.5,0,clean,TypeScript,2024-2026,1.0,,12.25,0.0,4.5,0
FlowiseAI/Flowise,edff15219ec87354e2deb260f7c18f91353b754b,edff15219e,Feat/docstore rename delete actions (optimised for dark theme) (#6144)  * feat(ui): add document store rename/delete actions for cards and table  * refactor(docstore): inline action button styles into,feature,Unknown,Sahil Yuvraj kamble,2026-04-07 20:35:54+01:00,20,1,0,0,23,28,2,0,8,9.88,0,clean,TypeScript,2024-2026,1.0,,0.79,0.0,3.29,0
typeorm/typeorm,d31cb541c0bf8fce13ff7602366e8fc1bfa228e8,d31cb541c0,docs(sidebar): flatten Advanced Topics into main menu and split Performance Optimization (#12319),docs,TypeScript,Piotr Kuczynski,2026-04-08 07:59:53+02:00,7,2,0,0,271,248,20,0,0,0.0,0,clean,TypeScript,2024-2026,1.0,,1.09,0.0,0.0,0
typeorm/typeorm,e8e5ecf61f02a5e8beaaf858a501fc04f0509f3a,e8e5ecf61f,refactor: replace deprecated substr (#12302),refactor,TypeScript,Prakhar Chhalotre,2026-04-08 08:05:17+00:00,8,2,0,0,67,75,15,0,27,3.33,0,clean,TypeScript,2024-2026,1.0,,0.88,0.0,0.21,0
typeorm/typeorm,910fae7b6bf5d78ffb07a086496ce98baa0d4494,910fae7b6b,fix(metadata-builder): deferrable for many to many (#11924),bugfix,TypeScript,Shaun Smith,2026-04-08 10:36:24+00:00,10,2,0,0,243,0,8,1,5,4.6,0,clean,TypeScript,2024-2026,1.0,,243.0,0.11,0.51,0
typeorm/typeorm,8f6e1f71d12bd394be8c622f4e04539e7fc6fcc0,8f6e1f71d1,test: prevent enum mutation from polluting other tests (#12306),test,TypeScript,Piotr Kuczynski,2026-04-08 12:05:14+00:00,12,2,0,0,27,18,1,1,1,2.0,0,clean,TypeScript,2024-2026,1.0,,1.42,0.5,1.0,0
typeorm/typeorm,422c88c95f2a954414bb426d405189d9c5b6f637,422c88c95f,test(schema-builder): reorganize schema-builder tests by topic (#12290),test,TypeScript,Piotr Kuczynski,2026-04-08 13:08:52+00:00,13,2,0,0,1205,746,258,104,90,1.02,0,clean,TypeScript,2024-2026,1.0,,1.61,0.4,0.0,0
typeorm/typeorm,7084240e0a911340e27ced6734518c7d4d412574,7084240e0a,fix(types): add proper entity typing for `queryBuilder.update` (#11296),bugfix,TypeScript,"Oleg ""OSA413"" Sokolov",2026-04-08 14:34:35+00:00,14,2,0,0,7,0,1,0,2,1.0,0,clean,TypeScript,2024-2026,1.0,,7.0,0.0,0.5,0
typeorm/typeorm,fd7d3ed4ea6b3e3250a13c4adb7b99012adef851,fd7d3ed4ea,fix(test): clean up schema-builder test entities and code smells (#12324),bugfix,TypeScript,Piotr Kuczynski,2026-04-08 18:51:26+00:00,18,2,0,0,20,25,13,7,7,3.29,0,clean,TypeScript,2024-2026,1.0,,0.77,0.5,0.24,0
typeorm/typeorm,876aed96b5651ecc97c03e6417cd341a3e04de00,876aed96b5,refactor(test): replace findOne with findOneOrFail to eliminate non-null assertions (#12325),refactor,TypeScript,Piotr Kuczynski,2026-04-08 19:38:58+00:00,19,2,0,0,3215,3191,201,201,221,1.24,0,clean,TypeScript,2024-2026,1.0,,1.01,1.0,0.01,0
typeorm/typeorm,cd6825ba3bdcd0c448f066d8a503d31b7c24457c,cd6825ba3b,test: rename test files (#12268),refactor,TypeScript,Prakhar Chhalotre,2026-04-09 00:09:32+00:00,0,3,0,1,2,2,2,2,2,1.0,0,clean,TypeScript,2024-2026,1.0,,0.67,0.67,0.33,0
FlowiseAI/Flowise,e765367fdc9761a7d9cf01a048cac15c78903b85,e765367fdc,fix: flowise-317 (#6168)  * fix: flowise-317  * fix: review feedback  * fix: add permission check to execute button in custom function node,bugfix,TypeScript,Ilango,2026-04-09 11:09:03+01:00,11,3,0,0,126,46,6,0,4,4.5,0,clean,TypeScript,2024-2026,1.0,,2.68,0.0,0.64,0
typeorm/typeorm,09183c8cd3f6f7f1f2520b9d2c80f4046a81ecb1,09183c8cd3,fix(cascade): support cascade remove for OneToMany relations with composite PKs (#12286),bugfix,TypeScript,Piotr Kuczynski,2026-04-09 15:19:28+02:00,15,3,0,0,269,42,9,3,7,5.0,0,clean,TypeScript,2024-2026,1.0,,6.26,0.3,0.5,0
FlowiseAI/Flowise,6ad18cc6b43016b5d3cbd544be3ba70acab6f569,6ad18cc6b4,Fix/agentflow Integration and verification test fixes (#6175)  * Fix JSON inout button not appearing  * Fix to display icons for vector embeddings and tools in Agent node  * Add variable syntax suppor,bugfix,Unknown,j-sanaa,2026-04-09 15:49:00-07:00,15,3,0,0,785,109,10,4,30,4.87,0,clean,TypeScript,2024-2026,1.0,,7.14,0.36,0.44,0
typeorm/typeorm,df59a5f4b6f9526f1c337887f268968b511a36bf,df59a5f4b6,docs: use `indexes` instead of `indices` in documentation (#12321),docs,TypeScript,Piotr Kuczynski,2026-04-09 16:35:55+00:00,16,3,0,0,39,34,11,0,0,0.0,0,clean,TypeScript,2024-2026,1.0,,1.11,0.0,0.0,0
typeorm/typeorm,7dc1037d4853d63b97e3e34f40e61f492fa7f233,7dc1037d48,test(cascades): unskip composite PK cascade tests and remove driver restrictions (#12283),test,TypeScript,Piotr Kuczynski,2026-04-09 21:44:45+00:00,21,3,0,0,37,26,7,2,2,1.0,0,clean,TypeScript,2024-2026,1.0,,1.37,0.25,0.12,0
FlowiseAI/Flowise,92f07974d77eea783ca1d928997b5eeabccbaa1c,92f07974d7,fix(evaluations): use correct total_cost property in CostCalculator (#6183)  * fix(evaluations): use correct total_cost property in CostCalculator  The condition on line 28 checked costValues.total_pr,bugfix,TypeScript,aviu16,2026-04-10 11:45:34+01:00,11,4,0,0,1,1,1,0,1,9.0,0,clean,TypeScript,2024-2026,1.0,,0.5,0.0,4.5,0
FlowiseAI/Flowise,ade5b95f052c049412537064522d17c6a95075e9,ade5b95f05,feat: Browserless MCP integration (#6171)  * feat: Browserless MCP integration  * fix: rename Browserless_MCP class to BrowserlessMCP,bugfix,TypeScript,Anderson Martínez,2026-04-10 12:04:34+01:00,12,4,0,0,148,0,3,0,5,2.6,0,clean,TypeScript,2024-2026,1.0,,148.0,0.0,0.65,0
FlowiseAI/Flowise,1cbae24ca7da7a4e626cee4951327c43ba4f4238,1cbae24ca7,fix(evaluations): correct DoesNotContainAny/All operator logic (#6182)  * fix(evaluations): correct DoesNotContainAny/All operator logic  DoesNotContainAny was returning Pass when values were found an,bugfix,TypeScript,aviu16,2026-04-10 12:19:37+01:00,12,4,0,0,19,7,1,0,2,22.5,0,clean,TypeScript,2024-2026,1.0,,2.38,0.0,11.25,0
FlowiseAI/Flowise,e733ebcfdef36b6b8a6674e69c058d92e81a3c23,e733ebcfde,refactor(api): update caching mechanism in deduplicatedClient to differentiate TTL for GET and load-method responses (#6188),refactor,TypeScript,Jocelyn Lin,2026-04-10 14:21:04-07:00,14,4,0,0,12,5,1,0,4,3.0,0,clean,TypeScript,2024-2026,1.0,,2.0,0.0,1.5,0
typeorm/typeorm,7606c2131dcc11f4e6dfe3238b78a1acfa794956,7606c2131d,style(eslint): enable prefer-optional-chain rule (#12331),other,TypeScript,Piotr Kuczynski,2026-04-10 14:41:00+07:00,14,4,0,0,191,327,60,2,90,10.37,0,clean,TypeScript,2024-2026,1.0,,0.58,0.03,0.17,0
FlowiseAI/Flowise,dddfb3c90eec900d747790a439bd362a764039cd,dddfb3c90e,Fix/agentflow - Fixes for minor UI issues in extracted canvas (#6190)  * Fix c=incorrect color for edit nodes  * Fix to ensure all input fields have same width  * Fix accordian having an extra line  *,bugfix,TypeScript,j-sanaa,2026-04-10 16:41:40-07:00,16,4,0,0,113,39,7,1,4,3.5,0,clean,TypeScript,2024-2026,1.0,,2.82,0.12,0.44,0
spacedriveapp/spacedrive,6c5e656e6dbca09952029cfdd93ef4cc03da9b6f,6c5e656e6d,spacedrive server work,other,TypeScript,Jamie Pine,2026-04-10 16:58:43-07:00,16,4,0,0,419,46,16,0,10,6.6,0,clean,TypeScript,2024-2026,1.0,,8.91,0.0,0.39,2
typeorm/typeorm,b2adef8b9984ce2ec3a3048d5a4f564f993cc5f1,b2adef8b99,style(eslint): enable prefer-string-starts-ends-with rule (#12332),other,Unknown,Piotr Kuczynski,2026-04-10 17:53:37+00:00,17,4,0,0,1,0,1,0,0,0.0,0,clean,TypeScript,2024-2026,1.0,,1.0,0.0,0.0,0
typeorm/typeorm,cab8fcb0e82cc5fa095db746910b3bc0c40acad0,cab8fcb0e8,style(eslint): enable prefer-nullish-coalescing rule (#12340),other,TypeScript,Piotr Kuczynski,2026-04-10 19:47:41+02:00,19,4,0,0,1284,1558,123,5,274,8.06,0,clean,TypeScript,2024-2026,1.0,,0.82,0.04,0.06,0
FlowiseAI/Flowise,fd48519f41f943360ca1379d9d8629d3916c5aa4,fd48519f41,fix: remove basic auth (#5680)  Co-authored-by: yau-wd <yau.ong@workday.com>,bugfix,TypeScript,Ilango,2026-04-10 19:49:44+08:00,19,4,0,0,2,135,7,0,7,2.86,0,clean,TypeScript,2024-2026,1.0,,0.01,0.0,0.36,0
typeorm/typeorm,3e32686719c2cdd6a85f09b1a603a3b607854e50,3e32686719,fix(schema): sort composite FK columns to match referenced PK index order (#12280),bugfix,TypeScript,Piotr Kuczynski,2026-04-10 21:28:16+02:00,21,4,0,0,229,20,11,3,10,3.2,0,clean,TypeScript,2024-2026,1.0,,10.9,0.25,0.27,0
typeorm/typeorm,417593ef7030822345c80e09518e5f09a86443ad,417593ef70,fix: remove whitespaces in log query (#12047)  Co-authored-by: Lucian Mocanu <alumni@users.noreply.github.com>,bugfix,TypeScript,Prakhar Chhalotre,2026-04-10 22:17:38+00:00,22,4,0,1,89,107,2,0,6,31.5,0,clean,TypeScript,2024-2026,1.0,,0.82,0.0,10.5,0
typeorm/typeorm,950ce01a6c00b248e8d4529f31b51e9eb86d9667,950ce01a6c,feat(transactions): add isolationLevel option to DataSource for all drivers (#12269),feature,TypeScript,Piotr Kuczynski,2026-04-11 09:47:03+00:00,9,5,1,0,637,121,37,8,21,4.24,0,clean,TypeScript,2024-2026,1.0,,5.22,0.21,0.11,0
typeorm/typeorm,0c2b53e0155bab29528e43b685685e58810063f5,0c2b53e015,docs: update multiple data sources examples (#12327)  Co-authored-by: Piotr Kuczynski <> Co-authored-by: Piotr Kuczynski <piotr.kuczynski@gmail.com>,docs,Unknown,Omar Yasser,2026-04-11 13:34:11+00:00,13,5,1,0,2,2,1,0,0,0.0,0,clean,TypeScript,2024-2026,1.0,,0.67,0.0,0.0,0
FlowiseAI/Flowise,d1a756625d3045f2915904500283a736b7c2c1d1,d1a756625d,Bugfix/add compact table transformer for NotionAPILoader (#6187)  * add compact table transformer for NotionAPILoader .  * fix: improve table transformation logic in NotionAPILoader  * fix: improve ta,bugfix,TypeScript,Henry Heng,2026-04-11 16:03:37+01:00,16,5,1,0,400,0,4,1,8,4.0,0,clean,TypeScript,2024-2026,1.0,,400.0,0.2,0.8,0
FlowiseAI/Flowise,4c0223a013324c47c24623556740f66e3c0520e7,4c0223a013,Bugfix/add groq sdk (#6194)  add groq sdk,bugfix,Unknown,Henry Heng,2026-04-11 16:09:07+01:00,16,5,1,0,23,20,2,0,0,0.0,0,clean,TypeScript,2024-2026,1.0,,1.1,0.0,0.0,0
spacedriveapp/spacedrive,acde17c0883393c45c376bb0d129bded05f4344f,acde17c088,"Fix CI: rustfmt, xtask empty TARGET_TRIPLE, and package linking  - Sort `pub mod adapters` alphabetically in ops/mod.rs - Wrap long line in volume/fs/refs.rs - Handle empty TARGET_TRIPLE env var in xt",bugfix,Rust,Jamie Pine,2026-04-12 20:33:43-07:00,20,6,1,0,14,12,7,0,2,19.5,0,clean,TypeScript,2024-2026,1.0,,1.08,0.0,2.44,2
typeorm/typeorm,e66c3fc3d4e90fea9c781edcac6f308cb17d7708,e66c3fc3d4,docs(performance): add database-specific EXPLAIN examples to indexes guide (#12328),feature,TypeScript,Piotr Kuczynski,2026-04-12 23:05:32+00:00,23,6,1,1,457,66,26,0,2,1.0,0,clean,TypeScript,2024-2026,1.0,,6.82,0.0,0.04,0
spacedriveapp/spacedrive,730b1779656c17a43c122685cb51f80c76f8fdce,730b177965,"Fix remaining CI failures: rustfmt, TypeScript errors  - cargo fmt across all modified files - Add Vite client types and Window.__SPACEDRIVE__ declaration - Fix @sd/interface/platform import to @sd/in",bugfix,Rust,Jamie Pine,2026-04-12 23:13:50-07:00,23,6,1,1,63,67,15,0,15,5.13,0,clean,TypeScript,2024-2026,1.0,,0.93,0.0,0.32,2
FlowiseAI/Flowise,7de9e3ecb654763f9c0bcec7b48a11a850f45299,7de9e3ecb6,fix/agentflow: Update default values and auto-add Start node for empty state (#6210)  - Implemented auto-add functionality for Start node in Agentflow when creating a new canvas. - Updated default val,bugfix,TypeScript,Jocelyn Lin,2026-04-13 16:21:44-07:00,16,0,0,0,162,52,9,4,13,6.85,0,clean,TypeScript,2024-2026,1.0,,3.06,0.4,0.68,0
FlowiseAI/Flowise,6ba035ced92f623057e6c8265afa9afaa65ca842,6ba035ced9,Chore/include action metadata from API responses (#6204)  include action metadata from API responses,other,TypeScript,Henry Heng,2026-04-13 16:22:43+01:00,16,0,0,0,8,0,4,0,2,60.0,0,clean,TypeScript,2024-2026,1.0,,8.0,0.0,12.0,0
FlowiseAI/Flowise,0e528779f49ea13b7c10eb869c3b4ef8fdaba2e3,0e528779f4,Bugfix/Silent fallback to vm2 for sandbox execution (#6206)  silent fallback to vm2 for sandbox execution,bugfix,TypeScript,Henry Heng,2026-04-13 16:47:16+01:00,16,0,0,0,3,7,1,0,0,0.0,0,clean,TypeScript,2024-2026,1.0,,0.38,0.0,0.0,0
FlowiseAI/Flowise,b27e8890a3f8e025cc548ae0d23637da57aed391,b27e8890a3,feat(components): improve Baidu Wenxin chat model configuration (#6140),feature,TypeScript,jimmyzhuu,2026-04-13 22:34:14+01:00,22,0,0,1,149,5,3,1,4,3.5,0,clean,TypeScript,2024-2026,1.0,,24.83,0.25,0.88,0
FlowiseAI/Flowise,faaaa11906376596e0dd11fc2a360b8f5f6b719b,faaaa11906,feat(components): add Baidu Qianfan embeddings node (#6147)  * feat(components): add Baidu Qianfan embeddings node  * fix(components): preserve explicit numeric values in Baidu embeddings  * Improve Q,bugfix,TypeScript,jimmyzhuu,2026-04-13 22:35:39+01:00,22,0,0,1,240,0,4,1,4,3.25,0,clean,TypeScript,2024-2026,1.0,,240.0,0.2,0.65,0
typeorm/typeorm,7171643d99ab295be90177b23d925a6519993e1c,7171643d99,feat(mongodb): implement object-based select projection for find methods (#12237),feature,TypeScript,Piotr Kuczynski,2026-04-14 00:28:40+00:00,0,1,0,1,378,113,6,2,10,3.7,0,clean,TypeScript,2024-2026,1.0,,3.32,0.29,0.53,0
FlowiseAI/Flowise,32232c04c5434a005635d2d1a03394026ffa5cfa,32232c04c5,"fix(agentflow): add onFlowChange notifications for deleteNode, deleteEdge, and duplicateNode actions (#6211)  * fix(agentflow): add onFlowChange notifications for deleteNode, deleteEdge, and duplicate",bugfix,Unknown,Jocelyn Lin,2026-04-14 08:19:56-07:00,8,1,0,0,118,4,2,1,2,2.5,0,clean,TypeScript,2024-2026,1.0,,23.6,0.33,0.83,0
spacedriveapp/spacedrive,8a7fc53cdf2caddaec382243e0c7459ad1ee513d,8a7fc53cdf,"Fix ~750 TypeScript typecheck errors  - Add ReactComponent export to *.svg module declarations - Fix SdPath imports to use generated types (device_slug, Cloud/Sidecar variants) - Create useJobs barrel",bugfix,TypeScript,Jamie Pine,2026-04-14 08:56:21-07:00,8,1,0,0,341,400,94,3,140,8.54,0,clean,TypeScript,2024-2026,1.0,,0.85,0.03,0.09,2
FlowiseAI/Flowise,04b897adc3bedfe8f841843d9bdb01e10d82e39e,04b897adc3,Fix: Clean and Nuke Script (#6213),bugfix,Unknown,abdullah-workday,2026-04-14 10:30:01-07:00,10,1,0,0,8,6,6,0,0,0.0,0,clean,TypeScript,2024-2026,1.0,,1.14,0.0,0.0,0
FlowiseAI/Flowise,96fca439c1b5f3f86d4f0b45de36cf4664d66cc8,96fca439c1,"feat(agentflow): add client filtering for form input options in Start node (#6212)  - Enhanced Start node to include a client property for the form input option, allowing differentiation between 'agen",feature,TypeScript,Jocelyn Lin,2026-04-14 11:07:55-07:00,11,1,0,0,38,1,2,1,2,1.0,0,clean,TypeScript,2024-2026,1.0,,19.0,0.33,0.33,0
spacedriveapp/spacedrive,c877cc243bd79f72ecca41f95d88c4a889d47558,c877cc243b,disable spacebot window,other,Rust,Jamie Pine,2026-04-14 11:22:10-07:00,11,1,0,0,11,11,1,0,1,1.0,0,clean,TypeScript,2024-2026,1.0,,0.92,0.0,0.5,2
FlowiseAI/Flowise,4114b3b506e7bbee155141175a2ba48e426919dd,4114b3b506,Release/3.1.2 (#6215)  release@3.1.2  Co-authored-by: yau-wd <yau.ong@workday.com>,other,Unknown,Henry Heng,2026-04-14 11:42:44+01:00,11,1,0,0,4,4,4,0,0,0.0,0,clean,TypeScript,2024-2026,1.0,,0.8,0.0,0.0,0
spacedriveapp/spacedrive,beab5a715b658586a765be33f5c1466d8e99b80e,beab5a715b,Add spaceui-link and spaceui-unlink justfile recipes  Matches the spacebot justfile pattern for local SpaceUI development.  Co-Authored-By: Claude Opus 4.6 (1M context) <noreply@anthropic.com>,feature,Unknown,James Pine,2026-04-14 14:01:05-07:00,14,1,0,0,22,0,1,0,0,0.0,0,clean,TypeScript,2024-2026,1.0,,22.0,0.0,0.0,1
spacedriveapp/spacedrive,b6c59373647c598164ee3e66ace5450516d9c369,b6c5937364,Update link from spacedrive.com to v2.spacedrive.com,other,Unknown,Jamie Pine,2026-04-14 15:09:21-07:00,15,1,0,0,1,1,1,0,0,0.0,0,clean,TypeScript,2024-2026,1.0,,0.5,0.0,0.0,2
spacedriveapp/spacedrive,1e58784482553b39a9f0798a0ec90f24883d340e,1e58784482,fix volume detection + redundancy doc,bugfix,Rust,James Pine,2026-04-14 15:50:44-07:00,15,1,0,0,327,9,4,0,8,13.12,0,clean,TypeScript,2024-2026,1.0,,32.7,0.0,2.62,1
spacedriveapp/spacedrive,37bb1b2f267a491b6e81f792b007216e2f1650ea,37bb1b2f26,fix release CI + rustfmt + storage navigation  - Add bun setup and web frontend build steps to server-build job in   release workflow (rust-embed needs apps/web/dist/ at compile time) - Fix rustfmt vi,bugfix,Rust,James Pine,2026-04-14 17:58:40-07:00,17,1,0,0,22,11,4,0,4,2.5,0,clean,TypeScript,2024-2026,1.0,,1.83,0.0,0.5,1
spacedriveapp/spacedrive,db5f362f12e9652691693fead4101ee5cc2eb421,db5f362f12,"fix(web): add missing @spacedrive/tokens dependency  The web app imports @spacedrive/tokens/src/css/theme.css in index.css but didn't declare it as a dependency, causing the vite build to fail in CI w",bugfix,Unknown,James Pine,2026-04-14 18:17:05-07:00,18,1,0,0,1,0,2,0,0,0.0,0,clean,TypeScript,2024-2026,1.0,,1.0,0.0,0.0,1
spacedriveapp/spacedrive,1d8dfa1bf5c056c1e3a0d8c2346b4f40742b0716,1d8dfa1bf5,"fix(web): conditionally apply spaceui/spacebot vite aliases  Only apply @spacedrive/* and @spacebot/* vite aliases when the sibling repos exist locally. In CI and production builds, packages resolve f",bugfix,TypeScript,James Pine,2026-04-14 18:38:15-07:00,18,1,0,0,32,29,1,0,0,0.0,0,clean,TypeScript,2024-2026,1.0,,1.07,0.0,0.0,1
spacedriveapp/spacedrive,f3d617cc4cc2b8e3507378640dd655bfc9e345bb,f3d617cc4c,"fix: use package exports for @spacedrive/tokens CSS imports  Update CSS @import paths to use the package export map (@spacedrive/tokens/theme, /css, /css/themes/*) instead of internal source paths. Up",bugfix,TypeScript,James Pine,2026-04-14 18:52:03-07:00,18,1,0,0,28,16,3,0,0,0.0,0,clean,TypeScript,2024-2026,1.0,,1.65,0.0,0.0,1
spacedriveapp/spacedrive,f68606abf29d8ed933babf0387aef9a2d2fc4151,f68606abf2,"fix(web): externalize @spacebot/api-client for web builds  Spacebot is a separate repo not available in CI. The VoiceOverlay component that imports it is tauri-only, so externalize it for the web/serv",bugfix,TypeScript,James Pine,2026-04-14 19:11:49-07:00,19,1,0,0,5,0,1,0,0,0.0,0,clean,TypeScript,2024-2026,1.0,,5.0,0.0,0.0,1
spacedriveapp/spacedrive,f79bbdceefcfa83eb3e53f91908cd2bb15b01715,f79bbdceef,fix: tauri CI builds + macOS runners + spaceui-link  - Add missing @vitejs/plugin-react-swc to tauri devDependencies - Make spaceui/spacebot vite aliases conditional in tauri config - Use package expo,bugfix,TypeScript,James Pine,2026-04-14 19:51:14-07:00,19,1,0,0,53,44,6,0,1,3.0,0,clean,TypeScript,2024-2026,1.0,,1.18,0.0,0.43,1
spacedriveapp/spacedrive,56230245c2e1bdf3a43a8ede440620861e8fc3d0,56230245c2,fix: use macos-26 for x86_64 darwin build (cross-compile)  Co-Authored-By: Claude Opus 4.6 (1M context) <noreply@anthropic.com>,bugfix,Unknown,James Pine,2026-04-14 20:15:19-07:00,20,1,0,0,1,1,1,0,0,0.0,0,clean,TypeScript,2024-2026,1.0,,0.5,0.0,0.0,1
spacedriveapp/spacedrive,198b4b5b65a3be0da1d471752db127651f6bf4aa,198b4b5b65,fix: externalize @spacebot/api-client when spacebot unavailable  Both web and tauri builds fail in CI because @spacebot/api-client isn't available. Conditionally externalize it when the spacebot repo ,bugfix,TypeScript,James Pine,2026-04-14 20:17:19-07:00,20,1,0,0,7,2,2,0,0,0.0,0,clean,TypeScript,2024-2026,1.0,,2.33,0.0,0.0,1
FlowiseAI/Flowise,311a3f47d05b6fe0fae9e5390afcd007be34c981,311a3f47d0,Fix clickjacking (#6185)  * fix(server): clickjacking  * fix(XSS.ts): handle CSV and null values in getAllowedIframeOrigins,bugfix,TypeScript,yau-wd,2026-04-14 20:23:00+08:00,20,1,0,0,170,6,3,1,5,5.0,0,clean,TypeScript,2024-2026,1.0,,24.29,0.25,1.25,0
typeorm/typeorm,e899d8f49e9665a5020728a5f50ef3e0d5fd8852,e899d8f49e,feat(aurora-postgres): transaction isolation level support (#12334),feature,TypeScript,Piotr Kuczynski,2026-04-14 20:30:30+00:00,20,1,0,0,343,145,9,0,2,7.0,0,clean,TypeScript,2024-2026,1.0,,2.35,0.0,0.7,0
spacedriveapp/spacedrive,12669697bc637c6f77ce7697b4fb1a5f7e67e300,12669697bc,better volume calc + tailscale plan,other,Rust,James Pine,2026-04-14 21:05:48-07:00,21,1,0,0,95,5,3,0,3,9.0,0,clean,TypeScript,2024-2026,1.0,,15.83,0.0,2.25,1
spacedriveapp/spacedrive,101e96f9e67c710abd36d12da24baa19877961cb,101e96f9e6,"fix(windows): replace broken icon.ico, fix Obsidian SVG gradients  The icon.ico was a PNG renamed to .ico, breaking the Windows resource compiler (error RC2175). Replace with a proper multi-size .ico.",bugfix,Unknown,James Pine,2026-04-14 21:15:47-07:00,21,1,0,0,8,8,2,0,0,0.0,0,clean,TypeScript,2024-2026,1.0,,0.89,0.0,0.0,1
spacedriveapp/spacedrive,d313d5a12a50e883cb4246eae079380d27b03b67,d313d5a12a,fix: isolate @spacebot/api-client from web/server builds  Remove VoiceOverlay and Spacebot re-exports from @sd/interface barrel export. Tauri imports them directly via subpath exports. Add importmap s,bugfix,TypeScript,James Pine,2026-04-14 22:15:11-07:00,22,1,0,1,20,22,5,0,0,0.0,0,clean,TypeScript,2024-2026,1.0,,0.87,0.0,0.0,1
spacedriveapp/spacedrive,ef65e9b74b243764b8fa26cb290f5cb0e9f02142,ef65e9b74b,fix(web): polyfill crypto.randomUUID for non-HTTPS contexts  crypto.randomUUID is only available in secure contexts (HTTPS/localhost). Add a polyfill so the web app works when served over HTTP on LAN.,bugfix,Unknown,James Pine,2026-04-15 01:10:01-07:00,1,2,0,1,9,0,1,0,0,0.0,0,clean,TypeScript,2024-2026,1.0,,9.0,0.0,0.0,1
typeorm/typeorm,2c66df0cc7e659b7fda327f78c40371d2d43a3d6,2c66df0cc7,refactor!: remove `app-root-path` (#12257),refactor,TypeScript,Lucian Mocanu,2026-04-15 10:50:27+00:00,10,2,0,0,103,107,14,4,9,1.44,0,clean,TypeScript,2024-2026,1.0,,0.95,0.27,0.1,0
FlowiseAI/Flowise,a77194c8c265eb88cfd5a3de4058771ef6feed81,a77194c8c2,feat(agentflow): optional cavasActions to allow additional buttons next to validate (#6224)  * feat(agentflow): optional cavasActions to allow additional buttons next to validate  - Updated Agentflow ,feature,TypeScript,Jocelyn Lin,2026-04-15 12:54:54-07:00,12,2,0,0,137,10,7,1,9,11.0,0,clean,TypeScript,2024-2026,1.0,,12.45,0.12,1.38,0
FlowiseAI/Flowise,65f68059f52f23ee9067daca28e69ca315e33bfb,65f68059f5,chore: bump @flowiseai/agentflow to 0.0.0-dev.11 (#6216)  Co-authored-by: github-actions[bot] <github-actions[bot]@users.noreply.github.com>,other,Unknown,github-actions[bot],2026-04-15 13:06:11-07:00,13,2,0,0,1,1,1,0,0,0.0,0,clean,TypeScript,2024-2026,1.0,,0.5,0.0,0.0,0
FlowiseAI/Flowise,73d57db9d2bdb3584bb923f1964a96ca4beb5f15,73d57db9d2,chore: bump @flowiseai/agentflow to 0.0.0-dev.12 (#6225)  Co-authored-by: github-actions[bot] <github-actions[bot]@users.noreply.github.com>,other,Unknown,github-actions[bot],2026-04-15 13:29:00-07:00,13,2,0,0,1,1,1,0,0,0.0,0,clean,TypeScript,2024-2026,1.0,,0.5,0.0,0.0,0
typeorm/typeorm,e5eb60b4030f91a8d8ab51e14907930048298884,e5eb60b403,chore!: remove dead skipNulls option from getEntityValueMap (#12303),other,TypeScript,Naor Peled,2026-04-15 18:01:22+00:00,18,2,0,0,13,33,5,0,5,3.4,0,clean,TypeScript,2024-2026,1.0,,0.38,0.0,0.57,0
spacedriveapp/spacedrive,e56621ed3763acfa41e2cf64053328c0d743dd32,e56621ed37,"fix ZFS volume detection performance on systems with many datasets  Fetch `zfs list` output once and reuse across all ZFS volumes instead of spawning a subprocess per volume, which caused 30s+ startup",bugfix,Rust,James Pine,2026-04-15 18:57:30-07:00,18,2,0,0,65,10,2,0,4,5.75,0,clean,TypeScript,2024-2026,1.0,,5.91,0.0,1.92,1
FlowiseAI/Flowise,62a5d1d59c2a2c396ac926b5c828d43ad9c1132f,62a5d1d59c,feat: turn chatflow into MCP server (#5930)  * feat: turn chatflow into MCP server  - Added '@modelcontextprotocol/sdk' version 1.12.0 - Added 'zod' version 3.25.32 - Added migrations for MCP server c,bugfix,TypeScript,Hoang Doan,2026-04-15 20:36:28+01:00,20,2,0,0,2819,49,39,5,107,6.03,0,clean,TypeScript,2024-2026,1.0,,56.38,0.12,0.15,0
typeorm/typeorm,e085e4c67b79e7d7e66c71d2b1813dd7e74cc151,e085e4c67b,style(eslint): enable unicorn/prefer-string-replace-all rule (#12222),other,TypeScript,Piotr Kuczynski,2026-04-15 20:58:44-04:00,20,2,0,0,69,65,28,1,19,2.89,0,clean,TypeScript,2024-2026,1.0,,1.05,0.03,0.1,0
spacedriveapp/spacedrive,8beb815f84b3bacc49e86211289777daf02b617f,8beb815f84,bundle sd-cli into server release tarball  Build both sd-server and sd-cli in a single cargo invocation (shared dependency compilation) and ship them together. Downloads of sd-server-linux-<arch>.tar.,other,Unknown,James Pine,2026-04-15 22:46:00-07:00,22,2,0,1,10,7,1,0,0,0.0,0,clean,TypeScript,2024-2026,1.0,,1.25,0.0,0.0,1
typeorm/typeorm,44c3bab5b26df38b0245676ddc99ad8248dce7ac,44c3bab5b2,style(eslint): add rules preventing deprecated string methods (#12320),feature,TypeScript,Piotr Kuczynski,2026-04-15 23:49:42+00:00,23,2,0,1,222,118,23,0,30,3.7,0,clean,TypeScript,2024-2026,1.0,,1.87,0.0,0.15,0
spacedriveapp/spacedrive,f443063b0e343d073e2c554d03b2d8ff33c429ee,f443063b0e,fix HttpTransport to multiplex subscriptions over a single EventSource  Every useNormalizedQuery with a unique filter opened its own EventSource to /events. Browsers cap HTTP/1.1 connections at 6 per ,bugfix,TypeScript,James Pine,2026-04-16 00:35:04-07:00,0,3,0,1,40,12,1,0,0,0.0,0,clean,TypeScript,2024-2026,1.0,,3.08,0.0,0.0,1
typeorm/typeorm,530ee5209d95b798f010dc75099a1f89a214b0da,530ee5209d,feat(spanner): implement transaction isolation level support (#12335),feature,TypeScript,Piotr Kuczynski,2026-04-16 01:28:48+02:00,1,3,0,1,284,10,4,1,16,3.31,0,clean,TypeScript,2024-2026,1.0,,25.82,0.2,0.66,0
spacedriveapp/spacedrive,fb5d4d7e7da0e73523e9cd7e8f181096151f3a4b,fb5d4d7e7d,"filter system and app-managed volumes on Linux  Linux volume detection had almost no filtering beyond a basic virtual-fs check, so on TrueNAS Scale we surfaced 60+ volumes (OS datasets, iX-apps nested",feature,Rust,James Pine,2026-04-16 01:34:01-07:00,1,3,0,1,192,4,3,0,9,6.11,0,clean,TypeScript,2024-2026,1.0,,38.4,0.0,1.53,1
typeorm/typeorm,ecb00f91865b143348eeaab1523fcde3b0298d5f,ecb00f9186,ci(spanner): add spanner job to the linux test matrix (#12349),feature,TypeScript,Piotr Kuczynski,2026-04-16 08:30:02+00:00,8,3,0,0,399,71,242,240,239,1.26,0,clean,TypeScript,2024-2026,1.0,,5.54,0.99,0.01,0
FlowiseAI/Flowise,be37e73ed1ab1dfab31b7a32f000e011362d8c34,be37e73ed1,"feat(agentflow): make client-specific knowledge fields for agent nodes (#6226)  - Updated Agent node to include 'client' property for 'agentKnowledgeDocumentStores' and 'agentKnowledgeVSEmbeddings', a",feature,TypeScript,Jocelyn Lin,2026-04-16 08:58:44-07:00,8,3,0,0,38,0,2,1,1,1.0,0,clean,TypeScript,2024-2026,1.0,,38.0,0.33,0.33,0
FlowiseAI/Flowise,11a9c924a294e59d5116898b8d4dd9140f3c2e29,11a9c924a2,Fix/agentflow Fixed theming for dark mode in agentflow (#6234)  * To highlight input fiels in dark mode  * Fix background color of edit node dialog  * Fix background color for input messages field  * ,bugfix,TypeScript,j-sanaa,2026-04-16 09:53:49-07:00,9,3,0,0,54,31,14,0,14,4.79,0,clean,TypeScript,2024-2026,1.0,,1.69,0.0,0.32,0
FlowiseAI/Flowise,1194c970693c7ea0af65dd8c025766ebc648a01c,1194c97069,Bring canvas buttons to same z-index level (#6235)  * Bring canvas buttons to same z-index level  * gemini suggested Fixes  * missing space,bugfix,Unknown,VaidikFlow,2026-04-16 12:27:03-07:00,12,3,0,0,3,2,2,0,2,7.0,0,clean,TypeScript,2024-2026,1.0,,1.0,0.0,2.33,0
spacedriveapp/spacedrive,9945639853e57d3faf364e3b3e75de566e0868ce,9945639853,"retroactively hide stale tracked system/app volumes on Linux  Two follow-ups to the Linux volume filter:  - Expand is_nested_app_mount to match the root paths (/mnt/.ix-apps,   /mnt/pool/ix-applicatio",feature,Rust,James Pine,2026-04-16 14:37:17-07:00,14,3,0,0,34,4,2,0,4,8.25,0,clean,TypeScript,2024-2026,1.0,,6.8,0.0,2.75,1
FlowiseAI/Flowise,85df44bca4f5f6cde83098c41bf0afa209e3ef9a,85df44bca4,Feat/FlowConfigDialog UI Redesign (#6229)  * enhance ChatflowConfigurationDialog with new configuration sections and improved UI  * fix: remove background color override for MuiSvgIcon in dark mode,bugfix,JavaScript,Henry Heng,2026-04-16 14:57:43+01:00,14,3,0,0,826,350,16,0,25,6.28,0,clean,TypeScript,2024-2026,1.0,,2.35,0.0,0.37,0
FlowiseAI/Flowise,0fc44e6b0e1c39c4eb8901a12b49783ce6fdd09c,0fc44e6b0e,Fix(agentflow) - Fix z-index for validation button (#6238)  * Fix z-index for validation  * Reverting changes to ValidationFeedback.tsx  * Use tokens for z index,bugfix,TypeScript,j-sanaa,2026-04-16 16:23:07-07:00,16,3,0,0,21,8,4,0,4,13.75,0,clean,TypeScript,2024-2026,1.0,,2.33,0.0,2.75,0
typeorm/typeorm,6020d3164b8c47040a1a55dcbdb180f0eea248dd,6020d3164b,docs(release-notes): sync release notes (#12356),docs,Unknown,Piotr Kuczynski,2026-04-16 17:12:39+02:00,17,3,0,0,16,1,1,0,0,0.0,0,clean,TypeScript,2024-2026,1.0,,8.0,0.0,0.0,0
typeorm/typeorm,2060a5b51df72e426a351f368c3a65ba2b16ae41,2060a5b51d,feat(codemod): detect incompatible ecosystem packages and bump dependency versions (#12360),feature,TypeScript,Piotr Kuczynski,2026-04-16 21:13:58+00:00,21,3,0,0,149,71,4,1,1,1.0,0,clean,TypeScript,2024-2026,1.0,,2.07,0.2,0.2,0
typeorm/typeorm,602dc62f25d33357eec506bb12640f185cf6fdeb,602dc62f25,ci: migrate code coverage from Coveralls to SonarCloud (#12274),other,Unknown,Piotr Kuczynski,2026-04-17 09:49:37+00:00,9,4,0,0,248,77,10,3,0,0.0,0,clean,TypeScript,2024-2026,1.0,,3.18,0.27,0.0,0
FlowiseAI/Flowise,19b64e580393fc133b90172bc4dcb90330a29464,19b64e5803,chore: bump @flowiseai/agentflow to 0.0.0-dev.13 (#6244)  Co-authored-by: github-actions[bot] <github-actions[bot]@users.noreply.github.com>,other,Unknown,github-actions[bot],2026-04-17 10:10:54-07:00,10,4,0,0,1,1,1,0,0,0.0,0,clean,TypeScript,2024-2026,1.0,,0.5,0.0,0.0,0
typeorm/typeorm,b59c494a240c49d260534a4a7023a6e7caad25a6,b59c494a24,docs(release-notes): restore RdbmsSchemaBuilder.renameTables() entry (#12366),refactor,Unknown,Naor Peled,2026-04-17 10:36:52+02:00,10,4,0,0,2,0,2,0,0,0.0,0,clean,TypeScript,2024-2026,1.0,,2.0,0.0,0.0,0
typeorm/typeorm,fa6f522eb29628338492982c61e65d641d3bc779,fa6f522eb2,docs(maintainers): add Prakhar and Shaun as maintainers (#12365)  Co-authored-by: Piotr Kuczynski <piotr.kuczynski@gmail.com>,feature,Unknown,Naor Peled,2026-04-17 10:56:27+00:00,10,4,0,0,12,15,2,0,2,1.0,0,clean,TypeScript,2024-2026,1.0,,0.75,0.0,0.33,0
FlowiseAI/Flowise,e10a4ca0d8272e890135521597c32f01dd48ad25,e10a4ca0d8,bugfix: message panel crashes via large chat volume (#6191)  * fix: replace full message load in stats endpoint with SQL COUNT queries  * fix: replace full message load in stats endpoint with SQL COUN,bugfix,TypeScript,jchui-wd,2026-04-17 14:09:49-07:00,14,4,0,0,354,31,3,1,5,9.4,0,clean,TypeScript,2024-2026,1.0,,11.06,0.25,2.35,0
typeorm/typeorm,5bbba800b40c03e0b56b98c8f5fe70e017c54bc3,5bbba800b4,chore: expand qodo with review-ux and self-review options (#12380),other,Unknown,Piotr Kuczynski,2026-04-17 16:00:28+00:00,16,4,0,0,21,7,1,0,0,0.0,0,clean,TypeScript,2024-2026,1.0,,2.62,0.0,0.0,0
typeorm/typeorm,6c4a6dbe2d5108dc72c82d4604d79b3e64fd17d4,6c4a6dbe2d,test: fix flaky enum assertion and test CI job database in cli init (#12381),bugfix,TypeScript,Prakhar Chhalotre,2026-04-17 17:08:00+02:00,17,4,0,0,18,6,2,2,3,2.33,0,clean,TypeScript,2024-2026,1.0,,2.57,0.67,0.78,0
FlowiseAI/Flowise,42b9157f8ca540ec67678ab7eb76b57327279210,42b9157f8c,fix(mcp): guard malformed form option metadata in chatflow MCP schema generation (#6233)  * Reject malformed MCP form option metadata before schema generation crashes  Chatflow-as-MCP-server assumes a,bugfix,TypeScript,Junghwan,2026-04-17 21:48:47+01:00,21,4,0,0,59,1,2,1,4,5.75,0,clean,TypeScript,2024-2026,1.0,,29.5,0.33,1.92,0
typeorm/typeorm,2d156442d76cb0e3965596b29b93f72d71193e46,2d156442d7,"fix(codemod): handle aliases, quoted keys, and ObjectProperty variants (#12377)  Four partial-coverage fixes for v1 transforms uncovered during a full audit. Each addresses a case where a transform si",bugfix,TypeScript,Piotr Kuczynski,2026-04-17 22:28:36+00:00,22,4,0,1,337,130,18,0,22,5.0,0,clean,TypeScript,2024-2026,1.0,,2.57,0.0,0.26,0
typeorm/typeorm,8a51e3044c1664bf011b37526daf62da9dc3cde5,8a51e3044c,"fix(codemod): rename .connection on EntityMetadata, ColumnMetadata, IndexMetadata (#12383)  Reported by Lucian: `meta.connection.getMetadata(...)` was left unchanged when `meta` is typed `EntityMetada",bugfix,TypeScript,Piotr Kuczynski,2026-04-17 22:40:14+00:00,22,4,0,1,22,0,3,0,5,1.6,0,clean,TypeScript,2024-2026,1.0,,22.0,0.0,0.4,0
typeorm/typeorm,14a313267c269137e1b3a5184a4cc042a4a18ece,14a313267c,fix(codemod): track DataSource accessor chains for typed-variable renames (#12385)  Reported by Lucian:  ```ts const manager = dataSource.manager manager.connection.getMetadata(MyEntity) // `.connecti,bugfix,TypeScript,Piotr Kuczynski,2026-04-17 23:27:59+00:00,23,4,0,1,251,125,6,0,17,4.18,0,clean,TypeScript,2024-2026,1.0,,1.99,0.0,0.6,0
typeorm/typeorm,b4e62e6b462b520add9a68908518916e28a906ff,b4e62e6b46,test(codemod): pin that find-options string transforms leave non-array values alone (#12384)  Reported by Lucian: `find({ select: computeSelect() })` wasn't rewritten and it wasn't clear whether the c,bugfix,TypeScript,Piotr Kuczynski,2026-04-17 23:31:36+00:00,23,4,0,1,53,0,4,0,0,0.0,0,clean,TypeScript,2024-2026,1.0,,53.0,0.0,0.0,0
typeorm/typeorm,dedea37a0c69615a14181b2e15b1049e4489fcf3,dedea37a0c,fix(codemod): handle typeof type queries and use getStringValue consistently (#12379)  Two small correctness and consistency fixes for v1 transforms.  ### `typeof Connection` in type positions  `conne,bugfix,TypeScript,Piotr Kuczynski,2026-04-17 23:58:36+00:00,23,4,0,1,44,9,6,0,6,3.33,0,clean,TypeScript,2024-2026,1.0,,4.4,0.0,0.48,0
typeorm/typeorm,a96b09712008dea724b03d4287b6d7ca711cfe65,a96b097120,fix(codemod): recognize typeorm deep-path imports (#12382)  Reported by Lucian: the codemod silently skipped files that only imported from sub-paths (e.g. `import type { SapConnectionOptions } from 't,bugfix,TypeScript,Piotr Kuczynski,2026-04-18 00:13:16+00:00,0,5,1,1,146,5,3,0,3,5.0,0,clean,TypeScript,2024-2026,1.0,,24.33,0.0,1.25,0
typeorm/typeorm,a34fdb2ab9c5b5a25d64efbcc40b21637a9d9548,a34fdb2ab9,fix(codemod): scope v1 transforms to typeorm imports and skip .d.ts files (#12372),bugfix,TypeScript,Piotr Kuczynski,2026-04-18 00:25:10+02:00,0,5,1,1,485,73,54,2,35,4.06,0,clean,TypeScript,2024-2026,1.0,,6.55,0.04,0.07,0
typeorm/typeorm,43b8d0b463633d4d9c40366f71bab44bc9fc0561,43b8d0b463,feat(codemod): flag removed ConnectionManager class constructions (#12376)  The `ConnectionManager` class was removed in v1 with no direct replacement — users must create and manage `DataSource` insta,feature,TypeScript,Piotr Kuczynski,2026-04-18 01:34:12+00:00,1,5,1,1,509,94,17,2,33,4.27,0,clean,TypeScript,2024-2026,1.0,,5.36,0.11,0.24,0
typeorm/typeorm,b2759bd0a1b1e65a981a95eacf328e0a1627761e,b2759bd0a1,feat(codemod): flag FileLogger usage with non-absolute logPath (#12361)  PR #12257 changed `FileLogger` to resolve `logPath` from `process.cwd()` instead of the app root. Apps that ran from a differen,bugfix,TypeScript,Piotr Kuczynski,2026-04-18 07:30:40+00:00,7,5,1,0,457,11,13,1,6,6.0,0,clean,TypeScript,2024-2026,1.0,,38.08,0.07,0.43,0
typeorm/typeorm,66aa930e1833fe5cff88a04ee48ecc1d2fe0b957,66aa930e18,fix: do not run npm install during CLI init (#12386),bugfix,TypeScript,Lucian Mocanu,2026-04-18 10:11:08+00:00,10,5,1,0,4,27,2,0,1,1.0,0,clean,TypeScript,2024-2026,1.0,,0.14,0.0,0.33,0
typeorm/typeorm,b8717199000b6975012d0d86506810159e004407,b871719900,fix(codemod): handle lock option objects correctly and increase test coverage (#12353),bugfix,TypeScript,Prakhar Chhalotre,2026-04-18 10:38:38+00:00,10,5,1,0,155,26,16,0,5,6.4,0,clean,TypeScript,2024-2026,1.0,,5.74,0.0,0.38,0
spacedriveapp/spacedrive,d14413a75c1354ad649e1b9b3a26dac4988b3181,d14413a75c,fix(ts-client): prevent Overview crash from single-resource cache seeding (#3055)  updateSingleResource seeded the TanStack cache with { files: [...] } when oldData was null (buffer replay race). This,bugfix,TypeScript,S.L,2026-04-18 18:51:05-07:00,18,5,1,0,3,1,1,0,1,5.0,1,keyword_strict,TypeScript,2024-2026,0.4,,1.5,0.0,2.5,0
spacedriveapp/spacedrive,c63f1b078b6fa313867dad5cab147dfb5ef6dd94,c63f1b078b,"fix: update tests/examples for upstream API changes and fix sync loop busy-loop (#3057)  * fix: update tests and examples for upstream API changes  Align error types, struct fields, and constructor ca",bugfix,Rust,S.L,2026-04-18 18:51:13-07:00,18,5,1,0,260,157,28,18,105,10.56,1,keyword_strict,TypeScript,2024-2026,0.4,,1.65,0.62,0.36,1
spacedriveapp/spacedrive,75479df3dfc63f9811b561335ad1a0a179199218,75479df3df,"fix library sync backfill O(N^2) hotspots on both sides of the protocol (#3061)  * fix library sync backfill O(N^2) hotspots on both sides of the protocol  Addresses #3058 (shared models, content_iden",bugfix,Rust,Jamie Pine,2026-04-18 18:51:32-07:00,18,5,1,0,522,124,12,0,18,10.89,1,keyword_strict,TypeScript,2024-2026,0.4,,4.18,0.0,0.84,2
spacedriveapp/spacedrive,88e14121752116a09e3fd3c3cdcaa30c9b115276,88e1412175,"feat(tags): tag system with explorer integration, and media context menu fixes (#3054)  * fix(search): apply TagFilter in search.files query  Tags were silently ignored by FilterBuilder. Adds find_ent",bugfix,Rust,S.L,2026-04-18 18:53:12-07:00,18,5,1,0,2614,962,40,1,92,7.34,1,keyword_strict,TypeScript,2024-2026,0.4,,2.71,0.02,0.18,2
spacedriveapp/spacedrive,60369e9f00b5abe07f4518626bf36f6a7453476f,60369e9f00,"feat: redundancy awareness & cross-volume file comparison (#3053)  * feat: add redundancy awareness & cross-volume file comparison  Surface content redundancy data so users can answer ""if this drive d",bugfix,Rust,Jamie Pine,2026-04-18 18:56:51-07:00,18,5,1,0,3142,171,52,0,88,6.62,1,keyword_strict,TypeScript,2024-2026,0.4,,18.27,0.0,0.12,3
typeorm/typeorm,5de549019b1056b8437bd5352abab377adecc15a,5de549019b,fix(codemod): correct relation-count guidance and flag loadRelationCountAndMap (#12374)  Two related fixes for the `relation-count` v1 codemod transform.  ### Corrected migration guidance  The TODO me,bugfix,TypeScript,Piotr Kuczynski,2026-04-19 01:00:17+02:00,1,6,1,1,158,13,5,0,9,2.22,0,clean,TypeScript,2024-2026,1.0,,11.29,0.0,0.37,0
typeorm/typeorm,f4f762e04d441f081c78663011b9d8daa341f445,f4f762e04d,feat(codemod): flag removed FindOneOptions/FindManyOptions `join` property (#12375)  The `join` property on `FindOneOptions` / `FindManyOptions` (and the `JoinOptions` interface) were removed in v1. M,feature,TypeScript,Piotr Kuczynski,2026-04-19 17:00:13+00:00,17,6,1,0,196,1,5,0,7,3.57,0,clean,TypeScript,2024-2026,1.0,,98.0,0.0,0.6,0
typeorm/typeorm,8ba2d25676623608b952f8360457091e61a8eb6e,8ba2d25676,feat(codemod): rename ConnectionOptionsReader.all() to get() and flag path semantics change (#12362),feature,TypeScript,Piotr Kuczynski,2026-04-20 01:18:23+02:00,1,0,0,1,863,278,37,0,62,4.66,0,clean,TypeScript,2024-2026,1.0,,3.09,0.0,0.12,0
typeorm/typeorm,ab3a2aa2a3fd7da65717209a0cf88927f10ad1fe,ab3a2aa2a3,chore(decorator): remove stale todo on JoinColumnOptions.referencedColumnName (#12370),other,TypeScript,Naor Peled,2026-04-20 07:41:26+00:00,7,0,0,0,1,1,1,0,0,0.0,0,clean,TypeScript,2024-2026,1.0,,0.5,0.0,0.0,0
typeorm/typeorm,25f0b5f359ed12b7520aac9060d18508962feb77,25f0b5f359,fix(codemod): rewrite typeorm re-exports in barrel files (#12373)  Co-authored-by: Prakhar Chhalotre <chhalotreprakhar00@gmail.com>,bugfix,TypeScript,Piotr Kuczynski,2026-04-20 09:30:39+00:00,9,0,0,0,577,61,21,0,23,4.83,0,clean,TypeScript,2024-2026,1.0,,9.31,0.0,0.22,0
FlowiseAI/Flowise,3542a047ec1f0daee960b550c67d3d194b0082dc,3542a047ec,"fix(agentflow): fix variable resolution, credential sync, and add E2E example (#6245)  * fix(agentflow): fix variable resolution, credential sync, and add E2E example  - Fix variable picker emitting {",bugfix,TypeScript,Jocelyn Lin,2026-04-20 11:04:26-07:00,11,0,0,0,812,85,21,7,44,3.52,0,clean,TypeScript,2024-2026,1.0,,9.44,0.32,0.16,0
typeorm/typeorm,ec359ab087547c977be16dc47553d483f3e14cb7,ec359ab087,chore(codemod): release 1.0.1 (#12390),other,Unknown,Michael Bromley,2026-04-20 11:20:43+02:00,11,0,0,0,1,1,1,0,0,0.0,0,clean,TypeScript,2024-2026,1.0,,0.5,0.0,0.0,0
typeorm/typeorm,212c8efe81d087e17f65eb96cd59150f76a32ea2,212c8efe81,fix(expo): auto-load expo-sqlite driver via loadDependencies() (#12363)  Co-authored-by: Lucian Mocanu <alumni@users.noreply.github.com>,bugfix,TypeScript,Piotr Kuczynski,2026-04-20 11:23:40+00:00,11,0,0,0,531,49,11,1,25,2.72,0,clean,TypeScript,2024-2026,1.0,,10.62,0.08,0.23,0
FlowiseAI/Flowise,62b56d08a747e9e6a151cf8f683bdb0f79b1aee2,62b56d08a7,Bugfix/Missing Reasoning Item (#6237)  * - pass langchain message instance as a whole to avoid missing reasoning item - add `normalizeMessagesForStorage` function to convert LangChain message instance,bugfix,TypeScript,Henry Heng,2026-04-20 12:12:38+01:00,12,0,0,0,113,40,5,0,9,19.78,0,clean,TypeScript,2024-2026,1.0,,2.76,0.0,3.3,0
FlowiseAI/Flowise,674bfc740923bbffec1c5aa4b919759b14bf27f5,674bfc7409,feat(components): Add support for Anthropic Claude Opus 4.7 (#6247)  * feat(components): add support for Claude Opus 4.7 model and logic  * fix(components): update thinkingEffort description to includ,bugfix,TypeScript,Abdul Samad Siddiqui,2026-04-20 16:10:53+01:00,16,0,0,0,26,5,2,0,1,1.0,0,clean,TypeScript,2024-2026,1.0,,4.33,0.0,0.33,0
typeorm/typeorm,d238ab46fe25cf2960452947463669c3cfad208b,d238ab46fe,docs(issue-template): add capacitor option to drivers list and remove sqlite-abstract (#12371)  Co-authored-by: Mohammed Gomaa <midomaxgomaa@gmail.com>,feature,Unknown,Prakhar Chhalotre,2026-04-20 19:42:09+02:00,19,0,0,0,4,4,2,0,0,0.0,0,clean,TypeScript,2024-2026,1.0,,0.8,0.0,0.0,0
typeorm/typeorm,8cb62588639a11590a40b0577f6570c1d609b668,8cb6258863,docs(security): route vulnerability reports to GitHub Security Advisories (#12359)  Co-authored-by: Michael Bromley <michaelbromley@users.noreply.github.com> Co-authored-by: Mohammed Gomaa <midomaxgom,docs,Unknown,Shaun Smith,2026-04-20 19:59:42+02:00,19,0,0,0,26,3,6,0,0,0.0,0,clean,TypeScript,2024-2026,1.0,,6.5,0.0,0.0,0
FlowiseAI/Flowise,ea68f9a859a9b04fa7ae732e8d878e75fd81d5c7,ea68f9a859,fix(mcp): preserve tool input schema types and required fields (#6248)  * fix(mcp): preserve tool input schema types and required fields  * Update OpenAIAssistant.ts  * replace zod-to-json-schema with,bugfix,TypeScript,Henry Heng,2026-04-21 14:28:15+01:00,14,1,0,0,52,57,6,0,9,6.78,0,clean,TypeScript,2024-2026,1.0,,0.9,0.0,0.97,0
typeorm/typeorm,ed5a19b04cce7f34e52ae03b70f627c12e348c6a,ed5a19b04c,"fix(codemod): harden scope, idempotency, and import-strip semantics (#12391)",bugfix,TypeScript,Piotr Kuczynski,2026-04-21 14:34:47+00:00,14,1,0,0,3594,682,82,1,194,3.32,0,clean,TypeScript,2024-2026,1.0,,5.26,0.01,0.04,0
FlowiseAI/Flowise,1e21e61dad441de9f61bf22c6cc33ae4e1684d58,1e21e61dad,fix(server): preserve custom iframe allowlists in frame headers (#6232)  * Preserve explicit iframe allowlists when hardening frame headers  The clickjacking fix correctly added frame-ancestors contro,bugfix,TypeScript,Junghwan,2026-04-21 16:31:13+08:00,16,1,0,0,79,18,3,1,4,6.0,0,clean,TypeScript,2024-2026,1.0,,4.16,0.25,1.5,0
typeorm/typeorm,9d1fd8d52d1f0a21f58c53fe46986cc9c8f51725,9d1fd8d52d,fix(codemod): harden scope and type-name detection across more AST shapes (#12394),bugfix,TypeScript,Piotr Kuczynski,2026-04-21 23:15:42+02:00,23,1,0,1,291,28,10,1,31,3.42,0,clean,TypeScript,2024-2026,1.0,,10.03,0.09,0.31,0
typeorm/typeorm,7352b472d4f93b5dcb2d3d5d336900e7d4eb5dd2,7352b472d4,chore(codemod): release 1.0.2 (#12395),other,Unknown,Michael Bromley,2026-04-21 23:24:06+02:00,23,1,0,1,1,1,1,0,0,0.0,0,clean,TypeScript,2024-2026,1.0,,0.5,0.0,0.0,0
FlowiseAI/Flowise,34ab4e0de421d07006b1a1c1ddca5825d78df05d,34ab4e0de4,Refactoring Validation logic into separate function (#6272),refactor,TypeScript,abdullah-workday,2026-04-22 13:39:44-07:00,13,2,0,0,511,259,2,1,7,10.14,0,clean,TypeScript,2024-2026,1.0,,1.97,0.33,3.38,0
FlowiseAI/Flowise,d226cc98e14d20727fa84d633a6b88c08246b6fd,d226cc98e1,feat(observe): add initial package structure and configuration for @flowiseai/observe (#6270)  * feat(observe): add initial package structure and configuration for @flowiseai/observe  - Introduced the,bugfix,TypeScript,Jocelyn Lin,2026-04-22 13:58:42-07:00,13,2,0,0,7170,275,54,5,71,3.01,0,clean,TypeScript,2024-2026,1.0,,25.98,0.09,0.05,0
typeorm/typeorm,7c716274cbcd2747b068397f618c8b090bcb54d3,7c716274cb,"chore(deps): bump dependencies and fix lint offenses (#12401)  ### Before / after  `pnpm audit` on master: 41 vulnerabilities (2 critical, 20 high, 15 moderate, 4 low). After this PR: 3 remaining (1 h",bugfix,TypeScript,Piotr Kuczynski,2026-04-22 21:11:41+00:00,21,2,0,0,1790,1849,18,2,25,6.52,0,clean,TypeScript,2024-2026,1.0,,0.97,0.11,0.34,0
typeorm/typeorm,c7a3962c5a001d8051e634ad5bfeb6b5bdf91a2e,c7a3962c5a,feat(mysql): update query types to include named parameters (#11798),feature,TypeScript,Aaron Pierce,2026-04-23 08:18:57+00:00,8,3,0,0,194,39,32,1,50,7.04,0,clean,TypeScript,2024-2026,1.0,,4.85,0.03,0.21,0
FlowiseAI/Flowise,a4b3f6f1f6c4bd6660a3268bfe7ad02182e26b91,a4b3f6f1f6,docs: fix broken environment variable docs links in markdown files (#6255)  * docs: fix broken environment variables link  * docs: fix broken environment variables links at all places,bugfix,Unknown,SyncWithRaj,2026-04-23 10:56:54+01:00,10,3,0,0,33,33,3,0,0,0.0,0,clean,TypeScript,2024-2026,1.0,,0.97,0.0,0.0,0
FlowiseAI/Flowise,ec7a7f9ebea33547401a1097b27a2afd1f88891e,ec7a7f9ebe,Chore update Node.js version to 20.20.2 in CI workflows (#6277)  chore: update Node.js version to 20.20.2 in CI workflows,other,Unknown,yau-wd,2026-04-23 11:27:06-07:00,11,3,0,0,3,3,2,0,0,0.0,0,clean,TypeScript,2024-2026,1.0,,0.75,0.0,0.0,0
typeorm/typeorm,057ddbc37a16a0feb72ea0774aebba9c42c451b6,057ddbc37a,"fix(codemod): harden destructure and DI accessor rewrites for connection to dataSource rename (#12398)  Four related improvements to the v1 `connection → dataSource` transform, all addressing feedback",bugfix,TypeScript,Piotr Kuczynski,2026-04-23 11:39:35+02:00,11,3,0,0,1042,66,26,0,73,2.89,0,clean,TypeScript,2024-2026,1.0,,15.55,0.0,0.11,0
typeorm/typeorm,4461063b78b69872c0d690a6cd9c85f84abdb015,4461063b78,fix(codemod): apply find-options select/relations rewrites to .exists() too (#12399)  The string-array `select` → object-syntax and string-array `relations` → nested-object transforms scope themselves,bugfix,TypeScript,Piotr Kuczynski,2026-04-23 13:03:21+02:00,13,3,0,0,93,3,5,0,0,0.0,0,clean,TypeScript,2024-2026,1.0,,23.25,0.0,0.0,0
typeorm/typeorm,6fc85b2816016ccf07d32da1bb6187674e97ef5d,6fc85b2816,chore: remove legacy samples and move playground to root (#12403)  The `sample/` directory contains 30 legacy demos from the pre-1.0 era that aren't referenced from tests or CI. Most of their content ,feature,TypeScript,Piotr Kuczynski,2026-04-23 13:48:54+00:00,13,3,0,0,4,4752,146,0,144,1.27,0,clean,TypeScript,2024-2026,1.0,,0.0,0.0,0.01,0
typeorm/typeorm,477062122fb65c0e3ad17ab5f076b112932c5ca7,477062122f,revert(250e019): undo sanitization modifying intended behavior in QueryBuilder (PR 12209) (#12396),other,TypeScript,Lucian Mocanu,2026-04-23 16:09:59+02:00,16,3,0,0,743,1036,8,2,3,3.0,0,clean,TypeScript,2024-2026,1.0,,0.72,0.22,0.33,0
FlowiseAI/Flowise,3d7597717aae8b0009394b02a70bf2f99b30ce11,3d7597717a,feat: implement the custom MCP Server in tool (#6205)  * feat: implement the custom MCP Server in tool  - Implemented MCPServersTable for displaying MCP server data with status badges and tools count.,bugfix,TypeScript,Hoang Doan,2026-04-23 16:52:07+01:00,16,3,0,0,4346,135,42,4,114,4.51,0,clean,TypeScript,2024-2026,1.0,,31.96,0.09,0.1,0
typeorm/typeorm,094403d8127bd8fd587a98d69e61f7796ed9a597,094403d812,"chore(deps): bump docs dependencies (#12402)  `pnpm audit` in `docs/`: 5 vulnerabilities (2 high, 3 moderate) → 2 remaining (1 high, 1 moderate). The remaining two are deep transitives of the docusaur",bugfix,Unknown,Piotr Kuczynski,2026-04-23 17:09:23+00:00,17,3,0,0,1174,1170,4,0,0,0.0,0,clean,TypeScript,2024-2026,1.0,,1.0,0.0,0.0,0
typeorm/typeorm,bfa996381e4b8b7d861a1407035d930950cb9ffb,bfa996381e,"fix(postgres,cockroachdb): load enum values in declaration order (#12404)",bugfix,TypeScript,Piotr Kuczynski,2026-04-23 19:43:37+00:00,19,3,0,0,3,2,2,0,0,0.0,0,clean,TypeScript,2024-2026,1.0,,1.0,0.0,0.0,0
typeorm/typeorm,c35378f789ccccfd5fe51ad4aa51de86b11e6f86,c35378f789,feat(sap): add support for generated column in SAP HANA (#12393),feature,TypeScript,Prakhar Chhalotre,2026-04-24 13:49:18+00:00,13,4,0,0,1125,403,10,1,12,33.08,0,clean,TypeScript,2024-2026,1.0,,2.78,0.09,3.01,0
typeorm/typeorm,c8814f8d86e536c6094583dc0019061f1a376d44,c8814f8d86,docs: remove references to archived typeorm example repos (#12410),docs,Unknown,Piotr Kuczynski,2026-04-24 14:56:20+02:00,14,4,0,0,4,26,3,0,0,0.0,0,clean,TypeScript,2024-2026,1.0,,0.15,0.0,0.0,0
typeorm/typeorm,24677a1323c59338212484b416a543ac74d695df,24677a1323,fix: query stack trace for mysql/mssql (#12056)  Co-authored-by: Mukunda Johnson <mukunda@mukunda.com>,bugfix,TypeScript,Prakhar Chhalotre,2026-04-24 15:03:48+02:00,15,4,0,0,196,122,4,1,7,6.57,0,clean,TypeScript,2024-2026,1.0,,1.59,0.2,1.31,0
FlowiseAI/Flowise,99805d6ac2f59f7389916f16138c99a757518126,99805d6ac2,chore: update agentflow workflow and add changelog (#6284)  * chore: update agentflow workflow and add changelog  - Enhanced the npm dist-tag description in the publish-agentflow.yml workflow to clari,feature,Unknown,Jocelyn Lin,2026-04-24 15:29:23-07:00,15,4,0,0,111,48,5,1,0,0.0,0,clean,TypeScript,2024-2026,1.0,,2.27,0.17,0.0,0
FlowiseAI/Flowise,1298a392d8740e70b65e3d65e7db52f2fac02565,1298a392d8,Chore/pin axios to 1.15.0 (#6282)  pin axios to 1.15.0,other,Unknown,Henry Heng,2026-04-24 18:19:56+01:00,18,4,0,0,114,53,7,0,0,0.0,0,clean,TypeScript,2024-2026,1.0,,2.11,0.0,0.0,0
typeorm/typeorm,7a68cf28e91898f44fe39bbc0f1ff2a51ec49d46,7a68cf28e9,fix(codemod): cover ColumnMetadata args.options in column option rewrites (#12400),bugfix,TypeScript,Piotr Kuczynski,2026-04-25 01:24:42+02:00,1,5,1,1,2433,52,93,5,93,1.91,0,clean,TypeScript,2024-2026,1.0,,45.91,0.05,0.02,0
FlowiseAI/Flowise,3d69baed4032bce98c8f81294211f9b357b13fc9,3d69baed40,Fix/agentflow Fixing agentflow UI style and make it similar to v2 (#6280)  * Fix output node not selectable  * Fix highlight color  * Fix previous node displaying label and not ID  * Fix tool arguemen,bugfix,TypeScript,j-sanaa,2026-04-27 09:15:16-07:00,9,0,0,0,320,54,20,3,23,6.04,0,clean,TypeScript,2024-2026,1.0,,5.82,0.14,0.29,0
typeorm/typeorm,2aab71f9caeb053bfed1398dff233163c610032d,2aab71f9ca,chore(codemod): release 1.0.3 (#12417),other,Unknown,Michael Bromley,2026-04-27 11:01:26+02:00,11,0,0,0,1,1,1,0,0,0.0,0,clean,TypeScript,2024-2026,1.0,,0.5,0.0,0.0,0
FlowiseAI/Flowise,ccc7d23baa00f46a4d39583dea91557ab2cca194,ccc7d23baa,"feat: add GPT-5.5 and GPT-5.5 Pro to OpenAI chat models (#6278)  * feat(models): add gpt-5.5 and gpt-5.5-pro to chatOpenAI    OpenAI released GPT-5.5 on April 23, 2026. Add both variants to the   chat",feature,Unknown,Abdul Samad Siddiqui,2026-04-27 11:44:50+01:00,11,0,0,0,24,0,1,0,0,0.0,0,clean,TypeScript,2024-2026,1.0,,24.0,0.0,0.0,0
FlowiseAI/Flowise,c79fe56a6c249850e96bce9b4859f7a0083e4507,c79fe56a6c,"bug: Block read_pickle and class definitions, restrict custom CSV field to read_csv() only (#6257)  * bug: Block read_pickle and class definitions, restrict custom CSV field to read_csv() only  * pr  ",bugfix,TypeScript,chloebyun-wd,2026-04-27 14:55:27-07:00,14,0,0,0,50,8,2,0,2,15.5,0,clean,TypeScript,2024-2026,1.0,,5.56,0.0,5.17,0
FlowiseAI/Flowise,b17dabbb266e439133ba9ba6727842686a6ec1b2,b17dabbb26,Fix FLOWISE-319 Sanitize User (#6269)  * fix(account): flowise-319 sanitize user  * Update packages/server/src/enterprise/services/account.service.ts  Co-authored-by: gemini-code-assist[bot] <17696159,bugfix,TypeScript,yau-wd,2026-04-27 16:20:23+08:00,16,0,0,0,12,23,4,0,3,4.33,0,clean,TypeScript,2024-2026,1.0,,0.5,0.0,0.87,0
FlowiseAI/Flowise,fed53e46b88cee7bb81044897b5105738366c456,fed53e46b8,chore: update Node.js version consistency and optimize Docker build (#6285)  * chore: update Node.js version consistency and optimize Docker build  - Bump .nvmrc from v20.19.2 to v20.20.2 to match CI ,bugfix,Unknown,Jocelyn Lin,2026-04-27 20:20:35+08:00,20,0,0,0,11,10,9,0,0,0.0,0,clean,TypeScript,2024-2026,1.0,,1.0,0.0,0.0,0
FlowiseAI/Flowise,42d61f54a46037b8096fe27da2d1b34a8523fbbe,42d61f54a4,docs/ui: fix typos in user-facing copy (#6303)  Co-authored-by: Claude Sonnet 4.6 <noreply@anthropic.com>,bugfix,TypeScript,tiancizhou,2026-04-28 12:27:33+01:00,12,1,0,0,9,9,7,0,8,6.38,0,clean,TypeScript,2024-2026,1.0,,0.9,0.0,0.8,0
FlowiseAI/Flowise,47cc8c5548f5acea95bca586da194c5ad7c94110,47cc8c5548,"Chore/update mcp sdk version, update slack, github, brave mcp (#6293)  update mcp sdk version, update slack, github, brave mcp",other,TypeScript,Henry Heng,2026-04-28 12:29:01+01:00,12,1,0,0,469,177,11,0,13,3.46,0,clean,TypeScript,2024-2026,1.0,,2.63,0.0,0.29,0
FlowiseAI/Flowise,c5755574b172e2fcc999c8ac5de2d0f111c95aef,c5755574b1,"Chore/Remove Deprecated Parameters For Opus 4.7 (#6294)  * fix(ChatAnthropic): remove deprecated parameters for models after Claude Opus 4.6  * updated AWSChatBedrock, ChatAnthropic, and ChatGoogleVer",bugfix,TypeScript,Henry Heng,2026-04-28 12:29:12+01:00,12,1,0,0,74,13,4,0,5,10.6,0,clean,TypeScript,2024-2026,1.0,,5.29,0.0,2.12,0
FlowiseAI/Flowise,700137738bcaebefd4709021f6d6b0abcd7df0ac,700137738b,update: eval base url (#5738)  * update: eval base url  * update: eval base url,other,TypeScript,Ilango,2026-04-28 17:36:56+05:30,17,1,0,0,2,4,1,0,2,5.5,0,clean,TypeScript,2024-2026,1.0,,0.4,0.0,2.75,0
FlowiseAI/Flowise,a3ffe6611b0986d646b9cd8bb8787d4fdcf9be6d,a3ffe6611b,add langsmith tracing initialized from environment variables (#6271),feature,TypeScript,mmattu-wd,2026-04-28 17:41:09-07:00,17,1,0,0,528,20,6,2,16,9.94,0,clean,TypeScript,2024-2026,1.0,,25.14,0.29,1.42,0
FlowiseAI/Flowise,d81483b70c997ddf981acc9c49fbd9a02fa345cd,d81483b70c,fix: flowise-146 (#6170)  * fix: add tenant guards for multiple controllers  * fix: review feedback  * fix: revert permission gate  * add: workspace and organization scoping/tenant guards  * add: work,bugfix,TypeScript,Ilango,2026-04-28 17:44:44+05:30,17,1,0,0,836,108,23,1,71,6.21,0,clean,TypeScript,2024-2026,1.0,,7.67,0.04,0.26,0
FlowiseAI/Flowise,da8b251a9a4c59484ceaf6f71df7406aede7bef2,da8b251a9a,Fix FLOWISE 566 OAuth2 (#6276)  * fix: flowise 556 oauth2  * fix(flowise-566): code review suggestions from Gemini  * feat(oauth2Security.test.ts): add test script  * feat(constants.ts): add Pipedream,bugfix,TypeScript,yau-wd,2026-04-28 21:22:48+08:00,21,1,0,0,465,27,11,1,7,4.57,0,clean,TypeScript,2024-2026,1.0,,16.61,0.08,0.38,0
FlowiseAI/Flowise,133aacf1d5475be747431939fa26a286ae4ec47e,133aacf1d5,feature: custom endpoint host for AWS Embedding Node (#6264)  * feature: custom host for AWS Embedding Node  * fix: gemini code fix lint errors,bugfix,TypeScript,Rohan Patil,2026-04-29 16:48:52+01:00,16,2,0,0,34,11,1,0,5,2.6,0,clean,TypeScript,2024-2026,1.0,,2.83,0.0,1.3,0
FlowiseAI/Flowise,80859b201e9b4657a48bde715286a914ab68f07b,80859b201e,feat(agentflow): add node execution visualization with HITL support (#6312)  * Integrate executuons API  * Fix Status indicators example to use AgetnContext  * Fix styling of HITL pause icon  * Tet ch,bugfix,TypeScript,j-sanaa,2026-04-30 08:18:57-07:00,8,3,0,0,913,81,20,6,43,2.98,0,clean,TypeScript,2024-2026,1.0,,11.13,0.29,0.14,0
FlowiseAI/Flowise,b32c4f6b05d2f458ec417e5838ae20f754cb1a9b,b32c4f6b05,"feat(observe): NodeExecutionDetail component (#6310)  * feat(observe) FLOWISE-575: port NodeExecutionDetail with hooks, atoms, and tool surfaces  Ports legacy NodeExecutionDetails.jsx (~1,285 LOC) to ",bugfix,TypeScript,Jocelyn Lin,2026-04-30 11:48:56-07:00,11,3,0,0,4875,500,63,22,156,3.22,0,clean,TypeScript,2024-2026,1.0,,9.73,0.34,0.05,0
FlowiseAI/Flowise,3086cb7e323bb96c5a581d3232ef975b0d92183d,3086cb7e32,Fix FLOWISE 429 executeJavaScriptCode (#6306)  fix: flowise 429 executeJavaScriptCode,bugfix,TypeScript,yau-wd,2026-04-30 17:40:31+08:00,17,3,0,0,24,18,1,0,0,0.0,0,clean,TypeScript,2024-2026,1.0,,1.26,0.0,0.0,0
FlowiseAI/Flowise,2df597f220f61755c47a792d8e470fb66ef35489,2df597f220,fix: randomSeed always ignored in ChatMistral node (#6299),bugfix,TypeScript,Teay,2026-05-01 00:41:07+01:00,0,4,0,1,1,1,1,0,1,12.0,0,clean,TypeScript,2024-2026,1.0,,0.5,0.0,6.0,0
FlowiseAI/Flowise,88eb71b11a6bdc6fe31c62e42d146ca7a3bf6307,88eb71b11a,feat(components): add missing languages to Code Text Splitter (#6290)  * feat(components): add missing languages to Code Text Splitter  The Code Text Splitter only exposed 16 languages natively suppor,bugfix,TypeScript,Deepak Bhagat,2026-05-01 00:43:04+01:00,0,4,0,1,246,18,1,0,2,3.0,0,clean,TypeScript,2024-2026,1.0,,12.95,0.0,1.5,0
FlowiseAI/Flowise,8842d52ea23a08819f63f88ac02983dfd2cb7851,8842d52ea2,Update logger to Remove Sensitive Fields (#6317)  * Update logger to Remove Sensitive Fields  * Update logger.ts  * Update logger.ts  * Update logger.ts  ---------  Co-authored-by: christopherholland-,other,TypeScript,christopherholland-workday,2026-05-01 06:16:54+08:00,6,4,0,0,2,2,1,0,1,5.0,0,clean,TypeScript,2024-2026,1.0,,0.67,0.0,2.5,0
FlowiseAI/Flowise,f60250caa973e4a394e7a592a734bed53d68826a,f60250caa9,fix: Adding Shahdow and elevation to dropdown list (#6322),bugfix,TypeScript,abdullah-workday,2026-05-01 09:54:56-07:00,9,4,0,0,5,0,1,0,1,8.0,0,clean,TypeScript,2024-2026,1.0,,5.0,0.0,4.0,0
FlowiseAI/Flowise,014d35ce2042b0f49f13499720cf90bf0080d3c4,014d35ce20,Fix(agentflow) - Add iteration node full functionality (#6324)  * Fix output node not selectable  * Fix highlight color  * Fix previous node displaying label and not ID  * Fix tool arguements not bein,bugfix,TypeScript,j-sanaa,2026-05-01 14:33:57-07:00,14,4,0,0,240,25,10,3,11,4.18,0,clean,TypeScript,2024-2026,1.0,,9.23,0.27,0.38,0
FlowiseAI/Flowise,ce7a811b71e88874bb22d335bc1110342fb9600f,ce7a811b71,feat: implement scheduling functionality for AgentflowV2 (#5971)  * feat: implement scheduling functionality for AgentflowV2  - Added ScheduleQueue class for managing scheduled jobs using BullMQ. - In,bugfix,TypeScript,Hoang Doan,2026-05-01 22:39:20+01:00,22,4,0,1,8817,314,66,8,182,5.34,0,clean,TypeScript,2024-2026,1.0,,27.99,0.12,0.08,0
FlowiseAI/Flowise,88b71903e9d8a2b5d915819cfbcdb4dd53f1dbbb,88b71903e9,chore: bump @flowiseai/agentflow to 0.0.0-dev.14 (#6337)  Co-authored-by: github-actions[bot] <github-actions[bot]@users.noreply.github.com>,other,Unknown,github-actions[bot],2026-05-04 09:54:55-07:00,9,0,0,0,1,1,1,0,0,0.0,0,clean,TypeScript,2024-2026,1.0,,0.5,0.0,0.0,0
FlowiseAI/Flowise,7591ddd594579dcb26e9bfc0e580485216370d96,7591ddd594,"feat(observe): ExecutionDetail with tree view, headers, and resizable drawer (#6325)  * feat(observe): ExecutionDetail with tree view, headers, and resizable drawer  ## Summary  Ports the legacy `Exec",bugfix,TypeScript,Jocelyn Lin,2026-05-04 10:57:33-07:00,10,0,0,0,2580,1062,32,8,58,4.36,0,clean,TypeScript,2024-2026,1.0,,2.43,0.24,0.13,0
typeorm/typeorm,bf4a63a168983e92be63a1cb6d291aec0d66e642,bf4a63a168,docs(transactions): clarify CockroachDB isolation level behavior and add tests (#12350),feature,TypeScript,Prakhar Chhalotre,2026-05-04 12:43:05+05:30,12,0,0,0,319,18,3,2,5,1.2,0,clean,TypeScript,2024-2026,1.0,,16.79,0.5,0.3,0
FlowiseAI/Flowise,ada643f0e2abd9b91a5e48c1d0f5209a2bc41c29,ada643f0e2,fix: cors handling (#6304)  * fix: cors handling  * update: use app url instead of new env var  * fix: review feedback  * add: tests and validation for cors configuration,bugfix,TypeScript,Ilango,2026-05-04 14:25:50+05:30,14,0,0,0,137,4,3,1,11,5.18,0,clean,TypeScript,2024-2026,1.0,,27.4,0.25,1.3,0
FlowiseAI/Flowise,e19105c5f39c585685e61a0546382f5aa6b0f22a,e19105c5f3,Fix/agentflow add pending test cases for loop node (#6338)  * Fix iteration node  * Test change  * Fix node deletion  * Pending test cases added  * Revert changes made to add freeSolo  * Fix gemini co,bugfix,Unknown,j-sanaa,2026-05-04 17:33:06-07:00,17,0,0,0,58,0,2,2,2,1.0,0,clean,TypeScript,2024-2026,1.0,,58.0,0.67,0.33,0
typeorm/typeorm,ec28cc2aa2be95b93ed02fa0923c36bd72323506,ec28cc2aa2,refactor!: extract legacy naming strategies (#12416),refactor,TypeScript,Lucian Mocanu,2026-05-05 08:06:05+02:00,8,1,0,0,2162,176,27,5,18,1.33,0,clean,TypeScript,2024-2026,1.0,,12.21,0.18,0.05,0
FlowiseAI/Flowise,3ed480519828df52bd52e724a4ce2d98e31dd103,3ed4805198,Reusable publish workflow + @flowiseai/observe publish pipeline (#6341)  * feat: reusable publish workflow + @flowiseai/observe publish pipeline * chore(observe): mark package as sideEffects: false  A,feature,TypeScript,Jocelyn Lin,2026-05-05 09:33:22-07:00,9,1,0,0,242,137,8,0,0,0.0,0,clean,TypeScript,2024-2026,1.0,,1.75,0.0,0.0,0
FlowiseAI/Flowise,d1e876d8bc4c56002b1c887ef3d58e67c4255067,d1e876d8bc,"fix: strictly allow only read_csv(data, litera_options) and block exeutable args (#6313)  * fix: strictly allow only read_csv(data, litera_options) and block executable args  * pr  ---------  Co-autho",bugfix,TypeScript,chloebyun-wd,2026-05-05 09:56:16-07:00,9,1,0,0,394,7,2,1,3,27.33,0,clean,TypeScript,2024-2026,1.0,,49.25,0.33,9.11,0
FlowiseAI/Flowise,fe1ac6d5c61852597136c946e1258ba1276f3d6f,fe1ac6d5c6,chore: update CHANGELOG for agentflow 0.0.0-dev.14 and adjust package version in @flowiseai/observe (#6346)  - also fix example app in observe package after css removal,bugfix,TypeScript,Jocelyn Lin,2026-05-05 11:43:26-07:00,11,1,0,0,17,6,5,0,0,0.0,0,clean,TypeScript,2024-2026,1.0,,2.43,0.0,0.0,0
FlowiseAI/Flowise,433b97d3af17cd99d08356b6388bb82500c3ff60,433b97d3af,feat/show scheduled flow status (#6330)  * show scheduled flow status  * enhance ScheduleStatusBadge to display loading state and update tooltip text. Refactor schedule status retrieval in Agentflows ,feature,Unknown,Henry Heng,2026-05-05 12:17:24+01:00,12,1,0,0,252,81,4,0,11,10.82,0,clean,TypeScript,2024-2026,1.0,,3.07,0.0,2.16,0
typeorm/typeorm,ed9bcb9c0ffa46aea151a958c63cfd415d60e4c0,ed9bcb9c0f,fix(postgres): execute remaining relation-load and persistence paths sequentially to avoid pg 8.19.0 deprecation (#12421)  Co-authored-by: Prakhar Chhalotre <chhalotreprakhar00@gmail.com>,bugfix,TypeScript,kyungseopk1m,2026-05-05 13:39:56+05:30,13,1,0,0,982,794,8,1,18,5.83,0,clean,TypeScript,2024-2026,1.0,,1.24,0.11,0.65,0
FlowiseAI/Flowise,8db7d813408827f525f91ce453c376e8acdec0e7,8db7d81340,feat: remove scoped view option from ExecutionsListTable (#6348)  feat: remove scoped view option from ExecutionsListTable and update related components  - Removed the `scoped` prop from `ExecutionsLi,feature,Unknown,Jocelyn Lin,2026-05-05 14:31:16-07:00,14,1,0,0,7,13,2,0,4,6.5,0,clean,TypeScript,2024-2026,1.0,,0.5,0.0,2.17,0
FlowiseAI/Flowise,6f7d37b4087ad714c71a9bdfadfeead4d6cd6098,6f7d37b408,chore: bump @flowiseai/observe to 0.0.0-dev.1 (#6349)  Co-authored-by: github-actions[bot] <github-actions[bot]@users.noreply.github.com>,other,Unknown,github-actions[bot],2026-05-05 16:30:32-07:00,16,1,0,0,1,1,1,0,0,0.0,0,clean,TypeScript,2024-2026,1.0,,0.5,0.0,0.0,0
typeorm/typeorm,2ca390f5a5830e36fa80051dfc34cc8bc3472bd0,2ca390f5a5,chore(legacy-naming-strategies): bump to 1.0.0-beta.3 (#12430),other,Unknown,Michael Bromley,2026-05-05 22:13:03+02:00,22,1,0,1,15,9,3,0,0,0.0,0,clean,TypeScript,2024-2026,1.0,,1.5,0.0,0.0,0
FlowiseAI/Flowise,4b175019768fcf6d8913f07278503448fa3ee0f3,4b17501976,Feat(agentflow) Node version detection and version upgrade support  (#6347)  * Implement Node versioning  * Add new example for showing outdated versions  * Remove header sync button  * Test changes  ,bugfix,TypeScript,j-sanaa,2026-05-06 10:08:14-07:00,10,2,0,0,543,15,19,4,13,8.38,0,clean,TypeScript,2024-2026,1.0,,33.94,0.2,0.42,0
FlowiseAI/Flowise,0e9c59f5b3695b4fc7b65ac75d8a172555612aaf,0e9c59f5b3,feat - Add changesets for agentflow and observe packages (#6350)  * add changeset  * Add changeset summary  * Release packages with changeset compatible workflow  * Remove changes to new workflow  * R,feature,Unknown,j-sanaa,2026-05-06 14:38:13-07:00,14,2,0,0,417,34,3,0,0,0.0,0,clean,TypeScript,2024-2026,1.0,,11.91,0.0,0.0,0
FlowiseAI/Flowise,aee37e16b1798c238fc0cfb63250b1a120ea210d,aee37e16b1,"feat:344 | ambient agents webhooks (#6283)  * feat(ambient-agents): Add webhook trigger UI on start node (#6068)  * feat(ambient-agents): Add webhook trigger UI on start node, handles in both canvas, ",bugfix,TypeScript,jchui-wd,2026-05-06 14:57:11+01:00,14,2,0,0,4705,384,57,7,134,6.16,0,clean,TypeScript,2024-2026,1.0,,12.22,0.12,0.11,0
FlowiseAI/Flowise,1449e80d3400c7078779e24654a1a3c443c0c6b7,1449e80d34,feature/extend AWS Bedrock node with full model catalog and custom model support (#6309)  * feat(bedrock): extend AWS Bedrock node with full model catalog and custom model support  * Update packages/c,bugfix,TypeScript,Ankit5467,2026-05-06 15:58:09+01:00,15,2,0,0,4836,1905,15,3,36,5.75,0,clean,TypeScript,2024-2026,1.0,,2.54,0.19,0.36,0
FlowiseAI/Flowise,c0ed0e62e49423faa57e3c80ad04e13939f084ed,c0ed0e62e4,Chore/fix pnpm lock file (#6357)  fix pnpm lock file,bugfix,Unknown,Henry Heng,2026-05-07 01:38:20+01:00,1,3,0,1,309,125,1,0,0,0.0,0,clean,TypeScript,2024-2026,1.0,,2.45,0.0,0.0,0
FlowiseAI/Flowise,23b997ee5ef9e269b628bad0f56f1ecb86bd2fca,23b997ee5e,bugfix:308 | remove ungated overrideConfig spread (#6279)  * fix(server): remove ungated overrideConfig spread into flowConfig/flowData  The spread allowed API callers to inject arbitrary keys into th,bugfix,TypeScript,jchui-wd,2026-05-07 12:36:36+01:00,12,3,0,0,4,5,3,0,5,50.0,0,clean,TypeScript,2024-2026,1.0,,0.67,0.0,12.5,0
typeorm/typeorm,7e559d77c5a178157157bd60562d0a78feaf21f5,7e559d77c5,fix: use file reference for typeorm in playground to prevent false dependabot alerts (#12438),bugfix,Unknown,Shaun Smith,2026-05-07 15:45:22-04:00,15,3,0,0,7,321,3,0,0,0.0,0,clean,TypeScript,2024-2026,1.0,,0.02,0.0,0.0,0
typeorm/typeorm,19552ea33821b704a9af50683117a356652ba019,19552ea338,Merge commit from fork,other,TypeScript,Shaun Smith,2026-05-07 15:45:39+02:00,15,3,0,0,190,69,4,1,3,1.67,0,clean,TypeScript,2024-2026,1.0,,2.71,0.2,0.33,0
FlowiseAI/Flowise,06ce2c002768970c09eb28824dae0cebfa24b0a9,06ce2c0027,Fix (Agentflow) Remove changeset:publish from dependency (#6356)  * Remove publish from dependency  * Revert changes to pnpm-lock file,bugfix,Unknown,j-sanaa,2026-05-08 10:44:18-07:00,10,4,0,0,1,2,1,0,0,0.0,0,clean,TypeScript,2024-2026,1.0,,0.33,0.0,0.0,0
FlowiseAI/Flowise,e9bf04ac748dbcd9b7db6616bfee8080e0190739,e9bf04ac74,fix: flowise-186 (#6158)  * update: type field for some credentials where string type could expose secrets  * update: contribution docs with note on adding credential files  * update: add reveal for u,bugfix,TypeScript,Ilango,2026-05-08 15:08:18+05:30,15,4,0,0,327,50,20,0,34,6.53,0,clean,TypeScript,2024-2026,1.0,,6.41,0.0,0.31,0
FlowiseAI/Flowise,4d7899d02ca370a5510406be5c91483085a412f9,4d7899d02c,fix: flowise-310 (#6321)  * add: validate customerId and subscriptionId  * fix: review feedback,bugfix,TypeScript,Ilango,2026-05-08 15:18:27+05:30,15,4,0,0,14,1,2,0,7,3.86,0,clean,TypeScript,2024-2026,1.0,,7.0,0.0,1.29,0
typeorm/typeorm,5b06e85a34db147f8fbcfd4af74b4845ffe6c599,5b06e85a34,chore(deps): update all dependencies to their latest minor version (#12439)  Co-authored-by: Lucian Mocanu <alumni@users.noreply.github.com>,test,Unknown,Shaun Smith,2026-05-08 15:37:35+02:00,15,4,0,0,1771,1800,4,0,0,0.0,0,clean,TypeScript,2024-2026,1.0,,0.98,0.0,0.0,0
