commit_hour,day_of_week,is_weekend,is_night_commit,lines_added,lines_deleted,files_changed,test_files_changed,num_methods,avg_complexity,is_buggy,language_group,time_period,confidence,churn_ratio,test_ratio,complexity_per_file,prior_bugs_author
1,0,0,1,119,38,7,0,5,8.4,0,TypeScript,2018-2020,1.0,3.05,0.0,1.05,0
20,0,0,0,20,7,4,0,1,25.0,0,TypeScript,2018-2020,1.0,2.5,0.0,5.0,0
1,1,0,1,8,3,4,0,1,26.0,0,TypeScript,2018-2020,1.0,2.0,0.0,5.2,0
22,2,0,1,2807,1688,108,5,189,2.95,0,TypeScript,2018-2020,1.0,1.66,0.05,0.03,0
22,2,0,1,1,1,1,0,0,0.0,0,TypeScript,2018-2020,1.0,0.5,0.0,0.0,0
1,3,0,1,3,3,1,0,0,0.0,0,TypeScript,2018-2020,1.0,0.75,0.0,0.0,0
11,3,0,0,37,4,5,1,3,1.0,0,TypeScript,2018-2020,1.0,7.4,0.17,0.17,0
23,3,0,1,154,59,4,0,1,33.0,0,TypeScript,2018-2020,1.0,2.57,0.0,6.6,0
15,4,0,0,192,108,7,1,8,3.12,0,TypeScript,2018-2020,1.0,1.76,0.12,0.39,0
15,4,0,0,1,1,1,0,0,0.0,0,TypeScript,2018-2020,1.0,0.5,0.0,0.0,0
18,4,0,0,48638,1,481,9,467,1.25,0,TypeScript,2018-2020,1.0,24319.0,0.02,0.0,0
21,4,0,0,149,57,15,0,8,7.62,0,TypeScript,2018-2020,1.0,2.57,0.0,0.48,0
1,5,1,1,44,46,14,0,10,7.0,0,TypeScript,2018-2020,1.0,0.94,0.0,0.47,0
1,5,1,1,3,0,1,0,0,0.0,0,TypeScript,2018-2020,1.0,3.0,0.0,0.0,0
17,5,1,0,864,441,31,2,49,5.49,0,TypeScript,2018-2020,1.0,1.95,0.06,0.17,0
18,5,1,0,21,3,2,0,2,2.0,0,TypeScript,2018-2020,1.0,5.25,0.0,0.67,0
15,0,0,0,765,164,53,0,27,5.41,0,TypeScript,2018-2020,1.0,4.64,0.0,0.1,0
21,0,0,0,0,87,14,5,13,6.54,0,TypeScript,2018-2020,1.0,0.0,0.33,0.44,0
1,2,0,1,1549,999,127,6,156,2.88,0,TypeScript,2018-2020,1.0,1.55,0.05,0.02,0
14,4,0,0,703,445,294,0,30,17.03,0,TypeScript,2018-2020,1.0,1.58,0.0,0.06,0
16,4,0,0,1828,1145,7,1,96,3.26,0,TypeScript,2018-2020,1.0,1.6,0.12,0.41,0
19,4,0,0,451,108,93,0,2,5.0,0,TypeScript,2018-2020,1.0,4.14,0.0,0.05,0
20,4,0,0,19,19,9,0,0,0.0,0,TypeScript,2018-2020,1.0,0.95,0.0,0.0,0
2,6,1,1,15,7,3,0,1,6.0,0,TypeScript,2018-2020,1.0,1.88,0.0,1.5,0
11,6,1,0,6,4,2,0,0,0.0,0,TypeScript,2018-2020,1.0,1.2,0.0,0.0,0
12,6,1,0,4,0,2,0,0,0.0,0,TypeScript,2018-2020,1.0,4.0,0.0,0.0,0
17,6,1,0,841,672,19,0,51,5.63,0,TypeScript,2018-2020,1.0,1.25,0.0,0.28,0
10,0,0,0,261,308,8,0,77,3.73,0,TypeScript,2018-2020,1.0,0.84,0.0,0.41,0
11,0,0,0,1,1,1,0,0,0.0,0,TypeScript,2018-2020,1.0,0.5,0.0,0.0,0
18,0,0,0,150,35,5,1,18,3.39,0,TypeScript,2018-2020,1.0,4.17,0.17,0.57,0
22,0,0,1,1,1,1,0,0,0.0,0,TypeScript,2018-2020,1.0,0.5,0.0,0.0,0
16,1,0,0,65,70,14,0,3,17.33,0,TypeScript,2018-2020,1.0,0.92,0.0,1.16,0
20,2,0,0,2195,794,33,0,189,2.84,0,TypeScript,2018-2020,1.0,2.76,0.0,0.08,0
20,2,0,0,1,1,1,0,0,0.0,0,TypeScript,2018-2020,1.0,0.5,0.0,0.0,0
20,3,0,0,42,7,4,0,8,3.38,0,TypeScript,2018-2020,1.0,5.25,0.0,0.68,0
21,3,0,0,303,157,9,0,11,5.82,0,TypeScript,2018-2020,1.0,1.92,0.0,0.58,0
20,5,1,0,2,2,2,0,0,0.0,0,TypeScript,2018-2020,1.0,0.67,0.0,0.0,0
20,5,1,0,371,0,3,0,11,2.0,0,TypeScript,2018-2020,1.0,371.0,0.0,0.5,0
13,6,1,0,96,60,3,0,1,1.0,0,TypeScript,2018-2020,1.0,1.57,0.0,0.25,0
15,6,1,0,1332,1516,68,2,145,3.58,0,TypeScript,2018-2020,1.0,0.88,0.03,0.05,0
16,6,1,0,5,5,1,0,0,0.0,0,TypeScript,2018-2020,1.0,0.83,0.0,0.0,0
18,6,1,0,4,4,1,0,0,0.0,0,TypeScript,2018-2020,1.0,0.8,0.0,0.0,0
20,6,1,0,104,29,11,2,9,4.11,0,TypeScript,2018-2020,1.0,3.47,0.17,0.34,0
10,3,0,0,52,38,15,0,5,13.4,0,TypeScript,2018-2020,1.0,1.33,0.0,0.84,0
22,3,0,1,2301,932,147,3,124,4.01,0,TypeScript,2018-2020,1.0,2.47,0.02,0.03,0
22,3,0,1,2,0,1,0,0,0.0,0,TypeScript,2018-2020,1.0,2.0,0.0,0.0,0
22,3,0,1,14,14,1,0,0,0.0,0,TypeScript,2018-2020,1.0,0.93,0.0,0.0,0
23,3,0,1,23,11,3,0,4,2.75,0,TypeScript,2018-2020,1.0,1.92,0.0,0.69,0
0,4,0,1,19,29,3,0,2,26.0,0,TypeScript,2018-2020,1.0,0.63,0.0,6.5,0
9,4,0,0,6,467,5,0,43,2.91,0,TypeScript,2018-2020,1.0,0.01,0.0,0.49,0
16,4,0,0,335,8,7,0,10,2.9,0,TypeScript,2018-2020,1.0,37.22,0.0,0.36,0
16,4,0,0,368,26,2,0,13,3.77,0,TypeScript,2018-2020,1.0,13.63,0.0,1.26,0
17,4,0,0,4,2,2,0,1,2.0,0,TypeScript,2018-2020,1.0,1.33,0.0,0.67,0
22,4,0,1,404,209,56,1,14,9.64,0,TypeScript,2018-2020,1.0,1.92,0.02,0.17,0
17,5,1,0,146,176,16,0,2,1.0,0,TypeScript,2018-2020,1.0,0.82,0.0,0.06,0
15,6,1,0,4007,5515,27,3,236,3.11,0,TypeScript,2018-2020,1.0,0.73,0.11,0.11,0
19,6,1,0,306,241,8,0,14,7.0,0,TypeScript,2018-2020,1.0,1.26,0.0,0.78,0
12,0,0,0,8,0,1,0,0,0.0,0,TypeScript,2018-2020,1.0,8.0,0.0,0.0,0
19,0,0,0,0,7,1,0,1,5.0,0,TypeScript,2018-2020,1.0,0.0,0.0,2.5,0
20,0,0,0,395,39,32,1,19,6.0,0,TypeScript,2018-2020,1.0,9.88,0.03,0.18,0
21,0,0,0,1,1,1,0,0,0.0,0,TypeScript,2018-2020,1.0,0.5,0.0,0.0,0
1,1,0,1,6,3,1,0,0,0.0,0,TypeScript,2018-2020,1.0,1.5,0.0,0.0,0
2,1,0,1,2,1,2,0,0,0.0,0,TypeScript,2018-2020,1.0,1.0,0.0,0.0,0
15,1,0,0,1,1,1,0,0,0.0,0,TypeScript,2018-2020,1.0,0.5,0.0,0.0,0
20,1,0,0,24,8,5,1,3,5.33,0,TypeScript,2018-2020,1.0,2.67,0.17,0.89,0
12,2,0,0,15,1,2,0,1,3.0,0,TypeScript,2018-2020,1.0,7.5,0.0,1.0,0
15,2,0,0,70,45,7,0,19,2.0,0,TypeScript,2018-2020,1.0,1.52,0.0,0.25,0
10,3,0,0,14,4,2,0,1,1.0,0,TypeScript,2018-2020,1.0,2.8,0.0,0.33,0
22,3,0,1,10,1,2,0,2,1.0,0,TypeScript,2018-2020,1.0,5.0,0.0,0.33,0
10,4,0,0,121,74,3,0,1,45.0,0,TypeScript,2018-2020,1.0,1.61,0.0,11.25,0
12,4,0,0,5145,1912,214,2,6,14.17,0,TypeScript,2018-2020,1.0,2.69,0.01,0.07,0
15,4,0,0,74,147,51,1,23,2.7,0,TypeScript,2018-2020,1.0,0.5,0.02,0.05,0
15,4,0,0,1,1,1,0,0,0.0,0,TypeScript,2018-2020,1.0,0.5,0.0,0.0,0
16,4,0,0,3,2,2,0,0,0.0,0,TypeScript,2018-2020,1.0,1.0,0.0,0.0,0
23,4,0,1,293,45,6,1,31,3.48,0,TypeScript,2018-2020,1.0,6.37,0.14,0.5,0
18,5,1,0,115,4,7,1,2,19.0,0,TypeScript,2018-2020,1.0,23.0,0.12,2.38,0
19,5,1,0,78,2,3,1,1,2.0,0,TypeScript,2018-2020,1.0,26.0,0.25,0.5,0
21,5,1,0,64,4,4,0,1,45.0,0,TypeScript,2018-2020,1.0,12.8,0.0,9.0,0
22,5,1,1,4,4,1,0,0,0.0,0,TypeScript,2018-2020,1.0,0.8,0.0,0.0,0
23,5,1,1,28,3,4,1,2,1.5,0,TypeScript,2018-2020,1.0,7.0,0.2,0.3,0
18,6,1,0,80,4,3,0,0,0.0,0,TypeScript,2018-2020,1.0,16.0,0.0,0.0,0
20,6,1,0,7,1,1,0,0,0.0,0,TypeScript,2018-2020,1.0,3.5,0.0,0.0,0
20,6,1,0,4,4,1,0,0,0.0,0,TypeScript,2018-2020,1.0,0.8,0.0,0.0,0
21,6,1,0,1,1,1,0,0,0.0,0,TypeScript,2018-2020,1.0,0.5,0.0,0.0,0
21,6,1,0,3,3,1,0,0,0.0,0,TypeScript,2018-2020,1.0,0.75,0.0,0.0,0
0,0,0,1,13,7,2,0,0,0.0,0,TypeScript,2018-2020,1.0,1.62,0.0,0.0,0
14,1,0,0,94,11,5,0,5,4.0,0,TypeScript,2018-2020,1.0,7.83,0.0,0.67,0
14,1,0,0,1,1,1,0,0,0.0,0,TypeScript,2018-2020,1.0,0.5,0.0,0.0,0
18,2,0,0,687,366,30,2,69,6.36,0,TypeScript,2018-2020,1.0,1.87,0.06,0.21,0
21,3,0,0,5456,157,67,1,289,3.67,0,TypeScript,2018-2020,1.0,34.53,0.01,0.05,0
14,4,0,0,32,0,1,0,0,0.0,0,TypeScript,2018-2020,1.0,32.0,0.0,0.0,0
14,4,0,0,257,23,8,0,9,4.56,0,TypeScript,2018-2020,1.0,10.71,0.0,0.51,0
16,4,0,0,2,2,1,0,0,0.0,0,TypeScript,2018-2020,1.0,0.67,0.0,0.0,0
18,4,0,0,321,11,11,0,23,4.48,0,TypeScript,2018-2020,1.0,26.75,0.0,0.37,0
2,5,1,1,83,39,6,0,3,1.33,0,TypeScript,2018-2020,1.0,2.08,0.0,0.19,0
11,0,0,0,23,1,1,0,0,0.0,0,TypeScript,2018-2020,1.0,11.5,0.0,0.0,0
12,0,0,0,32,0,2,1,1,2.0,0,TypeScript,2018-2020,1.0,32.0,0.33,0.67,0
22,0,0,1,196,208,34,0,0,0.0,0,TypeScript,2018-2020,1.0,0.94,0.0,0.0,0
16,1,0,0,367,37,14,0,9,3.33,0,TypeScript,2018-2020,1.0,9.66,0.0,0.22,0
16,1,0,0,1,1,1,0,0,0.0,0,TypeScript,2018-2020,1.0,0.5,0.0,0.0,0
19,1,0,0,22,4,5,1,3,2.0,0,TypeScript,2018-2020,1.0,4.4,0.17,0.33,0
14,2,0,0,619,62,43,0,15,9.8,0,TypeScript,2018-2020,1.0,9.83,0.0,0.22,0
21,2,0,0,22,1,2,0,0,0.0,0,TypeScript,2018-2020,1.0,11.0,0.0,0.0,0
22,2,0,1,76,65,4,0,5,4.6,0,TypeScript,2018-2020,1.0,1.15,0.0,0.92,0
15,3,0,0,34,4,11,0,1,5.0,0,TypeScript,2018-2020,1.0,6.8,0.0,0.42,0
19,3,0,0,30,3,4,0,2,6.5,0,TypeScript,2018-2020,1.0,7.5,0.0,1.3,0
11,4,0,0,701,61,95,2,41,4.66,0,TypeScript,2018-2020,1.0,11.31,0.02,0.05,0
17,4,0,0,1,3,2,1,2,1.5,0,TypeScript,2018-2020,1.0,0.25,0.33,0.5,0
17,5,1,0,31,8,4,0,4,4.25,0,TypeScript,2018-2020,1.0,3.44,0.0,0.85,0
0,6,1,1,164,203,4,0,60,3.77,0,TypeScript,2018-2020,1.0,0.8,0.0,0.75,0
16,6,1,0,4,4,2,0,1,8.0,0,TypeScript,2018-2020,1.0,0.8,0.0,2.67,0
21,6,1,0,240,15,7,1,6,8.17,0,TypeScript,2018-2020,1.0,15.0,0.12,1.02,0
13,1,0,0,100,3,21,0,11,6.55,0,TypeScript,2018-2020,1.0,25.0,0.0,0.3,0
20,1,0,0,172,240,17,0,27,4.44,0,TypeScript,2018-2020,1.0,0.71,0.0,0.25,0
23,1,0,1,124,18,9,1,4,5.25,0,TypeScript,2018-2020,1.0,6.53,0.1,0.52,0
14,2,0,0,67,36,14,0,7,3.14,0,TypeScript,2018-2020,1.0,1.81,0.0,0.21,0
19,4,0,0,602,7,13,0,28,5.0,0,TypeScript,2018-2020,1.0,75.25,0.0,0.36,0
18,5,1,0,206,33,23,0,28,6.11,0,TypeScript,2018-2020,1.0,6.06,0.0,0.25,0
0,0,0,1,488,14,16,1,20,1.95,0,TypeScript,2018-2020,1.0,32.53,0.06,0.11,0
16,1,0,0,115,3,8,0,1,11.0,0,TypeScript,2018-2020,1.0,28.75,0.0,1.22,0
14,2,0,0,41,41,10,0,0,0.0,0,TypeScript,2018-2020,1.0,0.98,0.0,0.0,0
23,2,0,1,824,449,23,3,53,5.57,0,TypeScript,2018-2020,1.0,1.83,0.12,0.23,0
14,3,0,0,328,3,19,0,7,3.14,0,TypeScript,2018-2020,1.0,82.0,0.0,0.16,0
18,4,0,0,52,92,12,0,17,8.24,0,TypeScript,2018-2020,1.0,0.56,0.0,0.63,0
22,4,0,1,62,14,8,1,5,3.0,0,TypeScript,2018-2020,1.0,4.13,0.11,0.33,0
11,0,0,0,0,1,1,0,0,0.0,0,TypeScript,2018-2020,1.0,0.0,0.0,0.0,0
0,1,0,1,105,44,12,1,17,2.71,0,TypeScript,2018-2020,1.0,2.33,0.08,0.21,0
9,1,0,0,170,32,3,0,17,6.24,0,TypeScript,2018-2020,1.0,5.15,0.0,1.56,0
22,1,0,1,3,3,2,0,0,0.0,0,TypeScript,2018-2020,1.0,0.75,0.0,0.0,0
22,1,0,1,1,1,1,0,0,0.0,0,TypeScript,2018-2020,1.0,0.5,0.0,0.0,0
22,1,0,1,3,3,2,0,0,0.0,0,TypeScript,2018-2020,1.0,0.75,0.0,0.0,0
23,5,1,1,3,3,1,0,1,4.0,0,TypeScript,2018-2020,1.0,0.75,0.0,2.0,0
17,6,1,0,12,4,4,0,2,2.5,0,TypeScript,2018-2020,1.0,2.4,0.0,0.5,0
15,1,0,0,48,17,4,0,7,3.29,0,TypeScript,2018-2020,1.0,2.67,0.0,0.66,0
21,2,0,0,838,389,269,3,49,10.24,0,TypeScript,2018-2020,1.0,2.15,0.01,0.04,0
14,3,0,0,76,63,42,1,11,4.18,0,TypeScript,2018-2020,1.0,1.19,0.02,0.1,0
15,3,0,0,41,41,10,0,0,0.0,0,TypeScript,2018-2020,1.0,0.98,0.0,0.0,0
17,3,0,0,337,35,11,0,6,10.67,0,TypeScript,2018-2020,1.0,9.36,0.0,0.89,0
18,3,0,0,65,3,9,0,3,14.67,0,TypeScript,2018-2020,1.0,16.25,0.0,1.47,0
14,4,0,0,292,59,14,0,18,5.33,0,TypeScript,2018-2020,1.0,4.87,0.0,0.36,0
11,0,0,0,21,1,2,0,2,3.0,0,TypeScript,2018-2020,1.0,10.5,0.0,1.0,0
14,0,0,0,114,20,16,1,11,8.73,0,TypeScript,2018-2020,1.0,5.43,0.06,0.51,0
15,0,0,0,215,111,12,1,14,1.57,0,TypeScript,2018-2020,1.0,1.92,0.08,0.12,0
1,1,0,1,100,4,4,1,1,1.0,0,TypeScript,2018-2020,1.0,20.0,0.2,0.2,0
18,2,0,0,57,35,2,0,3,5.67,0,TypeScript,2018-2020,1.0,1.58,0.0,1.89,0
9,3,0,0,220,65,24,1,27,6.11,0,TypeScript,2018-2020,1.0,3.33,0.04,0.24,0
18,4,0,0,126,51,10,0,13,11.54,0,TypeScript,2018-2020,1.0,2.42,0.0,1.05,0
10,6,1,0,31,2,3,0,4,3.75,0,TypeScript,2018-2020,1.0,10.33,0.0,0.94,0
12,6,1,0,1,1,1,0,0,0.0,0,TypeScript,2018-2020,1.0,0.5,0.0,0.0,0
1,6,1,1,106,44,23,0,16,5.25,0,TypeScript,2018-2020,1.0,2.36,0.0,0.22,0
20,3,0,0,1,1,1,0,0,0.0,0,TypeScript,2018-2020,1.0,0.5,0.0,0.0,0
20,3,0,0,4693,2893,257,3,343,3.61,0,TypeScript,2018-2020,1.0,1.62,0.01,0.01,0
2,5,1,1,372,96,62,1,17,3.88,0,TypeScript,2018-2020,1.0,3.84,0.02,0.06,0
13,5,1,0,1,1,1,0,0,0.0,0,TypeScript,2018-2020,1.0,0.5,0.0,0.0,0
14,5,1,0,2,2,2,0,0,0.0,0,TypeScript,2018-2020,1.0,0.67,0.0,0.0,0
20,5,1,0,0,95,11,2,2,1.0,0,TypeScript,2018-2020,1.0,0.0,0.17,0.08,0
21,5,1,0,2,2,1,0,0,0.0,0,TypeScript,2018-2020,1.0,0.67,0.0,0.0,0
15,6,1,0,1,1,1,0,0,0.0,0,TypeScript,2018-2020,1.0,0.5,0.0,0.0,0
18,6,1,0,292,4,16,1,9,3.67,0,TypeScript,2018-2020,1.0,58.4,0.06,0.22,0
18,6,1,0,3,3,2,0,0,0.0,0,TypeScript,2018-2020,1.0,0.75,0.0,0.0,0
20,0,0,0,20,6,2,0,2,4.5,0,TypeScript,2018-2020,1.0,2.86,0.0,1.5,0
20,0,0,0,2,2,1,0,1,20.0,0,TypeScript,2018-2020,1.0,0.67,0.0,10.0,0
20,0,0,0,31,6,2,0,2,22.0,0,TypeScript,2018-2020,1.0,4.43,0.0,7.33,0
21,0,0,0,9,9,2,0,2,3.0,0,TypeScript,2018-2020,1.0,0.9,0.0,1.0,0
22,0,0,1,22,8,9,0,13,1.0,0,TypeScript,2018-2020,1.0,2.44,0.0,0.1,0
2,1,0,1,407,14,15,0,34,3.38,0,TypeScript,2018-2020,1.0,27.13,0.0,0.21,0
10,1,0,0,3,3,2,0,2,3.0,0,TypeScript,2018-2020,1.0,0.75,0.0,1.0,0
12,1,0,0,119,125,21,0,22,5.18,0,TypeScript,2018-2020,1.0,0.94,0.0,0.24,0
14,1,0,0,5,5,2,0,0,0.0,0,TypeScript,2018-2020,1.0,0.83,0.0,0.0,0
14,1,0,0,1,1,1,0,0,0.0,0,TypeScript,2018-2020,1.0,0.5,0.0,0.0,0
14,1,0,0,1,1,1,0,0,0.0,0,TypeScript,2018-2020,1.0,0.5,0.0,0.0,0
17,1,0,0,230,221,48,0,19,6.53,0,TypeScript,2018-2020,1.0,1.04,0.0,0.13,0
18,1,0,0,14,12,2,0,0,0.0,0,TypeScript,2018-2020,1.0,1.08,0.0,0.0,0
18,1,0,0,2,2,1,0,2,2.5,0,TypeScript,2018-2020,1.0,0.67,0.0,1.25,0
18,1,0,0,1,1,1,0,0,0.0,0,TypeScript,2018-2020,1.0,0.5,0.0,0.0,0
18,1,0,0,1,2,1,0,0,0.0,0,TypeScript,2018-2020,1.0,0.33,0.0,0.0,0
18,1,0,0,1,1,1,0,0,0.0,0,TypeScript,2018-2020,1.0,0.5,0.0,0.0,0
19,1,0,0,50,9,3,0,2,8.5,0,TypeScript,2018-2020,1.0,5.0,0.0,2.12,0
19,1,0,0,1,1,1,0,0,0.0,0,TypeScript,2018-2020,1.0,0.5,0.0,0.0,0
19,1,0,0,1,1,1,0,0,0.0,0,TypeScript,2018-2020,1.0,0.5,0.0,0.0,0
20,1,0,0,137,63,18,0,81,1.79,0,TypeScript,2018-2020,1.0,2.14,0.0,0.09,0
20,1,0,0,1,1,1,0,0,0.0,0,TypeScript,2018-2020,1.0,0.5,0.0,0.0,0
21,1,0,0,16,9,4,0,1,4.0,0,TypeScript,2018-2020,1.0,1.6,0.0,0.8,0
6,2,0,0,1,1,1,0,0,0.0,0,TypeScript,2018-2020,1.0,0.5,0.0,0.0,0
8,2,0,0,43,13,8,0,14,1.64,0,TypeScript,2018-2020,1.0,3.07,0.0,0.18,0
10,2,0,0,36,63,10,0,9,2.11,0,TypeScript,2018-2020,1.0,0.56,0.0,0.19,0
11,2,0,0,37,40,10,0,6,2.0,0,TypeScript,2018-2020,1.0,0.9,0.0,0.18,0
11,2,0,0,41,55,3,0,1,6.0,0,TypeScript,2018-2020,1.0,0.73,0.0,1.5,0
13,2,0,0,14,25,7,0,3,3.33,0,TypeScript,2018-2020,1.0,0.54,0.0,0.42,0
13,2,0,0,1,1,1,0,0,0.0,0,TypeScript,2018-2020,1.0,0.5,0.0,0.0,0
15,2,0,0,138,43,11,0,12,3.17,0,TypeScript,2018-2020,1.0,3.14,0.0,0.26,0
15,2,0,0,1,1,1,0,0,0.0,0,TypeScript,2018-2020,1.0,0.5,0.0,0.0,0
15,2,0,0,2,2,2,0,0,0.0,0,TypeScript,2018-2020,1.0,0.67,0.0,0.0,0
15,2,0,0,1,1,1,0,0,0.0,0,TypeScript,2018-2020,1.0,0.5,0.0,0.0,0
17,2,0,0,136,141,20,0,35,2.14,0,TypeScript,2018-2020,1.0,0.96,0.0,0.1,0
18,2,0,0,71,31,7,0,5,3.0,0,TypeScript,2018-2020,1.0,2.22,0.0,0.38,0
11,3,0,0,25,28,4,0,23,1.48,0,TypeScript,2018-2020,1.0,0.86,0.0,0.3,0
15,3,0,0,126,225,10,0,3,7.67,0,TypeScript,2018-2020,1.0,0.56,0.0,0.7,0
13,4,0,0,713,152,12,0,5,3.4,0,TypeScript,2018-2020,1.0,4.66,0.0,0.26,0
19,4,0,0,173,59,9,0,15,14.6,0,TypeScript,2018-2020,1.0,2.88,0.0,1.46,0
16,5,1,0,784,1526,70,1,21,1.33,0,TypeScript,2018-2020,1.0,0.51,0.01,0.02,0
17,5,1,0,594,446,24,0,7,2.0,0,TypeScript,2018-2020,1.0,1.33,0.0,0.08,0
0,6,1,1,1,1,1,0,1,12.0,0,TypeScript,2018-2020,1.0,0.5,0.0,6.0,0
1,6,1,1,24,52,6,0,3,5.0,0,TypeScript,2018-2020,1.0,0.45,0.0,0.71,0
11,6,1,0,0,1,1,0,0,0.0,0,TypeScript,2018-2020,1.0,0.0,0.0,0.0,0
11,6,1,0,1,1,1,0,2,20.0,0,TypeScript,2018-2020,1.0,0.5,0.0,10.0,0
11,6,1,0,2,2,1,0,0,0.0,0,TypeScript,2018-2020,1.0,0.67,0.0,0.0,0
11,6,1,0,5,21,1,0,2,1.5,0,TypeScript,2018-2020,1.0,0.23,0.0,0.75,0
11,6,1,0,3,2,2,0,0,0.0,0,TypeScript,2018-2020,1.0,1.0,0.0,0.0,0
12,6,1,0,8,12,5,0,3,1.67,0,TypeScript,2018-2020,1.0,0.62,0.0,0.28,0
14,6,1,0,263,187,12,0,8,9.5,0,TypeScript,2018-2020,1.0,1.4,0.0,0.73,0
14,6,1,0,38,18,6,0,4,5.5,0,TypeScript,2018-2020,1.0,2.0,0.0,0.79,0
15,6,1,0,9,7,4,0,4,1.25,0,TypeScript,2018-2020,1.0,1.12,0.0,0.25,0
17,6,1,0,21,7,4,0,4,1.0,0,TypeScript,2018-2020,1.0,2.62,0.0,0.2,0
17,6,1,0,4,6,3,0,2,2.0,0,TypeScript,2018-2020,1.0,0.57,0.0,0.5,0
20,6,1,0,124,62,12,0,8,9.12,0,TypeScript,2018-2020,1.0,1.97,0.0,0.7,0
20,6,1,0,189,195,7,0,4,5.25,0,TypeScript,2018-2020,1.0,0.96,0.0,0.66,0
20,6,1,0,1,0,1,0,0,0.0,0,TypeScript,2018-2020,1.0,1.0,0.0,0.0,0
8,0,0,0,20,21,7,0,3,1.0,0,TypeScript,2018-2020,1.0,0.91,0.0,0.12,0
8,0,0,0,7,17,6,0,2,5.0,0,TypeScript,2018-2020,1.0,0.39,0.0,0.71,0
10,0,0,0,42,5,5,0,8,2.25,0,TypeScript,2018-2020,1.0,7.0,0.0,0.38,0
10,0,0,0,2,2,1,0,0,0.0,0,TypeScript,2018-2020,1.0,0.67,0.0,0.0,0
10,0,0,0,10,6,1,0,0,0.0,0,TypeScript,2018-2020,1.0,1.43,0.0,0.0,0
10,0,0,0,234,130,21,1,61,1.93,0,TypeScript,2018-2020,1.0,1.79,0.05,0.09,0
14,0,0,0,197,93,30,0,3,5.67,0,TypeScript,2018-2020,1.0,2.1,0.0,0.18,0
14,0,0,0,35,51,7,0,10,7.4,0,TypeScript,2018-2020,1.0,0.67,0.0,0.92,0
14,0,0,0,5,5,10,9,2,1.0,0,TypeScript,2018-2020,1.0,0.83,0.82,0.09,0
14,0,0,0,12,6,5,0,1,7.0,0,TypeScript,2018-2020,1.0,1.71,0.0,1.17,0
15,0,0,0,14,5,3,0,6,2.83,0,TypeScript,2018-2020,1.0,2.33,0.0,0.71,0
17,0,0,0,98,118,13,1,7,8.57,0,TypeScript,2018-2020,1.0,0.82,0.07,0.61,0
18,0,0,0,121,46,16,1,12,9.92,0,TypeScript,2018-2020,1.0,2.57,0.06,0.58,0
19,0,0,0,395,53,22,0,27,3.37,0,TypeScript,2018-2020,1.0,7.31,0.0,0.15,0
20,0,0,0,155,307,19,0,12,4.42,0,TypeScript,2018-2020,1.0,0.5,0.0,0.22,0
8,1,0,0,53,0,2,0,3,3.67,0,TypeScript,2018-2020,1.0,53.0,0.0,1.22,0
8,1,0,0,52,79,18,0,17,5.06,0,TypeScript,2018-2020,1.0,0.65,0.0,0.27,0
9,1,0,0,16,16,5,0,9,4.56,0,TypeScript,2018-2020,1.0,0.94,0.0,0.76,0
10,1,0,0,79,43,18,0,11,4.91,0,TypeScript,2018-2020,1.0,1.8,0.0,0.26,0
11,1,0,0,17,9,4,1,2,5.0,0,TypeScript,2018-2020,1.0,1.7,0.2,1.0,0
16,1,0,0,2,0,1,0,0,0.0,0,TypeScript,2018-2020,1.0,2.0,0.0,0.0,0
16,1,0,0,1,1,1,0,0,0.0,0,TypeScript,2018-2020,1.0,0.5,0.0,0.0,0
16,1,0,0,17,8,9,0,0,0.0,0,TypeScript,2018-2020,1.0,1.89,0.0,0.0,0
17,1,0,0,8,8,3,0,3,4.0,0,TypeScript,2018-2020,1.0,0.89,0.0,1.0,0
17,1,0,0,1,1,1,0,0,0.0,0,TypeScript,2018-2020,1.0,0.5,0.0,0.0,0
23,1,0,1,6,0,1,0,0,0.0,0,TypeScript,2018-2020,1.0,6.0,0.0,0.0,0
23,1,0,1,4,0,1,0,0,0.0,0,TypeScript,2018-2020,1.0,4.0,0.0,0.0,0
10,2,0,0,7,0,3,0,2,2.5,0,TypeScript,2018-2020,1.0,7.0,0.0,0.62,0
10,2,0,0,1,1,1,0,0,0.0,0,TypeScript,2018-2020,1.0,0.5,0.0,0.0,0
14,2,0,0,132,6,7,0,6,5.33,0,TypeScript,2018-2020,1.0,18.86,0.0,0.67,0
15,2,0,0,3,0,2,0,1,1.0,0,TypeScript,2018-2020,1.0,3.0,0.0,0.33,0
15,2,0,0,1,1,1,0,0,0.0,0,TypeScript,2018-2020,1.0,0.5,0.0,0.0,0
15,2,0,0,1,1,1,0,0,0.0,0,TypeScript,2018-2020,1.0,0.5,0.0,0.0,0
16,2,0,0,4,2,1,0,0,0.0,0,TypeScript,2018-2020,1.0,1.33,0.0,0.0,0
16,2,0,0,1,1,1,0,0,0.0,0,TypeScript,2018-2020,1.0,0.5,0.0,0.0,0
17,2,0,0,4,4,2,0,2,2.0,0,TypeScript,2018-2020,1.0,0.8,0.0,0.67,0
21,2,0,0,9,9,6,0,7,9.43,0,TypeScript,2018-2020,1.0,0.9,0.0,1.35,0
21,2,0,0,1,1,1,0,1,6.0,0,TypeScript,2018-2020,1.0,0.5,0.0,3.0,0
22,2,0,1,1397,399,19,0,52,4.19,0,TypeScript,2018-2020,1.0,3.49,0.0,0.21,0
11,3,0,0,6,5,3,0,2,7.5,0,TypeScript,2018-2020,1.0,1.0,0.0,1.88,0
11,3,0,0,1,0,1,0,0,0.0,0,TypeScript,2018-2020,1.0,1.0,0.0,0.0,0
12,3,0,0,32,1,1,0,0,0.0,0,TypeScript,2018-2020,1.0,16.0,0.0,0.0,0
15,3,0,0,18,6,2,0,8,1.5,0,TypeScript,2018-2020,1.0,2.57,0.0,0.5,0
5,4,0,1,426,25,20,0,46,3.63,0,TypeScript,2018-2020,1.0,16.38,0.0,0.17,0
11,1,0,0,21,11,5,0,8,6.75,0,TypeScript,2018-2020,1.0,1.75,0.0,1.12,0
11,1,0,0,3,0,1,1,0,0.0,0,TypeScript,2018-2020,1.0,3.0,0.5,0.0,0
11,1,0,0,1,0,1,1,0,0.0,0,TypeScript,2018-2020,1.0,1.0,0.5,0.0,0
13,1,0,0,1,0,1,1,0,0.0,0,TypeScript,2018-2020,1.0,1.0,0.5,0.0,0
15,1,0,0,316,338,3,0,16,5.94,0,TypeScript,2018-2020,1.0,0.93,0.0,1.48,0
9,2,0,0,8,8,2,0,4,1.5,0,TypeScript,2018-2020,1.0,0.89,0.0,0.5,0
10,2,0,0,19,3,2,0,1,1.0,0,TypeScript,2018-2020,1.0,4.75,0.0,0.33,0
11,2,0,0,55,28,3,0,43,1.23,0,TypeScript,2018-2020,1.0,1.9,0.0,0.31,0
11,2,0,0,63,23,3,0,9,2.11,0,TypeScript,2018-2020,1.0,2.62,0.0,0.53,0
14,2,0,0,761,87,24,3,19,4.47,0,TypeScript,2018-2020,1.0,8.65,0.12,0.18,0
12,5,1,0,19,20,1,0,0,0.0,0,TypeScript,2018-2020,1.0,0.9,0.0,0.0,0
12,5,1,0,9,2,2,0,1,1.0,0,TypeScript,2018-2020,1.0,3.0,0.0,0.33,0
17,5,1,0,13,1,2,0,1,12.0,0,TypeScript,2018-2020,1.0,6.5,0.0,4.0,0
22,5,1,1,6,1,2,0,3,2.0,0,TypeScript,2018-2020,1.0,3.0,0.0,0.67,0
16,0,0,0,89,4,11,1,5,1.0,0,TypeScript,2018-2020,1.0,17.8,0.08,0.08,0
23,5,1,1,440,4,13,0,1,13.0,0,TypeScript,2018-2020,1.0,88.0,0.0,0.93,0
9,6,1,0,719,710,26,0,46,5.15,0,TypeScript,2018-2020,1.0,1.01,0.0,0.19,0
11,6,1,0,187,305,40,0,22,2.55,0,TypeScript,2018-2020,1.0,0.61,0.0,0.06,0
11,6,1,0,69,112,9,0,7,2.71,0,TypeScript,2018-2020,1.0,0.61,0.0,0.27,0
11,6,1,0,24,22,2,0,35,1.54,0,TypeScript,2018-2020,1.0,1.04,0.0,0.51,0
15,6,1,0,78,26,9,0,15,2.73,0,TypeScript,2018-2020,1.0,2.89,0.0,0.27,0
15,6,1,0,486,577,24,0,31,4.06,0,TypeScript,2018-2020,1.0,0.84,0.0,0.16,0
17,6,1,0,121,197,8,0,14,4.07,0,TypeScript,2018-2020,1.0,0.61,0.0,0.45,0
21,6,1,0,145,208,9,0,7,12.14,0,TypeScript,2018-2020,1.0,0.69,0.0,1.21,0
22,6,1,1,24,1,2,1,3,1.67,0,TypeScript,2018-2020,1.0,12.0,0.33,0.56,0
22,6,1,1,52,0,1,0,0,0.0,0,TypeScript,2018-2020,1.0,52.0,0.0,0.0,0
17,0,0,0,22,11,7,1,2,10.0,0,TypeScript,2018-2020,1.0,1.83,0.12,1.25,0
4,1,0,1,1977,379,160,6,81,7.22,0,TypeScript,2018-2020,1.0,5.2,0.04,0.04,0
14,1,0,0,372,1,4,0,15,4.0,0,TypeScript,2018-2020,1.0,186.0,0.0,0.8,0
15,1,0,0,1,1,1,0,0,0.0,0,TypeScript,2018-2020,1.0,0.5,0.0,0.0,0
12,2,0,0,3,3,3,0,0,0.0,0,TypeScript,2018-2020,1.0,0.75,0.0,0.0,0
9,3,0,0,70,75,6,0,7,11.43,0,TypeScript,2018-2020,1.0,0.92,0.0,1.63,0
10,3,0,0,24,33,12,0,1,2.0,0,TypeScript,2018-2020,1.0,0.71,0.0,0.15,0
10,3,0,0,4,3,2,0,0,0.0,0,TypeScript,2018-2020,1.0,1.0,0.0,0.0,0
12,3,0,0,57,62,7,0,10,3.0,0,TypeScript,2018-2020,1.0,0.9,0.0,0.38,0
12,3,0,0,1,0,1,0,1,4.0,0,TypeScript,2018-2020,1.0,1.0,0.0,2.0,0
12,5,1,0,76,169,17,0,11,4.0,0,TypeScript,2018-2020,1.0,0.45,0.0,0.22,0
13,5,1,0,84,74,28,0,37,3.97,0,TypeScript,2018-2020,1.0,1.12,0.0,0.14,0
14,5,1,0,229,455,56,1,42,3.81,0,TypeScript,2018-2020,1.0,0.5,0.02,0.07,0
16,5,1,0,201,209,50,1,28,2.5,0,TypeScript,2018-2020,1.0,0.96,0.02,0.05,0
20,5,1,0,4,0,1,0,0,0.0,0,TypeScript,2018-2020,1.0,4.0,0.0,0.0,0
20,5,1,0,495,196,38,0,73,2.37,0,TypeScript,2018-2020,1.0,2.51,0.0,0.06,0
21,5,1,0,106,25,7,0,17,6.88,0,TypeScript,2018-2020,1.0,4.08,0.0,0.86,0
21,5,1,0,2,2,2,0,2,7.5,0,TypeScript,2018-2020,1.0,0.67,0.0,2.5,0
11,6,1,0,112,80,10,0,2,12.5,0,TypeScript,2018-2020,1.0,1.38,0.0,1.14,0
11,6,1,0,168,475,29,0,18,1.39,0,TypeScript,2018-2020,1.0,0.35,0.0,0.05,0
12,6,1,0,227,273,9,0,5,2.4,0,TypeScript,2018-2020,1.0,0.83,0.0,0.24,0
12,6,1,0,0,8,2,0,0,0.0,0,TypeScript,2018-2020,1.0,0.0,0.0,0.0,0
12,6,1,0,638,856,2,0,0,0.0,0,TypeScript,2018-2020,1.0,0.74,0.0,0.0,0
12,6,1,0,4,1,1,0,0,0.0,0,TypeScript,2018-2020,1.0,2.0,0.0,0.0,0
13,6,1,0,1,1,1,0,0,0.0,0,TypeScript,2018-2020,1.0,0.5,0.0,0.0,0
13,6,1,0,10,275,3,1,3,1.67,0,TypeScript,2018-2020,1.0,0.04,0.25,0.42,0
13,6,1,0,2,2,1,0,2,2.5,0,TypeScript,2018-2020,1.0,0.67,0.0,1.25,0
13,6,1,0,724,218,21,0,10,2.6,0,TypeScript,2018-2020,1.0,3.31,0.0,0.12,0
13,6,1,0,65,50,6,0,4,3.0,0,TypeScript,2018-2020,1.0,1.27,0.0,0.43,0
13,6,1,0,5,1,1,0,0,0.0,0,TypeScript,2018-2020,1.0,2.5,0.0,0.0,0
13,6,1,0,1,1,1,0,0,0.0,0,TypeScript,2018-2020,1.0,0.5,0.0,0.0,0
13,6,1,0,1,8,1,0,1,1.0,0,TypeScript,2018-2020,1.0,0.11,0.0,0.5,0
13,6,1,0,2,2,1,0,0,0.0,0,TypeScript,2018-2020,1.0,0.67,0.0,0.0,0
13,6,1,0,4,4,3,0,0,0.0,0,TypeScript,2018-2020,1.0,0.8,0.0,0.0,0
13,6,1,0,1,1,1,0,0,0.0,0,TypeScript,2018-2020,1.0,0.5,0.0,0.0,0
14,6,1,0,3,0,1,0,0,0.0,0,TypeScript,2018-2020,1.0,3.0,0.0,0.0,0
14,6,1,0,1,1,1,0,0,0.0,0,TypeScript,2018-2020,1.0,0.5,0.0,0.0,0
14,6,1,0,13,11,4,0,2,12.0,0,TypeScript,2018-2020,1.0,1.08,0.0,2.4,0
14,6,1,0,21,4,2,0,0,0.0,0,TypeScript,2018-2020,1.0,4.2,0.0,0.0,0
14,6,1,0,1,1,1,0,0,0.0,0,TypeScript,2018-2020,1.0,0.5,0.0,0.0,0
15,6,1,0,1,0,1,0,0,0.0,0,TypeScript,2018-2020,1.0,1.0,0.0,0.0,0
15,6,1,0,15,2,2,0,0,0.0,0,TypeScript,2018-2020,1.0,5.0,0.0,0.0,0
15,6,1,0,0,2,1,0,0,0.0,0,TypeScript,2018-2020,1.0,0.0,0.0,0.0,0
15,6,1,0,9,2,2,0,0,0.0,0,TypeScript,2018-2020,1.0,3.0,0.0,0.0,0
15,6,1,0,1,1,1,0,0,0.0,0,TypeScript,2018-2020,1.0,0.5,0.0,0.0,0
15,6,1,0,1,1,1,0,0,0.0,0,TypeScript,2018-2020,1.0,0.5,0.0,0.0,0
18,6,1,0,113,44,13,1,13,12.46,0,TypeScript,2018-2020,1.0,2.51,0.07,0.89,0
19,6,1,0,3081,2138,106,3,203,4.38,0,TypeScript,2018-2020,1.0,1.44,0.03,0.04,0
21,6,1,0,11,4,1,0,0,0.0,0,TypeScript,2018-2020,1.0,2.2,0.0,0.0,0
21,6,1,0,26,6,4,0,2,2.5,0,TypeScript,2018-2020,1.0,3.71,0.0,0.5,0
21,6,1,0,747,0,12,0,18,1.56,0,TypeScript,2018-2020,1.0,747.0,0.0,0.12,0
21,6,1,0,15,2,1,0,1,2.0,0,TypeScript,2018-2020,1.0,5.0,0.0,1.0,0
21,6,1,0,2,2,2,0,3,2.33,0,TypeScript,2018-2020,1.0,0.67,0.0,0.78,0
21,6,1,0,1,1,1,0,0,0.0,0,TypeScript,2018-2020,1.0,0.5,0.0,0.0,0
21,6,1,0,44,6,3,0,1,4.0,0,TypeScript,2018-2020,1.0,6.29,0.0,1.0,0
21,6,1,0,0,1,1,0,1,4.0,0,TypeScript,2018-2020,1.0,0.0,0.0,2.0,0
21,6,1,0,1,0,1,0,0,0.0,0,TypeScript,2018-2020,1.0,1.0,0.0,0.0,0
21,6,1,0,42,33,9,0,3,1.0,0,TypeScript,2018-2020,1.0,1.24,0.0,0.1,0
21,6,1,0,2,5,3,0,3,2.0,0,TypeScript,2018-2020,1.0,0.33,0.0,0.5,0
21,6,1,0,1,1,1,0,0,0.0,0,TypeScript,2018-2020,1.0,0.5,0.0,0.0,0
23,6,1,1,111,21,8,0,9,2.22,0,TypeScript,2018-2020,1.0,5.05,0.0,0.25,0
23,6,1,1,21,10,4,0,4,1.0,0,TypeScript,2018-2020,1.0,1.91,0.0,0.2,0
2,0,0,1,118,8,8,0,10,2.0,0,TypeScript,2018-2020,1.0,13.11,0.0,0.22,0
13,0,0,0,1,0,1,0,0,0.0,0,TypeScript,2018-2020,1.0,1.0,0.0,0.0,0
13,0,0,0,3,1,2,0,0,0.0,0,TypeScript,2018-2020,1.0,1.5,0.0,0.0,0
13,0,0,0,11,16,5,0,1,3.0,0,TypeScript,2018-2020,1.0,0.65,0.0,0.5,0
13,0,0,0,210,22,14,0,0,0.0,0,TypeScript,2018-2020,1.0,9.13,0.0,0.0,0
16,0,0,0,167,24,5,0,0,0.0,0,TypeScript,2018-2020,1.0,6.68,0.0,0.0,0
16,0,0,0,16,9,4,0,6,3.0,0,TypeScript,2018-2020,1.0,1.6,0.0,0.6,0
16,0,0,0,0,6,3,0,0,0.0,0,TypeScript,2018-2020,1.0,0.0,0.0,0.0,0
16,0,0,0,42,106,4,0,4,2.0,0,TypeScript,2018-2020,1.0,0.39,0.0,0.4,0
17,0,0,0,4,6,2,0,0,0.0,1,TypeScript,2018-2020,0.4,0.57,0.0,0.0,0
17,0,0,0,15,28,7,0,5,6.8,0,TypeScript,2018-2020,1.0,0.52,0.0,0.85,0
17,0,0,0,17,0,1,0,0,0.0,0,TypeScript,2018-2020,1.0,17.0,0.0,0.0,0
17,0,0,0,5,5,5,0,6,5.83,0,TypeScript,2018-2020,1.0,0.83,0.0,0.97,0
17,0,0,0,32,4,3,0,0,0.0,0,TypeScript,2018-2020,1.0,6.4,0.0,0.0,0
17,0,0,0,4,1,1,0,0,0.0,0,TypeScript,2018-2020,1.0,2.0,0.0,0.0,0
19,0,0,0,357,65,34,0,30,4.03,0,TypeScript,2018-2020,1.0,5.41,0.0,0.12,0
20,0,0,0,97,1,6,0,6,1.5,0,TypeScript,2018-2020,1.0,48.5,0.0,0.21,0
20,0,0,0,18,2,4,0,0,0.0,0,TypeScript,2018-2020,1.0,6.0,0.0,0.0,0
21,0,0,0,5,1,1,0,1,3.0,0,TypeScript,2018-2020,1.0,2.5,0.0,1.5,0
0,1,0,1,23,11,6,0,2,18.5,0,TypeScript,2018-2020,1.0,1.92,0.0,2.64,0
8,1,0,0,131,34,8,0,0,0.0,0,TypeScript,2018-2020,1.0,3.74,0.0,0.0,0
9,1,0,0,100,2,2,0,0,0.0,0,TypeScript,2018-2020,1.0,33.33,0.0,0.0,0
11,1,0,0,13,13,8,0,1,4.0,0,TypeScript,2018-2020,1.0,0.93,0.0,0.44,0
11,1,0,0,151,31,6,0,0,0.0,0,TypeScript,2018-2020,1.0,4.72,0.0,0.0,0
11,1,0,0,197,162,10,1,57,2.56,0,TypeScript,2018-2020,1.0,1.21,0.09,0.23,0
12,1,0,0,105,37,7,0,2,5.5,0,TypeScript,2018-2020,1.0,2.76,0.0,0.69,1
12,1,0,0,0,1,1,0,0,0.0,0,TypeScript,2018-2020,1.0,0.0,0.0,0.0,1
13,1,0,0,1,1,1,0,0,0.0,0,TypeScript,2018-2020,1.0,0.5,0.0,0.0,0
13,1,0,0,162,9,4,0,0,0.0,0,TypeScript,2018-2020,1.0,16.2,0.0,0.0,0
13,1,0,0,29,10,7,0,1,1.0,0,TypeScript,2018-2020,1.0,2.64,0.0,0.12,0
10,2,0,0,13,10,2,0,0,0.0,0,TypeScript,2018-2020,1.0,1.18,0.0,0.0,0
10,2,0,0,2,2,2,0,0,0.0,0,TypeScript,2018-2020,1.0,0.67,0.0,0.0,1
12,2,0,0,5,5,2,0,0,0.0,0,TypeScript,2018-2020,1.0,0.83,0.0,0.0,0
12,2,0,0,70,285,18,0,0,0.0,0,TypeScript,2018-2020,1.0,0.24,0.0,0.0,0
12,2,0,0,1,1,1,0,0,0.0,0,TypeScript,2018-2020,1.0,0.5,0.0,0.0,0
12,2,0,0,33,16,1,0,0,0.0,0,TypeScript,2018-2020,1.0,1.94,0.0,0.0,1
12,2,0,0,1,1,1,0,1,1.0,0,TypeScript,2018-2020,1.0,0.5,0.0,0.5,0
12,2,0,0,1,1,1,0,0,0.0,0,TypeScript,2018-2020,1.0,0.5,0.0,0.0,0
13,2,0,0,77,292,21,0,1,1.0,0,TypeScript,2018-2020,1.0,0.26,0.0,0.05,1
13,2,0,0,77,0,11,0,0,0.0,0,TypeScript,2018-2020,1.0,77.0,0.0,0.0,1
14,2,0,0,552,208,33,0,22,4.68,0,TypeScript,2018-2020,1.0,2.64,0.0,0.14,0
14,2,0,0,3,3,2,0,0,0.0,0,TypeScript,2018-2020,1.0,0.75,0.0,0.0,0
14,2,0,0,2,0,1,0,0,0.0,0,TypeScript,2018-2020,1.0,2.0,0.0,0.0,1
15,2,0,0,8,8,1,0,0,0.0,0,TypeScript,2018-2020,1.0,0.89,0.0,0.0,1
15,2,0,0,5,5,2,0,0,0.0,0,TypeScript,2018-2020,1.0,0.83,0.0,0.0,0
15,2,0,0,1,1,1,0,0,0.0,0,TypeScript,2018-2020,1.0,0.5,0.0,0.0,0
17,2,0,0,0,4,2,0,0,0.0,0,TypeScript,2018-2020,1.0,0.0,0.0,0.0,1
17,2,0,0,0,4,2,0,0,0.0,0,TypeScript,2018-2020,1.0,0.0,0.0,0.0,1
23,2,0,1,40,0,1,1,4,1.0,0,TypeScript,2018-2020,1.0,40.0,0.5,0.5,0
8,3,0,0,1,1,1,0,0,0.0,0,TypeScript,2018-2020,1.0,0.5,0.0,0.0,0
7,6,1,0,0,2,1,0,0,0.0,0,TypeScript,2021-2023,1.0,0.0,0.0,0.0,0
22,0,0,1,6,6,2,0,0,0.0,0,TypeScript,2021-2023,1.0,0.86,0.0,0.0,0
22,0,0,1,325,79,23,3,16,3.12,0,TypeScript,2021-2023,1.0,4.06,0.12,0.13,0
22,0,0,1,6,6,2,0,0,0.0,0,TypeScript,2021-2023,1.0,0.86,0.0,0.0,0
6,1,0,0,1,2,1,0,1,4.0,0,TypeScript,2021-2023,1.0,0.33,0.0,2.0,0
6,1,0,0,1,1,1,0,1,2.0,0,TypeScript,2021-2023,1.0,0.5,0.0,1.0,0
23,1,0,1,133,133,3,0,124,2.98,0,TypeScript,2021-2023,1.0,0.99,0.0,0.74,0
8,2,0,0,36,78,37,23,14,9.5,0,TypeScript,2021-2023,1.0,0.46,0.61,0.25,0
2,3,0,1,81,81,2,0,0,0.0,0,TypeScript,2021-2023,1.0,0.99,0.0,0.0,0
17,3,0,0,6,6,2,0,0,0.0,0,TypeScript,2021-2023,1.0,0.86,0.0,0.0,0
0,5,1,1,6,6,2,0,0,0.0,0,TypeScript,2021-2023,1.0,0.86,0.0,0.0,0
0,5,1,1,6,6,2,0,0,0.0,0,TypeScript,2021-2023,1.0,0.86,0.0,0.0,0
1,5,1,1,6,6,2,0,0,0.0,0,TypeScript,2021-2023,1.0,0.86,0.0,0.0,0
2,6,1,1,6,6,2,0,0,0.0,0,TypeScript,2021-2023,1.0,0.86,0.0,0.0,0
11,6,1,0,61,7,2,0,0,0.0,0,TypeScript,2021-2023,1.0,7.62,0.0,0.0,0
18,0,0,0,6,6,2,0,0,0.0,0,TypeScript,2021-2023,1.0,0.86,0.0,0.0,0
18,0,0,0,2,0,1,0,0,0.0,0,TypeScript,2021-2023,1.0,2.0,0.0,0.0,0
18,0,0,0,15,6,2,0,0,0.0,0,TypeScript,2021-2023,1.0,2.14,0.0,0.0,0
5,1,0,1,12,5,3,0,0,0.0,0,TypeScript,2021-2023,1.0,2.0,0.0,0.0,0
8,1,0,0,57,59,4,1,4,3.5,0,TypeScript,2021-2023,1.0,0.95,0.2,0.7,0
21,1,0,0,6,6,2,0,0,0.0,0,TypeScript,2021-2023,1.0,0.86,0.0,0.0,0
22,1,0,1,17,17,2,0,0,0.0,0,TypeScript,2021-2023,1.0,0.94,0.0,0.0,0
13,3,0,0,8,8,3,0,0,0.0,0,TypeScript,2021-2023,1.0,0.89,0.0,0.0,0
8,4,0,0,6,6,2,0,0,0.0,0,TypeScript,2021-2023,1.0,0.86,0.0,0.0,0
15,4,0,0,3,3,1,0,0,0.0,0,TypeScript,2021-2023,1.0,0.75,0.0,0.0,0
1,5,1,1,6,6,2,0,0,0.0,0,TypeScript,2021-2023,1.0,0.86,0.0,0.0,0
19,5,1,0,46,37,2,0,0,0.0,0,TypeScript,2021-2023,1.0,1.21,0.0,0.0,0
16,6,1,0,6,6,2,0,0,0.0,0,TypeScript,2021-2023,1.0,0.86,0.0,0.0,0
21,6,1,0,6,6,2,0,0,0.0,0,TypeScript,2021-2023,1.0,0.86,0.0,0.0,0
18,0,0,0,757,1023,1,0,0,0.0,0,TypeScript,2021-2023,1.0,0.74,0.0,0.0,0
23,0,0,1,6,6,2,0,0,0.0,0,TypeScript,2021-2023,1.0,0.86,0.0,0.0,0
18,1,0,0,11,11,2,0,0,0.0,0,TypeScript,2021-2023,1.0,0.92,0.0,0.0,0
0,2,0,1,8,8,3,0,0,0.0,0,TypeScript,2021-2023,1.0,0.89,0.0,0.0,0
2,2,0,1,3,3,1,0,0,0.0,0,TypeScript,2021-2023,1.0,0.75,0.0,0.0,0
7,2,0,0,12,5,3,0,0,0.0,0,TypeScript,2021-2023,1.0,2.0,0.0,0.0,0
7,2,0,0,6,6,2,0,0,0.0,0,TypeScript,2021-2023,1.0,0.86,0.0,0.0,0
7,2,0,0,17,17,2,0,0,0.0,0,TypeScript,2021-2023,1.0,0.94,0.0,0.0,0
8,2,0,0,6,6,2,0,0,0.0,0,TypeScript,2021-2023,1.0,0.86,0.0,0.0,0
9,2,0,0,17,17,2,0,0,0.0,0,TypeScript,2021-2023,1.0,0.94,0.0,0.0,0
9,2,0,0,6,6,2,0,0,0.0,0,TypeScript,2021-2023,1.0,0.86,0.0,0.0,0
11,2,0,0,12,3,2,0,0,0.0,0,TypeScript,2021-2023,1.0,3.0,0.0,0.0,0
12,2,0,0,6,6,2,0,0,0.0,0,TypeScript,2021-2023,1.0,0.86,0.0,0.0,0
13,2,0,0,6,6,2,0,0,0.0,0,TypeScript,2021-2023,1.0,0.86,0.0,0.0,0
13,2,0,0,6,6,2,0,0,0.0,0,TypeScript,2021-2023,1.0,0.86,0.0,0.0,0
16,2,0,0,12,3,2,0,0,0.0,0,TypeScript,2021-2023,1.0,3.0,0.0,0.0,0
17,2,0,0,6,6,2,0,0,0.0,0,TypeScript,2021-2023,1.0,0.86,0.0,0.0,0
17,2,0,0,6,6,2,0,0,0.0,0,TypeScript,2021-2023,1.0,0.86,0.0,0.0,0
19,2,0,0,3,3,1,0,0,0.0,0,TypeScript,2021-2023,1.0,0.75,0.0,0.0,0
19,2,0,0,6,6,2,0,0,0.0,0,TypeScript,2021-2023,1.0,0.86,0.0,0.0,0
20,2,0,0,6,6,2,0,0,0.0,0,TypeScript,2021-2023,1.0,0.86,0.0,0.0,0
20,2,0,0,6,6,2,0,0,0.0,0,TypeScript,2021-2023,1.0,0.86,0.0,0.0,0
20,2,0,0,6,6,2,0,0,0.0,0,TypeScript,2021-2023,1.0,0.86,0.0,0.0,0
22,2,0,1,6,6,2,0,0,0.0,0,TypeScript,2021-2023,1.0,0.86,0.0,0.0,0
4,3,0,1,6,6,2,0,0,0.0,0,TypeScript,2021-2023,1.0,0.86,0.0,0.0,0
5,3,0,1,10,3,2,0,0,0.0,0,TypeScript,2021-2023,1.0,2.5,0.0,0.0,0
5,3,0,1,0,0,0,0,0,0.0,0,TypeScript,2021-2023,1.0,0.0,0.0,0.0,0
6,3,0,0,3,3,1,0,0,0.0,0,TypeScript,2021-2023,1.0,0.75,0.0,0.0,0
10,3,0,0,1,1,1,0,0,0.0,0,TypeScript,2021-2023,1.0,0.5,0.0,0.0,0
11,3,0,0,6,6,2,0,0,0.0,0,TypeScript,2021-2023,1.0,0.86,0.0,0.0,0
11,3,0,0,16,16,2,0,0,0.0,0,TypeScript,2021-2023,1.0,0.94,0.0,0.0,0
4,4,0,1,380,399,1,0,0,0.0,0,TypeScript,2021-2023,1.0,0.95,0.0,0.0,0
7,6,1,0,22,13,2,0,0,0.0,0,TypeScript,2021-2023,1.0,1.57,0.0,0.0,0
7,6,1,0,88,9,3,0,0,0.0,0,TypeScript,2021-2023,1.0,8.8,0.0,0.0,0
2,0,0,1,397,460,1,0,0,0.0,0,TypeScript,2021-2023,1.0,0.86,0.0,0.0,0
4,0,0,1,0,0,0,0,0,0.0,0,TypeScript,2021-2023,1.0,0.0,0.0,0.0,0
15,0,0,0,10,10,1,0,0,0.0,0,TypeScript,2021-2023,1.0,0.91,0.0,0.0,0
5,1,0,1,12,3,2,0,0,0.0,0,TypeScript,2021-2023,1.0,3.0,0.0,0.0,0
7,1,0,0,5158,5182,7,0,374,4.24,0,TypeScript,2021-2023,1.0,1.0,0.0,0.53,0
7,1,0,0,10,10,1,0,0,0.0,0,TypeScript,2021-2023,1.0,0.91,0.0,0.0,0
20,2,0,0,14,7,2,0,0,0.0,0,TypeScript,2021-2023,1.0,1.75,0.0,0.0,0
20,4,0,0,131,7,2,0,0,0.0,0,TypeScript,2021-2023,1.0,16.38,0.0,0.0,0
15,5,1,0,325,325,3,0,184,6.46,0,TypeScript,2021-2023,1.0,1.0,0.0,1.62,0
16,5,1,0,1,1,1,0,0,0.0,0,TypeScript,2021-2023,1.0,0.5,0.0,0.0,0
5,6,1,1,145,121,2,0,0,0.0,0,TypeScript,2021-2023,1.0,1.19,0.0,0.0,0
13,6,1,0,6,6,2,0,0,0.0,0,TypeScript,2021-2023,1.0,0.86,0.0,0.0,0
2,0,0,1,273,157,1,0,0,0.0,0,TypeScript,2021-2023,1.0,1.73,0.0,0.0,0
11,1,0,0,22,22,2,0,0,0.0,0,TypeScript,2021-2023,1.0,0.96,0.0,0.0,0
11,1,0,0,12,3,2,0,0,0.0,0,TypeScript,2021-2023,1.0,3.0,0.0,0.0,0
12,2,0,0,544,402,226,0,0,0.0,0,TypeScript,2021-2023,1.0,1.35,0.0,0.0,0
13,2,0,0,0,159,13,0,0,0.0,0,TypeScript,2021-2023,1.0,0.0,0.0,0.0,0
14,2,0,0,0,11,1,0,1,10.0,0,TypeScript,2021-2023,1.0,0.0,0.0,5.0,0
16,2,0,0,522,402,213,0,0,0.0,0,TypeScript,2021-2023,1.0,1.3,0.0,0.0,0
16,2,0,0,1121,1292,320,0,2,3.5,0,TypeScript,2021-2023,1.0,0.87,0.0,0.01,0
13,3,0,0,2331,28,40,0,43,4.33,0,TypeScript,2021-2023,1.0,80.38,0.0,0.11,0
13,3,0,0,17,151,3,0,6,1.17,0,TypeScript,2021-2023,1.0,0.11,0.0,0.29,0
15,3,0,0,6,6,2,0,0,0.0,0,TypeScript,2021-2023,1.0,0.86,0.0,0.0,0
15,3,0,0,1,6,1,0,1,1.0,0,TypeScript,2021-2023,1.0,0.14,0.0,0.5,0
18,3,0,0,488,457,225,0,0,0.0,0,TypeScript,2021-2023,1.0,1.07,0.0,0.0,0
19,3,0,0,26,6,2,0,0,0.0,0,TypeScript,2021-2023,1.0,3.71,0.0,0.0,0
5,4,0,1,6,6,2,0,0,0.0,0,TypeScript,2021-2023,1.0,0.86,0.0,0.0,0
11,4,0,0,1,1,1,0,0,0.0,0,TypeScript,2021-2023,1.0,0.5,0.0,0.0,0
2,5,1,1,80,8,2,0,0,0.0,0,TypeScript,2021-2023,1.0,8.89,0.0,0.0,0
15,5,1,0,213,4,3,0,2,5.0,0,TypeScript,2021-2023,1.0,42.6,0.0,1.25,0
13,6,1,0,264,0,1,0,0,0.0,0,TypeScript,2021-2023,1.0,264.0,0.0,0.0,0
2,0,0,1,112,211,1,0,0,0.0,0,TypeScript,2021-2023,1.0,0.53,0.0,0.0,0
14,0,0,0,16,3,2,0,0,0.0,0,TypeScript,2021-2023,1.0,4.0,0.0,0.0,0
14,0,0,0,4,4,1,0,1,1.0,0,TypeScript,2021-2023,1.0,0.8,0.0,0.5,0
15,0,0,0,1,75,4,0,5,2.2,0,TypeScript,2021-2023,1.0,0.01,0.0,0.44,0
15,0,0,0,711,0,23,0,14,1.79,0,TypeScript,2021-2023,1.0,711.0,0.0,0.07,0
16,0,0,0,26,208,16,2,0,0.0,0,TypeScript,2021-2023,1.0,0.12,0.12,0.0,0
18,0,0,0,6,6,2,0,0,0.0,0,TypeScript,2021-2023,1.0,0.86,0.0,0.0,0
21,0,0,0,2,1,1,0,0,0.0,0,TypeScript,2021-2023,1.0,1.0,0.0,0.0,0
0,1,0,1,7,20,2,0,0,0.0,0,TypeScript,2021-2023,1.0,0.33,0.0,0.0,0
1,1,0,1,8,8,3,0,0,0.0,0,TypeScript,2021-2023,1.0,0.89,0.0,0.0,0
2,1,0,1,3,3,1,0,0,0.0,0,TypeScript,2021-2023,1.0,0.75,0.0,0.0,0
7,1,0,0,3,12,2,0,0,0.0,0,TypeScript,2021-2023,1.0,0.23,0.0,0.0,0
7,1,0,0,170,3,2,0,0,0.0,0,TypeScript,2021-2023,1.0,42.5,0.0,0.0,0
8,1,0,0,6,6,2,0,0,0.0,0,TypeScript,2021-2023,1.0,0.86,0.0,0.0,0
12,1,0,0,6,6,2,0,0,0.0,0,TypeScript,2021-2023,1.0,0.86,0.0,0.0,0
13,1,0,0,706,0,1,0,0,0.0,0,TypeScript,2021-2023,1.0,706.0,0.0,0.0,0
20,1,0,0,8,8,3,0,0,0.0,0,TypeScript,2021-2023,1.0,0.89,0.0,0.0,0
20,1,0,0,6,6,2,0,0,0.0,0,TypeScript,2021-2023,1.0,0.86,0.0,0.0,0
21,1,0,0,6,6,2,0,0,0.0,0,TypeScript,2021-2023,1.0,0.86,0.0,0.0,0
21,1,0,0,6,6,2,0,0,0.0,0,TypeScript,2021-2023,1.0,0.86,0.0,0.0,0
22,1,0,1,6,6,2,0,0,0.0,0,TypeScript,2021-2023,1.0,0.86,0.0,0.0,0
23,1,0,1,6,6,2,0,0,0.0,0,TypeScript,2021-2023,1.0,0.86,0.0,0.0,0
23,1,0,1,6,6,2,0,0,0.0,0,TypeScript,2021-2023,1.0,0.86,0.0,0.0,0
1,2,0,1,6,6,2,0,0,0.0,0,TypeScript,2021-2023,1.0,0.86,0.0,0.0,0
1,2,0,1,6,6,2,0,0,0.0,0,TypeScript,2021-2023,1.0,0.86,0.0,0.0,0
1,2,0,1,3,3,1,0,0,0.0,0,TypeScript,2021-2023,1.0,0.75,0.0,0.0,0
2,2,0,1,6,6,2,0,0,0.0,0,TypeScript,2021-2023,1.0,0.86,0.0,0.0,0
10,2,0,0,3,3,3,0,0,0.0,0,TypeScript,2021-2023,1.0,0.75,0.0,0.0,0
3,3,0,1,3,3,1,0,0,0.0,0,TypeScript,2021-2023,1.0,0.75,0.0,0.0,0
14,3,0,0,368,0,2,0,0,0.0,0,TypeScript,2021-2023,1.0,368.0,0.0,0.0,0
14,3,0,0,9731,1674,134,0,185,1.95,0,TypeScript,2021-2023,1.0,5.81,0.0,0.01,0
15,3,0,0,12,13,5,0,3,1.33,0,TypeScript,2021-2023,1.0,0.86,0.0,0.22,0
15,3,0,0,28,12,6,0,4,4.75,0,TypeScript,2021-2023,1.0,2.15,0.0,0.68,0
16,3,0,0,44,5,4,0,2,7.5,0,TypeScript,2021-2023,1.0,7.33,0.0,1.5,0
18,3,0,0,52,52,2,0,0,0.0,0,TypeScript,2021-2023,1.0,0.98,0.0,0.0,0
4,4,0,1,17,17,2,0,0,0.0,0,TypeScript,2021-2023,1.0,0.94,0.0,0.0,0
13,4,0,0,71,21,3,0,1,1.0,0,TypeScript,2021-2023,1.0,3.23,0.0,0.25,0
13,4,0,0,0,10,1,0,0,0.0,0,TypeScript,2021-2023,1.0,0.0,0.0,0.0,0
14,4,0,0,296,1,3,1,4,1.75,0,TypeScript,2021-2023,1.0,148.0,0.25,0.44,0
14,4,0,0,419,79,8,0,8,1.0,0,TypeScript,2021-2023,1.0,5.24,0.0,0.11,0
14,4,0,0,41,19,3,0,2,2.5,0,TypeScript,2021-2023,1.0,2.05,0.0,0.62,0
14,4,0,0,6,7,1,0,1,14.0,0,TypeScript,2021-2023,1.0,0.75,0.0,7.0,0
14,4,0,0,5,10,1,0,0,0.0,0,TypeScript,2021-2023,1.0,0.45,0.0,0.0,0
15,4,0,0,74,11,4,1,6,1.83,0,TypeScript,2021-2023,1.0,6.17,0.2,0.37,0
15,4,0,0,87,87,46,0,0,0.0,0,TypeScript,2021-2023,1.0,0.99,0.0,0.0,0
15,4,0,0,2,2,1,1,0,0.0,0,TypeScript,2021-2023,1.0,0.67,0.5,0.0,0
16,4,0,0,3,3,1,1,1,5.0,0,TypeScript,2021-2023,1.0,0.75,0.5,2.5,0
16,4,0,0,4,3,1,0,0,0.0,0,TypeScript,2021-2023,1.0,1.0,0.0,0.0,0
16,4,0,0,1,1,1,1,0,0.0,0,TypeScript,2021-2023,1.0,0.5,0.5,0.0,0
16,4,0,0,1,1,1,0,1,1.0,0,TypeScript,2021-2023,1.0,0.5,0.0,0.5,0
16,5,1,0,670,0,1,0,0,0.0,0,TypeScript,2021-2023,1.0,670.0,0.0,0.0,0
20,5,1,0,11,11,2,0,0,0.0,0,TypeScript,2021-2023,1.0,0.92,0.0,0.0,0
0,0,0,1,376,373,1,0,0,0.0,0,TypeScript,2021-2023,1.0,1.01,0.0,0.0,0
9,0,0,0,1,0,1,0,0,0.0,0,TypeScript,2021-2023,1.0,1.0,0.0,0.0,0
10,0,0,0,0,1,1,0,0,0.0,0,TypeScript,2021-2023,1.0,0.0,0.0,0.0,0
13,0,0,0,7,154,3,0,3,2.33,0,TypeScript,2021-2023,1.0,0.05,0.0,0.58,0
15,0,0,0,36,2,5,0,3,4.0,0,TypeScript,2021-2023,1.0,12.0,0.0,0.67,0
15,0,0,0,258,235,219,0,0,0.0,0,TypeScript,2021-2023,1.0,1.09,0.0,0.0,0
18,0,0,0,170,10,2,0,1,1.0,0,TypeScript,2021-2023,1.0,15.45,0.0,0.33,0
19,0,0,0,52,52,2,0,0,0.0,0,TypeScript,2021-2023,1.0,0.98,0.0,0.0,0
21,0,0,0,1,1,1,0,0,0.0,0,TypeScript,2021-2023,1.0,0.5,0.0,0.0,0
12,1,0,0,14,0,1,0,2,6.5,0,TypeScript,2021-2023,1.0,14.0,0.0,3.25,0
12,1,0,0,13,3,4,0,1,1.0,0,TypeScript,2021-2023,1.0,3.25,0.0,0.2,0
12,1,0,0,337,337,3,0,160,5.43,0,TypeScript,2021-2023,1.0,1.0,0.0,1.36,0
13,1,0,0,33,765,151,1,4,3.25,0,TypeScript,2021-2023,1.0,0.04,0.01,0.02,0
13,1,0,0,20,8,2,0,1,1.0,0,TypeScript,2021-2023,1.0,2.22,0.0,0.33,0
13,1,0,0,350,95,11,1,15,2.0,0,TypeScript,2021-2023,1.0,3.65,0.08,0.17,0
14,1,0,0,432,418,224,0,0,0.0,0,TypeScript,2021-2023,1.0,1.03,0.0,0.0,0
15,1,0,0,825,1003,84,0,67,1.78,0,TypeScript,2021-2023,1.0,0.82,0.0,0.02,0
15,1,0,0,0,8,4,0,0,0.0,0,TypeScript,2021-2023,1.0,0.0,0.0,0.0,0
16,1,0,0,238,244,41,0,0,0.0,0,TypeScript,2021-2023,1.0,0.97,0.0,0.0,0
16,1,0,0,87,81,19,0,58,443.0,0,TypeScript,2021-2023,1.0,1.06,0.0,22.15,0
16,1,0,0,48,45,15,0,0,0.0,0,TypeScript,2021-2023,1.0,1.04,0.0,0.0,0
19,1,0,0,115,24,5,0,7,17.57,0,TypeScript,2021-2023,1.0,4.6,0.0,2.93,0
20,1,0,0,47,50,15,0,0,0.0,0,TypeScript,2021-2023,1.0,0.92,0.0,0.0,0
21,1,0,0,151,3,4,0,6,3.5,0,TypeScript,2021-2023,1.0,37.75,0.0,0.7,0
21,1,0,0,209,214,38,0,0,0.0,0,TypeScript,2021-2023,1.0,0.97,0.0,0.0,0
0,2,0,1,82,82,8,0,0,0.0,0,TypeScript,2021-2023,1.0,0.99,0.0,0.0,0
1,2,0,1,67,0,5,0,12,3.83,0,TypeScript,2021-2023,1.0,67.0,0.0,0.64,0
1,2,0,1,47,44,15,0,0,0.0,0,TypeScript,2021-2023,1.0,1.04,0.0,0.0,0
9,2,0,0,4,1,2,0,1,3.0,0,TypeScript,2021-2023,1.0,2.0,0.0,1.0,0
9,2,0,0,195,3,13,0,23,1.7,0,TypeScript,2021-2023,1.0,48.75,0.0,0.12,0
9,2,0,0,32,1,1,0,0,0.0,0,TypeScript,2021-2023,1.0,16.0,0.0,0.0,0
11,2,0,0,1,1,1,0,1,12.0,0,TypeScript,2021-2023,1.0,0.5,0.0,6.0,0
11,2,0,0,1,1,1,0,0,0.0,0,TypeScript,2021-2023,1.0,0.5,0.0,0.0,0
12,2,0,0,17,10,1,0,1,12.0,0,TypeScript,2021-2023,1.0,1.55,0.0,6.0,0
15,2,0,0,61,0,3,0,4,1.0,0,TypeScript,2021-2023,1.0,61.0,0.0,0.25,0
15,2,0,0,3,2,1,1,1,5.0,0,TypeScript,2021-2023,1.0,1.0,0.5,2.5,0
17,2,0,0,305,0,1,0,0,0.0,0,TypeScript,2021-2023,1.0,305.0,0.0,0.0,0
17,2,0,0,0,902,6,0,18,3.5,0,TypeScript,2021-2023,1.0,0.0,0.0,0.5,0
17,2,0,0,5,2,3,0,0,0.0,0,TypeScript,2021-2023,1.0,1.67,0.0,0.0,0
17,2,0,0,2,10,1,0,0,0.0,0,TypeScript,2021-2023,1.0,0.18,0.0,0.0,0
20,2,0,0,30,35,2,0,0,0.0,0,TypeScript,2021-2023,1.0,0.83,0.0,0.0,0
20,2,0,0,1,1,1,0,0,0.0,0,TypeScript,2021-2023,1.0,0.5,0.0,0.0,0
22,2,0,1,23,41,1,0,1,7.0,0,TypeScript,2021-2023,1.0,0.55,0.0,3.5,0
22,2,0,1,47,47,15,0,0,0.0,0,TypeScript,2021-2023,1.0,0.98,0.0,0.0,0
22,2,0,1,2,19,4,0,2,1.0,0,TypeScript,2021-2023,1.0,0.1,0.0,0.2,0
22,2,0,1,697,697,81,0,0,0.0,0,TypeScript,2021-2023,1.0,1.0,0.0,0.0,0
23,2,0,1,8,33,3,0,0,0.0,0,TypeScript,2021-2023,1.0,0.24,0.0,0.0,0
23,2,0,1,136,136,38,0,0,0.0,0,TypeScript,2021-2023,1.0,0.99,0.0,0.0,0
0,3,0,1,12,12,7,0,0,0.0,0,TypeScript,2021-2023,1.0,0.92,0.0,0.0,0
0,3,0,1,201,218,37,0,0,0.0,0,TypeScript,2021-2023,1.0,0.92,0.0,0.0,0
2,3,0,1,7,5,4,0,2,2.5,0,TypeScript,2021-2023,1.0,1.17,0.0,0.5,0
2,3,0,1,209,209,38,0,0,0.0,0,TypeScript,2021-2023,1.0,1.0,0.0,0.0,0
8,3,0,0,41,27,6,0,3,2.33,0,TypeScript,2021-2023,1.0,1.46,0.0,0.33,0
8,3,0,0,209,212,38,0,0,0.0,0,TypeScript,2021-2023,1.0,0.98,0.0,0.0,0
9,3,0,0,447,198,16,0,67,64.97,0,TypeScript,2021-2023,1.0,2.25,0.0,3.82,0
10,3,0,0,42,42,1,0,0,0.0,0,TypeScript,2021-2023,1.0,0.98,0.0,0.0,0
23,3,0,1,6,6,2,0,0,0.0,0,TypeScript,2021-2023,1.0,0.86,0.0,0.0,0
0,4,0,1,8,8,2,0,0,0.0,0,TypeScript,2021-2023,1.0,0.89,0.0,0.0,0
0,4,0,1,112,138,8,0,0,0.0,0,TypeScript,2021-2023,1.0,0.81,0.0,0.0,0
0,4,0,1,1,1,1,0,0,0.0,0,TypeScript,2021-2023,1.0,0.5,0.0,0.0,0
9,4,0,0,1,0,1,0,0,0.0,0,TypeScript,2021-2023,1.0,1.0,0.0,0.0,0
13,4,0,0,522,0,1,0,0,0.0,0,TypeScript,2021-2023,1.0,522.0,0.0,0.0,0
16,4,0,0,0,2,1,0,1,1.0,0,TypeScript,2021-2023,1.0,0.0,0.0,0.5,0
0,5,1,1,47,52,15,0,0,0.0,0,TypeScript,2021-2023,1.0,0.89,0.0,0.0,0
0,5,1,1,30,30,8,0,0,0.0,0,TypeScript,2021-2023,1.0,0.97,0.0,0.0,0
1,5,1,1,1,1,1,0,0,0.0,0,TypeScript,2021-2023,1.0,0.5,0.0,0.0,0
1,5,1,1,11,11,2,0,0,0.0,0,TypeScript,2021-2023,1.0,0.92,0.0,0.0,0
9,5,1,0,78,30,4,0,11,8.73,0,TypeScript,2021-2023,1.0,2.52,0.0,1.75,0
22,5,1,1,6,6,2,0,0,0.0,0,TypeScript,2021-2023,1.0,0.86,0.0,0.0,0
0,6,1,1,8,8,6,0,0,0.0,0,TypeScript,2021-2023,1.0,0.89,0.0,0.0,0
6,6,1,0,123,109,20,0,0,0.0,0,TypeScript,2021-2023,1.0,1.12,0.0,0.0,0
12,6,1,0,237,0,1,0,0,0.0,0,TypeScript,2021-2023,1.0,237.0,0.0,0.0,0
15,6,1,0,53,52,15,0,0,0.0,0,TypeScript,2021-2023,1.0,1.0,0.0,0.0,0
15,6,1,0,155,28,16,0,13,1.15,0,TypeScript,2021-2023,1.0,5.34,0.0,0.07,0
19,6,1,0,144,136,4,0,33,161.21,0,TypeScript,2021-2023,1.0,1.05,0.0,32.24,0
21,6,1,0,23,12,3,2,2,1.0,0,TypeScript,2021-2023,1.0,1.77,0.5,0.25,0
0,0,0,1,40,40,8,0,0,0.0,0,TypeScript,2021-2023,1.0,0.98,0.0,0.0,0
0,0,0,1,236,270,9,0,45,413.62,0,TypeScript,2021-2023,1.0,0.87,0.0,41.36,0
1,0,0,1,593,588,1,0,0,0.0,0,TypeScript,2021-2023,1.0,1.01,0.0,0.0,0
4,0,0,1,19,2,3,0,1,2.0,0,TypeScript,2021-2023,1.0,6.33,0.0,0.5,0
4,0,0,1,0,0,0,0,0,0.0,0,TypeScript,2021-2023,1.0,0.0,0.0,0.0,0
4,0,0,1,191,194,37,0,0,0.0,0,TypeScript,2021-2023,1.0,0.98,0.0,0.0,0
6,0,0,0,191,35,8,0,4,38.25,0,TypeScript,2021-2023,1.0,5.31,0.0,4.25,0
6,0,0,0,306,306,47,0,0,0.0,0,TypeScript,2021-2023,1.0,1.0,0.0,0.0,0
9,0,0,0,0,237,1,0,0,0.0,0,TypeScript,2021-2023,1.0,0.0,0.0,0.0,0
9,0,0,0,237,0,1,0,0,0.0,0,TypeScript,2021-2023,1.0,237.0,0.0,0.0,0
9,0,0,0,0,237,1,0,0,0.0,0,TypeScript,2021-2023,1.0,0.0,0.0,0.0,0
10,0,0,0,6,0,2,0,0,0.0,0,TypeScript,2021-2023,1.0,6.0,0.0,0.0,0
10,0,0,0,228,220,211,0,0,0.0,0,TypeScript,2021-2023,1.0,1.03,0.0,0.0,0
11,0,0,0,237,0,1,0,0,0.0,0,TypeScript,2021-2023,1.0,237.0,0.0,0.0,0
15,0,0,0,1609,2300,219,0,0,0.0,0,TypeScript,2021-2023,1.0,0.7,0.0,0.0,0
17,0,0,0,14,0,5,0,0,0.0,0,TypeScript,2021-2023,1.0,14.0,0.0,0.0,0
19,0,0,0,406,769,273,0,0,0.0,0,TypeScript,2021-2023,1.0,0.53,0.0,0.0,0
19,0,0,0,2,5,3,0,0,0.0,0,TypeScript,2021-2023,1.0,0.33,0.0,0.0,0
20,0,0,0,10,0,2,0,0,0.0,0,TypeScript,2021-2023,1.0,10.0,0.0,0.0,0
21,0,0,0,230,222,211,0,0,0.0,0,TypeScript,2021-2023,1.0,1.03,0.0,0.0,0
21,0,0,0,89,14,6,0,2,54.5,0,TypeScript,2021-2023,1.0,5.93,0.0,7.79,0
21,0,0,0,306,306,47,0,0,0.0,0,TypeScript,2021-2023,1.0,1.0,0.0,0.0,0
22,0,0,1,80,80,21,0,0,0.0,0,TypeScript,2021-2023,1.0,0.99,0.0,0.0,0
22,0,0,1,67,1,4,0,3,28.0,0,TypeScript,2021-2023,1.0,33.5,0.0,5.6,0
22,0,0,1,295,295,47,0,0,0.0,0,TypeScript,2021-2023,1.0,1.0,0.0,0.0,0
23,0,0,1,3,3,1,0,0,0.0,0,TypeScript,2021-2023,1.0,0.75,0.0,0.0,0
23,0,0,1,52,52,2,0,0,0.0,0,TypeScript,2021-2023,1.0,0.98,0.0,0.0,0
0,1,0,1,11,11,7,0,0,0.0,0,TypeScript,2021-2023,1.0,0.92,0.0,0.0,0
1,1,0,1,6,6,2,0,0,0.0,0,TypeScript,2021-2023,1.0,0.86,0.0,0.0,0
1,1,0,1,6,4,2,0,0,0.0,0,TypeScript,2021-2023,1.0,1.2,0.0,0.0,0
1,1,0,1,228,220,211,0,0,0.0,0,TypeScript,2021-2023,1.0,1.03,0.0,0.0,0
2,1,0,1,6,6,2,0,0,0.0,0,TypeScript,2021-2023,1.0,0.86,0.0,0.0,0
2,1,0,1,4,4,4,0,0,0.0,0,TypeScript,2021-2023,1.0,0.8,0.0,0.0,0
2,1,0,1,8,8,3,0,0,0.0,0,TypeScript,2021-2023,1.0,0.89,0.0,0.0,0
3,1,0,1,6,6,2,0,0,0.0,0,TypeScript,2021-2023,1.0,0.86,0.0,0.0,0
4,1,0,1,6,6,2,0,0,0.0,0,TypeScript,2021-2023,1.0,0.86,0.0,0.0,0
4,1,0,1,6,6,2,0,0,0.0,0,TypeScript,2021-2023,1.0,0.86,0.0,0.0,0
7,1,0,0,353,7,16,0,14,3.0,0,TypeScript,2021-2023,1.0,44.12,0.0,0.18,0
8,1,0,0,6,6,2,0,0,0.0,0,TypeScript,2021-2023,1.0,0.86,0.0,0.0,0
9,1,0,0,78,2,4,0,4,2.75,0,TypeScript,2021-2023,1.0,26.0,0.0,0.55,0
9,1,0,0,78,76,19,0,0,0.0,0,TypeScript,2021-2023,1.0,1.01,0.0,0.0,0
10,1,0,0,79,78,27,0,0,0.0,0,TypeScript,2021-2023,1.0,1.0,0.0,0.0,0
10,1,0,0,79,85,5,0,0,0.0,0,TypeScript,2021-2023,1.0,0.92,0.0,0.0,0
11,1,0,0,23,208,15,1,0,0.0,0,TypeScript,2021-2023,1.0,0.11,0.06,0.0,0
11,1,0,0,398,398,24,0,0,0.0,0,TypeScript,2021-2023,1.0,1.0,0.0,0.0,0
12,1,0,0,271,101,3,0,4,1.0,0,TypeScript,2021-2023,1.0,2.66,0.0,0.25,0
12,1,0,0,12921,12429,124,0,81,3.64,0,TypeScript,2021-2023,1.0,1.04,0.0,0.03,0
12,1,0,0,393,2,3,0,0,0.0,0,TypeScript,2021-2023,1.0,131.0,0.0,0.0,0
15,1,0,0,216,215,210,0,0,0.0,0,TypeScript,2021-2023,1.0,1.0,0.0,0.0,0
18,1,0,0,61132,67758,453,1,0,0.0,0,TypeScript,2021-2023,1.0,0.9,0.0,0.0,0
18,1,0,0,55,78,3,0,0,0.0,0,TypeScript,2021-2023,1.0,0.7,0.0,0.0,0
22,1,0,1,32,15,1,0,0,0.0,0,TypeScript,2021-2023,1.0,2.0,0.0,0.0,0
0,2,0,1,38,38,8,0,0,0.0,0,TypeScript,2021-2023,1.0,0.97,0.0,0.0,0
2,2,0,1,6,6,2,0,0,0.0,0,TypeScript,2021-2023,1.0,0.86,0.0,0.0,0
2,2,0,1,6,6,2,0,0,0.0,0,TypeScript,2021-2023,1.0,0.86,0.0,0.0,0
6,2,0,0,173,41,4,0,20,1.5,0,TypeScript,2021-2023,1.0,4.12,0.0,0.3,0
6,2,0,0,80,80,20,0,0,0.0,0,TypeScript,2021-2023,1.0,0.99,0.0,0.0,0
6,2,0,0,6,6,2,0,0,0.0,0,TypeScript,2021-2023,1.0,0.86,0.0,0.0,0
7,2,0,0,6,6,2,0,0,0.0,0,TypeScript,2021-2023,1.0,0.86,0.0,0.0,0
11,2,0,0,1114,893,16,0,0,0.0,0,TypeScript,2021-2023,1.0,1.25,0.0,0.0,0
14,2,0,0,269,1,3,0,0,0.0,0,TypeScript,2021-2023,1.0,134.5,0.0,0.0,0
16,2,0,0,41,41,1,0,0,0.0,0,TypeScript,2021-2023,1.0,0.98,0.0,0.0,0
16,2,0,0,7,8,2,0,0,0.0,0,TypeScript,2021-2023,1.0,0.78,0.0,0.0,0
23,2,0,1,685,1197,47,0,0,0.0,0,TypeScript,2021-2023,1.0,0.57,0.0,0.0,0
0,3,0,1,80,80,8,0,0,0.0,0,TypeScript,2021-2023,1.0,0.99,0.0,0.0,0
0,3,0,1,185,1,8,0,15,2.2,0,TypeScript,2021-2023,1.0,92.5,0.0,0.24,0
0,3,0,1,31,31,14,0,0,0.0,0,TypeScript,2021-2023,1.0,0.97,0.0,0.0,0
1,3,0,1,7,4,3,0,1,17.0,0,TypeScript,2021-2023,1.0,1.4,0.0,4.25,0
1,3,0,1,191,191,37,0,0,0.0,0,TypeScript,2021-2023,1.0,0.99,0.0,0.0,0
8,3,0,0,439,408,8,0,6,20.5,0,TypeScript,2021-2023,1.0,1.07,0.0,2.28,0
11,3,0,0,12,69,3,0,1,1.0,0,TypeScript,2021-2023,1.0,0.17,0.0,0.25,0
11,3,0,0,8,5,4,0,0,0.0,0,TypeScript,2021-2023,1.0,1.33,0.0,0.0,0
11,3,0,0,1,1,1,0,0,0.0,0,TypeScript,2021-2023,1.0,0.5,0.0,0.0,0
13,3,0,0,1124,941,12,0,0,0.0,0,TypeScript,2021-2023,1.0,1.19,0.0,0.0,0
16,3,0,0,61,0,1,0,0,0.0,0,TypeScript,2021-2023,1.0,61.0,0.0,0.0,0
22,3,0,1,48,267,2,0,0,0.0,0,TypeScript,2021-2023,1.0,0.18,0.0,0.0,0
23,3,0,1,6,6,2,0,0,0.0,0,TypeScript,2021-2023,1.0,0.86,0.0,0.0,0
0,4,0,1,85,149,8,0,0,0.0,0,TypeScript,2021-2023,1.0,0.57,0.0,0.0,0
11,4,0,0,6,6,2,0,0,0.0,0,TypeScript,2021-2023,1.0,0.86,0.0,0.0,0
13,4,0,0,552,489,7,1,0,0.0,0,TypeScript,2021-2023,1.0,1.13,0.12,0.0,0
14,4,0,0,10,10,4,0,4,3.5,0,TypeScript,2021-2023,1.0,0.91,0.0,0.7,0
14,4,0,0,1,1,1,0,1,2.0,0,TypeScript,2021-2023,1.0,0.5,0.0,1.0,0
15,4,0,0,2194,0,14,0,12,1.0,0,TypeScript,2021-2023,1.0,2194.0,0.0,0.07,0
0,5,1,1,8,8,6,0,0,0.0,0,TypeScript,2021-2023,1.0,0.89,0.0,0.0,0
0,5,1,1,6,6,2,0,0,0.0,0,TypeScript,2021-2023,1.0,0.86,0.0,0.0,0
2,5,1,1,58,33,5,0,6,9.17,0,TypeScript,2021-2023,1.0,1.71,0.0,1.53,0
2,5,1,1,47,47,15,0,0,0.0,0,TypeScript,2021-2023,1.0,0.98,0.0,0.0,0
20,5,1,0,26,34,5,0,0,0.0,0,TypeScript,2021-2023,1.0,0.74,0.0,0.0,0
0,6,1,1,30,30,8,0,0,0.0,0,TypeScript,2021-2023,1.0,0.97,0.0,0.0,0
0,6,1,1,34,7,4,0,2,27.0,0,TypeScript,2021-2023,1.0,4.25,0.0,5.4,0
0,6,1,1,80,80,20,0,0,0.0,0,TypeScript,2021-2023,1.0,0.99,0.0,0.0,0
10,6,1,0,10,1,2,1,4,14.75,0,TypeScript,2021-2023,1.0,5.0,0.33,4.92,0
11,6,1,0,33,17,2,0,12,1.92,0,TypeScript,2021-2023,1.0,1.83,0.0,0.64,0
11,6,1,0,306,306,47,0,0,0.0,0,TypeScript,2021-2023,1.0,1.0,0.0,0.0,0
0,0,0,1,86,86,8,0,0,0.0,0,TypeScript,2021-2023,1.0,0.99,0.0,0.0,0
1,0,0,1,8,2,3,0,0,0.0,0,TypeScript,2021-2023,1.0,2.67,0.0,0.0,0
1,0,0,1,205,208,38,0,0,0.0,0,TypeScript,2021-2023,1.0,0.98,0.0,0.0,0
2,0,0,1,305,285,1,0,0,0.0,0,TypeScript,2021-2023,1.0,1.07,0.0,0.0,0
8,0,0,0,56,0,2,0,0,0.0,0,TypeScript,2021-2023,1.0,56.0,0.0,0.0,0
10,0,0,0,373,0,2,0,0,0.0,0,TypeScript,2021-2023,1.0,373.0,0.0,0.0,0
10,0,0,0,2,2,2,0,0,0.0,1,TypeScript,2021-2023,0.4,0.67,0.0,0.0,0
10,0,0,0,25,9,4,0,0,0.0,0,TypeScript,2021-2023,1.0,2.5,0.0,0.0,0
10,0,0,0,37,13,2,0,0,0.0,0,TypeScript,2021-2023,1.0,2.64,0.0,0.0,0
10,0,0,0,10,4,2,0,6,2.83,1,TypeScript,2021-2023,0.4,2.0,0.0,0.94,0
10,0,0,0,1744,720,25,0,3,1.0,0,TypeScript,2021-2023,1.0,2.42,0.0,0.04,0
11,0,0,0,10,10,2,0,0,0.0,0,TypeScript,2021-2023,1.0,0.91,0.0,0.0,0
12,0,0,0,1071,1011,128,0,0,0.0,0,TypeScript,2021-2023,1.0,1.06,0.0,0.0,0
12,0,0,0,14,4,3,1,2,4.0,1,TypeScript,2021-2023,0.4,2.8,0.25,1.0,0
13,0,0,0,282,0,1,0,0,0.0,0,TypeScript,2021-2023,1.0,282.0,0.0,0.0,0
15,0,0,0,1,1,1,0,0,0.0,0,TypeScript,2021-2023,1.0,0.5,0.0,0.0,0
15,0,0,0,1,1,1,0,0,0.0,0,TypeScript,2021-2023,1.0,0.5,0.0,0.0,0
15,0,0,0,22,22,1,0,2,5.5,0,TypeScript,2021-2023,1.0,0.96,0.0,2.75,0
16,0,0,0,17,1,2,0,0,0.0,0,TypeScript,2021-2023,1.0,8.5,0.0,0.0,0
16,0,0,0,31,40,2,0,0,0.0,0,TypeScript,2021-2023,1.0,0.76,0.0,0.0,0
16,0,0,0,93,7,6,0,7,5.14,0,TypeScript,2021-2023,1.0,11.62,0.0,0.73,0
0,1,0,1,74,74,8,0,0,0.0,0,TypeScript,2021-2023,1.0,0.99,0.0,0.0,0
9,1,0,0,5,1,2,0,0,0.0,0,TypeScript,2021-2023,1.0,2.5,0.0,0.0,0
9,1,0,0,748,0,3,0,0,0.0,0,TypeScript,2021-2023,1.0,748.0,0.0,0.0,0
10,1,0,0,1135,1109,13,0,0,0.0,0,TypeScript,2021-2023,1.0,1.02,0.0,0.0,0
11,1,0,0,3,17,4,0,0,0.0,0,TypeScript,2021-2023,1.0,0.17,0.0,0.0,0
11,1,0,0,9,3,1,0,2,2.0,0,TypeScript,2021-2023,1.0,2.25,0.0,1.0,0
11,1,0,0,42,2,1,0,3,2.33,0,TypeScript,2021-2023,1.0,14.0,0.0,1.16,0
11,1,0,0,41,1,1,0,3,2.67,0,TypeScript,2021-2023,1.0,20.5,0.0,1.34,0
11,1,0,0,6,0,1,0,0,0.0,0,TypeScript,2021-2023,1.0,6.0,0.0,0.0,0
14,1,0,0,82,5928,18,0,17,2.12,1,TypeScript,2021-2023,0.4,0.01,0.0,0.11,0
14,1,0,0,16445,76,50,0,42,3.31,0,TypeScript,2021-2023,1.0,213.57,0.0,0.06,0
16,1,0,0,26,18,2,0,1,8.0,0,TypeScript,2021-2023,1.0,1.37,0.0,2.67,0
19,1,0,0,284,223,18,2,26,9.19,1,TypeScript,2021-2023,0.4,1.27,0.11,0.48,0
19,1,0,0,10,0,1,0,1,15.0,1,TypeScript,2021-2023,0.4,10.0,0.0,7.5,1
0,2,0,1,8,8,6,0,0,0.0,0,TypeScript,2021-2023,1.0,0.89,0.0,0.0,0
2,2,0,1,5,8,3,0,0,0.0,0,TypeScript,2021-2023,1.0,0.56,0.0,0.0,0
10,2,0,0,72,35,3,1,2,4.5,1,TypeScript,2021-2023,0.4,2.0,0.25,1.12,0
10,2,0,0,212,87,4,1,5,10.2,1,TypeScript,2021-2023,0.4,2.41,0.2,2.04,0
10,2,0,0,0,3,1,0,0,0.0,0,TypeScript,2021-2023,1.0,0.0,0.0,0.0,1
10,2,0,0,0,1,1,0,0,0.0,0,TypeScript,2021-2023,1.0,0.0,0.0,0.0,1
11,2,0,0,20,9,1,0,0,0.0,0,TypeScript,2021-2023,1.0,2.0,0.0,0.0,0
11,2,0,0,96,9,4,1,3,9.0,1,TypeScript,2021-2023,0.4,9.6,0.2,1.8,1
11,2,0,0,155,0,1,0,0,0.0,0,TypeScript,2021-2023,1.0,155.0,0.0,0.0,0
12,2,0,0,22,0,11,0,0,0.0,1,TypeScript,2021-2023,0.4,22.0,0.0,0.0,2
12,2,0,0,93,46,2,1,3,3.0,1,TypeScript,2021-2023,0.4,1.98,0.33,1.0,1
12,2,0,0,2,1,2,0,0,0.0,1,TypeScript,2021-2023,0.4,1.0,0.0,0.0,2
13,2,0,0,18,1,4,0,3,1.33,0,TypeScript,2021-2023,1.0,9.0,0.0,0.27,0
13,2,0,0,191,191,37,0,0,0.0,0,TypeScript,2021-2023,1.0,0.99,0.0,0.0,0
14,2,0,0,107,139,6,1,11,5.64,0,TypeScript,2021-2023,1.0,0.76,0.14,0.81,3
14,2,0,0,23,1,2,0,1,1.0,0,TypeScript,2021-2023,1.0,11.5,0.0,0.33,0
14,2,0,0,209,206,38,0,0,0.0,0,TypeScript,2021-2023,1.0,1.01,0.0,0.0,0
14,2,0,0,1392,1046,20,0,6,1.0,0,TypeScript,2021-2023,1.0,1.33,0.0,0.05,0
15,2,0,0,928,1536,21,0,1,1.0,0,TypeScript,2021-2023,1.0,0.6,0.0,0.05,0
15,2,0,0,235,39,5,0,0,0.0,0,TypeScript,2021-2023,1.0,5.88,0.0,0.0,0
16,2,0,0,997,919,2,0,1,1.0,0,TypeScript,2021-2023,1.0,1.08,0.0,0.33,3
16,2,0,0,176,27,15,2,6,4.17,1,TypeScript,2021-2023,0.4,6.29,0.12,0.26,1
18,2,0,0,1113,728,19,0,40,5.8,0,TypeScript,2021-2023,1.0,1.53,0.0,0.29,0
21,2,0,0,6,6,2,0,0,0.0,0,TypeScript,2021-2023,1.0,0.86,0.0,0.0,0
22,2,0,1,126,29,11,1,16,2.56,1,TypeScript,2021-2023,0.4,4.2,0.08,0.21,2
0,3,0,1,74,74,8,0,0,0.0,0,TypeScript,2021-2023,1.0,0.99,0.0,0.0,0
9,3,0,0,2,2,1,0,1,3.0,1,TypeScript,2021-2023,0.4,0.67,0.0,1.5,1
9,3,0,0,78,24,4,1,4,5.5,1,TypeScript,2021-2023,0.4,3.12,0.2,1.1,2
9,3,0,0,148,25,7,1,11,7.55,1,TypeScript,2021-2023,0.4,5.69,0.12,0.94,3
9,3,0,0,47,6,4,1,3,4.67,1,TypeScript,2021-2023,0.4,6.71,0.2,0.93,4
10,3,0,0,10,10,5,1,7,2.43,1,TypeScript,2021-2023,0.4,0.91,0.17,0.4,5
10,3,0,0,13,1,1,0,1,2.0,0,TypeScript,2021-2023,1.0,6.5,0.0,1.0,0
10,3,0,0,2,2,2,0,0,0.0,0,TypeScript,2021-2023,1.0,0.67,0.0,0.0,0
11,3,0,0,49,1,2,0,0,0.0,0,TypeScript,2021-2023,1.0,24.5,0.0,0.0,0
11,3,0,0,1,1,1,0,0,0.0,0,TypeScript,2021-2023,1.0,0.5,0.0,0.0,0
11,3,0,0,1,1,1,0,0,0.0,0,TypeScript,2021-2023,1.0,0.5,0.0,0.0,0
11,3,0,0,1,1,1,0,0,0.0,0,TypeScript,2021-2023,1.0,0.5,0.0,0.0,0
11,3,0,0,1,1,1,0,0,0.0,0,TypeScript,2021-2023,1.0,0.5,0.0,0.0,0
11,3,0,0,1,1,1,0,0,0.0,0,TypeScript,2021-2023,1.0,0.5,0.0,0.0,0
11,3,0,0,1,1,1,0,0,0.0,0,TypeScript,2021-2023,1.0,0.5,0.0,0.0,0
11,3,0,0,4,4,2,0,0,0.0,0,TypeScript,2021-2023,1.0,0.8,0.0,0.0,3
12,3,0,0,71,26,1,0,0,0.0,0,TypeScript,2021-2023,1.0,2.63,0.0,0.0,3
13,3,0,0,527,705,5,0,0,0.0,0,TypeScript,2021-2023,1.0,0.75,0.0,0.0,0
14,3,0,0,398,398,24,0,0,0.0,0,TypeScript,2021-2023,1.0,1.0,0.0,0.0,0
14,3,0,0,871,387,5,0,0,0.0,0,TypeScript,2021-2023,1.0,2.24,0.0,0.0,0
16,3,0,0,6,4,6,0,6,4.83,0,TypeScript,2021-2023,1.0,1.2,0.0,0.69,0
16,3,0,0,22,34,5,0,10,1.8,0,TypeScript,2021-2023,1.0,0.63,0.0,0.3,3
16,3,0,0,18,11,7,0,8,5.0,0,TypeScript,2021-2023,1.0,1.5,0.0,0.62,0
17,3,0,0,19,9,6,0,7,5.0,0,TypeScript,2021-2023,1.0,1.9,0.0,0.71,0
17,3,0,0,2,4,2,0,0,0.0,0,TypeScript,2021-2023,1.0,0.4,0.0,0.0,0
18,3,0,0,0,2,2,0,0,0.0,0,TypeScript,2021-2023,1.0,0.0,0.0,0.0,0
0,4,0,1,17,17,8,0,0,0.0,0,TypeScript,2021-2023,1.0,0.94,0.0,0.0,0
9,4,0,0,92,85,3,2,0,0.0,0,TypeScript,2021-2023,1.0,1.07,0.5,0.0,0
9,4,0,0,1,1,1,0,0,0.0,0,TypeScript,2021-2023,1.0,0.5,0.0,0.0,3
9,4,0,0,64,0,2,1,1,1.0,1,TypeScript,2021-2023,0.4,64.0,0.33,0.33,3
10,4,0,0,1,1,1,0,0,0.0,0,TypeScript,2021-2023,1.0,0.5,0.0,0.0,4
10,4,0,0,1,1,1,0,0,0.0,1,TypeScript,2021-2023,0.4,0.5,0.0,0.0,4
16,4,0,0,67,11,3,1,3,9.33,1,TypeScript,2021-2023,0.4,5.58,0.25,2.33,3
16,4,0,0,11,1,2,0,0,0.0,0,TypeScript,2021-2023,1.0,5.5,0.0,0.0,0
16,4,0,0,1,1,1,0,0,0.0,0,TypeScript,2021-2023,1.0,0.5,0.0,0.0,0
16,4,0,0,1,1,1,0,0,0.0,0,TypeScript,2021-2023,1.0,0.5,0.0,0.0,0
16,4,0,0,189,27,19,1,16,2.19,0,TypeScript,2021-2023,1.0,6.75,0.05,0.11,6
16,4,0,0,2,2,1,0,0,0.0,1,TypeScript,2021-2023,0.4,0.67,0.0,0.0,0
16,4,0,0,1,1,1,0,0,0.0,0,TypeScript,2021-2023,1.0,0.5,0.0,0.0,1
16,4,0,0,64,14,7,0,10,5.7,1,TypeScript,2021-2023,0.4,4.27,0.0,0.71,1
17,4,0,0,1,1,1,0,0,0.0,0,TypeScript,2021-2023,1.0,0.5,0.0,0.0,0
17,4,0,0,48,42,5,1,8,4.75,1,TypeScript,2021-2023,0.4,1.12,0.17,0.79,6
20,4,0,0,1136,1626,82,0,0,0.0,0,TypeScript,2021-2023,1.0,0.7,0.0,0.0,0
21,4,0,0,6,6,2,0,0,0.0,0,TypeScript,2021-2023,1.0,0.86,0.0,0.0,0
22,4,0,1,16,16,2,0,0,0.0,0,TypeScript,2021-2023,1.0,0.94,0.0,0.0,0
22,4,0,1,48,4,53,0,3,1.33,0,TypeScript,2021-2023,1.0,9.6,0.0,0.02,7
22,4,0,1,181,201,71,0,32,2.5,0,TypeScript,2021-2023,1.0,0.9,0.0,0.03,7
22,4,0,1,259,209,30,0,19,2.37,0,TypeScript,2021-2023,1.0,1.23,0.0,0.08,7
22,4,0,1,169,153,17,0,17,2.76,0,TypeScript,2021-2023,1.0,1.1,0.0,0.15,7
0,5,1,1,109,109,8,0,0,0.0,0,TypeScript,2021-2023,1.0,0.99,0.0,0.0,0
3,5,1,1,445,444,261,1,3,3.0,0,TypeScript,2021-2023,1.0,1.0,0.0,0.01,7
5,5,1,1,2,0,1,0,1,1.0,0,TypeScript,2021-2023,1.0,2.0,0.0,0.5,0
11,5,1,0,53,37,12,0,5,12.0,0,TypeScript,2021-2023,1.0,1.39,0.0,0.92,0
11,5,1,0,209,209,38,0,0,0.0,0,TypeScript,2021-2023,1.0,1.0,0.0,0.0,0
20,5,1,0,53,72,4,0,5,3.0,0,TypeScript,2021-2023,1.0,0.73,0.0,0.6,0
23,5,1,1,41,1,4,0,5,1.4,0,TypeScript,2021-2023,1.0,20.5,0.0,0.28,0
23,5,1,1,110,110,25,0,0,0.0,0,TypeScript,2021-2023,1.0,0.99,0.0,0.0,0
0,6,1,1,78,84,8,0,0,0.0,0,TypeScript,2021-2023,1.0,0.92,0.0,0.0,0
0,6,1,1,23,135,7,0,5,1.8,0,TypeScript,2021-2023,1.0,0.17,0.0,0.22,0
0,6,1,1,26,26,9,0,0,0.0,0,TypeScript,2021-2023,1.0,0.96,0.0,0.0,0
1,6,1,1,31,30,15,0,0,0.0,0,TypeScript,2021-2023,1.0,1.0,0.0,0.0,0
1,6,1,1,412,412,52,0,0,0.0,0,TypeScript,2021-2023,1.0,1.0,0.0,0.0,0
18,6,1,0,96,48,2,0,0,0.0,0,TypeScript,2021-2023,1.0,1.96,0.0,0.0,0
19,6,1,0,6,6,2,0,0,0.0,0,TypeScript,2021-2023,1.0,0.86,0.0,0.0,0
0,0,0,1,11,11,7,0,0,0.0,0,TypeScript,2021-2023,1.0,0.92,0.0,0.0,0
2,0,0,1,327,314,1,0,0,0.0,0,TypeScript,2021-2023,1.0,1.04,0.0,0.0,0
9,0,0,0,120,123,27,0,0,0.0,0,TypeScript,2021-2023,1.0,0.97,0.0,0.0,0
9,0,0,0,7,2,3,0,3,5.67,0,TypeScript,2021-2023,1.0,2.33,0.0,1.42,0
9,0,0,0,92,6,4,2,4,1.5,0,TypeScript,2021-2023,1.0,13.14,0.4,0.3,0
9,0,0,0,73,21,6,0,8,1.88,0,TypeScript,2021-2023,1.0,3.32,0.0,0.27,0
9,0,0,0,5,1,2,0,0,0.0,0,TypeScript,2021-2023,1.0,2.5,0.0,0.0,0
9,0,0,0,38,30,11,0,2,2.0,0,TypeScript,2021-2023,1.0,1.23,0.0,0.17,0
9,0,0,0,15,0,2,0,0,0.0,0,TypeScript,2021-2023,1.0,15.0,0.0,0.0,0
9,0,0,0,675,367,66,1,65,1.83,0,TypeScript,2021-2023,1.0,1.83,0.01,0.03,0
9,0,0,0,280,174,22,0,22,6.68,0,TypeScript,2021-2023,1.0,1.6,0.0,0.29,0
10,0,0,0,258,105,5,2,11,2.18,0,TypeScript,2021-2023,1.0,2.43,0.33,0.36,0
10,0,0,0,976,7556,232,40,178,1.69,0,TypeScript,2021-2023,1.0,0.13,0.17,0.01,0
10,0,0,0,13,2,6,0,1,21.0,0,TypeScript,2021-2023,1.0,4.33,0.0,3.0,0
10,0,0,0,6,2,1,0,3,1.0,0,TypeScript,2021-2023,1.0,2.0,0.0,0.5,0
11,0,0,0,54858,56901,849,1,3,1.33,0,TypeScript,2021-2023,1.0,0.96,0.0,0.0,0
11,0,0,0,130,124,2,0,4,4.25,0,TypeScript,2021-2023,1.0,1.04,0.0,1.42,0
11,0,0,0,1209,1064,271,0,0,0.0,0,TypeScript,2021-2023,1.0,1.14,0.0,0.0,0
12,0,0,0,24,8,2,1,0,0.0,1,TypeScript,2021-2023,0.4,2.67,0.33,0.0,2
13,0,0,0,82,50,1,0,2,2.0,0,TypeScript,2021-2023,1.0,1.61,0.0,1.0,0
13,0,0,0,340,0,1,0,0,0.0,0,TypeScript,2021-2023,1.0,340.0,0.0,0.0,0
13,0,0,0,130,46,27,1,17,6.18,1,TypeScript,2021-2023,0.4,2.77,0.04,0.22,0
14,0,0,0,1,4,1,0,2,2.0,0,TypeScript,2021-2023,1.0,0.2,0.0,1.0,0
14,0,0,0,4,0,1,0,0,0.0,0,TypeScript,2021-2023,1.0,4.0,0.0,0.0,0
14,0,0,0,3,1,1,0,0,0.0,0,TypeScript,2021-2023,1.0,1.5,0.0,0.0,2
15,0,0,0,77,28,3,1,3,25.67,1,TypeScript,2021-2023,0.4,2.66,0.25,6.42,3
15,0,0,0,1,1,1,0,0,0.0,1,TypeScript,2021-2023,0.4,0.5,0.0,0.0,0
15,0,0,0,378,2,3,0,0,0.0,0,TypeScript,2021-2023,1.0,126.0,0.0,0.0,0
17,0,0,0,149,18,5,0,0,0.0,0,TypeScript,2021-2023,1.0,7.84,0.0,0.0,0
17,0,0,0,0,0,0,0,0,0.0,0,TypeScript,2021-2023,1.0,0.0,0.0,0.0,0
18,0,0,0,10,18,6,0,0,0.0,0,TypeScript,2021-2023,1.0,0.53,0.0,0.0,0
18,0,0,0,6,6,2,0,0,0.0,0,TypeScript,2021-2023,1.0,0.86,0.0,0.0,0
18,0,0,0,119,159,5,0,4,15.0,0,TypeScript,2021-2023,1.0,0.74,0.0,2.5,0
18,0,0,0,74,74,19,0,0,0.0,0,TypeScript,2021-2023,1.0,0.99,0.0,0.0,0
19,0,0,0,21,24,2,0,2,19.0,0,TypeScript,2021-2023,1.0,0.84,0.0,6.33,0
19,0,0,0,14,14,6,0,0,0.0,0,TypeScript,2021-2023,1.0,0.93,0.0,0.0,0
20,0,0,0,16,20,1,0,1,7.0,0,TypeScript,2021-2023,1.0,0.76,0.0,3.5,0
20,0,0,0,8,8,4,0,0,0.0,0,TypeScript,2021-2023,1.0,0.89,0.0,0.0,0
20,0,0,0,39,40,1,0,1,25.0,0,TypeScript,2021-2023,1.0,0.95,0.0,12.5,0
20,0,0,0,42,39,12,0,0,0.0,0,TypeScript,2021-2023,1.0,1.05,0.0,0.0,0
0,1,0,1,149,126,8,0,0,0.0,0,TypeScript,2021-2023,1.0,1.17,0.0,0.0,0
0,1,0,1,0,0,0,0,0,0.0,1,TypeScript,2021-2023,0.4,0.0,0.0,0.0,0
0,1,0,1,668,68,11,1,12,12.92,1,TypeScript,2021-2023,0.4,9.68,0.08,1.08,7
0,1,0,1,1,1,1,0,0,0.0,0,TypeScript,2021-2023,1.0,0.5,0.0,0.0,0
7,1,0,0,0,13,2,0,2,16.0,0,TypeScript,2021-2023,1.0,0.0,0.0,5.33,0
9,1,0,0,7,7,6,0,0,0.0,0,TypeScript,2021-2023,1.0,0.88,0.0,0.0,0
11,1,0,0,23,10,3,0,0,0.0,1,TypeScript,2021-2023,0.4,2.09,0.0,0.0,8
16,1,0,0,102,74,66,0,13,5.77,0,TypeScript,2021-2023,1.0,1.36,0.0,0.09,9
19,1,0,0,1,0,1,0,0,0.0,0,TypeScript,2021-2023,1.0,1.0,0.0,0.0,0
0,2,0,1,8,8,6,0,0,0.0,0,TypeScript,2021-2023,1.0,0.89,0.0,0.0,0
8,2,0,0,13,36,1,0,2,12.5,1,TypeScript,2021-2023,0.4,0.35,0.0,6.25,2
8,2,0,0,106,2,1,1,1,1.0,0,TypeScript,2021-2023,1.0,35.33,0.5,0.5,0
9,2,0,0,1,1,1,0,2,4.0,1,TypeScript,2021-2023,0.4,0.5,0.0,2.0,1
9,2,0,0,42,27,3,1,13,4.46,1,TypeScript,2021-2023,0.4,1.5,0.25,1.12,4
9,2,0,0,1,1,1,0,0,0.0,1,TypeScript,2021-2023,0.4,0.5,0.0,0.0,1
10,2,0,0,13,7,3,0,0,0.0,0,TypeScript,2021-2023,1.0,1.62,0.0,0.0,0
11,2,0,0,268,276,18,0,23,1.52,0,TypeScript,2021-2023,1.0,0.97,0.0,0.08,0
12,2,0,0,16,10,4,0,4,1.0,0,TypeScript,2021-2023,1.0,1.45,0.0,0.2,9
12,2,0,0,13,0,2,0,2,1.5,0,TypeScript,2021-2023,1.0,13.0,0.0,0.5,9
13,2,0,0,77,1,2,0,0,0.0,0,TypeScript,2021-2023,1.0,38.5,0.0,0.0,0
13,2,0,0,1,1,1,0,0,0.0,0,TypeScript,2021-2023,1.0,0.5,0.0,0.0,0
13,2,0,0,1,1,1,0,0,0.0,0,TypeScript,2021-2023,1.0,0.5,0.0,0.0,0
13,2,0,0,1,1,1,0,0,0.0,0,TypeScript,2021-2023,1.0,0.5,0.0,0.0,0
13,2,0,0,1,1,1,0,0,0.0,0,TypeScript,2021-2023,1.0,0.5,0.0,0.0,0
13,2,0,0,1,1,1,0,0,0.0,0,TypeScript,2021-2023,1.0,0.5,0.0,0.0,0
14,2,0,0,846,410,88,0,122,1.83,0,TypeScript,2021-2023,1.0,2.06,0.0,0.02,5
14,2,0,0,120,94,15,0,14,9.57,0,TypeScript,2021-2023,1.0,1.26,0.0,0.6,9
16,2,0,0,70,42,14,0,10,1.1,0,TypeScript,2021-2023,1.0,1.63,0.0,0.07,9
17,2,0,0,191,85,9,0,19,2.0,1,TypeScript,2021-2023,0.4,2.22,0.0,0.2,5
19,2,0,0,31,9,1,0,0,0.0,0,TypeScript,2021-2023,1.0,3.1,0.0,0.0,6
19,2,0,0,1,1,1,0,0,0.0,0,TypeScript,2021-2023,1.0,0.5,0.0,0.0,6
0,3,0,1,8,8,6,0,0,0.0,0,TypeScript,2021-2023,1.0,0.89,0.0,0.0,0
0,3,0,1,698,928,13,0,25,16.92,0,TypeScript,2021-2023,1.0,0.75,0.0,1.21,0
0,3,0,1,20,23,8,0,0,0.0,0,TypeScript,2021-2023,1.0,0.83,0.0,0.0,0
9,3,0,0,123,70,4,1,1,3.0,1,TypeScript,2021-2023,0.4,1.73,0.2,0.6,5
9,3,0,0,726,258,16,0,3,8.0,0,TypeScript,2021-2023,1.0,2.8,0.0,0.47,0
10,3,0,0,1,1,1,0,0,0.0,0,TypeScript,2021-2023,1.0,0.5,0.0,0.0,0
11,3,0,0,1,1,1,0,0,0.0,0,TypeScript,2021-2023,1.0,0.5,0.0,0.0,0
11,3,0,0,10,0,1,0,0,0.0,0,TypeScript,2021-2023,1.0,10.0,0.0,0.0,0
11,3,0,0,6,6,2,0,0,0.0,0,TypeScript,2021-2023,1.0,0.86,0.0,0.0,0
11,3,0,0,11,11,2,0,0,0.0,0,TypeScript,2021-2023,1.0,0.92,0.0,0.0,0
13,3,0,0,3,3,1,0,0,0.0,0,TypeScript,2021-2023,1.0,0.75,0.0,0.0,0
14,3,0,0,4,1,1,0,0,0.0,0,TypeScript,2021-2023,1.0,2.0,0.0,0.0,6
14,3,0,0,21,1,1,0,1,19.0,0,TypeScript,2021-2023,1.0,10.5,0.0,9.5,6
15,3,0,0,181,181,7,0,11,3.27,0,TypeScript,2021-2023,1.0,0.99,0.0,0.41,6
15,3,0,0,3,9,3,0,2,1.0,1,TypeScript,2021-2023,0.4,0.3,0.0,0.25,6
16,3,0,0,90,19,11,0,8,2.38,0,TypeScript,2021-2023,1.0,4.5,0.0,0.2,9
16,3,0,0,155,56,11,0,13,1.46,0,TypeScript,2021-2023,1.0,2.72,0.0,0.12,9
16,3,0,0,8,8,5,0,2,1.0,0,TypeScript,2021-2023,1.0,0.89,0.0,0.17,0
16,3,0,0,212,215,39,0,0,0.0,0,TypeScript,2021-2023,1.0,0.98,0.0,0.0,0
16,3,0,0,92,91,7,0,9,9.44,0,TypeScript,2021-2023,1.0,1.0,0.0,1.18,0
16,3,0,0,19,19,7,0,0,0.0,0,TypeScript,2021-2023,1.0,0.95,0.0,0.0,0
17,3,0,0,91,89,2,0,3,101.0,0,TypeScript,2021-2023,1.0,1.01,0.0,33.67,0
19,3,0,0,5,8,3,0,0,0.0,0,TypeScript,2021-2023,1.0,0.56,0.0,0.0,0
20,3,0,0,26,26,9,0,0,0.0,0,TypeScript,2021-2023,1.0,0.96,0.0,0.0,0
22,3,0,1,6,6,2,0,0,0.0,0,TypeScript,2021-2023,1.0,0.86,0.0,0.0,0
0,4,0,1,74,74,8,0,0,0.0,0,TypeScript,2021-2023,1.0,0.99,0.0,0.0,0
1,4,0,1,694,691,81,0,0,0.0,0,TypeScript,2021-2023,1.0,1.0,0.0,0.0,0
4,4,0,1,3,2,2,0,0,0.0,0,TypeScript,2021-2023,1.0,1.0,0.0,0.0,0
4,4,0,1,1,2,1,0,0,0.0,0,TypeScript,2021-2023,1.0,0.33,0.0,0.0,0
4,4,0,1,6,0,1,0,0,0.0,0,TypeScript,2021-2023,1.0,6.0,0.0,0.0,0
5,4,0,1,51,59,4,0,3,7.67,0,TypeScript,2021-2023,1.0,0.85,0.0,1.53,0
5,4,0,1,78,26,4,0,9,2.22,0,TypeScript,2021-2023,1.0,2.89,0.0,0.44,0
6,4,0,0,110,110,25,0,0,0.0,0,TypeScript,2021-2023,1.0,0.99,0.0,0.0,0
7,4,0,0,780,780,97,0,0,0.0,0,TypeScript,2021-2023,1.0,1.0,0.0,0.0,0
8,4,0,0,1195,502,159,1,48,4.29,0,TypeScript,2021-2023,1.0,2.38,0.01,0.03,4
9,4,0,0,776,14,3,0,0,0.0,0,TypeScript,2021-2023,1.0,51.73,0.0,0.0,0
9,4,0,0,2,14,1,0,2,2.0,0,TypeScript,2021-2023,1.0,0.13,0.0,1.0,4
10,4,0,0,5,16,4,0,6,1.83,0,TypeScript,2021-2023,1.0,0.29,0.0,0.37,4
10,4,0,0,6,6,2,0,0,0.0,0,TypeScript,2021-2023,1.0,0.86,0.0,0.0,0
10,4,0,0,3,2,1,0,0,0.0,0,TypeScript,2021-2023,1.0,1.0,0.0,0.0,0
14,4,0,0,49,25,5,0,5,3.4,0,TypeScript,2021-2023,1.0,1.88,0.0,0.57,0
14,4,0,0,191,191,37,0,0,0.0,0,TypeScript,2021-2023,1.0,0.99,0.0,0.0,0
14,4,0,0,6,6,2,0,0,0.0,0,TypeScript,2021-2023,1.0,0.86,0.0,0.0,0
15,4,0,0,998,733,6,0,2,2.0,0,TypeScript,2021-2023,1.0,1.36,0.0,0.29,4
16,4,0,0,838,1132,43,0,104,3.3,0,TypeScript,2021-2023,1.0,0.74,0.0,0.08,0
19,4,0,0,53,61,2,0,0,0.0,0,TypeScript,2021-2023,1.0,0.85,0.0,0.0,0
20,4,0,0,50,4,1,0,3,5.33,0,TypeScript,2021-2023,1.0,10.0,0.0,2.66,7
0,5,1,1,132,140,8,0,0,0.0,0,TypeScript,2021-2023,1.0,0.94,0.0,0.0,0
7,5,1,0,22,36,2,0,0,0.0,0,TypeScript,2021-2023,1.0,0.59,0.0,0.0,0
15,5,1,0,1,1,1,0,0,0.0,0,TypeScript,2021-2023,1.0,0.5,0.0,0.0,7
15,5,1,0,97,132,2,0,0,0.0,0,TypeScript,2021-2023,1.0,0.73,0.0,0.0,7
0,6,1,1,8,8,6,0,0,0.0,0,TypeScript,2021-2023,1.0,0.89,0.0,0.0,0
1,6,1,1,6,6,2,0,0,0.0,0,TypeScript,2021-2023,1.0,0.86,0.0,0.0,0
23,6,1,1,5,5,1,0,1,19.0,1,TypeScript,2021-2023,0.4,0.83,0.0,9.5,7
0,0,0,1,8,8,6,0,0,0.0,0,TypeScript,2021-2023,1.0,0.89,0.0,0.0,0
0,0,0,1,65,6,3,0,6,4.0,1,TypeScript,2021-2023,0.4,9.29,0.0,1.0,8
0,0,0,1,607,607,1,0,0,0.0,0,TypeScript,2021-2023,1.0,1.0,0.0,0.0,0
0,0,0,1,12,1,2,0,3,3.33,1,TypeScript,2021-2023,0.4,6.0,0.0,1.11,9
3,0,0,1,171,146,21,2,21,8.38,0,TypeScript,2021-2023,1.0,1.16,0.09,0.38,0
3,0,0,1,191,197,37,0,0,0.0,0,TypeScript,2021-2023,1.0,0.96,0.0,0.0,0
4,0,0,1,5155,7066,33,9,48,2.23,0,TypeScript,2021-2023,1.0,0.73,0.26,0.07,0
4,0,0,1,2,2,2,0,0,0.0,0,TypeScript,2021-2023,1.0,0.67,0.0,0.0,0
9,0,0,0,4,4,1,0,0,0.0,0,TypeScript,2021-2023,1.0,0.8,0.0,0.0,9
11,0,0,0,7,7,4,0,0,0.0,0,TypeScript,2021-2023,1.0,0.88,0.0,0.0,0
14,0,0,0,15,4,3,0,3,5.33,0,TypeScript,2021-2023,1.0,3.0,0.0,1.33,10
16,0,0,0,146,32,2,0,0,0.0,0,TypeScript,2021-2023,1.0,4.42,0.0,0.0,0
16,0,0,0,15,13,1,0,1,4.0,0,TypeScript,2021-2023,1.0,1.07,0.0,2.0,10
16,0,0,0,1,83,11,0,0,0.0,0,TypeScript,2021-2023,1.0,0.01,0.0,0.0,10
16,0,0,0,755,276,14,3,6,1.33,1,TypeScript,2021-2023,0.4,2.73,0.2,0.09,4
16,0,0,0,103,4,1,0,0,0.0,0,TypeScript,2021-2023,1.0,20.6,0.0,0.0,3
16,0,0,0,5,1,1,0,2,4.5,1,TypeScript,2021-2023,0.4,2.5,0.0,2.25,5
17,0,0,0,16372,0,93,0,61,3.16,0,TypeScript,2021-2023,1.0,16372.0,0.0,0.03,9
17,0,0,0,32,9,9,0,0,0.0,1,TypeScript,2021-2023,0.4,3.2,0.0,0.0,10
18,0,0,0,1,0,1,0,0,0.0,0,TypeScript,2021-2023,1.0,1.0,0.0,0.0,0
18,0,0,0,3159,2769,12,0,10,6.0,1,TypeScript,2021-2023,0.4,1.14,0.0,0.46,9
20,0,0,0,67,23,12,1,0,0.0,0,TypeScript,2021-2023,1.0,2.79,0.08,0.0,11
20,0,0,0,5,5,1,0,4,5.0,1,TypeScript,2021-2023,0.4,0.83,0.0,2.5,11
0,1,0,1,72,72,8,0,0,0.0,0,TypeScript,2021-2023,1.0,0.99,0.0,0.0,0
1,1,0,1,53,53,2,0,0,0.0,0,TypeScript,2021-2023,1.0,0.98,0.0,0.0,0
4,1,0,1,404,404,50,0,0,0.0,0,TypeScript,2021-2023,1.0,1.0,0.0,0.0,0
5,1,0,1,79,43,4,0,5,7.4,0,TypeScript,2021-2023,1.0,1.8,0.0,1.48,0
5,1,0,1,200,200,37,0,0,0.0,0,TypeScript,2021-2023,1.0,1.0,0.0,0.0,0
6,1,0,0,238,238,41,0,0,0.0,0,TypeScript,2021-2023,1.0,1.0,0.0,0.0,0
8,1,0,0,2,1,1,0,1,8.0,1,TypeScript,2021-2023,0.4,1.0,0.0,4.0,6
9,1,0,0,209,33,16,3,15,4.87,0,TypeScript,2021-2023,1.0,6.15,0.18,0.29,0
9,1,0,0,16,26,1,0,0,0.0,0,TypeScript,2021-2023,1.0,0.59,0.0,0.0,0
9,1,0,0,267,90,1,0,0,0.0,0,TypeScript,2021-2023,1.0,2.93,0.0,0.0,0
9,1,0,0,7,3,1,0,1,1.0,1,TypeScript,2021-2023,0.4,1.75,0.0,0.5,3
10,1,0,0,88,54,14,12,21,1.71,0,TypeScript,2021-2023,1.0,1.6,0.8,0.11,0
10,1,0,0,25,25,10,8,9,1.11,0,TypeScript,2021-2023,1.0,0.96,0.73,0.1,0
10,1,0,0,5,0,1,1,1,1.0,0,TypeScript,2021-2023,1.0,5.0,0.5,0.5,0
10,1,0,0,23,28,3,0,2,2.5,1,TypeScript,2021-2023,0.4,0.79,0.0,0.62,10
11,1,0,0,7,0,1,0,0,0.0,0,TypeScript,2021-2023,1.0,7.0,0.0,0.0,3
11,1,0,0,237,200,17,2,29,5.1,0,TypeScript,2021-2023,1.0,1.18,0.11,0.28,0
12,1,0,0,112,44,4,0,14,4.07,1,TypeScript,2021-2023,0.4,2.49,0.0,0.81,7
13,1,0,0,84,1,1,0,3,3.0,0,TypeScript,2021-2023,1.0,42.0,0.0,1.5,0
14,1,0,0,53,23,5,1,8,11.5,1,TypeScript,2021-2023,0.4,2.21,0.17,1.92,4
15,1,0,0,184,160,29,0,71,6.55,0,TypeScript,2021-2023,1.0,1.14,0.0,0.22,0
15,1,0,0,10,10,4,0,0,0.0,1,TypeScript,2021-2023,0.4,0.91,0.0,0.0,11
16,1,0,0,242,0,1,0,0,0.0,0,TypeScript,2021-2023,1.0,242.0,0.0,0.0,0
18,1,0,0,52,52,2,0,0,0.0,0,TypeScript,2021-2023,1.0,0.98,0.0,0.0,0
0,2,0,1,92,92,8,0,0,0.0,0,TypeScript,2021-2023,1.0,0.99,0.0,0.0,0
1,2,0,1,52,52,2,0,0,0.0,0,TypeScript,2021-2023,1.0,0.98,0.0,0.0,0
8,2,0,0,35,0,1,1,1,1.0,0,TypeScript,2021-2023,1.0,35.0,0.5,0.5,12
10,2,0,0,10,3,4,0,5,14.4,1,TypeScript,2021-2023,0.4,2.5,0.0,2.88,3
10,2,0,0,22,22,7,0,0,0.0,0,TypeScript,2021-2023,1.0,0.96,0.0,0.0,0
10,2,0,0,2,8,3,0,0,0.0,0,TypeScript,2021-2023,1.0,0.22,0.0,0.0,0
11,2,0,0,30,16,2,0,0,0.0,1,TypeScript,2021-2023,0.4,1.76,0.0,0.0,0
13,2,0,0,1377,1399,407,2,19,1.58,0,TypeScript,2021-2023,1.0,0.98,0.0,0.0,0
13,2,0,0,34,28,5,0,7,2.57,0,TypeScript,2021-2023,1.0,1.17,0.0,0.43,0
13,2,0,0,84,2,6,0,3,3.0,0,TypeScript,2021-2023,1.0,28.0,0.0,0.43,12
15,2,0,0,484,371,14,1,9,1.22,0,TypeScript,2021-2023,1.0,1.3,0.07,0.08,12
16,2,0,0,5,0,1,0,0,0.0,0,TypeScript,2021-2023,1.0,5.0,0.0,0.0,12
16,2,0,0,498,47,17,0,15,4.2,1,TypeScript,2021-2023,0.4,10.38,0.0,0.23,12
16,2,0,0,3196,48,45,0,61,2.13,0,TypeScript,2021-2023,1.0,65.22,0.0,0.05,0
16,2,0,0,3270,8002,404,0,6,7.83,0,TypeScript,2021-2023,1.0,0.41,0.0,0.02,0
17,2,0,0,491,0,1,0,0,0.0,0,TypeScript,2021-2023,1.0,491.0,0.0,0.0,0
19,2,0,0,1,1,1,0,0,0.0,0,TypeScript,2021-2023,1.0,0.5,0.0,0.0,0
19,2,0,0,2,1,1,0,0,0.0,0,TypeScript,2021-2023,1.0,1.0,0.0,0.0,0
22,2,0,1,49,29,9,1,13,5.08,0,TypeScript,2021-2023,1.0,1.63,0.1,0.51,13
23,2,0,1,18,8,2,0,0,0.0,0,TypeScript,2021-2023,1.0,2.0,0.0,0.0,0
0,3,0,1,8,8,6,0,0,0.0,0,TypeScript,2021-2023,1.0,0.89,0.0,0.0,0
9,3,0,0,63,31,5,0,3,8.0,1,TypeScript,2021-2023,0.4,1.97,0.0,1.33,8
9,3,0,0,4,0,1,0,0,0.0,1,TypeScript,2021-2023,0.4,4.0,0.0,0.0,9
11,3,0,0,131,145,22,1,9,2.89,0,TypeScript,2021-2023,1.0,0.9,0.04,0.13,12
12,3,0,0,44,33,9,0,8,2.88,0,TypeScript,2021-2023,1.0,1.29,0.0,0.29,0
13,3,0,0,511,7158,19,1,10,3.5,0,TypeScript,2021-2023,1.0,0.07,0.05,0.18,12
13,3,0,0,343,185,4,0,0,0.0,0,TypeScript,2021-2023,1.0,1.84,0.0,0.0,0
13,3,0,0,1,1,1,0,0,0.0,0,TypeScript,2021-2023,1.0,0.5,0.0,0.0,12
16,3,0,0,452,100,11,0,18,4.22,0,TypeScript,2021-2023,1.0,4.48,0.0,0.35,10
16,3,0,0,60,285,12,1,19,6.53,0,TypeScript,2021-2023,1.0,0.21,0.08,0.5,10
16,3,0,0,3,16,2,0,2,2.0,0,TypeScript,2021-2023,1.0,0.18,0.0,0.67,10
20,3,0,0,52,52,2,0,0,0.0,0,TypeScript,2021-2023,1.0,0.98,0.0,0.0,0
21,3,0,0,9,9,1,0,0,0.0,0,TypeScript,2021-2023,1.0,0.9,0.0,0.0,0
0,4,0,1,8,8,6,0,0,0.0,0,TypeScript,2021-2023,1.0,0.89,0.0,0.0,0
3,4,0,1,6,6,2,0,0,0.0,0,TypeScript,2021-2023,1.0,0.86,0.0,0.0,0
4,4,0,1,52,52,2,0,0,0.0,0,TypeScript,2021-2023,1.0,0.98,0.0,0.0,0
9,4,0,0,150,119,2,0,0,0.0,0,TypeScript,2021-2023,1.0,1.25,0.0,0.0,12
10,4,0,0,406,336,5,0,0,0.0,0,TypeScript,2021-2023,1.0,1.2,0.0,0.0,12
10,4,0,0,18,4,2,0,5,2.0,1,TypeScript,2021-2023,0.4,3.6,0.0,0.67,4
10,4,0,0,5,0,1,0,0,0.0,0,TypeScript,2021-2023,1.0,5.0,0.0,0.0,5
10,4,0,0,27,19,1,0,3,3.0,1,TypeScript,2021-2023,0.4,1.35,0.0,1.5,5
10,4,0,0,391,0,1,0,0,0.0,0,TypeScript,2021-2023,1.0,391.0,0.0,0.0,0
11,4,0,0,3,0,1,0,1,76.0,1,TypeScript,2021-2023,0.4,3.0,0.0,38.0,10
12,4,0,0,326,149,15,1,26,4.96,1,TypeScript,2021-2023,0.4,2.17,0.06,0.31,6
14,4,0,0,209,238,2,0,0,0.0,0,TypeScript,2021-2023,1.0,0.87,0.0,0.0,12
15,4,0,0,201,217,2,0,0,0.0,0,TypeScript,2021-2023,1.0,0.92,0.0,0.0,0
18,4,0,0,11,11,5,0,4,1.0,0,TypeScript,2021-2023,1.0,0.92,0.0,0.17,13
0,5,1,1,8,8,6,0,0,0.0,0,TypeScript,2021-2023,1.0,0.89,0.0,0.0,0
7,5,1,0,11,11,2,0,0,0.0,0,TypeScript,2021-2023,1.0,0.92,0.0,0.0,0
13,5,1,0,296,286,3,0,0,0.0,0,TypeScript,2021-2023,1.0,1.03,0.0,0.0,12
0,6,1,1,8,8,6,0,0,0.0,0,TypeScript,2021-2023,1.0,0.89,0.0,0.0,0
2,6,1,1,2,8,3,0,0,0.0,0,TypeScript,2021-2023,1.0,0.22,0.0,0.0,0
4,6,1,1,6,6,2,0,0,0.0,0,TypeScript,2021-2023,1.0,0.86,0.0,0.0,0
6,6,1,0,37,9,9,0,4,6.0,0,TypeScript,2021-2023,1.0,3.7,0.0,0.6,0
6,6,1,0,209,209,38,0,0,0.0,0,TypeScript,2021-2023,1.0,1.0,0.0,0.0,0
8,6,1,0,53,6,6,0,6,2.17,0,TypeScript,2021-2023,1.0,7.57,0.0,0.31,0
8,6,1,0,126,126,29,0,0,0.0,0,TypeScript,2021-2023,1.0,0.99,0.0,0.0,0
11,6,1,0,279,221,9,0,0,0.0,0,TypeScript,2021-2023,1.0,1.26,0.0,0.0,0
22,6,1,1,6,6,2,0,0,0.0,0,TypeScript,2021-2023,1.0,0.86,0.0,0.0,0
23,6,1,1,79,3,4,0,0,0.0,0,TypeScript,2021-2023,1.0,19.75,0.0,0.0,12
23,6,1,1,543,13388,36,2,24,2.17,0,TypeScript,2021-2023,1.0,0.04,0.05,0.06,12
0,0,0,1,76,76,8,0,0,0.0,0,TypeScript,2021-2023,1.0,0.99,0.0,0.0,0
11,0,0,0,85,87,2,2,0,0.0,0,TypeScript,2021-2023,1.0,0.97,0.67,0.0,0
11,0,0,0,244,181,14,0,26,3.5,0,TypeScript,2021-2023,1.0,1.34,0.0,0.23,12
12,0,0,0,120,18,15,0,15,2.0,0,TypeScript,2021-2023,1.0,6.32,0.0,0.12,0
12,0,0,0,194,214,6,0,0,0.0,0,TypeScript,2021-2023,1.0,0.9,0.0,0.0,12
13,0,0,0,14,14,12,0,0,0.0,0,TypeScript,2021-2023,1.0,0.93,0.0,0.0,0
13,0,0,0,821,377,3,0,0,0.0,0,TypeScript,2021-2023,1.0,2.17,0.0,0.0,0
14,0,0,0,9,27,1,0,0,0.0,1,TypeScript,2021-2023,0.4,0.32,0.0,0.0,11
14,0,0,0,135,13105,15,0,2,3.5,0,TypeScript,2021-2023,1.0,0.01,0.0,0.22,12
14,0,0,0,625,584,12,0,2,25.5,0,TypeScript,2021-2023,1.0,1.07,0.0,1.96,0
14,0,0,0,10,0,1,0,0,0.0,0,TypeScript,2021-2023,1.0,10.0,0.0,0.0,0
14,0,0,0,237,224,17,1,8,1.25,0,TypeScript,2021-2023,1.0,1.05,0.06,0.07,12
16,0,0,0,5,5,2,0,0,0.0,1,TypeScript,2021-2023,0.4,0.83,0.0,0.0,13
16,0,0,0,55,34,8,0,11,6.73,0,TypeScript,2021-2023,1.0,1.57,0.0,0.75,12
17,0,0,0,14,33,2,0,2,1.0,0,TypeScript,2021-2023,1.0,0.41,0.0,0.33,0
17,0,0,0,1692,2039,16,0,2,1.0,0,TypeScript,2021-2023,1.0,0.83,0.0,0.06,0
0,1,0,1,8,8,6,0,0,0.0,0,TypeScript,2021-2023,1.0,0.89,0.0,0.0,0
8,1,0,0,8,8,1,0,0,0.0,0,TypeScript,2021-2023,1.0,0.89,0.0,0.0,0
8,1,0,0,52,52,2,0,0,0.0,0,TypeScript,2021-2023,1.0,0.98,0.0,0.0,0
9,1,0,0,4,0,1,0,2,4.0,1,TypeScript,2021-2023,0.4,4.0,0.0,2.0,5
9,1,0,0,848,88,42,3,42,5.48,0,TypeScript,2021-2023,1.0,9.53,0.07,0.13,6
9,1,0,0,3,3,1,0,0,0.0,1,TypeScript,2021-2023,0.4,0.75,0.0,0.0,0
9,1,0,0,3,0,1,0,0,0.0,0,TypeScript,2021-2023,1.0,3.0,0.0,0.0,12
10,1,0,0,10,10,1,0,0,0.0,0,TypeScript,2021-2023,1.0,0.91,0.0,0.0,0
10,1,0,0,224,320,34,0,11,2.55,0,TypeScript,2021-2023,1.0,0.7,0.0,0.07,12
11,1,0,0,136,87,14,0,16,5.0,0,TypeScript,2021-2023,1.0,1.55,0.0,0.33,12
12,1,0,0,18643,2,5,0,0,0.0,0,TypeScript,2021-2023,1.0,6214.33,0.0,0.0,12
15,1,0,0,61,62,16,0,17,3.94,0,TypeScript,2021-2023,1.0,0.97,0.0,0.23,12
15,1,0,0,4,6,4,0,2,1.0,0,TypeScript,2021-2023,1.0,0.57,0.0,0.2,12
17,1,0,0,7,10,2,0,0,0.0,0,TypeScript,2021-2023,1.0,0.64,0.0,0.0,0
17,1,0,0,165,156,1,0,0,0.0,0,TypeScript,2021-2023,1.0,1.05,0.0,0.0,0
23,1,0,1,1,1,1,0,0,0.0,0,TypeScript,2021-2023,1.0,0.5,0.0,0.0,0
0,2,0,1,8,8,6,0,0,0.0,0,TypeScript,2021-2023,1.0,0.89,0.0,0.0,0
1,2,0,1,82,0,8,0,7,1.0,0,TypeScript,2021-2023,1.0,82.0,0.0,0.11,12
9,2,0,0,95,61,2,0,6,3.33,0,TypeScript,2021-2023,1.0,1.53,0.0,1.11,0
10,2,0,0,202,148,16,0,16,5.0,0,TypeScript,2021-2023,1.0,1.36,0.0,0.29,12
10,2,0,0,31,31,1,0,0,0.0,0,TypeScript,2021-2023,1.0,0.97,0.0,0.0,0
14,2,0,0,6,6,2,0,0,0.0,0,TypeScript,2021-2023,1.0,0.86,0.0,0.0,0
14,2,0,0,3385,135,38,0,103,1.48,0,TypeScript,2021-2023,1.0,24.89,0.0,0.04,0
15,2,0,0,1114,1851,67,0,2,2.0,0,TypeScript,2021-2023,1.0,0.6,0.0,0.03,0
15,2,0,0,731,4,4,0,0,0.0,0,TypeScript,2021-2023,1.0,146.2,0.0,0.0,0
19,2,0,0,79,5,1,0,0,0.0,0,TypeScript,2021-2023,1.0,13.17,0.0,0.0,0
0,3,0,1,8,8,6,0,0,0.0,0,TypeScript,2021-2023,1.0,0.89,0.0,0.0,0
4,3,0,1,370,826,1,0,0,0.0,0,TypeScript,2021-2023,1.0,0.45,0.0,0.0,0
9,3,0,0,110,110,25,0,0,0.0,0,TypeScript,2021-2023,1.0,0.99,0.0,0.0,0
10,3,0,0,2,2,2,0,0,0.0,0,TypeScript,2021-2023,1.0,0.67,0.0,0.0,0
10,3,0,0,6,6,4,4,0,0.0,0,TypeScript,2021-2023,1.0,0.86,0.8,0.0,0
13,3,0,0,5,5,2,0,0,0.0,0,TypeScript,2021-2023,1.0,0.83,0.0,0.0,0
14,3,0,0,3900,4367,4,0,1,4.0,0,TypeScript,2021-2023,1.0,0.89,0.0,0.8,0
16,3,0,0,61,68,5,0,6,2.83,0,TypeScript,2021-2023,1.0,0.88,0.0,0.47,12
16,3,0,0,1672,1947,167,0,175,3.03,0,TypeScript,2021-2023,1.0,0.86,0.0,0.02,12
16,3,0,0,0,41,2,0,3,1.0,0,TypeScript,2021-2023,1.0,0.0,0.0,0.33,12
18,3,0,0,41,3,6,0,5,1.2,0,TypeScript,2021-2023,1.0,10.25,0.0,0.17,0
18,3,0,0,4,2041,33,0,41,1.85,0,TypeScript,2021-2023,1.0,0.0,0.0,0.05,0
23,3,0,1,694,856,165,1,57,4.32,0,TypeScript,2021-2023,1.0,0.81,0.01,0.03,12
0,4,0,1,50,50,8,0,0,0.0,0,TypeScript,2021-2023,1.0,0.98,0.0,0.0,0
3,4,0,1,209,209,38,0,0,0.0,0,TypeScript,2021-2023,1.0,1.0,0.0,0.0,0
8,4,0,0,0,59,5,0,5,1.0,0,TypeScript,2021-2023,1.0,0.0,0.0,0.17,12
8,4,0,0,6,55,23,0,16,1.31,0,TypeScript,2021-2023,1.0,0.11,0.0,0.05,12
10,4,0,0,2,4,1,0,2,7.0,0,TypeScript,2021-2023,1.0,0.4,0.0,3.5,0
12,4,0,0,38,2,10,0,3,8.33,0,TypeScript,2021-2023,1.0,12.67,0.0,0.76,0
13,4,0,0,227,162,14,0,19,6.84,0,TypeScript,2021-2023,1.0,1.39,0.0,0.46,12
14,4,0,0,1,1,1,0,0,0.0,0,TypeScript,2021-2023,1.0,0.5,0.0,0.0,0
14,4,0,0,4,0,1,0,0,0.0,0,TypeScript,2021-2023,1.0,4.0,0.0,0.0,0
16,4,0,0,1859,1508,296,0,8,19.38,0,TypeScript,2021-2023,1.0,1.23,0.0,0.07,0
16,4,0,0,21,19,2,0,0,0.0,0,TypeScript,2021-2023,1.0,1.05,0.0,0.0,0
16,4,0,0,80,73,10,0,11,1.73,0,TypeScript,2021-2023,1.0,1.08,0.0,0.16,0
16,4,0,0,4,3,1,0,1,1.0,0,TypeScript,2021-2023,1.0,1.0,0.0,0.5,0
22,4,0,1,53,53,2,0,0,0.0,0,TypeScript,2021-2023,1.0,0.98,0.0,0.0,0
0,5,1,1,74,74,8,0,0,0.0,0,TypeScript,2021-2023,1.0,0.99,0.0,0.0,0
3,5,1,1,74,74,19,0,0,0.0,0,TypeScript,2021-2023,1.0,0.99,0.0,0.0,0
6,5,1,0,64,0,2,1,4,5.75,0,TypeScript,2021-2023,1.0,64.0,0.33,1.92,0
6,5,1,0,22,19,8,0,0,0.0,0,TypeScript,2021-2023,1.0,1.1,0.0,0.0,0
12,5,1,0,415,2,8,0,1,327.0,0,TypeScript,2021-2023,1.0,138.33,0.0,36.33,0
0,6,1,1,25,25,8,0,0,0.0,0,TypeScript,2021-2023,1.0,0.96,0.0,0.0,0
1,6,1,1,209,212,38,0,0,0.0,0,TypeScript,2021-2023,1.0,0.98,0.0,0.0,0
1,6,1,1,6,6,2,0,0,0.0,0,TypeScript,2021-2023,1.0,0.86,0.0,0.0,0
10,6,1,0,176,13,12,0,8,5.88,0,TypeScript,2021-2023,1.0,12.57,0.0,0.45,0
0,0,0,1,74,74,8,0,0,0.0,0,TypeScript,2021-2023,1.0,0.99,0.0,0.0,0
15,0,0,0,19119,6822,311,17,303,2.49,0,TypeScript,2021-2023,1.0,2.8,0.05,0.01,0
17,0,0,0,91,58,31,0,0,0.0,0,TypeScript,2021-2023,1.0,1.54,0.0,0.0,0
0,1,0,1,8,8,6,0,0,0.0,0,TypeScript,2021-2023,1.0,0.89,0.0,0.0,0
9,1,0,0,58,91,31,0,0,0.0,0,TypeScript,2021-2023,1.0,0.63,0.0,0.0,0
10,1,0,0,64,470,1,0,0,0.0,0,TypeScript,2021-2023,1.0,0.14,0.0,0.0,0
11,1,0,0,315,316,212,0,0,0.0,0,TypeScript,2021-2023,1.0,0.99,0.0,0.0,0
12,1,0,0,288,0,2,0,0,0.0,0,TypeScript,2021-2023,1.0,288.0,0.0,0.0,0
13,1,0,0,90,57,31,0,0,0.0,0,TypeScript,2021-2023,1.0,1.55,0.0,0.0,0
14,1,0,0,1231,1070,264,0,0,0.0,0,TypeScript,2021-2023,1.0,1.15,0.0,0.0,0
16,1,0,0,139,64,3,0,10,2.7,0,TypeScript,2021-2023,1.0,2.14,0.0,0.68,0
16,1,0,0,618,1,7,0,4,1.0,0,TypeScript,2021-2023,1.0,309.0,0.0,0.12,0
16,1,0,0,730,0,5,0,4,1.0,0,TypeScript,2021-2023,1.0,730.0,0.0,0.17,0
21,1,0,0,6,6,2,0,0,0.0,0,TypeScript,2021-2023,1.0,0.86,0.0,0.0,0
0,2,0,1,8,8,6,0,0,0.0,0,TypeScript,2021-2023,1.0,0.89,0.0,0.0,0
8,2,0,0,1571,1513,152,1,97,5.72,0,TypeScript,2021-2023,1.0,1.04,0.01,0.04,12
12,2,0,0,4,4,1,0,1,2.0,0,TypeScript,2021-2023,1.0,0.8,0.0,1.0,0
12,2,0,0,6,6,2,0,0,0.0,0,TypeScript,2021-2023,1.0,0.86,0.0,0.0,0
12,2,0,0,170,0,1,0,0,0.0,0,TypeScript,2021-2023,1.0,170.0,0.0,0.0,0
13,2,0,0,141,137,1,0,0,0.0,0,TypeScript,2021-2023,1.0,1.02,0.0,0.0,0
13,2,0,0,646,1414,15,0,6,17.67,0,TypeScript,2021-2023,1.0,0.46,0.0,1.1,0
13,2,0,0,38,34,45,0,0,0.0,0,TypeScript,2021-2023,1.0,1.09,0.0,0.0,0
13,2,0,0,84,0,2,0,6,1.67,0,TypeScript,2021-2023,1.0,84.0,0.0,0.56,0
22,2,0,1,275,185,19,0,18,4.67,0,TypeScript,2021-2023,1.0,1.48,0.0,0.23,12
22,2,0,1,221,240,14,0,12,5.67,0,TypeScript,2021-2023,1.0,0.92,0.0,0.38,12
0,3,0,1,8,8,6,0,0,0.0,0,TypeScript,2021-2023,1.0,0.89,0.0,0.0,0
10,3,0,0,379,2,9,0,1,1.0,0,TypeScript,2021-2023,1.0,126.33,0.0,0.1,0
10,3,0,0,0,491,3,0,0,0.0,0,TypeScript,2021-2023,1.0,0.0,0.0,0.0,0
16,3,0,0,1476,1476,144,0,0,0.0,0,TypeScript,2021-2023,1.0,1.0,0.0,0.0,0
16,3,0,0,8,2,2,0,3,4.33,0,TypeScript,2021-2023,1.0,2.67,0.0,1.44,0
16,3,0,0,186,0,1,0,0,0.0,0,TypeScript,2021-2023,1.0,186.0,0.0,0.0,0
16,3,0,0,897,795,9,0,1,1.0,0,TypeScript,2021-2023,1.0,1.13,0.0,0.1,0
16,3,0,0,316,198,7,0,2,1.0,0,TypeScript,2021-2023,1.0,1.59,0.0,0.12,0
17,3,0,0,53,53,2,0,0,0.0,0,TypeScript,2021-2023,1.0,0.98,0.0,0.0,0
18,3,0,0,103,37,4,0,1,1.0,0,TypeScript,2021-2023,1.0,2.71,0.0,0.2,0
23,3,0,1,82,38,14,0,50,1.16,0,TypeScript,2021-2023,1.0,2.1,0.0,0.08,0
23,3,0,1,191,197,37,0,0,0.0,0,TypeScript,2021-2023,1.0,0.96,0.0,0.0,0
0,4,0,1,72,72,8,0,0,0.0,0,TypeScript,2021-2023,1.0,0.99,0.0,0.0,0
8,4,0,0,52,3,6,0,9,5.11,0,TypeScript,2021-2023,1.0,13.0,0.0,0.73,0
8,4,0,0,306,306,47,0,0,0.0,0,TypeScript,2021-2023,1.0,1.0,0.0,0.0,0
9,4,0,0,669,471,45,0,61,3.18,0,TypeScript,2021-2023,1.0,1.42,0.0,0.07,12
10,4,0,0,2,2,1,0,2,1.0,0,TypeScript,2021-2023,1.0,0.67,0.0,0.5,0
12,4,0,0,1,0,1,0,1,2.0,0,TypeScript,2021-2023,1.0,1.0,0.0,1.0,0
12,4,0,0,45,45,16,0,0,0.0,0,TypeScript,2021-2023,1.0,0.98,0.0,0.0,0
15,4,0,0,349,0,1,0,0,0.0,0,TypeScript,2021-2023,1.0,349.0,0.0,0.0,0
0,5,1,1,86,86,8,0,0,0.0,0,TypeScript,2021-2023,1.0,0.99,0.0,0.0,0
2,5,1,1,6,6,2,0,0,0.0,0,TypeScript,2021-2023,1.0,0.86,0.0,0.0,0
10,5,1,0,582,520,43,0,42,6.6,0,TypeScript,2021-2023,1.0,1.12,0.0,0.15,12
18,5,1,0,7,7,2,0,0,0.0,0,TypeScript,2021-2023,1.0,0.88,0.0,0.0,0
18,0,0,0,3,3,1,0,0,0.0,0,TypeScript,2024-2026,1.0,0.75,0.0,0.0,0
23,0,0,1,6,6,2,0,0,0.0,0,TypeScript,2024-2026,1.0,0.86,0.0,0.0,0
15,1,0,0,6,6,2,0,0,0.0,0,TypeScript,2024-2026,1.0,0.86,0.0,0.0,0
17,1,0,0,14,6,2,0,0,0.0,0,TypeScript,2024-2026,1.0,2.0,0.0,0.0,0
23,1,0,1,46,46,2,0,0,0.0,0,TypeScript,2024-2026,1.0,0.98,0.0,0.0,0
1,2,0,1,753,1044,2,0,0,0.0,0,TypeScript,2024-2026,1.0,0.72,0.0,0.0,0
7,2,0,0,3,3,2,0,0,0.0,0,TypeScript,2024-2026,1.0,0.75,0.0,0.0,0
10,2,0,0,9,9,2,0,0,0.0,0,TypeScript,2024-2026,1.0,0.9,0.0,0.0,0
20,5,1,0,6,6,2,0,0,0.0,0,TypeScript,2024-2026,1.0,0.86,0.0,0.0,0
20,5,1,0,6,6,2,0,0,0.0,0,TypeScript,2024-2026,1.0,0.86,0.0,0.0,0
2,6,1,1,16,16,7,0,0,0.0,0,TypeScript,2024-2026,1.0,0.94,0.0,0.0,0
5,6,1,1,111,111,2,0,0,0.0,0,TypeScript,2024-2026,1.0,0.99,0.0,0.0,0
8,6,1,0,46,46,2,0,0,0.0,0,TypeScript,2024-2026,1.0,0.98,0.0,0.0,0
12,6,1,0,632,259,2,0,0,0.0,0,TypeScript,2024-2026,1.0,2.43,0.0,0.0,0
17,6,1,0,1,1,1,0,0,0.0,0,TypeScript,2024-2026,1.0,0.5,0.0,0.0,0
1,0,0,1,6,22,2,0,0,0.0,0,TypeScript,2024-2026,1.0,0.26,0.0,0.0,0
17,0,0,0,6,6,2,0,0,0.0,0,TypeScript,2024-2026,1.0,0.86,0.0,0.0,0
19,2,0,0,22,22,10,0,0,0.0,0,TypeScript,2024-2026,1.0,0.96,0.0,0.0,0
20,2,0,0,1,1,1,0,0,0.0,0,TypeScript,2024-2026,1.0,0.5,0.0,0.0,0
7,3,0,0,10,10,1,0,0,0.0,0,TypeScript,2024-2026,1.0,0.91,0.0,0.0,0
22,4,0,1,302,302,3,0,137,7.98,0,TypeScript,2024-2026,1.0,1.0,0.0,2.0,0
21,5,1,0,40,40,2,0,0,0.0,0,TypeScript,2024-2026,1.0,0.98,0.0,0.0,0
1,6,1,1,8,8,2,0,0,0.0,0,TypeScript,2024-2026,1.0,0.89,0.0,0.0,0
5,6,1,1,11,11,2,0,0,0.0,0,TypeScript,2024-2026,1.0,0.92,0.0,0.0,0
14,6,1,0,306,678,2,0,0,0.0,0,TypeScript,2024-2026,1.0,0.45,0.0,0.0,0
16,6,1,0,6,6,2,0,0,0.0,0,TypeScript,2024-2026,1.0,0.86,0.0,0.0,0
22,6,1,1,8,8,2,0,0,0.0,0,TypeScript,2024-2026,1.0,0.89,0.0,0.0,0
1,0,0,1,111,111,2,0,0,0.0,0,TypeScript,2024-2026,1.0,0.99,0.0,0.0,0
10,0,0,0,13,13,2,0,0,0.0,0,TypeScript,2024-2026,1.0,0.93,0.0,0.0,0
1,1,0,1,6,6,2,0,0,0.0,0,TypeScript,2024-2026,1.0,0.86,0.0,0.0,0
20,1,0,0,11,11,2,0,0,0.0,0,TypeScript,2024-2026,1.0,0.92,0.0,0.0,0
21,1,0,0,454,115,6,1,3,1.33,0,TypeScript,2024-2026,1.0,3.91,0.14,0.19,0
1,2,0,1,6,6,2,0,0,0.0,0,TypeScript,2024-2026,1.0,0.86,0.0,0.0,0
22,2,0,1,6,6,2,0,0,0.0,0,TypeScript,2024-2026,1.0,0.86,0.0,0.0,0
3,3,0,1,16,16,2,0,0,0.0,0,TypeScript,2024-2026,1.0,0.94,0.0,0.0,0
8,3,0,0,7,7,2,0,0,0.0,0,TypeScript,2024-2026,1.0,0.88,0.0,0.0,0
13,4,0,0,7,7,2,0,0,0.0,0,TypeScript,2024-2026,1.0,0.88,0.0,0.0,0
18,4,0,0,8,8,2,0,0,0.0,0,TypeScript,2024-2026,1.0,0.89,0.0,0.0,0
0,5,1,1,6,6,2,0,0,0.0,0,TypeScript,2024-2026,1.0,0.86,0.0,0.0,0
1,5,1,1,6,6,2,0,0,0.0,0,TypeScript,2024-2026,1.0,0.86,0.0,0.0,0
6,5,1,0,6,6,2,0,0,0.0,0,TypeScript,2024-2026,1.0,0.86,0.0,0.0,0
13,5,1,0,6,6,2,0,0,0.0,0,TypeScript,2024-2026,1.0,0.86,0.0,0.0,0
17,5,1,0,6,6,2,0,0,0.0,0,TypeScript,2024-2026,1.0,0.86,0.0,0.0,0
12,6,1,0,746,375,2,0,0,0.0,0,TypeScript,2024-2026,1.0,1.98,0.0,0.0,0
9,0,0,0,8,8,2,0,0,0.0,0,TypeScript,2024-2026,1.0,0.89,0.0,0.0,0
2,1,0,1,1,1,1,0,0,0.0,0,TypeScript,2024-2026,1.0,0.5,0.0,0.0,0
9,1,0,0,12,12,2,0,0,0.0,0,TypeScript,2024-2026,1.0,0.92,0.0,0.0,0
0,2,0,1,6,6,2,0,0,0.0,0,TypeScript,2024-2026,1.0,0.86,0.0,0.0,0
2,2,0,1,46,46,2,0,0,0.0,0,TypeScript,2024-2026,1.0,0.98,0.0,0.0,0
5,2,0,1,82,103,2,0,0,0.0,0,TypeScript,2024-2026,1.0,0.79,0.0,0.0,0
21,2,0,0,8,8,2,0,0,0.0,0,TypeScript,2024-2026,1.0,0.89,0.0,0.0,0
2,3,0,1,6,6,2,0,0,0.0,0,TypeScript,2024-2026,1.0,0.86,0.0,0.0,0
19,3,0,0,13,13,3,0,0,0.0,0,TypeScript,2024-2026,1.0,0.93,0.0,0.0,0
21,3,0,0,6,6,2,0,0,0.0,0,TypeScript,2024-2026,1.0,0.86,0.0,0.0,0
6,4,0,0,32,29,3,0,1,5.0,0,TypeScript,2024-2026,1.0,1.07,0.0,1.25,0
7,4,0,0,8,7,3,0,0,0.0,0,TypeScript,2024-2026,1.0,1.0,0.0,0.0,0
11,4,0,0,10,10,4,0,0,0.0,0,TypeScript,2024-2026,1.0,0.91,0.0,0.0,0
11,4,0,0,6,6,2,0,0,0.0,0,TypeScript,2024-2026,1.0,0.86,0.0,0.0,0
13,4,0,0,4,4,1,0,0,0.0,0,TypeScript,2024-2026,1.0,0.8,0.0,0.0,0
18,4,0,0,46,46,2,0,0,0.0,0,TypeScript,2024-2026,1.0,0.98,0.0,0.0,0
8,6,1,0,425,782,2,0,0,0.0,0,TypeScript,2024-2026,1.0,0.54,0.0,0.0,0
10,6,1,0,8,8,2,0,0,0.0,0,TypeScript,2024-2026,1.0,0.89,0.0,0.0,0
13,6,1,0,6,6,2,0,0,0.0,0,TypeScript,2024-2026,1.0,0.86,0.0,0.0,0
22,2,0,1,1,1,1,0,0,0.0,0,TypeScript,2024-2026,1.0,0.5,0.0,0.0,0
3,3,0,1,12,12,2,0,0,0.0,0,TypeScript,2024-2026,1.0,0.92,0.0,0.0,0
5,3,0,1,3,3,1,0,0,0.0,0,TypeScript,2024-2026,1.0,0.75,0.0,0.0,0
10,3,0,0,111,111,2,0,0,0.0,0,TypeScript,2024-2026,1.0,0.99,0.0,0.0,0
13,3,0,0,11,11,1,0,0,0.0,0,TypeScript,2024-2026,1.0,0.92,0.0,0.0,0
3,4,0,1,193,193,3,0,113,5.67,0,TypeScript,2024-2026,1.0,0.99,0.0,1.42,0
18,5,1,0,6,6,2,0,0,0.0,0,TypeScript,2024-2026,1.0,0.86,0.0,0.0,0
9,6,1,0,192,192,2,0,0,0.0,0,TypeScript,2024-2026,1.0,0.99,0.0,0.0,0
10,1,0,0,6,6,2,0,0,0.0,0,TypeScript,2024-2026,1.0,0.86,0.0,0.0,0
21,2,0,0,22,21,2,0,0,0.0,0,TypeScript,2024-2026,1.0,1.0,0.0,0.0,0
21,2,0,0,6,6,2,0,0,0.0,0,TypeScript,2024-2026,1.0,0.86,0.0,0.0,0
2,3,0,1,111,111,2,0,0,0.0,0,TypeScript,2024-2026,1.0,0.99,0.0,0.0,0
5,3,0,1,680,680,2,0,0,0.0,0,TypeScript,2024-2026,1.0,1.0,0.0,0.0,0
16,3,0,0,6,6,2,0,0,0.0,0,TypeScript,2024-2026,1.0,0.86,0.0,0.0,0
2,4,0,1,6,6,2,0,0,0.0,0,TypeScript,2024-2026,1.0,0.86,0.0,0.0,0
10,4,0,0,6,6,2,0,0,0.0,0,TypeScript,2024-2026,1.0,0.86,0.0,0.0,0
14,0,0,0,669,669,2,0,0,0.0,0,TypeScript,2024-2026,1.0,1.0,0.0,0.0,0
15,0,0,0,10,10,1,0,0,0.0,0,TypeScript,2024-2026,1.0,0.91,0.0,0.0,0
9,6,1,0,256,245,2,0,0,0.0,0,TypeScript,2024-2026,1.0,1.04,0.0,0.0,0
8,2,0,0,6,6,2,0,0,0.0,0,TypeScript,2024-2026,1.0,0.86,0.0,0.0,0
7,3,0,0,6,6,2,0,0,0.0,0,TypeScript,2024-2026,1.0,0.86,0.0,0.0,0
20,0,0,0,119,0,1,0,6,1.5,0,TypeScript,2024-2026,1.0,119.0,0.0,0.75,0
20,0,0,0,2,50,3,0,2,2.0,0,TypeScript,2024-2026,1.0,0.04,0.0,0.5,0
12,1,0,0,1633,1632,316,0,5,2.2,0,TypeScript,2024-2026,1.0,1.0,0.0,0.01,0
13,1,0,0,380,370,177,0,0,0.0,0,TypeScript,2024-2026,1.0,1.02,0.0,0.0,0
16,1,0,0,4,4,1,0,0,0.0,0,TypeScript,2024-2026,1.0,0.8,0.0,0.0,0
17,2,0,0,13,13,15,0,5,3.4,0,TypeScript,2024-2026,1.0,0.93,0.0,0.21,0
22,3,0,1,250,250,2,0,0,0.0,0,TypeScript,2024-2026,1.0,1.0,0.0,0.0,0
2,4,0,1,6,6,2,0,0,0.0,0,TypeScript,2024-2026,1.0,0.86,0.0,0.0,0
11,4,0,0,89,62,6,1,11,2.36,0,TypeScript,2024-2026,1.0,1.41,0.14,0.34,0
12,4,0,0,13,12,6,0,0,0.0,0,TypeScript,2024-2026,1.0,1.0,0.0,0.0,0
15,4,0,0,0,9,1,0,1,1.0,0,TypeScript,2024-2026,1.0,0.0,0.0,0.5,0
19,4,0,0,3,3,1,0,0,0.0,0,TypeScript,2024-2026,1.0,0.75,0.0,0.0,0
19,4,0,0,29,29,1,0,0,0.0,0,TypeScript,2024-2026,1.0,0.97,0.0,0.0,0
19,0,0,0,255,0,1,0,0,0.0,0,TypeScript,2024-2026,1.0,255.0,0.0,0.0,0
1,1,0,1,10,10,4,0,0,0.0,0,TypeScript,2024-2026,1.0,0.91,0.0,0.0,0
5,1,0,1,6,6,2,0,0,0.0,0,TypeScript,2024-2026,1.0,0.86,0.0,0.0,0
9,1,0,0,205,205,2,0,0,0.0,0,TypeScript,2024-2026,1.0,1.0,0.0,0.0,0
10,1,0,0,1,1,1,0,0,0.0,0,TypeScript,2024-2026,1.0,0.5,0.0,0.0,0
14,1,0,0,51,4,4,0,3,1.33,0,TypeScript,2024-2026,1.0,10.2,0.0,0.27,0
15,1,0,0,60,0,1,0,0,0.0,0,TypeScript,2024-2026,1.0,60.0,0.0,0.0,0
15,1,0,0,1,1,2,0,0,0.0,0,TypeScript,2024-2026,1.0,0.5,0.0,0.0,0
17,1,0,0,11,10,6,0,0,0.0,0,TypeScript,2024-2026,1.0,1.0,0.0,0.0,0
18,1,0,0,221,21,3,1,7,3.86,0,TypeScript,2024-2026,1.0,10.05,0.25,0.96,0
18,1,0,0,0,119,1,0,0,0.0,0,TypeScript,2024-2026,1.0,0.0,0.0,0.0,0
18,1,0,0,126,125,63,0,0,0.0,0,TypeScript,2024-2026,1.0,1.0,0.0,0.0,0
11,2,0,0,5918,301,146,100,177,2.75,0,TypeScript,2024-2026,1.0,19.6,0.68,0.02,0
14,2,0,0,6,6,2,0,0,0.0,0,TypeScript,2024-2026,1.0,0.86,0.0,0.0,0
15,2,0,0,4,4,1,0,0,0.0,0,TypeScript,2024-2026,1.0,0.8,0.0,0.0,0
8,3,0,0,57,340,8,0,12,3.42,0,TypeScript,2024-2026,1.0,0.17,0.0,0.38,0
10,3,0,0,3,3,1,0,0,0.0,0,TypeScript,2024-2026,1.0,0.75,0.0,0.0,0
12,3,0,0,1,1,1,0,0,0.0,0,TypeScript,2024-2026,1.0,0.5,0.0,0.0,0
12,3,0,0,63,168,10,0,1,2.0,0,TypeScript,2024-2026,1.0,0.37,0.0,0.18,0
16,3,0,0,119,94,1,0,0,0.0,0,TypeScript,2024-2026,1.0,1.25,0.0,0.0,0
18,3,0,0,36,36,1,0,0,0.0,0,TypeScript,2024-2026,1.0,0.97,0.0,0.0,0
20,3,0,0,6,6,2,0,0,0.0,0,TypeScript,2024-2026,1.0,0.86,0.0,0.0,0
6,4,0,0,11,11,1,0,0,0.0,0,TypeScript,2024-2026,1.0,0.92,0.0,0.0,0
6,4,0,0,16,23,2,0,0,0.0,0,TypeScript,2024-2026,1.0,0.67,0.0,0.0,0
11,4,0,0,304,269,55,0,0,0.0,0,TypeScript,2024-2026,1.0,1.13,0.0,0.0,0
13,4,0,0,9,1,2,0,0,0.0,0,TypeScript,2024-2026,1.0,4.5,0.0,0.0,0
11,5,1,0,2,2,2,1,2,16.0,0,TypeScript,2024-2026,1.0,0.67,0.33,5.33,0
13,6,1,0,680,680,2,0,0,0.0,0,TypeScript,2024-2026,1.0,1.0,0.0,0.0,0
5,0,0,1,6,6,2,0,0,0.0,0,TypeScript,2024-2026,1.0,0.86,0.0,0.0,0
11,0,0,0,4,4,2,0,1,13.0,0,TypeScript,2024-2026,1.0,0.8,0.0,4.33,0
11,0,0,0,1,1,1,0,2,3.5,0,TypeScript,2024-2026,1.0,0.5,0.0,1.75,0
12,0,0,0,17,51,6,0,0,0.0,0,TypeScript,2024-2026,1.0,0.33,0.0,0.0,0
16,0,0,0,2,2,2,0,0,0.0,0,TypeScript,2024-2026,1.0,0.67,0.0,0.0,0
16,0,0,0,52,8,2,0,5,1.8,0,TypeScript,2024-2026,1.0,5.78,0.0,0.6,0
16,0,0,0,421,161,44,2,13,1.0,0,TypeScript,2024-2026,1.0,2.6,0.04,0.02,0
19,0,0,0,185,144,49,0,0,0.0,0,TypeScript,2024-2026,1.0,1.28,0.0,0.0,0
8,1,0,0,6,6,2,0,0,0.0,0,TypeScript,2024-2026,1.0,0.86,0.0,0.0,0
16,1,0,0,143,87,16,0,8,2.88,0,TypeScript,2024-2026,1.0,1.62,0.0,0.17,0
20,1,0,0,1597,844,788,2,1,5.0,0,TypeScript,2024-2026,1.0,1.89,0.0,0.01,0
9,2,0,0,9,4,4,0,4,3.25,0,TypeScript,2024-2026,1.0,1.8,0.0,0.65,0
10,2,0,0,107,7,2,0,0,0.0,0,TypeScript,2024-2026,1.0,13.38,0.0,0.0,0
11,2,0,0,1519,12,787,2,3,4.33,0,TypeScript,2024-2026,1.0,116.85,0.0,0.01,0
12,2,0,0,3,3,3,0,3,1.67,0,TypeScript,2024-2026,1.0,0.75,0.0,0.42,0
1,3,0,1,6,6,2,0,0,0.0,0,TypeScript,2024-2026,1.0,0.86,0.0,0.0,0
12,3,0,0,195,186,72,0,1,7.0,0,TypeScript,2024-2026,1.0,1.04,0.0,0.1,0
12,3,0,0,34,34,29,0,0,0.0,0,TypeScript,2024-2026,1.0,0.97,0.0,0.0,0
15,3,0,0,1,1,1,0,0,0.0,0,TypeScript,2024-2026,1.0,0.5,0.0,0.0,0
15,4,0,0,4,0,1,0,0,0.0,0,TypeScript,2024-2026,1.0,4.0,0.0,0.0,0
18,4,0,0,2318,1036,7,2,98,3.98,0,TypeScript,2024-2026,1.0,2.24,0.25,0.5,0
8,5,1,0,12,12,2,0,0,0.0,0,TypeScript,2024-2026,1.0,0.92,0.0,0.0,0
8,5,1,0,6,6,2,0,0,0.0,0,TypeScript,2024-2026,1.0,0.86,0.0,0.0,0
12,5,1,0,6,6,2,0,0,0.0,0,TypeScript,2024-2026,1.0,0.86,0.0,0.0,0
17,5,1,0,25,25,13,0,0,0.0,0,TypeScript,2024-2026,1.0,0.96,0.0,0.0,0
20,5,1,0,7,7,2,0,0,0.0,0,TypeScript,2024-2026,1.0,0.88,0.0,0.0,0
9,0,0,0,1469,310,20,0,49,2.8,0,TypeScript,2024-2026,1.0,4.72,0.0,0.13,0
11,0,0,0,1,1,1,0,0,0.0,0,TypeScript,2024-2026,1.0,0.5,0.0,0.0,0
19,0,0,0,21,18,10,0,4,3.25,0,TypeScript,2024-2026,1.0,1.11,0.0,0.3,0
11,1,0,0,6,6,2,0,0,0.0,0,TypeScript,2024-2026,1.0,0.86,0.0,0.0,0
11,1,0,0,19,19,2,0,0,0.0,0,TypeScript,2024-2026,1.0,0.95,0.0,0.0,0
13,1,0,0,10,0,1,0,0,0.0,0,TypeScript,2024-2026,1.0,10.0,0.0,0.0,0
14,1,0,0,12,11,4,0,1,1.0,0,TypeScript,2024-2026,1.0,1.0,0.0,0.2,0
15,1,0,0,130,0,1,0,0,0.0,0,TypeScript,2024-2026,1.0,130.0,0.0,0.0,0
15,1,0,0,24,0,12,0,0,0.0,0,TypeScript,2024-2026,1.0,24.0,0.0,0.0,0
15,1,0,0,1,0,1,0,0,0.0,0,TypeScript,2024-2026,1.0,1.0,0.0,0.0,0
15,1,0,0,594,131,2,0,0,0.0,0,TypeScript,2024-2026,1.0,4.5,0.0,0.0,0
16,1,0,0,1,12,1,0,0,0.0,0,TypeScript,2024-2026,1.0,0.08,0.0,0.0,0
17,1,0,0,1,2,2,0,1,1.0,0,TypeScript,2024-2026,1.0,0.33,0.0,0.33,0
18,1,0,0,6,6,2,0,0,0.0,0,TypeScript,2024-2026,1.0,0.86,0.0,0.0,0
20,1,0,0,1,1,1,0,0,0.0,0,TypeScript,2024-2026,1.0,0.5,0.0,0.0,0
11,2,0,0,2,1,1,0,0,0.0,0,TypeScript,2024-2026,1.0,1.0,0.0,0.0,0
18,0,0,0,21,31,3,0,0,0.0,0,TypeScript,2024-2026,1.0,0.66,0.0,0.0,0
8,1,0,0,10,20,5,0,0,0.0,0,TypeScript,2024-2026,1.0,0.48,0.0,0.0,0
15,1,0,0,24,71,5,0,7,2.71,0,TypeScript,2024-2026,1.0,0.33,0.0,0.45,0
15,1,0,0,3,0,1,0,0,0.0,0,TypeScript,2024-2026,1.0,3.0,0.0,0.0,0
13,2,0,0,126,14,28,0,0,0.0,0,TypeScript,2024-2026,1.0,8.4,0.0,0.0,0
17,2,0,0,1,1,1,0,0,0.0,0,TypeScript,2024-2026,1.0,0.5,0.0,0.0,0
21,2,0,0,6,6,2,0,0,0.0,0,TypeScript,2024-2026,1.0,0.86,0.0,0.0,0
1,3,0,1,6,6,2,0,0,0.0,0,TypeScript,2024-2026,1.0,0.86,0.0,0.0,0
4,3,0,1,300,750,2,0,0,0.0,0,TypeScript,2024-2026,1.0,0.4,0.0,0.0,0
11,3,0,0,19,19,15,0,2,2.0,0,TypeScript,2024-2026,1.0,0.95,0.0,0.12,0
11,3,0,0,2,2,2,0,0,0.0,0,TypeScript,2024-2026,1.0,0.67,0.0,0.0,0
12,3,0,0,35,35,17,0,0,0.0,0,TypeScript,2024-2026,1.0,0.97,0.0,0.0,0
12,3,0,0,15,15,2,0,1,7.0,0,TypeScript,2024-2026,1.0,0.94,0.0,2.33,0
13,3,0,0,26,2068,32,0,60,2.75,0,TypeScript,2024-2026,1.0,0.01,0.0,0.08,0
16,3,0,0,792,737,185,0,0,0.0,0,TypeScript,2024-2026,1.0,1.07,0.0,0.0,0
10,4,0,0,13,7,6,0,0,0.0,0,TypeScript,2024-2026,1.0,1.62,0.0,0.0,0
10,4,0,0,8,8,4,0,0,0.0,0,TypeScript,2024-2026,1.0,0.89,0.0,0.0,0
11,0,0,0,348,497,4,0,0,0.0,0,TypeScript,2024-2026,1.0,0.7,0.0,0.0,0
11,0,0,0,2,1,2,0,2,1.0,0,TypeScript,2024-2026,1.0,1.0,0.0,0.33,0
17,0,0,0,357,0,2,0,0,0.0,0,TypeScript,2024-2026,1.0,357.0,0.0,0.0,0
13,1,0,0,111,111,2,0,0,0.0,0,TypeScript,2024-2026,1.0,0.99,0.0,0.0,0
14,1,0,0,6,6,2,0,0,0.0,0,TypeScript,2024-2026,1.0,0.86,0.0,0.0,0
14,1,0,0,0,0,1,0,0,0.0,0,TypeScript,2024-2026,1.0,0.0,0.0,0.0,0
16,1,0,0,1099,1057,160,0,0,0.0,0,TypeScript,2024-2026,1.0,1.04,0.0,0.0,0
17,1,0,0,1,1,1,0,0,0.0,0,TypeScript,2024-2026,1.0,0.5,0.0,0.0,0
17,1,0,0,6,6,2,0,0,0.0,0,TypeScript,2024-2026,1.0,0.86,0.0,0.0,0
18,1,0,0,3,1,1,0,0,0.0,0,TypeScript,2024-2026,1.0,1.5,0.0,0.0,0
18,1,0,0,157,1151,3,0,0,0.0,0,TypeScript,2024-2026,1.0,0.14,0.0,0.0,0
18,1,0,0,1,1,1,0,0,0.0,0,TypeScript,2024-2026,1.0,0.5,0.0,0.0,0
12,2,0,0,2,2,2,0,0,0.0,0,TypeScript,2024-2026,1.0,0.67,0.0,0.0,0
16,2,0,0,4,0,1,0,0,0.0,0,TypeScript,2024-2026,1.0,4.0,0.0,0.0,0
17,3,0,0,287,0,1,0,0,0.0,0,TypeScript,2024-2026,1.0,287.0,0.0,0.0,0
17,3,0,0,1,1,1,0,0,0.0,0,TypeScript,2024-2026,1.0,0.5,0.0,0.0,0
12,4,0,0,287,0,1,0,0,0.0,0,TypeScript,2024-2026,1.0,287.0,0.0,0.0,0
14,4,0,0,31,31,19,0,0,0.0,0,TypeScript,2024-2026,1.0,0.97,0.0,0.0,0
9,6,1,0,230,243,2,0,0,0.0,0,TypeScript,2024-2026,1.0,0.94,0.0,0.0,0
9,6,1,0,8,8,5,0,0,0.0,0,TypeScript,2024-2026,1.0,0.89,0.0,0.0,0
14,6,1,0,1,1,1,0,0,0.0,0,TypeScript,2024-2026,1.0,0.5,0.0,0.0,0
16,6,1,0,14,14,2,0,0,0.0,0,TypeScript,2024-2026,1.0,0.93,0.0,0.0,0
14,0,0,0,74,1,4,0,1,17.0,0,TypeScript,2024-2026,1.0,37.0,0.0,3.4,0
15,0,0,0,299,1,2,0,0,0.0,0,TypeScript,2024-2026,1.0,149.5,0.0,0.0,0
15,0,0,0,3,3,3,0,0,0.0,0,TypeScript,2024-2026,1.0,0.75,0.0,0.0,0
17,0,0,0,3,1,2,0,0,0.0,0,TypeScript,2024-2026,1.0,1.5,0.0,0.0,0
17,0,0,0,1,1,1,0,0,0.0,0,TypeScript,2024-2026,1.0,0.5,0.0,0.0,0
13,1,0,0,280,223,76,0,0,0.0,0,TypeScript,2024-2026,1.0,1.25,0.0,0.0,0
13,1,0,0,11,0,1,0,0,0.0,0,TypeScript,2024-2026,1.0,11.0,0.0,0.0,0
17,1,0,0,18,18,8,0,0,0.0,0,TypeScript,2024-2026,1.0,0.95,0.0,0.0,0
19,1,0,0,0,18,1,0,0,0.0,0,TypeScript,2024-2026,1.0,0.0,0.0,0.0,0
16,2,0,0,3,625,4,0,0,0.0,0,TypeScript,2024-2026,1.0,0.0,0.0,0.0,0
17,2,0,0,4,0,1,0,0,0.0,0,TypeScript,2024-2026,1.0,4.0,0.0,0.0,0
18,2,0,0,4849,4919,9,0,0,0.0,0,TypeScript,2024-2026,1.0,0.99,0.0,0.0,0
18,2,0,0,203,1,2,0,0,0.0,0,TypeScript,2024-2026,1.0,101.5,0.0,0.0,0
12,3,0,0,2,2,1,0,0,0.0,0,TypeScript,2024-2026,1.0,0.67,0.0,0.0,0
18,3,0,0,16,16,15,0,0,0.0,0,TypeScript,2024-2026,1.0,0.94,0.0,0.0,0
18,3,0,0,1,1,1,0,0,0.0,0,TypeScript,2024-2026,1.0,0.5,0.0,0.0,0
19,3,0,0,5,5,5,0,0,0.0,0,TypeScript,2024-2026,1.0,0.83,0.0,0.0,0
12,4,0,0,6282,1859,341,1,168,3.21,0,TypeScript,2024-2026,1.0,3.38,0.0,0.01,0
13,4,0,0,46,46,38,0,0,0.0,0,TypeScript,2024-2026,1.0,0.98,0.0,0.0,0
13,4,0,0,126,4,3,1,5,2.4,0,TypeScript,2024-2026,1.0,25.2,0.25,0.6,0
14,4,0,0,16,24,2,0,0,0.0,0,TypeScript,2024-2026,1.0,0.64,0.0,0.0,0
15,4,0,0,236,0,1,0,0,0.0,0,TypeScript,2024-2026,1.0,236.0,0.0,0.0,0
16,4,0,0,0,2,1,0,0,0.0,0,TypeScript,2024-2026,1.0,0.0,0.0,0.0,0
16,4,0,0,1,1,1,0,0,0.0,0,TypeScript,2024-2026,1.0,0.5,0.0,0.0,0
21,4,0,0,1,0,1,0,0,0.0,0,TypeScript,2024-2026,1.0,1.0,0.0,0.0,0
12,0,0,0,3,1,1,0,1,1.0,0,TypeScript,2024-2026,1.0,1.5,0.0,0.5,0
15,0,0,0,150,189,12,0,20,3.55,0,TypeScript,2024-2026,1.0,0.79,0.0,0.27,0
17,0,0,0,6,6,6,0,0,0.0,0,TypeScript,2024-2026,1.0,0.86,0.0,0.0,0
10,1,0,0,1,1,1,0,0,0.0,0,TypeScript,2024-2026,1.0,0.5,0.0,0.0,0
12,1,0,0,0,1374,114,0,0,0.0,0,TypeScript,2024-2026,1.0,0.0,0.0,0.0,0
13,1,0,0,27,9,5,0,8,4.0,0,TypeScript,2024-2026,1.0,2.7,0.0,0.67,0
13,1,0,0,126,22,4,0,14,2.71,0,TypeScript,2024-2026,1.0,5.48,0.0,0.54,0
14,1,0,0,160,97,3,0,0,0.0,0,TypeScript,2024-2026,1.0,1.63,0.0,0.0,0
14,1,0,0,3,3,1,0,1,3.0,0,TypeScript,2024-2026,1.0,0.75,0.0,1.5,0
10,2,0,0,6,2,2,0,0,0.0,0,TypeScript,2024-2026,1.0,2.0,0.0,0.0,0
12,3,0,0,187,7,4,0,7,2.86,0,TypeScript,2024-2026,1.0,23.38,0.0,0.57,0
19,3,0,0,179,0,1,0,0,0.0,0,TypeScript,2024-2026,1.0,179.0,0.0,0.0,0
4,4,0,1,5965,10,38,0,206,3.36,0,TypeScript,2024-2026,1.0,542.27,0.0,0.09,0
9,4,0,0,68,408,3,1,1,13.0,0,TypeScript,2024-2026,1.0,0.17,0.25,3.25,0
12,4,0,0,3,3,1,0,0,0.0,0,TypeScript,2024-2026,1.0,0.75,0.0,0.0,0
14,4,0,0,75,2,2,0,6,2.0,0,TypeScript,2024-2026,1.0,25.0,0.0,0.67,0
14,4,0,0,15,26,1,0,2,1.5,0,TypeScript,2024-2026,1.0,0.56,0.0,0.75,0
15,4,0,0,21,20,8,0,0,0.0,0,TypeScript,2024-2026,1.0,1.0,0.0,0.0,0
16,4,0,0,133,0,1,0,0,0.0,0,TypeScript,2024-2026,1.0,133.0,0.0,0.0,0
20,4,0,0,5,37,1,0,0,0.0,0,TypeScript,2024-2026,1.0,0.13,0.0,0.0,0
15,5,1,0,1,0,1,0,0,0.0,0,TypeScript,2024-2026,1.0,1.0,0.0,0.0,0
16,5,1,0,1,1,1,0,0,0.0,0,TypeScript,2024-2026,1.0,0.5,0.0,0.0,0
21,5,1,0,7,5,1,0,0,0.0,0,TypeScript,2024-2026,1.0,1.17,0.0,0.0,0
21,5,1,0,39,4,8,0,6,5.83,0,TypeScript,2024-2026,1.0,7.8,0.0,0.65,0
0,6,1,1,56,56,51,0,0,0.0,0,TypeScript,2024-2026,1.0,0.98,0.0,0.0,0
0,6,1,1,64,40,2,0,0,0.0,0,TypeScript,2024-2026,1.0,1.56,0.0,0.0,0
2,6,1,1,56,56,51,0,0,0.0,0,TypeScript,2024-2026,1.0,0.98,0.0,0.0,0
2,6,1,1,1,12,2,0,0,0.0,0,TypeScript,2024-2026,1.0,0.08,0.0,0.0,0
7,6,1,0,489,0,24,0,2,62.0,0,TypeScript,2024-2026,1.0,489.0,0.0,2.48,0
18,6,1,0,1,1,1,0,0,0.0,0,TypeScript,2024-2026,1.0,0.5,0.0,0.0,0
21,6,1,0,19,22,3,0,0,0.0,0,TypeScript,2024-2026,1.0,0.83,0.0,0.0,0
5,0,0,1,64,64,59,0,0,0.0,0,TypeScript,2024-2026,1.0,0.98,0.0,0.0,0
5,0,0,1,12,32,2,0,0,0.0,0,TypeScript,2024-2026,1.0,0.36,0.0,0.0,0
11,0,0,0,1,1,1,0,0,0.0,0,TypeScript,2024-2026,1.0,0.5,0.0,0.0,0
11,0,0,0,1,1,1,0,0,0.0,0,TypeScript,2024-2026,1.0,0.5,0.0,0.0,0
11,0,0,0,64,64,59,0,0,0.0,0,TypeScript,2024-2026,1.0,0.98,0.0,0.0,0
11,0,0,0,1,22,2,0,0,0.0,0,TypeScript,2024-2026,1.0,0.04,0.0,0.0,0
11,0,0,0,47,46,10,0,0,0.0,0,TypeScript,2024-2026,1.0,1.0,0.0,0.0,0
11,0,0,0,1,2,1,0,0,0.0,0,TypeScript,2024-2026,1.0,0.33,0.0,0.0,0
11,0,0,0,3,3,3,0,0,0.0,0,TypeScript,2024-2026,1.0,0.75,0.0,0.0,0
11,0,0,0,1,1,1,0,0,0.0,0,TypeScript,2024-2026,1.0,0.5,0.0,0.0,0
14,0,0,0,33,40,23,0,0,0.0,0,TypeScript,2024-2026,1.0,0.8,0.0,0.0,0
15,0,0,0,99,13,4,0,17,2.41,0,TypeScript,2024-2026,1.0,7.07,0.0,0.48,0
16,0,0,0,0,24,1,0,1,2.0,0,TypeScript,2024-2026,1.0,0.0,0.0,1.0,0
17,0,0,0,194,0,1,0,0,0.0,0,TypeScript,2024-2026,1.0,194.0,0.0,0.0,0
17,0,0,0,2912,491,14,0,92,8.2,0,TypeScript,2024-2026,1.0,5.92,0.0,0.55,0
23,0,0,1,538,521,15,0,58,200.03,0,TypeScript,2024-2026,1.0,1.03,0.0,12.5,0
4,1,0,1,129,2,8,0,11,2.82,0,TypeScript,2024-2026,1.0,43.0,0.0,0.31,0
4,1,0,1,32,7,2,0,0,0.0,0,TypeScript,2024-2026,1.0,4.0,0.0,0.0,0
7,1,0,0,248,13,5,1,7,5.43,0,TypeScript,2024-2026,1.0,17.71,0.17,0.9,0
7,1,0,0,10,10,4,0,0,0.0,0,TypeScript,2024-2026,1.0,0.91,0.0,0.0,0
8,1,0,0,98,68,5,0,9,4.0,0,TypeScript,2024-2026,1.0,1.42,0.0,0.67,0
8,1,0,0,65,6,2,0,2,3.0,0,TypeScript,2024-2026,1.0,9.29,0.0,1.0,0
9,1,0,0,1057,206,14,0,68,7.72,0,TypeScript,2024-2026,1.0,5.11,0.0,0.51,0
10,1,0,0,6,6,2,0,0,0.0,0,TypeScript,2024-2026,1.0,0.86,0.0,0.0,0
11,1,0,0,15,15,1,0,0,0.0,0,TypeScript,2024-2026,1.0,0.94,0.0,0.0,0
11,1,0,0,1,1,1,0,0,0.0,0,TypeScript,2024-2026,1.0,0.5,0.0,0.0,0
11,1,0,0,1,0,1,0,0,0.0,0,TypeScript,2024-2026,1.0,1.0,0.0,0.0,0
13,1,0,0,20,3,2,0,0,0.0,0,TypeScript,2024-2026,1.0,5.0,0.0,0.0,0
13,1,0,0,1783,211,14,0,50,12.48,0,TypeScript,2024-2026,1.0,8.41,0.0,0.83,0
15,1,0,0,801,290,6,0,29,9.14,0,TypeScript,2024-2026,1.0,2.75,0.0,1.31,0
15,1,0,0,1,2,1,0,1,11.0,0,TypeScript,2024-2026,1.0,0.33,0.0,5.5,0
17,1,0,0,1163,443,14,0,23,3.78,0,TypeScript,2024-2026,1.0,2.62,0.0,0.25,0
17,1,0,0,752,798,2,0,0,0.0,0,TypeScript,2024-2026,1.0,0.94,0.0,0.0,0
21,1,0,0,6,6,2,0,0,0.0,0,TypeScript,2024-2026,1.0,0.86,0.0,0.0,0
21,1,0,0,6,0,1,0,0,0.0,0,TypeScript,2024-2026,1.0,6.0,0.0,0.0,0
2,2,0,1,24,34,2,0,0,0.0,0,TypeScript,2024-2026,1.0,0.69,0.0,0.0,0
5,2,0,1,11,11,1,0,0,0.0,0,TypeScript,2024-2026,1.0,0.92,0.0,0.0,0
10,2,0,0,4,1,2,0,0,0.0,0,TypeScript,2024-2026,1.0,2.0,0.0,0.0,0
14,2,0,0,0,102,1,0,0,0.0,0,TypeScript,2024-2026,1.0,0.0,0.0,0.0,0
15,2,0,0,119,10,10,1,13,3.23,0,TypeScript,2024-2026,1.0,10.82,0.09,0.29,0
15,2,0,0,65266,0,968,0,76,2.36,0,TypeScript,2024-2026,1.0,65266.0,0.0,0.0,0
16,2,0,0,359,364,17,6,28,2.71,0,TypeScript,2024-2026,1.0,0.98,0.33,0.15,0
18,2,0,0,20,45,2,0,0,0.0,0,TypeScript,2024-2026,1.0,0.43,0.0,0.0,0
21,2,0,0,37,11,2,0,0,0.0,0,TypeScript,2024-2026,1.0,3.08,0.0,0.0,0
1,3,0,1,8,6,2,0,0,0.0,0,TypeScript,2024-2026,1.0,1.14,0.0,0.0,0
10,3,0,0,20,5,5,0,1,2.0,0,TypeScript,2024-2026,1.0,3.33,0.0,0.33,0
11,3,0,0,63,0,1,0,0,0.0,0,TypeScript,2024-2026,1.0,63.0,0.0,0.0,0
11,3,0,0,0,4,1,0,0,0.0,0,TypeScript,2024-2026,1.0,0.0,0.0,0.0,0
12,3,0,0,134,0,1,0,0,0.0,0,TypeScript,2024-2026,1.0,134.0,0.0,0.0,0
12,3,0,0,0,2,1,0,0,0.0,0,TypeScript,2024-2026,1.0,0.0,0.0,0.0,0
12,3,0,0,1,1,1,0,0,0.0,0,TypeScript,2024-2026,1.0,0.5,0.0,0.0,0
13,3,0,0,4,4,4,0,0,0.0,0,TypeScript,2024-2026,1.0,0.8,0.0,0.0,0
14,3,0,0,4,4,3,0,0,0.0,0,TypeScript,2024-2026,1.0,0.8,0.0,0.0,0
14,3,0,0,43,3,4,1,1,1.0,0,TypeScript,2024-2026,1.0,10.75,0.2,0.2,0
15,3,0,0,787,761,182,0,0,0.0,0,TypeScript,2024-2026,1.0,1.03,0.0,0.0,0
15,3,0,0,1,0,1,0,0,0.0,0,TypeScript,2024-2026,1.0,1.0,0.0,0.0,0
15,3,0,0,382,400,2,0,0,0.0,0,TypeScript,2024-2026,1.0,0.95,0.0,0.0,0
16,3,0,0,1490,1489,278,1,0,0.0,0,TypeScript,2024-2026,1.0,1.0,0.0,0.0,0
18,3,0,0,8,8,1,0,0,0.0,0,TypeScript,2024-2026,1.0,0.89,0.0,0.0,0
19,3,0,0,1,1,1,0,0,0.0,0,TypeScript,2024-2026,1.0,0.5,0.0,0.0,0
1,4,0,1,427,350,17,1,23,10.7,0,TypeScript,2024-2026,1.0,1.22,0.06,0.59,0
3,5,1,1,2417,0,20,0,98,5.36,0,TypeScript,2024-2026,1.0,2417.0,0.0,0.26,0
9,5,1,0,22,1,5,0,1,2.0,0,TypeScript,2024-2026,1.0,11.0,0.0,0.33,0
10,5,1,0,19,0,1,0,0,0.0,0,TypeScript,2024-2026,1.0,19.0,0.0,0.0,0
11,5,1,0,7169,0,66,0,133,2.9,0,TypeScript,2024-2026,1.0,7169.0,0.0,0.04,0
18,5,1,0,6,6,2,0,0,0.0,0,TypeScript,2024-2026,1.0,0.86,0.0,0.0,0
21,5,1,0,4,4,1,0,0,0.0,0,TypeScript,2024-2026,1.0,0.8,0.0,0.0,0
1,6,1,1,2,0,1,0,0,0.0,0,TypeScript,2024-2026,1.0,2.0,0.0,0.0,0
6,6,1,0,4512,0,40,0,144,4.33,0,TypeScript,2024-2026,1.0,4512.0,0.0,0.11,0
18,6,1,0,67,14,4,2,2,1.0,0,TypeScript,2024-2026,1.0,4.47,0.4,0.2,0
19,6,1,0,16,0,2,0,0,0.0,0,TypeScript,2024-2026,1.0,16.0,0.0,0.0,0
22,6,1,1,7473,4614,584,6,96,7.99,0,TypeScript,2024-2026,1.0,1.62,0.01,0.01,0
12,0,0,0,3,178,5,0,5,1.0,0,TypeScript,2024-2026,1.0,0.02,0.0,0.17,0
12,0,0,0,3,178,5,0,5,1.0,0,TypeScript,2024-2026,1.0,0.02,0.0,0.17,0
16,0,0,0,248,656,4,1,32,7.16,0,TypeScript,2024-2026,1.0,0.38,0.2,1.43,0
18,0,0,0,4,6,1,0,0,0.0,0,TypeScript,2024-2026,1.0,0.57,0.0,0.0,0
6,1,0,0,29,3,2,0,0,0.0,0,TypeScript,2024-2026,1.0,7.25,0.0,0.0,0
10,1,0,0,11,11,2,0,0,0.0,0,TypeScript,2024-2026,1.0,0.92,0.0,0.0,0
10,1,0,0,452,79,18,0,22,3.09,0,TypeScript,2024-2026,1.0,5.65,0.0,0.16,0
11,1,0,0,1,2,1,0,0,0.0,0,TypeScript,2024-2026,1.0,0.33,0.0,0.0,0
14,1,0,0,6,6,2,0,0,0.0,0,TypeScript,2024-2026,1.0,0.86,0.0,0.0,0
17,1,0,0,118,0,1,0,0,0.0,0,TypeScript,2024-2026,1.0,118.0,0.0,0.0,0
17,1,0,0,525,524,2,0,0,0.0,0,TypeScript,2024-2026,1.0,1.0,0.0,0.0,0
17,1,0,0,1,1,1,0,0,0.0,0,TypeScript,2024-2026,1.0,0.5,0.0,0.0,0
22,1,0,1,12,0,3,0,2,29.0,0,TypeScript,2024-2026,1.0,12.0,0.0,7.25,0
23,1,0,1,50236,9327,977,13,62,10.53,0,TypeScript,2024-2026,1.0,5.39,0.01,0.01,0
0,2,0,1,6,6,2,0,0,0.0,0,TypeScript,2024-2026,1.0,0.86,0.0,0.0,0
11,2,0,0,32,29,1,0,1,6.0,0,TypeScript,2024-2026,1.0,1.07,0.0,3.0,0
12,2,0,0,9,2,2,0,2,6.5,0,TypeScript,2024-2026,1.0,3.0,0.0,2.17,0
14,2,0,0,1,1,1,0,0,0.0,0,TypeScript,2024-2026,1.0,0.5,0.0,0.0,0
18,2,0,0,379,243,3,0,32,10.94,0,TypeScript,2024-2026,1.0,1.55,0.0,2.74,0
18,2,0,0,58,18,2,0,2,16.5,0,TypeScript,2024-2026,1.0,3.05,0.0,5.5,0
18,2,0,0,450,17,15,0,23,3.43,1,TypeScript,2024-2026,1.0,25.0,0.0,0.21,0
18,2,0,0,61,22,3,0,1,11.0,0,TypeScript,2024-2026,1.0,2.65,0.0,2.75,1
18,2,0,0,146,9,8,0,28,2.96,0,TypeScript,2024-2026,1.0,14.6,0.0,0.33,1
18,2,0,0,268,148,3,0,17,4.0,0,TypeScript,2024-2026,1.0,1.8,0.0,1.0,1
15,3,0,0,7,0,1,0,1,1.0,0,TypeScript,2024-2026,1.0,7.0,0.0,0.5,0
17,3,0,0,177,0,177,1,0,0.0,0,TypeScript,2024-2026,1.0,177.0,0.01,0.0,0
17,3,0,0,116,0,1,0,0,0.0,0,TypeScript,2024-2026,1.0,116.0,0.0,0.0,0
9,4,0,0,12226,1,5,0,2,1.0,0,TypeScript,2024-2026,1.0,6113.0,0.0,0.17,1
0,5,1,1,64,0,3,0,0,0.0,0,TypeScript,2024-2026,1.0,64.0,0.0,0.0,1
16,6,1,0,4,0,1,0,0,0.0,0,TypeScript,2024-2026,1.0,4.0,0.0,0.0,0
0,0,0,1,3211,0,28,0,137,2.9,0,TypeScript,2024-2026,1.0,3211.0,0.0,0.1,1
1,0,0,1,1449,20,37,0,46,14.07,1,TypeScript,2024-2026,1.0,69.0,0.0,0.37,1
3,0,0,1,815,1,12,0,10,21.1,0,TypeScript,2024-2026,1.0,407.5,0.0,1.62,2
4,0,0,1,366,49,6,0,9,7.33,0,TypeScript,2024-2026,1.0,7.32,0.0,1.05,2
5,0,0,1,130,32,2,1,6,2.83,0,TypeScript,2024-2026,1.0,3.94,0.33,0.94,2
6,0,0,0,89,0,4,0,1,32.0,0,TypeScript,2024-2026,1.0,89.0,0.0,6.4,2
7,0,0,0,77,1,3,1,2,5.0,0,TypeScript,2024-2026,1.0,38.5,0.25,1.25,0
8,0,0,0,119,0,1,0,2,5.0,0,TypeScript,2024-2026,1.0,119.0,0.0,2.5,2
8,0,0,0,54,0,3,0,1,7.0,0,TypeScript,2024-2026,1.0,54.0,0.0,1.75,2
8,0,0,0,24526,986,579,0,2220,1.26,1,TypeScript,2024-2026,1.0,24.85,0.0,0.0,2
9,0,0,0,3,3,1,0,1,1.0,0,TypeScript,2024-2026,1.0,0.75,0.0,0.5,0
10,0,0,0,1213,74,8,0,38,4.45,0,TypeScript,2024-2026,1.0,16.17,0.0,0.49,3
10,0,0,0,42,0,3,1,3,2.67,0,TypeScript,2024-2026,1.0,42.0,0.25,0.67,0
11,0,0,0,727,717,178,0,0,0.0,0,TypeScript,2024-2026,1.0,1.01,0.0,0.0,0
15,0,0,0,1299,0,20,0,4,1.0,0,TypeScript,2024-2026,1.0,1299.0,0.0,0.05,3
16,0,0,0,3,0,2,0,0,0.0,0,TypeScript,2024-2026,1.0,3.0,0.0,0.0,3
21,0,0,0,1,0,1,0,0,0.0,0,TypeScript,2024-2026,1.0,1.0,0.0,0.0,3
0,1,0,1,433,59,21,0,38,4.18,0,TypeScript,2024-2026,1.0,7.22,0.0,0.19,3
1,1,0,1,92929,460,3445,0,5312,2.19,0,TypeScript,2024-2026,1.0,201.58,0.0,0.0,3
16,1,0,0,10838,714,103,2,345,1.97,0,TypeScript,2024-2026,1.0,15.16,0.02,0.02,0
17,1,0,0,174272,228,3205,9,596,3.96,0,TypeScript,2024-2026,1.0,761.01,0.0,0.0,3
17,1,0,0,10,4,1,0,0,0.0,0,TypeScript,2024-2026,1.0,2.0,0.0,0.0,3
20,1,0,0,1653,112,11,0,47,13.87,0,TypeScript,2024-2026,1.0,14.63,0.0,1.16,3
23,1,0,1,134,3,7,0,17,5.41,0,TypeScript,2024-2026,1.0,33.5,0.0,0.68,3
7,2,0,0,6,6,2,0,0,0.0,0,TypeScript,2024-2026,1.0,0.86,0.0,0.0,0
8,2,0,0,10,10,1,0,0,0.0,0,TypeScript,2024-2026,1.0,0.91,0.0,0.0,0
13,2,0,0,1693,1468,39,1,34,4.53,0,TypeScript,2024-2026,1.0,1.15,0.02,0.11,0
13,2,0,0,6,6,2,0,0,0.0,0,TypeScript,2024-2026,1.0,0.86,0.0,0.0,0
17,2,0,0,18,18,8,0,0,0.0,0,TypeScript,2024-2026,1.0,0.95,0.0,0.0,0
20,2,0,0,454,2,5,0,17,3.35,0,TypeScript,2024-2026,1.0,151.33,0.0,0.56,3
20,2,0,0,111,111,2,0,0,0.0,0,TypeScript,2024-2026,1.0,0.99,0.0,0.0,0
0,3,0,1,52,0,2,0,1,6.0,0,TypeScript,2024-2026,1.0,52.0,0.0,2.0,3
1,3,0,1,677,691,2,0,0,0.0,0,TypeScript,2024-2026,1.0,0.98,0.0,0.0,0
5,3,0,1,3,3,2,0,0,0.0,0,TypeScript,2024-2026,1.0,0.75,0.0,0.0,0
10,3,0,0,6,6,2,0,0,0.0,0,TypeScript,2024-2026,1.0,0.86,0.0,0.0,0
11,3,0,0,813,78,21,10,30,5.3,0,TypeScript,2024-2026,1.0,10.29,0.45,0.24,0
12,3,0,0,12,12,2,0,0,0.0,0,TypeScript,2024-2026,1.0,0.92,0.0,0.0,0
17,3,0,0,8224,1225,7,0,278,6.0,0,TypeScript,2024-2026,1.0,6.71,0.0,0.75,3
17,3,0,0,29,3,2,0,0,0.0,0,TypeScript,2024-2026,1.0,7.25,0.0,0.0,0
18,3,0,0,32,1,5,0,1,12.0,0,TypeScript,2024-2026,1.0,16.0,0.0,2.0,3
21,3,0,0,2658,227,39,0,185,4.95,0,TypeScript,2024-2026,1.0,11.66,0.0,0.12,3
21,3,0,0,6,6,2,0,0,0.0,0,TypeScript,2024-2026,1.0,0.86,0.0,0.0,0
12,4,0,0,6,6,2,0,0,0.0,0,TypeScript,2024-2026,1.0,0.86,0.0,0.0,0
13,4,0,0,942,944,4,0,250,5.39,0,TypeScript,2024-2026,1.0,1.0,0.0,1.08,0
16,4,0,0,35,6,2,0,3,15.0,0,TypeScript,2024-2026,1.0,5.0,0.0,5.0,3
20,4,0,0,6,6,2,0,0,0.0,0,TypeScript,2024-2026,1.0,0.86,0.0,0.0,0
21,4,0,0,2,2,2,0,0,0.0,0,TypeScript,2024-2026,1.0,0.67,0.0,0.0,0
1,5,1,1,10073,3523,6,0,324,6.02,0,TypeScript,2024-2026,1.0,2.86,0.0,0.86,3
5,5,1,1,6,6,2,0,0,0.0,0,TypeScript,2024-2026,1.0,0.86,0.0,0.0,0
8,5,1,0,6,6,2,0,0,0.0,0,TypeScript,2024-2026,1.0,0.86,0.0,0.0,0
14,5,1,0,6,6,2,0,0,0.0,0,TypeScript,2024-2026,1.0,0.86,0.0,0.0,0
19,5,1,0,2153,39,13,0,121,4.36,0,TypeScript,2024-2026,1.0,53.82,0.0,0.31,3
20,5,1,0,2,2,2,0,0,0.0,0,TypeScript,2024-2026,1.0,0.67,0.0,0.0,3
20,5,1,0,179,34,11,0,9,2.89,0,TypeScript,2024-2026,1.0,5.11,0.0,0.24,3
0,6,1,1,2,1,1,0,0,0.0,0,TypeScript,2024-2026,1.0,1.0,0.0,0.0,3
5,6,1,1,6,6,2,0,0,0.0,0,TypeScript,2024-2026,1.0,0.86,0.0,0.0,0
6,6,1,0,64,64,59,0,0,0.0,0,TypeScript,2024-2026,1.0,0.98,0.0,0.0,0
6,6,1,0,1,9,2,0,0,0.0,0,TypeScript,2024-2026,1.0,0.1,0.0,0.0,0
7,6,1,0,64,64,59,0,0,0.0,0,TypeScript,2024-2026,1.0,0.98,0.0,0.0,0
7,6,1,0,11,20,2,0,0,0.0,0,TypeScript,2024-2026,1.0,0.52,0.0,0.0,0
10,6,1,0,653,622,64,0,0,0.0,0,TypeScript,2024-2026,1.0,1.05,0.0,0.0,0
10,6,1,0,64,64,59,0,0,0.0,0,TypeScript,2024-2026,1.0,0.98,0.0,0.0,0
10,6,1,0,0,15,2,0,0,0.0,0,TypeScript,2024-2026,1.0,0.0,0.0,0.0,0
12,6,1,0,32,27,5,0,0,0.0,0,TypeScript,2024-2026,1.0,1.14,0.0,0.0,0
12,6,1,0,64,64,59,0,0,0.0,0,TypeScript,2024-2026,1.0,0.98,0.0,0.0,0
12,6,1,0,1,27,2,0,0,0.0,0,TypeScript,2024-2026,1.0,0.04,0.0,0.0,0
17,6,1,0,204,204,2,0,0,0.0,0,TypeScript,2024-2026,1.0,1.0,0.0,0.0,0
10,0,0,0,69,68,32,0,0,0.0,0,TypeScript,2024-2026,1.0,1.0,0.0,0.0,0
10,0,0,0,38,28,1,0,0,0.0,0,TypeScript,2024-2026,1.0,1.31,0.0,0.0,0
11,0,0,0,166,0,1,0,0,0.0,0,TypeScript,2024-2026,1.0,166.0,0.0,0.0,0
12,0,0,0,1,1,1,0,0,0.0,0,TypeScript,2024-2026,1.0,0.5,0.0,0.0,0
12,0,0,0,2,0,1,0,0,0.0,0,TypeScript,2024-2026,1.0,2.0,0.0,0.0,0
20,0,0,0,2086,380,8,0,104,8.94,0,TypeScript,2024-2026,1.0,5.48,0.0,0.99,3
0,1,0,1,14,14,1,0,0,0.0,0,TypeScript,2024-2026,1.0,0.93,0.0,0.0,3
12,1,0,0,2,2,1,0,0,0.0,0,TypeScript,2024-2026,1.0,0.67,0.0,0.0,0
16,1,0,0,458,145,1,0,0,0.0,0,TypeScript,2024-2026,1.0,3.14,0.0,0.0,0
16,1,0,0,11,7,2,0,0,0.0,0,TypeScript,2024-2026,1.0,1.38,0.0,0.0,0
21,1,0,0,340,46,4,0,24,25.75,0,TypeScript,2024-2026,1.0,7.23,0.0,5.15,3
22,1,0,1,657,45,5,0,50,3.48,0,TypeScript,2024-2026,1.0,14.28,0.0,0.58,3
4,2,0,1,1097,2,10,0,7,30.29,0,TypeScript,2024-2026,1.0,365.67,0.0,2.75,3
10,2,0,0,1,1,1,0,0,0.0,0,TypeScript,2024-2026,1.0,0.5,0.0,0.0,0
11,2,0,0,1,1,1,0,0,0.0,0,TypeScript,2024-2026,1.0,0.5,0.0,0.0,0
12,2,0,0,108,2377,1,0,0,0.0,0,TypeScript,2024-2026,1.0,0.05,0.0,0.0,0
18,2,0,0,217,0,1,0,0,0.0,0,TypeScript,2024-2026,1.0,217.0,0.0,0.0,0
19,3,0,0,2554,14,7,0,11,11.09,0,TypeScript,2024-2026,1.0,170.27,0.0,1.39,3
23,3,0,1,48,138,4,0,19,5.11,0,TypeScript,2024-2026,1.0,0.35,0.0,1.02,0
11,4,0,0,849,90,7,0,24,3.25,0,TypeScript,2024-2026,1.0,9.33,0.0,0.41,0
15,4,0,0,1,1,1,0,0,0.0,0,TypeScript,2024-2026,1.0,0.5,0.0,0.0,0
21,4,0,0,978,15,5,0,40,5.12,0,TypeScript,2024-2026,1.0,61.12,0.0,0.85,3
10,5,1,0,992,617,48,1,84,188.0,0,TypeScript,2024-2026,1.0,1.61,0.02,3.84,0
9,6,1,0,3172,56,9,0,144,7.41,0,TypeScript,2024-2026,1.0,55.65,0.0,0.74,3
10,6,1,0,476,36,8,0,37,4.65,0,TypeScript,2024-2026,1.0,12.86,0.0,0.52,3
12,0,0,0,318,20,11,0,27,3.93,0,TypeScript,2024-2026,1.0,15.14,0.0,0.33,3
21,0,0,0,123,98,24,0,0,0.0,0,TypeScript,2024-2026,1.0,1.24,0.0,0.0,0
8,1,0,0,16,0,7,0,1,129.0,0,TypeScript,2024-2026,1.0,16.0,0.0,16.12,3
8,1,0,0,1610,0,6,0,4,403.5,0,TypeScript,2024-2026,1.0,1610.0,0.0,57.64,3
8,1,0,0,149,22,13,0,11,2.91,0,TypeScript,2024-2026,1.0,6.48,0.0,0.21,3
10,1,0,0,61,25,1,0,0,0.0,0,TypeScript,2024-2026,1.0,2.35,0.0,0.0,0
15,1,0,0,601,364,33,0,0,0.0,0,TypeScript,2024-2026,1.0,1.65,0.0,0.0,3
16,1,0,0,83,55,7,0,14,5.57,0,TypeScript,2024-2026,1.0,1.48,0.0,0.7,3
17,1,0,0,122,77,5,0,1,26.0,0,TypeScript,2024-2026,1.0,1.56,0.0,4.33,0
17,1,0,0,39,6,1,0,0,0.0,0,TypeScript,2024-2026,1.0,5.57,0.0,0.0,0
18,1,0,0,0,1,1,0,0,0.0,0,TypeScript,2024-2026,1.0,0.0,0.0,0.0,0
14,2,0,0,44,0,5,2,3,1.33,0,TypeScript,2024-2026,1.0,44.0,0.33,0.22,0
15,3,0,0,1,1,1,0,0,0.0,0,TypeScript,2024-2026,1.0,0.5,0.0,0.0,0
15,3,0,0,0,2,1,0,0,0.0,0,TypeScript,2024-2026,1.0,0.0,0.0,0.0,0
17,3,0,0,2,2,1,1,1,1.0,0,TypeScript,2024-2026,1.0,0.67,0.5,0.5,0
18,3,0,0,15,0,2,0,0,0.0,0,TypeScript,2024-2026,1.0,15.0,0.0,0.0,0
18,3,0,0,139,140,3,0,0,0.0,0,TypeScript,2024-2026,1.0,0.99,0.0,0.0,0
19,3,0,0,1,1,1,0,0,0.0,0,TypeScript,2024-2026,1.0,0.5,0.0,0.0,0
19,3,0,0,30,2,1,0,0,0.0,0,TypeScript,2024-2026,1.0,10.0,0.0,0.0,0
19,3,0,0,1,1,1,0,1,5.0,0,TypeScript,2024-2026,1.0,0.5,0.0,2.5,0
19,3,0,0,11,8,9,0,0,0.0,0,TypeScript,2024-2026,1.0,1.22,0.0,0.0,0
19,3,0,0,347,346,173,0,0,0.0,0,TypeScript,2024-2026,1.0,1.0,0.0,0.0,0
19,3,0,0,18,22,1,0,2,10.0,0,TypeScript,2024-2026,1.0,0.78,0.0,5.0,0
20,3,0,0,1,1,1,0,0,0.0,0,TypeScript,2024-2026,1.0,0.5,0.0,0.0,0
20,3,0,0,31,3,3,1,2,18.5,0,TypeScript,2024-2026,1.0,7.75,0.25,4.62,0
20,3,0,0,43,5,5,0,7,2.43,0,TypeScript,2024-2026,1.0,7.17,0.0,0.4,0
20,3,0,0,794,834,107,0,0,0.0,0,TypeScript,2024-2026,1.0,0.95,0.0,0.0,0
22,3,0,1,63,0,1,0,0,0.0,0,TypeScript,2024-2026,1.0,63.0,0.0,0.0,3
22,3,0,1,70,0,1,0,0,0.0,0,TypeScript,2024-2026,1.0,70.0,0.0,0.0,3
22,3,0,1,1,1,1,0,0,0.0,0,TypeScript,2024-2026,1.0,0.5,0.0,0.0,0
4,4,0,1,132,87,56,0,0,0.0,0,TypeScript,2024-2026,1.0,1.5,0.0,0.0,0
4,4,0,1,112,112,59,0,0,0.0,0,TypeScript,2024-2026,1.0,0.99,0.0,0.0,0
4,4,0,1,1,10,2,0,0,0.0,0,TypeScript,2024-2026,1.0,0.09,0.0,0.0,0
5,4,0,1,7,2,3,0,0,0.0,0,TypeScript,2024-2026,1.0,2.33,0.0,0.0,3
8,4,0,0,6,6,2,0,0,0.0,0,TypeScript,2024-2026,1.0,0.86,0.0,0.0,0
10,4,0,0,5,0,1,0,0,0.0,0,TypeScript,2024-2026,1.0,5.0,0.0,0.0,3
10,4,0,0,798,817,103,0,0,0.0,0,TypeScript,2024-2026,1.0,0.98,0.0,0.0,0
14,4,0,0,6,6,2,0,0,0.0,0,TypeScript,2024-2026,1.0,0.86,0.0,0.0,0
18,4,0,0,6,6,2,0,0,0.0,0,TypeScript,2024-2026,1.0,0.86,0.0,0.0,0
21,4,0,0,6,6,2,0,0,0.0,0,TypeScript,2024-2026,1.0,0.86,0.0,0.0,0
2,5,1,1,25,25,13,0,0,0.0,0,TypeScript,2024-2026,1.0,0.96,0.0,0.0,0
4,5,1,1,64,64,59,0,0,0.0,0,TypeScript,2024-2026,1.0,0.98,0.0,0.0,0
5,5,1,1,4,4,1,0,0,0.0,0,TypeScript,2024-2026,1.0,0.8,0.0,0.0,0
6,5,1,0,64,64,59,0,0,0.0,0,TypeScript,2024-2026,1.0,0.98,0.0,0.0,0
6,5,1,0,1,7,2,0,0,0.0,0,TypeScript,2024-2026,1.0,0.12,0.0,0.0,0
9,5,1,0,6,6,2,0,0,0.0,0,TypeScript,2024-2026,1.0,0.86,0.0,0.0,0
18,5,1,0,32,77,8,0,5,1.0,0,TypeScript,2024-2026,1.0,0.41,0.0,0.11,0
20,5,1,0,2,0,1,0,0,0.0,0,TypeScript,2024-2026,1.0,2.0,0.0,0.0,0
22,5,1,1,55,53,10,2,5,1.2,0,TypeScript,2024-2026,1.0,1.02,0.18,0.11,0
23,5,1,1,16,16,2,0,0,0.0,0,TypeScript,2024-2026,1.0,0.94,0.0,0.0,0
4,6,1,1,6,6,2,0,0,0.0,0,TypeScript,2024-2026,1.0,0.86,0.0,0.0,0
6,6,1,0,111,111,2,0,0,0.0,0,TypeScript,2024-2026,1.0,0.99,0.0,0.0,0
11,6,1,0,6,6,2,0,0,0.0,0,TypeScript,2024-2026,1.0,0.86,0.0,0.0,0
12,6,1,0,1,0,1,0,0,0.0,0,TypeScript,2024-2026,1.0,1.0,0.0,0.0,0
13,6,1,0,52,52,6,0,0,0.0,0,TypeScript,2024-2026,1.0,0.98,0.0,0.0,0
14,6,1,0,6,6,2,0,0,0.0,0,TypeScript,2024-2026,1.0,0.86,0.0,0.0,0
14,6,1,0,94,24,11,4,15,1.6,0,TypeScript,2024-2026,1.0,3.76,0.33,0.13,0
15,6,1,0,10,4,1,0,0,0.0,0,TypeScript,2024-2026,1.0,2.0,0.0,0.0,0
16,6,1,0,8,0,1,0,0,0.0,0,TypeScript,2024-2026,1.0,8.0,0.0,0.0,0
10,0,0,0,196,0,1,0,0,0.0,0,TypeScript,2024-2026,1.0,196.0,0.0,0.0,0
20,0,0,0,508,293,32,13,24,1.42,0,TypeScript,2024-2026,1.0,1.73,0.39,0.04,0
7,1,0,0,7,7,1,0,0,0.0,0,TypeScript,2024-2026,1.0,0.88,0.0,0.0,0
11,1,0,0,1878,1657,3,0,2,13.0,0,TypeScript,2024-2026,1.0,1.13,0.0,3.25,12
13,1,0,0,269,97,22,2,22,12.14,0,TypeScript,2024-2026,1.0,2.74,0.09,0.53,0
13,1,0,0,159,9,8,2,4,24.25,0,TypeScript,2024-2026,1.0,15.9,0.22,2.69,6
14,1,0,0,3,0,1,0,0,0.0,0,TypeScript,2024-2026,1.0,3.0,0.0,0.0,0
15,1,0,0,7,7,5,0,0,0.0,0,TypeScript,2024-2026,1.0,0.88,0.0,0.0,0
16,1,0,0,188,3,3,2,4,1.25,0,TypeScript,2024-2026,1.0,47.0,0.5,0.31,12
17,1,0,0,534,41,24,8,27,6.19,0,TypeScript,2024-2026,1.0,12.71,0.32,0.25,0
19,1,0,0,65,2,5,0,5,8.4,0,TypeScript,2024-2026,1.0,21.67,0.0,1.4,0
19,1,0,0,1,1,1,0,0,0.0,0,TypeScript,2024-2026,1.0,0.5,0.0,0.0,0
20,1,0,0,23,26,3,2,4,4.5,0,TypeScript,2024-2026,1.0,0.85,0.5,1.12,0
20,1,0,0,1804,1968,4,1,0,0.0,0,TypeScript,2024-2026,1.0,0.92,0.2,0.0,0
5,2,0,1,134,146,78,0,0,0.0,0,TypeScript,2024-2026,1.0,0.91,0.0,0.0,0
5,2,0,1,114,106,43,0,0,0.0,0,TypeScript,2024-2026,1.0,1.07,0.0,0.0,0
7,2,0,0,103,11,4,0,7,1.14,0,TypeScript,2024-2026,1.0,8.58,0.0,0.23,0
7,2,0,0,573,88,51,0,48,1.79,0,TypeScript,2024-2026,1.0,6.44,0.0,0.03,0
7,2,0,0,282,57,23,0,27,2.26,0,TypeScript,2024-2026,1.0,4.86,0.0,0.09,0
8,2,0,0,105,1,3,1,2,31.5,0,TypeScript,2024-2026,1.0,52.5,0.25,7.88,0
11,2,0,0,2087,2059,18,0,2,11.0,0,TypeScript,2024-2026,1.0,1.01,0.0,0.58,14
12,2,0,0,43,43,43,0,0,0.0,0,TypeScript,2024-2026,1.0,0.98,0.0,0.0,7
12,2,0,0,85,89,24,0,4,10.0,0,TypeScript,2024-2026,1.0,0.94,0.0,0.4,14
13,2,0,0,23,36,11,0,23,1.35,0,TypeScript,2024-2026,1.0,0.62,0.0,0.11,0
14,2,0,0,5,5,4,0,0,0.0,0,TypeScript,2024-2026,1.0,0.83,0.0,0.0,0
15,2,0,0,2,0,2,0,1,43.0,0,TypeScript,2024-2026,1.0,2.0,0.0,14.33,0
15,2,0,0,132,0,1,0,0,0.0,0,TypeScript,2024-2026,1.0,132.0,0.0,0.0,0
15,2,0,0,6,6,3,0,3,1.0,0,TypeScript,2024-2026,1.0,0.86,0.0,0.25,0
16,2,0,0,1,1,1,0,1,13.0,0,TypeScript,2024-2026,1.0,0.5,0.0,6.5,14
18,2,0,0,50,18,2,1,2,16.5,0,TypeScript,2024-2026,1.0,2.63,0.33,5.5,0
4,3,0,1,385,8,11,0,3,4.33,0,TypeScript,2024-2026,1.0,42.78,0.0,0.36,3
9,3,0,0,202,2,2,1,2,4.5,0,TypeScript,2024-2026,1.0,67.33,0.33,1.5,0
9,3,0,0,43,43,43,0,0,0.0,0,TypeScript,2024-2026,1.0,0.98,0.0,0.0,7
10,3,0,0,92,1,2,1,3,49.67,0,TypeScript,2024-2026,1.0,46.0,0.33,16.56,0
11,3,0,0,1,1,1,0,0,0.0,0,TypeScript,2024-2026,1.0,0.5,0.0,0.0,0
11,3,0,0,183,192,93,0,0,0.0,0,TypeScript,2024-2026,1.0,0.95,0.0,0.0,0
12,3,0,0,22,1,2,1,2,8.5,0,TypeScript,2024-2026,1.0,11.0,0.33,2.83,0
12,3,0,0,348,35,2,1,3,18.33,0,TypeScript,2024-2026,1.0,9.67,0.33,6.11,0
13,3,0,0,16,1,3,0,2,3.0,0,TypeScript,2024-2026,1.0,8.0,0.0,0.75,0
13,3,0,0,2,2,1,0,0,0.0,0,TypeScript,2024-2026,1.0,0.67,0.0,0.0,0
14,3,0,0,115,5,2,1,5,4.6,0,TypeScript,2024-2026,1.0,19.17,0.33,1.53,0
14,3,0,0,1,1,1,0,0,0.0,0,TypeScript,2024-2026,1.0,0.5,0.0,0.0,0
14,3,0,0,1,0,1,0,1,7.0,0,TypeScript,2024-2026,1.0,1.0,0.0,3.5,0
14,3,0,0,198,87,9,1,3,9.0,0,TypeScript,2024-2026,1.0,2.25,0.1,0.9,0
14,3,0,0,652,461,44,4,15,15.33,0,TypeScript,2024-2026,1.0,1.41,0.09,0.34,0
15,3,0,0,24,15,12,0,0,0.0,0,TypeScript,2024-2026,1.0,1.5,0.0,0.0,0
18,3,0,0,6,3,3,0,0,0.0,0,TypeScript,2024-2026,1.0,1.5,0.0,0.0,0
18,3,0,0,61,1,2,1,2,3.0,0,TypeScript,2024-2026,1.0,30.5,0.33,1.0,0
18,3,0,0,691,704,26,0,0,0.0,0,TypeScript,2024-2026,1.0,0.98,0.0,0.0,14
0,4,0,1,421,109,4,1,3,5.33,0,TypeScript,2024-2026,1.0,3.83,0.2,1.07,0
2,4,0,1,23,37,8,0,7,8.57,0,TypeScript,2024-2026,1.0,0.61,0.0,0.95,14
9,4,0,0,21186,28,4,0,9,1.22,0,TypeScript,2024-2026,1.0,730.55,0.0,0.24,3
10,4,0,0,5,5,5,0,0,0.0,0,TypeScript,2024-2026,1.0,0.83,0.0,0.0,0
10,4,0,0,1858,1579,52,0,128,4.22,0,TypeScript,2024-2026,1.0,1.18,0.0,0.08,12
12,4,0,0,156,0,1,0,0,0.0,0,TypeScript,2024-2026,1.0,156.0,0.0,0.0,0
12,4,0,0,2,2,1,0,0,0.0,0,TypeScript,2024-2026,1.0,0.67,0.0,0.0,0
13,4,0,0,1,1,1,0,0,0.0,0,TypeScript,2024-2026,1.0,0.5,0.0,0.0,0
13,4,0,0,1,1,1,0,0,0.0,0,TypeScript,2024-2026,1.0,0.5,0.0,0.0,0
13,4,0,0,47,0,2,0,0,0.0,0,TypeScript,2024-2026,1.0,47.0,0.0,0.0,0
14,4,0,0,189,9,12,1,4,7.25,0,TypeScript,2024-2026,1.0,18.9,0.08,0.56,0
15,4,0,0,1,0,1,0,2,10.0,0,TypeScript,2024-2026,1.0,1.0,0.0,5.0,0
15,4,0,0,1,1,1,0,0,0.0,0,TypeScript,2024-2026,1.0,0.5,0.0,0.0,0
15,4,0,0,1706,748,54,3,109,4.36,0,TypeScript,2024-2026,1.0,2.28,0.05,0.08,12
17,4,0,0,1,149,1,0,0,0.0,0,TypeScript,2024-2026,1.0,0.01,0.0,0.0,14
19,4,0,0,45,45,1,0,0,0.0,0,TypeScript,2024-2026,1.0,0.98,0.0,0.0,0
19,4,0,0,214,8,6,0,31,2.35,0,TypeScript,2024-2026,1.0,23.78,0.0,0.34,3
20,4,0,0,79,9,6,1,4,1.75,0,TypeScript,2024-2026,1.0,7.9,0.14,0.25,0
20,4,0,0,94,5,4,1,7,2.0,0,TypeScript,2024-2026,1.0,15.67,0.2,0.4,14
21,4,0,0,263,22,6,0,28,1.36,0,TypeScript,2024-2026,1.0,11.43,0.0,0.19,3
1,5,1,1,116,17,2,1,6,7.83,0,TypeScript,2024-2026,1.0,6.44,0.33,2.61,0
2,5,1,1,189,54,13,1,14,4.43,0,TypeScript,2024-2026,1.0,3.44,0.07,0.32,0
2,5,1,1,158,3,3,1,7,4.43,0,TypeScript,2024-2026,1.0,39.5,0.25,1.11,0
16,5,1,0,1123,1377,140,1,168,13.28,0,TypeScript,2024-2026,1.0,0.81,0.01,0.09,3
16,6,1,0,1261,60,34,6,55,2.0,0,TypeScript,2024-2026,1.0,20.67,0.17,0.06,0
16,6,1,0,1563,517,13,0,1,4.0,0,TypeScript,2024-2026,1.0,3.02,0.0,0.29,0
17,6,1,0,2,0,1,0,0,0.0,0,TypeScript,2024-2026,1.0,2.0,0.0,0.0,0
17,6,1,0,188,260,20,4,49,2.67,0,TypeScript,2024-2026,1.0,0.72,0.19,0.13,0
20,6,1,0,48,0,3,0,0,0.0,0,TypeScript,2024-2026,1.0,48.0,0.0,0.0,0
1,0,0,1,1,1,1,0,0,0.0,0,TypeScript,2024-2026,1.0,0.5,0.0,0.0,0
1,0,0,1,1,1,1,0,0,0.0,0,TypeScript,2024-2026,1.0,0.5,0.0,0.0,0
2,0,0,1,73,22,3,0,6,3.33,0,TypeScript,2024-2026,1.0,3.17,0.0,0.83,0
2,0,0,1,109,0,2,1,5,3.4,0,TypeScript,2024-2026,1.0,109.0,0.33,1.13,0
8,0,0,0,22,0,1,0,0,0.0,0,TypeScript,2024-2026,1.0,22.0,0.0,0.0,0
9,0,0,0,139,10,3,2,0,0.0,0,TypeScript,2024-2026,1.0,12.64,0.5,0.0,0
11,0,0,0,20,12,5,0,7,1.86,0,TypeScript,2024-2026,1.0,1.54,0.0,0.31,0
12,0,0,0,98,42,7,2,8,5.38,0,TypeScript,2024-2026,1.0,2.28,0.25,0.67,0
12,0,0,0,11,11,4,0,0,0.0,0,TypeScript,2024-2026,1.0,0.92,0.0,0.0,0
13,0,0,0,100,27,5,1,5,4.4,0,TypeScript,2024-2026,1.0,3.57,0.17,0.73,0
14,0,0,0,2,2,2,0,3,3.0,0,TypeScript,2024-2026,1.0,0.67,0.0,1.0,0
15,0,0,0,137,0,2,1,7,1.29,0,TypeScript,2024-2026,1.0,137.0,0.33,0.43,12
15,0,0,0,1,1,1,1,0,0.0,0,TypeScript,2024-2026,1.0,0.5,0.5,0.0,0
16,0,0,0,99,24,4,1,4,3.5,0,TypeScript,2024-2026,1.0,3.96,0.2,0.7,0
21,0,0,0,49,4,46,0,0,0.0,0,TypeScript,2024-2026,1.0,9.8,0.0,0.0,0
22,0,0,1,56,0,3,1,1,1.0,0,TypeScript,2024-2026,1.0,56.0,0.25,0.25,6
8,1,0,0,96,89,43,0,0,0.0,0,TypeScript,2024-2026,1.0,1.07,0.0,0.0,0
9,1,0,0,4638,351,69,5,77,4.31,0,TypeScript,2024-2026,1.0,13.18,0.07,0.06,14
9,1,0,0,404,0,4,0,3,9.0,0,TypeScript,2024-2026,1.0,404.0,0.0,1.8,3
9,1,0,0,4,1,2,0,3,7.67,0,TypeScript,2024-2026,1.0,2.0,0.0,2.56,0
9,1,0,0,383,35,7,1,13,1.92,0,TypeScript,2024-2026,1.0,10.64,0.12,0.24,0
9,1,0,0,112,112,59,0,0,0.0,0,TypeScript,2024-2026,1.0,0.99,0.0,0.0,0
9,1,0,0,1,7,2,0,0,0.0,0,TypeScript,2024-2026,1.0,0.12,0.0,0.0,0
10,1,0,0,25,25,7,0,0,0.0,0,TypeScript,2024-2026,1.0,0.96,0.0,0.0,0
13,1,0,0,62,89,2,0,0,0.0,0,TypeScript,2024-2026,1.0,0.69,0.0,0.0,0
13,1,0,0,35,17,3,0,0,0.0,0,TypeScript,2024-2026,1.0,1.94,0.0,0.0,0
13,1,0,0,194,13,4,1,2,19.5,0,TypeScript,2024-2026,1.0,13.86,0.2,3.9,0
14,1,0,0,97,361,2,0,0,0.0,0,TypeScript,2024-2026,1.0,0.27,0.0,0.0,6
15,1,0,0,2,0,1,0,0,0.0,0,TypeScript,2024-2026,1.0,2.0,0.0,0.0,0
16,1,0,0,64,64,59,0,0,0.0,0,TypeScript,2024-2026,1.0,0.98,0.0,0.0,0
16,1,0,0,0,12,2,0,0,0.0,0,TypeScript,2024-2026,1.0,0.0,0.0,0.0,0
16,1,0,0,12248,4263,6,1,6,3.33,0,TypeScript,2024-2026,1.0,2.87,0.14,0.48,14
16,1,0,0,51,3,2,1,2,2.5,0,TypeScript,2024-2026,1.0,12.75,0.33,0.83,14
17,1,0,0,113,36,13,1,26,4.5,0,TypeScript,2024-2026,1.0,3.05,0.07,0.32,14
17,1,0,0,15,7,4,0,1,4.0,0,TypeScript,2024-2026,1.0,1.88,0.0,0.8,0
20,1,0,0,64,64,59,0,0,0.0,0,TypeScript,2024-2026,1.0,0.98,0.0,0.0,0
20,1,0,0,1,18,2,0,0,0.0,0,TypeScript,2024-2026,1.0,0.05,0.0,0.0,0
22,1,0,1,15,15,11,0,0,0.0,0,TypeScript,2024-2026,1.0,0.94,0.0,0.0,0
10,2,0,0,74,2,4,1,3,41.33,0,TypeScript,2024-2026,1.0,24.67,0.2,8.27,0
11,2,0,0,92,2,3,1,1,8.0,0,TypeScript,2024-2026,1.0,30.67,0.25,2.0,0
13,2,0,0,167,2,5,0,3,82.33,0,TypeScript,2024-2026,1.0,55.67,0.0,13.72,0
13,2,0,0,1,0,1,0,0,0.0,0,TypeScript,2024-2026,1.0,1.0,0.0,0.0,3
14,2,0,0,2,2,2,0,0,0.0,0,TypeScript,2024-2026,1.0,0.67,0.0,0.0,3
14,2,0,0,234,43346,134,0,12,4.75,0,TypeScript,2024-2026,1.0,0.01,0.0,0.04,0
14,2,0,0,43,43,43,0,0,0.0,0,TypeScript,2024-2026,1.0,0.98,0.0,0.0,0
14,2,0,0,544,18,5,0,3,19.33,0,TypeScript,2024-2026,1.0,28.63,0.0,3.22,3
15,2,0,0,1,1,1,0,1,3.0,0,TypeScript,2024-2026,1.0,0.5,0.0,1.5,0
16,2,0,0,5,2,1,0,1,2.0,0,TypeScript,2024-2026,1.0,1.67,0.0,1.0,0
16,2,0,0,793,0,1,0,0,0.0,0,TypeScript,2024-2026,1.0,793.0,0.0,0.0,0
19,2,0,0,846,26,20,5,13,8.85,0,TypeScript,2024-2026,1.0,31.33,0.24,0.42,0
12,3,0,0,0,134,2,0,0,0.0,0,TypeScript,2024-2026,1.0,0.0,0.0,0.0,0
13,3,0,0,21,6,9,0,0,0.0,0,TypeScript,2024-2026,1.0,3.0,0.0,0.0,0
13,3,0,0,46,0,2,0,0,0.0,0,TypeScript,2024-2026,1.0,46.0,0.0,0.0,0
14,3,0,0,5,0,1,0,0,0.0,0,TypeScript,2024-2026,1.0,5.0,0.0,0.0,0
18,3,0,0,498,144,41,2,53,4.92,0,TypeScript,2024-2026,1.0,3.43,0.05,0.12,12
18,3,0,0,5,0,2,0,0,0.0,0,TypeScript,2024-2026,1.0,5.0,0.0,0.0,0
19,3,0,0,100,10,6,2,9,6.33,0,TypeScript,2024-2026,1.0,9.09,0.29,0.9,12
23,3,0,1,161,1,2,1,6,3.33,0,TypeScript,2024-2026,1.0,80.5,0.33,1.11,0
6,4,0,0,231,25,3,1,10,4.1,0,TypeScript,2024-2026,1.0,8.88,0.25,1.02,6
9,4,0,0,394,48,37,2,13,9.54,0,TypeScript,2024-2026,1.0,8.04,0.05,0.25,3
9,4,0,0,6,0,1,0,0,0.0,0,TypeScript,2024-2026,1.0,6.0,0.0,0.0,0
10,4,0,0,52,52,9,0,10,4.7,0,TypeScript,2024-2026,1.0,0.98,0.0,0.47,0
13,4,0,0,52,11,2,0,3,12.33,0,TypeScript,2024-2026,1.0,4.33,0.0,4.11,0
15,4,0,0,38,34,23,4,15,2.4,0,TypeScript,2024-2026,1.0,1.09,0.17,0.1,0
18,4,0,0,3386,34,22,2,23,6.26,0,TypeScript,2024-2026,1.0,96.74,0.09,0.27,0
19,4,0,0,142,13,4,1,8,1.62,0,TypeScript,2024-2026,1.0,10.14,0.2,0.32,0
19,4,0,0,32,19,1,0,0,0.0,0,TypeScript,2024-2026,1.0,1.6,0.0,0.0,0
19,4,0,0,68,0,6,1,3,21.33,0,TypeScript,2024-2026,1.0,68.0,0.14,3.05,0
21,4,0,0,104,20,4,2,10,1.7,0,TypeScript,2024-2026,1.0,4.95,0.4,0.34,3
21,4,0,0,271,70,16,1,7,1.14,0,TypeScript,2024-2026,1.0,3.82,0.06,0.07,3
22,4,0,1,383,426,107,0,0,0.0,0,TypeScript,2024-2026,1.0,0.9,0.0,0.0,0
23,4,0,1,104,19,5,0,8,4.38,0,TypeScript,2024-2026,1.0,5.2,0.0,0.73,3
9,5,1,0,112,112,59,0,0,0.0,0,TypeScript,2024-2026,1.0,0.99,0.0,0.0,0
9,5,1,0,1,15,2,0,0,0.0,0,TypeScript,2024-2026,1.0,0.06,0.0,0.0,0
15,5,1,0,64,64,59,0,0,0.0,0,TypeScript,2024-2026,1.0,0.98,0.0,0.0,0
17,5,1,0,64,64,59,0,0,0.0,0,TypeScript,2024-2026,1.0,0.98,0.0,0.0,0
17,5,1,0,11,12,2,0,0,0.0,0,TypeScript,2024-2026,1.0,0.85,0.0,0.0,0
17,5,1,0,64,64,59,0,0,0.0,0,TypeScript,2024-2026,1.0,0.98,0.0,0.0,0
17,5,1,0,6,14,2,0,0,0.0,0,TypeScript,2024-2026,1.0,0.4,0.0,0.0,0
18,5,1,0,2,1,1,0,0,0.0,0,TypeScript,2024-2026,1.0,1.0,0.0,0.0,3
18,5,1,0,1,0,1,0,0,0.0,0,TypeScript,2024-2026,1.0,1.0,0.0,0.0,3
8,6,1,0,64,64,59,0,0,0.0,0,TypeScript,2024-2026,1.0,0.98,0.0,0.0,0
8,6,1,0,1,1,1,0,0,0.0,0,TypeScript,2024-2026,1.0,0.5,0.0,0.0,0
19,6,1,0,1,1,1,0,0,0.0,0,TypeScript,2024-2026,1.0,0.5,0.0,0.0,0
11,0,0,0,15,16,6,0,150,3.64,0,TypeScript,2024-2026,1.0,0.88,0.0,0.52,0
15,0,0,0,216,48,6,1,7,4.57,0,TypeScript,2024-2026,1.0,4.41,0.14,0.65,0
16,0,0,0,0,20,1,0,0,0.0,0,TypeScript,2024-2026,1.0,0.0,0.0,0.0,0
16,0,0,0,185,13,5,0,12,7.83,0,TypeScript,2024-2026,1.0,13.21,0.0,1.3,0
17,0,0,0,147,0,3,1,0,0.0,0,TypeScript,2024-2026,1.0,147.0,0.25,0.0,0
15,1,0,0,1,1,1,0,0,0.0,0,TypeScript,2024-2026,1.0,0.5,0.0,0.0,0
16,1,0,0,182,11,7,2,6,4.67,0,TypeScript,2024-2026,1.0,15.17,0.25,0.58,0
9,2,0,0,130,74,4,2,0,0.0,0,TypeScript,2024-2026,1.0,1.73,0.4,0.0,6
9,2,0,0,146,2,4,1,3,7.33,0,TypeScript,2024-2026,1.0,48.67,0.2,1.47,6
9,2,0,0,98,0,1,1,0,0.0,0,TypeScript,2024-2026,1.0,98.0,0.5,0.0,0
13,2,0,0,43,43,43,0,0,0.0,0,TypeScript,2024-2026,1.0,0.98,0.0,0.0,0
13,2,0,0,0,3,1,0,0,0.0,0,TypeScript,2024-2026,1.0,0.0,0.0,0.0,0
13,2,0,0,43,43,43,0,0,0.0,0,TypeScript,2024-2026,1.0,0.98,0.0,0.0,0
13,2,0,0,33,2,2,1,2,30.5,0,TypeScript,2024-2026,1.0,11.0,0.33,10.17,0
12,3,0,0,15,5,3,0,0,0.0,0,TypeScript,2024-2026,1.0,2.5,0.0,0.0,0
13,3,0,0,79,14,3,0,0,0.0,0,TypeScript,2024-2026,1.0,5.27,0.0,0.0,0
13,3,0,0,1,1,1,0,0,0.0,0,TypeScript,2024-2026,1.0,0.5,0.0,0.0,7
14,3,0,0,4855,24377,274,9,274,3.26,0,TypeScript,2024-2026,1.0,0.2,0.03,0.01,14
14,3,0,0,3,1,1,0,0,0.0,0,TypeScript,2024-2026,1.0,1.5,0.0,0.0,0
15,4,0,0,460,74,6,1,25,8.72,0,TypeScript,2024-2026,1.0,6.13,0.14,1.25,3
16,4,0,0,1,0,1,0,0,0.0,0,TypeScript,2024-2026,1.0,1.0,0.0,0.0,0
10,5,1,0,610,4,6,0,9,7.78,0,TypeScript,2024-2026,1.0,122.0,0.0,1.11,3
10,5,1,0,9,21,1,0,4,2.0,0,TypeScript,2024-2026,1.0,0.41,0.0,1.0,0
2,0,0,1,168,192,95,0,0,0.0,0,TypeScript,2024-2026,1.0,0.87,0.0,0.0,0
2,0,0,1,112,112,59,0,0,0.0,0,TypeScript,2024-2026,1.0,0.99,0.0,0.0,0
2,0,0,1,1,7,2,0,0,0.0,0,TypeScript,2024-2026,1.0,0.12,0.0,0.0,0
4,0,0,1,64,64,59,0,0,0.0,0,TypeScript,2024-2026,1.0,0.98,0.0,0.0,0
4,0,0,1,0,12,2,0,0,0.0,0,TypeScript,2024-2026,1.0,0.0,0.0,0.0,0
8,0,0,0,64,64,59,0,0,0.0,0,TypeScript,2024-2026,1.0,0.98,0.0,0.0,0
8,0,0,0,1,25,2,0,0,0.0,0,TypeScript,2024-2026,1.0,0.04,0.0,0.0,0
11,0,0,0,112,7,4,0,7,10.57,0,TypeScript,2024-2026,1.0,14.0,0.0,2.11,3
12,0,0,0,553,0,23,5,11,1.64,0,TypeScript,2024-2026,1.0,553.0,0.21,0.07,0
13,0,0,0,82,82,61,0,0,0.0,0,TypeScript,2024-2026,1.0,0.99,0.0,0.0,0
22,0,0,1,28,3,6,0,2,4.5,0,TypeScript,2024-2026,1.0,7.0,0.0,0.64,0
22,0,0,1,10,10,1,0,0,0.0,0,TypeScript,2024-2026,1.0,0.91,0.0,0.0,3
11,1,0,0,11,0,1,0,0,0.0,0,TypeScript,2024-2026,1.0,11.0,0.0,0.0,0
13,1,0,0,140,2,2,0,0,0.0,0,TypeScript,2024-2026,1.0,46.67,0.0,0.0,0
21,1,0,0,2,377,1,1,0,0.0,0,TypeScript,2024-2026,1.0,0.01,0.5,0.0,14
22,1,0,1,607,132,26,3,17,2.47,0,TypeScript,2024-2026,1.0,4.56,0.11,0.09,14
23,1,0,1,22,127,7,1,8,11.88,0,TypeScript,2024-2026,1.0,0.17,0.12,1.48,14
13,2,0,0,8322,3868,276,4,59,7.39,0,TypeScript,2024-2026,1.0,2.15,0.01,0.03,0
15,2,0,0,352,580,32,10,44,2.0,1,TypeScript,2024-2026,0.4,0.61,0.3,0.06,0
15,2,0,0,171,2,7,1,4,1.5,0,TypeScript,2024-2026,1.0,57.0,0.12,0.19,0
16,2,0,0,279,0,11,0,17,2.18,0,TypeScript,2024-2026,1.0,279.0,0.0,0.18,3
11,3,0,0,12,129,5,1,1,1.0,1,TypeScript,2024-2026,0.4,0.09,0.17,0.17,1
11,3,0,0,2,0,1,0,0,0.0,0,TypeScript,2024-2026,1.0,2.0,0.0,0.0,2
11,3,0,0,654,454,84,1,15,3.6,1,TypeScript,2024-2026,0.4,1.44,0.01,0.04,6
14,3,0,0,430,82,56,0,7,3.29,0,TypeScript,2024-2026,1.0,5.18,0.0,0.06,7
14,3,0,0,16,0,1,0,0,0.0,1,TypeScript,2024-2026,0.4,16.0,0.0,0.0,12
14,3,0,0,1049,1317,10,1,4,4.0,0,TypeScript,2024-2026,1.0,0.8,0.09,0.36,0
14,3,0,0,176,11,4,0,0,0.0,1,TypeScript,2024-2026,0.4,14.67,0.0,0.0,13
15,3,0,0,149,48,4,0,0,0.0,1,TypeScript,2024-2026,0.4,3.04,0.0,0.0,14
15,3,0,0,100,61,5,0,0,0.0,0,TypeScript,2024-2026,1.0,1.61,0.0,0.0,0
16,3,0,0,110,19,6,0,3,8.0,1,TypeScript,2024-2026,0.4,5.5,0.0,1.14,15
16,3,0,0,107,5,3,0,0,0.0,1,TypeScript,2024-2026,0.4,17.83,0.0,0.0,16
19,3,0,0,36,8,2,0,0,0.0,1,TypeScript,2024-2026,0.4,4.0,0.0,0.0,17
20,3,0,0,54,16,3,0,1,24.0,0,TypeScript,2024-2026,1.0,3.18,0.0,6.0,18
11,4,0,0,32,188,9,1,8,4.12,0,TypeScript,2024-2026,1.0,0.17,0.1,0.41,14
11,4,0,0,24,33,1,0,1,3.0,1,TypeScript,2024-2026,0.4,0.71,0.0,1.5,14
11,4,0,0,94,2,5,1,2,4.0,1,TypeScript,2024-2026,0.4,31.33,0.17,0.67,15
13,4,0,0,247,182,8,0,1,5.0,1,TypeScript,2024-2026,0.4,1.35,0.0,0.56,18
13,4,0,0,212,17,7,1,7,4.43,1,TypeScript,2024-2026,0.4,11.78,0.12,0.55,16
14,4,0,0,1,4,1,0,0,0.0,1,TypeScript,2024-2026,0.4,0.2,0.0,0.0,19
5,5,1,1,81,70,44,0,0,0.0,0,TypeScript,2024-2026,1.0,1.14,0.0,0.0,0
10,5,1,0,247,23,4,0,3,9.33,0,TypeScript,2024-2026,1.0,10.29,0.0,1.87,3
12,5,1,0,112,112,59,0,0,0.0,0,TypeScript,2024-2026,1.0,0.99,0.0,0.0,0
12,5,1,0,1,13,2,0,0,0.0,0,TypeScript,2024-2026,1.0,0.07,0.0,0.0,0
14,5,1,0,64,64,59,0,0,0.0,0,TypeScript,2024-2026,1.0,0.98,0.0,0.0,0
14,5,1,0,1,13,2,0,0,0.0,0,TypeScript,2024-2026,1.0,0.07,0.0,0.0,0
1,6,1,1,176,11,7,1,13,4.08,0,TypeScript,2024-2026,1.0,14.67,0.12,0.51,0
2,0,0,1,113,115,66,0,0,0.0,0,TypeScript,2024-2026,1.0,0.97,0.0,0.0,0
8,0,0,0,9,3,3,0,0,0.0,0,TypeScript,2024-2026,1.0,2.25,0.0,0.0,17
8,0,0,0,62,1,4,1,4,2.25,1,TypeScript,2024-2026,0.4,31.0,0.2,0.45,17
10,0,0,0,3,1,2,0,0,0.0,0,TypeScript,2024-2026,1.0,1.5,0.0,0.0,3
10,0,0,0,0,19,5,0,2,1.5,0,TypeScript,2024-2026,1.0,0.0,0.0,0.25,3
11,0,0,0,41,1,3,0,7,3.29,0,TypeScript,2024-2026,1.0,20.5,0.0,0.82,3
11,0,0,0,6,0,1,0,0,0.0,0,TypeScript,2024-2026,1.0,6.0,0.0,0.0,0
11,0,0,0,1253,726,104,1,73,1.74,0,TypeScript,2024-2026,1.0,1.72,0.01,0.02,7
12,0,0,0,595,91,14,1,8,2.75,1,TypeScript,2024-2026,0.4,6.47,0.07,0.18,7
12,0,0,0,587,306,30,5,17,5.53,0,TypeScript,2024-2026,1.0,1.91,0.16,0.18,0
17,0,0,0,1204,1167,3,0,0,0.0,0,TypeScript,2024-2026,1.0,1.03,0.0,0.0,0
17,0,0,0,1977,297,8,0,73,5.25,0,TypeScript,2024-2026,1.0,6.63,0.0,0.58,3
9,1,0,0,14,0,1,0,0,0.0,0,TypeScript,2024-2026,1.0,14.0,0.0,0.0,8
11,1,0,0,600,17,8,0,13,8.69,1,TypeScript,2024-2026,0.4,33.33,0.0,0.97,2
12,1,0,0,452,2,4,0,7,1.43,0,TypeScript,2024-2026,1.0,150.67,0.0,0.29,0
12,1,0,0,23178,13062,452,15,445,6.77,0,TypeScript,2024-2026,1.0,1.77,0.03,0.01,20
15,1,0,0,294,111,7,1,4,4.75,1,TypeScript,2024-2026,0.4,2.62,0.12,0.59,18
16,1,0,0,1,0,1,0,0,0.0,0,TypeScript,2024-2026,1.0,1.0,0.0,0.0,19
18,1,0,0,60,10,3,0,0,0.0,0,TypeScript,2024-2026,1.0,5.45,0.0,0.0,0
18,1,0,0,0,430,2,0,6,3.33,0,TypeScript,2024-2026,1.0,0.0,0.0,1.11,0
18,1,0,0,347,58,20,3,14,8.5,0,TypeScript,2024-2026,1.0,5.88,0.14,0.4,0
18,1,0,0,2,2,2,0,0,0.0,0,TypeScript,2024-2026,1.0,0.67,0.0,0.0,0
0,2,0,1,20,10,3,0,4,4.0,0,TypeScript,2024-2026,1.0,1.82,0.0,1.0,0
1,2,0,1,562,249,24,2,13,15.46,0,TypeScript,2024-2026,1.0,2.25,0.08,0.62,0
10,2,0,0,338,233,27,2,10,6.6,0,TypeScript,2024-2026,1.0,1.44,0.07,0.24,0
10,2,0,0,1164,121,53,0,22,6.5,1,TypeScript,2024-2026,0.4,9.54,0.0,0.12,3
11,2,0,0,54,809,1,0,0,0.0,0,TypeScript,2024-2026,1.0,0.07,0.0,0.0,0
12,2,0,0,113,1097,39,9,39,4.92,1,TypeScript,2024-2026,0.4,0.1,0.22,0.12,4
12,2,0,0,214,34,14,1,15,3.87,1,TypeScript,2024-2026,0.4,6.11,0.07,0.26,19
18,2,0,0,452,285,29,0,30,112.4,0,TypeScript,2024-2026,1.0,1.58,0.0,3.75,0
21,2,0,0,752,44,10,3,3,5.0,1,TypeScript,2024-2026,0.4,16.71,0.27,0.45,20
8,3,0,0,156,2,6,1,0,0.0,1,TypeScript,2024-2026,0.4,52.0,0.14,0.0,21
9,3,0,0,330,45,17,0,12,7.83,0,TypeScript,2024-2026,1.0,7.17,0.0,0.44,0
11,3,0,0,24,16,2,0,3,8.33,1,TypeScript,2024-2026,0.4,1.41,0.0,2.78,0
11,3,0,0,39,33,2,0,5,1.0,1,TypeScript,2024-2026,0.4,1.15,0.0,0.33,8
14,3,0,0,734,420,47,0,75,1.4,0,TypeScript,2024-2026,1.0,1.74,0.0,0.03,0
15,3,0,0,682,265,50,0,7,5.43,1,TypeScript,2024-2026,0.4,2.56,0.0,0.11,9
16,3,0,0,971,469,35,2,32,8.06,0,TypeScript,2024-2026,1.0,2.07,0.06,0.22,0
16,3,0,0,2056,28,37,0,54,1.63,0,TypeScript,2024-2026,1.0,70.9,0.0,0.04,20
17,3,0,0,714,244,55,5,38,14.29,0,TypeScript,2024-2026,1.0,2.91,0.09,0.26,0
18,3,0,0,70,0,3,0,0,0.0,0,TypeScript,2024-2026,1.0,70.0,0.0,0.0,0
23,3,0,1,2830,2965,43,0,5,8.0,0,TypeScript,2024-2026,1.0,0.95,0.0,0.18,22
4,4,0,1,48,48,13,0,0,0.0,1,TypeScript,2024-2026,0.4,0.98,0.0,0.0,22
5,4,0,1,1,8,3,0,3,5.33,1,TypeScript,2024-2026,0.4,0.11,0.0,1.33,23
5,4,0,1,2,54,2,0,1,150.0,0,TypeScript,2024-2026,1.0,0.04,0.0,50.0,24
8,4,0,0,1,1,1,0,0,0.0,1,TypeScript,2024-2026,0.4,0.5,0.0,0.0,10
8,4,0,0,254,55,27,2,9,6.78,1,TypeScript,2024-2026,0.4,4.54,0.07,0.24,0
11,4,0,0,50,2,7,0,0,0.0,0,TypeScript,2024-2026,1.0,16.67,0.0,0.0,0
12,4,0,0,192,438,43,0,9,4.22,0,TypeScript,2024-2026,1.0,0.44,0.0,0.1,24
12,4,0,0,6508,827,42,11,106,6.73,1,TypeScript,2024-2026,0.4,7.86,0.26,0.16,1
14,4,0,0,393,66,15,1,23,2.61,0,TypeScript,2024-2026,1.0,5.87,0.06,0.16,1
14,4,0,0,137,278,19,0,27,2.41,1,TypeScript,2024-2026,0.4,0.49,0.0,0.12,20
17,4,0,0,234,52,53,1,13,3.92,1,TypeScript,2024-2026,0.4,4.42,0.02,0.07,2
