repo,commit_sha_full,commit_sha,commit_message,commit_type,language,author,committed_at,commit_hour,day_of_week,is_weekend,is_night_commit,lines_added,lines_deleted,files_changed,test_files_changed,num_methods,avg_complexity,is_buggy,label_source,language_group,time_period,confidence,linked_issue,churn_ratio,test_ratio,complexity_per_file,prior_bugs_author
swc-project/swc,e1f5d681e3f679dda318de007d5eef9f8f91e46b,e1f5d681e3,Fix typescript class properties pass (#951),bugfix,Rust,강동윤,2020-08-10 01:22:15+09:00,1,0,0,1,119,38,7,0,5,8.4,0,clean,TypeScript,2018-2020,1.0,,3.05,0.0,1.05,0
swc-project/swc,dde9defbe4fa3ff3053426cde748f44f65059e63,dde9defbe4,Fix typescript strip in class properties pass (#954)  Co-authored-by: 강동윤 <kdy1997.dev@gmail.com>,bugfix,Rust,LongYinan,2020-08-10 20:33:25+09:00,20,0,0,0,20,7,4,0,1,25.0,0,clean,TypeScript,2018-2020,1.0,,2.5,0.0,5.0,0
swc-project/swc,4ab3c58f6aaf8a5f20432ba9e85aa4c5a483223d,4ab3c58f6a,Strip TypeScript class properties without value assigned (#956)  Co-authored-by: 강동윤 <kdy1997.dev@gmail.com>,other,Rust,LongYinan,2020-08-11 01:58:45+09:00,1,1,0,1,8,3,4,0,1,26.0,0,clean,TypeScript,2018-2020,1.0,,2.0,0.0,5.2,0
swc-project/swc,2fedf327478c3d9c0c95093ec68acdd4c076a01c,2fedf32747,"swc_bundler (#943)  swc_bundler:  - Splitted from spack  swc_ecma_parser:  - Fix unexpected eof problem which occurs if log level is trace  swc_ecma_transforms:  - Fix bugs of dce pass  spack",bugfix,Rust,강동윤,2020-08-12 22:18:47+09:00,22,2,0,1,2807,1688,108,5,189,2.95,0,clean,TypeScript,2018-2020,1.0,,1.66,0.05,0.03,0
swc-project/swc,4495d849b825f9a552c2a3d01b59470b9f47b043,4495d849b8,Publish swc_bundler,other,Unknown,강동윤,2020-08-12 22:28:59+09:00,22,2,0,1,1,1,1,0,0,0.0,0,clean,TypeScript,2018-2020,1.0,,0.5,0.0,0.0,0
swc-project/swc,fe2bcb033c41943f8885355bcb2ed8a41b6a78d7,fe2bcb033c,New version for swc_ecmascript,feature,Unknown,강동윤,2020-08-13 01:25:38+09:00,1,3,0,1,3,3,1,0,0,0.0,0,clean,TypeScript,2018-2020,1.0,,0.75,0.0,0.0,0
swc-project/swc,a62af5f38ff49ecdcdae47ca84d75b8cffe55b86,a62af5f38f,"Allow optional constructor property parameters (#959)  swc_ecma_transforms:  - Handle optional constructor property parameters properly (#958)",other,Rust,강동윤,2020-08-13 11:47:33+09:00,11,3,0,0,37,4,5,1,3,1.0,0,clean,TypeScript,2018-2020,1.0,,7.4,0.17,0.17,0
swc-project/swc,7204b104a7ba00d76577129695a82dfb6f74702d,7204b104a7,"Decorators on parameter properties (#961)  swc_ecma_transforms:  - Support parameter decorators on properties without a value (#960)",other,Rust,강동윤,2020-08-13 23:13:21+09:00,23,3,0,1,154,59,4,0,1,33.0,0,clean,TypeScript,2018-2020,1.0,,2.57,0.0,6.6,0
swc-project/swc,01aeec39ca2a999bc1960a45dc5407cd6f51712b,01aeec39ca,"hygiene: No ref-ref conflict (#963)  swc_ecma_transforms:  - Allow referencing global idents even when it's injected (Closes #962)",other,Rust,강동윤,2020-08-14 15:08:36+09:00,15,4,0,0,192,108,7,1,8,3.12,0,clean,TypeScript,2018-2020,1.0,,1.76,0.12,0.39,0
swc-project/swc,e2e5f5eba3c43979c4106316dcc52424798c3a11,e2e5f5eba3,Bump version,other,Unknown,강동윤,2020-08-14 15:09:09+09:00,15,4,0,0,1,1,1,0,0,0.0,0,clean,TypeScript,2018-2020,1.0,,0.5,0.0,0.0,0
swc-project/swc,bceda220fa287af26f7b80eed6ebd12b5f3c03bd,bceda220fa,JsDoc parser (#923),docs,JavaScript,강동윤,2020-08-14 18:20:25+09:00,18,4,0,0,48638,1,481,9,467,1.25,0,clean,TypeScript,2018-2020,1.0,,24319.0,0.02,0.0,0
swc-project/swc,655fc12fcbfbdc8b981d70514ae90a7e0c2ca853,655fc12fcb,Make spack respect swcrc (#964),other,Rust,강동윤,2020-08-14 21:02:39+09:00,21,4,0,0,149,57,15,0,8,7.62,0,clean,TypeScript,2018-2020,1.0,,2.57,0.0,0.48,0
swc-project/swc,8f0713a303ffd28bbdf2bdc220a3e7ed0d046f79,8f0713a303,Drop fxhash (#970),other,Rust,강동윤,2020-08-15 01:47:28+09:00,1,5,1,1,44,46,14,0,10,7.0,0,clean,TypeScript,2018-2020,1.0,,0.94,0.0,0.47,0
swc-project/swc,d816d429f5f789ed4a32f9fd5091f097b244b6c4,d816d429f5,jsdoc,docs,Unknown,강동윤,2020-08-15 01:47:38+09:00,1,5,1,1,3,0,1,0,0,0.0,0,clean,TypeScript,2018-2020,1.0,,3.0,0.0,0.0,0
swc-project/swc,826b4f868e6b9f0126a656c1351c2674a70cae06,826b4f868e,"Fix import of common js modules (#969)  spack:  - Analyze require correctly  - Properly merge common js modules   - Detect circular reference correctly",bugfix,JavaScript,강동윤,2020-08-15 17:19:17+09:00,17,5,1,0,864,441,31,2,49,5.49,0,clean,TypeScript,2018-2020,1.0,,1.95,0.06,0.17,0
swc-project/swc,73878728aa919234f8219c912fe34981c993be13,73878728aa,spack: allow using jsx (#971),other,Rust,강동윤,2020-08-15 18:23:14+09:00,18,5,1,0,21,3,2,0,2,2.0,0,clean,TypeScript,2018-2020,1.0,,5.25,0.0,0.67,0
swc-project/swc,28398280f78c6b8e07788b9746fc89f439888fc3,28398280f7,"Improve spack (#972)  swd_bundler:  - Handle reexports  spack:  - Do not transform files from node_modules",other,JavaScript,강동윤,2020-08-17 15:04:08+09:00,15,0,0,0,765,164,53,0,27,5.41,0,clean,TypeScript,2018-2020,1.0,,4.64,0.0,0.1,0
swc-project/swc,7a13aabeb735f210c8bfd220eea92d6ebad05ca5,7a13aabeb7,remove codegen::Handlers (#974),other,Rust,Bartek Iwańczuk,2020-08-17 21:09:12+09:00,21,0,0,0,0,87,14,5,13,6.54,0,clean,TypeScript,2018-2020,1.0,,0.0,0.33,0.44,0
swc-project/swc,3262052e3308a5757ca3443b40b155de42b23223,3262052e33,"Improve performance and reduce binary size (#973)  spack:  - Optimize resolver  swc_bunder:  - Parallize merging of reexports  - Remove useless `clone`s  swc_ecma_utils:  - Migrate DropSpan to",other,Rust,강동윤,2020-08-19 01:29:49+09:00,1,2,0,1,1549,999,127,6,156,2.88,0,clean,TypeScript,2018-2020,1.0,,1.55,0.05,0.02,0
swc-project/swc,993b77b325841b36c261036bd3b36ee781c4e1ad,993b77b325,"Improve error messages (#980)  swc_ecma_parser:  - Improve error messages",other,Rust,강동윤,2020-08-21 14:57:16+09:00,14,4,0,0,703,445,294,0,30,17.03,0,clean,TypeScript,2018-2020,1.0,,1.58,0.0,0.06,0
swc-project/swc,53338fc0c32d7637f1da0fdffd99c95830f6479d,53338fc0c3,"Resolver for types (#979)  swc_ecma_transforms:  - Add ts_resolver",feature,Rust,강동윤,2020-08-21 16:25:09+09:00,16,4,0,0,1828,1145,7,1,96,3.26,0,clean,TypeScript,2018-2020,1.0,,1.6,0.12,0.41,0
swc-project/swc,e6191447feb64646607a4b74687a003901204d38,e6191447fe,"Typescript 4.0 (#982)  swc_ecma_parser:  - Add support for optional tuple element (#978)",feature,Rust,강동윤,2020-08-21 19:31:46+09:00,19,4,0,0,451,108,93,0,2,5.0,0,clean,TypeScript,2018-2020,1.0,,4.14,0.0,0.05,0
swc-project/swc,c475ab7f920b9791c8cb05d99557401b086833e0,c475ab7f92,Bump versions,other,Unknown,강동윤,2020-08-21 20:06:37+09:00,20,4,0,0,19,19,9,0,0,0.0,0,clean,TypeScript,2018-2020,1.0,,0.95,0.0,0.0,0
swc-project/swc,c6a10251c9ce8e3921d1c2748aebb215ba00f86a,c6a10251c9,Chores (#986),other,TypeScript,강동윤,2020-08-23 02:41:39+09:00,2,6,1,1,15,7,3,0,1,6.0,0,clean,TypeScript,2018-2020,1.0,,1.88,0.0,1.5,0
swc-project/swc,500029696704a7519eba7a37a4ab9b47c6f7af94,5000296967,Fix noop issues (#990),bugfix,Rust,강동윤,2020-08-23 11:41:19+09:00,11,6,1,0,6,4,2,0,0,0.0,0,clean,TypeScript,2018-2020,1.0,,1.2,0.0,0.0,0
swc-project/swc,db4ce503736f9ad1f9c26cd4c5cd0605bd71cd0e,db4ce50373,"Bugfixes (#989)  swc_ecmascript:  - Make react / const modules configurable",bugfix,Unknown,강동윤,2020-08-23 12:29:01+09:00,12,6,1,0,4,0,2,0,0,0.0,0,clean,TypeScript,2018-2020,1.0,,4.0,0.0,0.0,0
swc-project/swc,decac0c052fc3d04056f9495a464cff186ccbc73,decac0c052,"Improve performance of spack (#981)  swc_bundler:  - Invoke `LocalMark` less time  - Use better strategy for parallel computing",other,Rust,강동윤,2020-08-23 17:27:56+09:00,17,6,1,0,841,672,19,0,51,5.63,0,clean,TypeScript,2018-2020,1.0,,1.25,0.0,0.28,0
swc-project/swc,e3faea25b66e78569b755fc235420f7467bdafd4,e3faea25b6,"Improve performance of swc (#992)  swc_ecma_parser:  - Make macros uses match instead of `PartialEq`  swc_ecma_codegen:  - Move panic condition",other,Rust,강동윤,2020-08-24 10:42:12+09:00,10,0,0,0,261,308,8,0,77,3.73,0,clean,TypeScript,2018-2020,1.0,,0.84,0.0,0.41,0
swc-project/swc,598705882ac321e5b583169fbb003130af26b69e,598705882a,Bump version,other,Unknown,강동윤,2020-08-24 11:19:10+09:00,11,0,0,0,1,1,1,0,0,0.0,0,clean,TypeScript,2018-2020,1.0,,0.5,0.0,0.0,0
swc-project/swc,0a83809b2ac6aaa4e98a6115c4bd3d4e8cbc78ea,0a83809b2a,Improve type resolver (#994),other,Rust,강동윤,2020-08-24 18:48:54+09:00,18,0,0,0,150,35,5,1,18,3.39,0,clean,TypeScript,2018-2020,1.0,,4.17,0.17,0.57,0
swc-project/swc,6c721112abfd47a33d85b46400107a272a9829f6,6c721112ab,Bump version,other,Unknown,강동윤,2020-08-24 22:50:00+09:00,22,0,0,1,1,1,1,0,0,0.0,0,clean,TypeScript,2018-2020,1.0,,0.5,0.0,0.0,0
swc-project/swc,511dc54961e957263531639da60cd922496414be,511dc54961,"Fix codegen of VisitMut for Option (#996)  swc_visit:  - Fix codegen of VisitMut for Option",bugfix,Rust,강동윤,2020-08-25 16:29:11+09:00,16,1,0,0,65,70,14,0,3,17.33,0,clean,TypeScript,2018-2020,1.0,,0.92,0.0,1.16,0
swc-project/swc,b25ccc006c5ecea1c33422f875c87b96c53ad5db,b25ccc006c,Improve performance (#993),other,Rust,강동윤,2020-08-26 20:50:18+09:00,20,2,0,0,2195,794,33,0,189,2.84,0,clean,TypeScript,2018-2020,1.0,,2.76,0.0,0.08,0
swc-project/swc,d641c0216b053275dfcfcbed7a8e0b2d20f79f93,d641c0216b,Bump version,other,Unknown,강동윤,2020-08-26 20:58:44+09:00,20,2,0,0,1,1,1,0,0,0.0,0,clean,TypeScript,2018-2020,1.0,,0.5,0.0,0.0,0
swc-project/swc,99981f70c7ab6e0a2c28a9e4eda75951c2836906,99981f70c7,Add customizable api (#1006),feature,Rust,강동윤,2020-08-27 20:35:28+09:00,20,3,0,0,42,7,4,0,8,3.38,0,clean,TypeScript,2018-2020,1.0,,5.25,0.0,0.68,0
swc-project/swc,9f2120ed4b480addcf5be60c0c49f18068bd563a,9f2120ed4b,Improve performance of parser (#1004),other,Rust,강동윤,2020-08-27 21:33:34+09:00,21,3,0,0,303,157,9,0,11,5.82,0,clean,TypeScript,2018-2020,1.0,,1.92,0.0,0.58,0
swc-project/swc,274b112ef4cf34ac92da8c813b1a602ea6a0a8e3,274b112ef4,Bump version,other,Unknown,강동윤,2020-08-29 20:00:34+09:00,20,5,1,0,2,2,2,0,0,0.0,0,clean,TypeScript,2018-2020,1.0,,0.67,0.0,0.0,0
swc-project/swc,8ab466aafb43363c1b0eb5d437a0aa6ef037e6d9,8ab466aafb,Add dependency analyzer (#1010),feature,Rust,Bartek Iwańczuk,2020-08-29 20:07:34+09:00,20,5,1,0,371,0,3,0,11,2.0,0,clean,TypeScript,2018-2020,1.0,,371.0,0.0,0.5,0
swc-project/swc,b443a1e37270c118e39ad0973111635e8389d1f2,b443a1e372,Test Reflect.metadata existed before use it (#1011)  Co-authored-by: 강동윤 <kdy1997.dev@gmail.com>,test,Rust,LongYinan,2020-08-30 13:30:50+09:00,13,6,1,0,96,60,3,0,1,1.0,0,clean,TypeScript,2018-2020,1.0,,1.57,0.0,0.25,0
swc-project/swc,8e237288d79cc70d2363952f53ac8d4d22ad52d3,8e237288d7,Migrate to napi (#1009),other,Rust,강동윤,2020-08-30 15:29:42+09:00,15,6,1,0,1332,1516,68,2,145,3.58,0,clean,TypeScript,2018-2020,1.0,,0.88,0.03,0.05,0
swc-project/swc,c1676c9d99167c561ad0a3597cc0398450556bf4,c1676c9d99,v1.2.22-alpha.2 (#1014)  - Fix prepublish script,bugfix,Unknown,강동윤,2020-08-30 16:50:27+09:00,16,6,1,0,5,5,1,0,0,0.0,0,clean,TypeScript,2018-2020,1.0,,0.83,0.0,0.0,0
swc-project/swc,a60b0a9cd42a54b9e0add943b5ea533ca7a62ae1,a60b0a9cd4,v1.2.22,other,Unknown,강동윤,2020-08-30 18:02:48+09:00,18,6,1,0,4,4,1,0,0,0.0,0,clean,TypeScript,2018-2020,1.0,,0.8,0.0,0.0,0
swc-project/swc,578d64a398d1f41a99e1332933db6f7d5e928df2,578d64a398,"Support jsx pragma (#1015)  swc_ecma_transforms  - Support jsx pragma (#107, #838)",other,Rust,강동윤,2020-08-30 20:32:45+09:00,20,6,1,0,104,29,11,2,9,4.11,0,clean,TypeScript,2018-2020,1.0,,3.47,0.17,0.34,0
swc-project/swc,a2960810ac0be9648162fea89edddd18e3df929f,a2960810ac,Add BigInt literal type (#1020),feature,Rust,강동윤,2020-09-03 10:50:13+09:00,10,3,0,0,52,38,15,0,5,13.4,0,clean,TypeScript,2018-2020,1.0,,1.33,0.0,0.84,0
swc-project/swc,8a01e2b7b6ffaa35e11a74549db3dc1f46ad0bab,8a01e2b7b6,"Fix spack (#1016)  swc_ecma_transforms:  - Add tests for #898   - dce preserves `export * from 'foo';`  swc_bundler:  - Fix some concurrency bugs  - Run dce only once  - Handle `export * from '",bugfix,JavaScript,강동윤,2020-09-03 22:45:42+09:00,22,3,0,1,2301,932,147,3,124,4.01,0,clean,TypeScript,2018-2020,1.0,,2.47,0.02,0.03,0
swc-project/swc,9a073f10a58270d66b6fd745ca29f3400ea70797,9a073f10a5,fix: expose dep_graph crate (#1023),bugfix,Rust,Bartek Iwańczuk,2020-09-03 22:46:41+09:00,22,3,0,1,2,0,1,0,0,0.0,0,clean,TypeScript,2018-2020,1.0,,2.0,0.0,0.0,0
swc-project/swc,1fd9bd63f9986969de1d8e4fa999246059456e49,1fd9bd63f9,Bump version,other,Unknown,강동윤,2020-09-03 22:51:04+09:00,22,3,0,1,14,14,1,0,0,0.0,0,clean,TypeScript,2018-2020,1.0,,0.93,0.0,0.0,0
swc-project/swc,c4cc4334348a633ced02976c8ac584448253e63c,c4cc433434,fix(dep_graph): top level dynamic import (#1024),bugfix,Rust,Bartek Iwańczuk,2020-09-03 23:28:25+09:00,23,3,0,1,23,11,3,0,4,2.75,0,clean,TypeScript,2018-2020,1.0,,1.92,0.0,0.69,0
swc-project/swc,613463329590c6902fb0c67552a90cdb4ac669bb,6134633295,Spack should not print (#1026),other,Rust,강동윤,2020-09-04 00:50:27+09:00,0,4,0,1,19,29,3,0,2,26.0,0,clean,TypeScript,2018-2020,1.0,,0.63,0.0,6.5,0
swc-project/swc,fcc9ae7fae94c68c235954cc3a1bb4c58ad3c61d,fcc9ae7fae,Upgrade to napi@0.5 (#1025),other,Rust,LongYinan,2020-09-04 09:10:48+09:00,9,4,0,0,6,467,5,0,43,2.91,0,clean,TypeScript,2018-2020,1.0,,0.01,0.0,0.49,0
swc-project/swc,3d63798c9ef8e263345095a01fe022496911cdf5,3d63798c9e,Handle dynamic imports in non-es6 modules (#1028),other,Rust,강동윤,2020-09-04 16:18:57+09:00,16,4,0,0,335,8,7,0,10,2.9,0,clean,TypeScript,2018-2020,1.0,,37.22,0.0,0.36,0
swc-project/swc,108b22c0d6d719916e4b1435b8942c465d992ac2,108b22c0d6,"Fix block scoping (#1029)  swc_ecma_transforms  - block_scoping: Handle this (#1021)  - block_scoping: Handle variable mutation in for loops (#1022)",bugfix,Rust,강동윤,2020-09-04 16:46:59+09:00,16,4,0,0,368,26,2,0,13,3.77,0,clean,TypeScript,2018-2020,1.0,,13.63,0.0,1.26,0
swc-project/swc,6524802ae526bf2437c7025d0ed2e79a92ad66eb,6524802ae5,fixer: Handle binary expression in callee of new (#1030),bugfix,Rust,강동윤,2020-09-04 17:31:02+09:00,17,4,0,0,4,2,2,0,1,2.0,0,clean,TypeScript,2018-2020,1.0,,1.33,0.0,0.67,0
swc-project/swc,468abb9832929be957c59f84ec9603826fb9a813,468abb9832,"Fix spack, second step (#1031)  swc_bundler:  - Support almost all kind of imports / exports (except computed key access to an es module)  - Parallelize processing of exports",bugfix,JavaScript,강동윤,2020-09-04 22:40:03+09:00,22,4,0,1,404,209,56,1,14,9.64,0,clean,TypeScript,2018-2020,1.0,,1.92,0.02,0.17,0
swc-project/swc,c0cb9e44013b794993008892dfa11da5a92f104f,c0cb9e4401,Upgrade to napi-rs@0.3 cli (#1033),other,JavaScript,LongYinan,2020-09-05 17:48:22+09:00,17,5,1,0,146,176,16,0,2,1.0,0,clean,TypeScript,2018-2020,1.0,,0.82,0.0,0.06,0
swc-project/swc,eb2162cbd2ab2ff84a4f21828d00dab5a29f38fe,eb2162cbd2,"Fix stack overflow (#1032)  swc_ecma_codegen:  - Fix codegen of large binary expressions.  swc_ecma_parser:  - Fix stack overflow while parsing large binary expressions.  swc_ecma_transforms:  ",bugfix,Rust,강동윤,2020-09-06 15:09:02+09:00,15,6,1,0,4007,5515,27,3,236,3.11,0,clean,TypeScript,2018-2020,1.0,,0.73,0.11,0.11,0
swc-project/swc,57112fc42bdcb254001593988702b42c9b3231ff,57112fc42b,"Improve transforms (#1035)  swc_ecma_transforms:  - Fix `this` in optional chaining expression. (https://github.com/Brooooooklyn/swc-node/issues/62)  - Optimize typescript stripper  - Optimize fixe",bugfix,Rust,강동윤,2020-09-06 19:47:15+09:00,19,6,1,0,306,241,8,0,14,7.0,0,clean,TypeScript,2018-2020,1.0,,1.26,0.0,0.78,0
swc-project/swc,791ba2f5d8d50d1be238fea1aa11faf41c7173ef,791ba2f5d8,Fix macos 10.13 compatible problem (#1040),bugfix,Unknown,LongYinan,2020-09-07 12:45:11+09:00,12,0,0,0,8,0,1,0,0,0.0,0,clean,TypeScript,2018-2020,1.0,,8.0,0.0,0.0,0
swc-project/swc,98f6e1dd57861c83a52290397f321cca31d87d51,98f6e1dd57,Remove wrong assertion (#1041),other,Rust,강동윤,2020-09-07 19:25:11+09:00,19,0,0,0,0,7,1,0,1,5.0,0,clean,TypeScript,2018-2020,1.0,,0.0,0.0,2.5,0
swc-project/swc,350973553a6e3a73b2be94ffb8a11fa544a4c5ca,350973553a,"Fix spack, third step (#1034)  swc_bundler:  - Add support for common js modules",bugfix,JavaScript,강동윤,2020-09-07 20:36:17+09:00,20,0,0,0,395,39,32,1,19,6.0,0,clean,TypeScript,2018-2020,1.0,,9.88,0.03,0.18,0
swc-project/swc,4845e9f7fd890a461fce70c32cbadc513df9977a,4845e9f7fd,Fix artifacts scripts (#1044),bugfix,Unknown,LongYinan,2020-09-07 21:58:36+09:00,21,0,0,0,1,1,1,0,0,0.0,0,clean,TypeScript,2018-2020,1.0,,0.5,0.0,0.0,0
swc-project/swc,3bae92788e986f16565ac688c558efeee7eef2bb,3bae92788e,Fix missing GITHUB_TOKEN in publish stage (#1046),bugfix,Unknown,LongYinan,2020-09-08 01:14:05+09:00,1,1,0,1,6,3,1,0,0,0.0,0,clean,TypeScript,2018-2020,1.0,,1.5,0.0,0.0,0
swc-project/swc,68012dada64ae7e277e3d7ac6e50fde71d1b06ae,68012dada6,v1.2.23,other,Unknown,강동윤,2020-09-08 02:00:28+09:00,2,1,0,1,2,1,2,0,0,0.0,0,clean,TypeScript,2018-2020,1.0,,1.0,0.0,0.0,0
swc-project/swc,9e280883456a1dd1255574a2811309270e7bb60b,9e28088345,v1.2.24,other,Unknown,강동윤,2020-09-08 15:19:16+09:00,15,1,0,0,1,1,1,0,0,0.0,0,clean,TypeScript,2018-2020,1.0,,0.5,0.0,0.0,0
swc-project/swc,82ae71faa142b662ac7f65eecc6f945a0c44a2e9,82ae71faa1,Fix ts_resolver (#1049),bugfix,Rust,강동윤,2020-09-08 20:45:58+09:00,20,1,0,0,24,8,5,1,3,5.33,0,clean,TypeScript,2018-2020,1.0,,2.67,0.17,0.89,0
swc-project/swc,9be8bf671d27033df7d535840dfe2b54a12792b2,9be8bf671d,fixer: Handle conditional expression in callee (#1051),bugfix,Rust,강동윤,2020-09-09 12:26:10+09:00,12,2,0,0,15,1,2,0,1,3.0,0,clean,TypeScript,2018-2020,1.0,,7.5,0.0,1.0,0
swc-project/swc,3a26d3d34dcbcaee30dc700a385dd18b7427e3d2,3a26d3d34d,Do not rename keywords in meta properties (#1053),refactor,Rust,강동윤,2020-09-09 15:16:44+09:00,15,2,0,0,70,45,7,0,19,2.0,0,clean,TypeScript,2018-2020,1.0,,1.52,0.0,0.25,0
swc-project/swc,e2546e0100683b13c51345bea80affbe6941476a,e2546e0100,resolver: Handle constructor properly (#1054),other,Rust,강동윤,2020-09-10 10:48:26+09:00,10,3,0,0,14,4,2,0,1,1.0,0,clean,TypeScript,2018-2020,1.0,,2.8,0.0,0.33,0
swc-project/swc,aec155b58fdc61928f0a4e25c3405932d751a3f9,aec155b58f,resolver: Fix handling of constructor parameters (#1056),bugfix,Rust,강동윤,2020-09-10 22:56:35+09:00,22,3,0,1,10,1,2,0,2,1.0,0,clean,TypeScript,2018-2020,1.0,,5.0,0.0,0.33,0
swc-project/swc,dc4c92c9da148c4a8a4617ad7e3bafedbbd5af97,dc4c92c9da,"common_js: Change order of exports (#1057)  swc_ecma_transforms:  - Update order of imports and exports (#1043)",other,Rust,강동윤,2020-09-11 10:21:07+09:00,10,4,0,0,121,74,3,0,1,45.0,0,clean,TypeScript,2018-2020,1.0,,1.61,0.0,11.25,0
swc-project/swc,09e3f96a3e6e524360d6bff1b4520d5163780f88,09e3f96a3e,jsdoc: Fix parser (#1059),bugfix,Rust,강동윤,2020-09-11 12:52:57+09:00,12,4,0,0,5145,1912,214,2,6,14.17,0,clean,TypeScript,2018-2020,1.0,,2.69,0.01,0.07,0
swc-project/swc,2fff66d985b53412322ed37f8549d0668336fc52,2fff66d985,codegen: Don't emit newline after a block comment (#1062),feature,JavaScript,강동윤,2020-09-11 15:09:35+09:00,15,4,0,0,74,147,51,1,23,2.7,0,clean,TypeScript,2018-2020,1.0,,0.5,0.02,0.05,0
swc-project/swc,9bf0be13099bc33ca0bc6d1bd7679b68fd79af02,9bf0be1309,Bump version,other,Unknown,강동윤,2020-09-11 15:10:35+09:00,15,4,0,0,1,1,1,0,0,0.0,0,clean,TypeScript,2018-2020,1.0,,0.5,0.0,0.0,0
swc-project/swc,1dd06d525dd3c8341003642b756bff4094263726,1dd06d525d,Ignore /*.node,other,Unknown,강동윤,2020-09-11 16:07:48+09:00,16,4,0,0,3,2,2,0,0,0.0,0,clean,TypeScript,2018-2020,1.0,,1.0,0.0,0.0,0
swc-project/swc,5c76aea82bd93ddaee63bef77ff667d14019a5a3,5c76aea82b,"Fix resolver (#1064)  swc_ecma_transforms:  - resolver: properly handle let and const  - resolver: handle catch parameters  - resolver: handle parameter properties  swc_ecma_visit:  - reduced co",bugfix,Rust,강동윤,2020-09-11 23:33:36+09:00,23,4,0,1,293,45,6,1,31,3.48,0,clean,TypeScript,2018-2020,1.0,,6.37,0.14,0.5,0
swc-project/swc,0972db98a1d4f592e1030e20d71996a65e8d4dd1,0972db98a1,parser: Parse member expression is object patterns (#1068),other,Rust,강동윤,2020-09-12 18:39:25+09:00,18,5,1,0,115,4,7,1,2,19.0,0,clean,TypeScript,2018-2020,1.0,,23.0,0.12,2.38,0
swc-project/swc,f029115914969d3949f77322519d3030fdbe17d9,f029115914,resolver: No additional scope for function child (#1070),feature,Rust,강동윤,2020-09-12 19:23:06+09:00,19,5,1,0,78,2,3,1,1,2.0,0,clean,TypeScript,2018-2020,1.0,,26.0,0.25,0.5,0
swc-project/swc,8a0172912e963d0fa274af0ea262d27feff68ad8,8a0172912e,cjs: Fix import order (#1069),bugfix,Rust,강동윤,2020-09-12 21:52:37+09:00,21,5,1,0,64,4,4,0,1,45.0,0,clean,TypeScript,2018-2020,1.0,,12.8,0.0,9.0,0
swc-project/swc,31d4a0ee73b7fa196c581748d62d091ed9ab0b46,31d4a0ee73,Bump swc_ecmascript,other,Unknown,강동윤,2020-09-12 22:00:06+09:00,22,5,1,1,4,4,1,0,0,0.0,0,clean,TypeScript,2018-2020,1.0,,0.8,0.0,0.0,0
swc-project/swc,4d5a0dacec80b2e0fdba1781ffef80aeaaa9cc49,4d5a0dacec,resolver: Correctly set in_type (#1071),other,Rust,강동윤,2020-09-12 23:56:10+09:00,23,5,1,1,28,3,4,1,2,1.5,0,clean,TypeScript,2018-2020,1.0,,7.0,0.2,0.3,0
swc-project/swc,2b12594cf2de1a84b8c1cca59b145646a2390e7c,2b12594cf2,Add musl support (#1072),feature,Unknown,강동윤,2020-09-13 18:27:26+09:00,18,6,1,0,80,4,3,0,0,0.0,0,clean,TypeScript,2018-2020,1.0,,16.0,0.0,0.0,0
swc-project/swc,ab4eb20d489205736648b8cffc7be367d2c5100e,ab4eb20d48,v1.2.28,other,Unknown,강동윤,2020-09-13 20:41:28+09:00,20,6,1,0,7,1,1,0,0,0.0,0,clean,TypeScript,2018-2020,1.0,,3.5,0.0,0.0,0
swc-project/swc,ddc340a352fa20416838b9ccc8f60b6db1698a11,ddc340a352,Fix,bugfix,Unknown,강동윤,2020-09-13 20:51:28+09:00,20,6,1,0,4,4,1,0,0,0.0,0,clean,TypeScript,2018-2020,1.0,,0.8,0.0,0.0,0
swc-project/swc,d75b4004c19b94adb77bf6fa54dd4db18517e28d,d75b4004c1,Fix dep issue,bugfix,Unknown,강동윤,2020-09-13 21:04:40+09:00,21,6,1,0,1,1,1,0,0,0.0,0,clean,TypeScript,2018-2020,1.0,,0.5,0.0,0.0,0
swc-project/swc,26595d97a59e987c1875c19d24e663093afc19a6,26595d97a5,Real fix,bugfix,Unknown,강동윤,2020-09-13 21:12:53+09:00,21,6,1,0,3,3,1,0,0,0.0,0,clean,TypeScript,2018-2020,1.0,,0.75,0.0,0.0,0
swc-project/swc,4795b65b10f17b142f3f686d1ece5effaac2f69c,4795b65b10,Fix musl config (#1074),bugfix,Unknown,LongYinan,2020-09-14 00:25:22+09:00,0,0,0,1,13,7,2,0,0,0.0,0,clean,TypeScript,2018-2020,1.0,,1.62,0.0,0.0,0
swc-project/swc,bc82b5567e2abb9c56aa3b537354b021f4b04a6e,bc82b5567e,typescript_strip: option to remove completely unused imports (#1060),other,Rust,강동윤,2020-09-15 14:25:13+09:00,14,1,0,0,94,11,5,0,5,4.0,0,clean,TypeScript,2018-2020,1.0,,7.83,0.0,0.67,0
swc-project/swc,ff0db8f1229c97651d1a9f42922f44be4e5cffbc,ff0db8f122,Typo,other,Rust,강동윤,2020-09-15 14:28:53+09:00,14,1,0,0,1,1,1,0,0,0.0,0,clean,TypeScript,2018-2020,1.0,,0.5,0.0,0.0,0
swc-project/swc,1af1840d010c9ed5443c446dd43939a4fe3452a5,1af1840d01,"Fix swc_bundler (#1075)  swc_bundler:  - Skip least_common_ancestor for roots.  - Correct planning for circular imports mixed with normal imports.  - Correct merging of circular imports mixed with ",bugfix,Rust,강동윤,2020-09-16 18:28:10+09:00,18,2,0,0,687,366,30,2,69,6.36,0,clean,TypeScript,2018-2020,1.0,,1.87,0.06,0.21,0
swc-project/swc,24c597f097235c9756a5d8d6e1e2bdf76b3261cb,24c597f097,"bundler: fix for deno (#1078)  swc_bundler:  - Run fixer before returning bundles.  - Fix planning of circular imports.  - Support circular imports of root entries.  - Remark properly while mergin",bugfix,TypeScript,강동윤,2020-09-17 21:05:47+09:00,21,3,0,0,5456,157,67,1,289,3.67,0,clean,TypeScript,2018-2020,1.0,,34.53,0.01,0.05,0
swc-project/swc,cfca078aa7adb9ee64f04f09ce0d36e6cfcd52c5,cfca078aa7,Update docs (#1082),docs,TypeScript,강동윤,2020-09-18 14:04:48+09:00,14,4,0,0,32,0,1,0,0,0.0,0,clean,TypeScript,2018-2020,1.0,,32.0,0.0,0.0,0
swc-project/swc,7ffb4c0bf99479ba7b1888d4ef496ef098ab778e,7ffb4c0bf9,Extension for jest (#1081),other,Rust,강동윤,2020-09-18 14:29:50+09:00,14,4,0,0,257,23,8,0,9,4.56,0,clean,TypeScript,2018-2020,1.0,,10.71,0.0,0.51,0
swc-project/swc,b0049c0fa65e2b41eb49a0d5adbb3ce1f73136fd,b0049c0fa6,Bump version,other,Unknown,강동윤,2020-09-18 16:10:16+09:00,16,4,0,0,2,2,1,0,0,0.0,0,clean,TypeScript,2018-2020,1.0,,0.67,0.0,0.0,0
swc-project/swc,fa756a1b4819e4f2966f152204afd91b80450cec,fa756a1b48,bundler: Handle export * properly (#1083),other,TypeScript,강동윤,2020-09-18 18:30:02+09:00,18,4,0,0,321,11,11,0,23,4.48,0,clean,TypeScript,2018-2020,1.0,,26.75,0.0,0.37,0
swc-project/swc,7905b0dcf5afaf9a465e54b6dbae211627a48ad0,7905b0dcf5,"wasm: Automatic deployment (#1084)  wasm:  - Add auto deployment.",feature,Rust,강동윤,2020-09-19 02:07:28+09:00,2,5,1,1,83,39,6,0,3,1.33,0,clean,TypeScript,2018-2020,1.0,,2.08,0.0,0.19,0
swc-project/swc,2e09616139b3e4393b0beb761df70a18d35fa78a,2e09616139,Reduce npm package size (#1087),other,Unknown,LongYinan,2020-09-21 11:35:19+09:00,11,0,0,0,23,1,1,0,0,0.0,0,clean,TypeScript,2018-2020,1.0,,11.5,0.0,0.0,0
swc-project/swc,ac0a19c0e84c612b0ca0ee06b463143f4abedccf,ac0a19c0e8,resolver: Handle pattern in lhs of for of/in correctly (#1089),other,Rust,강동윤,2020-09-21 12:04:46+09:00,12,0,0,0,32,0,2,1,1,2.0,0,clean,TypeScript,2018-2020,1.0,,32.0,0.33,0.67,0
swc-project/swc,4490e2551dc806d39b20b4520f7101cab06e4a21,4490e2551d,swc.rs (#1085)  Changes url from https://swc-project.github.io to https://swc.rs,other,TypeScript,강동윤,2020-09-21 22:53:48+09:00,22,0,0,1,196,208,34,0,0,0.0,0,clean,TypeScript,2018-2020,1.0,,0.94,0.0,0.0,0
swc-project/swc,6c6f1aaaa3df987f4e5e6d99a4d323b799e7713f,6c6f1aaaa3,"Fixs bugs (#1095)  spack:  - fix resolver. (#1076)  swc_common:  - preserve original sourcemap. (#1091)  swc_ecma_transforms:  - optional chaining: `a?.b.c.d.e`. (#1092)  - fixer: preserve par",bugfix,Rust,강동윤,2020-09-22 16:39:00+09:00,16,1,0,0,367,37,14,0,9,3.33,0,clean,TypeScript,2018-2020,1.0,,9.66,0.0,0.22,0
swc-project/swc,5cf137154f5cabc59d374c7da0ef2218035c87b0,5cf137154f,Bump version,other,Unknown,강동윤,2020-09-22 16:40:02+09:00,16,1,0,0,1,1,1,0,0,0.0,0,clean,TypeScript,2018-2020,1.0,,0.5,0.0,0.0,0
swc-project/swc,7e8ff1d342b43231ad273631a45517413e0add41,7e8ff1d342,codegen: Fix for jsx (#1097),bugfix,Rust,강동윤,2020-09-22 19:56:59+09:00,19,1,0,0,22,4,5,1,3,2.0,0,clean,TypeScript,2018-2020,1.0,,4.4,0.17,0.33,0
swc-project/swc,688d16f228798836995c55a22c24cfeb29d8ef6a,688d16f228,"Import assertion / json modules (#1100)  swc_atoms:  - Add ""assert"".  swc_ecma_ast  - Add a field to an import declaration.  swc_ecma_parser:  - Parse assertions in import statements.  - Parse",bugfix,Rust,강동윤,2020-09-23 14:27:27+09:00,14,2,0,0,619,62,43,0,15,9.8,0,clean,TypeScript,2018-2020,1.0,,9.83,0.0,0.22,0
swc-project/swc,73671ecd90900194f87a39947f37ce15a8675ea9,73671ecd90,chores: Bump version of wasm (#1102),other,Rust,강동윤,2020-09-23 21:44:51+09:00,21,2,0,0,22,1,2,0,0,0.0,0,clean,TypeScript,2018-2020,1.0,,11.0,0.0,0.0,0
swc-project/swc,a9c3072b651fec425b569829fb75012e93282115,a9c3072b65,fix(strip): Fix Config::import_not_used_as_values (#1101)  Co-authored-by: 강동윤 <kdy1997.dev@gmail.com>,bugfix,Rust,Nayeem Rahman,2020-09-23 22:52:47+09:00,22,2,0,1,76,65,4,0,5,4.6,0,clean,TypeScript,2018-2020,1.0,,1.15,0.0,0.92,0
swc-project/swc,ab8df21797eec1d61c4f10b5d511fbce39a40025,ab8df21797,Fix optional chaining in argument position (#1104),bugfix,TypeScript,강동윤,2020-09-24 15:14:30+09:00,15,3,0,0,34,4,11,0,1,5.0,0,clean,TypeScript,2018-2020,1.0,,6.8,0.0,0.42,0
swc-project/swc,1f00d9ba26a96c2c506bee5c48df76f75402466d,1f00d9ba26,Fix jest extension (#1106),bugfix,Rust,강동윤,2020-09-24 19:49:12+09:00,19,3,0,0,30,3,4,0,2,6.5,0,clean,TypeScript,2018-2020,1.0,,7.5,0.0,1.3,0
swc-project/swc,9879fa59c87d1f54bde7413a9ca49e40ffd65b38,9879fa59c8,"bundler: fix bugs (#1105)  swc_bundler:  - Correct lca for circular dependencies.  - Handle namespaced imports. (#1109)  - Handle namespaced reexports. (#1110)  - Handle shorthand properly. (#1111",bugfix,JavaScript,강동윤,2020-10-02 11:07:40+09:00,11,4,0,0,701,61,95,2,41,4.66,0,clean,TypeScript,2018-2020,1.0,,11.31,0.02,0.05,0
swc-project/swc,ea091337d80760df6e09bce90ed3906ecb3e7626,ea091337d8,fix(jsx): Drop extra spaces around jsx attributes (#1121)  Co-authored-by: 강동윤 <kdy1997.dev@gmail.com>,bugfix,Rust,Juho Vepsäläinen,2020-10-02 17:06:02+09:00,17,4,0,0,1,3,2,1,2,1.5,0,clean,TypeScript,2018-2020,1.0,,0.25,0.33,0.5,0
swc-project/swc,e4b8a0cc1eed8de5d7f8f9706ced5acc56f6c15e,e4b8a0cc1e,fix(strip): Don't treat type-only exports as concrete references (#1126)  Co-authored-by: 강동윤 <kdy1997.dev@gmail.com>,bugfix,Rust,Nayeem Rahman,2020-10-03 17:43:09+09:00,17,5,1,0,31,8,4,0,4,4.25,0,clean,TypeScript,2018-2020,1.0,,3.44,0.0,0.85,0
swc-project/swc,205ce4ebe2bc300f66bb4e82de7a128b91e0425c,205ce4ebe2,"bundler: fix extra bugs (#1127)  swc_bundler:  - Prevent invalid output like `export * as helpers`  - Prevent stack overflow which occurs while bundling `https://deno.land/x/oak@v6.2.0/mod.ts`  sw",bugfix,Rust,강동윤,2020-10-04 00:19:35+09:00,0,6,1,1,164,203,4,0,60,3.77,0,clean,TypeScript,2018-2020,1.0,,0.8,0.0,0.75,0
swc-project/swc,81490dec7ba0e5b2a39413bbc8e371ca5bf88428,81490dec7b,"Fix unexporter (#1128)  swc_bundler:  - Make DepUnexporter unexport export declarations.",bugfix,Rust,강동윤,2020-10-04 16:00:56+09:00,16,6,1,0,4,4,2,0,1,8.0,0,clean,TypeScript,2018-2020,1.0,,0.8,0.0,2.67,0
swc-project/swc,aa9555865bdf63ecc3f443ff6961e30527561a05,aa9555865b,"Fix bugs (#1132)  swc_ecma_transforms:  - Handle typescript class properties correctly. (#1122)  - Handle optional chaining properly. (#1130)  - Inject variables for nullisn coalescing in correct s",bugfix,Rust,강동윤,2020-10-04 21:59:19+09:00,21,6,1,0,240,15,7,1,6,8.17,0,clean,TypeScript,2018-2020,1.0,,15.0,0.12,1.02,0
swc-project/swc,c127cb2b48e6ad2301f7ea67184a78b0621994cb,c127cb2b48,"bundler: fix bugs (#1141)  swc_bundler:  - Handle aliased imports of reexports correctly. (#1138)  - Fix import deglobber. (#1139)",bugfix,JavaScript,강동윤,2020-10-06 13:39:25+09:00,13,1,0,0,100,3,21,0,11,6.55,0,clean,TypeScript,2018-2020,1.0,,25.0,0.0,0.3,0
swc-project/swc,e4ddfcc899eaaa718c99e124639beb07f3b30983,e4ddfcc899,"export * as ns is part of ES2020 (#1142)  swc_bundler:  - Add direct support for `export * as ns from 'foo';`. (#1137)  swc_ecma_transforms:  - Split `export` pass to `export_namespace_from` and `",feature,Rust,강동윤,2020-10-06 20:48:29+09:00,20,1,0,0,172,240,17,0,27,4.44,0,clean,TypeScript,2018-2020,1.0,,0.71,0.0,0.25,0
swc-project/swc,0586c733e3e33fd80f0e6ad18b66881e71782561,0586c733e3,"Fix bugs (#1143)  swc_ecma_transforms:  - fixer: Fix conditional expression in await expressions. (#1133)  - optional_chaining: Fix call expression. (#1136)  - hygiene: Fix codegen of computed keys",bugfix,Rust,강동윤,2020-10-06 23:27:23+09:00,23,1,0,1,124,18,9,1,4,5.25,0,clean,TypeScript,2018-2020,1.0,,6.53,0.1,0.52,0
swc-project/swc,75a6211e2d17ab39355b743b9cb33374be7a5cd4,75a6211e2d,"Fix hygiene and bundler (#1144)  swc_bundler:  - Change order of execution of modules with circular imports. (#1139)  swc_ecma_transforms:  - hygiene: Fix handling of default in object patterns. (",bugfix,JavaScript,강동윤,2020-10-07 14:55:02+09:00,14,2,0,0,67,36,14,0,7,3.14,0,clean,TypeScript,2018-2020,1.0,,1.81,0.0,0.21,0
swc-project/swc,f0ea70cb25e571ad81fc7027e61f69b69edec5ab,f0ea70cb25,"bundler: Allow importing and exporting from same module (#1152)  swc_bundler:  - Allow importing and exporting from same module. (#1150)",other,Rust,강동윤,2020-10-09 19:10:25+09:00,19,4,0,0,602,7,13,0,28,5.0,0,clean,TypeScript,2018-2020,1.0,,75.25,0.0,0.36,0
swc-project/swc,6f006208ac555ef02aac7a1c8c09dff124564e8c,6f006208ac,"bundler: Fix bugs (#1154)  swc_bundler:  - Fix importing from transitive dependencies with aliases.  - Fix stack overflow while computing plan for modules with cyclic dependencies.  - Handle `expor",bugfix,TypeScript,강동윤,2020-10-10 18:32:31+09:00,18,5,1,0,206,33,23,0,28,6.11,0,clean,TypeScript,2018-2020,1.0,,6.06,0.0,0.25,0
swc-project/swc,5a91ab994c5daa6920df7986e8694df906011243,5a91ab994c,"bundler: Fix dead code elimination (#1157)  swc_bundler:  - Fix dce bug. (#1156)  swc_ecma_transforms:  - resolver: Ignore non-computed class properties.  - dce: Handle usages in class property i",bugfix,Rust,강동윤,2020-10-12 00:36:44+09:00,0,0,0,1,488,14,16,1,20,1.95,0,clean,TypeScript,2018-2020,1.0,,32.53,0.06,0.11,0
swc-project/swc,aded151b8f4bb8f367b9e4b4c9e92e4850728457,aded151b8f,[typescript] 4.1 mapped type 'as' clause (#1151)  Co-authored-by: 강동윤 <kdy1997.dev@gmail.com>,other,Rust,Pig Fang,2020-10-13 16:44:05+09:00,16,1,0,0,115,3,8,0,1,11.0,0,clean,TypeScript,2018-2020,1.0,,28.75,0.0,1.22,0
swc-project/swc,a5e624260180c2d9c394a8dc52d192e7321317a2,a5e6242601,Bump version,other,Unknown,강동윤,2020-10-14 14:39:51+09:00,14,2,0,0,41,41,10,0,0,0.0,0,clean,TypeScript,2018-2020,1.0,,0.98,0.0,0.0,0
swc-project/swc,ad7cb6544d1ff019243f40fa87f59843d7b2151d,ad7cb6544d,"bundler: Handle computed accesses correctly (#1159)  swc_bundler:  - Handle computed accesses to imports correctly.  - Make planning deterministic.  - Prefer exports over imports while planning.  ",bugfix,Rust,강동윤,2020-10-14 23:28:38+09:00,23,2,0,1,824,449,23,3,53,5.57,0,clean,TypeScript,2018-2020,1.0,,1.83,0.12,0.23,0
swc-project/swc,11d137ac1121d505bdcceebabe9f75b2b77f6b18,11d137ac11,"ast: Add support for fuzzing (#1167)  swc_common:  - Add support for fuzzing.  swc_ecma_ast:  - Add support for fuzzing.",feature,Rust,강동윤,2020-10-15 14:58:11+09:00,14,3,0,0,328,3,19,0,7,3.14,0,clean,TypeScript,2018-2020,1.0,,82.0,0.0,0.16,0
swc-project/swc,41d1738b822ee44b664f152c69724184d2238cad,41d1738b82,"bundler: Make output deterministic (#1166)  swc_bundler:  - Make output deterministic",other,Rust,강동윤,2020-10-16 18:02:42+09:00,18,4,0,0,52,92,12,0,17,8.24,0,clean,TypeScript,2018-2020,1.0,,0.56,0.0,0.63,0
swc-project/swc,626c881c981ecf6e8102409171b66174737b7e19,626c881c98,bundler: Fix ordering (#1171),bugfix,Rust,강동윤,2020-10-16 22:26:18+09:00,22,4,0,1,62,14,8,1,5,3.0,0,clean,TypeScript,2018-2020,1.0,,4.13,0.11,0.33,0
swc-project/swc,fd760fbf09e7632ba2f3f66e20377a4b5f545568,fd760fbf09,parser: Remove unnecessary question mark (#1174),other,Rust,Brad Dunbar,2020-10-19 11:19:56+09:00,11,0,0,0,0,1,1,0,0,0.0,0,clean,TypeScript,2018-2020,1.0,,0.0,0.0,0.0,0
swc-project/swc,26c530b133d1c09fce7247840ec5717fbfcb1006,26c530b133,Invalid template escape in ES2018+ (#1175)  Co-authored-by: 강동윤 <kdy1997.dev@gmail.com>,other,Rust,Brad Dunbar,2020-10-20 00:17:20+09:00,0,1,0,1,105,44,12,1,17,2.71,0,clean,TypeScript,2018-2020,1.0,,2.33,0.08,0.21,0
swc-project/swc,caab572d905772b186ef47cd38a87638f3c7d7f2,caab572d90,Visitor refinements (#1176),other,Rust,강동윤,2020-10-20 09:11:39+09:00,9,1,0,0,170,32,3,0,17,6.24,0,clean,TypeScript,2018-2020,1.0,,5.15,0.0,1.56,0
swc-project/swc,cf01ec8277e9683f7659a8084e609a1486d2bd47,cf01ec8277,Bump version,other,Unknown,강동윤,2020-10-20 22:09:52+09:00,22,1,0,1,3,3,2,0,0,0.0,0,clean,TypeScript,2018-2020,1.0,,0.75,0.0,0.0,0
swc-project/swc,6ba64ed3591a0ccc66c1142536f820b3d7b25d58,6ba64ed359,Bump version of swc_ecmascript,other,Unknown,강동윤,2020-10-20 22:17:28+09:00,22,1,0,1,1,1,1,0,0,0.0,0,clean,TypeScript,2018-2020,1.0,,0.5,0.0,0.0,0
swc-project/swc,81caf41bf6d5201e5391d291b5450a74c530efc8,81caf41bf6,Bump version for VisitAll,other,Unknown,강동윤,2020-10-20 22:27:41+09:00,22,1,0,1,3,3,2,0,0,0.0,0,clean,TypeScript,2018-2020,1.0,,0.75,0.0,0.0,0
swc-project/swc,6b03c659caba37693a8f0eb86ac98112884b70d8,6b03c659ca,transforms: fix _typeof helper,bugfix,JavaScript,Frederik Wessberg,2020-10-24 23:26:13+09:00,23,5,1,1,3,3,1,0,1,4.0,0,clean,TypeScript,2018-2020,1.0,,0.75,0.0,2.0,0
swc-project/swc,6e9d06e95a31c15cb856377591d05f9be3c8b5f1,6e9d06e95a,codegen: Preserve space for postfix unary operators (#1185)  Co-authored-by: 강동윤 <kdy1997.dev@gmail.com>,bugfix,Rust,Brad Dunbar,2020-10-25 17:38:27+09:00,17,6,1,0,12,4,4,0,2,2.5,0,clean,TypeScript,2018-2020,1.0,,2.4,0.0,0.5,0
swc-project/swc,667a8c72c042c80caa8ef1a365fa76442dcf91f1,667a8c72c0,"Single argument arrow functions (#1186)  swc_ecma_codegen:  - Remove parens from arrow functions when possible.  - Remove space after prop keys when minifying.  - Remove line break after expression",other,Rust,Brad Dunbar,2020-10-27 15:08:05+09:00,15,1,0,0,48,17,4,0,7,3.29,0,clean,TypeScript,2018-2020,1.0,,2.67,0.0,0.66,0
swc-project/swc,b2aec35eb6e482cf88f7b58531573ec8cd04bf12,b2aec35eb6,"Fix issues (#1189)  swc_bundler:  - Support emitting iife. (Closes #1184)  swc_ecma_parser:  - Auto-detect script / module (Closes #1164)  - lexer: Error recovery for strict mode and module mode.",bugfix,Rust,강동윤,2020-10-28 21:20:11+09:00,21,2,0,0,838,389,269,3,49,10.24,0,clean,TypeScript,2018-2020,1.0,,2.15,0.01,0.04,0
swc-project/swc,32b3bbd50b26c8aaf3c7d61f056e1fd32eba0384,32b3bbd50b,"Emit only ascii (#1191)  swc_ecma_codegen:  - Emit only ascii characters. (#1187, #1188)",other,JavaScript,강동윤,2020-10-29 14:33:33+09:00,14,3,0,0,76,63,42,1,11,4.18,0,clean,TypeScript,2018-2020,1.0,,1.19,0.02,0.1,0
swc-project/swc,a368f66e77d9fcee1a5ee09dd2da78c18bb911ac,a368f66e77,Bump version,other,Unknown,강동윤,2020-10-29 15:44:12+09:00,15,3,0,0,41,41,10,0,0,0.0,0,clean,TypeScript,2018-2020,1.0,,0.98,0.0,0.0,0
swc-project/swc,5ef993d9b2a80022cbe667dcd89b62d1bcbc098b,5ef993d9b2,TypeScript 4.1: template literal type (#1190)  Co-authored-by: 강동윤 <kdy1997.dev@gmail.com>,other,Rust,Pig Fang,2020-10-29 17:27:35+09:00,17,3,0,0,337,35,11,0,6,10.67,0,clean,TypeScript,2018-2020,1.0,,9.36,0.0,0.89,0
swc-project/swc,11dbc1406c95f3458945abd43442344ae8f112a3,11dbc1406c,TypeScript 4.1: `intrinsic` keyword (#1193)  Co-authored-by: 강동윤 <kdy1997.dev@gmail.com>,other,Rust,Pig Fang,2020-10-29 18:37:22+09:00,18,3,0,0,65,3,9,0,3,14.67,0,clean,TypeScript,2018-2020,1.0,,16.25,0.0,1.47,0
swc-project/swc,bae0eda8bd8a224c4d2124bb59582e121b552b8e,bae0eda8bd,"Fix bundler (#1194)  swc_bundler:  - Remove wrong assertion. (denoland/deno#8148)  - Remove wrong variables created on reexports. (denoland/deno#8188)  swc_ecma_transforms:  - inlining: Treat usa",bugfix,Rust,강동윤,2020-10-30 14:49:02+09:00,14,4,0,0,292,59,14,0,18,5.33,0,clean,TypeScript,2018-2020,1.0,,4.87,0.0,0.36,0
swc-project/swc,546a01cdc2f7dbe4bda06a2f3440c117136b72a8,546a01cdc2,fix: SourceMap::span_to_lines for empty file (#1198)  Co-authored-by: 강동윤 <kdy1997.dev@gmail.com>,bugfix,Rust,Bartek Iwańczuk,2020-11-02 11:01:48+09:00,11,0,0,0,21,1,2,0,2,3.0,0,clean,TypeScript,2018-2020,1.0,,10.5,0.0,1.0,0
swc-project/swc,ce6ded1dee8de8e551eeb44be71df8868238f669,ce6ded1dee,"Fix bundler: luxon.js (#1196)  swc_bundler:  - Determine order of merging based on dependency graph. (denoland/deno#8211)",bugfix,TypeScript,강동윤,2020-11-02 14:55:28+09:00,14,0,0,0,114,20,16,1,11,8.73,0,clean,TypeScript,2018-2020,1.0,,5.43,0.06,0.51,0
swc-project/swc,3cdb62bfd85f537e91918c39bb216a04c9a569ca,3cdb62bfd8,bundler: Improve hook for import.meta (#1195)  Co-authored-by: 강동윤 <kdy1997.dev@gmail.com>,other,Rust,Nayeem Rahman,2020-11-02 15:22:21+09:00,15,0,0,0,215,111,12,1,14,1.57,0,clean,TypeScript,2018-2020,1.0,,1.92,0.08,0.12,0
swc-project/swc,f21a28844dd819f22cef87c9e0e285e9482afcf0,f21a28844d,"resolver: handle class declarations (#1200)  swc_ecma_transforms:  - resolver: Handle class declarations (denoland/deno_lint#463)",other,Rust,강동윤,2020-11-03 01:30:21+09:00,1,1,0,1,100,4,4,1,1,1.0,0,clean,TypeScript,2018-2020,1.0,,20.0,0.2,0.2,0
swc-project/swc,64942b50065226bdd56bfc700a764b1e72d12892,64942b5006,"bundler: Use a local variable for import.meta (#1201)  swc_bundler:  - Convert `import.meta` into a local variable.",other,Rust,Nayeem Rahman,2020-11-04 18:34:05+09:00,18,2,0,0,57,35,2,0,3,5.67,0,clean,TypeScript,2018-2020,1.0,,1.58,0.0,1.89,0
swc-project/swc,0a5e23f97c30d7ee72b8faaddfc697e33e3cdd4d,0a5e23f97c,"bundler: Handle swc helpers (#1199)  swc_bundler:  - Handle helpers from `swc_ecma_transforms`.  swc_ecma_transforms:  - dce: Remove unused self-referential functions.",other,Rust,강동윤,2020-11-05 09:53:18+09:00,9,3,0,0,220,65,24,1,27,6.11,0,clean,TypeScript,2018-2020,1.0,,3.33,0.04,0.24,0
swc-project/swc,c6cfa9d73f3bd54451adf57a7aedd5908472b70e,c6cfa9d73f,"Fix bundler: stack overflow and circular imports (#1205)  swc_bundler:  - Fix infinte loop (denoland/deno#8224)  - Fix order of merging with circular imports. (Fixes denoland/deno#8246)  - Fix dete",bugfix,Rust,강동윤,2020-11-06 18:42:04+09:00,18,4,0,0,126,51,10,0,13,11.54,0,clean,TypeScript,2018-2020,1.0,,2.42,0.0,1.05,0
swc-project/swc,af0b0a9ab1c3572a092935d608278ab1eed8ec49,af0b0a9ab1,"Fix fixer (#1207)  swc_ecma_transforms:  - fixer: Don't unwrap paren if there's a comment for inner node.",bugfix,Rust,강동윤,2020-11-08 10:59:36+09:00,10,6,1,0,31,2,3,0,4,3.75,0,clean,TypeScript,2018-2020,1.0,,10.33,0.0,0.94,0
swc-project/swc,8e07d7c7a6366801909565bf7e2b8d5762dd3edd,8e07d7c7a6,Bump version,other,Unknown,강동윤,2020-11-08 12:48:15+09:00,12,6,1,0,1,1,1,0,0,0.0,0,clean,TypeScript,2018-2020,1.0,,0.5,0.0,0.0,0
swc-project/swc,4327d91fe3a9eedac51e4cdd9ff5f8ec2ec53ffa,4327d91fe3,BigInt literal keys (#1192),other,Rust,Brad Dunbar,2020-11-15 01:22:35+09:00,1,6,1,1,106,44,23,0,16,5.25,0,clean,TypeScript,2018-2020,1.0,,2.36,0.0,0.22,0
swc-project/swc,723970db1f8e0077dfd5a641f7edf87ca3053961,723970db1f,fix(typo): dowloads => downloads (#1222),bugfix,Unknown,Divy Srivastava,2020-11-19 20:06:47+09:00,20,3,0,0,1,1,1,0,0,0.0,0,clean,TypeScript,2018-2020,1.0,,0.5,0.0,0.0,0
swc-project/swc,4294b5e7ba41b74ff731df3b524155a60fd434a9,4294b5e7ba,"bundler: Fix issues (#1212)  swc_bundler:  - Bundler rework. (denoland/deno#6802)  - Reexports are not transitive. (denoland/deno#8246)  - Dependencies of module with circular dependency. (denoland",bugfix,JavaScript,강동윤,2020-11-19 20:42:56+09:00,20,3,0,0,4693,2893,257,3,343,3.61,0,clean,TypeScript,2018-2020,1.0,,1.62,0.01,0.01,0
swc-project/swc,6888c69bda9539cd65220011173cd7831998e677,6888c69bda,"Fix codegen: preserve input (#1221)  swc_ecma_codegen:  - Preserve input. (#1204)",bugfix,JavaScript,강동윤,2020-11-21 02:04:29+09:00,2,5,1,1,372,96,62,1,17,3.88,0,clean,TypeScript,2018-2020,1.0,,3.84,0.02,0.06,0
swc-project/swc,6a49a4b0b2982c21f1efd558d9f2245d75a43714,6a49a4b0b2,Bump version,other,Unknown,강동윤,2020-11-21 13:05:34+09:00,13,5,1,0,1,1,1,0,0,0.0,0,clean,TypeScript,2018-2020,1.0,,0.5,0.0,0.0,0
swc-project/swc,6f7bdd69958cda286a87674fb237dd668dfb199b,6f7bdd6995,Fix ci,bugfix,Unknown,강동윤,2020-11-21 14:01:55+09:00,14,5,1,0,2,2,2,0,0,0.0,0,clean,TypeScript,2018-2020,1.0,,0.67,0.0,0.0,0
swc-project/swc,5b2532e7e3f7a5969e43cd0024ba667c1e16c720,5b2532e7e3,Remove some spack tests,test,JavaScript,강동윤,2020-11-21 20:58:50+09:00,20,5,1,0,0,95,11,2,2,1.0,0,clean,TypeScript,2018-2020,1.0,,0.0,0.17,0.08,0
swc-project/swc,1268206bff17b1258e125f6214f8d9b2b1dc42a3,1268206bff,fix: publish script,bugfix,Unknown,강동윤,2020-11-21 21:43:27+09:00,21,5,1,0,2,2,1,0,0,0.0,0,clean,TypeScript,2018-2020,1.0,,0.67,0.0,0.0,0
swc-project/swc,512153f9445de9825f55fc554586920c3bb2603d,512153f944,"Fix publish script, really",bugfix,Unknown,강동윤,2020-11-22 15:33:37+09:00,15,6,1,0,1,1,1,0,0,0.0,0,clean,TypeScript,2018-2020,1.0,,0.5,0.0,0.0,0
swc-project/swc,ad23a58fed924747a4175b22f0ba49db40a9dd2d,ad23a58fed,"feature: Macro for fixture testing (#1226)  testing_macros:  - Add `#[fixture]` for easier fixture testing",bugfix,TypeScript,강동윤,2020-11-22 18:14:22+09:00,18,6,1,0,292,4,16,1,9,3.67,0,clean,TypeScript,2018-2020,1.0,,58.4,0.06,0.22,0
swc-project/swc,25f2ff1a45aa757511213b28612d99115f1572c4,25f2ff1a45,Bump version,other,Unknown,강동윤,2020-11-22 18:17:55+09:00,18,6,1,0,3,3,2,0,0,0.0,0,clean,TypeScript,2018-2020,1.0,,0.75,0.0,0.0,0
payloadcms/payload,352f70a9e44abb4e1e8a60a7f89c3c52e162b565,352f70a9e4,supports typescript configs,other,TypeScript,James,2020-11-23 20:36:28-05:00,20,0,0,0,20,6,2,0,2,4.5,0,clean,TypeScript,2018-2020,1.0,,2.86,0.0,1.5,0
payloadcms/payload,777a2292dc9b6a06398e8a51d878faa2e19b2f07,777a2292dc,fixes bug in rate limit definitions,bugfix,TypeScript,James,2020-11-23 20:36:41-05:00,20,0,0,0,2,2,1,0,1,20.0,0,clean,TypeScript,2018-2020,1.0,,0.67,0.0,10.0,0
payloadcms/payload,5b6392009d8ab5be81c8124758d9de8292d47d3e,5b6392009d,add types for buildQuery,feature,TypeScript,Elliot DeNolf,2020-11-23 20:56:36-05:00,20,0,0,0,31,6,2,0,2,22.0,0,clean,TypeScript,2018-2020,1.0,,4.43,0.0,7.33,0
payloadcms/payload,badd59ac38e10e9caf700eece5761e7d65341c21,badd59ac38,fix(webpack): use require.resolve for modules,bugfix,TypeScript,Elliot DeNolf,2020-11-23 21:36:00-05:00,21,0,0,0,9,9,2,0,2,3.0,0,clean,TypeScript,2018-2020,1.0,,0.9,0.0,1.0,0
payloadcms/payload,6fcf4ebc4861fd88fe6740344ae2f7963f95b6c7,6fcf4ebc48,add types for errors,feature,TypeScript,Elliot DeNolf,2020-11-23 22:43:35-05:00,22,0,0,1,22,8,9,0,13,1.0,0,clean,TypeScript,2018-2020,1.0,,2.44,0.0,0.1,0
swc-project/swc,f8a1fb878daf603150174ca23b7e6d22d22e3b5c,f8a1fb878d,"fix(regenerator): Handle ternary correctly (#1228)  swc_ecma_transforms:  - Fix interaction between ternary and await. (#1216)  testing_macors:  - Fix for `--lib` tests.",bugfix,JavaScript,강동윤,2020-11-24 02:54:18+09:00,2,1,0,1,407,14,15,0,34,3.38,0,clean,TypeScript,2018-2020,1.0,,27.13,0.0,0.21,0
payloadcms/payload,924eb1d0b566eb7bb3912018e06cf431e5a85524,924eb1d0b5,fix(webpack): more require.resolves needed,bugfix,TypeScript,Elliot DeNolf,2020-11-24 10:40:08-05:00,10,1,0,0,3,3,2,0,2,3.0,0,clean,TypeScript,2018-2020,1.0,,0.75,0.0,1.0,0
payloadcms/payload,cfdacea2103957a3a137c4ee69f1d57334715038,cfdacea210,changes access permissions structure to be more typescript-friendly,other,TypeScript,James,2020-11-24 12:53:09-05:00,12,1,0,0,119,125,21,0,22,5.18,0,clean,TypeScript,2018-2020,1.0,,0.94,0.0,0.24,0
payloadcms/payload,713673bc42cae2abe5675e16e53ba3f6e71687dc,713673bc42,bumps payload config provider,other,Unknown,James,2020-11-24 14:02:56-05:00,14,1,0,0,5,5,2,0,0,0.0,0,clean,TypeScript,2018-2020,1.0,,0.83,0.0,0.0,0
payloadcms/payload,d6e7211539642531b18d520656225a4c93345648,d6e7211539,0.1.0,other,Unknown,James,2020-11-24 14:03:03-05:00,14,1,0,0,1,1,1,0,0,0.0,0,clean,TypeScript,2018-2020,1.0,,0.5,0.0,0.0,0
payloadcms/payload,0bdd159fb9b1fe7edd0c2f28ae1eda3154a2df1b,0bdd159fb9,0.1.1,other,Unknown,James,2020-11-24 14:03:50-05:00,14,1,0,0,1,1,1,0,0,0.0,0,clean,TypeScript,2018-2020,1.0,,0.5,0.0,0.0,0
payloadcms/payload,34942daf943384146e0ce52ae29c557bac895473,34942daf94,element typescript updates,other,TypeScript,Jessica Boezwinkle,2020-11-24 17:58:25-05:00,17,1,0,0,230,221,48,0,19,6.53,0,clean,TypeScript,2018-2020,1.0,,1.04,0.0,0.13,0
payloadcms/payload,35686a7dcad6160dc9afd221fdec24cbcbee7723,35686a7dca,adds more files to package,feature,Unknown,James,2020-11-24 18:33:03-05:00,18,1,0,0,14,12,2,0,0,0.0,0,clean,TypeScript,2018-2020,1.0,,1.08,0.0,0.0,0
payloadcms/payload,26a01afa1aba74ab52c409ca0876ebba88884209,26a01afa1a,fixes access bug,bugfix,TypeScript,James,2020-11-24 18:33:24-05:00,18,1,0,0,2,2,1,0,2,2.5,0,clean,TypeScript,2018-2020,1.0,,0.67,0.0,1.25,0
payloadcms/payload,8d946f225ea11efcac909b9e7412fc916769a45a,8d946f225e,0.1.2,other,Unknown,James,2020-11-24 18:34:03-05:00,18,1,0,0,1,1,1,0,0,0.0,0,clean,TypeScript,2018-2020,1.0,,0.5,0.0,0.0,0
payloadcms/payload,a1f4168d5053cd1b27f516f64b4ba12b6c1a2a10,a1f4168d50,adds babel config to package,feature,Unknown,James,2020-11-24 18:38:31-05:00,18,1,0,0,1,2,1,0,0,0.0,0,clean,TypeScript,2018-2020,1.0,,0.33,0.0,0.0,0
payloadcms/payload,b3f326feadc089acc29c05825eb3214337ae6531,b3f326fead,0.1.3,other,Unknown,James,2020-11-24 18:38:37-05:00,18,1,0,0,1,1,1,0,0,0.0,0,clean,TypeScript,2018-2020,1.0,,0.5,0.0,0.0,0
payloadcms/payload,c9cb1ea05c38308e0112e6b05f6a67e6bea3dafd,c9cb1ea05c,adds unlicensed view,feature,Unknown,James,2020-11-24 19:34:02-05:00,19,1,0,0,50,9,3,0,2,8.5,0,clean,TypeScript,2018-2020,1.0,,5.0,0.0,2.12,0
payloadcms/payload,41a26289b3478ef37b4b0e9b279596e22dfcb84b,41a26289b3,0.1.4,other,Unknown,James,2020-11-24 19:34:38-05:00,19,1,0,0,1,1,1,0,0,0.0,0,clean,TypeScript,2018-2020,1.0,,0.5,0.0,0.0,0
payloadcms/payload,75e557b894afa6b94b3071486a190a897296040c,75e557b894,0.1.5,other,Unknown,James,2020-11-24 19:40:30-05:00,19,1,0,0,1,1,1,0,0,0.0,0,clean,TypeScript,2018-2020,1.0,,0.5,0.0,0.0,0
payloadcms/payload,e36be704a5b174377dffafe25b11a6265d15e38d,e36be704a5,add types for most of graphql,feature,TypeScript,Elliot DeNolf,2020-11-24 20:03:41-05:00,20,1,0,0,137,63,18,0,81,1.79,0,clean,TypeScript,2018-2020,1.0,,2.14,0.0,0.09,0
payloadcms/payload,f3be1fcc62b024758b528a9d5de16416b52b9fa5,f3be1fcc62,0.1.6,other,Unknown,James,2020-11-24 20:05:37-05:00,20,1,0,0,1,1,1,0,0,0.0,0,clean,TypeScript,2018-2020,1.0,,0.5,0.0,0.0,0
payloadcms/payload,055ff455fe794c2c8265e64a28a80f52cffa27ff,055ff455fe,builds unlicensed route,other,Unknown,James,2020-11-24 21:04:19-05:00,21,1,0,0,16,9,4,0,1,4.0,0,clean,TypeScript,2018-2020,1.0,,1.6,0.0,0.8,0
payloadcms/payload,d09fba47f13cf7c0b41267faacb5d1db43928511,d09fba47f1,webpack config windows safe path names,other,TypeScript,Dan Ribbens,2020-11-25 06:33:49-05:00,6,2,0,0,1,1,1,0,0,0.0,0,clean,TypeScript,2018-2020,1.0,,0.5,0.0,0.0,0
payloadcms/payload,55deb3f01b7090216bd2db150ec9d689553ec696,55deb3f01b,types hooks,other,Unknown,James,2020-11-25 08:09:51-05:00,8,2,0,0,43,13,8,0,14,1.64,0,clean,TypeScript,2018-2020,1.0,,3.07,0.0,0.18,0
payloadcms/payload,ed8d7f2106cd673c061b1992304d70a3403b6dd5,ed8d7f2106,adds paths to local ts declarations,feature,TypeScript,James,2020-11-25 10:50:35-05:00,10,2,0,0,36,63,10,0,9,2.11,0,clean,TypeScript,2018-2020,1.0,,0.56,0.0,0.19,0
payloadcms/payload,472a6cb232a7f4fbba51d145393b09f72d33e416,472a6cb232,13639$ types 13639$,other,TypeScript,James,2020-11-25 11:23:03-05:00,11,2,0,0,37,40,10,0,6,2.0,0,clean,TypeScript,2018-2020,1.0,,0.9,0.0,0.18,0
payloadcms/payload,254524ab1b1f74497056ca30e054cc03938a4140,254524ab1b,updates webpack 5 dependencies,other,TypeScript,James,2020-11-25 11:31:36-05:00,11,2,0,0,41,55,3,0,1,6.0,0,clean,TypeScript,2018-2020,1.0,,0.73,0.0,1.5,0
payloadcms/payload,b584d22b3aa7c62f0a7ce71d5532096758771f3d,b584d22b3a,adds bin executable,feature,TypeScript,James,2020-11-25 13:43:01-05:00,13,2,0,0,14,25,7,0,3,3.33,0,clean,TypeScript,2018-2020,1.0,,0.54,0.0,0.42,0
payloadcms/payload,e930abe7412c4a5189665234a2c36bbb580ebea3,e930abe741,0.1.7,other,Unknown,James,2020-11-25 13:43:05-05:00,13,2,0,0,1,1,1,0,0,0.0,0,clean,TypeScript,2018-2020,1.0,,0.5,0.0,0.0,0
payloadcms/payload,a00809db8e1cfa60effbd58312685386601a6401,a00809db8e,further types frontend,other,TypeScript,James,2020-11-25 15:10:59-05:00,15,2,0,0,138,43,11,0,12,3.17,0,clean,TypeScript,2018-2020,1.0,,3.14,0.0,0.26,0
payloadcms/payload,ca55c4e55fa2a76abdb786b84397d1d8f6a12e52,ca55c4e55f,0.1.8,other,Unknown,James,2020-11-25 15:11:07-05:00,15,2,0,0,1,1,1,0,0,0.0,0,clean,TypeScript,2018-2020,1.0,,0.5,0.0,0.0,0
payloadcms/payload,f88f482837e48568684e8bf8960c90328a5a7949,f88f482837,properly formats bin,other,JavaScript,James,2020-11-25 15:14:12-05:00,15,2,0,0,2,2,2,0,0,0.0,0,clean,TypeScript,2018-2020,1.0,,0.67,0.0,0.0,0
payloadcms/payload,56072e952d496e93e4e8adcb057e719c10882888,56072e952d,0.1.9,other,Unknown,James,2020-11-25 15:14:18-05:00,15,2,0,0,1,1,1,0,0,0.0,0,clean,TypeScript,2018-2020,1.0,,0.5,0.0,0.0,0
payloadcms/payload,70a84d90ad5cb754b6219cb3cbd11c940e2e243f,70a84d90ad,cleanup in payload init,refactor,TypeScript,Dan Ribbens,2020-11-25 17:36:51-05:00,17,2,0,0,136,141,20,0,35,2.14,0,clean,TypeScript,2018-2020,1.0,,0.96,0.0,0.1,0
payloadcms/payload,0e2fbe0e8fe96ed92b009cf9c03f9f10261a13ec,0e2fbe0e8f,"enables build w/ typescript, refines the way configs are found",other,TypeScript,James,2020-11-25 18:57:17-05:00,18,2,0,0,71,31,7,0,5,3.0,0,clean,TypeScript,2018-2020,1.0,,2.22,0.0,0.38,0
payloadcms/payload,1889f00f8fcd21923fb7d594f0c3067e89fa2f97,1889f00f8f,more field type adjustments,other,TypeScript,Elliot DeNolf,2020-11-26 11:44:14-05:00,11,3,0,0,25,28,4,0,23,1.48,0,clean,TypeScript,2018-2020,1.0,,0.86,0.0,0.3,0
payloadcms/payload,5ffa0ed6eebfa060f4b53f22c2d111b62c5080af,5ffa0ed6ee,swaps out ajv for joi,other,TypeScript,James,2020-11-26 15:22:34-05:00,15,3,0,0,126,225,10,0,3,7.67,0,clean,TypeScript,2018-2020,1.0,,0.56,0.0,0.7,0
payloadcms/payload,cd64238a518b3b9062f0f8e1ce0713c305d4e5cf,cd64238a51,progress to joi validation,other,TypeScript,James,2020-11-27 13:05:22-05:00,13,4,0,0,713,152,12,0,5,3.4,0,clean,TypeScript,2018-2020,1.0,,4.66,0.0,0.26,0
swc-project/swc,8ca3d1160db804322724a6e30181e9c86bdd396a,8ca3d1160d,"Fix bundler (#1234)  swc_bundler:  - Handle dependencies of circular modules in wrapped modules. (#1214)  - Handle `export * from './file.ts'` properly. (denoland/deno#8481)  - Fix deglobbing. (den",bugfix,Rust,강동윤,2020-11-27 19:37:22+09:00,19,4,0,0,173,59,9,0,15,14.6,0,clean,TypeScript,2018-2020,1.0,,2.88,0.0,1.46,0
payloadcms/payload,aa795d19d543a311d47d66ed094dd5f977a9ad9b,aa795d19d5,converts demo to ts,other,TypeScript,James,2020-11-28 16:07:54-05:00,16,5,1,0,784,1526,70,1,21,1.33,0,clean,TypeScript,2018-2020,1.0,,0.51,0.01,0.02,0
payloadcms/payload,fd7cd0324d9e26641877cae8f7b955c1517986d5,fd7cd0324d,validates field types,other,TypeScript,James,2020-11-28 17:34:32-05:00,17,5,1,0,594,446,24,0,7,2.0,0,clean,TypeScript,2018-2020,1.0,,1.33,0.0,0.08,0
swc-project/swc,cdaefcc27e3c943e6ff9b98fc4ea19f0d7a1bf23,cdaefcc27e,fix(source map): fix inline source map comment slicing (#1237),bugfix,Rust,Linjie Ding,2020-11-29 00:46:06+09:00,0,6,1,1,1,1,1,0,1,12.0,0,clean,TypeScript,2018-2020,1.0,,0.5,0.0,6.0,0
swc-project/swc,46b553ecc3efd3ddcaff6531535b27526dc16781,46b553ecc3,"feat(swc_common): Expose non-tty EmitterWriter (#1240)  swc_bundler:  - Expose non-tty EmitterWriter",feature,Rust,강동윤,2020-11-29 01:37:09+09:00,1,6,1,1,24,52,6,0,3,5.0,0,clean,TypeScript,2018-2020,1.0,,0.45,0.0,0.71,0
payloadcms/payload,a5bbb338b9e645bbfad8e0249fee8a6f7c5a0ab3,a5bbb338b9,resets ts error truncation,other,Unknown,James,2020-11-29 11:35:28-05:00,11,6,1,0,0,1,1,0,0,0.0,0,clean,TypeScript,2018-2020,1.0,,0.0,0.0,0.0,0
payloadcms/payload,73d27be947dec3fe8b006123fb0dc69263cdd50f,73d27be947,fixes bug in RenderFields,bugfix,Unknown,James,2020-11-29 11:35:37-05:00,11,6,1,0,1,1,1,0,2,20.0,0,clean,TypeScript,2018-2020,1.0,,0.5,0.0,10.0,0
payloadcms/payload,45dc3cab11a2958f39776451fda9e8fd24507d55,45dc3cab11,sets defaults for auth and upload,other,TypeScript,James,2020-11-29 11:35:52-05:00,11,6,1,0,2,2,1,0,0,0.0,0,clean,TypeScript,2018-2020,1.0,,0.67,0.0,0.0,0
payloadcms/payload,0119965287dd52a42beacffe7c05b51174ebbcd5,0119965287,fixes build script,bugfix,TypeScript,James,2020-11-29 11:36:01-05:00,11,6,1,0,5,21,1,0,2,1.5,0,clean,TypeScript,2018-2020,1.0,,0.23,0.0,0.75,0
payloadcms/payload,53d78e995bbcedd17a32f956e9be089a530b98f2,53d78e995b,few type fixes,bugfix,TypeScript,James,2020-11-29 11:42:34-05:00,11,6,1,0,3,2,2,0,0,0.0,0,clean,TypeScript,2018-2020,1.0,,1.0,0.0,0.0,0
payloadcms/payload,767b68b0bd99152869912aa34942ef8f580427a9,767b68b0bd,fixes tests,bugfix,JavaScript,James,2020-11-29 12:41:13-05:00,12,6,1,0,8,12,5,0,3,1.67,0,clean,TypeScript,2018-2020,1.0,,0.62,0.0,0.28,0
payloadcms/payload,9ef954f430edea43d556c59c539c77c4b6a2f942,9ef954f430,defines pattern for request handler types,other,TypeScript,James,2020-11-29 14:18:23-05:00,14,6,1,0,263,187,12,0,8,9.5,0,clean,TypeScript,2018-2020,1.0,,1.4,0.0,0.73,0
payloadcms/payload,17e4d78bdc4741d5ffb76da95f45058910e21f10,17e4d78bdc,further typing,other,TypeScript,James,2020-11-29 14:27:56-05:00,14,6,1,0,38,18,6,0,4,5.5,0,clean,TypeScript,2018-2020,1.0,,2.0,0.0,0.79,0
payloadcms/payload,f19fc9057d7c472ed087bdfef62d63595d8ec0aa,f19fc9057d,replace payloadconfig with config in places,other,TypeScript,Dan Ribbens,2020-11-29 15:33:03-05:00,15,6,1,0,9,7,4,0,4,1.25,0,clean,TypeScript,2018-2020,1.0,,1.12,0.0,0.25,0
payloadcms/payload,3d282d2523f272165b8d4f4bbe3ed95479c461b5,3d282d2523,revises payload.authenticate type,other,TypeScript,James,2020-11-29 17:52:17-05:00,17,6,1,0,21,7,4,0,4,1.0,0,clean,TypeScript,2018-2020,1.0,,2.62,0.0,0.2,0
payloadcms/payload,6f1d61aabc3c8831b208d06d52173aad4feefacb,6f1d61aabc,ensures loadConfig returns a full config,other,TypeScript,James,2020-11-29 17:55:45-05:00,17,6,1,0,4,6,3,0,2,2.0,0,clean,TypeScript,2018-2020,1.0,,0.57,0.0,0.5,0
payloadcms/payload,c3c3f3fc8869ab56dde4fd5f623a5c3ecbea5f6c,c3c3f3fc88,replaces sanitization,other,TypeScript,James,2020-11-29 20:08:06-05:00,20,6,1,0,124,62,12,0,8,9.12,0,clean,TypeScript,2018-2020,1.0,,1.97,0.0,0.7,0
payloadcms/payload,c1d025e2416b8d553e29a6a4b68d572c2fdf865c,c1d025e241,better sanitization pattern,other,TypeScript,James,2020-11-29 20:38:10-05:00,20,6,1,0,189,195,7,0,4,5.25,0,clean,TypeScript,2018-2020,1.0,,0.96,0.0,0.66,0
payloadcms/payload,dbc403319de664b7651e28d3d28b3ef5b6b81de9,dbc403319d,instantiates auth forgot password,other,TypeScript,James,2020-11-29 20:46:10-05:00,20,6,1,0,1,0,1,0,0,0.0,0,clean,TypeScript,2018-2020,1.0,,1.0,0.0,0.0,0
payloadcms/payload,7644b031c1b37424cf65f15c1d69ee181516ac8d,7644b031c1,further typing,other,TypeScript,James,2020-11-30 08:42:06-05:00,8,0,0,0,20,21,7,0,3,1.0,0,clean,TypeScript,2018-2020,1.0,,0.91,0.0,0.12,0
payloadcms/payload,20fabb81e820c9c71ac2f382e6d2834ba1d071c3,20fabb81e8,further types,other,TypeScript,James,2020-11-30 08:47:58-05:00,8,0,0,0,7,17,6,0,2,5.0,0,clean,TypeScript,2018-2020,1.0,,0.39,0.0,0.71,0
payloadcms/payload,32957833f3a27ae8bb357bdccb01188da66ebabe,32957833f3,add requestHandler types,feature,TypeScript,Elliot DeNolf,2020-11-30 10:55:26-05:00,10,0,0,0,42,5,5,0,8,2.25,0,clean,TypeScript,2018-2020,1.0,,7.0,0.0,0.38,0
payloadcms/payload,7333cc25d8f1ec8b9d58b0a75ff1c25dcaa8068c,7333cc25d8,"fix CollectionConfig type, boolean unions will have been sanitized",bugfix,TypeScript,Elliot DeNolf,2020-11-30 10:56:03-05:00,10,0,0,0,2,2,1,0,0,0.0,0,clean,TypeScript,2018-2020,1.0,,0.67,0.0,0.0,0
payloadcms/payload,c1b1b8177492c70ac555c5848bbb05927a513c2f,c1b1b81774,add requesthandlers to bindings,feature,TypeScript,Elliot DeNolf,2020-11-30 10:56:40-05:00,10,0,0,0,10,6,1,0,0,0.0,0,clean,TypeScript,2018-2020,1.0,,1.43,0.0,0.0,0
payloadcms/payload,f873a84f0834583b658de089f10dc74a3b04fca2,f873a84f08,begins form typing,other,TypeScript,James,2020-11-30 10:59:57-05:00,10,0,0,0,234,130,21,1,61,1.93,0,clean,TypeScript,2018-2020,1.0,,1.79,0.05,0.09,0
payloadcms/payload,98b62df792e61eded5e34cb73db53548d4b75350,98b62df792,further types,other,TypeScript,James,2020-11-30 14:16:55-05:00,14,0,0,0,197,93,30,0,3,5.67,0,clean,TypeScript,2018-2020,1.0,,2.1,0.0,0.18,0
payloadcms/payload,7d3b6d12e3a44c6d381c972a2e7ebe7c156a8813,7d3b6d12e3,further types,other,TypeScript,James,2020-11-30 14:29:14-05:00,14,0,0,0,35,51,7,0,10,7.4,0,clean,TypeScript,2018-2020,1.0,,0.67,0.0,0.92,0
payloadcms/payload,cee40169f3337c145ea54319bc7e395f25d98745,cee40169f3,renames tests to js,refactor,JavaScript,James,2020-11-30 14:36:08-05:00,14,0,0,0,5,5,10,9,2,1.0,0,clean,TypeScript,2018-2020,1.0,,0.83,0.82,0.09,0
payloadcms/payload,c398c8b2a27c404b5640130d38efd8135c62488f,c398c8b2a2,further types,other,TypeScript,James,2020-11-30 14:41:53-05:00,14,0,0,0,12,6,5,0,1,7.0,0,clean,TypeScript,2018-2020,1.0,,1.71,0.0,1.17,0
payloadcms/payload,c97732cef3bf98561dde1d859ed8231ac8e891d1,c97732cef3,add some collection/graphql types,feature,TypeScript,Elliot DeNolf,2020-11-30 15:11:38-05:00,15,0,0,0,14,5,3,0,6,2.83,0,clean,TypeScript,2018-2020,1.0,,2.33,0.0,0.71,0
payloadcms/payload,100d1e7220c3079a304a5bfb4f3ec466ec2e487a,100d1e7220,further types,other,TypeScript,James,2020-11-30 17:31:05-05:00,17,0,0,0,98,118,13,1,7,8.57,0,clean,TypeScript,2018-2020,1.0,,0.82,0.07,0.61,0
swc-project/swc,ea6beaa06d8a6797563272be7ca687f54931f4db,ea6beaa06d,"Fix bundler (#1242)  swc_ecma_codegen:  - Fix codegen of unicode escapes. (denoland/deno#8541)  swc_bundler:  - Allow importing a module multiple time. (denoland/deno#8530)",bugfix,JavaScript,강동윤,2020-11-30 18:21:34+09:00,18,0,0,0,121,46,16,1,12,9.92,0,clean,TypeScript,2018-2020,1.0,,2.57,0.06,0.58,0
swc-project/swc,faa1c5f4e5d956bc062542b42d123d42b31776eb,faa1c5f4e5,"Fix bugs (#1241)  swc_ecma_codegen:  - Print multiline string correctly. (#1233)  swc_ecma_transforms:  - `optional_chaining`: Ensure that #1149 is fixed. (#1149)  - `async_to_generator`: Remove ",bugfix,Rust,강동윤,2020-11-30 19:20:21+09:00,19,0,0,0,395,53,22,0,27,3.37,0,clean,TypeScript,2018-2020,1.0,,7.31,0.0,0.15,0
payloadcms/payload,bb7c829c5ec2e28b6f6bc78ce8f3bd576f206e41,bb7c829c5e,progress to typing Blocks and Arrays,other,TypeScript,James,2020-11-30 20:12:15-05:00,20,0,0,0,155,307,19,0,12,4.42,0,clean,TypeScript,2018-2020,1.0,,0.5,0.0,0.22,0
payloadcms/payload,8c8c49c66ddb6689f1e2eb53edc9f6eb69120e2c,8c8c49c66d,builds a type guard for determining if field has subfields,other,TypeScript,James,2020-12-01 08:04:25-05:00,8,1,0,0,53,0,2,0,3,3.67,0,clean,TypeScript,2018-2020,1.0,,53.0,0.0,1.22,0
payloadcms/payload,dc8ffa34e4dfac78e29e33ac6f235a74afdee278,dc8ffa34e4,type progress to Elements,other,TypeScript,James,2020-12-01 08:04:31-05:00,8,1,0,0,52,79,18,0,17,5.06,0,clean,TypeScript,2018-2020,1.0,,0.65,0.0,0.27,0
payloadcms/payload,6b61714d7e8ced1b0f9fc0b84abddbbb0d87db7a,6b61714d7e,types for error handler,other,TypeScript,Dan Ribbens,2020-12-01 09:46:57-05:00,9,1,0,0,16,16,5,0,9,4.56,0,clean,TypeScript,2018-2020,1.0,,0.94,0.0,0.76,0
payloadcms/payload,282f575cab9b6c272526d5f32f5ce69aa24503f4,282f575cab,further types to Elements,other,TypeScript,James,2020-12-01 10:48:08-05:00,10,1,0,0,79,43,18,0,11,4.91,0,clean,TypeScript,2018-2020,1.0,,1.8,0.0,0.26,0
payloadcms/payload,9d94c509e7be9094c45cac1124b13cc0b0895536,9d94c509e7,bring back collection after error hook for restful calls,other,TypeScript,Dan Ribbens,2020-12-01 11:47:07-05:00,11,1,0,0,17,9,4,1,2,5.0,0,clean,TypeScript,2018-2020,1.0,,1.7,0.2,1.0,0
payloadcms/payload,808a283f7465db9fba5142e074a10fd74ceedd9e,808a283f74,exports PayloadCollectionConfig type,other,TypeScript,James,2020-12-01 16:15:17-05:00,16,1,0,0,2,0,1,0,0,0.0,0,clean,TypeScript,2018-2020,1.0,,2.0,0.0,0.0,0
payloadcms/payload,41df1c447fde76c1b02a23e67fb05d5107e49a66,41df1c447f,0.1.10,other,Unknown,James,2020-12-01 16:17:52-05:00,16,1,0,0,1,1,1,0,0,0.0,0,clean,TypeScript,2018-2020,1.0,,0.5,0.0,0.0,0
payloadcms/payload,4ac08dac651bda4d009dad6419461d45c96758b0,4ac08dac65,type some collection operations,other,TypeScript,Elliot DeNolf,2020-12-01 16:38:27-05:00,16,1,0,0,17,8,9,0,0,0.0,0,clean,TypeScript,2018-2020,1.0,,1.89,0.0,0.0,0
payloadcms/payload,1d5338a8dc9d3e9bd7dd26ac98e9e42998c96b22,1d5338a8dc,fixes bugs with local payload,bugfix,TypeScript,James,2020-12-01 17:34:38-05:00,17,1,0,0,8,8,3,0,3,4.0,0,clean,TypeScript,2018-2020,1.0,,0.89,0.0,1.0,0
payloadcms/payload,064ab8846dddcb765ff2ed06943c99ede77e8cc9,064ab8846d,0.1.11,other,Unknown,James,2020-12-01 17:34:43-05:00,17,1,0,0,1,1,1,0,0,0.0,0,clean,TypeScript,2018-2020,1.0,,0.5,0.0,0.0,0
payloadcms/payload,5fe4cb9eee38f172c68319532b1de9bd71d33324,5fe4cb9eee,add missing operation typings,feature,TypeScript,Elliot DeNolf,2020-12-01 23:04:31-05:00,23,1,0,1,6,0,1,0,0,0.0,0,clean,TypeScript,2018-2020,1.0,,6.0,0.0,0.0,0
payloadcms/payload,85f3a8b0381aa3abfa3db9f43af91aa3c1bafcce,85f3a8b038,test: ignore dist,test,JavaScript,Elliot DeNolf,2020-12-01 23:04:57-05:00,23,1,0,1,4,0,1,0,0,0.0,0,clean,TypeScript,2018-2020,1.0,,4.0,0.0,0.0,0
payloadcms/payload,00821bf0a2077d8b894beddc493a49e1a8536af9,00821bf0a2,stubs dotenv for webpack,other,TypeScript,James,2020-12-02 10:35:38-05:00,10,2,0,0,7,0,3,0,2,2.5,0,clean,TypeScript,2018-2020,1.0,,7.0,0.0,0.62,0
payloadcms/payload,69582b2e8c777d2c79f421f23b25bd97adb7aaac,69582b2e8c,0.1.12,other,Unknown,James,2020-12-02 10:35:47-05:00,10,2,0,0,1,1,1,0,0,0.0,0,clean,TypeScript,2018-2020,1.0,,0.5,0.0,0.0,0
swc-project/swc,19cbdc34ff7f4b548fc5c4659c681182ff6363c9,19cbdc34ff,"Fix bundler (#1245)  swc_bundler:  - Handle `default` while merging reexports. (https://github.com/denoland/deno/issues/8211#issuecomment-736498065)",bugfix,Rust,강동윤,2020-12-02 14:51:54+09:00,14,2,0,0,132,6,7,0,6,5.33,0,clean,TypeScript,2018-2020,1.0,,18.86,0.0,0.67,0
payloadcms/payload,1129711f75697016b9a8482cda4f03a6dfc6ebcc,1129711f75,adds sort to local find operation,feature,TypeScript,James,2020-12-02 15:24:14-05:00,15,2,0,0,3,0,2,0,1,1.0,0,clean,TypeScript,2018-2020,1.0,,3.0,0.0,0.33,0
payloadcms/payload,82b4042b2615a94cf33605c8f5204886930fd4df,82b4042b26,0.1.13,other,Unknown,James,2020-12-02 15:24:26-05:00,15,2,0,0,1,1,1,0,0,0.0,0,clean,TypeScript,2018-2020,1.0,,0.5,0.0,0.0,0
payloadcms/payload,abfad8c088c417e5fff9fb2cf311cd830753ee2d,abfad8c088,0.1.14,other,Unknown,James,2020-12-02 15:28:00-05:00,15,2,0,0,1,1,1,0,0,0.0,0,clean,TypeScript,2018-2020,1.0,,0.5,0.0,0.0,0
payloadcms/payload,c17a03ef6056a9190c7221d4d2ccd81b12997565,c17a03ef60,fixes schema validation for custom graphics,bugfix,TypeScript,James,2020-12-02 16:33:38-05:00,16,2,0,0,4,2,1,0,0,0.0,0,clean,TypeScript,2018-2020,1.0,,1.33,0.0,0.0,0
payloadcms/payload,cd5a24e30831d1dec855e34d41a5e27797fbca4a,cd5a24e308,0.1.15,other,Unknown,James,2020-12-02 16:33:43-05:00,16,2,0,0,1,1,1,0,0,0.0,0,clean,TypeScript,2018-2020,1.0,,0.5,0.0,0.0,0
payloadcms/payload,c97fb622280e88485047e73e9ac6d316838998e7,c97fb62228,fix basefield types,bugfix,TypeScript,Elliot DeNolf,2020-12-02 17:03:20-05:00,17,2,0,0,4,4,2,0,2,2.0,0,clean,TypeScript,2018-2020,1.0,,0.8,0.0,0.67,0
payloadcms/payload,1e4e6e9619896fa1ad91868d095f9f4f3ff507da,1e4e6e9619,more typing in src/fields,other,TypeScript,Elliot DeNolf,2020-12-02 21:36:40-05:00,21,2,0,0,9,9,6,0,7,9.43,0,clean,TypeScript,2018-2020,1.0,,0.9,0.0,1.35,0
payloadcms/payload,66946c86973c252585e98aa3f0a453cae9dff598,66946c8697,"fix: undo property fix, field exists - bad typing",bugfix,TypeScript,Elliot DeNolf,2020-12-02 21:50:54-05:00,21,2,0,0,1,1,1,0,1,6.0,0,clean,TypeScript,2018-2020,1.0,,0.5,0.0,3.0,0
swc-project/swc,547846310da5df819ee6b08d07a1cb5449bdc2a1,547846310d,"Fix bundler (#1246)  swc_bundler:  - Reduce level of logging.  - Handle export specifiers without alias. (denoland/deno#8573)  - Handle normal initialization while reordering statements. (denoland/",bugfix,Rust,강동윤,2020-12-02 22:48:35+09:00,22,2,0,1,1397,399,19,0,52,4.19,0,clean,TypeScript,2018-2020,1.0,,3.49,0.0,0.21,0
payloadcms/payload,1cd578ef445499ceb3704ab28d736baaae123cbd,1cd578ef44,fix: handle access result gracefully,bugfix,TypeScript,Elliot DeNolf,2020-12-03 11:50:08-05:00,11,3,0,0,6,5,3,0,2,7.5,0,clean,TypeScript,2018-2020,1.0,,1.0,0.0,1.88,0
payloadcms/payload,d3df6c606cf776908d0a7c52ae7e30283433e627,d3df6c606c,chore: add build:watch script,feature,Unknown,Elliot DeNolf,2020-12-03 11:50:39-05:00,11,3,0,0,1,0,1,0,0,0.0,0,clean,TypeScript,2018-2020,1.0,,1.0,0.0,0.0,0
payloadcms/payload,47b6bb683bca0de137973a54a107ed240974746e,47b6bb683b,docs(access): stub out access control configuration,docs,Unknown,Elliot DeNolf,2020-12-03 12:00:46-05:00,12,3,0,0,32,1,1,0,0,0.0,0,clean,TypeScript,2018-2020,1.0,,16.0,0.0,0.0,0
payloadcms/payload,b9c597af92358c37c9d4f74bd68effdd8c933fec,b9c597af92,add global request handler types,feature,TypeScript,Elliot DeNolf,2020-12-03 15:00:40-05:00,15,3,0,0,18,6,2,0,8,1.5,0,clean,TypeScript,2018-2020,1.0,,2.57,0.0,0.5,0
swc-project/swc,2e29d7828164493ec6e8e3c043325ebcd2d935e1,2e29d78281,"fix: Decorator metadata (#1248)  swc_ecma_transforms:  - Emit proper typename for `design:type` used with enum. (#1160)",bugfix,Rust,강동윤,2020-12-04 05:03:26+09:00,5,4,0,1,426,25,20,0,46,3.63,0,clean,TypeScript,2018-2020,1.0,,16.38,0.0,0.17,0
payloadcms/payload,4cb8bbd2f4ee936f98d73bae78ad0318c8e3dabc,4cb8bbd2f4,type traverseFields and other misc,other,TypeScript,Elliot DeNolf,2020-12-08 11:36:00-05:00,11,1,0,0,21,11,5,0,8,6.75,0,clean,TypeScript,2018-2020,1.0,,1.75,0.0,1.12,0
payloadcms/payload,a5085b6e565e9b10b97f4d443d4553e8fc90454a,a5085b6e56,ci: auth against npm,other,Unknown,Elliot DeNolf,2020-12-08 11:52:36-05:00,11,1,0,0,3,0,1,1,0,0.0,0,clean,TypeScript,2018-2020,1.0,,3.0,0.5,0.0,0
payloadcms/payload,81ca30c9d4e6b179ba460849b786862fd317ad53,81ca30c9d4,ci: try always-auth,other,Unknown,Elliot DeNolf,2020-12-08 11:59:06-05:00,11,1,0,0,1,0,1,1,0,0.0,0,clean,TypeScript,2018-2020,1.0,,1.0,0.5,0.0,0
payloadcms/payload,6ab15fce1c26bd78c5ccdbe44bc97ad7816ca53e,6ab15fce1c,ci: use registry-url,other,Unknown,Elliot DeNolf,2020-12-08 13:33:40-05:00,13,1,0,0,1,0,1,1,0,0.0,0,clean,TypeScript,2018-2020,1.0,,1.0,0.5,0.0,0
swc-project/swc,718f47803bcfd0ff2d11bf72aaa7c34029cae789,718f47803b,"feat(visit): Add support for Arc<T> (#1256)  swc_visit:  - Support Visit and VisitAll for Arc<T>",feature,Rust,강동윤,2020-12-08 15:21:15+09:00,15,1,0,0,316,338,3,0,16,5.94,0,clean,TypeScript,2018-2020,1.0,,0.93,0.0,1.48,0
payloadcms/payload,396760d52357d6ad0528eab9e62277b430ce3277,396760d523,More graphql typing,other,TypeScript,Elliot DeNolf,2020-12-09 09:35:08-05:00,9,2,0,0,8,8,2,0,4,1.5,0,clean,TypeScript,2018-2020,1.0,,0.89,0.0,0.5,0
swc-project/swc,01b6a0a90fee6fd7639a54e1b29a3f0b71f58007,01b6a0a90f,Add `borrow_all()` to `SingleThreadedComments` (#1262)  Co-authored-by: 강동윤 <kdy1997.dev@gmail.com>,feature,Rust,David Sherret,2020-12-09 10:45:33+09:00,10,2,0,0,19,3,2,0,1,1.0,0,clean,TypeScript,2018-2020,1.0,,4.75,0.0,0.33,0
payloadcms/payload,8fd430819b37e5411f6ca6f84ced0424b29e952f,8fd430819b,add more graphql schema typing,feature,TypeScript,Elliot DeNolf,2020-12-09 11:02:37-05:00,11,2,0,0,55,28,3,0,43,1.23,0,clean,TypeScript,2018-2020,1.0,,1.9,0.0,0.31,0
swc-project/swc,8ba2ae959d0a44b368e26daf6a23657f83f3196c,8ba2ae959d,feat: specifier position in DependencyDescriptor (#1260)  Co-authored-by: 강동윤 <kdy1997.dev@gmail.com>,feature,Rust,Luca Casonato,2020-12-09 11:27:09+09:00,11,2,0,0,63,23,3,0,9,2.11,0,clean,TypeScript,2018-2020,1.0,,2.62,0.0,0.53,0
swc-project/swc,03f9b93f580f437267c1e324384f5ee9938ae2e9,03f9b93f58,"Fix bundler (#1247)  swc_bundler:  - Handle indirect wrapped es modules. (denoland/deno#8597, denoland/deno#8625)  - Respect `export { foo }`. (denoland/deno#8626)  swc_ecma_parser: - Allow `??=`",bugfix,TypeScript,강동윤,2020-12-09 14:23:44+09:00,14,2,0,0,761,87,24,3,19,4.47,0,clean,TypeScript,2018-2020,1.0,,8.65,0.12,0.18,0
swc-project/swc,261e2ec5ffeea3aef56f7da3be429d7d63d3db65,261e2ec5ff,feat(node-swc):Remove duplicate type and correct name (#1267),feature,TypeScript,Martin Feckie,2020-12-12 12:44:31+09:00,12,5,1,0,19,20,1,0,0,0.0,0,clean,TypeScript,2018-2020,1.0,,0.9,0.0,0.0,0
swc-project/swc,7a46c8844e1c084ebd78cd00665f96d306d831bd,7a46c8844e,Implement Spanned for TokenAndSpan (#1269)  Co-authored-by: 강동윤 <kdy1997.dev@gmail.com>,feature,Rust,David Sherret,2020-12-12 12:45:22+09:00,12,5,1,0,9,2,2,0,1,1.0,0,clean,TypeScript,2018-2020,1.0,,3.0,0.0,0.33,0
swc-project/swc,ccf4c2b12cf82f22c7d26d3c3e4581dc5a2ad320,ccf4c2b12c,"feat(fixer): Handle ?? properly (#1270)  swc_ecma_transforms:  -  Handle `??` properly. (denoland/deno#8722)",bugfix,Rust,강동윤,2020-12-12 17:45:54+09:00,17,5,1,0,13,1,2,0,1,12.0,0,clean,TypeScript,2018-2020,1.0,,6.5,0.0,4.0,0
payloadcms/payload,a95aada35a0454b29a15ef65607f94ef4c01d74e,a95aada35a,misc gql types,other,TypeScript,Elliot DeNolf,2020-12-12 22:50:43-05:00,22,5,1,1,6,1,2,0,3,2.0,0,clean,TypeScript,2018-2020,1.0,,3.0,0.0,0.67,0
swc-project/swc,25856f230c604868aea7a957ce5f29fe82d2c8b5,25856f230c,"feat(parser): Don't hang on unexpected inputs (#1274)  swc_ecma_parser:  - Don't hang on unexpected inputs. (#1272, denoland/deno#8719)",feature,Rust,강동윤,2020-12-14 16:37:11+09:00,16,0,0,0,89,4,11,1,5,1.0,0,clean,TypeScript,2018-2020,1.0,,17.8,0.08,0.08,0
swc-project/swc,bf69b477918f42861e1511f5d6b475a5d2637580,bf69b47791,"fix(ecmascript/parser): Fix span of `declare` decls. (#1282)  swc_ecma_parser:  - Include `declare` span. (#843)",bugfix,TypeScript,강동윤,2020-12-19 23:48:13+09:00,23,5,1,1,440,4,13,0,1,13.0,0,clean,TypeScript,2018-2020,1.0,,88.0,0.0,0.93,0
payloadcms/payload,ac92e1289bf5d5f6fc576e94746f89b49b13d168,ac92e1289b,further typing,other,TypeScript,James,2020-12-20 09:13:25-05:00,9,6,1,0,719,710,26,0,46,5.15,0,clean,TypeScript,2018-2020,1.0,,1.01,0.0,0.19,0
payloadcms/payload,ba6c1b943914b4598d5306b7e97ee427fa689bee,ba6c1b9439,progress to field typing,other,TypeScript,James,2020-12-20 11:11:35-05:00,11,6,1,0,187,305,40,0,22,2.55,0,clean,TypeScript,2018-2020,1.0,,0.61,0.0,0.06,0
payloadcms/payload,757c8647bf664d32d909e3cde9bf6164481ccbb3,757c8647bf,adds option type,feature,TypeScript,James,2020-12-20 11:36:24-05:00,11,6,1,0,69,112,9,0,7,2.71,0,clean,TypeScript,2018-2020,1.0,,0.61,0.0,0.27,0
payloadcms/payload,d38c6f8118fad0fa40d6d8110863bb23dce18cf2,d38c6f8118,buildSchema types and exclude tests from tsconfig,test,TypeScript,Elliot DeNolf,2020-12-20 11:42:36-05:00,11,6,1,0,24,22,2,0,35,1.54,0,clean,TypeScript,2018-2020,1.0,,1.04,0.0,0.51,0
payloadcms/payload,47e82cb069fa4173d4ac2325534af61f8e93d159,47e82cb069,lots of operation typing,other,TypeScript,Elliot DeNolf,2020-12-20 15:09:12-05:00,15,6,1,0,78,26,9,0,15,2.73,0,clean,TypeScript,2018-2020,1.0,,2.89,0.0,0.27,0
payloadcms/payload,4528586849276624cb02378192c451c1dd740e6b,4528586849,"typing progress, refactor Relationship",refactor,TypeScript,James,2020-12-20 15:17:33-05:00,15,6,1,0,486,577,24,0,31,4.06,0,clean,TypeScript,2018-2020,1.0,,0.84,0.0,0.16,0
payloadcms/payload,d29f6775a89be767df4a5dccd0f592742096448b,d29f6775a8,"streamlines Select, ReactSelect, Relationship",other,TypeScript,James,2020-12-20 17:19:38-05:00,17,6,1,0,121,197,8,0,14,4.07,0,clean,TypeScript,2018-2020,1.0,,0.61,0.0,0.45,0
swc-project/swc,0ead8dc403cd1ade73c50f39955323aea6d8349e,0ead8dc403,fix(ci): Fix ci (OOM & library api change) (#1284),bugfix,Rust,강동윤,2020-12-20 21:31:00+09:00,21,6,1,0,145,208,9,0,7,12.14,0,clean,TypeScript,2018-2020,1.0,,0.69,0.0,1.21,0
swc-project/swc,b760c7c9c7206dc4e59f58b929ad64f94c48f80c,b760c7c9c7,fix(ecmascript/codegen): TsQualifiedName has trailing dot (#1268)  Co-authored-by: 강동윤 <kdy1997.dev@gmail.com>,bugfix,Rust,Liam Murphy,2020-12-20 22:27:31+09:00,22,6,1,1,24,1,2,1,3,1.67,0,clean,TypeScript,2018-2020,1.0,,12.0,0.33,0.56,0
swc-project/swc,edf74fc1ec6543af5844c666187659700b68699e,edf74fc1ec,feat(wasm-web): Initialize,feature,Unknown,Maxime Guerreiro,2020-12-20 22:28:04+09:00,22,6,1,1,52,0,1,0,0,0.0,0,clean,TypeScript,2018-2020,1.0,,52.0,0.0,0.0,0
swc-project/swc,576fb6a532913f8b48ff67d66adc9b35fe8f945e,576fb6a532,"fix(ecmascript/lexer): Normalize \r\n and \r to \n in template literals (#1286)  swc_ecma_parser:  - Normalize \r\n and \r to \n in template literals.  Co-authored-by: 강동윤 <kdy1997.dev@gmail.com>",bugfix,JavaScript,Liam Murphy,2020-12-21 17:56:17+09:00,17,0,0,0,22,11,7,1,2,10.0,0,clean,TypeScript,2018-2020,1.0,,1.83,0.12,1.25,0
swc-project/swc,8a8db58f1c879a269fecfbcf08813f40b580ca0f,8a8db58f1c,"fix(ecmascript): Fix bugs related to string literals (#1287)  swc_ecma_ast:  - Add `Str.kind`.  swc_ecma_transforms:  - Fix quotes in template literals. (#1280)  swc_ecma_codegen:  - Fix escape",bugfix,Rust,강동윤,2020-12-22 04:27:18+09:00,4,1,0,1,1977,379,160,6,81,7.22,0,clean,TypeScript,2018-2020,1.0,,5.2,0.04,0.04,0
swc-project/swc,c2a99944cfa35c7f7b0cdaaf264c16d05d3d39ec,c2a99944cf,feat(ecmascript/parser): Add tests for binding patterns (#1289),feature,Rust,Boris,2020-12-22 14:12:33+09:00,14,1,0,0,372,1,4,0,15,4.0,0,clean,TypeScript,2018-2020,1.0,,186.0,0.0,0.8,0
swc-project/swc,b895c29909f2aed57a5460442d96f523afa4d6fe,b895c29909,Bump version of wasm,other,Unknown,강동윤,2020-12-22 15:39:44+09:00,15,1,0,0,1,1,1,0,0,0.0,0,clean,TypeScript,2018-2020,1.0,,0.5,0.0,0.0,0
swc-project/swc,dd977ff80c9f439169b115e995efa6c8e93bc47e,dd977ff80c,fix(ci): publish npm packages as public (#1277) (#1290),bugfix,Unknown,Maxime Guerreiro,2020-12-23 12:01:49+09:00,12,2,0,0,3,3,3,0,0,0.0,0,clean,TypeScript,2018-2020,1.0,,0.75,0.0,0.0,0
payloadcms/payload,d510961f6c21866740127713a7ed434d4ccaef7e,d510961f6c,ensures relationship fields can be cleared,other,TypeScript,James,2020-12-24 09:57:41-05:00,9,3,0,0,70,75,6,0,7,11.43,0,clean,TypeScript,2018-2020,1.0,,0.92,0.0,1.63,0
payloadcms/payload,be04310810e730d8a551b9d8e98b6ea69aa31a8d,be04310810,flattens dist folder,other,JavaScript,James,2020-12-24 10:28:41-05:00,10,3,0,0,24,33,12,0,1,2.0,0,clean,TypeScript,2018-2020,1.0,,0.71,0.0,0.15,0
payloadcms/payload,f86e90b0721be49414ab04571dbc735ce9ce8730,f86e90b072,revises Config type,other,TypeScript,James,2020-12-24 10:47:14-05:00,10,3,0,0,4,3,2,0,0,0.0,0,clean,TypeScript,2018-2020,1.0,,1.0,0.0,0.0,0
payloadcms/payload,b184b26a4e8f1c2d1757eecb3eb1af10ae33ff21,b184b26a4e,types RichText,other,TypeScript,James,2020-12-24 12:15:00-05:00,12,3,0,0,57,62,7,0,10,3.0,0,clean,TypeScript,2018-2020,1.0,,0.9,0.0,0.38,0
payloadcms/payload,087ac31533f5dc63eec953179d24904ca56c5316,087ac31533,removes _id from relationships,other,TypeScript,James,2020-12-24 12:24:58-05:00,12,3,0,0,1,0,1,0,1,4.0,0,clean,TypeScript,2018-2020,1.0,,1.0,0.0,2.0,0
payloadcms/payload,152799ecc786081eb3c84e0c455466b830b451fb,152799ecc7,finishes admin field typing,other,TypeScript,James,2020-12-26 12:23:08-05:00,12,5,1,0,76,169,17,0,11,4.0,0,clean,TypeScript,2018-2020,1.0,,0.45,0.0,0.22,0
payloadcms/payload,e2d370a41518c7e384c0449fd06d6aacbc92286e,e2d370a415,field typing changes due to useFieldType updates,other,TypeScript,James,2020-12-26 13:12:29-05:00,13,5,1,0,84,74,28,0,37,3.97,0,clean,TypeScript,2018-2020,1.0,,1.12,0.0,0.14,0
payloadcms/payload,569ce081746569367278def34b067eb84efe23ba,569ce08174,further types to admin,other,TypeScript,James,2020-12-26 14:51:07-05:00,14,5,1,0,229,455,56,1,42,3.81,0,clean,TypeScript,2018-2020,1.0,,0.5,0.02,0.07,0
payloadcms/payload,cf32ee460cd18edb9a2c88aad0db038fc4342aa9,cf32ee460c,lays operation type pattern,other,TypeScript,James,2020-12-26 16:25:58-05:00,16,5,1,0,201,209,50,1,28,2.5,0,clean,TypeScript,2018-2020,1.0,,0.96,0.02,0.05,0
swc-project/swc,066bb4e9c92371055f9752b7ff01aacf03f75048,066bb4e9c9,fix(ci): insert *_bg files in @swc/wasm-web (#1291) (#1293),bugfix,Unknown,Joel M,2020-12-26 20:04:42+09:00,20,5,1,0,4,0,1,0,0,0.0,0,clean,TypeScript,2018-2020,1.0,,4.0,0.0,0.0,0
payloadcms/payload,f6c0251a6c779dba6151ce9eac3fc28c0cf91937,f6c0251a6c,"types operations, GraphQL",other,TypeScript,James,2020-12-26 20:24:28-05:00,20,5,1,0,495,196,38,0,73,2.37,0,clean,TypeScript,2018-2020,1.0,,2.51,0.0,0.06,0
payloadcms/payload,3d08222c298dde7f20a9afb6da0059e8e8fd3c9f,3d08222c29,resolves remaining type errors,other,TypeScript,James,2020-12-26 21:04:41-05:00,21,5,1,0,106,25,7,0,17,6.88,0,clean,TypeScript,2018-2020,1.0,,4.08,0.0,0.86,0
payloadcms/payload,0124ae8812b70eb870526c8be72aad7ec30e6eed,0124ae8812,ensures returned documents from create / update do not include fallbacks,docs,Unknown,James,2020-12-26 21:13:07-05:00,21,5,1,0,2,2,2,0,2,7.5,0,clean,TypeScript,2018-2020,1.0,,0.67,0.0,2.5,0
payloadcms/payload,58788c327fc1ab0b50e411046d52fed518dcc66a,58788c327f,mobile improvements,other,Unknown,James,2020-12-27 11:02:53-05:00,11,6,1,0,112,80,10,0,2,12.5,0,clean,TypeScript,2018-2020,1.0,,1.38,0.0,1.14,0
payloadcms/payload,843d65f494ac5c55a0b1917ee87eaf6052cf4c40,843d65f494,removes PropTypes,other,TypeScript,James,2020-12-27 11:45:08-05:00,11,6,1,0,168,475,29,0,18,1.39,0,clean,TypeScript,2018-2020,1.0,,0.35,0.0,0.05,0
payloadcms/payload,dede06ad769168d56541389e02435b1a5e24e642,dede06ad76,"removes serverModules, removes publicENV and better structures webpack configs",other,TypeScript,James,2020-12-27 12:15:57-05:00,12,6,1,0,227,273,9,0,5,2.4,0,clean,TypeScript,2018-2020,1.0,,0.83,0.0,0.24,0
payloadcms/payload,c9616b01ac29e109ed6db3ab5be70a3e8aa9c799,c9616b01ac,removes old code,other,TypeScript,James,2020-12-27 12:19:43-05:00,12,6,1,0,0,8,2,0,0,0.0,0,clean,TypeScript,2018-2020,1.0,,0.0,0.0,0.0,0
payloadcms/payload,04cf39749b39466a5f2c284c63d8fe3e81403ab4,04cf39749b,upgrades dependencies,other,Unknown,James,2020-12-27 12:28:37-05:00,12,6,1,0,638,856,2,0,0,0.0,0,clean,TypeScript,2018-2020,1.0,,0.74,0.0,0.0,0
payloadcms/payload,238232cf51aac6799e581ce5d5569237d4689757,238232cf51,fixes hover states in read-only radio group,bugfix,Unknown,James,2020-12-27 12:38:05-05:00,12,6,1,0,4,1,1,0,0,0.0,0,clean,TypeScript,2018-2020,1.0,,2.0,0.0,0.0,0
payloadcms/payload,b6d2c95ee70c4c2aebce3fd7c55aa23c70deda7f,b6d2c95ee7,disables hover on read only DraggableSections,other,Unknown,James,2020-12-27 13:06:34-05:00,13,6,1,0,1,1,1,0,0,0.0,0,clean,TypeScript,2018-2020,1.0,,0.5,0.0,0.0,0
payloadcms/payload,b4fd2b1976ef8819d309fe49247ccf9b28b66d05,b4fd2b1976,adds default value to block field schema validation,feature,TypeScript,James,2020-12-27 13:06:53-05:00,13,6,1,0,10,275,3,1,3,1.67,0,clean,TypeScript,2018-2020,1.0,,0.04,0.25,0.42,0
payloadcms/payload,71ed0ad0ca820c2f3ef10fcad8e31608f88a21d4,71ed0ad0ca,migrates object-to-formdata,other,Unknown,James,2020-12-27 13:07:01-05:00,13,6,1,0,2,2,1,0,2,2.5,0,clean,TypeScript,2018-2020,1.0,,0.67,0.0,1.25,0
swc-project/swc,34249bbf47dfac31ded39d750a4eae24b6ba84c5,34249bbf47,feat(ecmascript/ast): Add EqIgnoreSpan and TypeEq (#1295),feature,Rust,강동윤,2020-12-27 13:11:44+09:00,13,6,1,0,724,218,21,0,10,2.6,0,clean,TypeScript,2018-2020,1.0,,3.31,0.0,0.12,0
payloadcms/payload,f5b9d32317d6c1d99962688466001875c610da8f,f5b9d32317,restricts ActionPanel to only show add button when max rows not met,feature,TypeScript,James,2020-12-27 13:13:37-05:00,13,6,1,0,65,50,6,0,4,3.0,0,clean,TypeScript,2018-2020,1.0,,1.27,0.0,0.43,0
swc-project/swc,b4de27b377ee5231258cfc0bb38bb36364f909a4,b4de27b377,Publish,other,Unknown,강동윤,2020-12-27 13:17:02+09:00,13,6,1,0,5,1,1,0,0,0.0,0,clean,TypeScript,2018-2020,1.0,,2.5,0.0,0.0,0
swc-project/swc,08c5d83d2029dd24a60d6d296bed81b6a40531ce,08c5d83d20,Bump version,other,Unknown,강동윤,2020-12-27 13:22:02+09:00,13,6,1,0,1,1,1,0,0,0.0,0,clean,TypeScript,2018-2020,1.0,,0.5,0.0,0.0,0
payloadcms/payload,15323a6b6dd4e91671f87581103e83ed94f59ac7,15323a6b6d,removes location state clear on route change,other,Unknown,James,2020-12-27 13:31:39-05:00,13,6,1,0,1,8,1,0,1,1.0,0,clean,TypeScript,2018-2020,1.0,,0.11,0.0,0.5,0
payloadcms/payload,4abcad67b798e82b05ffc6e834dae8863cb7837d,4abcad67b7,0.1.16,other,Unknown,James,2020-12-27 13:38:34-05:00,13,6,1,0,2,2,1,0,0,0.0,0,clean,TypeScript,2018-2020,1.0,,0.67,0.0,0.0,0
payloadcms/payload,b266ae1356f864b5a85e34216d658aee6c8f6d78,b266ae1356,remedies ts error in me collection,other,TypeScript,James,2020-12-27 13:42:57-05:00,13,6,1,0,4,4,3,0,0,0.0,0,clean,TypeScript,2018-2020,1.0,,0.8,0.0,0.0,0
payloadcms/payload,fe380bd9434149733f8c559fd8eb375a8c11f58d,fe380bd943,0.1.17,other,Unknown,James,2020-12-27 13:45:02-05:00,13,6,1,0,1,1,1,0,0,0.0,0,clean,TypeScript,2018-2020,1.0,,0.5,0.0,0.0,0
payloadcms/payload,62dea6d52a1fa3457f1c199ff7fde9d612f178ea,62dea6d52a,exposes additional types,feature,TypeScript,James,2020-12-27 14:03:29-05:00,14,6,1,0,3,0,1,0,0,0.0,0,clean,TypeScript,2018-2020,1.0,,3.0,0.0,0.0,0
payloadcms/payload,e2248a066d9154d53aa25ddb0aa22d1c6ad38766,e2248a066d,0.1.18,other,Unknown,James,2020-12-27 14:03:41-05:00,14,6,1,0,1,1,1,0,0,0.0,0,clean,TypeScript,2018-2020,1.0,,0.5,0.0,0.0,0
payloadcms/payload,5b8c721292140e4cd0ed55d13e97c1d4cd359c98,5b8c721292,"fix: copyfiles, autocomplete transition",bugfix,TypeScript,James,2020-12-27 14:34:36-05:00,14,6,1,0,13,11,4,0,2,12.0,0,clean,TypeScript,2018-2020,1.0,,1.08,0.0,2.4,0
payloadcms/payload,8571dc396591487d2a2854b9fe93f5338eb10659,8571dc3965,feat: flattens build into one command,feature,Unknown,James,2020-12-27 14:38:32-05:00,14,6,1,0,21,4,2,0,0,0.0,0,clean,TypeScript,2018-2020,1.0,,4.2,0.0,0.0,0
payloadcms/payload,9f1ebaf850a41b8cac281f5a9c273eccd04c0df5,9f1ebaf850,0.1.19,other,Unknown,James,2020-12-27 14:38:40-05:00,14,6,1,0,1,1,1,0,0,0.0,0,clean,TypeScript,2018-2020,1.0,,0.5,0.0,0.0,0
payloadcms/payload,6e83edc988e9284ec52164fc6399f45ab5851652,6e83edc988,fix: production webpack css,bugfix,TypeScript,James,2020-12-27 15:15:46-05:00,15,6,1,0,1,0,1,0,0,0.0,0,clean,TypeScript,2018-2020,1.0,,1.0,0.0,0.0,0
payloadcms/payload,a715a4206ed2cedc9b02b58339e44354c571fec5,a715a4206e,feat: improves scrolling UX in Edit views,feature,Unknown,James,2020-12-27 15:16:14-05:00,15,6,1,0,15,2,2,0,0,0.0,0,clean,TypeScript,2018-2020,1.0,,5.0,0.0,0.0,0
payloadcms/payload,0117f18eb1dd163143e18cd8061a4b96d41c411e,0117f18eb1,fix: removes unnecessary meta defaults in admin config,bugfix,TypeScript,James,2020-12-27 15:21:33-05:00,15,6,1,0,0,2,1,0,0,0.0,0,clean,TypeScript,2018-2020,1.0,,0.0,0.0,0.0,0
payloadcms/payload,604922a26e7aabde71b470c96ff1b27e0f7b6fc8,604922a26e,feat: improves edit scroll UX in Account and Globals,feature,Unknown,James,2020-12-27 15:21:53-05:00,15,6,1,0,9,2,2,0,0,0.0,0,clean,TypeScript,2018-2020,1.0,,3.0,0.0,0.0,0
payloadcms/payload,9037e6c64b710395ab3dcd65aecfe05d972f92da,9037e6c64b,0.1.20,other,Unknown,James,2020-12-27 15:22:02-05:00,15,6,1,0,1,1,1,0,0,0.0,0,clean,TypeScript,2018-2020,1.0,,0.5,0.0,0.0,0
payloadcms/payload,b1a15f6e33db1d9afc6ede989089993c91af5d3b,b1a15f6e33,0.1.121,other,Unknown,James,2020-12-27 15:22:52-05:00,15,6,1,0,1,1,1,0,0,0.0,0,clean,TypeScript,2018-2020,1.0,,0.5,0.0,0.0,0
swc-project/swc,6941f29943fb95a980ded584ead6dee2c630814f,6941f29943,"fix(swc): Fixes for typescript type checker (#1146)  swc_ecma_codegen:  - Fix codegen of `TsConstructorSignature`.  - Fix codegen of `TsIndexSignature`.  - Fix codegen of type parameters in arrow e",bugfix,Rust,강동윤,2020-12-27 18:18:30+09:00,18,6,1,0,113,44,13,1,13,12.46,0,clean,TypeScript,2018-2020,1.0,,2.51,0.07,0.89,0
swc-project/swc,b66ee58ee3a5c6a61d9e5bfa566eb66f9c0725fa,b66ee58ee3,"fix(bundler): Fix statement ordering issue (#1264)  swc_bundler:  - Reduce binary size by reducing usage of visitor / folders.  - Handle `export *` and `export { default }` from same source. (denola",bugfix,JavaScript,강동윤,2020-12-27 19:02:41+09:00,19,6,1,0,3081,2138,106,3,203,4.38,0,clean,TypeScript,2018-2020,1.0,,1.44,0.03,0.04,0
payloadcms/payload,db135129d84bab9df03516ebfa2b667acead3cc9,db135129d8,fix: improves field schema validation,bugfix,TypeScript,James,2020-12-27 21:01:39-05:00,21,6,1,0,11,4,1,0,0,0.0,0,clean,TypeScript,2018-2020,1.0,,2.2,0.0,0.0,0
payloadcms/payload,efe0b40aca4b88084c71f851604d08cae1d62a9a,efe0b40aca,feat: splits tsconfig between admin and server,feature,TypeScript,James,2020-12-27 21:02:20-05:00,21,6,1,0,26,6,4,0,2,2.5,0,clean,TypeScript,2018-2020,1.0,,3.71,0.0,0.5,0
payloadcms/payload,1f3e9b22f46aaa5df503eb94022a5f2fa5e69293,1f3e9b22f4,feat: initial commit,feature,JavaScript,Elliot DeNolf,2020-12-27 21:03:19-05:00,21,6,1,0,747,0,12,0,18,1.56,0,clean,TypeScript,2018-2020,1.0,,747.0,0.0,0.12,0
payloadcms/payload,fec718e9e523b1e92ca2dc216d99eef2dcbed83a,fec718e9e5,feat: sends config through babel/register,feature,TypeScript,James,2020-12-27 21:23:41-05:00,21,6,1,0,15,2,1,0,1,2.0,0,clean,TypeScript,2018-2020,1.0,,5.0,0.0,1.0,0
payloadcms/payload,1fff7374d43921d203b9b655ac64dbed3867ad2a,1fff7374d4,fix: safely accesses field permissions,bugfix,Unknown,James,2020-12-27 21:24:01-05:00,21,6,1,0,2,2,2,0,3,2.33,0,clean,TypeScript,2018-2020,1.0,,0.67,0.0,0.78,0
payloadcms/payload,72b5817276cac34dc3d17f0534ad020940e1289d,72b5817276,0.1.122,other,Unknown,James,2020-12-27 21:24:07-05:00,21,6,1,0,1,1,1,0,0,0.0,0,clean,TypeScript,2018-2020,1.0,,0.5,0.0,0.0,0
payloadcms/payload,55b44b41bf4781081102e6e7dc4dad141ec8a5b8,55b44b41bf,feat: add help message and README,feature,JavaScript,Elliot DeNolf,2020-12-27 21:25:14-05:00,21,6,1,0,44,6,3,0,1,4.0,0,clean,TypeScript,2018-2020,1.0,,6.29,0.0,1.0,0
payloadcms/payload,f064ff35f3d098c6d9f8ebc0ed21ff178c7a2699,f064ff35f3,fix: remove --name requirement,bugfix,JavaScript,Elliot DeNolf,2020-12-27 21:32:05-05:00,21,6,1,0,0,1,1,0,1,4.0,0,clean,TypeScript,2018-2020,1.0,,0.0,0.0,2.0,0
payloadcms/payload,ad25c86fdd5a4392c723591fd1d377636a1f7d9f,ad25c86fdd,chore: add package.json name,feature,Unknown,Elliot DeNolf,2020-12-27 21:32:19-05:00,21,6,1,0,1,0,1,0,0,0.0,0,clean,TypeScript,2018-2020,1.0,,1.0,0.0,0.0,0
payloadcms/payload,b8ad84c525e597e237caf05e00832ded30668a6b,b8ad84c525,fix: allows config validation to accept esmodules as components,bugfix,TypeScript,James,2020-12-27 21:47:09-05:00,21,6,1,0,42,33,9,0,3,1.0,0,clean,TypeScript,2018-2020,1.0,,1.24,0.0,0.1,0
payloadcms/payload,8bda6eaa762dff0027036d918155f4618740a84c,8bda6eaa76,fix: prod webpack publicPath,bugfix,TypeScript,James,2020-12-27 21:52:55-05:00,21,6,1,0,2,5,3,0,3,2.0,0,clean,TypeScript,2018-2020,1.0,,0.33,0.0,0.5,0
payloadcms/payload,15e6ee7dacdd4fe3cb2181ac589571eb155f1c2d,15e6ee7dac,0.1.123,other,Unknown,James,2020-12-27 21:53:03-05:00,21,6,1,0,1,1,1,0,0,0.0,0,clean,TypeScript,2018-2020,1.0,,0.5,0.0,0.0,0
payloadcms/payload,10bae6dab7bfadb7569b1d29c9513409b2739fbb,10bae6dab7,feat: better messaging and documentation links,feature,JavaScript,Elliot DeNolf,2020-12-27 23:00:38-05:00,23,6,1,1,111,21,8,0,9,2.22,0,clean,TypeScript,2018-2020,1.0,,5.05,0.0,0.25,0
payloadcms/payload,d45665f09223237866b4d1e25e7cf9435e86dfcb,d45665f092,feat: cross-platform symbols and success message formatting,feature,JavaScript,Elliot DeNolf,2020-12-27 23:29:08-05:00,23,6,1,1,21,10,4,0,4,1.0,0,clean,TypeScript,2018-2020,1.0,,1.91,0.0,0.2,0
payloadcms/payload,ef166cd70de3a3b137d66abf237a9ef01b7b3b7d,ef166cd70d,feat: write db uri and secret to .env file,feature,JavaScript,Elliot DeNolf,2020-12-28 02:54:16-05:00,2,0,0,1,118,8,8,0,10,2.0,0,clean,TypeScript,2018-2020,1.0,,13.11,0.0,0.22,0
payloadcms/payload,64cf32146ad75d8ce3e5f3e8e690391ac7884819,64cf32146a,fix: disable requiring default props in eslint,bugfix,JavaScript,James,2020-12-28 13:31:15-05:00,13,0,0,0,1,0,1,0,0,0.0,0,clean,TypeScript,2018-2020,1.0,,1.0,0.0,0.0,0
payloadcms/payload,8090b2a23bb6298fdd998d9a72c6f596e7473cb0,8090b2a23b,fix: disables inline sourcemaps for admin dist,bugfix,Unknown,James,2020-12-28 13:31:37-05:00,13,0,0,0,3,1,2,0,0,0.0,0,clean,TypeScript,2018-2020,1.0,,1.5,0.0,0.0,0
payloadcms/payload,24788b8282fe38acc20268a09a42e1f4d9f11cae,24788b8282,chore: centralizes express config options,other,TypeScript,James,2020-12-28 13:32:05-05:00,13,0,0,0,11,16,5,0,1,3.0,0,clean,TypeScript,2018-2020,1.0,,0.65,0.0,0.5,0
payloadcms/payload,4fbf8aa0bfa3cc817aab234a3694e2c4e638bf23,4fbf8aa0bf,chore: continues docs,docs,Unknown,James,2020-12-28 13:32:12-05:00,13,0,0,0,210,22,14,0,0,0.0,0,clean,TypeScript,2018-2020,1.0,,9.13,0.0,0.0,0
payloadcms/payload,2856e0213f04d8df245e76a1613e95aca2195206,2856e0213f,"docs: config, getting started, collections",docs,Unknown,James,2020-12-28 16:05:26-05:00,16,0,0,0,167,24,5,0,0,0.0,0,clean,TypeScript,2018-2020,1.0,,6.68,0.0,0.0,0
payloadcms/payload,4ed38575bfb76125e4665a258988478c52d1f7ec,4ed38575bf,feat: add --use-npm flag,feature,JavaScript,Elliot DeNolf,2020-12-28 16:15:31-05:00,16,0,0,0,16,9,4,0,6,3.0,0,clean,TypeScript,2018-2020,1.0,,1.6,0.0,0.6,0
payloadcms/payload,49d9836ab4436fc5ab41022a3906bdae6edee043,49d9836ab4,chore: remove unused dependencies,other,JavaScript,Elliot DeNolf,2020-12-28 16:16:55-05:00,16,0,0,0,0,6,3,0,0,0.0,0,clean,TypeScript,2018-2020,1.0,,0.0,0.0,0.0,0
payloadcms/payload,af4c6fb15a4c3ad8642f5ed937a121911de3e4a5,af4c6fb15a,"simplifies SectionTitle, addresses #471",feature,Unknown,Jarrod Flesch,2020-12-28 16:24:25-05:00,16,0,0,0,42,106,4,0,4,2.0,0,clean,TypeScript,2018-2020,1.0,,0.39,0.0,0.4,0
payloadcms/payload,d849367a12e61c0190d7206186051bf5f285811b,d849367a12,fixes fieldGutter #473,bugfix,Unknown,Jarrod Flesch,2020-12-28 17:17:32-05:00,17,0,0,0,4,6,2,0,0,0.0,1,keyword_strict,TypeScript,2018-2020,0.4,,0.57,0.0,0.0,0
payloadcms/payload,6df3b381effd9d58ca0b366dbac5b6b912bb781d,6df3b381ef,chore: better organizes collection preview,other,TypeScript,James,2020-12-28 17:20:29-05:00,17,0,0,0,15,28,7,0,5,6.8,0,clean,TypeScript,2018-2020,1.0,,0.52,0.0,0.85,0
payloadcms/payload,f65e91dc746b67e0eca6b7e35f32f925f1376546,f65e91dc74,docs: further stubs out access control,docs,Unknown,James,2020-12-28 17:20:40-05:00,17,0,0,0,17,0,1,0,0,0.0,0,clean,TypeScript,2018-2020,1.0,,17.0,0.0,0.0,0
payloadcms/payload,0c03c2e3af34657e3dde1c3f2b675840147f78ec,0c03c2e3af,fix: type issues that arose from reorganizing certain config props,bugfix,TypeScript,James,2020-12-28 17:36:43-05:00,17,0,0,0,5,5,5,0,6,5.83,0,clean,TypeScript,2018-2020,1.0,,0.83,0.0,0.97,0
payloadcms/payload,3248740f04e631ce289eadb5bf899824a8a478a2,3248740f04,docs: progress to collection config,docs,Unknown,James,2020-12-28 17:40:21-05:00,17,0,0,0,32,4,3,0,0,0.0,0,clean,TypeScript,2018-2020,1.0,,6.4,0.0,0.0,0
payloadcms/payload,3ce6a45121ef322215e5dfe4b29f776d126c60bb,3ce6a45121,chore: removes unknown key on date field schema,other,TypeScript,James,2020-12-28 17:40:42-05:00,17,0,0,0,4,1,1,0,0,0.0,0,clean,TypeScript,2018-2020,1.0,,2.0,0.0,0.0,0
swc-project/swc,ba13db54db5a3c412888490bec537b9f4a9d448a,ba13db54db,"fix(bundler): Fix remaining bugs (#1296)  swc_bundler:  -  Allow `export *` and `import` from same source. (denoland/deno#8828, denoland/deno#8725)  -  Handle contextual keywords. (denoland/deno#868",bugfix,TypeScript,강동윤,2020-12-28 19:53:40+09:00,19,0,0,0,357,65,34,0,30,4.03,0,clean,TypeScript,2018-2020,1.0,,5.41,0.0,0.12,0
payloadcms/payload,e2049b9564262b22834b289b88cd0e3a46e00538,e2049b9564,feat: add typescript template,feature,TypeScript,Elliot DeNolf,2020-12-28 20:29:38-05:00,20,0,0,0,97,1,6,0,6,1.5,0,clean,TypeScript,2018-2020,1.0,,48.5,0.0,0.21,0
payloadcms/payload,1fe8ae39cbacbdb6b746c732902dd2da6a13b107,1fe8ae39cb,feat: add nodemon to all templates,feature,Unknown,Elliot DeNolf,2020-12-28 20:43:13-05:00,20,0,0,0,18,2,4,0,0,0.0,0,clean,TypeScript,2018-2020,1.0,,6.0,0.0,0.0,0
payloadcms/payload,c04bde67256f34d82fe2d244897f8049cd680ccc,c04bde6725,feat: better header and messages,feature,JavaScript,Elliot DeNolf,2020-12-28 21:55:04-05:00,21,0,0,0,5,1,1,0,1,3.0,0,clean,TypeScript,2018-2020,1.0,,2.5,0.0,1.5,0
swc-project/swc,bc7ac45d8701a0783250ec720a9ae9dd10fb95b8,bc7ac45d87,"fix(bundler): Don't load dynamic imports (#1297)  swc_bundler:  - Do not load dynamically imported files.",bugfix,TypeScript,강동윤,2020-12-29 00:09:46+09:00,0,1,0,1,23,11,6,0,2,18.5,0,clean,TypeScript,2018-2020,1.0,,1.92,0.0,2.64,0
payloadcms/payload,85a765959bce06009023b8b6d7abdae5ae28646a,85a765959b,docs: collection and global configs,docs,Unknown,James,2020-12-29 08:09:14-05:00,8,1,0,0,131,34,8,0,0,0.0,0,clean,TypeScript,2018-2020,1.0,,3.74,0.0,0.0,0
payloadcms/payload,c84bcde0a1faab8358ea2eb9ac964da65a70da38,c84bcde0a1,docs: localization,docs,Unknown,James,2020-12-29 09:12:12-05:00,9,1,0,0,100,2,2,0,0,0.0,0,clean,TypeScript,2018-2020,1.0,,33.33,0.0,0.0,0
payloadcms/payload,544a4dbd3ab17e1c8c9ed864fe17b7359883d845,544a4dbd3a,feat: allows for adding custom CSS in addition to SCSS overrides,feature,TypeScript,James,2020-12-29 11:37:36-05:00,11,1,0,0,13,13,8,0,1,4.0,0,clean,TypeScript,2018-2020,1.0,,0.93,0.0,0.44,0
payloadcms/payload,d10954b7888e73ac8b70d844d2be8b2d0eaa0393,d10954b788,"docs: customizing scss, express, localization",docs,Unknown,James,2020-12-29 11:37:47-05:00,11,1,0,0,151,31,6,0,0,0.0,0,clean,TypeScript,2018-2020,1.0,,4.72,0.0,0.0,0
swc-project/swc,906390852836cb130e9eeec409cb4ec1e7fb82bd,9063908528,"feat(ecmascript/codegen): fix and use omit_trailing_semi (#1298)  swc_ecma_codegen: - Use omit_trailing_semi in 'assert_min' tests, to identify bugs. Before this,   no code was using this method - a",bugfix,Rust,Maxime Guerreiro,2020-12-29 11:56:38+09:00,11,1,0,0,197,162,10,1,57,2.56,0,clean,TypeScript,2018-2020,1.0,,1.21,0.09,0.23,0
payloadcms/payload,5100fd35dc796c5862ef9fd7261abdcba925b020,5100fd35dc,fix: updates typing on DatePicker component and joi schema,bugfix,TypeScript,Jarrod Flesch,2020-12-29 12:41:15-05:00,12,1,0,0,105,37,7,0,2,5.5,0,clean,TypeScript,2018-2020,1.0,,2.76,0.0,0.69,1
payloadcms/payload,e263a9c9d440f7ace9368858bc3a83217c96a111,e263a9c9d4,chore: removes blank line,other,TypeScript,Jarrod Flesch,2020-12-29 12:52:58-05:00,12,1,0,0,0,1,1,0,0,0.0,0,clean,TypeScript,2018-2020,1.0,,0.0,0.0,0.0,1
swc-project/swc,254efc4d5437be1a24a3d5c1ec3cefd07283fb2a,254efc4d54,Bump version,other,Unknown,강동윤,2020-12-29 13:04:20+09:00,13,1,0,0,1,1,1,0,0,0.0,0,clean,TypeScript,2018-2020,1.0,,0.5,0.0,0.0,0
payloadcms/payload,7274b1692d8f1b13c57b47daf715f4183f9ac109,7274b1692d,docs: adds customizing css and webpack,feature,Unknown,James,2020-12-29 13:17:02-05:00,13,1,0,0,162,9,4,0,0,0.0,0,clean,TypeScript,2018-2020,1.0,,16.2,0.0,0.0,0
payloadcms/payload,480bc0ad9daa9289188cb8b13d8aab39d902ac70,480bc0ad9d,chore: moves webpack customization to admin config,other,TypeScript,James,2020-12-29 13:28:48-05:00,13,1,0,0,29,10,7,0,1,1.0,0,clean,TypeScript,2018-2020,1.0,,2.64,0.0,0.12,0
payloadcms/payload,e614a6fc70a6a194e79a5d4d286d9a4373c8c9a3,e614a6fc70,docs: few fixes,bugfix,Unknown,James,2020-12-30 10:09:29-05:00,10,2,0,0,13,10,2,0,0,0.0,0,clean,TypeScript,2018-2020,1.0,,1.18,0.0,0.0,0
payloadcms/payload,84014001297519ce7f82f691fb2c4d1c525222f9,8401400129,fix: webpack config override,bugfix,TypeScript,Jarrod Flesch,2020-12-30 10:10:43-05:00,10,2,0,0,2,2,2,0,0,0.0,0,clean,TypeScript,2018-2020,1.0,,0.67,0.0,0.0,1
payloadcms/payload,0c6a08da7645e25ac363160da91ecff44b3ebfa8,0c6a08da76,chore: bumps config-provider,other,Unknown,James,2020-12-30 12:08:18-05:00,12,2,0,0,5,5,2,0,0,0.0,0,clean,TypeScript,2018-2020,1.0,,0.83,0.0,0.0,0
payloadcms/payload,e2413baf10aa99e0b320102245e4cb2f4938a401,e2413baf10,docs: stubs fields,docs,Unknown,James,2020-12-30 12:08:39-05:00,12,2,0,0,70,285,18,0,0,0.0,0,clean,TypeScript,2018-2020,1.0,,0.24,0.0,0.0,0
payloadcms/payload,5a45e60a73271364a591d82ea5effb5e259e188a,5a45e60a73,0.1.124,other,Unknown,James,2020-12-30 12:08:49-05:00,12,2,0,0,1,1,1,0,0,0.0,0,clean,TypeScript,2018-2020,1.0,,0.5,0.0,0.0,0
payloadcms/payload,e3c3516283a669a7f09d9269c54e0b845dd3b83f,e3c3516283,doc: adjusts concepts/depth,docs,Unknown,Jarrod Flesch,2020-12-30 12:12:19-05:00,12,2,0,0,33,16,1,0,0,0.0,0,clean,TypeScript,2018-2020,1.0,,1.94,0.0,0.0,1
payloadcms/payload,eeea06d6aaa84efdfb479baf1baad7bdf038d7cd,eeea06d6aa,fix: removes prod source maps,bugfix,TypeScript,James,2020-12-30 12:19:23-05:00,12,2,0,0,1,1,1,0,1,1.0,0,clean,TypeScript,2018-2020,1.0,,0.5,0.0,0.5,0
payloadcms/payload,a7603bcc6bf68a0a76d8ca1ebda593a33ceb53b7,a7603bcc6b,0.1.125,other,Unknown,James,2020-12-30 12:19:41-05:00,12,2,0,0,1,1,1,0,0,0.0,0,clean,TypeScript,2018-2020,1.0,,0.5,0.0,0.0,0
payloadcms/payload,f0a45281b530066489c7471b6e83ca2cfc5ea42b,f0a45281b5,merges with master,other,TypeScript,Jarrod Flesch,2020-12-30 13:29:51-05:00,13,2,0,0,77,292,21,0,1,1.0,0,clean,TypeScript,2018-2020,1.0,,0.26,0.0,0.05,1
payloadcms/payload,60c1d1d3d98ff729af4a691e73e751bd7eda90f8,60c1d1d3d9,doc: stubs out all fields so docs are not broken,docs,Unknown,Jarrod Flesch,2020-12-30 13:47:28-05:00,13,2,0,0,77,0,11,0,0,0.0,0,clean,TypeScript,2018-2020,1.0,,77.0,0.0,0.0,1
swc-project/swc,0c45a31f318b62d5a0c1790df3c78a6533e44513,0c45a31f31,"Upgrade to napi@1 (#1244)  node-swc:  - Support apple silicon.  - Support linux aarch64.  - Support linux armv7.  - Support android aarch64.  - Support yarn pnp.",other,Rust,LongYinan,2020-12-30 14:30:09+09:00,14,2,0,0,552,208,33,0,22,4.68,0,clean,TypeScript,2018-2020,1.0,,2.64,0.0,0.14,0
swc-project/swc,031d534332222e3a8aa4d40a8ebb19a2f3da46cf,031d534332,Bump version,other,Unknown,강동윤,2020-12-30 14:34:28+09:00,14,2,0,0,3,3,2,0,0,0.0,0,clean,TypeScript,2018-2020,1.0,,0.75,0.0,0.0,0
payloadcms/payload,36d51de201b27ef91f43f05992d980ad306ba9f3,36d51de201,fix: adds delete and unlock to joi baseField schema,bugfix,TypeScript,Jarrod Flesch,2020-12-30 14:59:54-05:00,14,2,0,0,2,0,1,0,0,0.0,0,clean,TypeScript,2018-2020,1.0,,2.0,0.0,0.0,1
payloadcms/payload,5823a864f926bc6441267a21277059a368410b92,5823a864f9,fix: lowecases joi like everywhere else in payload,bugfix,TypeScript,Jarrod Flesch,2020-12-30 15:30:34-05:00,15,2,0,0,8,8,1,0,0,0.0,0,clean,TypeScript,2018-2020,1.0,,0.89,0.0,0.0,1
payloadcms/payload,8cb80cecf80d3a5ea7792c09fef79666b445cb20,8cb80cecf8,chore: bumps payload config provider,other,Unknown,James,2020-12-30 15:50:32-05:00,15,2,0,0,5,5,2,0,0,0.0,0,clean,TypeScript,2018-2020,1.0,,0.83,0.0,0.0,0
payloadcms/payload,6b5ab50f71db8a3b32a6e538e0ac45c0455874a4,6b5ab50f71,0.1.126,other,Unknown,James,2020-12-30 15:50:50-05:00,15,2,0,0,1,1,1,0,0,0.0,0,clean,TypeScript,2018-2020,1.0,,0.5,0.0,0.0,0
payloadcms/payload,5e0ece5d7266145bcba6e639e2779fbfa2d90286,5e0ece5d72,removes delete and unlock from baseField type and schema,other,TypeScript,Jarrod Flesch,2020-12-30 17:40:06-05:00,17,2,0,0,0,4,2,0,0,0.0,0,clean,TypeScript,2018-2020,1.0,,0.0,0.0,0.0,1
payloadcms/payload,4fa942f3a02089c8320e483b896a59627c28f11e,4fa942f3a0,fix: removes delete and unlock from baseField type and schema,bugfix,TypeScript,Jarrod Flesch,2020-12-30 17:48:52-05:00,17,2,0,0,0,4,2,0,0,0.0,0,clean,TypeScript,2018-2020,1.0,,0.0,0.0,0.0,1
swc-project/swc,d638fc32cc9d5ed6a1e779ac6abea5381b98360c,d638fc32cc,Add tests to cover comments in regex pattern (#1303),feature,Rust,Boris,2020-12-30 23:13:26+09:00,23,2,0,1,40,0,1,1,4,1.0,0,clean,TypeScript,2018-2020,1.0,,40.0,0.5,0.5,0
swc-project/swc,895b431f7279457b38547ed75b7e27beb75a9a09,895b431f72,fix(ci): insert *_bg files in @swc/wasm-web (#1305),bugfix,Unknown,Maxime Guerreiro,2020-12-31 08:42:18+09:00,8,3,0,0,1,1,1,0,0,0.0,0,clean,TypeScript,2018-2020,1.0,,0.5,0.0,0.0,0
sequelize/sequelize,63ed8a9f94e52373839cc5e7eb3327b9dcb185dc,63ed8a9f94,docs: update typescript link to an existing documentation (#16587)  Co-authored-by: Rik Smale <13023439+WikiRik@users.noreply.github.com>,docs,Unknown,Vinícius Stein Dahmer,2023-10-01 07:57:27+00:00,7,6,1,0,0,2,1,0,0,0.0,0,clean,TypeScript,2021-2023,1.0,,0.0,0.0,0.0,0
sequelize/sequelize,2ce37547272cc6fd86206c4f2077a55e1dde4ebc,2ce3754727,meta: update dependency @types/node to v20.8.2 (#16592)  Co-authored-by: renovate[bot] <29139614+renovate[bot]@users.noreply.github.com>,other,Unknown,renovate[bot],2023-10-02 22:08:07+00:00,22,0,0,1,6,6,2,0,0,0.0,0,clean,TypeScript,2021-2023,1.0,,0.86,0.0,0.0,0
sequelize/sequelize,655bf01e553893e26a583270a48aae435abb6db5,655bf01e55,feat: migrate renameTable to typescript (#16577),feature,TypeScript,Luke Hart,2023-10-02 22:17:27+00:00,22,0,0,1,325,79,23,3,16,3.12,0,clean,TypeScript,2021-2023,1.0,,4.06,0.12,0.13,0
sequelize/sequelize,d292c55a8be0583c68c51b2bad8bc2d942008bc0,d292c55a8b,meta: update dependency @types/sinon to v10.0.18 (#16593)  Co-authored-by: renovate[bot] <29139614+renovate[bot]@users.noreply.github.com>,other,Unknown,renovate[bot],2023-10-02 22:40:51+00:00,22,0,0,1,6,6,2,0,0,0.0,0,clean,TypeScript,2021-2023,1.0,,0.86,0.0,0.0,0
sequelize/sequelize,ee104ba79df9c73ddb1aa2265ee6b3e6c9e6e3b9,ee104ba79d,docs: provide custom operators documentation link (#16596),docs,TypeScript,Vinícius Stein Dahmer,2023-10-03 06:28:38+00:00,6,1,0,0,1,2,1,0,1,4.0,0,clean,TypeScript,2021-2023,1.0,,0.33,0.0,2.0,0
sequelize/sequelize,0c4482b5260f38a437305913a849b8cbc8a84da8,0c4482b526,fix(db2): change SSL related keyword and value in connection-manager.ts (#16588),bugfix,TypeScript,Vatroslav Vrbanic,2023-10-03 06:29:22+00:00,6,1,0,0,1,1,1,0,1,2.0,0,clean,TypeScript,2021-2023,1.0,,0.5,0.0,1.0,0
sequelize/sequelize,69e989abe43232f222c3ee239cea55779a955af2,69e989abe4,meta: update yarn to v3.6.4 (#16599)  Co-authored-by: renovate[bot] <29139614+renovate[bot]@users.noreply.github.com>,other,Unknown,renovate[bot],2023-10-03 23:03:55+00:00,23,1,0,1,133,133,3,0,124,2.98,0,clean,TypeScript,2021-2023,1.0,,0.99,0.0,0.74,0
sequelize/sequelize,34f50eb3b5bfa8a5091e62828a8ec4fad12b63fa,34f50eb3b5,meta: update eslint rules for js (#16571),other,JavaScript,Luke Hart,2023-10-04 08:55:38+00:00,8,2,0,0,36,78,37,23,14,9.5,0,clean,TypeScript,2021-2023,1.0,,0.46,0.61,0.25,0
sequelize/sequelize,9c9764fe1dee56c305c14bbd53dfa714278fc806,9c9764fe1d,meta: update dependency nx to v16.10.0 (#16601)  Co-authored-by: renovate[bot] <29139614+renovate[bot]@users.noreply.github.com>,other,Unknown,renovate[bot],2023-10-05 02:21:26+00:00,2,3,0,1,81,81,2,0,0,0.0,0,clean,TypeScript,2021-2023,1.0,,0.99,0.0,0.0,0
sequelize/sequelize,397600c23272fb03e0ffc985b976657339e24629,397600c232,meta: update dependency sinon to v16.1.0 (#16604)  Co-authored-by: renovate[bot] <29139614+renovate[bot]@users.noreply.github.com>,other,Unknown,renovate[bot],2023-10-05 17:17:16+00:00,17,3,0,0,6,6,2,0,0,0.0,0,clean,TypeScript,2021-2023,1.0,,0.86,0.0,0.0,0
sequelize/sequelize,8df01674321cc343493c6ce6bee6897410d60093,8df0167432,meta: update dependency @types/sinon to v10.0.19 (#16610)  Co-authored-by: renovate[bot] <29139614+renovate[bot]@users.noreply.github.com>,other,Unknown,renovate[bot],2023-10-07 00:39:43+00:00,0,5,1,1,6,6,2,0,0,0.0,0,clean,TypeScript,2021-2023,1.0,,0.86,0.0,0.0,0
sequelize/sequelize,a6922496901735ec47c41e58396041d2a22be268,a692249690,meta: update dependency @types/uuid to v9.0.5 (#16611)  Co-authored-by: renovate[bot] <29139614+renovate[bot]@users.noreply.github.com>,other,Unknown,renovate[bot],2023-10-07 00:46:31+00:00,0,5,1,1,6,6,2,0,0,0.0,0,clean,TypeScript,2021-2023,1.0,,0.86,0.0,0.0,0
sequelize/sequelize,791c7f5f8c55d44cf014b57f0d3b5fff45172236,791c7f5f8c,meta: update dependency @types/node to v20.8.3 (#16609)  Co-authored-by: renovate[bot] <29139614+renovate[bot]@users.noreply.github.com>,other,Unknown,renovate[bot],2023-10-07 01:48:31+00:00,1,5,1,1,6,6,2,0,0,0.0,0,clean,TypeScript,2021-2023,1.0,,0.86,0.0,0.0,0
sequelize/sequelize,0aa1b26b536c6bd40795507c736d8fd6d638d8c5,0aa1b26b53,meta: update dependency typedoc to v0.25.2 (#16613)  Co-authored-by: renovate[bot] <29139614+renovate[bot]@users.noreply.github.com>,docs,Unknown,renovate[bot],2023-10-08 02:21:23+00:00,2,6,1,1,6,6,2,0,0,0.0,0,clean,TypeScript,2021-2023,1.0,,0.86,0.0,0.0,0
sequelize/sequelize,b3836b6ba6bde77926d9345f136cefce8841cd4e,b3836b6ba6,meta: update dependency eslint to v8.51.0 (#16608)  Co-authored-by: renovate[bot] <29139614+renovate[bot]@users.noreply.github.com>,other,Unknown,renovate[bot],2023-10-08 11:37:20+00:00,11,6,1,0,61,7,2,0,0,0.0,0,clean,TypeScript,2021-2023,1.0,,7.62,0.0,0.0,0
sequelize/sequelize,b6ad4d1897e53cb41dcfa565726930e9b20478db,b6ad4d1897,meta: update dependency @types/pg to v8.10.4 (#16616)  Co-authored-by: renovate[bot] <29139614+renovate[bot]@users.noreply.github.com>,other,Unknown,renovate[bot],2023-10-09 18:18:30+00:00,18,0,0,0,6,6,2,0,0,0.0,0,clean,TypeScript,2021-2023,1.0,,0.86,0.0,0.0,0
sequelize/sequelize,a5482a3df9723bfb131f8d6ba22717adb3fd29d6,a5482a3df9,meta: update sequelize AUTHORS (#16612)  Co-authored-by: SequelizeJS <mail@sequelizejs.com> Co-authored-by: Rik Smale <13023439+WikiRik@users.noreply.github.com>,other,Unknown,github-actions[bot],2023-10-09 18:30:22+00:00,18,0,0,0,2,0,1,0,0,0.0,0,clean,TypeScript,2021-2023,1.0,,2.0,0.0,0.0,0
sequelize/sequelize,5cb6f175f30a5749fa95524d9067450687a39281,5cb6f175f3,meta: update dependency @types/node to v20.8.4 (#16615)  Co-authored-by: renovate[bot] <29139614+renovate[bot]@users.noreply.github.com>,other,Unknown,renovate[bot],2023-10-09 18:36:34+00:00,18,0,0,0,15,6,2,0,0,0.0,0,clean,TypeScript,2021-2023,1.0,,2.14,0.0,0.0,0
sequelize/sequelize,399b4b3e19b126785bed07140e512b974a80390d,399b4b3e19,meta: update dependency @types/chai to v4.3.7 (#16617)  Co-authored-by: renovate[bot] <29139614+renovate[bot]@users.noreply.github.com>,other,Unknown,renovate[bot],2023-10-10 05:18:13+00:00,5,1,0,1,12,5,3,0,0,0.0,0,clean,TypeScript,2021-2023,1.0,,2.0,0.0,0.0,0
sequelize/sequelize,dd2aa1832fdaf5151977f9dacda01500cd97f277,dd2aa1832f,fix: updated constraint column order (#16614),bugfix,TypeScript,Luke Hart,2023-10-10 08:10:01+00:00,8,1,0,0,57,59,4,1,4,3.5,0,clean,TypeScript,2021-2023,1.0,,0.95,0.2,0.7,0
sequelize/sequelize,5f86a7376f0f75fb9f3d35e8c75f186c54e8dcea,5f86a7376f,meta: update dependency @types/pg to v8.10.5 (#16621)  Co-authored-by: renovate[bot] <29139614+renovate[bot]@users.noreply.github.com>,other,Unknown,renovate[bot],2023-10-10 21:50:01+00:00,21,1,0,0,6,6,2,0,0,0.0,0,clean,TypeScript,2021-2023,1.0,,0.86,0.0,0.0,0
sequelize/sequelize,b3f03aed681abe0d5e22a9628b083f59f6772305,b3f03aed68,meta: update dependency lerna to v7.3.1 (#16622)  Co-authored-by: renovate[bot] <29139614+renovate[bot]@users.noreply.github.com>,other,Unknown,renovate[bot],2023-10-10 22:37:37+00:00,22,1,0,1,17,17,2,0,0,0.0,0,clean,TypeScript,2021-2023,1.0,,0.94,0.0,0.0,0
sequelize/sequelize,0da447020f9ee748fd19c0746f7e1909b992c30b,0da447020f,meta: update dependency @types/chai to v4.3.8 (#16625)  Co-authored-by: renovate[bot] <29139614+renovate[bot]@users.noreply.github.com>,other,Unknown,renovate[bot],2023-10-12 13:34:33+00:00,13,3,0,0,8,8,3,0,0,0.0,0,clean,TypeScript,2021-2023,1.0,,0.89,0.0,0.0,0
sequelize/sequelize,b199c63753c5b904100eecd8b95298043ae5ee88,b199c63753,meta: update dependency @types/node to v20.8.5 (#16626)  Co-authored-by: renovate[bot] <29139614+renovate[bot]@users.noreply.github.com>,other,Unknown,renovate[bot],2023-10-13 08:52:30+00:00,8,4,0,0,6,6,2,0,0,0.0,0,clean,TypeScript,2021-2023,1.0,,0.86,0.0,0.0,0
sequelize/sequelize,f87ee702ba2241904e68b582d840e8b40d28ef43,f87ee702ba,meta: update dependency @types/validator to v13.11.3 (#16630)  Co-authored-by: renovate[bot] <29139614+renovate[bot]@users.noreply.github.com>,other,Unknown,renovate[bot],2023-10-13 15:55:22+00:00,15,4,0,0,3,3,1,0,0,0.0,0,clean,TypeScript,2021-2023,1.0,,0.75,0.0,0.0,0
sequelize/sequelize,f1f2ba048f1f51a0affb4f6ce41335da08acd3b3,f1f2ba048f,meta: update dependency @types/node to v20.8.6 (#16632)  Co-authored-by: renovate[bot] <29139614+renovate[bot]@users.noreply.github.com>,other,Unknown,renovate[bot],2023-10-14 01:42:56+00:00,1,5,1,1,6,6,2,0,0,0.0,0,clean,TypeScript,2021-2023,1.0,,0.86,0.0,0.0,0
sequelize/sequelize,d0ec10a48db037dd19b1c45c2615c531446c3c4d,d0ec10a48d,meta: update dependency lint-staged to v15 (#16633)  Co-authored-by: renovate[bot] <29139614+renovate[bot]@users.noreply.github.com>,other,Unknown,renovate[bot],2023-10-14 19:27:21+00:00,19,5,1,0,46,37,2,0,0,0.0,0,clean,TypeScript,2021-2023,1.0,,1.21,0.0,0.0,0
sequelize/sequelize,65a682dd9c1da53e6ee9761ed9c171d2b66fb822,65a682dd9c,meta: update dependency lint-staged to v15.0.1 (#16636)  Co-authored-by: renovate[bot] <29139614+renovate[bot]@users.noreply.github.com>,other,Unknown,renovate[bot],2023-10-15 16:29:47+00:00,16,6,1,0,6,6,2,0,0,0.0,0,clean,TypeScript,2021-2023,1.0,,0.86,0.0,0.0,0
sequelize/sequelize,5a4b53bd35de38aa0baf7d930762ab847e26ef3b,5a4b53bd35,meta: update dependency mysql2 to v3.6.2 (#16634)  Co-authored-by: renovate[bot] <29139614+renovate[bot]@users.noreply.github.com>,other,Unknown,renovate[bot],2023-10-15 21:17:54+00:00,21,6,1,0,6,6,2,0,0,0.0,0,clean,TypeScript,2021-2023,1.0,,0.86,0.0,0.0,0
sequelize/sequelize,43c9745532e0633e4c8dd6be4f26b51128cbbd83,43c9745532,meta: lock file maintenance (#16638)  Co-authored-by: renovate[bot] <29139614+renovate[bot]@users.noreply.github.com>,other,Unknown,renovate[bot],2023-10-16 18:33:08+00:00,18,0,0,0,757,1023,1,0,0,0.0,0,clean,TypeScript,2021-2023,1.0,,0.74,0.0,0.0,0
sequelize/sequelize,9c74baa810e7cc9e735519c34aa34b1345b00af9,9c74baa810,meta: update dependency mariadb to v3.2.2 (#16639)  Co-authored-by: renovate[bot] <29139614+renovate[bot]@users.noreply.github.com>,other,Unknown,renovate[bot],2023-10-16 23:30:04+00:00,23,0,0,1,6,6,2,0,0,0.0,0,clean,TypeScript,2021-2023,1.0,,0.86,0.0,0.0,0
sequelize/sequelize,ba2edd418daf37b5f33e1aa7c303c00e856c06ad,ba2edd418d,meta: update actions/checkout action to v4.1.1 (#16641)  Co-authored-by: renovate[bot] <29139614+renovate[bot]@users.noreply.github.com>,other,Unknown,renovate[bot],2023-10-17 18:41:23+00:00,18,1,0,0,11,11,2,0,0,0.0,0,clean,TypeScript,2021-2023,1.0,,0.92,0.0,0.0,0
sequelize/sequelize,1fcb4edd24ef9c6b55bd55722e0a245c1e8eade2,1fcb4edd24,meta: update dependency @types/chai-as-promised to v7.1.7 (#16645)  Co-authored-by: renovate[bot] <29139614+renovate[bot]@users.noreply.github.com>,other,Unknown,renovate[bot],2023-10-18 00:41:51+00:00,0,2,0,1,8,8,3,0,0,0.0,0,clean,TypeScript,2021-2023,1.0,,0.89,0.0,0.0,0
sequelize/sequelize,e79f5c54862a8c9c95279cc625aafaf4ace494d6,e79f5c5486,meta: update dependency @types/debug to v4.1.10 (#16647)  Co-authored-by: renovate[bot] <29139614+renovate[bot]@users.noreply.github.com>,bugfix,Unknown,renovate[bot],2023-10-18 02:07:51+00:00,2,2,0,1,3,3,1,0,0,0.0,0,clean,TypeScript,2021-2023,1.0,,0.75,0.0,0.0,0
sequelize/sequelize,b10741fc0928d5e4cbbd69261531966f1fc12503,b10741fc09,meta: update dependency @types/chai to v4.3.9 (#16644)  Co-authored-by: renovate[bot] <29139614+renovate[bot]@users.noreply.github.com>,other,Unknown,renovate[bot],2023-10-18 07:32:49+00:00,7,2,0,0,12,5,3,0,0,0.0,0,clean,TypeScript,2021-2023,1.0,,2.0,0.0,0.0,0
sequelize/sequelize,3f14950eac2a721be28ada1f9ad7642abc8083b8,3f14950eac,meta: update dependency @types/chai-datetime to v0.0.38 (#16646)  Co-authored-by: renovate[bot] <29139614+renovate[bot]@users.noreply.github.com>,other,Unknown,renovate[bot],2023-10-18 07:37:04+00:00,7,2,0,0,6,6,2,0,0,0.0,0,clean,TypeScript,2021-2023,1.0,,0.86,0.0,0.0,0
sequelize/sequelize,4ddd9f4ba85c030d63d2722c0f67f3e73d016a20,4ddd9f4ba8,meta: update dependency lerna to v7.4.0 (#16642)  Co-authored-by: renovate[bot] <29139614+renovate[bot]@users.noreply.github.com>,other,Unknown,renovate[bot],2023-10-18 07:37:07+00:00,7,2,0,0,17,17,2,0,0,0.0,0,clean,TypeScript,2021-2023,1.0,,0.94,0.0,0.0,0
sequelize/sequelize,4b54f9fac18976d0a50bb7755b69a91c5f119700,4b54f9fac1,meta: update dependency @types/ibm_db to v2.0.15 (#16648)  Co-authored-by: renovate[bot] <29139614+renovate[bot]@users.noreply.github.com>,other,Unknown,renovate[bot],2023-10-18 08:46:01+00:00,8,2,0,0,6,6,2,0,0,0.0,0,clean,TypeScript,2021-2023,1.0,,0.86,0.0,0.0,0
sequelize/sequelize,6ca05fc2afbfdc65f980d807a53f90cc2b547962,6ca05fc2af,meta: update dependency lerna to v7.4.1 (#16650)  Co-authored-by: renovate[bot] <29139614+renovate[bot]@users.noreply.github.com>,other,Unknown,renovate[bot],2023-10-18 09:02:03+00:00,9,2,0,0,17,17,2,0,0,0.0,0,clean,TypeScript,2021-2023,1.0,,0.94,0.0,0.0,0
sequelize/sequelize,7100d7a6487ee0a7e2188be9c1ab072882bb1a7b,7100d7a648,meta: update dependency @types/lodash to v4.14.200 (#16649)  Co-authored-by: renovate[bot] <29139614+renovate[bot]@users.noreply.github.com>,other,Unknown,renovate[bot],2023-10-18 09:59:57+00:00,9,2,0,0,6,6,2,0,0,0.0,0,clean,TypeScript,2021-2023,1.0,,0.86,0.0,0.0,0
sequelize/sequelize,5a0f8f6547fa9f75df6253bf440401d7b97467bf,5a0f8f6547,meta: update dependency @types/node to v20.8.7 (#16652)  Co-authored-by: renovate[bot] <29139614+renovate[bot]@users.noreply.github.com>,other,Unknown,renovate[bot],2023-10-18 11:13:08+00:00,11,2,0,0,12,3,2,0,0,0.0,0,clean,TypeScript,2021-2023,1.0,,3.0,0.0,0.0,0
sequelize/sequelize,6d2947e6d581cf4dce3ef581debcb515652fadbd,6d2947e6d5,meta: update dependency @types/pg to v8.10.6 (#16653)  Co-authored-by: renovate[bot] <29139614+renovate[bot]@users.noreply.github.com>,other,Unknown,renovate[bot],2023-10-18 12:13:01+00:00,12,2,0,0,6,6,2,0,0,0.0,0,clean,TypeScript,2021-2023,1.0,,0.86,0.0,0.0,0
sequelize/sequelize,46b3b6010dfffa26f81a20d70b5b86546b6b717b,46b3b6010d,meta: update dependency @types/mocha to v10.0.3 (#16651)  Co-authored-by: renovate[bot] <29139614+renovate[bot]@users.noreply.github.com>,other,Unknown,renovate[bot],2023-10-18 13:14:41+00:00,13,2,0,0,6,6,2,0,0,0.0,0,clean,TypeScript,2021-2023,1.0,,0.86,0.0,0.0,0
sequelize/sequelize,89511b40af31728e067d1b246255d52e056dbf4c,89511b40af,meta: update dependency tedious to v16.5.0 (#16654)  Co-authored-by: renovate[bot] <29139614+renovate[bot]@users.noreply.github.com>,other,Unknown,renovate[bot],2023-10-18 13:15:18+00:00,13,2,0,0,6,6,2,0,0,0.0,0,clean,TypeScript,2021-2023,1.0,,0.86,0.0,0.0,0
sequelize/sequelize,d7b6a578c2538e6438634d7029f21f2c6a72ced6,d7b6a578c2,meta: update dependency @types/sinon to v10.0.20 (#16656)  Co-authored-by: renovate[bot] <29139614+renovate[bot]@users.noreply.github.com>,other,Unknown,renovate[bot],2023-10-18 16:43:32+00:00,16,2,0,0,12,3,2,0,0,0.0,0,clean,TypeScript,2021-2023,1.0,,3.0,0.0,0.0,0
sequelize/sequelize,a5b3a4c70c9ff640cc584c770aa1e027a43b1583,a5b3a4c70c,meta: update dependency @types/sinon-chai to v3.2.11 (#16657)  Co-authored-by: renovate[bot] <29139614+renovate[bot]@users.noreply.github.com>,other,Unknown,renovate[bot],2023-10-18 17:41:50+00:00,17,2,0,0,6,6,2,0,0,0.0,0,clean,TypeScript,2021-2023,1.0,,0.86,0.0,0.0,0
sequelize/sequelize,ecbd65aa380087dcfedf8a9725d9184c53d3d659,ecbd65aa38,meta: update dependency @types/tedious to v4.0.13 (#16659)  Co-authored-by: renovate[bot] <29139614+renovate[bot]@users.noreply.github.com>,other,Unknown,renovate[bot],2023-10-18 17:51:59+00:00,17,2,0,0,6,6,2,0,0,0.0,0,clean,TypeScript,2021-2023,1.0,,0.86,0.0,0.0,0
sequelize/sequelize,cb60995c31c388cbecd2efb7d9110400064b483d,cb60995c31,meta: update dependency @types/validator to v13.11.4 (#16660)  Co-authored-by: renovate[bot] <29139614+renovate[bot]@users.noreply.github.com>,other,Unknown,renovate[bot],2023-10-18 19:07:45+00:00,19,2,0,0,3,3,1,0,0,0.0,0,clean,TypeScript,2021-2023,1.0,,0.75,0.0,0.0,0
sequelize/sequelize,d03d41d01e3f2c8e752db8a5103db4d1b7a44055,d03d41d01e,meta: update dependency sinon to v16.1.1 (#16661)  Co-authored-by: renovate[bot] <29139614+renovate[bot]@users.noreply.github.com>,other,Unknown,renovate[bot],2023-10-18 19:13:30+00:00,19,2,0,0,6,6,2,0,0,0.0,0,clean,TypeScript,2021-2023,1.0,,0.86,0.0,0.0,0
sequelize/sequelize,2fe70d14a682716d2534adfab43096cb079d3a00,2fe70d14a6,meta: update dependency @types/pg to v8.10.7 (#16662)  Co-authored-by: renovate[bot] <29139614+renovate[bot]@users.noreply.github.com>,other,Unknown,renovate[bot],2023-10-18 20:20:17+00:00,20,2,0,0,6,6,2,0,0,0.0,0,clean,TypeScript,2021-2023,1.0,,0.86,0.0,0.0,0
sequelize/sequelize,8aa878e10d97d1d7b259b5143c206b50eefae38c,8aa878e10d,meta: update dependency @types/snowflake-sdk to v1.6.15 (#16658)  Co-authored-by: renovate[bot] <29139614+renovate[bot]@users.noreply.github.com>,other,Unknown,renovate[bot],2023-10-18 20:38:46+00:00,20,2,0,0,6,6,2,0,0,0.0,0,clean,TypeScript,2021-2023,1.0,,0.86,0.0,0.0,0
sequelize/sequelize,7ca2ecfeaa8ac1245a39c068828b0c45cfdeecf6,7ca2ecfeaa,meta: update dependency @types/uuid to v9.0.6 (#16664)  Co-authored-by: renovate[bot] <29139614+renovate[bot]@users.noreply.github.com>,other,Unknown,renovate[bot],2023-10-18 20:56:24+00:00,20,2,0,0,6,6,2,0,0,0.0,0,clean,TypeScript,2021-2023,1.0,,0.86,0.0,0.0,0
sequelize/sequelize,d33fb688f72cac77ee2cf977cb4a7c313cc9029c,d33fb688f7,meta: update dependency @types/snowflake-sdk to v1.6.16 (#16666)  Co-authored-by: renovate[bot] <29139614+renovate[bot]@users.noreply.github.com>,other,Unknown,renovate[bot],2023-10-18 22:06:48+00:00,22,2,0,1,6,6,2,0,0,0.0,0,clean,TypeScript,2021-2023,1.0,,0.86,0.0,0.0,0
sequelize/sequelize,f7fc87c84c6c7156626276f565f326e441509968,f7fc87c84c,meta: update dependency concurrently to v8.2.2 (#16667)  Co-authored-by: renovate[bot] <29139614+renovate[bot]@users.noreply.github.com>,other,Unknown,renovate[bot],2023-10-19 04:23:57+00:00,4,3,0,1,6,6,2,0,0,0.0,0,clean,TypeScript,2021-2023,1.0,,0.86,0.0,0.0,0
sequelize/sequelize,ea9fda0ba67e6f47ef2a55bfa61758c14ba39129,ea9fda0ba6,meta: update dependency @types/semver to v7.5.4 (#16663)  Co-authored-by: renovate[bot] <29139614+renovate[bot]@users.noreply.github.com>,other,Unknown,renovate[bot],2023-10-19 05:19:12+00:00,5,3,0,1,10,3,2,0,0,0.0,0,clean,TypeScript,2021-2023,1.0,,2.5,0.0,0.0,0
sequelize/sequelize,b1100483ddaca36194c89302d6ff2f241d09eb18,b1100483dd,meta: update dependency @types/validator to v13.11.5 (#16665)  Co-authored-by: renovate[bot] <29139614+renovate[bot]@users.noreply.github.com>,other,Unknown,renovate[bot],2023-10-19 05:19:46+00:00,5,3,0,1,0,0,0,0,0,0.0,0,clean,TypeScript,2021-2023,1.0,,0.0,0.0,0.0,0
sequelize/sequelize,2b01eaa7964c166d616d8b9496269f19037ed6de,2b01eaa796,meta: update dependency @types/validator to v13.11.5 (#16668)  Co-authored-by: renovate[bot] <29139614+renovate[bot]@users.noreply.github.com>,other,Unknown,renovate[bot],2023-10-19 06:52:15+00:00,6,3,0,0,3,3,1,0,0,0.0,0,clean,TypeScript,2021-2023,1.0,,0.75,0.0,0.0,0
sequelize/sequelize,c5f140d9f839f55e116c9a240253b8ed4fbea5eb,c5f140d9f8,meta: update actions/checkout digest to b4ffde6 (#16670)  Co-authored-by: renovate[bot] <29139614+renovate[bot]@users.noreply.github.com>,other,Unknown,renovate[bot],2023-10-19 10:49:41+00:00,10,3,0,0,1,1,1,0,0,0.0,0,clean,TypeScript,2021-2023,1.0,,0.5,0.0,0.0,0
sequelize/sequelize,9de3bd0cbd2d1359d1d7ea75a7a296896f7f944a,9de3bd0cbd,meta: update dependency sinon to v16.1.3 (#16669)  Co-authored-by: renovate[bot] <29139614+renovate[bot]@users.noreply.github.com>,other,Unknown,renovate[bot],2023-10-19 11:09:02+00:00,11,3,0,0,6,6,2,0,0,0.0,0,clean,TypeScript,2021-2023,1.0,,0.86,0.0,0.0,0
sequelize/sequelize,d611a4842359e5bdc6a02feb8b283a7cdbd192c4,d611a48423,meta: update dependency lint-staged to v15.0.2 (#16671)  Co-authored-by: renovate[bot] <29139614+renovate[bot]@users.noreply.github.com>,other,Unknown,renovate[bot],2023-10-19 11:19:00+00:00,11,3,0,0,16,16,2,0,0,0.0,0,clean,TypeScript,2021-2023,1.0,,0.94,0.0,0.0,0
sequelize/sequelize,ec5ab5196e184bc918f03fdebaf7d8e5a4a53b8a,ec5ab5196e,meta: lock file maintenance (#16673)  Co-authored-by: renovate[bot] <29139614+renovate[bot]@users.noreply.github.com>,other,Unknown,renovate[bot],2023-10-20 04:41:47+00:00,4,4,0,1,380,399,1,0,0,0.0,0,clean,TypeScript,2021-2023,1.0,,0.95,0.0,0.0,0
sequelize/sequelize,c8473491a1e06bea2669aae9d14d0ff67f08d1fb,c8473491a1,meta: update dependency sinon to v17 (#16676)  Co-authored-by: renovate[bot] <29139614+renovate[bot]@users.noreply.github.com>,other,Unknown,renovate[bot],2023-10-22 07:02:29+00:00,7,6,1,0,22,13,2,0,0,0.0,0,clean,TypeScript,2021-2023,1.0,,1.57,0.0,0.0,0
sequelize/sequelize,dc29c22f236511759f6ca0e3e389da80d670bc30,dc29c22f23,meta: update dependency eslint to v8.52.0 (#16677)  Co-authored-by: renovate[bot] <29139614+renovate[bot]@users.noreply.github.com> Co-authored-by: Rik Smale <13023439+WikiRik@users.noreply.github.com,other,TypeScript,renovate[bot],2023-10-22 07:28:00+00:00,7,6,1,0,88,9,3,0,0,0.0,0,clean,TypeScript,2021-2023,1.0,,8.8,0.0,0.0,0
sequelize/sequelize,29e33aef1bf7d9882e8471ce5afa130333722921,29e33aef1b,meta: lock file maintenance (#16679)  Co-authored-by: renovate[bot] <29139614+renovate[bot]@users.noreply.github.com>,other,Unknown,renovate[bot],2023-10-23 02:27:11+00:00,2,0,0,1,397,460,1,0,0,0.0,0,clean,TypeScript,2021-2023,1.0,,0.86,0.0,0.0,0
sequelize/sequelize,77bc89ced2219c501e94267a86e29f749f37f32e,77bc89ced2,meta: lock file maintenance (#16680)  Co-authored-by: renovate[bot] <29139614+renovate[bot]@users.noreply.github.com>,other,Unknown,renovate[bot],2023-10-23 04:00:43+00:00,4,0,0,1,0,0,0,0,0,0.0,0,clean,TypeScript,2021-2023,1.0,,0.0,0.0,0.0,0
sequelize/sequelize,88bc579affd49371cb63c8ec2a98b2c4d46cac33,88bc579aff,meta: update actions/setup-node action to v3.8.2 (#16682)  Co-authored-by: renovate[bot] <29139614+renovate[bot]@users.noreply.github.com>,other,Unknown,renovate[bot],2023-10-23 15:58:51+00:00,15,0,0,0,10,10,1,0,0,0.0,0,clean,TypeScript,2021-2023,1.0,,0.91,0.0,0.0,0
sequelize/sequelize,740bcdb1e4ec2736594fa9eebb91a7bf3c95ebc8,740bcdb1e4,meta: update dependency @types/node to v20.8.8 (#16684)  Co-authored-by: renovate[bot] <29139614+renovate[bot]@users.noreply.github.com>,other,Unknown,renovate[bot],2023-10-24 05:32:47+00:00,5,1,0,1,12,3,2,0,0,0.0,0,clean,TypeScript,2021-2023,1.0,,3.0,0.0,0.0,0
sequelize/sequelize,cbecd5655f32b37e4df04e68d4af7104f8073ec5,cbecd5655f,meta: update yarn to v4 (#16678)  Co-authored-by: renovate[bot] <29139614+renovate[bot]@users.noreply.github.com> Co-authored-by: Rik Smale <13023439+WikiRik@users.noreply.github.com>,other,Unknown,renovate[bot],2023-10-24 07:05:35+00:00,7,1,0,0,5158,5182,7,0,374,4.24,0,clean,TypeScript,2021-2023,1.0,,1.0,0.0,0.53,0
sequelize/sequelize,de735dfc1b9be9eb28ff783edb92422402a82494,de735dfc1b,meta: update actions/setup-node action to v4 (#16683)  Co-authored-by: renovate[bot] <29139614+renovate[bot]@users.noreply.github.com>,other,Unknown,renovate[bot],2023-10-24 07:46:37+00:00,7,1,0,0,10,10,1,0,0,0.0,0,clean,TypeScript,2021-2023,1.0,,0.91,0.0,0.0,0
sequelize/sequelize,4a77d7fced16ad18cec4f9733f7b4bf74aacda8a,4a77d7fced,meta: update dependency @types/node to v20.8.9 (#16691)  Co-authored-by: renovate[bot] <29139614+renovate[bot]@users.noreply.github.com>,other,Unknown,renovate[bot],2023-10-25 20:35:56+00:00,20,2,0,0,14,7,2,0,0,0.0,0,clean,TypeScript,2021-2023,1.0,,1.75,0.0,0.0,0
sequelize/sequelize,61156c7617b60781b79318f83b3d9c60c92197d5,61156c7617,meta: update dependency node-gyp to v9.4.1 (#16697)  Co-authored-by: renovate[bot] <29139614+renovate[bot]@users.noreply.github.com>,other,Unknown,renovate[bot],2023-10-27 20:11:43+00:00,20,4,0,0,131,7,2,0,0,0.0,0,clean,TypeScript,2021-2023,1.0,,16.38,0.0,0.0,0
sequelize/sequelize,d13ee3bb8a08b4cfe416fb6dfd76154365302e15,d13ee3bb8a,meta: update yarn to v4.0.1 (#16699)  Co-authored-by: renovate[bot] <29139614+renovate[bot]@users.noreply.github.com>,other,Unknown,renovate[bot],2023-10-28 15:58:14+00:00,15,5,1,0,325,325,3,0,184,6.46,0,clean,TypeScript,2021-2023,1.0,,1.0,0.0,1.62,0
sequelize/sequelize,8a7ebf67b0e2c4503918312da9c082ad96570ca0,8a7ebf67b0,meta: update mysql docker tag to v8.2.0 (#16695)  Co-authored-by: renovate[bot] <29139614+renovate[bot]@users.noreply.github.com>,docs,Unknown,renovate[bot],2023-10-28 16:46:26+00:00,16,5,1,0,1,1,1,0,0,0.0,0,clean,TypeScript,2021-2023,1.0,,0.5,0.0,0.0,0
sequelize/sequelize,4b3c508179b5aefaf191576009ee2f10fa35e08e,4b3c508179,meta: update dependency node-gyp to v10 (#16700)  Co-authored-by: renovate[bot] <29139614+renovate[bot]@users.noreply.github.com>,other,Unknown,renovate[bot],2023-10-29 05:33:35+00:00,5,6,1,1,145,121,2,0,0,0.0,0,clean,TypeScript,2021-2023,1.0,,1.19,0.0,0.0,0
sequelize/sequelize,f35a9525d3e2c8a7cd43e6f16c7b3bc0e4826fbd,f35a9525d3,meta: update dependency tedious to v16.6.0 (#16701)  Co-authored-by: renovate[bot] <29139614+renovate[bot]@users.noreply.github.com>,other,Unknown,renovate[bot],2023-10-29 13:37:26+00:00,13,6,1,0,6,6,2,0,0,0.0,0,clean,TypeScript,2021-2023,1.0,,0.86,0.0,0.0,0
sequelize/sequelize,f3253b9f3045b0225b5a321cecffbd754e81fa48,f3253b9f30,meta: lock file maintenance (#16703)  Co-authored-by: renovate[bot] <29139614+renovate[bot]@users.noreply.github.com>,other,Unknown,renovate[bot],2023-10-30 02:34:09+00:00,2,0,0,1,273,157,1,0,0,0.0,0,clean,TypeScript,2021-2023,1.0,,1.73,0.0,0.0,0
sequelize/sequelize,cf141a91b12d936ef8aa484da12f91620841fc6e,cf141a91b1,meta: update dependency lerna to v7.4.2 (#16708)  Co-authored-by: renovate[bot] <29139614+renovate[bot]@users.noreply.github.com>,other,Unknown,renovate[bot],2023-10-31 11:12:32+00:00,11,1,0,0,22,22,2,0,0,0.0,0,clean,TypeScript,2021-2023,1.0,,0.96,0.0,0.0,0
sequelize/sequelize,f2885d7a35ccbe1ab1842a247c8504466eedf928,f2885d7a35,meta: update dependency @types/node to v20.8.10 (#16707)  Co-authored-by: renovate[bot] <29139614+renovate[bot]@users.noreply.github.com>,other,Unknown,renovate[bot],2023-10-31 11:24:10+00:00,11,1,0,0,12,3,2,0,0,0.0,0,clean,TypeScript,2021-2023,1.0,,3.0,0.0,0.0,0
refinedev/refine,1c4ffa01c77445bda38f0ca979d4f1b4935ef3e9,1c4ffa01c7,ci(changesets): next version packages (#5198)  Co-authored-by: github-actions[bot] <github-actions[bot]@users.noreply.github.com>,other,Unknown,Refine Community Bot,2023-11-01 12:20:17+00:00,12,2,0,0,544,402,226,0,0,0.0,0,clean,TypeScript,2021-2023,1.0,,1.35,0.0,0.0,0
refinedev/refine,15b35245f4ee06bad32c36b1d76f42bd5e6018c4,15b35245f4,chore: remove deployed changesets ci skip,other,Unknown,github-actions[bot],2023-11-01 13:33:13+00:00,13,2,0,0,0,159,13,0,0,0.0,0,clean,TypeScript,2021-2023,1.0,,0.0,0.0,0.0,0
refinedev/refine,540b386fd87f9c2be94ef7228ba1cfaa3052baf3,540b386fd8,chore: disable 15k video,other,Unknown,Ömer Faruk APLAK,2023-11-01 14:01:09+03:00,14,2,0,0,0,11,1,0,1,10.0,0,clean,TypeScript,2021-2023,1.0,,0.0,0.0,5.0,0
refinedev/refine,2fac0d109468fb8c2a6cb512356e62134ca71b0a,2fac0d1094,ci(changesets): version packages (#5206)  Co-authored-by: github-actions[bot] <github-actions[bot]@users.noreply.github.com>,other,Unknown,Refine Community Bot,2023-11-01 16:05:24+03:00,16,2,0,0,522,402,213,0,0,0.0,0,clean,TypeScript,2021-2023,1.0,,1.3,0.0,0.0,0
refinedev/refine,72f9f608f4205cf4f3266068326d029546cd9f88,72f9f608f4,"feat: update release flow to exclude next branch (#5208)  * feat: update announcements branch for cli and devtools  * feat: update README for all examples  * feat: update next references to master",feature,TypeScript,Batuhan Wilhelm,2023-11-01 16:52:42+03:00,16,2,0,0,1121,1292,320,0,2,3.5,0,clean,TypeScript,2021-2023,1.0,,0.87,0.0,0.01,0
refinedev/refine,8d360925a2946d36687bb977626d7e347b3986b0,8d360925a2,"chore: add bit post example (#5213)  * chore: add bit post example  * chore: update package json  * chore: update example package  * chore: update example import  * chore: update type",feature,TypeScript,Necati Özmen,2023-11-02 13:16:06+03:00,13,3,0,0,2331,28,40,0,43,4.33,0,clean,TypeScript,2021-2023,1.0,,80.38,0.0,0.11,0
refinedev/refine,b2c0ef5bfbd2183e91e77f2de95cf92f161eddaa,b2c0ef5bfb,chore: revert announcement,other,Unknown,Ömer Faruk APLAK,2023-11-02 13:53:11+03:00,13,3,0,0,17,151,3,0,6,1.17,0,clean,TypeScript,2021-2023,1.0,,0.11,0.0,0.29,0
sequelize/sequelize,83a65f895cc129d3f4f6489c4cd7fb0ee0a46717,83a65f895c,meta: update dependency sinon to v17.0.1 (#16713)  Co-authored-by: renovate[bot] <29139614+renovate[bot]@users.noreply.github.com>,other,Unknown,renovate[bot],2023-11-02 15:10:57+00:00,15,3,0,0,6,6,2,0,0,0.0,0,clean,TypeScript,2021-2023,1.0,,0.86,0.0,0.0,0
refinedev/refine,e1ecc8db9a26cafeac533b696bb3c9143bffdd56,e1ecc8db9a,chore: typo fix,bugfix,Unknown,Ömer Faruk APLAK,2023-11-02 15:50:13+03:00,15,3,0,0,1,6,1,0,1,1.0,0,clean,TypeScript,2021-2023,1.0,,0.14,0.0,0.5,0
refinedev/refine,0e406cee42f4816b0fcaf7d000c365562ae68e28,0e406cee42,ci(changesets): version packages (#5209)  Co-authored-by: github-actions[bot] <github-actions[bot]@users.noreply.github.com>,other,Unknown,Refine Community Bot,2023-11-02 18:35:37+03:00,18,3,0,0,488,457,225,0,0,0.0,0,clean,TypeScript,2021-2023,1.0,,1.07,0.0,0.0,0
sequelize/sequelize,db8031330525f3aae9f56e3da9a5ff304434323e,db80313305,meta: update dependency node-gyp to v10.0.1 (#16714)  Co-authored-by: renovate[bot] <29139614+renovate[bot]@users.noreply.github.com>,other,Unknown,renovate[bot],2023-11-02 19:02:55+00:00,19,3,0,0,26,6,2,0,0,0.0,0,clean,TypeScript,2021-2023,1.0,,3.71,0.0,0.0,0
sequelize/sequelize,4c19c65957c04007e2ac904f807323f79b9cc2a8,4c19c65957,meta: update dependency mysql2 to v3.6.3 (#16715)  Co-authored-by: renovate[bot] <29139614+renovate[bot]@users.noreply.github.com>,other,Unknown,renovate[bot],2023-11-03 05:14:09+00:00,5,4,0,1,6,6,2,0,0,0.0,0,clean,TypeScript,2021-2023,1.0,,0.86,0.0,0.0,0
sequelize/sequelize,766347db46d539204ff1ff2fe30a378394048982,766347db46,meta: update amannn/action-semantic-pull-request action to v5.4.0 (#16717)  Co-authored-by: renovate[bot] <29139614+renovate[bot]@users.noreply.github.com>,other,Unknown,renovate[bot],2023-11-03 11:42:07+00:00,11,4,0,0,1,1,1,0,0,0.0,0,clean,TypeScript,2021-2023,1.0,,0.5,0.0,0.0,0
sequelize/sequelize,58758ced693a34f6459890b88f475428c2de8324,58758ced69,meta: update dependency eslint to v8.53.0 (#16720)  Co-authored-by: renovate[bot] <29139614+renovate[bot]@users.noreply.github.com>,other,Unknown,renovate[bot],2023-11-04 02:45:17+00:00,2,5,1,1,80,8,2,0,0,0.0,0,clean,TypeScript,2021-2023,1.0,,8.89,0.0,0.0,0
refinedev/refine,b8c3b2d793ee23dddf57e8369249f1d871f81480,b8c3b2d793,"docs(blog): add imagepullof post (#5218)  * docs(blog): add k8s imagepullof  * chore: fix banner links  * docs(blog): update image alt",bugfix,Unknown,Necati Özmen,2023-11-04 15:51:47+03:00,15,5,1,0,213,4,3,0,2,5.0,0,clean,TypeScript,2021-2023,1.0,,42.6,0.0,1.25,0
refinedev/refine,4878dd643b2f2ac077838590c3dfcab3f1241cb3,4878dd643b,docs(blog): add kubectl port forward (#5219),feature,Unknown,Necati Özmen,2023-11-05 13:37:44+03:00,13,6,1,0,264,0,1,0,0,0.0,0,clean,TypeScript,2021-2023,1.0,,264.0,0.0,0.0,0
sequelize/sequelize,daa5ebc0520373957ded8961b9f29e5183a69b5f,daa5ebc052,meta: lock file maintenance (#16724)  Co-authored-by: renovate[bot] <29139614+renovate[bot]@users.noreply.github.com>,other,Unknown,renovate[bot],2023-11-06 02:11:39+00:00,2,0,0,1,112,211,1,0,0,0.0,0,clean,TypeScript,2021-2023,1.0,,0.53,0.0,0.0,0
sequelize/sequelize,4304abd0ff6a791b5c7a0c84d3da6cb22a703654,4304abd0ff,meta: update dependency fast-glob to v3.3.2 (#16725)  Co-authored-by: renovate[bot] <29139614+renovate[bot]@users.noreply.github.com>,other,Unknown,renovate[bot],2023-11-06 14:06:38+00:00,14,0,0,0,16,3,2,0,0,0.0,0,clean,TypeScript,2021-2023,1.0,,4.0,0.0,0.0,0
refinedev/refine,e6d5d8eecd0329f01a017a437276e9347e32aad5,e6d5d8eecd,chore: fix page title issue,bugfix,Unknown,Ömer Faruk APLAK,2023-11-06 14:15:18+03:00,14,0,0,0,4,4,1,0,1,1.0,0,clean,TypeScript,2021-2023,1.0,,0.8,0.0,0.5,0
refinedev/refine,121c29dc1c6ac9930f611acacf46a7724fd16e26,121c29dc1c,chore: typo fix,bugfix,JavaScript,Ömer Faruk APLAK,2023-11-06 15:02:24+03:00,15,0,0,0,1,75,4,0,5,2.2,0,clean,TypeScript,2021-2023,1.0,,0.01,0.0,0.44,0
refinedev/refine,962e6a4ba18a07027742453aba21e615458f3ec4,962e6a4ba1,chore: add appwrite tutorial app (#5223),feature,TypeScript,Necati Özmen,2023-11-06 15:39:21+03:00,15,0,0,0,711,0,23,0,14,1.79,0,clean,TypeScript,2021-2023,1.0,,711.0,0.0,0.07,0
refinedev/refine,f0563cfdde97046da07b0851ac7548fb2420b846,f0563cfdde,"chore: enable linter (#5210)  * chore: enable linter in CI  * chore: fix lint issues  * fix: remove conflicting eslint-plugin-prettier and update prettier to v3  * fix: hoisting issue  * chore",bugfix,Unknown,Batuhan Wilhelm,2023-11-06 16:51:01+03:00,16,0,0,0,26,208,16,2,0,0.0,0,clean,TypeScript,2021-2023,1.0,,0.12,0.12,0.0,0
sequelize/sequelize,6cdf2df1fda0d656181de5eb181a7f6839ce4c5a,6cdf2df1fd,meta: update dependency @types/pg to v8.10.8 (#16727)  Co-authored-by: renovate[bot] <29139614+renovate[bot]@users.noreply.github.com>,other,Unknown,renovate[bot],2023-11-06 18:51:24+00:00,18,0,0,0,6,6,2,0,0,0.0,0,clean,TypeScript,2021-2023,1.0,,0.86,0.0,0.0,0
sequelize/sequelize,d3dbbbc19545d05106980eda37c9bdd7ab57f5c3,d3dbbbc195,meta: tell renovate to use yarn dedupe (#16623),other,Unknown,Rik Smale,2023-11-06 21:53:03+00:00,21,0,0,0,2,1,1,0,0,0.0,0,clean,TypeScript,2021-2023,1.0,,1.0,0.0,0.0,0
sequelize/sequelize,e142aeb1ee8e6c83f95009d9530b872464e8970f,e142aeb1ee,meta: update dependency @types/chai-datetime to v0.0.39 (#16728)  Co-authored-by: renovate[bot] <29139614+renovate[bot]@users.noreply.github.com>,other,Unknown,renovate[bot],2023-11-07 00:48:19+00:00,0,1,0,1,7,20,2,0,0,0.0,0,clean,TypeScript,2021-2023,1.0,,0.33,0.0,0.0,0
sequelize/sequelize,82d26a1928e517ee2bafaa802e0c1e538e0d250b,82d26a1928,meta: update dependency @types/chai-as-promised to v7.1.8 (#16729)  Co-authored-by: renovate[bot] <29139614+renovate[bot]@users.noreply.github.com>,other,Unknown,renovate[bot],2023-11-07 01:45:56+00:00,1,1,0,1,8,8,3,0,0,0.0,0,clean,TypeScript,2021-2023,1.0,,0.89,0.0,0.0,0
sequelize/sequelize,d0a8c0a8e96807878883642801098f41119b0912,d0a8c0a8e9,meta: update dependency @types/debug to v4.1.11 (#16730)  Co-authored-by: renovate[bot] <29139614+renovate[bot]@users.noreply.github.com>,bugfix,Unknown,renovate[bot],2023-11-07 02:47:41+00:00,2,1,0,1,3,3,1,0,0,0.0,0,clean,TypeScript,2021-2023,1.0,,0.75,0.0,0.0,0
sequelize/sequelize,83475381996b54e299c5aec7f4e61ed177c67616,8347538199,meta: update dependency @types/sinon to v17 (#16721)  Co-authored-by: renovate[bot] <29139614+renovate[bot]@users.noreply.github.com>,other,Unknown,renovate[bot],2023-11-07 07:01:00+00:00,7,1,0,0,3,12,2,0,0,0.0,0,clean,TypeScript,2021-2023,1.0,,0.23,0.0,0.0,0
sequelize/sequelize,1adf43564b5cf03b4d7c79b89550660c9fadb844,1adf43564b,meta: update dependency nx to v17 (#16672)  Co-authored-by: renovate[bot] <29139614+renovate[bot]@users.noreply.github.com>,other,Unknown,renovate[bot],2023-11-07 07:52:18+00:00,7,1,0,0,170,3,2,0,0,0.0,0,clean,TypeScript,2021-2023,1.0,,42.5,0.0,0.0,0
sequelize/sequelize,a54ff808b822f1b1a1f699a5f0f60ff0b5ff37d2,a54ff808b8,meta: update dependency @types/ibm_db to v2.0.16 (#16732)  Co-authored-by: renovate[bot] <29139614+renovate[bot]@users.noreply.github.com>,other,Unknown,renovate[bot],2023-11-07 08:52:12+00:00,8,1,0,0,6,6,2,0,0,0.0,0,clean,TypeScript,2021-2023,1.0,,0.86,0.0,0.0,0
sequelize/sequelize,9bda7ca0afce7a9bcd60735a2c08adb32513aaf0,9bda7ca0af,meta: update dependency @types/mocha to v10.0.4 (#16733)  Co-authored-by: renovate[bot] <29139614+renovate[bot]@users.noreply.github.com>,other,Unknown,renovate[bot],2023-11-07 12:30:10+00:00,12,1,0,0,6,6,2,0,0,0.0,0,clean,TypeScript,2021-2023,1.0,,0.86,0.0,0.0,0
refinedev/refine,b46886af9fbf28be57263982fdeac62fa2613b7a,b46886af9f,docs(blog): add ts classes (#5227),feature,Unknown,Necati Özmen,2023-11-07 13:46:46+03:00,13,1,0,0,706,0,1,0,0,0.0,0,clean,TypeScript,2021-2023,1.0,,706.0,0.0,0.0,0
sequelize/sequelize,83b2ef897cdc7140c63fac823993bad2e80b33f7,83b2ef897c,meta: update dependency @types/chai to v4.3.10 (#16734)  Co-authored-by: renovate[bot] <29139614+renovate[bot]@users.noreply.github.com>,other,Unknown,renovate[bot],2023-11-07 20:29:50+00:00,20,1,0,0,8,8,3,0,0,0.0,0,clean,TypeScript,2021-2023,1.0,,0.89,0.0,0.0,0
sequelize/sequelize,d12f9ad452cca675296dbfe70d288b6667e4bfb0,d12f9ad452,meta: update dependency @types/sinon to v17.0.1 (#16735)  Co-authored-by: renovate[bot] <29139614+renovate[bot]@users.noreply.github.com>,other,Unknown,renovate[bot],2023-11-07 20:36:21+00:00,20,1,0,0,6,6,2,0,0,0.0,0,clean,TypeScript,2021-2023,1.0,,0.86,0.0,0.0,0
sequelize/sequelize,db19392dd41cd19cd4124a4b950fa4b5056b0dfb,db19392dd4,meta: update dependency @types/pg to v8.10.9 (#16737)  Co-authored-by: renovate[bot] <29139614+renovate[bot]@users.noreply.github.com>,other,Unknown,renovate[bot],2023-11-07 21:42:02+00:00,21,1,0,0,6,6,2,0,0,0.0,0,clean,TypeScript,2021-2023,1.0,,0.86,0.0,0.0,0
sequelize/sequelize,a220ebaf0e03a23ce85a2049c949b738163ed0a2,a220ebaf0e,meta: update dependency @types/lodash to v4.14.201 (#16736)  Co-authored-by: renovate[bot] <29139614+renovate[bot]@users.noreply.github.com>,other,Unknown,renovate[bot],2023-11-07 21:50:26+00:00,21,1,0,0,6,6,2,0,0,0.0,0,clean,TypeScript,2021-2023,1.0,,0.86,0.0,0.0,0
sequelize/sequelize,ea44b763a8197ca9d98c48b8f7e7ad7f73445f1d,ea44b763a8,meta: update dependency @types/semver to v7.5.5 (#16738)  Co-authored-by: renovate[bot] <29139614+renovate[bot]@users.noreply.github.com>,other,Unknown,renovate[bot],2023-11-07 22:53:02+00:00,22,1,0,1,6,6,2,0,0,0.0,0,clean,TypeScript,2021-2023,1.0,,0.86,0.0,0.0,0
sequelize/sequelize,0d1737a10a06892e3b46d964812af6355073d964,0d1737a10a,meta: update dependency @types/sinon-chai to v3.2.12 (#16739)  Co-authored-by: renovate[bot] <29139614+renovate[bot]@users.noreply.github.com>,other,Unknown,renovate[bot],2023-11-07 23:43:47+00:00,23,1,0,1,6,6,2,0,0,0.0,0,clean,TypeScript,2021-2023,1.0,,0.86,0.0,0.0,0
sequelize/sequelize,58e60fb905f8def6ccbec55f37965c1876239946,58e60fb905,meta: update dependency @types/tedious to v4.0.14 (#16741)  Co-authored-by: renovate[bot] <29139614+renovate[bot]@users.noreply.github.com>,other,Unknown,renovate[bot],2023-11-07 23:56:20+00:00,23,1,0,1,6,6,2,0,0,0.0,0,clean,TypeScript,2021-2023,1.0,,0.86,0.0,0.0,0
sequelize/sequelize,a1958d77b2f95f3bf7e5e72fd648648dbd4e99d9,a1958d77b2,meta: update dependency @types/snowflake-sdk to v1.6.17 (#16740)  Co-authored-by: renovate[bot] <29139614+renovate[bot]@users.noreply.github.com>,other,Unknown,renovate[bot],2023-11-08 01:03:43+00:00,1,2,0,1,6,6,2,0,0,0.0,0,clean,TypeScript,2021-2023,1.0,,0.86,0.0,0.0,0
sequelize/sequelize,c0a19eecee47bc8b084f5b22e918a8ff8bb82940,c0a19eecee,meta: update dependency @types/uuid to v9.0.7 (#16742)  Co-authored-by: renovate[bot] <29139614+renovate[bot]@users.noreply.github.com>,other,Unknown,renovate[bot],2023-11-08 01:09:26+00:00,1,2,0,1,6,6,2,0,0,0.0,0,clean,TypeScript,2021-2023,1.0,,0.86,0.0,0.0,0
sequelize/sequelize,3c2705c00e5648b4d3b0838322bbdf935d2ab6be,3c2705c00e,meta: update dependency @types/validator to v13.11.6 (#16743)  Co-authored-by: renovate[bot] <29139614+renovate[bot]@users.noreply.github.com>,other,Unknown,renovate[bot],2023-11-08 01:17:51+00:00,1,2,0,1,3,3,1,0,0,0.0,0,clean,TypeScript,2021-2023,1.0,,0.75,0.0,0.0,0
sequelize/sequelize,79af7ae8d16dca7612d4007626ebfc0294b69c7d,79af7ae8d1,meta: update dependency @types/node to v20.9.0 (#16744)  Co-authored-by: renovate[bot] <29139614+renovate[bot]@users.noreply.github.com>,other,Unknown,renovate[bot],2023-11-08 02:26:02+00:00,2,2,0,1,6,6,2,0,0,0.0,0,clean,TypeScript,2021-2023,1.0,,0.86,0.0,0.0,0
refinedev/refine,a2b5eefd7a82c002d9f4d6e979223004f3d6285c,a2b5eefd7a,chore: fix typo,bugfix,Unknown,Ömer Faruk APLAK,2023-11-08 10:33:37+03:00,10,2,0,0,3,3,3,0,0,0.0,0,clean,TypeScript,2021-2023,1.0,,0.75,0.0,0.0,0
sequelize/sequelize,2108336c879a64ee9243eacda715298d2302f20f,2108336c87,meta: update dependency @types/debug to v4.1.12 (#16746)  Co-authored-by: renovate[bot] <29139614+renovate[bot]@users.noreply.github.com>,bugfix,Unknown,renovate[bot],2023-11-09 03:40:28+00:00,3,3,0,1,3,3,1,0,0,0.0,0,clean,TypeScript,2021-2023,1.0,,0.75,0.0,0.0,0
refinedev/refine,e399d3b3c708ae65c980f9a6eb7254753107f040,e399d3b3c7,docs(blog): add react error post (#5236),feature,Unknown,Necati Özmen,2023-11-09 14:27:14+03:00,14,3,0,0,368,0,2,0,0,0.0,0,clean,TypeScript,2021-2023,1.0,,368.0,0.0,0.0,0
refinedev/refine,815447f5932a8b7346d0a6915bda5df274a032fd,815447f593,"docs: landing page redesign (#5226)  * feat(docs): new landing  * feat(docs): add section cta button  * feat(docs): add new icons  * [new-landing]: add start faster section (#5203)  * feat(doc",bugfix,TypeScript,Ali Emir Şen,2023-11-09 14:27:48+03:00,14,3,0,0,9731,1674,134,0,185,1.95,0,clean,TypeScript,2021-2023,1.0,,5.81,0.0,0.01,0
refinedev/refine,d4acc165ff47c79e66a0f66909ce85b7414f3420,d4acc165ff,fix(docs): update community stats (#5237),bugfix,TypeScript,Alican Erdurmaz,2023-11-09 15:02:24+03:00,15,3,0,0,12,13,5,0,3,1.33,0,clean,TypeScript,2021-2023,1.0,,0.86,0.0,0.22,0
refinedev/refine,13e72d22c32423f56e76f19124dc9daa285bc83e,13e72d22c3,docs(landing): hero light mode fixes,bugfix,JavaScript,Ali Emir Şen,2023-11-09 15:23:14+03:00,15,3,0,0,28,12,6,0,4,4.75,0,clean,TypeScript,2021-2023,1.0,,2.15,0.0,0.68,0
refinedev/refine,e3db4b43bc4c1eb99d72c12730b8455b064b9286,e3db4b43bc,docs(landing): add okta icon,feature,JavaScript,Ali Emir Şen,2023-11-09 16:57:31+03:00,16,3,0,0,44,5,4,0,2,7.5,0,clean,TypeScript,2021-2023,1.0,,7.33,0.0,1.5,0
sequelize/sequelize,28d44184f987d0174f482196e3cbdec8f75c3824,28d44184f9,meta: update dependency nx to v17.1.1 (#16748)  Co-authored-by: renovate[bot] <29139614+renovate[bot]@users.noreply.github.com>,other,Unknown,renovate[bot],2023-11-09 18:58:45+00:00,18,3,0,0,52,52,2,0,0,0.0,0,clean,TypeScript,2021-2023,1.0,,0.98,0.0,0.0,0
sequelize/sequelize,3f3a02c2933f940ca042c96017d0036403b2dad9,3f3a02c293,meta: update dependency eslint-plugin-jsdoc to v46.9.0 (#16749)  Co-authored-by: renovate[bot] <29139614+renovate[bot]@users.noreply.github.com>,docs,Unknown,renovate[bot],2023-11-10 04:20:11+00:00,4,4,0,1,17,17,2,0,0,0.0,0,clean,TypeScript,2021-2023,1.0,,0.94,0.0,0.0,0
refinedev/refine,05b5f63897e1c73bb85b980ccdc73a086cf7bcee,05b5f63897,docs(landing): update hero animation,docs,JavaScript,Ali Emir Şen,2023-11-10 13:12:49+03:00,13,4,0,0,71,21,3,0,1,1.0,0,clean,TypeScript,2021-2023,1.0,,3.23,0.0,0.25,0
refinedev/refine,24370fe1732be768da48696841b99cbb0a28763f,24370fe173,fix: remove redundant return statement after try-catch block (#5240),bugfix,Unknown,Bruno Görresen Mello,2023-11-10 13:58:38+03:00,13,4,0,0,0,10,1,0,0,0.0,0,clean,TypeScript,2021-2023,1.0,,0.0,0.0,0.0,0
refinedev/refine,79137f231f585acb9bfbf864ee9a040c0638c2d9,79137f231f,"feat(docs): add testimonials (#5238)  * feat(docs): add testimonials  * feat(docs): update images",feature,Unknown,Alican Erdurmaz,2023-11-10 14:01:48+03:00,14,4,0,0,296,1,3,1,4,1.75,0,clean,TypeScript,2021-2023,1.0,,148.0,0.25,0.44,0
refinedev/refine,b4141ebca76f84102085563f255ad8f0c9cd980c,b4141ebca7,docs(landing): update enterprise section,docs,TypeScript,Ali Emir Şen,2023-11-10 14:02:06+03:00,14,4,0,0,419,79,8,0,8,1.0,0,clean,TypeScript,2021-2023,1.0,,5.24,0.0,0.11,0
refinedev/refine,d31ff1425584209304a8b20359221c7f41cab8e3,d31ff14255,docs(landing): add tailwindcss icon,feature,TypeScript,Ali Emir Şen,2023-11-10 14:02:06+03:00,14,4,0,0,41,19,3,0,2,2.5,0,clean,TypeScript,2021-2023,1.0,,2.05,0.0,0.62,0
refinedev/refine,840345adae78bb82449f91ed47627072a65330a5,840345adae,docs: fix code block paddings,bugfix,Unknown,Ali Emir Şen,2023-11-10 14:12:01+03:00,14,4,0,0,6,7,1,0,1,14.0,0,clean,TypeScript,2021-2023,1.0,,0.75,0.0,7.0,0
refinedev/refine,eb9365da5397a00a1b3319b17df16c72527b9a6f,eb9365da53,"feat(docs): add favicon (#5241)  * feat(docs): add tailwind icon  * feat(docs): update favicon  for custom themes  * revert(docs): add tailwind icon",feature,Unknown,Alican Erdurmaz,2023-11-10 14:54:51+03:00,14,4,0,0,5,10,1,0,0,0.0,0,clean,TypeScript,2021-2023,1.0,,0.45,0.0,0.0,0
refinedev/refine,b2fbfbf81825073decd1e344a309106174dbd421,b2fbfbf818,"Docs/update testimonial links (#5242)  * feat(docs): add link to avatar section on testimonial card  * feat(docs): update show more testimonial icon",feature,Unknown,Alican Erdurmaz,2023-11-10 15:18:14+03:00,15,4,0,0,74,11,4,1,6,1.83,0,clean,TypeScript,2021-2023,1.0,,6.17,0.2,0.37,0
refinedev/refine,023ddaf0035d0e23c84b89b27aae2371ef95fc66,023ddaf003,chore: update social image,other,JavaScript,Ömer Faruk APLAK,2023-11-10 15:31:00+03:00,15,4,0,0,87,87,46,0,0,0.0,0,clean,TypeScript,2021-2023,1.0,,0.99,0.0,0.0,0
refinedev/refine,98eb282e1e6f7fcdb33d0bce0257cd9e61a4d6ed,98eb282e1e,chore: fix typo,bugfix,Unknown,Ömer Faruk APLAK,2023-11-10 15:32:36+03:00,15,4,0,0,2,2,1,1,0,0.0,0,clean,TypeScript,2021-2023,1.0,,0.67,0.5,0.0,0
refinedev/refine,8bbdd21aaa20c5ea55e0da39cfde8b494fa67f1d,8bbdd21aaa,feat(docs): update testimonial links (#5243),feature,Unknown,Alican Erdurmaz,2023-11-10 16:30:05+03:00,16,4,0,0,3,3,1,1,1,5.0,0,clean,TypeScript,2021-2023,1.0,,0.75,0.5,2.5,0
refinedev/refine,a98e96556f644dce4b8363a2ef91103ae89c1c92,a98e96556f,feat(docs): update favicon (#5244),feature,Unknown,Alican Erdurmaz,2023-11-10 16:30:30+03:00,16,4,0,0,4,3,1,0,0,0.0,0,clean,TypeScript,2021-2023,1.0,,1.0,0.0,0.0,0
refinedev/refine,45cacb917eac71466f8490e8d041999c861b6c59,45cacb917e,chore: typoe fix,bugfix,Unknown,Ömer Faruk APLAK,2023-11-10 16:38:50+03:00,16,4,0,0,1,1,1,1,0,0.0,0,clean,TypeScript,2021-2023,1.0,,0.5,0.5,0.0,0
refinedev/refine,2f0fa0968238f3c6058346b4f153016dd6eaa51a,2f0fa09682,chore: reorder components,other,Unknown,Ömer Faruk APLAK,2023-11-10 16:51:13+03:00,16,4,0,0,1,1,1,0,1,1.0,0,clean,TypeScript,2021-2023,1.0,,0.5,0.0,0.5,0
refinedev/refine,207b980846cb3be1468e7421daf5c879661a8fa2,207b980846,docs(blog): add mantine ui (#5246),feature,Unknown,Necati Özmen,2023-11-11 16:09:17+03:00,16,5,1,0,670,0,1,0,0,0.0,0,clean,TypeScript,2021-2023,1.0,,670.0,0.0,0.0,0
sequelize/sequelize,b171d7e0fc5d72a8e4c7e12d9f10b40ed68e06c4,b171d7e0fc,meta: update dependency lint-staged to v15.1.0 (#16753)  Co-authored-by: renovate[bot] <29139614+renovate[bot]@users.noreply.github.com>,other,Unknown,renovate[bot],2023-11-11 20:52:31+00:00,20,5,1,0,11,11,2,0,0,0.0,0,clean,TypeScript,2021-2023,1.0,,0.92,0.0,0.0,0
sequelize/sequelize,3da97b3af3eab2ef7350e6da45100e9394ae4491,3da97b3af3,meta: lock file maintenance (#16754)  Co-authored-by: renovate[bot] <29139614+renovate[bot]@users.noreply.github.com>,other,Unknown,renovate[bot],2023-11-13 00:37:06+00:00,0,0,0,1,376,373,1,0,0,0.0,0,clean,TypeScript,2021-2023,1.0,,1.01,0.0,0.0,0
refinedev/refine,0ae928921114edf296e5354cc7e3b0c43ce22f1a,0ae9289211,docs(landing): use dark as default color mode,docs,JavaScript,Ali Emir Şen,2023-11-13 09:42:40+03:00,9,0,0,0,1,0,1,0,0,0.0,0,clean,TypeScript,2021-2023,1.0,,1.0,0.0,0.0,0
refinedev/refine,d0a0710d953b9a9c36d5fa0169557235d1a724c0,d0a0710d95,docs: prefer dark mode by default,docs,JavaScript,Ali Emir Şen,2023-11-13 10:03:33+03:00,10,0,0,0,0,1,1,0,0,0.0,0,clean,TypeScript,2021-2023,1.0,,0.0,0.0,0.0,0
refinedev/refine,e29a3d37064500710dfa588ed5ca9074b93512c5,e29a3d3706,chore(devtools-ui): remove halloween ghosts (#5248),other,Unknown,Ali Emir Şen,2023-11-13 13:53:34+03:00,13,0,0,0,7,154,3,0,3,2.33,0,clean,TypeScript,2021-2023,1.0,,0.05,0.0,0.58,0
refinedev/refine,fa74264284d2d3e8bff51301a592068be70193e4,fa74264284,"feat(create-refine-app): intro animation (#5250)  * feat(create-refine-app): add a greeting cow  * chore: add changeset  * chore(create-refine-app): update superplate version  * chore: update ch",feature,TypeScript,Ali Emir Şen,2023-11-13 15:33:31+03:00,15,0,0,0,36,2,5,0,3,4.0,0,clean,TypeScript,2021-2023,1.0,,12.0,0.0,0.67,0
refinedev/refine,44f62de0f531b09cea695b20dad7b5434816fe05,44f62de0f5,ci(changesets): version packages (#5249)  Co-authored-by: github-actions[bot] <github-actions[bot]@users.noreply.github.com>,other,Unknown,Refine Community Bot,2023-11-13 15:59:58+03:00,15,0,0,0,258,235,219,0,0,0.0,0,clean,TypeScript,2021-2023,1.0,,1.09,0.0,0.0,0
refinedev/refine,24e23678753fd91076c6c1006da80528112ebca4,24e2367875,"docs(blog): add kubectl describe pod (#5252)  * docs(blog): add kubectl describe pod  * chore: minor edit on appwrite app example",feature,Unknown,Necati Özmen,2023-11-13 18:26:40+03:00,18,0,0,0,170,10,2,0,1,1.0,0,clean,TypeScript,2021-2023,1.0,,15.45,0.0,0.33,0
sequelize/sequelize,d5a84cd4b22a392c4bc0a73d34e92a51e6ea6a53,d5a84cd4b2,meta: update dependency nx to v17.1.2 (#16757)  Co-authored-by: renovate[bot] <29139614+renovate[bot]@users.noreply.github.com>,other,Unknown,renovate[bot],2023-11-13 19:08:06+00:00,19,0,0,0,52,52,2,0,0,0.0,0,clean,TypeScript,2021-2023,1.0,,0.98,0.0,0.0,0
sequelize/sequelize,3ed52a9aa69776b4343fab89da30a06827e1f09b,3ed52a9aa6,meta: update actions/github-script action to v7 (#16758)  Co-authored-by: renovate[bot] <29139614+renovate[bot]@users.noreply.github.com>,other,Unknown,renovate[bot],2023-11-13 21:52:05+00:00,21,0,0,0,1,1,1,0,0,0.0,0,clean,TypeScript,2021-2023,1.0,,0.5,0.0,0.0,0
refinedev/refine,1b9ec58f4fd0e4aa3e422a5e056265d959c725ca,1b9ec58f4f,feat: add gtag event for banner modal (#5255),feature,Unknown,Batuhan Wilhelm,2023-11-14 12:32:22+03:00,12,1,0,0,14,0,1,0,2,6.5,0,clean,TypeScript,2021-2023,1.0,,14.0,0.0,3.25,0
refinedev/refine,f7e396bdd05c003823bf97eab4c2c40f35f1ec9a,f7e396bdd0,chore(create-refine-app): update greeting (#5254),other,TypeScript,Ali Emir Şen,2023-11-14 12:35:49+03:00,12,1,0,0,13,3,4,0,1,1.0,0,clean,TypeScript,2021-2023,1.0,,3.25,0.0,0.2,0
sequelize/sequelize,e21c9ab3958e77bc41f7f23efd5308fced05756c,e21c9ab395,meta: update yarn to v4.0.2 (#16759)  Co-authored-by: renovate[bot] <29139614+renovate[bot]@users.noreply.github.com>,other,Unknown,renovate[bot],2023-11-14 12:46:22+00:00,12,1,0,0,337,337,3,0,160,5.43,0,clean,TypeScript,2021-2023,1.0,,1.0,0.0,1.36,0
refinedev/refine,7158664d5dd77beca52c4e2d7cdf7071e898e420,7158664d5d,"chore: update blog banners (#5256)  * chore: update blog banner position  * chore: remove blog banners  * chore: update banner texts",other,JavaScript,Omer Aplak,2023-11-14 13:04:49+03:00,13,1,0,0,33,765,151,1,4,3.25,0,clean,TypeScript,2021-2023,1.0,,0.04,0.01,0.02,0
refinedev/refine,c35fdda7c6176d885bdd9302b1cbf4651b4a3327,c35fdda7c6,"chore: update GitHub support banner text (#5257)  * chore: update GitHub support banner text  * chore: typo fix  * chore: remove unused classname",bugfix,Unknown,Omer Aplak,2023-11-14 13:54:50+03:00,13,1,0,0,20,8,2,0,1,1.0,0,clean,TypeScript,2021-2023,1.0,,2.22,0.0,0.33,0
refinedev/refine,eac3df87ffbf61c913a6c8ea584e1d8c61e8d82e,eac3df87ff,"feat(core): add `<AutoSaveIndicator />` component (#5259)  * feat(core): add `<AutoSaveIndicator />` component  * chore(auto-save-indicator): extend core's `<AutoSaveIndicator />` component in ui in",feature,TypeScript,Ali Emir Şen,2023-11-14 13:57:03+03:00,13,1,0,0,350,95,11,1,15,2.0,0,clean,TypeScript,2021-2023,1.0,,3.65,0.08,0.17,0
refinedev/refine,0b5bb09bc2f143ce0ef04f885e05d22e2fbea6b9,0b5bb09bc2,ci(changesets): version packages (#5258)  Co-authored-by: github-actions[bot] <github-actions[bot]@users.noreply.github.com>,other,Unknown,Refine Community Bot,2023-11-14 14:32:06+03:00,14,1,0,0,432,418,224,0,0,0.0,0,clean,TypeScript,2021-2023,1.0,,1.03,0.0,0.0,0
refinedev/refine,e2dd82666712f1fe067d9f4bcf2c82ff5e5aab40,e2dd826667,"refactor(app-crm-minimal): minimal crm from next to vite (#5251)  * refactor(app-crm-minimal): next to vite  * refactor(app-crm-minimal): use antd list instead of custom css  * feat(app-crm-minima",bugfix,TypeScript,Alican Erdurmaz,2023-11-14 15:04:52+03:00,15,1,0,0,825,1003,84,0,67,1.78,0,clean,TypeScript,2021-2023,1.0,,0.82,0.0,0.02,0
refinedev/refine,0825ae4a15545dedc0a98c66b46015af250995ec,0825ae4a15,chore: update README,docs,Unknown,Ömer Faruk APLAK,2023-11-14 15:24:28+03:00,15,1,0,0,0,8,4,0,0,0.0,0,clean,TypeScript,2021-2023,1.0,,0.0,0.0,0.0,0
swc-project/swc,aa36a53c42f4d587bb5eff7b0036a9648bb9e14c,aa36a53c42,chore: Publish crates,other,Unknown,SWC Bot,2023-11-14 16:01:17+00:00,16,1,0,0,238,244,41,0,0,0.0,0,clean,TypeScript,2021-2023,1.0,,0.97,0.0,0.0,0
swc-project/swc,65c3d0e3f4ec4b447e6d36f31eb40bdafdf65db7,65c3d0e3f4,feat(es/minifier): Swap bin expr to save paren (#8277),feature,JavaScript,Austaras,2023-11-14 16:45:24+00:00,16,1,0,0,87,81,19,0,58,443.0,0,clean,TypeScript,2021-2023,1.0,,1.06,0.0,22.15,0
swc-project/swc,2f6af92232953cc357850f5c0a5418d5219b6137,2f6af92232,chore: Publish crates,other,Unknown,SWC Bot,2023-11-14 16:47:24+00:00,16,1,0,0,48,45,15,0,0,0.0,0,clean,TypeScript,2021-2023,1.0,,1.04,0.0,0.0,0
swc-project/swc,1ccfc0762cdc2895d013e7730eda24d81ce53501,1ccfc0762c,"fix(es/minifier): Respect `pure_funcs` for tagged tpls (#8280)  **Related issue:**   - Closes #8275.",bugfix,JavaScript,Donny/강동윤,2023-11-14 19:59:15+00:00,19,1,0,0,115,24,5,0,7,17.57,0,clean,TypeScript,2021-2023,1.0,,4.6,0.0,2.93,0
swc-project/swc,5fed604276db5aae8807ed862012e0efa039e4b5,5fed604276,chore: Publish crates,other,Unknown,SWC Bot,2023-11-14 20:02:17+00:00,20,1,0,0,47,50,15,0,0,0.0,0,clean,TypeScript,2021-2023,1.0,,0.92,0.0,0.0,0
swc-project/swc,f059270348a7ee26ee8ed2d185ba71d166f43e14,f059270348,feat(es/minifier): Support `format.inline_script` (#8252),feature,Rust,bohan,2023-11-14 21:37:05+00:00,21,1,0,0,151,3,4,0,6,3.5,0,clean,TypeScript,2021-2023,1.0,,37.75,0.0,0.7,0
swc-project/swc,f86c12b0b4def4b444f24c66925dee60f1ddf6d8,f86c12b0b4,chore: Publish crates,other,Unknown,SWC Bot,2023-11-14 21:39:03+00:00,21,1,0,0,209,214,38,0,0,0.0,0,clean,TypeScript,2021-2023,1.0,,0.97,0.0,0.0,0
swc-project/swc,b8c887f8ced461ac95ae53112684bfcf51bf9de6,b8c887f8ce,chore: Publish 1.3.98-nightly-20231115.1,other,Unknown,SWC Bot,2023-11-15 00:07:00+00:00,0,2,0,1,82,82,8,0,0,0.0,0,clean,TypeScript,2021-2023,1.0,,0.99,0.0,0.0,0
swc-project/swc,73fec945b5b64845308ab03bea639b53e4ff021e,73fec945b5,"fix(es/minifier): Make `Finalizer` inline literals (#8285)  **Related issue:**   - Closes #8284",bugfix,Rust,Austaras,2023-11-15 01:07:37+00:00,1,2,0,1,67,0,5,0,12,3.83,0,clean,TypeScript,2021-2023,1.0,,67.0,0.0,0.64,0
swc-project/swc,3bbd340205ca71a9bc3741d4de38194c54b7b911,3bbd340205,chore: Publish crates,other,Unknown,SWC Bot,2023-11-15 01:09:49+00:00,1,2,0,1,47,44,15,0,0,0.0,0,clean,TypeScript,2021-2023,1.0,,1.04,0.0,0.0,0
refinedev/refine,58ffd2ef79a6fc520c14635dcc67baccf02de89a,58ffd2ef79,"fix(documentation): fix x logo color on blog post share (#5261)  * fix(documentation): fix x logo color on blog post share  * fix(documentation): fix x logo size",bugfix,JavaScript,Alican Erdurmaz,2023-11-15 09:01:44+03:00,9,2,0,0,4,1,2,0,1,3.0,0,clean,TypeScript,2021-2023,1.0,,2.0,0.0,1.0,0
refinedev/refine,5ae003ad40bfb3df2c25c6c0d2094489fe26d04e,5ae003ad40,"feat(examples) add auto login  (#5260)  * feat(finefoods-material-ui): add auto login  * feat(finefoods-antd): add auto login  * feat(app-crm): add auto login",feature,TypeScript,Alican Erdurmaz,2023-11-15 09:02:38+03:00,9,2,0,0,195,3,13,0,23,1.7,0,clean,TypeScript,2021-2023,1.0,,48.75,0.0,0.12,0
refinedev/refine,e24812f8acee925be784cbcfb965ba8fc1de5d76,e24812f8ac,"docs: clarify imports for useTable core examples (#5253)  * docs: clarify imports for useTable core examples  * docs: add missing semicolons in useTable core",feature,Unknown,James Thesken,2023-11-15 09:18:48+03:00,9,2,0,0,32,1,1,0,0,0.0,0,clean,TypeScript,2021-2023,1.0,,16.0,0.0,0.0,0
refinedev/refine,e53630a4473f93fb8b43305c805d80c3a4478cbd,e53630a447,chore: update banner-image-with-text,other,Unknown,Ömer Faruk APLAK,2023-11-15 11:26:10+03:00,11,2,0,0,1,1,1,0,1,12.0,0,clean,TypeScript,2021-2023,1.0,,0.5,0.0,6.0,0
refinedev/refine,78ab39222b814601f03fe1a0e6ea9888229708a9,78ab39222b,chore: update banner text,other,Unknown,Ömer Faruk APLAK,2023-11-15 11:52:01+03:00,11,2,0,0,1,1,1,0,0,0.0,0,clean,TypeScript,2021-2023,1.0,,0.5,0.0,0.0,0
refinedev/refine,bd25306a1344a9488696b79ddbf3e9ec52b85df1,bd25306a13,"fix(documentation): fix banner overflow (#5262)  * fix(documentation): fix banner overflow  * fix(documentation): text-size",bugfix,Unknown,Alican Erdurmaz,2023-11-15 12:44:01+03:00,12,2,0,0,17,10,1,0,1,12.0,0,clean,TypeScript,2021-2023,1.0,,1.55,0.0,6.0,0
refinedev/refine,55127aee51279da4ffcdc759420a289c5b48bff5,55127aee51,feat(docs): add clarity (#5263),feature,JavaScript,Alican Erdurmaz,2023-11-15 15:03:17+03:00,15,2,0,0,61,0,3,0,4,1.0,0,clean,TypeScript,2021-2023,1.0,,61.0,0.0,0.25,0
refinedev/refine,316722f54af11baa02a54034f4fb9288df1e44db,316722f54a,docs(landing): fix testimonials in safari,bugfix,Unknown,Ali Emir Şen,2023-11-15 15:50:48+03:00,15,2,0,0,3,2,1,1,1,5.0,0,clean,TypeScript,2021-2023,1.0,,1.0,0.5,2.5,0
refinedev/refine,2542f3e45e6a2d755ad16c92aed1eec1fe2169b0,2542f3e45e,docs(blog): add satisfies operator (#5264),feature,Unknown,Necati Özmen,2023-11-15 17:14:37+03:00,17,2,0,0,305,0,1,0,0,0.0,0,clean,TypeScript,2021-2023,1.0,,305.0,0.0,0.0,0
swc-project/swc,7bbe5e67d9a4316f47158bf717f8dfa86236b41b,7bbe5e67d9,refactor: Remove `swc_ecma_dep_graph` (#8290),refactor,Rust,David Sherret,2023-11-15 17:47:16+00:00,17,2,0,0,0,902,6,0,18,3.5,0,clean,TypeScript,2021-2023,1.0,,0.0,0.0,0.5,0
swc-project/swc,36fdb179e46ddbe09d781f027f4f59ab7ebdb730,36fdb179e4,chore: Publish crates,other,Unknown,SWC Bot,2023-11-15 17:49:24+00:00,17,2,0,0,5,2,3,0,0,0.0,0,clean,TypeScript,2021-2023,1.0,,1.67,0.0,0.0,0
refinedev/refine,c851f179919e6da653e2ee9572228615551ddd4b,c851f17991,chore: update comparison doc,docs,Unknown,Ömer Faruk APLAK,2023-11-15 17:56:36+03:00,17,2,0,0,2,10,1,0,0,0.0,0,clean,TypeScript,2021-2023,1.0,,0.18,0.0,0.0,0
sequelize/sequelize,9b0ae769e935e0e3e49febff212a6754a27cd3db,9b0ae769e9,meta: update dependency snowflake-sdk to v1.9.1 (#16762)  Co-authored-by: renovate[bot] <29139614+renovate[bot]@users.noreply.github.com>,other,Unknown,renovate[bot],2023-11-15 20:02:52+00:00,20,2,0,0,30,35,2,0,0,0.0,0,clean,TypeScript,2021-2023,1.0,,0.83,0.0,0.0,0
sequelize/sequelize,19609b29a49a29847cffd839a3446019ddf2959a,19609b29a4,meta: update icr.io/db2_community/db2 docker tag to v11.5.9.0 (#16763)  Co-authored-by: renovate[bot] <29139614+renovate[bot]@users.noreply.github.com>,docs,Unknown,renovate[bot],2023-11-15 20:09:14+00:00,20,2,0,0,1,1,1,0,0,0.0,0,clean,TypeScript,2021-2023,1.0,,0.5,0.0,0.0,0
swc-project/swc,7d1836de3fd96786351f5ae30c2b0e7bbda2fa55,7d1836de3f,perf(es/minifier): Improve `format.inline_script` (#8292),other,Rust,Zak,2023-11-15 22:02:29+00:00,22,2,0,1,23,41,1,0,1,7.0,0,clean,TypeScript,2021-2023,1.0,,0.55,0.0,3.5,0
swc-project/swc,99617848ef5d589a1f02190bc5f1d335afd9eed1,99617848ef,chore: Publish crates,other,Unknown,SWC Bot,2023-11-15 22:04:42+00:00,22,2,0,1,47,47,15,0,0,0.0,0,clean,TypeScript,2021-2023,1.0,,0.98,0.0,0.0,0
swc-project/swc,66a4d370314d45b5d4a0117401002ac43dbcba0a,66a4d37031,build(common): Remove dependency on `string-cache` (#8291),other,Rust,David Sherret,2023-11-15 22:43:22+00:00,22,2,0,1,2,19,4,0,2,1.0,0,clean,TypeScript,2021-2023,1.0,,0.1,0.0,0.2,0
swc-project/swc,c03f84e54edf851bf4d1aecdf7d2f8d71108dfb1,c03f84e54e,chore: Publish crates,other,Unknown,SWC Bot,2023-11-15 22:45:18+00:00,22,2,0,1,697,697,81,0,0,0.0,0,clean,TypeScript,2021-2023,1.0,,1.0,0.0,0.0,0
swc-project/swc,25ac679bd3906c09212134859df9c75f38018822,25ac679bd3,build(es): Remove duplicate `phf` dependency (#8294),other,Unknown,David Sherret,2023-11-15 23:36:38+00:00,23,2,0,1,8,33,3,0,0,0.0,0,clean,TypeScript,2021-2023,1.0,,0.24,0.0,0.0,0
swc-project/swc,666c843e7e55ac8adb530568034cedbf72928b1a,666c843e7e,chore: Publish crates,other,Unknown,SWC Bot,2023-11-15 23:38:46+00:00,23,2,0,1,136,136,38,0,0,0.0,0,clean,TypeScript,2021-2023,1.0,,0.99,0.0,0.0,0
swc-project/swc,f88d6f3c8d6943c97ab3edee1886610766b6f1ba,f88d6f3c8d,chore: Publish 1.3.98-nightly-20231116.1,other,Unknown,SWC Bot,2023-11-16 00:06:58+00:00,0,3,0,1,12,12,7,0,0,0.0,0,clean,TypeScript,2021-2023,1.0,,0.92,0.0,0.0,0
swc-project/swc,c566b73bfbcd24fc34eedc2baf62d0afb8609636,c566b73bfb,chore: Publish crates,other,Unknown,SWC Bot,2023-11-16 00:20:22+00:00,0,3,0,1,201,218,37,0,0,0.0,0,clean,TypeScript,2021-2023,1.0,,0.92,0.0,0.0,0
swc-project/swc,369fb21e220a26ac1cbfe64846f759ac576d2c6e,369fb21e22,fix(es/codegen): Fix codegen of type args of an import type and a type query (#8296),bugfix,JavaScript,David Sherret,2023-11-16 02:01:15+00:00,2,3,0,1,7,5,4,0,2,2.5,0,clean,TypeScript,2021-2023,1.0,,1.17,0.0,0.5,0
swc-project/swc,9e8fe38d316254a6bf8162169a5ccec12f831dcf,9e8fe38d31,chore: Publish crates,other,Unknown,SWC Bot,2023-11-16 02:03:19+00:00,2,3,0,1,209,209,38,0,0,0.0,0,clean,TypeScript,2021-2023,1.0,,1.0,0.0,0.0,0
swc-project/swc,07c8935904122191b4dad141e6fe164298f46af9,07c8935904,"fix(es/codegen): Fix `get_ascii_only_ident` (#8287)  **Related issue:**   - Closes #8260",bugfix,JavaScript,Donny/강동윤,2023-11-16 08:50:12+00:00,8,3,0,0,41,27,6,0,3,2.33,0,clean,TypeScript,2021-2023,1.0,,1.46,0.0,0.33,0
swc-project/swc,2a2b5ee5b16c535943513816c553296cea3404e3,2a2b5ee5b1,chore: Publish crates,other,Unknown,SWC Bot,2023-11-16 08:52:11+00:00,8,3,0,0,209,212,38,0,0,0.0,0,clean,TypeScript,2021-2023,1.0,,0.98,0.0,0.0,0
swc-project/swc,7985e02fc8cf519572650ad026dba649af48d7a5,7985e02fc8,"fix(es/minifier): Remove hack for built-in class names (#8293)  **Description:**  Regarding https://github.com/vercel/next.js/issues/55682, I made a mistake while investigating. I assumed it's `swcM",bugfix,JavaScript,Donny/강동윤,2023-11-16 09:17:42+09:00,9,3,0,0,447,198,16,0,67,64.97,0,clean,TypeScript,2021-2023,1.0,,2.25,0.0,3.82,0
refinedev/refine,7b8e7998258733ce032532081a256201af123b7e,7b8e799825,chore: update comparision table,other,Unknown,Ömer Faruk APLAK,2023-11-16 10:10:37+03:00,10,3,0,0,42,42,1,0,0,0.0,0,clean,TypeScript,2021-2023,1.0,,0.98,0.0,0.0,0
sequelize/sequelize,33bfeb29a915a042fde5ecfc5807af495d7c32ac,33bfeb29a9,meta: update dependency @types/node to v20.9.1 (#16772)  Co-authored-by: renovate[bot] <29139614+renovate[bot]@users.noreply.github.com>,other,Unknown,renovate[bot],2023-11-16 23:24:52+00:00,23,3,0,1,6,6,2,0,0,0.0,0,clean,TypeScript,2021-2023,1.0,,0.86,0.0,0.0,0
sequelize/sequelize,a37a0c78d6e0e106ad5812ae5283108c932516ac,a37a0c78d6,meta: update dependency ibm_db to v3.2.3 (#16773)  Co-authored-by: renovate[bot] <29139614+renovate[bot]@users.noreply.github.com>,other,Unknown,renovate[bot],2023-11-17 00:04:53+00:00,0,4,0,1,8,8,2,0,0,0.0,0,clean,TypeScript,2021-2023,1.0,,0.89,0.0,0.0,0
swc-project/swc,ba9d2f56ccf18a9cc934219dc85e37d00cbf5dce,ba9d2f56cc,chore: Publish 1.3.98-nightly-20231117.1,other,Unknown,SWC Bot,2023-11-17 00:07:02+00:00,0,4,0,1,112,138,8,0,0,0.0,0,clean,TypeScript,2021-2023,1.0,,0.81,0.0,0.0,0
sequelize/sequelize,09b325104fdd045f950ef90bf691c047faa4b9f9,09b325104f,meta: update mariadb docker tag to v11.1.3 (#16766)  Co-authored-by: renovate[bot] <29139614+renovate[bot]@users.noreply.github.com>,docs,Unknown,renovate[bot],2023-11-17 00:14:26+00:00,0,4,0,1,1,1,1,0,0,0.0,0,clean,TypeScript,2021-2023,1.0,,0.5,0.0,0.0,0
sequelize/sequelize,6be0dee45701a3050f181960083d4fa713613a16,6be0dee457,meta: ignore .nx cache (#16774),other,Unknown,Guillaume Gautreau,2023-11-17 09:42:07+00:00,9,4,0,0,1,0,1,0,0,0.0,0,clean,TypeScript,2021-2023,1.0,,1.0,0.0,0.0,0
refinedev/refine,b7478fa571e54a01e3e67391905d4a8aae292d77,b7478fa571,docs(blog): add react svg post (#5270),feature,Unknown,Necati Özmen,2023-11-17 13:39:35+03:00,13,4,0,0,522,0,1,0,0,0.0,0,clean,TypeScript,2021-2023,1.0,,522.0,0.0,0.0,0
refinedev/refine,92d22863a390e202d943b6f46133e3785888fb7b,92d22863a3,chore: remove refine logo from TopAnnouncement,other,Unknown,Ömer Faruk APLAK,2023-11-17 16:22:23+03:00,16,4,0,0,0,2,1,0,1,1.0,0,clean,TypeScript,2021-2023,1.0,,0.0,0.0,0.5,0
swc-project/swc,f38ad1eeef529129bb8a3d7e81e78a5cb895c467,f38ad1eeef,chore: Publish crates,other,Unknown,SWC Bot,2023-11-18 00:03:24+00:00,0,5,1,1,47,52,15,0,0,0.0,0,clean,TypeScript,2021-2023,1.0,,0.89,0.0,0.0,0
swc-project/swc,f6179b57a1a89972af39596f1b9465e4a4985d7d,f6179b57a1,chore: Publish 1.3.98-nightly-20231118.1,other,Unknown,SWC Bot,2023-11-18 00:07:05+00:00,0,5,1,1,30,30,8,0,0,0.0,0,clean,TypeScript,2021-2023,1.0,,0.97,0.0,0.0,0
sequelize/sequelize,febc909d1f5d98b19ce4e37cf47c2ded21c6c993,febc909d1f,meta: update actions/github-script action to v7.0.1 (#16777)  Co-authored-by: renovate[bot] <29139614+renovate[bot]@users.noreply.github.com>,other,Unknown,renovate[bot],2023-11-18 01:36:32+00:00,1,5,1,1,1,1,1,0,0,0.0,0,clean,TypeScript,2021-2023,1.0,,0.5,0.0,0.0,0
sequelize/sequelize,934c6726640674d7262a603ba6f8d818a5bd6dd5,934c672664,meta: update dependency eslint to v8.54.0 (#16778)  Co-authored-by: renovate[bot] <29139614+renovate[bot]@users.noreply.github.com>,other,Unknown,renovate[bot],2023-11-18 01:46:24+00:00,1,5,1,1,11,11,2,0,0,0.0,0,clean,TypeScript,2021-2023,1.0,,0.92,0.0,0.0,0
swc-project/swc,c18a959e3a53c52c05672297a39f6eb628a076a0,c18a959e3a,"fix(es/minifier): Apply new `SyntaxContext` to inlined `Arrow` (#8301)  **Related issue:**   - Closes #8288",bugfix,Rust,Austaras,2023-11-18 09:01:27+09:00,9,5,1,0,78,30,4,0,11,8.73,0,clean,TypeScript,2021-2023,1.0,,2.52,0.0,1.75,0
sequelize/sequelize,81ededbad48c56ac6aa3a6a0f8ddfe28376b121c,81ededbad4,meta: update dependency @types/node to v20.9.2 (#16780)  Co-authored-by: renovate[bot] <29139614+renovate[bot]@users.noreply.github.com>,other,Unknown,renovate[bot],2023-11-18 22:51:10+00:00,22,5,1,1,6,6,2,0,0,0.0,0,clean,TypeScript,2021-2023,1.0,,0.86,0.0,0.0,0
swc-project/swc,cf692e055ec3a25e373a5d9a48b43a189a129ee2,cf692e055e,chore: Publish 1.3.98-nightly-20231119.1,other,Unknown,SWC Bot,2023-11-19 00:07:33+00:00,0,6,1,1,8,8,6,0,0,0.0,0,clean,TypeScript,2021-2023,1.0,,0.89,0.0,0.0,0
swc-project/swc,2b368f67311613b60536705db05ca831f129cc2f,2b368f6731,chore: Publish crates,other,Unknown,SWC Bot,2023-11-19 06:35:42+00:00,6,6,1,0,123,109,20,0,0,0.0,0,clean,TypeScript,2021-2023,1.0,,1.12,0.0,0.0,0
refinedev/refine,acedc7b5be96555b7ec88db9b47005513c204fd1,acedc7b5be,docs(blog): add kubeclt delete post (#5276),feature,Unknown,Necati Özmen,2023-11-19 12:36:45+02:00,12,6,1,0,237,0,1,0,0,0.0,0,clean,TypeScript,2021-2023,1.0,,237.0,0.0,0.0,0
swc-project/swc,2cd893fb8a770b38139242467ff954baec132a47,2cd893fb8a,chore: Publish crates,other,Unknown,SWC Bot,2023-11-19 15:13:56+00:00,15,6,1,0,53,52,15,0,0,0.0,0,clean,TypeScript,2021-2023,1.0,,1.0,0.0,0.0,0
swc-project/swc,fab51e18433d85f29d720ef11371411fa4ecf623,fab51e1843,"fix(es/proposal): Improve resolving of `design:returntype` (#8303)  **Description:**  Emits `'design:returntype'` metadata when using `""decoratorMetadata"": true`.  **Related issue:**   - Closes ",bugfix,TypeScript,Zak,2023-11-19 15:33:20+09:00,15,6,1,0,155,28,16,0,13,1.15,0,clean,TypeScript,2021-2023,1.0,,5.34,0.0,0.07,0
swc-project/swc,a0048427ddfd8bd9f62d5eb104dcd501bac45293,a0048427dd,test(es/minifier): Update test refs (#8310),test,JavaScript,Donny/강동윤,2023-11-19 19:16:38+09:00,19,6,1,0,144,136,4,0,33,161.21,0,clean,TypeScript,2021-2023,1.0,,1.05,0.0,32.24,0
sequelize/sequelize,579338e0be434e7bddfee84248fa368a5a8b53ad,579338e0be,fix(mssql): error when calling describeTable a table with a dot in its name (#16771),bugfix,TypeScript,Guillaume Gautreau,2023-11-19 21:18:59+00:00,21,6,1,0,23,12,3,2,2,1.0,0,clean,TypeScript,2021-2023,1.0,,1.77,0.5,0.25,0
swc-project/swc,8c3dc02d0d62773b7eff10ee8845650b9fb1132b,8c3dc02d0d,chore: Publish 1.3.98-nightly-20231120.1,other,Unknown,SWC Bot,2023-11-20 00:07:09+00:00,0,0,0,1,40,40,8,0,0,0.0,0,clean,TypeScript,2021-2023,1.0,,0.98,0.0,0.0,0
swc-project/swc,572ad63e0825e4eddb511933d1a6d57184fc03c2,572ad63e08,fix(es/minifier): Apply new `SyntaxContext` to inlined `Arrow` correctly (#8312),bugfix,JavaScript,Austaras,2023-11-20 00:11:38+09:00,0,0,0,1,236,270,9,0,45,413.62,0,clean,TypeScript,2021-2023,1.0,,0.87,0.0,41.36,0
sequelize/sequelize,6be4486e2fd9ab12f5ac113505e1c7d252b2d1ba,6be4486e2f,meta: lock file maintenance (#16783)  Co-authored-by: renovate[bot] <29139614+renovate[bot]@users.noreply.github.com>,other,Unknown,renovate[bot],2023-11-20 01:12:35+00:00,1,0,0,1,593,588,1,0,0,0.0,0,clean,TypeScript,2021-2023,1.0,,1.01,0.0,0.0,0
swc-project/swc,2113bb3e19131d68eb2a1c384e4ac58b2bc10f00,2113bb3e19,fix(es/resolver): Ignore qualifiers of `TsImportType` (#8299),bugfix,TypeScript,David Sherret,2023-11-20 04:04:17+00:00,4,0,0,1,19,2,3,0,1,2.0,0,clean,TypeScript,2021-2023,1.0,,6.33,0.0,0.5,0
sequelize/sequelize,476a11ff7da47ee42e46f795ba7830744a09deac,476a11ff7d,meta: lock file maintenance (#16784)  Co-authored-by: renovate[bot] <29139614+renovate[bot]@users.noreply.github.com>,other,Unknown,renovate[bot],2023-11-20 04:08:42+00:00,4,0,0,1,0,0,0,0,0,0.0,0,clean,TypeScript,2021-2023,1.0,,0.0,0.0,0.0,0
swc-project/swc,af8c1d33f5a8bd265f27681168691b4742574f8a,af8c1d33f5,chore: Publish crates,other,Unknown,SWC Bot,2023-11-20 04:30:06+00:00,4,0,0,1,191,194,37,0,0,0.0,0,clean,TypeScript,2021-2023,1.0,,0.98,0.0,0.0,0
swc-project/swc,00b88399a0ea10dfd6d48cb168dd5ae914f11d54,00b88399a0,"fix(es/parser): Fix parsing of `import type from from` (#8309)  **Related issue:**  - Closes #8308.",bugfix,TypeScript,magic-akari,2023-11-20 06:20:06+00:00,6,0,0,0,191,35,8,0,4,38.25,0,clean,TypeScript,2021-2023,1.0,,5.31,0.0,4.25,0
swc-project/swc,5fa2ed4bfdb49f77d4cb77004e1f61c8e2c36b64,5fa2ed4bfd,chore: Publish crates,other,Unknown,SWC Bot,2023-11-20 06:22:03+00:00,6,0,0,0,306,306,47,0,0,0.0,0,clean,TypeScript,2021-2023,1.0,,1.0,0.0,0.0,0
refinedev/refine,e662d8522f5c5a90ab9d4fdb822a7005fe68e312,e662d8522f,chore: revert latest blog,test,Unknown,Ömer Faruk APLAK,2023-11-20 09:31:53+03:00,9,0,0,0,0,237,1,0,0,0.0,0,clean,TypeScript,2021-2023,1.0,,0.0,0.0,0.0,0
refinedev/refine,7d3e9f86a16d633568562aa98714e579bee726c8,7d3e9f86a1,"Revert ""chore: revert latest blog""  This reverts commit e662d8522f5c5a90ab9d4fdb822a7005fe68e312.",test,Unknown,Ömer Faruk APLAK,2023-11-20 09:48:07+03:00,9,0,0,0,237,0,1,0,0,0.0,0,clean,TypeScript,2021-2023,1.0,,237.0,0.0,0.0,0
refinedev/refine,e910fbd6c6c9ee71c559f71e8b9decc07af30f14,e910fbd6c6,"Revert ""Revert ""chore: revert latest blog""""  This reverts commit 7d3e9f86a16d633568562aa98714e579bee726c8.",test,Unknown,Ömer Faruk APLAK,2023-11-20 09:49:37+03:00,9,0,0,0,0,237,1,0,0,0.0,0,clean,TypeScript,2021-2023,1.0,,0.0,0.0,0.0,0
refinedev/refine,97d5d9c98b28a1d69cada0a746202f82bec45622,97d5d9c98b,fix(cli): fix node-emoji version to 2.1.0 (#5281),bugfix,Unknown,Ali Emir Şen,2023-11-20 10:24:26+03:00,10,0,0,0,6,0,2,0,0,0.0,0,clean,TypeScript,2021-2023,1.0,,6.0,0.0,0.0,0
refinedev/refine,c8a4a90d2b71bf06d7b8af0f130b06e305725e77,c8a4a90d2b,ci(changesets): version packages (#5284)  Co-authored-by: github-actions[bot] <github-actions[bot]@users.noreply.github.com>,other,Unknown,Refine Community Bot,2023-11-20 10:53:45+03:00,10,0,0,0,228,220,211,0,0,0.0,0,clean,TypeScript,2021-2023,1.0,,1.03,0.0,0.0,0
refinedev/refine,c19ce7c4d42d8da3005cb384eeae39b5cbc900b6,c19ce7c4d4,docs(blog): add kubeclt del pod (#5282),feature,Unknown,Necati Özmen,2023-11-20 11:47:49+03:00,11,0,0,0,237,0,1,0,0,0.0,0,clean,TypeScript,2021-2023,1.0,,237.0,0.0,0.0,0
refinedev/refine,3f13a053ba729a1e633c92187081d7db69de24d6,3f13a053ba,"docs(overall): update new branding items (#5275)  * chore: update README logos  * chore: update paddings  * chore: update README  * chore: update README  * chore: update README  * chore: upd",feature,Unknown,Necati Özmen,2023-11-20 15:31:23+03:00,15,0,0,0,1609,2300,219,0,0,0.0,0,clean,TypeScript,2021-2023,1.0,,0.7,0.0,0.0,0
swc-project/swc,aac11e712b2cd1a7c7f427c2ebf93f2f8e47daa9,aac11e712b,chore(ci): Fix CI issue due to `yarn` (#8319),bugfix,Unknown,Donny/강동윤,2023-11-20 17:57:16+00:00,17,0,0,0,14,0,5,0,0,0.0,0,clean,TypeScript,2021-2023,1.0,,14.0,0.0,0.0,0
refinedev/refine,47467ebcb05fbdb24fde1ae99e581acdb7bc778f,47467ebcb0,chore: update README logo (#5288),docs,Unknown,Necati Özmen,2023-11-20 19:11:50+03:00,19,0,0,0,406,769,273,0,0,0.0,0,clean,TypeScript,2021-2023,1.0,,0.53,0.0,0.0,0
swc-project/swc,0744dbddc51032c27cb02e457d31e2e788b3a580,0744dbddc5,chore: Publish crates,other,Unknown,SWC Bot,2023-11-20 19:57:49+00:00,19,0,0,0,2,5,3,0,0,0.0,0,clean,TypeScript,2021-2023,1.0,,0.33,0.0,0.0,0
refinedev/refine,404f16a947f330aad494f11545022684133bf2d0,404f16a947,"fix: update node-emoji package for @refinedev/cli package (#5290)  * fix: update node-emoji package for @refinedev/cli package  * fix: override dependency as 2.1.2 also doesnt work",bugfix,Unknown,Batuhan Wilhelm,2023-11-20 20:38:52+03:00,20,0,0,0,10,0,2,0,0,0.0,0,clean,TypeScript,2021-2023,1.0,,10.0,0.0,0.0,0
refinedev/refine,249ae0eb711ec81629a9b0b70d2fa951831c2de7,249ae0eb71,ci(changesets): version packages (#5291)  Co-authored-by: github-actions[bot] <github-actions[bot]@users.noreply.github.com>,other,Unknown,Refine Community Bot,2023-11-20 21:00:32+03:00,21,0,0,0,230,222,211,0,0,0.0,0,clean,TypeScript,2021-2023,1.0,,1.03,0.0,0.0,0
swc-project/swc,feb8a6dad99bf55cf541bd88a8f21b865c6bcd97,feb8a6dad9,"fix(es/parser): Report error for exported reserved name (#8313)  **Related issue:**  - Closes #8268.",bugfix,Rust,magic-akari,2023-11-20 21:57:51+00:00,21,0,0,0,89,14,6,0,2,54.5,0,clean,TypeScript,2021-2023,1.0,,5.93,0.0,7.79,0
swc-project/swc,38c489c26c971bbeb4bfadbd9a60f7d725e5c68c,38c489c26c,chore: Publish crates,other,Unknown,SWC Bot,2023-11-20 21:59:52+00:00,21,0,0,0,306,306,47,0,0,0.0,0,clean,TypeScript,2021-2023,1.0,,1.0,0.0,0.0,0
swc-project/swc,a8bd170634f76865732a6033e6027daef88c3c14,a8bd170634,chore: Publish crates,other,Unknown,SWC Bot,2023-11-20 22:19:11+00:00,22,0,0,1,80,80,21,0,0,0.0,0,clean,TypeScript,2021-2023,1.0,,0.99,0.0,0.0,0
swc-project/swc,51042e090de246bcf92300e5ffd03139f255e77b,51042e090d,"fix(es/parsing): Fix parsing of `type satisfies = 0;` (#8305)  **Related issue:**   - Closes #8121",bugfix,Rust,Zzzen,2023-11-20 22:49:15+00:00,22,0,0,1,67,1,4,0,3,28.0,0,clean,TypeScript,2021-2023,1.0,,33.5,0.0,5.6,0
swc-project/swc,7cec0ac1a04a0e525204d3d56bf66d2296714c0d,7cec0ac1a0,chore: Publish crates,other,Unknown,SWC Bot,2023-11-20 22:51:17+00:00,22,0,0,1,295,295,47,0,0,0.0,0,clean,TypeScript,2021-2023,1.0,,1.0,0.0,0.0,0
sequelize/sequelize,f1be8ebd43031843194d2ed2c20452f03a22fdfa,f1be8ebd43,meta: update dependency @types/validator to v13.11.7 (#16791)  Co-authored-by: renovate[bot] <29139614+renovate[bot]@users.noreply.github.com>,other,Unknown,renovate[bot],2023-11-20 23:29:17+00:00,23,0,0,1,3,3,1,0,0,0.0,0,clean,TypeScript,2021-2023,1.0,,0.75,0.0,0.0,0
sequelize/sequelize,4b7f6069d624849d1a7373be1b402348a7812636,4b7f6069d6,meta: update dependency nx to v17.1.3 (#16792)  Co-authored-by: renovate[bot] <29139614+renovate[bot]@users.noreply.github.com>,other,Unknown,renovate[bot],2023-11-20 23:39:38+00:00,23,0,0,1,52,52,2,0,0,0.0,0,clean,TypeScript,2021-2023,1.0,,0.98,0.0,0.0,0
swc-project/swc,e23adc81c9e5f7092851410fc355a11709fbc99a,e23adc81c9,chore: Publish 1.3.98-nightly-20231121.1,other,Unknown,SWC Bot,2023-11-21 00:07:29+00:00,0,1,0,1,11,11,7,0,0,0.0,0,clean,TypeScript,2021-2023,1.0,,0.92,0.0,0.0,0
sequelize/sequelize,d00ef41529382ed0132000bd3c0bd7b540011c6f,d00ef41529,meta: update dependency @types/mocha to v10.0.5 (#16793)  Co-authored-by: renovate[bot] <29139614+renovate[bot]@users.noreply.github.com>,other,Unknown,renovate[bot],2023-11-21 01:19:55+00:00,1,1,0,1,6,6,2,0,0,0.0,0,clean,TypeScript,2021-2023,1.0,,0.86,0.0,0.0,0
refinedev/refine,714841da4b24ef0b392eb9cbb7320cb3be122292,714841da4b,"fix(cli): bump `node-emoji` to `^2.1.3` (#5292)  * fix(cli): bump `node-emoji` to `^2.1.3`  * fix(cli): remove `overrides`",bugfix,Unknown,Ali Emir Şen,2023-11-21 01:22:25+03:00,1,1,0,1,6,4,2,0,0,0.0,0,clean,TypeScript,2021-2023,1.0,,1.2,0.0,0.0,0
refinedev/refine,2a4dc0b2f4ff8e906e1d52df35c906a147426529,2a4dc0b2f4,ci(changesets): version packages (#5293),other,Unknown,Refine Community Bot,2023-11-21 01:50:48+03:00,1,1,0,1,228,220,211,0,0,0.0,0,clean,TypeScript,2021-2023,1.0,,1.03,0.0,0.0,0
sequelize/sequelize,ff957d62a0f79e5d2dc72445e0b451bc4ab3421d,ff957d62a0,meta: update dependency @types/sinon to v17.0.2 (#16794)  Co-authored-by: renovate[bot] <29139614+renovate[bot]@users.noreply.github.com>,other,Unknown,renovate[bot],2023-11-21 02:13:52+00:00,2,1,0,1,6,6,2,0,0,0.0,0,clean,TypeScript,2021-2023,1.0,,0.86,0.0,0.0,0
swc-project/swc,e9fa6e90c827982cc2d16aab02010271d8251870,e9fa6e90c8,chore: Publish crates,other,Unknown,강동윤 (Donny),2023-11-21 02:28:23+09:00,2,1,0,1,4,4,4,0,0,0.0,0,clean,TypeScript,2021-2023,1.0,,0.8,0.0,0.0,0
sequelize/sequelize,f8542e62626ac9e11385d8015c2360ffa4c3c217,f8542e6262,meta: update dependency @types/chai to v4.3.11 (#16795)  Co-authored-by: renovate[bot] <29139614+renovate[bot]@users.noreply.github.com>,other,Unknown,renovate[bot],2023-11-21 02:59:38+00:00,2,1,0,1,8,8,3,0,0,0.0,0,clean,TypeScript,2021-2023,1.0,,0.89,0.0,0.0,0
sequelize/sequelize,397fd3a3efec22da1155449e628fcfc294f46f57,397fd3a3ef,meta: update dependency @types/lodash to v4.14.202 (#16796)  Co-authored-by: renovate[bot] <29139614+renovate[bot]@users.noreply.github.com>,other,Unknown,renovate[bot],2023-11-21 03:10:14+00:00,3,1,0,1,6,6,2,0,0,0.0,0,clean,TypeScript,2021-2023,1.0,,0.86,0.0,0.0,0
sequelize/sequelize,89973a5074f5680c303140a1384393f9a481ab10,89973a5074,meta: update dependency @types/node to v20.9.3 (#16797)  Co-authored-by: renovate[bot] <29139614+renovate[bot]@users.noreply.github.com>,other,Unknown,renovate[bot],2023-11-21 04:11:20+00:00,4,1,0,1,6,6,2,0,0,0.0,0,clean,TypeScript,2021-2023,1.0,,0.86,0.0,0.0,0
sequelize/sequelize,7c6fbc981b138767f2d292dd3d590d2ae2b1404b,7c6fbc981b,meta: update dependency @types/semver to v7.5.6 (#16798)  Co-authored-by: renovate[bot] <29139614+renovate[bot]@users.noreply.github.com>,other,Unknown,renovate[bot],2023-11-21 04:19:23+00:00,4,1,0,1,6,6,2,0,0,0.0,0,clean,TypeScript,2021-2023,1.0,,0.86,0.0,0.0,0
swc-project/swc,7dfdc1221890d373d2e6caf52bc8dee8c20765ca,7dfdc12218,"fix(es/module): Read link if an import is resolved as symlink (#8297)  **Related issue:**   - Closes #8265",bugfix,TypeScript,Donny/강동윤,2023-11-21 07:17:05+09:00,7,1,0,0,353,7,16,0,14,3.0,0,clean,TypeScript,2021-2023,1.0,,44.12,0.0,0.18,0
sequelize/sequelize,ffc22baf64b554db4bdd794d71590b5c748e1fd9,ffc22baf64,meta: update dependency mysql2 to v3.6.4 (#16800)  Co-authored-by: renovate[bot] <29139614+renovate[bot]@users.noreply.github.com>,other,Unknown,renovate[bot],2023-11-21 08:57:48+00:00,8,1,0,0,6,6,2,0,0,0.0,0,clean,TypeScript,2021-2023,1.0,,0.86,0.0,0.0,0
swc-project/swc,c25601dec21d7293ad48549a1f49ccd161f9da72,c25601dec2,"fix(es/typescript): Handle shebang with jsx pragma (#8318)  **Description:**  This handles a shebang with a jsx prag. Previously `h` would be removed as an import in this case.  **Related issue:**",bugfix,Rust,David Sherret,2023-11-21 09:19:40+00:00,9,1,0,0,78,2,4,0,4,2.75,0,clean,TypeScript,2021-2023,1.0,,26.0,0.0,0.55,0
swc-project/swc,97d57f0e4fcaca2e03241ddb4fbe19f449b33ecd,97d57f0e4f,chore: Publish crates,other,Unknown,SWC Bot,2023-11-21 09:21:47+00:00,9,1,0,0,78,76,19,0,0,0.0,0,clean,TypeScript,2021-2023,1.0,,1.01,0.0,0.0,0
swc-project/swc,99ad5022d11f3619932cffeda43dcf4926a28e60,99ad5022d1,chore: Publish `v1.3.98` with `swc_core` `v0.86.73` (#8321),other,Unknown,Donny/강동윤,2023-11-21 10:21:44+09:00,10,1,0,0,79,78,27,0,0,0.0,0,clean,TypeScript,2021-2023,1.0,,1.0,0.0,0.0,0
swc-project/swc,23fdaf13f88c754c7e610f96712092684f7a2dd0,23fdaf13f8,chore: Publish crates,other,Unknown,강동윤 (Donny),2023-11-21 10:23:28+09:00,10,1,0,0,79,85,5,0,0,0.0,0,clean,TypeScript,2021-2023,1.0,,0.92,0.0,0.0,0
swc-project/swc,8ac47a370ee56864932bd90892332d5492b946b7,8ac47a370e,chore: Fix publish action,bugfix,JavaScript,강동윤 (Donny),2023-11-21 11:50:27+09:00,11,1,0,0,23,208,15,1,0,0.0,0,clean,TypeScript,2021-2023,1.0,,0.11,0.06,0.0,0
swc-project/swc,85350d31aed1384ac0aea1b002bd237b55b00cd4,85350d31ae,chore: Publish `v1.3.99` with `swc_core` `v0.86.73`,other,Unknown,강동윤 (Donny),2023-11-21 11:50:59+09:00,11,1,0,0,398,398,24,0,0,0.0,0,clean,TypeScript,2021-2023,1.0,,1.0,0.0,0.0,0
refinedev/refine,0d1e269c02837bea4c1df3f4a56dfad52974bd7a,0d1e269c02,"feat(core): update github banner styles (#5289)  * feat(core): update github banner styles  * fix(core): get svg from cdn  * fix(core): remove commented code  * chore: typo fix  Co-authored-by",bugfix,TypeScript,Alican Erdurmaz,2023-11-21 12:08:48+03:00,12,1,0,0,271,101,3,0,4,1.0,0,clean,TypeScript,2021-2023,1.0,,2.66,0.0,0.25,0
refinedev/refine,d0ff9310c3c9223eb24c1df00ea2d00f695653f6,d0ff9310c3,"docs: add new guides (#5272)  * docs(new-guides): add code changes  * docs(new-guides): add new guides  * docs(new-guides): add authorization guide  * docs(new-guides): fix broken links  * doc",bugfix,JavaScript,Ali Emir Şen,2023-11-21 12:27:56+03:00,12,1,0,0,12921,12429,124,0,81,3.64,0,clean,TypeScript,2021-2023,1.0,,1.04,0.0,0.03,0
refinedev/refine,e592293797b0b51f8bffc34b88311c2fecd52239,e592293797,"docs(blog): add ts vs js post (#5297)  * docs(blog): add ts vs js post  * chore: update diagram README",feature,Unknown,Necati Özmen,2023-11-21 12:34:20+03:00,12,1,0,0,393,2,3,0,0,0.0,0,clean,TypeScript,2021-2023,1.0,,131.0,0.0,0.0,0
refinedev/refine,6098bbebbbdcf24566ed4a5c11efd14bb7ad9196,6098bbebbb,ci(changesets): version packages (#5298)  Co-authored-by: github-actions[bot] <github-actions[bot]@users.noreply.github.com>,other,Unknown,Refine Community Bot,2023-11-21 15:13:03+03:00,15,1,0,0,216,215,210,0,0,0.0,0,clean,TypeScript,2021-2023,1.0,,1.0,0.0,0.0,0
refinedev/refine,0519c5fb6af645ae6b8cc6d42c3ce6453fcd4704,0519c5fb6a,"feat: add typos job (#5271)  * feat: add misspel job  * chore: add concurrency and use checkout@v3  * chore: updates  * chore: fail on error  * feat: use typos cli  * chore: update typos con",bugfix,JavaScript,Batuhan Wilhelm,2023-11-21 18:48:10+03:00,18,1,0,0,61132,67758,453,1,0,0.0,0,clean,TypeScript,2021-2023,1.0,,0.9,0.0,0.0,0
refinedev/refine,8443b84afac3ad89d5765c0ff535d24ab3b3e65f,8443b84afa,"docs(blog): update some posts (#5301)  * docs(blog): update posts  * docs(blog): update name",docs,Unknown,Necati Özmen,2023-11-21 18:48:27+03:00,18,1,0,0,55,78,3,0,0,0.0,0,clean,TypeScript,2021-2023,1.0,,0.7,0.0,0.0,0
sequelize/sequelize,4e87cec55aa43a31b12956c923c19dc78a4e72cd,4e87cec55a,meta: update contributing doc (#16618),docs,Unknown,Luke Hart,2023-11-21 22:55:34+00:00,22,1,0,1,32,15,1,0,0,0.0,0,clean,TypeScript,2021-2023,1.0,,2.0,0.0,0.0,0
swc-project/swc,c9c3e7d189573a04e5866f046d3d0a6554c42fee,c9c3e7d189,chore: Publish 1.3.100-nightly-20231122.1,other,Unknown,SWC Bot,2023-11-22 00:07:18+00:00,0,2,0,1,38,38,8,0,0,0.0,0,clean,TypeScript,2021-2023,1.0,,0.97,0.0,0.0,0
sequelize/sequelize,2381577ba9629b03fe0157608d33a3432acfbb90,2381577ba9,meta: update dependency @types/mocha to v10.0.6 (#16802)  Co-authored-by: renovate[bot] <29139614+renovate[bot]@users.noreply.github.com>,other,Unknown,renovate[bot],2023-11-22 02:26:00+00:00,2,2,0,1,6,6,2,0,0,0.0,0,clean,TypeScript,2021-2023,1.0,,0.86,0.0,0.0,0
sequelize/sequelize,e3fdd3db98cd728aa6dca90d89a41a5f4e6b507f,e3fdd3db98,meta: update dependency @types/node to v20.9.4 (#16803)  Co-authored-by: renovate[bot] <29139614+renovate[bot]@users.noreply.github.com>,other,Unknown,renovate[bot],2023-11-22 02:35:31+00:00,2,2,0,1,6,6,2,0,0,0.0,0,clean,TypeScript,2021-2023,1.0,,0.86,0.0,0.0,0
swc-project/swc,91ef7c9415c0efed347d3faf20653749fb7a6b15,91ef7c9415,fix(es/decorators): Resolve enum for `design:returntype` (#8320),bugfix,TypeScript,Zak,2023-11-22 06:20:11+00:00,6,2,0,0,173,41,4,0,20,1.5,0,clean,TypeScript,2021-2023,1.0,,4.12,0.0,0.3,0
swc-project/swc,185289775fead39b0f3f35854b08fc1d99ee6b52,185289775f,chore: Publish crates,other,Unknown,SWC Bot,2023-11-22 06:22:12+00:00,6,2,0,0,80,80,20,0,0,0.0,0,clean,TypeScript,2021-2023,1.0,,0.99,0.0,0.0,0
sequelize/sequelize,ab14fc8adbcfd204a778a5d3d223d069b6fb6ea2,ab14fc8adb,meta: update dependency mysql2 to v3.6.5 (#16804)  Co-authored-by: renovate[bot] <29139614+renovate[bot]@users.noreply.github.com>,other,Unknown,renovate[bot],2023-11-22 06:54:07+00:00,6,2,0,0,6,6,2,0,0,0.0,0,clean,TypeScript,2021-2023,1.0,,0.86,0.0,0.0,0
sequelize/sequelize,1d745891ee303705f99001d0af39ad31ee3e3c8e,1d745891ee,meta: update dependency @rushstack/eslint-patch to v1.6.0 (#16805)  Co-authored-by: renovate[bot] <29139614+renovate[bot]@users.noreply.github.com>,bugfix,Unknown,renovate[bot],2023-11-22 07:00:50+00:00,7,2,0,0,6,6,2,0,0,0.0,0,clean,TypeScript,2021-2023,1.0,,0.86,0.0,0.0,0
refinedev/refine,3e2947cca4dd550a5fa654ec4a95c6e47142f863,3e2947cca4,docs(blog): add k8s error post (#5304),feature,Unknown,Necati Özmen,2023-11-22 11:45:27+03:00,11,2,0,0,1114,893,16,0,0,0.0,0,clean,TypeScript,2021-2023,1.0,,1.25,0.0,0.0,0
refinedev/refine,18dfc0d2703b81017fd5643e5ee8a0d82140eae2,18dfc0d270,"feat(core): add introduction to react hook form (#5299)  * feat(core): add introduction to react hook form  * docs(react-hook-form-intro): fix broken links  * fix(docs): broken links  * fix(docs",bugfix,JavaScript,Alican Erdurmaz,2023-11-22 14:17:24+03:00,14,2,0,0,269,1,3,0,0,0.0,0,clean,TypeScript,2021-2023,1.0,,134.5,0.0,0.0,0
refinedev/refine,da9a5162f8d2abdb3856c0d127601c375b49193c,da9a5162f8,"chore: minor updates for general concepts doc (#5305)  * chore: minor updates for general concepts doc  * chore: typo fix  * chore: typo fix  * chore: typo fix",bugfix,Unknown,Omer Aplak,2023-11-22 16:09:07+03:00,16,2,0,0,41,41,1,0,0,0.0,0,clean,TypeScript,2021-2023,1.0,,0.98,0.0,0.0,0
sequelize/sequelize,ef838a69ed0e544788639197588de90c167f0632,ef838a69ed,meta: update dependency lcov-result-merger to v5 (#16786)  Co-authored-by: renovate[bot] <29139614+renovate[bot]@users.noreply.github.com>,other,Unknown,renovate[bot],2023-11-22 16:18:09+00:00,16,2,0,0,7,8,2,0,0,0.0,0,clean,TypeScript,2021-2023,1.0,,0.78,0.0,0.0,0
swc-project/swc,14cd8dda294b91f3cad1f3f193057b73418c8373,14cd8dda29,chore: Publish crates,other,Unknown,SWC Bot,2023-11-22 23:25:21+00:00,23,2,0,1,685,1197,47,0,0,0.0,0,clean,TypeScript,2021-2023,1.0,,0.57,0.0,0.0,0
swc-project/swc,0004ce3f4756857bac7db775bd4d314bb8b45059,0004ce3f47,chore: Publish 1.3.100-nightly-20231123.1,other,Unknown,SWC Bot,2023-11-23 00:07:17+00:00,0,3,0,1,80,80,8,0,0,0.0,0,clean,TypeScript,2021-2023,1.0,,0.99,0.0,0.0,0
swc-project/swc,01e2c7fc5ab71d55c522e48eae9e3e08d8bf418d,01e2c7fc5a,"fix(es/minifier): Fix `if_return` bug related to `await` and `yield` (#8328)  **Related issue:**   - Closes #8324",bugfix,JavaScript,Donny/강동윤,2023-11-23 00:54:57+00:00,0,3,0,1,185,1,8,0,15,2.2,0,clean,TypeScript,2021-2023,1.0,,92.5,0.0,0.24,0
swc-project/swc,5ce4b368db34c1e9a952c75634b4fe6255fb0524,5ce4b368db,chore: Publish crates,other,Unknown,SWC Bot,2023-11-23 00:57:05+00:00,0,3,0,1,31,31,14,0,0,0.0,0,clean,TypeScript,2021-2023,1.0,,0.97,0.0,0.0,0
swc-project/swc,3dd73a3cd8fddd9e19dc85c2a2bf785b585b5b9a,3dd73a3cd8,"fix(es/renamer): Allow `globalThis` to be shadowed (#8327)  **Related issue:**   - Closes #8317",bugfix,JavaScript,Austaras,2023-11-23 01:52:01+00:00,1,3,0,1,7,4,3,0,1,17.0,0,clean,TypeScript,2021-2023,1.0,,1.4,0.0,4.25,0
swc-project/swc,5d944185187402691292fdb73ea767bd580e2a52,5d94418518,chore: Publish crates,other,Unknown,SWC Bot,2023-11-23 01:53:53+00:00,1,3,0,1,191,191,37,0,0,0.0,0,clean,TypeScript,2021-2023,1.0,,0.99,0.0,0.0,0
swc-project/swc,8af6ffb1ddaf60b997163aaf80abfb528eb2ca9c,8af6ffb1dd,"fix(es/parser): Wrap with `OptChain` across `TsNonNull` (#8332)  **Related issue:**  - Closes #8326.",bugfix,JavaScript,magic-akari,2023-11-23 08:23:30+09:00,8,3,0,0,439,408,8,0,6,20.5,0,clean,TypeScript,2021-2023,1.0,,1.07,0.0,2.28,0
swc-project/swc,13156157ebf9434fef8ed04ee4cf59c22421a3fa,13156157eb,"build(cargo): Update `vergen` to `v8` (#8325)  **Description:**  Updates `vergen` build dependency in `swc_core` to v8. This reduces the amount of dependency duplication. In my case in particular, i",other,Rust,Redfire,2023-11-23 11:20:12+00:00,11,3,0,0,12,69,3,0,1,1.0,0,clean,TypeScript,2021-2023,1.0,,0.17,0.0,0.25,0
swc-project/swc,727ce04f893d4f6eae7408aa65bba43c2353d80c,727ce04f89,chore: Publish crates,other,Unknown,SWC Bot,2023-11-23 11:22:29+00:00,11,3,0,0,8,5,4,0,0,0.0,0,clean,TypeScript,2021-2023,1.0,,1.33,0.0,0.0,0
sequelize/sequelize,3b68a328bc42d6fa5c97549682777a345af5d4b7,3b68a328bc,meta: update mariadb docker tag to v11.2.2 (#16809)  Co-authored-by: renovate[bot] <29139614+renovate[bot]@users.noreply.github.com>,docs,Unknown,renovate[bot],2023-11-23 11:42:17+00:00,11,3,0,0,1,1,1,0,0,0.0,0,clean,TypeScript,2021-2023,1.0,,0.5,0.0,0.0,0
refinedev/refine,dc77dad0169145a93b2152b5d1a98b25477a4e16,dc77dad016,"docs(blog): add virtual dom post (#5310)  * docs(blog): add steps to posts  * docs(blog): add virtual dom post  * chore: update CRM app README  * chore: update README link",feature,Unknown,Necati Özmen,2023-11-23 13:33:57+03:00,13,3,0,0,1124,941,12,0,0,0.0,0,clean,TypeScript,2021-2023,1.0,,1.19,0.0,0.0,0
refinedev/refine,b0c33f6dc0893a590affca9663acc893a7d04e25,b0c33f6dc0,chore: add SECURITY.md,feature,Unknown,Omer Aplak,2023-11-23 16:09:20+03:00,16,3,0,0,61,0,1,0,0,0.0,0,clean,TypeScript,2021-2023,1.0,,61.0,0.0,0.0,0
sequelize/sequelize,2f029f008794dd981059d29b0ee625a7d39e80e5,2f029f0087,meta: update dependency lerna to v8 (#16810)  Co-authored-by: renovate[bot] <29139614+renovate[bot]@users.noreply.github.com>,other,Unknown,renovate[bot],2023-11-23 22:36:30+00:00,22,3,0,1,48,267,2,0,0,0.0,0,clean,TypeScript,2021-2023,1.0,,0.18,0.0,0.0,0
sequelize/sequelize,0bba02096d0126596761736e9ea90745530566e1,0bba02096d,meta: update dependency @types/node to v20.9.5 (#16811)  Co-authored-by: renovate[bot] <29139614+renovate[bot]@users.noreply.github.com>,other,Unknown,renovate[bot],2023-11-23 23:15:48+00:00,23,3,0,1,6,6,2,0,0,0.0,0,clean,TypeScript,2021-2023,1.0,,0.86,0.0,0.0,0
swc-project/swc,48a5af1ecde3e41ac28703bd6f9187e8f8de6d2a,48a5af1ecd,chore: Publish 1.3.100-nightly-20231124.1,other,Unknown,SWC Bot,2023-11-24 00:06:55+00:00,0,4,0,1,85,149,8,0,0,0.0,0,clean,TypeScript,2021-2023,1.0,,0.57,0.0,0.0,0
sequelize/sequelize,b9ae7fde732c15141a01538feb1474a2ecd3ca9a,b9ae7fde73,meta: update dependency @types/node to v20.10.0 (#16813)  Co-authored-by: renovate[bot] <29139614+renovate[bot]@users.noreply.github.com>,other,Unknown,renovate[bot],2023-11-24 11:24:47+00:00,11,4,0,0,6,6,2,0,0,0.0,0,clean,TypeScript,2021-2023,1.0,,0.86,0.0,0.0,0
refinedev/refine,30dce6489ecfe84c8f774491149e89c95e34f245,30dce6489e,"feat(docs): add realtime guide (#5311)  * feat: add realtime docs WIP  * fix: typo  * feat: updates WIP  * feat: updates on live provider api reference  * fix: minor typo on general concepts l",bugfix,JavaScript,Batuhan Wilhelm,2023-11-24 13:57:43+03:00,13,4,0,0,552,489,7,1,0,0.0,0,clean,TypeScript,2021-2023,1.0,,1.13,0.12,0.0,0
refinedev/refine,75a22a8a5d001e29b92f14f6e415aab3074abcca,75a22a8a5d,chore: minor update on app-crm example,other,Unknown,Ömer Faruk APLAK,2023-11-24 14:49:39+03:00,14,4,0,0,10,10,4,0,4,3.5,0,clean,TypeScript,2021-2023,1.0,,0.91,0.0,0.7,0
refinedev/refine,556c2581c21f9238fa14ca59263a4f8c68e2cc73,556c2581c2,chore: fix typo,bugfix,Unknown,Ömer Faruk APLAK,2023-11-24 14:50:26+03:00,14,4,0,0,1,1,1,0,1,2.0,0,clean,TypeScript,2021-2023,1.0,,0.5,0.0,1.0,0
refinedev/refine,72308de7ee25485b339d07d3018df2ab4cce391c,72308de7ee,"feat(docs): add tables guide (#5309)  * feat(docs): add tables guide  * fix(docs): typo  * feat(docs): update texts  * feat(docs): update texts  * feat(docs): add live basic usage example  *",bugfix,JavaScript,Alican Erdurmaz,2023-11-24 15:49:13+03:00,15,4,0,0,2194,0,14,0,12,1.0,0,clean,TypeScript,2021-2023,1.0,,2194.0,0.0,0.07,0
swc-project/swc,8e37eca0a5d46b73d859137d3a9b062b7a9db919,8e37eca0a5,chore: Publish 1.3.100-nightly-20231125.1,other,Unknown,SWC Bot,2023-11-25 00:06:53+00:00,0,5,1,1,8,8,6,0,0,0.0,0,clean,TypeScript,2021-2023,1.0,,0.89,0.0,0.0,0
sequelize/sequelize,2807eb88f4077a18d7d90d08f1765e0baf833086,2807eb88f4,meta: update dependency @types/snowflake-sdk to v1.6.18 (#16814)  Co-authored-by: renovate[bot] <29139614+renovate[bot]@users.noreply.github.com>,other,Unknown,renovate[bot],2023-11-25 00:43:51+00:00,0,5,1,1,6,6,2,0,0,0.0,0,clean,TypeScript,2021-2023,1.0,,0.86,0.0,0.0,0
swc-project/swc,ed5a9b3f2e5b7035f657a8ea3cb38a27413369b2,ed5a9b3f2e,"fix(es/minifier): Give up terminate merge if in `try` with `finally` (#8342)  **Related issue:**   - Closes #8337.  - Closes #8324.  - Reverts #8328.",bugfix,Rust,Austaras,2023-11-25 02:43:18+00:00,2,5,1,1,58,33,5,0,6,9.17,0,clean,TypeScript,2021-2023,1.0,,1.71,0.0,1.53,0
swc-project/swc,ae6c30b221579facecd70a4fd311e13f8e6c3c96,ae6c30b221,chore: Publish crates,other,Unknown,SWC Bot,2023-11-25 02:45:12+00:00,2,5,1,1,47,47,15,0,0,0.0,0,clean,TypeScript,2021-2023,1.0,,0.98,0.0,0.0,0
refinedev/refine,948407e143b9abec99745b2d71fb541421dffe22,948407e143,chore: update examples README (#5315),docs,Unknown,Necati Özmen,2023-11-25 20:18:23+03:00,20,5,1,0,26,34,5,0,0,0.0,0,clean,TypeScript,2021-2023,1.0,,0.74,0.0,0.0,0
swc-project/swc,0b2fd10833e1fd33cdbd8a2b8e7944f145709c6d,0b2fd10833,chore: Publish 1.3.100-nightly-20231126.1,other,Unknown,SWC Bot,2023-11-26 00:07:32+00:00,0,6,1,1,30,30,8,0,0,0.0,0,clean,TypeScript,2021-2023,1.0,,0.97,0.0,0.0,0
swc-project/swc,58568fa23be932ed8f3858c24962973bdc4b8057,58568fa23b,"fix(es/react): Make jsx with single spread child static (#8339)  **Description:**  Example: ```js <h1>{...a}</h1> ``` Before: ```js _jsx(""h1"", {     children: [         ...a     ] }) ```",bugfix,Rust,Bin Xin,2023-11-26 00:48:51+00:00,0,6,1,1,34,7,4,0,2,27.0,0,clean,TypeScript,2021-2023,1.0,,4.25,0.0,5.4,0
swc-project/swc,7e8b6c0f04fd510a596e5e75f947c3fe33bcdd2c,7e8b6c0f04,chore: Publish crates,other,Unknown,SWC Bot,2023-11-26 00:50:50+00:00,0,6,1,1,80,80,20,0,0,0.0,0,clean,TypeScript,2021-2023,1.0,,0.99,0.0,0.0,0
sequelize/sequelize,4959e0db520128414f4e3960e5178f2208bd13ab,4959e0db52,fix: sort keys by depth in groupJoinData (#16788),bugfix,JavaScript,Vansh Uppal,2023-11-26 10:14:14+00:00,10,6,1,0,10,1,2,1,4,14.75,0,clean,TypeScript,2021-2023,1.0,,5.0,0.33,4.92,0
swc-project/swc,a423681df897956e58650b3acc9f2331887e42e8,a423681df8,"fix(es/parser): Fix conditional compilation (#8343)  **Description:**  `swc_ecma_parser` crate has a `typescript` feature which enables TS parsing, the `Syntax::Typescript` variant is behind the `ty",bugfix,Rust,Han Seung Min - 한승민,2023-11-26 11:36:05+00:00,11,6,1,0,33,17,2,0,12,1.92,0,clean,TypeScript,2021-2023,1.0,,1.83,0.0,0.64,0
swc-project/swc,e158c0e5a0d413b2654f826a4c1259a2527d2260,e158c0e5a0,chore: Publish crates,other,Unknown,SWC Bot,2023-11-26 11:37:59+00:00,11,6,1,0,306,306,47,0,0,0.0,0,clean,TypeScript,2021-2023,1.0,,1.0,0.0,0.0,0
swc-project/swc,6e63b95bac4e95b020105bfee13375b3b21f1a81,6e63b95bac,chore: Publish 1.3.100-nightly-20231127.1,other,Unknown,SWC Bot,2023-11-27 00:07:00+00:00,0,0,0,1,86,86,8,0,0,0.0,0,clean,TypeScript,2021-2023,1.0,,0.99,0.0,0.0,0
swc-project/swc,1891afa2ad27f183e56adcd288dd3a1ae0c5b367,1891afa2ad,"fix(es/codegen): Fix panic due to `\\ud` (#8346)  **Related issue:**   - Closes #8345",bugfix,JavaScript,Donny/강동윤,2023-11-27 01:54:45+00:00,1,0,0,1,8,2,3,0,0,0.0,0,clean,TypeScript,2021-2023,1.0,,2.67,0.0,0.0,0
swc-project/swc,ddddd2055949166fbb31a8b2c4c7055a241167e6,ddddd20559,chore: Publish crates,other,Unknown,SWC Bot,2023-11-27 01:56:46+00:00,1,0,0,1,205,208,38,0,0,0.0,0,clean,TypeScript,2021-2023,1.0,,0.98,0.0,0.0,0
sequelize/sequelize,b201a9749621d10057dd6813f5b1255ebe3d403c,b201a97496,meta: lock file maintenance (#16818)  Co-authored-by: renovate[bot] <29139614+renovate[bot]@users.noreply.github.com>,other,Unknown,renovate[bot],2023-11-27 02:51:36+00:00,2,0,0,1,305,285,1,0,0,0.0,0,clean,TypeScript,2021-2023,1.0,,1.07,0.0,0.0,0
payloadcms/payload,712647d74137d4c42a54db16d657ffeb3986a4e2,712647d741,docs: adds live preview troubleshooting tips,feature,Unknown,Jacob Fletcher,2023-11-27 08:09:26-05:00,8,0,0,0,56,0,2,0,0,0.0,0,clean,TypeScript,2021-2023,1.0,,56.0,0.0,0.0,0
payloadcms/payload,1401718b3b549ce1454389a982474dbe159eb61f,1401718b3b,feat(i18n): adds Korean translation (#4258),feature,TypeScript,Yunsup Sim,2023-11-27 10:26:53-05:00,10,0,0,0,373,0,2,0,0,0.0,0,clean,TypeScript,2021-2023,1.0,,373.0,0.0,0.0,0
payloadcms/payload,42cba2e3a1a2735437df1d418daa5be5c9d29d84,42cba2e3a1,docs: fix broken links to public demo (#4266),bugfix,Unknown,Kennet Winter,2023-11-27 10:29:05-05:00,10,0,0,0,2,2,2,0,0,0.0,1,keyword_strict,TypeScript,2021-2023,0.4,,0.67,0.0,0.0,0
refinedev/refine,68d5c4220f7c9669cb701363bc138adfb1f42696,68d5c4220f,"feat(docs): add forms and tables to general concept (#5319)  * feat(docs): add forms and tables to general concept  * feat(docs): update texts  * feat(docs): update texts  * feat(docs): update t",feature,Unknown,Alican Erdurmaz,2023-11-27 10:37:44+00:00,10,0,0,0,25,9,4,0,0,0.0,0,clean,TypeScript,2021-2023,1.0,,2.5,0.0,0.0,0
payloadcms/payload,ad62db01e763c07c46eff6adebc175eaa234563c,ad62db01e7,chore(templates): adds comments to .env.example (#4276),feature,Unknown,Jacob Fletcher,2023-11-27 10:43:03-05:00,10,0,0,0,37,13,2,0,0,0.0,0,clean,TypeScript,2021-2023,1.0,,2.64,0.0,0.0,0
payloadcms/payload,cbeb0a8bc79ea8a4ddf3f34007b42633a3969819,cbeb0a8bc7,fix(templates): uses context to prevent infinite loop in populateArchiveBlock (#4278),bugfix,TypeScript,Tylan Davis,2023-11-27 10:47:03-05:00,10,0,0,0,10,4,2,0,6,2.83,1,keyword_strict,TypeScript,2021-2023,0.4,,2.0,0.0,0.94,0
refinedev/refine,8b9e2aed09f78436957d1533405d8cca99c25fe7,8b9e2aed09,feat(docs): add introduction to TanStack Table (#5314),feature,JavaScript,Alican Erdurmaz,2023-11-27 10:58:13+03:00,10,0,0,0,1744,720,25,0,3,1.0,0,clean,TypeScript,2021-2023,1.0,,2.42,0.0,0.04,0
sequelize/sequelize,94b3bd40eb31ad87b78e47d9a8d81dc1a26a8234,94b3bd40eb,meta: update dependency typedoc-plugin-carbon-ads to v1.6.0 (#16820)  Co-authored-by: renovate[bot] <29139614+renovate[bot]@users.noreply.github.com>,docs,Unknown,renovate[bot],2023-11-27 11:34:09+00:00,11,0,0,0,10,10,2,0,0,0.0,0,clean,TypeScript,2021-2023,1.0,,0.91,0.0,0.0,0
refinedev/refine,ec9ec3e2306aa9c265154d140a62519d2064423b,ec9ec3e230,"docs: add audit logs guide (#5313)  * docs: add audit logs guide  * docs: review updates  * fix: link  * fix: access-control-provider page link and add missin /docs prefix to all links  * fix:",bugfix,JavaScript,Batuhan Wilhelm,2023-11-27 12:20:04+03:00,12,0,0,0,1071,1011,128,0,0,0.0,0,clean,TypeScript,2021-2023,1.0,,1.06,0.0,0.0,0
payloadcms/payload,1dcd3a27825ed9d276b997a66f84bb2c05e87955,1dcd3a2782,fix: prevent json data getting reset when switching tabs (#4123),bugfix,TypeScript,Jessica Chowdhury,2023-11-27 12:23:20-05:00,12,0,0,0,14,4,3,1,2,4.0,1,keyword_strict,TypeScript,2021-2023,0.4,,2.8,0.25,1.0,0
refinedev/refine,39f6d603e5b7804b0916b4ff379473fc42554a10,39f6d603e5,"docs(blog): add pnpm post (#5318)  * docs(blog): add pnpm post  * docs(blog): update description",feature,Unknown,Necati Özmen,2023-11-27 13:32:06+03:00,13,0,0,0,282,0,1,0,0,0.0,0,clean,TypeScript,2021-2023,1.0,,282.0,0.0,0.0,0
refinedev/refine,997b88536905ad0f2d650decb775b747a903efe3,997b885369,chore: update blog description,other,JavaScript,Ömer Faruk APLAK,2023-11-27 15:25:20+03:00,15,0,0,0,1,1,1,0,0,0.0,0,clean,TypeScript,2021-2023,1.0,,0.5,0.0,0.0,0
payloadcms/payload,26f6b37a20f5c5a3ed6754fd6bf2f676a52cb5d3,26f6b37a20,chore(release): bundler-vite/0.1.5 [skip ci],other,Unknown,Elliot DeNolf,2023-11-27 15:33:43-05:00,15,0,0,0,1,1,1,0,0,0.0,0,clean,TypeScript,2021-2023,1.0,,0.5,0.0,0.0,0
payloadcms/payload,443847ec716a3b87032d9d1904b6c90aadd47197,443847ec71,fix: transactions broken within doc access,bugfix,TypeScript,James,2023-11-27 15:56:18-05:00,15,0,0,0,22,22,1,0,2,5.5,0,clean,TypeScript,2021-2023,1.0,,0.96,0.0,2.75,0
payloadcms/payload,098e389147f112073a5c7a52ae6890304ae3f546,098e389147,chore(release): payload/2.2.2 [skip ci],other,Unknown,Elliot DeNolf,2023-11-27 16:11:31-05:00,16,0,0,0,17,1,2,0,0,0.0,0,clean,TypeScript,2021-2023,1.0,,8.5,0.0,0.0,0
sequelize/sequelize,5313e854fd9b81e868e5477a4fa0c117b00ab08f,5313e854fd,meta: update dependency tedious to v16.6.1 (#16822)  Co-authored-by: renovate[bot] <29139614+renovate[bot]@users.noreply.github.com>,other,Unknown,renovate[bot],2023-11-27 16:15:44+00:00,16,0,0,0,31,40,2,0,0,0.0,0,clean,TypeScript,2021-2023,1.0,,0.76,0.0,0.0,0
payloadcms/payload,9bb7a88526569a726de468de6b2010d52169ea77,9bb7a88526,feat: useDocumentEvents (#4284),feature,TypeScript,Jacob Fletcher,2023-11-27 16:16:53-05:00,16,0,0,0,93,7,6,0,7,5.14,0,clean,TypeScript,2021-2023,1.0,,11.62,0.0,0.73,0
swc-project/swc,14dbece85afe61650861d25b157f08116dce1e6d,14dbece85a,chore: Publish 1.3.100-nightly-20231128.1,other,Unknown,SWC Bot,2023-11-28 00:07:09+00:00,0,1,0,1,74,74,8,0,0,0.0,0,clean,TypeScript,2021-2023,1.0,,0.99,0.0,0.0,0
payloadcms/payload,babe3dba6a1c3e05a966920e1d46403da9e314b9,babe3dba6a,chore(db-postgres): add uuid to dependencies (#4286),feature,Unknown,Dan Ribbens,2023-11-28 09:08:08-05:00,9,1,0,0,5,1,2,0,0,0.0,0,clean,TypeScript,2021-2023,1.0,,2.5,0.0,0.0,0
payloadcms/payload,40c8909ee0003d45a1afa4524ade557268d01067,40c8909ee0,feat: add serbian (latin and cyrillic) translations (#4268),feature,TypeScript,Nikola Spalevic,2023-11-28 09:08:26-05:00,9,1,0,0,748,0,3,0,0,0.0,0,clean,TypeScript,2021-2023,1.0,,748.0,0.0,0.0,0
refinedev/refine,3fa1a5e3d3d855f46b7dc9cd5a5af8af718dd4a3,3fa1a5e3d3,"docs(blog): add terraform post (#5321)  * docs(blog): add terraform post  * docs(blog): update steps",feature,Unknown,Necati Özmen,2023-11-28 10:53:23+03:00,10,1,0,0,1135,1109,13,0,0,0.0,0,clean,TypeScript,2021-2023,1.0,,1.02,0.0,0.0,0
refinedev/refine,7fb8ec05cb8d1f02b3bbc7ed00d48c1e7ee3a816,7fb8ec05cb,chore: add .npmrc to missing examples (#5322),feature,JavaScript,Batuhan Wilhelm,2023-11-28 11:03:00+03:00,11,1,0,0,3,17,4,0,0,0.0,0,clean,TypeScript,2021-2023,1.0,,0.17,0.0,0.0,0
payloadcms/payload,21222421929ae19728c31bdccc84995ce3951224,2122242192,feat: support migrations with js files,feature,TypeScript,Elliot DeNolf,2023-11-28 11:09:25-05:00,11,1,0,0,9,3,1,0,2,2.0,0,clean,TypeScript,2021-2023,1.0,,2.25,0.0,1.0,0
payloadcms/payload,308979f31d27979955a52f32be4ea33849b48f30,308979f31d,feat(db-postgres): search for migrations dir intelligently,feature,TypeScript,Elliot DeNolf,2023-11-28 11:09:36-05:00,11,1,0,0,42,2,1,0,3,2.33,0,clean,TypeScript,2021-2023,1.0,,14.0,0.0,1.16,0
payloadcms/payload,530c825f806708df8672e66c8e9c559c5e625e5e,530c825f80,feat(db-mongodb): search for migrations dir intelligently,feature,TypeScript,Elliot DeNolf,2023-11-28 11:09:55-05:00,11,1,0,0,41,1,1,0,3,2.67,0,clean,TypeScript,2021-2023,1.0,,20.5,0.0,1.34,0
payloadcms/payload,35ce0ebc83ce571809816a9837e12010a0a672b2,35ce0ebc83,docs: migrations directory details,docs,Unknown,Elliot DeNolf,2023-11-28 11:18:04-05:00,11,1,0,0,6,0,1,0,0,0.0,0,clean,TypeScript,2021-2023,1.0,,6.0,0.0,0.0,0
payloadcms/payload,37b765cce84b349154569ffbd843fd806324be11,37b765cce8,"fix(plugin-stripe): vite support (#4279)  * chore: updates export of stripe plugin & bumps payload versions  * chore: handles type errors  * chore: adds alias for stripeREST & strepWebhooks  * f",bugfix,TypeScript,Patrik,2023-11-28 14:12:18-05:00,14,1,0,0,82,5928,18,0,17,2.12,1,keyword_strict,TypeScript,2021-2023,0.4,,0.01,0.0,0.11,0
refinedev/refine,116b8e8e745d1a5e94badae730d0ad9e67468833,116b8e8e74,"docs: introduction docs for ui integrations (#5308)  * docs: update sandpack version  * docs(ui-integrations): add intros  * docs: fix broken links  * docs(antd): update intro docs  * docs(ant",bugfix,JavaScript,Ali Emir Şen,2023-11-28 14:37:01+03:00,14,1,0,0,16445,76,50,0,42,3.31,0,clean,TypeScript,2021-2023,1.0,,213.57,0.0,0.06,0
payloadcms/payload,c1eb9d1727daf96375e73943882621127b78e593,c1eb9d1727,feat: support OAuth 2.0 format Authorization: Bearer tokens in headers,feature,TypeScript,Travis Mcgeehan,2023-11-28 16:23:18-05:00,16,1,0,0,26,18,2,0,1,8.0,0,clean,TypeScript,2021-2023,1.0,,1.37,0.0,2.67,0
payloadcms/payload,094d02ce1d85106470a1a8c6ffe9050873f2e57a,094d02ce1d,"fix(richtext-lexical): re-use payload population logic to fix population-related issues (#4291)  * chore(richtext-lexical): Add int test which reproduces the issue  * chore: Remove unnecessary await",bugfix,TypeScript,Alessio Gravili,2023-11-28 19:18:07+01:00,19,1,0,0,284,223,18,2,26,9.19,1,keyword_strict,TypeScript,2021-2023,0.4,,1.27,0.11,0.48,0
payloadcms/payload,5bf64933b4b99a0ac8ef7d1d91d0165a16636a9f,5bf64933b4,fix(richtext-lexical): HTML Converter field not working inside of tabs (#4293),bugfix,TypeScript,Alessio Gravili,2023-11-28 19:36:23+01:00,19,1,0,0,10,0,1,0,1,15.0,1,keyword_strict,TypeScript,2021-2023,0.4,,10.0,0.0,7.5,1
swc-project/swc,a87d50bb143116d0658006c033980a5aaa205abd,a87d50bb14,chore: Publish 1.3.100-nightly-20231129.1,other,Unknown,SWC Bot,2023-11-29 00:07:25+00:00,0,2,0,1,8,8,6,0,0,0.0,0,clean,TypeScript,2021-2023,1.0,,0.89,0.0,0.0,0
swc-project/swc,1853280f4fe2cac5cdedef0fe4d7e0461f64210f,1853280f4f,chore: Publish crates,other,Unknown,SWC Bot,2023-11-29 02:43:33+00:00,2,2,0,1,5,8,3,0,0,0.0,0,clean,TypeScript,2021-2023,1.0,,0.56,0.0,0.0,0
payloadcms/payload,3514bfbdaee99341ae739d03591cb63bd9415fe3,3514bfbdae,fix(db-postgres): error saving nested arrays with versions (#4302),bugfix,TypeScript,Dan Ribbens,2023-11-29 10:10:08-05:00,10,2,0,0,72,35,3,1,2,4.5,1,keyword_strict,TypeScript,2021-2023,0.4,,2.0,0.25,1.12,0
payloadcms/payload,381c158b0303b515164ae487b0ce7e555ae1a08d,381c158b03,fix(live-preview): compounds merge results (#4306),bugfix,TypeScript,Jacob Fletcher,2023-11-29 10:54:14-05:00,10,2,0,0,212,87,4,1,5,10.2,1,keyword_strict,TypeScript,2021-2023,0.4,,2.41,0.2,2.04,0
payloadcms/payload,b4af95f894b5f6614bace38ef79e7148e084bd3b,b4af95f894,fix(live-preview): removes payload from peer deps,bugfix,Unknown,Jacob Fletcher,2023-11-29 10:57:31-05:00,10,2,0,0,0,3,1,0,0,0.0,0,clean,TypeScript,2021-2023,1.0,,0.0,0.0,0.0,1
payloadcms/payload,7e1052fd98c88a4d68af08f98ccc8936edb8ebf6,7e1052fd98,fix(live-preview-react): removes payload from peer deps,bugfix,Unknown,Jacob Fletcher,2023-11-29 10:57:44-05:00,10,2,0,0,0,1,1,0,0,0.0,0,clean,TypeScript,2021-2023,1.0,,0.0,0.0,0.0,1
payloadcms/payload,6d28fc46bde3145199f11c29653a2cebae2c27b6,6d28fc46bd,docs: updates incorrect API for Reset Password (#4270)  Co-authored-by: Dan Ribbens <dan.ribbens@gmail.com>,docs,Unknown,1nfinite9,2023-11-29 11:01:44-05:00,11,2,0,0,20,9,1,0,0,0.0,0,clean,TypeScript,2021-2023,1.0,,2.0,0.0,0.0,0
payloadcms/payload,cd07873fc544766b4aeeff873dfb8d6e3e97e9dc,cd07873fc5,fix(db-postgres): allow for nested block fields to be queried (#4237)  Co-authored-by: Dan Ribbens <dan.ribbens@gmail.com>,bugfix,TypeScript,Jarrod Flesch,2023-11-29 11:03:57-05:00,11,2,0,0,96,9,4,1,3,9.0,1,keyword_strict,TypeScript,2021-2023,0.4,,9.6,0.2,1.8,1
swc-project/swc,55da0bb9ddbb661a75e24162b7bdd63d2549dca3,55da0bb9dd,chore(css/linter): Document rules require porting (#8352),docs,Unknown,Donny/강동윤,2023-11-29 11:40:33+09:00,11,2,0,0,155,0,1,0,0,0.0,0,clean,TypeScript,2021-2023,1.0,,155.0,0.0,0.0,0
payloadcms/payload,d4f28b16b4d42f224e9c5e4254f9ec55107a2f97,d4f28b16b4,fix(richtext-slate): add use client to top of tsx files importing from payload core (#4312),bugfix,Unknown,Jarrod Flesch,2023-11-29 12:19:54-05:00,12,2,0,0,22,0,11,0,0,0.0,1,keyword_strict,TypeScript,2021-2023,0.4,,22.0,0.0,0.0,2
payloadcms/payload,66679fbdd6f804bff8a58d9504c226c9fb8a57a0,66679fbdd6,fix(live-preview): property resets rte nodes (#4313),bugfix,TypeScript,Jacob Fletcher,2023-11-29 12:24:51-05:00,12,2,0,0,93,46,2,1,3,3.0,1,keyword_strict,TypeScript,2021-2023,0.4,,1.98,0.33,1.0,1
payloadcms/payload,542096361f0c13aed9c6a7d971e2c47047d8e2d2,542096361f,fix: properly exports useDocumentsEvents hook (#4314),bugfix,TypeScript,Jacob Fletcher,2023-11-29 12:26:20-05:00,12,2,0,0,2,1,2,0,0,0.0,1,keyword_strict,TypeScript,2021-2023,0.4,,1.0,0.0,0.0,2
swc-project/swc,ff719f0cdd3cf79e7afa1c136243e6fa53c5abe3,ff719f0cdd,"fix(es/fixer): Wrap yield expression in await expression (#8357)  **Related issue:**   - Closes #8356",bugfix,JavaScript,magic-akari,2023-11-29 13:39:46+00:00,13,2,0,0,18,1,4,0,3,1.33,0,clean,TypeScript,2021-2023,1.0,,9.0,0.0,0.27,0
swc-project/swc,655e95a24d7b501365a08a1e7107af6dcfdd1da1,655e95a24d,chore: Publish crates,other,Unknown,SWC Bot,2023-11-29 13:41:46+00:00,13,2,0,0,191,191,37,0,0,0.0,0,clean,TypeScript,2021-2023,1.0,,0.99,0.0,0.0,0
payloadcms/payload,d49bb4351f22f17f68477c3145594abbb60fab05,d49bb4351f,feat(live-preview): batches api requests (#4315),feature,TypeScript,Jacob Fletcher,2023-11-29 14:03:05-05:00,14,2,0,0,107,139,6,1,11,5.64,0,clean,TypeScript,2021-2023,1.0,,0.76,0.14,0.81,3
swc-project/swc,2cdea3fbeaf4a2dac662a4d019982943c0a896ba,2cdea3fbea,fix(es/codegen): Wrap quote for length greater than one (#8351),bugfix,Rust,bohan,2023-11-29 14:09:44+00:00,14,2,0,0,23,1,2,0,1,1.0,0,clean,TypeScript,2021-2023,1.0,,11.5,0.0,0.33,0
swc-project/swc,08456935361a657c95913b3bf03b0ef97dde30d8,0845693536,chore: Publish crates,other,Unknown,SWC Bot,2023-11-29 14:11:49+00:00,14,2,0,0,209,206,38,0,0,0.0,0,clean,TypeScript,2021-2023,1.0,,1.01,0.0,0.0,0
refinedev/refine,f02404d7ea4b7b018212f19c11149947724ff577,f02404d7ea,"docs(guides): update forms guide (#5327)  * docs(forms): update forms guide with server side validation and detailed router integrations  * docs(routing): add unsaved changes notifier section to use",feature,JavaScript,Ali Emir Şen,2023-11-29 14:40:23+03:00,14,2,0,0,1392,1046,20,0,6,1.0,0,clean,TypeScript,2021-2023,1.0,,1.33,0.0,0.05,0
refinedev/refine,07df2d63e2cc62a5ffe609c2ca2bebdcff413001,07df2d63e2,"docs(api-references): update `useForm` (#5328)  * docs(api-references): update useForm  * docs(use-form-api): update links  * docs(use-form): fix typo  * docs(api-use-form): update links  * do",bugfix,JavaScript,Ali Emir Şen,2023-11-29 15:01:56+03:00,15,2,0,0,928,1536,21,0,1,1.0,0,clean,TypeScript,2021-2023,1.0,,0.6,0.0,0.05,0
refinedev/refine,e5ef89dca25ce7732cf1cc3fd62c1d27bb1a932a,e5ef89dca2,"docs(blog): add exit code post (#5329)  * docs(blog): update crash loop post  * docs(blog): add exit code post  * docs(blog): update steps",feature,Unknown,Necati Özmen,2023-11-29 15:38:59+03:00,15,2,0,0,235,39,5,0,0,0.0,0,clean,TypeScript,2021-2023,1.0,,5.88,0.0,0.0,0
payloadcms/payload,b8fa61942eb83754474d28008029ff3aa966bc41,b8fa61942e,chore(examples/custom-server): removes unnused dotenv.js mock file (#4316),other,JavaScript,Jacob Fletcher,2023-11-29 16:08:16-05:00,16,2,0,0,997,919,2,0,1,1.0,0,clean,TypeScript,2021-2023,1.0,,1.08,0.0,0.33,3
payloadcms/payload,224cddd04573eff578ea3fa9ea5419f28b66c613,224cddd045,"feat: relationship sortOptions property (#4301)  * feat: adds sortOptions property to relationship field  * chore: fix lexical int tests  * feat: simplifies logic & updates joi schema definition ",bugfix,TypeScript,Patrik,2023-11-29 16:22:47-05:00,16,2,0,0,176,27,15,2,6,4.17,1,keyword_strict,TypeScript,2021-2023,0.4,,6.29,0.12,0.26,1
refinedev/refine,f8e407f85054bccf1e6ff45c84928bc01db7f5eb,f8e407f850,"feat: added hide form props for login and register page on auth page (#5307)  * Added `hideForm` props for `LoginPage` and `RegisterPage` for `AuthPage`  * feat: added hide form props for login and ",bugfix,Unknown,Jack Programs,2023-11-29 18:00:52+03:00,18,2,0,0,1113,728,19,0,40,5.8,0,clean,TypeScript,2021-2023,1.0,,1.53,0.0,0.29,0
sequelize/sequelize,826d629c63619f5bc7852fb308c67ddf8689eed9,826d629c63,meta: update dependency @types/node to v20.10.1 (#16826)  Co-authored-by: renovate[bot] <29139614+renovate[bot]@users.noreply.github.com>,other,Unknown,renovate[bot],2023-11-29 21:35:56+00:00,21,2,0,0,6,6,2,0,0,0.0,0,clean,TypeScript,2021-2023,1.0,,0.86,0.0,0.0,0
payloadcms/payload,3502ce720b3020eed5fc733884b525303faa4c15,3502ce720b,fix: incorrect key property in Tabs field component (#4311)  Fixes #4282,bugfix,TypeScript,Alessio Gravili,2023-11-29 22:18:40+01:00,22,2,0,1,126,29,11,1,16,2.56,1,keyword_strict,TypeScript,2021-2023,0.4,,4.2,0.08,0.21,2
swc-project/swc,60ebd11064a4d119be2628034d9d7bb9380f6ed6,60ebd11064,chore: Publish 1.3.100-nightly-20231130.1,other,Unknown,SWC Bot,2023-11-30 00:07:21+00:00,0,3,0,1,74,74,8,0,0,0.0,0,clean,TypeScript,2021-2023,1.0,,0.99,0.0,0.0,0
payloadcms/payload,30d050ef86bc3a6ce0ff4f7fd018cd34c701e7d7,30d050ef86,chore: fix telemetry user id type string (#4321),bugfix,TypeScript,Dan Ribbens,2023-11-30 09:26:51-05:00,9,3,0,0,2,2,1,0,1,3.0,1,keyword_strict,TypeScript,2021-2023,0.4,,0.67,0.0,1.5,1
payloadcms/payload,9da9b1fc5050d4f29bcf6dce2f22027834aaf698,9da9b1fc50,fix: duplicate documents with required localized fields (#4236),bugfix,TypeScript,Dan Ribbens,2023-11-30 09:27:24-05:00,9,3,0,0,78,24,4,1,4,5.5,1,keyword_strict,TypeScript,2021-2023,0.4,,3.12,0.2,1.1,2
payloadcms/payload,57fc2116749059bc55161897cf139031926035ec,57fc211674,fix(live-preview): re-populates externally updated relationships (#4287),bugfix,TypeScript,Jacob Fletcher,2023-11-30 09:47:56-05:00,9,3,0,0,148,25,7,1,11,7.55,1,keyword_strict,TypeScript,2021-2023,0.4,,5.69,0.12,0.94,3
payloadcms/payload,9cc88bb47443ecdf525f4c99d9f13d81c141c471,9cc88bb474,fix: properly sets tabs key in fieldSchemaToJSON (#4317),bugfix,TypeScript,Jacob Fletcher,2023-11-30 09:48:37-05:00,9,3,0,0,47,6,4,1,3,4.67,1,keyword_strict,TypeScript,2021-2023,0.4,,6.71,0.2,0.93,4
payloadcms/payload,4adc30b034a740f460c4c4d9c91d818d5321fbda,4adc30b034,chore: fixes failing postgres int test for live preview (#4329),bugfix,TypeScript,Jacob Fletcher,2023-11-30 10:30:09-05:00,10,3,0,0,10,10,5,1,7,2.43,1,keyword_strict,TypeScript,2021-2023,0.4,,0.91,0.17,0.4,5
refinedev/refine,9a0232eb46908dbc9864eee00c59c3f8b85ff1a3,9a0232eb46,"docs: handle missing redirects (#5333)  * docs: handle missing redirects  * docs: fix redirect paths",bugfix,JavaScript,Ali Emir Şen,2023-11-30 10:31:01+03:00,10,3,0,0,13,1,1,0,1,2.0,0,clean,TypeScript,2021-2023,1.0,,6.5,0.0,1.0,0
payloadcms/payload,a0859114eba86792c957a9bea4f8a07be53513ca,a0859114eb,chore(richtext-*): bump payload peer dep,other,Unknown,Elliot DeNolf,2023-11-30 10:59:26-05:00,10,3,0,0,2,2,2,0,0,0.0,0,clean,TypeScript,2021-2023,1.0,,0.67,0.0,0.0,0
payloadcms/payload,53958d4662aa6bfb8b7397b2e205c6d3a09aa7c1,53958d4662,chore(release): payload/2.3.0 [skip ci],other,Unknown,Elliot DeNolf,2023-11-30 11:05:49-05:00,11,3,0,0,49,1,2,0,0,0.0,0,clean,TypeScript,2021-2023,1.0,,24.5,0.0,0.0,0
payloadcms/payload,176550d26b7cb2ae4c34ad6aa6f70302588a1a75,176550d26b,chore(release): richtext-lexical/0.3.0 [skip ci],other,Unknown,Elliot DeNolf,2023-11-30 11:07:44-05:00,11,3,0,0,1,1,1,0,0,0.0,0,clean,TypeScript,2021-2023,1.0,,0.5,0.0,0.0,0
payloadcms/payload,45a3e31c954aa927bd2cfd4e6bc068c75483a15a,45a3e31c95,chore(release): db-mongodb/1.1.0 [skip ci],other,Unknown,Elliot DeNolf,2023-11-30 11:10:33-05:00,11,3,0,0,1,1,1,0,0,0.0,0,clean,TypeScript,2021-2023,1.0,,0.5,0.0,0.0,0
payloadcms/payload,8f5867e8762e84beda4df8e741bf8fab3414d975,8f5867e876,chore(release): db-postgres/0.2.0 [skip ci],other,Unknown,Elliot DeNolf,2023-11-30 11:10:44-05:00,11,3,0,0,1,1,1,0,0,0.0,0,clean,TypeScript,2021-2023,1.0,,0.5,0.0,0.0,0
payloadcms/payload,7bfdb2627acad055b232ad9a072ef56cc71d5ab6,7bfdb2627a,chore(release): live-preview/0.2.0 [skip ci],other,Unknown,Elliot DeNolf,2023-11-30 11:10:55-05:00,11,3,0,0,1,1,1,0,0,0.0,0,clean,TypeScript,2021-2023,1.0,,0.5,0.0,0.0,0
payloadcms/payload,b39b52dbd32e66e4fbb0305d13bbdaa4d2fa09f9,b39b52dbd3,chore(release): live-preview-react/0.2.0 [skip ci],other,Unknown,Elliot DeNolf,2023-11-30 11:11:03-05:00,11,3,0,0,1,1,1,0,0,0.0,0,clean,TypeScript,2021-2023,1.0,,0.5,0.0,0.0,0
payloadcms/payload,34e89ff5db360296677299f7ee9c5a4d82d45f1d,34e89ff5db,chore(release): richtext-slate/1.2.1 [skip ci],other,Unknown,Elliot DeNolf,2023-11-30 11:11:28-05:00,11,3,0,0,1,1,1,0,0,0.0,0,clean,TypeScript,2021-2023,1.0,,0.5,0.0,0.0,0
payloadcms/payload,9beb9c8627cb64cd5bed79ed1297b7e89a08bf12,9beb9c8627,chore(richtext-lexical): ensure CSS is not accidentally overridden (#4324),other,Unknown,Alessio Gravili,2023-11-30 11:55:02+01:00,11,3,0,0,4,4,2,0,0,0.0,0,clean,TypeScript,2021-2023,1.0,,0.8,0.0,0.0,3
payloadcms/payload,0cc91d73778464367e1318e124817a0c1e3b9e95,0cc91d7377,docs: update mongoOptions to connectOptions (#4334),docs,Unknown,Dan Ribbens,2023-11-30 12:39:32-05:00,12,3,0,0,71,26,1,0,0,0.0,0,clean,TypeScript,2021-2023,1.0,,2.63,0.0,0.0,3
refinedev/refine,c15f2fce6543f1804eb1175a81474122d0b11aef,c15f2fce65,fix: broken links (#5334),bugfix,Unknown,Batuhan Wilhelm,2023-11-30 13:08:35+03:00,13,3,0,0,527,705,5,0,0,0.0,0,clean,TypeScript,2021-2023,1.0,,0.75,0.0,0.0,0
swc-project/swc,02add74b73c33b99d169212c9877bb02ccf2680f,02add74b73,"chore: Publish `v1.3.100` with `swc_core` `v0.86.84` (#8359)  **Related issue:**   - Closes #8355",other,Unknown,Donny/강동윤,2023-11-30 14:14:46+09:00,14,3,0,0,398,398,24,0,0,0.0,0,clean,TypeScript,2021-2023,1.0,,1.0,0.0,0.0,0
swc-project/swc,d19de29937b4a336412e076e862d0aa63be245a7,d19de29937,chore: Publish crates,other,Unknown,강동윤 (Donny),2023-11-30 14:16:00+09:00,14,3,0,0,871,387,5,0,0,0.0,0,clean,TypeScript,2021-2023,1.0,,2.24,0.0,0.0,0
payloadcms/payload,2f8bcc977be987bf5bfd05b4906d88c8a8165967,2f8bcc977b,fix(templates): adjust graphql endpoint,bugfix,TypeScript,Elliot DeNolf,2023-11-30 16:19:46-05:00,16,3,0,0,6,4,6,0,6,4.83,0,clean,TypeScript,2021-2023,1.0,,1.2,0.0,0.69,0
payloadcms/payload,ff61d5a0992ec34860da2d8c7f62382ef963f029,ff61d5a099,chore(richtext-*): roll-back richtext adapter change,other,TypeScript,Alessio Gravili,2023-11-30 16:25:17+01:00,16,3,0,0,22,34,5,0,10,1.8,0,clean,TypeScript,2021-2023,1.0,,0.63,0.0,0.3,3
payloadcms/payload,ee670b2b20d64bacc99f4ed9dc36ab713dc83b3b,ee670b2b20,chore: introduces graphql_api_url to website template,other,TypeScript,James,2023-11-30 16:58:30-05:00,16,3,0,0,18,11,7,0,8,5.0,0,clean,TypeScript,2021-2023,1.0,,1.5,0.0,0.62,0
payloadcms/payload,74e8051bb687ed8aca577bccd01af7e8c746dff8,74e8051bb6,chore(templates): GRAPHQL_API_URL to ecommerce template,other,TypeScript,Elliot DeNolf,2023-11-30 17:01:19-05:00,17,3,0,0,19,9,6,0,7,5.0,0,clean,TypeScript,2021-2023,1.0,,1.9,0.0,0.71,0
payloadcms/payload,02f407e995b331f9ca1ea58c34f6c8a9ee361dd6,02f407e995,chore: lints,other,TypeScript,James,2023-11-30 17:12:01-05:00,17,3,0,0,2,4,2,0,0,0.0,0,clean,TypeScript,2021-2023,1.0,,0.4,0.0,0.0,0
payloadcms/payload,c00cbaabbcd709287410798550f710c09a178123,c00cbaabbc,chore: lints,other,TypeScript,James,2023-11-30 18:34:38-05:00,18,3,0,0,0,2,2,0,0,0.0,0,clean,TypeScript,2021-2023,1.0,,0.0,0.0,0.0,0
swc-project/swc,d0a885d3584d3817733567e6af6e4f46e1a81964,d0a885d358,chore: Publish 1.3.101-nightly-20231201.1,other,Unknown,SWC Bot,2023-12-01 00:07:48+00:00,0,4,0,1,17,17,8,0,0,0.0,0,clean,TypeScript,2021-2023,1.0,,0.94,0.0,0.0,0
refinedev/refine,9321a02a8f909d933088374d33a486bb9330512e,9321a02a8f,fix(inferencer): material ui snapshots tests (#5335),bugfix,Unknown,Alican Erdurmaz,2023-12-01 09:10:48+03:00,9,4,0,0,92,85,3,2,0,0.0,0,clean,TypeScript,2021-2023,1.0,,1.07,0.5,0.0,0
payloadcms/payload,ef84a2cfffbb1be52dd948e59eeec0ce324e9046,ef84a2cfff,fix(richtext-lexical): Blocks node: incorrect conversion from v1 node to v2 node,bugfix,Unknown,Alessio Gravili,2023-12-01 09:28:44+01:00,9,4,0,0,1,1,1,0,0,0.0,0,clean,TypeScript,2021-2023,1.0,,0.5,0.0,0.0,3
payloadcms/payload,3e745e91da620a00e3f0f91892ee3ec66ba72bc0,3e745e91da,"fix(richtext-lexical): blocks content may be hidden behind components outside of the editor (#4325)  * chore(richtext-lexical): add e2e test to reproduce the issue  * fix the issue",bugfix,TypeScript,Alessio Gravili,2023-12-01 09:46:21+01:00,9,4,0,0,64,0,2,1,1,1.0,1,keyword_strict,TypeScript,2021-2023,0.4,,64.0,0.33,0.33,3
payloadcms/payload,293cee6f90481cf2d5c41093bde77c2c35b500ca,293cee6f90,chore(plugin-stripe): rename build script to _build (#4344),refactor,Unknown,Alessio Gravili,2023-12-01 10:04:37+01:00,10,4,0,0,1,1,1,0,0,0.0,0,clean,TypeScript,2021-2023,1.0,,0.5,0.0,0.0,4
payloadcms/payload,bea79feaeaee18bf94dd04262f134483f1468494,bea79feaea,fix: ensure doc controls are not hidden behind lexical field (#4345),bugfix,Unknown,Alessio Gravili,2023-12-01 10:23:39+01:00,10,4,0,0,1,1,1,0,0,0.0,1,keyword_strict,TypeScript,2021-2023,0.4,,0.5,0.0,0.0,4
payloadcms/payload,fe888b5f6ceaa3969eac759cbdfb109b106dae05,fe888b5f6c,fix: query validation on relationship fields (#4353),bugfix,TypeScript,Jarrod Flesch,2023-12-01 16:03:58-05:00,16,4,0,0,67,11,3,1,3,9.33,1,keyword_strict,TypeScript,2021-2023,0.4,,5.58,0.25,2.33,3
payloadcms/payload,156ffdd18c5962f367eb69b782f01e442a012649,156ffdd18c,chore(release): payload/2.3.1 [skip ci],other,Unknown,Elliot DeNolf,2023-12-01 16:18:48-05:00,16,4,0,0,11,1,2,0,0,0.0,0,clean,TypeScript,2021-2023,1.0,,5.5,0.0,0.0,0
payloadcms/payload,b6f02765ebb91727440fcbdd07cdc1a2efef3490,b6f02765eb,chore(release): richtext-lexical/0.3.1 [skip ci],other,Unknown,Elliot DeNolf,2023-12-01 16:19:58-05:00,16,4,0,0,1,1,1,0,0,0.0,0,clean,TypeScript,2021-2023,1.0,,0.5,0.0,0.0,0
payloadcms/payload,0bd12e01d73e978f83b38d4bfbc2cf63490f30fc,0bd12e01d7,docs: update software requirements to mention pnpm (#4335)  Co-authored-by: Jacob Fletcher <jacobsfletch@gmail.com>,docs,Unknown,Markus Machatschek,2023-12-01 16:25:21-05:00,16,4,0,0,1,1,1,0,0,0.0,0,clean,TypeScript,2021-2023,1.0,,0.5,0.0,0.0,0
payloadcms/payload,5f173241df6dc316d498767b1c81718e9c2b9a51,5f173241df,feat: async live preview urls (#4339),feature,TypeScript,Jacob Fletcher,2023-12-01 16:25:39-05:00,16,4,0,0,189,27,19,1,16,2.19,0,clean,TypeScript,2021-2023,1.0,,6.75,0.05,0.11,6
payloadcms/payload,b634d5e552b086da04b833ee39c7c07b0d3716c0,b634d5e552,docs: fix ul and ol tags mentioned in lexical rte (#4338),bugfix,Unknown,Renat Sagdeev,2023-12-01 16:29:43-05:00,16,4,0,0,2,2,1,0,0,0.0,1,keyword_strict,TypeScript,2021-2023,0.4,,0.67,0.0,0.0,0
payloadcms/payload,06bf6a426e8f7b51e10638a010f65eceefa52dd1,06bf6a426e,docs: destructures vite bundler import (#4280),docs,Unknown,Jessica Chowdhury,2023-12-01 16:32:10-05:00,16,4,0,0,1,1,1,0,0,0.0,0,clean,TypeScript,2021-2023,1.0,,0.5,0.0,0.0,1
payloadcms/payload,fcbe5744d945dc43642cdaa2007ddc252ecafafa,fcbe5744d9,fix: upload editing error with plugin-cloud (#4170)  Co-authored-by: Jarrod Flesch <jarrodmflesch@gmail.com>,bugfix,TypeScript,Jessica Chowdhury,2023-12-01 16:35:12-05:00,16,4,0,0,64,14,7,0,10,5.7,1,keyword_strict,TypeScript,2021-2023,0.4,,4.27,0.0,0.71,1
refinedev/refine,447b467c38a8785301965ddd9df158d00d472784,447b467c38,chore: update example README (#5338),docs,Unknown,Necati Özmen,2023-12-01 17:16:06+03:00,17,4,0,0,1,1,1,0,0,0.0,0,clean,TypeScript,2021-2023,1.0,,0.5,0.0,0.0,0
payloadcms/payload,03a387233d1b8876a2fcaa5f3b3fd5ed512c0bc4,03a387233d,fix(live-preview): sends raw js objects through window.postMessage instead of json (#4354),bugfix,TypeScript,Jacob Fletcher,2023-12-01 17:50:55-05:00,17,4,0,0,48,42,5,1,8,4.75,1,keyword_strict,TypeScript,2021-2023,0.4,,1.12,0.17,0.79,6
swc-project/swc,98c47df37a6bbda8bedc5ca532e48c12d4139c7a,98c47df37a,chore: Publish crates,other,Unknown,SWC Bot,2023-12-01 20:08:13+00:00,20,4,0,0,1136,1626,82,0,0,0.0,0,clean,TypeScript,2021-2023,1.0,,0.7,0.0,0.0,0
sequelize/sequelize,388b971f4a0c09df83ad8b4a3dd6a2e1f4218ec8,388b971f4a,meta: update dependency @types/node to v20.10.2 (#16830)  Co-authored-by: renovate[bot] <29139614+renovate[bot]@users.noreply.github.com>,other,Unknown,renovate[bot],2023-12-01 21:40:52+00:00,21,4,0,0,6,6,2,0,0,0.0,0,clean,TypeScript,2021-2023,1.0,,0.86,0.0,0.0,0
sequelize/sequelize,0f456f1a6c4d4a2001a2c5e2d19e8989fd3ac6bb,0f456f1a6c,meta: update dependency eslint to v8.55.0 (#16831)  Co-authored-by: renovate[bot] <29139614+renovate[bot]@users.noreply.github.com>,other,Unknown,renovate[bot],2023-12-01 22:40:37+00:00,22,4,0,1,16,16,2,0,0,0.0,0,clean,TypeScript,2021-2023,1.0,,0.94,0.0,0.0,0
payloadcms/payload,fad0398a481536a469fd11a4921d18df7e05ffd8,fad0398a48,chore: moves ui components,other,TypeScript,Jacob Fletcher,2023-12-01 22:49:52-05:00,22,4,0,1,48,4,53,0,3,1.33,0,clean,TypeScript,2021-2023,1.0,,9.6,0.0,0.02,7
payloadcms/payload,c5bc3e27a824de196dab27ef0aafd46b5bdf2524,c5bc3e27a8,chore: moves dashboard view and related components,other,TypeScript,Jacob Fletcher,2023-12-01 22:49:59-05:00,22,4,0,1,181,201,71,0,32,2.5,0,clean,TypeScript,2021-2023,1.0,,0.9,0.0,0.03,7
payloadcms/payload,ff4c76e3a228c70d30efc21fcfc1b61ccc748033,ff4c76e3a2,chore: moves login view and begins i18n,other,TypeScript,Jacob Fletcher,2023-12-01 22:49:59-05:00,22,4,0,1,259,209,30,0,19,2.37,0,clean,TypeScript,2021-2023,1.0,,1.23,0.0,0.08,7
payloadcms/payload,533e0fb10d9525fbdb98750bee88ed79380cc72d,533e0fb10d,chore: moves auth provider,other,TypeScript,Jacob Fletcher,2023-12-01 22:49:59-05:00,22,4,0,1,169,153,17,0,17,2.76,0,clean,TypeScript,2021-2023,1.0,,1.1,0.0,0.15,7
swc-project/swc,79966b9d2679d7ad8f0aac19aeef048766338ccf,79966b9d26,chore: Publish 1.3.101-nightly-20231202.1,other,Unknown,SWC Bot,2023-12-02 00:06:52+00:00,0,5,1,1,109,109,8,0,0,0.0,0,clean,TypeScript,2021-2023,1.0,,0.99,0.0,0.0,0
payloadcms/payload,b002cf3031ba6b1b90cda67f90618a5620032db2,b002cf3031,chore: moves forms and related components,other,TypeScript,Jacob Fletcher,2023-12-02 03:44:52-05:00,3,5,1,1,445,444,261,1,3,3.0,0,clean,TypeScript,2021-2023,1.0,,1.0,0.0,0.01,7
swc-project/swc,1e8edb4769874eda94d862caee1b25513143a80e,1e8edb4769,"chore(atoms): Evaluate `.into()` in `AtomStoreCell` eagerly (#8363)  **Related issue:**    - Closes #8362",other,Rust,David Sherret,2023-12-02 05:06:12+09:00,5,5,1,1,2,0,1,0,1,1.0,0,clean,TypeScript,2021-2023,1.0,,2.0,0.0,0.5,0
swc-project/swc,c2d1a6c9fee715d72594389360b47ed2395d8745,c2d1a6c9fe,chore(deps): Update `base64` to `v0.21` (#8369),other,Rust,Redfire,2023-12-02 11:40:56+00:00,11,5,1,0,53,37,12,0,5,12.0,0,clean,TypeScript,2021-2023,1.0,,1.39,0.0,0.92,0
swc-project/swc,c77f987b9b5b98e7b29f94e4d9098cf6f5319b0d,c77f987b9b,chore: Publish crates,other,Unknown,SWC Bot,2023-12-02 11:43:08+00:00,11,5,1,0,209,209,38,0,0,0.0,0,clean,TypeScript,2021-2023,1.0,,1.0,0.0,0.0,0
refinedev/refine,c4b85293f4bc601028599479f9f2d7af6f007bba,c4b85293f4,chore: Fix `blog-refine-digital-ocean` example (#5342),bugfix,Unknown,Batuhan Wilhelm,2023-12-02 20:24:06+03:00,20,5,1,0,53,72,4,0,5,3.0,0,clean,TypeScript,2021-2023,1.0,,0.73,0.0,0.6,0
swc-project/swc,630f9d342fcb396074168cc379776774a832d73e,630f9d342f,"fix(es/compat): Fix destructuring of export class/function (#8371)  **Related issue:**  - Closes #8366",bugfix,JavaScript,magic-akari,2023-12-02 23:23:06+00:00,23,5,1,1,41,1,4,0,5,1.4,0,clean,TypeScript,2021-2023,1.0,,20.5,0.0,0.28,0
swc-project/swc,9a41fac89f0950de53ebc971283856368ca7d597,9a41fac89f,chore: Publish crates,other,Unknown,SWC Bot,2023-12-02 23:25:06+00:00,23,5,1,1,110,110,25,0,0,0.0,0,clean,TypeScript,2021-2023,1.0,,0.99,0.0,0.0,0
swc-project/swc,7c666caed250c54cbaa94db4555a54960f48e1ce,7c666caed2,chore: Publish 1.3.101-nightly-20231203.1,other,Unknown,SWC Bot,2023-12-03 00:07:30+00:00,0,6,1,1,78,84,8,0,0,0.0,0,clean,TypeScript,2021-2023,1.0,,0.92,0.0,0.0,0
swc-project/swc,83c8fe56f06eec5f84b87d945262b8be119b827b,83c8fe56f0,"fix(es/lints): Ignore ambient context binding  (#8368)  **Related issue:** - Closes #8367",bugfix,JavaScript,magic-akari,2023-12-03 00:43:00+00:00,0,6,1,1,23,135,7,0,5,1.8,0,clean,TypeScript,2021-2023,1.0,,0.17,0.0,0.22,0
swc-project/swc,c73abc83194e6a326089c0128fd3a765d2542967,c73abc8319,chore: Publish crates,other,Unknown,SWC Bot,2023-12-03 00:44:55+00:00,0,6,1,1,26,26,9,0,0,0.0,0,clean,TypeScript,2021-2023,1.0,,0.96,0.0,0.0,0
swc-project/swc,91e0fc7250bed3ccf7078938e67e8ed23a539b56,91e0fc7250,"chore(deps): Update `indexmap` to `v2` (#8370)  **Description:**  Updates `indexmap` to `v2`, reducing dependency duplication. Unfortunately there are still many dependencies that require `v1`, incl",other,Unknown,Redfire,2023-12-03 01:12:30+00:00,1,6,1,1,31,30,15,0,0,0.0,0,clean,TypeScript,2021-2023,1.0,,1.0,0.0,0.0,0
swc-project/swc,c6e64148b0713b1aa6861b87c1dfe7b013881fd3,c6e64148b0,chore: Publish crates,other,Unknown,SWC Bot,2023-12-03 01:14:41+00:00,1,6,1,1,412,412,52,0,0,0.0,0,clean,TypeScript,2021-2023,1.0,,1.0,0.0,0.0,0
sequelize/sequelize,a1ee6351bc9dd3710dbcfac7da9e52e75cd6ff50,a1ee6351bc,meta: update dependency lint-staged to v15.2.0 (#16832)  Co-authored-by: renovate[bot] <29139614+renovate[bot]@users.noreply.github.com>,other,Unknown,renovate[bot],2023-12-03 18:22:12+00:00,18,6,1,0,96,48,2,0,0,0.0,0,clean,TypeScript,2021-2023,1.0,,1.96,0.0,0.0,0
sequelize/sequelize,5eec02e4929bfe9a5d8d6f0f4d89b429065ffd7d,5eec02e492,meta: update dependency @types/node to v20.10.3 (#16833)  Co-authored-by: renovate[bot] <29139614+renovate[bot]@users.noreply.github.com>,other,Unknown,renovate[bot],2023-12-03 19:06:44+00:00,19,6,1,0,6,6,2,0,0,0.0,0,clean,TypeScript,2021-2023,1.0,,0.86,0.0,0.0,0
swc-project/swc,34370b18ce0d8102cb865210989164a3baba7870,34370b18ce,chore: Publish 1.3.101-nightly-20231204.1,other,Unknown,SWC Bot,2023-12-04 00:07:05+00:00,0,0,0,1,11,11,7,0,0,0.0,0,clean,TypeScript,2021-2023,1.0,,0.92,0.0,0.0,0
sequelize/sequelize,2a2ac83d1c99ed271875f9c6b33ff5c0ec5a6306,2a2ac83d1c,meta: lock file maintenance (#16834)  Co-authored-by: renovate[bot] <29139614+renovate[bot]@users.noreply.github.com>,other,Unknown,renovate[bot],2023-12-04 02:44:42+00:00,2,0,0,1,327,314,1,0,0,0.0,0,clean,TypeScript,2021-2023,1.0,,1.04,0.0,0.0,0
swc-project/swc,7327f257d2133ba2507990a73a11a2f58dfd826c,7327f257d2,chore: Publish crates,other,Unknown,SWC Bot,2023-12-04 09:00:34+00:00,9,0,0,0,120,123,27,0,0,0.0,0,clean,TypeScript,2021-2023,1.0,,0.97,0.0,0.0,0
refinedev/refine,30a2834a819ef857506b5c932500868e458fd319,30a2834a81,chore: updated deprecated use of antd Progress (#5207),other,Unknown,Andres Kalle,2023-12-04 09:52:31+03:00,9,0,0,0,7,2,3,0,3,5.67,0,clean,TypeScript,2021-2023,1.0,,2.33,0.0,1.42,0
refinedev/refine,011eef1a96cb9dd3c51007cb8487a5c76fa34ba2,011eef1a96,"fix(strapi-v4): errors messages are undefined (#5285)  * fix(strapi-v4): errors messages are undefined  * chore(strapi-v4): add test  * chore(strapi-v4): update test name",bugfix,TypeScript,Alican Erdurmaz,2023-12-04 09:54:08+03:00,9,0,0,0,92,6,4,2,4,1.5,0,clean,TypeScript,2021-2023,1.0,,13.14,0.4,0.3,0
refinedev/refine,1b031a2c19126ec1c01a85ecfbc794dc82480776,1b031a2c19,"chore(devtools): avoid errors when ports are already in use (#5296)  * chore(cli): update `devtools` flag  * chore(devtools-server): avoid crashing on port in use errors  * chore(devtools-server):",bugfix,TypeScript,Ali Emir Şen,2023-12-04 09:54:36+03:00,9,0,0,0,73,21,6,0,8,1.88,0,clean,TypeScript,2021-2023,1.0,,3.32,0.0,0.27,0
refinedev/refine,00ac8123475748875df513a829684002677b5f43,00ac812347,chore(devtools-ui): remove unused dependencies (#5303),other,Unknown,Ali Emir Şen,2023-12-04 09:54:56+03:00,9,0,0,0,5,1,2,0,0,0.0,0,clean,TypeScript,2021-2023,1.0,,2.5,0.0,0.0,0
refinedev/refine,3bdb9cb1cb4cdcfaf363e7e9938737ed6f8e634e,3bdb9cb1cb,"fix: return type is not mentioned correctly in useOne hook (#5316)  * fix: return types of useOne, useSelect, useShow, useMany and useForm lost TError type  * chore: typo fix  ---------  Co-auth",bugfix,TypeScript,Shankeerthan Kasilingam,2023-12-04 09:56:13+03:00,9,0,0,0,38,30,11,0,2,2.0,0,clean,TypeScript,2021-2023,1.0,,1.23,0.0,0.17,0
refinedev/refine,1bc21de08bae1dfed34651013d12d76b4ec6e875,1bc21de08b,fix: added missing files in refine.config.js for package nestjsx-crud (#5300)  Co-authored-by: Omer Aplak <omer@refine.dev>,bugfix,JavaScript,Shankeerthan Kasilingam,2023-12-04 09:56:59+03:00,9,0,0,0,15,0,2,0,0,0.0,0,clean,TypeScript,2021-2023,1.0,,15.0,0.0,0.0,0
refinedev/refine,17aa8c1cd6858c5a2b0c996c97230047e049bf3b,17aa8c1cd6,"feat(core): add required `key` prop for `<Authenticated />` (#5323)  * feat(core): add required key prop to authenticated  * feat(examples): addkey prop to authenticated on examples  * feat(core):",bugfix,TypeScript,Alican Erdurmaz,2023-12-04 09:58:19+03:00,9,0,0,0,675,367,66,1,65,1.83,0,clean,TypeScript,2021-2023,1.0,,1.83,0.01,0.03,0
refinedev/refine,7ff54b2060b0ce942c4170f744cbdf52d0940434,7ff54b2060,fix: `<AuthPage />` styling issues on mobile screens (#5325),bugfix,TypeScript,Alican Erdurmaz,2023-12-04 09:59:48+03:00,9,0,0,0,280,174,22,0,22,6.68,0,clean,TypeScript,2021-2023,1.0,,1.6,0.0,0.29,0
refinedev/refine,dd8f1270f692d1eec279973e53fcc5a7e650b983,dd8f1270f6,fix(core): hideForm should not render submit button but should render register link (#5343),bugfix,Unknown,Alican Erdurmaz,2023-12-04 10:04:34+03:00,10,0,0,0,258,105,5,2,11,2.18,0,clean,TypeScript,2021-2023,1.0,,2.43,0.33,0.36,0
refinedev/refine,7c8827b43d9e378818be6ee23032925c97ce02d5,7c8827b43d,"feat: upgrade axios and nock versions (#5330)  * feat: upgrade axios and nock versions  * fix: remove redundant script  * chore: remove redundant packages and examples  * fix: versions for examp",bugfix,TypeScript,Batuhan Wilhelm,2023-12-04 10:07:20+03:00,10,0,0,0,976,7556,232,40,178,1.69,0,clean,TypeScript,2021-2023,1.0,,0.13,0.17,0.01,0
refinedev/refine,a23a0945d3fe003ae081fca1c47312dd6bf8c2ee,a23a0945d3,feat: add autocomplete attribute for login page inputs (#5269),feature,Unknown,Batuhan Wilhelm,2023-12-04 10:09:42+03:00,10,0,0,0,13,2,6,0,1,21.0,0,clean,TypeScript,2021-2023,1.0,,4.33,0.0,3.0,0
refinedev/refine,ced314bc8a0ff358fee63a8e80cf5118772ea154,ced314bc8a,"feat(nestjsx-crud): add join support for getOne (#5229)  * feat(nestjs-query): add join support for getOne  * fix(nestjs-query): include meta as parameter in getOne  ---------  Co-authored-by: y",bugfix,TypeScript,dzcpy,2023-12-04 10:10:06+03:00,10,0,0,0,6,2,1,0,3,1.0,0,clean,TypeScript,2021-2023,1.0,,2.0,0.0,0.5,0
refinedev/refine,491aaafcec7f808c17a66cc6758a9b9d9d19acf8,491aaafcec,docs: update sidebar and docs structure (#5337),docs,TypeScript,Ali Emir Şen,2023-12-04 11:05:16+03:00,11,0,0,0,54858,56901,849,1,3,1.33,0,clean,TypeScript,2021-2023,1.0,,0.96,0.0,0.0,0
refinedev/refine,4c49ef0a0660c2941c983025a187d45b521aa27c,4c49ef0a06,"feat(core): welcome page redesign (#5339)  * feat(core): welcome page redesign  * chore(welcome): place welcome page at edges  * chore(welcome): add bottom spacing to cards  * chore(welcome): up",bugfix,Unknown,Alican Erdurmaz,2023-12-04 11:10:05+03:00,11,0,0,0,130,124,2,0,4,4.25,0,clean,TypeScript,2021-2023,1.0,,1.04,0.0,1.42,0
refinedev/refine,c6636fbc5150b70f1914c56194148a5a62c76135,c6636fbc51,ci(changesets): version packages (#5331)  Co-authored-by: github-actions[bot] <github-actions[bot]@users.noreply.github.com>,other,Unknown,Refine Community Bot,2023-12-04 11:50:51+03:00,11,0,0,0,1209,1064,271,0,0,0.0,0,clean,TypeScript,2021-2023,1.0,,1.14,0.0,0.0,0
payloadcms/payload,65adfd21ed538b79628dc4f8ce9e1a5a1bba6aed,65adfd21ed,fix: uploads files after validation (#4218),bugfix,TypeScript,Jessica Chowdhury,2023-12-04 12:38:23-05:00,12,0,0,0,24,8,2,1,0,0.0,1,keyword_strict,TypeScript,2021-2023,0.4,,2.67,0.33,0.0,2
refinedev/refine,b1843af854a717db1b827a57ea458fb49cfcb708,b1843af854,"docs: fix breadcrumb microdata (#5345)  * docs: fix breadcrumbs  * docs: fix breadcrumb style",bugfix,Unknown,Ali Emir Şen,2023-12-04 13:39:09+03:00,13,0,0,0,82,50,1,0,2,2.0,0,clean,TypeScript,2021-2023,1.0,,1.61,0.0,1.0,0
refinedev/refine,b99df2ef7347a75fe0dd99a57faac3560501aa87,b99df2ef73,docs(blog): add grapql post (#5344),feature,Unknown,Necati Özmen,2023-12-04 13:47:17+03:00,13,0,0,0,340,0,1,0,0,0.0,0,clean,TypeScript,2021-2023,1.0,,340.0,0.0,0.0,0
payloadcms/payload,3b8a27d199b3969cbca6ca750450798cb70f21e8,3b8a27d199,"feat: pass path to FieldDescription (#4364)  fix: DescriptionFunction type  Co-authored-by: Jarrod Flesch <jarrodmflesch@gmail.com>",bugfix,TypeScript,Timothy Choi,2023-12-04 13:59:18-05:00,13,0,0,0,130,46,27,1,17,6.18,1,keyword_strict,TypeScript,2021-2023,0.4,,2.77,0.04,0.22,0
refinedev/refine,c04aa79c9f565f6fa7af97c8d891078a178d1fda,c04aa79c9f,docs(blog-toc): fix toc scroll,bugfix,Unknown,Ali Emir Şen,2023-12-04 14:11:51+03:00,14,0,0,0,1,4,1,0,2,2.0,0,clean,TypeScript,2021-2023,1.0,,0.2,0.0,1.0,0
refinedev/refine,7527951e65e926d5a0e84097a410e0b2644ecac5,7527951e65,docs(scroll-behavior): disable smooth scroll,docs,Unknown,Ali Emir Şen,2023-12-04 14:25:40+03:00,14,0,0,0,4,0,1,0,0,0.0,0,clean,TypeScript,2021-2023,1.0,,4.0,0.0,0.0,0
payloadcms/payload,7b2eb0c175982bb9d453bf601e74be2099f370a1,7b2eb0c175,docs: updates afterInput example (#4378),docs,Unknown,Patrik,2023-12-04 14:35:08-05:00,14,0,0,0,3,1,1,0,0,0.0,0,clean,TypeScript,2021-2023,1.0,,1.5,0.0,0.0,2
payloadcms/payload,b6cffcea07b9fa21698b00b8bbed6f27197ded41,b6cffcea07,fix: defaultValues computed on new globals (#4380),bugfix,TypeScript,Dan Ribbens,2023-12-04 15:05:47-05:00,15,0,0,0,77,28,3,1,3,25.67,1,keyword_strict,TypeScript,2021-2023,0.4,,2.66,0.25,6.42,3
payloadcms/payload,999e05d1b44305064068f9deba802963cff6a6f0,999e05d1b4,docs: fix typo in migrations (#4356),bugfix,Unknown,geisterfurz007,2023-12-04 15:09:21-05:00,15,0,0,0,1,1,1,0,0,0.0,1,keyword_strict,TypeScript,2021-2023,0.4,,0.5,0.0,0.0,0
payloadcms/payload,50253f617c22d0d185bbac7f9d4304cddbc01f06,50253f617c,feat: add Chinese Traditional translation (#4372),feature,TypeScript,Kane Wang,2023-12-04 15:29:29-05:00,15,0,0,0,378,2,3,0,0,0.0,0,clean,TypeScript,2021-2023,1.0,,126.0,0.0,0.0,0
refinedev/refine,78581af026295ca6c19abeda465ab024167d51b6,78581af026,docs(okta): add okta guide,feature,JavaScript,Ali Emir Şen,2023-12-04 17:20:37+03:00,17,0,0,0,149,18,5,0,0,0.0,0,clean,TypeScript,2021-2023,1.0,,7.84,0.0,0.0,0
swc-project/swc,14f5e91df71dc67ceab194dc521414f578a31b6b,14f5e91df7,chore(ci): Fix `indexmap` version issue (#8373),bugfix,Unknown,Donny/강동윤,2023-12-04 17:57:34+09:00,17,0,0,0,0,0,0,0,0,0.0,0,clean,TypeScript,2021-2023,1.0,,0.0,0.0,0.0,0
sequelize/sequelize,1c13f690b16348112e373471b667055a519d1e13,1c13f690b1,meta: update dependency typedoc to v0.25.4 (#16702)  Co-authored-by: renovate[bot] <29139614+renovate[bot]@users.noreply.github.com> Co-authored-by: Rik Smale <13023439+WikiRik@users.noreply.github.co,docs,TypeScript,renovate[bot],2023-12-04 18:02:18+00:00,18,0,0,0,10,18,6,0,0,0.0,0,clean,TypeScript,2021-2023,1.0,,0.53,0.0,0.0,0
sequelize/sequelize,a5b9eb1fa413c9971c974f7380f620d5b263016c,a5b9eb1fa4,meta: update dependency typedoc-plugin-mdn-links to v3.1.6 (#16815)  Co-authored-by: renovate[bot] <29139614+renovate[bot]@users.noreply.github.com>,docs,Unknown,renovate[bot],2023-12-04 18:43:26+00:00,18,0,0,0,6,6,2,0,0,0.0,0,clean,TypeScript,2021-2023,1.0,,0.86,0.0,0.0,0
swc-project/swc,4870e8b47e74939321c2e46ce0a1246ec957d342,4870e8b47e,"refactor(css/parser): Support stable rust (#8378)  **Related issue:** - #8316",refactor,Rust,magic-akari,2023-12-04 18:51:26+00:00,18,0,0,0,119,159,5,0,4,15.0,0,clean,TypeScript,2021-2023,1.0,,0.74,0.0,2.5,0
swc-project/swc,c5ac93a9df9f221c97645264454093099381429f,c5ac93a9df,chore: Publish crates,other,Unknown,SWC Bot,2023-12-04 18:52:58+00:00,18,0,0,0,74,74,19,0,0,0.0,0,clean,TypeScript,2021-2023,1.0,,0.99,0.0,0.0,0
swc-project/swc,0ff4157375715b9bf6cf1ef791742707a24cfd70,0ff4157375,"refactor(css/modules): Support stable rust (#8381)  **Related issue:** - #8316",refactor,Rust,magic-akari,2023-12-04 19:32:54+00:00,19,0,0,0,21,24,2,0,2,19.0,0,clean,TypeScript,2021-2023,1.0,,0.84,0.0,6.33,0
swc-project/swc,9b7a22c126d3bec5388c520c9d8d8d48fc7f26a8,9b7a22c126,chore: Publish crates,other,Unknown,SWC Bot,2023-12-04 19:34:28+00:00,19,0,0,0,14,14,6,0,0,0.0,0,clean,TypeScript,2021-2023,1.0,,0.93,0.0,0.0,0
swc-project/swc,77145ce47ab66a1dbcbd614fc66886bfbec5f4f7,77145ce47a,"refactor(html/minifier): Support stable rust (#8380)  **Related issue:** - #8316",refactor,Rust,magic-akari,2023-12-04 20:14:44+00:00,20,0,0,0,16,20,1,0,1,7.0,0,clean,TypeScript,2021-2023,1.0,,0.76,0.0,3.5,0
swc-project/swc,7bf3aaa316c272860c8b107872bc9a0e2fb7875b,7bf3aaa316,chore: Publish crates,other,Unknown,SWC Bot,2023-12-04 20:16:21+00:00,20,0,0,0,8,8,4,0,0,0.0,0,clean,TypeScript,2021-2023,1.0,,0.89,0.0,0.0,0
swc-project/swc,7cddbc618a189446d7f781a5c11f6f02bf7504e3,7cddbc618a,"refactor(css/codegen): Support stable rust (#8379)  **Related issue:** - #8316",refactor,Rust,magic-akari,2023-12-04 20:54:14+00:00,20,0,0,0,39,40,1,0,1,25.0,0,clean,TypeScript,2021-2023,1.0,,0.95,0.0,12.5,0
swc-project/swc,a6355c11a87dbbb25535d66dadf352eceac23f95,a6355c11a8,chore: Publish crates,other,Unknown,SWC Bot,2023-12-04 20:55:43+00:00,20,0,0,0,42,39,12,0,0,0.0,0,clean,TypeScript,2021-2023,1.0,,1.05,0.0,0.0,0
swc-project/swc,dc5d420b573ab871955c4ab839d2b32a17cbda4a,dc5d420b57,chore: Publish 1.3.101-nightly-20231205.1,other,Unknown,SWC Bot,2023-12-05 00:07:00+00:00,0,1,0,1,149,126,8,0,0,0.0,0,clean,TypeScript,2021-2023,1.0,,1.17,0.0,0.0,0
payloadcms/payload,290e9d82386c20577cf4bb82eae0c3fed220c0f7,290e9d8238,docs: fixes typo in migrations (#4374),bugfix,Unknown,chris,2023-12-05 00:24:37-05:00,0,1,0,1,0,0,0,0,0,0.0,1,keyword_strict,TypeScript,2021-2023,0.4,,0.0,0.0,0.0,0
payloadcms/payload,4090aebb0e94e776258f0c1c761044a4744a1857,4090aebb0e,fix(live-preview): populates rte uploads and relationships (#4379),bugfix,TypeScript,Jacob Fletcher,2023-12-05 00:53:11-05:00,0,1,0,1,668,68,11,1,12,12.92,1,keyword_strict,TypeScript,2021-2023,0.4,,9.68,0.08,1.08,7
payloadcms/payload,912abe2b64750aae8bfc064537aa333c13dd4076,912abe2b64,docs(plugin-nested-docs): clarifies that relationships are intra-collection (#4375),docs,Unknown,Christian May,2023-12-05 00:58:36-05:00,0,1,0,1,1,1,1,0,0,0.0,0,clean,TypeScript,2021-2023,1.0,,0.5,0.0,0.0,0
refinedev/refine,84164b1008dc96e69f200b8628f773fdbe0dc649,84164b1008,docs(sidebar): remove monospace font,docs,JavaScript,Ali Emir Şen,2023-12-05 07:58:35+03:00,7,1,0,0,0,13,2,0,2,16.0,0,clean,TypeScript,2021-2023,1.0,,0.0,0.0,5.33,0
refinedev/refine,fbacf284b9aec2352103e95ffc109d06f45cd0cf,fbacf284b9,chore: fix typo,bugfix,Unknown,Ömer Faruk APLAK,2023-12-05 09:43:02+03:00,9,1,0,0,7,7,6,0,0,0.0,0,clean,TypeScript,2021-2023,1.0,,0.88,0.0,0.0,0
payloadcms/payload,80ef18c1496e95ed06a6d8cb3fd3f7c5c1d40151,80ef18c149,fix(templates/website): removes unused form builder plugin from deps (#4385),bugfix,TypeScript,Jacob Fletcher,2023-12-05 11:57:21-05:00,11,1,0,0,23,10,3,0,0,0.0,1,keyword_strict,TypeScript,2021-2023,0.4,,2.09,0.0,0.0,8
payloadcms/payload,bd9f7bda294cbd52cda8a383a16fec3716314ee8,bd9f7bda29,chore: successfully renders login view,other,TypeScript,Jacob Fletcher,2023-12-05 16:38:11-05:00,16,1,0,0,102,74,66,0,13,5.77,0,clean,TypeScript,2021-2023,1.0,,1.36,0.0,0.09,9
sequelize/sequelize,715da9636870c6262208c975e26699f87464b842,715da96368,meta: update sequelize AUTHORS (#16781)  Co-authored-by: SequelizeJS <mail@sequelizejs.com> Co-authored-by: Rik Smale <13023439+WikiRik@users.noreply.github.com>,other,Unknown,github-actions[bot],2023-12-05 19:59:11+00:00,19,1,0,0,1,0,1,0,0,0.0,0,clean,TypeScript,2021-2023,1.0,,1.0,0.0,0.0,0
swc-project/swc,2c0426b15f6689bad21b153a3d7efb9b452f38d3,2c0426b15f,chore: Publish 1.3.101-nightly-20231206.1,other,Unknown,SWC Bot,2023-12-06 00:07:06+00:00,0,2,0,1,8,8,6,0,0,0.0,0,clean,TypeScript,2021-2023,1.0,,0.89,0.0,0.0,0
payloadcms/payload,4b5453e8e5484f7afcadbf5bccf8369b552969c6,4b5453e8e5,fix: simplifies query validation and fixes nested relationship fields (#4391),bugfix,TypeScript,Patrik,2023-12-06 08:47:34-05:00,8,2,0,0,13,36,1,0,2,12.5,1,keyword_strict,TypeScript,2021-2023,0.4,,0.35,0.0,6.25,2
sequelize/sequelize,1422e60c36f6834fa172314e0f0f774c9ee2c9ff,1422e60c36,meta: add tests to verify that showConstraints filters on schema (#16785),feature,TypeScript,Guillaume Gautreau,2023-12-06 08:55:10+00:00,8,2,0,0,106,2,1,1,1,1.0,0,clean,TypeScript,2021-2023,1.0,,35.33,0.5,0.5,0
payloadcms/payload,cf9a3704df21ce8b32feb0680793cba804cd66f7,cf9a3704df,fix: handles null upload field values (#4397),bugfix,Unknown,Tylan Davis,2023-12-06 09:26:19-05:00,9,2,0,0,1,1,1,0,2,4.0,1,keyword_strict,TypeScript,2021-2023,0.4,,0.5,0.0,2.0,1
payloadcms/payload,dbaecda0e92fcb0fa67b4c5ac085e025f02de53a,dbaecda0e9,fix(db-postgres): sorting on a not-configured field throws error (#4382),bugfix,TypeScript,Dan Ribbens,2023-12-06 09:27:43-05:00,9,2,0,0,42,27,3,1,13,4.46,1,keyword_strict,TypeScript,2021-2023,0.4,,1.5,0.25,1.12,4
payloadcms/payload,5f2cd1ae7771aacdf33b5e19dacc2a6143aa773d,5f2cd1ae77,docs: fix example link (#4394),bugfix,Unknown,chris,2023-12-06 09:35:30-05:00,9,2,0,0,1,1,1,0,0,0.0,1,keyword_strict,TypeScript,2021-2023,0.4,,0.5,0.0,0.0,1
refinedev/refine,f63718c399f3eed723f250b9791f7b424a04eaef,f63718c399,docs: fix data hook usage,bugfix,Unknown,Ali Emir Şen,2023-12-06 10:12:13+03:00,10,2,0,0,13,7,3,0,0,0.0,0,clean,TypeScript,2021-2023,1.0,,1.62,0.0,0.0,0
refinedev/refine,9beb8c761749d25dbc63c16c957b98c2dbe0d942,9beb8c7617,"fix(examples): `refine-week-invoice-generator` (#5346)  * fix: create mission modal  * fix: wrap with ant app and useNotification  * fix: antd warnings  * fix: edit clients modal  * fix: clien",bugfix,TypeScript,Batuhan Wilhelm,2023-12-06 11:32:06+03:00,11,2,0,0,268,276,18,0,23,1.52,0,clean,TypeScript,2021-2023,1.0,,0.97,0.0,0.08,0
payloadcms/payload,aa2ee060f18c9281360bd34c5d4310d6b58155ad,aa2ee060f1,chore(next): exports root layout from layouts dir,other,Unknown,Jacob Fletcher,2023-12-06 12:02:42-05:00,12,2,0,0,16,10,4,0,4,1.0,0,clean,TypeScript,2021-2023,1.0,,1.45,0.0,0.2,9
payloadcms/payload,ab24796316562dc804a6507f43c4e062f69a05c4,ab24796316,chore(next): exports root page and adds admin redirect,feature,Unknown,Jacob Fletcher,2023-12-06 12:03:06-05:00,12,2,0,0,13,0,2,0,2,1.5,0,clean,TypeScript,2021-2023,1.0,,13.0,0.0,0.5,9
payloadcms/payload,989aba665e0422728f9bfbf09fe8f192b1438c1b,989aba665e,chore(release): payload/2.4.0 [skip ci],other,Unknown,Elliot DeNolf,2023-12-06 13:41:32-05:00,13,2,0,0,77,1,2,0,0,0.0,0,clean,TypeScript,2021-2023,1.0,,38.5,0.0,0.0,0
payloadcms/payload,93fa7b608f51b65f75db475ba6ec4ebac5601ef8,93fa7b608f,chore(richtext-lexical): bump payload peer dep,other,Unknown,Elliot DeNolf,2023-12-06 13:41:32-05:00,13,2,0,0,1,1,1,0,0,0.0,0,clean,TypeScript,2021-2023,1.0,,0.5,0.0,0.0,0
payloadcms/payload,e03ff791b6d3474c04e047eb04e456084fc8e9e0,e03ff791b6,chore(release): live-preview/0.2.1 [skip ci],other,Unknown,Elliot DeNolf,2023-12-06 13:41:32-05:00,13,2,0,0,1,1,1,0,0,0.0,0,clean,TypeScript,2021-2023,1.0,,0.5,0.0,0.0,0
payloadcms/payload,403c3d3e081ada6be4238e6fba2ab036e19a684a,403c3d3e08,chore(release): db-postgres/0.2.1 [skip ci],other,Unknown,Elliot DeNolf,2023-12-06 13:41:32-05:00,13,2,0,0,1,1,1,0,0,0.0,0,clean,TypeScript,2021-2023,1.0,,0.5,0.0,0.0,0
payloadcms/payload,d7765ef9e166562c03d6c1edcb87ed7e17cfd40e,d7765ef9e1,chore(release): richtext-slate/1.3.0 [skip ci],other,Unknown,Elliot DeNolf,2023-12-06 13:41:32-05:00,13,2,0,0,1,1,1,0,0,0.0,0,clean,TypeScript,2021-2023,1.0,,0.5,0.0,0.0,0
payloadcms/payload,df4f346f2fe32e30791d8fdf7dd8d52a5b5aab0a,df4f346f2f,chore(release): richtext-lexical/0.4.0 [skip ci],other,Unknown,Elliot DeNolf,2023-12-06 13:41:32-05:00,13,2,0,0,1,1,1,0,0,0.0,0,clean,TypeScript,2021-2023,1.0,,0.5,0.0,0.0,0
payloadcms/payload,5de347ffffca3bf38315d3d87d2ccc5c28cd2723,5de347ffff,"feat(richtext-lexical)!: lazy import React components to prevent client-only code from leaking into the server (#4290)  * chore(richtext-lexical): lazy import all React things  * chore(richtext-lexi",feature,TypeScript,Alessio Gravili,2023-12-06 14:20:18+01:00,14,2,0,0,846,410,88,0,122,1.83,0,clean,TypeScript,2021-2023,1.0,,2.06,0.0,0.02,5
payloadcms/payload,ce3c084ea1841998db0742cffed5847d6340ee36,ce3c084ea1,chore(ui): migrates theme provider,other,TypeScript,Jacob Fletcher,2023-12-06 14:37:08-05:00,14,2,0,0,120,94,15,0,14,9.57,0,clean,TypeScript,2021-2023,1.0,,1.26,0.0,0.6,9
payloadcms/payload,fc9ada5f188068e296c1f23ff7bd5947f3c3f313,fc9ada5f18,chore(next): scaffolds auth layout,other,TypeScript,Jacob Fletcher,2023-12-06 16:28:12-05:00,16,2,0,0,70,42,14,0,10,1.1,0,clean,TypeScript,2021-2023,1.0,,1.63,0.0,0.07,9
payloadcms/payload,7af8f29b4a8dddf389356e4db142f8d434cdc964,7af8f29b4a,feat(richtext-lexical): Link & Relationship Feature: field-level configurable allowed relationships (#4182)  * feat(richtext-lexical): ability to configure link feature enabled relations on a field-le,bugfix,TypeScript,Alessio Gravili,2023-12-06 17:50:50+01:00,17,2,0,0,191,85,9,0,19,2.0,1,keyword_strict,TypeScript,2021-2023,0.4,,2.22,0.0,0.2,5
payloadcms/payload,217cc1fc42d766de968fd4ea7f472ecd1e7657f9,217cc1fc42,docs: update CONTRIBUTING.md (#4401),docs,Unknown,Alessio Gravili,2023-12-06 19:15:17+01:00,19,2,0,0,31,9,1,0,0,0.0,0,clean,TypeScript,2021-2023,1.0,,3.1,0.0,0.0,6
payloadcms/payload,c582f948c72055c048510c5f1bd173d8858864dc,c582f948c7,docs: update reproduction-guide.md (#4402),docs,Unknown,Alessio Gravili,2023-12-06 19:36:00+01:00,19,2,0,0,1,1,1,0,0,0.0,0,clean,TypeScript,2021-2023,1.0,,0.5,0.0,0.0,6
swc-project/swc,d3ba980bd89e9beab8fffa0eda3287c1682c53c5,d3ba980bd8,chore: Publish 1.3.101-nightly-20231207.1,other,Unknown,SWC Bot,2023-12-07 00:07:06+00:00,0,3,0,1,8,8,6,0,0,0.0,0,clean,TypeScript,2021-2023,1.0,,0.89,0.0,0.0,0
swc-project/swc,305e72e67297fabefb5124922e52b15522496467,305e72e672,"refactor(css/minifier): Support stable rust (#8389)  **Related issue:**  - #8316",refactor,Rust,magic-akari,2023-12-07 00:36:41+00:00,0,3,0,1,698,928,13,0,25,16.92,0,clean,TypeScript,2021-2023,1.0,,0.75,0.0,1.21,0
swc-project/swc,78d36e61f95f3b4a082cfb45b656918b3a5cf44f,78d36e61f9,chore: Publish crates,other,Unknown,SWC Bot,2023-12-07 00:38:09+00:00,0,3,0,1,20,23,8,0,0,0.0,0,clean,TypeScript,2021-2023,1.0,,0.83,0.0,0.0,0
payloadcms/payload,6e9ae65374124ee000cc2988ef77247c94b0dd18,6e9ae65374,fix(db-postgres): querying nested blocks fields (#4404)  Co-authored-by: Jessica Chowdhury <jessica@trbl.design>,bugfix,TypeScript,Dan Ribbens,2023-12-07 09:18:48-05:00,9,3,0,0,123,70,4,1,1,3.0,1,keyword_strict,TypeScript,2021-2023,0.4,,1.73,0.2,0.6,5
refinedev/refine,1c49adff89feec8646e2f84dca2be15e6894cdb0,1c49adff89,"docs(data-providers): add missing data provider docs (#5352)  * docs: add simple admonition  * docs(data-providers): add missing data provider docs  * docs: update supported data provider links ",feature,JavaScript,Ali Emir Şen,2023-12-07 09:58:56+03:00,9,3,0,0,726,258,16,0,3,8.0,0,clean,TypeScript,2021-2023,1.0,,2.8,0.0,0.47,0
payloadcms/payload,070f4d5bb597bd921485d28141e69b012733291d,070f4d5bb5,chore(release): richtext-lexical/0.4.1 [skip ci],other,Unknown,Elliot DeNolf,2023-12-07 10:58:17-05:00,10,3,0,0,1,1,1,0,0,0.0,0,clean,TypeScript,2021-2023,1.0,,0.5,0.0,0.0,0
payloadcms/payload,d3e47b64c15e25bdc71cc57cdacfb3791db17e36,d3e47b64c1,chore(release): richtext-slate/1.3.1 [skip ci],other,Unknown,Elliot DeNolf,2023-12-07 11:00:19-05:00,11,3,0,0,1,1,1,0,0,0.0,0,clean,TypeScript,2021-2023,1.0,,0.5,0.0,0.0,0
payloadcms/payload,37aa99f1dda4189c5b20cc609dbbaf3acb726213,37aa99f1dd,chore: update changelog [skip ci],other,Unknown,Elliot DeNolf,2023-12-07 11:01:52-05:00,11,3,0,0,10,0,1,0,0,0.0,0,clean,TypeScript,2021-2023,1.0,,10.0,0.0,0.0,0
sequelize/sequelize,fdf64ebda57d42d3643bae6f9840936f6de77f1b,fdf64ebda5,meta: update dependency @types/node to v20.10.4 (#16845)  Co-authored-by: renovate[bot] <29139614+renovate[bot]@users.noreply.github.com>,other,Unknown,renovate[bot],2023-12-07 11:11:05+00:00,11,3,0,0,6,6,2,0,0,0.0,0,clean,TypeScript,2021-2023,1.0,,0.86,0.0,0.0,0
sequelize/sequelize,210a89eca4aa49528e6580bfe6366525d3f57d56,210a89eca4,meta: update dependency snowflake-sdk to v1.9.2 (#16846)  Co-authored-by: renovate[bot] <29139614+renovate[bot]@users.noreply.github.com>,other,Unknown,renovate[bot],2023-12-07 11:17:47+00:00,11,3,0,0,11,11,2,0,0,0.0,0,clean,TypeScript,2021-2023,1.0,,0.92,0.0,0.0,0
sequelize/sequelize,95ef0301ac1864ef116c2fdd1b591ce567fffc99,95ef0301ac,meta: update actions/stale action to v9 (#16847)  Co-authored-by: renovate[bot] <29139614+renovate[bot]@users.noreply.github.com>,other,Unknown,renovate[bot],2023-12-07 13:35:11+00:00,13,3,0,0,3,3,1,0,0,0.0,0,clean,TypeScript,2021-2023,1.0,,0.75,0.0,0.0,0
payloadcms/payload,1469fc26c7484033cc546a2a9373931392451e8d,1469fc26c7,chore(richtext-lexical): Slash menu items: improve overflow behavior,other,Unknown,Alessio Gravili,2023-12-07 14:13:11+01:00,14,3,0,0,4,1,1,0,0,0.0,0,clean,TypeScript,2021-2023,1.0,,2.0,0.0,0.0,6
payloadcms/payload,128f9c4e7e6e20dd1ee221f49428a5bce5179c5f,128f9c4e7e,fix(richtext-lexical): lexicalHTML field not working when used inside of Blocks field,bugfix,TypeScript,Alessio Gravili,2023-12-07 14:30:01+01:00,14,3,0,0,21,1,1,0,1,19.0,0,clean,TypeScript,2021-2023,1.0,,10.5,0.0,9.5,6
payloadcms/payload,61dca16f913d8c2296716d4243fd76bf0a348599,61dca16f91,chore(richtext-lexical): upgrade to lexical 0.12.5 and port over relevant playground changes (#4415),other,TypeScript,Alessio Gravili,2023-12-07 15:30:39+01:00,15,3,0,0,181,181,7,0,11,3.27,0,clean,TypeScript,2021-2023,1.0,,0.99,0.0,0.41,6
payloadcms/payload,48f1299fcba3e3811c6a7f31499f238537f9a5e3,48f1299fcb,fix(richtext-*): loosen RichTextAdapter types due to re-occuring ts strict mode errors (#4416),bugfix,TypeScript,Alessio Gravili,2023-12-07 15:59:59+01:00,15,3,0,0,3,9,3,0,2,1.0,1,keyword_strict,TypeScript,2021-2023,0.4,,0.3,0.0,0.25,6
payloadcms/payload,99e160686ad5de3f68ad65c89c159ec825fe5eac,99e160686a,chore: scaffolds metadata,other,TypeScript,Jacob Fletcher,2023-12-07 16:13:16-05:00,16,3,0,0,90,19,11,0,8,2.38,0,clean,TypeScript,2021-2023,1.0,,4.5,0.0,0.2,9
payloadcms/payload,02d95e90b4290f2f2a553a1d9ed86bf7a34a61cf,02d95e90b4,chore: scaffolds auth utility,other,TypeScript,Jacob Fletcher,2023-12-07 16:13:23-05:00,16,3,0,0,155,56,11,0,13,1.46,0,clean,TypeScript,2021-2023,1.0,,2.72,0.0,0.12,9
swc-project/swc,e09f4b6c605ee70a5a2ec5026c521ef8f85ea3ba,e09f4b6c60,"Use sha2 in place of sha-1 (#8383)  **Descrption:**  `sha-1` crate has been deprecated and the algorithm itself is not considered secure or collision-proof. Moving to `sha2` solves this.  **Relate",other,Rust,Ronak Jain,2023-12-07 16:21:01+00:00,16,3,0,0,8,8,5,0,2,1.0,0,clean,TypeScript,2021-2023,1.0,,0.89,0.0,0.17,0
swc-project/swc,6ef6cf6f35997cfdaa6170bd5927337726fabc23,6ef6cf6f35,chore: Publish crates,other,Unknown,SWC Bot,2023-12-07 16:22:39+00:00,16,3,0,0,212,215,39,0,0,0.0,0,clean,TypeScript,2021-2023,1.0,,0.98,0.0,0.0,0
swc-project/swc,bc1e32829deb4ebe91ebea5ce08b5c6bc95292a3,bc1e32829d,"refactor(css/compat): Support stable rust (#8386)  **Related issue:**  - #8316",refactor,Rust,magic-akari,2023-12-07 16:57:26+00:00,16,3,0,0,92,91,7,0,9,9.44,0,clean,TypeScript,2021-2023,1.0,,1.0,0.0,1.18,0
swc-project/swc,b9f3a0805db2b0f81c3c5632f7666ea8c6df8478,b9f3a0805d,chore: Publish crates,other,Unknown,SWC Bot,2023-12-07 16:58:50+00:00,16,3,0,0,19,19,7,0,0,0.0,0,clean,TypeScript,2021-2023,1.0,,0.95,0.0,0.0,0
swc-project/swc,f93f2b8334e82255c21d4abf23d474ee8c6fff73,f93f2b8334,"refactor(css/prefixer): Support stable rust (#8385)  **Related issue:**  - #8316",bugfix,Rust,magic-akari,2023-12-07 17:37:26+00:00,17,3,0,0,91,89,2,0,3,101.0,0,clean,TypeScript,2021-2023,1.0,,1.01,0.0,33.67,0
swc-project/swc,11681e18920e8630805ff492c4de6acda09a7002,11681e1892,chore: Publish crates,other,Unknown,SWC Bot,2023-12-07 19:45:03+00:00,19,3,0,0,5,8,3,0,0,0.0,0,clean,TypeScript,2021-2023,1.0,,0.56,0.0,0.0,0
swc-project/swc,35fb6528f54b11192dd967297294cdc1852aa57b,35fb6528f5,chore: Publish crates,other,Unknown,SWC Bot,2023-12-07 20:20:49+00:00,20,3,0,0,26,26,9,0,0,0.0,0,clean,TypeScript,2021-2023,1.0,,0.96,0.0,0.0,0
sequelize/sequelize,a741907188fa855ede7488f275dd2ea6b4bd83f0,a741907188,meta: update dependency @types/snowflake-sdk to v1.6.19 (#16849)  Co-authored-by: renovate[bot] <29139614+renovate[bot]@users.noreply.github.com>,other,Unknown,renovate[bot],2023-12-07 22:09:18+00:00,22,3,0,1,6,6,2,0,0,0.0,0,clean,TypeScript,2021-2023,1.0,,0.86,0.0,0.0,0
swc-project/swc,f0c852af95bf752ceda0e8c54f0ca04037dcd043,f0c852af95,chore: Publish 1.3.101-nightly-20231208.1,other,Unknown,SWC Bot,2023-12-08 00:07:48+00:00,0,4,0,1,74,74,8,0,0,0.0,0,clean,TypeScript,2021-2023,1.0,,0.99,0.0,0.0,0
swc-project/swc,0bde652b5c2e028eda60f44f074a7de4d29d3784,0bde652b5c,chore: Publish crates,other,Unknown,SWC Bot,2023-12-08 01:58:57+00:00,1,4,0,1,694,691,81,0,0,0.0,0,clean,TypeScript,2021-2023,1.0,,1.0,0.0,0.0,0
swc-project/swc,5631b79d757816a864594cc8315f461a5a44b319,5631b79d75,chore: Fix issue template,bugfix,Unknown,강동윤 (Donny),2023-12-08 04:38:57+09:00,4,4,0,1,3,2,2,0,0,0.0,0,clean,TypeScript,2021-2023,1.0,,1.0,0.0,0.0,0
swc-project/swc,a05e2f72d783bf519b01e75041a8dff4a37a265e,a05e2f72d7,chore: Fix bug template,bugfix,Unknown,강동윤 (Donny),2023-12-08 04:39:53+09:00,4,4,0,1,1,2,1,0,0,0.0,0,clean,TypeScript,2021-2023,1.0,,0.33,0.0,0.0,0
swc-project/swc,25a5189191103b681a469b79cff7b8e65ccbd3ee,25a5189191,chore(ci): Fix publish action (#8400),bugfix,Unknown,Donny/강동윤,2023-12-08 04:43:32+09:00,4,4,0,1,6,0,1,0,0,0.0,0,clean,TypeScript,2021-2023,1.0,,6.0,0.0,0.0,0
swc-project/swc,19d1d013b2e0567a301bd7593db6e16b713e7490,19d1d013b2,"refactor(css/lints): Support stable rust (#8384)  **Related issue:**  - #8316",refactor,Rust,magic-akari,2023-12-08 05:19:22+09:00,5,4,0,1,51,59,4,0,3,7.67,0,clean,TypeScript,2021-2023,1.0,,0.85,0.0,1.53,0
swc-project/swc,29bec986471b2782570416698041e3ea92feccac,29bec98647,"fix(es/compat): Preserve spread in the `generator` pass (#8401)  **Related issue:**  - Closes #8397",bugfix,JavaScript,magic-akari,2023-12-08 05:58:53+00:00,5,4,0,1,78,26,4,0,9,2.22,0,clean,TypeScript,2021-2023,1.0,,2.89,0.0,0.44,0
swc-project/swc,dbeb869463e29198baddb290f21d76c69e0221f2,dbeb869463,chore: Publish crates,other,Unknown,SWC Bot,2023-12-08 06:00:21+00:00,6,4,0,0,110,110,25,0,0,0.0,0,clean,TypeScript,2021-2023,1.0,,0.99,0.0,0.0,0
swc-project/swc,595f13c0190c6a4883892980934d4b39fd323845,595f13c019,chore: Publish crates,other,Unknown,SWC Bot,2023-12-08 07:18:16+00:00,7,4,0,0,780,780,97,0,0,0.0,0,clean,TypeScript,2021-2023,1.0,,1.0,0.0,0.0,0
payloadcms/payload,b651b5cb4832b3355e1283a02a47da4a36aa6d73,b651b5cb48,chore: start to remove reliance on express specific functionality,other,TypeScript,Jarrod Flesch,2023-12-08 08:51:23-05:00,8,4,0,0,1195,502,159,1,48,4.29,0,clean,TypeScript,2021-2023,1.0,,2.38,0.01,0.03,4
refinedev/refine,929991ccdf09af0363cb86aeb43e15c830f45ccf,929991ccdf,"docs(blog): add swiper js post (#5354)  * docs(blog): add swiper js post  * docs(blog): update authoer name",feature,Unknown,Necati Özmen,2023-12-08 09:22:12+03:00,9,4,0,0,776,14,3,0,0,0.0,0,clean,TypeScript,2021-2023,1.0,,51.73,0.0,0.0,0
payloadcms/payload,0ef80e6d3e0400f527c8d02a019444d62e718c29,0ef80e6d3e,chore: integrates getAuthenticatedUser function into the next repo,other,TypeScript,Jarrod Flesch,2023-12-08 09:39:27-05:00,9,4,0,0,2,14,1,0,2,2.0,0,clean,TypeScript,2021-2023,1.0,,0.13,0.0,1.0,4
payloadcms/payload,97eb814f21c23104c9bd93acab42936f7346ae62,97eb814f21,"chore: remove passing of cookies, we will handle this internally",other,TypeScript,Jarrod Flesch,2023-12-08 10:15:01-05:00,10,4,0,0,5,16,4,0,6,1.83,0,clean,TypeScript,2021-2023,1.0,,0.29,0.0,0.37,4
sequelize/sequelize,3b896dfbff076bac9bc6cd5bf9b09eeac814e04c,3b896dfbff,meta: update dependency @types/snowflake-sdk to v1.6.20 (#16850)  Co-authored-by: renovate[bot] <29139614+renovate[bot]@users.noreply.github.com>,other,Unknown,renovate[bot],2023-12-08 10:42:31+00:00,10,4,0,0,6,6,2,0,0,0.0,0,clean,TypeScript,2021-2023,1.0,,0.86,0.0,0.0,0
swc-project/swc,6a73d47aa132ea03abcf8008630ca1634bafe389,6a73d47aa1,"perf(common): Fix OOM of `inputSourceMap` (#8402)  **Description:**  The previous code was very strange, and it could easily cause OOM.",bugfix,Rust,Donny/강동윤,2023-12-08 10:57:27+09:00,10,4,0,0,3,2,1,0,0,0.0,0,clean,TypeScript,2021-2023,1.0,,1.0,0.0,0.0,0
swc-project/swc,f8ce31627bf4a6cf5896470b415c0cbb6c84855f,f8ce31627b,"fix(es/resolver): Handle `TsInterfaceDecl` and `UsingDecl` correctly (#8403)  **Related issue**:  - Closes #7967",bugfix,TypeScript,layton,2023-12-08 14:00:00+00:00,14,4,0,0,49,25,5,0,5,3.4,0,clean,TypeScript,2021-2023,1.0,,1.88,0.0,0.57,0
swc-project/swc,2aebd5fa2fad27779a6da729ae91b6e71db1d436,2aebd5fa2f,chore: Publish crates,other,Unknown,SWC Bot,2023-12-08 14:01:33+00:00,14,4,0,0,191,191,37,0,0,0.0,0,clean,TypeScript,2021-2023,1.0,,0.99,0.0,0.0,0
sequelize/sequelize,b05ffef9f55c9eecb39956ff510fc117864f2a55,b05ffef9f5,meta: update dependency ts-node to v10.9.2 (#16852)  Co-authored-by: renovate[bot] <29139614+renovate[bot]@users.noreply.github.com>,other,Unknown,renovate[bot],2023-12-08 14:33:53+00:00,14,4,0,0,6,6,2,0,0,0.0,0,clean,TypeScript,2021-2023,1.0,,0.86,0.0,0.0,0
payloadcms/payload,82994365540c426dd49e91b66b5a288b9f02344c,8299436554,examples(testing): updates examples/testing to align with Payload 2.x (#4431),test,TypeScript,Jarrod Flesch,2023-12-08 15:46:14-05:00,15,4,0,0,998,733,6,0,2,2.0,0,clean,TypeScript,2021-2023,1.0,,1.36,0.0,0.29,4
swc-project/swc,835151e04d2cae8d65e4062cd1e6b01adf574373,835151e04d,"build(macros): Drop `pmutil` to improve compile time (#8404)  **Description:**  `pmutil` born to die. Now almost all useful features are merged into `syn` and `quote`, so it's now just a compile-tim",feature,Rust,Donny/강동윤,2023-12-08 16:15:44+09:00,16,4,0,0,838,1132,43,0,104,3.3,0,clean,TypeScript,2021-2023,1.0,,0.74,0.0,0.08,0
sequelize/sequelize,3999f871c5ac905b9fcc055d325e4360a27f54d3,3999f871c5,meta: update dependency nx to v17.2.0 (#16853)  Co-authored-by: renovate[bot] <29139614+renovate[bot]@users.noreply.github.com>,other,Unknown,renovate[bot],2023-12-08 19:51:49+00:00,19,4,0,0,53,61,2,0,0,0.0,0,clean,TypeScript,2021-2023,1.0,,0.85,0.0,0.0,0
payloadcms/payload,e55889480fceb8995646621923159d92de6e89c9,e55889480f,"feat(richtext-lexical): Upload html serializer: Output picture element if the image has multiple sizes, improve absolute URL creation",feature,TypeScript,Alessio Gravili,2023-12-08 20:09:41+01:00,20,4,0,0,50,4,1,0,3,5.33,0,clean,TypeScript,2021-2023,1.0,,10.0,0.0,2.66,7
swc-project/swc,b8fbe4e6b1454d6aaafbcb9b53fea47617ea9549,b8fbe4e6b1,chore: Publish 1.3.101-nightly-20231209.1,other,Unknown,SWC Bot,2023-12-09 00:07:29+00:00,0,5,1,1,132,140,8,0,0,0.0,0,clean,TypeScript,2021-2023,1.0,,0.94,0.0,0.0,0
sequelize/sequelize,6f2a80c917eeba101d0cb03afc1c1005d2d2b5b7,6f2a80c917,meta: update dependency markdownlint-cli to v0.38.0 (#16854)  Co-authored-by: renovate[bot] <29139614+renovate[bot]@users.noreply.github.com>,other,Unknown,renovate[bot],2023-12-09 07:18:41+00:00,7,5,1,0,22,36,2,0,0,0.0,0,clean,TypeScript,2021-2023,1.0,,0.59,0.0,0.0,0
payloadcms/payload,b70c8ff6b826ddce5c154963b491db33e2a7906b,b70c8ff6b8,chore(richtext-lexical): Slash Menu: Don't show scroll bar if not needed (#4432),other,Unknown,Alessio Gravili,2023-12-09 15:07:33+01:00,15,5,1,0,1,1,1,0,0,0.0,0,clean,TypeScript,2021-2023,1.0,,0.5,0.0,0.0,7
payloadcms/payload,057996766be64b495633e1a32649193ad2c04ce2,057996766b,chore(deps): bump various devDependencies in workspace root (#4433),other,Unknown,Alessio Gravili,2023-12-09 15:35:15+01:00,15,5,1,0,97,132,2,0,0,0.0,0,clean,TypeScript,2021-2023,1.0,,0.73,0.0,0.0,7
swc-project/swc,7113d942c64d8f1392c5bbfbc138f870f3d1f2e9,7113d942c6,chore: Publish 1.3.101-nightly-20231210.1,other,Unknown,SWC Bot,2023-12-10 00:08:05+00:00,0,6,1,1,8,8,6,0,0,0.0,0,clean,TypeScript,2021-2023,1.0,,0.89,0.0,0.0,0
sequelize/sequelize,c51ea284159fb0e69c0a1f3de7cd0f6d1cb7f929,c51ea28415,meta: update dependency typedoc-plugin-mdn-links to v3.1.7 (#16857)  Co-authored-by: renovate[bot] <29139614+renovate[bot]@users.noreply.github.com>,docs,Unknown,renovate[bot],2023-12-10 01:12:46+00:00,1,6,1,1,6,6,2,0,0,0.0,0,clean,TypeScript,2021-2023,1.0,,0.86,0.0,0.0,0
payloadcms/payload,0421173f9e2d6db1b6a94b25884ea807921f2d09,0421173f9e,fix(richtext-lexical): lexicalHTML field now works when used inside of row fields (#4440),bugfix,TypeScript,Alessio Gravili,2023-12-10 23:47:32+01:00,23,6,1,1,5,5,1,0,1,19.0,1,keyword_strict,TypeScript,2021-2023,0.4,,0.83,0.0,9.5,7
swc-project/swc,3b845c33b34aaa5de3d304efc2c8bf8f276c9390,3b845c33b3,chore: Publish 1.3.101-nightly-20231211.1,other,Unknown,SWC Bot,2023-12-11 00:07:41+00:00,0,0,0,1,8,8,6,0,0,0.0,0,clean,TypeScript,2021-2023,1.0,,0.89,0.0,0.0,0
payloadcms/payload,5c2739ebd144620cfd4ff02531f5812dd62ac61d,5c2739ebd1,"fix(richtext-lexical): do not add unnecessary paragraph before upload, relationship and blocks nodes (#4441)",bugfix,Unknown,Alessio Gravili,2023-12-11 00:08:15+01:00,0,0,0,1,65,6,3,0,6,4.0,1,keyword_strict,TypeScript,2021-2023,0.4,,9.29,0.0,1.0,8
sequelize/sequelize,159e45332c8d41b18bd26aaed3ec87ed9affc74e,159e45332c,meta: lock file maintenance (#16859)  Co-authored-by: renovate[bot] <29139614+renovate[bot]@users.noreply.github.com>,other,Unknown,renovate[bot],2023-12-11 00:24:38+00:00,0,0,0,1,607,607,1,0,0,0.0,0,clean,TypeScript,2021-2023,1.0,,1.0,0.0,0.0,0
payloadcms/payload,9babf6804ce04d5828167eb8e7717727fe1cd472,9babf6804c,"feat(richtext-lexical): improve link URL validation (#4442)  * fix(richtext-lexical): Link: allow phone numbers as URLs starting with tel:+  * feat(richtext-lexical): Link Feature: immediately valid",bugfix,TypeScript,Alessio Gravili,2023-12-11 00:39:32+01:00,0,0,0,1,12,1,2,0,3,3.33,1,keyword_strict,TypeScript,2021-2023,0.4,,6.0,0.0,1.11,9
swc-project/swc,a69f172aacb29caafef2c2af0659faf1b9154f2c,a69f172aac,"fix(es/fixer): Preserve parenthesis for optional chaining (#8399)  **Related issue:**  - Closes #8398",bugfix,JavaScript,magic-akari,2023-12-11 03:05:58+00:00,3,0,0,1,171,146,21,2,21,8.38,0,clean,TypeScript,2021-2023,1.0,,1.16,0.09,0.38,0
swc-project/swc,602584dd627dea1226c812fe1d0a414b4a2be778,602584dd62,chore: Publish crates,other,Unknown,SWC Bot,2023-12-11 03:07:28+00:00,3,0,0,1,191,197,37,0,0,0.0,0,clean,TypeScript,2021-2023,1.0,,0.96,0.0,0.0,0
swc-project/swc,4b8184ca99e146eed1dd09eb8f9059a77ef38aeb,4b8184ca99,chore(ci): Add linux arm build back (#8406),feature,JavaScript,LongYinan,2023-12-11 04:45:04+00:00,4,0,0,1,5155,7066,33,9,48,2.23,0,clean,TypeScript,2021-2023,1.0,,0.73,0.26,0.07,0
swc-project/swc,eb41cfcaf964af02120e064b4c2cc22fad8a13c7,eb41cfcaf9,chore: Publish crates,other,Unknown,SWC Bot,2023-12-11 04:46:28+00:00,4,0,0,1,2,2,2,0,0,0.0,0,clean,TypeScript,2021-2023,1.0,,0.67,0.0,0.0,0
payloadcms/payload,076c3258d04eece40684be0e4c316738228ce6af,076c3258d0,docs: typo in admin components (#4445),docs,Unknown,Jacob Fletcher,2023-12-11 09:48:27-05:00,9,0,0,0,4,4,1,0,0,0.0,0,clean,TypeScript,2021-2023,1.0,,0.8,0.0,0.0,9
refinedev/refine,a5db149f9eb1b727400134f26630c7826a2604be,a5db149f9e,chore: fix next branch references (#5360),bugfix,TypeScript,Batuhan Wilhelm,2023-12-11 11:55:31+03:00,11,0,0,0,7,7,4,0,0,0.0,0,clean,TypeScript,2021-2023,1.0,,0.88,0.0,0.0,0
payloadcms/payload,9331204295bfeaf7dd10bc075f42995b2cab2de4,9331204295,feat(richtext-lexical)!: improve floating select menu Dropdown classNames (#4444)  Breaking: Dropdown component has a new mandatory sectionKey prop,feature,Unknown,Alessio Gravili,2023-12-11 14:34:22+01:00,14,0,0,0,15,4,3,0,3,5.33,0,clean,TypeScript,2021-2023,1.0,,3.0,0.0,1.33,10
refinedev/refine,e0cb957904565fe960217e935eb83faaf5c5468a,e0cb957904,docs(blog): add front end frameworks post (#5361),feature,Unknown,Necati Özmen,2023-12-11 16:04:54+01:00,16,0,0,0,146,32,2,0,0,0.0,0,clean,TypeScript,2021-2023,1.0,,4.42,0.0,0.0,0
payloadcms/payload,ac7f9809bc2b9fb6a52b48c10f7d51414801e4de,ac7f9809bc,fix(richtext-lexical): not all types of URLs are validated correctly,bugfix,TypeScript,Alessio Gravili,2023-12-11 16:33:00+01:00,16,0,0,0,15,13,1,0,1,4.0,0,clean,TypeScript,2021-2023,1.0,,1.07,0.0,2.0,10
payloadcms/payload,9222d6f2077fb918ca9d1ad2796ab3cf246b1579,9222d6f207,"chore(richtext-lexical): remove unnecessary leftover Meta license headers, as they're already included in the LICENSE.md",other,TypeScript,Alessio Gravili,2023-12-11 16:35:26+01:00,16,0,0,0,1,83,11,0,0,0.0,0,clean,TypeScript,2021-2023,1.0,,0.01,0.0,0.0,10
payloadcms/payload,a1d66b83e0dbea21e8da549b73cd25c537a57938,a1d66b83e0,fix: disallow duplicate fieldNames to be used on the same level in the config (#4381),bugfix,TypeScript,Jarrod Flesch,2023-12-11 16:52:24-05:00,16,0,0,0,755,276,14,3,6,1.33,1,keyword_strict,TypeScript,2021-2023,0.4,,2.73,0.2,0.09,4
payloadcms/payload,678ba6cdccb626563610e69dcdb13dc220a36452,678ba6cdcc,docs: adds examples and descriptions to field hook docs (#4448),feature,Unknown,Patrik,2023-12-11 16:53:02-05:00,16,0,0,0,103,4,1,0,0,0.0,0,clean,TypeScript,2021-2023,1.0,,20.6,0.0,0.0,3
payloadcms/payload,63000373e66fb39443f882689e0ecf5c11ed8ad0,63000373e6,fix: cursor jumping around inside json field (#4453),bugfix,Unknown,Jarrod Flesch,2023-12-11 16:58:54-05:00,16,0,0,0,5,1,1,0,2,4.5,1,keyword_strict,TypeScript,2021-2023,0.4,,2.5,0.0,2.25,5
payloadcms/payload,2a65717792970a7d0d579ca113e8b43e57ec0d21,2a65717792,chore(examples): adds nested docs example (#4452),feature,TypeScript,Jacob Fletcher,2023-12-11 17:40:10-05:00,17,0,0,0,16372,0,93,0,61,3.16,0,clean,TypeScript,2021-2023,1.0,,16372.0,0.0,0.03,9
payloadcms/payload,b9c024882350d14edd57f0f662a2269ed37975e3,b9c0248823,fix: pin ts-node versions which are causing swc errors (#4447),bugfix,Unknown,Alessio Gravili,2023-12-11 17:55:36+01:00,17,0,0,0,32,9,9,0,0,0.0,1,keyword_strict,TypeScript,2021-2023,0.4,,3.2,0.0,0.0,10
sequelize/sequelize,9718db80e8ca1b35c5a82b066d58babc643d7f1b,9718db80e8,meta: update sequelize AUTHORS (#16856)  Co-authored-by: SequelizeJS <mail@sequelizejs.com>,other,Unknown,github-actions[bot],2023-12-11 18:25:02+00:00,18,0,0,0,1,0,1,0,0,0.0,0,clean,TypeScript,2021-2023,1.0,,1.0,0.0,0.0,0
payloadcms/payload,dff3f373136d7f1aff4ef15e4325efa361554522,dff3f37313,fix(templates): collection archive block (#4426),bugfix,TypeScript,Jacob Fletcher,2023-12-11 18:28:10-05:00,18,0,0,0,3159,2769,12,0,10,6.0,1,keyword_strict,TypeScript,2021-2023,0.4,,1.14,0.0,0.46,9
payloadcms/payload,168d6296974042c3ff2a113f9f6c2bded7ba2b3e,168d629697,"feat: add context to auth and globals local API (#4449)  * feat: add context to auth and globals local API  * chore: add int test",feature,TypeScript,Alessio Gravili,2023-12-11 20:27:34+01:00,20,0,0,0,67,23,12,1,0,0.0,0,clean,TypeScript,2021-2023,1.0,,2.79,0.08,0.0,11
payloadcms/payload,548e78c598cb6d029e7cc40f80d9855754f043bc,548e78c598,fix(richtext-lexical): Blocks field: should not prompt for unsaved changes due to value comparison between null and non-existent props (#4450),bugfix,Unknown,Alessio Gravili,2023-12-11 20:42:42+01:00,20,0,0,0,5,5,1,0,4,5.0,1,keyword_strict,TypeScript,2021-2023,0.4,,0.83,0.0,2.5,11
swc-project/swc,e30fb1dd3a8ef8dab79e7aecfe784d6ed227e627,e30fb1dd3a,chore: Publish 1.3.101-nightly-20231212.1,other,Unknown,SWC Bot,2023-12-12 00:07:45+00:00,0,1,0,1,72,72,8,0,0,0.0,0,clean,TypeScript,2021-2023,1.0,,0.99,0.0,0.0,0
sequelize/sequelize,f2c009af23a6a980573077c97cb79a6719d1e11b,f2c009af23,meta: update dependency nx to v17.2.1 (#16862)  Co-authored-by: renovate[bot] <29139614+renovate[bot]@users.noreply.github.com>,other,Unknown,renovate[bot],2023-12-12 01:26:59+00:00,1,1,0,1,53,53,2,0,0,0.0,0,clean,TypeScript,2021-2023,1.0,,0.98,0.0,0.0,0
swc-project/swc,f202a2839fca57fa7c82de46cb67549341bbeb8e,f202a2839f,chore: Publish crates,other,Unknown,SWC Bot,2023-12-12 04:39:47+00:00,4,1,0,1,404,404,50,0,0,0.0,0,clean,TypeScript,2021-2023,1.0,,1.0,0.0,0.0,0
swc-project/swc,dce369336d873a920a9c6bd56f03286a3487ae26,dce369336d,"fix(es/codegen): Emit extra paren emitting `AssignExpr` (#8413)  **Related issue:**   - Closes #8412",bugfix,JavaScript,Austaras,2023-12-12 05:53:32+00:00,5,1,0,1,79,43,4,0,5,7.4,0,clean,TypeScript,2021-2023,1.0,,1.8,0.0,1.48,0
swc-project/swc,f736c3c2dfbf0baea46d1878e068015a3b9ef004,f736c3c2df,chore: Publish crates,other,Unknown,SWC Bot,2023-12-12 05:55:01+00:00,5,1,0,1,200,200,37,0,0,0.0,0,clean,TypeScript,2021-2023,1.0,,1.0,0.0,0.0,0
swc-project/swc,dd9ed9c5653aa0f36e7f193ae7e9bcef24e2f922,dd9ed9c565,chore: Publish crates,other,Unknown,SWC Bot,2023-12-12 06:14:41+00:00,6,1,0,0,238,238,41,0,0,0.0,0,clean,TypeScript,2021-2023,1.0,,1.0,0.0,0.0,0
payloadcms/payload,3a20ddc5f85162a316006f22ba66ee1c7aab99e3,3a20ddc5f8,fix: ensure ui fields do not make it into gql schemas (#4457),bugfix,TypeScript,Jarrod Flesch,2023-12-12 08:23:24-05:00,8,1,0,0,2,1,1,0,1,8.0,1,keyword_strict,TypeScript,2021-2023,0.4,,1.0,0.0,4.0,6
sequelize/sequelize,aff8f64c7e987c9614267ebe29dbb07a517911da,aff8f64c7e,feat: add an option to control the behavior of `null` in JSON attributes (#16861),feature,TypeScript,Zoé,2023-12-12 09:24:20+00:00,9,1,0,0,209,33,16,3,15,4.87,0,clean,TypeScript,2021-2023,1.0,,6.15,0.18,0.29,0
payloadcms/payload,93f0ebdeaef65e340ec0593ba5c99b797f71ff6c,93f0ebdeae,"chore(deps): bump terser in /packages/plugin-search/demo (#3886)  Bumps [terser](https://github.com/terser/terser) from 5.12.1 to 5.22.0. - [Changelog](https://github.com/terser/terser/blob/master/CH",other,Unknown,dependabot[bot],2023-12-12 09:36:43-05:00,9,1,0,0,16,26,1,0,0,0.0,0,clean,TypeScript,2021-2023,1.0,,0.59,0.0,0.0,0
payloadcms/payload,b450aeee85044b1078e00b1a5f65c286eaab6763,b450aeee85,"chore(deps): bump sharp from 0.31.3 to 0.32.6 in /templates/blank (#4173)  Bumps [sharp](https://github.com/lovell/sharp) from 0.31.3 to 0.32.6. - [Release notes](https://github.com/lovell/sharp/rele",docs,Unknown,dependabot[bot],2023-12-12 09:37:15-05:00,9,1,0,0,267,90,1,0,0,0.0,0,clean,TypeScript,2021-2023,1.0,,2.93,0.0,0.0,0
payloadcms/payload,3df52a88568622f8fafeabad47c7501229e4ea5f,3df52a8856,fix(plugin-form-builder): removes use of slate in rich-text serializer (#4451),bugfix,TypeScript,Patrik,2023-12-12 09:47:38-05:00,9,1,0,0,7,3,1,0,1,1.0,1,keyword_strict,TypeScript,2021-2023,0.4,,1.75,0.0,0.5,3
sequelize/sequelize,7129200091f4e8cfa46fbece381d6a44a40baf79,7129200091,feat: add support for `sql` tag & functions in `sequelize.query` (#16863),feature,TypeScript,Zoé,2023-12-12 10:31:44+00:00,10,1,0,0,88,54,14,12,21,1.71,0,clean,TypeScript,2021-2023,1.0,,1.6,0.8,0.11,0
sequelize/sequelize,48dbd6f96388140c39b3063215da582e8ac0e4df,48dbd6f963,fix: correct link to data types docs (#16674),bugfix,TypeScript,Rik Smale,2023-12-12 10:32:17+00:00,10,1,0,0,25,25,10,8,9,1.11,0,clean,TypeScript,2021-2023,1.0,,0.96,0.73,0.1,0
sequelize/sequelize,d9923a1907c44274dc1c8e1f184a69505352ffba,d9923a1907,meta: add unit test for ARRAY(UUID) (#16841),feature,TypeScript,Rik Smale,2023-12-12 10:32:26+00:00,10,1,0,0,5,0,1,1,1,1.0,0,clean,TypeScript,2021-2023,1.0,,5.0,0.5,0.5,0
payloadcms/payload,1cc87bd8ea575dfa2e1f5ce5b38414bbba95b2cb,1cc87bd8ea,fix(plugin-nested-docs): properly exports field utilities (#4462),bugfix,TypeScript,Jacob Fletcher,2023-12-12 10:51:03-05:00,10,1,0,0,23,28,3,0,2,2.5,1,keyword_strict,TypeScript,2021-2023,0.4,,0.79,0.0,0.62,10
payloadcms/payload,77ebba3ccddb806c11ab8910e0934e4f4c6aa138,77ebba3ccd,docs: adds api key disclaimer (#4390),feature,Unknown,Jessica Chowdhury,2023-12-12 11:27:12-05:00,11,1,0,0,7,0,1,0,0,0.0,0,clean,TypeScript,2021-2023,1.0,,7.0,0.0,0.0,3
sequelize/sequelize,665caf33ea5abf090d64d660cd41de65dfcd54d5,665caf33ea,feat!: rename association classes to prevent conflicts with decorators (#16513),feature,TypeScript,Zoé,2023-12-12 11:45:26+00:00,11,1,0,0,237,200,17,2,29,5.1,0,clean,TypeScript,2021-2023,1.0,,1.18,0.11,0.28,0
payloadcms/payload,13e3e0671353ca34e603fece57a12199f2082ca0,13e3e06713,fix: graphql schema generation for fields without queryable subfields (#4463),bugfix,TypeScript,Jarrod Flesch,2023-12-12 12:40:53-05:00,12,1,0,0,112,44,4,0,14,4.07,1,keyword_strict,TypeScript,2021-2023,0.4,,2.49,0.0,0.81,7
swc-project/swc,daf6265af43a8e214adbcee67512bc292d0753ef,daf6265af4,feat(es/ast): Add `as_import_with` to `ObjectLit` to provide easier API (#8405),feature,Rust,Donny/강동윤,2023-12-12 13:38:21+09:00,13,1,0,0,84,1,1,0,3,3.0,0,clean,TypeScript,2021-2023,1.0,,42.0,0.0,1.5,0
payloadcms/payload,46e8c01fbed68856be68804f2bd9744c4c6f5a95,46e8c01fbe,fix: searching by id sends undefined in where query param (#4464)  fix(db-mongodb): search by id using operator,bugfix,TypeScript,Patrik,2023-12-12 14:02:30-05:00,14,1,0,0,53,23,5,1,8,11.5,1,keyword_strict,TypeScript,2021-2023,0.4,,2.21,0.17,1.92,4
swc-project/swc,61c304fa9ed7f8abb1fe303183f6512868d3e1f1,61c304fa9e,"refactor(es/utils): Use exact type for factory methods (#8417)  **Description:**  This PR is extracted from #8333 because it's too large.    **Breaking Changes**:    - `ExprFactory::make_member",refactor,Rust,Donny/강동윤,2023-12-12 15:13:10+09:00,15,1,0,0,184,160,29,0,71,6.55,0,clean,TypeScript,2021-2023,1.0,,1.14,0.0,0.22,0
payloadcms/payload,fd1c4b7fc829952cab1b365af166435f75d55fb9,fd1c4b7fc8,fix(templates): pins react-hook-form to v7.45.4 (#4469),bugfix,Unknown,Jacob Fletcher,2023-12-12 15:22:23-05:00,15,1,0,0,10,10,4,0,0,0.0,1,keyword_strict,TypeScript,2021-2023,0.4,,0.91,0.0,0.0,11
refinedev/refine,cff975e722a7dbdf071e31f1c1f152e5d8daf6de,cff975e722,docs(blog): add k8s cronjobs (#5363),feature,Unknown,Necati Özmen,2023-12-12 16:55:40+03:00,16,1,0,0,242,0,1,0,0,0.0,0,clean,TypeScript,2021-2023,1.0,,242.0,0.0,0.0,0
sequelize/sequelize,7cfdc6b811d1152641e9a1b5068801d865f26646,7cfdc6b811,meta: update dependency nx to v17.2.2 (#16865)  Co-authored-by: renovate[bot] <29139614+renovate[bot]@users.noreply.github.com>,other,Unknown,renovate[bot],2023-12-12 18:50:34+00:00,18,1,0,0,52,52,2,0,0,0.0,0,clean,TypeScript,2021-2023,1.0,,0.98,0.0,0.0,0
swc-project/swc,01ac5f3dd488c26f4c3bef6c743317165e0e3035,01ac5f3dd4,chore: Publish 1.3.101-nightly-20231213.1,other,Unknown,SWC Bot,2023-12-13 00:07:26+00:00,0,2,0,1,92,92,8,0,0,0.0,0,clean,TypeScript,2021-2023,1.0,,0.99,0.0,0.0,0
sequelize/sequelize,9c96ab5ed4c1f12880e1b20953c7d701ba28fc06,9c96ab5ed4,meta: update dependency nx to v17.2.3 (#16867)  Co-authored-by: renovate[bot] <29139614+renovate[bot]@users.noreply.github.com>,other,Unknown,renovate[bot],2023-12-13 01:20:23+00:00,1,2,0,1,52,52,2,0,0,0.0,0,clean,TypeScript,2021-2023,1.0,,0.98,0.0,0.0,0
payloadcms/payload,f86879940430782cbad0ef3c3ec8dd2759d5954a,f868799404,chore(richtext-lexical): Add e2e test for #4115 (#4483),feature,TypeScript,Alessio Gravili,2023-12-13 08:36:14+01:00,8,2,0,0,35,0,1,1,1,1.0,0,clean,TypeScript,2021-2023,1.0,,35.0,0.5,0.5,12
payloadcms/payload,45c472d6b35c41e597038089ad1755cdb88193b6,45c472d6b3,"fix: upload related issues, cropping, fetching local file, external preview image (#4461)",bugfix,TypeScript,Jessica Chowdhury,2023-12-13 10:22:25-05:00,10,2,0,0,10,3,4,0,5,14.4,1,keyword_strict,TypeScript,2021-2023,0.4,,2.5,0.0,2.88,3
swc-project/swc,c39ba68207136b0f95b03ee6e9a04eb9a2d42c12,c39ba68207,chore(ci): Fix publish action (#8420),bugfix,Unknown,Donny/강동윤,2023-12-13 10:41:40+00:00,10,2,0,0,22,22,7,0,0,0.0,0,clean,TypeScript,2021-2023,1.0,,0.96,0.0,0.0,0
swc-project/swc,e21c0eaf5a564c026fd1c48039cc1a8e23a5a934,e21c0eaf5a,chore: Publish crates,other,Unknown,SWC Bot,2023-12-13 10:43:38+00:00,10,2,0,0,2,8,3,0,0,0.0,0,clean,TypeScript,2021-2023,1.0,,0.22,0.0,0.0,0
payloadcms/payload,eb6572e9e56e680cad331c1bc5da47e91306deb9,eb6572e9e5,fix: make admin navigation transition smoother (#4217)  Co-authored-by: Jarrod Flesch <jarrodmflesch@gmail.com>,bugfix,Unknown,Fredrik Nordström,2023-12-13 11:17:41-05:00,11,2,0,0,30,16,2,0,0,0.0,1,keyword_strict,TypeScript,2021-2023,0.4,,1.76,0.0,0.0,0
refinedev/refine,1c576b0184e15bce19660a0937adf157b724080b,1c576b0184,"feat: update typos.toml to catch ""refine"" references (#5362)  * feat: update typos.toml  * chore: run fix script  * fix: appwrite doc  * fix: npm script and __  * fix: refineCore issue  * fi",bugfix,TypeScript,Batuhan Wilhelm,2023-12-13 13:00:29+03:00,13,2,0,0,1377,1399,407,2,19,1.58,0,clean,TypeScript,2021-2023,1.0,,0.98,0.0,0.0,0
refinedev/refine,e5d2e8c3d170d75b8f8b5d7e2847e8067978d9c1,e5d2e8c3d1,"fix(docs): hide sidebar banner on blog list page (#5366)  * fix(docs): hide sidebar banner on blog list page  * fix(docs): hide sidebar banner on author and tag list page",bugfix,JavaScript,Alican Erdurmaz,2023-12-13 13:01:36+03:00,13,2,0,0,34,28,5,0,7,2.57,0,clean,TypeScript,2021-2023,1.0,,1.17,0.0,0.43,0
payloadcms/payload,31f8f3cac6bfd08f3adfa0a026a57c4b1b510045,31f8f3cac6,"feat(richtext-lexical): Slate to Lexical converter: add blockquote conversion, convert custom link fields (#4486)",feature,TypeScript,Alessio Gravili,2023-12-13 13:16:58+01:00,13,2,0,0,84,2,6,0,3,3.0,0,clean,TypeScript,2021-2023,1.0,,28.0,0.0,0.43,12
payloadcms/payload,9e7a8c720640c2abc1e153d10fcf19cc49b5f96f,9e7a8c7206,chore(plugin-form-builder): scaffolds tests (#4500),test,TypeScript,Jacob Fletcher,2023-12-13 15:13:38-05:00,15,2,0,0,484,371,14,1,9,1.22,0,clean,TypeScript,2021-2023,1.0,,1.3,0.07,0.08,12
payloadcms/payload,dd84cc69c702b5c7c0bfc523377d0dd3faa8e773,dd84cc69c7,chore: export payload/dist inside of monorepo (#4489),other,Unknown,Alessio Gravili,2023-12-13 16:12:31+01:00,16,2,0,0,5,0,1,0,0,0.0,0,clean,TypeScript,2021-2023,1.0,,5.0,0.0,0.0,12
payloadcms/payload,c6c5cabfbb7eb954eea51170a6af7582b1f9b84b,c6c5cabfbb,"feat(plugin-form-builder): Lexical support (#4487)  * chore(plugin-form-builder): upgrade dependencies  * chore(plugin-form-builder): update demo  * feat(plugin-form-builder): lexical support  *",bugfix,TypeScript,Alessio Gravili,2023-12-13 16:14:14+01:00,16,2,0,0,498,47,17,0,15,4.2,1,keyword_strict,TypeScript,2021-2023,0.4,,10.38,0.0,0.23,12
refinedev/refine,163d8418740b3ed7689c1154ef2f02c188b79801,163d841874,"feat(docs): add enterprise page (#5351)  * feat(docs): add enterprise page  * feat(docs): add hero  * feat(docs): add supported by experts  * feat(docs): add security section  * feat(docs): ad",bugfix,TypeScript,Alican Erdurmaz,2023-12-13 16:51:29+03:00,16,2,0,0,3196,48,45,0,61,2.13,0,clean,TypeScript,2021-2023,1.0,,65.22,0.0,0.05,0
refinedev/refine,543c384e0edcb359742a6a1ae4b403af8d646b61,543c384e0e,"docs: cleanup in api reference docs (#5365)  * docs(admonition): fix repeated admonition title  * docs(style): fix code heading strike through  * docs: add styled image element  * docs(style): u",bugfix,JavaScript,Ali Emir Şen,2023-12-13 16:55:36+03:00,16,2,0,0,3270,8002,404,0,6,7.83,0,clean,TypeScript,2021-2023,1.0,,0.41,0.0,0.02,0
refinedev/refine,f81d23acf23274f0d9c533405a966cb304ab697a,f81d23acf2,"docs(blog): add stylex post (#5368)  * docs(blog): add stylex post  * docs(blog): update title  * docs(blog): update content",feature,Unknown,Necati Özmen,2023-12-13 17:28:23+03:00,17,2,0,0,491,0,1,0,0,0.0,0,clean,TypeScript,2021-2023,1.0,,491.0,0.0,0.0,0
refinedev/refine,f617dd33b914a8266fd4dc44920ec272c0b14146,f617dd33b9,chore: update enterprise page data source text,other,Unknown,Batuhan Wilhelm,2023-12-13 19:27:20+03:00,19,2,0,0,1,1,1,0,0,0.0,0,clean,TypeScript,2021-2023,1.0,,0.5,0.0,0.0,0
refinedev/refine,096c289aa41408c75e1739ddb61fa6eb0dde7e9b,096c289aa4,chore: update README (#5369),docs,Unknown,Necati Özmen,2023-12-13 19:31:21+03:00,19,2,0,0,2,1,1,0,0,0.0,0,clean,TypeScript,2021-2023,1.0,,1.0,0.0,0.0,0
payloadcms/payload,cc0ba895188f40181c6ba3779f66d547d4ea66f9,cc0ba89518,"feat(richtext-lexical)!: link node: change doc data format to be consistent with relationship field (#4504)  BREAKING: An unpopulated, internal link node no longer saves the doc id under fields.doc.va",feature,TypeScript,Alessio Gravili,2023-12-13 22:57:08+01:00,22,2,0,1,49,29,9,1,13,5.08,0,clean,TypeScript,2021-2023,1.0,,1.63,0.1,0.51,13
sequelize/sequelize,e2123024101b33b30b5a65e03d1c13d6dc8d872b,e212302410,meta: update dependency eslint-plugin-jsdoc to v46.9.1 (#16871)  Co-authored-by: renovate[bot] <29139614+renovate[bot]@users.noreply.github.com>,docs,Unknown,renovate[bot],2023-12-13 23:48:27+00:00,23,2,0,1,18,8,2,0,0,0.0,0,clean,TypeScript,2021-2023,1.0,,2.0,0.0,0.0,0
swc-project/swc,53b111865a31d2f78a8c6fbadb91c3ad182236b8,53b111865a,chore: Publish 1.3.101-nightly-20231214.1,other,Unknown,SWC Bot,2023-12-14 00:07:36+00:00,0,3,0,1,8,8,6,0,0,0.0,0,clean,TypeScript,2021-2023,1.0,,0.89,0.0,0.0,0
payloadcms/payload,228d45cf52e592cea6377cd93648fba75d73c88d,228d45cf52,fix: correctly fetches externally stored files when passing uploadEdits (#4505),bugfix,TypeScript,Jarrod Flesch,2023-12-14 09:09:37-05:00,9,3,0,0,63,31,5,0,3,8.0,1,keyword_strict,TypeScript,2021-2023,0.4,,1.97,0.0,1.33,8
payloadcms/payload,07371b9cad111999f2df4e1f709d6b95cd511c15,07371b9cad,fix: adds bg color for year/month select options in datepicker (#4508),bugfix,Unknown,Jarrod Flesch,2023-12-14 09:43:29-05:00,9,3,0,0,4,0,1,0,0,0.0,1,keyword_strict,TypeScript,2021-2023,0.4,,4.0,0.0,0.0,9
payloadcms/payload,6d9110ec482eab5b3255cbcb0fba7258f9ca0483,6d9110ec48,chore(plugin-stripe): scaffolds tests (#4510),test,TypeScript,Jacob Fletcher,2023-12-14 11:56:33-05:00,11,3,0,0,131,145,22,1,9,2.89,0,clean,TypeScript,2021-2023,1.0,,0.9,0.04,0.13,12
refinedev/refine,26a99fa40be91fe0e36d4f6d9ed11c38aae72ca8,26a99fa40b,"fix(docs): disable enterprise table auto slide (#5372)  * fix(docs): disable enterprise table auto slide  * fix(docs): enterprise-datas-ource background blend mode not working on ios  * fix(docs):",bugfix,Unknown,Alican Erdurmaz,2023-12-14 12:31:50+03:00,12,3,0,0,44,33,9,0,8,2.88,0,clean,TypeScript,2021-2023,1.0,,1.29,0.0,0.29,0
payloadcms/payload,303f0d62273b3ebd7e2c0ba3b05c250c8a6c57bb,303f0d6227,chore(plugin-search): scaffolds tests (#4511),test,TypeScript,Jacob Fletcher,2023-12-14 13:06:19-05:00,13,3,0,0,511,7158,19,1,10,3.5,0,clean,TypeScript,2021-2023,1.0,,0.07,0.05,0.18,12
refinedev/refine,d7cb13be3c77ab2af2bb96adcfea9c41fad776e1,d7cb13be3c,"docs(blog): add persistent volumes post (#5374)  * docs(blog): add persistent volume post  * docs(blog): update featured image",feature,Unknown,Necati Özmen,2023-12-14 13:24:01+03:00,13,3,0,0,343,185,4,0,0,0.0,0,clean,TypeScript,2021-2023,1.0,,1.84,0.0,0.0,0
payloadcms/payload,f83d65e0cf16809b32e85242b839d930092f3027,f83d65e0cf,docs: fixes mdx syntax error in auth config,bugfix,Unknown,Jacob Fletcher,2023-12-14 13:33:45-05:00,13,3,0,0,1,1,1,0,0,0.0,0,clean,TypeScript,2021-2023,1.0,,0.5,0.0,0.0,12
payloadcms/payload,507d40b6f5b0dc3facc7a4bfaad79bb7a6ad9b51,507d40b6f5,chore: adds base for access crossoads,feature,TypeScript,Jarrod Flesch,2023-12-14 16:18:07-05:00,16,3,0,0,452,100,11,0,18,4.22,0,clean,TypeScript,2021-2023,1.0,,4.48,0.0,0.35,10
payloadcms/payload,432e47032e3059dbf15892483c0385e6352f1386,432e47032e,chore: passes payload and user through to access control functions instead of the full req,other,TypeScript,Jarrod Flesch,2023-12-14 16:43:40-05:00,16,3,0,0,60,285,12,1,19,6.53,0,clean,TypeScript,2021-2023,1.0,,0.21,0.08,0.5,10
payloadcms/payload,df2d14459065a603f148acccbb73381a9ceb7ea1,df2d144590,tie it into the next package,other,TypeScript,Jarrod Flesch,2023-12-14 16:52:07-05:00,16,3,0,0,3,16,2,0,2,2.0,0,clean,TypeScript,2021-2023,1.0,,0.18,0.0,0.67,10
sequelize/sequelize,5b0c641b75433918263e713fe8b9fed9f12a7f46,5b0c641b75,meta: update dependency nx to v17.2.4 (#16872)  Co-authored-by: renovate[bot] <29139614+renovate[bot]@users.noreply.github.com>,other,Unknown,renovate[bot],2023-12-14 20:05:50+00:00,20,3,0,0,52,52,2,0,0,0.0,0,clean,TypeScript,2021-2023,1.0,,0.98,0.0,0.0,0
sequelize/sequelize,99bfa944dd8bac2c9ae0318385eaed16848585c8,99bfa944dd,meta: update actions/download-artifact action to v4 (#16873)  Co-authored-by: renovate[bot] <29139614+renovate[bot]@users.noreply.github.com> Co-authored-by: Rik Smale <13023439+WikiRik@users.noreply.,other,Unknown,renovate[bot],2023-12-14 21:23:41+00:00,21,3,0,0,9,9,1,0,0,0.0,0,clean,TypeScript,2021-2023,1.0,,0.9,0.0,0.0,0
swc-project/swc,09c19dfa631858759684ffe240278ee527310b8d,09c19dfa63,chore: Publish 1.3.101-nightly-20231215.1,other,Unknown,SWC Bot,2023-12-15 00:08:05+00:00,0,4,0,1,8,8,6,0,0,0.0,0,clean,TypeScript,2021-2023,1.0,,0.89,0.0,0.0,0
sequelize/sequelize,0c11d0d6278e7059e01c8770cdf401801224ac42,0c11d0d627,meta: update dependency @rushstack/eslint-patch to v1.6.1 (#16875)  Co-authored-by: renovate[bot] <29139614+renovate[bot]@users.noreply.github.com>,bugfix,Unknown,renovate[bot],2023-12-15 03:35:35+00:00,3,4,0,1,6,6,2,0,0,0.0,0,clean,TypeScript,2021-2023,1.0,,0.86,0.0,0.0,0
sequelize/sequelize,085f97a04b03844e5028253c739b07a97a223e83,085f97a04b,meta: update dependency nx to v17.2.5 (#16876)  Co-authored-by: renovate[bot] <29139614+renovate[bot]@users.noreply.github.com>,other,Unknown,renovate[bot],2023-12-15 04:13:08+00:00,4,4,0,1,52,52,2,0,0,0.0,0,clean,TypeScript,2021-2023,1.0,,0.98,0.0,0.0,0
payloadcms/payload,d7d55c2a9cc307f8a3877f73efb4314702cfeb76,d7d55c2a9c,docs: adds search plugin docs (#4514),feature,Unknown,Jacob Fletcher,2023-12-15 09:10:01-05:00,9,4,0,0,150,119,2,0,0,0.0,0,clean,TypeScript,2021-2023,1.0,,1.25,0.0,0.0,12
payloadcms/payload,d86fe0b46c7aabaa8db2ca86adf694d78fc700f0,d86fe0b46c,docs: adds form builder plugin docs (#4512),feature,Unknown,Jacob Fletcher,2023-12-15 10:17:07-05:00,10,4,0,0,406,336,5,0,0,0.0,0,clean,TypeScript,2021-2023,1.0,,1.2,0.0,0.0,12
payloadcms/payload,8257661c47b5b968a57fb2228d7045d876a3f484,8257661c47,fix: formats locales with multiple labels for versions locale selector (#4495),bugfix,Unknown,Jessica Chowdhury,2023-12-15 10:43:03-05:00,10,4,0,0,18,4,2,0,5,2.0,1,keyword_strict,TypeScript,2021-2023,0.4,,3.6,0.0,0.67,4
payloadcms/payload,a3f29fd85826696679a934a6d99d94981723997b,a3f29fd858,chore: adds translated label to verified field (#4509),feature,TypeScript,Jessica Chowdhury,2023-12-15 10:44:09-05:00,10,4,0,0,5,0,1,0,0,0.0,0,clean,TypeScript,2021-2023,1.0,,5.0,0.0,0.0,5
payloadcms/payload,2650c70960a7374307a8862c3940c97d337d1d30,2650c70960,fix: format fields within tab for list controls (#4516),bugfix,Unknown,Jessica Chowdhury,2023-12-15 10:51:01-05:00,10,4,0,0,27,19,1,0,3,3.0,1,keyword_strict,TypeScript,2021-2023,0.4,,1.35,0.0,1.5,5
refinedev/refine,ced8d51c0eedc789f87661dbcc46ca9936245790,ced8d51c0e,docs(blog): add kubeclt cheat sheet (#5377),feature,Unknown,Necati Özmen,2023-12-15 10:51:05+01:00,10,4,0,0,391,0,1,0,0,0.0,0,clean,TypeScript,2021-2023,1.0,,391.0,0.0,0.0,0
payloadcms/payload,3e9ef849cd8e69e1e8d7f2f653f0647e93c8ab39,3e9ef849cd,fix: omit field default value if read access returns false (#4518),bugfix,TypeScript,Jarrod Flesch,2023-12-15 11:22:22-05:00,11,4,0,0,3,0,1,0,1,76.0,1,keyword_strict,TypeScript,2021-2023,0.4,,3.0,0.0,38.0,10
payloadcms/payload,c1bd338d0d5e899f3892f1d18e355c00b265447a,c1bd338d0d,"feat: prevent querying relationship when filterOptions returns false (#4392)  fix: hidden collections showing in lexical and slate relationships feat: prevent querying relationship when filterOptions",bugfix,TypeScript,Dan Ribbens,2023-12-15 12:43:43-05:00,12,4,0,0,326,149,15,1,26,4.96,1,keyword_strict,TypeScript,2021-2023,0.4,,2.17,0.06,0.31,6
payloadcms/payload,7ec6af729656059dfb1a5a113b47b43bda608f9e,7ec6af7296,docs: adds nested docs plugin docs (#4521),feature,Unknown,Jacob Fletcher,2023-12-15 14:40:00-05:00,14,4,0,0,209,238,2,0,0,0.0,0,clean,TypeScript,2021-2023,1.0,,0.87,0.0,0.0,12
sequelize/sequelize,ac50387769fe4091514483a585bb78d8869dc9e7,ac50387769,meta: update dependency lerna to v8.0.1 (#16878)  Co-authored-by: renovate[bot] <29139614+renovate[bot]@users.noreply.github.com>,other,Unknown,renovate[bot],2023-12-15 15:26:41+00:00,15,4,0,0,201,217,2,0,0,0.0,0,clean,TypeScript,2021-2023,1.0,,0.92,0.0,0.0,0
payloadcms/payload,c49fd6692231b68ca61b079103a0fd7aa4673be1,c49fd66922,"feat(richtext-lexical)!: rename TreeviewFeature into TreeViewFeature (#4520)  Breaking: If you import TreeviewFeature in your project, you have to rename the import to use TreeViewFeature (capitalized",feature,TypeScript,Alessio Gravili,2023-12-15 18:33:16+01:00,18,4,0,0,11,11,5,0,4,1.0,0,clean,TypeScript,2021-2023,1.0,,0.92,0.0,0.17,13
swc-project/swc,80e2c238c01facd10a773c8a3c27f317cb17894e,80e2c238c0,chore: Publish 1.3.101-nightly-20231216.1,other,Unknown,SWC Bot,2023-12-16 00:07:52+00:00,0,5,1,1,8,8,6,0,0,0.0,0,clean,TypeScript,2021-2023,1.0,,0.89,0.0,0.0,0
sequelize/sequelize,59a873acda8e43807dd1254b66283f4bb7da4fea,59a873acda,meta: update dependency eslint to v8.56.0 (#16881)  Co-authored-by: renovate[bot] <29139614+renovate[bot]@users.noreply.github.com>,other,Unknown,renovate[bot],2023-12-16 07:11:25+00:00,7,5,1,0,11,11,2,0,0,0.0,0,clean,TypeScript,2021-2023,1.0,,0.92,0.0,0.0,0
payloadcms/payload,1c6174ecb57687ad86bd4972c1040e04b6a0f9d6,1c6174ecb5,docs: adds stripe plugin docs (#4528),feature,Unknown,Jacob Fletcher,2023-12-16 13:40:55-05:00,13,5,1,0,296,286,3,0,0,0.0,0,clean,TypeScript,2021-2023,1.0,,1.03,0.0,0.0,12
swc-project/swc,38b417b19074bc552853661525464fcdb44100bb,38b417b190,chore: Publish 1.3.101-nightly-20231217.1,other,Unknown,SWC Bot,2023-12-17 00:08:51+00:00,0,6,1,1,8,8,6,0,0,0.0,0,clean,TypeScript,2021-2023,1.0,,0.89,0.0,0.0,0
swc-project/swc,4bd15908c1e1c843e25dd4175c4593e3e52f6d70,4bd15908c1,chore: Publish crates,other,Unknown,SWC Bot,2023-12-17 02:22:24+00:00,2,6,1,1,2,8,3,0,0,0.0,0,clean,TypeScript,2021-2023,1.0,,0.22,0.0,0.0,0
sequelize/sequelize,60a281bc2b6adbc3102e091a6aa5f797a2aa86c5,60a281bc2b,meta: update dependency typedoc-plugin-mdn-links to v3.1.8 (#16882)  Co-authored-by: renovate[bot] <29139614+renovate[bot]@users.noreply.github.com>,docs,Unknown,renovate[bot],2023-12-17 04:28:33+00:00,4,6,1,1,6,6,2,0,0,0.0,0,clean,TypeScript,2021-2023,1.0,,0.86,0.0,0.0,0
swc-project/swc,7566ddf0b7802650f0f25ca7f7c607f58faa4972,7566ddf0b7,"fix(es/codegen): Fix codegen of ts specific syntax in class props (#8426)  **Description:**  This fixes the codegen of private properties with `is_optional` or `definite` and class properties with `",bugfix,TypeScript,David Sherret,2023-12-17 06:47:20+00:00,6,6,1,0,37,9,9,0,4,6.0,0,clean,TypeScript,2021-2023,1.0,,3.7,0.0,0.6,0
swc-project/swc,45f62f7886ecb6d130bbf951332d1c8f1f46b545,45f62f7886,chore: Publish crates,other,Unknown,SWC Bot,2023-12-17 06:48:43+00:00,6,6,1,0,209,209,38,0,0,0.0,0,clean,TypeScript,2021-2023,1.0,,1.0,0.0,0.0,0
swc-project/swc,56992e3dccad6f9ce37b70bf77363468c310d875,56992e3dcc,"fix(es/compat): Preserve comment for arrow body (#8427)  **Related issue:**   - Closes #8419",bugfix,JavaScript,Austaras,2023-12-17 08:41:51+00:00,8,6,1,0,53,6,6,0,6,2.17,0,clean,TypeScript,2021-2023,1.0,,7.57,0.0,0.31,0
swc-project/swc,d6cd2146faed9155ae6f2c625daa173ddc7c0064,d6cd2146fa,chore: Publish crates,other,Unknown,SWC Bot,2023-12-17 08:43:12+00:00,8,6,1,0,126,126,29,0,0,0.0,0,clean,TypeScript,2021-2023,1.0,,0.99,0.0,0.0,0
swc-project/swc,8d47b9ab40ba2be876fe2fd74a9480ea00f8a86e,8d47b9ab40,chore(ci): Fix prepublish script by upgrading NAPI-RS cli (#8430),bugfix,JavaScript,LongYinan,2023-12-17 11:20:59+09:00,11,6,1,0,279,221,9,0,0,0.0,0,clean,TypeScript,2021-2023,1.0,,1.26,0.0,0.0,0
sequelize/sequelize,a2f72d938450cbc36e40fbe5d6b9d028e19b7150,a2f72d9384,meta: update dependency @types/node to v20.10.5 (#16883)  Co-authored-by: renovate[bot] <29139614+renovate[bot]@users.noreply.github.com>,other,Unknown,renovate[bot],2023-12-17 22:59:34+00:00,22,6,1,1,6,6,2,0,0,0.0,0,clean,TypeScript,2021-2023,1.0,,0.86,0.0,0.0,0
payloadcms/payload,6fdd535f291bd7d525d09375c9abe8098977b9cb,6fdd535f29,chore: adds redirects plugin docs (#4530),feature,Unknown,Jacob Fletcher,2023-12-17 23:32:05-05:00,23,6,1,1,79,3,4,0,0,0.0,0,clean,TypeScript,2021-2023,1.0,,19.75,0.0,0.0,12
payloadcms/payload,dd32f5e450b7ee7fccbc7b3367d29a51bf903c58,dd32f5e450,chore(plugin-seo): scaffolds tests (#4531),test,TypeScript,Jacob Fletcher,2023-12-17 23:49:02-05:00,23,6,1,1,543,13388,36,2,24,2.17,0,clean,TypeScript,2021-2023,1.0,,0.04,0.05,0.06,12
swc-project/swc,3550d0be26ebab7bcb7942e1a12a7d5fc3aedb17,3550d0be26,chore: Publish 1.3.101-nightly-20231218.1,other,Unknown,SWC Bot,2023-12-18 00:08:17+00:00,0,0,0,1,76,76,8,0,0,0.0,0,clean,TypeScript,2021-2023,1.0,,0.99,0.0,0.0,0
refinedev/refine,c2ff5287b57ada9f50832d4fa35f0f6504f37819,c2ff5287b5,chore: update snapshots (#5387),other,Unknown,Batuhan Wilhelm,2023-12-18 11:00:35+03:00,11,0,0,0,85,87,2,2,0,0.0,0,clean,TypeScript,2021-2023,1.0,,0.97,0.67,0.0,0
payloadcms/payload,a8599927091603f78ea2343c4b935563fae94aa0,a859992709,chore(plugin-seo): lints and builds (#4537),other,TypeScript,Jacob Fletcher,2023-12-18 11:57:16-05:00,11,0,0,0,244,181,14,0,26,3.5,0,clean,TypeScript,2021-2023,1.0,,1.34,0.0,0.23,12
refinedev/refine,9f932f2b6b4cbaa69b0264b79d7a61b59a726ab7,9f932f2b6b,"docs: landing page style fixes (#5385)  * docs(landing): disable hero icon glow for light mode  * docs(landing): hide section indicators  * docs(landing): update copy button font size  * docs(la",bugfix,Unknown,Ali Emir Şen,2023-12-18 12:17:00+03:00,12,0,0,0,120,18,15,0,15,2.0,0,clean,TypeScript,2021-2023,1.0,,6.32,0.0,0.12,0
payloadcms/payload,c111fa75310849b1a90fce52760d1885721301d9,c111fa7531,docs: adds seo plugin docs (#4538),feature,Unknown,Jacob Fletcher,2023-12-18 12:20:32-05:00,12,0,0,0,194,214,6,0,0,0.0,0,clean,TypeScript,2021-2023,1.0,,0.9,0.0,0.0,12
swc-project/swc,2037f0da9b90ede4d934c5bbecb5f2a8337e34d7,2037f0da9b,chore: Publish `v1.3.101` with `swc_core` `v0.87.2` (#8432),other,Unknown,Donny/강동윤,2023-12-18 13:44:14+09:00,13,0,0,0,14,14,12,0,0,0.0,0,clean,TypeScript,2021-2023,1.0,,0.93,0.0,0.0,0
swc-project/swc,4983b1cef26033d0a58132ca7f93c4eb56415ccd,4983b1cef2,chore: Publish crates,other,Unknown,강동윤 (Donny),2023-12-18 13:45:35+09:00,13,0,0,0,821,377,3,0,0,0.0,0,clean,TypeScript,2021-2023,1.0,,2.17,0.0,0.0,0
payloadcms/payload,8bc31cd5923517ab39ae1427aa0d0fb19d876dab,8bc31cd592,fix(db-postgres): findOne correctly querying with where queries (#4550),bugfix,TypeScript,Jarrod Flesch,2023-12-18 14:17:58-05:00,14,0,0,0,9,27,1,0,0,0.0,1,keyword_strict,TypeScript,2021-2023,0.4,,0.32,0.0,0.0,11
payloadcms/payload,b1f358276403c8c7f8db90b94e5b9041bba93127,b1f3582764,chore(plugin-redirects): lints and builds (#4551),other,TypeScript,Jacob Fletcher,2023-12-18 14:25:32-05:00,14,0,0,0,135,13105,15,0,2,3.5,0,clean,TypeScript,2021-2023,1.0,,0.01,0.0,0.22,12
refinedev/refine,8ac42ef1b8975bb51ea94ceb0c3f621bf173fe89,8ac42ef1b8,"docs: development and contributing guides (#5384)  * docs(sandpack): fix theme issue in production  * docs(contributing): rewrite contributing guide  * docs(development): add development docs  *",bugfix,JavaScript,Ali Emir Şen,2023-12-18 14:28:05+03:00,14,0,0,0,625,584,12,0,2,25.5,0,clean,TypeScript,2021-2023,1.0,,1.07,0.0,1.96,0
refinedev/refine,f3077a2fd1910655878ac3e8cc31894f570322ab,f3077a2fd1,docs(contributing): adding dependency section,feature,Unknown,Ali Emir Şen,2023-12-18 14:33:31+03:00,14,0,0,0,10,0,1,0,0,0.0,0,clean,TypeScript,2021-2023,1.0,,10.0,0.0,0.0,0
payloadcms/payload,adbd76375f26984b3744f07e8db706293e082abe,adbd76375f,chore(plugin-redirects): scaffolds tests (#4552),test,TypeScript,Jacob Fletcher,2023-12-18 14:47:11-05:00,14,0,0,0,237,224,17,1,8,1.25,0,clean,TypeScript,2021-2023,1.0,,1.05,0.06,0.07,12
payloadcms/payload,fee81bfbc41d70bc4c9e4b94b125b8db2e7a6667,fee81bfbc4,fix(templates/ecommerce): updates @payloadcms/plugin-stripe to v0.0.19 (#4554),bugfix,Unknown,Alessio Gravili,2023-12-18 16:28:38-05:00,16,0,0,0,5,5,2,0,0,0.0,1,keyword_strict,TypeScript,2021-2023,0.4,,0.83,0.0,0.0,13
payloadcms/payload,754fb2397e9346f1d65efeac88e175d1afc5b5be,754fb2397e,"wip moves payload, user and data into partial req",other,TypeScript,Jarrod Flesch,2023-12-18 16:58:57-05:00,16,0,0,0,55,34,8,0,11,6.73,0,clean,TypeScript,2021-2023,1.0,,1.57,0.0,0.75,12
refinedev/refine,bbd774e8076710116017492b2e49995bfa0055d7,bbd774e807,docs: update refine week logos,docs,Unknown,Ali Emir Şen,2023-12-18 17:34:31+03:00,17,0,0,0,14,33,2,0,2,1.0,0,clean,TypeScript,2021-2023,1.0,,0.41,0.0,0.33,0
refinedev/refine,9fb8c5540e9579e78bf54c50d1e546d97807c617,9fb8c5540e,docs: update refine week names,docs,TypeScript,Ali Emir Şen,2023-12-18 17:34:41+03:00,17,0,0,0,1692,2039,16,0,2,1.0,0,clean,TypeScript,2021-2023,1.0,,0.83,0.0,0.06,0
swc-project/swc,d883c13d3d27ba1e1ff49ce65599ac7040cc52e0,d883c13d3d,chore: Publish 1.3.102-nightly-20231219.1,other,Unknown,SWC Bot,2023-12-19 00:08:54+00:00,0,1,0,1,8,8,6,0,0,0.0,0,clean,TypeScript,2021-2023,1.0,,0.89,0.0,0.0,0
sequelize/sequelize,76b10ca17114d39f30904e1c030d7ee4aa361dba,76b10ca171,meta: update actions/download-artifact action to v4.1.0 (#16889)  Co-authored-by: renovate[bot] <29139614+renovate[bot]@users.noreply.github.com>,other,Unknown,renovate[bot],2023-12-19 08:43:16+00:00,8,1,0,0,8,8,1,0,0,0.0,0,clean,TypeScript,2021-2023,1.0,,0.89,0.0,0.0,0
sequelize/sequelize,ceb0cbd0a2e467f6873c4b7f6f61518e279e45d8,ceb0cbd0a2,meta: update dependency nx to v17.2.6 (#16887)  Co-authored-by: renovate[bot] <29139614+renovate[bot]@users.noreply.github.com>,other,Unknown,renovate[bot],2023-12-19 08:46:23+00:00,8,1,0,0,52,52,2,0,0,0.0,0,clean,TypeScript,2021-2023,1.0,,0.98,0.0,0.0,0
payloadcms/payload,f3748a1534a13e6d844aadd9f0e3e6acbe483d03,f3748a1534,"fix: updates return value of empty arrays in getDataByPath (#4553)  * fix: sets the return value to [] instead of 0 for arrays in getDataByPath  * chore: simplifies empty array check",bugfix,TypeScript,Patrik,2023-12-19 09:01:24-05:00,9,1,0,0,4,0,1,0,2,4.0,1,keyword_strict,TypeScript,2021-2023,0.4,,4.0,0.0,2.0,5
payloadcms/payload,9e8f14a897e77f6933eedb2410956a468f4187c3,9e8f14a897,feat: adds new `actions` property to admin customization (#4468),feature,TypeScript,Patrik,2023-12-19 09:31:58-05:00,9,1,0,0,848,88,42,3,42,5.48,0,clean,TypeScript,2021-2023,1.0,,9.53,0.07,0.13,6
payloadcms/payload,1cad1a6954646a588d2b4b5319d5f28fcdc3aa06,1cad1a6954,docs: fix typo in admin hooks page (#4556),bugfix,Unknown,Sajarin M,2023-12-19 09:43:25-05:00,9,1,0,0,3,3,1,0,0,0.0,1,keyword_strict,TypeScript,2021-2023,0.4,,0.75,0.0,0.0,0
payloadcms/payload,7a4607897d4a3e2d35dfd861cc73ddc1cb7dda32,7a4607897d,chore: exports the useNav hook (#4557),other,TypeScript,Jarrod Flesch,2023-12-19 09:44:09-05:00,9,1,0,0,3,0,1,0,0,0.0,0,clean,TypeScript,2021-2023,1.0,,3.0,0.0,0.0,12
sequelize/sequelize,d89ff2b7f65fb8058d55406b7b1f4cf04f97ec0d,d89ff2b7f6,meta: update actions/setup-node action to v4.0.1 (#16885)  Co-authored-by: renovate[bot] <29139614+renovate[bot]@users.noreply.github.com>,other,Unknown,renovate[bot],2023-12-19 10:02:48+00:00,10,1,0,0,10,10,1,0,0,0.0,0,clean,TypeScript,2021-2023,1.0,,0.91,0.0,0.0,0
payloadcms/payload,10315ed240972c48baa4b07e11c594c1b60e3df7,10315ed240,chore: splits login form from page and moves to next,other,TypeScript,Jacob Fletcher,2023-12-19 10:09:37-05:00,10,1,0,0,224,320,34,0,11,2.55,0,clean,TypeScript,2021-2023,1.0,,0.7,0.0,0.07,12
payloadcms/payload,e25fc2da88202ee9ead951c6847b4cfb92ab7f22,e25fc2da88,chore: adjust req type,other,TypeScript,Jarrod Flesch,2023-12-19 11:57:38-05:00,11,1,0,0,136,87,14,0,16,5.0,0,clean,TypeScript,2021-2023,1.0,,1.55,0.0,0.33,12
payloadcms/payload,ef7bea6d2deecac62598c3ae62f7d83ba7aff96e,ef7bea6d2d,chore(next): installs sass and resolves type errors,other,Unknown,Jacob Fletcher,2023-12-19 12:10:00-05:00,12,1,0,0,18643,2,5,0,0,0.0,0,clean,TypeScript,2021-2023,1.0,,6214.33,0.0,0.0,12
payloadcms/payload,d16c710caad17623dde77be2c0f3b028b84ad55b,d16c710caa,feat: working login route/view,feature,TypeScript,Jarrod Flesch,2023-12-19 15:21:18-05:00,15,1,0,0,61,62,16,0,17,3.94,0,clean,TypeScript,2021-2023,1.0,,0.97,0.0,0.23,12
payloadcms/payload,af88fb8af489f81c9d0b9e9c7d03e9cc6dd400fb,af88fb8af4,fix: me route,bugfix,TypeScript,Jarrod Flesch,2023-12-19 15:33:09-05:00,15,1,0,0,4,6,4,0,2,1.0,0,clean,TypeScript,2021-2023,1.0,,0.57,0.0,0.2,12
refinedev/refine,24332a4ce92c24e16d8099fd7752762371b7e399,24332a4ce9,fix: netlify.toml config for multi-tenancy apps,bugfix,Unknown,Batuhan Wilhelm,2023-12-19 17:26:10+03:00,17,1,0,0,7,10,2,0,0,0.0,0,clean,TypeScript,2021-2023,1.0,,0.64,0.0,0.0,0
sequelize/sequelize,bcc0950f8358e31672dc33682758c7bbb0057a21,bcc0950f83,meta: lock file maintenance (#16884)  Co-authored-by: renovate[bot] <29139614+renovate[bot]@users.noreply.github.com>,other,Unknown,renovate[bot],2023-12-19 17:29:28+00:00,17,1,0,0,165,156,1,0,0,0.0,0,clean,TypeScript,2021-2023,1.0,,1.05,0.0,0.0,0
refinedev/refine,3d3477862915862a7e7c770237905d83cad30602,3d34778629,docs: fixed typo on getting started page (#5392),bugfix,Unknown,Oleg Agafonov,2023-12-19 23:53:01+03:00,23,1,0,1,1,1,1,0,0,0.0,0,clean,TypeScript,2021-2023,1.0,,0.5,0.0,0.0,0
swc-project/swc,ffd2789fda6a03b005c40bb8adec503951505d02,ffd2789fda,chore: Publish 1.3.102-nightly-20231220.1,other,Unknown,SWC Bot,2023-12-20 00:07:08+00:00,0,2,0,1,8,8,6,0,0,0.0,0,clean,TypeScript,2021-2023,1.0,,0.89,0.0,0.0,0
payloadcms/payload,a6d7852903a004ab7c576f424ebde514bf1e6acc,a6d7852903,chore(next): scaffolds access routes (#4562),other,TypeScript,Jacob Fletcher,2023-12-20 01:14:19-05:00,1,2,0,1,82,0,8,0,7,1.0,0,clean,TypeScript,2021-2023,1.0,,82.0,0.0,0.11,12
refinedev/refine,661f22fb524f77a1a2b36a2c1e6ee173a463363e,661f22fb52,"feat(docs): enterprise page table animation (#5390)  * feat(docs): enterprise page table animation  * fix(docs): enterprise table values  * fix(docs): enterprise table width  * fix(docs): typo",bugfix,Unknown,Alican Erdurmaz,2023-12-20 09:35:29+03:00,9,2,0,0,95,61,2,0,6,3.33,0,clean,TypeScript,2021-2023,1.0,,1.53,0.0,1.11,0
payloadcms/payload,cc8c23db85007a05ae57ded019bdaa7d106a1145,cc8c23db85,chore(next): scaffolds admin layout and dashboard view (#4566),other,TypeScript,Jacob Fletcher,2023-12-20 10:13:28-05:00,10,2,0,0,202,148,16,0,16,5.0,0,clean,TypeScript,2021-2023,1.0,,1.36,0.0,0.29,12
refinedev/refine,d4f32cadf74c9f9c023f2c84fa81cf70c0196b67,d4f32cadf7,docs: fixed wrong code formating in tutorial pages (chakra-ui) (#5394),bugfix,Unknown,Oleg Agafonov,2023-12-20 10:14:09+03:00,10,2,0,0,31,31,1,0,0,0.0,0,clean,TypeScript,2021-2023,1.0,,0.97,0.0,0.0,0
sequelize/sequelize,c4a81ce22f21b0f6ecce124cff6c8301dab912c0,c4a81ce22f,meta: update dependency mariadb to v3.2.3 (#16891)  Co-authored-by: renovate[bot] <29139614+renovate[bot]@users.noreply.github.com>,other,Unknown,renovate[bot],2023-12-20 14:14:19+00:00,14,2,0,0,6,6,2,0,0,0.0,0,clean,TypeScript,2021-2023,1.0,,0.86,0.0,0.0,0
refinedev/refine,0966f28c787e73d7822bf7182135b3c8af8b0e81,0966f28c78,"feat(docs): add template pages (#5375)  * feat(docs): add template pages  * fix(docs): hero seciton style  * fix(docs): use browser only  for drawer  * feat(docs): close drawer on outside click ",bugfix,JavaScript,Alican Erdurmaz,2023-12-20 14:56:36+03:00,14,2,0,0,3385,135,38,0,103,1.48,0,clean,TypeScript,2021-2023,1.0,,24.89,0.0,0.04,0
refinedev/refine,98bd25db194e18bcdfb6813b5d1477ed9ffbae1f,98bd25db19,"feat(docs): add `<InstallPackagesCommand/>` and `<CreateRefineAppCommand />` (#5397)  * feat(docs): create install packages component  * feat(docs): replace install-packages texts with component  ",feature,JavaScript,Alican Erdurmaz,2023-12-20 15:08:39+03:00,15,2,0,0,1114,1851,67,0,2,2.0,0,clean,TypeScript,2021-2023,1.0,,0.6,0.0,0.03,0
refinedev/refine,b186e3b695281b2818883d85bee9ccd13f3704ac,b186e3b695,"docs(blog): add chakra post (#5396)  * docs(blog): add chakra post  * docs(blog): update links",feature,Unknown,Necati Özmen,2023-12-20 15:54:07+03:00,15,2,0,0,731,4,4,0,0,0.0,0,clean,TypeScript,2021-2023,1.0,,146.2,0.0,0.0,0
refinedev/refine,e9ed2bd771adac962a4fd9fa7a6c97ebe17eb40e,e9ed2bd771,"docs(general-concepts): update state management section (#5400)  * docs(general-concepts): update state management section  * docs(general-concepts): fix typo  * docs(general-concepts): update key",bugfix,Unknown,Ali Emir Şen,2023-12-20 19:58:03+03:00,19,2,0,0,79,5,1,0,0,0.0,0,clean,TypeScript,2021-2023,1.0,,13.17,0.0,0.0,0
swc-project/swc,de281705ef02d8e39c79dd3e4c589a889efc5820,de281705ef,chore: Publish 1.3.102-nightly-20231221.1,other,Unknown,SWC Bot,2023-12-21 00:08:13+00:00,0,3,0,1,8,8,6,0,0,0.0,0,clean,TypeScript,2021-2023,1.0,,0.89,0.0,0.0,0
swc-project/swc,dc26f0f95c877bd1d1b8d8634540577fed4a4d31,dc26f0f95c,chore: Publish crates,other,Unknown,SWC Bot,2023-12-21 04:42:55+00:00,4,3,0,1,370,826,1,0,0,0.0,0,clean,TypeScript,2021-2023,1.0,,0.45,0.0,0.0,0
swc-project/swc,37bb0e3bde97f96bc79771e9d15cc1f130566a50,37bb0e3bde,chore: Publish crates,other,Unknown,SWC Bot,2023-12-21 09:19:08+00:00,9,3,0,0,110,110,25,0,0,0.0,0,clean,TypeScript,2021-2023,1.0,,0.99,0.0,0.0,0
refinedev/refine,ebba4c435bb7cd0ae34aab951e56f31455547ba2,ebba4c435b,fix(docs): templates page crm link (#5405),bugfix,JavaScript,Alican Erdurmaz,2023-12-21 10:19:35+03:00,10,3,0,0,2,2,2,0,0,0.0,0,clean,TypeScript,2021-2023,1.0,,0.67,0.0,0.0,0
refinedev/refine,6497699f1abd2fc9e701fa17d9293c242f02388e,6497699f1a,"fix(inferencer): material ui snapshot tests (#5404)  * fix(inferencer): material ui snapshot tests  * chore(inferencer): remove changeset",bugfix,Unknown,Alican Erdurmaz,2023-12-21 10:37:34+03:00,10,3,0,0,6,6,4,4,0,0.0,0,clean,TypeScript,2021-2023,1.0,,0.86,0.8,0.0,0
swc-project/swc,2ef9ed663a3bed76fd6dba537af2cd7c95b8406f,2ef9ed663a,chore(ci): Fix license check (#8441),bugfix,Unknown,Donny/강동윤,2023-12-21 13:40:52+09:00,13,3,0,0,5,5,2,0,0,0.0,0,clean,TypeScript,2021-2023,1.0,,0.83,0.0,0.0,0
refinedev/refine,649afb25676c8d09e560ea93185a28f1e4da3726,649afb2567,"docs(blog): add web development post (#5407)  * docs(blog): add web development post  * docs(blog): update some capital letter  * docs(blog): update features post title",feature,JavaScript,Necati Özmen,2023-12-21 14:51:06+03:00,14,3,0,0,3900,4367,4,0,1,4.0,0,clean,TypeScript,2021-2023,1.0,,0.89,0.0,0.8,0
payloadcms/payload,a7172d8782a07af5f89c9ae4dbd713134538a06c,a7172d8782,chore(next): builds initPage utility (#4589),other,TypeScript,Jacob Fletcher,2023-12-21 16:07:45-05:00,16,3,0,0,61,68,5,0,6,2.83,0,clean,TypeScript,2021-2023,1.0,,0.88,0.0,0.47,12
payloadcms/payload,988a21e94d4eb33d565e2cd3b33c57077deeb6ba,988a21e94d,feat(3.0): next route handlers (#4590),feature,TypeScript,Jarrod Flesch,2023-12-21 16:54:20-05:00,16,3,0,0,1672,1947,167,0,175,3.03,0,clean,TypeScript,2021-2023,1.0,,0.86,0.0,0.02,12
payloadcms/payload,f43ac8554cdebd8dca2d132cc3f105c5b97a7422,f43ac8554c,chore: removes old files,other,TypeScript,Jarrod Flesch,2023-12-21 16:58:25-05:00,16,3,0,0,0,41,2,0,3,1.0,0,clean,TypeScript,2021-2023,1.0,,0.0,0.0,0.33,12
swc-project/swc,a06d5b23416d8f4f45334e5edaed3da53f9f5777,a06d5b2341,"fix(es/compat): Use correct `span.lo` in class transforms (#8439)  **Related issue:**   - Closes #8435",bugfix,JavaScript,Austaras,2023-12-21 18:17:43+09:00,18,3,0,0,41,3,6,0,5,1.2,0,clean,TypeScript,2021-2023,1.0,,10.25,0.0,0.17,0
refinedev/refine,d3b0a029606f5b1fffbfe32e22d06f92c7d82ba4,d3b0a02960,feat(docs): remove pricing page and redirect to enterprise page (#5410),feature,TypeScript,Alican Erdurmaz,2023-12-21 18:42:44+03:00,18,3,0,0,4,2041,33,0,41,1.85,0,clean,TypeScript,2021-2023,1.0,,0.0,0.0,0.05,0
payloadcms/payload,921f568d2d79d15ec621e74bdf00bd5899eb27f8,921f568d2d,chore(next): ssr list view (#4594),other,TypeScript,Jacob Fletcher,2023-12-21 23:04:25-05:00,23,3,0,1,694,856,165,1,57,4.32,0,clean,TypeScript,2021-2023,1.0,,0.81,0.01,0.03,12
swc-project/swc,a9f25b2fb6966d34fe4f3654f875724a9dedcd92,a9f25b2fb6,chore: Publish 1.3.102-nightly-20231222.1,other,Unknown,SWC Bot,2023-12-22 00:08:27+00:00,0,4,0,1,50,50,8,0,0,0.0,0,clean,TypeScript,2021-2023,1.0,,0.98,0.0,0.0,0
swc-project/swc,611d7175d4e3e3c041e53b17f25779011e278512,611d7175d4,chore: Publish crates,other,Unknown,SWC Bot,2023-12-22 03:27:18+00:00,3,4,0,1,209,209,38,0,0,0.0,0,clean,TypeScript,2021-2023,1.0,,1.0,0.0,0.0,0
payloadcms/payload,f5a63998cefe9e095362febbed698814988937a5,f5a63998ce,chore: removes old files,other,TypeScript,Jarrod Flesch,2023-12-22 08:00:58-05:00,8,4,0,0,0,59,5,0,5,1.0,0,clean,TypeScript,2021-2023,1.0,,0.0,0.0,0.17,12
payloadcms/payload,b1b318e2827dcb457edfe7daa6f38e942055631f,b1b318e282,chore: adjusts graphql file imports to align with new operation exports,feature,TypeScript,Jarrod Flesch,2023-12-22 08:08:18-05:00,8,4,0,0,6,55,23,0,16,1.31,0,clean,TypeScript,2021-2023,1.0,,0.11,0.0,0.05,12
refinedev/refine,bebd381f65e9f22ca40f773904e294596e104abb,bebd381f65,docs(breadcrumbs): fix missing key issue,bugfix,Unknown,Ali Emir Şen,2023-12-22 10:03:13+03:00,10,4,0,0,2,4,1,0,2,7.0,0,clean,TypeScript,2021-2023,1.0,,0.4,0.0,3.5,0
swc-project/swc,65dec905c076c8e95341ada23b140a538d37abce,65dec905c0,"fix(es/codegen): Fix codegen of type-only export declarations (#8447)  **Description:**  This fixes the emit for `export type { } from ""...""` and `export { type A } from ""...""`.",bugfix,JavaScript,David Sherret,2023-12-22 12:25:52+09:00,12,4,0,0,38,2,10,0,3,8.33,0,clean,TypeScript,2021-2023,1.0,,12.67,0.0,0.76,0
payloadcms/payload,a267aad709894f1fa1709309059f782dc7e3b0a5,a267aad709,chore: allows for custom endpoints,other,TypeScript,Jarrod Flesch,2023-12-22 13:18:45-05:00,13,4,0,0,227,162,14,0,19,6.84,0,clean,TypeScript,2021-2023,1.0,,1.39,0.0,0.46,12
refinedev/refine,10e1c2ffe3aa215d396b04165da5471e2a9b110e,10e1c2ffe3,docs(blog): update article slug (#5417),docs,Unknown,Necati Özmen,2023-12-22 14:49:26+03:00,14,4,0,0,1,1,1,0,0,0.0,0,clean,TypeScript,2021-2023,1.0,,0.5,0.0,0.0,0
refinedev/refine,66e37c000a170a34792a01a780f15e7a0ce3c0cc,66e37c000a,chore: add redirect,feature,Unknown,Ömer Faruk APLAK,2023-12-22 14:52:13+03:00,14,4,0,0,4,0,1,0,0,0.0,0,clean,TypeScript,2021-2023,1.0,,4.0,0.0,0.0,0
refinedev/refine,5b8cbf39373a1783f8e568d5dd5f42dcffa370bd,5b8cbf3937,"docs: update docs structure by scopes (#5408)  * docs: update redirects  * docs: update links for new locations  * docs: move docs to new locations  * docs: update sidebar  * docs: update way ",bugfix,JavaScript,Ali Emir Şen,2023-12-22 16:37:54+03:00,16,4,0,0,1859,1508,296,0,8,19.38,0,clean,TypeScript,2021-2023,1.0,,1.23,0.0,0.07,0
refinedev/refine,9fd3f7dad5422e18e886ca77f12ef0a5bcd8c777,9fd3f7dad5,"fix(blog): fix missing text, typos, flow (#5415)",bugfix,Unknown,Abdullah Numan,2023-12-22 16:45:54+03:00,16,4,0,0,21,19,2,0,0,0.0,0,clean,TypeScript,2021-2023,1.0,,1.05,0.0,0.0,0
refinedev/refine,f30a21379de565fba8a1e6f1ed52376b4fd2fc1e,f30a21379d,"fix(docs): images dont respect color mode (#5416)  * fix(docs): images dont respect color mode  * fix(docs): template detail markdown link color  * fix(docs): template card rest api icon",bugfix,Unknown,Alican Erdurmaz,2023-12-22 16:46:03+03:00,16,4,0,0,80,73,10,0,11,1.73,0,clean,TypeScript,2021-2023,1.0,,1.08,0.0,0.16,0
refinedev/refine,984ebcce502b1ae8566ab5962bd84a933793f149,984ebcce50,docs(templates): update hero text,docs,Unknown,Ali Emir Şen,2023-12-22 16:51:58+03:00,16,4,0,0,4,3,1,0,1,1.0,0,clean,TypeScript,2021-2023,1.0,,1.0,0.0,0.5,0
sequelize/sequelize,07014dc2d79994985bcd87c36887d0cd5358a208,07014dc2d7,meta: update dependency nx to v17.2.7 (#16896)  Co-authored-by: renovate[bot] <29139614+renovate[bot]@users.noreply.github.com>,other,Unknown,renovate[bot],2023-12-22 22:49:02+00:00,22,4,0,1,53,53,2,0,0,0.0,0,clean,TypeScript,2021-2023,1.0,,0.98,0.0,0.0,0
swc-project/swc,eea8ba3fe1044cb7e9493a65d915e804b94aa6c5,eea8ba3fe1,chore: Publish 1.3.102-nightly-20231223.1,other,Unknown,SWC Bot,2023-12-23 00:08:09+00:00,0,5,1,1,74,74,8,0,0,0.0,0,clean,TypeScript,2021-2023,1.0,,0.99,0.0,0.0,0
swc-project/swc,4564a019275bc6982aa7ee4ee918d49d08a21ff7,4564a01927,chore: Publish crates,other,Unknown,SWC Bot,2023-12-23 03:41:17+00:00,3,5,1,1,74,74,19,0,0,0.0,0,clean,TypeScript,2021-2023,1.0,,0.99,0.0,0.0,0
swc-project/swc,e68720a76cf8146befa26ff147a812e9ba2959aa,e68720a76c,"fix(es): Apply `paren_remover` for minify (#8442)  **Related issue:**   - Closes #8437",bugfix,Rust,Austaras,2023-12-23 06:45:21+00:00,6,5,1,0,64,0,2,1,4,5.75,0,clean,TypeScript,2021-2023,1.0,,64.0,0.33,1.92,0
swc-project/swc,a611932dd511ded99adacc57c84c6f87e994bca3,a611932dd5,chore: Publish crates,other,Unknown,SWC Bot,2023-12-23 06:46:40+00:00,6,5,1,0,22,19,8,0,0,0.0,0,clean,TypeScript,2021-2023,1.0,,1.1,0.0,0.0,0
swc-project/swc,d89b60a000e6a40a6d624ba3903743f9c80170d1,d89b60a000,"fix(css/parser): Fix parsing of `hsla(var(--foo), 1)` (#8443)  **Description:**  ```css .test {     border-color: hsla(var(--ds-gray-200-value), 1); } ```  should be compiled as  ```css  .",bugfix,Rust,Donny/강동윤,2023-12-23 12:39:54+09:00,12,5,1,0,415,2,8,0,1,327.0,0,clean,TypeScript,2021-2023,1.0,,138.33,0.0,36.33,0
swc-project/swc,5dfd0dc75e5fedc5c81a823422c9dd05512c4578,5dfd0dc75e,chore: Publish 1.3.102-nightly-20231224.1,other,Unknown,SWC Bot,2023-12-24 00:08:55+00:00,0,6,1,1,25,25,8,0,0,0.0,0,clean,TypeScript,2021-2023,1.0,,0.96,0.0,0.0,0
swc-project/swc,d6dd1f9240958548c4115a1cf8c92d60e99cdbca,d6dd1f9240,chore: Publish crates,other,Unknown,SWC Bot,2023-12-24 01:32:20+00:00,1,6,1,1,209,212,38,0,0,0.0,0,clean,TypeScript,2021-2023,1.0,,0.98,0.0,0.0,0
sequelize/sequelize,8dde6e3d623b3efe2cdb7d0dd9932918a2bce61b,8dde6e3d62,meta: update dependency typedoc-plugin-mdn-links to v3.1.9 (#16898)  Co-authored-by: renovate[bot] <29139614+renovate[bot]@users.noreply.github.com>,docs,Unknown,renovate[bot],2023-12-24 01:41:24+00:00,1,6,1,1,6,6,2,0,0,0.0,0,clean,TypeScript,2021-2023,1.0,,0.86,0.0,0.0,0
swc-project/swc,0dd96f85e2215f5c18849bdfb150dc95006399e8,0dd96f85e2,"fix(es/codegen): Emit `override` keyword (#8449)  **Description:**  Emits the `override` keyword.",bugfix,JavaScript,David Sherret,2023-12-24 10:30:46+09:00,10,6,1,0,176,13,12,0,8,5.88,0,clean,TypeScript,2021-2023,1.0,,12.57,0.0,0.45,0
swc-project/swc,cf9e865f3c25733a3295082b06be03e6074b2c57,cf9e865f3c,chore: Publish 1.3.102-nightly-20231225.1,other,Unknown,SWC Bot,2023-12-25 00:09:10+00:00,0,0,0,1,74,74,8,0,0,0.0,0,clean,TypeScript,2021-2023,1.0,,0.99,0.0,0.0,0
refinedev/refine,0026fe34d0e46209f42e40834c6942ade22f242f,0026fe34d0,"feat(core): add gqlQuery and gqlMutation fields to MetaQuery type (#5409)  * feat(core): add gqlQuery and gqlMutation fields to MetaQuery type  * fix: hook specs with spy  * chore: fix typos  * ",bugfix,TypeScript,Batuhan Wilhelm,2023-12-25 15:48:13+03:00,15,0,0,0,19119,6822,311,17,303,2.49,0,clean,TypeScript,2021-2023,1.0,,2.8,0.05,0.01,0
refinedev/refine,d16f0787d5ebb3cd7f8b8f5c308ca51afde57b06,d16f0787d5,chore: update peer deps to latest (#5422),test,Unknown,Ali Emir Şen,2023-12-25 17:31:42+03:00,17,0,0,0,91,58,31,0,0,0.0,0,clean,TypeScript,2021-2023,1.0,,1.54,0.0,0.0,0
swc-project/swc,986eb7886e694b9424421195852d688574bbfe79,986eb7886e,chore: Publish 1.3.102-nightly-20231226.1,other,Unknown,SWC Bot,2023-12-26 00:08:38+00:00,0,1,0,1,8,8,6,0,0,0.0,0,clean,TypeScript,2021-2023,1.0,,0.89,0.0,0.0,0
refinedev/refine,13a435cf4922287a5b23fab4452dd85441c7e66f,13a435cf49,"Revert ""chore: update peer deps to latest (#5422)""  This reverts commit d16f0787d5ebb3cd7f8b8f5c308ca51afde57b06.",test,Unknown,Ali Emir Şen,2023-12-26 09:51:01+03:00,9,1,0,0,58,91,31,0,0,0.0,0,clean,TypeScript,2021-2023,1.0,,0.63,0.0,0.0,0
refinedev/refine,a298a8baaf0154125dc9d534d88a36ad251d7d24,a298a8baaf,docs(faq): update faq guide (#5424),docs,Unknown,Ali Emir Şen,2023-12-26 10:27:19+03:00,10,1,0,0,64,470,1,0,0,0.0,0,clean,TypeScript,2021-2023,1.0,,0.14,0.0,0.0,0
refinedev/refine,e8714be912bb74b93468a3882fd6909947bab990,e8714be912,ci(changesets): version packages (#5421)  Co-authored-by: github-actions[bot] <github-actions[bot]@users.noreply.github.com>,other,Unknown,Refine Community Bot,2023-12-26 11:12:33+03:00,11,1,0,0,315,316,212,0,0,0.0,0,clean,TypeScript,2021-2023,1.0,,0.99,0.0,0.0,0
refinedev/refine,9749bbf735731a1f7ebdf95da3a6cd0a04f37559,9749bbf735,"docs(blog): add kubectl post (#5420)  * docs(blog): add kubectl post  * docs(blog): add web app post",feature,Unknown,Necati Özmen,2023-12-26 12:42:13+03:00,12,1,0,0,288,0,2,0,0,0.0,0,clean,TypeScript,2021-2023,1.0,,288.0,0.0,0.0,0
refinedev/refine,190af9fce292bc46b169e3e121be6bf1c2a939a5,190af9fce2,chore: update peer deps to latest (#5425),test,Unknown,Ali Emir Şen,2023-12-26 13:40:18+03:00,13,1,0,0,90,57,31,0,0,0.0,0,clean,TypeScript,2021-2023,1.0,,1.55,0.0,0.0,0
refinedev/refine,67a98aeed8695fd59b3e01d17ec1954ba8f804c3,67a98aeed8,ci(changesets): version packages (#5428)  Co-authored-by: github-actions[bot] <github-actions[bot]@users.noreply.github.com>,other,Unknown,Refine Community Bot,2023-12-26 14:20:17+03:00,14,1,0,0,1231,1070,264,0,0,0.0,0,clean,TypeScript,2021-2023,1.0,,1.15,0.0,0.0,0
refinedev/refine,b78297dc33a5bf608638ff0c1f5e7cbdf8ef0221,b78297dc33,"ci(examples): updated example build script (#5426)  * ci(examples): updated example build script  * ci(examples): check modified examples  * ci(examples): run all by flag and schedule  * chore: ",bugfix,JavaScript,Ali Emir Şen,2023-12-26 16:11:28+03:00,16,1,0,0,139,64,3,0,10,2.7,0,clean,TypeScript,2021-2023,1.0,,2.14,0.0,0.68,0
refinedev/refine,34530c12d02f9a1865c06e8f862c32ffa982e980,34530c12d0,"feat(docs): add notifications guide (#5427)  * feat(docs): notifications guide  * fix(mantine): useNotification.close not working  * fix(mui): useNotification.close not working  * fix(mui): test",bugfix,JavaScript,Alican Erdurmaz,2023-12-26 16:13:23+03:00,16,1,0,0,618,1,7,0,4,1.0,0,clean,TypeScript,2021-2023,1.0,,309.0,0.0,0.12,0
refinedev/refine,2bba820ece9a9f4d9f313c5dc8ba0fe70ad05d5c,2bba820ece,feat(docs): add relationships to form guide (#5419),feature,Unknown,Alican Erdurmaz,2023-12-26 16:13:37+03:00,16,1,0,0,730,0,5,0,4,1.0,0,clean,TypeScript,2021-2023,1.0,,730.0,0.0,0.17,0
sequelize/sequelize,7c3c5f2f2b8c7df8f71d5d1cbbac77abe9e339a4,7c3c5f2f2b,meta: update dependency moment to v2.30.0 (#16902)  Co-authored-by: renovate[bot] <29139614+renovate[bot]@users.noreply.github.com>,other,Unknown,renovate[bot],2023-12-26 21:43:17+00:00,21,1,0,0,6,6,2,0,0,0.0,0,clean,TypeScript,2021-2023,1.0,,0.86,0.0,0.0,0
swc-project/swc,df5ad064c73a21c3c0c9c947a71c30d84d7a725a,df5ad064c7,chore: Publish 1.3.102-nightly-20231227.1,other,Unknown,SWC Bot,2023-12-27 00:08:21+00:00,0,2,0,1,8,8,6,0,0,0.0,0,clean,TypeScript,2021-2023,1.0,,0.89,0.0,0.0,0
payloadcms/payload,723b470284563479505648ad37696a6675023740,723b470284,chore(next): ssr edit view (#4614),other,TypeScript,Jacob Fletcher,2023-12-27 08:09:10-05:00,8,2,0,0,1571,1513,152,1,97,5.72,0,clean,TypeScript,2021-2023,1.0,,1.04,0.01,0.04,12
refinedev/refine,7d7b80b02602562c914a778192ed8d7e88869c9e,7d7b80b026,docs(landing-showcase): update button text (#5440),docs,Unknown,Ali Emir Şen,2023-12-27 12:18:03+03:00,12,2,0,0,4,4,1,0,1,2.0,0,clean,TypeScript,2021-2023,1.0,,0.8,0.0,1.0,0
sequelize/sequelize,bc15896a55a64208403870911b095306134c303e,bc15896a55,meta: update dependency moment to v2.30.1 (#16904)  Co-authored-by: renovate[bot] <29139614+renovate[bot]@users.noreply.github.com>,other,Unknown,renovate[bot],2023-12-27 12:40:35+00:00,12,2,0,0,6,6,2,0,0,0.0,0,clean,TypeScript,2021-2023,1.0,,0.86,0.0,0.0,0
refinedev/refine,efc4c51a9cb7c57b20b6d6220797f6706b9d6830,efc4c51a9c,docs(blog): add crontab post (#5439),feature,Unknown,Necati Özmen,2023-12-27 12:52:42+03:00,12,2,0,0,170,0,1,0,0,0.0,0,clean,TypeScript,2021-2023,1.0,,170.0,0.0,0.0,0
sequelize/sequelize,0139ab11e81bd1581cf8d0050f954fc9833fd443,0139ab11e8,meta: lock file maintenance (#16901)  Co-authored-by: renovate[bot] <29139614+renovate[bot]@users.noreply.github.com>,other,Unknown,renovate[bot],2023-12-27 13:14:59+00:00,13,2,0,0,141,137,1,0,0,0.0,0,clean,TypeScript,2021-2023,1.0,,1.02,0.0,0.0,0
refinedev/refine,e3f457570e4e748b2dd56f47e241d4f553e011c7,e3f457570e,"docs: add multitenancy guide (#5435)  * docs(sandpack): add `showReadonly` prop  * docs: add multitenancy guide  * docs(multitenancy): update intro  * docs(multi-tenancy): remove advanced tutori",feature,JavaScript,Ali Emir Şen,2023-12-27 13:28:43+03:00,13,2,0,0,646,1414,15,0,6,17.67,0,clean,TypeScript,2021-2023,1.0,,0.46,0.0,1.1,0
refinedev/refine,de4fc23056b7b78f493b1b8cb573c7a4a4924dc8,de4fc23056,docs(partials): exclude partials from docs and sitemaps (#5436),docs,JavaScript,Ali Emir Şen,2023-12-27 13:29:28+03:00,13,2,0,0,38,34,45,0,0,0.0,0,clean,TypeScript,2021-2023,1.0,,1.09,0.0,0.0,0
refinedev/refine,f20716c7f445710d8caa85eec2fa6cd6b1418c71,f20716c7f4,"ci(docs): add redirect check for next version of docs (#5437)  * ci(docs): add redirect check for next version of docs  * docs(ci-test): remove hasura for error  * ci(docs): update node path  * ",feature,JavaScript,Ali Emir Şen,2023-12-27 13:29:51+03:00,13,2,0,0,84,0,2,0,6,1.67,0,clean,TypeScript,2021-2023,1.0,,84.0,0.0,0.56,0
payloadcms/payload,3e11a5200e8e65fcad971a6bcbbd58a70fa74900,3e11a5200e,chore(ui): ssr main nav (#4619),other,TypeScript,Jacob Fletcher,2023-12-27 22:17:24-05:00,22,2,0,1,275,185,19,0,18,4.67,0,clean,TypeScript,2021-2023,1.0,,1.48,0.0,0.23,12
payloadcms/payload,0712207ff2656fff1ef76786c3598fbac3ae735a,0712207ff2,chore(next): ssr account view (#4620),other,TypeScript,Jacob Fletcher,2023-12-27 22:21:12-05:00,22,2,0,1,221,240,14,0,12,5.67,0,clean,TypeScript,2021-2023,1.0,,0.92,0.0,0.38,12
swc-project/swc,c39e75c61d4e2052e584993f0983ab515fbe5d61,c39e75c61d,chore: Publish 1.3.102-nightly-20231228.1,other,Unknown,SWC Bot,2023-12-28 00:08:40+00:00,0,3,0,1,8,8,6,0,0,0.0,0,clean,TypeScript,2021-2023,1.0,,0.89,0.0,0.0,0
refinedev/refine,84654410f8aeab20e35f714963383cb168d3945f,84654410f8,"docs(core): add `<AutoSaveIndicator />` docs (#5446)  * docs(auto-save-indicator): add core auto save indicator docs  * docs(auto-save-indicator): update auto save indicator references  * docs: fi",bugfix,JavaScript,Ali Emir Şen,2023-12-28 10:23:44+03:00,10,3,0,0,379,2,9,0,1,1.0,0,clean,TypeScript,2021-2023,1.0,,126.33,0.0,0.1,0
refinedev/refine,9dcd87730c92b8ce33e9e26c7067f3f5a66afff1,9dcd87730c,chore: remove patch-package dependency (#5445),bugfix,Unknown,Omer Aplak,2023-12-28 10:41:51+03:00,10,3,0,0,0,491,3,0,0,0.0,0,clean,TypeScript,2021-2023,1.0,,0.0,0.0,0.0,0
refinedev/refine,cb99555da1f920f736c87e72bb793feb4ed1b06c,cb99555da1,docs(headings): remove backticks from one word headings (#5448),docs,Unknown,Ali Emir Şen,2023-12-28 16:28:32+03:00,16,3,0,0,1476,1476,144,0,0,0.0,0,clean,TypeScript,2021-2023,1.0,,1.0,0.0,0.0,0
refinedev/refine,8d815e8c1e2284a992e2676c99ca89de7d6715cf,8d815e8c1e,fix(docs): landing mobile menu borders (#5450),bugfix,Unknown,Alican Erdurmaz,2023-12-28 16:28:59+03:00,16,3,0,0,8,2,2,0,3,4.33,0,clean,TypeScript,2021-2023,1.0,,2.67,0.0,1.44,0
refinedev/refine,b6984ceaf6b566944acfcfe45038b8f3d312f1d7,b6984ceaf6,docs(blog): add kubeclt logs post (#5449),feature,Unknown,Necati Özmen,2023-12-28 16:29:16+03:00,16,3,0,0,186,0,1,0,0,0.0,0,clean,TypeScript,2021-2023,1.0,,186.0,0.0,0.0,0
refinedev/refine,bdb202bc5ef4d305257bf2418775b6f783f0bfa7,bdb202bc5e,"feat(docs): add i18n guide (#5447)  * feat(docs): add i18n guide  * fix(docs): typo  * fix(docs): typo  * chore: typo fix  ---------  Co-authored-by: Omer Aplak <omer@refine.dev>",bugfix,JavaScript,Alican Erdurmaz,2023-12-28 16:32:53+03:00,16,3,0,0,897,795,9,0,1,1.0,0,clean,TypeScript,2021-2023,1.0,,1.13,0.0,0.1,0
refinedev/refine,e66290ec4b2a3ccfcc306d5f6b167b4aafbdc975,e66290ec4b,"feat(docs): add import export guide (#5441)  * feat(docs): add import export guide  * fix(docs): typo  * fix(docs): wrong redirect urls  * fix(docs): typo  * fix(docs): set showOpenInCodeSandb",bugfix,JavaScript,Alican Erdurmaz,2023-12-28 16:35:05+03:00,16,3,0,0,316,198,7,0,2,1.0,0,clean,TypeScript,2021-2023,1.0,,1.59,0.0,0.12,0
sequelize/sequelize,588658dc0e094cce9f663dc72db26a117b2379fe,588658dc0e,meta: update dependency nx to v17.2.8 (#16908)  Co-authored-by: renovate[bot] <29139614+renovate[bot]@users.noreply.github.com>,other,Unknown,renovate[bot],2023-12-28 17:12:14+00:00,17,3,0,0,53,53,2,0,0,0.0,0,clean,TypeScript,2021-2023,1.0,,0.98,0.0,0.0,0
refinedev/refine,fe067ed21692b7e10975fb8be2a4e281f635ce08,fe067ed216,"docs(templates): update titles & descriptions (#5453)  * docs(templates): update templates title & descs  * docs(templates): add some of use cases",feature,JavaScript,Necati Özmen,2023-12-28 18:34:19+03:00,18,3,0,0,103,37,4,0,1,1.0,0,clean,TypeScript,2021-2023,1.0,,2.71,0.0,0.2,0
swc-project/swc,1e44e57a095c151fc52685b9580c083620342fe7,1e44e57a09,"fix(es/renamer): Correctly check top level (#8456)  **Related issue:**   - Closes #8451.  - Closes #8185.",bugfix,JavaScript,Austaras,2023-12-28 23:56:38+00:00,23,3,0,1,82,38,14,0,50,1.16,0,clean,TypeScript,2021-2023,1.0,,2.1,0.0,0.08,0
swc-project/swc,3492e6f13ec01d2ac2c5ceda1a724cb4ab029aeb,3492e6f13e,chore: Publish crates,other,Unknown,SWC Bot,2023-12-28 23:58:04+00:00,23,3,0,1,191,197,37,0,0,0.0,0,clean,TypeScript,2021-2023,1.0,,0.96,0.0,0.0,0
swc-project/swc,b76dd4635d02b1fc76a6f799d4bc70710025f889,b76dd4635d,chore: Publish 1.3.102-nightly-20231229.1,other,Unknown,SWC Bot,2023-12-29 00:08:14+00:00,0,4,0,1,72,72,8,0,0,0.0,0,clean,TypeScript,2021-2023,1.0,,0.99,0.0,0.0,0
swc-project/swc,0b188ccdff487bc5c344b0e70b102ce1d9ba308d,0b188ccdff,fix(es/parser): Disallowing await as an identifier in class static block (#8450),bugfix,Rust,Ian Tan,2023-12-29 08:48:24+00:00,8,4,0,0,52,3,6,0,9,5.11,0,clean,TypeScript,2021-2023,1.0,,13.0,0.0,0.73,0
swc-project/swc,4229e7b99b65e4c03bf29a2bc72f6d5c32a5a1da,4229e7b99b,chore: Publish crates,other,Unknown,SWC Bot,2023-12-29 08:49:51+00:00,8,4,0,0,306,306,47,0,0,0.0,0,clean,TypeScript,2021-2023,1.0,,1.0,0.0,0.0,0
payloadcms/payload,128741238357a3782747b5a04c62067e25010191,1287412383,chore(next): ssr auth views and document create (#4631),docs,TypeScript,Jacob Fletcher,2023-12-29 09:14:02-05:00,9,4,0,0,669,471,45,0,61,3.18,0,clean,TypeScript,2021-2023,1.0,,1.42,0.0,0.07,12
refinedev/refine,aff3ad24dafed2bed83dac2e1790656a64e3ffd9,aff3ad24da,chore: typo fix,bugfix,Unknown,Ömer Faruk APLAK,2023-12-29 10:20:43+03:00,10,4,0,0,2,2,1,0,2,1.0,0,clean,TypeScript,2021-2023,1.0,,0.67,0.0,0.5,0
swc-project/swc,d681785b428b7958e7652dc3a7c709ad85b298f9,d681785b42,"fix(es/minifier): Add WeakRef as a safe global reference (#8458)  **Description:**  I was trying to remove references to Weak Ref from minified code and despite the expression not being used, it wa",bugfix,Rust,Luke Page,2023-12-29 12:25:23+00:00,12,4,0,0,1,0,1,0,1,2.0,0,clean,TypeScript,2021-2023,1.0,,1.0,0.0,1.0,0
swc-project/swc,e3f25c2011bfa74601d111a332908ae33f123aa0,e3f25c2011,chore: Publish crates,other,Unknown,SWC Bot,2023-12-29 12:26:47+00:00,12,4,0,0,45,45,16,0,0,0.0,0,clean,TypeScript,2021-2023,1.0,,0.98,0.0,0.0,0
refinedev/refine,7776b61f0329717efc3c91815b17fecb02a3f62d,7776b61f03,docs(blog): add frameworks post (#5456),feature,Unknown,Necati Özmen,2023-12-29 15:07:04+03:00,15,4,0,0,349,0,1,0,0,0.0,0,clean,TypeScript,2021-2023,1.0,,349.0,0.0,0.0,0
swc-project/swc,2e0f305fa4a99f6927a46b6c4922bfb7f5a6adb7,2e0f305fa4,chore: Publish 1.3.102-nightly-20231230.1,other,Unknown,SWC Bot,2023-12-30 00:08:58+00:00,0,5,1,1,86,86,8,0,0,0.0,0,clean,TypeScript,2021-2023,1.0,,0.99,0.0,0.0,0
sequelize/sequelize,45839302e5d93a06fd18406847d2a2ffa394b5a3,45839302e5,meta: update dependency @types/node to v20.10.6 (#16912)  Co-authored-by: renovate[bot] <29139614+renovate[bot]@users.noreply.github.com>,other,Unknown,renovate[bot],2023-12-30 02:15:41+00:00,2,5,1,1,6,6,2,0,0,0.0,0,clean,TypeScript,2021-2023,1.0,,0.86,0.0,0.0,0
payloadcms/payload,9c0994219e6a9dcbdc4a34137a57178a1a32cf9e,9c0994219e,chore(next): ssr globals view (#4640),other,TypeScript,Jacob Fletcher,2023-12-30 10:03:28-05:00,10,5,1,0,582,520,43,0,42,6.6,0,clean,TypeScript,2021-2023,1.0,,1.12,0.0,0.15,12
sequelize/sequelize,3e7d95e6e1bb29fa7f7bb015c39680300415ee7c,3e7d95e6e1,meta: update dependency eslint-plugin-jsdoc to v46.10.1 (#16914)  Co-authored-by: renovate[bot] <29139614+renovate[bot]@users.noreply.github.com>,docs,Unknown,renovate[bot],2023-12-30 18:06:22+00:00,18,5,1,0,7,7,2,0,0,0.0,0,clean,TypeScript,2021-2023,1.0,,0.88,0.0,0.0,0
sequelize/sequelize,a6ff5b6aecf6220913f3a03e69073583b43d8ee6,a6ff5b6aec,meta: update dependency validator to v13.15.20 [security],other,Unknown,renovate[bot],2025-10-27 18:40:52+00:00,18,0,0,0,3,3,1,0,0,0.0,0,clean,TypeScript,2024-2026,1.0,,0.75,0.0,0.0,0
sequelize/sequelize,d265e65b629436913a64fc494c036fbf758bb61c,d265e65b62,meta: update dependency @oclif/plugin-help to ^6.2.34,other,Unknown,renovate[bot],2025-10-27 23:02:06+00:00,23,0,0,1,6,6,2,0,0,0.0,0,clean,TypeScript,2024-2026,1.0,,0.86,0.0,0.0,0
sequelize/sequelize,bc8a47d69306465ae35987da34e35eac2da88a2d,bc8a47d693,meta: update dependency @rushstack/eslint-patch to v1.14.1 (#18041)  Co-authored-by: renovate[bot] <29139614+renovate[bot]@users.noreply.github.com>,bugfix,Unknown,renovate[bot],2025-10-28 15:36:23+00:00,15,1,0,0,6,6,2,0,0,0.0,0,clean,TypeScript,2024-2026,1.0,,0.86,0.0,0.0,0
sequelize/sequelize,7a7aee817fc2b691082226cae8949f98188dfeb1,7a7aee817f,meta: update dependency eslint-plugin-jsdoc to v61.1.10,docs,Unknown,renovate[bot],2025-10-28 17:41:06+00:00,17,1,0,0,14,6,2,0,0,0.0,0,clean,TypeScript,2024-2026,1.0,,2.0,0.0,0.0,0
sequelize/sequelize,c77db6c9c452b4cbb901b51550e7d82d06c6b07a,c77db6c9c4,meta: update dependency nx to v21.6.7,other,Unknown,renovate[bot],2025-10-28 23:28:36+00:00,23,1,0,1,46,46,2,0,0,0.0,0,clean,TypeScript,2024-2026,1.0,,0.98,0.0,0.0,0
sequelize/sequelize,6203a3d966f522b07c1681578f99725a8484ee00,6203a3d966,meta: update dependency oclif to v4.22.38,other,Unknown,renovate[bot],2025-10-29 01:39:21+00:00,1,2,0,1,753,1044,2,0,0,0.0,0,clean,TypeScript,2024-2026,1.0,,0.72,0.0,0.0,0
sequelize/sequelize,91bfd5ff787804be1bc4304865257c2381869556,91bfd5ff78,meta: update dependency @oclif/core to ^4.8.0,other,Unknown,renovate[bot],2025-10-29 07:52:58+00:00,7,2,0,0,3,3,2,0,0,0.0,0,clean,TypeScript,2024-2026,1.0,,0.75,0.0,0.0,0
sequelize/sequelize,ba7d3ca8cf6cbb7056b3d08e823bca971aa6af33,ba7d3ca8cf,meta: update dependency validator to ^13.15.20,other,Unknown,renovate[bot],2025-10-29 10:50:20+00:00,10,2,0,0,9,9,2,0,0,0.0,0,clean,TypeScript,2024-2026,1.0,,0.9,0.0,0.0,0
sequelize/sequelize,da10354376239512a5e58a8de29be8e846a530bd,da10354376,meta: update dependency eslint-plugin-jsdoc to v61.1.11 (#18042)  Co-authored-by: renovate[bot] <29139614+renovate[bot]@users.noreply.github.com>,docs,Unknown,renovate[bot],2025-11-01 20:46:41+00:00,20,5,1,0,6,6,2,0,0,0.0,0,clean,TypeScript,2024-2026,1.0,,0.86,0.0,0.0,0
sequelize/sequelize,fafc5c2e0ee20ce094192501712c673ed996de8b,fafc5c2e0e,meta: update dependency @oclif/plugin-help to ^6.2.35,other,Unknown,renovate[bot],2025-11-01 20:47:27+00:00,20,5,1,0,6,6,2,0,0,0.0,0,clean,TypeScript,2024-2026,1.0,,0.86,0.0,0.0,0
sequelize/sequelize,46ffef6d12c455f13e085c29b10ab75ac4b5a16e,46ffef6d12,meta: update dependency dayjs to ^1.11.19,other,Unknown,renovate[bot],2025-11-02 02:04:08+00:00,2,6,1,1,16,16,7,0,0,0.0,0,clean,TypeScript,2024-2026,1.0,,0.94,0.0,0.0,0
sequelize/sequelize,4889b4c7e80954c78e0e5e599e42df12cdc86006,4889b4c7e8,meta: update dependency esbuild to v0.25.12,other,Unknown,renovate[bot],2025-11-02 05:51:25+00:00,5,6,1,1,111,111,2,0,0,0.0,0,clean,TypeScript,2024-2026,1.0,,0.99,0.0,0.0,0
sequelize/sequelize,91212f8c4a22b94381819f613d38b7ad03549d28,91212f8c4a,meta: update dependency nx to v21.6.8,other,Unknown,renovate[bot],2025-11-02 08:38:00+00:00,8,6,1,0,46,46,2,0,0,0.0,0,clean,TypeScript,2024-2026,1.0,,0.98,0.0,0.0,0
sequelize/sequelize,92499d8e57aea4603b0e37dc09d63c1b244cfde9,92499d8e57,meta: update dependency oclif to v4.22.41,other,Unknown,renovate[bot],2025-11-02 12:46:53+00:00,12,6,1,0,632,259,2,0,0,0.0,0,clean,TypeScript,2024-2026,1.0,,2.43,0.0,0.0,0
sequelize/sequelize,882b061c20a0eb10ddf68604fa3552afb8e54717,882b061c20,meta: update mysql docker tag to v8.4.7,docs,Unknown,renovate[bot],2025-11-02 17:09:32+00:00,17,6,1,0,1,1,1,0,0,0.0,0,clean,TypeScript,2024-2026,1.0,,0.5,0.0,0.0,0
sequelize/sequelize,d81c8fb54ec9c2e9c6f34b592b417a91726d0300,d81c8fb54e,meta: update dependency @types/node to v22.19.0,other,Unknown,renovate[bot],2025-11-03 01:55:45+00:00,1,0,0,1,6,22,2,0,0,0.0,0,clean,TypeScript,2024-2026,1.0,,0.26,0.0,0.0,0
sequelize/sequelize,31f0f511bd9a51178971815a72c3e8268069dd49,31f0f511bd,meta: update dependency eslint-plugin-jsdoc to v61.1.12,docs,Unknown,renovate[bot],2025-11-03 17:16:00+00:00,17,0,0,0,6,6,2,0,0,0.0,0,clean,TypeScript,2024-2026,1.0,,0.86,0.0,0.0,0
sequelize/sequelize,cf27d5db2243a0c979a4af50012788e2f8987b7e,cf27d5db22,meta: update dependency mocha to v11.7.5,other,Unknown,renovate[bot],2025-11-05 19:01:11+00:00,19,2,0,0,22,22,10,0,0,0.0,0,clean,TypeScript,2024-2026,1.0,,0.96,0.0,0.0,0
sequelize/sequelize,8cf02a9ce7e4d6213ed364bf0803c6dcaf877401,8cf02a9ce7,meta: update icr.io/db2_community/db2 docker tag to v12.1.3.0,docs,Unknown,renovate[bot],2025-11-05 20:53:41+00:00,20,2,0,0,1,1,1,0,0,0.0,0,clean,TypeScript,2024-2026,1.0,,0.5,0.0,0.0,0
sequelize/sequelize,96480ac40e5b627d67d5eaa582abc0acf502eedb,96480ac40e,meta: update github artifact actions (major) (#18048)  Co-authored-by: renovate[bot] <29139614+renovate[bot]@users.noreply.github.com>,other,Unknown,renovate[bot],2025-11-06 07:54:52+01:00,7,3,0,0,10,10,1,0,0,0.0,0,clean,TypeScript,2024-2026,1.0,,0.91,0.0,0.0,0
sequelize/sequelize,f0e8bd9d4d0542b728aec3705ad99dd488852233,f0e8bd9d4d,meta: update yarn to v4.11.0,other,Unknown,renovate[bot],2025-11-07 22:23:45+00:00,22,4,0,1,302,302,3,0,137,7.98,0,clean,TypeScript,2024-2026,1.0,,1.0,0.0,2.0,0
sequelize/sequelize,fff5b7561114033ee9f4ad6c1a0ecc02601e98d7,fff5b75611,meta: update dependency @inquirer/checkbox to ^4.3.1,other,Unknown,renovate[bot],2025-11-08 21:35:35+00:00,21,5,1,0,40,40,2,0,0,0.0,0,clean,TypeScript,2024-2026,1.0,,0.98,0.0,0.0,0
sequelize/sequelize,07d5ddefb89f2522e5cb0fa460785e307f0a8a89,07d5ddefb8,meta: update dependency @inquirer/confirm to ^5.1.20,other,Unknown,renovate[bot],2025-11-09 01:14:02+00:00,1,6,1,1,8,8,2,0,0,0.0,0,clean,TypeScript,2024-2026,1.0,,0.89,0.0,0.0,0
sequelize/sequelize,d2cc0b3833d85f78b2253641b0f1f412393b26fd,d2cc0b3833,meta: update dependency @inquirer/select to ^4.4.1,other,Unknown,renovate[bot],2025-11-09 05:15:50+00:00,5,6,1,1,11,11,2,0,0,0.0,0,clean,TypeScript,2024-2026,1.0,,0.92,0.0,0.0,0
sequelize/sequelize,684a96204ac175524da40c552960df235e73e58e,684a96204a,meta: update dependency oclif to v4.22.44,other,Unknown,renovate[bot],2025-11-09 14:57:36+00:00,14,6,1,0,306,678,2,0,0,0.0,0,clean,TypeScript,2024-2026,1.0,,0.45,0.0,0.0,0
sequelize/sequelize,436c6c765646397c4dc22f8cd502771a923c3626,436c6c7656,meta: update dependency validator to ^13.15.22,other,Unknown,renovate[bot],2025-11-09 16:58:47+00:00,16,6,1,0,6,6,2,0,0,0.0,0,clean,TypeScript,2024-2026,1.0,,0.86,0.0,0.0,0
sequelize/sequelize,aa4daba872dde99602f7fbf4c1539a742923ffd2,aa4daba872,meta: update dependency @inquirer/input to ^4.3.0,other,Unknown,renovate[bot],2025-11-09 22:29:11+00:00,22,6,1,1,8,8,2,0,0,0.0,0,clean,TypeScript,2024-2026,1.0,,0.89,0.0,0.0,0
sequelize/sequelize,16db2f39757a5a0012429b288fd0e338699d13f9,16db2f3975,meta: update dependency esbuild to v0.27.0,other,Unknown,renovate[bot],2025-11-10 01:35:57+00:00,1,0,0,1,111,111,2,0,0,0.0,0,clean,TypeScript,2024-2026,1.0,,0.99,0.0,0.0,0
sequelize/sequelize,1bf0d5ad1a2c9fa2c374305b1522d4f8b9bfee8a,1bf0d5ad1a,meta: update dependency tedious to ^19.1.0,other,Unknown,renovate[bot],2025-11-10 10:08:46+00:00,10,0,0,0,13,13,2,0,0,0.0,0,clean,TypeScript,2024-2026,1.0,,0.93,0.0,0.0,0
sequelize/sequelize,a8f64947b815813fa1ab7d9786eb50979111ff89,a8f64947b8,meta: update dependency validator to ^13.15.23,other,Unknown,renovate[bot],2025-11-11 01:01:11+00:00,1,1,0,1,6,6,2,0,0,0.0,0,clean,TypeScript,2024-2026,1.0,,0.86,0.0,0.0,0
sequelize/sequelize,14ddb05ad0513c4802183d2dff93746f61dc92b2,14ddb05ad0,meta: update dependency tedious to ^19.1.2,other,Unknown,renovate[bot],2025-11-11 20:06:06+00:00,20,1,0,0,11,11,2,0,0,0.0,0,clean,TypeScript,2024-2026,1.0,,0.92,0.0,0.0,0
sequelize/sequelize,eb4c2d40a256d3c8f54cfd861e7e27d6fba7b2c8,eb4c2d40a2,fix(core): traverse associations and apply aliases on order clauses (#18040)  Co-authored-by: Rik Smale <13023439+WikiRik@users.noreply.github.com>,bugfix,JavaScript,Andrew Sidhu,2025-11-11 21:05:02+01:00,21,1,0,0,454,115,6,1,3,1.33,0,clean,TypeScript,2024-2026,1.0,,3.91,0.14,0.19,0
sequelize/sequelize,109fc2d4325d7a537907e2cff3f24052c8cc3cd3,109fc2d432,meta: update dependency @types/node to v22.19.1,other,Unknown,renovate[bot],2025-11-12 01:34:50+00:00,1,2,0,1,6,6,2,0,0,0.0,0,clean,TypeScript,2024-2026,1.0,,0.86,0.0,0.0,0
sequelize/sequelize,9d8719e0dfc21a4cd2e8fe339d4f24aeb16260d1,9d8719e0df,meta: update dependency @types/validator to ^13.15.8,other,Unknown,renovate[bot],2025-11-12 22:08:47+00:00,22,2,0,1,6,6,2,0,0,0.0,0,clean,TypeScript,2024-2026,1.0,,0.86,0.0,0.0,0
sequelize/sequelize,e35b721882311de09a6295cba17424ef411de113,e35b721882,meta: update dependency @inquirer/checkbox to ^4.3.2,other,Unknown,renovate[bot],2025-11-13 03:12:30+00:00,3,3,0,1,16,16,2,0,0,0.0,0,clean,TypeScript,2024-2026,1.0,,0.94,0.0,0.0,0
sequelize/sequelize,cb2c2b5dafffdd2e1beac555b271a8d806f74257,cb2c2b5daf,meta: update dependency @inquirer/confirm to ^5.1.21,other,Unknown,renovate[bot],2025-11-13 08:00:19+00:00,8,3,0,0,7,7,2,0,0,0.0,0,clean,TypeScript,2024-2026,1.0,,0.88,0.0,0.0,0
sequelize/sequelize,b58de7aca64404dc98451b73cf7df3a57f9fecab,b58de7aca6,meta: update dependency @inquirer/input to ^4.3.1 (#18053)  Co-authored-by: renovate[bot] <29139614+renovate[bot]@users.noreply.github.com>,other,Unknown,renovate[bot],2025-11-14 13:07:08+01:00,13,4,0,0,7,7,2,0,0,0.0,0,clean,TypeScript,2024-2026,1.0,,0.88,0.0,0.0,0
sequelize/sequelize,c990788b04e3865743943a649dbac355ed4c6933,c990788b04,meta: update dependency @inquirer/select to ^4.4.2,other,Unknown,renovate[bot],2025-11-14 18:00:22+00:00,18,4,0,0,8,8,2,0,0,0.0,0,clean,TypeScript,2024-2026,1.0,,0.89,0.0,0.0,0
sequelize/sequelize,e7d1b459671a3ebc96044c12c865df5440dc4503,e7d1b45967,meta: update dependency @types/validator to ^13.15.9,other,Unknown,renovate[bot],2025-11-15 00:11:30+00:00,0,5,1,1,6,6,2,0,0,0.0,0,clean,TypeScript,2024-2026,1.0,,0.86,0.0,0.0,0
sequelize/sequelize,733630aae2ca3b5407119ac681cfaea0207246a1,733630aae2,meta: update dependency @rushstack/eslint-patch to v1.15.0,bugfix,Unknown,renovate[bot],2025-11-15 01:44:35+00:00,1,5,1,1,6,6,2,0,0,0.0,0,clean,TypeScript,2024-2026,1.0,,0.86,0.0,0.0,0
sequelize/sequelize,a96255ab297f405ec5ee0bee240389a75e31c46c,a96255ab29,meta: update dependency eslint-plugin-jsdoc to v61.2.1,docs,Unknown,renovate[bot],2025-11-15 06:29:33+00:00,6,5,1,0,6,6,2,0,0,0.0,0,clean,TypeScript,2024-2026,1.0,,0.86,0.0,0.0,0
sequelize/sequelize,bd4c9db83f72a8bcfe4fc31fcf3644acd14deb61,bd4c9db83f,meta: update dependency @oclif/plugin-help to ^6.2.36,other,Unknown,renovate[bot],2025-11-15 13:06:20+00:00,13,5,1,0,6,6,2,0,0,0.0,0,clean,TypeScript,2024-2026,1.0,,0.86,0.0,0.0,0
sequelize/sequelize,b345234f191ffd5d56351bc87c1a89ce0a8fa2e4,b345234f19,meta: update dependency @oclif/test to v4.1.15,test,Unknown,renovate[bot],2025-11-15 17:36:49+00:00,17,5,1,0,6,6,2,0,0,0.0,0,clean,TypeScript,2024-2026,1.0,,0.86,0.0,0.0,0
sequelize/sequelize,52e4ae01a896d734048031d211f76cdc36115d2a,52e4ae01a8,meta: update dependency oclif to v4.22.46,other,Unknown,renovate[bot],2025-11-16 12:39:37+00:00,12,6,1,0,746,375,2,0,0,0.0,0,clean,TypeScript,2024-2026,1.0,,1.98,0.0,0.0,0
sequelize/sequelize,0e89f017316dc7afdfb1dd3652567eab4f5d782b,0e89f01731,meta: update dependency oclif to v4.22.47,other,Unknown,renovate[bot],2025-11-17 09:02:14+00:00,9,0,0,0,8,8,2,0,0,0.0,0,clean,TypeScript,2024-2026,1.0,,0.89,0.0,0.0,0
sequelize/sequelize,60772dc5b716d831ceda679c17fa05b041dcdcf4,60772dc5b7,meta: update actions/checkout digest to 93cb6ef,other,Unknown,renovate[bot],2025-11-18 02:22:00+00:00,2,1,0,1,1,1,1,0,0,0.0,0,clean,TypeScript,2024-2026,1.0,,0.5,0.0,0.0,0
sequelize/sequelize,07ef0ecf9d52f0aee6cb26512b1ba67b86bdf294,07ef0ecf9d,meta: update actions/checkout action to v5.0.1,other,Unknown,renovate[bot],2025-11-18 09:00:32+00:00,9,1,0,0,12,12,2,0,0,0.0,0,clean,TypeScript,2024-2026,1.0,,0.92,0.0,0.0,0
sequelize/sequelize,d3f8baba6d141eea2137d60060a5e4a5a3640d7f,d3f8baba6d,meta: update dependency @types/validator to ^13.15.10,other,Unknown,renovate[bot],2025-11-19 00:11:09+00:00,0,2,0,1,6,6,2,0,0,0.0,0,clean,TypeScript,2024-2026,1.0,,0.86,0.0,0.0,0
sequelize/sequelize,72d592a193315f225dd074c7aa7093bc9d9aeb95,72d592a193,meta: update dependency nx to v21.6.9,other,Unknown,renovate[bot],2025-11-19 02:53:30+00:00,2,2,0,1,46,46,2,0,0,0.0,0,clean,TypeScript,2024-2026,1.0,,0.98,0.0,0.0,0
sequelize/sequelize,8790ea8c1b5de62c4d1241bd9ce9e4e3abab6087,8790ea8c1b,meta: update dependency markdownlint-cli to v0.46.0,other,Unknown,renovate[bot],2025-11-19 05:00:47+00:00,5,2,0,1,82,103,2,0,0,0.0,0,clean,TypeScript,2024-2026,1.0,,0.79,0.0,0.0,0
sequelize/sequelize,98f79d14f98cb6399e200b422f612b4d360e3cb4,98f79d14f9,meta: update dependency lint-staged to v16.2.7,other,Unknown,renovate[bot],2025-11-19 21:50:25+00:00,21,2,0,0,8,8,2,0,0,0.0,0,clean,TypeScript,2024-2026,1.0,,0.89,0.0,0.0,0
sequelize/sequelize,67e0d07d2121284ab2a610b1a784ae21dcac2709,67e0d07d21,meta: update dependency eslint-plugin-jsdoc to v61.3.0,docs,Unknown,renovate[bot],2025-11-20 02:02:25+00:00,2,3,0,1,6,6,2,0,0,0.0,0,clean,TypeScript,2024-2026,1.0,,0.86,0.0,0.0,0
sequelize/sequelize,df7ce79b1597273d9526c471027c99731d639557,df7ce79b15,meta: update actions/checkout action to v6 (#18066)  Co-authored-by: renovate[bot] <29139614+renovate[bot]@users.noreply.github.com>,other,Unknown,renovate[bot],2025-11-20 19:07:35+00:00,19,3,0,0,13,13,3,0,0,0.0,0,clean,TypeScript,2024-2026,1.0,,0.93,0.0,0.0,0
sequelize/sequelize,fad01fb3bea8830d49f335218818d0e5cb726850,fad01fb3be,meta: update dependency eslint-plugin-jsdoc to v61.4.0,docs,Unknown,renovate[bot],2025-11-20 21:16:04+00:00,21,3,0,0,6,6,2,0,0,0.0,0,clean,TypeScript,2024-2026,1.0,,0.86,0.0,0.0,0
sequelize/sequelize,187e052d4008626d73f6124472816a5ce09bffb0,187e052d40,fix(db2): update ibm_db and remove @types/ibm_db (#18001)  Co-authored-by: Sascha Depold <sdepold@users.noreply.github.com>,bugfix,TypeScript,Rik Smale,2025-11-21 06:19:58+00:00,6,4,0,0,32,29,3,0,1,5.0,0,clean,TypeScript,2024-2026,1.0,,1.07,0.0,1.25,0
sequelize/sequelize,a9a8a79d0ef64bea6385474043753be31e51ad60,a9a8a79d0e,fix(mysql): update mysql2 (#18004),bugfix,TypeScript,Rik Smale,2025-11-21 07:34:13+00:00,7,4,0,0,8,7,3,0,0,0.0,0,clean,TypeScript,2024-2026,1.0,,1.0,0.0,0.0,0
sequelize/sequelize,f26530fbd83d0d0b57288ae657591e2c88df9be9,f26530fbd8,meta: update dependency @types/lodash to v4.17.21 (#18068)  Co-authored-by: renovate[bot] <29139614+renovate[bot]@users.noreply.github.com>,other,Unknown,renovate[bot],2025-11-28 11:13:15+00:00,11,4,0,0,10,10,4,0,0,0.0,0,clean,TypeScript,2024-2026,1.0,,0.91,0.0,0.0,0
sequelize/sequelize,f42923cbaf48fee63bc330a7f28f5f539b5431b6,f42923cbaf,meta: update dependency eslint-plugin-jsdoc to v61.4.1,docs,Unknown,renovate[bot],2025-11-28 11:14:02+00:00,11,4,0,0,6,6,2,0,0,0.0,0,clean,TypeScript,2024-2026,1.0,,0.86,0.0,0.0,0
sequelize/sequelize,3d37ec63e6b87b87964c8e8dcc4d5b69519c966c,3d37ec63e6,meta: update dependency node to v20.19.6,other,Unknown,renovate[bot],2025-11-28 13:36:29+00:00,13,4,0,0,4,4,1,0,0,0.0,0,clean,TypeScript,2024-2026,1.0,,0.8,0.0,0.0,0
sequelize/sequelize,57e410d041c1c4b88b4881c5b75980a0b4aa532d,57e410d041,meta: update dependency nx to v21.6.10,other,Unknown,renovate[bot],2025-11-28 18:57:29+00:00,18,4,0,0,46,46,2,0,0,0.0,0,clean,TypeScript,2024-2026,1.0,,0.98,0.0,0.0,0
sequelize/sequelize,07c745b9f7be76e28b2030340c3593cfd7786f4f,07c745b9f7,meta: update dependency oclif to v4.22.51 (#18070)  Co-authored-by: renovate[bot] <29139614+renovate[bot]@users.noreply.github.com>,other,Unknown,renovate[bot],2025-11-30 08:05:21+01:00,8,6,1,0,425,782,2,0,0,0.0,0,clean,TypeScript,2024-2026,1.0,,0.54,0.0,0.0,0
sequelize/sequelize,7aec9135e070be3ce6f402806816f1617f14dbcf,7aec9135e0,meta: update dependency oclif to v4.22.52,other,Unknown,renovate[bot],2025-11-30 10:13:42+00:00,10,6,1,0,8,8,2,0,0,0.0,0,clean,TypeScript,2024-2026,1.0,,0.89,0.0,0.0,0
sequelize/sequelize,209c491fa99fbe469c5c2b7e6eba4b573771195c,209c491fa9,meta: update dependency zod to ^4.1.13,other,Unknown,renovate[bot],2025-11-30 13:53:27+00:00,13,6,1,0,6,6,2,0,0,0.0,0,clean,TypeScript,2024-2026,1.0,,0.86,0.0,0.0,0
sequelize/sequelize,dbf822ea845cb0c9a892cc7905f6abaa4f066f6c,dbf822ea84,meta: update actions/checkout digest to 8e8c483,other,Unknown,renovate[bot],2025-12-03 22:03:11+00:00,22,2,0,1,1,1,1,0,0,0.0,0,clean,TypeScript,2024-2026,1.0,,0.5,0.0,0.0,0
sequelize/sequelize,edf0f0f7cbcb236af4c7554efc93351dce04b13a,edf0f0f7cb,meta: update actions/checkout action to v6.0.1,other,Unknown,renovate[bot],2025-12-04 03:04:45+00:00,3,3,0,1,12,12,2,0,0,0.0,0,clean,TypeScript,2024-2026,1.0,,0.92,0.0,0.0,0
sequelize/sequelize,16337465b3b1b10222e34a8f6a37c700d3ae5ebf,16337465b3,meta: update actions/stale action to v10.1.1,other,Unknown,renovate[bot],2025-12-04 05:38:35+00:00,5,3,0,1,3,3,1,0,0,0.0,0,clean,TypeScript,2024-2026,1.0,,0.75,0.0,0.0,0
sequelize/sequelize,8daa1efb4b2856da67bb560c44f0614141c643b0,8daa1efb4b,meta: update dependency esbuild to v0.27.1,other,Unknown,renovate[bot],2025-12-04 10:06:17+00:00,10,3,0,0,111,111,2,0,0,0.0,0,clean,TypeScript,2024-2026,1.0,,0.99,0.0,0.0,0
sequelize/sequelize,d9993545c7eb6c15362e88ab7bf084a8d471a83e,d9993545c7,meta: update actions/setup-node action to v6.1.0,other,Unknown,renovate[bot],2025-12-04 13:14:24+00:00,13,3,0,0,11,11,1,0,0,0.0,0,clean,TypeScript,2024-2026,1.0,,0.92,0.0,0.0,0
sequelize/sequelize,0cabb10f5ccc5280b9e5b23b6f91a98fcfd6f360,0cabb10f5c,meta: update yarn to v4.12.0,other,Unknown,renovate[bot],2025-12-05 03:16:02+00:00,3,4,0,1,193,193,3,0,113,5.67,0,clean,TypeScript,2024-2026,1.0,,0.99,0.0,1.42,0
sequelize/sequelize,d792747fef688a8a5c18ed7b171a577f47d5dd1d,d792747fef,meta: update dependency eslint-plugin-jsdoc to v61.4.2,docs,Unknown,renovate[bot],2025-12-06 18:03:44+00:00,18,5,1,0,6,6,2,0,0,0.0,0,clean,TypeScript,2024-2026,1.0,,0.86,0.0,0.0,0
sequelize/sequelize,477f1df8c4add84435a611071db3cbd76f7aff6a,477f1df8c4,meta: update dependency oclif to v4.22.54,other,Unknown,renovate[bot],2025-12-07 09:38:30+00:00,9,6,1,0,192,192,2,0,0,0.0,0,clean,TypeScript,2024-2026,1.0,,0.99,0.0,0.0,0
sequelize/sequelize,19a905e013f3620395e779e0a0e8fd5567fba6eb,19a905e013,meta: update dependency @types/node to v22.19.2,other,Unknown,renovate[bot],2025-12-09 10:55:48+00:00,10,1,0,0,6,6,2,0,0,0.0,0,clean,TypeScript,2024-2026,1.0,,0.86,0.0,0.0,0
sequelize/sequelize,db1df666df3c3020fdcc47ffb3109623a05ceedb,db1df666df,meta: update dependency markdownlint-cli to v0.47.0 (#18078)  Co-authored-by: renovate[bot] <29139614+renovate[bot]@users.noreply.github.com>,other,Unknown,renovate[bot],2025-12-17 21:28:58+00:00,21,2,0,0,22,21,2,0,0,0.0,0,clean,TypeScript,2024-2026,1.0,,1.0,0.0,0.0,0
sequelize/sequelize,37bee43ab4550acd7d573fb4ea8b8baeec21f87e,37bee43ab4,meta: update dependency @types/node to v22.19.3,other,Unknown,renovate[bot],2025-12-17 21:29:45+00:00,21,2,0,0,6,6,2,0,0,0.0,0,clean,TypeScript,2024-2026,1.0,,0.86,0.0,0.0,0
sequelize/sequelize,6ea02f647d61ca038740adb5180738cf613bfa09,6ea02f647d,meta: update dependency esbuild to v0.27.2,other,Unknown,renovate[bot],2025-12-18 02:07:58+00:00,2,3,0,1,111,111,2,0,0,0.0,0,clean,TypeScript,2024-2026,1.0,,0.99,0.0,0.0,0
sequelize/sequelize,107d0c83b93d59277e7cb732d6237a419d8c5b9e,107d0c83b9,meta: update dependency oclif to v4.22.57,other,Unknown,renovate[bot],2025-12-18 05:01:38+00:00,5,3,0,1,680,680,2,0,0,0.0,0,clean,TypeScript,2024-2026,1.0,,1.0,0.0,0.0,0
sequelize/sequelize,51cd59ab6e656c7e71519c44951603370e58f8fa,51cd59ab6e,meta: update dependency validator to ^13.15.26 (#18081)  Co-authored-by: renovate[bot] <29139614+renovate[bot]@users.noreply.github.com>,other,Unknown,renovate[bot],2025-12-18 16:29:16+00:00,16,3,0,0,6,6,2,0,0,0.0,0,clean,TypeScript,2024-2026,1.0,,0.86,0.0,0.0,0
sequelize/sequelize,b7b5ba1faa6862e83d0d274fb48b66ad210012e5,b7b5ba1faa,meta: update dependency mysql2 to ^3.16.0 (#18082)  Co-authored-by: renovate[bot] <29139614+renovate[bot]@users.noreply.github.com>,other,Unknown,renovate[bot],2025-12-19 02:44:41+00:00,2,4,0,1,6,6,2,0,0,0.0,0,clean,TypeScript,2024-2026,1.0,,0.86,0.0,0.0,0
sequelize/sequelize,1da0c2e1a9771949d94ac2e67850e08c124c112a,1da0c2e1a9,meta: update dependency zod to ^4.2.1,other,Unknown,renovate[bot],2025-12-19 10:30:25+00:00,10,4,0,0,6,6,2,0,0,0.0,0,clean,TypeScript,2024-2026,1.0,,0.86,0.0,0.0,0
sequelize/sequelize,429b966c72dabe2dc2da9a8f0ebf8887d343a04b,429b966c72,meta: update dependency oclif to v4.22.59,other,Unknown,renovate[bot],2025-12-22 14:50:17+00:00,14,0,0,0,669,669,2,0,0,0.0,0,clean,TypeScript,2024-2026,1.0,,1.0,0.0,0.0,0
sequelize/sequelize,f3ebb1edfc492a25d87a80a38690935b68d4cb23,f3ebb1edfc,meta: update github artifact actions (major) (#18084)  Co-authored-by: renovate[bot] <29139614+renovate[bot]@users.noreply.github.com>,other,Unknown,renovate[bot],2025-12-22 15:49:17+01:00,15,0,0,0,10,10,1,0,0,0.0,0,clean,TypeScript,2024-2026,1.0,,0.91,0.0,0.0,0
sequelize/sequelize,8849ca90846d1166171959c06146759875d4d18c,8849ca9084,meta: update dependency oclif to v4.22.61,other,Unknown,renovate[bot],2025-12-28 09:51:57+00:00,9,6,1,0,256,245,2,0,0,0.0,0,clean,TypeScript,2024-2026,1.0,,1.04,0.0,0.0,0
sequelize/sequelize,38e285c53fbee62ec507f80d3062183fc30b31c3,38e285c53f,meta: update dependency zod to ^4.3.2,other,Unknown,renovate[bot],2025-12-31 08:58:07+00:00,8,2,0,0,6,6,2,0,0,0.0,0,clean,TypeScript,2024-2026,1.0,,0.86,0.0,0.0,0
sequelize/sequelize,1a9e912a12e3f0b61fc55a39c7e236c00e4d4ab6,1a9e912a12,meta: update dependency zod to ^4.3.4,other,Unknown,renovate[bot],2026-01-01 07:11:53+00:00,7,3,0,0,6,6,2,0,0,0.0,0,clean,TypeScript,2024-2026,1.0,,0.86,0.0,0.0,0
refinedev/refine,af9d4d34d65ec55f2c66956f4feb0ad1080a929e,af9d4d34d6,feat(docs): swizzle SiteMetadata component for seo (#7179),feature,JavaScript,Eren Kurnaz,2026-01-05 20:07:45+03:00,20,0,0,0,119,0,1,0,6,1.5,0,clean,TypeScript,2024-2026,1.0,,119.0,0.0,0.75,0
refinedev/refine,0a54a2dcf3e5cebcc7ed3fc3e21bfc7c19279a68,0a54a2dcf3,chore: remove kapa ai (#7180),other,JavaScript,Batuhan Wilhelm,2026-01-05 20:07:58+03:00,20,0,0,0,2,50,3,0,2,2.0,0,clean,TypeScript,2024-2026,1.0,,0.04,0.0,0.5,0
refinedev/refine,a2ab0b9954cd7d11f1c1aecbcee8a9c2f9851cd4,a2ab0b9954,feat(docs): update links to use trailing slash (#7181),feature,JavaScript,Alican Erdurmaz,2026-01-06 12:53:14+03:00,12,1,0,0,1633,1632,316,0,5,2.2,0,clean,TypeScript,2024-2026,1.0,,1.0,0.0,0.01,0
refinedev/refine,933266a115d48e6ea808ee01fca4235cd4a19300,933266a115,ci(changesets): version packages (#7171)  Co-authored-by: github-actions[bot] <41898282+github-actions[bot]@users.noreply.github.com>,other,Unknown,Refine Community Bot,2026-01-06 13:03:32+03:00,13,1,0,0,380,370,177,0,0,0.0,0,clean,TypeScript,2024-2026,1.0,,1.02,0.0,0.0,0
refinedev/refine,6ffee62b2570e6aa72f4e44f294b1d7ad05fe124,6ffee62b25,fix(docs): update code link styles to enforce utility classes (#7182),bugfix,Unknown,Eren Kurnaz,2026-01-06 16:51:31+03:00,16,1,0,0,4,4,1,0,0,0.0,0,clean,TypeScript,2024-2026,1.0,,0.8,0.0,0.0,0
refinedev/refine,f73d69ff8c94303bff4b47f96227ab730caef574,f73d69ff8c,docs: change og image (#7184)  Co-authored-by: Batuhan Wilhelm <batuhanwilhelm@gmail.com>,docs,JavaScript,Özgür Akça,2026-01-07 17:08:19+03:00,17,2,0,0,13,13,15,0,5,3.4,0,clean,TypeScript,2024-2026,1.0,,0.93,0.0,0.21,0
sequelize/sequelize,ecc687818f9c1e4d4fd4f2620abc26e642ae0220,ecc687818f,meta: update dependency oclif to v4.22.63 (#18088)  Co-authored-by: renovate[bot] <29139614+renovate[bot]@users.noreply.github.com>,other,Unknown,renovate[bot],2026-01-08 22:26:35+01:00,22,3,0,1,250,250,2,0,0,0.0,0,clean,TypeScript,2024-2026,1.0,,1.0,0.0,0.0,0
sequelize/sequelize,c9c9685132efc4fc98cd3538fa99689c11f76fed,c9c9685132,meta: update dependency zod to ^4.3.5,other,Unknown,renovate[bot],2026-01-09 02:06:45+00:00,2,4,0,1,6,6,2,0,0,0.0,0,clean,TypeScript,2024-2026,1.0,,0.86,0.0,0.0,0
refinedev/refine,9217c8596b368bca668dbea9493c0076c57f1d31,9217c8596b,fix(rest): remove default getMany method from rest (#7196),bugfix,TypeScript,Eren Kurnaz,2026-01-09 11:30:58+03:00,11,4,0,0,89,62,6,1,11,2.36,0,clean,TypeScript,2024-2026,1.0,,1.41,0.14,0.34,0
refinedev/refine,51ad5ecb0dd7d5fcf91af94b6d4b9df7784de0cf,51ad5ecb0d,ci(changesets): version packages (#7197)  Co-authored-by: github-actions[bot] <41898282+github-actions[bot]@users.noreply.github.com>,other,Unknown,Refine Community Bot,2026-01-09 12:56:29+03:00,12,4,0,0,13,12,6,0,0,0.0,0,clean,TypeScript,2024-2026,1.0,,1.0,0.0,0.0,0
refinedev/refine,c2195b63c484187c1347b866945e2c3a4ce87fa6,c2195b63c4,docs: remove core text,docs,Unknown,Özgür Akça,2026-01-09 15:38:07+03:00,15,4,0,0,0,9,1,0,1,1.0,0,clean,TypeScript,2024-2026,1.0,,0.0,0.0,0.5,0
refinedev/refine,548ce6e6123b70d129d04bc81361a6b56edbabea,548ce6e612,docs(blog): fix broken link (#7200),bugfix,Unknown,Özgür Akça,2026-01-09 19:26:18+03:00,19,4,0,0,3,3,1,0,0,0.0,0,clean,TypeScript,2024-2026,1.0,,0.75,0.0,0.0,0
refinedev/refine,81bbc24537b32f49dc023d28ae963754d8c2ae52,81bbc24537,docs: update read-me (#7186),docs,Unknown,Özgür Akça,2026-01-09 19:26:54+03:00,19,4,0,0,29,29,1,0,0,0.0,0,clean,TypeScript,2024-2026,1.0,,0.97,0.0,0.0,0
refinedev/refine,265a0624871a82a7391f52248a56153e261236f1,265a062487,docs(blog): add internal tools blog post (#7189)  Co-authored-by: Batuhan Wilhelm <batuhanwilhelm@gmail.com>,feature,Unknown,Özgür Akça,2026-01-12 19:36:13+03:00,19,0,0,0,255,0,1,0,0,0.0,0,clean,TypeScript,2024-2026,1.0,,255.0,0.0,0.0,0
sequelize/sequelize,084cc72f295779c16b5eb92d82fd79b7b7608fb1,084cc72f29,meta: update dependency @types/lodash to v4.17.23,other,Unknown,renovate[bot],2026-01-13 01:59:06+00:00,1,1,0,1,10,10,4,0,0,0.0,0,clean,TypeScript,2024-2026,1.0,,0.91,0.0,0.0,0
sequelize/sequelize,37d511fc29d092be66b9fff8ed7a00c3a6988bd0,37d511fc29,meta: update dependency @types/node to v22.19.5,other,Unknown,renovate[bot],2026-01-13 05:08:26+00:00,5,1,0,1,6,6,2,0,0,0.0,0,clean,TypeScript,2024-2026,1.0,,0.86,0.0,0.0,0
sequelize/sequelize,17f73737bc01bb1d215b06210170f7262c504835,17f73737bc,meta: update dependency oclif to v4.22.65,other,Unknown,renovate[bot],2026-01-13 09:14:27+00:00,9,1,0,0,205,205,2,0,0,0.0,0,clean,TypeScript,2024-2026,1.0,,1.0,0.0,0.0,0
refinedev/refine,515b227a1986c97959bde93ffd6187fe0b6fb94d,515b227a19,docs: Correct usage of useTranslate in code example (#7203),docs,Unknown,Célestin Ballèvre,2026-01-13 10:08:41+03:00,10,1,0,0,1,1,1,0,0,0.0,0,clean,TypeScript,2024-2026,1.0,,0.5,0.0,0.0,0
refinedev/refine,794ea5c815738f9b701e668538a07224f3263cd0,794ea5c815,Feat add add transform error to delete and custom (#7204),feature,TypeScript,Batuhan Wilhelm,2026-01-13 14:42:04+03:00,14,1,0,0,51,4,4,0,3,1.33,0,clean,TypeScript,2024-2026,1.0,,10.2,0.0,0.27,0
refinedev/refine,83d6e7348cbe2af8e630721cb98cc54a83cf26d5,83d6e7348c,docs(blog): add refine core announcement,feature,Unknown,Özgür Akça,2026-01-13 15:36:51+03:00,15,1,0,0,60,0,1,0,0,0.0,0,clean,TypeScript,2024-2026,1.0,,60.0,0.0,0.0,0
refinedev/refine,c1e6a21a13f371612d28ede7708e3ccdd83ae995,c1e6a21a13,docs(blog): change featured,feature,Unknown,Özgür Akça,2026-01-13 15:41:04+03:00,15,1,0,0,1,1,2,0,0,0.0,0,clean,TypeScript,2024-2026,1.0,,0.5,0.0,0.0,0
refinedev/refine,08c75b5e1a3a8a11bce9e452b3bc47e9e17d14c8,08c75b5e1a,ci(changesets): version packages (#7207)  Co-authored-by: github-actions[bot] <41898282+github-actions[bot]@users.noreply.github.com>,other,Unknown,Refine Community Bot,2026-01-13 17:43:42+03:00,17,1,0,0,11,10,6,0,0,0.0,0,clean,TypeScript,2024-2026,1.0,,1.0,0.0,0.0,0
refinedev/refine,20af33db209246156b81bd80e025ef3bf482c7a9,20af33db20,fix(react-hook-form): sync late registered fields (#7205),bugfix,TypeScript,Alican Erdurmaz,2026-01-13 18:02:41+03:00,18,1,0,0,221,21,3,1,7,3.86,0,clean,TypeScript,2024-2026,1.0,,10.05,0.25,0.96,0
refinedev/refine,c2b5a11ac82050df5b0010d8d7f30691d1fa1f03,c2b5a11ac8,chore: remove example-previews-pr,other,Unknown,Batuhan Wilhelm,2026-01-13 18:04:57+03:00,18,1,0,0,0,119,1,0,0,0.0,0,clean,TypeScript,2024-2026,1.0,,0.0,0.0,0.0,0
refinedev/refine,56fd3ffa7cb673ffba17345dc0d0bf36277bd016,56fd3ffa7c,ci(changesets): version packages (#7209)  Co-authored-by: github-actions[bot] <41898282+github-actions[bot]@users.noreply.github.com>,other,Unknown,Refine Community Bot,2026-01-13 18:56:23+03:00,18,1,0,0,126,125,63,0,0,0.0,0,clean,TypeScript,2024-2026,1.0,,1.0,0.0,0.0,0
sequelize/sequelize,3a92f263a6707469839160849b87229985f5f280,3a92f263a6,feat(oracle): Add support for oracle dialect in v7 (#18050)  Co-authored-by: Hasan Jamil <hasan.jamil@oracle.com> Co-authored-by: Hasan Jamil <78340806+hjamil-24@users.noreply.github.com>,feature,TypeScript,Sudarshan Soma,2026-01-14 11:51:48+00:00,11,2,0,0,5918,301,146,100,177,2.75,0,clean,TypeScript,2024-2026,1.0,,19.6,0.68,0.02,0
sequelize/sequelize,d7bc66086ae17ab47e0f591e4a32291bdde817aa,d7bc66086a,meta: update dependency @types/node to v22.19.6 (#18095)  Co-authored-by: renovate[bot] <29139614+renovate[bot]@users.noreply.github.com>,other,Unknown,renovate[bot],2026-01-14 14:23:55+01:00,14,2,0,0,6,6,2,0,0,0.0,0,clean,TypeScript,2024-2026,1.0,,0.86,0.0,0.0,0
sequelize/sequelize,5c9761b7d204c51022d21fa253af5035c57636f6,5c9761b7d2,meta: update dependency node to v20.20.0,other,Unknown,renovate[bot],2026-01-14 15:01:27+00:00,15,2,0,0,4,4,1,0,0,0.0,0,clean,TypeScript,2024-2026,1.0,,0.8,0.0,0.0,0
refinedev/refine,ba5f704bb7650e57eb97443687595b2233df6285,ba5f704bb7,chore(blog): replace blog banners (#7210),other,JavaScript,Eren Kurnaz,2026-01-15 08:16:43+00:00,8,3,0,0,57,340,8,0,12,3.42,0,clean,TypeScript,2024-2026,1.0,,0.17,0.0,0.38,0
refinedev/refine,b26297b3923a1c2b04c615702965da7c2d1890a1,b26297b392,docs: fix example locations for GitHub Banner removal (#7211),bugfix,Unknown,Shane,2026-01-15 10:27:03+03:00,10,3,0,0,3,3,1,0,0,0.0,0,clean,TypeScript,2024-2026,1.0,,0.75,0.0,0.0,0
refinedev/refine,cc4d542aa3a720a6964b7c6a5d5610927afbd09e,cc4d542aa3,chore: disable keycloak e2e,other,TypeScript,Batuhan Wilhelm,2026-01-15 12:11:57+03:00,12,3,0,0,1,1,1,0,0,0.0,0,clean,TypeScript,2024-2026,1.0,,0.5,0.0,0.0,0
refinedev/refine,f390090f93a2c773336ab4e57d813b1b59706c92,f390090f93,chore: update Refine AI > Refine,other,TypeScript,Batuhan Wilhelm,2026-01-15 12:29:31+03:00,12,3,0,0,63,168,10,0,1,2.0,0,clean,TypeScript,2024-2026,1.0,,0.37,0.0,0.18,0
refinedev/refine,43a13f61f4cdbc97f790074535a95ed7b17a6d78,43a13f61f4,docs(blog): update old internal tools blog,docs,Unknown,Özgür Akça,2026-01-15 16:48:38+03:00,16,3,0,0,119,94,1,0,0,0.0,0,clean,TypeScript,2024-2026,1.0,,1.25,0.0,0.0,0
refinedev/refine,c0792b82f0f524d960687b3e56835497fbe9e399,c0792b82f0,docs(blog): last changes,docs,Unknown,Özgür Akça,2026-01-15 18:26:25+03:00,18,3,0,0,36,36,1,0,0,0.0,0,clean,TypeScript,2024-2026,1.0,,0.97,0.0,0.0,0
sequelize/sequelize,f4f04c7b9a0aefb077003383a0f0db002e5a550d,f4f04c7b9a,meta: update dependency @types/node to v22.19.7,other,Unknown,renovate[bot],2026-01-15 20:45:24+00:00,20,3,0,0,6,6,2,0,0,0.0,0,clean,TypeScript,2024-2026,1.0,,0.86,0.0,0.0,0
sequelize/sequelize,a61994577a8b785f4621c8466acac4ba256b4e37,a61994577a,meta: update actions/setup-node action to v6.2.0 (#18098)  Co-authored-by: renovate[bot] <29139614+renovate[bot]@users.noreply.github.com>,other,Unknown,renovate[bot],2026-01-16 06:57:12+00:00,6,4,0,0,11,11,1,0,0,0.0,0,clean,TypeScript,2024-2026,1.0,,0.92,0.0,0.0,0
sequelize/sequelize,4e256182695558dcb7778138dfeb9e729fab7f08,4e25618269,meta: update dependency mysql2 to ^3.16.1,other,Unknown,renovate[bot],2026-01-16 06:58:45+00:00,6,4,0,0,16,23,2,0,0,0.0,0,clean,TypeScript,2024-2026,1.0,,0.67,0.0,0.0,0
refinedev/refine,f9dc326d61fc672cbec804306ed81f7cbdd6bf0a,f9dc326d61,fix(docs): doc examples uses refine4 (#7212),bugfix,Unknown,Alican Erdurmaz,2026-01-16 11:20:53+03:00,11,4,0,0,304,269,55,0,0,0.0,0,clean,TypeScript,2024-2026,1.0,,1.13,0.0,0.0,0
refinedev/refine,8d4c705b8afed7ddec0ab714d4988048dfafc3c4,8d4c705b8a,docs(blog): handle redirect,docs,Unknown,Özgür Akça,2026-01-16 13:06:28+03:00,13,4,0,0,9,1,2,0,0,0.0,0,clean,TypeScript,2024-2026,1.0,,4.5,0.0,0.0,0
sequelize/sequelize,62c83875c248a0095934d46f493c0489b12292d1,62c83875c2,docs: fix typo in comment and test title (#18101),bugfix,JavaScript,yy,2026-01-17 11:58:25+01:00,11,5,1,0,2,2,2,1,2,16.0,0,clean,TypeScript,2024-2026,1.0,,0.67,0.33,5.33,0
sequelize/sequelize,d4c79128c51e8f3364252199e410cd7320ee2f1f,d4c79128c5,meta: update dependency oclif to v4.22.67,other,Unknown,renovate[bot],2026-01-18 13:54:51+00:00,13,6,1,0,680,680,2,0,0,0.0,0,clean,TypeScript,2024-2026,1.0,,1.0,0.0,0.0,0
sequelize/sequelize,af3224f0a73288903d231eefbaebc644111b2119,af3224f0a7,meta: update dependency typedoc-plugin-mdn-links to v5.1.0,docs,Unknown,renovate[bot],2026-01-19 05:47:05+00:00,5,0,0,1,6,6,2,0,0,0.0,0,clean,TypeScript,2024-2026,1.0,,0.86,0.0,0.0,0
refinedev/refine,304864d8ef52532bad38335dcb0f49509a2bb5e7,304864d8ef,fix(refine-ui): align auto save i18n keys (#7192)  Co-authored-by: Eren Kurnaz <h.erenkurnaz@icloud.com>,bugfix,Unknown,Rohit singh,2026-01-19 11:21:46+03:00,11,0,0,0,4,4,2,0,1,13.0,0,clean,TypeScript,2024-2026,1.0,,0.8,0.0,4.33,0
refinedev/refine,0fdaaed16c9b88e3bbe999ed3a68de674ab6dea5,0fdaaed16c,fix(shadcn): prevent toast id collision for undoable mutations (#7187),bugfix,Unknown,Sunil Biriya,2026-01-19 11:38:14+03:00,11,0,0,0,1,1,1,0,2,3.5,0,clean,TypeScript,2024-2026,1.0,,0.5,0.0,1.75,0
refinedev/refine,33c41b52fadb09f4ce6f51d1cd11ffe84145539c,33c41b52fa,fix: update recharts dependency to version 2.15.3 across examples (#7215),bugfix,Unknown,Alican Erdurmaz,2026-01-19 12:28:59+03:00,12,0,0,0,17,51,6,0,0,0.0,0,clean,TypeScript,2024-2026,1.0,,0.33,0.0,0.0,0
refinedev/refine,f063dc216b4a8006701f3f0b4c01149198928ac0,f063dc216b,docs: fix wrong redirect and readme links (#7220),bugfix,Unknown,Özgür Akça,2026-01-19 16:14:02+00:00,16,0,0,0,2,2,2,0,0,0.0,0,clean,TypeScript,2024-2026,1.0,,0.67,0.0,0.0,0
refinedev/refine,adc4c6431252c035caa62acbaf42f79854535548,adc4c64312,fix(mui): debounce server filter updates in useDataGrid #7216 (#7217),bugfix,TypeScript,Alican Erdurmaz,2026-01-19 16:26:05+03:00,16,0,0,0,52,8,2,0,5,1.8,0,clean,TypeScript,2024-2026,1.0,,5.78,0.0,0.6,0
refinedev/refine,367b4681ae7e336d9cc0397e95c9b9d36186a656,367b4681ae,feat(mui): upgrade @mui/x-data-grid from v7 to v8 (#7208),feature,JavaScript,Benjamin,2026-01-19 16:33:52+03:00,16,0,0,0,421,161,44,2,13,1.0,0,clean,TypeScript,2024-2026,1.0,,2.6,0.04,0.02,0
refinedev/refine,cc074c5bd9d7af1a3b60ba5aa5e0ac0a405d0924,cc074c5bd9,ci(changesets): version packages (#7218)  Co-authored-by: github-actions[bot] <41898282+github-actions[bot]@users.noreply.github.com>,other,Unknown,Refine Community Bot,2026-01-19 19:02:58+03:00,19,0,0,0,185,144,49,0,0,0.0,0,clean,TypeScript,2024-2026,1.0,,1.28,0.0,0.0,0
sequelize/sequelize,8a07dc683a0d85f478c6c14f5260e45a08c443f1,8a07dc683a,meta: update dependency @types/oracledb to ^6.10.1,other,Unknown,renovate[bot],2026-01-20 08:28:37+00:00,8,1,0,0,6,6,2,0,0,0.0,0,clean,TypeScript,2024-2026,1.0,,0.86,0.0,0.0,0
refinedev/refine,4c457d25d0dab8a3ba3cd8f212a4f00560b735ab,4c457d25d0,feat(docs): improve feedback widget ui (#7223),feature,Unknown,Alican Erdurmaz,2026-01-20 16:53:46+03:00,16,1,0,0,143,87,16,0,8,2.88,0,clean,TypeScript,2024-2026,1.0,,1.62,0.0,0.17,0
refinedev/refine,001158cdfc5166c7fed085292e21a6d2bd4df950,001158cdfc,feat(docs): update meta tags (#7224),feature,JavaScript,Alican Erdurmaz,2026-01-20 20:55:30+03:00,20,1,0,0,1597,844,788,2,1,5.0,0,clean,TypeScript,2024-2026,1.0,,1.89,0.0,0.01,0
refinedev/refine,3e0ee360fc824422992afa3c7c8e5a8a7c511fe4,3e0ee360fc,feat: use imgix in all doc blog images (#7226),feature,JavaScript,Batuhan Wilhelm,2026-01-21 09:17:13+00:00,9,2,0,0,9,4,4,0,4,3.25,0,clean,TypeScript,2024-2026,1.0,,1.8,0.0,0.65,0
refinedev/refine,3ea1512185c61260ee0aefd48c1f7afffa760230,3ea1512185,docs(blog): adds new internal-tools blog post,feature,Unknown,Özgür Akça,2026-01-21 10:47:49+03:00,10,2,0,0,107,7,2,0,0,0.0,0,clean,TypeScript,2024-2026,1.0,,13.38,0.0,0.0,0
refinedev/refine,d0689244da1d2e0d0a2076282f8190aca8294bdf,d0689244da,feat(docs): add display_title (#7225),feature,JavaScript,Alican Erdurmaz,2026-01-21 11:16:08+03:00,11,2,0,0,1519,12,787,2,3,4.33,0,clean,TypeScript,2024-2026,1.0,,116.85,0.0,0.01,0
refinedev/refine,239b736d13f92fb24286605a10dc5642e89010dd,239b736d13,feat: use imgix format webp in blog pages and covers (#7227),feature,JavaScript,Batuhan Wilhelm,2026-01-21 12:55:49+03:00,12,2,0,0,3,3,3,0,3,1.67,0,clean,TypeScript,2024-2026,1.0,,0.75,0.0,0.42,0
sequelize/sequelize,c5e3720c75faac741bd87c3f183d0102e034cc41,c5e3720c75,meta: update dependency lodash to v4.17.23 [security],other,Unknown,renovate[bot],2026-01-22 01:43:09+00:00,1,3,0,1,6,6,2,0,0,0.0,0,clean,TypeScript,2024-2026,1.0,,0.86,0.0,0.0,0
refinedev/refine,86b474eef201633bc9802d9415957f68a6f3c980,86b474eef2,feat(docs): update image formats from GIF to AVIF in documentation  (#7229),feature,Unknown,Alican Erdurmaz,2026-01-22 12:08:18+00:00,12,3,0,0,195,186,72,0,1,7.0,0,clean,TypeScript,2024-2026,1.0,,1.04,0.0,0.1,0
refinedev/refine,b697e417b305eb8a02cfd86abdecbd20f7e143f3,b697e417b3,feat: update image formats to WebP across documentation and templates (#7230),feature,JavaScript,Alican Erdurmaz,2026-01-22 12:23:46+00:00,12,3,0,0,34,34,29,0,0,0.0,0,clean,TypeScript,2024-2026,1.0,,0.97,0.0,0.0,0
refinedev/refine,68262a8e9ef5cdf02d60ccc04af2ba92ee09d4e5,68262a8e9e,docs(blog): change image,docs,Unknown,Özgür Akça,2026-01-22 15:35:58+03:00,15,3,0,0,1,1,1,0,0,0.0,0,clean,TypeScript,2024-2026,1.0,,0.5,0.0,0.0,0
sequelize/sequelize,09b692586b80cf8f558858e86cf44d1625341f25,09b692586b,meta: update sequelize AUTHORS (#18102)  Co-authored-by: SequelizeJS <mail@sequelizejs.com>,other,Unknown,github-actions[bot],2026-01-23 15:42:35+00:00,15,4,0,0,4,0,1,0,0,0.0,0,clean,TypeScript,2024-2026,1.0,,4.0,0.0,0.0,0
sequelize/sequelize,c3b35760395f53c6c0f4affd6b90fb951865154d,c3b3576039,"feat(core): convert query.js to TS and implement caching, pooling, and other optimizations (#18051)  Co-authored-by: Copilot <175728472+Copilot@users.noreply.github.com> Co-authored-by: Rik Smale <130",feature,TypeScript,Andrew Sidhu,2026-01-23 18:23:23+01:00,18,4,0,0,2318,1036,7,2,98,3.98,0,clean,TypeScript,2024-2026,1.0,,2.24,0.25,0.5,0
sequelize/sequelize,b9f072ef7a92d05e80ea839c09d2228780f52559,b9f072ef7a,meta: update actions/checkout action to v6.0.2 (#18106)  Co-authored-by: renovate[bot] <29139614+renovate[bot]@users.noreply.github.com>,other,Unknown,renovate[bot],2026-01-24 08:57:37+00:00,8,5,1,0,12,12,2,0,0,0.0,0,clean,TypeScript,2024-2026,1.0,,0.92,0.0,0.0,0
sequelize/sequelize,9bb93bba651add036417c83923e1317198a762cc,9bb93bba65,meta: update dependency @oclif/plugin-help to ^6.2.37,other,Unknown,renovate[bot],2026-01-24 08:58:19+00:00,8,5,1,0,6,6,2,0,0,0.0,0,clean,TypeScript,2024-2026,1.0,,0.86,0.0,0.0,0
sequelize/sequelize,53613631a12d78065f0d50171800c1cdc16bcb45,53613631a1,meta: update dependency @oclif/test to v4.1.16,test,Unknown,renovate[bot],2026-01-24 12:48:19+00:00,12,5,1,0,6,6,2,0,0,0.0,0,clean,TypeScript,2024-2026,1.0,,0.86,0.0,0.0,0
sequelize/sequelize,c87f744625c31c55a9b47c472f7faa9f0ffe6a51,c87f744625,meta: update dependency lodash to ^4.17.23,other,Unknown,renovate[bot],2026-01-24 17:02:24+00:00,17,5,1,0,25,25,13,0,0,0.0,0,clean,TypeScript,2024-2026,1.0,,0.96,0.0,0.0,0
sequelize/sequelize,d7dc026aa54dc5977924ed5da21186e56b6076c5,d7dc026aa5,meta: update dependency oclif to v4.22.68,other,Unknown,renovate[bot],2026-01-24 20:35:37+00:00,20,5,1,0,7,7,2,0,0,0.0,0,clean,TypeScript,2024-2026,1.0,,0.88,0.0,0.0,0
refinedev/refine,ba1b4857260d58574ce6607c7f93d0aec58c718d,ba1b485726,feat: optimize `Breadcrumbs` for SEO (#7228),feature,JavaScript,Alican Erdurmaz,2026-01-26 09:49:11+03:00,9,0,0,0,1469,310,20,0,49,2.8,0,clean,TypeScript,2024-2026,1.0,,4.72,0.0,0.13,0
refinedev/refine,a6c04db76203f367fc528cc559dd03bca30eb176,a6c04db762,docs: fix footer data (#7232),bugfix,Unknown,Özgür Akça,2026-01-26 11:08:50+03:00,11,0,0,0,1,1,1,0,0,0.0,0,clean,TypeScript,2024-2026,1.0,,0.5,0.0,0.0,0
refinedev/refine,9a78fc786f47c16dc4855a3f3a1a15b961dd4f7e,9a78fc786f,docs: replace old links (#7233),docs,TypeScript,Özgür Akça,2026-01-26 19:45:18+03:00,19,0,0,0,21,18,10,0,4,3.25,0,clean,TypeScript,2024-2026,1.0,,1.11,0.0,0.3,0
sequelize/sequelize,ae1ee95289d078176644d41905b28160158db702,ae1ee95289,meta: update dependency typedoc-plugin-mdn-links to v5.1.1 (#18109)  Co-authored-by: renovate[bot] <29139614+renovate[bot]@users.noreply.github.com>,docs,Unknown,renovate[bot],2026-01-27 11:14:04+00:00,11,1,0,0,6,6,2,0,0,0.0,0,clean,TypeScript,2024-2026,1.0,,0.86,0.0,0.0,0
sequelize/sequelize,4485d960d6c741c98c38948bff4aea179623a34b,4485d960d6,meta: update dependency mysql2 to ^3.16.2,other,Unknown,renovate[bot],2026-01-27 11:15:02+00:00,11,1,0,0,19,19,2,0,0,0.0,0,clean,TypeScript,2024-2026,1.0,,0.95,0.0,0.0,0
refinedev/refine,dc7ba89a0f5ee265fec184f67dee56841dcef526,dc7ba89a0f,feat: dual tracking for g4a,feature,JavaScript,Özgür Akça,2026-01-27 13:40:25+03:00,13,1,0,0,10,0,1,0,0,0.0,0,clean,TypeScript,2024-2026,1.0,,10.0,0.0,0.0,0
refinedev/refine,f1da5f6e944ede255aa780c93dd11b3fb6065622,f1da5f6e94,chore(finefoods): remove .env file  (#7237),other,Unknown,Alican Erdurmaz,2026-01-27 14:15:50+00:00,14,1,0,0,12,11,4,0,1,1.0,0,clean,TypeScript,2024-2026,1.0,,1.0,0.0,0.2,0
refinedev/refine,c823f825f562368b075b8f67972b06f7f83bfca7,c823f825f5,docs(blog): source code ownership (#7236),docs,Unknown,Özgür Akça,2026-01-27 15:33:39+03:00,15,1,0,0,130,0,1,0,0,0.0,0,clean,TypeScript,2024-2026,1.0,,130.0,0.0,0.0,0
refinedev/refine,039c442daf5e73ae12b307171e4b201af4fd9106,039c442daf,feat: add `robots.txt` files to multiple example applications (#7234),feature,Unknown,Alican Erdurmaz,2026-01-27 15:35:04+03:00,15,1,0,0,24,0,12,0,0,0.0,0,clean,TypeScript,2024-2026,1.0,,24.0,0.0,0.0,0
refinedev/refine,d120e452a43a2b2f3358753ff6a243b072cd2d80,d120e452a4,docs: put attributes for docusaurus,docs,JavaScript,Özgür Akça,2026-01-27 15:35:21+03:00,15,1,0,0,1,0,1,0,0,0.0,0,clean,TypeScript,2024-2026,1.0,,1.0,0.0,0.0,0
sequelize/sequelize,3bd5b7873870cd88ad2b0cf90ea9fe00753a3f5f,3bd5b78738,meta: update dependency oclif to v4.22.70,other,Unknown,renovate[bot],2026-01-27 15:55:55+00:00,15,1,0,0,594,131,2,0,0,0.0,0,clean,TypeScript,2024-2026,1.0,,4.5,0.0,0.0,0
refinedev/refine,f18a85c69029b0ccf1779b8a8de97d0dc0fb9c2c,f18a85c690,docs: replace the tracking ID implementation,feature,JavaScript,Özgür Akça,2026-01-27 16:17:00+03:00,16,1,0,0,1,12,1,0,0,0.0,0,clean,TypeScript,2024-2026,1.0,,0.08,0.0,0.0,0
refinedev/refine,070ab49c8f2effce86157c6b8a93b17a260c19a5,070ab49c8f,fix(map): replace environment variable with hardcoded API key,bugfix,Unknown,Alican Erdurmaz,2026-01-27 17:37:00+03:00,17,1,0,0,1,2,2,0,1,1.0,0,clean,TypeScript,2024-2026,1.0,,0.33,0.0,0.33,0
sequelize/sequelize,83761b95cf07c52af04e3162bd22f0b297a75648,83761b95cf,meta: update dependency zod to ^4.3.6,other,Unknown,renovate[bot],2026-01-27 18:59:31+00:00,18,1,0,0,6,6,2,0,0,0.0,0,clean,TypeScript,2024-2026,1.0,,0.86,0.0,0.0,0
sequelize/sequelize,8e0cbc8ea7e5a89fb679a1c89d17c16dbf664ea0,8e0cbc8ea7,meta: update mysql docker tag to v8.4.8,docs,Unknown,renovate[bot],2026-01-27 20:47:19+00:00,20,1,0,0,1,1,1,0,0,0.0,0,clean,TypeScript,2024-2026,1.0,,0.5,0.0,0.0,0
refinedev/refine,fa022dc8a50764994678b666cf44554f39d4b823,fa022dc8a5,docs: fix type error (#7221),bugfix,Unknown,Shane,2026-01-28 11:22:52+03:00,11,2,0,0,2,1,1,0,0,0.0,0,clean,TypeScript,2024-2026,1.0,,1.0,0.0,0.0,0
refinedev/refine,6c90e0df2901efb5a662f955dcf6c052219bf714,6c90e0df29,docs(blog): update supabase blog posts,docs,Unknown,Özgür Akça,2026-02-02 18:23:08+03:00,18,0,0,0,21,31,3,0,0,0.0,0,clean,TypeScript,2024-2026,1.0,,0.66,0.0,0.0,0
refinedev/refine,95d406952fc1c943720c575e70755ae704590fac,95d406952f,docs: fix broken links (#7243),bugfix,Unknown,Özgür Akça,2026-02-03 08:26:07+00:00,8,1,0,0,10,20,5,0,0,0.0,0,clean,TypeScript,2024-2026,1.0,,0.48,0.0,0.0,0
refinedev/refine,463bcd97ed019c9e029c9dc5fb5a51df880ae07a,463bcd97ed,feat: remove ahref plugin and update Google Tag Manager integration (#7247),feature,JavaScript,Alican Erdurmaz,2026-02-03 15:08:19+00:00,15,1,0,0,24,71,5,0,7,2.71,0,clean,TypeScript,2024-2026,1.0,,0.33,0.0,0.45,0
refinedev/refine,8de481eae5fecc4680554c3aee05d48772a47b31,8de481eae5,feat: add Google Tag Manager configuration (#7246),feature,JavaScript,Alican Erdurmaz,2026-02-03 15:30:19+03:00,15,1,0,0,3,0,1,0,0,0.0,0,clean,TypeScript,2024-2026,1.0,,3.0,0.0,0.0,0
sequelize/sequelize,50e83d8c586c5479ef37c802b4492e7f7ed7cc1f,50e83d8c58,v7.0.0-alpha.48,other,Unknown,github-actions[bot],2026-02-04 13:52:15+00:00,13,2,0,0,126,14,28,0,0,0.0,0,clean,TypeScript,2024-2026,1.0,,8.4,0.0,0.0,0
sequelize/sequelize,470cd7c2dc0d5a882cd97d35a0d2d7ffad04725b,470cd7c2dc,meta: update actions/checkout digest to de0fac2,other,Unknown,renovate[bot],2026-02-04 17:14:54+00:00,17,2,0,0,1,1,1,0,0,0.0,0,clean,TypeScript,2024-2026,1.0,,0.5,0.0,0.0,0
sequelize/sequelize,6b73abd28c5c54c5dc028025b6ce237dd795d683,6b73abd28c,meta: update dependency @types/node to v22.19.8,other,Unknown,renovate[bot],2026-02-04 21:56:06+00:00,21,2,0,0,6,6,2,0,0,0.0,0,clean,TypeScript,2024-2026,1.0,,0.86,0.0,0.0,0
sequelize/sequelize,bc5a4579b200d07f8ab7a104dcd133dc27227883,bc5a4579b2,meta: update dependency mysql2 to ^3.16.3,other,Unknown,renovate[bot],2026-02-05 01:27:03+00:00,1,3,0,1,6,6,2,0,0,0.0,0,clean,TypeScript,2024-2026,1.0,,0.86,0.0,0.0,0
sequelize/sequelize,f5a2fab2a337e7703fef09ab3d40fe0031e3ee86,f5a2fab2a3,meta: update dependency oclif to v4.22.73,other,Unknown,renovate[bot],2026-02-05 04:41:29+00:00,4,3,0,1,300,750,2,0,0,0.0,0,clean,TypeScript,2024-2026,1.0,,0.4,0.0,0.0,0
refinedev/refine,abfee824fdeb86e50f72446af0cda2bb672aed77,abfee824fd,fix(docs): update pagination.current usages (#7249),bugfix,Unknown,Batuhan Wilhelm,2026-02-05 11:20:22+03:00,11,3,0,0,19,19,15,0,2,2.0,0,clean,TypeScript,2024-2026,1.0,,0.95,0.0,0.12,0
refinedev/refine,91c312553a6d9dc17b936fc35c156e793268ce08,91c312553a,fix(docs): update pagination.current usages,bugfix,Unknown,Batuhan Wilhelm,2026-02-05 11:50:26+03:00,11,3,0,0,2,2,2,0,0,0.0,0,clean,TypeScript,2024-2026,1.0,,0.67,0.0,0.0,0
refinedev/refine,311bb602e30c7a9541bb838e55b6d9316ee253eb,311bb602e3,fix(docs): update more pagination.current usages (#7251),bugfix,Unknown,Batuhan Wilhelm,2026-02-05 12:13:25+03:00,12,3,0,0,35,35,17,0,0,0.0,0,clean,TypeScript,2024-2026,1.0,,0.97,0.0,0.0,0
refinedev/refine,2b9fadb56968dc1162aa87fc70fba7ff26a3201e,2b9fadb569,"fix: replace image links, and change how imgx transform works (#7250)",bugfix,Unknown,Özgür Akça,2026-02-05 12:15:17+03:00,12,3,0,0,15,15,2,0,1,7.0,0,clean,TypeScript,2024-2026,1.0,,0.94,0.0,2.33,0
refinedev/refine,a851672404703243df7ea150d0f918f002d1571d,a851672404,refactor(devtools): remove devtools authentication (#7248),refactor,TypeScript,Eren Kurnaz,2026-02-05 13:28:11+03:00,13,3,0,0,26,2068,32,0,60,2.75,0,clean,TypeScript,2024-2026,1.0,,0.01,0.0,0.08,0
refinedev/refine,8257aa128a3ba210cc97aa8ae8b895c7b356d77c,8257aa128a,ci(changesets): version packages (#7252)  Co-authored-by: github-actions[bot] <41898282+github-actions[bot]@users.noreply.github.com>,other,Unknown,Refine Community Bot,2026-02-05 16:33:54+03:00,16,3,0,0,792,737,185,0,0,0.0,0,clean,TypeScript,2024-2026,1.0,,1.07,0.0,0.0,0
refinedev/refine,a8ca9f900e8eef8a2d87a735a288b81131f3564e,a8ca9f900e,docs(blog): fix blogs (#7253)  Co-authored-by: Batuhan Wilhelm <batuhanwilhelm@gmail.com>,bugfix,Unknown,Özgür Akça,2026-02-06 10:20:51+03:00,10,4,0,0,13,7,6,0,0,0.0,0,clean,TypeScript,2024-2026,1.0,,1.62,0.0,0.0,0
refinedev/refine,c49b81ce8ce47ea7ddb3df44952c5466669ebf86,c49b81ce8c,docs(blog): update react blogs (#7254),docs,Unknown,Özgür Akça,2026-02-06 10:21:23+03:00,10,4,0,0,8,8,4,0,0,0.0,0,clean,TypeScript,2024-2026,1.0,,0.89,0.0,0.0,0
refinedev/refine,06c0076a2cfac4fb7dc26fa5770a4a653ca20323,06c0076a2c,docs(blog): add the new react admin blog post (#7256),feature,Unknown,Özgür Akça,2026-02-09 11:31:41+03:00,11,0,0,0,348,497,4,0,0,0.0,0,clean,TypeScript,2024-2026,1.0,,0.7,0.0,0.0,0
refinedev/refine,a4a4668621611d5ad8f381777a5adc55e39cbdb9,a4a4668621,fix(docs): prevent horizontal overflow on mobile (#7255),bugfix,JavaScript,Alican Erdurmaz,2026-02-09 11:32:15+03:00,11,0,0,0,2,1,2,0,2,1.0,0,clean,TypeScript,2024-2026,1.0,,1.0,0.0,0.33,0
refinedev/refine,421d9c350123dbd931c2cb6c32e6f3a016bef51f,421d9c3501,docs(blog): add the dashboard blog,feature,Unknown,Özgür Akça,2026-02-09 17:12:02+03:00,17,0,0,0,357,0,2,0,0,0.0,0,clean,TypeScript,2024-2026,1.0,,357.0,0.0,0.0,0
sequelize/sequelize,9c309168137cb99dd1fd470fdd162d1364d3005a,9c30916813,meta: update dependency esbuild to v0.27.3,other,Unknown,renovate[bot],2026-02-10 13:35:59+00:00,13,1,0,0,111,111,2,0,0,0.0,0,clean,TypeScript,2024-2026,1.0,,0.99,0.0,0.0,0
sequelize/sequelize,a9cb96be2786f4213de1b7574b958a92a62d0e98,a9cb96be27,meta: update dependency @types/node to v22.19.10 (#18115)  Co-authored-by: renovate[bot] <29139614+renovate[bot]@users.noreply.github.com>,other,Unknown,renovate[bot],2026-02-10 14:06:38+01:00,14,1,0,0,6,6,2,0,0,0.0,0,clean,TypeScript,2024-2026,1.0,,0.86,0.0,0.0,0
refinedev/refine,25a592dde0dd1248e291d5517a0df1801cbb0069,25a592dde0,docs(blog): fix wrong file name for blog (#7260),bugfix,Unknown,Özgür Akça,2026-02-10 14:27:47+03:00,14,1,0,0,0,0,1,0,0,0.0,0,clean,TypeScript,2024-2026,1.0,,0.0,0.0,0.0,0
refinedev/refine,189d33a20a51ff760c4cd1188d402ec4f3f4c07a,189d33a20a,docs(blog): put alt text to all images (#7261),docs,Unknown,Özgür Akça,2026-02-10 16:23:35+03:00,16,1,0,0,1099,1057,160,0,0,0.0,0,clean,TypeScript,2024-2026,1.0,,1.04,0.0,0.0,0
refinedev/refine,48a6e528b418d3f0b7dd4f8e1a66e454d0e377c0,48a6e528b4,docs(blog): fix wrong slug,bugfix,Unknown,Özgür Akça,2026-02-10 17:29:47+03:00,17,1,0,0,1,1,1,0,0,0.0,0,clean,TypeScript,2024-2026,1.0,,0.5,0.0,0.0,0
sequelize/sequelize,60b75189751e534b6853a56513df3453feb045b1,60b7518975,meta: update dependency @types/node to v22.19.11,other,Unknown,renovate[bot],2026-02-10 17:36:48+00:00,17,1,0,0,6,6,2,0,0,0.0,0,clean,TypeScript,2024-2026,1.0,,0.86,0.0,0.0,0
refinedev/refine,84c26ff23e37c2c760e27dfe6260c403fb667f57,84c26ff23e,chore: add redirect,feature,Unknown,Batuhan Wilhelm,2026-02-10 18:11:28+03:00,18,1,0,0,3,1,1,0,0,0.0,0,clean,TypeScript,2024-2026,1.0,,1.5,0.0,0.0,0
refinedev/refine,a4703235882be2cd57cfe30be3bfb8924fe75d94,a470323588,docs(blog): update the old react blogs,docs,Unknown,Özgür Akça,2026-02-10 18:24:43+03:00,18,1,0,0,157,1151,3,0,0,0.0,0,clean,TypeScript,2024-2026,1.0,,0.14,0.0,0.0,0
refinedev/refine,c6238ed29ccc6fc11371b18a23f2553471e4ff28,c6238ed29c,docs(blog): replace dashboard image,docs,Unknown,Özgür Akça,2026-02-10 18:31:04+03:00,18,1,0,0,1,1,1,0,0,0.0,0,clean,TypeScript,2024-2026,1.0,,0.5,0.0,0.0,0
refinedev/refine,da34cfd809b7a3f5352f24e9e8f37a6fc13ec043,da34cfd809,docs(blog): fix wrong images,bugfix,Unknown,Özgür Akça,2026-02-11 12:06:21+03:00,12,2,0,0,2,2,2,0,0,0.0,0,clean,TypeScript,2024-2026,1.0,,0.67,0.0,0.0,0
refinedev/refine,13eb4de3a6da69a78798e0e1f0933fd66dd62d8b,13eb4de3a6,docs(blog): handle redirects,docs,Unknown,Özgür Akça,2026-02-11 16:58:55+03:00,16,2,0,0,4,0,1,0,0,0.0,0,clean,TypeScript,2024-2026,1.0,,4.0,0.0,0.0,0
refinedev/refine,f116bba868d5feb5525d6b0a29d81e09d1aefef2,f116bba868,docs(blog): new react admin dashboard,feature,Unknown,Özgür Akça,2026-02-12 17:42:24+03:00,17,3,0,0,287,0,1,0,0,0.0,0,clean,TypeScript,2024-2026,1.0,,287.0,0.0,0.0,0
refinedev/refine,dfd6c8364228d837e56d874521748ddf2b14edee,dfd6c83642,fix: replace broken use navigate link,bugfix,TypeScript,Özgür Akça,2026-02-12 17:51:59+03:00,17,3,0,0,1,1,1,0,0,0.0,0,clean,TypeScript,2024-2026,1.0,,0.5,0.0,0.0,0
refinedev/refine,a1012de9b572b91f95663da70c4dcf64041dcf10,a1012de9b5,docs(blog): add the crud pages blog post,feature,Unknown,Özgür Akça,2026-02-13 12:31:40+03:00,12,4,0,0,287,0,1,0,0,0.0,0,clean,TypeScript,2024-2026,1.0,,287.0,0.0,0.0,0
refinedev/refine,16462af090dc6cc3024d66e0c8692f82c46c3738,16462af090,fix: replace broken links,bugfix,Unknown,Özgür Akça,2026-02-13 14:38:04+03:00,14,4,0,0,31,31,19,0,0,0.0,0,clean,TypeScript,2024-2026,1.0,,0.97,0.0,0.0,0
sequelize/sequelize,384f563c4399ff24181e8338016469d9efb52417,384f563c43,meta: update dependency oclif to v4.22.79 (#18116)  Co-authored-by: renovate[bot] <29139614+renovate[bot]@users.noreply.github.com>,other,Unknown,renovate[bot],2026-02-15 09:14:51+00:00,9,6,1,0,230,243,2,0,0,0.0,0,clean,TypeScript,2024-2026,1.0,,0.94,0.0,0.0,0
sequelize/sequelize,721a263fe7efd557a9e738d49f0328979913917e,721a263fe7,meta: update dependency semver to ^7.7.4,other,Unknown,renovate[bot],2026-02-15 09:16:08+00:00,9,6,1,0,8,8,5,0,0,0.0,0,clean,TypeScript,2024-2026,1.0,,0.89,0.0,0.0,0
sequelize/sequelize,2ad16a0a4efcbffbf0f12e0fd646e0c59b44470b,2ad16a0a4e,meta: update gvenzl/oracle-free docker tag to v23.26.1,docs,Unknown,renovate[bot],2026-02-15 14:15:50+00:00,14,6,1,0,1,1,1,0,0,0.0,0,clean,TypeScript,2024-2026,1.0,,0.5,0.0,0.0,0
sequelize/sequelize,826938939ec4acc1244dfe5fbc222205827b217f,826938939e,meta: update dependency mysql2 to ^3.17.1,other,Unknown,renovate[bot],2026-02-15 16:44:23+00:00,16,6,1,0,14,14,2,0,0,0.0,0,clean,TypeScript,2024-2026,1.0,,0.93,0.0,0.0,0
refinedev/refine,d5676404f09c2f6d93b10c02228e1593ef7e1b2c,d5676404f0,"docs: remove old blogs, and add alt text to templates",feature,JavaScript,Özgür Akça,2026-02-16 14:41:25+03:00,14,0,0,0,74,1,4,0,1,17.0,0,clean,TypeScript,2024-2026,1.0,,37.0,0.0,3.4,0
refinedev/refine,3f1dee8f62796d8056c04f3adb23624e23fe1167,3f1dee8f62,docs(blog): add the new admin panel blog,feature,Unknown,Özgür Akça,2026-02-16 15:01:23+03:00,15,0,0,0,299,1,2,0,0,0.0,0,clean,TypeScript,2024-2026,1.0,,149.5,0.0,0.0,0
refinedev/refine,b74e4abbb050ed3286cc9d8613dc16f83486ddfe,b74e4abbb0,fix: fix sitemap link,bugfix,JavaScript,Özgür Akça,2026-02-16 15:09:06+03:00,15,0,0,0,3,3,3,0,0,0.0,0,clean,TypeScript,2024-2026,1.0,,0.75,0.0,0.0,0
refinedev/refine,fe94b9444ce2f688a1bf652e1784efdf0cfdb66d,fe94b9444c,docs(blog): change old blog name (#7274),docs,Unknown,Özgür Akça,2026-02-16 17:21:46+03:00,17,0,0,0,3,1,2,0,0,0.0,0,clean,TypeScript,2024-2026,1.0,,1.5,0.0,0.0,0
refinedev/refine,1d8c9f574b3b73d9d9da3f75d691457edf5b6934,1d8c9f574b,fix: remove the american localization from the typos toml (#7278),bugfix,Unknown,Özgür Akça,2026-02-16 17:23:46+03:00,17,0,0,0,1,1,1,0,0,0.0,0,clean,TypeScript,2024-2026,1.0,,0.5,0.0,0.0,0
refinedev/refine,4d2acb86d0742e9d03a867b947860a3a1bf0e59e,4d2acb86d0,docs: fixed 404 links,bugfix,Unknown,Özgür Akça,2026-02-17 13:15:45+03:00,13,1,0,0,280,223,76,0,0,0.0,0,clean,TypeScript,2024-2026,1.0,,1.25,0.0,0.0,0
refinedev/refine,c32b355384b2ecc95ac92bcad74b04ea3e8ad2aa,c32b355384,"fix: add missing template→example redirects  - Add 9 redirects for /core/templates/* URLs to /core/docs/examples/* paths - Includes auth-provider, data-provider, customization, table, and form templat",bugfix,Unknown,Özgür Akça,2026-02-17 13:37:09+03:00,13,1,0,0,11,0,1,0,0,0.0,0,clean,TypeScript,2024-2026,1.0,,11.0,0.0,0.0,0
refinedev/refine,951680487791f9345b356609a6a34041b9fd8d3b,9516804877,fix: fix further links,bugfix,Unknown,Özgür Akça,2026-02-17 17:35:04+03:00,17,1,0,0,18,18,8,0,0,0.0,0,clean,TypeScript,2024-2026,1.0,,0.95,0.0,0.0,0
refinedev/refine,4c3b6cbc8c40fd5c556b421fc84b8317e18919ec,4c3b6cbc8c,chore: remove redundant redirects,other,Unknown,Batuhan Wilhelm,2026-02-17 19:26:27+03:00,19,1,0,0,0,18,1,0,0,0.0,0,clean,TypeScript,2024-2026,1.0,,0.0,0.0,0.0,0
refinedev/refine,1d49b475c11f6400c409747fe55482325be52fbf,1d49b475c1,docs: remove blog posts,docs,Unknown,Özgür Akça,2026-02-18 16:06:01+03:00,16,2,0,0,3,625,4,0,0,0.0,0,clean,TypeScript,2024-2026,1.0,,0.0,0.0,0.0,0
refinedev/refine,dc8575add7dfb3d5110f60f864a3aed42630c111,dc8575add7,docs: more redirects,docs,Unknown,Özgür Akça,2026-02-18 17:32:35+03:00,17,2,0,0,4,0,1,0,0,0.0,0,clean,TypeScript,2024-2026,1.0,,4.0,0.0,0.0,0
refinedev/refine,171fd4336c998e649dfdf553c30a77f3c50f0e70,171fd4336c,docs(blog): refine pixels (#7283)  Co-authored-by: Batuhan Wilhelm <batuhanwilhelm@gmail.com>,docs,Unknown,Özgür Akça,2026-02-18 18:58:07+03:00,18,2,0,0,4849,4919,9,0,0,0.0,0,clean,TypeScript,2024-2026,1.0,,0.99,0.0,0.0,0
refinedev/refine,6168fb4db8b6094def012fc9ec6ab82ad005d8a3,6168fb4db8,docs(blog): new ai agents blog (#7284),feature,Unknown,Özgür Akça,2026-02-18 18:58:34+03:00,18,2,0,0,203,1,2,0,0,0.0,0,clean,TypeScript,2024-2026,1.0,,101.5,0.0,0.0,0
refinedev/refine,7f5716d8d4053eb4c8fa8d8905c619fca936ca91,7f5716d8d4,docs(blog): change the wrong title for the blog,docs,Unknown,Özgür Akça,2026-02-19 12:03:49+03:00,12,3,0,0,2,2,1,0,0,0.0,0,clean,TypeScript,2024-2026,1.0,,0.67,0.0,0.0,0
refinedev/refine,ffda9e96205b9c66bbb32fe8eaa500e64f02a23a,ffda9e9620,docs: fix broken links,bugfix,Unknown,Özgür Akça,2026-02-19 18:01:19+03:00,18,3,0,0,16,16,15,0,0,0.0,0,clean,TypeScript,2024-2026,1.0,,0.94,0.0,0.0,0
refinedev/refine,d297f3b0698c32e1b552a9d3e9197a5db3b84bca,d297f3b069,docs(blog): fix image type,bugfix,Unknown,Özgür Akça,2026-02-19 18:33:13+03:00,18,3,0,0,1,1,1,0,0,0.0,0,clean,TypeScript,2024-2026,1.0,,0.5,0.0,0.0,0
refinedev/refine,d2b2ea849dbebd16dc0773cfa3f7f9ac5dcf3b11,d2b2ea849d,docs: more fixes,bugfix,Unknown,Özgür Akça,2026-02-19 19:05:10+03:00,19,3,0,0,5,5,5,0,0,0.0,0,clean,TypeScript,2024-2026,1.0,,0.83,0.0,0.0,0
refinedev/refine,aca1e79ad06ee9852e318f5dc221385038b71588,aca1e79ad0,feat(docs): redesign blog (#7271),feature,JavaScript,Alican Erdurmaz,2026-02-20 12:20:28+03:00,12,4,0,0,6282,1859,341,1,168,3.21,0,clean,TypeScript,2024-2026,1.0,,3.38,0.0,0.01,0
refinedev/refine,0837c7120ce2c915be0489fd479dc8452f501792,0837c7120c,fix: fix broken links going to 404,bugfix,Unknown,Özgür Akça,2026-02-20 13:00:07+03:00,13,4,0,0,46,46,38,0,0,0.0,0,clean,TypeScript,2024-2026,1.0,,0.98,0.0,0.0,0
refinedev/refine,e22740f7a90901bdf0089c41e7ae51678e4793a5,e22740f7a9,fix(supabase): avoid invalid realtime subscriptions with multiple fil… (#7281)  Co-authored-by: Justin-wild17 <150081408+Justin-wild17@users.noreply.github.com> Co-authored-by: Alican Erdurmaz <alican,bugfix,TypeScript,jwild2027,2026-02-20 13:27:43+03:00,13,4,0,0,126,4,3,1,5,2.4,0,clean,TypeScript,2024-2026,1.0,,25.2,0.25,0.6,0
sequelize/sequelize,d4391661a34aca7175148f3e5bdf21e069f58928,d4391661a3,meta: update dependency mysql2 to ^3.17.4,other,Unknown,renovate[bot],2026-02-20 14:35:55+00:00,14,4,0,0,16,24,2,0,0,0.0,0,clean,TypeScript,2024-2026,1.0,,0.64,0.0,0.0,0
refinedev/refine,7568059e64a297b88a4a6eab19df0862b70105d7,7568059e64,docs(blog): new pair programming blog,feature,Unknown,Özgür Akça,2026-02-20 15:39:30+03:00,15,4,0,0,236,0,1,0,0,0.0,0,clean,TypeScript,2024-2026,1.0,,236.0,0.0,0.0,0
refinedev/refine,21a387d883506bea581745e4a2d75ba0b5a5c3a4,21a387d883,docs(blog): fix blog,bugfix,Unknown,Özgür Akça,2026-02-20 16:15:33+03:00,16,4,0,0,0,2,1,0,0,0.0,0,clean,TypeScript,2024-2026,1.0,,0.0,0.0,0.0,0
refinedev/refine,27b38a04ed885d89ed3732b1c68e5aad46c1bc59,27b38a04ed,docs(blog): fix the missing quotation mark,bugfix,Unknown,Özgür Akça,2026-02-20 16:24:35+03:00,16,4,0,0,1,1,1,0,0,0.0,0,clean,TypeScript,2024-2026,1.0,,0.5,0.0,0.0,0
sequelize/sequelize,70236a882482d1339214670dd70c5302c09fa8cb,70236a8824,meta: update sequelize AUTHORS (#18108)  Co-authored-by: SequelizeJS <mail@sequelizejs.com>,other,Unknown,github-actions[bot],2026-02-20 21:39:55+01:00,21,4,0,0,1,0,1,0,0,0.0,0,clean,TypeScript,2024-2026,1.0,,1.0,0.0,0.0,0
refinedev/refine,2c8796713549b8a37be1921b097895cdcecb42b2,2c87967135,fix: improve appendTrailingSlash function to handle query parameters (#7295),bugfix,JavaScript,Eren Kurnaz,2026-02-23 12:01:45+00:00,12,0,0,0,3,1,1,0,1,1.0,0,clean,TypeScript,2024-2026,1.0,,1.5,0.0,0.5,0
refinedev/refine,d861860e8c3fa764088b050cd1baf988981575bb,d861860e8c,feat(blog): UI improvements (#7294),feature,JavaScript,Alican Erdurmaz,2026-02-23 15:00:37+03:00,15,0,0,0,150,189,12,0,20,3.55,0,clean,TypeScript,2024-2026,1.0,,0.79,0.0,0.27,0
refinedev/refine,b5a1a93e62049a9372a8d55a5ff8b1c3181bd60f,b5a1a93e62,docs: fix images not loading,bugfix,Unknown,Özgür Akça,2026-02-23 17:26:13+03:00,17,0,0,0,6,6,6,0,0,0.0,0,clean,TypeScript,2024-2026,1.0,,0.86,0.0,0.0,0
refinedev/refine,f35cdd117fc130e699eb001135c165b3a517a0e6,f35cdd117f,docs: fix 404 link,bugfix,Unknown,Özgür Akça,2026-02-24 10:25:22+03:00,10,1,0,0,1,1,1,0,0,0.0,0,clean,TypeScript,2024-2026,1.0,,0.5,0.0,0.0,0
refinedev/refine,3eef34c6a567971699c8f7fea141a6053d13238e,3eef34c6a5,docs: remove table of contents,docs,Unknown,Özgür Akça,2026-02-24 12:46:36+03:00,12,1,0,0,0,1374,114,0,0,0.0,0,clean,TypeScript,2024-2026,1.0,,0.0,0.0,0.0,0
refinedev/refine,37f3b6831a85a2ff67a5a393924d13e51d9c91fc,37f3b6831a,fix: blog colors (#7303),bugfix,JavaScript,Alican Erdurmaz,2026-02-24 13:11:53+00:00,13,1,0,0,27,9,5,0,8,4.0,0,clean,TypeScript,2024-2026,1.0,,2.7,0.0,0.67,0
refinedev/refine,9108d4a40efec16415478d8a72b289901f5268b8,9108d4a40e,feat: enhance SEO and favicon  (#7299),feature,JavaScript,Alican Erdurmaz,2026-02-24 13:13:21+03:00,13,1,0,0,126,22,4,0,14,2.71,0,clean,TypeScript,2024-2026,1.0,,5.48,0.0,0.54,0
refinedev/refine,9d3019f2a5ec07f33733241868f1ba5382e91086,9d3019f2a5,docs(blog): new vibe coding blog,feature,Unknown,Özgür Akça,2026-02-24 14:46:26+03:00,14,1,0,0,160,97,3,0,0,0.0,0,clean,TypeScript,2024-2026,1.0,,1.63,0.0,0.0,0
refinedev/refine,f2feba8af5d7cb1cf947deb0e1c6d626d83a32ff,f2feba8af5,fix: update blog layout colors for better visibility (#7304),bugfix,Unknown,Alican Erdurmaz,2026-02-24 14:46:58+00:00,14,1,0,0,3,3,1,0,1,3.0,0,clean,TypeScript,2024-2026,1.0,,0.75,0.0,1.5,0
refinedev/refine,5689d346d809b14d1686c1bc84409453b529beb4,5689d346d8,fix: handle more redirects,bugfix,Unknown,Özgür Akça,2026-02-25 10:51:38+03:00,10,2,0,0,6,2,2,0,0,0.0,0,clean,TypeScript,2024-2026,1.0,,2.0,0.0,0.0,0
refinedev/refine,ae9c9529e47bc5aebd3b4360a96fc4381ef833d4,ae9c9529e4,feat(docs): add breadcrumb navigation to blog post pages (#7306),feature,JavaScript,Alican Erdurmaz,2026-02-26 12:44:31+03:00,12,3,0,0,187,7,4,0,7,2.86,0,clean,TypeScript,2024-2026,1.0,,23.38,0.0,0.57,0
refinedev/refine,14de2607aa505b424bd35bb1e203483b999e05c3,14de2607aa,docs(blog): comparison blog post,docs,Unknown,Özgür Akça,2026-02-26 19:11:17+03:00,19,3,0,0,179,0,1,0,0,0.0,0,clean,TypeScript,2024-2026,1.0,,179.0,0.0,0.0,0
swc-project/swc,f11fd705ee84909f6b0f984b1b5fc35abf73ec05,f11fd705ee,feat(es/parser): Add `swc_es_parser` (#11593)  This is the next version of `swc_ecma_parser` based on `swc_es_ast`,feature,Rust,Donny/강동윤,2026-02-27 04:01:36+00:00,4,4,0,1,5965,10,38,0,206,3.36,0,clean,TypeScript,2024-2026,1.0,,542.27,0.0,0.09,0
sequelize/sequelize,9cff3591772a4a673273978cc672e19058db8199,9cff359177,fix(sqlite3): uprev to @vscode/sqlite3 and fix CVEs (#18117)  Co-authored-by: stefan ipate <stefan.ipate@navcanada.ca> Co-authored-by: coderabbitai[bot] <136622811+coderabbitai[bot]@users.noreply.gith,bugfix,TypeScript,nav-sdi,2026-02-27 09:37:27+00:00,9,4,0,0,68,408,3,1,1,13.0,0,clean,TypeScript,2024-2026,1.0,,0.17,0.25,3.25,0
sequelize/sequelize,bc8e4847a438c8cc62a537f36d820cef50a4f896,bc8e4847a4,meta: update actions/stale action to v10.2.0 (#18123)  Co-authored-by: renovate[bot] <29139614+renovate[bot]@users.noreply.github.com>,other,Unknown,renovate[bot],2026-02-27 12:35:04+01:00,12,4,0,0,3,3,1,0,0,0.0,0,clean,TypeScript,2024-2026,1.0,,0.75,0.0,0.0,0
refinedev/refine,18b026c054662bc7a84f1213da868dd1c19093ad,18b026c054,fix: feature users on blog pages,bugfix,JavaScript,Özgür Akça,2026-02-27 14:13:45+03:00,14,4,0,0,75,2,2,0,6,2.0,0,clean,TypeScript,2024-2026,1.0,,25.0,0.0,0.67,0
refinedev/refine,30902b2a83607f2aebd04e5b8128bd6f2a50ea6c,30902b2a83,fix: duplicate svg circle,bugfix,JavaScript,Özgür Akça,2026-02-27 14:24:57+03:00,14,4,0,0,15,26,1,0,2,1.5,0,clean,TypeScript,2024-2026,1.0,,0.56,0.0,0.75,0
refinedev/refine,2474db846c34608335b19b5b66af4b0c46b6d7f3,2474db846c,ci(changesets): version packages (#7291)  Co-authored-by: github-actions[bot] <41898282+github-actions[bot]@users.noreply.github.com>,other,Unknown,Refine Community Bot,2026-02-27 15:36:05+03:00,15,4,0,0,21,20,8,0,0,0.0,0,clean,TypeScript,2024-2026,1.0,,1.0,0.0,0.0,0
refinedev/refine,83812ae928cdcd01160f3b0c6144cb64a5bf24d1,83812ae928,docs(blog): video blog,docs,Unknown,Özgür Akça,2026-02-27 16:00:19+03:00,16,4,0,0,133,0,1,0,0,0.0,0,clean,TypeScript,2024-2026,1.0,,133.0,0.0,0.0,0
sequelize/sequelize,adf26ab58ea948ac540c576d903efcf7ed2658e5,adf26ab58e,meta: update dependency dottie to v2.0.7 [security] (#18131)  Co-authored-by: renovate[bot] <29139614+renovate[bot]@users.noreply.github.com>,other,Unknown,renovate[bot],2026-02-27 20:34:48+00:00,20,4,0,0,5,37,1,0,0,0.0,0,clean,TypeScript,2024-2026,1.0,,0.13,0.0,0.0,0
swc-project/swc,c7bfebec4fb691e6e49f3c3b7b257be178e7f238,c7bfebec4f,docs: Add typescript-eslint AST compatibility note (#11598)  ## Summary - add a note to crates/swc_es_ast/AGENTS.md - document that swc_es_ast should remain compatible with the typescript-eslint AST  ,feature,Unknown,Donny/강동윤,2026-02-28 15:51:05-08:00,15,5,1,0,1,0,1,0,0,0.0,0,clean,TypeScript,2024-2026,1.0,,1.0,0.0,0.0,0
swc-project/swc,bd443f582c553e9d898a1d5e7395abaad60b26d2,bd443f582c,fix(html/wasm): Publish @swc/html-wasm for nodejs (#11601)  ## Summary - change the wasm publish matrix entry for `binding_html_wasm` to use `target: nodejs` - keep `@swc/wasm-web` on `target: web`; o,bugfix,Unknown,Donny/강동윤,2026-02-28 16:44:29-08:00,16,5,1,0,1,1,1,0,0,0.0,0,clean,TypeScript,2024-2026,1.0,,0.5,0.0,0.0,0
swc-project/swc,e6e91a3d525774fb3453ebda64793d3d253771b5,e6e91a3d52,docs: Move parser design guidance into AGENTS.md (#11600)  ## Summary - move `swc_es_parser` design guidance from `docs/swc-es-parser-design.md` into `crates/swc_es_parser/AGENTS.md` - remove the lega,test,Unknown,Donny/강동윤,2026-02-28 21:10:34-08:00,21,5,1,0,7,5,1,0,0,0.0,0,clean,TypeScript,2024-2026,1.0,,1.17,0.0,0.0,0
swc-project/swc,830dbeb44f3bf6faf807808d596d970442b6e6e3,830dbeb44f,"fix(es/module): Preserve explicit index.js import path when baseUrl is set (#11597)  **Related issue:**  - Closes #11586  When `baseUrl` is configured in `.swcrc`, `import './plugins/index.js'` was be",bugfix,TypeScript,Dex Devlon,2026-02-28 21:56:28-08:00,21,5,1,0,39,4,8,0,6,5.83,0,clean,TypeScript,2024-2026,1.0,,7.8,0.0,0.65,0
swc-project/swc,2821ed060a6f59a168ab8c60cde08ddc3e5cf0d5,2821ed060a,chore: Publish `1.15.18-nightly-20260301.1` with `swc_core` `v58.0.1`,other,Unknown,SWC Bot,2026-03-01 00:48:31+00:00,0,6,1,1,56,56,51,0,0,0.0,0,clean,TypeScript,2024-2026,1.0,,0.98,0.0,0.0,0
swc-project/swc,ad293a9e4f187a4195af45f6672c7785e3ef1557,ad293a9e4f,chore: Update changelog,other,Unknown,SWC Bot,2026-03-01 00:48:33+00:00,0,6,1,1,64,40,2,0,0,0.0,0,clean,TypeScript,2024-2026,1.0,,1.56,0.0,0.0,0
swc-project/swc,7cb1be24a7857a94abd7f3cfe9709d22ac314379,7cb1be24a7,chore: Publish `1.15.18` with `swc_core` `v58.0.1`,other,Unknown,SWC Bot,2026-03-01 02:37:46+00:00,2,6,1,1,56,56,51,0,0,0.0,0,clean,TypeScript,2024-2026,1.0,,0.98,0.0,0.0,0
swc-project/swc,5eb78624c4cc7ae5cf805456c224ea4744bf90b7,5eb78624c4,chore: Update changelog,other,Unknown,SWC Bot,2026-03-01 02:37:48+00:00,2,6,1,1,1,12,2,0,0,0.0,0,clean,TypeScript,2024-2026,1.0,,0.08,0.0,0.0,0
swc-project/swc,357255d56d4cc61b55be27a4b052f2f3019d018d,357255d56d,"feat(bindings): Add linux ppc64le and s390x support across npm bindings (#11602)  ## Summary - add `powerpc64le-unknown-linux-gnu` and `s390x-unknown-linux-gnu` N-API targets to `@swc/core`, `@swc/htm",feature,JavaScript,Donny/강동윤,2026-03-01 07:10:41+00:00,7,6,1,0,489,0,24,0,2,62.0,0,clean,TypeScript,2024-2026,1.0,,489.0,0.0,2.48,0
swc-project/swc,7118713176d7d2c244c1c7c637dbfa7ffa37f167,7118713176,ci: Bump cargo-mono to 0.5.0 (#11605)  ## Summary - update .github/workflows/publish-crates.yml to install cargo-mono@0.5.0 instead of 0.4.1  ## Testing - not run (CI workflow version bump only),test,Unknown,Donny/강동윤,2026-03-01 18:43:25-08:00,18,6,1,0,1,1,1,0,0,0.0,0,clean,TypeScript,2024-2026,1.0,,0.5,0.0,0.0,0
swc-project/swc,e103facd4451349478efbaf8caaf89294d4780f9,e103facd44,fix(malloc): Fallback to system allocator on linux gnu s390x/powerpc (#11606)  ## Summary - narrow mimalloc usage in swc_malloc to non-linux/non-wasm targets and linux-gnu x86_64/aarch64 only - keep j,bugfix,Rust,Donny/강동윤,2026-03-01 21:40:30-08:00,21,6,1,0,19,22,3,0,0,0.0,0,clean,TypeScript,2024-2026,1.0,,0.83,0.0,0.0,0
swc-project/swc,f79f31e4ac5893ed870fd2c6d6868de387b82358,f79f31e4ac,chore: Publish `1.15.19-nightly-20260302.1` with `swc_core` `v58.0.3`,other,Unknown,SWC Bot,2026-03-02 05:15:08+00:00,5,0,0,1,64,64,59,0,0,0.0,0,clean,TypeScript,2024-2026,1.0,,0.98,0.0,0.0,0
swc-project/swc,2f4655d2614e7f03a7b5aa30bf7679d01bbd82bd,2f4655d261,chore: Update changelog,other,Unknown,SWC Bot,2026-03-02 05:15:10+00:00,5,0,0,1,12,32,2,0,0,0.0,0,clean,TypeScript,2024-2026,1.0,,0.36,0.0,0.0,0
refinedev/refine,edf4c98b516aa40ff37240dd751345e96d0cff14,edf4c98b51,docs(blog): image from blog,docs,Unknown,Özgür Akça,2026-03-02 11:13:27+03:00,11,0,0,0,1,1,1,0,0,0.0,0,clean,TypeScript,2024-2026,1.0,,0.5,0.0,0.0,0
refinedev/refine,9a414bde04905ec8da543aa7d5ca70b939627348,9a414bde04,docs(blog): purpose built blog image fix,bugfix,Unknown,Özgür Akça,2026-03-02 11:15:53+03:00,11,0,0,0,1,1,1,0,0,0.0,0,clean,TypeScript,2024-2026,1.0,,0.5,0.0,0.0,0
swc-project/swc,de0c918ef680320b1fdfff6e74370d8c5c4352f6,de0c918ef6,chore: Publish `1.15.20-nightly-20260302.1` with `swc_core` `v58.0.4`,other,Unknown,SWC Bot,2026-03-02 11:37:24+00:00,11,0,0,0,64,64,59,0,0,0.0,0,clean,TypeScript,2024-2026,1.0,,0.98,0.0,0.0,0
swc-project/swc,c85e7d5866a6cd8c56c6e9c17e0b7f418f11978f,c85e7d5866,chore: Update changelog,other,Unknown,SWC Bot,2026-03-02 11:37:26+00:00,11,0,0,0,1,22,2,0,0,0.0,0,clean,TypeScript,2024-2026,1.0,,0.04,0.0,0.0,0
swc-project/swc,62d1f01596c5a33953e27bbec8970b7dd0b0c9c7,62d1f01596,chore: Publish crates with `swc_core` `v58.0.2`,other,Unknown,DongYun Kang,2026-03-02 11:44:07+09:00,11,0,0,0,47,46,10,0,0,0.0,0,clean,TypeScript,2024-2026,1.0,,1.0,0.0,0.0,0
swc-project/swc,02eb5ec20ea24a90c577991d6bb756b346c9c6a3,02eb5ec20e,ci: Remove --no-verify flag from cargo mono publish,other,Unknown,DongYun Kang,2026-03-02 11:48:04+09:00,11,0,0,0,1,2,1,0,0,0.0,0,clean,TypeScript,2024-2026,1.0,,0.33,0.0,0.0,0
swc-project/swc,5093a84cf941d4c16e02abbb094feb825590ec17,5093a84cf9,chore: Publish crates with `swc_core` `v58.0.3`,other,Unknown,DongYun Kang,2026-03-02 11:50:30+09:00,11,0,0,0,3,3,3,0,0,0.0,0,clean,TypeScript,2024-2026,1.0,,0.75,0.0,0.0,0
swc-project/swc,9ea9c28f9ebf5fe66d31fb0afa5b6e0b1cd7169b,9ea9c28f9e,chore: Publish crates with `--allow-dirty`,other,Unknown,DongYun Kang,2026-03-02 11:55:08+09:00,11,0,0,0,1,1,1,0,0,0.0,0,clean,TypeScript,2024-2026,1.0,,0.5,0.0,0.0,0
swc-project/swc,4d9d70dd12d9c84ce0821bc477a755df4d4e121f,4d9d70dd12,chore: Publish crates with `swc_core` `v58.0.4`,other,Unknown,DongYun Kang,2026-03-02 14:41:48+09:00,14,0,0,0,33,40,23,0,0,0.0,0,clean,TypeScript,2024-2026,1.0,,0.8,0.0,0.0,0
refinedev/refine,80601c717ecfe1e217a7019d1e7c68901e1a2f5d,80601c717e,feat(docs): filter templates page generation based on availables (#7318),feature,JavaScript,Alican Erdurmaz,2026-03-02 15:42:39+03:00,15,0,0,0,99,13,4,0,17,2.41,0,clean,TypeScript,2024-2026,1.0,,7.07,0.0,0.48,0
refinedev/refine,805c7cea2cc87c2b7aba7520329565322af38fe7,805c7cea2c,fix: remove author link from blog landing,bugfix,JavaScript,Özgür Akça,2026-03-02 16:22:58+03:00,16,0,0,0,0,24,1,0,1,2.0,0,clean,TypeScript,2024-2026,1.0,,0.0,0.0,1.0,0
refinedev/refine,a2ae539f2666166d5d249c20b39f7f9c3a0fc4de,a2ae539f26,docs(blog): add open source blog,feature,Unknown,Özgür Akça,2026-03-02 17:06:01+03:00,17,0,0,0,194,0,1,0,0,0.0,0,clean,TypeScript,2024-2026,1.0,,194.0,0.0,0.0,0
swc-project/swc,18e0edce9ebdd50508c9e60f50d1adf5a286e865,18e0edce9e,feat: Complete core parity parser coverage (#11603)  ## Summary - expand `swc_es_ast`/`swc_es_parser` to cover core ECMAScript + TypeScript parsing paths needed by reused fixture corpora - add parity-,bugfix,Rust,Donny/강동윤,2026-03-02 17:46:23-08:00,17,0,0,0,2912,491,14,0,92,8.2,0,clean,TypeScript,2024-2026,1.0,,5.92,0.0,0.55,0
swc-project/swc,473853951651a013c896122b88d5fb7db43c2412,4738539516,refactor(es/minifier): Use arguments data from scope (#11604),refactor,Rust,Austaras,2026-03-02 23:18:13-08:00,23,0,0,1,538,521,15,0,58,200.03,0,clean,TypeScript,2024-2026,1.0,,1.03,0.0,12.5,0
swc-project/swc,cb755a3260aac2a1aaeab8ccf0458b783607511b,cb755a3260,"feat(es/helpers): prevent recursive instanceof helper transforms (#11609)  ## Summary - add helper recursion detection to the ES2015 `instanceof` transform, matching `typeof` behavior - skip transform",feature,JavaScript,Donny/강동윤,2026-03-03 04:29:57-08:00,4,1,0,1,129,2,8,0,11,2.82,0,clean,TypeScript,2024-2026,1.0,,43.0,0.0,0.31,0
sequelize/sequelize,e5806589996d5a22db78351da0246900eb716454,e580658999,meta: update dependency @oclif/core to ^4.8.3 (#18134)  Co-authored-by: renovate[bot] <29139614+renovate[bot]@users.noreply.github.com>,other,Unknown,renovate[bot],2026-03-03 04:56:28+00:00,4,1,0,1,32,7,2,0,0,0.0,0,clean,TypeScript,2024-2026,1.0,,4.0,0.0,0.0,0
sequelize/sequelize,9535903e07e67bc88c26dbae5c0c2aaf609e92cc,9535903e07,fix(utils): Remove dottie in favor of undot. update undot with security enhancements. (#18137)  Co-authored-by: Rik Smale <13023439+WikiRik@users.noreply.github.com>,bugfix,TypeScript,Andrew Sidhu,2026-03-03 07:10:02+00:00,7,1,0,0,248,13,5,1,7,5.43,0,clean,TypeScript,2024-2026,1.0,,17.71,0.17,0.9,0
sequelize/sequelize,41580473e371129f3865aeda556ee4c54d2eb68e,41580473e3,meta: update dependency @types/lodash to v4.17.24,other,Unknown,renovate[bot],2026-03-03 07:10:46+00:00,7,1,0,0,10,10,4,0,0,0.0,0,clean,TypeScript,2024-2026,1.0,,0.91,0.0,0.0,0
swc-project/swc,585f7d07a44b2508b05d6b07e9fcd83cb5cb7185,585f7d07a4,feat(swc_es_parser): enforce full parity suite and extend grammar surface (#11611)  ## Summary - enforce full `swc_es_parser` parity execution by removing temporary skips and sampling in `parity_suite,feature,Rust,Donny/강동윤,2026-03-03 08:10:31-08:00,8,1,0,0,98,68,5,0,9,4.0,0,clean,TypeScript,2024-2026,1.0,,1.42,0.0,0.67,0
refinedev/refine,d3834ca5f7a0b1fa5c74d37228ff7bd30a2dede3,d3834ca5f7,feat(tutorial): add organized tutorial contents section with links (#7323),feature,JavaScript,Alican Erdurmaz,2026-03-03 08:54:06+00:00,8,1,0,0,65,6,2,0,2,3.0,0,clean,TypeScript,2024-2026,1.0,,9.29,0.0,1.0,0
swc-project/swc,59b11898fe247382bed44fddfb29c9592050b8bc,59b11898fe,"feat(swc_es_parser): complete lossless modeling for with/TS module/decorators (#11613)  ## Summary - align swc_es_parser parse wrappers with fatal/recoverable contract (fatal -> Err, recoverable -> re",feature,Rust,Donny/강동윤,2026-03-03 09:41:37-08:00,9,1,0,0,1057,206,14,0,68,7.72,0,clean,TypeScript,2024-2026,1.0,,5.11,0.0,0.51,0
sequelize/sequelize,24dc85c2242ef98a368dff04c4e47264e641d058,24dc85c224,meta: update dependency @types/node to v22.19.13,other,Unknown,renovate[bot],2026-03-03 10:10:08+00:00,10,1,0,0,6,6,2,0,0,0.0,0,clean,TypeScript,2024-2026,1.0,,0.86,0.0,0.0,0
refinedev/refine,1a92c19408a5486359806c7db87c8b3a5d74a4fa,1a92c19408,docs(blog): fix the image,bugfix,Unknown,Özgür Akça,2026-03-03 11:25:55+03:00,11,1,0,0,15,15,1,0,0,0.0,0,clean,TypeScript,2024-2026,1.0,,0.94,0.0,0.0,0
refinedev/refine,c67737bb7227923f51c83d21c02c94f89ba18226,c67737bb72,docs: change category,docs,Unknown,Özgür Akça,2026-03-03 11:45:32+03:00,11,1,0,0,1,1,1,0,0,0.0,0,clean,TypeScript,2024-2026,1.0,,0.5,0.0,0.0,0
refinedev/refine,467b1d55474f44c9b40755eeeaf03d1893b2fa70,467b1d5547,docs: add the open source blog tag,feature,JavaScript,Özgür Akça,2026-03-03 11:59:36+03:00,11,1,0,0,1,0,1,0,0,0.0,0,clean,TypeScript,2024-2026,1.0,,1.0,0.0,0.0,0
sequelize/sequelize,794f8e57b8c4678d8e2c0431290123cb288b7894,794f8e57b8,meta: update dependency cosmiconfig to ^9.0.1,other,Unknown,renovate[bot],2026-03-03 13:32:24+00:00,13,1,0,0,20,3,2,0,0,0.0,0,clean,TypeScript,2024-2026,1.0,,5.0,0.0,0.0,0
swc-project/swc,3085f52a0f2aafc194d01a4394ddce72c455c6a5,3085f52a0f,feat(swc_es_parser): close parity gaps with full core/large fixture pass-fail parity (#11614),bugfix,Rust,Donny/강동윤,2026-03-03 13:57:02-08:00,13,1,0,0,1783,211,14,0,50,12.48,0,clean,TypeScript,2024-2026,1.0,,8.41,0.0,0.83,0
swc-project/swc,ee3fdd553564a1af8490ff1f2b1d1b74c8574ba9,ee3fdd5535,feat(es_parser): Complete parity suite with zero ignores (#11615)  **Description:** - remove all parity ignore/skip filters from swc_es_parser parity suite and keep budget at zero - harden lexer/parse,feature,Rust,Donny/강동윤,2026-03-03 15:28:00-08:00,15,1,0,0,801,290,6,0,29,9.14,0,clean,TypeScript,2024-2026,1.0,,2.75,0.0,1.31,0
refinedev/refine,2b6d7b0606564bd370e47138cb66a9f1fe60cb1f,2b6d7b0606,style: update LandingTryItWizardSection border radius for improved design,other,Unknown,Alican Erdurmaz,2026-03-03 15:49:44+03:00,15,1,0,0,1,2,1,0,1,11.0,0,clean,TypeScript,2024-2026,1.0,,0.33,0.0,5.5,0
swc-project/swc,607f2dbba4cdc681447657f07bda10c0533d0d7f,607f2dbba4,perf(es_parser): byte-search lexer optimization pass (#11616)  ## Summary  This PR applies byte-search based lexer optimizations to `swc_es_parser` while keeping parser API and behavior contracts unch,bugfix,Rust,Donny/강동윤,2026-03-03 17:10:49-08:00,17,1,0,0,1163,443,14,0,23,3.78,0,clean,TypeScript,2024-2026,1.0,,2.62,0.0,0.25,0
sequelize/sequelize,43e589585a078be162789c1190ccec5908bbcf38,43e589585a,meta: update dependency oclif to v4.22.81,other,Unknown,renovate[bot],2026-03-03 17:15:06+00:00,17,1,0,0,752,798,2,0,0,0.0,0,clean,TypeScript,2024-2026,1.0,,0.94,0.0,0.0,0
sequelize/sequelize,09cc785208a1663efa319249efe798864f2b9a06,09cc785208,meta: update dependency @rushstack/eslint-patch to v1.16.1,bugfix,Unknown,renovate[bot],2026-03-03 21:13:45+00:00,21,1,0,0,6,6,2,0,0,0.0,0,clean,TypeScript,2024-2026,1.0,,0.86,0.0,0.0,0
swc-project/swc,9231f7072b23cc7599ae1338044c1a46067a879b,9231f7072b,chore: Add a changeset,feature,Unknown,DongYun Kang,2026-03-03 21:38:55+09:00,21,1,0,0,6,0,1,0,0,0.0,0,clean,TypeScript,2024-2026,1.0,,6.0,0.0,0.0,0
sequelize/sequelize,de75a3474f7d23d68e88be3c7fb258db8c650f1c,de75a3474f,meta: update dependency lint-staged to v16.3.2,other,Unknown,renovate[bot],2026-03-04 02:39:26+00:00,2,2,0,1,24,34,2,0,0,0.0,0,clean,TypeScript,2024-2026,1.0,,0.69,0.0,0.0,0
sequelize/sequelize,e231c4061427a491ce2b7bb25d77087e72503523,e231c40614,meta: update actions/setup-node action to v6.3.0,other,Unknown,renovate[bot],2026-03-04 05:49:56+00:00,5,2,0,1,11,11,1,0,0,0.0,0,clean,TypeScript,2024-2026,1.0,,0.92,0.0,0.0,0
refinedev/refine,28576d61e2967123a54b2386e40ec677b5900878,28576d61e2,docs(blog): update old blog post,docs,Unknown,Özgür Akça,2026-03-04 10:35:23+03:00,10,2,0,0,4,1,2,0,0,0.0,0,clean,TypeScript,2024-2026,1.0,,2.0,0.0,0.0,0
refinedev/refine,b4fd99b91452922ad24798d11cdba9684a2b19e2,b4fd99b914,docs(blog): delete old blog with same slug (#7327),docs,Unknown,Özgür Akça,2026-03-04 14:34:31+00:00,14,2,0,0,0,102,1,0,0,0.0,0,clean,TypeScript,2024-2026,1.0,,0.0,0.0,0.0,0
refinedev/refine,bf3cc65f73a6801a5fd1e42e6162efd2e89406d3,bf3cc65f73,"fix(core,nextjs-router,remix-router): parse deeply nested conditional filters with syncWithLocation (#7245)  Co-authored-by: Alican Erdurmaz <alicanerdurmaz@gmail.com>",bugfix,TypeScript,Harsha Tummalapalli,2026-03-04 15:10:24+03:00,15,2,0,0,119,10,10,1,13,3.23,0,clean,TypeScript,2024-2026,1.0,,10.82,0.09,0.29,0
swc-project/swc,23c56fe60f60689994e3cc2b08301886cd0cea65,23c56fe60f,test(es_parser): Add core snapshot suite (#11617)  ## Summary - add a reusable ecma-fixture harness for swc_es_parser tests - add core snapshot tests that reuse swc_ecma_parser/tests fixtures   - succ,bugfix,Rust,Donny/강동윤,2026-03-04 15:59:31-08:00,15,2,0,0,65266,0,968,0,76,2.36,0,clean,TypeScript,2024-2026,1.0,,65266.0,0.0,0.0,0
refinedev/refine,91f0eac72e58fd220add066c12329d39bb38a326,91f0eac72e,fix(mui): prevent nested interactive elements in navigation buttons (#7266)  Co-authored-by: Kai Gritun <kai@kaigritun.com> Co-authored-by: Alican Erdurmaz <alicanerdurmaz@gmail.com>,bugfix,TypeScript,Kai Gritun,2026-03-04 16:22:14+03:00,16,2,0,0,359,364,17,6,28,2.71,0,clean,TypeScript,2024-2026,1.0,,0.98,0.33,0.15,0
sequelize/sequelize,c75e675e81cd3df6adb95d2303a84ec3d8b800ba,c75e675e81,meta: update dependency markdownlint-cli to v0.48.0,other,Unknown,renovate[bot],2026-03-04 18:00:22+00:00,18,2,0,0,20,45,2,0,0,0.0,0,clean,TypeScript,2024-2026,1.0,,0.43,0.0,0.0,0
sequelize/sequelize,c4e7e085d921e1d1c30ca9abfba303c73e15a86a,c4e7e085d9,meta: update dependency oclif to v4.22.82,other,Unknown,renovate[bot],2026-03-04 21:50:54+00:00,21,2,0,0,37,11,2,0,0,0.0,0,clean,TypeScript,2024-2026,1.0,,3.08,0.0,0.0,0
sequelize/sequelize,c1b16f0b4653ae76d1b87bf3f3d36cb1b250c199,c1b16f0b46,meta: update dependency mysql2 to ^3.18.2,other,Unknown,renovate[bot],2026-03-05 01:52:40+00:00,1,3,0,1,8,6,2,0,0,0.0,0,clean,TypeScript,2024-2026,1.0,,1.14,0.0,0.0,0
refinedev/refine,4cda3b88a1adad6e358fea51ac50e7490a1d454a,4cda3b88a1,fix(live-previews): add missing @refinedev/rest dependency (#7334),bugfix,Unknown,Eren Kurnaz,2026-03-05 10:36:20+00:00,10,3,0,0,20,5,5,0,1,2.0,0,clean,TypeScript,2024-2026,1.0,,3.33,0.0,0.33,0
refinedev/refine,1f66de614b5dad7cfc6b945c38862222ca94a7f1,1f66de614b,docs: fix 404 pages via redirect,bugfix,Unknown,Özgür Akça,2026-03-05 11:16:19+03:00,11,3,0,0,63,0,1,0,0,0.0,0,clean,TypeScript,2024-2026,1.0,,63.0,0.0,0.0,0
refinedev/refine,c5fe981c418dbf703c7e272fde4aea761adbe005,c5fe981c41,docs: remove refine.dev links,docs,Unknown,Özgür Akça,2026-03-05 11:33:34+03:00,11,3,0,0,0,4,1,0,0,0.0,0,clean,TypeScript,2024-2026,1.0,,0.0,0.0,0.0,0
refinedev/refine,230a0a4cca606faf764b974afc5ae5cfd5d4da34,230a0a4cca,docs(blog): new open source blog,feature,Unknown,Özgür Akça,2026-03-05 12:05:04+03:00,12,3,0,0,134,0,1,0,0,0.0,0,clean,TypeScript,2024-2026,1.0,,134.0,0.0,0.0,0
refinedev/refine,18a4bc1919d0d089e0a6fe0bda1a83b2065145ce,18a4bc1919,docs: remove faulty redirect,docs,Unknown,Özgür Akça,2026-03-05 12:37:06+03:00,12,3,0,0,0,2,1,0,0,0.0,0,clean,TypeScript,2024-2026,1.0,,0.0,0.0,0.0,0
refinedev/refine,c18329a7316d0072dab5238a62c1d4cc0d6c2470,c18329a731,docs: tag fix,bugfix,Unknown,Özgür Akça,2026-03-05 12:50:02+03:00,12,3,0,0,1,1,1,0,0,0.0,0,clean,TypeScript,2024-2026,1.0,,0.5,0.0,0.0,0
refinedev/refine,d9745dbfb35857b9300a47acce6fa79d8cba7b1d,d9745dbfb3,fix(documentation): remove .refine prefix from preview urls (#7337),bugfix,TypeScript,Eren Kurnaz,2026-03-05 13:17:51+00:00,13,3,0,0,4,4,4,0,0,0.0,0,clean,TypeScript,2024-2026,1.0,,0.8,0.0,0.0,0
refinedev/refine,b734b75f30e4d470c789d781d9f59883c3ac2057,b734b75f30,fix: update @refinedev/rest import paths to use simple-rest (#7335),bugfix,Unknown,Eren Kurnaz,2026-03-05 14:02:04+03:00,14,3,0,0,4,4,3,0,0,0.0,0,clean,TypeScript,2024-2026,1.0,,0.8,0.0,0.0,0
refinedev/refine,ed7ea7205ef29bc02319f16776005e6675379f49,ed7ea7205e,fix: refactor @refinedev/rest imports to use a unified RefineRest export,bugfix,TypeScript,Alican Erdurmaz,2026-03-05 14:38:37+03:00,14,3,0,0,43,3,4,1,1,1.0,0,clean,TypeScript,2024-2026,1.0,,10.75,0.2,0.2,0
refinedev/refine,82f676303575433f1676e78f42d83bbac1a2bf41,82f6763035,ci(changesets): version packages (#7326)  Co-authored-by: github-actions[bot] <41898282+github-actions[bot]@users.noreply.github.com>,other,Unknown,Refine Community Bot,2026-03-05 15:07:36+03:00,15,3,0,0,787,761,182,0,0,0.0,0,clean,TypeScript,2024-2026,1.0,,1.03,0.0,0.0,0
refinedev/refine,2a37b37d43e902114daa76b52e92cdc6adc60f71,2a37b37d43,feat(live-previews): add preview page for dynamic code rendering,feature,Unknown,Alican Erdurmaz,2026-03-05 15:45:05+03:00,15,3,0,0,1,0,1,0,0,0.0,0,clean,TypeScript,2024-2026,1.0,,1.0,0.0,0.0,0
sequelize/sequelize,897d16bfbeb6d8ad415cdc8cc378e4dfec22be14,897d16bfbe,meta: update dependency oclif to v4.22.85,other,Unknown,renovate[bot],2026-03-05 15:59:50+00:00,15,3,0,0,382,400,2,0,0,0.0,0,clean,TypeScript,2024-2026,1.0,,0.95,0.0,0.0,0
refinedev/refine,813aa8891cc5e0a0ac86267e6a57f27f41371267,813aa8891c,chore: migrate blog image CDN paths from blog/ to blog-yearly/{year}/,other,Unknown,Özgür Akça,2026-03-05 16:22:57+03:00,16,3,0,0,1490,1489,278,1,0,0.0,0,clean,TypeScript,2024-2026,1.0,,1.0,0.0,0.0,0
refinedev/refine,65d0db650f6fec0047098c6e000563d7baeb846a,65d0db650f,docs: supabase admin panel rename,refactor,Unknown,Özgür Akça,2026-03-05 18:05:38+03:00,18,3,0,0,8,8,1,0,0,0.0,0,clean,TypeScript,2024-2026,1.0,,0.89,0.0,0.0,0
sequelize/sequelize,9a972bb095682e70a2fcac2b976b0733fec98c50,9a972bb095,meta: update icr.io/db2_community/db2 docker tag to v12.1.4.0,docs,Unknown,renovate[bot],2026-03-05 19:08:10+00:00,19,3,0,0,1,1,1,0,0,0.0,0,clean,TypeScript,2024-2026,1.0,,0.5,0.0,0.0,0
swc-project/swc,1c518913a5abd64e60fe7fa5c5ece856a2861147,1c518913a5,feat(es_parser): complete internal parser wiring without ecma runtime dep (#11622)  ## Summary - complete internal `swc_es_parser` option wiring without introducing runtime dependency on `swc_ecma_par,bugfix,Rust,Donny/강동윤,2026-03-06 01:11:45-08:00,1,4,0,1,427,350,17,1,23,10.7,0,clean,TypeScript,2024-2026,1.0,,1.22,0.06,0.59,0
swc-project/swc,c282d8616b4626ba880096e356ad1200108def9e,c282d8616b,feat(es): Add `swc_es_codegen` for `swc_es_ast` (#11628)  ## Summary - add a new `swc_es_codegen` crate for `swc_es_ast` - implement a standalone emitter without runtime dependency on any `swc_ecma_*`,bugfix,JavaScript,Donny/강동윤,2026-03-07 03:26:40-08:00,3,5,1,1,2417,0,20,0,98,5.36,0,clean,TypeScript,2024-2026,1.0,,2417.0,0.0,0.26,0
swc-project/swc,fdcd184a2ad3295015faf51fde62dbe4b700515e,fdcd184a2a,fix(es/fixer): Wrap new opt chain (#11618)  **Related issue:**   Closes #11612,bugfix,JavaScript,Austaras,2026-03-07 09:27:52+09:00,9,5,1,0,22,1,5,0,1,2.0,0,clean,TypeScript,2024-2026,1.0,,11.0,0.0,0.33,0
swc-project/swc,1cdfec9f298d0979f40d2be5a227ea4dc973138b,1cdfec9f29,docs(agents): Improve guidance (#11626),docs,Unknown,Donny/강동윤,2026-03-07 10:57:48+09:00,10,5,1,0,19,0,1,0,0,0.0,0,clean,TypeScript,2024-2026,1.0,,19.0,0.0,0.0,0
swc-project/swc,86815b1e9cecd2c0b67c17c5d4ba2b99f904b355,86815b1e9c,"feat(es/semantics): Add scope analysis and statement-level cfg (#11623)  ## Summary - add new crate `swc_es_semantics` with single entrypoint `analyze_program(&AstStore, ProgramId) -> Semantics` - imp",bugfix,JavaScript,Donny/강동윤,2026-03-07 11:18:54+09:00,11,5,1,0,7169,0,66,0,133,2.9,0,clean,TypeScript,2024-2026,1.0,,7169.0,0.0,0.04,0
sequelize/sequelize,841fe59f8937819ebf082e7de60cdd325e15985e,841fe59f89,meta: update dependency @types/node to v22.19.15,other,Unknown,renovate[bot],2026-03-07 18:03:03+00:00,18,5,1,0,6,6,2,0,0,0.0,0,clean,TypeScript,2024-2026,1.0,,0.86,0.0,0.0,0
sequelize/sequelize,dcee18da1f5620cb8aac89aecf2e4f20646e26d1,dcee18da1f,meta: update dependency node to v20.20.1,other,Unknown,renovate[bot],2026-03-07 21:36:46+00:00,21,5,1,0,4,4,1,0,0,0.0,0,clean,TypeScript,2024-2026,1.0,,0.8,0.0,0.0,0
sequelize/sequelize,c2343257332de3d81553214910cf78e549d9cefc,c234325733,meta: update sequelize AUTHORS (#18136)  Co-authored-by: SequelizeJS <mail@sequelizejs.com> Co-authored-by: Rik Smale <13023439+WikiRik@users.noreply.github.com>,other,Unknown,github-actions[bot],2026-03-08 01:40:06+00:00,1,6,1,1,2,0,1,0,0,0.0,0,clean,TypeScript,2024-2026,1.0,,2.0,0.0,0.0,0
swc-project/swc,f70a4b7c15324a0d7d771e11ff1ab738f964e43b,f70a4b7c15,feat(es): add 2-pass transformer and minifier crates (#11632)  ## Summary - add new crate `swc_es_transforms` for `swc_es_ast` with a strict 2-pass pipeline (`analysis_once` + `rewrite_once`) - add ne,bugfix,Rust,Donny/강동윤,2026-03-08 06:58:13-07:00,6,6,1,0,4512,0,40,0,144,4.33,0,clean,TypeScript,2024-2026,1.0,,4512.0,0.0,0.11,0
sequelize/sequelize,cae4c9c0d87274a6e6863b6a6a0e1c8eaee989ed,cae4c9c0d8,fix(core): Model#equals always returns true for instances of different models (#18143)  Co-authored-by: Claude Sonnet 4.6 <noreply@anthropic.com> Co-authored-by: Rik Smale <13023439+WikiRik@users.nore,bugfix,TypeScript,Maksim Filippov,2026-03-08 18:05:29+00:00,18,6,1,0,67,14,4,2,2,1.0,0,clean,TypeScript,2024-2026,1.0,,4.47,0.4,0.2,0
swc-project/swc,12af4a1fcffff0bcefaa5ca766914d1aae2c7847,12af4a1fcf,docs(agents): Add AGENTS two-pass rules for es crates (#11634)  ## Summary - add AGENTS.md to crates/swc_es_transforms - add AGENTS.md to crates/swc_es_minifier - document strict 2-pass rule (analysis,feature,Unknown,Donny/강동윤,2026-03-08 19:17:42-07:00,19,6,1,0,16,0,2,0,0,0.0,0,clean,TypeScript,2024-2026,1.0,,16.0,0.0,0.0,0
swc-project/swc,09a5d8d39f65684f4dc88558b92804dcb19a1c0b,09a5d8d39f,"feat(es): add TypeScript + React transforms and tsc corpus tests (#11635)  ## Summary - add TypeScript and React transform options to swc_es_transforms - implement TypeScript lowering in rewrite pass,",feature,Rust,Donny/강동윤,2026-03-08 22:21:26-07:00,22,6,1,1,7473,4614,584,6,96,7.99,0,clean,TypeScript,2024-2026,1.0,,1.62,0.01,0.01,0
refinedev/refine,e40c604b9b2a98a287b8b6e1b7639a43f1602772,e40c604b9b,"fix: remove week-of-refine pages and fix redirects  - Delete week-of-refine, week-of-refine-strapi, week-of-refine-supabase   page source files so static HTML no longer overrides _redirects rules - Ad",bugfix,TypeScript,Özgür Akça,2026-03-09 12:14:26+03:00,12,0,0,0,3,178,5,0,5,1.0,0,clean,TypeScript,2024-2026,1.0,,0.02,0.0,0.17,0
refinedev/refine,6252611dfe132a966450e86907f437ef043c6c7c,6252611dfe,"fix: remove week-of-refine pages and fix redirects  - Delete week-of-refine, week-of-refine-strapi, week-of-refine-supabase   page source files so static HTML no longer overrides _redirects rules - Ad",bugfix,TypeScript,Özgür Akça,2026-03-09 12:19:00+03:00,12,0,0,0,3,178,5,0,5,1.0,0,clean,TypeScript,2024-2026,1.0,,0.02,0.0,0.17,0
swc-project/swc,0bf8a4656011bdfeb80afb94fb8f2764739d099e,0bf8a46560,test(es/parser): enforce full ecma fixture parity (#11637)  ## Summary - reuse all parse fixtures under `crates/swc_ecma_parser/tests` by path reference in `swc_es_parser` - replace split/budget parit,bugfix,Rust,Donny/강동윤,2026-03-09 16:15:22-07:00,16,0,0,0,248,656,4,1,32,7.16,0,clean,TypeScript,2024-2026,1.0,,0.38,0.2,1.43,0
refinedev/refine,6a258819e994a55175531da1e8a4acb336e6080c,6a258819e9,chore: redirects,other,Unknown,Batuhan Wilhelm,2026-03-09 18:00:25+03:00,18,0,0,0,4,6,1,0,0,0.0,0,clean,TypeScript,2024-2026,1.0,,0.57,0.0,0.0,0
sequelize/sequelize,5661f8c02b9ea91de5b3d7537605b2e1dd310305,5661f8c02b,meta: update dependency @oclif/core to ^4.8.4,other,Unknown,renovate[bot],2026-03-10 06:47:47+00:00,6,1,0,0,29,3,2,0,0,0.0,0,clean,TypeScript,2024-2026,1.0,,7.25,0.0,0.0,0
sequelize/sequelize,2c371480ad0456a97ef50c40e60f04d3adc16ec2,2c371480ad,meta: update dependency ibm_db to ^3.3.5,other,Unknown,renovate[bot],2026-03-10 10:16:32+00:00,10,1,0,0,11,11,2,0,0,0.0,0,clean,TypeScript,2024-2026,1.0,,0.92,0.0,0.0,0
refinedev/refine,343f2af869123acaccfd65ae6075c39ba885e4c3,343f2af869,"feat(blog): add last_update support, centralize JSON-LD, and improve SEO (#7313)",feature,JavaScript,Alican Erdurmaz,2026-03-10 10:47:27+03:00,10,1,0,0,452,79,18,0,22,3.09,0,clean,TypeScript,2024-2026,1.0,,5.65,0.0,0.16,0
refinedev/refine,194d18c93b73f5bae838b849d1aa5985032d4686,194d18c93b,fix(documentation): correct formatting of last_update field in GitHub alternatives blog post,bugfix,Unknown,Alican Erdurmaz,2026-03-10 11:22:24+03:00,11,1,0,0,1,2,1,0,0,0.0,0,clean,TypeScript,2024-2026,1.0,,0.33,0.0,0.0,0
sequelize/sequelize,770b0622b6bbefbe018338c4e855e5ed81722589,770b0622b6,meta: update dependency lint-staged to v16.3.3,other,Unknown,renovate[bot],2026-03-10 14:35:03+00:00,14,1,0,0,6,6,2,0,0,0.0,0,clean,TypeScript,2024-2026,1.0,,0.86,0.0,0.0,0
refinedev/refine,88ffa824e44db2352afb86d435bfe79415491411,88ffa824e4,docs(blog): add  avoid vendor lock in blog,feature,Unknown,Özgür Akça,2026-03-10 17:11:05+03:00,17,1,0,0,118,0,1,0,0,0.0,0,clean,TypeScript,2024-2026,1.0,,118.0,0.0,0.0,0
sequelize/sequelize,83a6579c09eba60492ef2768aa28b351ada6b51b,83a6579c09,meta: update dependency oclif to v4.22.87,other,Unknown,renovate[bot],2026-03-10 17:15:01+00:00,17,1,0,0,525,524,2,0,0,0.0,0,clean,TypeScript,2024-2026,1.0,,1.0,0.0,0.0,0
refinedev/refine,5f5f47f1cae6454bdfc7ce299b1fc74dc35fc53a,5f5f47f1ca,docs: fix tags,bugfix,Unknown,Özgür Akça,2026-03-10 17:48:55+03:00,17,1,0,0,1,1,1,0,0,0.0,0,clean,TypeScript,2024-2026,1.0,,0.5,0.0,0.0,0
swc-project/swc,abd0e45fb9cee9f79fb58d3a520f9ff92ecf4566,abd0e45fb9,fix(es/minifier): Fix compatibility for Wasm plugin (`swc_ast_unknown`) (#11641)  Refs: - https://swc.rs/docs/plugin/ecmascript/compatibility,bugfix,Rust,Vasilii A,2026-03-10 22:06:48-07:00,22,1,0,1,12,0,3,0,2,29.0,0,clean,TypeScript,2024-2026,1.0,,12.0,0.0,7.25,0
swc-project/swc,0f24ee1dfdea41e7e22218fd3bfc466772d557b7,0f24ee1dfd,test(es_parser): Recover swc_es_parser benchmark coverage (#11640)  ## Summary - recover `swc_es_parser` parser benchmark coverage so every current bench fixture parses without fatal errors - fix pars,bugfix,Rust,Donny/강동윤,2026-03-10 23:08:59-07:00,23,1,0,1,50236,9327,977,13,62,10.53,0,clean,TypeScript,2024-2026,1.0,,5.39,0.01,0.01,0
sequelize/sequelize,81a203251315fb82fba31e7019431d52d8b59ca9,81a2032513,meta: update dependency mysql2 to ^3.19.1,other,Unknown,renovate[bot],2026-03-11 00:39:24+00:00,0,2,0,1,6,6,2,0,0,0.0,0,clean,TypeScript,2024-2026,1.0,,0.86,0.0,0.0,0
refinedev/refine,d685bd56f08faf80f60a59fdd7ced61deb549f33,d685bd56f0,feat(blog): conditionally display last updated information in blog post,feature,JavaScript,Alican Erdurmaz,2026-03-11 11:18:35+03:00,11,2,0,0,32,29,1,0,1,6.0,0,clean,TypeScript,2024-2026,1.0,,1.07,0.0,3.0,0
refinedev/refine,14246a92298bed808edfd17c305a82b29ab763f5,14246a9229,feat(blog): add image metadata to PageMetadata component in author and category pages,feature,JavaScript,Alican Erdurmaz,2026-03-11 12:19:37+03:00,12,2,0,0,9,2,2,0,2,6.5,0,clean,TypeScript,2024-2026,1.0,,3.0,0.0,2.17,0
refinedev/refine,d949c10cfc25f5f1f2f98c0c1578b27924231f2d,d949c10cfc,docs(blog): change image for blog,docs,Unknown,Özgür Akça,2026-03-11 14:17:01+03:00,14,2,0,0,1,1,1,0,0,0.0,0,clean,TypeScript,2024-2026,1.0,,0.5,0.0,0.0,0
swc-project/swc,becd9b0352db53611cd7ab3f922ff3b1f89d73fe,becd9b0352,"perf(es_parser): reduce lookahead and allocation overhead (#11673)  ## Summary  This draft applies the planned `swc_es_parser` hot-path optimizations, focused on parser lookahead/backtracking overhead",feature,Rust,Donny/강동윤,2026-03-11 18:21:18-07:00,18,2,0,0,379,243,3,0,32,10.94,0,clean,TypeScript,2024-2026,1.0,,1.55,0.0,2.74,0
swc-project/swc,06aa0db37d19ddec7f3255f92eef84f07c7f2d61,06aa0db37d,perf(ts/fast-strip): avoid token capture in default transform path (#11668)  ## Summary - conditionally disable parser token capturing in `swc_ts_fast_strip::operate` for the default transform hot pat,bugfix,Rust,Donny/강동윤,2026-03-11 18:23:21-07:00,18,2,0,0,58,18,2,0,2,16.5,0,clean,TypeScript,2024-2026,1.0,,3.05,0.0,5.5,0
swc-project/swc,f62bfa90701cdcfe87af082d5104f0c1e2dd7e0d,f62bfa9070,"fix(es/regexp): implement transform-named-capturing-groups-regex (#11642)  Previously, when `transform-named-capturing-groups-regex` was enabled, the RegexpPass detected named capturing groups and con",bugfix,JavaScript,Donny/강동윤,2026-03-11 18:23:47-07:00,18,2,0,0,450,17,15,0,23,3.43,1,szz,TypeScript,2024-2026,1.0,11754.0,25.0,0.0,0.21,0
swc-project/swc,f9214fed47818f2df75865645ef6a3358300d86a,f9214fed47,perf(es/parser): reduce JSX identifier rescan allocations (#11671)  ## Summary - reduce allocations in JSX identifier rescanning by removing `format!`/`to_string()` assembly in `scan_jsx_identifier` -,feature,Rust,Donny/강동윤,2026-03-11 18:25:13-07:00,18,2,0,0,61,22,3,0,1,11.0,0,clean,TypeScript,2024-2026,1.0,,2.65,0.0,2.75,1
swc-project/swc,e74e17dcf2e23ced12e199d05146e88a55b6174f,e74e17dcf2,"perf(es/modules): avoid export sort key clones (#11669)  ## Summary - add a shared helper to sort export object properties via comparator without cloning keys - replace `sort_by_cached_key(|(key, ..)|",bugfix,Rust,Donny/강동윤,2026-03-11 18:25:56-07:00,18,2,0,0,146,9,8,0,28,2.96,0,clean,TypeScript,2024-2026,1.0,,14.6,0.0,0.33,1
swc-project/swc,bdc24b7fdc006c77f4b5303bf4ff903b71fd8bcb,bdc24b7fdc,perf(es/transformer): remove O(n^2) statement mutation hotspots (#11672)  ## Summary  This PR addresses the highest-impact performance hotspots from #11667 in `swc_ecma_transformer` (`#1`-`#4` scope):,feature,Rust,Donny/강동윤,2026-03-11 18:42:00-07:00,18,2,0,0,268,148,3,0,17,4.0,0,clean,TypeScript,2024-2026,1.0,,1.8,0.0,1.0,1
swc-project/swc,60df58288867757038c6eec45ccc54bf1799f10c,60df582888,feat(es/parser): Add `with_capacity` for `Capturing` (#11679)  **Description:**  This makes sense if the caller wants to preallocate the tokens vector,feature,Rust,CPunisher,2026-03-12 15:48:38+09:00,15,3,0,0,7,0,1,0,1,1.0,0,clean,TypeScript,2024-2026,1.0,,7.0,0.0,0.5,0
refinedev/refine,2c706128719e1bdb07250c83d8ed5d3488630b67,2c70612871,docs: update the old blogs with last updated tag,docs,Unknown,Özgür Akça,2026-03-12 17:27:48+03:00,17,3,0,0,177,0,177,1,0,0.0,0,clean,TypeScript,2024-2026,1.0,,177.0,0.01,0.0,0
refinedev/refine,6bf4f92cd14b904e6e3362d8b71f7a955296d4c1,6bf4f92cd1,docs(blog): new blog about internal admin panels vs dashboard,feature,Unknown,Özgür Akça,2026-03-12 17:34:53+03:00,17,3,0,0,116,0,1,0,0,0.0,0,clean,TypeScript,2024-2026,1.0,,116.0,0.0,0.0,0
swc-project/swc,874338b77f93b22cebc58d4ec4b43fe02bebb7e2,874338b77f,perf(es/parser): optimize underscore stripping in numeric literal hot path (#11670)  ## Summary - optimize numeric-separator stripping in `swc_ecma_parser` lexer hot path by replacing `chars()` filter,bugfix,JavaScript,Donny/강동윤,2026-03-13 09:07:47+09:00,9,4,0,0,12226,1,5,0,2,1.0,0,clean,TypeScript,2024-2026,1.0,,6113.0,0.0,0.17,1
swc-project/swc,4eab592b56525906a6b4cc626a80ee5b4e3735b6,4eab592b56,"chore: fix CI for branch (#11682)  This PR starts with an empty commit to trigger CI, then follows up with CI fixes as needed.",bugfix,Unknown,Donny/강동윤,2026-03-14 00:19:10+00:00,0,5,1,1,64,0,3,0,0,0.0,0,clean,TypeScript,2024-2026,1.0,,64.0,0.0,0.0,1
swc-project/swc,62eeee15324a6aa25a2e17d497f1d41900cbac99,62eeee1532,"fix(es/types): add new options types (#11683)  **Description:**  #11493 lands `unsafe_hoist_static_method_alias` and `unsafe_hoist_global_objects_alias` options, but `@swc/types` is not updated.  The ",bugfix,TypeScript,Sukka,2026-03-15 16:51:07-07:00,16,6,1,0,4,0,1,0,0,0.0,0,clean,TypeScript,2024-2026,1.0,,4.0,0.0,0.0,0
swc-project/swc,4a1d3ce3175428a4113eda8f4bc7b07ccb18b60f,4a1d3ce317,"feat(es/react-compiler): scaffold SWC port of Babel entrypoint (#11687)  ## Summary - add swc_ecma_react_compiler public API surface for options, errors, and entrypoint - port Program-level compile en",bugfix,Rust,Donny/강동윤,2026-03-16 00:58:31-07:00,0,0,0,1,3211,0,28,0,137,2.9,0,clean,TypeScript,2024-2026,1.0,,3211.0,0.0,0.1,1
swc-project/swc,015bbe8759da1a57a33dd8c7791bc835e4150034,015bbe8759,"feat(es/parser): add flow syntax mode and strip integration (#11685)  ## Summary - add `Syntax::Flow(FlowSyntax)` and expose Flow parser options (`jsx`, `all`, `require_directive`, `enums`) - extend p",bugfix,Rust,Donny/강동윤,2026-03-16 01:10:48-07:00,1,0,0,1,1449,20,37,0,46,14.07,1,szz,TypeScript,2024-2026,1.0,11834.0,69.0,0.0,0.37,1
swc-project/swc,584a12f6fa15f4beaf030fa6224ba77be1874e0f,584a12f6fa,feat(es/parser): finish flow strip support for core syntax gaps (#11689)  ## Summary  This PR completes Flow stripping coverage in `swc_ecma_parser` for four syntax gaps by normalizing Flow-only forms,bugfix,JavaScript,Donny/강동윤,2026-03-16 03:20:27-07:00,3,0,0,1,815,1,12,0,10,21.1,0,clean,TypeScript,2024-2026,1.0,,407.5,0.0,1.62,2
swc-project/swc,a8315aaea70d2b9dcd5da56b5726190c84ed3036,a8315aaea7,feat(es/parser): extend flow declare export strip compatibility (#11691)  ## Summary  This extends Flow strip compatibility in `swc_ecma_parser` for remaining `declare export` forms by normalizing typ,bugfix,JavaScript,Donny/강동윤,2026-03-16 04:46:02-07:00,4,0,0,1,366,49,6,0,9,7.33,0,clean,TypeScript,2024-2026,1.0,,7.32,0.0,1.05,2
swc-project/swc,99e61c4cc172b772437dcabcf8f937a8f24dc4bd,99e61c4cc1,ci: optimize cargo-test matrix with cargo mono changed (#11681)  ## Summary - optimize only the cargo-test matrix in CI using cargo mono changed - keep full matrix for push to main - when no crates ar,feature,Unknown,Donny/강동윤,2026-03-16 05:59:02-07:00,5,0,0,1,130,32,2,1,6,2.83,0,clean,TypeScript,2024-2026,1.0,,3.94,0.33,0.94,2
swc-project/swc,588577c5c2541ae0d4c198648ba74265eb05dc39,588577c5c2,feat(es/parser): support Flow declare export default interface strip path (#11692)  ## Summary  This PR completes the remaining Flow strip parser gap for `declare export default interface ...`.  ### W,bugfix,JavaScript,Donny/강동윤,2026-03-16 06:25:20-07:00,6,0,0,0,89,0,4,0,1,32.0,0,clean,TypeScript,2024-2026,1.0,,89.0,0.0,6.4,2
refinedev/refine,b319c8a7a2f11896008f349481b03ddcf9ed2de0,b319c8a7a2,fix(cli): resolve bin path from cwd to support monorepo workspace hoisting (#7315),bugfix,TypeScript,Aaron Hernández Jiménez,2026-03-16 07:36:23+00:00,7,0,0,0,77,1,3,1,2,5.0,0,clean,TypeScript,2024-2026,1.0,,38.5,0.25,1.25,0
swc-project/swc,cd5ed813da185d8aacc3d9bf7a64acb2e1c32116,cd5ed813da,test(es/flow): add flow strip corpus correctness test (#11694)  ## Summary - add a new flow-only integration test: `crates/swc/tests/flow_strip_correctness.rs` - validate the full Flow parser fixture ,bugfix,Rust,Donny/강동윤,2026-03-16 08:00:04-07:00,8,0,0,0,119,0,1,0,2,5.0,0,clean,TypeScript,2024-2026,1.0,,119.0,0.0,2.5,2
swc-project/swc,1be052e36154ed0382aeb93a4ff8f9e441ffbdca,1be052e361,fix(cli): honor externalHelpers=false in rust binary (#11693)  ## Summary - Enable inline helper support in the Rust CLI build by adding `swc_core/ecma_helpers_inline` to `swc_cli_impl`. - Fix behavio,bugfix,Rust,Donny/강동윤,2026-03-16 08:08:57-07:00,8,0,0,0,54,0,3,0,1,7.0,0,clean,TypeScript,2024-2026,1.0,,54.0,0.0,1.75,2
swc-project/swc,e96eb6a82897f80910e9cf81ae5b0649a0a0855a,e96eb6a828,"feat(es/proposal): add decorators 2023-11 support (#11686)  ## Summary - Add full `decoratorVersion: ""2023-11""` support in SWC with Babel parity. - Align transform output/ABI with Babel `applyDecs2311",bugfix,JavaScript,Donny/강동윤,2026-03-16 08:12:47-07:00,8,0,0,0,24526,986,579,0,2220,1.26,1,szz,TypeScript,2024-2026,1.0,11744.0,24.85,0.0,0.0,2
refinedev/refine,4bdb104af411edb9d8c63d2064e7efe2d274f3e9,4bdb104af4,fix(docs): blog footer refine home link (#7350),bugfix,Unknown,Alican Erdurmaz,2026-03-16 09:11:30+00:00,9,0,0,0,3,3,1,0,1,1.0,0,clean,TypeScript,2024-2026,1.0,,0.75,0.0,0.5,0
swc-project/swc,31364dcb26860e49ff64f60fa60d4b5cd39b199d,31364dcb26,feat(es/react-compiler): phase1 crate API baseline and fixture harness (#11690)  ## Summary - enforce Phase 1 supported option surface in `parse_plugin_options` (`client + infer + target=19`) and retu,bugfix,Rust,Donny/강동윤,2026-03-16 10:21:59+00:00,10,0,0,0,1213,74,8,0,38,4.45,0,clean,TypeScript,2024-2026,1.0,,16.17,0.0,0.49,3
refinedev/refine,c040475723d8e2980c0b3ba6d8fae35e05525b09,c040475723,fix(core): pass meta params from useDeleteButton to useButtonCanAccess (#7289),bugfix,Unknown,Ronak Rahane,2026-03-16 10:24:24+03:00,10,0,0,0,42,0,3,1,3,2.67,0,clean,TypeScript,2024-2026,1.0,,42.0,0.25,0.67,0
refinedev/refine,e088a2d46f984e915f9f907a4e1f70a7c0c9a257,e088a2d46f,ci(changesets): version packages (#7349)  Co-authored-by: github-actions[bot] <41898282+github-actions[bot]@users.noreply.github.com>,other,Unknown,Refine Community Bot,2026-03-16 11:52:05+03:00,11,0,0,0,727,717,178,0,0,0.0,0,clean,TypeScript,2024-2026,1.0,,1.01,0.0,0.0,0
swc-project/swc,e23126212595d32265e0d4478592a15dc9e0ceef,e231262125,test(es/parser): expand flow strip fixture coverage (#11695)  ## Summary - expand Flow parser fixture coverage for strip-focused high-signal syntax boundaries - add success fixtures for declare export,bugfix,JavaScript,Donny/강동윤,2026-03-16 15:47:41+00:00,15,0,0,0,1299,0,20,0,4,1.0,0,clean,TypeScript,2024-2026,1.0,,1299.0,0.0,0.05,3
swc-project/swc,93da89a272408ec5d4cf43d9c087774794661657,93da89a272,feat(bindings): enable flow strip support in @swc/core (#11696)  ## Summary - add a `base_flow` feature in `swc_core` to forward `swc/flow` - enable `base_flow` from `binding_core_node` so `@swc/core`,feature,Unknown,Donny/강동윤,2026-03-16 16:02:25+00:00,16,0,0,0,3,0,2,0,0,0.0,0,clean,TypeScript,2024-2026,1.0,,3.0,0.0,0.0,3
swc-project/swc,e2ad6f61c882b6b302d886268170560087cd5684,e2ad6f61c8,docs: clarify workaround comment requirement in AGENTS (#11700)  ## Summary - add a code style rule in AGENTS.md for workaround changes - require sufficient comments to explain why the workaround exis,feature,Unknown,Donny/강동윤,2026-03-16 21:15:51-07:00,21,0,0,0,1,0,1,0,0,0.0,0,clean,TypeScript,2024-2026,1.0,,1.0,0.0,0.0,3
swc-project/swc,a025d2bc2fa482b675084f5802865cd02c8b63c4,a025d2bc2f,fix(es/decorators): resolve 2022-03 issues #9565/#9078/#9079 and add regressions (#11698)  ## Summary  This PR fixes 2022-03 decorators issues and adds regression coverage for related reports.  - Fixe,bugfix,JavaScript,Donny/강동윤,2026-03-17 00:15:58+00:00,0,1,0,1,433,59,21,0,38,4.18,0,clean,TypeScript,2024-2026,1.0,,7.22,0.0,0.19,3
swc-project/swc,a3994aa5f853836c528614a89e435fc5eacb7f13,a3994aa5f8,"feat(es/react-compiler): strict upstream parity finalization (crate-only, WIP) (#11697)  ## Summary - Finalize crate-only React Compiler SWC port alignment toward upstream parity (`facebook/react@c80a",bugfix,JavaScript,Donny/강동윤,2026-03-17 01:25:53-07:00,1,1,0,1,92929,460,3445,0,5312,2.19,0,clean,TypeScript,2024-2026,1.0,,201.58,0.0,0.0,3
refinedev/refine,2c1fb67e54a00da01ade3400985c7ca569a92ccd,2c1fb67e54,feat(blog): update supabase-twilio-otp-authentication-in-react (#7351)  Co-authored-by: Özgür Akça <doguhanozgurakca@gmail.com>,feature,TypeScript,Alican Erdurmaz,2026-03-17 16:02:45+03:00,16,1,0,0,10838,714,103,2,345,1.97,0,clean,TypeScript,2024-2026,1.0,,15.16,0.02,0.02,0
swc-project/swc,918b6ac1f5ca151aa70b6b5f4fcb2443be80eacb,918b6ac1f5,feat(es/parser): add Hermes Flow parity harness and fixes (#11699)  **Description:**  This PR completes Flow strip/parser parity work against Hermes Flow corpus from `facebook/hermes` `main`.  - Add H,bugfix,JavaScript,Donny/강동윤,2026-03-17 17:05:33-07:00,17,1,0,0,174272,228,3205,9,596,3.96,0,clean,TypeScript,2024-2026,1.0,,761.01,0.0,0.0,3
swc-project/swc,7528507bc6d3fb723742e62abb156d510fba1329,7528507bc6,fix: update lz4_flex to resolve RUSTSEC-2026-0041 (#11701)  ## Summary - update `lz4_flex` from `0.11.3` to `0.11.6` in `Cargo.lock` - resolves `cargo deny` failure from advisory `RUSTSEC-2026-0041` i,bugfix,Unknown,Donny/강동윤,2026-03-17 17:57:22-07:00,17,1,0,0,10,4,1,0,0,0.0,0,clean,TypeScript,2024-2026,1.0,,2.0,0.0,0.0,3
swc-project/swc,f041f4c2f2c757489a2c1194fe03d890052d131e,f041f4c2f2,feat(es/parser): complete Hermes Flow stripping parity (#11702)  ## Summary  This PR completes Hermes-based Flow stripping parity by extending parser support and adding strip correctness coverage for ,bugfix,Rust,Donny/강동윤,2026-03-17 20:29:52-07:00,20,1,0,0,1653,112,11,0,47,13.87,0,clean,TypeScript,2024-2026,1.0,,14.63,0.0,1.16,3
swc-project/swc,73d87616f5db5146fac774cd60d5ec18195140c3,73d87616f5,fix(es/flow): normalize module await bindings for Hermes parity (#11703)  ## Summary - Normalize module-level `await` bindings after TS/Flow strip in `swc_ecma_transforms_typescript`. - Apply renaming,bugfix,Rust,Donny/강동윤,2026-03-17 23:00:22-07:00,23,1,0,1,134,3,7,0,17,5.41,0,clean,TypeScript,2024-2026,1.0,,33.5,0.0,0.68,3
sequelize/sequelize,e5a8b24274d387d85d7cf08159dde358b1600ff8,e5a8b24274,meta: update dependency @oclif/plugin-help to ^6.2.38,other,Unknown,renovate[bot],2026-03-18 07:27:29+00:00,7,2,0,0,6,6,2,0,0,0.0,0,clean,TypeScript,2024-2026,1.0,,0.86,0.0,0.0,0
sequelize/sequelize,49b7351c4895a9c2bb9717d51ade82a57c5d220f,49b7351c48,meta: update github artifact actions (major) (#18156)  Co-authored-by: renovate[bot] <29139614+renovate[bot]@users.noreply.github.com>,other,Unknown,renovate[bot],2026-03-18 08:26:48+01:00,8,2,0,0,10,10,1,0,0,0.0,0,clean,TypeScript,2024-2026,1.0,,0.91,0.0,0.0,0
refinedev/refine,7a9fba4ab6880ec60bfd360af88108773b25db64,7a9fba4ab6,feat(blog): update 2021-11-12-issue-tracker-refine (#7352),feature,TypeScript,Alican Erdurmaz,2026-03-18 13:44:00+00:00,13,2,0,0,1693,1468,39,1,34,4.53,0,clean,TypeScript,2024-2026,1.0,,1.15,0.02,0.11,0
sequelize/sequelize,3ae4d5930df29e13043b224d6e16c15d2396c674,3ae4d5930d,meta: update dependency @types/oracledb to ^6.10.2 (#18160)  Co-authored-by: renovate[bot] <29139614+renovate[bot]@users.noreply.github.com>,other,Unknown,renovate[bot],2026-03-18 13:57:51+00:00,13,2,0,0,6,6,2,0,0,0.0,0,clean,TypeScript,2024-2026,1.0,,0.86,0.0,0.0,0
sequelize/sequelize,3c161029251f32773871909d51c077ea01efc18a,3c16102925,meta: update dependency dayjs to ^1.11.20,other,Unknown,renovate[bot],2026-03-18 17:51:31+00:00,17,2,0,0,18,18,8,0,0,0.0,0,clean,TypeScript,2024-2026,1.0,,0.95,0.0,0.0,0
swc-project/swc,77b7854046b584a933935b9252fd6df183828409,77b7854046,feat(dbg-swc): add flow strip verification command (#11706)  ## Summary - add a new Flow debug command group under `dbg-swc es flow` - add `dbg-swc es flow strip <path>` to verify Flow strip behavior ,bugfix,Rust,Donny/강동윤,2026-03-18 20:16:32-07:00,20,2,0,0,454,2,5,0,17,3.35,0,clean,TypeScript,2024-2026,1.0,,151.33,0.0,0.56,3
sequelize/sequelize,ac7bdc36ad924f477bb469cdebe664acdd952c6d,ac7bdc36ad,meta: update dependency esbuild to v0.27.4,other,Unknown,renovate[bot],2026-03-18 20:56:56+00:00,20,2,0,0,111,111,2,0,0,0.0,0,clean,TypeScript,2024-2026,1.0,,0.99,0.0,0.0,0
swc-project/swc,0ea99502686a43bf33c397ef47fad344de78abb9,0ea9950268,feat(cli): enable Flow strip support in swc_cli_impl (#11705)  ## Summary - enable Flow parser support in `swc_cli_impl` by adding `swc_core/base_flow` - add a CLI integration regression test for `.sw,feature,Rust,Donny/강동윤,2026-03-19 00:50:17+00:00,0,3,0,1,52,0,2,0,1,6.0,0,clean,TypeScript,2024-2026,1.0,,52.0,0.0,2.0,3
sequelize/sequelize,fb588a8095a34abb7f0675df8fdbe7bdbed02582,fb588a8095,meta: update dependency oclif to v4.22.92,other,Unknown,renovate[bot],2026-03-19 01:53:08+00:00,1,3,0,1,677,691,2,0,0,0.0,0,clean,TypeScript,2024-2026,1.0,,0.98,0.0,0.0,0
sequelize/sequelize,53394e6bd1b4f276b964059f5ce6f7b048489c9a,53394e6bd1,meta: update dependency @oclif/core to ^4.9.0,other,Unknown,renovate[bot],2026-03-19 05:00:04+00:00,5,3,0,1,3,3,2,0,0,0.0,0,clean,TypeScript,2024-2026,1.0,,0.75,0.0,0.0,0
sequelize/sequelize,a0b5d966e0f4b26912015ed59e63130de7f639e4,a0b5d966e0,meta: update dependency @types/debug to ^4.1.13,bugfix,Unknown,renovate[bot],2026-03-19 10:20:21+00:00,10,3,0,0,6,6,2,0,0,0.0,0,clean,TypeScript,2024-2026,1.0,,0.86,0.0,0.0,0
refinedev/refine,af721fe26017cbe11ec997574908b40862a51a63,af721fe260,fix(mui): respect custom startIcon when hideText is true on all button components (#7345)  Co-authored-by: Alican Erdurmaz <alicanerdurmaz@gmail.com>,bugfix,Unknown,Tyson Cung,2026-03-19 11:58:53+00:00,11,3,0,0,813,78,21,10,30,5.3,0,clean,TypeScript,2024-2026,1.0,,10.29,0.45,0.24,0
sequelize/sequelize,67ffd09464a275393f72253672720cdb98eff558,67ffd09464,meta: update dependency lint-staged to v16.4.0,other,Unknown,renovate[bot],2026-03-19 12:54:09+00:00,12,3,0,0,12,12,2,0,0,0.0,0,clean,TypeScript,2024-2026,1.0,,0.92,0.0,0.0,0
swc-project/swc,9b3abe078f86db7e6cc80b7cd1c3c1150c41a71a,9b3abe078f,feat(es/react-compiler): Advance strict upstream parity (#11709)  ## Summary - Continue `swc_ecma_react_compiler` strict upstream parity porting work against the current upstream fixture manifest. - R,bugfix,Rust,Donny/강동윤,2026-03-19 17:10:29-07:00,17,3,0,0,8224,1225,7,0,278,6.0,0,clean,TypeScript,2024-2026,1.0,,6.71,0.0,0.75,3
sequelize/sequelize,303eaf22885af15e2aa613209ec64d7daf669cae,303eaf2288,meta: update dependency @oclif/core to ^4.10.0,other,Unknown,renovate[bot],2026-03-19 17:47:46+00:00,17,3,0,0,29,3,2,0,0,0.0,0,clean,TypeScript,2024-2026,1.0,,7.25,0.0,0.0,0
swc-project/swc,ed092184839057467702976ad43ed4e3f902dc6b,ed09218483,"fix(es/module): avoid rewriting unknown relative extensions (#11713)  ## Summary  This PR fixes `jsc.rewriteRelativeImportExtensions` rewriting unknown relative extensions to `.js`.  Previously, speci",bugfix,TypeScript,Donny/강동윤,2026-03-19 18:34:51-07:00,18,3,0,0,32,1,5,0,1,12.0,0,clean,TypeScript,2024-2026,1.0,,16.0,0.0,2.0,3
swc-project/swc,33fe6f26aa4a5dcc6542d752632e75b4f3595e7d,33fe6f26aa,feat(es/react-compiler): advance upstream fixture parity pipeline (#11716)  ## Summary  This is a strict-upstream parity follow-up for `swc_ecma_react_compiler` against the current fixture manifest ba,bugfix,Rust,Donny/강동윤,2026-03-19 21:22:05-07:00,21,3,0,0,2658,227,39,0,185,4.95,0,clean,TypeScript,2024-2026,1.0,,11.66,0.0,0.12,3
sequelize/sequelize,523b9c8819245b121830f70d691f2279b3b06ea6,523b9c8819,meta: update dependency mysql2 to ^3.20.0,other,Unknown,renovate[bot],2026-03-19 21:55:33+00:00,21,3,0,0,6,6,2,0,0,0.0,0,clean,TypeScript,2024-2026,1.0,,0.86,0.0,0.0,0
sequelize/sequelize,3ec2542f150c87ca86390173d6afb548bfe17fba,3ec2542f15,meta: update dependency oclif to v4.22.93 (#18165)  Co-authored-by: renovate[bot] <29139614+renovate[bot]@users.noreply.github.com>,other,Unknown,renovate[bot],2026-03-20 12:38:05+00:00,12,4,0,0,6,6,2,0,0,0.0,0,clean,TypeScript,2024-2026,1.0,,0.86,0.0,0.0,0
sequelize/sequelize,bf2dbdf900d43acd4d22e2dddfcf3332c3efe8b3,bf2dbdf900,meta: update yarn to v4.13.0,other,Unknown,renovate[bot],2026-03-20 13:38:56+00:00,13,4,0,0,942,944,4,0,250,5.39,0,clean,TypeScript,2024-2026,1.0,,1.0,0.0,1.08,0
swc-project/swc,f3f4e51cedb3051a7c75c0cdecaa17e1d276597f,f3f4e51ced,"fix(cli): skip mkdir when --out-file targets the current directory (#11720)  When `--out-file file.min.js` is used without a directory component, `Path::parent()` returns an empty string. Calling `cre",bugfix,Rust,Donny/강동윤,2026-03-20 16:09:53+00:00,16,4,0,0,35,6,2,0,3,15.0,0,clean,TypeScript,2024-2026,1.0,,5.0,0.0,5.0,3
sequelize/sequelize,09dbda225985e808de768795d67afc9ff7901206,09dbda2259,meta: update dependency @oclif/core to ^4.10.1,other,Unknown,renovate[bot],2026-03-20 20:22:04+00:00,20,4,0,0,6,6,2,0,0,0.0,0,clean,TypeScript,2024-2026,1.0,,0.86,0.0,0.0,0
sequelize/sequelize,ee9e4f24d97fa8262b8951220dc4866da23bacc3,ee9e4f24d9,meta: update actions/create-github-app-token action to v3 (#18167)  Co-authored-by: renovate[bot] <29139614+renovate[bot]@users.noreply.github.com>,other,Unknown,renovate[bot],2026-03-20 21:21:15+01:00,21,4,0,0,2,2,2,0,0,0.0,0,clean,TypeScript,2024-2026,1.0,,0.67,0.0,0.0,0
swc-project/swc,e8d16969b74d21f13b1594ef71ceef3d550d0a59,e8d16969b7,feat(react-compiler): advance SWC upstream fixture parity (#11718)  ## Summary - Continue React Compiler SWC parity work against upstream fixture expectations. - Align infer-mode function selection an,bugfix,Rust,Donny/강동윤,2026-03-21 01:26:34-07:00,1,5,1,1,10073,3523,6,0,324,6.02,0,clean,TypeScript,2024-2026,1.0,,2.86,0.0,0.86,3
sequelize/sequelize,703a775ebdedb44de9c22e99a923b857044fad06,703a775ebd,meta: update dependency @oclif/core to ^4.10.2,other,Unknown,renovate[bot],2026-03-21 05:42:05+00:00,5,5,1,1,6,6,2,0,0,0.0,0,clean,TypeScript,2024-2026,1.0,,0.86,0.0,0.0,0
sequelize/sequelize,12c718687760a8baeaf04fd51dee87c09978ee43,12c7186877,meta: update dependency @oclif/plugin-help to ^6.2.39,other,Unknown,renovate[bot],2026-03-21 08:41:28+00:00,8,5,1,0,6,6,2,0,0,0.0,0,clean,TypeScript,2024-2026,1.0,,0.86,0.0,0.0,0
sequelize/sequelize,ab4c951dcbea2add36685e072b1610af99aef5ef,ab4c951dcb,meta: update dependency @oclif/test to v4.1.17,test,Unknown,renovate[bot],2026-03-21 14:04:26+00:00,14,5,1,0,6,6,2,0,0,0.0,0,clean,TypeScript,2024-2026,1.0,,0.86,0.0,0.0,0
swc-project/swc,5f89ee70d5af99a382a8f8ca16ba913b1ddd746e,5f89ee70d5,feat(react-compiler): improve lint rename and gating parity (#11721)  ## Summary - add lint-mode binding normalization for function and arrow outputs to align nested shadowing rename behavior - fix ne,bugfix,Rust,Donny/강동윤,2026-03-21 19:31:57-07:00,19,5,1,0,2153,39,13,0,121,4.36,0,clean,TypeScript,2024-2026,1.0,,53.82,0.0,0.31,3
swc-project/swc,b5272af0f80047ffb98a1eed5de1f1d391657aa2,b5272af0f8,"ci: bump cargo-mono to 0.5.3 (#11722)  ## Summary - bump GitHub Actions `cargo-mono` version from `0.5.0` to `0.5.3` - update both workflow install points (`.github/workflows/CI.yml`, `.github/workflo",other,Unknown,Donny/강동윤,2026-03-21 20:06:48-07:00,20,5,1,0,2,2,2,0,0,0.0,0,clean,TypeScript,2024-2026,1.0,,0.67,0.0,0.0,3
swc-project/swc,e29d58c74b345dc783b8132bea15439f8dcd4119,e29d58c74b,test: move TS decorator fixtures out of proposal crate (#11723)  ## Summary - remove `swc_ecma_transforms_typescript` from `swc_ecma_transforms_proposal` dev-dependencies - move `tests/decorators/2023,bugfix,TypeScript,Donny/강동윤,2026-03-21 20:45:39-07:00,20,5,1,0,179,34,11,0,9,2.89,0,clean,TypeScript,2024-2026,1.0,,5.11,0.0,0.24,3
swc-project/swc,09c4be00656d2d64e80ffb0ae250c53db645a39c,09c4be0065,ci: install zig for core ppc64le/s390x nightly cross builds (#11725)  ## Summary  This fixes nightly @swc/core cross-build failures for:  - powerpc64le-unknown-linux-gnu - s390x-unknown-linux-gnu  Bot,bugfix,Unknown,Donny/강동윤,2026-03-22 00:31:29-07:00,0,6,1,1,2,1,1,0,0,0.0,0,clean,TypeScript,2024-2026,1.0,,1.0,0.0,0.0,3
sequelize/sequelize,5513188bb0d202528b1c234c4acebf34b890e575,5513188bb0,meta: update dependency @oclif/plugin-help to ^6.2.40,other,Unknown,renovate[bot],2026-03-22 05:41:07+00:00,5,6,1,1,6,6,2,0,0,0.0,0,clean,TypeScript,2024-2026,1.0,,0.86,0.0,0.0,0
swc-project/swc,1cdd010b9f962abaf21ee601ca39a571e5d94d67,1cdd010b9f,chore: Publish `1.15.21-nightly-20260322.1` with `swc_core` `v59.0.1`,other,Unknown,SWC Bot,2026-03-22 06:56:13+00:00,6,6,1,0,64,64,59,0,0,0.0,0,clean,TypeScript,2024-2026,1.0,,0.98,0.0,0.0,0
swc-project/swc,c36686bf800b713a320b556bcb19cb1ef1d8f6e2,c36686bf80,chore: Update changelog,other,Unknown,SWC Bot,2026-03-22 06:56:14+00:00,6,6,1,0,1,9,2,0,0,0.0,0,clean,TypeScript,2024-2026,1.0,,0.1,0.0,0.0,0
swc-project/swc,4c378f72594f34e49cf7e2b1d5e33760bd9af0ea,4c378f7259,chore: Publish `1.15.21-nightly-20260322.2` with `swc_core` `v59.0.1`,other,Unknown,SWC Bot,2026-03-22 07:35:25+00:00,7,6,1,0,64,64,59,0,0,0.0,0,clean,TypeScript,2024-2026,1.0,,0.98,0.0,0.0,0
swc-project/swc,024bf928cb5255e6aed4964b226262124e81ba37,024bf928cb,chore: Update changelog,other,Unknown,SWC Bot,2026-03-22 07:35:27+00:00,7,6,1,0,11,20,2,0,0,0.0,0,clean,TypeScript,2024-2026,1.0,,0.52,0.0,0.0,0
swc-project/swc,d2e4d2b651902a6cf189f8d407700350700b7ac9,d2e4d2b651,chore: Publish crates with `swc_core` `v59.0.0`,other,Unknown,DongYun Kang,2026-03-22 10:04:38+09:00,10,6,1,0,653,622,64,0,0,0.0,0,clean,TypeScript,2024-2026,1.0,,1.05,0.0,0.0,0
swc-project/swc,eb169d5840da842aa0b3168788a19f051a7c08fd,eb169d5840,chore: Publish `1.15.21-nightly-20260322.3` with `swc_core` `v59.0.1`,other,Unknown,SWC Bot,2026-03-22 10:12:17+00:00,10,6,1,0,64,64,59,0,0,0.0,0,clean,TypeScript,2024-2026,1.0,,0.98,0.0,0.0,0
swc-project/swc,d220ed3c128f235f9487cd562f4594d734954d30,d220ed3c12,chore: Update changelog,other,Unknown,SWC Bot,2026-03-22 10:12:18+00:00,10,6,1,0,0,15,2,0,0,0.0,0,clean,TypeScript,2024-2026,1.0,,0.0,0.0,0.0,0
swc-project/swc,18de8de9ef69485cb1f3baf80a688e14a16613db,18de8de9ef,chore: Publish crates with `swc_core` `v59.0.1`,other,Unknown,DongYun Kang,2026-03-22 12:46:27+09:00,12,6,1,0,32,27,5,0,0,0.0,0,clean,TypeScript,2024-2026,1.0,,1.14,0.0,0.0,0
swc-project/swc,a06c4b900114e213208318113ae1a60bc842015c,a06c4b9001,chore: Publish `1.15.21` with `swc_core` `v59.0.1`,other,Unknown,SWC Bot,2026-03-22 12:48:57+00:00,12,6,1,0,64,64,59,0,0,0.0,0,clean,TypeScript,2024-2026,1.0,,0.98,0.0,0.0,0
swc-project/swc,0ace449f6474ea2a32a30c31199a2213834881b2,0ace449f64,chore: Update changelog,other,Unknown,SWC Bot,2026-03-22 12:48:59+00:00,12,6,1,0,1,27,2,0,0,0.0,0,clean,TypeScript,2024-2026,1.0,,0.04,0.0,0.0,0
sequelize/sequelize,df4a631ba792a4bcae0212776c062a2165861ca9,df4a631ba7,meta: update dependency oclif to v4.22.96 (#18169)  Co-authored-by: renovate[bot] <29139614+renovate[bot]@users.noreply.github.com>,other,Unknown,renovate[bot],2026-03-22 17:12:42+00:00,17,6,1,0,204,204,2,0,0,0.0,0,clean,TypeScript,2024-2026,1.0,,1.0,0.0,0.0,0
refinedev/refine,b70359fbfb7acc92697473f2f68fe4570e575650,b70359fbfb,ci(changesets): version packages (#7354)  Co-authored-by: github-actions[bot] <41898282+github-actions[bot]@users.noreply.github.com>,other,Unknown,Refine Community Bot,2026-03-23 10:28:00+03:00,10,0,0,0,69,68,32,0,0,0.0,0,clean,TypeScript,2024-2026,1.0,,1.0,0.0,0.0,0
refinedev/refine,c306dc206b607f51b81fadeeb81db29d79aa7542,c306dc206b,docs(blog): internal tools,docs,Unknown,Özgür Akça,2026-03-23 10:56:20+03:00,10,0,0,0,38,28,1,0,0,0.0,0,clean,TypeScript,2024-2026,1.0,,1.31,0.0,0.0,0
refinedev/refine,05bd89209be0f871690e7fd1a7d6518f619c6b55,05bd89209b,docs(blog): ai prompts,docs,Unknown,Özgür Akça,2026-03-23 11:38:46+03:00,11,0,0,0,166,0,1,0,0,0.0,0,clean,TypeScript,2024-2026,1.0,,166.0,0.0,0.0,0
refinedev/refine,e5e6b91e3a59ee7afc68ebebe116bd8c29fb0230,e5e6b91e3a,docs(blog): fix tags,bugfix,Unknown,Özgür Akça,2026-03-23 12:07:19+03:00,12,0,0,0,1,1,1,0,0,0.0,0,clean,TypeScript,2024-2026,1.0,,0.5,0.0,0.0,0
refinedev/refine,94a4311ae9ef77506272617df6ca3105f31a9ce2,94a4311ae9,docs: handle redirect,docs,Unknown,Özgür Akça,2026-03-23 12:10:08+03:00,12,0,0,0,2,0,1,0,0,0.0,0,clean,TypeScript,2024-2026,1.0,,2.0,0.0,0.0,0
swc-project/swc,468da70bbdf876e44155fda09cbca7ee939fa68f,468da70bbd,feat(react-compiler): advance SWC parity for upstream fixtures (#11724)  ## Summary - Tighten fixture pragma parsing to align with upstream React Compiler fixture semantics. - Extend `EnvironmentConfi,bugfix,Rust,Donny/강동윤,2026-03-23 20:26:36-07:00,20,0,0,0,2086,380,8,0,104,8.94,0,clean,TypeScript,2024-2026,1.0,,5.48,0.0,0.99,3
swc-project/swc,abaee544e7ef4a97d2d86b16f2fa5974dac06ef8,abaee544e7,"chore: trigger CI and fix failures (#11735)  This PR starts with an empty commit to trigger CI, then applies fixes for failing jobs.",bugfix,Unknown,Donny/강동윤,2026-03-24 00:18:36-07:00,0,1,0,1,14,14,1,0,0,0.0,0,clean,TypeScript,2024-2026,1.0,,0.93,0.0,0.0,3
swc-project/swc,be41d9ddfb0ab6b46a50f0431b9b8b8db786651f,be41d9ddfb,chore: Publish `@swc/types@v0.1.26`,other,Unknown,DongYun Kang,2026-03-24 12:19:23+09:00,12,1,0,0,2,2,1,0,0,0.0,0,clean,TypeScript,2024-2026,1.0,,0.67,0.0,0.0,0
refinedev/refine,249b734b0be7cd1055ef87562a8baa5964a5a9d9,249b734b0b,docs(blog): framer motion blog update,docs,Unknown,Özgür Akça,2026-03-24 16:27:31+03:00,16,1,0,0,458,145,1,0,0,0.0,0,clean,TypeScript,2024-2026,1.0,,3.14,0.0,0.0,0
refinedev/refine,18c41f966e52c2498951537ccbbfaf67d13ae572,18c41f966e,docs(blog): fix supabase blog linking,bugfix,Unknown,Özgür Akça,2026-03-24 16:39:22+03:00,16,1,0,0,11,7,2,0,0,0.0,0,clean,TypeScript,2024-2026,1.0,,1.38,0.0,0.0,0
swc-project/swc,4739c586d0deb88d3d536835adb873b9c036bef5,4739c586d0,feat(react-compiler): improve SWC parity for early-return and hooks validation (#11738)  ## Summary  This draft continues the React Compiler SWC parity port inside `crates/swc_ecma_react_compiler`.  C,bugfix,Rust,Donny/강동윤,2026-03-24 21:09:29-07:00,21,1,0,0,340,46,4,0,24,25.75,0,clean,TypeScript,2024-2026,1.0,,7.23,0.0,5.15,3
swc-project/swc,7e2cf8d46a6f41967b93858d9f3269ae46370d14,7e2cf8d46a,feat(react-compiler): tighten core validation parity for upstream fixtures (#11734)  ## Summary  This PR continues the React Compiler SWC core-only parity work in `crates/swc_ecma_react_compiler`.  ##,bugfix,Rust,Donny/강동윤,2026-03-24 22:55:32+09:00,22,1,0,1,657,45,5,0,50,3.48,0,clean,TypeScript,2024-2026,1.0,,14.28,0.0,0.58,3
swc-project/swc,886fe533ad7edfb13804be3a779eccb160cf69e7,886fe533ad,fix(es/parser): parse key Flow forms from #11729 (phase 1) (#11733)  ## Summary  This is **Phase 1** for #11729 and focuses on the highest-impact Flow parser gaps seen in the React Native reproduction,bugfix,JavaScript,Donny/강동윤,2026-03-25 04:19:38+00:00,4,2,0,1,1097,2,10,0,7,30.29,0,clean,TypeScript,2024-2026,1.0,,365.67,0.0,2.75,3
refinedev/refine,ae47d2184121ab55f14067280023f0e90c5c7657,ae47d21841,docs(blog): fix redirect link,bugfix,Unknown,Özgür Akça,2026-03-25 10:45:24+03:00,10,2,0,0,1,1,1,0,0,0.0,0,clean,TypeScript,2024-2026,1.0,,0.5,0.0,0.0,0
refinedev/refine,44c1075a6d55bb60eb3c9a84983ba7b492209bcf,44c1075a6d,docs(blog): fix to url,bugfix,Unknown,Özgür Akça,2026-03-25 11:05:22+03:00,11,2,0,0,1,1,1,0,0,0.0,0,clean,TypeScript,2024-2026,1.0,,0.5,0.0,0.0,0
refinedev/refine,d0d6eac0f416c61d97c71c185cf7bc76a9797713,d0d6eac0f4,docs(blog): reduce the size of refine pixels,docs,Unknown,Özgür Akça,2026-03-25 12:37:45+03:00,12,2,0,0,108,2377,1,0,0,0.0,0,clean,TypeScript,2024-2026,1.0,,0.05,0.0,0.0,0
refinedev/refine,7c0336e9d4d88fb72677691f3b0153dfc78b9a47,7c0336e9d4,docs(blog): business blog,docs,Unknown,Özgür Akça,2026-03-25 18:03:37+03:00,18,2,0,0,217,0,1,0,0,0.0,0,clean,TypeScript,2024-2026,1.0,,217.0,0.0,0.0,0
swc-project/swc,8d36f05499f7e2cc5c568227d05e5f912e01509b,8d36f05499,"fix(es/parser): close remaining Flow parser gaps for #11729 (phase 2) (#11740)  ## Summary - close the remaining RN Flow parser gaps tracked by #11729 - in Flow component *type* contexts, accept rest ",bugfix,Rust,Donny/강동윤,2026-03-26 19:59:17+09:00,19,3,0,0,2554,14,7,0,11,11.09,0,clean,TypeScript,2024-2026,1.0,,170.27,0.0,1.39,3
swc-project/swc,6f72c47dd391bd8ab2608aa70ef2683e8ed7c249,6f72c47dd3,chore: Publish `@swc/helpers@v0.5.20`,other,JavaScript,DongYun Kang,2026-03-26 23:00:45+09:00,23,3,0,1,48,138,4,0,19,5.11,0,clean,TypeScript,2024-2026,1.0,,0.35,0.0,1.02,0
refinedev/refine,724f795367cd8c5bd4fdb7c77e9fed45bbda000d,724f795367,feat(blog): add authors page (#7362),feature,JavaScript,Alican Erdurmaz,2026-03-27 11:18:16+03:00,11,4,0,0,849,90,7,0,24,3.25,0,clean,TypeScript,2024-2026,1.0,,9.33,0.0,0.41,0
refinedev/refine,741357c79b07f82196cef29a2bd39e33dbb4659d,741357c79b,docs(blog): fix the image for wrong blog post,bugfix,Unknown,Özgür Akça,2026-03-27 15:54:20+03:00,15,4,0,0,1,1,1,0,0,0.0,0,clean,TypeScript,2024-2026,1.0,,0.5,0.0,0.0,0
swc-project/swc,7e1ad26b49295085208c2e4ddfb175c479da53bc,7e1ad26b49,feat(react-compiler): M1 memo validators + lint gating alignment (#11739)  ## Summary This PR implements the M1 slice of the React Compiler SWC port finalization plan: - implement non-placeholder vali,bugfix,Rust,Donny/강동윤,2026-03-27 21:51:38+09:00,21,4,0,0,978,15,5,0,40,5.12,0,clean,TypeScript,2024-2026,1.0,,61.12,0.0,0.85,3
swc-project/swc,bab249ef031f71ebe4089b15a03b435d7258e895,bab249ef03,feat(es/minifier): Remove useless arguments for non inlined callee (#11645)  **Related issue:**   - Closes #11089  ---------  Co-authored-by: DongYun Kang <kdy.1997.dev@gmail.com> Co-authored-by: Donn,feature,JavaScript,Austaras,2026-03-28 10:24:18+00:00,10,5,1,0,992,617,48,1,84,188.0,0,clean,TypeScript,2024-2026,1.0,,1.61,0.02,3.84,0
swc-project/swc,83688c8af8695b895d871a4d6d9530d89fcba2a9,83688c8af8,feat(react-compiler): continue swc parity for dependency handling (#11747)  ## Summary - Continue SWC React Compiler port work in `crates/swc_ecma_react_compiler`. - Refine reactive dependency collect,bugfix,Rust,Donny/강동윤,2026-03-29 09:49:42+00:00,9,6,1,0,3172,56,9,0,144,7.41,0,clean,TypeScript,2024-2026,1.0,,55.65,0.0,0.74,3
swc-project/swc,0e2075e4addc9771dbe5388b6d30fd4344308bd1,0e2075e4ad,feat(react-compiler): improve Stage A diagnostic parity and validation aggregation (#11745)  ## Summary - improve Stage A diagnostic parity for `swc_ecma_react_compiler` fixtures - align several diagn,bugfix,Rust,Donny/강동윤,2026-03-29 10:09:02+09:00,10,6,1,0,476,36,8,0,37,4.65,0,clean,TypeScript,2024-2026,1.0,,12.86,0.0,0.52,3
swc-project/swc,1c01bbb46ddb33b380b8216235c1e6f2767d0aae,1c01bbb46d,fix(es/decorators): scope 2023-11 implicit-global rewrite to decorator-lifted exprs (#11743)  ## Summary  Fixes #11742.  This change scopes the 2023-11 implicit-global rewrite to only decorator-relate,bugfix,JavaScript,Donny/강동윤,2026-03-30 12:00:20+00:00,12,0,0,0,318,20,11,0,27,3.93,0,clean,TypeScript,2024-2026,1.0,,15.14,0.0,0.33,3
swc-project/swc,89a8c7b7dc7974782926f3a6af98d26303958a45,89a8c7b7dc,chore: Publish crates with `swc_core` `v60.0.0`,other,Unknown,DongYun Kang,2026-03-30 21:39:45+09:00,21,0,0,0,123,98,24,0,0,0.0,0,clean,TypeScript,2024-2026,1.0,,1.24,0.0,0.0,0
swc-project/swc,ede9950d35cdd4968331ac0111cdb413e60f3438,ede9950d35,fix(html/codegen): keep </p> for span-parent paragraphs (#11756)  ## Summary - avoid omitting `</p>` when the parent is `<span>` during HTML tag omission - add regression fixture for `swc_html_codegen,bugfix,Rust,Donny/강동윤,2026-03-31 08:05:42+00:00,8,1,0,0,16,0,7,0,1,129.0,0,clean,TypeScript,2024-2026,1.0,,16.0,0.0,16.12,3
swc-project/swc,a92fa3e8e27f604186a2393284d3deb67a9146f1,a92fa3e8e2,fix(es/minifier): cap deep if_return conditional chains (#11758)  ## Summary - add an internal safety limit for `if_return` chain folding to avoid generating extremely deep nested conditional expressi,bugfix,JavaScript,Donny/강동윤,2026-03-31 08:16:30+00:00,8,1,0,0,1610,0,6,0,4,403.5,0,clean,TypeScript,2024-2026,1.0,,1610.0,0.0,57.64,3
swc-project/swc,7e56fe5cb4dfc3fc1758e2139949107d5eaa8e47,7e56fe5cb4,fix(es/regexp): preserve source for wrapped named groups (#11757)  ## Summary - Preserve original named-group regex source in RegexpPass and pass it as an optional third arg to _wrap_reg_exp. - Extend,bugfix,JavaScript,Donny/강동윤,2026-03-31 08:39:17+00:00,8,1,0,0,149,22,13,0,11,2.91,0,clean,TypeScript,2024-2026,1.0,,6.48,0.0,0.21,3
refinedev/refine,dfbed4f5ff60eabe74219162d73813e87f7505cb,dfbed4f5ff,docs(blog): update to github blog,docs,Unknown,Özgür Akça,2026-03-31 10:29:49+03:00,10,1,0,0,61,25,1,0,0,0.0,0,clean,TypeScript,2024-2026,1.0,,2.35,0.0,0.0,0
swc-project/swc,7d8d11b53ad046cafce6aff76672df41ad276615,7d8d11b53a,refactor(es/minifier): inline usage analyzer and remove crate (#11750)  ## Summary - Inline `swc_ecma_usage_analyzer` into `swc_ecma_minifier` as an internal `usage_analyzer` module tree. - Switch all,feature,Rust,Donny/강동윤,2026-03-31 15:36:09+09:00,15,1,0,0,601,364,33,0,0,0.0,0,clean,TypeScript,2024-2026,1.0,,1.65,0.0,0.0,3
swc-project/swc,669a659c6e29c12eba793e646c6b29002782a84c,669a659c6e,fix(swc_common): make `eat_byte` unsafe to prevent UTF-8 boundary violation (#11731)  Make `Input::eat_byte` an `unsafe fn` to fix a soundness bug where calling it with a non-ASCII byte could split a ,bugfix,Rust,Donny/강동윤,2026-03-31 16:41:44+09:00,16,1,0,0,83,55,7,0,14,5.57,0,clean,TypeScript,2024-2026,1.0,,1.48,0.0,0.7,3
swc-project/swc,cd94a3141621cec617dac7e84c50070cd598ec46,cd94a31416,fix(es/minifier): Handle `toExponential(undefined)` (#11583)  Closes #11572  ---------  Co-authored-by: DongYun Kang <kdy.1997.dev@gmail.com>,bugfix,JavaScript,YuChao Liang,2026-03-31 17:14:13+09:00,17,1,0,0,122,77,5,0,1,26.0,0,clean,TypeScript,2024-2026,1.0,,1.56,0.0,4.33,0
refinedev/refine,e629074665ebd30fffa3d92f8a71be0971339500,e629074665,docs(blog): internal tools:,docs,Unknown,Özgür Akça,2026-03-31 17:31:31+03:00,17,1,0,0,39,6,1,0,0,0.0,0,clean,TypeScript,2024-2026,1.0,,5.57,0.0,0.0,0
refinedev/refine,d1822270f568ccea3f60279d1b72dcffe7f824dd,d1822270f5,fix: remove outdated info,bugfix,Unknown,Özgür Akça,2026-03-31 18:11:42+03:00,18,1,0,0,0,1,1,0,0,0.0,0,clean,TypeScript,2024-2026,1.0,,0.0,0.0,0.0,0
refinedev/refine,59c6470ca0ecff0588f749ef4530312e7537bfdd,59c6470ca0,fix(core): forward custom getList response fields in result (#7372),bugfix,TypeScript,Alican Erdurmaz,2026-04-01 14:40:49+03:00,14,2,0,0,44,0,5,2,3,1.33,0,clean,TypeScript,2024-2026,1.0,,44.0,0.33,0.22,0
payloadcms/payload,750d29f679eeda405fcc3303115e700851b167d2,750d29f679,fix(translations): correct French translation for 'move' action (#14771)  - [X] I did review the [CONTRIBUTING.md](https://github.com/payloadcms/payload/blob/main/CONTRIBUTING.md).  ### What? Changed ,bugfix,TypeScript,Matthieu,2026-04-02 15:36:28-04:00,15,3,0,0,1,1,1,0,0,0.0,0,clean,TypeScript,2024-2026,1.0,,0.5,0.0,0.0,0
payloadcms/payload,05447b7fa90a992eeb7256ec5654bf069135bcad,05447b7fa9,docs: remove JSX comment from content in dashboard (#16156),docs,Unknown,Paul,2026-04-02 15:44:43-04:00,15,3,0,0,0,2,1,0,0,0.0,0,clean,TypeScript,2024-2026,1.0,,0.0,0.0,0.0,0
payloadcms/payload,14b708fd09d4ada60feae5011c2d35dd61a2c354,14b708fd09,fix(templates): typo in with-cloudflare-d1 template (#14243)  <!--  Thank you for the PR! Please go through the checklist below and make sure you've completed all the steps.  Please review the [CONTRI,bugfix,TypeScript,Christian Wesselhoeft,2026-04-02 17:55:50+00:00,17,3,0,0,2,2,1,1,1,1.0,0,clean,TypeScript,2024-2026,1.0,,0.67,0.5,0.5,0
payloadcms/payload,122f4c10c97f6df627ed79de7df4b38823eaaff8,122f4c10c9,feat(plugin-redirects): add Portuguese translation (#15269)  ### What? Adds Portuguese (pt) translations to the redirects plugin.  ### Why? To support Portuguese-speaking users who utilize the redirec,feature,TypeScript,José Eduardo Dias,2026-04-02 18:28:11+00:00,18,3,0,0,15,0,2,0,0,0.0,0,clean,TypeScript,2024-2026,1.0,,15.0,0.0,0.0,0
payloadcms/payload,f3c0bc80c03628bff3ab1c786c74d55568b2b88e,f3c0bc80c0,"refactor(translations): improve German translations for consistency and accuracy (#14439)  As a native German speaker, I noticed several translations that could be made more consistent and natural. Th",feature,TypeScript,Jens Becker,2026-04-02 18:51:48+01:00,18,3,0,0,139,140,3,0,0,0.0,0,clean,TypeScript,2024-2026,1.0,,0.99,0.0,0.0,0
payloadcms/payload,f42b7674f19c7adb7beb4ccdb17bdfe4bb50f34b,f42b7674f1,fix: incorrect 24 hour format comment example (#15649)  ### What?  The code comment for type `CollectionConfig.versions.drafts.schedulePublish.timeFormat` suggests using 'hh:mm' for a 24 hour clock fo,bugfix,TypeScript,Tim @ erdee,2026-04-02 19:04:49+00:00,19,3,0,0,1,1,1,0,0,0.0,0,clean,TypeScript,2024-2026,1.0,,0.5,0.0,0.0,0
payloadcms/payload,c4375bd5a410ecb737991d4b07d6bf46e482d708,c4375bd5a4,"docs:  add warning about Cosmos dB incompatibility (#13350)  Update the docs to warn about Cosmos dB incompatibility with payload, <!--  Thank you for the PR! Please go through the checklist below and",bugfix,Unknown,Adebayo Ajayi,2026-04-02 19:05:00+01:00,19,3,0,0,30,2,1,0,0,0.0,0,clean,TypeScript,2024-2026,1.0,,10.0,0.0,0.0,0
payloadcms/payload,b505e369a093cb3be1a7d692b0c6f8ff90baa425,b505e369a0,"fix(templates): fixed forgot password link (#15037)  ### What? * The ""forgot your password?"" link on the login form was incorrectly redirecting to `<url>/recover-password` resulting in a 404 and user ",bugfix,Unknown,Matthew DeAbreu,2026-04-02 19:13:31+00:00,19,3,0,0,1,1,1,0,1,5.0,0,clean,TypeScript,2024-2026,1.0,,0.5,0.0,2.5,0
payloadcms/payload,941a41f6b45df7356de648d70ce4f2834814ce9f,941a41f6b4,fix(templates): add generated files to ESLint ignores (#15716)  Add payload-types.ts and payload-generated-schema.ts to ESLint ignores across all template eslint.config.mjs files to suppress 'Unused e,bugfix,Unknown,Rot4tion,2026-04-02 19:15:55+01:00,19,3,0,0,11,8,9,0,0,0.0,0,clean,TypeScript,2024-2026,1.0,,1.22,0.0,0.0,0
refinedev/refine,4d60acfd919461f319c71b52195aff0c23ce904f,4d60acfd91,ci(changesets): version packages (#7373)  Co-authored-by: github-actions[bot] <41898282+github-actions[bot]@users.noreply.github.com>,other,Unknown,Refine Community Bot,2026-04-02 19:28:50+03:00,19,3,0,0,347,346,173,0,0,0.0,0,clean,TypeScript,2024-2026,1.0,,1.0,0.0,0.0,0
payloadcms/payload,cf0a8838eb970fc4d399ce3a0a481d6d2ae2e6de,cf0a8838eb,chore(templates): remove redundant condition check (#12130)  <!--  Thank you for the PR! Please go through the checklist below and make sure you've completed all the steps.  Please review the [CONTRIB,bugfix,Unknown,Eduardo Würch,2026-04-02 19:44:11+00:00,19,3,0,0,18,22,1,0,2,10.0,0,clean,TypeScript,2024-2026,1.0,,0.78,0.0,5.0,0
payloadcms/payload,2011f28233b38494cdbc1ec3e2eab81386725e20,2011f28233,"fix(templates): tailwind file extension is wrong in website template components.json file (#9342)  **symptoms:**  when using website template default, if you then want to add more shadcn components on",bugfix,Unknown,marketsystems,2026-04-02 20:01:30+00:00,20,3,0,0,1,1,1,0,0,0.0,0,clean,TypeScript,2024-2026,1.0,,0.5,0.0,0.0,0
payloadcms/payload,c8332e7756800c43246b533d7c8ca8ff46206b0b,c8332e7756,feat: add missing disableErrors to globals findOne operation (#14913)  ### What?  This PR introduces the `disableErrors` option into the global `findOne` operation.  ### Why?  `disableErrors` is handy,feature,TypeScript,Riley Langbein,2026-04-02 20:15:02+01:00,20,3,0,0,31,3,3,1,2,18.5,0,clean,TypeScript,2024-2026,1.0,,7.75,0.25,4.62,0
swc-project/swc,71feafb4bc79883a558164e9543ae4ecedc9187e,71feafb4bc,fix(es/minifier): Inline prop shorthand in computed props (#11760)  **Description:**  Cannot believe it's a hidden bug from two years ago.  **Related issue:**  Closes #11755,bugfix,JavaScript,Austaras,2026-04-02 20:43:25+01:00,20,3,0,0,43,5,5,0,7,2.43,0,clean,TypeScript,2024-2026,1.0,,7.17,0.0,0.4,0
swc-project/swc,7aa509499cb5bd4332b06d5dd528e791144a87ae,7aa509499c,chore: Publish crates with `swc_core` `v61.0.0`,other,Unknown,DongYun Kang,2026-04-02 20:45:22+01:00,20,3,0,0,794,834,107,0,0,0.0,0,clean,TypeScript,2024-2026,1.0,,0.95,0.0,0.0,0
swc-project/swc,169c96107357653fa0d1c0feb715aa2312481e0a,169c961073,ci: add manual Publish crates workflow (#11763)  ## Summary - add a new manual GitHub Actions workflow named `Publish crates` - keep the existing auto workflow untouched - run publish steps in fixed o,bugfix,Unknown,Donny/강동윤,2026-04-02 22:15:39+01:00,22,3,0,1,63,0,1,0,0,0.0,0,clean,TypeScript,2024-2026,1.0,,63.0,0.0,0.0,3
swc-project/swc,236eff01dd30e780596ed33704b85bf91491bc10,236eff01dd,ci: add misc npm publish workflow (#11764)  ## Summary - Add a new workflow named `Publish misc packages`. - Support manual publishing of `@swc/types` and `@swc/helpers` via `workflow_dispatch`. - Add,bugfix,Unknown,Donny/강동윤,2026-04-02 22:20:01+01:00,22,3,0,1,70,0,1,0,0,0.0,0,clean,TypeScript,2024-2026,1.0,,70.0,0.0,0.0,3
swc-project/swc,52303ecaacdec85cac9b3200e1ab1dd3863d3f5c,52303ecaac,chore: Bump `@swc/helpers` `to v0.5.21`,other,Unknown,DongYun Kang,2026-04-02 22:23:44+01:00,22,3,0,1,1,1,1,0,0,0.0,0,clean,TypeScript,2024-2026,1.0,,0.5,0.0,0.0,0
swc-project/swc,9afbb308d593e13b22b451f81975e504d410c30b,9afbb308d5,chore: Publish crates with `swc_core` `v61.0.1`,other,Unknown,SWC Bot,2026-04-03 04:16:13+00:00,4,4,0,1,132,87,56,0,0,0.0,0,clean,TypeScript,2024-2026,1.0,,1.5,0.0,0.0,0
swc-project/swc,18d2eca31a0485477790eaa1259c3a560cdbd467,18d2eca31a,chore: Publish `1.15.23-nightly-20260403.1` with `swc_core` `v61.0.1`,other,Unknown,SWC Bot,2026-04-03 04:26:43+00:00,4,4,0,1,112,112,59,0,0,0.0,0,clean,TypeScript,2024-2026,1.0,,0.99,0.0,0.0,0
swc-project/swc,a0aab42c988705400396aa11edbb38e4b65ee611,a0aab42c98,chore: Update changelog,other,Unknown,SWC Bot,2026-04-03 04:26:45+00:00,4,4,0,1,1,10,2,0,0,0.0,0,clean,TypeScript,2024-2026,1.0,,0.09,0.0,0.0,0
swc-project/swc,43a2c549140827a9fcf2d76afa996f865d1d7c15,43a2c54914,chore: update cargo-mono to 0.6.5 in CI (#11765)  ## Summary - update the cargo-mono install step in CI to 0.6.5 - update the cargo-mono install step in crate publishing workflow to 0.6.5  ## Verifica,other,Unknown,Donny/강동윤,2026-04-03 05:13:39+01:00,5,4,0,1,7,2,3,0,0,0.0,0,clean,TypeScript,2024-2026,1.0,,2.33,0.0,0.0,3
sequelize/sequelize,1e3e5f40f9b4cf0826c5433ae7191d0839af417a,1e3e5f40f9,meta: update dependency @oclif/core to ^4.10.4,other,Unknown,renovate[bot],2026-04-03 08:27:03+00:00,8,4,0,0,6,6,2,0,0,0.0,0,clean,TypeScript,2024-2026,1.0,,0.86,0.0,0.0,0
swc-project/swc,49f32d66436358cda0f1f7c7e611a1da2b747312,49f32d6643,chore: Fix invalid cargo publish state,bugfix,Unknown,Donny/강동윤,2026-04-03 10:12:22+01:00,10,4,0,0,5,0,1,0,0,0.0,0,clean,TypeScript,2024-2026,1.0,,5.0,0.0,0.0,3
swc-project/swc,cd3dc011b4087386a498224563e38dffd75cbf7b,cd3dc011b4,chore: Publish crates with `swc_core` `v62.0.0`,other,Unknown,DongYun Kang,2026-04-03 10:19:16+01:00,10,4,0,0,798,817,103,0,0,0.0,0,clean,TypeScript,2024-2026,1.0,,0.98,0.0,0.0,0
sequelize/sequelize,146cb9160eb07be9385c9e6aa7cda71ff5c7cb20,146cb9160e,meta: update dependency @oclif/plugin-help to ^6.2.41,other,Unknown,renovate[bot],2026-04-03 14:10:14+00:00,14,4,0,0,6,6,2,0,0,0.0,0,clean,TypeScript,2024-2026,1.0,,0.86,0.0,0.0,0
sequelize/sequelize,54d6d0ae44b18df21a1d0343403cb5f2eaa6854a,54d6d0ae44,meta: update dependency lodash to v4.18.1 [security],other,Unknown,renovate[bot],2026-04-03 18:01:07+00:00,18,4,0,0,6,6,2,0,0,0.0,0,clean,TypeScript,2024-2026,1.0,,0.86,0.0,0.0,0
sequelize/sequelize,0ddf42189c8d40833e1ca1f6fe26ccf3542811ac,0ddf42189c,meta: update dependency @types/node to v22.19.17,other,Unknown,renovate[bot],2026-04-03 21:01:15+00:00,21,4,0,0,6,6,2,0,0,0.0,0,clean,TypeScript,2024-2026,1.0,,0.86,0.0,0.0,0
sequelize/sequelize,9f5df660b649139caaab5061ff07bfbe97ee844d,9f5df660b6,meta: update dependency lodash to ^4.18.1,other,Unknown,renovate[bot],2026-04-04 02:13:48+00:00,2,5,1,1,25,25,13,0,0,0.0,0,clean,TypeScript,2024-2026,1.0,,0.96,0.0,0.0,0
swc-project/swc,829a68e4f9f8b15b3f272979755e67ca74816c02,829a68e4f9,chore: Publish `1.15.24-nightly-20260404.1` with `swc_core` `v62.0.0`,other,Unknown,SWC Bot,2026-04-04 04:42:20+00:00,4,5,1,1,64,64,59,0,0,0.0,0,clean,TypeScript,2024-2026,1.0,,0.98,0.0,0.0,0
sequelize/sequelize,bd37300641f9af2728190daa2200592cb7c38cbe,bd37300641,meta: update dependency node to v20.20.2,other,Unknown,renovate[bot],2026-04-04 05:28:40+00:00,5,5,1,1,4,4,1,0,0,0.0,0,clean,TypeScript,2024-2026,1.0,,0.8,0.0,0.0,0
swc-project/swc,c4d229dddbf1bee3a1faac83991f1fbfd91b2c0d,c4d229dddb,chore: Publish `1.15.24` with `swc_core` `v62.0.0`,other,Unknown,SWC Bot,2026-04-04 06:28:47+00:00,6,5,1,0,64,64,59,0,0,0.0,0,clean,TypeScript,2024-2026,1.0,,0.98,0.0,0.0,0
swc-project/swc,87dee576923cc85687b281bc762b9e56c26ab7c6,87dee57692,chore: Update changelog,other,Unknown,SWC Bot,2026-04-04 06:28:48+00:00,6,5,1,0,1,7,2,0,0,0.0,0,clean,TypeScript,2024-2026,1.0,,0.12,0.0,0.0,0
sequelize/sequelize,df8e8fcfd5f491cb3915eb78f558a95772004db0,df8e8fcfd5,meta: update dependency validator to ^13.15.35,other,Unknown,renovate[bot],2026-04-04 09:30:27+00:00,9,5,1,0,6,6,2,0,0,0.0,0,clean,TypeScript,2024-2026,1.0,,0.86,0.0,0.0,0
sequelize/sequelize,c8f4aaf377623cb8291a8a20980de4daa6df6555,c8f4aaf377,feat(core): add support for readonly attribute arrays (#18186),feature,TypeScript,Alyx,2026-04-04 18:40:04+00:00,18,5,1,0,32,77,8,0,5,1.0,0,clean,TypeScript,2024-2026,1.0,,0.41,0.0,0.11,0
sequelize/sequelize,1ee4fb83bf3e83a2ff61904c014a59d1b5c87cc5,1ee4fb83bf,meta: update sequelize AUTHORS (#18158)  Co-authored-by: SequelizeJS <mail@sequelizejs.com>,other,Unknown,github-actions[bot],2026-04-04 20:57:20+00:00,20,5,1,0,2,0,1,0,0,0.0,0,clean,TypeScript,2024-2026,1.0,,2.0,0.0,0.0,0
sequelize/sequelize,d4993449fcd49bcb159ea4fc689b728a3a5fb2a8,d4993449fc,"feat: add Node 24 support, drop Node 18 (#18185)  Co-authored-by: Rik Smale <git@riksmale.info> Co-authored-by: Claude Sonnet 4.6 <noreply@anthropic.com> Co-authored-by: Alyx <zoe@ephys.dev>   BREAKIN",feature,TypeScript,Rik Smale,2026-04-04 22:06:54+02:00,22,5,1,1,55,53,10,2,5,1.2,0,clean,TypeScript,2024-2026,1.0,,1.02,0.18,0.11,0
sequelize/sequelize,3d7adbf8d4b8a885249a372b6c6489f45cd4bc0c,3d7adbf8d4,meta: update dependency @oclif/core to ^4.10.5 (#18187)  Co-authored-by: renovate[bot] <29139614+renovate[bot]@users.noreply.github.com>,other,Unknown,renovate[bot],2026-04-04 23:13:10+00:00,23,5,1,1,16,16,2,0,0,0.0,0,clean,TypeScript,2024-2026,1.0,,0.94,0.0,0.0,0
sequelize/sequelize,81af5e32e316f9bf1589b12e3f29803e60ca7e5d,81af5e32e3,meta: update dependency @oclif/plugin-help to ^6.2.42 (#18191)  Co-authored-by: renovate[bot] <29139614+renovate[bot]@users.noreply.github.com>,other,Unknown,renovate[bot],2026-04-05 04:58:21+00:00,4,6,1,1,6,6,2,0,0,0.0,0,clean,TypeScript,2024-2026,1.0,,0.86,0.0,0.0,0
sequelize/sequelize,ccb0e538417da8fc4856efa115b48027e89c53b3,ccb0e53841,meta: update dependency esbuild to v0.28.0 (#18192)  Co-authored-by: renovate[bot] <29139614+renovate[bot]@users.noreply.github.com>,other,Unknown,renovate[bot],2026-04-05 06:10:02+00:00,6,6,1,0,111,111,2,0,0,0.0,0,clean,TypeScript,2024-2026,1.0,,0.99,0.0,0.0,0
sequelize/sequelize,935210a370b61f0733413373234f4a3497cc07c6,935210a370,meta: update dependency @oclif/plugin-help to ^6.2.43 (#18195)  Co-authored-by: renovate[bot] <29139614+renovate[bot]@users.noreply.github.com>,other,Unknown,renovate[bot],2026-04-05 11:11:14+00:00,11,6,1,0,6,6,2,0,0,0.0,0,clean,TypeScript,2024-2026,1.0,,0.86,0.0,0.0,0
sequelize/sequelize,320e7f21bfc65e9e40059c64eaa90a04dd5fc7c2,320e7f21bf,meta: update sequelize AUTHORS (#18190)  Co-authored-by: SequelizeJS <mail@sequelizejs.com> Co-authored-by: Rik Smale <13023439+WikiRik@users.noreply.github.com>,other,Unknown,github-actions[bot],2026-04-05 12:10:43+00:00,12,6,1,0,1,0,1,0,0,0.0,0,clean,TypeScript,2024-2026,1.0,,1.0,0.0,0.0,0
sequelize/sequelize,260230eb94e170257aff57c1b8dca4c55ae1b7b8,260230eb94,fix(core): replace @typeParam with @template in JSDoc (#18094)  Co-authored-by: copilot-swe-agent[bot] <198982749+Copilot@users.noreply.github.com> Co-authored-by: renovate[bot] <29139614+renovate[bot,bugfix,TypeScript,Copilot,2026-04-05 13:38:04+00:00,13,6,1,0,52,52,6,0,0,0.0,0,clean,TypeScript,2024-2026,1.0,,0.98,0.0,0.0,0
sequelize/sequelize,dc42e765f91b1915cdb162bc083248d5904c0d46,dc42e765f9,meta: update dependency @oclif/test to v4.1.18 (#18198)  Co-authored-by: renovate[bot] <29139614+renovate[bot]@users.noreply.github.com>,test,Unknown,renovate[bot],2026-04-05 14:54:05+00:00,14,6,1,0,6,6,2,0,0,0.0,0,clean,TypeScript,2024-2026,1.0,,0.86,0.0,0.0,0
sequelize/sequelize,5ed1d10d420bb979584eb4688cddab43a8f02b32,5ed1d10d42,feat(core): Add support for UUID v7 (#17832),feature,TypeScript,ihmpavel,2026-04-05 14:57:19+02:00,14,6,1,0,94,24,11,4,15,1.6,0,clean,TypeScript,2024-2026,1.0,,3.76,0.33,0.13,0
sequelize/sequelize,1926dd5d90c8c9dcf23cd6aeae1c514acb7469b5,1926dd5d90,meta: automatically mark unfinished PRs as draft (#18197),other,Unknown,Alyx,2026-04-05 15:44:58+00:00,15,6,1,0,10,4,1,0,0,0.0,0,clean,TypeScript,2024-2026,1.0,,2.0,0.0,0.0,0
sequelize/sequelize,a39e9a545c94b78d027fa14f7308408881ea4cdc,a39e9a545c,meta: use Sequelize Bot for drafting PRs (#18201),other,Unknown,Alyx,2026-04-05 16:57:13+00:00,16,6,1,0,8,0,1,0,0,0.0,0,clean,TypeScript,2024-2026,1.0,,8.0,0.0,0.0,0
refinedev/refine,d5eeb95ec8b9b4894782d00dd602a4aea2a40e78,d5eeb95ec8,docs(blog): add the develop app with ai blog,feature,Unknown,Özgür Akça,2026-04-06 10:58:51+03:00,10,0,0,0,196,0,1,0,0,0.0,0,clean,TypeScript,2024-2026,1.0,,196.0,0.0,0.0,0
sequelize/sequelize,1547f9468221ce72ae27ed4144ad7cf6ca1c5cbb,1547f94682,"feat(core): add `sql.random`, improve `Order` typing (#18203)",feature,TypeScript,Alyx,2026-04-06 20:20:19+02:00,20,0,0,0,508,293,32,13,24,1.42,0,clean,TypeScript,2024-2026,1.0,,1.73,0.39,0.04,0
payloadcms/payload,4e48706269e3f7e4996da4995513a5c4934a14c3,4e48706269,fix(translations): fix Swedish unpublish translations and capitalization (#15353)  ### What?  Additional fixes to Swedish translations.  ### Why?  #14667 added some new strings which weren't accuratel,bugfix,TypeScript,Marcus Forsberg,2026-04-07 07:44:35-07:00,7,1,0,0,7,7,1,0,0,0.0,0,clean,TypeScript,2024-2026,1.0,,0.88,0.0,0.0,0
payloadcms/payload,78a27abfbd040b3412471247bf8caa81ed9fac74,78a27abfbd,fix(db-mongodb): update mongoose-paginate-v2 to fix collation pagination (#16049)  ## Summary  - Upgrades mongoose-paginate-v2 from 1.8.5 to 1.9.4 with my [fix](https://github.com/aravindnc/mongoose-p,bugfix,TypeScript,Jarrod Flesch,2026-04-07 11:02:22-04:00,11,1,0,0,1878,1657,3,0,2,13.0,0,clean,TypeScript,2024-2026,1.0,,1.13,0.0,3.25,12
sequelize/sequelize,639c646a5ef45022d66f4c955a735e0d732a6650,639c646a5e,feat(postgres): replace pg-hstore with inline hstore parser (#18151)  Co-authored-by: Rik Smale <git@riksmale.info> Co-authored-by: Claude Sonnet 4.6 <noreply@anthropic.com>,feature,JavaScript,Rik Smale,2026-04-07 13:00:11+02:00,13,1,0,0,269,97,22,2,22,12.14,0,clean,TypeScript,2024-2026,1.0,,2.74,0.09,0.53,0
payloadcms/payload,1ddeb60d4b5ccef09fae9c1f87b6ca4a67534b17,1ddeb60d4b,"fix(ui): unpublish button missing for globals and version count incorrectly incrementing after unpublish (#16203)  # Overview  Fixes the unpublish button not appearing for globals, and fixes the versi",bugfix,TypeScript,Patrik,2026-04-07 13:48:10-07:00,13,1,0,0,159,9,8,2,4,24.25,0,clean,TypeScript,2024-2026,1.0,,15.9,0.22,2.69,6
payloadcms/payload,23b0f1b6ca435f25d8fc30e327ee96ac9243858e,23b0f1b6ca,feat(ui): export drag-and-drop components (#12626)  <!--  Thank you for the PR! Please go through the checklist below and make sure you've completed all the steps.  Please review the [CONTRIBUTING.md],bugfix,TypeScript,Said Akhrarov,2026-04-07 14:38:12+01:00,14,1,0,0,3,0,1,0,0,0.0,0,clean,TypeScript,2024-2026,1.0,,3.0,0.0,0.0,0
payloadcms/payload,ac16116e70ba371aeb743bc64f39a57f8aca8d3a,ac16116e70,"chore(richtext-lexical): improve Swedish translations (#15273)  ## What  Improved Swedish translations for the built-in Lexical features:  - align: Normalized terminology and fixed ""justify"" which was",bugfix,TypeScript,Marcus Forsberg,2026-04-07 15:10:55+00:00,15,1,0,0,7,7,5,0,0,0.0,0,clean,TypeScript,2024-2026,1.0,,0.88,0.0,0.0,0
payloadcms/payload,3a1f31a1e11ef7ef83d969205ba9bc5d6d6cb985,3a1f31a1e1,fix(ui): relationship filter duplicate options when switching operators (#16204)  Fixes https://github.com/payloadcms/payload/issues/15947  ## Summary - Fixes duplicate options appearing in relationsh,bugfix,TypeScript,Jarrod Flesch,2026-04-07 16:57:26-04:00,16,1,0,0,188,3,3,2,4,1.25,0,clean,TypeScript,2024-2026,1.0,,47.0,0.5,0.31,12
payloadcms/payload,05ddec18f9e0ea243f5d0b0d81af6b283693d74c,05ddec18f9,feat: disambiguate media files by prefix via query parameter (#15844)  Add optional `?prefix=` query string support to the existing `/api/:collection/file/:filename` endpoint to disambiguate files tha,bugfix,TypeScript,Tyler Schwartz,2026-04-07 17:32:04-04:00,17,1,0,0,534,41,24,8,27,6.19,0,clean,TypeScript,2024-2026,1.0,,12.71,0.32,0.25,0
swc-project/swc,fff1426c86cd47d0d879c5e7c4f029c4adb132e7,fff1426c86,fix(es/transforms): rewrite class references in non-static members (#11772)  **Description:**  Decorated class declarations with lifted static members failed to rewrite class self-references inside in,bugfix,JavaScript,CPunisher,2026-04-07 19:49:58+02:00,19,1,0,0,65,2,5,0,5,8.4,0,clean,TypeScript,2024-2026,1.0,,21.67,0.0,1.4,0
payloadcms/payload,ac085cd2c331ae50dd072fb6f4d2ef4b53ea610e,ac085cd2c3,docs: fix typo in Collection Config docs (collection → collections) (#16183)  ### What?  Fix incorrect property name in documentation for defining a Collection Config.  ### Why?  The documentation inc,bugfix,Unknown,Mohsen,2026-04-07 19:51:58+00:00,19,1,0,0,1,1,1,0,0,0.0,0,clean,TypeScript,2024-2026,1.0,,0.5,0.0,0.0,0
payloadcms/payload,b13c5c9ac79e87735207288ad34a75251a73ce0a,b13c5c9ac7,fix(ui): exclude unnamed tab labels from filter and groupBy field options (#9965)  ### What?  Currently when showing available columns to filter on and group by it will show fields inside tabs prepend,bugfix,TypeScript,Anders Semb Hermansen,2026-04-07 20:13:23+01:00,20,1,0,0,23,26,3,2,4,4.5,0,clean,TypeScript,2024-2026,1.0,,0.85,0.5,1.12,0
payloadcms/payload,5af591c0e9cc4f4c337933825287a38b6b7c0225,5af591c0e9,chore: upgrade vitest and @vitest/ui to 4.1.2 (#16154)  ## Summary  - Bump `vitest` from 4.0.15 to 4.1.2 (root + test/) - Bump `@vitest/ui` from 4.0.15 to 4.1.2 (root) - Fix `graphql` module alias in ,bugfix,TypeScript,German Jablonski,2026-04-07 20:46:57+01:00,20,1,0,0,1804,1968,4,1,0,0.0,0,clean,TypeScript,2024-2026,1.0,,0.92,0.2,0.0,0
swc-project/swc,d323c55e137ca82aac02fb6b4c57dcaa0e9f7927,d323c55e13,chore: Publish crates with `swc_core` `v63.0.0`,other,Unknown,SWC Bot,2026-04-08 05:23:23+00:00,5,2,0,1,134,146,78,0,0,0.0,0,clean,TypeScript,2024-2026,1.0,,0.91,0.0,0.0,0
swc-project/swc,02db0d47e3763473e0de5772ff5b9e753cf770c5,02db0d47e3,chore: Publish crates with `swc_core` `v63.1.0`,other,Unknown,SWC Bot,2026-04-08 05:50:32+00:00,5,2,0,1,114,106,43,0,0,0.0,0,clean,TypeScript,2024-2026,1.0,,1.07,0.0,0.0,0
swc-project/swc,86a4c383b8da40a53bad1b1b5098227d3087927c,86a4c383b8,"feat(swc_config): add Hash/Eq for options and CachedRegex (#11775)  **Description:**  I'm a member from [utooland](https://github.com/utooland), a bundler based on turbopack. I'm working on expanding ",feature,Rust,郁蒸十四,2026-04-08 07:20:21+02:00,7,2,0,0,103,11,4,0,7,1.14,0,clean,TypeScript,2024-2026,1.0,,8.58,0.0,0.23,0
swc-project/swc,450bdfa14f61ca008f5399d7292d5d9bc5e07380,450bdfa14f,refactor(es/minifier): Inline into shorthand prop early (#11766),refactor,JavaScript,Austaras,2026-04-08 07:44:46+02:00,7,2,0,0,573,88,51,0,48,1.79,0,clean,TypeScript,2024-2026,1.0,,6.44,0.0,0.03,0
swc-project/swc,85aa4a8b95f08d97df47d11f5c2fd11f7db97381,85aa4a8b95,fix(es/typescript): Handle TypeScript expressions in enum transformation (#11769)  **Related issue:**   - Closes #11761,bugfix,TypeScript,magic-akari,2026-04-08 07:47:51+02:00,7,2,0,0,282,57,23,0,27,2.26,0,clean,TypeScript,2024-2026,1.0,,4.86,0.0,0.09,0
payloadcms/payload,59af15678dd0cb52ef481e6311467dcc6f18fcde,59af15678d,"fix(drizzle): convert equals/not_equals to in/not_in for hasMany relationship array values (#15766)  ### What?  When the value is an array, converts `equals` → `in` and `not_equals` → `not_in` for rel",bugfix,TypeScript,Maxim Seshuk,2026-04-08 08:36:49-07:00,8,2,0,0,105,1,3,1,2,31.5,0,clean,TypeScript,2024-2026,1.0,,52.5,0.25,7.88,0
payloadcms/payload,7f8357173eec776a6aced0162fbe020c632a6908,7f8357173e,"fix(next): fix hmr, bump minimum required next.js 16 version to 16.2.2 (#16202)  Next.js <16.2.2 requires the `--no-server-fast-refresh` flag appended to the `next dev` command in order for HMR to wor",bugfix,JavaScript,Alessio Gravili,2026-04-08 11:49:56-04:00,11,2,0,0,2087,2059,18,0,2,11.0,0,clean,TypeScript,2024-2026,1.0,,1.01,0.0,0.58,14
payloadcms/payload,43f0d20ce59a1f6dc5aaf615481d069e8d056ed9,43f0d20ce5,chore(release): v3.82.0 [skip ci],other,Unknown,Dan Ribbens,2026-04-08 12:02:24-04:00,12,2,0,0,43,43,43,0,0,0.0,0,clean,TypeScript,2024-2026,1.0,,0.98,0.0,0.0,7
payloadcms/payload,79c8d7e898f02bdf7ffec60beacf7c7689e30612,79c8d7e898,"templates: bump to 3.82.0, remove --no-server-fast-refresh flag (#16212)  - bumps templates to Payload 3.82.0 - removes the --no-server-fast-refresh flag from templates dev script, as [it is no longer",other,TypeScript,Alessio Gravili,2026-04-08 12:29:40-07:00,12,2,0,0,85,89,24,0,4,10.0,0,clean,TypeScript,2024-2026,1.0,,0.94,0.0,0.4,14
payloadcms/payload,b278a174d84d3d4214a97fbdab2eb30911ed6947,b278a174d8,chore(templates): add type detection on getGlobal utility (#11617)  ### What?  Added proper type detection to the global data fetching utilities in the form builder example. Enhanced the getGlobal and,feature,TypeScript,Pierre Cabrière,2026-04-08 13:54:14+00:00,13,2,0,0,23,36,11,0,23,1.35,0,clean,TypeScript,2024-2026,1.0,,0.62,0.0,0.11,0
payloadcms/payload,b67882c11eef0d071ec4a58d1829385de30eef7d,b67882c11e,refactor(plugin-seo): rename non-JSX files from .tsx to .ts (#14418)  ### What?  Renamed three non-JSX source files in `@payloadcms/plugin-seo` from `.tsx` to `.ts` extension and updated `package.json,refactor,TypeScript,Jens Becker,2026-04-08 14:36:12+00:00,14,2,0,0,5,5,4,0,0,0.0,0,clean,TypeScript,2024-2026,1.0,,0.83,0.0,0.0,0
payloadcms/payload,ebbd6adda5716ac78478d96484142358b3a882a4,ebbd6adda5,"feat(plugin-search): pass collection slug to `beforeSync` hook (#11581)  The following is the use case.  ```typescript plugins: [     searchPlugin({       collections: ['products', 'posts'],       bef",feature,TypeScript,JianJroh,2026-04-08 15:26:14+01:00,15,2,0,0,2,0,2,0,1,43.0,0,clean,TypeScript,2024-2026,1.0,,2.0,0.0,14.33,0
refinedev/refine,3e9c66286c3a83c9d54852add2246915b6964a08,3e9c66286c,docs(blog): retool blog,docs,Unknown,Özgür Akça,2026-04-08 15:31:54+03:00,15,2,0,0,132,0,1,0,0,0.0,0,clean,TypeScript,2024-2026,1.0,,132.0,0.0,0.0,0
payloadcms/payload,49314582adaa6f1a79c4e90a3ce2b735b9672534,49314582ad,templates: fix tailwind typography config so that it works better with shadcn CLI (#16209)  Typography config as a function can cause issues with automatic merging from the shadcn CLI so this just cha,bugfix,Unknown,Paul,2026-04-08 15:48:09+01:00,15,2,0,0,6,6,3,0,3,1.0,0,clean,TypeScript,2024-2026,1.0,,0.86,0.0,0.25,0
payloadcms/payload,11adc9dc6afdfaa80904d1ca4ed3a8bc145f17c3,11adc9dc6a,fix(next): use correct config key for disabling turbo server fast refresh (#16215)  The previous PR set `enableServerFastRefresh: false` which was not the correct config key - it should be `turbopackS,bugfix,JavaScript,Alessio Gravili,2026-04-08 16:21:46-04:00,16,2,0,0,1,1,1,0,1,13.0,0,clean,TypeScript,2024-2026,1.0,,0.5,0.0,6.5,14
payloadcms/payload,7ccc3f0aab25f33d22309a80a92afc4e43defc49,7ccc3f0aab,"perf(storage-s3): avoid getObject call if ETag matches (#15295)  ### What?  Avoid unnecessary getObject call to S3 when the ETag matches.  ### Why?  Range support introduced an early headObject call, ",feature,TypeScript,Anders Semb Hermansen,2026-04-08 18:14:20+00:00,18,2,0,0,50,18,2,1,2,16.5,0,clean,TypeScript,2024-2026,1.0,,2.63,0.33,5.5,0
swc-project/swc,8f176cc907093bc80c6792744ea215b69ff62efb,8f176cc907,docs: Document Flow strip support (#11778)  ## Summary  This PR documents the current Flow parse/strip path across the Rust and JS surfaces.  ## What Changed  - added a Flow parsing example to `swc_ec,bugfix,Rust,Donny/강동윤,2026-04-09 04:47:04+02:00,4,3,0,1,385,8,11,0,3,4.33,0,clean,TypeScript,2024-2026,1.0,,42.78,0.0,0.36,3
payloadcms/payload,0554b50285e3e90e9472f6f0dc91a552467d2d76,0554b50285,fix(plugin-nested-docs): await populateBreadcrumbs in resaveChildren (#15582)  Fixes https://github.com/payloadcms/payload/issues/14943  ## Summary  The async `populateBreadcrumbs()` function was not ,bugfix,TypeScript,William Ding,2026-04-09 09:09:15-04:00,9,3,0,0,202,2,2,1,2,4.5,0,clean,TypeScript,2024-2026,1.0,,67.33,0.33,1.5,0
payloadcms/payload,ade4501836417e8eb9ba43a25c0a60a8e233cfab,ade4501836,chore(release): v3.82.1 [skip ci],other,Unknown,Dan Ribbens,2026-04-09 09:15:20-04:00,9,3,0,0,43,43,43,0,0,0.0,0,clean,TypeScript,2024-2026,1.0,,0.98,0.0,0.0,7
payloadcms/payload,72396f6c1bbdca346f913d8655bc002e5b825144,72396f6c1b,"fix: default virtual fields to readOnly in admin UI (#16016)  ### What?  Virtual fields (`virtual: true` or `virtual: ""path""`) now default to `admin.readOnly: true` during field sanitization.  ### Why",bugfix,TypeScript,Jens Becker,2026-04-09 10:23:27-07:00,10,3,0,0,92,1,2,1,3,49.67,0,clean,TypeScript,2024-2026,1.0,,46.0,0.33,16.56,0
refinedev/refine,61f0b2563b7b426de617807a30bc308b971dd12a,61f0b2563b,docs(blog): fix tags,bugfix,Unknown,Özgür Akça,2026-04-09 11:19:54+03:00,11,3,0,0,1,1,1,0,0,0.0,0,clean,TypeScript,2024-2026,1.0,,0.5,0.0,0.0,0
swc-project/swc,a0716503cc2b359ff6620d0ae5c0e8afaa18c185,a0716503cc,chore: Publish crates with `swc_core` `v63.1.1`,other,Unknown,SWC Bot,2026-04-09 11:45:54+00:00,11,3,0,0,183,192,93,0,0,0.0,0,clean,TypeScript,2024-2026,1.0,,0.95,0.0,0.0,0
payloadcms/payload,2a26b5ac6e54ebedcc191425bc08d717028dd95f,2a26b5ac6e,"fix: parse JSON string where query param (#15745)  ### What?  Support `where` sent as a JSON string in REST API requests (e.g. `?where={""read"":{""equals"":false}}`). Previously the filter was silently i",bugfix,TypeScript,Hugo Duarte,2026-04-09 12:17:23-07:00,12,3,0,0,22,1,2,1,2,8.5,0,clean,TypeScript,2024-2026,1.0,,11.0,0.33,2.83,0
payloadcms/payload,067e14feae421a707651fa736b5e689808f20a3a,067e14feae,"fix: localized array,group,blocks fields duplicate with empty values (#15849)  ### What?   Localized blocks, array, and group fields are empty when              duplicating a selected locale.  ### Why",bugfix,TypeScript,jakobpevec,2026-04-09 12:57:03-04:00,12,3,0,0,348,35,2,1,3,18.33,0,clean,TypeScript,2024-2026,1.0,,9.67,0.33,6.11,0
swc-project/swc,7d2e94ce379ba8fc738a5697299cdb9a3c748e8a,7d2e94ce37,feat(swc_common): add SourceMapper.map_raw_pos (#11777)  **Description:**  #10560 added `Files.map_raw_pos` which can be used to translate BytePos before generating the sourcemap.  The same is also ne,feature,Rust,Niklas Mischkulnig,2026-04-09 13:43:12+02:00,13,3,0,0,16,1,3,0,2,3.0,0,clean,TypeScript,2024-2026,1.0,,8.0,0.0,0.75,0
payloadcms/payload,be6c44322aa540c4ada835d626f6ecade9d51498,be6c44322a,docs: fix incorrect select syntax example in querying docs (#14590)  ### What?  Fix incorrect select example in the querying docs. The docs showed `select: [{ title: true }]` which is not valid. Updat,bugfix,Unknown,Syazwan,2026-04-09 13:59:52+01:00,13,3,0,0,2,2,1,0,0,0.0,0,clean,TypeScript,2024-2026,1.0,,0.67,0.0,0.0,0
payloadcms/payload,57e71f509766999c09a6b0f69546504f6ee03b70,57e71f5097,fix(email-resend): support path and preserve base64 content in mapAttachments (#16094)  Fixes #16093  ## Problem  The `mapAttachments` function in `@payloadcms/email-resend` has two bugs:  ### Bug 1: ,bugfix,TypeScript,guoyangzhen,2026-04-09 14:27:16+01:00,14,3,0,0,115,5,2,1,5,4.6,0,clean,TypeScript,2024-2026,1.0,,19.17,0.33,1.53,0
payloadcms/payload,b3d20542d41e3139bcc5bd5434abb4aee21aac7b,b3d20542d4,feat(plugin-form-builder): change checkbox label from 'Default Value' to 'Checked by default' (#15229)  ### What? Changed the default value label text in form builder for type checkbox.  ### Why? The ,feature,TypeScript,Marius,2026-04-09 14:27:32+01:00,14,3,0,0,1,1,1,0,0,0.0,0,clean,TypeScript,2024-2026,1.0,,0.5,0.0,0.0,0
payloadcms/payload,79f4cc7fae5052a861744e0147207d131b38a216,79f4cc7fae,"fix: fixes importMap type in monorepo usage (#15203)  ### What?  Adds a `/** @type import(""payload"").ImportMap */` annotation to the generated importMap.  ### Why?  In a monorepo, it's common to use [",bugfix,TypeScript,Shane Friedman,2026-04-09 14:27:50+01:00,14,3,0,0,1,0,1,0,1,7.0,0,clean,TypeScript,2024-2026,1.0,,1.0,0.0,3.5,0
payloadcms/payload,af1a93209857f6fee477b96219d16298dce46b5a,af1a932098,fix(db-postgres): bump `drizzle-orm` to `0.45.2` to resolve an SQL injection vulnerability and `pg` to `8.20.0` (#16168)  ### What?  Upgrade `drizzle-orm` from 0.44.7 to 0.45.2 and `pg` from 8.16.3 to,bugfix,TypeScript,Siim Sams,2026-04-09 14:31:47+00:00,14,3,0,0,198,87,9,1,3,9.0,0,clean,TypeScript,2024-2026,1.0,,2.25,0.1,0.9,0
payloadcms/payload,ac01e82bcd9ef7a7fac259c330523797418d8687,ac01e82bcd,"feat(drizzle): add uuidv7 support (#16113)  ## Goal  Let projects use **UUID v7** (time-ordered UUIDs) for collection IDs via `idType: 'uuidv7'` on Postgres-related adapters (and SQLite wiring), while",bugfix,TypeScript,W1ckh3ad,2026-04-09 14:32:01+01:00,14,3,0,0,652,461,44,4,15,15.33,0,clean,TypeScript,2024-2026,1.0,,1.41,0.09,0.34,0
payloadcms/payload,359dc9439d456416e1c77bdba5c1738f8941757a,359dc9439d,"chore: update deprecated VS code rules (#16185)  Replacing depricated rules in all `.vscode/settings.json`  ```json {   ""typescript.tsdk"": ""node_modules/typescript/lib"",   ""typescript.enablePromptUseW",other,Unknown,Roman Ryzhikov,2026-04-09 15:00:14-07:00,15,3,0,0,24,15,12,0,0,0.0,0,clean,TypeScript,2024-2026,1.0,,1.5,0.0,0.0,0
payloadcms/payload,d9b3c07bfac1c8daeb547663c2ce1a9cbcd530a5,d9b3c07bfa,"fix: expose type for field's `position` (#14390)  Adds `FieldPosition = 'main' | 'sidebar'` and uses it in `FieldAdmin` and `AdminClient,` replacing the previous `'sidebar'`-only type.  This is especi",bugfix,TypeScript,Boyan Bratvanov,2026-04-09 18:25:33+00:00,18,3,0,0,6,3,3,0,0,0.0,0,clean,TypeScript,2024-2026,1.0,,1.5,0.0,0.0,0
payloadcms/payload,cf95cad77d69185130c4e0bb3f87fd5c6d170dec,cf95cad77d,fix(translations): fall back to base language tag for Accept-Language matching (#15076)  ### Why?  Some browsers send only regional tags like `ja-JP` in the `Accept-Language` header. When no exact mat,bugfix,TypeScript,roboin,2026-04-09 18:36:54+00:00,18,3,0,0,61,1,2,1,2,3.0,0,clean,TypeScript,2024-2026,1.0,,30.5,0.33,1.0,0
payloadcms/payload,2b10973fd3390da6b901e66ff59ea6042c9d4188,2b10973fd3,templates: bump payload and next.js versions (#16229)  - Bumps payload version in templates from 3.82.0 to 3.82.1 - Bumps Next.js version in monorepo and templates from 16.2.2 to 16.2.3,other,TypeScript,Alessio Gravili,2026-04-09 18:47:04+00:00,18,3,0,0,691,704,26,0,0,0.0,0,clean,TypeScript,2024-2026,1.0,,0.98,0.0,0.0,14
payloadcms/payload,67c2c478fd0dfb053903cc68351cbcda9b889864,67c2c478fd,feat: hide slug field buttons when field is read-only (#14824)  The Generate and Lock/Unlock buttons serve no purpose when the field is read-only.  ---------  Co-authored-by: Paul Popus <paul@payloadc,feature,TypeScript,Jeffery To,2026-04-10 00:13:37+01:00,0,4,0,1,421,109,4,1,3,5.33,0,clean,TypeScript,2024-2026,1.0,,3.83,0.2,1.07,0
payloadcms/payload,e49c224a9fe991f411112bcca1868c1774fc05a2,e49c224a9f,refactor: clean up dead code and minor bugs in job queue system (#16234)  - replaces a hardcoded `'payload-jobs'` string - uses `getCurrentDate()` consistently instead of `new Date()` - removes dead c,bugfix,TypeScript,Alessio Gravili,2026-04-10 02:06:49+01:00,2,4,0,1,23,37,8,0,7,8.57,0,clean,TypeScript,2024-2026,1.0,,0.61,0.0,0.95,14
swc-project/swc,44099207878c2e7f6ec75379040402057ad4f97b,4409920787,perf(swc): use larger input for es/full benchmarks (#11779)  ## Summary - add a checked-in large TypeScript benchmark input derived from `parser.ts` - switch `crates/swc` `es/full/*` benchmarks to the,bugfix,Rust,Donny/강동윤,2026-04-10 09:45:00+02:00,9,4,0,0,21186,28,4,0,9,1.22,0,clean,TypeScript,2024-2026,1.0,,730.55,0.0,0.24,3
payloadcms/payload,a2dee84384e52ab3407f8ebd79c6eea79317bc70,a2dee84384,chore(templates): wrong links to Draft Preview Example (#13053)  Fix wrong links to the Draft Preview example in the docs.  ---------  Co-authored-by: Patrik Kozak <35232443+PatrikKozak@users.noreply.,bugfix,TypeScript,Sebastian Blank,2026-04-10 10:27:09-07:00,10,4,0,0,5,5,5,0,0,0.0,0,clean,TypeScript,2024-2026,1.0,,0.83,0.0,0.0,0
payloadcms/payload,6690769b9f736fb37a98661baa8b7a4a702b42c2,6690769b9f,"refactor: simplify storage adapter handler pattern (#16231)  ## Summary  - Replace factory function pattern (`getHandleUpload`, `getHandleDelete`, etc.) with simple helper functions - Create `adapter.",bugfix,TypeScript,Jarrod Flesch,2026-04-10 10:42:37-04:00,10,4,0,0,1858,1579,52,0,128,4.22,0,clean,TypeScript,2024-2026,1.0,,1.18,0.0,0.08,12
refinedev/refine,e7426c8ee1381b08ec56e14b905c9b47696d1781,e7426c8ee1,docs(blog): mobile app dev,docs,Unknown,Özgür Akça,2026-04-10 12:35:26+03:00,12,4,0,0,156,0,1,0,0,0.0,0,clean,TypeScript,2024-2026,1.0,,156.0,0.0,0.0,0
payloadcms/payload,289e2b6d3ab9fbc32a2875ac9d6afc458a627011,289e2b6d3a,docs: change import to use type import for GlobalConfig (#11578)  ### What? Updated the import statement for `buildConfig` from `import { buildConfig } from 'payload'` to `import type { buildConfig } ,docs,Unknown,Yaniv,2026-04-10 12:43:04+00:00,12,4,0,0,2,2,1,0,0,0.0,0,clean,TypeScript,2024-2026,1.0,,0.67,0.0,0.0,0
refinedev/refine,ba5629b0d9aa6093f9bcb326c1a1b066fbdd641f,ba5629b0d9,docs(blog): wrong tag,docs,Unknown,Özgür Akça,2026-04-10 13:02:29+03:00,13,4,0,0,1,1,1,0,0,0.0,0,clean,TypeScript,2024-2026,1.0,,0.5,0.0,0.0,0
refinedev/refine,f3d071f7b06cc1dfcafc448a26e8a77832edc8d5,f3d071f7b0,docs(blog): cate fix,bugfix,Unknown,Özgür Akça,2026-04-10 13:20:20+03:00,13,4,0,0,1,1,1,0,0,0.0,0,clean,TypeScript,2024-2026,1.0,,0.5,0.0,0.0,0
payloadcms/payload,e34cbc352659384102f54cb4152c30a6bfa00190,e34cbc3526,examples: add Dockerfile to Remix (#11429)  Remix application was missing a Dockerfile while Payload had one. This also takes issue [#11276](https://github.com/payloadcms/payload/issues/11276) into co,feature,TypeScript,Marwin Hormiz,2026-04-10 13:37:20+01:00,13,4,0,0,47,0,2,0,0,0.0,0,clean,TypeScript,2024-2026,1.0,,47.0,0.0,0.0,0
payloadcms/payload,aa446490e4c695a98cdd6854494adb81538c9e62,aa446490e4,fix(drizzle): ensure `getPrimaryDb` is used for all write operations (#16240)  PR https://github.com/payloadcms/payload/pull/16083 added `getPrimaryDb` logic to fix the broken behaviour with the `read,bugfix,TypeScript,Sasha,2026-04-10 14:32:05+00:00,14,4,0,0,189,9,12,1,4,7.25,0,clean,TypeScript,2024-2026,1.0,,18.9,0.08,0.56,0
payloadcms/payload,0acff80cb34ef589e6d4f1df414197e8a093e54f,0acff80cb3,fix(next): persist language cookie across browser sessions (#15081)  ### What?  Persist the language selection cookie by setting a max age so it survives browser restarts.  ### Why?  The language cook,bugfix,Unknown,roboin,2026-04-10 15:03:58-04:00,15,4,0,0,1,0,1,0,2,10.0,0,clean,TypeScript,2024-2026,1.0,,1.0,0.0,5.0,0
payloadcms/payload,cb0ce1ca0099cf4ce551989aef78ea597efead56,cb0ce1ca00,"fix(translations): 'noResults' translation expected a singular label, rewrite sentence sine a plural label is injected. (#13360)  The {{label}} is plural, make sure the rest of the sentence builds aro",bugfix,TypeScript,Thijs Marinussen,2026-04-10 15:38:06-04:00,15,4,0,0,1,1,1,0,0,0.0,0,clean,TypeScript,2024-2026,1.0,,0.5,0.0,0.0,0
payloadcms/payload,74aa825c41f45c560f083a9fa12af4dcfe2f8a3a,74aa825c41,"feat(storage-*): add useCompositePrefixes option and fix client upload prefix handling (#16230)  ## Summary  - Adds `useCompositePrefixes` option to all storage adapters (S3, Azure, GCS, R2, Vercel Bl",bugfix,TypeScript,Jarrod Flesch,2026-04-10 15:55:12-04:00,15,4,0,0,1706,748,54,3,109,4.36,0,clean,TypeScript,2024-2026,1.0,,2.28,0.05,0.08,12
payloadcms/payload,3a7c9f358d850883313f7cb9c9c80b66aa913598,3a7c9f358d,"ci: run e2e tests using turbopack (#16237)  This PR changes our CI to run templates using turbo instead of webpack. Turbo is now used for both build and dev in our templates, meaning ensuring compatib",test,Unknown,Alessio Gravili,2026-04-10 17:08:28-04:00,17,4,0,0,1,149,1,0,0,0.0,0,clean,TypeScript,2024-2026,1.0,,0.01,0.0,0.0,14
payloadcms/payload,a00267db4a563ed8d2660f161d7399e84abf2f13,a00267db4a,fix(translations): modified Spanish translations to be gender neutral (#15796)  Some user-facing messages used masculine pronouns. These were replaced with gender-neutral phrasing wherever possible (e,bugfix,TypeScript,Jeremías Benitez,2026-04-10 19:38:56+01:00,19,4,0,0,45,45,1,0,0,0.0,0,clean,TypeScript,2024-2026,1.0,,0.98,0.0,0.0,0
swc-project/swc,778328e5b40232b311e33e0dede4f1f53e523c4a,778328e5b4,fix(es/decorators): preserve super in moved static members (#11781)  ## Summary - preserve super semantics when 2023-11 class decorators move static members onto the _identity wrapper - extend the mov,bugfix,JavaScript,Donny/강동윤,2026-04-10 19:57:24+02:00,19,4,0,0,214,8,6,0,31,2.35,0,clean,TypeScript,2024-2026,1.0,,23.78,0.0,0.34,3
payloadcms/payload,05168036466dc1eff9b04b5b295d85db44e39dc5,0516803646,test(plugin-multi-tenant): verify that tenant selector respects access control (#14916)  ### What?  Adds an E2E test to verify that `getTenantOptions` properly respects access control when determining,feature,TypeScript,Adrian Maj,2026-04-10 20:24:03+00:00,20,4,0,0,79,9,6,1,4,1.75,0,clean,TypeScript,2024-2026,1.0,,7.9,0.14,0.25,0
payloadcms/payload,5f5694f526243ca9b3b4450a5bc802d7c5f89bb1,5f5694f526,"feat: add internal plugin priority and slug api for cross-plugin discovery (#16244)  Adds a temporary, internal API for plugin execution ordering and cross-plugin discovery. Plugins can now attach thr",feature,TypeScript,Alessio Gravili,2026-04-10 20:45:13+00:00,20,4,0,0,94,5,4,1,7,2.0,0,clean,TypeScript,2024-2026,1.0,,15.67,0.2,0.4,14
swc-project/swc,f73cacca16c628cf59820eddb6594fd08f124d6d,f73cacca16,fix(es/decorators): scope moved static super rewrite (#11782)  ## Summary - scope moved-static-member `super` detection to the member's own home-object boundary - avoid rewriting nested object literal,bugfix,JavaScript,Donny/강동윤,2026-04-10 21:19:21+02:00,21,4,0,0,263,22,6,0,28,1.36,0,clean,TypeScript,2024-2026,1.0,,11.43,0.0,0.19,3
payloadcms/payload,79d1b6bcab1f59c5f87c05f5c1f7c04f3375723a,79d1b6bcab,fix(plugin-search): serialize reindexing to prevent locale data race conditions (#15917)  ## Description  This PR fixes a race condition in the plugin-search's reindexing functionality that caused mis,bugfix,TypeScript,Ossaid,2026-04-11 01:41:37+00:00,1,5,1,1,116,17,2,1,6,7.83,0,clean,TypeScript,2024-2026,1.0,,6.44,0.33,2.61,0
payloadcms/payload,976369dba791b9d8638fd20e762ef840f071b485,976369dba7,"perf(plugin-mcp): minify JSON in MCP tool responses (#15598)  ### What?  Replaces `JSON.stringify(result, null, 2)` with `JSON.stringify(result)` in all MCP tool response handlers — resource CRUD, glo",feature,TypeScript,Jens Becker,2026-04-11 02:41:18+01:00,2,5,1,1,189,54,13,1,14,4.43,0,clean,TypeScript,2024-2026,1.0,,3.44,0.07,0.32,0
payloadcms/payload,9d6bf0bfdc141d8250ba663fb1a7d8ef81db1a8c,9d6bf0bfdc,fix(plugin-import-export): hide invalid sortBy options (#11676)  <!--  Thank you for the PR! Please go through the checklist below and make sure you've completed all the steps.  Please review the [CON,bugfix,TypeScript,Said Akhrarov,2026-04-11 02:42:21+01:00,2,5,1,1,158,3,3,1,7,4.43,0,clean,TypeScript,2024-2026,1.0,,39.5,0.25,1.11,0
swc-project/swc,6facc79dc4022e9a31dcb1c7e8952917f88867e9,6facc79dc4,build: Update `rustc` to `nightly-2026-04-10` (#11783)  ## Summary - update the repo root `rust-toolchain` to `nightly-2026-04-10` - keep fixture-local toolchains unchanged - apply compatibility fixes,bugfix,Rust,Donny/강동윤,2026-04-11 16:04:54+02:00,16,5,1,0,1123,1377,140,1,168,13.28,0,clean,TypeScript,2024-2026,1.0,,0.81,0.01,0.09,3
sequelize/sequelize,d6b884d18738531bff81ce8ffae5740ddb502728,d6b884d187,"feat(cli): add migration generate, run, status & undo (#18193)",feature,TypeScript,Alyx,2026-04-12 16:36:23+00:00,16,6,1,0,1261,60,34,6,55,2.0,0,clean,TypeScript,2024-2026,1.0,,20.67,0.17,0.06,0
sequelize/sequelize,f0a7baa74743b1848c22840eae97cfed9918e3ba,f0a7baa747,feat: update some dialect adapters (#18189)  Co-authored-by: Rik Smale <git@riksmale.info>,feature,TypeScript,Rik Smale,2026-04-12 16:38:32+02:00,16,6,1,0,1563,517,13,0,1,4.0,0,clean,TypeScript,2024-2026,1.0,,3.02,0.0,0.29,0
sequelize/sequelize,29437958a3333e980c3ed949373e3236198441e6,29437958a3,meta: update sequelize AUTHORS (#18208)  Co-authored-by: SequelizeJS <mail@sequelizejs.com>,other,Unknown,github-actions[bot],2026-04-12 17:25:02+00:00,17,6,1,0,2,0,1,0,0,0.0,0,clean,TypeScript,2024-2026,1.0,,2.0,0.0,0.0,0
sequelize/sequelize,96d74c2aadfcc52d5abebfa12860a9300fe33312,96d74c2aad,feat(core): Drop the ability to specify the dialect as a string (#18204),feature,TypeScript,Alyx,2026-04-12 17:28:08+02:00,17,6,1,0,188,260,20,4,49,2.67,0,clean,TypeScript,2024-2026,1.0,,0.72,0.19,0.13,0
payloadcms/payload,da27afcf1039d1e1d41ac302f7d4027015002645,da27afcf10,"fix(plugin-seo,richtext-lexical): add missing translations (#11859)  <!--  Thank you for the PR! Please go through the checklist below and make sure you've completed all the steps.  Please review the ",bugfix,TypeScript,Said Akhrarov,2026-04-12 20:15:01+01:00,20,6,1,0,48,0,3,0,0,0.0,0,clean,TypeScript,2024-2026,1.0,,48.0,0.0,0.0,0
sequelize/sequelize,ab2c9ad02cd90eb47cab47050845d16045ccfade,ab2c9ad02c,meta: update actions/upload-artifact action to v7.0.1 (#18212)  Co-authored-by: renovate[bot] <29139614+renovate[bot]@users.noreply.github.com>,other,Unknown,renovate[bot],2026-04-13 01:14:02+00:00,1,0,0,1,1,1,1,0,0,0.0,0,clean,TypeScript,2024-2026,1.0,,0.5,0.0,0.0,0
payloadcms/payload,b44135e2ff5dfc110022f58dd47865535082e06c,b44135e2ff,chore(templates): fix postgres volume (#15157)  * from the docker hub readme:  Important Note: (for PostgreSQL 17 and below) Mount the data volume at /var/lib/postgresql/data and not at /var/lib/postg,bugfix,Unknown,David Murdoch,2026-04-13 01:48:39+01:00,1,0,0,1,1,1,1,0,0,0.0,0,clean,TypeScript,2024-2026,1.0,,0.5,0.0,0.0,0
payloadcms/payload,4179bf3b669e09093e63f11582ba475763019f41,4179bf3b66,"fix(plugin-stripe): supports webhooks within serverless environments (#10890)  Fixes #10639. When using the Stripe Plugin within a serverless environment, the process that handles running webhooks wil",bugfix,TypeScript,Jake Fletcher,2026-04-13 02:46:27+01:00,2,0,0,1,73,22,3,0,6,3.33,0,clean,TypeScript,2024-2026,1.0,,3.17,0.0,0.83,0
payloadcms/payload,a7dd17c9be0cebf7985b566566ef8000ea6325fc,a7dd17c9be,"feat(email-resend): add Custom headers for the Resend adapter  (#15645)  After some trying (and failing) to enable unsubscribe headers, I found that the Resend adapter does not pass custom headers fro",feature,TypeScript,fdurackbrooks,2026-04-13 02:52:49+01:00,2,0,0,1,109,0,2,1,5,3.4,0,clean,TypeScript,2024-2026,1.0,,109.0,0.33,1.13,0
payloadcms/payload,a9b0ca74d816d384b90da321df8a1ef13b6241e4,a9b0ca74d8,docs: documents upload node markdown placeholder (#16135)  - documents the upload node markdown placeholder format handled by `UploadMarkdownTransformer` - clarifies that standard image syntax is not ,feature,Unknown,Sean Zubrickas,2026-04-13 08:37:55-07:00,8,0,0,0,22,0,1,0,0,0.0,0,clean,TypeScript,2024-2026,1.0,,22.0,0.0,0.0,0
payloadcms/payload,e8502faab84601b41d8592522557cd376fb67d30,e8502faab8,fix: handle concurrent autosave write conflicts gracefully (#16216)  ### What?  Two-part fix for intermittent 500s during autosave on serverless environments.  1. `updateLatestVersion` catches errors ,bugfix,TypeScript,Bob Bass,2026-04-13 09:50:19-04:00,9,0,0,0,139,10,3,2,0,0.0,0,clean,TypeScript,2024-2026,1.0,,12.64,0.5,0.0,0
refinedev/refine,eb81da0cadd5def0681dfbdad6a523ce20405471,eb81da0cad,"fix: add proper H1 tags to blog, tag, integrations, and templates pages",bugfix,JavaScript,Özgür Akça,2026-04-13 11:58:05+03:00,11,0,0,0,20,12,5,0,7,1.86,0,clean,TypeScript,2024-2026,1.0,,1.54,0.0,0.31,0
payloadcms/payload,5afcef5d85d596b0536d02e10bb3e7d254d48bc8,5afcef5d85,fix(ui): thread cache tag to list view thumbnails (#11741)  <!--  Thank you for the PR! Please go through the checklist below and make sure you've completed all the steps.  Please review the [CONTRIBU,bugfix,TypeScript,Said Akhrarov,2026-04-13 12:14:09+01:00,12,0,0,0,98,42,7,2,8,5.38,0,clean,TypeScript,2024-2026,1.0,,2.28,0.25,0.67,0
refinedev/refine,43a782ded9f595ac6c29bbe7aeadcac8df825823,43a782ded9,fix: resolve duplicate H1 tags in blog posts for SEO  - Code Comments: change duplicate h1 to h2 with new text - React 18: demote all h1 headings to h2 - URI vs URL: demote extra h1 to h2 - HTMX: demo,bugfix,Unknown,Özgür Akça,2026-04-13 12:19:48+03:00,12,0,0,0,11,11,4,0,0,0.0,0,clean,TypeScript,2024-2026,1.0,,0.92,0.0,0.0,0
payloadcms/payload,216d16296a46a28d24e5bb5f60a4443d3f55ec50,216d16296a,fix: use instanceof instead of constructor name in formatErrors (#16089)  ## What  Fixes `formatErrors` silently dropping the `data` field from `APIError` responses in production builds.  Closes #1605,bugfix,TypeScript,Mahmoud Hamdy,2026-04-13 13:00:57+01:00,13,0,0,0,100,27,5,1,5,4.4,0,clean,TypeScript,2024-2026,1.0,,3.57,0.17,0.73,0
payloadcms/payload,b332bff11cd0a569987720a69ea952b09f8fff80,b332bff11c,fix(ui): prevent NaN aspect ratio in createThumbnail on svg files (#10488)  <!--  Thank you for the PR! Please go through the checklist below and make sure you've completed all the steps.  Please revi,bugfix,TypeScript,Said Akhrarov,2026-04-13 14:40:39+01:00,14,0,0,0,2,2,2,0,3,3.0,0,clean,TypeScript,2024-2026,1.0,,0.67,0.0,1.0,0
payloadcms/payload,9391c20de8975b4db38200660936afadd27e6963,9391c20de8,feat: add profiling utilities for performance analysis (#16198)  ## Summary  Adds lightweight profiling utilities for measuring execution time of sync and async functions. This is a developer tool for,bugfix,TypeScript,Jarrod Flesch,2026-04-13 15:09:23+01:00,15,0,0,0,137,0,2,1,7,1.29,0,clean,TypeScript,2024-2026,1.0,,137.0,0.33,0.43,12
payloadcms/payload,59f78f069d135ea9c0f3a499fb41e6daf3a90b91,59f78f069d,chore: increase test summary script suite timeout to 120 seconds (#16264),test,TypeScript,German Jablonski,2026-04-13 15:39:33+00:00,15,0,0,0,1,1,1,1,0,0.0,0,clean,TypeScript,2024-2026,1.0,,0.5,0.5,0.0,0
payloadcms/payload,71a6c60e37e685b8c34483dc6915e160e521a478,71a6c60e37,fix(ui): preselect folder when bulk uploading from inside a folder (#16030)  ### What?  Preselect the current folder when triggering bulk upload from inside a folder view.  ### Why?  When bulk uploadi,bugfix,TypeScript,Muhammad Aqib,2026-04-13 16:04:36+01:00,16,0,0,0,99,24,4,1,4,3.5,0,clean,TypeScript,2024-2026,1.0,,3.96,0.2,0.7,0
payloadcms/payload,173b4537161dd0736b70255b51992ada5cff0659,173b453716,"fix(ui): use i18n for live preview ""Open in new window"" tooltip (#16038)  The ""Open in new window"" title attribute in the live preview toolbar was hardcoded in English. Replace it with the existing `o",bugfix,TypeScript,Ruben Hutter,2026-04-13 21:05:09+01:00,21,0,0,0,49,4,46,0,0,0.0,0,clean,TypeScript,2024-2026,1.0,,9.8,0.0,0.0,0
payloadcms/payload,2b23010701c01be30c88100a39366e4208c1ed09,2b23010701,"fix: use safe property assignment in deepMergeSimple (#16271)  # Overview  `deepMergeSimple` was not guarding against certain special keys that can trigger inherited setters, causing unexpected behavi",bugfix,TypeScript,Patrik,2026-04-13 22:45:48+00:00,22,0,0,1,56,0,3,1,1,1.0,0,clean,TypeScript,2024-2026,1.0,,56.0,0.25,0.25,6
swc-project/swc,6cd5b2173b762282675a7dd70a9842a573822afd,6cd5b2173b,chore: Publish crates with `swc_core` `v63.1.2`,other,Unknown,SWC Bot,2026-04-14 08:14:19+00:00,8,1,0,0,96,89,43,0,0,0.0,0,clean,TypeScript,2024-2026,1.0,,1.07,0.0,0.0,0
payloadcms/payload,1ef43eb515d8be5ae7cef3c98b3ccc381ea2b6b0,1ef43eb515,feat(richtext-lexical): add view override system for custom node rendering (#14244)  Adds support for custom view maps that allow users to override how Lexical nodes are rendered in the editor. This e,feature,TypeScript,Alessio Gravili,2026-04-14 09:06:57-07:00,9,1,0,0,4638,351,69,5,77,4.31,0,clean,TypeScript,2024-2026,1.0,,13.18,0.07,0.06,14
swc-project/swc,05e7b69373d3b1e4957f557cb3d640b59998d8a7,05e7b69373,"fix(es/parser): parse mixed Flow anonymous callable params (#11786)  ## Summary - fix Flow callable type lookahead for mixed anonymous and named params such as `(() => A, b: B) => C` - preserve existi",bugfix,Rust,Donny/강동윤,2026-04-14 09:10:35+01:00,9,1,0,0,404,0,4,0,3,9.0,0,clean,TypeScript,2024-2026,1.0,,404.0,0.0,1.8,3
payloadcms/payload,ed1c8743833610e09ce92325abeaee842dafc331,ed1c874383,fix(plugin-ecommerce): priceInput does not respect required field status (#15783)  ### What?  The `PriceInput` component in `@payloadcms/plugin-ecommerce` does not show the required indicator (asteris,bugfix,Unknown,Jens Becker,2026-04-14 09:25:14+00:00,9,1,0,0,4,1,2,0,3,7.67,0,clean,TypeScript,2024-2026,1.0,,2.0,0.0,2.56,0
payloadcms/payload,54189e1f8bc77d0154937f48fcb9314e1f36ee1d,54189e1f8b,"feat: expand plugin API (#16247)  ## Why Payload's plugin system works but lacks built-in support for execution ordering, cross-plugin discovery, and typed options. Plugin authors manually attach meta",feature,TypeScript,Paul,2026-04-14 09:27:46-07:00,9,1,0,0,383,35,7,1,13,1.92,0,clean,TypeScript,2024-2026,1.0,,10.64,0.12,0.24,0
swc-project/swc,ad23b586e4a38f125a60cdb5970523650353a5af,ad23b586e4,chore: Publish `1.15.25-nightly-20260414.1` with `swc_core` `v63.1.2`,other,Unknown,SWC Bot,2026-04-14 09:39:47+00:00,9,1,0,0,112,112,59,0,0,0.0,0,clean,TypeScript,2024-2026,1.0,,0.99,0.0,0.0,0
swc-project/swc,8c2eae5d918736c05040709c91a9b0293486d88d,8c2eae5d91,chore: Update changelog,other,Unknown,SWC Bot,2026-04-14 09:39:49+00:00,9,1,0,0,1,7,2,0,0,0.0,0,clean,TypeScript,2024-2026,1.0,,0.12,0.0,0.0,0
payloadcms/payload,04163ea88abce6815e1159a2271dcd66e501bc74,04163ea88a,ci: update actions to resolve Node.js 20 deprecation warnings (#16267)  ## Summary  - Update all GitHub Actions flagged with Node.js 20 deprecation warnings to their latest major versions - Pin all up,bugfix,Unknown,Elliot DeNolf,2026-04-14 10:18:46-04:00,10,1,0,0,25,25,7,0,0,0.0,0,clean,TypeScript,2024-2026,1.0,,0.96,0.0,0.0,0
payloadcms/payload,d1837adc31c0a126a895639017fb4eb869b0d85a,d1837adc31,ci: make build cache restore resilient to eviction (#16275)  # Overview  Downstream CI jobs fail when re-running individual jobs after the build cache has been evicted from GitHub's 10GB repo-wide LRU,bugfix,Unknown,Elliot DeNolf,2026-04-14 13:17:28-04:00,13,1,0,0,62,89,2,0,0,0.0,0,clean,TypeScript,2024-2026,1.0,,0.69,0.0,0.0,0
payloadcms/payload,4912005727f83947b36fb2f32c535a2b80abe14a,4912005727,"ci: consolidate docker service startup into start-services action (#16277)  # Overview  CI jobs intermittently fail because `pnpm docker:start` uses `--profile all`, pulling every docker image regardl",feature,Unknown,Elliot DeNolf,2026-04-14 13:34:33-07:00,13,1,0,0,35,17,3,0,0,0.0,0,clean,TypeScript,2024-2026,1.0,,1.94,0.0,0.0,0
payloadcms/payload,bb749a5cede49d50287cd81715e4fd83a87c7387,bb749a5ced,fix: enforce mimeTypes restriction when useTempFiles is enabled (#16255)  This replaces #16236 which was auto-closed when the fork was deleted.  # Overview  Fixes MIME type validation being skipped on,bugfix,TypeScript,Ran,2026-04-14 13:39:19-07:00,13,1,0,0,194,13,4,1,2,19.5,0,clean,TypeScript,2024-2026,1.0,,13.86,0.2,3.9,0
payloadcms/payload,22e246678c35c5867530fe1dbff3fc944d77bf90,22e246678c,test: remove debug console.log left in SlugField overrides fields test suite (#16279)  # Overview  Removes a debug `console.log` left in the `SlugField` test collection's `overrides` callback that was,bugfix,TypeScript,Patrik,2026-04-14 14:57:13-07:00,14,1,0,0,97,361,2,0,0,0.0,0,clean,TypeScript,2024-2026,1.0,,0.27,0.0,0.0,6
refinedev/refine,7ad82aa3bccd45397022ce90249c9d3c7cb9b396,7ad82aa3bc,docs: update robots.txt to disallow old versioned docs and fix sitemap URL,bugfix,Unknown,Özgür Akça,2026-04-14 15:22:24+03:00,15,1,0,0,2,0,1,0,0,0.0,0,clean,TypeScript,2024-2026,1.0,,2.0,0.0,0.0,0
swc-project/swc,8f069289aefe3a535f8ab1e48444b89f473126bb,8f069289ae,chore: Publish `1.15.26-nightly-20260414.1` with `swc_core` `v63.1.2`,other,Unknown,SWC Bot,2026-04-14 16:41:36+00:00,16,1,0,0,64,64,59,0,0,0.0,0,clean,TypeScript,2024-2026,1.0,,0.98,0.0,0.0,0
swc-project/swc,2dac8b795a63d60544b748fda3ca43994761f9e1,2dac8b795a,chore: Update changelog,other,Unknown,SWC Bot,2026-04-14 16:41:38+00:00,16,1,0,0,0,12,2,0,0,0.0,0,clean,TypeScript,2024-2026,1.0,,0.0,0.0,0.0,0
payloadcms/payload,c5e0e0232e1c85a0016878b1c056a77e684fb610,c5e0e0232e,"fix: prevent cron from permanently dying after handler errors (#16219)  When any error occurs during a cron job, the cron stops firing permanently and never recovers until the process is restarted.  T",bugfix,TypeScript,Alessio Gravili,2026-04-14 16:45:12+00:00,16,1,0,0,12248,4263,6,1,6,3.33,0,clean,TypeScript,2024-2026,1.0,,2.87,0.14,0.48,14
payloadcms/payload,1e1c5918327082cc0b0da014da51ab591278114b,1e1c591832,fix(drizzle): surface connection errors in beginTransaction instead of hanging forever (#16220)  When `beginTransaction` fails to establish a database connection (e.g. due to network issues or expired,bugfix,TypeScript,Alessio Gravili,2026-04-14 16:58:57+00:00,16,1,0,0,51,3,2,1,2,2.5,0,clean,TypeScript,2024-2026,1.0,,12.75,0.33,0.83,14
payloadcms/payload,ac4fc31a201217b0b6284534b560b279a593023f,ac4fc31a20,"feat(plugin-mcp): allow external plugins to extend mcp plugin (#16245)  Plugins can now extend plugin-mcp (e.g. inject custom MCP tools). A plugin finds plugin-mcp by slug via `config.plugins`, access",feature,TypeScript,Alessio Gravili,2026-04-14 17:46:05+00:00,17,1,0,0,113,36,13,1,26,4.5,0,clean,TypeScript,2024-2026,1.0,,3.05,0.07,0.32,14
payloadcms/payload,56325ef8d99b12d8b2ece72257add538fe2f60be,56325ef8d9,"chore: mark the plugin API as experimental (#16276)  Marking the Plugin API as experimental in both docs and types, previously it was internal.",docs,TypeScript,Paul,2026-04-14 17:51:39+00:00,17,1,0,0,15,7,4,0,1,4.0,0,clean,TypeScript,2024-2026,1.0,,1.88,0.0,0.8,0
swc-project/swc,fb92c493c2977cecd01b8d5481eb0de267e0fc10,fb92c493c2,chore: Publish `1.15.26` with `swc_core` `v63.1.2`,other,Unknown,SWC Bot,2026-04-14 20:26:15+00:00,20,1,0,0,64,64,59,0,0,0.0,0,clean,TypeScript,2024-2026,1.0,,0.98,0.0,0.0,0
swc-project/swc,92e96fea8b76acefb2281c57a6d6c76e59842e6d,92e96fea8b,chore: Update changelog,other,Unknown,SWC Bot,2026-04-14 20:26:17+00:00,20,1,0,0,1,18,2,0,0,0.0,0,clean,TypeScript,2024-2026,1.0,,0.05,0.0,0.0,0
swc-project/swc,68e2e12492c9aec5d1602922cf8b3707a39ed729,68e2e12492,chore: Publish crates with `swc_core` `v63.1.3`,other,Unknown,DongYun Kang,2026-04-14 22:24:31+01:00,22,1,0,1,15,15,11,0,0,0.0,0,clean,TypeScript,2024-2026,1.0,,0.94,0.0,0.0,0
payloadcms/payload,4b4d61ce88c8cf57a2db425624119fac7056eaae,4b4d61ce88,"fix: restore falling back to current document values for `undefined` fields (#16272)  ### What?  **Behavior prior to this change:**  When restoring a version, `beforeValidate` field processing backfil",bugfix,TypeScript,Philipp Schneider,2026-04-15 10:58:47-07:00,10,2,0,0,74,2,4,1,3,41.33,0,clean,TypeScript,2024-2026,1.0,,24.67,0.2,8.27,0
payloadcms/payload,62aa42b18b0ae01454c74feee7c436115cbf9091,62aa42b18b,"fix(plugin-ecommerce): price not showing as 0 when explicitly set (#16289)  Minor change, now it explicitly checks for null or data not being a number as opposed to `!data` which would hit on `0` as w",bugfix,TypeScript,Paul,2026-04-15 11:22:03-07:00,11,2,0,0,92,2,3,1,1,8.0,0,clean,TypeScript,2024-2026,1.0,,30.67,0.25,2.0,0
swc-project/swc,d66b29c11d7e9709906e7c6ba6a98fcde428ca65,d66b29c11d,"fix(es/parser): Allow return type annotation on Flow constructors (#11790)  **Description:**  Flow allows explicit return type annotations on class constructors, unlike TypeScript which forbids them (",bugfix,Rust,Joel Arvidsson,2026-04-15 13:12:04+01:00,13,2,0,0,167,2,5,0,3,82.33,0,clean,TypeScript,2024-2026,1.0,,55.67,0.0,13.72,0
swc-project/swc,3a1084ad1860afdbea2703f13030c3baaaf778db,3a1084ad18,docs: require PR template for pull requests (#11793)  **Description:**  - Add an AGENTS.md git workflow instruction requiring contributors to follow the repository PR template when creating or updatin,feature,Unknown,Donny/강동윤,2026-04-15 13:58:53+01:00,13,2,0,0,1,0,1,0,0,0.0,0,clean,TypeScript,2024-2026,1.0,,1.0,0.0,0.0,3
swc-project/swc,022a5885cd80eb681341d98a0c83aea00c65c2a7,022a5885cd,chore: bump cargo-mono to 0.6.7 (#11794)  ## Summary - bump the GitHub Actions `cargo-mono` install in CI from `0.6.5` to `0.6.7` - bump the GitHub Actions `cargo-mono` install in crate publishing fro,test,Unknown,Donny/강동윤,2026-04-15 14:12:03+01:00,14,2,0,0,2,2,2,0,0,0.0,0,clean,TypeScript,2024-2026,1.0,,0.67,0.0,0.0,3
payloadcms/payload,9f9f3433b8993b8125560e18c8affb8419433fc8,9f9f3433b8,feat(cpa): add --agent flag for coding agent skill installation (#16278)  # Overview  Replace hard-coded `.cursor/rules` and `AGENTS.md` files in templates with a dynamic `--agent` flag in `create-pay,feature,TypeScript,Elliot DeNolf,2026-04-15 14:42:03-04:00,14,2,0,0,234,43346,134,0,12,4.75,0,clean,TypeScript,2024-2026,1.0,,0.01,0.0,0.04,0
payloadcms/payload,474eda225fd78b9011289a663f9fe5b416f17a95,474eda225f,chore(release): v3.83.0 [skip ci],other,Unknown,Elliot DeNolf,2026-04-15 14:50:35-04:00,14,2,0,0,43,43,43,0,0,0.0,0,clean,TypeScript,2024-2026,1.0,,0.98,0.0,0.0,0
swc-project/swc,452c4e59e6230e36ab2ef19608d214b72d3baf72,452c4e59e6,fix(es/parser): support Flow anonymous keyof indexers (#11792)  ## Summary - parse unnamed Flow object indexers like `{[keyof T]: V}` - normalize unnamed Flow indexers to anonymous `TsIndexSignature` ,bugfix,Rust,Donny/강동윤,2026-04-15 14:57:36+01:00,14,2,0,0,544,18,5,0,3,19.33,0,clean,TypeScript,2024-2026,1.0,,28.63,0.0,3.22,3
payloadcms/payload,8de32a285663939a7b46c5101441feaccc7e0ca3,8de32a2856,fix(ui): usePreventLeave default message (#15042)  ### What?  The default message in `usePreventLeave` is not structured correctly.  ### Why?  The word `you` is missing from the sentence.  ### How?  A,bugfix,Unknown,Riley Langbein,2026-04-15 15:50:14+00:00,15,2,0,0,1,1,1,0,1,3.0,0,clean,TypeScript,2024-2026,1.0,,0.5,0.0,1.5,0
payloadcms/payload,cb976145ca86cc67699baa519b2ae13be5f07df7,cb976145ca,"chore: allow e2e port to be defined by env vars (#16285)  Port number is currently hardcoded to 3000, this makes it so it defaults back to 3000 but you can override it via env vars. Helps when running",other,TypeScript,Paul,2026-04-15 16:09:48+00:00,16,2,0,0,5,2,1,0,1,2.0,0,clean,TypeScript,2024-2026,1.0,,1.67,0.0,1.0,0
refinedev/refine,9bb4017d4d472137aa29ae85411de6718db5c610,9bb4017d4d,docs(blog): new headless strapi blog,feature,Unknown,Özgür Akça,2026-04-15 16:59:39+03:00,16,2,0,0,793,0,1,0,0,0.0,0,clean,TypeScript,2024-2026,1.0,,793.0,0.0,0.0,0
payloadcms/payload,835a0ad49055dada6c7cffdb5515cb8d8a5ca576,835a0ad490,feat(next): add support for custom collection views (#16243)  Originally this PR with extra changes: https://github.com/payloadcms/payload/pull/15410   - Adds ability to register custom views at the c,feature,TypeScript,Paul,2026-04-15 19:05:42+01:00,19,2,0,0,846,26,20,5,13,8.85,0,clean,TypeScript,2024-2026,1.0,,31.33,0.24,0.42,0
payloadcms/payload,f0735b18638b12dbc7cd54292ec58b69bb9b7125,f0735b1863,chore(templates): remove unused image-3 from website templates (#16155)  Removed unused image-3.ts seed data from website templates,other,TypeScript,Paul,2026-04-16 12:48:37-07:00,12,3,0,0,0,134,2,0,0,0.0,0,clean,TypeScript,2024-2026,1.0,,0.0,0.0,0.0,0
payloadcms/payload,7ca8b0572b7aa0cefb405be627e108b226380684,7ca8b0572b,fix(templates): remove tilde SCSS imports and add Sass loadPaths for Windows (#16295)  ## Summary  - Removes deprecated tilde (`~`) prefix from `@import` statements in all template SCSS files (`websit,bugfix,TypeScript,German Jablonski,2026-04-16 13:19:49+01:00,13,3,0,0,21,6,9,0,0,0.0,0,clean,TypeScript,2024-2026,1.0,,3.0,0.0,0.0,0
payloadcms/payload,da178107aa88bfc1842d52b0c58531ff550d37ee,da178107aa,docs: add publishing access control example (#16021)  Adds info on how to limit access to publishing only.,feature,Unknown,Paul,2026-04-16 13:33:42-07:00,13,3,0,0,46,0,2,0,0,0.0,0,clean,TypeScript,2024-2026,1.0,,46.0,0.0,0.0,0
payloadcms/payload,2f7fe20dda4849bd05eff2c596d72756502e28a7,2f7fe20dda,claude: expand claude md instructions for testing (#15440)  Expanded some instrucitons in claude.md to cover some annoying patterns claude falls into,test,Unknown,Paul,2026-04-16 14:18:17-04:00,14,3,0,0,5,0,1,0,0,0.0,0,clean,TypeScript,2024-2026,1.0,,5.0,0.0,0.0,0
payloadcms/payload,61395081dbdc766e63f17ac97f321801fe4bcf05,61395081db,fix(storage-*): simplify key handling for signed urls and composite prefixes (#16291)  ## Summary  This PR primarily fixes inconsistent storage key and prefix behavior across adapters and client uploa,bugfix,TypeScript,Jarrod Flesch,2026-04-16 18:16:47+00:00,18,3,0,0,498,144,41,2,53,4.92,0,clean,TypeScript,2024-2026,1.0,,3.43,0.05,0.12,12
payloadcms/payload,c852d8525ba438c01bee6245802d5b6ea8ebb21b,c852d8525b,feat(plugin-mcp): add support for server instructions (#15858)  ### What?  Adds an `instructions` option to the MCP plugin's `MCPServerOptions` type.  ### Why?  The MCP protocol supports an `instructi,feature,TypeScript,Jens Becker,2026-04-16 18:39:41+01:00,18,3,0,0,5,0,2,0,0,0.0,0,clean,TypeScript,2024-2026,1.0,,5.0,0.0,0.0,0
payloadcms/payload,c150ef852eb883039d7ef6d0bac6bb98814d9c18,c150ef852e,fix: handle multipart uploads without content-length (#16301)  ## Summary - accept multipart requests when a body stream is present even if `Content-Length` is missing - add base-case coverage for mul,bugfix,TypeScript,Jarrod Flesch,2026-04-16 19:29:52+00:00,19,3,0,0,100,10,6,2,9,6.33,0,clean,TypeScript,2024-2026,1.0,,9.09,0.29,0.9,12
payloadcms/payload,500e39d3c4bbb3db72cafb929a6deb0639c0569a,500e39d3c4,fix(plugin-ecommerce): verify PaymentIntent succeeded before creating… (#15902)  ### what? Prevents stripe/confirm-order from creating an order unless the Stripe PaymentIntent is actually successful. ,bugfix,TypeScript,Neha Prasad,2026-04-16 23:32:07+01:00,23,3,0,1,161,1,2,1,6,3.33,0,clean,TypeScript,2024-2026,1.0,,80.5,0.33,1.11,0
payloadcms/payload,3dc6041f4751101f7f8a68f294a0491ff631bf15,3dc6041f47,fix(richtext-lexical): internal links export as [text](undefined) in markdown transformer (#16302)  ## Overview  Payload has two types of links: custom (you type a URL) and internal (you pick a page).,bugfix,TypeScript,Patrik,2026-04-17 06:30:47-07:00,6,4,0,0,231,25,3,1,10,4.1,0,clean,TypeScript,2024-2026,1.0,,8.88,0.25,1.02,6
swc-project/swc,5986411655d7b9e3a1d4e401de9fbda94164c0a3,5986411655,feat(es/minify): support extracting comments (#11798)  **Description:**  This adds `extractComments` support to JS minification so SWC can collect extracted comment text during minification and return,bugfix,JavaScript,Donny/강동윤,2026-04-17 09:53:49+01:00,9,4,0,0,394,48,37,2,13,9.54,0,clean,TypeScript,2024-2026,1.0,,8.04,0.05,0.25,3
swc-project/swc,857c0b66b6027e3367ac2374bfff34439accc893,857c0b66b6,chore: Add a changeset for #11798,feature,Unknown,DongYun Kang,2026-04-17 09:55:24+01:00,9,4,0,0,6,0,1,0,0,0.0,0,clean,TypeScript,2024-2026,1.0,,6.0,0.0,0.0,0
payloadcms/payload,fcbc98772dd415f7e5f705b6eb6192ac3508925f,fcbc98772d,"chore(templates): strengthen types in preview url gen (#14947)  The templates have no safety between the frontends entering and exiting draft mode, and the endpoints that handle those requests.  We ne",other,TypeScript,Jake Fletcher,2026-04-17 10:33:08-04:00,10,4,0,0,52,52,9,0,10,4.7,0,clean,TypeScript,2024-2026,1.0,,0.98,0.0,0.47,0
payloadcms/payload,9de13c29878d5876aa384b1d073f57eb3ceb1c47,9de13c2987,templates: bump plugin template to latest payload version (#16305)  ### What? Bump the plugin template's pinned Payload package versions from `3.37.0` to `3.82.1` and add it to `generate-template-vari,bugfix,TypeScript,Jens Becker,2026-04-17 13:45:24+01:00,13,4,0,0,52,11,2,0,3,12.33,0,clean,TypeScript,2024-2026,1.0,,4.33,0.0,4.11,0
payloadcms/payload,7f0b069c5b75a7dbbca698745f8be11b1f41cae1,7f0b069c5b,chore: change other instances of port 3000 being hardcoded in tests (#16290)  Changes the remaining instances of port 3000 being hard coded in our test suite,test,TypeScript,Paul,2026-04-17 15:56:08+00:00,15,4,0,0,38,34,23,4,15,2.4,0,clean,TypeScript,2024-2026,1.0,,1.09,0.17,0.1,0
payloadcms/payload,aa01a45c7a8f4cf4bd0a96677df14a1567fbf4b9,aa01a45c7a,"feat(plugin-form-builder): add support for multi part uploads (#15268)  Adds support for multi part uploads directly in the plugin, this makes it so you don't need to upload documents separately and i",feature,TypeScript,Paul,2026-04-17 18:53:16+00:00,18,4,0,0,3386,34,22,2,23,6.26,0,clean,TypeScript,2024-2026,1.0,,96.74,0.09,0.27,0
payloadcms/payload,1c1ed976517138f66bbc2fe1d705c157003bd2b9,1c1ed97651,feat(email-nodemailer): add email recipient override config (#16311)  Adds the ability to override recipients for ALL emails being sent via sendEmail with the overrideRecipientAddress config in email ,feature,TypeScript,Paul,2026-04-17 19:13:08+00:00,19,4,0,0,142,13,4,1,8,1.62,0,clean,TypeScript,2024-2026,1.0,,10.14,0.2,0.32,0
payloadcms/payload,bc590bd05a2d5fe36424a05bc0fdbd74d50bc877,bc590bd05a,"ci: use artifacts for e2e prep so job retries don't fail on cache eviction (#16310)  Switches the `e2e-prep` handoff from `actions/cache` to `actions/upload-artifact` + `actions/download-artifact`, so",feature,Unknown,German Jablonski,2026-04-17 19:42:29+00:00,19,4,0,0,32,19,1,0,0,0.0,0,clean,TypeScript,2024-2026,1.0,,1.6,0.0,0.0,0
payloadcms/payload,8fe5f04831d10ed45cfbfd89bcbb1fbf0bacacd8,8fe5f04831,"feat: allow client components to also be used as custom collection views (#16312)  Allows client components to also be used as custom collection views, bringing it inline with internal views.  A conti",feature,TypeScript,Paul,2026-04-17 19:52:09+00:00,19,4,0,0,68,0,6,1,3,21.33,0,clean,TypeScript,2024-2026,1.0,,68.0,0.14,3.05,0
swc-project/swc,af1f08f09e749392815f0449ffac2bdd62a5b0e3,af1f08f09e,fix(es/minifier): Support full ES version parsing in minify (#11800)  **Description:**  This updates minify's `ecma` parsing so it accepts the full set of ECMAScript versions already modeled by SWC in,bugfix,Rust,Donny/강동윤,2026-04-17 21:36:04+01:00,21,4,0,0,104,20,4,2,10,1.7,0,clean,TypeScript,2024-2026,1.0,,4.95,0.4,0.34,3
swc-project/swc,9fe56c88553bb79254a7a5e991bfedc5f6c689e1,9fe56c8855,"fix(es/jsx): Preserve quoted JSX attribute newlines (#11796)  ## Summary - preserve line terminators in quoted JSX attribute literals instead of folding them like JSX text - add parser, React transfor",bugfix,JavaScript,Donny/강동윤,2026-04-17 21:36:35+01:00,21,4,0,0,271,70,16,1,7,1.14,0,clean,TypeScript,2024-2026,1.0,,3.82,0.06,0.07,3
swc-project/swc,6f07c6c4f7060c7fbf6a9c96ff8deef67904b5d1,6f07c6c4f7,chore: Publish crates with `swc_core` `v64.0.0`,other,Unknown,SWC Bot,2026-04-17 22:08:09+00:00,22,4,0,1,383,426,107,0,0,0.0,0,clean,TypeScript,2024-2026,1.0,,0.9,0.0,0.0,0
swc-project/swc,6028240017608aac8d80d2c1ff37cf9f13534af6,6028240017,fix(es/module): add opt-in symlink-preserving resolver (#11801)  **Description:**  This adds an opt-in `NodeImportResolver` constructor that preserves symlink paths when rewriting module specifiers.  ,bugfix,Rust,Donny/강동윤,2026-04-17 23:04:36+01:00,23,4,0,1,104,19,5,0,8,4.38,0,clean,TypeScript,2024-2026,1.0,,5.2,0.0,0.73,3
swc-project/swc,d7e7d4a0489fdb686e891ca0de157aeb293d6a21,d7e7d4a048,chore: Publish `1.15.27-nightly-20260418.1` with `swc_core` `v64.0.0`,other,Unknown,SWC Bot,2026-04-18 09:29:32+00:00,9,5,1,0,112,112,59,0,0,0.0,0,clean,TypeScript,2024-2026,1.0,,0.99,0.0,0.0,0
swc-project/swc,497d07faf10c4d36291f218bcaa2adaebaddb803,497d07faf1,chore: Update changelog,other,Unknown,SWC Bot,2026-04-18 09:29:34+00:00,9,5,1,0,1,15,2,0,0,0.0,0,clean,TypeScript,2024-2026,1.0,,0.06,0.0,0.0,0
swc-project/swc,993744ecc976a07e82e781802a0fe4dcb76fbe09,993744ecc9,chore: Publish `1.15.28-nightly-20260418.1` with `swc_core` `v64.0.0`,other,Unknown,SWC Bot,2026-04-18 15:50:57+00:00,15,5,1,0,64,64,59,0,0,0.0,0,clean,TypeScript,2024-2026,1.0,,0.98,0.0,0.0,0
swc-project/swc,bf0146c00946c4fac868800bd77bb999d923d9b8,bf0146c009,chore: Publish `1.15.29-nightly-20260418.1` with `swc_core` `v64.0.0`,other,Unknown,SWC Bot,2026-04-18 17:04:24+00:00,17,5,1,0,64,64,59,0,0,0.0,0,clean,TypeScript,2024-2026,1.0,,0.98,0.0,0.0,0
swc-project/swc,abe2f3ee2e049354924876201e1b5679a56a0f3e,abe2f3ee2e,chore: Update changelog,other,Unknown,SWC Bot,2026-04-18 17:04:26+00:00,17,5,1,0,11,12,2,0,0,0.0,0,clean,TypeScript,2024-2026,1.0,,0.85,0.0,0.0,0
swc-project/swc,99a45030f8b703f0637f1d4717b692e1d3f24c62,99a45030f8,chore: Publish `1.15.30-nightly-20260418.1` with `swc_core` `v64.0.0`,other,Unknown,SWC Bot,2026-04-18 17:34:40+00:00,17,5,1,0,64,64,59,0,0,0.0,0,clean,TypeScript,2024-2026,1.0,,0.98,0.0,0.0,0
swc-project/swc,5e2d7f23e038783db019ce63951c9fdc743a5efa,5e2d7f23e0,chore: Update changelog,other,Unknown,SWC Bot,2026-04-18 17:34:42+00:00,17,5,1,0,6,14,2,0,0,0.0,0,clean,TypeScript,2024-2026,1.0,,0.4,0.0,0.0,0
swc-project/swc,c30a5226920311a26f2b9692d057a50b18266d30,c30a522692,fix(deploy): Fix musl binding test workflow (#11804)  **Description:**  This updates the `test-linux-x64-musl-binding` job in `publish-npm-package.yml` so the musl binding tests only do the work they ,bugfix,Unknown,Donny/강동윤,2026-04-18 18:00:27+01:00,18,5,1,0,2,1,1,0,0,0.0,0,clean,TypeScript,2024-2026,1.0,,1.0,0.0,0.0,3
swc-project/swc,a3d3ef3924a80e19101a9735bf357ac14cd68fbc,a3d3ef3924,fix(deploy): build package ts before Linux GNU binding tests (#11806)  **Description:**  This fixes the `test-linux-x64-gnu-binding` workflow path so the package under test builds its own TypeScript e,bugfix,Unknown,Donny/강동윤,2026-04-18 18:30:45+01:00,18,5,1,0,1,0,1,0,0,0.0,0,clean,TypeScript,2024-2026,1.0,,1.0,0.0,0.0,3
swc-project/swc,502ad3e5b63fa2eb556d17bed3202a79bd710812,502ad3e5b6,chore: Publish `1.15.30` with `swc_core` `v64.0.0`,other,Unknown,SWC Bot,2026-04-19 08:57:34+00:00,8,6,1,0,64,64,59,0,0,0.0,0,clean,TypeScript,2024-2026,1.0,,0.98,0.0,0.0,0
swc-project/swc,4fb500cc21eb1f6c3d84ba7bd66d6d084844a394,4fb500cc21,chore: Update changelog,other,Unknown,SWC Bot,2026-04-19 08:57:36+00:00,8,6,1,0,1,1,1,0,0,0.0,0,clean,TypeScript,2024-2026,1.0,,0.5,0.0,0.0,0
payloadcms/payload,48db8c199fe9aeb9f88d32daac40b7727c4a5ca8,48db8c199f,fix: correct slugifyTitle hook example in documentation (#16306)  ## What?  Fixed incorrect return statement in the `slugifyTitle` field hook example in the official documentation.  The example was ge,bugfix,Unknown,Anton Ambarov,2026-04-19 19:47:56+00:00,19,6,1,0,1,1,1,0,0,0.0,0,clean,TypeScript,2024-2026,1.0,,0.5,0.0,0.0,0
payloadcms/payload,a7cc58b5d8dad2a0199f20d8b5d5395d2a721762,a7cc58b5d8,ci: use SLACK_CHANNEL env var for activity notifications (#16323)  # Overview  Updates the activity notifications workflow and action scripts to read the Slack channel from a `SLACK_CHANNEL` secret ra,bugfix,TypeScript,Elliot DeNolf,2026-04-20 11:04:54-04:00,11,0,0,0,15,16,6,0,150,3.64,0,clean,TypeScript,2024-2026,1.0,,0.88,0.0,0.52,0
payloadcms/payload,6731036a4b3720df82529aa8c750a6e2394928ab,6731036a4b,"feat(plugin-ecommerce): add locale-aware currency formatting and symbol positioning (#15139)  This PR introduces automatic, locale-aware currency formatting using the native Intl.NumberFormat API.  It",feature,TypeScript,Marcin Gierada,2026-04-20 15:19:03+01:00,15,0,0,0,216,48,6,1,7,4.57,0,clean,TypeScript,2024-2026,1.0,,4.41,0.14,0.65,0
payloadcms/payload,eeee018847a9b8fbbda85f1a9f65bd2082404f9c,eeee018847,ci: disable audit-dependencies slack notification (#16329),other,Unknown,Elliot DeNolf,2026-04-20 16:00:40-04:00,16,0,0,0,0,20,1,0,0,0.0,0,clean,TypeScript,2024-2026,1.0,,0.0,0.0,0.0,0
swc-project/swc,fe38342b8fa960b430300f2491a5695c09debf4c,fe38342b8f,feat(es): Add `jsc.preserveSymlinks` to `swc::Options` (#11813)  ## Description  Wires the `NodeImportResolver::with_config_preserving_symlinks` constructor (added in #11801) through to `swc::Options`,feature,Rust,Per Bergland,2026-04-20 16:40:33+09:00,16,0,0,0,185,13,5,0,12,7.83,0,clean,TypeScript,2024-2026,1.0,,13.21,0.0,1.3,0
payloadcms/payload,8a470c13452f65f9dee83d4edc0497f808bcf04f,8a470c1345,test: add more integration tests to CI (#15419)  Co-authored-by: German Jablonski <GermanJablo@users.noreply.github.com>,feature,TypeScript,German Jablonski,2026-04-20 17:00:20+01:00,17,0,0,0,147,0,3,1,0,0.0,0,clean,TypeScript,2024-2026,1.0,,147.0,0.25,0.0,0
payloadcms/payload,5a39afc0ec4df2339ddb2f8514f763aae0f58bc0,5a39afc0ec,"chore(templates): fix link to one-click deployment (#16337)  Fixes a broken one-click deployment link from the website template, which wrongfully omits the branch name from the URL.",bugfix,Unknown,Jake Fletcher,2026-04-21 15:11:07-04:00,15,1,0,0,1,1,1,0,0,0.0,0,clean,TypeScript,2024-2026,1.0,,0.5,0.0,0.0,0
payloadcms/payload,f6e9073017a117e1b411d626d5140a76896903eb,f6e9073017,"fix: unique value errors are not displayed properly for localized fields (#16069)  Previously, in the admin panel errors with localized + unique fields were not shown properly as ""Field is unique"" and",bugfix,TypeScript,Sasha,2026-04-21 16:04:58-04:00,16,1,0,0,182,11,7,2,6,4.67,0,clean,TypeScript,2024-2026,1.0,,15.17,0.25,0.58,0
payloadcms/payload,a507fccde7698293791ede532fcd1e8eee228059,a507fccde7,fix(ui): json and richText fields expose unsupported operators in WhereBuilder (#16353)  # Overview  Fixes broken operators exposed in the WhereBuilder for `json` and `richText` fields. Both field typ,bugfix,TypeScript,Patrik,2026-04-22 09:02:12-07:00,9,2,0,0,130,74,4,2,0,0.0,0,clean,TypeScript,2024-2026,1.0,,1.73,0.4,0.0,6
payloadcms/payload,e5bc6bede170b55bffe57ba95b791dbc575b1379,e5bc6bede1,fix(ui): bulk edit ignores fields in named tabs and shows incorrect labels for unlabeled containers (#16340)  ## Overview  Fixes two bugs in `reduceFieldOptions` affecting the bulk edit field selector,bugfix,TypeScript,Patrik,2026-04-22 09:21:09-04:00,9,2,0,0,146,2,4,1,3,7.33,0,clean,TypeScript,2024-2026,1.0,,48.67,0.2,1.47,6
payloadcms/payload,60d8678a421ab953bb6ffa3ee2cc1643c8656409,60d8678a42,test: add tests for autosave creating new versions and losing draft status on reload (#16335)  Add two tests covering autosave bugs specific to the Content API database adapter:  - Autosave changes on,bugfix,TypeScript,Sasha,2026-04-22 09:58:48-04:00,9,2,0,0,98,0,1,1,0,0.0,0,clean,TypeScript,2024-2026,1.0,,98.0,0.5,0.0,0
payloadcms/payload,e08294bd1d83c21140da0e044111b6bcd3f381b0,e08294bd1d,chore(release): v3.84.0 [skip ci],other,Unknown,Elliot DeNolf,2026-04-22 13:29:05-04:00,13,2,0,0,43,43,43,0,0,0.0,0,clean,TypeScript,2024-2026,1.0,,0.98,0.0,0.0,0
payloadcms/payload,8d30bc009b118a8f5a7833191fee245115f4f613,8d30bc009b,ci: disable nightly prerelease cron temporarily,other,Unknown,Elliot DeNolf,2026-04-22 13:40:56-04:00,13,2,0,0,0,3,1,0,0,0.0,0,clean,TypeScript,2024-2026,1.0,,0.0,0.0,0.0,0
payloadcms/payload,b3b819841e2186876ac015fbddacf2a43aae0278,b3b819841e,ci: bump versions to beta,other,Unknown,Elliot DeNolf,2026-04-22 13:45:56-04:00,13,2,0,0,43,43,43,0,0,0.0,0,clean,TypeScript,2024-2026,1.0,,0.98,0.0,0.0,0
payloadcms/payload,fa8419efeb5d707720cd15ee928722ad74abc40d,fa8419efeb,"fix(db-mongodb): remove duplicate IDs in nested relationship queries (#16354)  ### What?  When querying through a nested relationship (e.g. `where: { 'movie.name': { equals: '...' } }`), the `$in` arr",bugfix,TypeScript,Eduardo Costa,2026-04-22 13:53:14-04:00,13,2,0,0,33,2,2,1,2,30.5,0,clean,TypeScript,2024-2026,1.0,,11.0,0.33,10.17,0
payloadcms/payload,88c8aac2c17dfd215996d482b568827e98c98bb8,88c8aac2c1,ci: update issue and PR templates (#16369)  # Overview  Update issue and PR templates to signal that Payload v3 is in maintenance mode (bug fixes only) and direct new-feature contributions at v4 on `m,bugfix,Unknown,Elliot DeNolf,2026-04-23 12:10:19-04:00,12,3,0,0,15,5,3,0,0,0.0,0,clean,TypeScript,2024-2026,1.0,,2.5,0.0,0.0,0
payloadcms/payload,bb508eacbafdf04ee137e2a3b932b5c873a18c6e,bb508eacba,"ci: require --tag for releases, route v3 template PRs to 3.x (#16360)  # Overview  Main-side tooling for the v4 beta phase. Harden `pnpm release` against accidentally publishing to `latest`, route the",bugfix,TypeScript,Elliot DeNolf,2026-04-23 13:14:15-04:00,13,3,0,0,79,14,3,0,0,0.0,0,clean,TypeScript,2024-2026,1.0,,5.27,0.0,0.0,0
payloadcms/payload,571ac4c355b7693de455a28c5efe2e3a3ecf0d04,571ac4c355,chore: update SECURITY.md (#16357)  Changes security.md to direct emails to security@payloadcms.com instead of info@payloadcms.com,other,Unknown,Dan Ribbens,2026-04-23 13:46:21-04:00,13,3,0,0,1,1,1,0,0,0.0,0,clean,TypeScript,2024-2026,1.0,,0.5,0.0,0.0,7
payloadcms/payload,07f5c068ae9712a22dcd9b112e54fcc6cd4a34b0,07f5c068ae,"feat!: delete richtext-slate (#16359)  **BREAKING:** This PR removes richtext-slate - starting in Payload 4.0, richtext-lexical is our only supported rich text editor. If you're still using richtext-s",feature,TypeScript,Alessio Gravili,2026-04-23 14:25:02-04:00,14,3,0,0,4855,24377,274,9,274,3.26,0,clean,TypeScript,2024-2026,1.0,,0.2,0.03,0.01,14
payloadcms/payload,be31a5408195a5739d8c20ac8e093bafc8e112d7,be31a54081,ci: temporarily disable template builds (#16371)  # Overview  Template build CI jobs fail on `main` after the version bump to `4.0.0-beta.0` because `tools/scripts/src/build-template-with-local-pkgs.t,bugfix,Unknown,Elliot DeNolf,2026-04-23 14:28:25-04:00,14,3,0,0,3,1,1,0,0,0.0,0,clean,TypeScript,2024-2026,1.0,,1.5,0.0,0.0,0
swc-project/swc,be38316f9a7242f2d3765503216b9c3116021b1c,be38316f9a,fix(es/flow): Fix Flow type-only modules in script transforms (#11817)  **Description:**  - Root cause: Flow inputs that were only considered modules because of type-only `import`/`export` syntax kept,bugfix,Rust,Donny/강동윤,2026-04-24 15:35:31+09:00,15,4,0,0,460,74,6,1,25,8.72,0,clean,TypeScript,2024-2026,1.0,,6.13,0.14,1.25,3
payloadcms/payload,0ceba0206fa838d66412640ad976e2572a97c768,0ceba0206f,ci: add codemod to valid PR scopes (#16386)  Adds `codemod` to valid PR scopes,feature,Unknown,Elliot DeNolf,2026-04-24 16:54:49-04:00,16,4,0,0,1,0,1,0,0,0.0,0,clean,TypeScript,2024-2026,1.0,,1.0,0.0,0.0,0
swc-project/swc,28a7fadc2acf95500d934988617b73f0debf5a53,28a7fadc2a,fix(es/parser): align Flow generic arrow JSX disambiguation (#11821)  ## Summary - Align Flow+JSX generic arrow speculative parsing with official Flow parser behavior. - Allow `<Generic>(args) => args,bugfix,Rust,Donny/강동윤,2026-04-25 10:50:11+09:00,10,5,1,0,610,4,6,0,9,7.78,0,clean,TypeScript,2024-2026,1.0,,122.0,0.0,1.11,3
swc-project/swc,3ed724389a55847f5e236421c23f2cd85a7208b3,3ed724389a,fix(es/flow): avoid restoring module context when flow syntax is enabled (#11819)  **Related issue:**  - #11808 - #11817,bugfix,Rust,magic-akari,2026-04-25 10:55:47+09:00,10,5,1,0,9,21,1,0,4,2.0,0,clean,TypeScript,2024-2026,1.0,,0.41,0.0,1.0,0
swc-project/swc,65bd999cb1d407f317b8b7ee698abf9a93021e2f,65bd999cb1,chore: Publish crates with `swc_core` `v65.0.0`,other,Unknown,SWC Bot,2026-04-27 02:43:41+00:00,2,0,0,1,168,192,95,0,0,0.0,0,clean,TypeScript,2024-2026,1.0,,0.87,0.0,0.0,0
swc-project/swc,cd5d7e8c4b8934bb6b1e9670d12ba6c18f56d8e3,cd5d7e8c4b,chore: Publish `1.15.31-nightly-20260427.1` with `swc_core` `v65.0.0`,other,Unknown,SWC Bot,2026-04-27 02:56:23+00:00,2,0,0,1,112,112,59,0,0,0.0,0,clean,TypeScript,2024-2026,1.0,,0.99,0.0,0.0,0
swc-project/swc,8b894b830d6c625971bdec60ec6ba78219154d1a,8b894b830d,chore: Update changelog,other,Unknown,SWC Bot,2026-04-27 02:56:24+00:00,2,0,0,1,1,7,2,0,0,0.0,0,clean,TypeScript,2024-2026,1.0,,0.12,0.0,0.0,0
swc-project/swc,77891326c63422a9a99df302e2d6eba3d41c1538,77891326c6,chore: Publish `1.15.32-nightly-20260427.1` with `swc_core` `v65.0.0`,other,Unknown,SWC Bot,2026-04-27 04:25:20+00:00,4,0,0,1,64,64,59,0,0,0.0,0,clean,TypeScript,2024-2026,1.0,,0.98,0.0,0.0,0
swc-project/swc,bed89b645321cf4a430da3d0ab7ec7c50c76a636,bed89b6453,chore: Update changelog,other,Unknown,SWC Bot,2026-04-27 04:25:22+00:00,4,0,0,1,0,12,2,0,0,0.0,0,clean,TypeScript,2024-2026,1.0,,0.0,0.0,0.0,0
swc-project/swc,364a11c4b6a68d6a3c4084e0501a520abc1db112,364a11c4b6,chore: Publish `1.15.32` with `swc_core` `v65.0.0`,other,Unknown,SWC Bot,2026-04-27 08:34:13+00:00,8,0,0,0,64,64,59,0,0,0.0,0,clean,TypeScript,2024-2026,1.0,,0.98,0.0,0.0,0
swc-project/swc,2aa10d67ab6a8d46085cb37c4ba968f7f41836ce,2aa10d67ab,chore: Update changelog,other,Unknown,SWC Bot,2026-04-27 08:34:15+00:00,8,0,0,0,1,25,2,0,0,0.0,0,clean,TypeScript,2024-2026,1.0,,0.04,0.0,0.0,0
swc-project/swc,347181c45717431a64cb60e0d6ccbe667322a809,347181c457,fix(es/minifier): preserve frozen spread registry keys (#11825)  **Description:**  Fixes a minifier regression where frozen registry objects assembled through object spread can lose keys that are late,bugfix,Rust,Donny/강동윤,2026-04-27 11:39:05+09:00,11,0,0,0,112,7,4,0,7,10.57,0,clean,TypeScript,2024-2026,1.0,,14.0,0.0,2.11,3
payloadcms/payload,af250cfe46787387ea8b14f1d4bf2fa15d47e4db,af250cfe46,feat(codemod): scaffold @payloadcms/codemod for v4 migrations (#16385)  # Overview  Scaffolds a new `@payloadcms/codemod` package at `packages/codemod/`. It provides a CLI that will host codemods for ,bugfix,TypeScript,Elliot DeNolf,2026-04-27 12:05:49-04:00,12,0,0,0,553,0,23,5,11,1.64,0,clean,TypeScript,2024-2026,1.0,,553.0,0.21,0.07,0
swc-project/swc,b815eb24190dc54443486ccee161a419e247826b,b815eb2419,chore: Publish crates with `swc_core` `v65.0.1`,other,Unknown,SWC Bot,2026-04-27 13:06:54+00:00,13,0,0,0,82,82,61,0,0,0.0,0,clean,TypeScript,2024-2026,1.0,,0.99,0.0,0.0,0
swc-project/swc,e39ae3d3489373414ef23177b82f0ab77250a1f2,e39ae3d348,fix(es/minifier): fold unary bool nullish coalescing (#11826)  ## Summary  - fold nullish coalescing when the lhs is a unary boolean expression like `!0` or `!1` - add coverage for booleans produced b,bugfix,JavaScript,hardfist,2026-04-27 22:04:05+09:00,22,0,0,1,28,3,6,0,2,4.5,0,clean,TypeScript,2024-2026,1.0,,7.0,0.0,0.64,0
swc-project/swc,7988966eb33d2404fe588ec50345100ea57a3cf4,7988966eb3,"fix(ci): update rand lockfile entries (#11827)  **Description:**  Updates Cargo.lock so cargo-deny no longer reports RUSTSEC-2026-0097 for rand. This moves rand 0.8.5 to 0.8.6 and rand 0.9.2 to 0.9.4,",bugfix,Unknown,Donny/강동윤,2026-04-27 22:04:36+09:00,22,0,0,1,10,10,1,0,0,0.0,0,clean,TypeScript,2024-2026,1.0,,0.91,0.0,0.0,3
payloadcms/payload,e5673d0c6c09e632bb11d0c766475c788dbd9a77,e5673d0c6c,chore: add job for release notes website sync (#16410)  adds job to post release to trigger release notes sync to payload website,feature,Unknown,Sean Zubrickas,2026-04-28 11:14:36-07:00,11,1,0,0,11,0,1,0,0,0.0,0,clean,TypeScript,2024-2026,1.0,,11.0,0.0,0.0,0
payloadcms/payload,91a87cb7d254c8d716d88554f593862191010c86,91a87cb7d2,"ci: do not block PRs on broken Next.js canary publishes (#16408)  When Vercel publishes `next@<canary>` to npm but its peer packages (`@next/env`, `@next/eslint-plugin-next`) are missing for the same ",bugfix,Unknown,German Jablonski,2026-04-28 13:01:33-04:00,13,1,0,0,140,2,2,0,0,0.0,0,clean,TypeScript,2024-2026,1.0,,46.67,0.0,0.0,0
payloadcms/payload,d2538f91c187a4f5123e92407a490a41986e3169,d2538f91c1,"chore: remove outdated, failing slate tests (#16417)  Removes e2e tests that tested against the removed slate editor and fail",test,TypeScript,Alessio Gravili,2026-04-28 21:36:47+00:00,21,1,0,0,2,377,1,1,0,0.0,0,clean,TypeScript,2024-2026,1.0,,0.01,0.5,0.0,14
payloadcms/payload,ede59acf408cbaf792372caeaef7c29ad9ee1a5f,ede59acf40,"chore: monorepo devcontainer support, refactor db adapter and docker start script (#16396)  ## Devcontainers  Adds dev container configuration, so contributors can open the repo in VS Code without set",feature,TypeScript,Alessio Gravili,2026-04-28 22:19:58+00:00,22,1,0,1,607,132,26,3,17,2.47,0,clean,TypeScript,2024-2026,1.0,,4.56,0.11,0.09,14
payloadcms/payload,987cf842ee64e20ba95ad005f0791a8a5708826e,987cf842ee,feat!: remove deprecated jobs queue depth and runHooks options (#16414)  **BREAKING:** The deprecated `jobs.depth` and `jobs.runHooks` config options have been removed. Job operations now always use d,feature,TypeScript,Alessio Gravili,2026-04-28 23:29:43+00:00,23,1,0,1,22,127,7,1,8,11.88,0,clean,TypeScript,2024-2026,1.0,,0.17,0.12,1.48,14
payloadcms/payload,cb260b90437c6b3573be64df742e8ba4673db2e0,cb260b9043,feat: v4 UI redesign (#16331)  - [ ] array ([PR](https://github.com/payloadcms/payload/pull/16370)) - [ ] blocks ([PR](https://github.com/payloadcms/payload/pull/16384)) - [ ] checkbox - [ ] code - [x,feature,TypeScript,Paul,2026-04-29 13:10:50-04:00,13,2,0,0,8322,3868,276,4,59,7.39,0,clean,TypeScript,2024-2026,1.0,,2.15,0.01,0.03,0
payloadcms/payload,db1b2a8812dcb7b62c20717ea0944d43942005ac,db1b2a8812,test: evals per-case QA tests and inlined suites (#16424)  # Overview  Refactors the eval suite to surface per-question pass/fail in vitest output and reduces boilerplate by inlining suite registratio,bugfix,TypeScript,Elliot DeNolf,2026-04-29 15:14:29-04:00,15,2,0,0,352,580,32,10,44,2.0,1,keyword_strict,TypeScript,2024-2026,0.4,,0.61,0.3,0.06,0
payloadcms/payload,15b18cc83b53f6d0bfb2c634906a17e0132ff584,15b18cc83b,fix(richtext-lexical): drag/drop image into rich text fails when a field name matches the collection slug (#16397)  ## Summary  When a top-level rich text field has the same `name` as the collection's,bugfix,TypeScript,German Jablonski,2026-04-29 15:31:17+00:00,15,2,0,0,171,2,7,1,4,1.5,0,clean,TypeScript,2024-2026,1.0,,57.0,0.12,0.19,0
swc-project/swc,02a8f8123bdec3e8291a2f82ccf01d3e44114c49,02a8f8123b,feat: move swc ast explorer into workspace (#11831)  **Description:**  Moves the `swc-ast-explorer` binary crate from the Next.js repository into the SWC workspace as `crates/swc-ast-explorer`.  This ,feature,Rust,Donny/강동윤,2026-04-29 16:17:01+09:00,16,2,0,0,279,0,11,0,17,2.18,0,clean,TypeScript,2024-2026,1.0,,279.0,0.0,0.18,3
payloadcms/payload,f221f6c22baf28889d7be6dfd96c7fba9e39d612,f221f6c22b,"test: evals audit datasets to dev-facing cases (#16433)  # Overview  Trims `test/evals/datasets/` so the eval suites measure knowledge a developer applies while building an application with Payload, n",bugfix,TypeScript,Elliot DeNolf,2026-04-30 11:00:10-04:00,11,3,0,0,12,129,5,1,1,1.0,1,keyword_strict,TypeScript,2024-2026,0.4,,0.09,0.17,0.17,1
payloadcms/payload,640c6d76b1100a81a57c8bde4341199403bd0c99,640c6d76b1,ci: add evals and skills scopes [skip ci] (#16435)  Add `evals` and `skills` as valid PR title scopes,feature,Unknown,Elliot DeNolf,2026-04-30 11:10:08-04:00,11,3,0,0,2,0,1,0,0,0.0,0,clean,TypeScript,2024-2026,1.0,,2.0,0.0,0.0,2
payloadcms/payload,ad9e171b8f0b1600cd51610faf3c631bfaeaeff6,ad9e171b8f,feat(ui): restyle Number & Text field for v4 (#16419)  ## Summary  Restyles the Number field and ReactSelect components for the v4 UI refresh. Adds an `InputStepper` component with custom chevron butt,bugfix,TypeScript,Patrik,2026-04-30 11:39:55-04:00,11,3,0,0,654,454,84,1,15,3.6,1,keyword_strict,TypeScript,2024-2026,0.4,,1.44,0.01,0.04,6
payloadcms/payload,8ca6282a34a3b7f46bc8d328614d3c5c84d45f55,8ca6282a34,feat: restyle password and confirm-password field to match v4 design (#16438)  Updates the `password` field component to match v4 design system specs.   Includes a new show/hide visibility toggle usin,feature,TypeScript,Patrik,2026-04-30 14:03:06-07:00,14,3,0,0,430,82,56,0,7,3.29,0,clean,TypeScript,2024-2026,1.0,,5.18,0.0,0.06,7
payloadcms/payload,548160262d86563fda12510c251dda9ddf073bd7,548160262d,"fix(ui): smooth border-radius transition on collapsible close (#16431)  ## Summary  When collapsing an array/blocks row, the bottom border-radius on the header would snap to rounded immediately while ",bugfix,Unknown,Jarrod Flesch,2026-04-30 14:04:43+01:00,14,3,0,0,16,0,1,0,0,0.0,1,keyword_strict,TypeScript,2024-2026,0.4,,16.0,0.0,0.0,12
payloadcms/payload,972d4014230682a65b5a104794733409b6df147f,972d401423,feat: update date field to v4 design (#16430)  Refactors date field UI to match V4 designs.  ---------  Co-authored-by: Jarrod Flesch <jarrodmflesch@gmail.com>,feature,TypeScript,Jessica Rynkar,2026-04-30 14:37:08-04:00,14,3,0,0,1049,1317,10,1,4,4.0,0,clean,TypeScript,2024-2026,1.0,,0.8,0.09,0.36,0
payloadcms/payload,76ee267e4c2c6e494954c041b94256f0748d3291,76ee267e4c,fix(ui): replace --base with spacer tokens in Row field CSS (#16425)  Replaces deprecated `--base` variable with proper spacer tokens in Row field CSS.  ## Changes  - Updates the **Row** field compone,bugfix,TypeScript,Jarrod Flesch,2026-04-30 14:52:14-04:00,14,3,0,0,176,11,4,0,0,0.0,1,keyword_strict,TypeScript,2024-2026,0.4,,14.67,0.0,0.0,13
payloadcms/payload,d6f0091268e1297085f6d3865e3e3f8986ac576d,d6f0091268,feat(ui): restyle tabs field with design tokens to match v4 design (#16428)  ## Summary  Migrates the Tabs field component to use design tokens and updates visual styling to match the v4 design system,bugfix,TypeScript,Jarrod Flesch,2026-04-30 15:12:15-04:00,15,3,0,0,149,48,4,0,0,0.0,1,keyword_strict,TypeScript,2024-2026,0.4,,3.04,0.0,0.0,14
payloadcms/payload,b51980179410937069de0b6596d0bfb6cbd059e5,b519801794,feat(ui): v4 array field (#16370)  Refactors `array` field UI to match V4 designs.  States to review:  - [ ] Theme (light/dark)  - [ ] Style (default/error) - [ ] Expanded / collapsed - [ ] Header / n,feature,TypeScript,Jessica Rynkar,2026-04-30 15:22:15+01:00,15,3,0,0,100,61,5,0,0,0.0,0,clean,TypeScript,2024-2026,1.0,,1.61,0.0,0.0,0
payloadcms/payload,86dda3d8257515993a81eeb318510375af2f74b5,86dda3d825,fix(ui): checkbox and radio error tooltip alignment (#16439)  Fixes error tooltip positioning for checkbox and radio fields so the caret aligns properly with the input.  ### Changes  **Checkbox field:,bugfix,TypeScript,Jarrod Flesch,2026-04-30 16:13:16-04:00,16,3,0,0,110,19,6,0,3,8.0,1,keyword_strict,TypeScript,2024-2026,0.4,,5.5,0.0,1.14,15
payloadcms/payload,019335bc62e78cf684f04bf54e5287fd743b0c63,019335bc62,fix(ui): improve ReactSelect clear indicator positioning and sizing (#16440)  ## Summary  Refines ReactSelect clear indicator positioning and sizing to align with the design system. Uses token-based s,bugfix,TypeScript,Jarrod Flesch,2026-04-30 16:14:49-04:00,16,3,0,0,107,5,3,0,0,0.0,1,keyword_strict,TypeScript,2024-2026,0.4,,17.83,0.0,0.0,16
payloadcms/payload,5df759b4bc258072c9fc5c660aaa53f70084334e,5df759b4bc,feat(ui): restyle textarea field to match v4 design (#16427)  ## Summary Restyles the Textarea field component to match the v4 design.  ## Changes - Updated `packages/ui/src/fields/Textarea/index.css`,bugfix,TypeScript,Jarrod Flesch,2026-04-30 19:42:44+00:00,19,3,0,0,36,8,2,0,0,0.0,1,keyword_strict,TypeScript,2024-2026,0.4,,4.0,0.0,0.0,17
payloadcms/payload,b254854978fffd13603e272f9a31dfa56685c7d9,b254854978,feat(ui): update Group field styles to match v4 design (#16423)  ## Summary  Updates the Group field component styles to match the v4 design.  ## Changes  - **Separator line position**: Changed from t,feature,TypeScript,Jarrod Flesch,2026-04-30 20:50:41+00:00,20,3,0,0,54,16,3,0,1,24.0,0,clean,TypeScript,2024-2026,1.0,,3.18,0.0,6.0,18
payloadcms/payload,f83c99e441999a2d9341e8d377af384f88ac7e6c,f83c99e441,feat!: remove deprecated job queue `state: 'failed'` task return shape (#16416)  **BREAKING:** Job task handlers and `inlineTask` callbacks can no longer use the `state` field to signal success or fai,feature,TypeScript,Alessio Gravili,2026-05-01 11:01:28-04:00,11,4,0,0,32,188,9,1,8,4.12,0,clean,TypeScript,2024-2026,1.0,,0.17,0.1,0.41,14
payloadcms/payload,c0438fe365781b8cfb86d18ab2abfd3b1f3005af,c0438fe365,"fix(ui): show all listSearchableFields in ListDrawer search placeholder (#16400)  The search placeholder in `ListControls` was stored in a `useRef` and updated from a `useEffect`, so the multi-field p",bugfix,Unknown,Alessio Gravili,2026-05-01 11:06:49-04:00,11,4,0,0,24,33,1,0,1,3.0,1,keyword_strict,TypeScript,2024-2026,0.4,,0.71,0.0,1.5,14
payloadcms/payload,8fe442c8b0e546ac15363078f007c9c55fb1789d,8fe442c8b0,"fix(plugin-multi-tenant): tenant field unselectable in bulk upload ""Edit all"" (#16447)  In a multi-tenant collection that has uploads enabled, picking the tenant field (""Site"" in our test) inside the ",bugfix,TypeScript,Alessio Gravili,2026-05-01 11:31:36-04:00,11,4,0,0,94,2,5,1,2,4.0,1,keyword_strict,TypeScript,2024-2026,0.4,,31.33,0.17,0.67,15
payloadcms/payload,b3fac323f4d215f4795fb5393eae93625ebd1694,b3fac323f4,feat(ui): restyle relationship field with design tokens to match v4 design (#16441)  Restyles the relationship field and AddNewRelation button to match the v4 Figma design.  - Migrates AddNewRelation ,bugfix,TypeScript,Jarrod Flesch,2026-05-01 13:34:44+01:00,13,4,0,0,247,182,8,0,1,5.0,1,keyword_strict,TypeScript,2024-2026,0.4,,1.35,0.0,0.56,18
payloadcms/payload,da5dd8a50e77a4f09f82a7d22f7bfb8f8b56e9e6,da5dd8a50e,fix: stop workflows retrying forever when no retries are configured (#16450)  Jobs with a workflow that had no `retries` configured would retry forever with no backoff if the workflow handler threw an,bugfix,TypeScript,Alessio Gravili,2026-05-01 13:48:19-04:00,13,4,0,0,212,17,7,1,7,4.43,1,keyword_strict,TypeScript,2024-2026,0.4,,11.78,0.12,0.55,16
payloadcms/payload,cd37bd4f4b357f612a665320e5eea67bdbe524bc,cd37bd4f4b,fix(ui): add min-height and padding to textarea field (#16442)  Fixes textarea field shrinking below a minimum height when content is typed and adds proper padding.  ### Changes - Adds `padding: var(-,bugfix,Unknown,Jarrod Flesch,2026-05-01 14:33:04-04:00,14,4,0,0,1,4,1,0,0,0.0,1,keyword_strict,TypeScript,2024-2026,0.4,,0.2,0.0,0.0,19
swc-project/swc,8439488e09dfe048b2dd02c44b054d4dfa816bc4,8439488e09,chore: Publish crates with `swc_core` `v65.0.2`,other,Unknown,SWC Bot,2026-05-02 05:28:02+00:00,5,5,1,1,81,70,44,0,0,0.0,0,clean,TypeScript,2024-2026,1.0,,1.14,0.0,0.0,0
swc-project/swc,3d18a2673a69e6e6172c161815fd576c41d59330,3d18a2673a,fix(es/parser): parse empty Flow exact object type (#11836)  **Description:**  Fixes Flow parsing for empty exact object types like `{||}` by handling the lexer-produced `||` token only in Flow object,bugfix,Rust,Donny/강동윤,2026-05-02 10:32:32+09:00,10,5,1,0,247,23,4,0,3,9.33,0,clean,TypeScript,2024-2026,1.0,,10.29,0.0,1.87,3
swc-project/swc,9ccecaf90928c32cbba55b177f1e741b5894d5ea,9ccecaf909,chore: Publish `1.15.33-nightly-20260502.1` with `swc_core` `v65.0.2`,other,Unknown,SWC Bot,2026-05-02 12:21:33+00:00,12,5,1,0,112,112,59,0,0,0.0,0,clean,TypeScript,2024-2026,1.0,,0.99,0.0,0.0,0
swc-project/swc,426183b0da71621034f8be83c3794c81a34acfbd,426183b0da,chore: Update changelog,other,Unknown,SWC Bot,2026-05-02 12:21:35+00:00,12,5,1,0,1,13,2,0,0,0.0,0,clean,TypeScript,2024-2026,1.0,,0.07,0.0,0.0,0
swc-project/swc,0165c946edb603abf41acd9bd61ea769254de773,0165c946ed,chore: Publish `1.15.33` with `swc_core` `v65.0.2`,other,Unknown,SWC Bot,2026-05-02 14:24:20+00:00,14,5,1,0,64,64,59,0,0,0.0,0,clean,TypeScript,2024-2026,1.0,,0.98,0.0,0.0,0
swc-project/swc,fcde8564297a94616b7a0e7cf87895ef15809994,fcde856429,chore: Update changelog,other,Unknown,SWC Bot,2026-05-02 14:24:22+00:00,14,5,1,0,1,13,2,0,0,0.0,0,clean,TypeScript,2024-2026,1.0,,0.07,0.0,0.0,0
swc-project/swc,9101c719fa8f3f5cb410d716d4f50544650cd81e,9101c719fa,fix(es/react): exclude self-recursive hooks from refresh dependency array (#11838)  **Description:**  Filter recursive self-references out of the dependency callback emitted by `transform.react.refres,bugfix,JavaScript,Joel Arvidsson,2026-05-03 01:59:22+09:00,1,6,1,1,176,11,7,1,13,4.08,0,clean,TypeScript,2024-2026,1.0,,14.67,0.12,0.51,0
swc-project/swc,0d8e6510835c8bc4e433d92408ccd4faa4a3f721,0d8e651083,chore: Publish crates with `swc_core` `v65.0.3`,other,Unknown,SWC Bot,2026-05-04 02:16:19+00:00,2,0,0,1,113,115,66,0,0,0.0,0,clean,TypeScript,2024-2026,1.0,,0.97,0.0,0.0,0
payloadcms/payload,3dbbe6cd42f1244ab1e65410502afb2c72b1322f,3dbbe6cd42,"chore: pass --browser chromium to playwright MCP (#16454)  @playwright/mcp defaults to the `chrome` channel, which on Linux looks for `/opt/google/chrome/chrome` - Google doesn't ship branded Chrome f",other,Unknown,Alessio Gravili,2026-05-04 08:56:08-07:00,8,0,0,0,9,3,3,0,0,0.0,0,clean,TypeScript,2024-2026,1.0,,2.25,0.0,0.0,17
payloadcms/payload,3fa930462203d25802380ca501836fd6ce8c8888,3fa9304622,"fix(ui): respect formatDocURL returning null in ListDrawer (#16398)  When a collection's `formatDocURL` returns `null`, the regular list view correctly renders the linked column as plain text. Inside ",bugfix,TypeScript,Alessio Gravili,2026-05-04 08:57:52-07:00,8,0,0,0,62,1,4,1,4,2.25,1,keyword_strict,TypeScript,2024-2026,0.4,,31.0,0.2,0.45,17
swc-project/swc,bf2d0154cf8b66fdab16085585fda0086d297a64,bf2d0154cf,docs: update agent guidance (#11842)  **Description:**  Adds agent guidance requested from PR review feedback:  - Respect the project MSRV when writing Rust code. - Keep new swc_ecma_minifier regressi,bugfix,Unknown,Donny/강동윤,2026-05-04 10:58:10+09:00,10,0,0,0,3,1,2,0,0,0.0,0,clean,TypeScript,2024-2026,1.0,,1.5,0.0,0.0,3
swc-project/swc,3dd34310d429baff6e8d1a6393266c648684d3c6,3dd34310d4,"test(es/minifier): move issue_11835 fixture out of terser folder (#11840)  Per review feedback on #11837, relocate the issue_11835 regression case from `tests/terser/compress/sequences/issue_11835` to",bugfix,JavaScript,Donny/강동윤,2026-05-04 10:59:34+09:00,10,0,0,0,0,19,5,0,2,1.5,0,clean,TypeScript,2024-2026,1.0,,0.0,0.0,0.25,3
swc-project/swc,21873b06df3fd62d952a21cf879e14d11d4b39d7,21873b06df,fix(es/minifier): preserve args for destructured callbacks (#11830)  **Description:**  Fixes a minifier regression where `unused`/call argument optimization could drop arguments for a callback loaded ,bugfix,JavaScript,Donny/강동윤,2026-05-04 11:00:07+09:00,11,0,0,0,41,1,3,0,7,3.29,0,clean,TypeScript,2024-2026,1.0,,20.5,0.0,0.82,3
swc-project/swc,86145f0fabd0fa5f3cebdab27f72ac051548e9dd,86145f0fab,chore: Add a changeset,feature,Unknown,DongYun Kang,2026-05-04 11:13:31+09:00,11,0,0,0,6,0,1,0,0,0.0,0,clean,TypeScript,2024-2026,1.0,,6.0,0.0,0.0,0
payloadcms/payload,43918abb1d00ecedea10c43997d82c88d9004141,43918abb1d,"feat(ui): update icons to match v4 design (#16452)  ## Summary  Updates all icon components to use paths from the Figma design system.  Converts SCSS to CSS, adds multi-size support where Figma has bo",feature,TypeScript,Patrik,2026-05-04 11:52:50-07:00,11,0,0,0,1253,726,104,1,73,1.74,0,clean,TypeScript,2024-2026,1.0,,1.72,0.01,0.02,7
payloadcms/payload,e1cde7a0db61d1245d8b9acfc9d370b27a166ef4,e1cde7a0db,feat(ui): restyle slug field to match v4 design (#16444)  ## Summary  Restyles the Slug field component to match the v4 design system. The main change moves from text-based lock/unlock controls to ico,bugfix,TypeScript,Patrik,2026-05-04 12:51:12-04:00,12,0,0,0,595,91,14,1,8,2.75,1,keyword_strict,TypeScript,2024-2026,0.4,,6.47,0.07,0.18,7
payloadcms/payload,f185668286850d2ebb9b7629b08da4d9a28b7b73,f185668286,"feat(ui): v4 blocks field (#16384)  Adds blocks ui v4 styling  Note: In the 'add blocks drawer' the grid/list toggle is intentionally missing, waiting until we have designs for the list.  ---------  C",feature,TypeScript,Jessica Rynkar,2026-05-04 12:57:06-04:00,12,0,0,0,587,306,30,5,17,5.53,0,clean,TypeScript,2024-2026,1.0,,1.91,0.16,0.18,0
payloadcms/payload,b66846fac19281020d414056c87e1c546137cdf9,b66846fac1,docs: scaffold v4 migration guide (#16468)  Scaffolds a migration guide for upgrading from Payload 3.x to 4.0.  Although we're shipping a [codemod](https://github.com/payloadcms/payload/pull/16385) to,docs,Unknown,Jake Fletcher,2026-05-04 17:18:53+00:00,17,0,0,0,1204,1167,3,0,0,0.0,0,clean,TypeScript,2024-2026,1.0,,1.03,0.0,0.0,0
swc-project/swc,9300ede1d495463042da1db11754c76057a50954,9300ede1d4,feat(swc_cli): Implement all features for `swc_cli` (#11797)  ## Summary - add real long-running `swc compile --watch` support with incremental `--out-dir` updates and `--out-file` rebuilds - add `--c,bugfix,Rust,Donny/강동윤,2026-05-04 17:25:40+09:00,17,0,0,0,1977,297,8,0,73,5.25,0,clean,TypeScript,2024-2026,1.0,,6.63,0.0,0.58,3
payloadcms/payload,1f42ec3f4c73985eabe79a856601b408909062be,1f42ec3f4c,feat(ui): export missing icons from client entry point (#16472)  ### What?  Re-exports 14 icons from `@payloadcms/ui/client` that exist in `packages/ui/src/icons` but were not included in the client b,feature,TypeScript,Patrik,2026-05-05 09:53:38-07:00,9,1,0,0,14,0,1,0,0,0.0,0,clean,TypeScript,2024-2026,1.0,,14.0,0.0,0.0,8
payloadcms/payload,52bd536c0eaf1d2a2f4c4e2871b3dc43ff015961,52bd536c0e,test(evals): show codegen output as syntax-highlighted diff in dashboard (#16488)  # Overview  The eval dashboard now renders the full code produced by codegen runs as a syntax-highlighted unified dif,bugfix,TypeScript,Elliot DeNolf,2026-05-05 11:55:17-04:00,11,1,0,0,600,17,8,0,13,8.69,1,keyword_strict,TypeScript,2024-2026,0.4,,33.33,0.0,0.97,2
swc-project/swc,9b4fab58c90256a6da688de87ea405225a5a6fdb,9b4fab58c9,fix(es/minifier): Avoid generating mangled property names that collide with existing properties (#11839)  ## What's the problem this PR addresses?  Closes #11027.  When `jsc.minify.mangle.props` is en,bugfix,Rust,Rust & Python — Backend Developer,2026-05-05 12:35:18+09:00,12,1,0,0,452,2,4,0,7,1.43,0,clean,TypeScript,2024-2026,1.0,,150.67,0.0,0.29,0
payloadcms/payload,2d77a3ed6844b37bcf0cd771d8f6bc85fab1a582,2d77a3ed68,feat: hierarchy with ui (#15769)  # Hierarchy Feature  This PR introduces a comprehensive hierarchy system for Payload that enables collections to have parent-child relationships with automatic path g,feature,TypeScript,Jarrod Flesch,2026-05-05 12:51:30-07:00,12,1,0,0,23178,13062,452,15,445,6.77,0,clean,TypeScript,2024-2026,1.0,,1.77,0.03,0.01,20
payloadcms/payload,29eeb7fe1383017538f96102fc13d7d1859af5b1,29eeb7fe13,"fix(richtext-lexical): cursor kicked out of nested richtext while typing in a block (#16478)  With autosave enabled, typing into a richtext field nested inside a Lexical block randomly kicks the curso",bugfix,TypeScript,Alessio Gravili,2026-05-05 15:55:27+00:00,15,1,0,0,294,111,7,1,4,4.75,1,keyword_strict,TypeScript,2024-2026,0.4,,2.62,0.12,0.59,18
payloadcms/payload,fcdb7ba6749d5010f00d5c202a0b9bba189fcf15,fcdb7ba674,ci: add missing e2e test suite to CI (#16491)  Adds the new `lexical__collections__LexicalAutosaveBlock` suite add by https://github.com/payloadcms/payload/pull/16478 to run in CI.,feature,TypeScript,Alessio Gravili,2026-05-05 16:54:37+00:00,16,1,0,0,1,0,1,0,0,0.0,0,clean,TypeScript,2024-2026,1.0,,1.0,0.0,0.0,19
refinedev/refine,a71bfb705486a3eb9631dc5d269fbdaeea1c4808,a71bfb7054,fix(win95): issue on browser titles,bugfix,Unknown,Batuhan Wilhelm,2026-05-05 18:40:11+03:00,18,1,0,0,60,10,3,0,0,0.0,0,clean,TypeScript,2024-2026,1.0,,5.45,0.0,0.0,0
refinedev/refine,20619ec5d806b6b5062de55cce141b1ff4e30a9b,20619ec5d8,chore(docs): remove try it section from core page,docs,Unknown,Batuhan Wilhelm,2026-05-05 18:47:28+03:00,18,1,0,0,0,430,2,0,6,3.33,0,clean,TypeScript,2024-2026,1.0,,0.0,0.0,1.11,0
payloadcms/payload,f9b339a4210c3701474ceb8cb0025d6d36b3d306,f9b339a421,feat!: remove admin.hideAPIURL in favor of view conditions (#12940)  The `admin.hideAPIURL` property is no longer relevant since Payload v2.  We used to render a basic anchor link on the edit view tha,feature,TypeScript,Jake Fletcher,2026-05-05 18:51:35-04:00,18,1,0,0,347,58,20,3,14,8.5,0,clean,TypeScript,2024-2026,1.0,,5.88,0.14,0.4,0
refinedev/refine,7083cdec12eb5f39de4eb485e54845f70386596b,7083cdec12,chore(docs): update invoicer link,docs,JavaScript,Batuhan Wilhelm,2026-05-05 18:59:09+03:00,18,1,0,0,2,2,2,0,0,0.0,0,clean,TypeScript,2024-2026,1.0,,0.67,0.0,0.0,0
refinedev/refine,fb3ae57a0c303aabdbc0e76f247d56e74afb4764,fb3ae57a0c,feat: expose stringifyOptions in createDataProvider (fixes #7360) (#7398),bugfix,TypeScript,armorbreak001,2026-05-06 00:53:54+03:00,0,2,0,1,20,10,3,0,4,4.0,0,clean,TypeScript,2024-2026,1.0,,1.82,0.0,1.0,0
payloadcms/payload,51c88187ae459e562bb0b3b2ecca88d8f3072d9c,51c88187ae,feat!: move global admin.components.elements to admin.components.edit (#16492),feature,TypeScript,Jake Fletcher,2026-05-06 01:26:35-04:00,1,2,0,1,562,249,24,2,13,15.46,0,clean,TypeScript,2024-2026,1.0,,2.25,0.08,0.62,0
payloadcms/payload,f3f8cb6c59922c81923e096d31faee045ba8d0c0,f3f8cb6c59,"feat(ui): v4 upload field (#16422)  This is just for the upload **field**, the upload collection view and upload related elements (preview sizes, crop and focal point) will be reworked separately.  --",feature,TypeScript,Jessica Rynkar,2026-05-06 10:09:07+01:00,10,2,0,0,338,233,27,2,10,6.6,0,clean,TypeScript,2024-2026,1.0,,1.44,0.07,0.24,0
payloadcms/payload,1ed0f74635d48f0adf8cceb14c182e4bf3795ac8,1ed0f74635,"test(evals): tighten codegen evaluation pipeline (#16506)  # Overview  Hardens the eval pipeline used to test the Payload skill's codegen quality. Adds deterministic AST-level structural assertions, i",bugfix,TypeScript,Elliot DeNolf,2026-05-06 10:43:40-04:00,10,2,0,0,1164,121,53,0,22,6.5,1,keyword_strict,TypeScript,2024-2026,0.4,,9.54,0.0,0.12,3
sequelize/sequelize,8260c2905e22f92b8c908023faaf4ad99994981c,8260c2905e,meta: update dependency uuid to v11.1.1 [security] (#18222)  Co-authored-by: renovate[bot] <29139614+renovate[bot]@users.noreply.github.com>,other,Unknown,renovate[bot],2026-05-06 11:19:56+02:00,11,2,0,0,54,809,1,0,0,0.0,0,clean,TypeScript,2024-2026,1.0,,0.07,0.0,0.0,0
payloadcms/payload,5c3111e80000cc3f73c56ceec9ee083458d56cd5,5c3111e800,"test(evals): remove Q and A evals and low-power model variant (#16509)  # Overview  Cuts the eval suite down to codegen-only signal. Removes the QA pipeline, the low-power model variant, and the four ",bugfix,TypeScript,Elliot DeNolf,2026-05-06 12:28:04-04:00,12,2,0,0,113,1097,39,9,39,4.92,1,keyword_strict,TypeScript,2024-2026,0.4,,0.1,0.22,0.12,4
payloadcms/payload,962b4fe01c7c518fb97abf2c7d15b26f3c6ec7a0,962b4fe01c,"fix(plugin-cloud-storage): dedupe filename in clientUploads signed URL (#16495)  When a user uploads via clientUploads and the collection already has a doc with that filename, the signed URL endpoint ",bugfix,TypeScript,Alessio Gravili,2026-05-06 12:59:53+00:00,12,2,0,0,214,34,14,1,15,3.87,1,keyword_strict,TypeScript,2024-2026,0.4,,6.11,0.07,0.26,19
swc-project/swc,c9058adb5bb7d6bbe354e6136685271f722354a0,c9058adb5b,feat(es/minifier): Fine grained effect analysis of class (#11814)  **Related issue:**  Closes #11730  ---------  Co-authored-by: DongYun Kang <kdy.1997.dev@gmail.com>,feature,JavaScript,Austaras,2026-05-06 18:46:02+09:00,18,2,0,0,452,285,29,0,30,112.4,0,clean,TypeScript,2024-2026,1.0,,1.58,0.0,3.75,0
payloadcms/payload,069dcb7d574889d206370213791a318b9cee5a31,069dcb7d57,fix(plugin-cloud-storage): preserve user-defined prefix.defaultValue (#16523)  If you defined your own `defaultValue` on the `prefix` field of an upload collection (e.g. `() => crypto.randomUUID()` fo,bugfix,TypeScript,Alessio Gravili,2026-05-06 21:53:36-06:00,21,2,0,0,752,44,10,3,3,5.0,1,keyword_strict,TypeScript,2024-2026,0.4,,16.71,0.27,0.45,20
payloadcms/payload,a307dd5a1fe5f6f25bccb5916dde2a00143482a3,a307dd5a1f,"fix(ui): bulk upload silently counts failed files as saved (#16528)  When a `beforeChange` hook throws an `APIError` during bulk upload, the file is rejected on the server but the UI still counts it a",bugfix,TypeScript,Alessio Gravili,2026-05-07 08:07:09-04:00,8,3,0,0,156,2,6,1,0,0.0,1,keyword_strict,TypeScript,2024-2026,0.4,,52.0,0.14,0.0,21
payloadcms/payload,e728dd01a6c113d10c42b45b982c35844d8b93fe,e728dd01a6,"feat(ui): update drag to use drag overlay (#16513)  Updates `array` and `block` fields to use the `dnd` drag overlay and improve UX.  Changes include the addition of a drag overlay preview, improved c",feature,TypeScript,Jessica Rynkar,2026-05-07 09:56:40-07:00,9,3,0,0,330,45,17,0,12,7.83,0,clean,TypeScript,2024-2026,1.0,,7.17,0.0,0.44,0
payloadcms/payload,77b36a5e8829aa467a21c311b14060689c5deb56,77b36a5e88,"perf(richtext-lexical): up to 3.6x cold start improvements when loading languages and features (#16508)  Two small, isolated init-time optimizations in `@payloadcms/richtext-lexical`. End-to-end `buil",bugfix,TypeScript,Paul,2026-05-07 11:05:05-06:00,11,3,0,0,24,16,2,0,3,8.33,1,keyword_strict,TypeScript,2024-2026,0.4,,1.41,0.0,2.78,0
payloadcms/payload,b303fca0cf7e6572a0151c72a4b7c6706259f592,b303fca0cf,test: resolve nested button hydration errors in v4 test suite (#16535)  ## Summary Fixes hydration errors in the v4 components gallery caused by invalid HTML nesting where `<button>` elements were nes,bugfix,Unknown,Patrik,2026-05-07 11:06:30-07:00,11,3,0,0,39,33,2,0,5,1.0,1,keyword_strict,TypeScript,2024-2026,0.4,,1.15,0.0,0.33,8
payloadcms/payload,24cea9007b02338fd4451d58da6730264fd6483b,24cea9007b,feat(richtext-lexical): update lexical icons to v4 design (#16533)  Update all icons within the `lexical` package to match v4 designs.  Remaining (awaiting updated design): - H3 through H6 - Blockquot,feature,Unknown,Jessica Rynkar,2026-05-07 14:13:57-07:00,14,3,0,0,734,420,47,0,75,1.4,0,clean,TypeScript,2024-2026,1.0,,1.74,0.0,0.03,0
payloadcms/payload,42068e2af255b222f8eecc669c540490977fcf6a,42068e2af2,fix(ui): misc field updates (#16493)  ## General  - [x] Error state red border should not be overridden by hover state border  ### Relationship  - [x] Create button 1px lower than input  (Only on `pol,bugfix,TypeScript,Patrik,2026-05-07 15:24:50+01:00,15,3,0,0,682,265,50,0,7,5.43,1,keyword_strict,TypeScript,2024-2026,0.4,,2.56,0.0,0.11,9
payloadcms/payload,d8d0ecff047bea15beb479b3d48935cb08a31de8,d8d0ecff04,feat!: add support for dynamic select api (#16520)  Replaces static `forceSelect` property in favor of a new `select` function.  This will allow for dynamically modifying the request's `select` in any,feature,TypeScript,Jake Fletcher,2026-05-07 16:05:48-04:00,16,3,0,0,971,469,35,2,32,8.06,0,clean,TypeScript,2024-2026,1.0,,2.07,0.06,0.22,0
payloadcms/payload,2d4671f1ab9cafc20ab355137d56fc7f346cb2f5,2d4671f1ab,test: add v4 components gallery (#16531),feature,TypeScript,Jarrod Flesch,2026-05-07 16:34:53+00:00,16,3,0,0,2056,28,37,0,54,1.63,0,clean,TypeScript,2024-2026,1.0,,70.9,0.0,0.04,20
payloadcms/payload,9fc219cb3f415984cdc001c5840158432e131b0b,9fc219cb3f,"feat!: consolidate admin.disabled field properties (#16504)  Consolidates all `admin.disabled*` field-level properties behind a single `admin.disabled` property, which now accepts an object.  This is ",feature,TypeScript,Jake Fletcher,2026-05-07 17:58:54-04:00,17,3,0,0,714,244,55,5,38,14.29,0,clean,TypeScript,2024-2026,1.0,,2.91,0.09,0.26,0
refinedev/refine,d9889ee24c719d34b8feaca5da2b42e8608a636d,d9889ee24c,feat(documentation): add llms.txt support via docusaurus-plugin-llms (#7399),feature,JavaScript,Alican Erdurmaz,2026-05-07 18:30:17+03:00,18,3,0,0,70,0,3,0,0,0.0,0,clean,TypeScript,2024-2026,1.0,,70.0,0.0,0.0,0
payloadcms/payload,655c34f1febc1da85545ffc83687e96702e05dd7,655c34f1fe,feat!: bump minimum supported Next.js version to 16.2.6 (#16537)  **BREAKING:** this bumps the minimum supported Next.js version to 16.2.6. Older versions of Next.js are no longer supported.  This PR ,feature,JavaScript,Alessio Gravili,2026-05-07 23:19:22+00:00,23,3,0,1,2830,2965,43,0,5,8.0,0,clean,TypeScript,2024-2026,1.0,,0.95,0.0,0.18,22
payloadcms/payload,df48946a3af8c7c605ddcaa57c0dd14694dfb210,df48946a3a,fix: bump uuid package to 14.0.0 (#16544)  Fixes https://github.com/payloadcms/payload/issues/16459  Bumps the uuid package from 11.1.0 to 14.0.0 to fix [GHSA-w5hq-g745-h8pq](https://github.com/uuidjs,bugfix,Unknown,Alessio Gravili,2026-05-08 04:37:21+00:00,4,4,0,1,48,48,13,0,0,0.0,1,keyword_strict,TypeScript,2024-2026,0.4,,0.98,0.0,0.0,22
payloadcms/payload,421aec25ddd8a852e65f7ad0e2d1f29994895c26,421aec25dd,feat!: remove croner sloppyRanges compatibility setting (#16546)  **BREAKING: removes the `sloppyRanges: true` setting that kept Croner v9 stepping syntax working after the v10 upgrade. Croner now enf,bugfix,TypeScript,Alessio Gravili,2026-05-08 05:10:24+00:00,5,4,0,1,1,8,3,0,3,5.33,1,keyword_strict,TypeScript,2024-2026,0.4,,0.11,0.0,1.33,23
payloadcms/payload,e1442e7c0411b84646409f9eeff1922ea66dc6a0,e1442e7c04,feat!: remove deprecated min/max from relationship and upload fields (#16547)  **BREAKING: removes the deprecated `min` and `max` properties from `relationship` and `upload` fields with `hasMany: true,feature,TypeScript,Alessio Gravili,2026-05-08 05:12:54+00:00,5,4,0,1,2,54,2,0,1,150.0,0,clean,TypeScript,2024-2026,1.0,,0.04,0.0,50.0,24
payloadcms/payload,87cfa51ee5d42eadd06f6aab88564c885e8ce744,87cfa51ee5,fix: correct icon source path in ui4 skill (#16553)  ## Summary - Fixed incorrect icon source path in the ui4 skill configuration  - Changed from `~/figma/figma/fpl/icons/src/icons/` to `~/figma/figma,bugfix,Unknown,Patrik,2026-05-08 08:37:10-07:00,8,4,0,0,1,1,1,0,0,0.0,1,keyword_strict,TypeScript,2024-2026,0.4,,0.5,0.0,0.0,10
payloadcms/payload,80dabd36d18fab9df02f65fe1a72a8758f62e68d,80dabd36d1,feat!: enable select api in the list view by default (#16471)  Requires https://github.com/payloadcms/payload/pull/16520.  Enables the Select API in the list view by default. Deprecates the experiment,bugfix,TypeScript,Jake Fletcher,2026-05-08 08:58:47-04:00,8,4,0,0,254,55,27,2,9,6.78,1,keyword_strict,TypeScript,2024-2026,0.4,,4.54,0.07,0.24,0
payloadcms/payload,e99c4460eec5a1963b51ab95f26b5bfdc129f46f,e99c4460ee,docs: adds videos to docs for v4 (#16555),feature,Unknown,Sean Zubrickas,2026-05-08 11:36:40-07:00,11,4,0,0,50,2,7,0,0,0.0,0,clean,TypeScript,2024-2026,1.0,,16.67,0.0,0.0,0
payloadcms/payload,81c0c4e2c4066099a15d30ae7c691adc06777a3f,81c0c4e2c4,"feat!: bump minimum supported node.js version to 24.15.0 (#16540)  **BREAKING:** this bumps the minimum supported Node.js version from 18.20.2 to 24.15.0.  Additionally, this updates all `@types/node ",feature,JavaScript,Alessio Gravili,2026-05-08 12:07:36-04:00,12,4,0,0,192,438,43,0,9,4.22,0,clean,TypeScript,2024-2026,1.0,,0.44,0.0,0.1,24
payloadcms/payload,e0e5174af1502f0a574d05654d6c11d06d08ef7c,e0e5174af1,feat(plugin-import-export): out of beta and added support for collection-level and field-level hooks (#16252)  ### Plugin out of beta  The import export plugin is now marked as stable and will be move,bugfix,TypeScript,Paul,2026-05-08 12:37:50-06:00,12,4,0,0,6508,827,42,11,106,6.73,1,keyword_strict,TypeScript,2024-2026,0.4,,7.86,0.26,0.16,1
payloadcms/payload,86720d7d1ef56b21e33ac31eb01d2aac0e1d72be,86720d7d1e,"feat!: remove deprecated title and setDocumentTitle from DocumentInfoContext (#16551)  As of https://github.com/payloadcms/payload/pull/12436, the document's title is maintained within its own standal",feature,TypeScript,Jake Fletcher,2026-05-08 14:36:24-04:00,14,4,0,0,393,66,15,1,23,2.61,0,clean,TypeScript,2024-2026,1.0,,5.87,0.06,0.16,1
payloadcms/payload,0d07f67267813f59fa92a3b5666bda9fc9b94798,0d07f67267,"chore(ui): update v4 components view with loading overlay and category titles (#16550)  Improves the v4 components test view:  - Add category section titles (Primitives, Patterns, Fields) - Add Loadin",bugfix,Unknown,Jarrod Flesch,2026-05-08 14:42:00+00:00,14,4,0,0,137,278,19,0,27,2.41,1,keyword_strict,TypeScript,2024-2026,0.4,,0.49,0.0,0.12,20
payloadcms/payload,c42ace4347e3e3f5b1c75b6b42e8a1d5b12e1eb8,c42ace4347,"feat(ui): add new high contrast toggle (#16541)  Adds an enhanced contrast mode preference to the admin panel, following the same pattern as the existing theme toggle.  What this does:  - Adds a `data",bugfix,TypeScript,Paul,2026-05-08 17:28:11-04:00,17,4,0,0,234,52,53,1,13,3.92,1,keyword_strict,TypeScript,2024-2026,0.4,,4.42,0.02,0.07,2
